
10/04/2026, 11:48:18
Config file: config/config_sign_0_diags_1.ini
Data:
	1d_laplace_size: 45
	amount: 250
	params: 1 0.3
	seed: 0
	dim: 2025
Solver:
	tol: 1e-10
	max_iteration: None
Learn:
	iteration_count: 200
	step_range: 0.1
	method: sign
	seed: 0
	change_scales: 1 0.5 0.25
	allow_disimprovement: True
	median_best_scale: 0.5
	mean_best_scale: 0.5
Precondition:
	par_list: 1 1
	diag_list: 1 -1
	num_coef: 2
	type: diag_shift
	diag: jacobi

Train:
(0, 1): Mean: 3003.624, median: 2541.0, std: 1967.491, percent: 2897.98, B: 250, W: 0, 
	(4256, 1742, 2167, 16160, 4625, 2733, 1734, 2764, 1448, 3071, 2398, 2246, 1475, 3431, 4044, 1403, 4859, 5200, 3656, 3709, 2073, 1299, 2720, 1552, 2381, 2655, 1389, 2976, 2561, 2427, 5827, 3203, 4621, 1634, 1434, 2925, 1784, 2401, 3206, 2651, 1566, 3268, 1963, 2937, 1897, 3746, 1690, 1391, 9145, 2115, 1148, 2179, 1732, 473, 2268, 6269, 892, 1087, 5443, 4862, 3680, 3806, 4345, 2767, 3065, 7502, 2313, 1041, 765, 3911, 1312, 5356, 3744, 2265, 2696, 3052, 1998, 1277, 2848, 1669, 1864, 1335, 5044, 1590, 1655, 2223, 1738, 973, 1698, 1981, 1829, 1182, 2623, 2742, 8152, 3212, 1307, 1381, 2542, 1225, 3369, 4916, 2023, 3702, 3300, 2101, 980, 559, 2398, 4286, 3877, 1652, 2883, 1456, 1513, 2175, 2523, 2432, 1586, 3220, 6042, 2366, 2285, 901, 3807, 2095, 2578, 1911, 1516, 2820, 1735, 3695, 2170, 9763, 2820, 2065, 5450, 2577, 3482, 2418, 3220, 6902, 3707, 2228, 2664, 3048, 6700, 2347, 4312, 4301, 1770, 4695, 2486, 2540, 1741, 1028, 5612, 3550, 11159, 2594, 4279, 2685, 2296, 2055, 1232, 3857, 2520, 2440, 2305, 3829, 788, 3547, 818, 1225, 2259, 2088, 2047, 1880, 1538, 5486, 4509, 2143, 2083, 2710, 3690, 1438, 1161, 13105, 2359, 3708, 2559, 2217, 1412, 3479, 3443, 2571, 5414, 1739, 4503, 3576, 2177, 7957, 1671, 2019, 3310, 1191, 3368, 4264, 2984, 409, 3753, 2908, 3149, 1499, 2102, 934, 3828, 2899, 1515, 3995, 2636, 5027, 4421, 1795, 3449, 2110, 7612, 2020, 3530, 3040, 1834, 8630, 3290, 1985, 6633, 2211, 1753, 1638, 2430, 1522, 1370, 2857, 3350, 1581, 6622, 3092, 4554, 4023, 2644, 3652)
(1, 2): Mean: 2033.976, median: 1741.0, std: 1310.315, percent: 1988.64, B: 249, W: 0, 
	(2544, 1096, 1491, 10267, 2971, 1751, 989, 1731, 830, 2056, 1347, 1647, 945, 1842, 3196, 1076, 3350, 3494, 1887, 3106, 1446, 871, 2054, 1050, 1862, 1605, 903, 1929, 1543, 1579, 3554, 2158, 3825, 1069, 980, 2270, 1393, 1849, 1999, 1965, 950, 2296, 1280, 2160, 962, 2603, 1245, 1034, 5765, 1695, 749, 1706, 1303, 288, 1529, 5363, 596, 715, 3610, 2419, 2006, 3562, 2298, 1891, 2396, 4454, 1833, 903, 528, 2325, 1020, 3514, 2693, 1925, 1475, 1898, 1194, 928, 1814, 1090, 1299, 911, 2676, 1022, 1370, 1271, 1174, 662, 1257, 1170, 1176, 742, 2415, 1871, 4959, 2864, 1018, 954, 1526, 780, 1939, 3420, 1055, 2709, 2192, 1546, 809, 335, 1615, 3005, 2518, 1055, 1897, 1127, 1045, 1209, 1677, 1634, 855, 2208, 3490, 1502, 2285, 637, 2015, 1451, 2188, 1339, 1184, 1894, 1084, 2193, 1420, 4940, 1795, 1312, 3508, 1650, 2248, 1839, 2099, 5169, 1786, 1254, 2219, 1874, 3764, 1785, 2952, 2482, 1399, 2897, 1559, 1773, 1303, 633, 3196, 2447, 7702, 1821, 3673, 1887, 1553, 1422, 864, 2264, 2131, 1598, 1843, 2762, 630, 2784, 684, 709, 1853, 1220, 1578, 1166, 899, 4013, 3048, 1588, 1674, 1616, 2516, 828, 795, 7825, 1766, 2680, 1962, 1424, 648, 3087, 2219, 1947, 3425, 1298, 2444, 2206, 1351, 4451, 1390, 1244, 2150, 842, 2878, 2930, 1412, 347, 2304, 1878, 1707, 986, 1519, 524, 3097, 1890, 1076, 3235, 1575, 2988, 3111, 1348, 2482, 1675, 4887, 1528, 2816, 2074, 1248, 8480, 2659, 1596, 5746, 1691, 1515, 1148, 1706, 1203, 1024, 1714, 2663, 1103, 4193, 1820, 2962, 2713, 1719, 2777)
(2, 4): Mean: 1838.952, median: 1605.5, std: 1144.121, percent: 1753.34, B: 202, W: 47, 
	(2193, 1002, 1383, 6516, 2768, 1567, 817, 1442, 865, 1740, 1340, 1606, 985, 1698, 2985, 959, 3415, 3345, 1755, 2368, 1318, 746, 1595, 978, 1793, 1357, 857, 1610, 1565, 1438, 2955, 1878, 2839, 1087, 798, 1844, 1312, 1614, 1793, 1744, 870, 1968, 1268, 1722, 1060, 2117, 1129, 881, 6804, 1746, 692, 1505, 1035, 316, 1392, 4932, 555, 569, 2731, 2104, 1918, 3822, 2229, 1678, 2060, 4100, 1605, 851, 483, 2062, 1042, 2782, 1978, 1679, 1339, 1750, 990, 895, 1633, 962, 1208, 775, 2521, 977, 1155, 1226, 966, 560, 1132, 1137, 1205, 634, 1994, 1653, 3852, 2947, 850, 923, 1597, 579, 1653, 3175, 1051, 1938, 1734, 1364, 713, 413, 1408, 3179, 2117, 1037, 1657, 982, 890, 1295, 1520, 1514, 805, 2004, 3249, 1610, 1856, 604, 1878, 1240, 1875, 1253, 1009, 1814, 1106, 1981, 1250, 4823, 1990, 1124, 3360, 1388, 2142, 2038, 2146, 4969, 1994, 1260, 1990, 2037, 3053, 1471, 2469, 1985, 1195, 3097, 1653, 1704, 1145, 633, 4093, 2163, 7735, 1601, 2675, 1775, 1350, 1512, 732, 2482, 2066, 1573, 1256, 2352, 523, 2372, 526, 522, 1795, 1258, 1432, 1177, 866, 3024, 2921, 1638, 1669, 1612, 2367, 790, 781, 5353, 1388, 2312, 1509, 1256, 631, 2349, 2154, 1740, 3565, 1134, 2794, 2214, 1441, 3541, 1424, 1245, 2021, 831, 2242, 2721, 1510, 310, 2001, 1908, 1413, 1073, 1297, 376, 2508, 1728, 1110, 2374, 1463, 3209, 2514, 1175, 2361, 1479, 4807, 1348, 2067, 1824, 1110, 7519, 2654, 1360, 5573, 1521, 1402, 1118, 1696, 1019, 948, 1581, 2423, 1029, 4226, 1830, 2648, 2445, 1420, 2003)
(3, 6): Mean: 1838.448, median: 1573.5, std: 1137.785, percent: 1759.5, B: 129, W: 120, 
	(2437, 924, 1357, 7636, 2827, 1757, 847, 1471, 788, 1950, 1385, 1583, 916, 2152, 2892, 1067, 3082, 3566, 1738, 2464, 1400, 795, 1637, 962, 1652, 1522, 831, 1657, 1629, 1231, 3107, 2645, 2775, 995, 749, 1847, 1315, 1570, 2028, 1445, 810, 2022, 1201, 1995, 891, 2331, 1131, 872, 5746, 1650, 646, 1498, 1118, 308, 1183, 4678, 528, 511, 3857, 1986, 1763, 3572, 2372, 1517, 2238, 3899, 1780, 901, 388, 2135, 1016, 3171, 1987, 1515, 1405, 1645, 920, 878, 1458, 1006, 1095, 890, 2325, 971, 1314, 1244, 890, 588, 1070, 1217, 1145, 635, 2150, 1670, 3680, 2774, 833, 995, 1816, 747, 1556, 3541, 1233, 2102, 1888, 1413, 701, 331, 1443, 2495, 2316, 916, 1877, 963, 925, 1260, 1480, 1596, 844, 1853, 3662, 1365, 1739, 599, 1840, 1275, 1963, 1281, 929, 1620, 986, 1875, 1326, 4199, 1780, 1249, 3334, 1432, 2500, 1648, 2085, 5451, 1810, 1180, 2059, 1889, 3578, 1853, 2595, 2073, 1280, 3048, 1812, 1664, 1153, 631, 3379, 2555, 6896, 1577, 2970, 1652, 1500, 1470, 776, 2273, 2108, 1544, 1335, 2240, 547, 2360, 617, 594, 1541, 1101, 1553, 1103, 833, 2966, 3127, 1340, 1386, 1423, 2430, 809, 794, 6353, 1671, 2325, 1568, 1426, 613, 1979, 1996, 1858, 2895, 1179, 2649, 1980, 1286, 4433, 1404, 1088, 1877, 794, 2103, 2721, 1263, 287, 2090, 1997, 1631, 1082, 1448, 405, 2223, 1703, 866, 2252, 1396, 3329, 2363, 1230, 2468, 1427, 4319, 1393, 2032, 1855, 1215, 7142, 2717, 1522, 5385, 1493, 1414, 1038, 1611, 1155, 893, 1644, 2028, 956, 3830, 2015, 2369, 2690, 1536, 2199)
(4, 11): Mean: 1795.336, median: 1545.0, std: 1099.196, percent: 1684.14, B: 143, W: 105, 
	(2438, 983, 1273, 8685, 2465, 1534, 804, 1416, 815, 1869, 1389, 1713, 997, 1926, 2758, 869, 2773, 3156, 1741, 2152, 1177, 751, 1923, 931, 1688, 1622, 837, 1919, 1473, 1385, 3963, 2424, 2650, 1146, 859, 1793, 1279, 1491, 1914, 1479, 873, 1881, 1234, 1594, 877, 2351, 1120, 894, 4793, 1622, 704, 1392, 927, 333, 1341, 3848, 560, 612, 2911, 2061, 1800, 3515, 2436, 1556, 2385, 3933, 1596, 895, 554, 2080, 924, 2599, 2259, 1426, 1220, 1679, 1033, 832, 1420, 861, 1185, 819, 2386, 977, 1232, 1220, 861, 480, 1114, 1176, 1135, 684, 2184, 1743, 3856, 2300, 859, 912, 1527, 732, 1681, 3510, 1060, 2296, 1817, 1280, 695, 305, 1340, 2984, 2088, 830, 1882, 943, 877, 1296, 1435, 1489, 883, 1825, 3622, 1464, 1618, 610, 1663, 1392, 1949, 1292, 938, 1705, 945, 1939, 1234, 4928, 1616, 1141, 3715, 1350, 2135, 1648, 1842, 4610, 2097, 1163, 2043, 2131, 3328, 1500, 2681, 2082, 1201, 2727, 1435, 1649, 1106, 625, 3393, 2410, 6885, 1733, 2415, 1815, 1188, 1325, 776, 1898, 1924, 1430, 1571, 2739, 496, 2180, 593, 554, 1570, 1273, 1608, 1098, 831, 2572, 2534, 1461, 1387, 1442, 2443, 779, 742, 4895, 1685, 2276, 1474, 1340, 640, 2278, 2037, 1605, 2869, 1124, 2627, 2088, 1257, 3962, 1335, 1169, 1815, 831, 2170, 2434, 1389, 317, 2064, 1991, 1571, 992, 1263, 487, 2199, 1886, 953, 2721, 1418, 3033, 2410, 1097, 2333, 1377, 4799, 1270, 2381, 1909, 1060, 6807, 3058, 1445, 4624, 1345, 1417, 1121, 1561, 1175, 858, 1463, 1942, 1023, 3942, 1704, 2607, 2612, 1599, 2222)
(5, 17): Mean: 1757.592, median: 1485.5, std: 1095.801, percent: 1675.36, B: 146, W: 104, 
	(2096, 1032, 1328, 8549, 2144, 1443, 868, 1380, 718, 2078, 1324, 1364, 948, 1816, 2641, 896, 3217, 2879, 1453, 2323, 1143, 748, 1625, 924, 1684, 1405, 860, 1782, 1547, 1342, 3273, 2520, 2895, 1008, 812, 1897, 1206, 1727, 1809, 1452, 767, 2198, 1283, 1679, 883, 2418, 1144, 845, 4462, 1663, 705, 1431, 984, 328, 1262, 4194, 459, 580, 3069, 2133, 1790, 3028, 2251, 1612, 2009, 4150, 1779, 795, 431, 1948, 1027, 2660, 1731, 1456, 1291, 1640, 930, 799, 1481, 934, 974, 790, 2262, 1003, 1238, 1025, 793, 598, 1104, 1211, 1006, 589, 2052, 1453, 3463, 2482, 854, 920, 1492, 641, 1591, 3491, 1095, 2555, 1808, 1202, 639, 342, 1386, 2677, 2261, 971, 1755, 920, 871, 1245, 1548, 1261, 837, 1802, 3572, 1385, 1625, 702, 1745, 1410, 1761, 1197, 936, 1729, 1089, 1940, 1097, 5536, 1637, 1165, 3600, 1347, 1878, 1593, 1919, 4059, 1777, 1082, 1883, 1949, 2526, 1453, 2396, 1979, 1306, 3131, 1455, 1695, 1107, 627, 3256, 2181, 6784, 1333, 2593, 1721, 1494, 1327, 765, 2131, 2053, 1342, 1366, 2312, 507, 2351, 619, 559, 1447, 1217, 1612, 1151, 727, 2536, 2517, 1484, 1484, 1447, 1905, 817, 691, 5851, 1487, 2221, 1377, 1252, 676, 2219, 1803, 1565, 3105, 1090, 2309, 2071, 1216, 3904, 1381, 1126, 1826, 757, 2204, 2847, 1526, 319, 2011, 1940, 1521, 1045, 1226, 382, 2505, 1869, 898, 2427, 1470, 3011, 2404, 1113, 2452, 1459, 4295, 1333, 2079, 1778, 1065, 6439, 2562, 1336, 5753, 1333, 1326, 1147, 1621, 1103, 878, 1690, 2068, 846, 3404, 1606, 2186, 2294, 1552, 2230)
(8, 32): Mean: 1740.896, median: 1510.5, std: 1075.164, percent: 1633.98, B: 130, W: 120, 
	(2274, 950, 1412, 8860, 2191, 1503, 816, 1210, 786, 1773, 1245, 1449, 876, 1650, 2592, 925, 2945, 3008, 1702, 2497, 1377, 857, 1596, 943, 1641, 1458, 879, 1760, 1378, 1378, 3394, 1734, 2713, 997, 814, 1898, 1237, 1501, 1790, 1563, 844, 2345, 1278, 1623, 757, 2355, 1148, 819, 6202, 1505, 685, 1406, 1005, 295, 1300, 3250, 528, 551, 2666, 2001, 1671, 3745, 2313, 1560, 1781, 3838, 1669, 811, 455, 1990, 1000, 2404, 1584, 1393, 1326, 1565, 1086, 834, 1326, 998, 1045, 894, 1973, 956, 1160, 1097, 949, 535, 1074, 1282, 1077, 592, 1895, 1633, 4003, 2143, 890, 911, 1683, 621, 1594, 3629, 1140, 1999, 1820, 1185, 585, 391, 1578, 2454, 2216, 960, 1757, 830, 859, 1248, 1315, 1343, 868, 1636, 3049, 1342, 1654, 588, 1796, 1311, 1846, 1242, 864, 1896, 932, 2010, 1177, 5341, 1561, 1256, 3087, 1371, 2288, 1733, 1722, 5266, 1898, 1162, 1793, 1800, 3258, 1424, 2529, 1976, 1231, 3268, 1491, 1636, 1086, 604, 3309, 2044, 6352, 1418, 2369, 1679, 1508, 1479, 775, 1877, 2038, 1424, 1535, 2609, 542, 2112, 590, 580, 1594, 1323, 1430, 1229, 788, 2468, 2605, 1465, 1295, 1548, 2350, 780, 751, 4852, 1585, 2114, 1775, 1162, 609, 2201, 2105, 1786, 2542, 1072, 2313, 1978, 1475, 3680, 1338, 1089, 1577, 812, 1927, 2578, 1365, 294, 1739, 1861, 1621, 1141, 1241, 455, 2597, 1777, 941, 1982, 1382, 3434, 2241, 1111, 2341, 1322, 4163, 1359, 1897, 1994, 1005, 5818, 2533, 1346, 4364, 1341, 1354, 1044, 1509, 1118, 854, 1790, 2143, 981, 3476, 1564, 2007, 2984, 1512, 1995)
(9, 33): Mean: 1746.928, median: 1504.5, std: 1042.573, percent: 1671.52, B: 126, W: 123, 
	(2460, 956, 1227, 8098, 2309, 1432, 772, 1509, 816, 2013, 1205, 1594, 955, 1848, 2631, 876, 2913, 3208, 1466, 2218, 1383, 806, 1755, 913, 1555, 1434, 812, 1625, 1455, 1409, 3043, 2365, 3112, 969, 839, 1806, 1251, 1750, 1818, 1606, 821, 1873, 1325, 1581, 973, 2308, 1077, 876, 4752, 1683, 696, 1305, 1017, 285, 1319, 3559, 497, 567, 3068, 1956, 1657, 3863, 2448, 1555, 1727, 4170, 1500, 898, 453, 1790, 1094, 2855, 1818, 1556, 1215, 1780, 938, 879, 1491, 989, 1062, 823, 2311, 1005, 1263, 1326, 834, 495, 1143, 1206, 1080, 649, 1810, 1469, 3489, 2446, 861, 1027, 1754, 722, 1538, 4460, 1082, 1815, 1868, 1215, 651, 443, 1402, 2440, 2201, 921, 1786, 848, 890, 1208, 1388, 1308, 820, 1911, 3000, 1522, 1757, 574, 1729, 1243, 1831, 1264, 920, 1604, 993, 1957, 1157, 4762, 1524, 1188, 3145, 1332, 2153, 1783, 1996, 4191, 1596, 1245, 1989, 1571, 2728, 1690, 2546, 2081, 1269, 2902, 1409, 1614, 1182, 573, 3511, 2527, 6356, 1409, 2657, 1712, 1274, 1400, 717, 2032, 2012, 1408, 1474, 2969, 467, 2361, 598, 635, 1444, 1185, 1482, 1068, 735, 2326, 2521, 1373, 1399, 1397, 2172, 780, 827, 5634, 1683, 2606, 1419, 1377, 623, 1913, 1826, 1745, 2613, 1049, 2331, 2127, 1459, 4206, 1339, 1288, 1994, 738, 2272, 2558, 1579, 260, 1693, 1880, 1525, 960, 1223, 548, 2344, 1717, 870, 2315, 1455, 3207, 2356, 1181, 2280, 1407, 4956, 1249, 2277, 1786, 1004, 5325, 2610, 1247, 4269, 1223, 1378, 1038, 1404, 1104, 795, 1605, 2113, 1033, 3336, 1726, 2084, 2411, 1519, 1996)
(10, 36): Mean: 1737.292, median: 1484.5, std: 1026.631, percent: 1664.44, B: 132, W: 117, 
	(2242, 955, 1293, 7272, 2105, 1466, 814, 1357, 750, 1846, 1380, 1467, 892, 1674, 2531, 1017, 2972, 2780, 1472, 2137, 1423, 762, 1601, 1016, 1478, 1378, 841, 1889, 1543, 1468, 3103, 2309, 2938, 935, 860, 1686, 1102, 1337, 1880, 1576, 845, 2097, 1195, 1892, 948, 2113, 1103, 875, 4938, 1582, 728, 1311, 985, 321, 1449, 4585, 546, 561, 3031, 2006, 1624, 4002, 2539, 1629, 1795, 3827, 1478, 916, 505, 1821, 1066, 2529, 1828, 1480, 1238, 1522, 920, 807, 1663, 1048, 1121, 790, 2334, 945, 1289, 1064, 785, 471, 1097, 1152, 1073, 644, 1854, 1465, 4661, 2629, 816, 910, 1489, 643, 1567, 3123, 1109, 2240, 1808, 1192, 624, 368, 1265, 2560, 2414, 972, 1755, 866, 842, 1422, 1525, 1381, 805, 1987, 3012, 1336, 1556, 768, 1715, 1243, 1818, 1216, 902, 1684, 1040, 1844, 1128, 4796, 1796, 1217, 3194, 1341, 2278, 1817, 1821, 4142, 1834, 1152, 1883, 1783, 3384, 1494, 2337, 1977, 1326, 2654, 1377, 1345, 1001, 597, 3277, 2070, 5535, 1420, 2465, 1512, 1268, 1395, 799, 2398, 1934, 1368, 1361, 2619, 538, 2277, 593, 610, 1593, 1290, 1530, 1106, 745, 2406, 2658, 1219, 1236, 1511, 2107, 811, 723, 5270, 1675, 2409, 1732, 1352, 636, 3043, 1840, 1664, 2861, 1106, 2452, 1910, 1080, 3718, 1315, 1078, 1797, 735, 2403, 2424, 1452, 268, 1751, 1784, 1531, 1013, 1248, 458, 2541, 1590, 834, 2403, 1338, 3032, 2410, 1041, 2323, 1432, 4780, 1412, 2170, 1858, 1124, 6120, 2386, 1365, 4501, 1375, 1297, 1055, 1635, 1009, 827, 1595, 1931, 970, 3585, 1595, 2211, 2712, 1497, 2230)
(11, 41): Mean: 1726.548, median: 1506.5, std: 1024.497, percent: 1626.26, B: 131, W: 118, 
	(2190, 1054, 1326, 7007, 1994, 1447, 789, 1269, 716, 1638, 1259, 1509, 932, 1837, 2754, 1037, 3042, 3085, 1589, 2186, 1283, 707, 1649, 974, 1501, 1635, 795, 1609, 1475, 1254, 3045, 2101, 2870, 1016, 772, 1899, 1140, 1559, 2137, 1519, 782, 2002, 1230, 1735, 845, 2066, 1137, 791, 5773, 1602, 650, 1336, 978, 336, 1261, 4146, 506, 585, 2477, 1723, 1751, 3347, 2366, 1537, 2021, 3100, 1586, 853, 453, 1896, 977, 2659, 1740, 1433, 1303, 1734, 876, 864, 1452, 967, 1087, 855, 2219, 978, 1203, 1163, 852, 522, 1102, 1328, 1154, 740, 1826, 1578, 4202, 2326, 883, 933, 1588, 634, 1749, 3326, 1075, 1973, 1720, 1413, 683, 322, 1237, 2669, 2330, 903, 1884, 852, 831, 1324, 1459, 1448, 817, 1846, 2888, 1398, 1697, 627, 1586, 1335, 1812, 1216, 1091, 1615, 980, 1897, 1240, 4454, 1601, 1181, 3036, 1393, 1993, 1658, 1604, 4514, 1972, 1080, 1817, 1623, 3141, 1496, 2335, 2193, 1278, 3171, 1406, 1504, 1251, 571, 2983, 2208, 6661, 1560, 2591, 1738, 1450, 1322, 813, 2485, 2170, 1316, 1646, 2190, 575, 1994, 588, 604, 1579, 1203, 1495, 1039, 879, 2392, 2259, 1372, 1321, 1527, 2189, 775, 725, 6065, 1605, 2520, 1390, 1359, 648, 2016, 1875, 1726, 3316, 1061, 2129, 2226, 1282, 3884, 1266, 1165, 1747, 797, 2091, 2627, 1396, 295, 1824, 1711, 1537, 900, 1161, 613, 2160, 1538, 946, 2713, 1389, 2984, 2447, 1125, 2111, 1427, 4348, 1324, 1897, 2064, 1048, 5886, 2407, 1295, 4146, 1422, 1232, 1164, 1443, 1099, 859, 1647, 2121, 968, 3494, 1535, 2338, 2539, 1412, 2064)
(14, 59): Mean: 1720.28, median: 1512.5, std: 1052.798, percent: 1656.38, B: 144, W: 105, 
	(2148, 943, 1202, 8632, 1928, 1543, 784, 1352, 725, 1791, 1227, 1368, 942, 1634, 2535, 872, 2981, 2636, 1381, 2488, 1264, 691, 1716, 844, 1525, 1535, 751, 1682, 1557, 1341, 2693, 2292, 2748, 915, 932, 1742, 1162, 1548, 1730, 1466, 824, 2220, 1364, 1688, 1131, 2466, 1208, 841, 5317, 1775, 689, 1467, 962, 280, 1259, 3770, 500, 691, 2833, 1788, 1619, 3511, 2250, 1589, 1754, 4145, 1581, 814, 449, 1958, 971, 2642, 1967, 1304, 1164, 1606, 945, 886, 1593, 1013, 1106, 774, 2303, 907, 1253, 1062, 808, 476, 1087, 1141, 1065, 636, 1989, 1548, 4022, 2577, 922, 893, 1884, 596, 1689, 3952, 1083, 2391, 1700, 1211, 669, 343, 1374, 2491, 2052, 857, 1865, 916, 844, 1052, 1395, 1623, 796, 1765, 2835, 1341, 1512, 646, 1771, 1265, 1961, 1250, 959, 1504, 1037, 1622, 1209, 5271, 1584, 1347, 3158, 1281, 1953, 1513, 1880, 4113, 1657, 1161, 1817, 1822, 2852, 1473, 2605, 2032, 1299, 2806, 1540, 1575, 1007, 563, 3487, 2388, 6742, 1437, 2349, 1742, 1291, 1396, 768, 1776, 1903, 1369, 1546, 2267, 550, 1891, 583, 583, 1529, 1261, 1416, 1030, 688, 2747, 2657, 1333, 1394, 1418, 2281, 770, 739, 4330, 1481, 2019, 1746, 1107, 628, 2300, 1806, 1449, 2496, 1016, 2138, 2020, 1350, 4916, 1263, 1137, 1893, 756, 2404, 2469, 1288, 279, 2005, 2076, 1536, 1012, 1154, 566, 2100, 1622, 941, 2267, 1309, 2917, 2572, 1119, 2232, 1407, 4454, 1220, 2105, 2046, 1120, 5713, 2429, 1364, 3875, 1263, 1261, 1067, 1439, 1039, 879, 1736, 1826, 1033, 3364, 1789, 2195, 2103, 1665, 2210)
(16, 69): Mean: 1723.408, median: 1513.0, std: 1021.077, percent: 1680.8, B: 125, W: 123, 
	(2568, 896, 1297, 7443, 2193, 1480, 807, 1200, 777, 1762, 1184, 1425, 936, 1597, 2864, 799, 2489, 2612, 1607, 2476, 1204, 766, 1728, 914, 1732, 1405, 775, 1797, 1330, 1451, 2999, 2155, 2749, 1014, 828, 1700, 1226, 1687, 1765, 1512, 821, 2192, 1163, 1600, 995, 2165, 1172, 826, 4553, 1703, 688, 1386, 1039, 288, 1274, 4385, 564, 813, 2464, 1926, 1533, 3362, 2326, 1725, 1964, 3614, 1793, 836, 501, 1781, 953, 2619, 1751, 1543, 1364, 1546, 1062, 757, 1468, 960, 1011, 910, 2384, 902, 1253, 1218, 922, 608, 1115, 1288, 1099, 703, 1795, 1642, 3651, 2641, 844, 877, 1663, 704, 1549, 3714, 1156, 2208, 1621, 1301, 638, 312, 1291, 2800, 1973, 915, 1733, 776, 894, 991, 1416, 1586, 818, 1821, 2868, 1326, 1541, 567, 1666, 1386, 1914, 1161, 948, 1927, 911, 1866, 1173, 4657, 1490, 1206, 3835, 1371, 2164, 1613, 1858, 5083, 1662, 1209, 1783, 1746, 2962, 1438, 2408, 2174, 1275, 2861, 1567, 1514, 1109, 563, 2975, 2203, 6987, 1396, 2569, 1571, 1559, 1326, 756, 2101, 1920, 1455, 1414, 2588, 564, 2179, 571, 565, 1587, 1217, 1493, 979, 766, 2669, 2631, 1156, 1245, 1528, 2365, 757, 653, 4583, 1780, 2554, 1613, 1201, 665, 2212, 1852, 1484, 2730, 1026, 2296, 2004, 1200, 4419, 1272, 1213, 1729, 722, 2114, 2303, 1427, 318, 1829, 2149, 1628, 961, 1191, 426, 2347, 1703, 827, 2699, 1386, 3245, 2333, 1100, 2109, 1367, 4166, 1383, 2097, 1903, 1149, 5864, 2603, 1301, 4097, 1381, 1259, 1151, 1440, 1084, 808, 1527, 2007, 999, 3020, 1752, 1901, 2360, 1416, 2253)
(19, 82): Mean: 1732.476, median: 1467.5, std: 1044.683, percent: 1682.04, B: 125, W: 124, 
	(2207, 995, 1230, 7718, 2329, 1531, 811, 1418, 776, 1866, 1443, 1433, 953, 1580, 2582, 882, 2936, 2996, 1655, 2225, 1161, 712, 1678, 886, 1544, 1446, 758, 1561, 1386, 1323, 3134, 1925, 2887, 964, 784, 1870, 1170, 1461, 1799, 1560, 820, 2064, 1240, 1554, 1038, 2307, 1084, 832, 5109, 1528, 699, 1370, 939, 279, 1242, 4338, 490, 609, 3140, 2258, 1521, 3440, 2181, 1599, 1987, 3835, 1606, 850, 421, 1957, 1018, 2642, 1625, 1412, 1232, 1746, 1010, 879, 1587, 928, 987, 870, 2283, 994, 1221, 1179, 970, 529, 1190, 1123, 1085, 701, 1904, 1590, 3678, 2480, 862, 927, 1435, 676, 1414, 3547, 1080, 1881, 1834, 1173, 633, 319, 1406, 2677, 2464, 862, 1769, 943, 870, 1260, 1519, 1406, 890, 1781, 3125, 1295, 1641, 678, 1765, 1191, 1680, 1200, 931, 1947, 975, 1962, 1181, 5236, 1612, 1320, 3123, 1331, 2160, 1607, 1718, 4118, 2029, 1189, 1744, 1835, 2768, 1415, 2255, 1992, 1148, 2828, 1355, 1610, 1095, 635, 3434, 2149, 6862, 1499, 2324, 1456, 1439, 1392, 818, 2272, 2198, 1405, 1621, 2685, 462, 2227, 562, 573, 1489, 1243, 1460, 1141, 790, 2278, 3042, 1266, 1274, 1347, 2232, 822, 730, 5320, 1732, 2250, 1465, 1450, 609, 2361, 1994, 1658, 2693, 1030, 2524, 1877, 1270, 3551, 1217, 1251, 1829, 807, 1956, 2470, 1500, 318, 1945, 1862, 1470, 981, 1170, 381, 2516, 1692, 885, 2282, 1399, 3343, 2185, 1070, 2501, 1422, 4771, 1340, 1934, 1795, 1039, 5944, 2460, 1281, 4429, 1422, 1315, 1099, 1392, 1147, 906, 1589, 1962, 1038, 3068, 1691, 2211, 2688, 1500, 2273)
(25, 118): Mean: 1737.824, median: 1529.0, std: 1063.841, percent: 1634.84, B: 128, W: 122, 
	(2491, 983, 1279, 8081, 2223, 1575, 761, 1390, 923, 1731, 1296, 1417, 885, 1706, 2290, 960, 3297, 3256, 1550, 2580, 1148, 709, 1824, 972, 1563, 1386, 816, 1852, 1377, 1345, 3061, 1972, 2677, 920, 896, 1734, 1174, 1715, 1755, 1708, 782, 2427, 1252, 1610, 845, 2350, 1099, 859, 5158, 1928, 678, 1473, 911, 332, 1383, 4571, 562, 626, 2977, 1815, 1611, 3029, 2332, 1611, 1921, 4304, 1698, 875, 515, 1784, 964, 2670, 1852, 1613, 1194, 1629, 1072, 881, 1553, 915, 1107, 807, 2304, 967, 1162, 1166, 870, 478, 1103, 1124, 1088, 619, 1936, 1552, 3653, 2376, 880, 870, 1733, 638, 1557, 3408, 1150, 2147, 1682, 1316, 725, 308, 1390, 2353, 2166, 820, 1968, 892, 860, 1198, 1329, 1498, 750, 1661, 3800, 1400, 1703, 627, 1638, 1361, 1902, 1107, 957, 1729, 1011, 1907, 1252, 4699, 1601, 1222, 2721, 1422, 2060, 1572, 1700, 4664, 1739, 1368, 1790, 1751, 2569, 1403, 2466, 2359, 1329, 3087, 1219, 1545, 1157, 593, 3562, 2160, 6949, 1513, 2550, 1586, 1341, 1330, 776, 2241, 1785, 1445, 1404, 2374, 590, 2040, 610, 580, 1586, 1188, 1392, 1017, 831, 2467, 2233, 1323, 1273, 1392, 1953, 799, 775, 5664, 1564, 2320, 1550, 1115, 660, 2468, 1780, 1593, 2666, 1139, 2338, 1854, 1292, 4297, 1282, 1073, 1912, 794, 1921, 2365, 1444, 297, 1842, 1731, 1452, 1033, 1183, 450, 2239, 1606, 953, 2224, 1438, 3177, 2653, 1106, 2398, 1357, 5584, 1448, 2056, 2199, 1160, 4907, 2240, 1356, 4597, 1341, 1279, 1087, 1470, 1041, 940, 1786, 1869, 938, 3064, 1672, 2014, 2486, 1511, 2136)
(27, 125): Mean: 1745.164, median: 1531.5, std: 1078.914, percent: 1653.52, B: 135, W: 114, 
	(2437, 999, 1236, 8291, 2280, 1536, 851, 1282, 686, 1601, 1441, 1365, 949, 1655, 2256, 934, 3062, 2836, 1541, 2393, 1181, 702, 1686, 1007, 1436, 1549, 788, 1832, 1441, 1456, 3126, 2077, 2627, 951, 760, 1614, 1104, 1562, 1848, 1588, 831, 1802, 1248, 1491, 932, 2261, 1109, 869, 5289, 1872, 714, 1315, 968, 291, 1272, 3970, 493, 606, 2738, 1959, 1773, 3769, 2162, 1500, 1904, 3787, 1644, 858, 471, 2083, 979, 2728, 1807, 1527, 1235, 1574, 947, 788, 1662, 1019, 1141, 817, 2146, 1084, 1312, 1357, 838, 574, 1160, 1191, 1118, 654, 1926, 1653, 3913, 2484, 931, 935, 1586, 678, 1603, 3997, 1103, 2377, 1781, 1191, 657, 300, 1512, 2820, 2044, 937, 1838, 850, 854, 1188, 1590, 1274, 778, 1918, 3156, 1495, 1640, 595, 1726, 1267, 1691, 1323, 1007, 1688, 1108, 1843, 1110, 5365, 1579, 1102, 3689, 1484, 1923, 1729, 1826, 4103, 1954, 1056, 1633, 1873, 3214, 1520, 2626, 1996, 1182, 2669, 1435, 1425, 1156, 612, 3224, 1931, 6328, 1448, 2681, 1722, 1326, 1296, 755, 2037, 2133, 1383, 1571, 2582, 557, 1969, 543, 608, 1475, 1181, 1434, 1197, 809, 2599, 2558, 1230, 1344, 1529, 2373, 778, 727, 6133, 1534, 2096, 1661, 1157, 653, 3448, 1790, 1663, 2639, 1051, 2175, 2049, 1107, 3847, 1270, 1133, 2007, 791, 2259, 2310, 1362, 305, 1754, 1795, 1644, 948, 1237, 411, 2079, 1575, 881, 2258, 1632, 3032, 2188, 1215, 2040, 1622, 4849, 1348, 2079, 1777, 1250, 6080, 2775, 1316, 4548, 1226, 1366, 1015, 1419, 977, 909, 1546, 1931, 905, 3720, 1630, 2354, 2209, 1511, 2349)
(29, 134): Mean: 1737.804, median: 1512.5, std: 1037.342, percent: 1642.28, B: 127, W: 121, 
	(2299, 932, 1305, 7015, 2052, 1528, 814, 1310, 701, 1596, 1203, 1380, 888, 1632, 2775, 845, 2791, 2917, 1696, 2356, 1142, 799, 1637, 1007, 1584, 1356, 844, 1729, 1349, 1468, 2788, 2020, 2807, 999, 787, 1705, 1126, 1503, 1825, 1512, 840, 1843, 1285, 1616, 989, 2173, 1134, 905, 5267, 1781, 735, 1394, 991, 282, 1222, 3885, 521, 610, 3377, 1922, 1666, 3315, 2326, 1684, 1774, 3625, 1637, 773, 451, 1934, 980, 2612, 1802, 1515, 1303, 1706, 856, 845, 1428, 958, 993, 823, 2045, 1024, 1151, 1220, 986, 578, 1100, 1204, 1068, 724, 1963, 1644, 4671, 2253, 788, 952, 1513, 604, 1689, 3437, 1103, 2073, 1799, 1303, 619, 270, 1449, 2210, 2328, 844, 1898, 972, 930, 1187, 1478, 1434, 788, 1958, 3013, 1557, 1624, 565, 2031, 1268, 1774, 1184, 973, 1528, 1080, 1876, 1195, 4296, 1631, 1139, 3684, 1305, 2112, 1621, 1633, 4723, 1848, 1040, 1825, 1870, 2982, 1545, 2329, 1982, 1236, 3384, 1339, 1541, 1149, 620, 3568, 2139, 6229, 1503, 2417, 1623, 1413, 1366, 819, 2279, 1955, 1320, 1327, 2548, 499, 2121, 535, 576, 1435, 1227, 1465, 1139, 803, 2197, 2428, 1207, 1478, 1476, 2456, 757, 743, 6582, 1541, 2414, 1441, 1187, 684, 2448, 2022, 1744, 3185, 1093, 2300, 1889, 1402, 3900, 1310, 1186, 1720, 850, 2028, 2600, 1458, 254, 1821, 1690, 1480, 1074, 1212, 389, 2297, 1698, 1000, 2372, 1477, 4035, 2289, 1058, 2215, 1380, 4859, 1589, 1987, 2244, 1102, 5228, 2533, 1378, 4033, 1523, 1327, 1130, 1644, 1048, 883, 1618, 2225, 1024, 3429, 1672, 2258, 2688, 1470, 2227)
(30, 139): Mean: 1753.096, median: 1498.0, std: 1096.235, percent: 1682.38, B: 132, W: 117, 
	(2190, 914, 1352, 8768, 2206, 1418, 859, 1410, 760, 1961, 1391, 1361, 991, 1677, 2837, 889, 2770, 3165, 1690, 2675, 1310, 733, 1682, 992, 1583, 1433, 788, 1669, 1521, 1384, 2760, 1808, 2464, 966, 846, 1664, 1178, 1533, 1948, 1492, 842, 1997, 1244, 1669, 885, 2335, 1086, 853, 5796, 1463, 665, 1363, 1035, 260, 1255, 3824, 500, 677, 2939, 2208, 1666, 3203, 2241, 1654, 1906, 4206, 1670, 916, 466, 2115, 977, 2627, 1660, 1462, 1261, 1554, 972, 876, 1513, 955, 1130, 793, 2506, 980, 1320, 1158, 855, 559, 1122, 1038, 1110, 635, 1836, 1580, 4502, 2218, 863, 910, 1674, 640, 1479, 3637, 1000, 1880, 1744, 1264, 577, 320, 1372, 2528, 2352, 924, 2053, 881, 872, 1274, 1416, 1354, 862, 1702, 2865, 1507, 1500, 606, 1976, 1242, 1826, 1192, 924, 1490, 970, 2168, 1149, 4479, 1647, 1208, 3329, 1316, 2312, 1718, 2372, 4465, 1710, 1244, 1684, 2142, 2974, 1544, 2613, 1923, 1301, 3018, 1443, 1618, 1075, 611, 3874, 2041, 7199, 1627, 2457, 1584, 1400, 1151, 667, 2149, 2419, 1352, 1416, 2617, 548, 1888, 601, 569, 1494, 1186, 1496, 1191, 798, 2578, 2617, 1301, 1372, 1572, 2222, 749, 737, 6298, 1666, 2287, 1500, 1191, 672, 2310, 1853, 1530, 2600, 1026, 2126, 2067, 1347, 3440, 1254, 1210, 1878, 807, 2043, 2587, 1358, 321, 1689, 1939, 1528, 1028, 1156, 491, 2510, 1827, 910, 2447, 1359, 3936, 2225, 1092, 2289, 1397, 3847, 1434, 2066, 1846, 1031, 5778, 2439, 1341, 4470, 1294, 1420, 1126, 1494, 1128, 872, 1679, 2139, 950, 3330, 1732, 2388, 2591, 1702, 2196)
(31, 145): Mean: 1730.48, median: 1505.0, std: 1072.138, percent: 1636.06, B: 144, W: 106, 
	(2470, 886, 1311, 7154, 2020, 1483, 818, 1247, 820, 1894, 1325, 1456, 887, 1753, 2661, 939, 2575, 3292, 1450, 2370, 1279, 746, 1628, 966, 1580, 1329, 751, 1583, 1572, 1365, 3568, 2064, 2486, 1093, 841, 1748, 1215, 1580, 1775, 1625, 782, 2190, 1271, 1505, 825, 2204, 1154, 832, 4889, 1543, 664, 1377, 1016, 302, 1290, 3877, 512, 506, 2774, 1795, 1761, 3130, 2158, 1477, 2040, 3953, 1544, 821, 430, 1946, 973, 2571, 1597, 1613, 1190, 1713, 934, 783, 1380, 1084, 998, 767, 2090, 960, 1249, 1131, 838, 502, 1151, 1244, 1030, 718, 1920, 1477, 4614, 2349, 837, 892, 1421, 623, 1571, 3477, 1113, 1972, 1567, 1192, 637, 351, 1521, 2548, 2080, 884, 1889, 830, 829, 1303, 1592, 1411, 837, 1761, 3371, 1331, 1651, 648, 1718, 1126, 1866, 1205, 965, 1736, 996, 1645, 1268, 5082, 1543, 1235, 3203, 1348, 2502, 1619, 1934, 3993, 1923, 1122, 1788, 1706, 2879, 1490, 2280, 2275, 1334, 3281, 1553, 1595, 1103, 604, 3548, 2086, 7533, 1517, 2391, 1796, 1353, 1299, 787, 2065, 1808, 1434, 1241, 2395, 541, 2078, 592, 610, 1505, 1184, 1434, 1124, 862, 2607, 2403, 1342, 1560, 1425, 2154, 816, 668, 5831, 1681, 2167, 1485, 1186, 653, 2264, 1828, 1550, 2533, 1046, 2511, 1863, 1104, 4466, 1249, 1125, 2002, 818, 2089, 2353, 1247, 297, 1994, 1840, 1507, 1121, 1272, 405, 2103, 1555, 906, 2042, 1234, 3189, 2424, 1076, 2196, 1429, 4869, 1358, 2256, 1915, 1029, 6434, 2486, 1377, 4574, 1418, 1373, 983, 1459, 1064, 816, 1529, 1950, 1023, 3493, 1662, 2309, 2589, 1548, 2202)
(35, 165): Mean: 1733.664, median: 1504.5, std: 1080.782, percent: 1633.02, B: 127, W: 123, 
	(2358, 892, 1248, 8580, 2296, 1524, 795, 1489, 814, 1680, 1391, 1543, 915, 1952, 2449, 901, 2774, 3078, 1417, 2379, 1335, 738, 1844, 930, 1631, 1571, 856, 2065, 1523, 1340, 2967, 2211, 2401, 991, 858, 1706, 1230, 1531, 1960, 1468, 779, 1993, 1188, 1465, 920, 2030, 1222, 829, 5690, 1538, 676, 1406, 1042, 316, 1272, 4459, 533, 658, 3192, 2387, 1550, 3550, 2053, 1562, 1858, 3730, 1547, 871, 491, 1824, 987, 2515, 1941, 1371, 1160, 1666, 940, 836, 1419, 1068, 1067, 824, 2368, 1007, 1216, 1074, 868, 511, 1089, 1183, 1108, 611, 2020, 1595, 4027, 2761, 872, 911, 1591, 684, 1560, 3881, 1038, 2026, 1698, 1308, 667, 333, 1560, 2840, 2487, 908, 1677, 885, 848, 1461, 1337, 1336, 750, 1659, 3012, 1369, 1529, 595, 1725, 1172, 1728, 1249, 955, 1727, 1021, 2073, 1220, 4476, 1520, 1146, 2927, 1317, 2229, 1715, 1865, 4375, 1716, 1134, 1854, 1881, 3246, 1603, 2688, 1954, 1222, 2912, 1481, 1520, 1096, 590, 3132, 2158, 6462, 1529, 2334, 1694, 1455, 1263, 738, 2125, 1830, 1426, 1409, 2571, 564, 2284, 625, 554, 1461, 1151, 1463, 1054, 854, 2369, 2257, 1339, 1442, 1446, 2062, 759, 760, 5415, 1611, 2099, 1531, 1139, 641, 1964, 1707, 1548, 2506, 1096, 2239, 2062, 1105, 3597, 1342, 1177, 1808, 805, 2299, 2375, 1482, 311, 1707, 1921, 1399, 946, 1301, 403, 2150, 1711, 899, 2248, 1342, 3356, 2227, 1055, 2043, 1365, 4781, 1261, 2064, 1781, 1142, 6620, 2208, 1303, 5045, 1298, 1328, 1057, 1458, 1094, 887, 1577, 1945, 927, 3534, 1669, 2114, 2728, 1425, 2015)
(41, 200): Mean: 1748.14, median: 1477.5, std: 1049.907, percent: 1659.44, B: 108, W: 142, 
	(2232, 955, 1230, 6761, 2145, 1502, 852, 1454, 852, 1764, 1444, 1414, 925, 1870, 2459, 805, 2879, 3521, 1738, 2070, 1139, 761, 1792, 967, 1643, 1270, 875, 1627, 1506, 1529, 3299, 1835, 2818, 928, 802, 1905, 1224, 1371, 1768, 1419, 825, 2087, 1271, 1456, 1066, 2436, 1114, 843, 5112, 1621, 654, 1391, 1017, 269, 1347, 4587, 550, 627, 3061, 2216, 1677, 3278, 2159, 1502, 2068, 3725, 1717, 810, 482, 2143, 908, 2526, 1715, 1475, 1197, 1516, 813, 751, 1461, 950, 1076, 818, 2042, 896, 1226, 1262, 855, 492, 1162, 1218, 1099, 627, 2035, 1633, 3873, 2404, 848, 951, 1733, 710, 1470, 3424, 1113, 2078, 1673, 1275, 702, 360, 1377, 2720, 2006, 1015, 1718, 842, 880, 1244, 1456, 1443, 864, 1780, 2903, 1378, 1691, 636, 1601, 1408, 1742, 1245, 1009, 1671, 992, 1891, 1291, 4993, 1650, 1234, 3546, 1371, 2384, 1642, 2325, 4547, 1779, 1229, 1845, 1820, 3306, 1535, 2732, 2055, 1328, 2927, 1244, 1548, 1190, 579, 3346, 2207, 7520, 1383, 2469, 1640, 1198, 1300, 807, 2232, 1838, 1380, 1329, 2835, 494, 2198, 558, 602, 1540, 1288, 1552, 1114, 851, 2408, 2710, 1372, 1432, 1547, 1991, 787, 787, 4551, 1420, 2374, 1679, 1108, 648, 1993, 1849, 1752, 2899, 1010, 2414, 2032, 1352, 4059, 1334, 1152, 1801, 777, 2173, 2614, 1222, 284, 1787, 1778, 1478, 1043, 1318, 447, 2492, 1902, 840, 2463, 1382, 3420, 2365, 1124, 2753, 1477, 5020, 1382, 1931, 2058, 1094, 5888, 2542, 1319, 4672, 1381, 1348, 1099, 1496, 1184, 883, 1499, 1914, 917, 3474, 1725, 2383, 2416, 1447, 2242)
(47, 236): Mean: 1746.568, median: 1505.5, std: 1086.658, percent: 1656.42, B: 132, W: 116, 
	(2468, 903, 1219, 9563, 2331, 1394, 784, 1399, 772, 1587, 1495, 1396, 921, 1572, 2287, 901, 3210, 2841, 1683, 2086, 1279, 706, 1787, 979, 1662, 1380, 906, 1819, 1534, 1408, 2895, 2160, 2811, 1073, 851, 1685, 1216, 1740, 1784, 1512, 727, 2043, 1269, 1648, 984, 2491, 1095, 779, 5610, 1741, 699, 1335, 959, 278, 1302, 4410, 474, 719, 2855, 2030, 1567, 3514, 2409, 1498, 1971, 3722, 1531, 855, 432, 2010, 943, 2566, 1780, 1499, 1136, 1798, 1033, 849, 1610, 915, 1167, 768, 1961, 1068, 1156, 1196, 926, 591, 1097, 1283, 1129, 719, 1900, 1419, 4430, 2304, 822, 910, 1644, 671, 1530, 3358, 1121, 2159, 1791, 1382, 689, 329, 1372, 2624, 2102, 897, 1816, 915, 868, 1496, 1448, 1450, 895, 1616, 3325, 1264, 1732, 691, 1726, 1266, 1855, 1115, 983, 1890, 1048, 1877, 1371, 4281, 1635, 1274, 3650, 1448, 2116, 1690, 1837, 3845, 2065, 1302, 1668, 1835, 2758, 1325, 2321, 1941, 1170, 2826, 1272, 1548, 1169, 531, 3471, 2360, 6817, 1420, 2340, 1832, 1333, 1276, 751, 1944, 2100, 1458, 1492, 2566, 600, 2536, 617, 574, 1598, 1138, 1387, 1072, 723, 2620, 2302, 1367, 1580, 1637, 2172, 787, 737, 6377, 1543, 2256, 1562, 1177, 629, 2407, 1813, 1687, 2508, 1094, 2356, 1974, 1418, 4215, 1358, 1109, 2067, 759, 2290, 2475, 1339, 288, 1783, 1882, 1403, 990, 1187, 409, 2687, 1532, 882, 2211, 1422, 2914, 2534, 1064, 2395, 1476, 4193, 1432, 2043, 2033, 1098, 5027, 2466, 1371, 3833, 1269, 1221, 1043, 1575, 1042, 845, 1477, 2300, 1006, 3668, 1761, 2014, 2361, 1635, 2096)
(48, 242): Mean: 1737.536, median: 1516.0, std: 1075.245, percent: 1647.82, B: 132, W: 116, 
	(2311, 922, 1152, 8414, 2437, 1481, 856, 1477, 736, 1709, 1326, 1502, 943, 1490, 2439, 862, 2655, 2783, 1696, 2385, 1164, 716, 1762, 910, 1529, 1333, 785, 1944, 1440, 1363, 2885, 1879, 2696, 967, 848, 1804, 1144, 1341, 1769, 1440, 772, 2666, 1294, 1556, 982, 2268, 1104, 883, 5357, 1925, 788, 1565, 980, 296, 1244, 4159, 490, 537, 2733, 1775, 1695, 3275, 2036, 1716, 1867, 3432, 1555, 829, 477, 1665, 1029, 2748, 1914, 1501, 1255, 1763, 943, 821, 1367, 977, 1201, 816, 2375, 913, 1275, 1211, 824, 521, 1084, 1176, 1074, 772, 2082, 1391, 4958, 2522, 878, 825, 1681, 774, 1532, 3307, 1033, 2028, 1714, 1326, 673, 282, 1585, 2530, 2046, 929, 1763, 899, 819, 1390, 1351, 1325, 821, 1841, 3699, 1291, 1806, 671, 1983, 1412, 1911, 1128, 1051, 1625, 1001, 1796, 1295, 4829, 1635, 1203, 3604, 1431, 1765, 1530, 1611, 4422, 1788, 1097, 1828, 1745, 2794, 1579, 2332, 1988, 1209, 3083, 1443, 1506, 1192, 604, 3029, 2164, 7106, 1456, 2616, 1623, 1203, 1436, 765, 2181, 1907, 1628, 1415, 2195, 526, 1963, 611, 574, 1714, 1306, 1539, 1126, 711, 2381, 2596, 1336, 1507, 1525, 2126, 793, 673, 4595, 1725, 2548, 1593, 1251, 626, 1981, 1823, 1625, 3221, 1058, 2211, 1909, 1277, 4733, 1409, 1027, 1638, 813, 2107, 2583, 1184, 282, 1601, 1803, 1557, 1102, 1229, 403, 2096, 1761, 790, 2000, 1475, 3376, 2620, 1017, 2248, 1491, 4766, 1248, 2224, 1900, 1192, 5518, 2392, 1369, 5065, 1379, 1359, 1173, 1533, 1047, 960, 1563, 1798, 913, 3547, 1780, 2019, 2705, 1462, 1985)
(53, 271): Mean: 1739.324, median: 1506.5, std: 1087.062, percent: 1641.9, B: 127, W: 121, 
	(2280, 923, 1298, 8669, 1837, 1554, 803, 1351, 821, 2108, 1279, 1435, 912, 1622, 2369, 836, 3291, 2634, 1366, 2759, 1178, 707, 1714, 938, 1568, 1344, 772, 1627, 1383, 1325, 2905, 1825, 3482, 975, 748, 1774, 1219, 1506, 1783, 1604, 859, 2097, 1144, 1527, 872, 2203, 1153, 951, 6266, 1674, 715, 1502, 983, 329, 1290, 3981, 495, 625, 3133, 1871, 1695, 3605, 2302, 1604, 1776, 3501, 1579, 860, 472, 1877, 1143, 2710, 1743, 1378, 1328, 1662, 1050, 818, 1522, 931, 1155, 838, 2147, 998, 1151, 1149, 799, 540, 1117, 1085, 1109, 555, 1939, 1786, 4023, 2182, 819, 864, 1399, 625, 1403, 3896, 1131, 2084, 1780, 1261, 670, 305, 1570, 2750, 2177, 808, 1917, 885, 888, 1239, 1606, 1357, 784, 1936, 3402, 1432, 1596, 632, 1633, 1223, 1648, 1240, 911, 1625, 1060, 1998, 1180, 4398, 1650, 1183, 3369, 1335, 2078, 1675, 1917, 4707, 1697, 1190, 1596, 1741, 2600, 1427, 2315, 2171, 1150, 3233, 1458, 1488, 1181, 613, 3695, 2226, 6923, 1397, 2844, 1651, 1285, 1362, 758, 2244, 1939, 1531, 1519, 2821, 573, 2096, 562, 619, 1559, 1147, 1456, 1121, 770, 2454, 2650, 1242, 1342, 1388, 2249, 724, 718, 5785, 1716, 2390, 1567, 1341, 591, 2357, 1725, 1529, 3004, 1027, 2759, 1771, 1278, 3433, 1242, 1076, 1658, 795, 1775, 2625, 1319, 254, 2180, 1828, 1381, 1007, 1204, 522, 2219, 1858, 898, 2405, 1410, 3085, 2398, 1076, 2472, 1389, 4106, 1407, 2247, 2094, 1109, 5617, 2511, 1309, 4287, 1294, 1296, 1136, 1571, 1052, 883, 1507, 1976, 899, 3072, 1792, 2172, 2075, 1590, 2386)
(54, 273): Mean: 1739.684, median: 1481.5, std: 1072.78, percent: 1677.06, B: 127, W: 122, 
	(2306, 913, 1218, 8458, 2073, 1907, 903, 1326, 766, 1797, 1363, 1416, 907, 2006, 2924, 894, 2725, 3107, 1816, 2601, 1287, 751, 1738, 948, 1691, 1324, 855, 1824, 1384, 1333, 3098, 2074, 2809, 967, 945, 1846, 1133, 1706, 1696, 1537, 804, 2109, 1207, 1487, 938, 2481, 1130, 843, 5349, 1517, 696, 1400, 939, 320, 1442, 3825, 477, 558, 2707, 1784, 1612, 3182, 2265, 1681, 1834, 3850, 1469, 841, 463, 2169, 975, 2789, 2036, 1277, 1338, 1671, 985, 886, 1413, 965, 1044, 878, 2506, 952, 1285, 1251, 923, 588, 1076, 1234, 1089, 606, 1885, 1516, 3610, 2604, 824, 903, 1526, 637, 1719, 3469, 1147, 2245, 1820, 1283, 639, 308, 1528, 2691, 2279, 905, 1872, 833, 839, 1048, 1421, 1396, 844, 1862, 2897, 1355, 1522, 631, 1808, 1300, 1935, 1241, 953, 1626, 1051, 1808, 1263, 4234, 1506, 1180, 2951, 1414, 2019, 1662, 1971, 4231, 1628, 1085, 1860, 1903, 2972, 1402, 2380, 1794, 1255, 2838, 1511, 1500, 1120, 540, 3083, 2098, 6748, 1483, 2595, 1751, 1345, 1243, 815, 1946, 2009, 1327, 1442, 2268, 543, 1883, 587, 531, 1409, 1242, 1328, 1090, 764, 2457, 2663, 1368, 1345, 1443, 2156, 844, 690, 5785, 1480, 2576, 1610, 1220, 620, 2255, 1739, 1549, 2513, 1193, 2448, 2306, 1443, 4209, 1328, 1203, 1849, 761, 2416, 2158, 1505, 258, 1835, 1757, 1475, 975, 1238, 468, 1952, 1664, 892, 2222, 1370, 3299, 2217, 1072, 2329, 1317, 5294, 1283, 2281, 1979, 1042, 6114, 2506, 1303, 5057, 1468, 1294, 1080, 1643, 1127, 892, 1662, 2074, 939, 3867, 1587, 2059, 2266, 1453, 2132)
(55, 276): Mean: 1736.056, median: 1510.0, std: 1068.907, percent: 1694.84, B: 134, W: 116, 
	(2200, 879, 1291, 8681, 2515, 1466, 805, 1511, 812, 1839, 1265, 1437, 906, 1914, 2516, 986, 2969, 2989, 1541, 2487, 1247, 721, 1765, 963, 1547, 1227, 851, 1509, 1359, 1405, 2827, 1811, 2782, 925, 783, 1826, 1166, 1737, 1797, 1597, 827, 1977, 1268, 1422, 932, 2359, 1086, 915, 4498, 1535, 715, 1416, 889, 316, 1377, 4311, 494, 750, 2672, 2022, 1675, 3094, 2209, 1530, 1708, 3555, 1548, 828, 467, 1836, 1058, 2595, 1764, 1482, 1246, 1726, 941, 798, 1600, 976, 1213, 816, 2258, 919, 1229, 1076, 1013, 565, 1114, 1251, 1095, 623, 2004, 1477, 4059, 2238, 863, 856, 1727, 681, 1842, 3373, 1095, 2170, 1660, 1206, 718, 385, 1313, 2564, 2221, 914, 1948, 788, 894, 1182, 1485, 1947, 828, 1742, 3441, 1344, 1578, 608, 1682, 1226, 1703, 1312, 988, 1736, 997, 1945, 1237, 5594, 1713, 1165, 3148, 1335, 1840, 1665, 2345, 5277, 1743, 1219, 1820, 1790, 3108, 1407, 2879, 2149, 1245, 2982, 1489, 1553, 1203, 658, 2870, 2156, 7419, 1468, 2296, 1580, 1311, 1239, 786, 1989, 1894, 1511, 1278, 2557, 533, 1942, 605, 605, 1619, 1171, 1350, 1125, 850, 2243, 2577, 1256, 1446, 1615, 1972, 759, 899, 5420, 1645, 2322, 1596, 1388, 690, 2256, 1666, 1416, 2552, 1007, 2269, 2021, 1341, 3999, 1262, 1109, 2076, 876, 2337, 2341, 1435, 266, 1785, 1724, 1437, 928, 1176, 491, 2702, 1670, 845, 2577, 1544, 3184, 2827, 1120, 2394, 1415, 3946, 1335, 2093, 1693, 1079, 5476, 2297, 1297, 4220, 1321, 1201, 1026, 1460, 1084, 846, 1519, 1922, 952, 3028, 1709, 2041, 2594, 1531, 2567)
(60, 304): Mean: 1711.688, median: 1487.5, std: 1022.207, percent: 1614.7, B: 127, W: 120, 
	(2340, 913, 1357, 7609, 2021, 1673, 794, 1261, 822, 1910, 1410, 1283, 1076, 1583, 2603, 902, 3145, 3458, 1613, 2371, 1420, 809, 1597, 865, 1409, 1399, 880, 1805, 1401, 1316, 2831, 1863, 2897, 937, 818, 1709, 1198, 1504, 1791, 1581, 772, 2198, 1192, 1605, 939, 2428, 1082, 820, 5764, 1608, 673, 1442, 887, 304, 1329, 4115, 532, 592, 2600, 1839, 1629, 3085, 2123, 1690, 1856, 3691, 1509, 960, 394, 1925, 942, 2689, 1811, 1482, 1247, 1718, 867, 807, 1537, 1007, 986, 796, 2061, 960, 1108, 1108, 815, 483, 1205, 1104, 1041, 604, 1838, 1345, 3979, 2415, 864, 929, 1559, 622, 1564, 3656, 1088, 2184, 1788, 1298, 749, 279, 1369, 2365, 1983, 973, 2024, 864, 879, 1126, 1451, 1387, 852, 1624, 3221, 1512, 1619, 478, 1809, 1317, 1827, 1111, 972, 1579, 933, 2013, 1125, 5148, 1629, 1185, 2902, 1443, 2107, 1665, 2007, 4379, 1783, 1255, 1793, 1757, 2761, 1410, 2649, 2022, 1194, 3066, 1411, 1476, 1165, 674, 3282, 2362, 5933, 1598, 2477, 1572, 1234, 1334, 806, 2198, 1793, 1409, 1386, 2180, 515, 2236, 589, 580, 1439, 1155, 1404, 1199, 784, 2294, 2629, 1256, 1487, 1471, 2096, 775, 775, 4890, 1724, 2028, 1583, 1272, 746, 1787, 1625, 1553, 2876, 1113, 2186, 1912, 1193, 4140, 1274, 1214, 1897, 776, 2169, 2500, 1347, 269, 1942, 1625, 1488, 1063, 1285, 476, 2251, 1598, 899, 2000, 1481, 3157, 2203, 1172, 2084, 1362, 4369, 1264, 1784, 1812, 1191, 5554, 2260, 1279, 4913, 1404, 1262, 1051, 1500, 1126, 839, 1584, 2030, 1026, 3599, 1784, 1992, 2271, 1554, 2480)
(88, 470): Mean: 1722.548, median: 1488.0, std: 1018.466, percent: 1646.14, B: 124, W: 122, 
	(1930, 962, 1313, 7327, 2471, 1931, 831, 1261, 823, 1740, 1335, 1618, 949, 1773, 2452, 896, 2788, 3006, 1534, 2571, 1205, 758, 1587, 846, 1657, 1366, 859, 1936, 1347, 1319, 2702, 1904, 2836, 930, 839, 1875, 1111, 1509, 1903, 1577, 733, 2107, 1259, 1583, 886, 2529, 1170, 848, 5109, 1649, 802, 1334, 922, 321, 1257, 4617, 483, 557, 2403, 1887, 1587, 2728, 2342, 1730, 1757, 3898, 1650, 848, 477, 1931, 1013, 2572, 1901, 1399, 1241, 1919, 899, 772, 1466, 939, 1109, 807, 2102, 967, 1173, 1098, 854, 505, 1131, 1196, 1113, 640, 1906, 1481, 4500, 2282, 868, 884, 1680, 633, 1516, 3434, 1141, 2274, 1749, 1201, 697, 302, 1473, 2474, 2118, 899, 1760, 853, 868, 1285, 1451, 1900, 850, 1671, 3390, 1357, 1754, 705, 1658, 1365, 1657, 1106, 1048, 1730, 1060, 1860, 1240, 4849, 1629, 1444, 3291, 1314, 2076, 1760, 1759, 3920, 1726, 1184, 1824, 1821, 2670, 1499, 2454, 2143, 1229, 2858, 1364, 1452, 1119, 536, 3065, 2170, 6099, 1460, 2695, 1636, 1304, 1209, 782, 2138, 1795, 1394, 1418, 2168, 544, 2189, 561, 559, 1453, 1238, 1805, 1158, 786, 2849, 2838, 1173, 1495, 1376, 2250, 734, 750, 5372, 1781, 2160, 1629, 1333, 681, 2345, 1815, 1354, 2573, 1041, 2225, 1836, 1203, 4315, 1260, 1165, 1897, 772, 2008, 2550, 1290, 339, 1938, 1921, 1684, 952, 1144, 431, 2243, 1514, 920, 2511, 1353, 3580, 2607, 1080, 2127, 1441, 4210, 1429, 1991, 1971, 1149, 5572, 2308, 1478, 4959, 1299, 1240, 1075, 1434, 992, 842, 1581, 2028, 971, 3403, 1546, 2267, 2093, 1400, 2120)
(93, 500): Mean: 1708.444, median: 1480.0, std: 979.396, percent: 1623.78, B: 131, W: 118, 
	(2208, 902, 1174, 6756, 2274, 1512, 807, 1451, 734, 1705, 1294, 1400, 946, 1658, 2403, 860, 2606, 3195, 1605, 2207, 1322, 753, 1654, 985, 1615, 1314, 879, 1581, 1388, 1240, 2996, 1804, 2432, 951, 839, 1860, 1112, 1421, 1786, 1516, 823, 2076, 1295, 1614, 842, 1935, 1104, 936, 4219, 1590, 703, 1619, 1019, 288, 1256, 3450, 562, 662, 3219, 2068, 1608, 3334, 2444, 1516, 2041, 3896, 1666, 874, 474, 1874, 946, 2439, 1644, 1503, 1153, 1481, 978, 752, 1401, 1008, 1047, 909, 2175, 983, 1272, 1121, 822, 514, 1086, 1193, 1057, 650, 1897, 1442, 3636, 2645, 842, 1000, 1423, 650, 1529, 3482, 1064, 2270, 1692, 1313, 623, 355, 1405, 2846, 2163, 890, 1830, 822, 861, 1208, 1367, 1402, 851, 1868, 2607, 1311, 1690, 616, 1753, 1338, 1758, 1161, 914, 1602, 1082, 1780, 1287, 5078, 1570, 1252, 3295, 1336, 1789, 1778, 2178, 4553, 1542, 1103, 2021, 1812, 2967, 1525, 2543, 2237, 1317, 2902, 1346, 1490, 1085, 600, 3180, 2042, 6075, 1584, 2627, 1801, 1383, 1265, 808, 2080, 1914, 1334, 1476, 2186, 511, 2049, 609, 625, 1739, 1106, 1453, 1164, 829, 2613, 2260, 1236, 1415, 1442, 2297, 801, 743, 4871, 1648, 2028, 1684, 1206, 665, 2185, 1719, 1396, 3231, 1005, 2349, 1926, 1209, 4126, 1242, 1269, 1843, 794, 2240, 2531, 1479, 252, 1775, 1879, 1517, 921, 1281, 434, 2301, 1892, 858, 2331, 1410, 3148, 2437, 1012, 2558, 1396, 4853, 1423, 2325, 1777, 1128, 5505, 2321, 1405, 4069, 1428, 1287, 1020, 1462, 1108, 856, 1685, 1914, 936, 3558, 1668, 2204, 2723, 1530, 2351)
(94, 505): Mean: 1731.584, median: 1486.5, std: 1048.663, percent: 1653.16, B: 124, W: 122, 
	(2514, 964, 1237, 7476, 2181, 1563, 827, 1343, 822, 1923, 1306, 1359, 988, 1676, 2428, 875, 3381, 3249, 1885, 2172, 1266, 687, 1748, 977, 1590, 1315, 842, 1649, 1438, 1396, 2811, 2094, 2416, 860, 836, 1707, 1111, 1656, 1590, 1675, 787, 2009, 1335, 1523, 968, 2316, 1178, 844, 5731, 1786, 708, 1422, 1046, 274, 1234, 3721, 529, 658, 2666, 1870, 1564, 3082, 2536, 1632, 1911, 3953, 1577, 820, 488, 1983, 1053, 2927, 1775, 1542, 1182, 1654, 859, 853, 1381, 976, 1031, 801, 2293, 938, 1176, 1102, 875, 530, 1141, 1169, 1091, 659, 1889, 1375, 4633, 2516, 881, 846, 1459, 592, 1494, 3919, 1162, 2187, 1761, 1280, 703, 349, 1380, 2722, 2432, 1009, 1861, 874, 793, 1204, 1483, 1645, 812, 1787, 3601, 1402, 1529, 681, 1754, 1230, 1948, 1258, 931, 1618, 954, 1735, 1181, 5131, 1532, 1285, 3407, 1342, 1953, 1676, 1675, 4119, 1872, 1021, 1944, 1853, 2691, 1474, 2479, 2248, 1349, 3050, 1464, 1443, 1181, 723, 2905, 2235, 6258, 1424, 2464, 1703, 1397, 1270, 714, 2290, 1739, 1584, 1550, 2465, 511, 2042, 609, 574, 1526, 1224, 1454, 1128, 788, 2448, 2185, 1297, 1324, 1401, 2105, 761, 674, 5678, 1466, 2494, 1657, 1146, 668, 2154, 1827, 1490, 2822, 1005, 2492, 2008, 1201, 5001, 1265, 1224, 1734, 749, 1945, 2262, 1268, 352, 1788, 2222, 1548, 1061, 1222, 486, 2500, 1564, 838, 2331, 1412, 2877, 2252, 1120, 2182, 1453, 4133, 1363, 2147, 1856, 978, 5852, 2195, 1268, 4065, 1267, 1249, 1007, 1440, 1058, 830, 1501, 2276, 941, 3472, 1762, 2224, 2561, 1561, 2303)
(95, 508): Mean: 1732.652, median: 1493.0, std: 1102.378, percent: 1618.46, B: 127, W: 123, 
	(2117, 1017, 1215, 8695, 2068, 1514, 818, 1284, 794, 1652, 1237, 1529, 952, 1727, 2579, 908, 3010, 2932, 1478, 2349, 1163, 747, 1920, 902, 1506, 1392, 938, 1717, 1451, 1411, 3061, 1818, 2475, 978, 868, 1806, 1205, 1470, 1818, 1529, 767, 2197, 1344, 1647, 959, 2198, 1051, 807, 4737, 1614, 715, 1338, 981, 333, 1357, 4000, 484, 599, 3217, 1673, 1628, 3319, 2249, 1560, 1896, 3526, 1649, 942, 441, 1918, 1070, 2447, 1966, 1472, 1357, 1576, 883, 745, 1491, 945, 1008, 797, 2014, 964, 1098, 1155, 780, 547, 1086, 1135, 1089, 574, 1915, 1493, 4152, 2406, 873, 886, 1573, 573, 1521, 3513, 1213, 2085, 1940, 1309, 654, 332, 1389, 2656, 2085, 829, 1801, 790, 865, 1161, 1509, 1393, 791, 1741, 2821, 1314, 1550, 582, 1762, 1263, 1816, 1130, 950, 1589, 936, 2010, 1110, 5315, 1576, 1273, 3605, 1364, 2016, 1679, 1823, 4484, 1833, 1159, 1483, 1995, 2736, 1444, 2251, 2293, 1287, 2741, 1347, 1671, 1101, 592, 3574, 2125, 7462, 1559, 2645, 1696, 1184, 1321, 777, 2137, 2006, 1392, 1483, 2423, 531, 2188, 587, 554, 1652, 1169, 1358, 1129, 748, 2369, 2773, 1482, 1473, 1367, 1936, 765, 749, 6726, 1529, 2132, 1495, 1195, 619, 2224, 1874, 1604, 2872, 1060, 2118, 2219, 1226, 4336, 1255, 1239, 1585, 753, 2280, 2526, 1263, 273, 2092, 1733, 1534, 1071, 1238, 457, 2333, 1614, 922, 2137, 1381, 3048, 2665, 1107, 2293, 1355, 4562, 1431, 2140, 1910, 1077, 5952, 2312, 1473, 4028, 1399, 1194, 1012, 1547, 1151, 898, 1584, 1886, 1054, 3796, 1683, 2048, 2526, 1493, 2266)
(96, 513): Mean: 1724.416, median: 1489.5, std: 1039.444, percent: 1603.3, B: 120, W: 129, 
	(2129, 893, 1192, 7063, 1832, 1604, 765, 1284, 757, 1778, 1265, 1408, 987, 1793, 2544, 834, 2967, 2801, 1726, 2218, 1327, 710, 1532, 855, 1615, 1409, 1002, 1784, 1485, 1371, 2894, 2013, 2737, 930, 855, 1609, 1144, 1530, 1875, 1426, 813, 2025, 1304, 1473, 953, 2277, 1076, 924, 4598, 1604, 729, 1507, 1029, 305, 1236, 4750, 466, 591, 2496, 2059, 1540, 3432, 2512, 1474, 1855, 3733, 1572, 924, 476, 1848, 904, 2770, 1952, 1375, 1164, 1429, 988, 769, 1385, 928, 972, 807, 2094, 955, 1256, 1133, 824, 504, 1063, 1154, 1090, 718, 2088, 1617, 4500, 2490, 850, 922, 1587, 707, 1692, 3325, 1235, 1962, 1771, 1404, 694, 374, 1325, 2796, 2238, 873, 1763, 953, 859, 1239, 1534, 1399, 799, 1619, 2923, 1461, 1632, 554, 1725, 1293, 1755, 1182, 892, 1887, 984, 1921, 1172, 4501, 1469, 1285, 3325, 1344, 2275, 1764, 1667, 4733, 1749, 1115, 1701, 1743, 2999, 1431, 2226, 2167, 1284, 3416, 1535, 1510, 1072, 583, 3075, 2052, 7411, 1438, 2669, 1662, 1361, 1286, 807, 1990, 1938, 1460, 1361, 2418, 561, 1998, 567, 581, 1477, 1177, 1719, 1216, 815, 2209, 2290, 1292, 1523, 1417, 2077, 784, 695, 5024, 1636, 2271, 1600, 1296, 674, 2107, 1669, 1568, 2308, 1139, 2241, 2038, 1334, 4384, 1262, 1192, 1964, 717, 2197, 2733, 1377, 298, 1831, 1955, 1529, 1078, 1222, 428, 2441, 1684, 999, 2165, 1644, 3259, 2289, 1158, 2273, 1380, 4852, 1432, 1881, 1939, 992, 6138, 2227, 1305, 4133, 1434, 1362, 1051, 1489, 1055, 920, 1490, 2095, 921, 3549, 1749, 2160, 2588, 1550, 2454)
(100, 533): Mean: 1770.712, median: 1557.0, std: 1055.547, percent: 1643.02, B: 96, W: 152, 
	(2482, 862, 1212, 7584, 1936, 1557, 864, 1421, 787, 1717, 1317, 1391, 901, 1634, 2586, 985, 3155, 2946, 1505, 2663, 1347, 801, 1609, 1040, 1596, 1362, 860, 1950, 1426, 1557, 2634, 1877, 2401, 996, 832, 1784, 1291, 1680, 2103, 1659, 794, 2476, 1324, 1709, 947, 2202, 1125, 919, 5194, 1762, 710, 1552, 966, 277, 1222, 4270, 531, 881, 2964, 1637, 1696, 3796, 2243, 1758, 2224, 4500, 1669, 860, 477, 2009, 962, 2866, 2007, 1734, 1317, 1682, 883, 867, 1548, 1190, 1129, 767, 2252, 948, 1224, 1199, 919, 501, 1113, 1196, 1048, 672, 2059, 1537, 4132, 2285, 871, 908, 1669, 624, 1536, 3314, 1257, 2342, 1684, 1359, 1078, 350, 1404, 2574, 2327, 881, 2005, 897, 985, 1828, 1562, 1574, 876, 2067, 4042, 1445, 1572, 615, 1772, 1299, 1860, 1304, 1016, 1760, 1050, 1946, 1208, 4651, 1611, 1268, 3126, 1541, 1811, 1747, 1799, 4484, 1790, 1170, 1816, 1662, 3560, 1479, 2610, 2244, 1317, 2758, 1585, 1585, 1228, 693, 3259, 2169, 7081, 1529, 2603, 1719, 1257, 1496, 773, 2076, 1927, 1451, 1448, 2422, 595, 1849, 578, 635, 1537, 1334, 1526, 1051, 787, 2132, 2109, 1179, 1584, 1522, 2364, 829, 706, 5325, 1721, 2041, 1664, 1155, 743, 2024, 1853, 1574, 2959, 1079, 2306, 2062, 1220, 4431, 1294, 1036, 1775, 820, 2093, 2322, 1454, 349, 1902, 1844, 1733, 1057, 1226, 469, 2375, 1509, 891, 1981, 1346, 3458, 2883, 1278, 2293, 1416, 4584, 1264, 2048, 1887, 1178, 6309, 2915, 1358, 3915, 1348, 1330, 1143, 1513, 1069, 875, 1759, 2152, 976, 3026, 1749, 2157, 2648, 1550, 2000)
(101, 538): Mean: 1760.896, median: 1494.5, std: 1086.375, percent: 1699.28, B: 146, W: 104, 
	(2751, 942, 1152, 8277, 2515, 1566, 815, 1380, 871, 1763, 1364, 1540, 996, 1853, 2408, 900, 3010, 2953, 1666, 2666, 1320, 702, 1703, 996, 1528, 1361, 828, 1710, 1597, 1350, 2982, 1946, 2367, 991, 787, 1822, 1173, 1480, 1981, 1608, 776, 2818, 1242, 1577, 1034, 2566, 1177, 822, 5393, 1658, 725, 1462, 1060, 354, 1206, 4120, 538, 731, 2617, 1990, 1576, 3967, 2203, 1523, 1899, 3866, 1483, 825, 454, 1647, 1019, 2555, 1681, 1185, 1194, 1674, 922, 822, 1498, 989, 1035, 810, 2566, 1034, 1247, 1127, 861, 497, 1059, 1228, 1060, 763, 1951, 1561, 4181, 2491, 869, 842, 1406, 568, 1805, 3632, 1232, 2272, 1674, 1287, 690, 331, 1307, 2801, 2268, 972, 1783, 847, 978, 1464, 1376, 1524, 861, 1951, 3278, 1295, 1570, 598, 1791, 1291, 2104, 1201, 998, 1836, 1060, 1895, 1220, 4044, 1490, 1309, 3309, 1371, 2034, 1728, 2079, 4583, 1697, 1182, 1652, 1937, 3190, 1476, 2537, 2302, 1289, 3008, 1491, 1529, 1142, 577, 3501, 2125, 7411, 1475, 2280, 1695, 1355, 1219, 801, 2318, 1745, 1385, 1308, 2399, 517, 2186, 571, 569, 1455, 1269, 1378, 1206, 764, 2487, 2616, 1272, 1505, 1373, 2270, 868, 797, 5356, 1487, 2355, 1712, 1153, 749, 2058, 1851, 1501, 3053, 1228, 2282, 2248, 1209, 5393, 1397, 1151, 1817, 837, 2168, 2648, 1402, 307, 2060, 1740, 1559, 991, 1140, 478, 2138, 1752, 814, 2449, 1266, 2968, 2534, 1264, 1986, 1545, 5293, 1308, 2152, 2100, 1164, 5239, 2448, 1450, 4430, 1341, 1213, 1052, 1480, 1070, 913, 1794, 1885, 963, 3151, 1656, 1916, 2255, 1570, 2443)
(102, 540): Mean: 1750.288, median: 1509.0, std: 1051.072, percent: 1645.02, B: 127, W: 122, 
	(2325, 926, 1258, 7410, 2425, 1511, 855, 1362, 864, 1846, 1298, 1565, 908, 1891, 2352, 944, 3185, 2817, 1846, 2368, 1411, 685, 1715, 1016, 1367, 1419, 820, 1516, 1488, 1427, 3109, 2299, 3171, 988, 926, 1810, 1111, 1462, 1841, 1718, 768, 2706, 1263, 1537, 874, 2150, 1099, 838, 5046, 1692, 670, 1448, 909, 281, 1177, 4021, 502, 697, 2890, 2088, 1659, 3333, 2418, 1568, 1926, 3736, 1556, 772, 399, 1731, 1020, 3009, 1899, 1481, 1162, 1570, 943, 791, 1383, 948, 1093, 839, 2503, 956, 1311, 1098, 826, 554, 1181, 1197, 1056, 615, 2091, 1441, 4343, 2689, 830, 844, 1593, 659, 1566, 3641, 1241, 2353, 1704, 1294, 735, 399, 1386, 2697, 2022, 902, 1732, 872, 1020, 1495, 1400, 1860, 768, 1791, 3185, 1405, 1607, 589, 1716, 1342, 2078, 1167, 946, 1544, 1060, 1935, 1146, 4988, 1726, 1235, 2952, 1361, 1897, 1757, 1736, 4744, 1869, 1181, 1795, 1720, 2760, 1493, 2694, 2234, 1283, 3013, 1328, 1649, 1135, 631, 3271, 2020, 8086, 1391, 2581, 1751, 1613, 1292, 745, 2341, 2035, 1513, 1409, 2287, 537, 2126, 614, 613, 1643, 1226, 1349, 1123, 770, 2156, 2338, 1288, 1541, 1438, 2225, 955, 678, 4843, 1555, 2287, 1471, 1390, 716, 1963, 1909, 1507, 2629, 1073, 2367, 2160, 1320, 3955, 1251, 1125, 2068, 757, 2118, 2213, 1358, 322, 2121, 1843, 1597, 1277, 1247, 534, 2350, 1749, 970, 2342, 1391, 2818, 2297, 1213, 1955, 1459, 4395, 1306, 2073, 1738, 1254, 5616, 2467, 1375, 4329, 1431, 1302, 1142, 1374, 1078, 918, 1687, 1831, 915, 3330, 1662, 2363, 2457, 1571, 2770)
(103, 545): Mean: 1736.608, median: 1498.0, std: 1052.299, percent: 1636.96, B: 127, W: 122, 
	(2542, 916, 1381, 8400, 1959, 1425, 768, 1363, 891, 1606, 1369, 1509, 949, 1859, 2813, 870, 2624, 2934, 1603, 2319, 1364, 698, 1666, 886, 1567, 1450, 823, 1862, 1609, 1275, 2806, 1886, 2622, 1075, 790, 1952, 1196, 1942, 1837, 1569, 812, 2120, 1269, 1750, 934, 2592, 1075, 859, 5055, 1692, 651, 1359, 951, 294, 1366, 4023, 487, 661, 2656, 2107, 1734, 3042, 2601, 1495, 1685, 3539, 1624, 892, 445, 1946, 1001, 2510, 1716, 1571, 1171, 1399, 932, 837, 1422, 1006, 1004, 814, 2586, 996, 1165, 1150, 832, 504, 1102, 1328, 1140, 618, 1866, 1450, 4314, 2249, 907, 896, 1489, 665, 1803, 3579, 1148, 2253, 1813, 1297, 708, 379, 1368, 2727, 2412, 1015, 2000, 854, 911, 1213, 1353, 1491, 854, 1813, 3170, 1593, 1592, 618, 1801, 1316, 1803, 1144, 982, 1699, 949, 1759, 1161, 4460, 1543, 1058, 3086, 1500, 2095, 1665, 1684, 4615, 1590, 1363, 1765, 1817, 2744, 1498, 2315, 1931, 1173, 3185, 1597, 1473, 1171, 535, 3254, 2052, 6971, 1498, 2477, 1654, 1439, 1300, 795, 2069, 2143, 1464, 1331, 2309, 547, 2041, 545, 621, 1532, 1206, 1475, 1065, 806, 2474, 2779, 1418, 1387, 1443, 2330, 805, 811, 5505, 1747, 2330, 1617, 1262, 659, 2372, 1844, 1492, 2793, 1088, 2159, 1857, 1415, 4279, 1289, 1232, 1985, 764, 2209, 2617, 1291, 261, 1866, 1918, 1501, 870, 1212, 435, 2345, 1794, 925, 2346, 1335, 3418, 2252, 1159, 2083, 1420, 4180, 1432, 2128, 1943, 1145, 6018, 2280, 1443, 4344, 1399, 1207, 1046, 1654, 972, 893, 1432, 1861, 991, 3351, 1654, 2194, 2098, 1498, 2230)
(104, 548): Mean: 1722.692, median: 1483.0, std: 1054.184, percent: 1616.34, B: 134, W: 116, 
	(2341, 890, 1230, 7903, 2206, 1510, 821, 1446, 725, 1643, 1267, 1517, 920, 1579, 2414, 893, 2813, 2880, 1640, 2250, 1213, 739, 1608, 917, 1684, 1412, 873, 1580, 1448, 1448, 2851, 1918, 2662, 935, 734, 1712, 1156, 1376, 1680, 1486, 761, 2340, 1235, 1506, 982, 2318, 1264, 796, 5477, 1514, 699, 1374, 912, 325, 1221, 4339, 467, 647, 2661, 1895, 1487, 3415, 2314, 1749, 1844, 3663, 1685, 843, 422, 1845, 884, 3029, 1702, 1438, 1200, 1603, 879, 807, 1464, 1009, 1048, 844, 2403, 938, 1181, 1143, 825, 478, 1146, 1188, 1047, 667, 1844, 1432, 4483, 2286, 769, 903, 1665, 646, 1604, 3449, 1085, 2178, 1870, 1343, 703, 313, 1346, 2678, 2460, 897, 2002, 906, 916, 1357, 1338, 1496, 779, 1908, 3000, 1318, 1790, 583, 1862, 1273, 2192, 1099, 999, 1562, 1052, 1676, 1330, 4680, 1706, 1321, 3261, 1435, 2096, 1703, 1889, 4874, 1644, 1099, 1672, 1883, 2771, 1330, 2147, 2112, 1263, 3000, 1450, 1468, 1216, 661, 3644, 2185, 6242, 1391, 2468, 1522, 1388, 1276, 767, 1943, 1848, 1480, 1345, 2301, 524, 2205, 583, 628, 1459, 1272, 1537, 1050, 794, 2472, 2429, 1249, 1537, 1515, 2069, 816, 682, 5625, 1637, 2148, 1531, 1240, 656, 2138, 1665, 1470, 2570, 1092, 2154, 1871, 1268, 4796, 1353, 1122, 1867, 795, 1936, 2406, 1440, 290, 1893, 1968, 1400, 967, 1359, 393, 2247, 1704, 954, 2191, 1489, 3243, 2169, 1152, 2324, 1369, 4441, 1377, 2215, 2020, 1000, 5782, 2367, 1268, 4545, 1261, 1283, 1093, 1532, 1095, 822, 1685, 1901, 1025, 3542, 1553, 2215, 2473, 1410, 1939)
(115, 613): Mean: 1738.336, median: 1494.0, std: 1070.601, percent: 1672.08, B: 114, W: 135, 
	(2434, 924, 1270, 8090, 2411, 1647, 849, 1349, 744, 1856, 1282, 1367, 893, 1714, 2593, 931, 2659, 3233, 1583, 2500, 1166, 710, 1763, 945, 1525, 1438, 849, 1673, 1615, 1338, 3237, 1852, 2590, 946, 831, 1910, 1254, 1423, 1966, 1493, 785, 2388, 1283, 1496, 987, 2299, 1151, 823, 5005, 1634, 715, 1336, 1022, 263, 1186, 4067, 437, 565, 3110, 1820, 1784, 3330, 2338, 1583, 1691, 4527, 1484, 914, 478, 1908, 850, 2486, 1720, 1511, 1224, 1847, 976, 805, 1526, 911, 1041, 805, 2611, 1050, 1190, 1055, 920, 494, 1147, 1202, 1123, 651, 1918, 1435, 3832, 2430, 926, 873, 1563, 622, 1497, 3834, 1115, 2060, 1798, 1353, 703, 321, 1340, 2634, 2091, 995, 1919, 897, 776, 1169, 1366, 1316, 850, 1773, 3454, 1452, 1629, 587, 1627, 1255, 1893, 1281, 926, 1547, 1043, 1670, 1326, 4493, 1671, 1133, 3141, 1397, 2006, 1665, 1749, 4165, 2004, 1189, 1901, 1850, 2768, 1535, 2380, 2187, 1271, 3046, 1502, 1636, 1238, 624, 3336, 1984, 7435, 1506, 2542, 1653, 1329, 1385, 822, 1974, 1870, 1393, 1424, 2797, 548, 2091, 637, 686, 1379, 1331, 1464, 1136, 779, 2127, 2629, 1385, 1449, 1326, 2194, 793, 783, 5818, 1453, 2170, 1716, 1230, 591, 2080, 1891, 1644, 2559, 1073, 2564, 2380, 1332, 4052, 1389, 1133, 1706, 754, 2008, 2423, 1432, 258, 1780, 1720, 1457, 971, 1152, 506, 2734, 1770, 1011, 2485, 1395, 3649, 2069, 1050, 2067, 1365, 4538, 1295, 2208, 1689, 1051, 6015, 2340, 1349, 3940, 1445, 1404, 1019, 1495, 1099, 841, 1525, 1879, 936, 3579, 1658, 2292, 2341, 1591, 1977)
(117, 625): Mean: 1746.712, median: 1477.5, std: 1164.271, percent: 1633.12, B: 135, W: 113, 
	(2069, 939, 1239, 10655, 2403, 1572, 806, 1457, 796, 1714, 1238, 1526, 988, 1757, 2599, 876, 3341, 3065, 1441, 2339, 1086, 715, 1709, 854, 1467, 1361, 791, 1578, 1435, 1419, 3008, 1786, 2771, 995, 774, 1703, 1241, 1710, 1822, 1800, 821, 2135, 1237, 1545, 847, 2729, 1172, 791, 4750, 1453, 715, 1241, 882, 299, 1287, 3697, 561, 652, 2827, 1888, 1673, 3336, 2104, 1482, 1816, 3990, 1521, 813, 486, 1730, 945, 2828, 1785, 1486, 1249, 1629, 974, 836, 1576, 958, 942, 764, 2339, 921, 1181, 1179, 832, 507, 1129, 1297, 1082, 687, 1868, 1603, 4933, 2654, 800, 876, 1498, 622, 1639, 3172, 1125, 2237, 1737, 1346, 743, 430, 1349, 2679, 2082, 796, 1869, 869, 861, 1190, 1307, 1407, 755, 1798, 3348, 1454, 1723, 644, 1738, 1230, 1690, 1181, 905, 1493, 915, 1815, 1263, 5422, 1850, 1190, 3026, 1465, 2101, 1583, 1907, 4376, 1751, 1179, 1794, 1827, 3016, 1471, 2384, 2330, 1194, 2767, 1463, 1357, 1145, 555, 3690, 2019, 7185, 1484, 2456, 1632, 1312, 1253, 772, 2108, 1941, 1473, 1368, 2442, 506, 1898, 638, 562, 1327, 1306, 1506, 1137, 807, 2324, 2908, 1250, 1338, 1664, 2099, 776, 712, 6109, 1452, 2432, 1598, 1359, 635, 2154, 1778, 1465, 2638, 1148, 2103, 2134, 1204, 4698, 1262, 1130, 1909, 893, 2032, 2289, 1399, 249, 1824, 1817, 1543, 1140, 1179, 378, 2422, 1740, 854, 2544, 1289, 3130, 2377, 1071, 2001, 1522, 4886, 1332, 1894, 2024, 1126, 6013, 2593, 1266, 4409, 1313, 1245, 1018, 1462, 1111, 856, 1567, 1758, 959, 3541, 1876, 2270, 2224, 1531, 2362)
(119, 636): Mean: 1742.384, median: 1493.0, std: 1041.886, percent: 1657.52, B: 111, W: 137, 
	(2063, 958, 1371, 7954, 2076, 1467, 833, 1449, 832, 1612, 1381, 1563, 1089, 1996, 2382, 897, 2853, 2991, 1742, 2319, 1198, 682, 1749, 1076, 1421, 1232, 794, 1823, 1331, 1443, 3177, 1765, 2604, 1020, 733, 1781, 1240, 1297, 1925, 1379, 823, 2500, 1151, 1702, 962, 2276, 1157, 869, 5847, 1593, 673, 1537, 963, 314, 1249, 3557, 499, 758, 2698, 2093, 1781, 3391, 2353, 1669, 2049, 3403, 1479, 833, 402, 2162, 958, 2460, 1884, 1468, 1253, 1544, 982, 905, 1362, 993, 1211, 851, 2364, 970, 1181, 1128, 832, 485, 1124, 1080, 1015, 676, 1934, 1454, 3509, 2493, 779, 907, 1528, 593, 1594, 3196, 1394, 2485, 1755, 1187, 741, 365, 1467, 2626, 2373, 903, 1907, 939, 963, 1256, 1439, 1560, 794, 1989, 3664, 1382, 1618, 649, 1777, 1258, 2065, 1289, 1031, 1625, 1159, 1858, 1286, 4267, 1540, 1135, 4179, 1462, 2089, 1557, 1961, 4462, 1860, 1199, 1755, 1694, 2739, 1495, 2945, 2232, 1193, 2976, 1372, 1433, 1225, 591, 3297, 2267, 6273, 1444, 2409, 1642, 1521, 1294, 795, 2327, 1793, 1358, 1404, 2365, 530, 1963, 595, 554, 1546, 1189, 1612, 1123, 802, 2229, 2313, 1220, 1704, 1723, 1882, 774, 660, 6104, 1541, 2018, 1672, 1311, 907, 2166, 1898, 1478, 2696, 1078, 2369, 2227, 1237, 3980, 1243, 1135, 1880, 907, 2016, 2265, 1427, 336, 1846, 1875, 1520, 1004, 1240, 491, 2381, 1689, 945, 2511, 1601, 3081, 2594, 1143, 2346, 1347, 4507, 1491, 2306, 1914, 1196, 5065, 2627, 1249, 5446, 1231, 1322, 1179, 1348, 1014, 864, 1437, 1942, 1017, 3370, 1572, 2471, 2103, 1554, 2139)
(121, 648): Mean: 1752.948, median: 1500.5, std: 1080.358, percent: 1698.72, B: 129, W: 119, 
	(2051, 948, 1312, 8321, 2227, 1612, 833, 1237, 819, 1776, 1376, 1522, 902, 2091, 2745, 869, 2735, 3066, 1675, 2591, 1287, 780, 1909, 877, 1498, 1393, 845, 1693, 1393, 1342, 3037, 2255, 2637, 904, 820, 1966, 1114, 1344, 2054, 1510, 787, 2500, 1142, 1456, 882, 2346, 1234, 895, 4845, 1624, 659, 1555, 1037, 284, 1191, 3823, 557, 627, 2702, 2041, 1520, 3356, 2315, 1571, 1820, 3990, 1537, 939, 509, 1808, 1025, 3040, 1932, 1415, 1247, 1478, 1018, 797, 1503, 1033, 1087, 833, 2217, 983, 1193, 1102, 810, 523, 1183, 1230, 1139, 586, 2022, 1558, 4550, 2629, 834, 919, 1593, 674, 1737, 3577, 1098, 2101, 1859, 1285, 634, 291, 1407, 2684, 2308, 892, 1822, 842, 895, 1121, 1473, 1414, 818, 1901, 3028, 1346, 1777, 610, 1640, 1530, 1915, 1257, 1038, 1363, 1184, 1628, 1354, 4112, 1739, 1263, 3528, 1416, 2029, 1538, 2225, 4744, 1816, 1120, 1904, 1976, 3319, 1478, 2621, 2107, 1232, 2817, 1571, 1576, 1067, 540, 3338, 2207, 7207, 1425, 2828, 1690, 1372, 1338, 729, 2012, 1777, 1354, 1322, 2717, 601, 1889, 577, 593, 1626, 1166, 1332, 1057, 766, 2129, 2431, 1311, 1599, 1564, 2264, 803, 746, 5669, 1677, 2217, 1626, 1147, 636, 2216, 1904, 1467, 3012, 1027, 2684, 2186, 1284, 3784, 1301, 1014, 1787, 817, 1937, 2633, 1282, 251, 1838, 2180, 1327, 1076, 1269, 450, 2544, 1809, 875, 2025, 1469, 3337, 2430, 1038, 2289, 1404, 4188, 1304, 2032, 1799, 1021, 6487, 2806, 1360, 4393, 1396, 1310, 1052, 1571, 1164, 860, 1655, 1842, 1048, 3759, 1724, 2260, 2224, 1466, 2190)
(122, 651): Mean: 1729.004, median: 1515.0, std: 1028.792, percent: 1699.58, B: 128, W: 122, 
	(2058, 975, 1385, 8265, 2092, 1563, 793, 1332, 849, 1675, 1429, 1558, 976, 1757, 2518, 929, 2231, 2754, 1736, 2462, 1204, 735, 2014, 881, 1537, 1310, 855, 1678, 1432, 1462, 2741, 1936, 2665, 968, 875, 1803, 1240, 1473, 1828, 1572, 847, 2172, 1189, 1640, 936, 2600, 1203, 824, 4510, 1734, 752, 1316, 945, 258, 1182, 3529, 493, 720, 2824, 2028, 1632, 3330, 2183, 1535, 1680, 3425, 1753, 830, 443, 2092, 1046, 2752, 1939, 1500, 1250, 1533, 911, 832, 1423, 1086, 1095, 922, 2649, 942, 1257, 1198, 767, 486, 1079, 1144, 1050, 728, 1887, 1472, 4230, 2512, 833, 920, 1505, 613, 1614, 3511, 1039, 2027, 1653, 1443, 730, 347, 1210, 2681, 2255, 954, 1908, 962, 845, 1360, 1565, 1520, 768, 1605, 2690, 1380, 1498, 604, 1812, 1520, 1986, 1190, 929, 1487, 987, 1867, 1420, 4171, 1534, 1424, 2920, 1414, 2069, 1628, 1985, 4133, 1724, 1211, 1847, 1817, 2635, 1379, 2519, 2188, 1194, 2805, 1396, 1663, 1140, 640, 3099, 2195, 6999, 1397, 2468, 1480, 1242, 1435, 757, 1908, 1686, 1603, 1595, 2593, 547, 2029, 568, 557, 1535, 1254, 1517, 1061, 811, 2477, 2663, 1408, 1464, 1471, 2043, 754, 726, 6012, 1572, 2441, 1649, 1267, 682, 2339, 1867, 1513, 3315, 994, 2456, 2084, 1420, 4104, 1216, 1235, 1857, 767, 1956, 2605, 1314, 282, 1850, 1724, 1502, 935, 1140, 482, 2241, 1745, 886, 2480, 1458, 3173, 2472, 1124, 2326, 1442, 4443, 1319, 2034, 2057, 1155, 6013, 2625, 1497, 4069, 1527, 1255, 1180, 1546, 1061, 937, 1803, 1975, 1042, 2939, 1728, 1990, 2482, 1461, 2329)
(123, 654): Mean: 1727.044, median: 1452.5, std: 1070.921, percent: 1638.08, B: 140, W: 109, 
	(2113, 970, 1211, 8059, 2031, 1424, 793, 1415, 786, 1791, 1424, 1337, 841, 1740, 2432, 983, 2910, 3003, 1389, 2504, 1053, 709, 1633, 896, 1536, 1424, 763, 1584, 1548, 1280, 2620, 1790, 2617, 942, 846, 1835, 1231, 1416, 1699, 1609, 763, 2116, 1269, 1527, 852, 2101, 1172, 922, 5319, 1429, 727, 1357, 907, 358, 1291, 4228, 472, 588, 2747, 2122, 1672, 3006, 2082, 1546, 1810, 3731, 1459, 832, 493, 2113, 1000, 2887, 1756, 1694, 1263, 1755, 1096, 787, 1588, 935, 1019, 837, 2239, 1086, 1190, 1293, 810, 576, 1155, 1299, 1136, 621, 2014, 1424, 3583, 2461, 851, 951, 1428, 604, 1550, 3411, 1121, 2050, 1757, 1177, 678, 386, 1350, 2670, 2318, 853, 1612, 866, 910, 1171, 1436, 1305, 814, 1824, 4051, 1315, 1526, 561, 1722, 1306, 1890, 1199, 972, 1634, 965, 2083, 1179, 5089, 1619, 1265, 2872, 1412, 2152, 1550, 1735, 3979, 1767, 1128, 1940, 1775, 2920, 1448, 2432, 2152, 1380, 2975, 1759, 1525, 1174, 608, 3200, 1917, 7534, 1411, 2475, 1754, 1401, 1315, 774, 2032, 2117, 1374, 1358, 2502, 566, 1834, 604, 540, 1501, 1124, 1423, 1114, 727, 2205, 2261, 1276, 1272, 1720, 2198, 708, 673, 5455, 1520, 2434, 1639, 1304, 685, 2134, 1708, 1491, 2991, 1074, 2482, 2138, 1289, 3925, 1327, 1113, 2149, 722, 2038, 2548, 1362, 337, 1966, 1722, 1434, 955, 1269, 543, 2326, 1695, 882, 2312, 1477, 3421, 2514, 1197, 2266, 1410, 4515, 1274, 1902, 2026, 1099, 6399, 2390, 1431, 4581, 1457, 1329, 1044, 1517, 1054, 816, 1679, 1770, 993, 3444, 1759, 2298, 2266, 1395, 2305)
(129, 690): Mean: 1719.996, median: 1483.0, std: 1023.66, percent: 1646.84, B: 126, W: 123, 
	(2097, 943, 1295, 7618, 2391, 1519, 899, 1228, 752, 1643, 1318, 1418, 897, 1860, 2267, 897, 2562, 2844, 1445, 2549, 1220, 761, 1812, 848, 1681, 1394, 742, 1625, 1531, 1285, 3549, 2104, 2551, 1061, 839, 2049, 1083, 1607, 1822, 1641, 793, 2202, 1286, 1765, 871, 2267, 1128, 828, 4898, 1656, 630, 1326, 991, 252, 1319, 4142, 525, 552, 2945, 1984, 1537, 3107, 2283, 1589, 1922, 3663, 1665, 894, 475, 1658, 953, 2780, 1813, 1360, 1255, 1481, 1017, 735, 1452, 982, 1041, 783, 2342, 881, 1284, 1074, 865, 483, 1202, 1188, 1014, 749, 2054, 1542, 3339, 2348, 848, 843, 1439, 657, 1405, 3074, 1130, 2160, 1831, 1333, 680, 404, 1422, 2636, 2453, 867, 1601, 888, 877, 1019, 1479, 1285, 861, 1881, 3471, 1345, 1788, 621, 1831, 1266, 1773, 1134, 913, 1464, 938, 1845, 1128, 4905, 1658, 1292, 3195, 1366, 1947, 1563, 1871, 3721, 1748, 1011, 1615, 1610, 2723, 1741, 2596, 2104, 1356, 2964, 1470, 1462, 1085, 650, 3339, 2027, 6422, 1378, 3013, 1776, 1389, 1423, 749, 2067, 1741, 1350, 1647, 2669, 537, 2241, 558, 582, 1586, 1083, 1567, 1013, 884, 2535, 2546, 1240, 1488, 1444, 1866, 819, 670, 5995, 1724, 2347, 1485, 1403, 612, 2067, 1863, 1590, 2499, 1063, 2616, 1959, 1187, 4391, 1282, 1141, 1755, 828, 2160, 2644, 1346, 272, 1895, 1800, 1501, 1000, 1257, 514, 2251, 1644, 907, 2159, 1395, 3501, 2392, 1118, 2402, 1575, 4786, 1377, 2039, 1838, 1106, 5387, 2550, 1424, 4270, 1310, 1223, 1114, 1405, 1073, 805, 1790, 1972, 1025, 2968, 1728, 2233, 2266, 1720, 2341)
(132, 706): Mean: 1755.164, median: 1496.0, std: 1108.134, percent: 1680.24, B: 119, W: 130, 
	(2451, 931, 1233, 7307, 2533, 1497, 902, 1382, 748, 1780, 1238, 1509, 989, 1831, 2345, 908, 2838, 2940, 1452, 2434, 1082, 724, 1519, 990, 1626, 1391, 898, 1615, 1564, 1250, 3790, 2171, 2630, 988, 744, 1797, 1190, 1632, 1685, 1424, 877, 2055, 1209, 1522, 1134, 2245, 1162, 887, 5835, 1571, 679, 1428, 1069, 282, 1232, 3560, 463, 546, 2641, 1867, 1697, 3673, 2265, 1551, 1893, 3538, 1480, 872, 462, 1985, 939, 3028, 2066, 1421, 1301, 1506, 960, 849, 1657, 1032, 987, 805, 2346, 994, 1224, 1087, 1015, 536, 1038, 1176, 1127, 654, 1911, 1538, 3683, 2428, 831, 970, 1587, 602, 1503, 3833, 1147, 2197, 1716, 1185, 664, 333, 1438, 2884, 2118, 877, 1818, 868, 944, 1226, 1403, 1457, 896, 2145, 3459, 1343, 1673, 689, 1783, 1386, 1903, 1180, 991, 1736, 1012, 2008, 1351, 4539, 1674, 1191, 3329, 1295, 2341, 1783, 1697, 4356, 2007, 1157, 1727, 1798, 3204, 1481, 2419, 1999, 1240, 2884, 1539, 1659, 1145, 580, 3276, 2194, 7658, 1539, 2287, 1724, 1309, 1410, 747, 2122, 2014, 1570, 1270, 2600, 551, 2048, 597, 588, 1438, 1146, 1473, 988, 773, 2778, 2734, 1403, 1242, 1438, 2225, 766, 687, 7616, 1783, 2265, 1657, 1308, 708, 1998, 2030, 1482, 2872, 1054, 2059, 1979, 1240, 4623, 1266, 1082, 1727, 800, 1858, 2229, 1418, 256, 1838, 1582, 1418, 1029, 1242, 417, 2499, 1781, 1027, 2577, 1443, 2687, 2429, 1187, 2069, 1544, 3907, 1377, 2229, 1757, 1069, 6287, 2466, 1373, 4698, 1391, 1334, 1086, 1493, 1009, 867, 1624, 2052, 929, 3804, 1600, 2253, 2733, 1495, 2138)
(134, 716): Mean: 1739.1, median: 1520.0, std: 1038.03, percent: 1658.66, B: 131, W: 117, 
	(2344, 931, 1219, 7467, 2005, 1530, 856, 1378, 749, 1476, 1353, 1420, 925, 1833, 2458, 955, 3150, 3831, 1579, 2539, 1181, 772, 1689, 806, 1540, 1508, 889, 1522, 1461, 1684, 2959, 1948, 2711, 970, 796, 1705, 1188, 1409, 1816, 1431, 845, 2372, 1239, 1660, 870, 2197, 1070, 853, 5334, 1541, 716, 1424, 921, 305, 1195, 3908, 508, 615, 3289, 1902, 1594, 3496, 2585, 1633, 2045, 3725, 1537, 961, 495, 2291, 1067, 2587, 1979, 1527, 1274, 1619, 920, 882, 1468, 963, 1161, 828, 2440, 1046, 1133, 1289, 888, 491, 1129, 1216, 1065, 653, 1874, 1478, 5175, 2267, 812, 916, 1654, 560, 1584, 3389, 1109, 2192, 1744, 1528, 673, 345, 1363, 3016, 2180, 1009, 1784, 906, 884, 1188, 1561, 1497, 798, 1814, 2885, 1336, 1872, 618, 2042, 1334, 1696, 1165, 1021, 1619, 1005, 1736, 1231, 4340, 1560, 1497, 2956, 1354, 1867, 1671, 1713, 4586, 1621, 1142, 1686, 1924, 2858, 1520, 2588, 2165, 1241, 2661, 1520, 1495, 1059, 596, 3473, 2558, 6853, 1425, 2245, 1675, 1396, 1302, 772, 2133, 2092, 1233, 1470, 2045, 535, 2169, 575, 551, 1569, 1165, 1495, 1025, 786, 2378, 2549, 1232, 1377, 1311, 2097, 737, 687, 4841, 1569, 2370, 1577, 1211, 632, 2343, 1868, 1540, 3218, 1136, 2413, 1991, 1232, 4248, 1291, 1223, 1720, 728, 2154, 2377, 1355, 327, 1978, 1897, 1602, 1002, 1152, 405, 2513, 1825, 837, 2466, 1366, 3559, 2095, 1039, 2359, 1509, 5072, 1245, 2078, 2148, 1106, 4509, 2272, 1497, 4398, 1380, 1242, 1019, 1484, 1105, 913, 1545, 1999, 921, 3414, 1893, 2079, 2404, 1612, 2348)
(139, 743): Mean: 1730.968, median: 1495.5, std: 1057.399, percent: 1633.28, B: 132, W: 118, 
	(2342, 922, 1241, 8268, 2127, 1559, 922, 1455, 761, 1850, 1321, 1497, 1056, 1632, 2611, 844, 2575, 3192, 1802, 2241, 1383, 703, 1833, 848, 1456, 1488, 885, 1733, 1459, 1430, 2650, 2169, 2762, 1007, 801, 1854, 1201, 1308, 1667, 1571, 753, 2385, 1195, 1489, 980, 2308, 1090, 847, 5192, 1497, 674, 1333, 879, 285, 1272, 3883, 498, 631, 2902, 1999, 1642, 3030, 2217, 1645, 1983, 3871, 1494, 899, 485, 1833, 952, 2510, 1918, 1293, 1222, 1770, 1044, 843, 1604, 946, 1027, 824, 2334, 964, 1345, 1148, 861, 544, 1119, 1253, 1018, 639, 1961, 1517, 3452, 2227, 871, 876, 1498, 616, 1591, 3691, 1075, 2241, 1684, 1361, 687, 367, 1446, 2850, 2264, 854, 1680, 822, 910, 1144, 1484, 1454, 852, 1702, 3338, 1327, 1629, 589, 1740, 1241, 1646, 1202, 866, 1651, 949, 1852, 1258, 5459, 1658, 1268, 3201, 1443, 1772, 1637, 1868, 4363, 1619, 1180, 1779, 1485, 2895, 1550, 2495, 1971, 1248, 3004, 1306, 1466, 1130, 557, 3284, 2022, 6594, 1727, 2250, 1679, 1378, 1185, 750, 2005, 2104, 1614, 1546, 2321, 568, 1934, 629, 561, 1441, 1172, 1336, 1164, 771, 2543, 2539, 1276, 1334, 1605, 2026, 753, 731, 5530, 1632, 2352, 1625, 1385, 650, 2342, 1819, 1813, 2404, 1066, 2513, 1918, 1321, 3914, 1238, 1188, 1900, 810, 1981, 2264, 1544, 274, 1956, 2124, 1489, 1111, 1180, 390, 2490, 1852, 892, 2494, 1376, 2639, 2893, 992, 2203, 1373, 4634, 1313, 2180, 1677, 949, 6269, 2477, 1378, 4285, 1261, 1355, 1238, 1520, 1108, 845, 1646, 2069, 970, 3655, 1627, 2778, 2334, 1446, 2335)
(144, 772): Mean: 1741.772, median: 1488.5, std: 1110.623, percent: 1625.16, B: 130, W: 120, 
	(2220, 983, 1194, 8269, 2318, 1441, 824, 1360, 768, 2061, 1394, 1509, 907, 1770, 2399, 831, 2521, 2797, 1767, 2309, 1263, 749, 1696, 985, 1467, 1374, 791, 1622, 1578, 1323, 3016, 2350, 2600, 945, 803, 1693, 1163, 1366, 1958, 1623, 775, 2014, 1321, 1463, 838, 2653, 1125, 825, 5940, 1541, 709, 1306, 1011, 289, 1174, 4385, 516, 638, 2982, 2320, 1597, 3469, 2342, 1460, 1851, 3204, 1654, 886, 473, 1825, 925, 2812, 1911, 1384, 1280, 1552, 826, 791, 1555, 947, 1144, 874, 2238, 948, 1365, 1208, 886, 467, 1238, 1075, 1080, 630, 1844, 1548, 5361, 2455, 850, 861, 1539, 669, 1865, 3518, 1077, 1902, 1731, 1333, 676, 353, 1331, 2704, 2103, 921, 1847, 865, 891, 1477, 1507, 1315, 808, 1722, 3569, 1312, 1769, 834, 1736, 1342, 1772, 1174, 943, 1517, 1081, 1940, 1188, 4179, 1623, 1260, 3314, 1446, 2166, 1664, 1801, 4663, 1811, 1183, 1705, 1648, 2881, 1538, 2314, 2135, 1194, 3043, 1295, 1601, 1141, 644, 3087, 2114, 7599, 1465, 2700, 1570, 1329, 1288, 772, 1866, 2176, 1382, 1295, 2472, 469, 2106, 572, 602, 1629, 1234, 1456, 1047, 722, 2460, 2401, 1293, 1551, 1367, 2241, 755, 675, 5023, 1543, 2007, 1649, 1348, 700, 2000, 1963, 1620, 2817, 1007, 2324, 1872, 1193, 3837, 1356, 1134, 1842, 769, 1977, 2502, 1503, 255, 1739, 1738, 1500, 962, 1311, 391, 2191, 1476, 838, 2341, 1301, 3721, 2340, 1095, 2156, 1451, 5423, 1401, 2004, 1975, 1212, 6788, 2610, 1291, 4190, 1432, 1265, 1099, 1390, 1028, 930, 1510, 1799, 941, 3385, 1801, 2409, 2360, 1433, 2052)
(152, 819): Mean: 1722.164, median: 1488.0, std: 1049.113, percent: 1617.76, B: 125, W: 125, 
	(2342, 873, 1177, 8189, 2284, 1509, 847, 1329, 748, 1905, 1344, 1660, 955, 1554, 2799, 931, 2612, 3019, 1562, 2411, 1239, 740, 1969, 933, 1656, 1318, 867, 2023, 1347, 1306, 3093, 1966, 2690, 1012, 872, 1721, 1423, 1606, 1776, 1476, 763, 2119, 1226, 1541, 940, 2394, 1067, 852, 4743, 1643, 705, 1319, 930, 257, 1274, 4011, 505, 693, 2767, 1809, 1654, 3030, 2426, 1480, 1768, 3341, 1650, 908, 405, 1929, 883, 2999, 1769, 1484, 1193, 1556, 911, 760, 1492, 979, 1167, 883, 2336, 971, 1314, 1093, 835, 582, 1106, 1124, 1107, 636, 1897, 1434, 3773, 2260, 864, 900, 1703, 644, 1536, 3375, 1131, 2227, 1669, 1286, 683, 332, 1484, 2526, 2241, 901, 1756, 886, 871, 1316, 1529, 1415, 821, 1860, 3452, 1351, 1741, 529, 1715, 1304, 1813, 1210, 982, 1807, 912, 2091, 1088, 4324, 1509, 1212, 4039, 1513, 2084, 1823, 1730, 4526, 1736, 1107, 1570, 1619, 3157, 1401, 2152, 1885, 1361, 3051, 1461, 1451, 1290, 596, 3349, 2229, 7054, 1549, 2418, 1581, 1328, 1328, 831, 1942, 1874, 1473, 1406, 2291, 540, 2029, 612, 572, 1390, 1273, 1416, 1179, 796, 2398, 2539, 1200, 1331, 1347, 2056, 759, 797, 6288, 1536, 2126, 1588, 1137, 671, 2106, 1830, 1507, 2307, 1174, 2272, 1856, 1180, 3932, 1267, 1171, 1822, 799, 1819, 2720, 1478, 283, 2087, 1700, 1566, 980, 1192, 449, 2229, 1612, 991, 2321, 1393, 3163, 2006, 1135, 2148, 1420, 4755, 1397, 2048, 1913, 1173, 5494, 2356, 1447, 4178, 1450, 1342, 1128, 1523, 1081, 891, 1541, 1937, 916, 3647, 1772, 1884, 2446, 1465, 2285)
(155, 834): Mean: 1738.344, median: 1471.0, std: 1067.363, percent: 1676.04, B: 125, W: 123, 
	(2106, 903, 1266, 8025, 2567, 1642, 842, 1259, 754, 1757, 1321, 1443, 894, 1608, 2422, 1018, 3220, 3062, 1732, 2219, 1211, 757, 1910, 1039, 1647, 1401, 807, 1756, 1437, 1272, 2897, 2319, 2795, 958, 765, 1976, 1152, 1324, 1705, 1602, 724, 1875, 1219, 1623, 1225, 2181, 1124, 906, 5144, 1637, 671, 1314, 969, 313, 1377, 3778, 481, 751, 3076, 2159, 1657, 3589, 2469, 1590, 1969, 3556, 1650, 862, 449, 1857, 993, 2753, 1685, 1351, 1307, 1583, 1008, 943, 1404, 1016, 985, 782, 2293, 1059, 1223, 1087, 839, 552, 1115, 1101, 1007, 667, 1902, 1546, 4219, 2737, 909, 886, 1747, 624, 1438, 3197, 1119, 2378, 1840, 1294, 683, 374, 1333, 2614, 2157, 834, 1835, 824, 843, 1150, 1368, 1345, 789, 1763, 3262, 1438, 1677, 647, 1838, 1291, 2195, 1270, 928, 1527, 942, 2202, 1248, 4921, 1672, 1223, 2913, 1444, 2154, 1670, 1791, 4278, 1880, 1195, 1672, 1631, 2739, 1501, 2333, 1888, 1275, 2694, 1419, 1378, 1144, 564, 3061, 2254, 7217, 1365, 2438, 1836, 1474, 1397, 737, 1928, 2020, 1415, 1433, 2820, 523, 1877, 571, 587, 1559, 1142, 1383, 1168, 749, 2496, 3049, 1211, 1551, 1522, 1947, 749, 792, 5848, 1428, 2364, 1586, 1167, 610, 2268, 1811, 1404, 3043, 1081, 2276, 2243, 1280, 4061, 1232, 1096, 1876, 823, 2114, 2367, 1468, 294, 1868, 1769, 1540, 925, 1182, 400, 2200, 1748, 802, 2228, 1578, 2837, 2720, 1153, 2484, 1354, 4695, 1386, 2154, 1682, 1000, 6453, 2554, 1451, 3733, 1355, 1218, 1040, 1542, 1048, 886, 1715, 1957, 988, 3338, 1735, 2115, 2523, 1442, 2447)
(159, 857): Mean: 1736.024, median: 1506.5, std: 1065.977, percent: 1619.42, B: 119, W: 130, 
	(2212, 955, 1296, 7819, 2105, 1577, 786, 1339, 722, 1684, 1331, 1523, 871, 1621, 2659, 893, 2575, 2914, 1687, 2139, 1267, 690, 2002, 831, 1786, 1354, 874, 1829, 1516, 1371, 2986, 1817, 2791, 979, 738, 1951, 1161, 1428, 1747, 1522, 860, 2174, 1256, 1610, 906, 2263, 1154, 945, 5035, 1967, 737, 1307, 916, 314, 1288, 3838, 497, 690, 3160, 1804, 1649, 3046, 2573, 1538, 2119, 3786, 1738, 802, 430, 1917, 930, 2651, 1725, 1420, 1296, 1602, 1062, 751, 1534, 1026, 1100, 818, 2235, 1011, 1135, 1243, 813, 532, 1079, 1316, 1053, 684, 1863, 1508, 4819, 2371, 830, 960, 1556, 581, 1555, 3326, 1118, 2292, 1799, 1288, 718, 325, 1270, 2340, 2218, 770, 1741, 842, 844, 1200, 1460, 1447, 805, 1706, 3484, 1361, 1704, 667, 1844, 1591, 1647, 1296, 991, 1595, 998, 1944, 1239, 5004, 1789, 1262, 3259, 1323, 1866, 1762, 1764, 3930, 2109, 1247, 1766, 1955, 2750, 1492, 2364, 2211, 1217, 3272, 1381, 1507, 1114, 655, 3116, 2308, 7566, 1328, 2368, 1629, 1457, 1253, 754, 2157, 2060, 1494, 1370, 2637, 572, 2060, 561, 547, 1470, 1196, 1489, 1178, 778, 2173, 2560, 1261, 1386, 1506, 1955, 748, 768, 5133, 1522, 2451, 1469, 1359, 633, 2268, 1698, 1572, 2589, 1112, 2173, 1813, 1163, 4115, 1383, 1252, 1782, 797, 1949, 2626, 1460, 321, 1859, 2456, 1473, 1009, 1123, 469, 2414, 1818, 867, 2312, 1513, 2899, 2536, 1210, 2326, 1485, 6107, 1220, 2013, 1876, 1188, 5336, 2399, 1233, 4428, 1245, 1190, 1166, 1359, 1121, 857, 1535, 1919, 879, 3594, 1820, 1953, 2108, 1495, 2256)
(160, 863): Mean: 1826.748, median: 1583.5, std: 1041.546, percent: 1744.86, B: 83, W: 166, 
	(2785, 886, 1373, 8246, 2010, 1709, 887, 1472, 1021, 2149, 1234, 1330, 1114, 2111, 2124, 876, 2764, 2964, 1823, 2603, 1442, 723, 1846, 1208, 1512, 1453, 745, 1881, 1498, 1353, 3664, 2178, 3199, 982, 802, 1868, 1174, 1532, 2633, 1924, 775, 2757, 1199, 1557, 1087, 2449, 1152, 957, 5665, 1790, 853, 1425, 998, 532, 1311, 4306, 492, 906, 3439, 2189, 1622, 3481, 2334, 2031, 1978, 3814, 1582, 845, 506, 2036, 1005, 2623, 2136, 1453, 1326, 1677, 1099, 897, 1503, 1025, 1033, 854, 2263, 1028, 1392, 1156, 941, 487, 1310, 1217, 1178, 836, 1867, 1619, 4116, 2474, 905, 885, 1688, 619, 1585, 3428, 1347, 2044, 1938, 1185, 770, 484, 1579, 2694, 2316, 913, 1951, 836, 981, 1831, 1336, 2397, 873, 2061, 3703, 1436, 1655, 551, 1795, 1373, 1999, 1279, 1032, 1808, 1299, 1879, 1290, 4542, 1597, 1425, 3338, 1454, 2153, 1738, 1872, 4388, 1853, 1290, 1952, 1882, 3259, 1332, 3721, 2372, 1501, 3368, 1550, 1565, 1161, 735, 3079, 2169, 5857, 1430, 2534, 1609, 1436, 2380, 1289, 2117, 1857, 1494, 1779, 2255, 507, 1937, 602, 606, 1635, 1262, 1393, 1152, 854, 2512, 2575, 1579, 1707, 1681, 2199, 769, 736, 5647, 1930, 2322, 1668, 1255, 702, 2265, 1984, 1430, 3503, 1098, 2397, 2137, 1345, 3903, 1232, 1205, 1749, 837, 2032, 2248, 1213, 395, 1928, 1848, 1649, 1101, 1394, 589, 2542, 1703, 906, 2508, 1398, 3249, 3089, 1099, 2391, 1625, 4049, 1377, 2491, 1728, 1224, 5276, 2130, 1390, 4120, 1357, 1342, 1498, 1572, 1260, 888, 1550, 1891, 1107, 3565, 1871, 2608, 2572, 1625, 2215)
(161, 864): Mean: 1805.504, median: 1569.0, std: 1083.796, percent: 1716.02, B: 132, W: 117, 
	(2221, 1041, 1327, 8595, 2190, 1910, 870, 1379, 890, 2269, 1344, 1678, 939, 1766, 2850, 948, 3238, 3179, 1757, 2024, 1347, 724, 1959, 954, 1669, 1483, 865, 1640, 1397, 1288, 2922, 2086, 3270, 1065, 763, 1726, 1292, 1394, 1755, 1543, 895, 2329, 1136, 1715, 1016, 2337, 1347, 923, 4594, 1597, 734, 1301, 991, 276, 1367, 4194, 534, 618, 3213, 1964, 1593, 2846, 2271, 1619, 1848, 4062, 1747, 870, 501, 2487, 998, 3241, 2096, 1576, 1413, 1823, 985, 940, 1402, 966, 1158, 852, 2656, 968, 1279, 1118, 980, 558, 1253, 1234, 1127, 684, 1849, 1461, 4395, 2139, 863, 934, 1767, 776, 1845, 2919, 1097, 2316, 1831, 1276, 650, 354, 1362, 2829, 1939, 1017, 1855, 934, 972, 1346, 1489, 1441, 917, 1666, 3133, 1605, 1772, 711, 1795, 1316, 2060, 1470, 1035, 1448, 1029, 2400, 1379, 5458, 1590, 1199, 3787, 1590, 2160, 1853, 2047, 4598, 1876, 1188, 1819, 1868, 3495, 1574, 2226, 2110, 1314, 3235, 1538, 1529, 1323, 655, 3638, 2292, 6399, 1456, 2525, 1700, 1387, 1313, 758, 2398, 2066, 1553, 1456, 2938, 648, 1902, 628, 714, 1630, 1329, 1631, 1126, 831, 2487, 2395, 1521, 1440, 1508, 2336, 797, 686, 5532, 1739, 2531, 1788, 1393, 701, 2103, 2076, 1550, 2912, 1148, 2356, 1946, 1480, 4052, 1340, 1216, 1847, 789, 1940, 2526, 1245, 358, 1856, 1994, 1500, 911, 1172, 501, 2652, 1775, 1032, 2328, 1491, 2960, 2392, 1134, 2335, 1564, 4100, 1348, 2217, 1854, 1151, 6530, 2879, 1265, 4768, 1437, 1364, 1055, 1648, 1036, 814, 1603, 2102, 946, 3847, 1715, 2194, 2552, 1626, 2459)
(162, 866): Mean: 1809.5, median: 1535.0, std: 1155.518, percent: 1711.32, B: 136, W: 113, 
	(2363, 1031, 1300, 8283, 2367, 1626, 879, 1378, 714, 1776, 1563, 1445, 1004, 1712, 2451, 882, 2732, 3231, 1740, 2657, 1317, 722, 1664, 851, 1688, 1524, 858, 1644, 1546, 1337, 3057, 1941, 3251, 1089, 859, 1793, 1212, 1490, 1881, 1602, 880, 2138, 1215, 1523, 854, 2358, 1258, 921, 6361, 1566, 676, 1567, 1002, 319, 1506, 4658, 489, 504, 3604, 1833, 1946, 3209, 2395, 1590, 2206, 4521, 1487, 780, 492, 2033, 998, 2758, 1738, 1727, 1172, 1694, 973, 817, 1391, 991, 1083, 792, 2433, 977, 1413, 1308, 918, 544, 1126, 1086, 1134, 671, 1980, 1443, 4107, 2745, 910, 921, 1486, 715, 1585, 3859, 1170, 2198, 1721, 1399, 699, 444, 1403, 2775, 2166, 823, 1724, 901, 852, 1184, 1448, 1327, 784, 1841, 3063, 1361, 1652, 575, 1806, 1288, 1765, 1194, 1075, 1680, 1012, 1920, 1439, 4685, 1663, 1339, 3210, 1446, 2138, 1747, 2005, 4264, 1769, 1214, 1788, 2289, 2861, 1593, 2600, 1987, 1273, 3048, 1581, 1576, 1162, 591, 3254, 2192, 8193, 1470, 2651, 1824, 1478, 1382, 763, 2093, 2073, 1474, 1417, 2425, 546, 2376, 678, 579, 1709, 1300, 1392, 1110, 790, 2719, 2647, 1518, 1614, 1492, 2767, 808, 750, 5710, 1496, 2512, 1440, 1184, 660, 2070, 2000, 1912, 2874, 1003, 2313, 2286, 1240, 4244, 1306, 1201, 1826, 841, 2067, 2525, 1380, 335, 1777, 2015, 1505, 933, 1351, 559, 2168, 1819, 854, 2602, 1360, 3610, 2408, 1129, 2343, 1503, 4158, 1405, 2167, 2206, 1075, 7232, 2467, 1471, 4914, 1554, 1372, 994, 1512, 1061, 1021, 1835, 2293, 975, 4069, 1685, 2366, 2604, 1627, 2103)
(163, 867): Mean: 2731.164, median: 2282.0, std: 1799.596, percent: 2583.84, B: 0, W: 250, 
	(4556, 1430, 2092, 14690, 3958, 2359, 1448, 2372, 1192, 2573, 1904, 2149, 1399, 2550, 4112, 1490, 4298, 4182, 2688, 2998, 1877, 1064, 2695, 1256, 2201, 2266, 1270, 3224, 2233, 2156, 4914, 3249, 4566, 1547, 1285, 2732, 1929, 2993, 2540, 2506, 1432, 3074, 1795, 2530, 1576, 3438, 1464, 1192, 10261, 2137, 1115, 2357, 1861, 509, 2027, 7285, 684, 913, 5657, 3625, 2684, 3302, 3363, 2389, 3212, 5924, 2481, 1128, 736, 3359, 1373, 5082, 3040, 2309, 1947, 3132, 1676, 1323, 2147, 1403, 1650, 1121, 3508, 1404, 1783, 1702, 1500, 731, 1568, 1691, 1601, 1025, 3275, 2622, 5871, 3032, 1466, 1340, 2222, 1023, 3027, 4250, 1677, 3343, 2809, 2206, 1009, 510, 1967, 3881, 3518, 1364, 2943, 1391, 1471, 1821, 1956, 2281, 1172, 2791, 5359, 2693, 2211, 1044, 3038, 1844, 2641, 1899, 1558, 2532, 1467, 3045, 1932, 7020, 2482, 1871, 5229, 2393, 3757, 2450, 2826, 7922, 2590, 1644, 2931, 2411, 4092, 2257, 4165, 3598, 1923, 3673, 2600, 1989, 1981, 922, 5426, 3907, 9974, 2264, 4317, 2506, 1712, 2055, 1143, 3655, 3003, 2093, 1948, 3521, 787, 2625, 1011, 1000, 2521, 1723, 2150, 1584, 1319, 4160, 4107, 2139, 2469, 2251, 3125, 1173, 1177, 10996, 2166, 3313, 2234, 2302, 963, 3929, 2565, 2274, 4141, 1547, 3637, 3216, 2280, 6755, 1831, 1850, 2955, 1173, 3128, 3343, 2573, 410, 3165, 3600, 2255, 1606, 2007, 782, 3348, 2547, 1378, 3838, 2193, 4690, 4286, 1850, 3429, 1782, 8490, 1668, 3181, 2777, 1705, 9813, 3351, 1981, 5928, 2283, 1897, 1426, 2144, 1305, 1320, 2771, 3362, 1411, 5506, 2608, 4402, 3001, 2181, 3702)
(164, 869): Mean: 2582.744, median: 2270.0, std: 1654.507, percent: 2456.48, B: 170, W: 80, 
	(3666, 1348, 2116, 13932, 3445, 2436, 1670, 2169, 1304, 2592, 1830, 2208, 1366, 2289, 4243, 1399, 4873, 4366, 2295, 4150, 1721, 989, 2761, 1229, 2340, 2049, 1445, 2605, 2221, 2068, 3893, 2831, 4355, 1468, 1126, 2648, 2038, 2424, 2875, 2828, 1304, 3046, 1567, 3067, 1448, 3226, 1607, 1241, 7873, 2212, 1073, 2104, 1537, 397, 2113, 7526, 778, 920, 4811, 3473, 2608, 4404, 3275, 2345, 2975, 5328, 2275, 1094, 725, 2520, 1337, 3982, 2817, 2071, 2053, 2628, 1555, 1133, 2206, 1423, 1490, 1007, 2915, 1392, 1526, 1826, 1634, 938, 1676, 1664, 1613, 971, 3128, 2271, 5590, 3073, 1341, 1337, 2032, 1116, 2785, 4171, 1429, 2473, 2569, 1823, 1014, 459, 2009, 3817, 2556, 1365, 2433, 1390, 1373, 1828, 2206, 2116, 1248, 2593, 4402, 1920, 2708, 922, 2959, 1819, 2470, 1977, 1357, 2283, 1438, 2745, 1805, 6800, 2269, 1827, 4995, 2300, 2842, 2409, 2660, 5774, 2624, 1761, 2841, 2584, 4874, 2180, 3528, 3185, 1808, 3479, 2308, 2274, 1490, 982, 4069, 2918, 9261, 2404, 3891, 2478, 2070, 1958, 1024, 3052, 2649, 2045, 2025, 3223, 725, 3028, 858, 941, 2569, 1582, 2389, 1646, 1219, 3946, 4329, 2031, 2161, 2226, 3181, 1128, 1369, 10591, 1848, 3107, 2437, 1594, 1033, 3145, 2568, 2412, 5281, 1499, 3781, 2989, 1838, 6377, 1695, 1920, 2570, 1165, 2874, 3188, 2359, 426, 3030, 2956, 2360, 1699, 1819, 622, 3093, 2836, 1326, 3734, 1904, 4040, 3982, 1789, 3140, 1856, 6744, 1975, 2713, 2977, 1756, 10644, 3372, 1867, 5187, 2039, 1790, 1381, 2108, 1364, 1279, 2348, 4001, 1262, 4358, 2406, 3336, 3007, 2103, 3907)
(165, 871): Mean: 2269.516, median: 1896.5, std: 1519.646, percent: 2109.32, B: 226, W: 24, 
	(3355, 1241, 1551, 9821, 3080, 2188, 1036, 1787, 888, 2509, 1530, 1872, 1189, 2000, 3248, 1177, 3771, 4430, 1807, 3512, 1562, 993, 2175, 1283, 1956, 1891, 1085, 2429, 1877, 1737, 3276, 2207, 3722, 1235, 1105, 2367, 1602, 1665, 2169, 2262, 1116, 3024, 1436, 1894, 856, 2660, 1461, 1041, 8363, 1827, 814, 1845, 1208, 336, 1544, 5304, 729, 714, 3755, 2629, 2052, 3788, 2735, 2136, 2551, 4558, 1874, 1003, 571, 2438, 1227, 3843, 2847, 2136, 1671, 2163, 1432, 1138, 1676, 1193, 1193, 963, 2996, 1330, 1476, 1342, 1065, 715, 1452, 1534, 1416, 800, 2999, 2096, 5639, 3149, 983, 1128, 1936, 970, 2034, 3796, 1263, 2699, 2336, 1657, 885, 317, 1871, 4364, 2685, 1056, 2175, 1219, 1035, 1554, 1734, 1776, 1059, 2506, 3543, 1938, 2397, 650, 2263, 1749, 2724, 1734, 1235, 1941, 1242, 2495, 1460, 4973, 2118, 1558, 4041, 1899, 2780, 2080, 2565, 6626, 2451, 1523, 2293, 2527, 4354, 1841, 3065, 2786, 1558, 3668, 2143, 1993, 1406, 767, 4265, 2354, 11363, 1884, 3114, 2269, 1606, 1669, 951, 2579, 2464, 1986, 1834, 2958, 622, 2941, 761, 899, 2128, 1686, 2093, 1377, 1107, 3118, 3738, 1600, 1771, 1702, 2772, 1136, 984, 9608, 1825, 2882, 1725, 1547, 876, 2863, 2403, 2208, 3814, 1398, 3547, 3166, 1791, 5044, 1537, 1481, 2188, 1112, 2804, 2971, 2150, 309, 2403, 2315, 1859, 1217, 1657, 505, 2841, 2105, 1102, 2538, 1572, 3456, 2980, 1570, 3086, 1781, 5334, 1912, 2524, 2169, 1391, 9888, 3020, 1617, 6292, 1822, 1625, 1219, 1827, 1244, 1215, 2200, 2637, 1147, 5185, 2355, 2943, 2944, 2093, 3042)
(166, 874): Mean: 2116.264, median: 1774.0, std: 1369.582, percent: 2038.42, B: 181, W: 67, 
	(2531, 1206, 1551, 10447, 2936, 1892, 1080, 1695, 971, 2047, 1317, 1633, 1062, 1776, 3275, 1065, 3896, 3716, 1825, 3194, 1354, 955, 1875, 1020, 2007, 1511, 907, 2331, 1744, 1637, 3051, 2528, 3826, 1190, 1003, 1964, 1446, 1783, 2409, 2217, 1035, 2362, 1482, 2241, 989, 2997, 1236, 1057, 5769, 1668, 897, 1782, 1232, 368, 1624, 5659, 578, 780, 4137, 2901, 1888, 3428, 2451, 1772, 2510, 3862, 1659, 1046, 571, 2390, 1195, 3735, 2538, 2194, 1557, 1948, 1356, 981, 1937, 1088, 1244, 921, 2613, 1098, 1328, 1464, 1126, 680, 1368, 1322, 1331, 731, 2124, 1618, 5893, 2796, 1007, 1013, 1744, 822, 1864, 3965, 1373, 2711, 2076, 1846, 876, 331, 1617, 3242, 2328, 1052, 1843, 1083, 1142, 1760, 1658, 1719, 968, 2371, 4339, 1649, 1920, 688, 2376, 1612, 2188, 1566, 1202, 2165, 1204, 2287, 1572, 5780, 2024, 1341, 3855, 1761, 2397, 2034, 2323, 5651, 1991, 1255, 2300, 2124, 3597, 1839, 2919, 2316, 1430, 3627, 1597, 1862, 1465, 735, 3800, 2745, 8317, 1800, 3632, 2064, 1615, 1476, 901, 2502, 2055, 1670, 1541, 2965, 617, 2841, 709, 692, 1817, 1351, 1671, 1429, 932, 3129, 3079, 1505, 1765, 1636, 2489, 905, 840, 7887, 1662, 2783, 1810, 1449, 710, 2271, 2203, 2004, 3481, 1323, 3011, 2697, 1516, 4135, 1437, 1420, 2043, 980, 2243, 2783, 1886, 348, 2434, 2051, 1689, 1111, 1386, 371, 3132, 2315, 1154, 3130, 1543, 3267, 3475, 1484, 2649, 1604, 5568, 1534, 2178, 2251, 1256, 8627, 2481, 1718, 6213, 1627, 1548, 1159, 1897, 1203, 1135, 1762, 2610, 1106, 5012, 2221, 3202, 2974, 1856, 2729)
(167, 875): Mean: 2100.004, median: 1774.5, std: 1317.371, percent: 1970.44, B: 129, W: 120, 
	(2636, 1142, 1602, 9278, 2578, 2181, 1051, 1674, 1043, 2264, 1496, 1621, 1105, 1628, 3794, 1146, 3671, 3893, 2130, 2709, 1401, 876, 1936, 920, 2038, 1477, 921, 2121, 1743, 1502, 3361, 2281, 3275, 1242, 887, 2026, 1471, 1633, 2301, 1857, 1122, 2138, 1403, 2129, 1081, 2849, 1301, 949, 7702, 1801, 794, 1685, 1287, 401, 1734, 4796, 667, 758, 3378, 3094, 2080, 3862, 2509, 1905, 2775, 4570, 1956, 1024, 506, 2450, 1101, 3363, 2473, 2022, 1474, 1744, 1279, 1004, 1764, 1192, 1364, 896, 2753, 1095, 1467, 1220, 1157, 611, 1263, 1411, 1259, 858, 2421, 1719, 5147, 2792, 1135, 1039, 1668, 715, 2024, 3550, 1157, 2365, 2269, 1529, 736, 418, 1611, 3458, 2644, 996, 2025, 1022, 1052, 1348, 1725, 1740, 941, 2367, 4467, 1685, 2055, 694, 2085, 1677, 2256, 1597, 1289, 1851, 1175, 2140, 1544, 6031, 2160, 1366, 4156, 1577, 2591, 1952, 2396, 5575, 2331, 1424, 2096, 2012, 3254, 1770, 3012, 2427, 1552, 3049, 1994, 1980, 1351, 672, 3389, 2369, 8024, 1981, 3165, 2117, 1490, 1615, 913, 2721, 2210, 1741, 1511, 2665, 611, 2570, 656, 640, 1821, 1249, 1713, 1353, 935, 3943, 3653, 1496, 1646, 1790, 2609, 875, 896, 6702, 1637, 2557, 2000, 1561, 727, 2097, 2053, 1860, 4423, 1269, 2592, 2389, 1508, 3532, 1419, 1321, 2221, 843, 2596, 3517, 1615, 314, 2449, 2149, 1840, 1203, 1385, 527, 2791, 2102, 1117, 3162, 1714, 3495, 3040, 1323, 2854, 1542, 5903, 1779, 2496, 2355, 1257, 7793, 2581, 1595, 5300, 1825, 1672, 1145, 1851, 1203, 1093, 1983, 2515, 1058, 5485, 2275, 2829, 2556, 1684, 2712)
(169, 883): Mean: 2095.932, median: 1803.5, std: 1310.506, percent: 2022.44, B: 127, W: 122, 
	(2697, 1118, 1622, 9328, 2978, 2017, 1089, 1899, 896, 2775, 1694, 1585, 1103, 1776, 3885, 1250, 3444, 3452, 1655, 3154, 1225, 932, 2006, 1016, 2047, 1567, 945, 1918, 1825, 1461, 3238, 2168, 3402, 1127, 910, 2220, 1634, 1885, 2314, 1906, 1110, 2262, 1366, 2207, 1026, 2556, 1168, 1034, 6806, 1611, 884, 1666, 1155, 386, 1728, 4868, 599, 564, 3080, 2570, 2166, 3758, 2422, 1876, 2720, 4603, 2124, 962, 575, 2193, 1184, 3673, 2495, 1737, 1637, 2079, 1340, 967, 1864, 1188, 1361, 840, 2635, 1157, 1352, 1414, 1149, 626, 1304, 1373, 1400, 719, 2235, 1772, 5220, 2933, 1190, 1105, 1834, 798, 1911, 4129, 1160, 2593, 2246, 1507, 846, 418, 1692, 3423, 2478, 1039, 1849, 1142, 1009, 1446, 1695, 1660, 907, 2236, 4042, 1851, 2007, 722, 2068, 1614, 2577, 1495, 1114, 1867, 1170, 2202, 1440, 5486, 1911, 1424, 3981, 1612, 2655, 1767, 2354, 5830, 2185, 1295, 1945, 2063, 3787, 1658, 2605, 2670, 1386, 2816, 2090, 1853, 1381, 770, 3508, 2428, 8165, 1919, 2749, 2068, 1519, 1714, 907, 2666, 2133, 1835, 1536, 2812, 601, 2466, 671, 728, 1972, 1355, 1738, 1316, 1002, 3181, 3424, 1540, 1883, 1794, 2580, 927, 880, 7772, 1631, 2664, 1751, 1507, 664, 2451, 2092, 2090, 4352, 1223, 3100, 2049, 1374, 4180, 1378, 1265, 2159, 924, 2386, 3067, 1987, 320, 2228, 2101, 1780, 1108, 1495, 551, 2612, 2083, 1066, 2994, 1597, 3727, 2856, 1277, 2827, 1679, 5424, 1496, 2626, 1987, 1391, 8043, 3399, 1671, 4681, 1732, 1565, 1174, 1755, 1198, 1132, 1727, 2565, 1096, 5027, 2130, 3397, 2578, 1813, 3124)
(171, 893): Mean: 1962.26, median: 1674.5, std: 1277.719, percent: 1864.06, B: 191, W: 59, 
	(2792, 1027, 1448, 9811, 2256, 1628, 934, 1465, 880, 2013, 1457, 1553, 1026, 1775, 2968, 1117, 3296, 3342, 1609, 2497, 1426, 842, 1744, 994, 1762, 1518, 905, 1991, 1633, 1650, 3042, 2097, 2992, 1119, 918, 2028, 1463, 1649, 1941, 1552, 922, 2494, 1178, 1867, 984, 2466, 1251, 948, 6656, 1682, 822, 1521, 989, 315, 1503, 5493, 565, 591, 3071, 2231, 1876, 4484, 2605, 2152, 1944, 4259, 1629, 926, 557, 2133, 1115, 3871, 2051, 1731, 1370, 1662, 1049, 871, 1708, 1168, 1251, 920, 2652, 1054, 1437, 1254, 1084, 544, 1264, 1240, 1290, 671, 1983, 1442, 3834, 2722, 853, 942, 1854, 767, 1674, 3650, 1192, 2194, 1934, 1408, 822, 381, 1788, 3007, 2698, 1091, 1874, 1057, 782, 1137, 1538, 1721, 909, 2005, 3599, 1520, 1827, 589, 2229, 1484, 2131, 1459, 972, 1716, 1178, 2429, 1360, 5203, 1862, 1405, 3263, 1640, 2199, 1983, 2305, 4662, 2153, 1290, 2151, 2142, 3008, 1784, 3028, 2510, 1382, 3179, 1747, 1895, 1283, 633, 4368, 2479, 9057, 1869, 2827, 1888, 1402, 1546, 790, 2218, 2513, 1791, 1508, 2801, 579, 2397, 698, 625, 1753, 1221, 1519, 1216, 815, 3313, 2730, 1468, 1559, 1498, 2793, 848, 795, 6646, 1725, 2343, 1785, 1257, 801, 2303, 1941, 1737, 3760, 1178, 2552, 2556, 1409, 4732, 1346, 1306, 2163, 892, 2412, 2710, 1556, 284, 2105, 1829, 1554, 1053, 1431, 423, 3124, 1703, 948, 2978, 1733, 3087, 2463, 1387, 2560, 1634, 3815, 1403, 2376, 1926, 1241, 7785, 2569, 1393, 4723, 1432, 1437, 1172, 1625, 1046, 1015, 1684, 2348, 1037, 4706, 2020, 2720, 2871, 1675, 2266)
(172, 896): Mean: 1968.928, median: 1667.0, std: 1303.332, percent: 1892.02, B: 134, W: 115, 
	(2546, 981, 1402, 8876, 3150, 1761, 927, 1422, 856, 1996, 1521, 1610, 1059, 1971, 3114, 1043, 3330, 3332, 2007, 3043, 1272, 749, 1741, 955, 1879, 1616, 868, 1990, 1709, 1611, 3312, 2008, 2981, 1087, 849, 2027, 1348, 1515, 2049, 1738, 950, 2258, 1272, 1974, 968, 3080, 1152, 955, 6268, 1710, 803, 1798, 971, 338, 1743, 5015, 547, 657, 2984, 2260, 1940, 3505, 2434, 1858, 2185, 3760, 1713, 816, 567, 2192, 1096, 3644, 2378, 1621, 1476, 1806, 1071, 895, 1549, 1035, 1081, 867, 2750, 955, 1318, 1241, 891, 552, 1213, 1335, 1176, 703, 2100, 1629, 5076, 2850, 925, 967, 1666, 770, 1753, 3272, 1082, 2324, 2203, 1358, 787, 414, 1418, 3009, 2065, 945, 1846, 966, 975, 1296, 1587, 1700, 988, 1987, 4367, 1603, 2020, 642, 1845, 1430, 2149, 1292, 1106, 1607, 1040, 2355, 1412, 4490, 2066, 1227, 4231, 1740, 2228, 1717, 2259, 5543, 2119, 1175, 1959, 2052, 3304, 1590, 2643, 2214, 1352, 3307, 1647, 1704, 1294, 747, 3395, 2253, 7895, 1829, 3433, 1826, 1398, 1662, 768, 2250, 2051, 1664, 1599, 2556, 588, 2447, 721, 611, 1778, 1278, 1634, 1339, 924, 2821, 3032, 1684, 1633, 1635, 2486, 791, 837, 8482, 1668, 2270, 1570, 1478, 725, 2507, 1902, 1973, 3666, 1096, 2900, 2305, 1395, 5228, 1383, 1217, 1793, 860, 2153, 2696, 1599, 279, 1954, 1958, 1766, 1080, 1346, 459, 3054, 1661, 964, 2320, 1452, 3464, 2626, 1245, 2411, 1616, 4704, 1398, 2394, 2275, 1093, 8653, 2567, 1454, 6146, 1641, 1437, 1062, 1614, 1042, 943, 1839, 2401, 938, 3929, 1867, 2713, 2824, 1623, 2325)
(173, 900): Mean: 1962.22, median: 1679.0, std: 1280.748, percent: 1857.18, B: 126, W: 124, 
	(2691, 987, 1360, 10251, 2391, 1826, 974, 1532, 848, 2233, 1441, 1516, 1168, 2008, 2624, 970, 3648, 3111, 1758, 3110, 1404, 890, 1680, 984, 1953, 1489, 970, 1956, 1588, 1692, 3470, 2180, 2880, 1061, 980, 1865, 1411, 1732, 2016, 1881, 916, 2108, 1308, 1831, 1068, 2393, 1302, 874, 5937, 1772, 700, 1625, 1039, 374, 1384, 4751, 544, 663, 2897, 1989, 1868, 4277, 2861, 2021, 2140, 4430, 1609, 904, 520, 2397, 1055, 3274, 2585, 1570, 1324, 1722, 1103, 925, 1608, 1047, 1254, 881, 2727, 1062, 1463, 1418, 1082, 566, 1225, 1387, 1220, 741, 2168, 1563, 4867, 3122, 908, 984, 1678, 848, 1874, 3208, 1251, 2390, 1786, 1509, 750, 352, 1578, 3305, 2371, 1099, 1738, 931, 914, 1337, 1584, 1811, 957, 2126, 3403, 1581, 1966, 573, 2027, 1390, 2110, 1414, 1186, 1694, 1133, 2219, 1317, 4646, 1952, 1201, 3212, 1645, 2648, 1722, 1764, 4888, 2337, 1294, 1893, 1963, 3149, 1543, 2572, 2151, 1326, 3595, 1701, 1713, 1290, 739, 3854, 2237, 8755, 1852, 3164, 1803, 1468, 1798, 827, 2218, 2174, 1760, 1597, 2268, 529, 2385, 710, 698, 1688, 1164, 1511, 1277, 852, 2748, 2947, 1507, 1402, 1487, 2444, 836, 740, 6910, 1575, 2307, 1660, 1369, 661, 2074, 1903, 1908, 3193, 1254, 3178, 2085, 1513, 4898, 1422, 1243, 1937, 851, 2137, 2651, 1400, 314, 1929, 1959, 1598, 1238, 1312, 347, 3470, 1785, 1118, 3111, 1529, 3671, 2431, 1369, 2665, 1588, 4758, 1406, 2225, 2024, 1234, 7678, 2877, 1437, 5513, 1593, 1444, 1058, 1792, 1116, 1048, 1650, 2431, 974, 4614, 1911, 2675, 2532, 1879, 2187)
(174, 905): Mean: 1956.336, median: 1715.0, std: 1209.773, percent: 1898.72, B: 125, W: 124, 
	(2799, 1079, 1316, 7798, 2362, 1738, 951, 1559, 789, 1920, 1416, 1535, 958, 1744, 3028, 1127, 2986, 3010, 1665, 2453, 1246, 801, 1804, 951, 1810, 1590, 852, 1880, 1732, 1311, 3252, 2243, 2928, 1102, 960, 1795, 1421, 1535, 1900, 1989, 938, 2416, 1300, 1954, 1061, 2353, 1252, 867, 6622, 1652, 717, 1636, 1131, 349, 1626, 5455, 527, 666, 3210, 2346, 2070, 3725, 2593, 1804, 2310, 4120, 1719, 929, 615, 2126, 1089, 3580, 2276, 1692, 1412, 1895, 1166, 865, 1527, 1056, 1183, 892, 2592, 981, 1359, 1336, 1094, 564, 1211, 1318, 1299, 704, 2099, 1811, 5043, 2880, 961, 997, 1711, 979, 1843, 3468, 1161, 2508, 1929, 1509, 709, 339, 1758, 3099, 2268, 959, 1853, 1157, 892, 1580, 1565, 1600, 961, 2114, 3433, 1619, 1810, 563, 2094, 1515, 2177, 1683, 1027, 1655, 1050, 2491, 1485, 4490, 1740, 1196, 3338, 1503, 2414, 1753, 2048, 4311, 2154, 1194, 2111, 1880, 3517, 1737, 2664, 2424, 1284, 3043, 1759, 1887, 1282, 595, 3798, 2552, 8211, 1742, 3271, 1682, 1308, 1734, 810, 2271, 2222, 1950, 1642, 2725, 618, 2322, 660, 688, 1635, 1292, 1539, 1284, 881, 2995, 3005, 1404, 1577, 1745, 2288, 924, 821, 6746, 1781, 2044, 1676, 1298, 655, 3042, 2036, 2002, 3082, 1120, 2847, 1886, 1605, 3818, 1454, 1180, 2634, 873, 2420, 2811, 1677, 291, 2332, 1840, 1681, 1262, 1515, 453, 2669, 1968, 1038, 2607, 1508, 3550, 2948, 1207, 2557, 1465, 5073, 1323, 2172, 1893, 1324, 8027, 2887, 1480, 5097, 1602, 1461, 1044, 1808, 1193, 1013, 1842, 2308, 959, 4459, 2062, 2857, 2764, 1730, 2338)
(175, 910): Mean: 1977.988, median: 1690.0, std: 1263.428, percent: 1907.52, B: 134, W: 116, 
	(2870, 1008, 1407, 7762, 2560, 1635, 937, 1479, 858, 2306, 1377, 1445, 936, 1922, 3009, 1048, 3803, 3493, 1664, 2752, 1508, 830, 1771, 1067, 1841, 1423, 918, 1728, 1725, 1654, 3665, 2079, 3210, 1069, 946, 1846, 1354, 1549, 1855, 1875, 869, 2414, 1370, 1888, 960, 2284, 1164, 966, 6585, 1777, 757, 1614, 1056, 319, 1431, 5112, 584, 624, 3425, 2336, 2039, 3735, 2831, 1854, 1959, 4081, 1697, 894, 471, 2225, 1203, 3258, 2154, 1618, 1617, 1741, 953, 963, 1803, 1101, 1242, 839, 2576, 1072, 1309, 1435, 1042, 511, 1254, 1250, 1119, 721, 2411, 1665, 4577, 3358, 996, 1081, 1907, 670, 1686, 3746, 1133, 2548, 1967, 1550, 734, 309, 1764, 3285, 2489, 903, 1899, 960, 886, 1447, 1499, 1700, 954, 1996, 3206, 1476, 2032, 580, 2249, 1405, 2461, 1436, 1074, 1796, 1212, 2219, 1261, 6295, 1856, 1477, 4138, 1652, 2732, 1848, 1912, 4729, 2068, 1215, 2035, 2529, 3295, 1718, 2888, 2248, 1416, 3007, 1748, 1633, 1398, 792, 3666, 2522, 8644, 1642, 2844, 2101, 1629, 1350, 785, 2515, 2233, 1694, 1471, 2545, 509, 2410, 683, 610, 2058, 1283, 1462, 1152, 950, 2760, 3190, 1353, 1457, 1658, 3054, 873, 823, 6356, 1508, 2371, 1562, 1338, 753, 2337, 2132, 1855, 4145, 1129, 2910, 2210, 1389, 4592, 1296, 1219, 1940, 852, 2061, 2869, 1337, 364, 2159, 1987, 1668, 1174, 1440, 380, 2850, 1781, 1112, 2687, 1471, 3374, 2552, 1404, 2393, 1818, 4909, 1398, 2750, 2007, 1237, 8355, 2628, 1318, 5279, 1462, 1476, 1061, 1705, 1110, 985, 1940, 2244, 1058, 4645, 1852, 2786, 2381, 1732, 2036)
(176, 911): Mean: 1949.552, median: 1650.5, std: 1274.616, percent: 1859.36, B: 142, W: 107, 
	(2447, 1024, 1348, 9170, 2842, 1772, 905, 1437, 910, 1960, 1379, 1713, 960, 1966, 3469, 977, 3356, 3227, 1534, 3097, 1250, 881, 1682, 1000, 1724, 1561, 874, 2098, 1684, 1622, 3357, 2563, 3071, 1035, 893, 1993, 1485, 1417, 2156, 1777, 927, 2164, 1299, 2133, 1066, 2337, 1300, 872, 6880, 1631, 734, 1571, 1121, 269, 1505, 5361, 548, 548, 3393, 2212, 2023, 3988, 2263, 1893, 2272, 4326, 1648, 785, 502, 2525, 1131, 2784, 2150, 1555, 1466, 1653, 1044, 920, 1472, 1124, 1158, 813, 2429, 1037, 1331, 1203, 1141, 576, 1291, 1174, 1218, 709, 2009, 1607, 4634, 3039, 886, 970, 1805, 692, 1678, 3640, 1072, 1916, 1971, 1569, 759, 423, 1528, 3157, 2145, 959, 1824, 985, 927, 1365, 1580, 1806, 895, 2108, 3558, 1593, 1812, 577, 1955, 1339, 2213, 1409, 1044, 1797, 1158, 2194, 1318, 4122, 1886, 1294, 3648, 1583, 2612, 1763, 2149, 4869, 2573, 1161, 1972, 1983, 3550, 1757, 2789, 1943, 1381, 2880, 1763, 1738, 1372, 656, 3172, 2306, 7984, 1694, 2791, 2321, 1417, 1535, 818, 2444, 1980, 1486, 1624, 2545, 553, 2257, 642, 701, 1747, 1209, 1547, 1214, 899, 2712, 2931, 1456, 1556, 1476, 2742, 880, 751, 6959, 1598, 2487, 1540, 1226, 707, 2042, 1969, 2027, 3580, 1141, 2737, 2244, 1340, 4560, 1441, 1115, 1941, 784, 2027, 3331, 1765, 339, 1906, 1666, 1814, 961, 1371, 460, 2733, 1636, 970, 2423, 1653, 3180, 2710, 1247, 2572, 1470, 5108, 1510, 2350, 2121, 1211, 8807, 2638, 1552, 5580, 1451, 1491, 1108, 1706, 1107, 1065, 1803, 2438, 999, 3992, 1956, 2900, 2934, 1546, 2502)
(177, 915): Mean: 1847.696, median: 1586.5, std: 1130.89, percent: 1749.58, B: 171, W: 79, 
	(2349, 1006, 1369, 6994, 2344, 1595, 900, 1371, 862, 2127, 1325, 1600, 948, 1805, 3182, 873, 3552, 3039, 1499, 2575, 1313, 773, 1586, 929, 1953, 1659, 870, 1972, 1512, 1481, 3204, 2311, 2420, 1033, 786, 1886, 1162, 1480, 1839, 1775, 741, 2172, 1350, 1691, 1181, 2445, 1193, 857, 4581, 1606, 700, 1564, 1096, 318, 1295, 3850, 553, 644, 3069, 2097, 1921, 2873, 2100, 1682, 2334, 3804, 1620, 835, 487, 1987, 1018, 3505, 1875, 1401, 1535, 1656, 969, 827, 1626, 925, 1122, 872, 2506, 984, 1282, 1323, 1013, 532, 1109, 1284, 1116, 820, 2054, 1765, 3471, 2692, 1026, 962, 1489, 732, 1869, 3534, 1134, 2619, 1860, 1301, 645, 350, 1429, 3126, 2040, 896, 1676, 849, 882, 1563, 1571, 1581, 866, 1739, 3450, 1563, 1949, 761, 1851, 1405, 2156, 1334, 960, 1587, 1016, 2138, 1315, 6926, 1521, 1224, 3796, 1504, 2360, 1853, 1813, 4317, 2158, 1249, 1859, 2119, 3216, 1568, 2896, 2201, 1322, 2997, 1614, 1694, 1124, 626, 3417, 2448, 7608, 1598, 2827, 1605, 1390, 1394, 792, 2061, 2216, 1654, 1438, 2957, 571, 2256, 630, 571, 1581, 1259, 1650, 1153, 900, 3004, 2446, 1706, 1432, 1579, 2414, 859, 784, 5962, 1610, 2153, 1551, 1370, 669, 2148, 1996, 1712, 3311, 1106, 2451, 2084, 1303, 3370, 1230, 1218, 1808, 857, 2282, 2448, 1391, 283, 2042, 1978, 1560, 1014, 1223, 378, 2223, 1942, 960, 2551, 1545, 3588, 2570, 1113, 2531, 1454, 5289, 1331, 2416, 2104, 1192, 7421, 2826, 1502, 4682, 1512, 1419, 1044, 1920, 1135, 854, 1671, 2042, 972, 4325, 1731, 2602, 2595, 1509, 2277)
(178, 921): Mean: 1753.42, median: 1518.0, std: 1096.17, percent: 1632.68, B: 179, W: 70, 
	(2151, 928, 1291, 7394, 2245, 1527, 809, 1346, 706, 2050, 1270, 1395, 1004, 1727, 2741, 903, 2824, 3273, 1462, 2406, 1204, 729, 1695, 974, 1664, 1389, 851, 1625, 1483, 1366, 3361, 1926, 2591, 1042, 843, 1783, 1325, 1554, 1847, 1645, 802, 2161, 1281, 1614, 948, 2354, 1079, 814, 5350, 1611, 705, 1379, 990, 308, 1396, 4068, 455, 528, 2859, 1900, 1554, 3894, 2284, 1623, 2048, 4219, 1528, 941, 444, 1953, 997, 2675, 1869, 1528, 1256, 1594, 962, 819, 1463, 947, 1077, 884, 2043, 965, 1196, 1283, 870, 515, 1105, 1235, 1004, 647, 1887, 1446, 4897, 2749, 789, 883, 1588, 600, 1871, 3360, 1122, 2174, 1832, 1362, 673, 308, 1473, 2687, 2307, 918, 1668, 872, 863, 1265, 1378, 1375, 800, 1668, 2903, 1401, 1623, 630, 1760, 1324, 1684, 1178, 967, 1800, 993, 1752, 1135, 4645, 1554, 1175, 3346, 1397, 2214, 1681, 2101, 4633, 1904, 1105, 1900, 1966, 3016, 1471, 2259, 2124, 1194, 3190, 1498, 1654, 1177, 597, 3191, 1921, 7982, 1559, 2760, 1609, 1333, 1528, 844, 2126, 1783, 1477, 1329, 2686, 524, 2145, 632, 558, 1513, 1185, 1458, 1178, 766, 2327, 2504, 1355, 1393, 1454, 2359, 804, 764, 5567, 1523, 2076, 1440, 1174, 641, 1767, 1871, 1728, 2516, 1060, 2461, 2221, 1255, 4388, 1342, 1128, 1810, 777, 2147, 2587, 1391, 292, 1948, 1673, 1624, 1019, 1210, 465, 2163, 1775, 886, 2450, 1481, 3315, 2240, 1010, 2286, 1555, 4224, 1246, 2115, 1865, 1131, 6620, 2275, 1352, 4669, 1313, 1431, 1067, 1479, 992, 912, 1538, 2142, 980, 3557, 1686, 2124, 2351, 1578, 2260)
(181, 936): Mean: 1773.168, median: 1525.5, std: 1085.525, percent: 1648.24, B: 110, W: 140, 
	(2192, 988, 1289, 8284, 1936, 1541, 831, 1390, 749, 2064, 1295, 1569, 938, 2120, 2545, 997, 3388, 3195, 1529, 2409, 1223, 708, 1834, 1016, 1702, 1428, 835, 1768, 1596, 1260, 3339, 2024, 3199, 1113, 827, 1848, 1173, 1460, 1757, 1453, 812, 2245, 1371, 1674, 1174, 2277, 1091, 797, 5868, 1672, 743, 1417, 1010, 305, 1285, 3922, 511, 651, 2503, 1811, 1884, 3197, 2315, 1615, 2119, 4042, 1612, 943, 489, 1836, 984, 2873, 1963, 1487, 1367, 1746, 1020, 780, 1470, 1003, 968, 797, 2149, 959, 1133, 1148, 895, 502, 1052, 1260, 1095, 604, 1835, 1513, 4096, 2615, 890, 924, 1658, 668, 1620, 3535, 1209, 2342, 1887, 1441, 667, 346, 1386, 2630, 2008, 822, 1952, 853, 871, 1165, 1460, 1395, 842, 1821, 2845, 1469, 1840, 636, 1598, 1358, 1874, 1248, 905, 1546, 909, 1932, 1243, 4251, 1570, 1145, 3663, 1382, 2384, 1860, 1713, 4509, 2014, 1154, 1756, 1944, 2849, 1570, 2471, 2238, 1479, 2986, 1383, 1554, 1232, 639, 3292, 2235, 6318, 1510, 2418, 1611, 1515, 1339, 711, 1999, 1877, 1680, 1453, 2328, 501, 2266, 594, 629, 1601, 1153, 1446, 1149, 819, 2739, 2477, 1522, 1390, 1357, 2443, 792, 790, 6526, 1742, 2272, 1533, 1218, 593, 4266, 2081, 1675, 3246, 1099, 2307, 2044, 1398, 4295, 1248, 1200, 2106, 814, 2301, 2445, 1364, 287, 1952, 1982, 1485, 1037, 1252, 395, 2299, 1791, 835, 2301, 1533, 3105, 2315, 1077, 2259, 1393, 4486, 1338, 1981, 1873, 1060, 5543, 2159, 1428, 4855, 1310, 1371, 978, 1448, 1230, 815, 1423, 1889, 882, 3307, 1716, 2327, 2401, 1539, 2050)
(182, 940): Mean: 1738.744, median: 1517.0, std: 1074.531, percent: 1658.34, B: 141, W: 106, 
	(2087, 897, 1320, 8187, 1945, 1620, 864, 1427, 692, 1894, 1295, 1426, 874, 1631, 2216, 913, 2794, 2944, 1697, 2594, 1067, 745, 1708, 1028, 1693, 1393, 802, 1657, 1453, 1293, 3167, 1851, 2569, 980, 838, 1780, 1179, 1417, 1841, 1638, 748, 2048, 1166, 1710, 873, 2357, 1147, 939, 6076, 1554, 673, 1518, 1074, 274, 1289, 3442, 519, 605, 2524, 1793, 1645, 3201, 2232, 1650, 1680, 3820, 1551, 864, 440, 1841, 989, 3296, 1817, 1417, 1252, 1431, 1021, 763, 1542, 1006, 1075, 799, 2342, 910, 1246, 1214, 822, 502, 1085, 1187, 1047, 603, 1918, 1633, 4352, 2703, 895, 859, 1630, 647, 1471, 3299, 1058, 2015, 1819, 1367, 625, 394, 1459, 2441, 2314, 881, 1849, 858, 890, 1139, 1431, 1543, 774, 1708, 3201, 1328, 1707, 584, 1738, 1348, 2014, 1090, 950, 1691, 1041, 1784, 1221, 4778, 1655, 1321, 3323, 1400, 2416, 1718, 1957, 5100, 1765, 1184, 1922, 1753, 2558, 1412, 2436, 2173, 1144, 2832, 1276, 1551, 1133, 579, 3183, 2309, 7013, 1319, 2754, 1660, 1338, 1269, 750, 2096, 2023, 1289, 1492, 2558, 452, 2048, 576, 623, 1435, 1324, 1712, 1119, 712, 2199, 2700, 1390, 1548, 1413, 2288, 772, 756, 5918, 1678, 2107, 1612, 1378, 621, 2169, 1890, 1660, 2909, 1049, 2150, 1979, 1302, 4157, 1297, 1153, 1695, 855, 2076, 2526, 1485, 241, 1882, 2444, 1448, 937, 1157, 396, 2205, 1747, 914, 2789, 1491, 3420, 2182, 1088, 2459, 1622, 4147, 1516, 1911, 1767, 1060, 5440, 2453, 1358, 4475, 1342, 1404, 1036, 1584, 1054, 861, 1476, 2394, 862, 3424, 1761, 2168, 2172, 1472, 2251)
(185, 957): Mean: 1751.18, median: 1513.5, std: 1102.415, percent: 1639.78, B: 121, W: 128, 
	(2256, 941, 1295, 7932, 2302, 1528, 831, 1390, 780, 1720, 1271, 1530, 924, 1763, 2567, 873, 3016, 3159, 1576, 2243, 1321, 743, 1682, 952, 1720, 1416, 775, 1750, 1522, 1317, 3176, 1723, 2908, 1020, 887, 1791, 1211, 1648, 1771, 1460, 782, 2099, 1220, 1672, 992, 2169, 1122, 807, 5152, 1768, 757, 1301, 961, 253, 1274, 3513, 552, 542, 2699, 1936, 1723, 3499, 2194, 1820, 1761, 3500, 1523, 871, 459, 2190, 900, 3114, 1875, 1673, 1246, 1574, 1003, 761, 1489, 930, 1058, 861, 2119, 995, 1211, 1172, 846, 497, 1071, 1281, 1130, 671, 2109, 1331, 4714, 2406, 941, 986, 1397, 702, 1600, 3180, 1080, 2336, 1687, 1231, 737, 291, 1370, 2772, 2190, 903, 1895, 846, 826, 1405, 1343, 1522, 871, 1710, 3409, 1546, 1763, 673, 1502, 1180, 1825, 1087, 946, 1495, 1019, 2112, 1229, 5107, 1692, 1139, 3303, 1406, 2159, 1630, 1835, 3522, 1847, 1253, 1816, 1943, 2955, 1302, 2325, 2187, 1205, 3122, 1575, 1510, 1245, 574, 3094, 2393, 7724, 1440, 2394, 1756, 1321, 1312, 722, 1985, 1817, 1380, 1560, 2463, 516, 1903, 549, 652, 1438, 1256, 1453, 1212, 812, 2331, 2642, 1305, 1426, 1517, 2181, 714, 610, 5680, 1555, 2034, 1446, 1328, 590, 2295, 1764, 1798, 2875, 1099, 2374, 2199, 1323, 4846, 1229, 1197, 1826, 761, 1952, 2549, 1279, 302, 1876, 1999, 1630, 1006, 1228, 543, 2281, 1711, 967, 2795, 1545, 3185, 2473, 1175, 2145, 1442, 4352, 1341, 2271, 1961, 1101, 7375, 2436, 1358, 4631, 1327, 1262, 1043, 1463, 1089, 848, 1602, 2136, 983, 3401, 1641, 2280, 2125, 1402, 2090)
(187, 968): Mean: 1728.016, median: 1503.0, std: 1066.98, percent: 1630.7, B: 126, W: 123, 
	(2075, 920, 1257, 8666, 1968, 1563, 847, 1349, 671, 2144, 1274, 1431, 913, 1728, 2729, 975, 2743, 2898, 1603, 2167, 1221, 859, 1511, 893, 1551, 1472, 842, 1563, 1579, 1424, 3032, 2121, 2481, 1015, 865, 1660, 1189, 1525, 1756, 1597, 813, 2322, 1278, 1478, 964, 2231, 1166, 841, 5161, 1495, 793, 1356, 967, 303, 1364, 4186, 557, 552, 3234, 2064, 1602, 2915, 2264, 1495, 1871, 4150, 1603, 844, 499, 1817, 974, 2768, 1817, 1368, 1267, 1618, 1012, 807, 1629, 998, 1215, 780, 2265, 938, 1220, 1332, 751, 513, 1074, 1078, 997, 705, 1809, 1455, 4537, 2470, 816, 883, 1442, 595, 1537, 3198, 1113, 2274, 1697, 1377, 657, 336, 1302, 2752, 2135, 820, 1787, 811, 969, 1078, 1369, 1593, 841, 1626, 2842, 1453, 1720, 555, 1693, 1343, 1659, 1282, 943, 1749, 965, 1671, 1177, 4824, 1782, 1150, 3345, 1437, 2204, 1724, 1903, 4053, 1709, 1179, 1933, 1905, 3019, 1421, 2341, 1838, 1302, 2610, 1467, 1438, 1153, 615, 3270, 2141, 7107, 1572, 2599, 1965, 1209, 1250, 736, 1964, 2158, 1474, 1531, 2156, 578, 2082, 561, 592, 1436, 1204, 1440, 1102, 791, 2387, 2396, 1294, 1286, 1687, 2007, 824, 743, 4878, 1577, 2171, 1482, 1192, 650, 2366, 1921, 1551, 2697, 1046, 2105, 2204, 1282, 3982, 1365, 1088, 1943, 790, 1997, 2506, 1197, 228, 2096, 1813, 1577, 1001, 1170, 460, 2441, 1695, 887, 2423, 1455, 3132, 2028, 950, 2276, 1542, 4641, 1518, 2027, 1906, 1121, 5988, 2593, 1323, 4791, 1367, 1274, 1109, 1645, 1087, 969, 1539, 1896, 944, 3738, 1707, 2032, 2476, 1446, 2090)
(188, 971): Mean: 1734.14, median: 1481.0, std: 1091.274, percent: 1654.56, B: 123, W: 125, 
	(2287, 937, 1355, 8878, 1922, 1616, 778, 1258, 781, 1879, 1270, 1376, 926, 1650, 2272, 857, 2715, 2984, 1514, 2269, 1335, 671, 1686, 909, 1822, 1367, 803, 1790, 1401, 1352, 2992, 1926, 2393, 940, 804, 1969, 1170, 1416, 1947, 1545, 821, 2420, 1224, 1592, 1012, 2066, 1107, 909, 4854, 1680, 741, 1351, 999, 266, 1374, 3995, 501, 553, 2747, 2155, 1682, 3382, 2275, 1608, 2042, 3765, 1596, 874, 466, 1786, 997, 2828, 1847, 1480, 1230, 1692, 912, 816, 1441, 1012, 1043, 817, 2414, 1077, 1278, 1076, 801, 488, 1168, 1171, 989, 782, 1856, 1448, 4794, 2290, 881, 955, 1477, 616, 1431, 3796, 1111, 2178, 1775, 1389, 620, 393, 1269, 2434, 2195, 852, 1703, 820, 927, 1232, 1486, 1467, 802, 1793, 3131, 1322, 1628, 562, 2002, 1091, 1799, 1242, 932, 1547, 1021, 1886, 1316, 4627, 1540, 1249, 3131, 1250, 2047, 1735, 1798, 4806, 1714, 1192, 1655, 2012, 2725, 1491, 2534, 2060, 1384, 3186, 1457, 1505, 1221, 598, 3520, 2059, 8124, 1418, 2520, 1601, 1313, 1525, 734, 1891, 1814, 1461, 1332, 2489, 525, 2119, 583, 561, 1626, 1199, 1343, 1062, 840, 2635, 2749, 1222, 1458, 1399, 2208, 774, 858, 5873, 1519, 2617, 1482, 1192, 644, 1872, 1877, 1491, 2660, 1037, 2259, 2324, 1200, 3807, 1305, 1141, 1991, 828, 2073, 2468, 1381, 275, 1830, 1780, 1469, 1037, 1192, 395, 2333, 1674, 901, 2150, 1536, 3201, 2515, 1044, 2542, 1479, 4321, 1304, 1976, 1759, 1162, 4971, 2399, 1392, 4299, 1333, 1252, 1140, 1617, 1104, 863, 1645, 1903, 959, 3505, 1648, 2108, 2253, 1638, 2278)
(198, 1028): Mean: 1751.968, median: 1505.0, std: 1102.805, percent: 1658.7, B: 125, W: 124, 
	(2372, 939, 1294, 8575, 2417, 1722, 862, 1346, 755, 1793, 1365, 1563, 871, 1857, 2928, 890, 2487, 2948, 1572, 2361, 1219, 720, 1604, 961, 1563, 1490, 762, 1574, 1347, 1456, 3393, 2137, 2667, 1078, 805, 1787, 1197, 1483, 1924, 1554, 753, 2026, 1257, 1513, 868, 2040, 1149, 772, 4595, 1500, 746, 1550, 986, 311, 1207, 3909, 468, 571, 2897, 1954, 1707, 3597, 2302, 1697, 2058, 3902, 1550, 806, 487, 1996, 983, 2624, 1812, 1382, 1244, 1535, 1002, 803, 1374, 1005, 1049, 816, 2095, 890, 1220, 1277, 868, 519, 1057, 1244, 1121, 688, 2038, 1515, 4079, 2224, 848, 907, 1537, 738, 1535, 3660, 1149, 2011, 1748, 1326, 685, 373, 1320, 2684, 2188, 888, 1787, 976, 893, 1046, 1487, 1282, 823, 1803, 3047, 1359, 1653, 664, 1644, 1498, 1757, 1250, 924, 1400, 989, 1816, 1300, 5535, 1702, 1317, 3266, 1445, 1925, 1730, 2109, 5594, 1656, 1116, 1802, 1934, 3030, 1569, 2501, 2060, 1248, 2974, 1434, 1593, 1113, 602, 3247, 2310, 7505, 1486, 2651, 1558, 1558, 1341, 756, 2072, 2301, 1448, 1221, 2588, 474, 2228, 577, 595, 1482, 1154, 1672, 1114, 774, 2552, 2626, 1331, 1428, 1434, 2106, 766, 732, 4946, 1633, 2216, 1689, 1365, 679, 1880, 1850, 1606, 2610, 994, 2467, 2193, 1153, 3900, 1394, 1133, 1862, 803, 2423, 2375, 1507, 265, 1546, 1660, 1467, 1008, 1336, 417, 2547, 1699, 884, 2511, 1299, 3621, 2340, 1236, 2371, 1371, 4425, 1312, 2140, 2037, 1101, 6414, 2227, 1322, 4697, 1159, 1314, 1031, 1499, 1153, 829, 1503, 2239, 910, 3487, 1784, 2324, 2520, 1522, 2174)

Test:
No precond: Mean: 2497.244, median: 2230.5, std: 1214.669, percent: 2491.02, flag: 0 
	(950, 1877, 1941, 3744, 1247, 5987, 1591, 2381, 2752, 2719, 2593, 1137, 1253, 4091, 1708, 6313, 1086, 1351, 2778, 2363, 2458, 3768, 1766, 673, 2961, 2180, 1841, 2736, 5944, 3685, 3480, 2306, 2914, 2443, 1792, 2633, 2141, 4723, 964, 5409, 1415, 1365, 2197, 2119, 4040, 2732, 2921, 4361, 3014, 957, 2406, 2700, 1016, 2727, 1027, 2206, 4471, 5667, 1023, 2254, 1165, 1674, 3359, 1425, 1789, 2027, 2275, 3964, 2649, 2021, 4787, 1110, 2587, 2272, 1938, 2301, 5418, 2672, 1851, 975, 2245, 1659, 1756, 2166, 2142, 1639, 2126, 577, 1965, 3532, 3207, 1680, 1477, 2114, 2249, 1844, 6588, 3956, 3429, 1896, 2283, 2294, 1954, 1963, 5632, 2312, 1484, 5220, 3578, 1482, 1083, 1703, 2010, 1982, 2121, 1963, 1474, 3246, 3444, 1895, 1519, 1214, 1727, 3619, 2218, 2905, 1983, 1012, 3293, 1160, 4712, 3107, 2411, 2979, 3354, 1456, 2438, 1712, 1625, 2868, 1529, 2304, 1987, 1497, 3180, 721, 1195, 1917, 1328, 924, 3485, 814, 4130, 3147, 3932, 2682, 3182, 1594, 2130, 2582, 1685, 1483, 3374, 4695, 2891, 3307, 3968, 3869, 2384, 1420, 3376, 2724, 4297, 1429, 1424, 3804, 2088, 3379, 1458, 3026, 1638, 3871, 1794, 779, 5650, 893, 4333, 1585, 2784, 1212, 2860, 2502, 1756, 1301, 1700, 1520, 1457, 2108, 2847, 1731, 5055, 3275, 801, 1719, 2677, 3232, 2390, 1571, 1775, 1773, 5055, 2885, 1386, 2727, 1195, 3078, 5249, 2163, 1890, 1574, 3070, 1313, 3534, 2465, 1861, 6735, 3555, 3290, 1992, 2142, 4196, 414, 3297, 4340, 1567, 4321, 2878, 2612, 1249, 1405, 2994, 2379, 2402, 2623, 2127, 1920, 1607, 2076, 2243, 1334)

Jacobi: Mean: 2079.96, median: 1846.5, std: 1147.316, percent: 2054.8, BvN: 230, WvN: 20, flag: 0 
	(743, 1369, 1195, 3231, 1009, 7387, 1727, 1614, 2239, 2554, 2275, 1024, 1025, 5804, 1392, 6411, 954, 1206, 2706, 1704, 2675, 2968, 1375, 575, 2623, 1668, 1803, 2268, 6098, 2546, 3110, 2118, 2038, 1593, 1423, 2732, 1976, 4085, 744, 6085, 1046, 1389, 1646, 1666, 2604, 1925, 2403, 3549, 2445, 862, 1575, 2241, 624, 2549, 759, 2428, 3182, 3671, 798, 1894, 1201, 1351, 2818, 1136, 1333, 1661, 1858, 4547, 1978, 1662, 3927, 766, 2296, 1997, 1257, 2321, 5079, 2090, 1426, 630, 1914, 1333, 1370, 1692, 1945, 1182, 1937, 385, 1552, 2907, 2769, 1315, 1330, 1709, 1746, 1488, 4297, 3849, 2967, 1630, 1962, 1618, 1884, 1519, 5188, 1964, 1223, 4390, 2857, 998, 753, 1422, 1762, 1366, 1818, 1835, 1100, 2322, 2520, 1718, 1195, 883, 1435, 2633, 2034, 2510, 1484, 787, 2648, 793, 4577, 2329, 1947, 2536, 2555, 1334, 1899, 1378, 1208, 1982, 1252, 1917, 1642, 1197, 3899, 524, 828, 1798, 948, 724, 3138, 538, 4350, 2747, 3355, 2293, 2085, 1131, 1862, 1436, 1299, 851, 2879, 3337, 2748, 2963, 2972, 3018, 2269, 1145, 3289, 1992, 3374, 1441, 1136, 3043, 1875, 2666, 1316, 2061, 1284, 3206, 1368, 568, 4790, 833, 2808, 1211, 3047, 830, 2581, 1833, 1583, 963, 1240, 1198, 1172, 1538, 2347, 1539, 3445, 2356, 499, 1474, 2228, 2595, 1739, 1293, 1298, 1665, 3433, 2055, 1090, 2758, 995, 2370, 5143, 1586, 1301, 1222, 2737, 994, 3193, 1869, 1662, 4635, 2344, 2330, 1485, 2023, 3689, 325, 4013, 2987, 1247, 4158, 2050, 1719, 893, 877, 2201, 2069, 2307, 1994, 1959, 1607, 1329, 1677, 2358, 1092)

Last: Mean: 1693.604, median: 1491.0, std: 923.171, percent: 1674.7, BvN: 245, WvN: 5, BvJ: 244, WvJ: 6, flag: 0 
	(629, 992, 1067, 2644, 841, 4544, 1060, 1283, 1592, 1854, 1715, 832, 991, 4139, 1093, 5240, 778, 945, 2414, 1693, 1941, 1793, 1147, 493, 2132, 1470, 1270, 1898, 4266, 2154, 2792, 1805, 1597, 1377, 1128, 1726, 1549, 3545, 626, 5815, 808, 1280, 1305, 1343, 2139, 1415, 1871, 2480, 1837, 659, 1368, 2067, 556, 2370, 627, 1832, 2344, 3924, 563, 1718, 844, 1102, 2309, 847, 1191, 1404, 1637, 3793, 1620, 1279, 3668, 650, 1803, 1524, 1073, 1909, 4552, 1578, 1076, 629, 1494, 939, 1255, 1490, 1459, 1137, 1515, 349, 1169, 2711, 2069, 1072, 1336, 1181, 1482, 1256, 3788, 3491, 2525, 1206, 1682, 1377, 1472, 1199, 3480, 1724, 907, 3829, 2166, 928, 629, 1384, 1561, 1146, 1361, 1573, 927, 1830, 2133, 1609, 968, 798, 1255, 2241, 1540, 2171, 1349, 656, 2067, 659, 3009, 1820, 1660, 2256, 2173, 1020, 1644, 1090, 963, 1627, 960, 1330, 1410, 923, 3344, 488, 549, 1463, 793, 682, 2455, 381, 3175, 1806, 2723, 1554, 1671, 972, 1477, 1272, 1086, 770, 1951, 2576, 2220, 2259, 3031, 2398, 1953, 1044, 2429, 1699, 2622, 1047, 918, 4055, 1492, 2121, 1091, 1757, 866, 2559, 1111, 573, 3256, 605, 2088, 933, 2967, 733, 2043, 1771, 1278, 810, 1111, 957, 962, 1178, 1935, 1226, 3116, 1847, 496, 1134, 1839, 1964, 1349, 1094, 1180, 1337, 3057, 1737, 887, 1795, 725, 2046, 3599, 1479, 1086, 1109, 2281, 887, 2883, 1757, 1277, 3463, 1827, 1953, 1060, 1528, 3021, 347, 3117, 2792, 996, 3871, 1856, 1574, 704, 780, 1867, 1596, 1728, 1362, 1561, 1394, 1096, 1327, 2226, 814)

Best: Mean: 1676.1, median: 1439.0, std: 920.484, percent: 1684.8, BvN: 249, WvN: 1, BvJ: 247, WvJ: 3, flag: 0 
	(636, 1025, 965, 2557, 759, 3985, 1133, 1288, 1788, 1869, 1690, 873, 820, 4007, 1206, 5704, 762, 933, 2380, 1693, 1915, 2370, 1146, 461, 2169, 1333, 1260, 1799, 4022, 2256, 2507, 1726, 1563, 1410, 1150, 1535, 1311, 3569, 596, 6255, 815, 1186, 1282, 1297, 2103, 1449, 1680, 2972, 1706, 629, 1329, 1936, 578, 2060, 630, 1781, 2791, 4316, 609, 1576, 839, 1010, 2609, 827, 1074, 1297, 1438, 3277, 1334, 1267, 3375, 741, 1796, 1377, 1068, 1880, 4679, 1745, 1201, 524, 1651, 935, 1199, 1491, 1405, 1092, 1484, 340, 1375, 2804, 2107, 1051, 1131, 1492, 1496, 1296, 3890, 3514, 2367, 1342, 1952, 1392, 1396, 1267, 3756, 1592, 898, 3793, 2344, 855, 619, 1241, 1456, 1218, 1519, 1581, 940, 1769, 1968, 1428, 1123, 694, 1260, 2120, 1623, 2075, 1326, 645, 2505, 609, 3453, 1941, 1569, 2127, 2033, 1135, 1513, 1115, 1029, 1688, 975, 1309, 1396, 978, 2810, 559, 615, 1416, 788, 611, 2869, 463, 3325, 1755, 2589, 1511, 1740, 892, 1405, 1114, 1173, 845, 2193, 2561, 2185, 2264, 2143, 1973, 1742, 939, 2400, 1873, 3006, 1098, 1033, 2600, 1673, 2210, 1086, 1570, 858, 2099, 1157, 564, 2893, 599, 2489, 922, 2656, 715, 1868, 1649, 1145, 802, 1062, 952, 1055, 1168, 1821, 1148, 2797, 1868, 490, 1252, 1863, 2391, 1392, 1179, 1113, 1245, 2780, 1977, 851, 1844, 822, 2150, 4336, 1440, 998, 995, 2303, 879, 2732, 1540, 1239, 3151, 2249, 2099, 1099, 1379, 3080, 298, 2699, 2566, 993, 3507, 1430, 1600, 668, 861, 2037, 1627, 1627, 1600, 1483, 1251, 1025, 1402, 2172, 799)

Last Coef List
{1: array([-0.049092]), -1: array([-0.05317829])}

Best Coef List
{1: array([-0.05924795]), -1: array([-0.05483006])}

14/04/2026, 10:07:34
Config file: ./config/config_sign_0_diags_1_par_2.ini
Data:
	1d_laplace_size: 45
	amount: 250
	params: 1 0.3
	seed: 0
	dim: 2025
Solver:
	tol: 1e-10
	max_iteration: None
Learn:
	iteration_count: 200
	step_range: 0.1
	method: sign
	seed: 0
	change_scales: 1 0.5 0.25
	allow_disimprovement: True
	median_best_scale: 0.5
	mean_best_scale: 0.5
Precondition:
	par_list: 2 2
	diag_list: 1 -1
	num_coef: 4
	type: diag_shift
	diag: jacobi

Train:
(0, 1): Mean: 4571.648, median: 3964.5, std: 2849.86, percent: 4343.94, B: 250, W: 0, 
	(6452, 3001, 2943, 21102, 6353, 3670, 2601, 4730, 2644, 4719, 2957, 3381, 2473, 3856, 6024, 2002, 7134, 8758, 4177, 8733, 3442, 1808, 3751, 2211, 3079, 4222, 2069, 4373, 4558, 4078, 6905, 5207, 7939, 2126, 2211, 3788, 3204, 3779, 4906, 6281, 2078, 6399, 3031, 4593, 3398, 5749, 2789, 2564, 14336, 4258, 2372, 4116, 3215, 721, 2821, 12877, 1613, 1457, 8287, 4382, 4542, 8090, 6157, 4752, 5716, 10032, 3487, 1909, 1579, 4321, 3182, 8186, 5299, 4500, 3358, 3498, 2537, 2248, 3815, 2573, 3332, 1730, 5545, 2284, 2956, 3447, 2664, 1330, 2637, 2745, 2894, 2264, 5136, 5391, 8921, 4628, 2109, 1969, 4077, 1561, 3600, 7223, 2815, 5239, 4097, 3853, 2940, 985, 4460, 6356, 4919, 2914, 5037, 2284, 2040, 3157, 3625, 3662, 2304, 4825, 10426, 3210, 4853, 1488, 4323, 2479, 5083, 3659, 2396, 4766, 2688, 4982, 3052, 8511, 4135, 3130, 8378, 3942, 5078, 4279, 4366, 14721, 3850, 3707, 5135, 4763, 7537, 3530, 10220, 5411, 3546, 7574, 3807, 4096, 2692, 1830, 8101, 5001, 16652, 3849, 6483, 4158, 2965, 3630, 2158, 5830, 5024, 4301, 3705, 5532, 1134, 4419, 2256, 1926, 4088, 2927, 4159, 2446, 2307, 5757, 8294, 2598, 3583, 3100, 6557, 2397, 2392, 16396, 4696, 4552, 3930, 2714, 1927, 4770, 6719, 3991, 9119, 2209, 6244, 5621, 3293, 11636, 2736, 3300, 4466, 2183, 5537, 5775, 4233, 631, 5617, 3987, 4553, 3012, 2525, 1669, 6040, 4185, 2000, 5086, 3523, 7871, 6163, 3261, 5301, 4296, 12897, 2869, 5047, 4327, 3103, 15480, 4579, 3073, 12275, 3395, 2974, 2674, 3901, 2348, 2769, 4145, 6203, 2582, 10024, 4320, 4762, 6738, 4567, 4282)
(1, 3): Mean: 4471.54, median: 3835.5, std: 2809.167, percent: 4333.66, B: 152, W: 98, 
	(5557, 2599, 2923, 21049, 5778, 3667, 2930, 4861, 2412, 4794, 2656, 3087, 2228, 3605, 7134, 2254, 5747, 7888, 4447, 8190, 3649, 2140, 4831, 2474, 2863, 3637, 2256, 4354, 3811, 3710, 6963, 4508, 6476, 2049, 1928, 4513, 3734, 3410, 5063, 4720, 1782, 6854, 2929, 4025, 2378, 4943, 2821, 2360, 14589, 3604, 1935, 3800, 3372, 602, 2777, 12187, 1698, 1764, 8019, 3870, 4344, 7947, 6452, 4469, 6100, 10236, 3953, 1983, 1229, 4601, 3013, 8147, 4686, 4307, 3146, 4209, 2372, 2596, 3344, 3171, 2875, 1815, 5512, 2159, 3604, 3660, 2310, 1300, 2519, 2725, 2864, 2225, 4452, 5636, 8469, 5911, 2033, 2096, 4144, 2357, 3898, 6804, 2772, 5139, 3821, 3223, 2436, 835, 3829, 5827, 5224, 2389, 4679, 2395, 1930, 3650, 3271, 3601, 2030, 4392, 8752, 3144, 4211, 1263, 4529, 3022, 4222, 3400, 2470, 4695, 2382, 4560, 3200, 9933, 4599, 2929, 7742, 3383, 5344, 3522, 4198, 16301, 3660, 2725, 4772, 4932, 8842, 3880, 7609, 6330, 2803, 6721, 3927, 3775, 2654, 1817, 7475, 4742, 12926, 3907, 7452, 3938, 3093, 3767, 2083, 5266, 4255, 4261, 3218, 5270, 1149, 4395, 2044, 1716, 4631, 2912, 3620, 2318, 2571, 6654, 7629, 2768, 3227, 3329, 5354, 2334, 2354, 17259, 4242, 4825, 4035, 2773, 1657, 4487, 5949, 3735, 7480, 2073, 6395, 5848, 3440, 12727, 3143, 3292, 4556, 2082, 5095, 5726, 4575, 706, 5333, 4078, 4819, 3512, 2507, 1842, 7013, 4143, 2007, 4529, 3694, 6978, 6058, 3143, 4958, 3916, 11125, 3081, 4977, 4297, 3291, 16782, 4514, 3316, 13075, 3842, 2719, 2682, 3765, 4318, 2846, 4003, 6291, 2839, 10081, 4177, 5089, 6484, 4011, 4424)
(2, 8): Mean: 4665.884, median: 3955.5, std: 2998.342, percent: 4597.44, B: 92, W: 158, 
	(6221, 3109, 3256, 22219, 5913, 3404, 2519, 5849, 2474, 4073, 2809, 3587, 2890, 4044, 6730, 2081, 6526, 7989, 5309, 9376, 3881, 2103, 4373, 2893, 3247, 3879, 2603, 4552, 3754, 3867, 7426, 5090, 7092, 2078, 2162, 4437, 3703, 4771, 7850, 5338, 2078, 8066, 2998, 3962, 2303, 5374, 2355, 2389, 17656, 3186, 1773, 3975, 3594, 628, 3155, 11343, 1604, 1371, 8577, 3657, 4198, 7550, 5188, 4623, 4774, 11633, 3446, 1868, 1290, 4630, 2792, 8255, 4138, 5065, 3621, 3527, 2985, 2350, 3967, 2971, 3283, 2004, 5325, 2192, 3488, 4078, 2687, 1635, 2827, 2826, 2705, 2268, 4491, 5596, 7689, 7266, 2459, 2147, 4084, 2068, 4430, 7166, 2771, 5541, 3990, 3588, 3122, 880, 3968, 5836, 5825, 2670, 4452, 2441, 2455, 3177, 3685, 4695, 2405, 4678, 9342, 3027, 4250, 1592, 4657, 2496, 6393, 3135, 2188, 4501, 2850, 5620, 3180, 7951, 4007, 3360, 9154, 3314, 5787, 4197, 3949, 12803, 4479, 3491, 3755, 4603, 9300, 3728, 7706, 6505, 3296, 8513, 3638, 4073, 2785, 1882, 7443, 4969, 19745, 4281, 7178, 4655, 3112, 4093, 1686, 6729, 4341, 4218, 3929, 5753, 1131, 4907, 2276, 1845, 4209, 2987, 3812, 2565, 2467, 7482, 8021, 3578, 3898, 3731, 6144, 2594, 2152, 19488, 4085, 5053, 4030, 2875, 1899, 5762, 7222, 3945, 9281, 2252, 6943, 5251, 3651, 12741, 2806, 3420, 4155, 2794, 5962, 6209, 4538, 938, 6004, 3825, 4794, 2713, 2662, 1817, 5798, 4629, 2291, 5232, 3928, 6679, 7637, 3451, 4394, 4080, 10354, 3166, 4379, 5032, 3107, 16004, 5093, 3391, 12021, 3513, 2616, 3231, 4119, 2518, 2732, 3653, 6861, 2332, 9242, 3665, 5441, 6128, 3927, 3989)
(3, 12): Mean: 4546.324, median: 3926.0, std: 2954.369, percent: 4214.1, B: 154, W: 96, 
	(5921, 2600, 3001, 24811, 5416, 3680, 2237, 4709, 2312, 3983, 3377, 4121, 2306, 3988, 6094, 2334, 7205, 9077, 4548, 9094, 3804, 1793, 4006, 2714, 3213, 4111, 2479, 5120, 3513, 3996, 7011, 5057, 6494, 2007, 2270, 4626, 3573, 3417, 5616, 5468, 2212, 6112, 3081, 4834, 3023, 6032, 2429, 2383, 14545, 3823, 2165, 3864, 3002, 599, 2725, 13073, 1580, 1453, 8517, 4562, 4126, 7801, 5785, 4329, 6095, 11745, 3506, 1690, 1382, 4429, 2877, 7784, 4941, 4476, 3153, 3546, 2393, 2789, 3846, 2807, 2933, 1850, 5532, 2353, 3358, 3796, 2176, 1520, 2619, 2815, 3007, 1863, 4488, 4905, 9427, 5999, 2600, 2048, 3653, 1821, 3596, 6769, 2791, 4727, 3736, 3264, 2133, 923, 4173, 6078, 4801, 2216, 4955, 2386, 2123, 3335, 3077, 3253, 2004, 4959, 9132, 2723, 4211, 1711, 4800, 2650, 4479, 3030, 2309, 4803, 2826, 5033, 3194, 9946, 4071, 3107, 8435, 4798, 4646, 4048, 4472, 14090, 3999, 3265, 4233, 4300, 9435, 3814, 6968, 6804, 3131, 8380, 3848, 4199, 2904, 1768, 6900, 4805, 19593, 4359, 6303, 4028, 3381, 3325, 2341, 5467, 4771, 3711, 3264, 5878, 988, 5686, 1883, 1647, 5315, 2691, 3981, 2398, 2231, 6251, 9716, 3030, 3501, 3140, 5848, 2292, 1959, 13872, 4502, 5201, 4257, 2383, 1819, 4771, 5904, 4108, 7450, 2210, 6270, 6366, 3267, 12045, 2774, 3548, 4636, 2218, 5818, 6130, 5116, 673, 5316, 3734, 4550, 2781, 2438, 1589, 5945, 3751, 2150, 4933, 3794, 6574, 6057, 3974, 4728, 4362, 10676, 2841, 5848, 4873, 3636, 16150, 4595, 3307, 11818, 3418, 2894, 2910, 3790, 2240, 2667, 4085, 7985, 2680, 8721, 4130, 5346, 5013, 4143, 3878)
(4, 15): Mean: 4498.004, median: 3763.0, std: 2919.817, percent: 4336.22, B: 140, W: 110, 
	(5474, 3075, 3283, 20882, 6293, 3413, 2547, 4397, 2329, 4736, 3139, 3434, 2209, 4463, 6773, 2047, 6265, 7508, 4189, 8943, 3135, 1899, 4174, 2659, 2965, 3612, 2556, 4785, 4359, 3261, 6227, 4513, 7109, 2049, 2064, 5165, 3469, 3311, 4812, 4626, 2002, 6358, 3334, 4280, 2694, 5103, 2732, 2519, 15463, 3316, 2019, 3430, 3188, 678, 2828, 11931, 1571, 1308, 8206, 3693, 3761, 8290, 5498, 4572, 5692, 8910, 3812, 1523, 1181, 4896, 2550, 9621, 5030, 4383, 3547, 4297, 2496, 2817, 3456, 3106, 3051, 1809, 5516, 2395, 3577, 3467, 2748, 1412, 2493, 2843, 2613, 1891, 5757, 4991, 11052, 4886, 2078, 1937, 4193, 2052, 4029, 7986, 2382, 6437, 3494, 3298, 2005, 927, 3515, 5591, 4871, 2563, 4708, 2394, 2098, 3331, 3474, 3631, 2243, 5395, 11417, 3650, 4571, 1258, 4597, 2740, 4512, 3054, 2312, 4090, 2313, 4444, 2683, 10310, 4044, 3517, 9547, 3312, 4703, 3630, 4649, 14297, 4372, 2591, 3796, 4252, 8056, 3765, 8638, 5764, 3054, 8104, 3564, 3926, 2747, 1686, 7891, 4354, 17156, 3553, 7073, 4116, 3140, 3462, 1957, 6086, 4323, 4081, 3523, 4896, 1140, 3884, 1671, 2090, 4468, 2703, 3809, 2680, 1964, 5390, 7691, 2656, 3134, 2828, 6424, 2357, 1893, 15381, 4658, 6220, 3573, 2524, 2316, 4722, 6757, 3722, 7262, 1988, 6199, 5546, 3478, 11762, 2939, 3369, 3885, 2149, 5512, 5415, 4739, 661, 5096, 4319, 4469, 3281, 2364, 1459, 6665, 4237, 2439, 4728, 3732, 7379, 6295, 3858, 4670, 3885, 11307, 2864, 5291, 4454, 3120, 19220, 4915, 2879, 11656, 3413, 2826, 2659, 4205, 2533, 2811, 3848, 6744, 3026, 9797, 4022, 5118, 6522, 4015, 3872)
(5, 21): Mean: 4468.908, median: 3713.0, std: 3243.02, percent: 4072.54, B: 133, W: 116, 
	(5026, 2665, 3290, 32973, 5450, 3983, 2565, 5630, 2463, 4694, 3103, 3428, 2269, 3745, 6878, 2083, 6639, 8350, 4715, 7827, 3422, 2128, 4365, 2418, 3099, 3666, 2333, 4875, 4392, 3525, 6991, 5274, 8299, 2116, 1937, 4496, 3390, 3295, 5608, 4894, 2063, 6331, 3399, 4661, 2511, 5828, 2589, 2272, 14827, 3859, 1893, 3451, 3146, 732, 2685, 12178, 1485, 1612, 8924, 3477, 3794, 8106, 5829, 4214, 5480, 10922, 4198, 1924, 1295, 4807, 2932, 7885, 4523, 4405, 3646, 3382, 2900, 2097, 3245, 3106, 3244, 1887, 5813, 1886, 3686, 2996, 2570, 1378, 2549, 2409, 2790, 1780, 4669, 5075, 9102, 5759, 2148, 2045, 4089, 1541, 4103, 7203, 2499, 4535, 3573, 3856, 1963, 828, 3559, 4963, 4846, 2391, 4736, 2145, 2010, 2739, 3212, 3839, 2059, 4462, 9186, 3094, 3857, 1205, 4531, 2512, 4745, 3080, 2131, 4162, 2474, 4689, 3373, 8324, 3856, 2911, 8587, 3309, 5408, 3752, 4100, 10686, 4491, 3038, 3522, 4473, 8346, 3515, 7333, 6043, 2982, 7383, 3556, 3620, 2521, 1658, 7413, 4070, 19446, 4299, 6511, 3740, 3136, 3308, 1758, 5813, 4861, 5463, 3129, 5163, 1117, 3586, 1968, 1693, 4620, 2808, 4075, 2260, 2168, 5577, 7315, 3511, 3238, 3018, 5858, 2392, 2174, 16518, 4013, 4959, 3840, 2425, 1695, 4847, 6435, 3393, 8008, 2104, 5980, 5482, 2960, 12441, 2879, 3386, 4038, 1887, 4541, 5202, 3933, 737, 5452, 3487, 4893, 3206, 2428, 1400, 6058, 3759, 2055, 5749, 3987, 6078, 5278, 3477, 5510, 3882, 10254, 2986, 5517, 4394, 3234, 18214, 5055, 3337, 13553, 3021, 2460, 2613, 4009, 2297, 2731, 3823, 5601, 2745, 10237, 3576, 5652, 6137, 3585, 4004)
(6, 23): Mean: 3232.656, median: 2783.5, std: 1981.014, percent: 3159.82, B: 246, W: 4, 
	(5685, 2016, 2410, 13501, 4650, 3123, 1880, 3401, 1613, 3426, 2601, 2320, 1553, 2577, 5110, 1682, 4667, 6201, 2684, 5026, 2539, 1461, 2541, 1727, 2645, 2569, 1547, 3089, 2704, 2676, 4776, 3883, 5921, 1515, 1309, 3224, 2331, 2591, 3212, 3343, 1499, 4139, 2164, 3112, 2126, 4532, 1977, 1493, 10243, 3072, 1398, 2951, 2085, 447, 2035, 9701, 1039, 1065, 5609, 2850, 2940, 5345, 4964, 3237, 3676, 7324, 2784, 1170, 741, 3209, 2149, 6188, 3523, 3013, 2456, 2560, 1659, 1796, 2981, 2364, 2003, 1426, 4637, 1757, 2611, 2304, 1801, 1139, 2019, 2016, 1944, 1308, 3918, 3393, 6839, 4310, 1486, 1673, 2968, 1198, 3155, 5518, 1984, 3910, 2908, 2423, 1302, 568, 2700, 5161, 3959, 1825, 2832, 1928, 1452, 2097, 2610, 2783, 1387, 3778, 6641, 2422, 3503, 984, 3332, 1971, 3445, 2117, 1801, 3056, 1702, 3503, 2136, 7049, 2697, 2069, 5855, 2521, 3588, 2865, 2964, 8953, 3169, 2313, 3243, 3121, 5891, 2745, 5155, 4336, 2458, 5788, 2417, 3029, 2015, 1271, 5137, 3605, 12422, 2825, 4998, 3787, 2590, 2199, 1504, 3736, 3124, 2751, 2421, 3921, 910, 3589, 1320, 1180, 3128, 2091, 3212, 1915, 1479, 4437, 6316, 2152, 2494, 2249, 4265, 1692, 1457, 11209, 2860, 3950, 2603, 1986, 1374, 3170, 3847, 2799, 5782, 1582, 4623, 4179, 2659, 7643, 2097, 2194, 3128, 1420, 3725, 4763, 2876, 521, 3650, 2531, 3345, 2081, 2235, 1041, 4690, 2916, 1519, 4049, 2784, 5272, 4606, 2330, 4046, 3023, 8012, 2415, 3809, 3183, 2120, 11888, 3561, 2141, 7940, 2867, 2001, 1669, 2930, 1784, 1797, 2689, 4306, 1855, 6999, 2866, 4583, 4104, 2778, 3353)
(7, 24): Mean: 3212.076, median: 2783.5, std: 1997.059, percent: 3073.56, B: 129, W: 121, 
	(5164, 1717, 2016, 13564, 3652, 2790, 1831, 2920, 1692, 3826, 2238, 2545, 1520, 3393, 5188, 1614, 4799, 5607, 2567, 5468, 2782, 1412, 3120, 1656, 2567, 2517, 1707, 3292, 2503, 2988, 4319, 3761, 5211, 1656, 1611, 3796, 2601, 2269, 3682, 3323, 1535, 5030, 2273, 2667, 1848, 4685, 2021, 1512, 9918, 3077, 1336, 2979, 2134, 455, 1980, 8788, 1015, 1040, 6363, 3449, 2883, 6328, 4584, 3269, 4105, 7384, 3062, 1214, 883, 3358, 1928, 5614, 3237, 2899, 2430, 2893, 2095, 1930, 2587, 1800, 1860, 1416, 3815, 1495, 2656, 2399, 1610, 881, 1922, 2071, 2277, 1614, 3219, 2964, 7584, 4681, 1508, 1556, 2658, 1270, 2905, 6290, 1769, 3463, 3186, 2135, 1211, 664, 2614, 4524, 3780, 1457, 3345, 1700, 1406, 2164, 2394, 2519, 1484, 2929, 5438, 2293, 3027, 1149, 2990, 1896, 3490, 2668, 1496, 3114, 2069, 3339, 2256, 6676, 2641, 2292, 5926, 2423, 3906, 3205, 3175, 9562, 3556, 2248, 3151, 3322, 5223, 3006, 5811, 3915, 2397, 5145, 2785, 3243, 1939, 1262, 6021, 3194, 12820, 2540, 5389, 3586, 2235, 2527, 1547, 3895, 3533, 2793, 2659, 4193, 973, 3787, 1244, 1322, 3165, 2043, 2629, 1727, 1529, 4745, 5088, 2208, 2186, 2524, 3989, 1440, 1480, 10750, 2548, 3880, 3308, 1941, 1247, 4042, 3891, 2687, 4394, 1652, 4221, 4294, 2557, 8200, 2068, 2346, 3150, 1356, 3197, 3581, 3241, 416, 3766, 3384, 2959, 2327, 2014, 1042, 4677, 3244, 1507, 3821, 2902, 4609, 4164, 2556, 3623, 2448, 8576, 2550, 3623, 2943, 2215, 12589, 3420, 2011, 9289, 2373, 2368, 1758, 2824, 1877, 1884, 3191, 4581, 1605, 6799, 2574, 4083, 4270, 2736, 2958)
(8, 28): Mean: 3099.052, median: 2639.5, std: 1985.093, percent: 3002.54, B: 155, W: 95, 
	(3638, 1603, 2059, 14564, 3161, 2503, 1620, 2809, 1337, 4087, 2198, 2190, 1695, 2543, 4637, 1586, 4121, 6020, 2634, 5103, 2320, 1376, 3415, 1622, 2375, 2791, 1518, 3071, 2755, 2574, 5913, 3956, 5499, 1695, 1361, 3410, 2136, 2289, 3562, 2982, 1494, 4527, 2285, 2766, 1606, 3592, 2081, 1515, 9699, 2387, 1277, 2515, 2281, 449, 2026, 8658, 966, 1058, 5629, 2873, 3129, 6238, 4043, 2886, 4835, 6705, 2677, 1205, 778, 3131, 2025, 4882, 3421, 2778, 2387, 2126, 2123, 1575, 2514, 1736, 1979, 1420, 3955, 1480, 2432, 2445, 1726, 923, 1800, 2192, 1983, 1206, 3403, 3041, 7357, 3645, 1379, 1386, 2934, 1409, 2917, 5329, 1690, 3458, 3228, 2438, 1350, 646, 2752, 4392, 3332, 1507, 3146, 1789, 1241, 2138, 2657, 2660, 1617, 3356, 5823, 2607, 2712, 856, 3405, 2039, 3125, 2525, 1680, 3048, 1885, 2845, 2145, 7280, 2507, 1947, 6621, 2645, 3741, 2963, 3335, 10076, 2583, 1853, 3171, 3691, 5438, 2572, 4795, 3360, 2092, 5037, 2395, 3049, 1869, 1134, 5249, 3669, 12991, 2567, 4794, 3351, 2259, 2298, 1238, 4036, 3029, 2902, 2409, 3497, 885, 3538, 1203, 1196, 2730, 1885, 2749, 1804, 1476, 4455, 4960, 2026, 2352, 2448, 3931, 1520, 1368, 12233, 2622, 3950, 2551, 1762, 1333, 3387, 4242, 2805, 5583, 1603, 4794, 3794, 2182, 7355, 2037, 2144, 2686, 1306, 3790, 4311, 2501, 554, 2967, 2796, 3042, 1815, 1818, 1031, 5023, 3036, 1759, 3398, 2623, 4567, 5225, 2124, 4356, 2298, 7665, 1970, 3757, 2994, 2333, 10816, 3765, 2245, 6806, 2370, 1986, 1697, 3225, 1672, 1735, 2689, 4459, 1447, 6768, 2968, 3635, 3813, 2826, 2711)
(9, 30): Mean: 3110.348, median: 2706.0, std: 2060.426, percent: 2961.42, B: 123, W: 127, 
	(4486, 1810, 2325, 17744, 4254, 2810, 1630, 2849, 1691, 3424, 2142, 2258, 1567, 2704, 5136, 1522, 4912, 5540, 2951, 5643, 2295, 1246, 3093, 1712, 2269, 2795, 1483, 2976, 2602, 2247, 4393, 3970, 4684, 1434, 1408, 3126, 2318, 2142, 3097, 3518, 1423, 4302, 2337, 2267, 1842, 4616, 2000, 1473, 7923, 2746, 1289, 2681, 1932, 350, 1999, 9095, 1186, 1177, 4669, 3035, 2931, 5075, 4008, 2987, 4340, 9000, 2746, 1284, 757, 3099, 2149, 5921, 3653, 2912, 2450, 2464, 1765, 1474, 2708, 1847, 2012, 1325, 3823, 1520, 2368, 2114, 1715, 869, 1916, 1689, 1976, 1243, 3747, 3563, 6685, 3636, 1425, 1444, 2860, 1132, 2740, 5686, 1695, 3481, 3395, 2277, 1261, 519, 2542, 4256, 3464, 1438, 3309, 1635, 1298, 2160, 2288, 2890, 1602, 2902, 6905, 2101, 2560, 882, 2889, 1881, 3453, 2088, 1591, 3565, 2017, 3931, 2125, 7107, 2591, 2427, 6971, 2807, 4349, 2931, 2652, 9056, 2855, 1856, 3051, 3226, 5742, 2573, 4208, 4134, 2104, 4685, 2800, 2724, 1917, 1165, 5306, 3509, 11842, 2337, 5573, 2957, 2143, 2303, 1231, 3856, 3335, 3411, 2162, 3021, 802, 3488, 1225, 996, 2953, 2027, 2717, 1663, 1507, 3742, 4639, 1948, 2137, 2354, 4388, 1568, 1444, 11919, 2973, 4333, 2750, 2040, 1590, 2960, 3778, 2575, 4964, 1661, 4743, 4132, 1887, 6624, 2094, 2219, 2973, 1358, 3992, 4227, 3127, 449, 3450, 2438, 2822, 1881, 1927, 799, 3790, 2869, 1550, 3955, 2469, 5270, 5330, 2083, 4059, 2431, 7062, 2298, 3922, 3053, 1966, 12080, 3608, 2127, 7886, 2488, 2026, 1839, 2449, 1582, 1809, 2956, 4025, 1595, 7555, 2794, 3392, 4169, 2905, 2989)
(10, 33): Mean: 3084.776, median: 2655.0, std: 1998.36, percent: 2936.24, B: 133, W: 117, 
	(4568, 1779, 2275, 15542, 4288, 2406, 1443, 2858, 1593, 3033, 2495, 2140, 1723, 3028, 4547, 1532, 5614, 6017, 2598, 5646, 2552, 1308, 2743, 1675, 2331, 2585, 1596, 3159, 2552, 2482, 4706, 3743, 4385, 1570, 1290, 3196, 2153, 2094, 3514, 3176, 1378, 4968, 2017, 2749, 1487, 4464, 2070, 1432, 7926, 3109, 1159, 2324, 2068, 417, 2070, 8592, 1060, 1210, 5468, 2992, 2814, 5700, 4134, 3002, 3679, 7393, 2994, 1330, 796, 3772, 1859, 4967, 3274, 2663, 2280, 2682, 1616, 1399, 2653, 1862, 2188, 1282, 3699, 1403, 2313, 2427, 1580, 906, 1910, 1801, 2064, 1150, 3478, 2818, 7031, 3476, 1381, 1532, 2657, 1092, 2863, 5977, 1852, 3963, 3488, 2158, 1174, 502, 2780, 4281, 3858, 1429, 3521, 1524, 1270, 2093, 2653, 3045, 1438, 3643, 5851, 2207, 2529, 939, 3138, 1769, 2981, 2352, 1589, 3429, 1616, 3517, 2292, 6850, 2761, 2225, 5855, 2929, 3702, 2546, 2825, 7886, 2560, 1808, 3348, 2739, 5275, 2667, 4781, 4247, 2109, 5278, 2629, 2995, 1758, 1213, 5285, 2875, 14032, 2556, 5231, 3055, 2333, 2284, 1361, 3989, 3408, 3343, 2318, 3608, 833, 3361, 1323, 1073, 2877, 1960, 2739, 1830, 1643, 4436, 4066, 2010, 2472, 2051, 4042, 1538, 1352, 10801, 2743, 4414, 2369, 1883, 1312, 3800, 3863, 2418, 6210, 1566, 4639, 3262, 2043, 7317, 1940, 2134, 2915, 1226, 3924, 3902, 2723, 480, 3357, 2859, 2909, 2215, 1980, 893, 4187, 2750, 1423, 3524, 2357, 4602, 4326, 2448, 3788, 2365, 7264, 2141, 3134, 3089, 2327, 11564, 3411, 2507, 9114, 2331, 1927, 1629, 2686, 1549, 1822, 2790, 5124, 1415, 7438, 3227, 3587, 3775, 2432, 3101)
(12, 40): Mean: 3061.852, median: 2602.0, std: 1977.182, percent: 2898.64, B: 131, W: 119, 
	(4093, 1840, 2246, 16035, 4510, 2398, 1720, 2799, 1554, 3116, 2442, 2450, 1531, 2797, 4505, 1577, 5113, 5458, 2524, 5986, 2455, 1248, 3037, 1592, 2491, 2314, 1448, 2801, 3170, 2463, 5356, 3418, 4050, 1509, 1325, 3337, 2199, 2268, 3144, 3118, 1388, 4391, 2397, 2503, 1426, 5172, 1890, 1506, 10975, 3090, 1224, 2706, 2025, 405, 2033, 8818, 1204, 1101, 5641, 3041, 3077, 4951, 4030, 3061, 3985, 6483, 2495, 1126, 825, 3399, 2214, 5076, 3227, 2831, 2218, 2161, 1605, 1613, 2482, 1884, 2057, 1276, 3404, 1610, 2418, 2004, 1497, 953, 1866, 1908, 2140, 1112, 3627, 3068, 7136, 3418, 1366, 1517, 2557, 1114, 2813, 5724, 1646, 3053, 2947, 2235, 1383, 511, 2620, 4573, 3807, 1445, 2908, 1747, 1317, 2277, 2383, 2464, 1316, 3243, 7909, 2314, 2837, 898, 3463, 1780, 2935, 2402, 1718, 3508, 1628, 3337, 2333, 6851, 2672, 1983, 7876, 2857, 3423, 2993, 2996, 8525, 2517, 1961, 2995, 3301, 4913, 2598, 4995, 3799, 2154, 4225, 2687, 2637, 1908, 1272, 5206, 3562, 12547, 2627, 4497, 2663, 2606, 2426, 1202, 4042, 2850, 3528, 2237, 4093, 822, 2947, 1465, 1063, 2660, 1884, 2655, 1794, 1498, 4130, 4223, 2181, 2298, 2073, 3565, 1744, 1360, 9626, 3058, 3165, 2564, 1880, 1310, 3465, 4218, 2598, 5742, 1646, 4519, 3786, 1979, 6774, 2112, 2169, 2975, 1360, 4151, 3954, 2704, 501, 3287, 2588, 2807, 1943, 1826, 1011, 4368, 2617, 1558, 3202, 2508, 4557, 3961, 2242, 3064, 2928, 6886, 2252, 3656, 2612, 2288, 9830, 4527, 1987, 9757, 2428, 2109, 1738, 2523, 1716, 1855, 2973, 4331, 1828, 6439, 2995, 3585, 3361, 2492, 3348)
(13, 45): Mean: 3031.72, median: 2517.0, std: 1896.018, percent: 2923.64, B: 137, W: 113, 
	(4555, 1978, 1977, 13073, 4214, 2432, 1681, 3246, 1541, 2962, 2063, 2387, 1478, 3389, 4418, 1574, 4151, 5260, 2349, 4550, 2281, 1294, 2473, 1666, 2514, 2487, 1609, 2870, 2903, 2366, 4910, 2816, 5529, 1703, 1286, 3261, 2668, 2160, 3305, 3547, 1327, 5146, 2082, 2898, 1433, 4242, 1728, 1592, 10205, 2430, 1095, 2814, 2170, 1002, 1989, 9419, 919, 1137, 5216, 2994, 2859, 5321, 3421, 3087, 3505, 6226, 2408, 1300, 732, 3198, 2083, 5473, 3650, 2768, 2429, 2208, 1743, 1607, 2235, 1741, 1728, 1355, 3813, 1479, 2609, 2246, 1683, 880, 2252, 1858, 1832, 1429, 3352, 2971, 6894, 3783, 1277, 1477, 2914, 1221, 2836, 5584, 1627, 3639, 3010, 2306, 1114, 668, 2476, 4530, 3327, 1299, 3437, 1675, 1318, 2138, 2258, 2419, 1480, 2891, 6080, 2153, 2974, 848, 3100, 1815, 3141, 2340, 1497, 3067, 1720, 3188, 2095, 6956, 3018, 2118, 6924, 2331, 3745, 2748, 3152, 9097, 3293, 1937, 2535, 2983, 6092, 2374, 4668, 4652, 2261, 4343, 2582, 2644, 1766, 1085, 5743, 3349, 11711, 2492, 4572, 2802, 2413, 2264, 1316, 3814, 2752, 3233, 2680, 3483, 800, 3069, 1339, 1134, 2891, 1950, 2441, 1816, 1376, 4482, 6162, 2364, 2005, 2166, 3749, 1515, 1147, 12336, 2715, 3728, 2735, 2337, 1486, 3097, 4102, 2174, 6168, 1703, 4530, 3823, 2181, 7227, 2151, 2207, 2836, 1258, 3495, 4438, 2302, 478, 3075, 2636, 2708, 1825, 1810, 1166, 3877, 2804, 1405, 3762, 2452, 4005, 3935, 1957, 3283, 2520, 6253, 2306, 3769, 3235, 2483, 9351, 3747, 2174, 7822, 2477, 1968, 1821, 2510, 1643, 1937, 2751, 4404, 1823, 6657, 2797, 3957, 3452, 2491, 3180)
(15, 52): Mean: 2418.004, median: 2053.5, std: 1469.452, percent: 2303.22, B: 243, W: 6, 
	(3964, 1340, 1681, 10721, 3038, 2050, 1174, 2229, 1199, 2358, 2088, 1952, 1212, 2186, 3663, 1243, 3278, 3760, 1867, 4020, 1909, 1147, 2137, 1397, 1951, 1950, 1253, 2178, 2024, 1819, 3256, 3094, 3957, 1230, 1114, 2849, 2095, 1846, 2548, 2947, 1041, 3044, 1721, 2358, 1253, 3975, 1537, 1427, 7134, 2318, 953, 2051, 1646, 583, 1498, 6370, 766, 1242, 3737, 2814, 2211, 4030, 3293, 2298, 3110, 4934, 2002, 1017, 561, 2629, 1769, 4171, 2631, 2315, 1736, 2217, 1296, 1147, 1772, 1715, 1543, 1046, 2929, 1264, 1820, 1632, 1331, 731, 1793, 1496, 1564, 983, 2634, 2430, 4960, 3155, 1184, 1257, 2385, 1074, 2344, 4984, 1363, 2818, 2627, 1865, 949, 528, 2082, 3484, 3200, 1293, 2354, 1230, 1074, 1869, 2243, 1864, 1158, 2574, 4344, 1858, 2123, 935, 2409, 1758, 2384, 1801, 1331, 2498, 1291, 2854, 1772, 5216, 1951, 1494, 4400, 2173, 2879, 2776, 2541, 7128, 2311, 1494, 2294, 2520, 5119, 2034, 3570, 2799, 1747, 3930, 1860, 2602, 1451, 812, 4787, 2751, 9982, 2056, 3842, 2719, 1909, 1729, 1261, 2613, 2542, 2188, 1738, 2816, 699, 3069, 917, 789, 1997, 1765, 2219, 1506, 1218, 3791, 3549, 1882, 1937, 1647, 2818, 1178, 1058, 8145, 2180, 3000, 2150, 1487, 1141, 2950, 2796, 1934, 4341, 1356, 3352, 2747, 1484, 6868, 1754, 1690, 2393, 1001, 2485, 3465, 2019, 396, 2568, 1952, 2275, 1576, 1751, 661, 3115, 2313, 1244, 2862, 1896, 3472, 3413, 1812, 2710, 1784, 5304, 1765, 3404, 2468, 1626, 8271, 3361, 1924, 6166, 1753, 1657, 1358, 2302, 1248, 1324, 1927, 3246, 1258, 5839, 2621, 2559, 3279, 2040, 2672)
(16, 53): Mean: 2372.424, median: 2022.0, std: 1552.002, percent: 2279.0, B: 156, W: 94, 
	(3661, 1315, 1721, 14549, 2776, 1976, 1252, 2097, 1127, 2329, 1852, 1848, 1249, 2174, 3362, 1266, 3298, 3853, 1784, 3390, 1780, 1073, 2058, 1220, 2008, 1863, 1124, 2167, 1944, 1564, 3746, 2662, 3489, 1204, 908, 2505, 1807, 1710, 2522, 3085, 1110, 3314, 1823, 2233, 1232, 3347, 1486, 1245, 7339, 2918, 1026, 1876, 1410, 608, 1683, 6911, 812, 1251, 3734, 2710, 2257, 4481, 3449, 2582, 3576, 4694, 2180, 1089, 644, 2420, 1399, 3945, 2798, 2263, 1861, 1995, 1387, 1382, 1847, 1303, 1359, 1097, 3019, 1153, 1743, 1565, 1174, 737, 1711, 1572, 1553, 1034, 2538, 2251, 4685, 2870, 1162, 1345, 2036, 799, 2292, 4370, 1277, 2819, 2527, 1781, 856, 542, 1894, 3475, 3209, 1168, 2582, 1266, 1031, 1867, 2123, 1941, 1163, 2495, 4254, 1848, 1985, 685, 2627, 1628, 2391, 2173, 1433, 2623, 1373, 2807, 1802, 6182, 2104, 1723, 4243, 2079, 2845, 2343, 2431, 6801, 2388, 1556, 2445, 2595, 4733, 2057, 3508, 2528, 1688, 3486, 1900, 1944, 1385, 841, 4087, 2705, 9450, 2181, 3363, 2690, 1725, 1714, 1126, 2965, 2190, 2134, 1744, 2868, 675, 2794, 907, 777, 2071, 1703, 1913, 1736, 1310, 3368, 3537, 1805, 1664, 1544, 2681, 1240, 947, 8363, 2166, 2682, 1894, 1572, 997, 2438, 3135, 1939, 4050, 1251, 3376, 3259, 1705, 4835, 1641, 1478, 2291, 937, 2641, 3241, 2161, 293, 2521, 2443, 2303, 1439, 1716, 760, 3290, 2222, 1155, 3140, 1713, 4534, 3086, 1554, 2506, 1770, 5288, 1963, 2289, 2481, 1588, 7879, 2991, 1685, 7396, 1701, 1655, 1173, 2054, 1211, 1230, 2004, 3114, 1355, 5146, 2473, 2637, 2679, 2131, 2419)
(17, 55): Mean: 2165.428, median: 1824.0, std: 1336.331, percent: 2029.2, B: 197, W: 53, 
	(3957, 1284, 1616, 11268, 2693, 2198, 1055, 1610, 1065, 2026, 1752, 1665, 1154, 2150, 3264, 1118, 2890, 3236, 2206, 2856, 1589, 979, 2281, 1109, 1732, 1764, 1020, 2443, 1667, 1562, 3074, 2261, 3731, 1107, 874, 2354, 1532, 1805, 2063, 2510, 980, 2462, 1546, 2103, 1388, 2571, 1457, 1044, 6561, 2109, 781, 1768, 1316, 567, 1603, 6586, 646, 949, 3665, 2834, 2304, 3207, 3163, 2052, 2721, 4712, 1814, 1084, 543, 2043, 1210, 3558, 2734, 1680, 1539, 1868, 1189, 1109, 1887, 1171, 1231, 982, 2741, 1151, 1637, 1601, 1014, 645, 1612, 1315, 1416, 843, 2714, 1821, 5010, 2906, 1100, 1077, 1921, 973, 1986, 4030, 1264, 2657, 2325, 1455, 883, 399, 1670, 2983, 2211, 1065, 2324, 1120, 1049, 1591, 1870, 1750, 1030, 2162, 4223, 1625, 2252, 823, 2048, 1432, 2050, 1506, 1063, 2380, 1203, 2217, 1779, 5687, 1807, 1371, 4278, 2125, 2781, 2512, 2238, 5673, 2130, 1343, 2036, 2053, 3701, 1916, 3113, 2462, 1827, 3371, 1785, 1930, 1129, 721, 3789, 2491, 6732, 1775, 3674, 2415, 1666, 1560, 1029, 2243, 2025, 2048, 1817, 2791, 609, 2529, 730, 751, 1979, 1591, 1702, 1359, 1152, 3001, 3661, 1792, 1473, 1680, 2832, 1175, 969, 7581, 1879, 2925, 2183, 1517, 983, 2632, 2776, 1730, 3572, 1323, 3023, 2291, 1788, 4661, 1617, 1370, 2130, 1009, 2646, 2851, 1740, 344, 2258, 2080, 1989, 1219, 1402, 710, 3237, 1769, 1243, 2895, 1925, 3569, 3144, 1366, 2450, 1875, 5308, 1594, 2778, 2589, 1606, 7836, 2584, 1700, 5687, 1547, 1460, 1251, 1789, 1312, 1119, 1963, 2565, 1257, 4996, 2130, 2934, 3082, 1740, 2620)
(18, 57): Mean: 2116.656, median: 1864.5, std: 1279.725, percent: 2016.64, B: 146, W: 101, 
	(3726, 1225, 1445, 8599, 2674, 1774, 1142, 2066, 959, 2072, 1626, 1708, 1137, 1754, 3393, 1264, 3354, 3591, 2016, 2733, 1475, 929, 2054, 1057, 1934, 1763, 1020, 2031, 1687, 1751, 3287, 2385, 3797, 1084, 983, 2209, 1602, 1511, 2060, 2231, 1166, 2312, 1427, 2117, 1319, 2550, 1318, 1113, 7670, 1774, 863, 1848, 1279, 413, 1519, 5230, 574, 748, 3737, 2833, 2268, 3344, 2911, 2015, 2462, 4525, 1814, 1001, 453, 2212, 1142, 3244, 2147, 1661, 1593, 2074, 1232, 1122, 1938, 1131, 1393, 953, 2414, 1076, 1238, 1695, 1070, 695, 1344, 1245, 1381, 724, 2440, 1725, 4084, 2536, 1079, 1142, 1999, 749, 2015, 3881, 1277, 3016, 2371, 1424, 915, 451, 1431, 2927, 2397, 1102, 2510, 1035, 1084, 1247, 2005, 1917, 1035, 1958, 4085, 1569, 2184, 658, 2162, 1328, 2079, 1461, 1132, 2084, 1225, 2157, 1586, 5983, 2123, 1382, 4208, 1875, 2538, 2348, 2280, 4733, 2405, 1299, 2329, 2126, 3971, 2067, 3050, 2403, 1526, 3099, 1850, 1955, 1170, 640, 3674, 2609, 7390, 1958, 3451, 2353, 1755, 1364, 924, 2433, 1920, 1979, 1609, 3286, 638, 2357, 711, 648, 1930, 1444, 1671, 1311, 1034, 3669, 3661, 1570, 1704, 1738, 2442, 1147, 837, 7513, 1691, 2416, 2274, 1506, 833, 2492, 2312, 1883, 3725, 1192, 2805, 2368, 1620, 4455, 1426, 1469, 1980, 902, 2741, 2640, 1831, 320, 2286, 2492, 1994, 1121, 1403, 539, 2842, 2214, 1033, 2666, 1854, 3803, 3614, 1328, 2488, 1847, 4900, 1704, 2626, 2343, 1336, 7557, 2532, 1646, 6073, 1591, 1732, 1152, 1878, 1227, 1079, 1733, 2850, 1274, 5359, 2310, 3089, 2386, 1648, 2747)
(20, 69): Mean: 2137.916, median: 1812.5, std: 1371.255, percent: 2052.32, B: 126, W: 123, 
	(2908, 1135, 1523, 10413, 2754, 1878, 1024, 1862, 1044, 1945, 1626, 1758, 1096, 1893, 3224, 1118, 3105, 3296, 1808, 2826, 1855, 911, 2224, 1060, 1893, 1737, 1209, 1994, 1640, 1632, 3043, 2189, 2984, 1134, 882, 2346, 1572, 1775, 2142, 1902, 1137, 2331, 1589, 2013, 1011, 3005, 1372, 990, 7355, 1858, 812, 1589, 1340, 310, 1472, 5226, 549, 747, 3495, 2381, 2180, 3423, 2917, 1957, 2507, 4892, 1681, 922, 552, 2114, 1092, 3271, 2164, 1779, 1462, 2134, 1299, 1091, 1778, 1133, 1303, 961, 2357, 1119, 1438, 1427, 1120, 701, 1246, 1388, 1516, 880, 2164, 1908, 5797, 2933, 1103, 1016, 1883, 790, 2077, 4347, 1148, 2565, 2157, 1452, 890, 359, 1690, 3114, 2409, 1009, 2193, 969, 1099, 1401, 1846, 1641, 1031, 2132, 3719, 1886, 1870, 681, 2044, 1365, 2029, 1542, 1222, 2135, 1391, 2648, 1794, 4758, 2175, 1449, 4731, 1676, 2295, 2318, 2168, 5821, 2121, 1302, 1927, 2326, 5025, 2171, 3730, 2693, 1430, 3682, 1887, 2159, 1344, 758, 3937, 3026, 8820, 1635, 3334, 2197, 1531, 1530, 931, 2539, 2067, 1551, 1672, 2982, 656, 2353, 705, 705, 1887, 1387, 1690, 1361, 919, 3497, 3501, 1457, 1595, 1641, 2802, 964, 999, 7542, 1793, 2769, 2175, 1452, 857, 2449, 2718, 1686, 3955, 1201, 3027, 3012, 1477, 4397, 1551, 1415, 2564, 881, 2657, 3093, 1767, 329, 2240, 2438, 1788, 1277, 1474, 686, 3177, 1817, 1163, 2523, 2142, 3521, 2927, 1389, 2382, 1637, 5887, 1808, 2716, 2174, 1219, 7668, 2792, 1709, 5751, 1617, 1544, 1144, 1833, 1212, 1054, 1778, 2625, 1162, 4965, 2123, 2896, 3134, 1702, 2606)
(21, 71): Mean: 1929.948, median: 1683.0, std: 1191.748, percent: 1800.3, B: 201, W: 49, 
	(2507, 928, 1420, 8185, 2392, 1647, 931, 1476, 863, 1870, 1290, 1564, 1034, 1947, 3001, 985, 3135, 3847, 1581, 2994, 1408, 762, 1951, 954, 1803, 1344, 937, 2058, 1746, 1672, 3170, 2222, 3258, 1013, 870, 2096, 1357, 1401, 1981, 1866, 840, 2080, 1328, 1768, 1119, 2586, 1331, 811, 5940, 1728, 768, 1493, 1104, 336, 1233, 5308, 578, 643, 2980, 2270, 1779, 3827, 2265, 1686, 2034, 4745, 1803, 901, 490, 2178, 1153, 3192, 2115, 1946, 1338, 2089, 1138, 1009, 1532, 1163, 1114, 856, 2683, 1007, 1455, 1204, 829, 558, 1239, 1257, 1267, 686, 2062, 1452, 5672, 3108, 885, 900, 1733, 732, 1721, 3983, 1259, 2217, 2059, 1514, 737, 338, 1714, 3000, 2196, 963, 2101, 978, 935, 1583, 1676, 1579, 900, 2241, 3754, 1558, 1693, 642, 1848, 1387, 2200, 1305, 1081, 1619, 1052, 2304, 1306, 5032, 1900, 1312, 3573, 1424, 2667, 1682, 1978, 4827, 1882, 1277, 2010, 1900, 3005, 1677, 2726, 2607, 1365, 3884, 1632, 1826, 1321, 717, 3416, 2248, 8047, 1493, 3005, 1955, 1469, 1497, 868, 2412, 1904, 1578, 1547, 3195, 588, 2117, 655, 671, 1835, 1291, 1633, 1181, 851, 2395, 3505, 1354, 1809, 1518, 2698, 923, 806, 6047, 1635, 2597, 1784, 1403, 745, 2278, 2072, 1862, 2904, 1247, 2569, 2258, 1275, 4967, 1407, 1286, 1979, 914, 2463, 2427, 1749, 303, 1813, 2332, 1655, 1076, 1322, 636, 2317, 1787, 1121, 2123, 1390, 3148, 2617, 1413, 2105, 1579, 4673, 1443, 2330, 1905, 1140, 6623, 2200, 1684, 4953, 1706, 1371, 1121, 1755, 1090, 1084, 1863, 2448, 1140, 3784, 1978, 2083, 2607, 1771, 2207)
(22, 72): Mean: 1941.308, median: 1662.5, std: 1261.843, percent: 1802.38, B: 131, W: 119, 
	(2703, 976, 1320, 9868, 2476, 1703, 956, 1411, 854, 1995, 1519, 1570, 931, 1796, 2863, 898, 3053, 4016, 1617, 3173, 1392, 805, 1814, 970, 1703, 1560, 938, 1987, 1738, 1676, 3758, 2093, 3049, 1197, 853, 2139, 1318, 1842, 2002, 1555, 877, 2565, 1297, 1694, 1194, 2602, 1237, 889, 7207, 1666, 831, 1595, 1008, 307, 1265, 5121, 588, 720, 3069, 2214, 2096, 3352, 2654, 1783, 1850, 4502, 1659, 959, 423, 2144, 1011, 2968, 1915, 1609, 1315, 1666, 1064, 931, 1557, 1142, 1179, 822, 2888, 988, 1313, 1195, 943, 552, 1333, 1275, 1153, 795, 2163, 1594, 4887, 2722, 927, 949, 1969, 611, 1894, 3344, 1375, 2050, 1864, 1378, 844, 473, 1965, 3285, 2265, 940, 2342, 925, 919, 1247, 1528, 1626, 1033, 2076, 4086, 1550, 1731, 563, 1804, 1611, 2029, 1288, 1002, 1872, 1047, 1794, 1338, 5152, 1755, 1382, 3111, 1448, 2504, 1807, 2092, 4608, 1968, 1260, 1971, 2079, 3226, 1992, 2654, 2453, 1340, 3426, 1585, 1757, 1231, 728, 3350, 2316, 7930, 1590, 2725, 1710, 1521, 1453, 830, 2262, 2138, 1651, 1573, 2794, 607, 2423, 650, 673, 1718, 1279, 1583, 1271, 855, 2550, 2646, 1397, 1669, 1428, 2422, 851, 858, 6239, 2003, 2622, 1648, 1275, 658, 2204, 2199, 1788, 3312, 1087, 2473, 2512, 1487, 6074, 1404, 1214, 2116, 859, 2731, 2929, 1587, 263, 2255, 2330, 1649, 1246, 1317, 458, 2477, 1881, 931, 2214, 1378, 3458, 2609, 1326, 2465, 1733, 4729, 1424, 2172, 2212, 1243, 7668, 2305, 1439, 4639, 1441, 1402, 1148, 1635, 1103, 948, 1730, 2050, 1136, 3620, 2091, 2195, 2666, 1682, 2007)
(24, 84): Mean: 1925.468, median: 1635.0, std: 1184.588, percent: 1830.72, B: 126, W: 123, 
	(2795, 1031, 1358, 8868, 2642, 1888, 902, 1491, 817, 1822, 1492, 1551, 1123, 2002, 2756, 931, 3426, 3006, 1669, 3010, 1475, 788, 1743, 1254, 1631, 1574, 1017, 1787, 1654, 1471, 3380, 2290, 3178, 1088, 960, 1910, 1315, 1640, 1953, 1617, 892, 2347, 1424, 1709, 1224, 2678, 1275, 957, 6674, 1738, 714, 1462, 1107, 319, 1352, 4441, 578, 680, 3168, 2203, 1757, 3394, 2769, 1661, 2090, 4768, 1602, 1035, 566, 2381, 1177, 3429, 2592, 1758, 1309, 1769, 1033, 861, 1948, 1016, 1182, 912, 2614, 961, 1338, 1330, 867, 552, 1346, 1321, 1225, 682, 2089, 1508, 4228, 2663, 989, 1029, 1783, 793, 1632, 3470, 1192, 2324, 1840, 1240, 789, 457, 1576, 2940, 2256, 933, 2022, 940, 921, 1308, 1643, 1783, 971, 2044, 4459, 1493, 1726, 617, 2007, 1385, 1925, 1280, 1054, 1597, 1072, 2088, 1284, 5655, 1833, 1355, 3039, 1670, 1964, 1990, 2105, 5363, 1858, 1448, 1987, 2000, 3796, 1626, 2630, 2267, 1402, 3310, 1589, 1908, 1219, 686, 3881, 2298, 6940, 1570, 3136, 1652, 1433, 1447, 863, 2339, 1766, 1533, 1511, 2620, 555, 2311, 728, 631, 1596, 1254, 1475, 1200, 822, 2532, 2360, 1464, 1564, 1728, 2463, 856, 715, 6596, 1627, 2546, 1609, 1370, 694, 2184, 2241, 1798, 3897, 1173, 2322, 2343, 1485, 4622, 1332, 1270, 1928, 997, 2286, 2766, 1468, 301, 1900, 2102, 1676, 1108, 1315, 525, 2763, 1751, 869, 2376, 1638, 3763, 2413, 1136, 2787, 1770, 4655, 1349, 2182, 2221, 1325, 5692, 2372, 1443, 5097, 1512, 1630, 1175, 1726, 1211, 1072, 1754, 2203, 991, 3946, 1920, 2885, 2488, 1461, 2525)
(25, 88): Mean: 1840.988, median: 1591.5, std: 1120.177, percent: 1761.1, B: 168, W: 80, 
	(2234, 961, 1330, 8260, 2381, 1532, 959, 1377, 803, 1890, 1331, 1681, 961, 1742, 2959, 995, 2915, 2897, 1780, 2642, 1221, 861, 1919, 928, 1606, 1462, 833, 2171, 1610, 1339, 2816, 2240, 2813, 1040, 806, 1755, 1302, 1636, 1772, 1771, 802, 2189, 1233, 1727, 952, 2251, 1186, 880, 5721, 1668, 727, 1456, 1027, 324, 1339, 4832, 578, 683, 3171, 2275, 1754, 3181, 2127, 1724, 2176, 3707, 1593, 905, 429, 2103, 1095, 3111, 1892, 1517, 1247, 1728, 918, 834, 1532, 1035, 1170, 901, 2192, 1065, 1199, 1294, 988, 616, 1211, 1361, 1158, 794, 1944, 1795, 5094, 2150, 915, 1005, 1628, 720, 1720, 3211, 1130, 2194, 2219, 1296, 736, 362, 1510, 2654, 2431, 890, 1922, 881, 1059, 1365, 1803, 1621, 1067, 2191, 3219, 1543, 1837, 613, 2052, 1264, 1881, 1203, 972, 1533, 1000, 2059, 1242, 4792, 1930, 1279, 2987, 1824, 2130, 1962, 1863, 4360, 2093, 1217, 1738, 1758, 3030, 1754, 2520, 2071, 1311, 3042, 1582, 1496, 1234, 614, 3081, 2176, 6682, 1570, 2955, 1887, 1362, 1313, 809, 2387, 1675, 1564, 1560, 2685, 608, 2152, 679, 632, 1782, 1275, 1419, 1219, 851, 3306, 3430, 1396, 1350, 1390, 2206, 752, 799, 6383, 1530, 2419, 1978, 1213, 652, 2163, 2069, 1641, 3056, 1089, 2353, 1990, 1464, 3942, 1333, 1205, 1812, 816, 2242, 2727, 1454, 304, 2197, 1816, 1583, 1065, 1336, 385, 2438, 1818, 959, 2523, 1540, 3170, 2556, 1221, 2896, 1488, 4694, 1489, 2227, 2252, 1190, 7110, 2788, 1295, 4499, 1336, 1501, 953, 1590, 1067, 948, 1902, 2126, 990, 4256, 1708, 2550, 2341, 1423, 2607)
(27, 99): Mean: 1805.012, median: 1534.5, std: 1105.992, percent: 1722.42, B: 141, W: 106, 
	(2361, 989, 1273, 8631, 2201, 1635, 840, 1532, 903, 1657, 1318, 1659, 961, 1768, 2848, 881, 2395, 2757, 1537, 2593, 1299, 703, 1636, 923, 1533, 1441, 894, 1866, 1409, 1370, 3121, 2113, 3078, 963, 807, 1821, 1173, 1486, 1873, 1780, 945, 1986, 1229, 1705, 888, 2500, 1180, 933, 5770, 1886, 755, 1511, 1071, 609, 1180, 4646, 573, 812, 2436, 2452, 1717, 3558, 2267, 1614, 2140, 3601, 1690, 843, 551, 1879, 1080, 2922, 2159, 1391, 1140, 1683, 983, 844, 1480, 996, 996, 1005, 2943, 1024, 1196, 1182, 919, 531, 1382, 1290, 1210, 695, 1933, 1721, 5460, 2296, 872, 847, 1395, 718, 1851, 3197, 1228, 2339, 2555, 1296, 748, 399, 1314, 2497, 2221, 877, 1957, 919, 989, 1536, 1529, 1512, 784, 1810, 3499, 1370, 1679, 581, 1897, 1244, 1768, 1457, 1131, 1805, 1059, 2632, 1276, 4882, 1726, 1223, 3382, 1381, 1988, 2008, 1920, 4223, 1836, 1262, 1906, 1775, 3034, 1496, 2740, 2222, 1418, 2768, 1457, 1496, 1181, 548, 3188, 2287, 7046, 1499, 2891, 1654, 1308, 1180, 909, 2107, 1796, 1474, 1415, 2511, 489, 2016, 685, 609, 1583, 1344, 1509, 1167, 1009, 2851, 2726, 1590, 1421, 1491, 2355, 849, 680, 5985, 1662, 2682, 1546, 1203, 688, 2093, 1933, 1612, 3039, 1073, 2478, 1965, 1512, 4120, 1334, 1248, 1803, 857, 2303, 2302, 1411, 323, 1915, 2038, 1691, 1017, 1197, 453, 2512, 1576, 897, 2353, 1641, 3004, 2313, 1246, 1995, 1388, 4243, 1425, 2018, 1836, 1306, 6470, 2619, 1407, 4571, 1306, 1366, 1045, 1543, 991, 972, 1640, 2053, 960, 3240, 1827, 2011, 2375, 1514, 2392)
(28, 104): Mean: 1771.4, median: 1522.5, std: 1100.482, percent: 1683.74, B: 145, W: 105, 
	(2039, 926, 1202, 9016, 2443, 1482, 857, 1488, 832, 1908, 1342, 1499, 1006, 1530, 2493, 855, 2978, 3080, 1469, 2575, 1244, 731, 1806, 961, 1579, 1523, 846, 1688, 1522, 1374, 2788, 1879, 2930, 1027, 804, 1971, 1287, 1485, 1916, 1788, 804, 1955, 1410, 1536, 1131, 2238, 1267, 880, 5678, 1591, 756, 1512, 1145, 314, 1333, 3648, 503, 725, 2787, 2050, 1842, 3457, 2448, 1741, 1985, 3880, 1585, 793, 489, 1895, 977, 2685, 1745, 1295, 1364, 1668, 1054, 862, 1464, 980, 984, 864, 2134, 981, 1319, 1147, 896, 515, 1192, 1086, 1173, 589, 1942, 1497, 3398, 2413, 824, 989, 1735, 692, 1667, 3285, 1171, 2239, 2064, 1358, 723, 348, 1318, 2724, 2084, 864, 1718, 923, 839, 1152, 1509, 1405, 817, 1707, 3575, 1364, 1642, 633, 1894, 1239, 1804, 1223, 1003, 1702, 1034, 2036, 1146, 3764, 1767, 1472, 3405, 1405, 2141, 1681, 2108, 5031, 1883, 1121, 1895, 1864, 3161, 1545, 2634, 2095, 1246, 2878, 1621, 1701, 1135, 589, 3313, 2107, 7684, 1463, 2857, 1942, 1285, 1415, 804, 2096, 1833, 1494, 1573, 2453, 497, 2092, 630, 506, 1555, 1359, 1434, 1082, 819, 2593, 2680, 1391, 1372, 1218, 2410, 829, 692, 4994, 1535, 2461, 1770, 1259, 680, 2287, 1882, 1769, 2666, 1064, 2416, 2155, 1226, 4552, 1278, 1212, 1804, 723, 2062, 2174, 1384, 314, 1632, 1659, 1847, 1021, 1247, 521, 2303, 1561, 941, 2279, 1465, 3164, 2681, 1109, 2063, 1533, 4354, 1347, 2385, 1938, 1090, 6527, 2993, 1338, 4289, 1401, 1413, 1074, 1684, 1171, 893, 1479, 1953, 939, 4252, 1753, 2158, 2202, 1501, 2182)
(29, 109): Mean: 1766.88, median: 1524.5, std: 1084.275, percent: 1676.66, B: 125, W: 125, 
	(2147, 936, 1350, 7885, 2284, 1462, 809, 1343, 777, 1765, 1358, 1489, 910, 1471, 2736, 961, 2572, 3153, 1515, 2442, 1210, 718, 1761, 918, 1506, 1363, 757, 1702, 1559, 1397, 3099, 1736, 2983, 1108, 872, 1744, 1247, 1556, 1854, 1585, 806, 2248, 1223, 1687, 1020, 2272, 1150, 889, 4538, 1639, 734, 1362, 1014, 295, 1269, 4461, 597, 613, 2607, 1883, 1592, 3554, 2533, 1560, 2017, 4027, 1669, 954, 395, 1858, 1074, 2654, 2069, 1320, 1300, 1543, 1099, 824, 1489, 985, 1028, 823, 2200, 1025, 1310, 1184, 892, 653, 1164, 1229, 1106, 739, 1985, 1564, 5086, 2384, 857, 958, 1671, 697, 1777, 3901, 1126, 2358, 1948, 1247, 696, 382, 1536, 2566, 2202, 745, 1747, 824, 858, 1245, 1533, 1410, 891, 2034, 3229, 1295, 1648, 569, 1915, 1309, 1754, 1162, 931, 1680, 968, 2151, 1199, 3797, 1665, 1092, 3456, 1430, 2116, 1609, 1755, 4275, 1819, 1178, 1829, 1883, 3130, 1630, 2464, 2463, 1243, 2656, 1571, 1516, 1061, 583, 3400, 2233, 7253, 1498, 2426, 1753, 1399, 1373, 761, 2097, 1764, 1535, 1320, 2643, 599, 2607, 662, 632, 1697, 1273, 1489, 1209, 731, 2906, 2553, 1170, 1569, 1297, 2497, 769, 754, 5548, 1569, 2337, 1498, 1222, 732, 1964, 1915, 1499, 2903, 1016, 3041, 2229, 1293, 3648, 1317, 1136, 1947, 780, 2347, 2401, 1347, 277, 2101, 1734, 1600, 876, 1304, 459, 2355, 1633, 916, 2059, 1569, 3456, 2295, 1045, 2348, 1392, 5399, 1281, 2159, 2010, 1131, 6696, 2443, 1467, 4414, 1453, 1352, 1130, 1559, 1161, 854, 1516, 1859, 1013, 3537, 1667, 2212, 2354, 1441, 2160)
(30, 114): Mean: 1801.04, median: 1545.5, std: 1149.369, percent: 1715.26, B: 115, W: 135, 
	(2537, 1044, 1346, 9628, 2156, 1533, 855, 1458, 734, 1731, 1395, 1665, 868, 1786, 2810, 856, 3172, 3146, 1808, 2493, 1221, 782, 1655, 905, 1488, 1385, 851, 1821, 1549, 1220, 3716, 2238, 2847, 1011, 779, 1807, 1309, 1519, 1767, 1568, 841, 2240, 1388, 1607, 888, 2290, 1075, 948, 4670, 1649, 704, 1419, 896, 298, 1331, 5043, 617, 541, 3000, 1882, 1620, 3005, 2441, 1715, 2033, 3982, 1466, 850, 414, 2129, 961, 3337, 1888, 1405, 1082, 1910, 968, 799, 1826, 933, 1006, 813, 2532, 941, 1143, 1188, 854, 560, 1099, 1116, 1100, 672, 2060, 1563, 4764, 2124, 882, 979, 1571, 623, 1745, 3143, 1195, 2232, 2058, 1234, 673, 356, 1290, 2628, 2374, 871, 1748, 920, 958, 1040, 1643, 1434, 801, 1816, 3492, 1448, 1582, 664, 1712, 1345, 1795, 1180, 1101, 1534, 1005, 2006, 1324, 4192, 1699, 1124, 3316, 1539, 2004, 1667, 1924, 4257, 1838, 1362, 1733, 2038, 2901, 1473, 2670, 2215, 1421, 2611, 1477, 1617, 1124, 568, 3262, 2178, 7459, 1482, 2839, 1606, 1261, 1299, 785, 2000, 1927, 1686, 1523, 2811, 598, 2126, 577, 701, 1643, 1229, 1440, 1187, 868, 2566, 2531, 1345, 1500, 1428, 2051, 804, 752, 6767, 1707, 2138, 1686, 1282, 613, 2942, 1869, 1554, 2923, 1075, 2381, 1963, 1407, 4493, 1334, 1170, 1960, 812, 2385, 2494, 1467, 346, 2086, 2067, 1542, 1010, 1313, 431, 2423, 1766, 938, 2051, 1451, 3055, 2416, 1153, 2620, 1446, 4364, 1426, 2213, 1939, 1158, 5977, 3001, 1394, 4922, 1414, 1437, 1132, 1692, 1141, 900, 1701, 2185, 977, 3733, 1633, 2330, 2314, 1552, 2468)
(31, 120): Mean: 1768.568, median: 1547.0, std: 1052.352, percent: 1686.88, B: 126, W: 124, 
	(2302, 950, 1308, 7387, 2175, 1464, 797, 1558, 837, 1829, 1499, 1357, 913, 1637, 2966, 919, 2886, 2824, 1692, 2555, 1282, 770, 1738, 924, 1496, 1413, 825, 1648, 1547, 1304, 3354, 2101, 2438, 998, 823, 2079, 1263, 1547, 1977, 1683, 793, 2188, 1265, 1667, 1034, 2240, 1102, 863, 5011, 1636, 758, 1495, 1041, 302, 1310, 3482, 476, 647, 2882, 2212, 1829, 3173, 2644, 1595, 2095, 3746, 1754, 857, 446, 1740, 1040, 2651, 1823, 1295, 1273, 1652, 1015, 864, 1580, 984, 1099, 824, 2277, 1048, 1250, 1201, 955, 476, 1154, 1308, 1150, 639, 2121, 1442, 4323, 2343, 843, 951, 1473, 596, 1629, 4689, 1111, 2340, 1727, 1226, 692, 293, 1418, 2632, 2037, 918, 1799, 850, 892, 1101, 1467, 1313, 852, 1697, 3509, 1528, 1676, 677, 1769, 1407, 1689, 1195, 992, 1775, 1007, 2005, 1341, 5266, 1625, 1219, 3349, 1587, 2106, 1674, 1821, 4498, 1889, 1240, 1762, 1909, 2730, 1529, 2221, 2226, 1231, 2811, 1449, 1571, 1248, 606, 3177, 2190, 6525, 1495, 2624, 1693, 1242, 1325, 727, 2025, 1707, 1570, 1243, 2303, 511, 1979, 679, 618, 1655, 1296, 1463, 1099, 804, 3109, 2824, 1390, 1665, 1674, 1945, 880, 743, 6067, 1518, 2554, 1760, 1144, 667, 2231, 2251, 1708, 2896, 1077, 2425, 2388, 1267, 3855, 1295, 1161, 1721, 795, 1977, 2862, 1378, 282, 1910, 1704, 1429, 907, 1239, 369, 2259, 1601, 924, 2395, 1390, 3474, 2131, 1273, 2353, 1411, 4126, 1323, 2145, 1797, 1076, 6093, 2588, 1436, 3837, 1279, 1482, 1226, 1802, 1146, 899, 1680, 2139, 1006, 3998, 1823, 2766, 2637, 1487, 2305)
(34, 137): Mean: 1792.832, median: 1522.5, std: 1136.421, percent: 1700.66, B: 125, W: 124, 
	(2491, 1059, 1306, 9019, 2000, 1653, 851, 1436, 758, 1721, 1476, 1501, 1004, 1661, 2994, 886, 2910, 3046, 1495, 2322, 1489, 656, 1608, 905, 1562, 1465, 858, 2027, 1517, 1465, 3373, 2222, 2799, 1039, 804, 1838, 1243, 1461, 1827, 1463, 788, 1942, 1256, 1791, 886, 2665, 1203, 809, 6261, 1515, 715, 1392, 1015, 309, 1280, 4075, 604, 606, 2629, 2053, 1801, 3142, 2481, 1551, 1906, 4005, 1654, 950, 464, 1819, 906, 2924, 2020, 1539, 1301, 1695, 1060, 818, 1542, 1078, 1205, 767, 2639, 1002, 1304, 1296, 940, 588, 1288, 1238, 1280, 736, 1987, 1559, 4632, 2171, 950, 911, 1673, 634, 1627, 3273, 1079, 2262, 1864, 1223, 726, 320, 1424, 2495, 2152, 854, 1927, 913, 892, 914, 1528, 1339, 800, 1954, 3141, 1515, 1595, 683, 2227, 1270, 1992, 1134, 971, 1698, 1010, 2064, 1294, 5316, 1605, 1326, 3875, 1303, 2153, 2025, 1785, 4136, 1856, 1455, 1739, 1687, 2812, 1454, 2383, 2072, 1260, 3000, 1390, 1604, 1181, 593, 3254, 2246, 6473, 1388, 2722, 1619, 1248, 1299, 726, 2276, 1870, 1417, 1255, 2406, 556, 1991, 671, 538, 1577, 1191, 1512, 1261, 798, 2447, 2846, 1238, 1437, 1847, 2293, 808, 841, 6775, 1745, 2498, 1699, 1309, 622, 2262, 1972, 1631, 2767, 1084, 2547, 2034, 1241, 4042, 1314, 1165, 1972, 884, 2292, 2876, 1357, 278, 2027, 1703, 1534, 877, 1336, 447, 2210, 1861, 958, 2383, 1404, 2989, 2709, 1151, 2243, 1391, 4322, 1332, 2296, 1780, 1135, 6909, 2310, 1444, 4590, 1262, 1380, 1013, 1672, 1082, 862, 1638, 1840, 1019, 3650, 1723, 2222, 2617, 1336, 2504)
(35, 141): Mean: 1742.02, median: 1476.0, std: 1064.439, percent: 1659.26, B: 150, W: 100, 
	(2304, 946, 1273, 6987, 2309, 1728, 885, 1408, 837, 1752, 1322, 1456, 893, 1936, 2422, 874, 2563, 3127, 1449, 2564, 1274, 822, 1772, 917, 1734, 1439, 795, 1815, 1442, 1454, 2908, 2102, 2840, 920, 870, 1899, 1177, 1313, 1874, 1580, 778, 2057, 1359, 1661, 969, 2144, 1237, 832, 5347, 1643, 718, 1527, 1041, 287, 1144, 4509, 479, 637, 2871, 1821, 1570, 3450, 2210, 1548, 1943, 3672, 1476, 845, 504, 2064, 971, 2915, 1802, 1388, 1242, 1537, 949, 904, 1551, 949, 1063, 770, 2341, 957, 1211, 1164, 905, 510, 1111, 1208, 1098, 693, 1981, 1458, 4065, 2423, 827, 840, 1637, 632, 1614, 3349, 1246, 2075, 1745, 1383, 756, 377, 1353, 2860, 2684, 865, 1724, 828, 857, 1307, 1344, 1333, 919, 1775, 3262, 1273, 1475, 495, 1641, 1273, 1961, 1132, 912, 1409, 966, 2013, 1220, 4502, 1554, 1044, 2907, 1360, 2167, 1696, 1997, 4476, 2084, 1199, 1736, 1760, 2826, 1571, 2539, 2293, 1134, 3096, 1488, 1368, 1165, 656, 3452, 2167, 7213, 1481, 2286, 1914, 1311, 1251, 847, 2560, 1840, 1562, 1357, 2050, 457, 1996, 595, 541, 1573, 1121, 1601, 1081, 769, 2243, 2624, 1275, 1347, 1328, 2215, 695, 720, 5713, 1599, 2226, 1653, 1177, 646, 2321, 1854, 1467, 2637, 1005, 2431, 2006, 1296, 3993, 1352, 1095, 2064, 837, 2118, 2430, 1344, 332, 1789, 1799, 1574, 979, 1270, 494, 2081, 1577, 914, 2285, 1570, 3478, 2506, 1171, 2249, 1358, 5482, 1373, 2038, 1722, 1100, 6223, 1933, 1440, 4584, 1370, 1351, 1066, 1451, 1052, 869, 1747, 1826, 897, 3888, 1741, 2018, 2851, 1476, 2374)
(36, 143): Mean: 1723.328, median: 1487.0, std: 1026.396, percent: 1666.18, B: 135, W: 114, 
	(2059, 914, 1369, 7225, 2410, 1560, 804, 1301, 825, 1812, 1265, 1418, 957, 1685, 2513, 930, 2773, 3173, 1792, 2459, 1218, 741, 1785, 922, 1558, 1390, 820, 1567, 1435, 1487, 2678, 2261, 2802, 975, 738, 1684, 1143, 1552, 1882, 1580, 735, 2508, 1238, 1803, 921, 2404, 1133, 925, 4859, 1556, 681, 1406, 983, 251, 1351, 4088, 512, 823, 2444, 1861, 1658, 3339, 2137, 1557, 1825, 3482, 1523, 828, 465, 1977, 987, 2684, 1803, 1517, 1143, 1709, 906, 807, 1426, 912, 968, 758, 2177, 944, 1175, 1098, 881, 513, 1196, 1184, 1051, 679, 1922, 1506, 4021, 2414, 785, 858, 1472, 660, 1598, 3023, 1265, 1968, 1712, 1247, 772, 354, 1334, 2400, 2354, 810, 1852, 819, 907, 1154, 1372, 1482, 839, 1725, 3091, 1364, 1512, 486, 1664, 1346, 2561, 1146, 1003, 1751, 982, 1766, 1197, 5211, 1487, 1412, 3275, 1391, 1975, 1740, 1913, 4057, 1654, 1105, 1560, 1839, 2781, 1432, 2339, 2116, 1379, 2921, 1411, 1524, 1138, 641, 3167, 2314, 5991, 1556, 2460, 1590, 1296, 1363, 810, 2149, 1886, 1460, 1588, 2742, 555, 1984, 610, 632, 1491, 1124, 1462, 1184, 807, 2422, 2552, 1373, 1634, 1406, 2088, 814, 661, 5373, 1694, 2298, 1431, 1410, 653, 2239, 1947, 1477, 2364, 1087, 2091, 1744, 1253, 3189, 1361, 1223, 1914, 822, 2199, 2685, 1222, 504, 1881, 2053, 1590, 998, 1209, 390, 2180, 1741, 954, 2688, 1386, 3062, 2511, 1108, 2658, 1363, 5514, 1212, 2116, 1732, 1050, 7067, 2386, 1299, 4249, 1406, 1237, 1217, 1420, 1177, 870, 1613, 1775, 995, 3181, 1683, 2091, 2418, 1363, 2590)
(40, 164): Mean: 1723.864, median: 1501.5, std: 1022.369, percent: 1661.52, B: 127, W: 123, 
	(2081, 859, 1220, 8091, 2450, 1442, 775, 1502, 741, 1547, 1264, 1540, 964, 1720, 2468, 929, 2743, 3267, 1487, 2387, 1355, 674, 1639, 853, 1645, 1393, 789, 1771, 1526, 1422, 3081, 2053, 2760, 993, 766, 1665, 1139, 1533, 1803, 1756, 782, 2255, 1266, 1622, 940, 2235, 1223, 944, 5030, 1534, 663, 1395, 895, 336, 1245, 3679, 554, 563, 2760, 2581, 1485, 2865, 1982, 1552, 1887, 3497, 1566, 867, 495, 1918, 938, 2880, 1950, 1442, 1216, 1440, 924, 833, 1395, 1015, 1052, 786, 2377, 968, 1190, 1074, 873, 520, 1091, 1352, 1092, 785, 1819, 1593, 4348, 2613, 831, 907, 1686, 668, 1498, 3113, 1341, 2238, 1668, 1251, 662, 299, 1364, 2468, 2334, 953, 1695, 850, 933, 1395, 1593, 1555, 744, 1705, 3583, 1369, 1389, 604, 1638, 1343, 2254, 1323, 1080, 1637, 1132, 1855, 1203, 4769, 1628, 1165, 3141, 1411, 2049, 1641, 1725, 4703, 1621, 1134, 1820, 1761, 3234, 1458, 2444, 1968, 1275, 2877, 1646, 1452, 1169, 578, 3449, 2165, 5878, 1465, 2778, 1697, 1208, 1371, 687, 2094, 1819, 1246, 1556, 2307, 525, 2014, 587, 566, 1476, 1184, 1351, 1047, 871, 2715, 2532, 1367, 1413, 1501, 1998, 766, 773, 5464, 1630, 2487, 1564, 1203, 704, 2330, 1786, 1632, 2386, 1045, 2413, 1901, 1278, 3952, 1245, 1222, 1816, 865, 1850, 2322, 1680, 421, 1787, 1906, 1552, 965, 1193, 434, 2572, 1736, 958, 2306, 1422, 3289, 2385, 1103, 2216, 1497, 4515, 1253, 2074, 1750, 1161, 5801, 2222, 1308, 4132, 1360, 1225, 1121, 1418, 1082, 835, 1513, 1939, 961, 2959, 1789, 2385, 2453, 1568, 2114)
(51, 230): Mean: 1728.28, median: 1495.5, std: 1029.346, percent: 1670.0, B: 125, W: 125, 
	(2049, 854, 1157, 7571, 2040, 1627, 858, 1431, 730, 1752, 1366, 1582, 900, 1753, 2448, 914, 2353, 2964, 1695, 2339, 1393, 700, 1556, 1007, 1513, 1353, 834, 1590, 1484, 1573, 2941, 2366, 3424, 1059, 734, 1804, 1249, 1468, 1854, 1861, 770, 2505, 1284, 1560, 1088, 2255, 1083, 859, 5211, 1624, 745, 1312, 946, 324, 1357, 4163, 464, 608, 2592, 2173, 1633, 3632, 2348, 1502, 1849, 2988, 1538, 827, 411, 1926, 963, 2709, 1726, 1575, 1282, 1592, 982, 790, 1373, 1040, 1019, 753, 2391, 920, 1212, 1125, 888, 528, 1140, 1278, 1093, 575, 1812, 1428, 3555, 2794, 861, 870, 1567, 667, 1505, 3250, 1170, 1912, 1826, 1305, 716, 321, 1249, 2554, 2165, 942, 2035, 821, 1021, 1223, 1397, 1489, 826, 1813, 3212, 1405, 1454, 556, 1745, 1308, 2559, 1221, 1012, 1528, 1047, 1812, 1134, 5300, 1686, 1204, 3174, 1414, 1931, 1815, 1955, 4173, 1811, 1118, 1691, 1825, 2779, 1452, 2417, 2173, 1195, 2690, 1509, 1422, 1195, 568, 3175, 2444, 7255, 1461, 2466, 1518, 1302, 1176, 714, 2185, 1816, 1484, 1531, 2333, 526, 2252, 618, 550, 1473, 1247, 1462, 1058, 778, 2629, 2446, 1249, 1509, 1526, 1851, 769, 698, 4790, 1468, 2362, 1536, 1397, 731, 2428, 1863, 1473, 3086, 1090, 2183, 1897, 1256, 4512, 1230, 1217, 1890, 912, 1986, 2440, 1429, 443, 1823, 2085, 1573, 1047, 1244, 447, 2328, 1833, 837, 2217, 1572, 3161, 2259, 976, 2606, 1354, 4085, 1224, 2016, 1899, 1124, 5809, 2759, 1330, 3824, 1255, 1227, 1126, 1427, 1126, 923, 1432, 1905, 958, 3632, 1857, 2257, 2135, 1677, 2320)
(64, 303): Mean: 1721.856, median: 1485.5, std: 1001.187, percent: 1626.36, B: 129, W: 121, 
	(2105, 933, 1408, 6780, 2150, 1614, 803, 1295, 765, 1738, 1249, 1443, 867, 1761, 2401, 887, 3068, 3061, 1776, 2453, 1171, 755, 1876, 1022, 1466, 1430, 819, 1649, 1434, 1358, 3264, 2417, 2714, 1014, 808, 1763, 1195, 1463, 1787, 2096, 756, 2840, 1192, 1714, 978, 2123, 1189, 829, 5568, 1508, 810, 1380, 918, 315, 1220, 4527, 511, 603, 2690, 2087, 1687, 3206, 2057, 1775, 1779, 3972, 1591, 815, 522, 2033, 956, 2514, 1750, 1537, 1227, 1413, 981, 836, 1795, 967, 1038, 801, 2260, 1058, 1188, 1249, 815, 517, 1147, 1265, 1056, 596, 1898, 1497, 4335, 2257, 830, 911, 1625, 595, 1539, 3544, 1241, 2157, 1622, 1472, 810, 330, 1347, 2916, 1976, 861, 1847, 868, 946, 1262, 1376, 1718, 795, 1789, 2752, 1337, 1482, 636, 1634, 1379, 1884, 1358, 1007, 1672, 1021, 1830, 1168, 4957, 1544, 1273, 2801, 1440, 2046, 1721, 1720, 4469, 1646, 1225, 1612, 1845, 2632, 1426, 2216, 2114, 1247, 2886, 1486, 1509, 1149, 583, 3649, 2098, 6188, 1299, 2537, 1588, 1375, 1319, 795, 2167, 2008, 1455, 1488, 2076, 625, 1944, 662, 591, 1586, 1290, 1538, 1078, 752, 2363, 2566, 1402, 1458, 1413, 1964, 780, 708, 5134, 1610, 2110, 1479, 1357, 701, 2073, 1735, 1356, 3122, 1001, 2465, 2109, 1392, 4110, 1292, 1146, 1937, 865, 2078, 2112, 1346, 377, 1769, 1824, 1764, 1007, 1213, 460, 2193, 1828, 912, 2134, 1432, 2693, 2384, 1072, 2269, 1378, 4507, 1485, 1964, 1764, 972, 5734, 2917, 1376, 3725, 1338, 1321, 1086, 1408, 1065, 883, 1553, 1944, 1016, 3000, 1592, 2238, 2672, 1510, 2103)
(69, 328): Mean: 1727.456, median: 1533.5, std: 1014.959, percent: 1670.52, B: 121, W: 128, 
	(2170, 966, 1264, 6307, 2097, 1728, 777, 1332, 703, 1659, 1227, 1365, 964, 1756, 2382, 883, 2856, 2838, 1874, 2477, 1125, 755, 1628, 1053, 1550, 1568, 756, 1850, 1346, 1532, 2899, 1955, 2775, 997, 796, 1740, 1163, 1629, 2062, 1494, 771, 2328, 1245, 1582, 896, 2347, 1076, 851, 5257, 1606, 662, 1433, 974, 305, 1326, 3815, 478, 595, 2715, 2041, 1649, 2911, 2407, 1626, 1726, 3682, 1813, 842, 454, 1807, 936, 2442, 1711, 1578, 1221, 1719, 934, 860, 1588, 917, 1057, 812, 2635, 962, 1218, 1080, 777, 506, 1152, 1189, 1096, 649, 2062, 1599, 3263, 2329, 861, 972, 1618, 622, 1628, 3812, 1291, 2201, 1756, 1391, 854, 331, 1355, 2628, 2109, 808, 1768, 839, 932, 1335, 1444, 1803, 809, 1855, 3249, 1343, 1665, 573, 1804, 1374, 1806, 1189, 1063, 1796, 1004, 1751, 1317, 5357, 1661, 1247, 3434, 1331, 2070, 1535, 1945, 3755, 1754, 1280, 1659, 1758, 2863, 1351, 2468, 1979, 1187, 3075, 1578, 1515, 1188, 624, 3464, 2085, 7436, 1331, 2548, 1735, 1386, 1242, 748, 2264, 1650, 1444, 1526, 2575, 502, 2127, 622, 537, 1661, 1336, 1428, 1061, 835, 2348, 2709, 1295, 1433, 1496, 2273, 803, 704, 4627, 1685, 2629, 1599, 1529, 787, 2218, 1745, 1446, 2936, 1016, 2460, 2019, 1323, 3405, 1293, 1182, 1672, 876, 2030, 2466, 1242, 372, 2000, 1877, 1519, 972, 1210, 384, 2457, 1648, 788, 2494, 1475, 3064, 2430, 1090, 2459, 1474, 3870, 1342, 2275, 1813, 1050, 6845, 2475, 1375, 4661, 1300, 1409, 1074, 1535, 1037, 823, 1446, 1924, 1053, 3134, 1575, 1947, 2249, 1461, 2309)
(76, 367): Mean: 1722.292, median: 1520.0, std: 1007.627, percent: 1662.26, B: 121, W: 127, 
	(2235, 969, 1322, 6894, 2224, 1571, 783, 1562, 802, 1648, 1422, 1511, 812, 1585, 2618, 835, 3210, 2984, 1506, 2006, 1268, 710, 1827, 921, 1554, 1353, 858, 1729, 1442, 1451, 3076, 2153, 2528, 981, 768, 1859, 1175, 1860, 1831, 1593, 826, 1902, 1194, 1592, 991, 2184, 1092, 812, 5463, 1619, 797, 1473, 879, 309, 1205, 3828, 529, 701, 2959, 2263, 1733, 3045, 2124, 1550, 1820, 3255, 1747, 804, 432, 2233, 1027, 3285, 1742, 1703, 1318, 1623, 1112, 765, 1468, 958, 1057, 737, 2624, 981, 1262, 1115, 917, 543, 1061, 1222, 1118, 571, 1825, 1557, 4396, 1967, 908, 884, 1651, 657, 1527, 3280, 1086, 1956, 1849, 1257, 634, 309, 1295, 2687, 2311, 855, 1865, 942, 845, 1468, 1483, 1517, 782, 1765, 2942, 1371, 1433, 624, 1938, 1391, 1909, 1150, 1033, 1567, 958, 1974, 1185, 4733, 1556, 1120, 3163, 1395, 1990, 1656, 1821, 4299, 1634, 1172, 1810, 1840, 2891, 1438, 2439, 2163, 1149, 2755, 1479, 1462, 1097, 659, 3340, 2100, 6207, 1588, 2564, 1855, 1387, 1277, 737, 2137, 1829, 1427, 1584, 2654, 493, 2035, 624, 515, 1514, 1300, 1397, 1061, 828, 2531, 2538, 1185, 1545, 1472, 2063, 772, 675, 4709, 1550, 2441, 1629, 1143, 660, 2245, 1874, 1489, 2733, 1097, 2008, 1751, 1274, 4006, 1267, 1202, 1903, 799, 2005, 2521, 1316, 332, 1665, 2152, 1532, 935, 1137, 489, 2711, 1738, 955, 2096, 1449, 3189, 2436, 1012, 2219, 1352, 4140, 1440, 2019, 1706, 1169, 6574, 2588, 1257, 4370, 1182, 1275, 1047, 1346, 1064, 878, 1618, 2104, 1048, 3503, 1896, 2242, 2443, 1523, 2126)
(77, 371): Mean: 1723.2, median: 1507.0, std: 1026.702, percent: 1620.06, B: 133, W: 117, 
	(2311, 915, 1187, 7477, 2113, 1489, 817, 1521, 772, 1948, 1221, 1442, 911, 1561, 2368, 914, 2907, 3029, 1611, 2346, 1234, 812, 1721, 920, 1559, 1551, 819, 1668, 1424, 1456, 3064, 2042, 2213, 1006, 832, 1782, 1226, 1674, 1921, 1564, 787, 1991, 1221, 1685, 916, 2180, 1133, 793, 4929, 1887, 629, 1419, 1007, 301, 1309, 4531, 446, 632, 2791, 2105, 1828, 3265, 2243, 1535, 1983, 3796, 1552, 859, 510, 1890, 1008, 2332, 1936, 1475, 1197, 1733, 907, 793, 1408, 998, 1157, 779, 2161, 995, 1133, 1209, 816, 528, 1158, 1159, 1072, 659, 1808, 1453, 3878, 2343, 874, 889, 1792, 597, 1640, 2960, 1108, 2003, 1590, 1207, 737, 298, 1472, 2628, 2261, 941, 1888, 903, 836, 1340, 1504, 1445, 901, 1629, 3345, 1442, 1625, 609, 1674, 1385, 1876, 1177, 967, 1509, 998, 2031, 1190, 4557, 1605, 1245, 2882, 1331, 2028, 1822, 1743, 4308, 1567, 1164, 1791, 1619, 3286, 1335, 2277, 2083, 1195, 2519, 1325, 1426, 1147, 599, 3510, 2159, 6744, 1394, 2396, 1698, 1381, 1364, 716, 1965, 1751, 1610, 1385, 2356, 602, 2005, 621, 578, 1401, 1164, 1433, 945, 799, 2534, 2453, 1231, 1441, 1665, 1868, 788, 688, 5016, 1600, 2266, 1806, 1331, 659, 2115, 2004, 1461, 2667, 1069, 2105, 1933, 1224, 4448, 1311, 1183, 1947, 801, 2313, 2252, 1506, 280, 1881, 1967, 1741, 965, 1151, 463, 2442, 1913, 976, 2490, 1561, 3093, 2790, 1065, 2304, 1418, 4779, 1309, 2140, 1819, 1171, 6464, 2644, 1485, 4131, 1378, 1271, 1045, 1385, 1105, 873, 1607, 1846, 1069, 3384, 1862, 2196, 2381, 1508, 2065)
(78, 376): Mean: 1740.064, median: 1501.5, std: 1042.946, percent: 1645.8, B: 118, W: 131, 
	(2161, 895, 1267, 7010, 1953, 1680, 835, 1422, 754, 1919, 1213, 1360, 930, 1772, 2568, 865, 2851, 3064, 1481, 2569, 1176, 775, 1631, 976, 1550, 1584, 808, 1805, 1602, 1419, 3132, 2044, 2730, 1007, 840, 1977, 1161, 1576, 1755, 1569, 815, 1928, 1297, 1575, 862, 2533, 1160, 759, 4573, 1527, 704, 1371, 1012, 306, 1221, 4280, 560, 672, 3009, 2326, 1528, 3656, 2247, 1530, 2090, 4183, 1608, 992, 397, 1946, 1006, 2695, 1791, 1661, 1229, 1739, 914, 854, 1463, 998, 1167, 844, 2258, 928, 1168, 1299, 883, 514, 1138, 1267, 1126, 586, 2061, 1411, 4726, 2169, 835, 838, 1572, 543, 1511, 3240, 1082, 2124, 1842, 1391, 693, 336, 1286, 2583, 2160, 861, 1649, 824, 845, 1201, 1407, 1308, 811, 1688, 3405, 1568, 1731, 552, 1684, 1276, 1644, 1231, 935, 1558, 1014, 1879, 1316, 4563, 1544, 1195, 3648, 1492, 2046, 1592, 1830, 4171, 1643, 1098, 2044, 1789, 2919, 1470, 2525, 1990, 1270, 3115, 1296, 1480, 1192, 585, 3514, 2176, 6991, 1360, 2613, 1754, 1250, 1281, 789, 2049, 1895, 1474, 1380, 2129, 495, 2206, 646, 620, 1450, 1188, 1455, 993, 763, 2400, 2692, 1312, 1622, 1351, 2374, 887, 716, 6169, 1461, 2460, 1608, 1238, 658, 2301, 1942, 1771, 3060, 1095, 2391, 2407, 1191, 4001, 1301, 1159, 1936, 765, 2170, 2313, 1330, 299, 1852, 1670, 1471, 1016, 1195, 428, 2097, 1727, 879, 2684, 1417, 3359, 2270, 1134, 2456, 1382, 4395, 1334, 2119, 1825, 1201, 5301, 2510, 1398, 4627, 1460, 1417, 1069, 1550, 1077, 860, 1524, 2050, 987, 3508, 1775, 2147, 2256, 1568, 2002)
(80, 384): Mean: 1715.872, median: 1517.5, std: 986.579, percent: 1644.34, B: 134, W: 115, 
	(2161, 918, 1382, 6570, 2302, 1564, 901, 1324, 745, 1709, 1358, 1533, 888, 1644, 2599, 890, 2827, 2494, 1735, 2537, 1335, 745, 1725, 855, 1523, 1319, 860, 1658, 1496, 1322, 2855, 1940, 2882, 991, 756, 1828, 1169, 1437, 1814, 1746, 805, 1939, 1299, 1512, 1044, 2556, 1184, 839, 4754, 1573, 651, 1555, 1010, 279, 1295, 3703, 484, 639, 2703, 1968, 1889, 3559, 2423, 1560, 1845, 3520, 1560, 826, 444, 2069, 940, 2930, 1589, 1591, 1183, 1832, 966, 829, 1631, 976, 991, 789, 2039, 866, 1136, 1020, 844, 516, 1102, 1337, 1093, 670, 1807, 1712, 3220, 2322, 855, 1010, 1585, 608, 1703, 3635, 1098, 2013, 1965, 1330, 724, 295, 1565, 2427, 2121, 866, 1692, 852, 781, 1025, 1414, 1422, 770, 1612, 3518, 1308, 1683, 637, 1838, 1313, 1729, 1240, 1008, 1660, 1016, 2162, 1230, 4355, 1722, 1338, 3258, 1409, 2388, 1699, 1705, 4581, 1606, 1139, 1739, 1923, 2725, 1465, 2366, 2155, 1220, 2498, 1420, 1550, 1120, 629, 3328, 2326, 6833, 1398, 2578, 1880, 1483, 1227, 774, 2180, 1944, 1427, 1329, 2293, 561, 1972, 630, 581, 1485, 1164, 1295, 1172, 761, 2186, 2739, 1263, 1440, 1504, 2123, 809, 684, 5118, 1604, 2452, 1533, 1198, 645, 2073, 1976, 1524, 2737, 1088, 2456, 1706, 1220, 3829, 1306, 1340, 1911, 810, 2213, 2857, 1397, 304, 1712, 2203, 1427, 1007, 1326, 429, 2224, 1700, 824, 2542, 1467, 3309, 2361, 1130, 2330, 1324, 4269, 1484, 2203, 1870, 1029, 5583, 2664, 1270, 4464, 1462, 1288, 1047, 1475, 1021, 905, 1579, 2033, 856, 3576, 1591, 1915, 2196, 1510, 2222)
(81, 390): Mean: 1722.832, median: 1474.5, std: 1021.463, percent: 1649.18, B: 128, W: 122, 
	(2380, 944, 1229, 6890, 1925, 1639, 848, 1402, 799, 1768, 1336, 1471, 1010, 1640, 2313, 889, 2569, 2981, 1519, 2540, 1299, 722, 1754, 905, 1691, 1423, 783, 1755, 1519, 1435, 2364, 1741, 2384, 961, 859, 1773, 1109, 1275, 1903, 1429, 875, 2201, 1160, 1716, 919, 2292, 1250, 867, 4663, 1623, 758, 1333, 927, 289, 1297, 4094, 497, 627, 3203, 2149, 1672, 3383, 2289, 1644, 2023, 3626, 1545, 960, 455, 1839, 968, 2639, 1598, 1563, 1258, 1638, 968, 807, 1607, 950, 976, 987, 2618, 1017, 1200, 1015, 865, 521, 1131, 1225, 1028, 601, 1825, 1494, 3889, 2222, 911, 944, 1461, 625, 1474, 3172, 1041, 1965, 1835, 1331, 701, 356, 1366, 2764, 2017, 936, 1750, 943, 935, 1320, 1362, 1391, 848, 1664, 3298, 1426, 1407, 582, 1664, 1311, 1732, 1177, 952, 1465, 1145, 1784, 1248, 4776, 1545, 1224, 3107, 1320, 1857, 1731, 1819, 4669, 1701, 1125, 1692, 1976, 3414, 1378, 2247, 2079, 1194, 3106, 1398, 1530, 1183, 610, 3605, 2088, 6605, 1421, 2404, 1759, 1363, 1281, 820, 1940, 2129, 1635, 1342, 2274, 488, 1798, 614, 617, 1423, 1237, 1498, 1084, 797, 2533, 2415, 1260, 1441, 1475, 2107, 717, 725, 5759, 1613, 2490, 1705, 1282, 714, 2362, 1980, 1567, 2689, 1052, 2305, 2118, 1212, 3959, 1300, 1241, 1888, 759, 1996, 2509, 1234, 281, 2103, 2141, 1596, 905, 1235, 426, 2112, 1625, 851, 2384, 1350, 3089, 2276, 1011, 2521, 1501, 5019, 1389, 2248, 2105, 1171, 5417, 2438, 1316, 5147, 1299, 1325, 1078, 1376, 1094, 903, 1546, 2051, 878, 3626, 1796, 2149, 2456, 1651, 2248)
(82, 395): Mean: 1734.36, median: 1509.5, std: 1042.978, percent: 1647.32, B: 130, W: 120, 
	(2235, 945, 1385, 7775, 2038, 1523, 851, 1453, 850, 1741, 1270, 1445, 931, 1770, 2565, 877, 2970, 3126, 1521, 2370, 1329, 742, 1724, 894, 1687, 1471, 770, 1668, 1550, 1448, 3145, 1921, 2687, 931, 912, 1799, 1206, 1425, 1663, 1518, 744, 2303, 1144, 1690, 911, 2271, 1146, 861, 3994, 1579, 670, 1322, 997, 287, 1314, 3804, 473, 676, 3063, 2238, 1809, 3246, 2529, 1510, 2115, 4113, 1544, 872, 426, 1768, 1045, 2977, 1708, 1530, 1357, 1746, 891, 939, 1503, 952, 1132, 813, 2126, 1059, 1082, 1051, 786, 559, 1105, 1188, 1118, 695, 2005, 1462, 3502, 2289, 834, 850, 1629, 628, 1564, 3323, 1167, 1972, 1788, 1214, 685, 328, 1318, 2635, 1922, 871, 1842, 791, 977, 1134, 1364, 1312, 837, 1830, 3335, 1403, 1707, 612, 1809, 1245, 1949, 1164, 948, 1718, 894, 1742, 1276, 4637, 1566, 1198, 3533, 1484, 2386, 1650, 1784, 4566, 1564, 1241, 1885, 1840, 3220, 1509, 2892, 2209, 1273, 2810, 1358, 1501, 1084, 593, 3451, 2041, 7147, 1381, 2639, 1670, 1487, 1362, 839, 2268, 1688, 1545, 1505, 2444, 581, 2380, 594, 525, 1650, 1159, 1345, 1085, 906, 2671, 2451, 1334, 1457, 1361, 2069, 820, 717, 6267, 1738, 2185, 1456, 1476, 607, 2338, 1894, 1631, 2645, 1169, 2400, 1986, 1362, 3832, 1297, 1141, 1859, 786, 2061, 2383, 1445, 277, 1820, 1679, 1562, 894, 1224, 395, 2247, 1846, 929, 2136, 1402, 3078, 2259, 1089, 2079, 1485, 4539, 1275, 2138, 1829, 1081, 5785, 2478, 1277, 3998, 1244, 1407, 1081, 1532, 1033, 922, 1566, 2073, 1002, 3463, 1654, 2065, 2661, 1582, 2404)
(83, 400): Mean: 1758.264, median: 1526.0, std: 1126.873, percent: 1657.16, B: 115, W: 132, 
	(2235, 892, 1320, 8166, 2166, 1483, 777, 1415, 835, 2094, 1425, 1578, 918, 1609, 2419, 901, 3161, 3191, 1707, 2413, 1133, 693, 1768, 942, 1660, 1447, 859, 1684, 1319, 1448, 2912, 2111, 2586, 930, 804, 1798, 1260, 1512, 1750, 1604, 823, 1952, 1228, 1594, 872, 2292, 1115, 912, 5009, 1571, 683, 1426, 982, 312, 1288, 4351, 536, 681, 2661, 1830, 1559, 3447, 2173, 1784, 2185, 3734, 1556, 913, 407, 1962, 1058, 2520, 1817, 1452, 1164, 1726, 960, 806, 1564, 942, 1089, 803, 2175, 948, 1173, 1172, 955, 480, 1127, 1135, 1134, 554, 2012, 1482, 4441, 2382, 847, 881, 1680, 704, 1683, 2825, 1112, 2436, 1807, 1254, 639, 325, 1308, 2671, 2263, 902, 1737, 839, 900, 1314, 1367, 1536, 771, 1807, 2752, 1454, 1581, 613, 1765, 1325, 1737, 1179, 938, 1522, 900, 1682, 1084, 6668, 1755, 1434, 3131, 1427, 2022, 1784, 2104, 4646, 1763, 1160, 1970, 1767, 3030, 1503, 2381, 1972, 1208, 2743, 1506, 1408, 1075, 603, 3622, 2122, 9010, 1513, 2738, 1800, 1484, 1430, 757, 2125, 1689, 1379, 1279, 2479, 536, 2189, 644, 600, 1747, 1166, 1577, 1189, 768, 2398, 2418, 1101, 1554, 1354, 2015, 749, 665, 5004, 1640, 2307, 1519, 1221, 678, 2303, 1982, 1488, 2660, 1184, 2193, 2004, 1333, 4757, 1256, 1057, 2022, 829, 2079, 2586, 1574, 318, 1722, 1999, 1353, 1011, 1283, 572, 2373, 1735, 931, 2381, 1514, 3095, 2625, 1066, 2417, 1465, 4071, 1217, 2058, 1987, 1071, 5303, 2478, 1525, 5341, 1563, 1319, 1070, 1527, 1088, 859, 1568, 2287, 1111, 3307, 1752, 2117, 2332, 1532, 2416)
(85, 409): Mean: 1737.248, median: 1502.0, std: 1086.692, percent: 1649.52, B: 135, W: 115, 
	(2046, 975, 1191, 8094, 1913, 1502, 872, 1313, 788, 1629, 1260, 1510, 869, 1921, 2596, 923, 2564, 3088, 1612, 2396, 1192, 682, 1642, 878, 1527, 1382, 824, 1635, 1440, 1484, 3060, 1947, 2662, 984, 752, 1718, 1149, 1681, 1823, 1612, 822, 2162, 1260, 1665, 875, 2261, 1106, 809, 4896, 1501, 769, 1456, 946, 289, 1336, 4158, 501, 580, 2685, 2015, 1448, 3578, 2172, 1588, 2006, 3541, 1579, 867, 484, 1813, 1028, 2572, 1967, 1510, 1246, 1593, 1000, 782, 1550, 1087, 992, 808, 2156, 983, 1210, 1134, 810, 559, 1197, 1223, 1120, 613, 1879, 1615, 3977, 2211, 887, 892, 1563, 705, 1536, 3386, 1049, 2122, 1674, 1413, 663, 360, 1422, 2617, 2084, 907, 1781, 905, 928, 1442, 1492, 1310, 765, 1673, 2847, 1426, 1788, 546, 1653, 1279, 1843, 1217, 997, 1572, 985, 1840, 1144, 5986, 1502, 1185, 3138, 1198, 1977, 1688, 2197, 4339, 1820, 1096, 1784, 1800, 3366, 1439, 2517, 1831, 1239, 2822, 1410, 1443, 1165, 589, 3632, 2109, 7180, 1505, 2397, 1795, 1316, 1357, 732, 2010, 1670, 1459, 1403, 2260, 515, 2135, 558, 583, 1543, 1254, 1398, 1162, 783, 2376, 2609, 1356, 1438, 1407, 2181, 754, 703, 5882, 1567, 2373, 1656, 1305, 620, 1958, 1906, 1551, 2595, 1117, 2387, 1984, 1124, 4267, 1269, 1155, 2006, 809, 2236, 2723, 1306, 302, 2079, 2011, 1609, 1180, 1187, 375, 2438, 1567, 960, 2402, 1415, 3263, 2429, 1150, 2332, 1543, 5726, 1378, 2197, 1810, 957, 5812, 2681, 1445, 3786, 1190, 1252, 1056, 1490, 1150, 920, 1481, 2070, 903, 3870, 1626, 2427, 2407, 1519, 2171)
(86, 414): Mean: 1723.884, median: 1495.5, std: 1029.524, percent: 1623.9, B: 129, W: 120, 
	(2126, 884, 1334, 7361, 2105, 1563, 852, 1471, 755, 1917, 1293, 1441, 891, 2078, 2535, 939, 2905, 2865, 1598, 2544, 1180, 759, 1637, 934, 1557, 1534, 812, 1708, 1415, 1438, 3075, 1887, 2738, 922, 802, 1661, 1180, 1484, 1710, 1521, 803, 2071, 1401, 1830, 841, 2030, 1057, 852, 4967, 1594, 731, 1519, 955, 287, 1250, 3949, 488, 555, 3146, 1997, 1593, 3774, 2216, 1484, 1971, 4189, 1726, 838, 462, 1878, 1033, 2591, 1751, 1451, 1255, 1645, 952, 811, 1499, 1022, 1149, 818, 2199, 1013, 1183, 1208, 797, 527, 1135, 1044, 1084, 620, 1798, 1516, 4238, 2484, 827, 904, 1358, 547, 1512, 3170, 1072, 1939, 1818, 1380, 602, 311, 1566, 2667, 2229, 805, 1678, 893, 888, 1111, 1411, 1502, 795, 1751, 3118, 1666, 1531, 573, 1776, 1303, 1731, 1200, 929, 2006, 908, 1730, 1126, 5410, 1705, 1269, 3723, 1325, 1873, 1890, 1944, 4453, 1662, 1174, 1843, 2014, 2921, 1397, 2078, 1963, 1193, 2782, 1279, 1444, 1068, 572, 3513, 2007, 5577, 1547, 2431, 1624, 1308, 1393, 734, 1847, 1716, 1416, 1450, 2557, 547, 2005, 572, 634, 1554, 1272, 1423, 1206, 744, 2444, 2743, 1345, 1464, 1361, 2116, 818, 669, 4860, 1570, 1852, 1468, 1332, 647, 2301, 2038, 1606, 2774, 1033, 2584, 2222, 1396, 4522, 1347, 1248, 1742, 776, 2347, 2148, 1290, 263, 1860, 1917, 1655, 996, 1281, 528, 2609, 1864, 950, 2267, 1465, 3416, 2322, 1095, 2270, 1462, 5339, 1275, 2230, 1661, 1078, 5463, 2195, 1371, 4737, 1320, 1327, 1056, 1437, 1108, 861, 1461, 1827, 927, 3334, 1498, 1995, 2480, 1493, 2135)
(91, 441): Mean: 1719.056, median: 1484.0, std: 1025.557, percent: 1613.8, B: 124, W: 124, 
	(2508, 1017, 1284, 6763, 1948, 1483, 761, 1386, 865, 1663, 1244, 1436, 875, 1793, 2360, 862, 2673, 2715, 1724, 2468, 1194, 755, 1597, 944, 1629, 1472, 791, 1707, 1541, 1485, 2853, 2588, 2714, 939, 799, 2075, 1143, 1796, 1643, 1545, 835, 2057, 1167, 1704, 895, 2292, 1068, 838, 6324, 1631, 746, 1342, 1025, 267, 1275, 3469, 513, 660, 3114, 1782, 1616, 3199, 2279, 1623, 1892, 3761, 1578, 841, 477, 2066, 918, 2593, 1771, 1498, 1308, 1632, 832, 848, 1499, 1111, 1071, 728, 2510, 925, 1178, 1137, 855, 502, 1087, 1214, 1030, 631, 2002, 1531, 4016, 2298, 823, 923, 1417, 691, 1330, 3010, 1116, 2318, 1857, 1206, 647, 347, 1655, 2511, 2005, 872, 1958, 831, 797, 1336, 1437, 1437, 760, 1692, 3159, 1316, 1752, 616, 1723, 1276, 1743, 1218, 917, 1679, 955, 2015, 1135, 4627, 1547, 1244, 3768, 1305, 1941, 1705, 1855, 4075, 1851, 1064, 2005, 1890, 2726, 1471, 2191, 2226, 1303, 3117, 1419, 1422, 1199, 577, 3200, 2296, 6399, 1628, 2747, 1741, 1298, 1365, 853, 1967, 1729, 1435, 1465, 2334, 572, 2078, 573, 599, 1627, 1076, 1368, 1100, 763, 2242, 2937, 1231, 1355, 1376, 2130, 753, 707, 5218, 1596, 2105, 1547, 1298, 661, 1899, 2026, 1619, 2499, 1132, 2413, 2059, 1260, 3633, 1337, 1165, 2096, 829, 2157, 2513, 1325, 284, 1726, 1994, 1372, 1097, 1131, 468, 2497, 1847, 796, 2397, 1331, 2985, 2131, 1155, 2069, 1476, 5337, 1299, 2059, 1932, 1078, 6216, 2220, 1393, 4633, 1261, 1232, 1051, 1461, 1153, 860, 1572, 1981, 1034, 3256, 1650, 2126, 2291, 1476, 1999)
(93, 453): Mean: 1745.184, median: 1506.5, std: 1069.407, percent: 1635.22, B: 116, W: 130, 
	(2250, 880, 1284, 7764, 2373, 1596, 804, 1272, 772, 1938, 1298, 1383, 852, 1600, 2406, 910, 2419, 3197, 1572, 2417, 1195, 685, 1891, 845, 1601, 1368, 792, 1838, 1481, 1540, 2947, 2391, 2475, 959, 860, 1683, 1143, 1712, 1792, 1593, 772, 2511, 1304, 1583, 851, 2509, 1129, 851, 5692, 1627, 732, 1464, 968, 301, 1191, 4042, 488, 606, 2903, 2177, 1703, 3632, 2586, 1671, 2001, 3535, 1547, 813, 536, 1678, 1066, 2661, 1856, 1510, 1363, 1677, 980, 794, 1470, 1076, 1073, 746, 2199, 1009, 1124, 1158, 819, 496, 1237, 1193, 1225, 648, 1988, 1446, 4013, 2390, 884, 910, 1523, 634, 1503, 3229, 1138, 2241, 1813, 1223, 729, 276, 1495, 2784, 2238, 912, 1704, 872, 867, 1109, 1430, 1298, 860, 1977, 3343, 1306, 1770, 534, 1756, 1244, 1920, 1213, 1012, 1858, 901, 1890, 1213, 4430, 1593, 1259, 3666, 1494, 2134, 1674, 2110, 4080, 1671, 1190, 1778, 1778, 2953, 1482, 2314, 2319, 1349, 3344, 1476, 1514, 1319, 588, 3809, 2208, 7056, 1417, 2470, 1563, 1347, 1357, 716, 1936, 1681, 1546, 1429, 2192, 513, 2143, 566, 548, 1595, 1336, 1497, 981, 760, 2565, 2337, 1336, 1429, 1443, 2182, 803, 735, 5214, 1552, 2310, 1547, 1216, 661, 2076, 1924, 1497, 2760, 963, 2613, 2175, 1239, 4639, 1328, 1117, 2048, 707, 2130, 2588, 1403, 273, 1852, 1818, 1540, 1018, 1232, 402, 2170, 1634, 1009, 2352, 1374, 3224, 2430, 1123, 2171, 1444, 4454, 1435, 2191, 1733, 1060, 6524, 2165, 1296, 4605, 1231, 1354, 1045, 1571, 1111, 878, 1665, 2168, 923, 3456, 1653, 2136, 2333, 1428, 2090)
(94, 456): Mean: 1737.332, median: 1479.5, std: 1070.305, percent: 1626.7, B: 128, W: 117, 
	(2265, 1076, 1217, 7862, 2272, 1353, 865, 1219, 698, 1956, 1287, 1447, 805, 1821, 2664, 874, 2815, 3216, 1576, 2240, 1404, 742, 1663, 889, 1607, 1466, 792, 1568, 1513, 1279, 3149, 2143, 3047, 992, 825, 2067, 1069, 1312, 1900, 1485, 774, 1831, 1110, 1738, 910, 2311, 1144, 845, 5341, 1563, 710, 1473, 919, 294, 1290, 4820, 499, 600, 3189, 2064, 1538, 3537, 2175, 1574, 2271, 3490, 1599, 848, 490, 1735, 1005, 2916, 1810, 1245, 1360, 1521, 949, 819, 1389, 945, 1025, 787, 2167, 930, 1370, 1144, 798, 579, 1158, 1352, 1114, 657, 1794, 1452, 4124, 2144, 827, 910, 1538, 585, 1486, 3358, 1083, 1954, 1669, 1392, 623, 278, 1350, 2661, 2028, 899, 1712, 883, 979, 1339, 1430, 1377, 852, 1804, 2929, 1369, 1652, 557, 1845, 1225, 1935, 1211, 1012, 1548, 1169, 1820, 1249, 4648, 1675, 1169, 2935, 1382, 1945, 1685, 1943, 4015, 1909, 1160, 1880, 1920, 3391, 1434, 2262, 2160, 1188, 3013, 1405, 1697, 1170, 610, 2905, 2279, 6617, 1466, 2572, 1848, 1317, 1252, 729, 2134, 2235, 1407, 1367, 2541, 496, 2204, 610, 589, 1492, 1172, 1522, 1054, 768, 2368, 2338, 1311, 1336, 1480, 2327, 782, 653, 5201, 1479, 2291, 1579, 1182, 627, 2430, 1655, 1637, 2743, 1144, 2226, 2121, 1120, 4204, 1354, 1143, 1620, 807, 2163, 2466, 1324, 296, 1594, 1877, 1584, 987, 1213, 387, 2196, 1565, 852, 2727, 1325, 3535, 2494, 1109, 2392, 1489, 4170, 1401, 2197, 1733, 1017, 6983, 2904, 1391, 4561, 1458, 1437, 1112, 1503, 1115, 883, 1549, 1941, 872, 3629, 1917, 2227, 2478, 1458, 2278)
(96, 467): Mean: 1759.54, median: 1492.5, std: 1151.962, percent: 1648.4, B: 125, W: 124, 
	(2080, 979, 1334, 9409, 2109, 1691, 880, 1484, 877, 1647, 1315, 1494, 969, 1889, 2958, 950, 2559, 2802, 1671, 2672, 1156, 756, 1756, 950, 1578, 1468, 788, 1692, 1494, 1208, 3021, 2024, 2694, 944, 830, 1690, 1146, 1388, 1839, 1460, 812, 2419, 1237, 1557, 870, 2222, 1109, 916, 6518, 1612, 742, 1309, 1018, 237, 1330, 4746, 499, 638, 2713, 1861, 1626, 3018, 2425, 1505, 1813, 3877, 1434, 873, 486, 2142, 995, 2899, 1815, 1493, 1235, 1454, 920, 832, 1425, 1087, 1048, 807, 2408, 1017, 1274, 1133, 833, 481, 1122, 1247, 1014, 556, 1823, 1424, 4561, 2291, 888, 880, 1505, 627, 1661, 3174, 1155, 2073, 1609, 1348, 816, 378, 1416, 2347, 2110, 807, 1831, 882, 880, 1233, 1464, 1468, 825, 1721, 3509, 1357, 1493, 524, 1696, 1229, 1820, 1161, 1011, 1379, 1045, 1814, 1248, 4429, 1563, 1292, 3670, 1376, 2033, 1635, 1868, 4815, 1612, 1203, 1610, 1690, 2971, 1501, 2484, 2135, 1183, 2829, 1416, 1678, 1289, 614, 3917, 2339, 6594, 1408, 2289, 1846, 1442, 1345, 792, 2153, 1740, 1523, 1641, 2370, 490, 1838, 567, 558, 1473, 1227, 1463, 1031, 776, 2186, 2588, 1358, 1440, 1358, 2263, 795, 730, 5719, 1573, 2064, 1429, 1469, 647, 2207, 1772, 1520, 2827, 1030, 2620, 2055, 1171, 4410, 1323, 1127, 1854, 746, 2176, 2561, 1288, 343, 1902, 2245, 1597, 1076, 1284, 374, 2581, 1631, 843, 2287, 1555, 3661, 2076, 1076, 2225, 1464, 5369, 1283, 2019, 1743, 1134, 6666, 2950, 1386, 4962, 1493, 1279, 1010, 1492, 1097, 908, 1830, 1961, 913, 3134, 1597, 1941, 2623, 1710, 2348)
(97, 469): Mean: 1745.768, median: 1477.5, std: 1075.725, percent: 1643.12, B: 126, W: 124, 
	(2018, 990, 1219, 8395, 2260, 1532, 796, 1306, 788, 1744, 1333, 1475, 932, 1725, 2757, 889, 2900, 2763, 1536, 2647, 1217, 706, 1882, 920, 1608, 1331, 824, 1610, 1411, 1485, 3097, 2120, 2970, 1064, 784, 1803, 1169, 1516, 1914, 1652, 786, 1853, 1064, 1632, 1011, 2156, 1170, 862, 4696, 1659, 740, 1468, 1056, 306, 1257, 4389, 496, 702, 2525, 1870, 1846, 3271, 2270, 1593, 2101, 3628, 1543, 896, 439, 2120, 871, 2962, 1994, 1458, 1265, 1639, 982, 793, 1381, 882, 1069, 752, 2473, 979, 1222, 1166, 804, 504, 1127, 1168, 1081, 741, 2020, 1462, 4087, 2406, 836, 888, 1576, 625, 1480, 3786, 1112, 2029, 1937, 1365, 665, 301, 1309, 2961, 1988, 896, 1635, 904, 920, 1230, 1337, 1375, 808, 1704, 3452, 1298, 1546, 608, 1718, 1265, 2030, 1173, 965, 1576, 990, 2087, 1351, 4224, 1567, 1214, 4126, 1562, 2179, 1814, 1693, 4944, 1871, 1051, 1572, 1932, 2966, 1536, 2684, 2084, 1206, 3082, 1380, 1383, 1130, 612, 3371, 2247, 6148, 1494, 2553, 1624, 1294, 1273, 738, 2100, 1763, 1382, 1398, 2388, 542, 2168, 613, 583, 1465, 1228, 1344, 1133, 851, 2369, 2360, 1290, 1439, 1389, 2020, 791, 708, 6081, 1610, 2201, 1560, 1295, 646, 2477, 1896, 1639, 2576, 1051, 2214, 1850, 1298, 4094, 1267, 1149, 1927, 810, 2242, 2557, 1346, 290, 2081, 1916, 1603, 948, 1208, 449, 2342, 1638, 983, 2378, 1394, 3427, 2334, 1022, 2479, 1461, 5004, 1353, 1886, 1946, 1105, 5579, 2746, 1439, 5193, 1229, 1389, 1129, 1471, 1033, 892, 1668, 2030, 905, 3346, 1831, 2314, 2244, 1463, 2123)
(98, 475): Mean: 1747.512, median: 1483.0, std: 1083.994, percent: 1675.84, B: 126, W: 124, 
	(2468, 1006, 1192, 6597, 1877, 1590, 915, 1422, 850, 1806, 1464, 1387, 951, 1729, 2650, 903, 3384, 3657, 1504, 2157, 1211, 713, 1601, 1001, 1521, 1338, 777, 1722, 1455, 1433, 3208, 2264, 2582, 980, 841, 1799, 1164, 1463, 1876, 1541, 819, 2301, 1310, 1760, 984, 2113, 1180, 941, 5158, 1520, 755, 1364, 923, 280, 1195, 4583, 471, 565, 2718, 1947, 1631, 3338, 2197, 1481, 2031, 3584, 1484, 830, 442, 1833, 1017, 3100, 2002, 1514, 1195, 1690, 1009, 779, 1548, 1001, 1076, 783, 2270, 941, 1112, 1162, 826, 488, 1131, 1211, 1064, 639, 1881, 1513, 3870, 2349, 812, 900, 1598, 626, 1444, 3536, 1126, 2148, 1698, 1264, 644, 355, 1277, 2571, 2131, 841, 1825, 813, 928, 1029, 1540, 1346, 872, 1902, 3351, 1416, 1631, 568, 1754, 1353, 1763, 1021, 942, 1327, 960, 1661, 1207, 5468, 1590, 1169, 3442, 1471, 2409, 1769, 1780, 4488, 2135, 1224, 1878, 1694, 2932, 1587, 2830, 2106, 1239, 3276, 1515, 1482, 1238, 620, 3102, 2220, 8344, 1493, 2901, 1809, 1286, 1186, 758, 2240, 1732, 1470, 1403, 2977, 517, 2083, 626, 650, 1635, 1237, 1439, 1181, 819, 2478, 2433, 1310, 1362, 1367, 2277, 853, 737, 4756, 1567, 2407, 1665, 1280, 580, 2065, 1995, 1501, 2561, 1070, 2066, 2021, 1312, 4027, 1331, 1102, 1804, 807, 1961, 2691, 1429, 298, 1886, 1798, 1559, 979, 1215, 516, 2762, 1765, 936, 2123, 1352, 3537, 2371, 1104, 2355, 1349, 4178, 1315, 1748, 1776, 1079, 6717, 2492, 1331, 4681, 1468, 1366, 1074, 1473, 1001, 859, 1620, 2281, 880, 3239, 1644, 2522, 2224, 1446, 2206)
(99, 481): Mean: 1748.312, median: 1499.5, std: 1047.707, percent: 1684.42, B: 124, W: 125, 
	(2388, 974, 1386, 8823, 2031, 1539, 821, 1331, 830, 1536, 1326, 1604, 978, 1573, 3006, 916, 3203, 3079, 1517, 2127, 1368, 718, 1592, 925, 1592, 1355, 785, 1697, 1499, 1210, 3066, 2350, 2648, 1048, 886, 1950, 1160, 1550, 1713, 1661, 813, 2027, 1286, 1819, 867, 2477, 1224, 875, 4811, 1449, 680, 1339, 885, 247, 1486, 4016, 498, 565, 2822, 1898, 1599, 3147, 2587, 1616, 2098, 4056, 1581, 936, 500, 2276, 1034, 2646, 1909, 1362, 1263, 1657, 891, 842, 1595, 928, 1048, 755, 2278, 1010, 1195, 1274, 884, 486, 1123, 1190, 1114, 698, 1800, 1423, 3854, 2461, 862, 896, 1475, 811, 1500, 3686, 1082, 2078, 1753, 1230, 712, 397, 1396, 2688, 2310, 916, 1852, 865, 895, 1271, 1552, 1338, 809, 2096, 2812, 1390, 1666, 553, 1760, 1265, 1938, 1083, 941, 1702, 1004, 2026, 1187, 4583, 1889, 1112, 3695, 1379, 2122, 1678, 1919, 4630, 1739, 1046, 1757, 1937, 2694, 1454, 2530, 2009, 1191, 2734, 1478, 1650, 1210, 697, 3428, 2083, 6032, 1472, 2474, 1690, 1327, 1397, 749, 2159, 1986, 1461, 1328, 2710, 502, 2452, 609, 521, 1593, 1233, 1432, 1058, 752, 2525, 3039, 1345, 1426, 1429, 2021, 740, 696, 5173, 1741, 2321, 1531, 1315, 575, 2130, 1674, 1457, 2890, 1083, 2172, 2055, 1303, 4479, 1363, 1169, 1996, 848, 1921, 2551, 1419, 249, 1934, 2055, 1490, 936, 1127, 477, 2405, 1544, 846, 2236, 1543, 3609, 2117, 1113, 2604, 1313, 3815, 1278, 2123, 2062, 1084, 5224, 2445, 1465, 4565, 1649, 1457, 1107, 1640, 1002, 958, 1840, 1949, 991, 3591, 1661, 2604, 2346, 1492, 2406)
(101, 493): Mean: 1746.672, median: 1519.0, std: 1072.321, percent: 1625.32, B: 127, W: 122, 
	(2249, 950, 1244, 7380, 2204, 1769, 777, 1529, 750, 1985, 1296, 1393, 907, 1761, 2542, 1016, 2807, 3467, 1451, 2672, 1142, 737, 1597, 912, 1689, 1308, 783, 1575, 1378, 1528, 3212, 2166, 2577, 931, 865, 1821, 1224, 1547, 1707, 1479, 767, 2170, 1164, 1597, 832, 2569, 1167, 876, 5924, 1445, 740, 1356, 970, 302, 1259, 4360, 454, 560, 3163, 2260, 1690, 3331, 2365, 1593, 1942, 3249, 1478, 840, 479, 1903, 980, 2519, 1776, 1291, 1235, 1641, 936, 831, 1493, 993, 1085, 795, 2345, 1049, 1115, 1174, 789, 604, 1128, 1261, 1050, 613, 1890, 1511, 3991, 2474, 881, 896, 1614, 571, 1696, 3676, 1256, 2300, 1787, 1308, 646, 369, 1527, 2306, 2072, 862, 1776, 780, 882, 1045, 1424, 1452, 837, 1874, 2996, 1443, 1933, 597, 1839, 1331, 1762, 1149, 962, 1560, 951, 2103, 1145, 5572, 1578, 1200, 2821, 1406, 2019, 1502, 2011, 4855, 1883, 1047, 1872, 1688, 3046, 1563, 2364, 2095, 1232, 3313, 1426, 1532, 1122, 581, 3464, 2241, 6589, 1745, 2587, 1765, 1423, 1307, 731, 1793, 1913, 1448, 1581, 2574, 629, 2222, 586, 649, 1537, 1281, 1510, 1216, 892, 2656, 3054, 1353, 1502, 1536, 2083, 793, 732, 5258, 1655, 2097, 1656, 1207, 658, 1898, 1872, 1588, 2742, 1109, 2176, 1923, 1251, 3846, 1246, 1222, 1890, 809, 2060, 2479, 1417, 340, 1820, 1667, 1500, 900, 1298, 396, 2372, 1862, 961, 2190, 1481, 3089, 2124, 1131, 2189, 1654, 4233, 1339, 2148, 1758, 1105, 6695, 2321, 1435, 5199, 1381, 1275, 1140, 1481, 1066, 840, 1488, 1882, 885, 3137, 1717, 2320, 2549, 1651, 2161)
(102, 498): Mean: 1753.968, median: 1503.5, std: 1059.789, percent: 1671.9, B: 125, W: 124, 
	(2099, 938, 1389, 7648, 2303, 1769, 881, 1349, 694, 1904, 1219, 1439, 988, 1731, 2466, 950, 2416, 3019, 1548, 2418, 1302, 730, 1599, 905, 1897, 1462, 773, 1554, 1420, 1499, 2872, 1855, 2650, 1019, 783, 1651, 1128, 1557, 1938, 1481, 862, 2113, 1379, 1720, 1070, 2026, 1111, 909, 5164, 1708, 676, 1269, 997, 299, 1265, 4326, 484, 515, 2532, 1993, 1721, 2866, 2303, 1596, 1823, 3727, 1598, 783, 501, 1869, 931, 2854, 1747, 1455, 1254, 1723, 955, 845, 1400, 905, 1027, 831, 2265, 980, 1260, 1069, 889, 477, 1106, 1269, 1095, 685, 1855, 1510, 4803, 2504, 882, 933, 1557, 766, 1713, 3323, 1392, 2182, 1800, 1232, 833, 391, 1406, 2663, 2050, 821, 1943, 1022, 1005, 1318, 1353, 1656, 803, 1817, 3935, 1354, 1564, 646, 1687, 1330, 1810, 1191, 989, 1954, 1132, 1945, 1301, 4977, 1745, 1263, 3369, 1405, 2057, 1698, 1873, 4164, 1892, 1258, 1871, 1894, 2736, 1346, 2242, 2200, 1250, 2753, 1375, 1544, 1185, 634, 3828, 2264, 6962, 1479, 2300, 1874, 1306, 1283, 799, 2976, 1889, 1296, 1743, 2464, 624, 1846, 615, 686, 1432, 1217, 1367, 1041, 826, 2585, 2018, 1345, 1436, 1415, 1965, 931, 753, 5636, 1898, 2175, 1517, 1200, 610, 2401, 1911, 1492, 2604, 992, 2704, 1947, 1396, 4283, 1347, 1236, 1886, 788, 2487, 2350, 1395, 318, 2031, 2312, 1539, 953, 1272, 430, 2341, 1682, 947, 2473, 1508, 2964, 2874, 1064, 2091, 1398, 4466, 1347, 1948, 1672, 1147, 6264, 2814, 1250, 4422, 1399, 1229, 1178, 1473, 1082, 897, 1533, 2158, 893, 3607, 1683, 2250, 2338, 1571, 2282)
(104, 508): Mean: 1751.468, median: 1496.5, std: 1042.759, percent: 1656.14, B: 129, W: 121, 
	(2042, 940, 1252, 7605, 2274, 1439, 896, 1461, 743, 1843, 1483, 1526, 1114, 1646, 2684, 900, 2848, 3047, 1780, 2333, 1356, 651, 1563, 1078, 1777, 1336, 814, 1686, 1417, 1333, 2938, 2190, 2409, 958, 767, 1682, 1283, 1524, 2183, 1575, 814, 2255, 1259, 1532, 937, 2299, 1089, 809, 4765, 1528, 711, 1447, 936, 260, 1337, 3672, 518, 545, 2823, 1937, 1587, 3503, 2392, 1580, 2340, 3516, 1479, 940, 489, 1856, 1079, 3258, 2037, 1486, 1311, 1816, 872, 827, 1360, 991, 976, 839, 2329, 1061, 1149, 1105, 852, 468, 1197, 1134, 1068, 687, 1749, 1640, 4424, 2729, 919, 969, 1353, 618, 1638, 3156, 1234, 2204, 1652, 1276, 752, 305, 1451, 3039, 2275, 879, 1753, 908, 1045, 1360, 1403, 1509, 900, 1946, 3190, 1432, 1621, 754, 1576, 1483, 2131, 1213, 895, 1516, 1143, 2143, 1227, 5866, 1666, 1301, 3320, 1418, 2149, 1961, 1695, 4251, 1635, 1182, 2238, 1726, 2784, 1336, 2349, 2170, 1565, 2860, 1405, 1468, 1114, 641, 3335, 2222, 5793, 1380, 2662, 1767, 1283, 1227, 788, 2300, 1851, 1430, 1436, 2388, 544, 2207, 579, 564, 1490, 1367, 1617, 991, 764, 2414, 2276, 1224, 1497, 1334, 2214, 859, 790, 5266, 1496, 2539, 1569, 1180, 588, 2164, 1973, 1378, 2660, 1067, 2421, 1996, 1291, 3855, 1263, 1154, 1941, 847, 1957, 2627, 1401, 325, 2012, 1915, 1593, 959, 1236, 415, 2297, 1835, 935, 2219, 1458, 2768, 2315, 1083, 2820, 1571, 4862, 1227, 2244, 1893, 1008, 6621, 2378, 1604, 4841, 1390, 1265, 1110, 1433, 1068, 910, 1655, 1920, 948, 3235, 1671, 2096, 2492, 1502, 2569)
(105, 514): Mean: 1760.552, median: 1492.5, std: 1073.022, percent: 1671.08, B: 130, W: 119, 
	(2184, 977, 1228, 7854, 2214, 1867, 802, 1251, 809, 1858, 1163, 1437, 977, 1679, 2578, 859, 2733, 2871, 1539, 2249, 1224, 663, 1834, 942, 1555, 1524, 857, 1780, 1341, 1484, 2724, 2033, 2975, 1065, 781, 1736, 1073, 1492, 1983, 1635, 832, 2211, 1161, 1679, 955, 2250, 1066, 847, 5500, 1494, 660, 1451, 998, 313, 1319, 5033, 436, 536, 2776, 2229, 1480, 3392, 2231, 1493, 2445, 4212, 1495, 889, 502, 1851, 971, 2739, 1566, 1458, 1269, 1607, 883, 828, 1250, 882, 1042, 780, 2350, 915, 1228, 1053, 1047, 439, 1141, 1133, 1073, 741, 1947, 1553, 4306, 2266, 852, 905, 1410, 632, 1626, 3227, 1371, 1919, 2019, 1302, 740, 352, 1352, 2762, 2124, 883, 1713, 875, 973, 1091, 1463, 1809, 900, 1959, 3250, 1407, 1604, 655, 1698, 1518, 1799, 1410, 1102, 1559, 1034, 1876, 1128, 5147, 1527, 1175, 3177, 1443, 1941, 1754, 1793, 5181, 1794, 1222, 2189, 1759, 3138, 1454, 2212, 2272, 1289, 2475, 1370, 1475, 1065, 617, 3487, 3032, 5693, 1463, 2705, 1645, 1393, 1539, 768, 2637, 1986, 1457, 1478, 2373, 559, 2181, 636, 687, 1433, 1196, 1451, 1054, 850, 2358, 2442, 1349, 1399, 1479, 2327, 921, 796, 6038, 1577, 2573, 1502, 1281, 625, 2309, 1855, 1486, 3392, 983, 2243, 2195, 1251, 3955, 1381, 1127, 1739, 974, 1982, 2377, 1258, 389, 1995, 1912, 1515, 932, 1307, 526, 2385, 1782, 885, 2095, 1583, 2837, 2462, 1055, 2445, 1427, 4038, 1278, 1919, 2038, 1043, 5904, 2519, 1447, 4766, 1249, 1256, 1697, 1626, 956, 898, 1667, 2058, 885, 4219, 1625, 2630, 2415, 1431, 2364)
(106, 518): Mean: 1804.684, median: 1553.5, std: 1150.78, percent: 1673.2, B: 107, W: 142, 
	(2241, 918, 1290, 8310, 2324, 1653, 905, 1494, 750, 1876, 1426, 1618, 904, 1871, 2543, 879, 3358, 2989, 1806, 2432, 1313, 759, 1771, 886, 1593, 1506, 857, 1883, 1586, 1520, 3486, 2076, 2763, 1038, 779, 2224, 1208, 1523, 1938, 1574, 865, 2221, 1265, 1660, 912, 2224, 1165, 871, 6510, 1554, 687, 1356, 1012, 330, 1263, 4193, 541, 592, 3231, 1915, 1705, 3135, 2399, 1604, 1889, 4134, 1628, 847, 434, 2050, 935, 3119, 2117, 1673, 1330, 1962, 993, 894, 1445, 1053, 1040, 735, 2339, 1029, 1176, 1131, 974, 501, 1213, 1213, 1110, 640, 1871, 1506, 4084, 2190, 874, 966, 1510, 687, 1553, 4003, 1150, 2563, 1814, 1358, 766, 380, 1288, 3018, 2259, 747, 1948, 919, 918, 1207, 1527, 1589, 840, 1635, 3238, 1331, 1568, 697, 1747, 1393, 1761, 1353, 1119, 1528, 1006, 1813, 1349, 7081, 1697, 1354, 3510, 1368, 2191, 1761, 1666, 4606, 1874, 1175, 1750, 1820, 2874, 1660, 2390, 2324, 1393, 2835, 1522, 1509, 1074, 616, 3534, 2638, 6562, 1607, 2385, 1666, 1301, 1448, 802, 2536, 1713, 1423, 1631, 2504, 635, 1920, 619, 576, 1610, 1232, 1570, 1150, 828, 2658, 2372, 1297, 1438, 1542, 2255, 799, 685, 7037, 1665, 2342, 1532, 1205, 614, 2311, 2018, 1629, 2789, 986, 2256, 2064, 1385, 3463, 1294, 1078, 1914, 801, 2245, 2454, 1422, 319, 2183, 2013, 1448, 1010, 1206, 436, 2256, 1700, 973, 2742, 1478, 2989, 2286, 1126, 2730, 1472, 5010, 1377, 2268, 1802, 1331, 5875, 2335, 1393, 4605, 1216, 1333, 1080, 1612, 1084, 853, 1607, 1840, 924, 3381, 1667, 2735, 2393, 1444, 2392)
(107, 520): Mean: 1737.024, median: 1486.0, std: 1033.859, percent: 1668.4, B: 148, W: 101, 
	(2007, 978, 1313, 7222, 2169, 1435, 905, 1320, 836, 1647, 1257, 1481, 992, 1680, 2463, 980, 3368, 3255, 1465, 2345, 1230, 704, 1767, 868, 1724, 1354, 799, 1743, 1482, 1403, 2869, 2101, 2431, 1059, 799, 2013, 1181, 1301, 1814, 1562, 837, 1984, 1308, 1764, 802, 2264, 1195, 816, 4157, 1722, 758, 1299, 985, 308, 1209, 4169, 515, 628, 2615, 2255, 1826, 2952, 2442, 1526, 1974, 3453, 1588, 921, 518, 2245, 990, 3235, 1858, 1511, 1230, 1367, 996, 847, 1414, 1085, 1028, 882, 2146, 1013, 1310, 1264, 855, 601, 1147, 1228, 1114, 657, 1782, 1490, 3633, 2175, 899, 897, 1562, 591, 1591, 3425, 1036, 2278, 1889, 1258, 640, 347, 1253, 2812, 2107, 939, 1600, 916, 854, 1341, 1441, 1416, 762, 1734, 3441, 1460, 1781, 604, 1831, 1251, 1894, 1277, 990, 1916, 973, 1959, 1249, 4792, 1581, 1157, 3527, 1532, 2147, 1807, 2025, 4543, 1919, 1159, 1682, 1834, 3194, 1500, 2376, 2099, 1200, 2520, 1445, 1677, 1109, 585, 3048, 2082, 7071, 1527, 2577, 1676, 1440, 1214, 735, 2278, 2030, 1490, 1376, 2377, 523, 2037, 638, 605, 1435, 1189, 1399, 1175, 813, 2563, 2906, 1258, 1471, 1468, 2115, 796, 715, 5917, 1633, 2286, 1704, 1291, 631, 2370, 1728, 1601, 2888, 1053, 2626, 2116, 1268, 4989, 1301, 1170, 1773, 779, 1867, 2519, 1289, 293, 2117, 1620, 1371, 1017, 1213, 448, 2508, 1558, 832, 2508, 1497, 2923, 2530, 1093, 2045, 1363, 4528, 1249, 1929, 1744, 1153, 5437, 2448, 1379, 4606, 1242, 1308, 1108, 1457, 1123, 829, 1609, 1872, 974, 3431, 1896, 2305, 2377, 1553, 2098)
(108, 526): Mean: 1743.232, median: 1529.5, std: 1077.707, percent: 1675.38, B: 132, W: 118, 
	(2577, 942, 1270, 8999, 2130, 1610, 876, 1381, 766, 1740, 1269, 1632, 939, 1717, 2803, 847, 2469, 2756, 1767, 2178, 1187, 773, 1589, 910, 1534, 1463, 828, 1686, 1509, 1324, 2872, 2163, 2644, 1026, 792, 1801, 1093, 1549, 1826, 1576, 821, 2078, 1233, 1517, 908, 2385, 1120, 850, 4849, 1545, 714, 1420, 924, 293, 1568, 3775, 450, 609, 2855, 2026, 1429, 2872, 2287, 1490, 2160, 3998, 1722, 845, 467, 1846, 962, 2831, 1733, 1549, 1274, 1649, 923, 863, 1390, 936, 1140, 750, 2156, 932, 1226, 1056, 857, 519, 1089, 1204, 987, 709, 1684, 1522, 4173, 2619, 873, 909, 1543, 651, 1473, 2875, 1053, 2204, 1884, 1205, 657, 382, 1339, 2441, 2136, 916, 1921, 892, 908, 1553, 1372, 1474, 866, 1625, 3211, 1339, 1657, 598, 1796, 1275, 1822, 1302, 1025, 1827, 963, 1850, 1232, 4425, 1594, 1121, 3509, 1409, 2025, 1725, 1902, 4148, 1899, 1146, 1878, 2044, 3422, 1561, 2262, 2216, 1181, 2894, 1501, 1591, 1174, 615, 3340, 2146, 6806, 1572, 2308, 1830, 1296, 1286, 807, 2260, 2053, 1355, 1487, 2831, 579, 2038, 565, 505, 1633, 1262, 1404, 1145, 783, 2509, 2247, 1212, 1550, 1458, 2184, 785, 747, 5297, 1468, 2143, 1526, 1153, 673, 2213, 2004, 1608, 3028, 1070, 2469, 1958, 1307, 3886, 1310, 1112, 1716, 709, 2381, 2577, 1263, 282, 1967, 2098, 1475, 978, 1191, 592, 2603, 1710, 900, 2712, 1377, 3042, 2307, 1026, 2282, 1533, 4696, 1485, 2031, 1805, 1226, 6606, 2338, 1369, 5072, 1350, 1294, 1001, 1416, 1063, 879, 1602, 2036, 967, 3306, 1746, 2468, 2460, 1574, 2196)
(112, 549): Mean: 1743.372, median: 1555.0, std: 1046.728, percent: 1656.26, B: 124, W: 125, 
	(2494, 1000, 1287, 7182, 2058, 1575, 878, 1537, 683, 1621, 1405, 1460, 963, 1916, 2557, 918, 3120, 2862, 1693, 2362, 1379, 756, 1692, 869, 1585, 1391, 791, 1580, 1666, 1329, 2974, 2012, 3060, 875, 826, 1889, 1046, 1250, 1976, 1474, 827, 2100, 1361, 1647, 930, 2475, 1168, 815, 4422, 1641, 704, 1379, 1034, 280, 1308, 4071, 524, 595, 3260, 2132, 1841, 3835, 2581, 1578, 2056, 3692, 1626, 829, 435, 1960, 1021, 2821, 1912, 1467, 1346, 1628, 940, 778, 1540, 1014, 986, 818, 2290, 981, 1181, 1156, 903, 503, 1080, 1113, 1170, 661, 1857, 1399, 4046, 2292, 821, 940, 1579, 591, 1644, 3617, 1076, 2452, 1564, 1505, 604, 365, 1390, 2554, 2118, 840, 1809, 821, 916, 1118, 1451, 1573, 840, 1733, 2966, 1271, 1484, 609, 2017, 1203, 1754, 1246, 998, 1597, 1026, 1732, 1333, 4876, 1607, 1217, 3649, 1496, 2143, 1617, 2154, 4066, 1662, 1104, 1851, 1853, 2762, 1318, 2545, 2383, 1231, 3134, 1569, 1749, 1120, 636, 3148, 1939, 6568, 1413, 2397, 1592, 1390, 1235, 758, 2083, 1686, 1344, 1358, 2142, 468, 2067, 619, 618, 1546, 1173, 1571, 1198, 846, 2284, 2479, 1412, 1319, 1565, 2337, 793, 739, 5611, 1625, 2173, 1658, 1359, 613, 2260, 1865, 1604, 2885, 1193, 2293, 1863, 1223, 4531, 1279, 1106, 1661, 776, 1942, 2554, 1440, 267, 1622, 1681, 1453, 1065, 1309, 390, 2310, 1645, 954, 2272, 1326, 2988, 2402, 1025, 2747, 1401, 5336, 1298, 2201, 2055, 1032, 5533, 2645, 1407, 5398, 1404, 1431, 1205, 1613, 1129, 900, 1602, 1830, 912, 3798, 1617, 1981, 2390, 1775, 1994)
(114, 560): Mean: 1725.96, median: 1500.0, std: 1011.249, percent: 1699.48, B: 128, W: 121, 
	(2258, 960, 1321, 6693, 2113, 1537, 794, 1291, 796, 1816, 1357, 1576, 835, 1809, 2632, 898, 2833, 3055, 1871, 2471, 1384, 663, 1645, 921, 1700, 1428, 844, 1655, 1490, 1371, 2754, 1928, 2458, 1085, 727, 1774, 1201, 1474, 1797, 1462, 875, 2381, 1251, 1645, 828, 2081, 1135, 819, 5252, 1514, 682, 1338, 927, 260, 1117, 4564, 540, 534, 2676, 2014, 1953, 3093, 2563, 1452, 2130, 3827, 1595, 815, 469, 2053, 918, 3049, 2035, 1512, 1421, 1653, 877, 876, 1497, 1021, 1067, 802, 2133, 909, 1069, 990, 850, 483, 1212, 1193, 1022, 600, 1837, 1495, 3757, 2577, 822, 856, 1503, 697, 1821, 3225, 1205, 2091, 1811, 1282, 721, 269, 1708, 2864, 1989, 855, 1934, 905, 750, 1205, 1488, 1369, 820, 1856, 3352, 1300, 1623, 615, 1979, 1180, 1811, 1104, 1009, 2140, 1036, 1903, 1196, 4691, 1641, 1411, 3342, 1416, 1903, 1690, 2213, 4003, 1710, 1109, 1745, 1927, 2677, 1362, 2605, 2269, 1397, 3358, 1377, 1613, 1193, 637, 4226, 2226, 6896, 1508, 2676, 1571, 1370, 1325, 716, 1862, 1855, 1393, 1391, 2527, 551, 1976, 554, 582, 1574, 1270, 1458, 1150, 844, 2598, 2771, 1237, 1503, 1347, 2141, 837, 718, 4288, 1585, 2377, 1357, 1241, 613, 1922, 1916, 1589, 3163, 1123, 2098, 2490, 1373, 3155, 1278, 1147, 1809, 757, 1993, 2553, 1234, 271, 1892, 1855, 1504, 917, 1248, 405, 2309, 1514, 853, 2033, 1317, 2935, 2527, 1063, 2589, 1493, 4393, 1300, 1815, 1772, 1076, 5748, 3010, 1327, 4752, 1361, 1268, 1025, 1489, 1093, 924, 1813, 1882, 932, 2995, 1546, 2192, 2135, 1524, 2181)
(120, 593): Mean: 1756.192, median: 1501.5, std: 1105.479, percent: 1693.24, B: 113, W: 137, 
	(2184, 922, 1334, 8894, 1958, 1381, 855, 1285, 718, 1670, 1321, 1685, 937, 1642, 2635, 895, 3082, 2852, 1422, 2515, 1239, 789, 1659, 949, 1574, 1325, 784, 1719, 1485, 1617, 3464, 2194, 2620, 1011, 754, 1839, 1255, 1482, 1973, 1647, 802, 2342, 1196, 1472, 881, 2382, 1059, 896, 4651, 1692, 681, 1382, 930, 324, 1327, 4968, 483, 635, 2864, 2084, 1545, 3223, 2383, 1547, 1825, 3896, 1602, 841, 466, 1843, 1015, 2472, 1794, 1360, 1138, 1569, 999, 928, 1449, 931, 1114, 838, 2273, 955, 1240, 1129, 846, 508, 1082, 1195, 986, 565, 1841, 1537, 4610, 2271, 928, 996, 1459, 617, 1607, 3718, 1025, 2175, 1951, 1306, 659, 357, 1381, 2811, 2420, 966, 1637, 931, 875, 1185, 1375, 1480, 780, 2005, 3691, 1419, 1706, 559, 1497, 1274, 1887, 1083, 964, 1796, 922, 1896, 1266, 5909, 1568, 1214, 3366, 1460, 1858, 1585, 1941, 4427, 1748, 1215, 2049, 1803, 2519, 1417, 2667, 2163, 1386, 2941, 1474, 1661, 1191, 630, 3491, 2239, 6719, 1351, 2345, 1881, 1334, 1287, 779, 2260, 1901, 1587, 1584, 2764, 519, 2016, 605, 561, 1502, 1220, 1411, 1072, 765, 2464, 2604, 1375, 1615, 1593, 2153, 795, 647, 6276, 1570, 2223, 1683, 1190, 676, 2101, 1995, 1653, 2711, 1121, 2384, 2009, 1301, 4094, 1321, 1235, 1830, 790, 2571, 2649, 1378, 277, 1884, 1909, 1596, 1036, 1200, 452, 2566, 1677, 813, 2273, 1594, 3126, 2639, 1104, 2132, 1501, 4552, 1330, 2057, 1797, 1114, 5518, 2527, 1300, 4013, 1212, 1308, 969, 1367, 1092, 846, 1622, 1939, 917, 3120, 1595, 2368, 2357, 1483, 2437)
(125, 622): Mean: 1763.348, median: 1502.5, std: 1135.455, percent: 1663.62, B: 124, W: 123, 
	(2267, 971, 1268, 9282, 2073, 1497, 831, 1422, 741, 1673, 1424, 1436, 919, 1797, 2734, 883, 3247, 3253, 1597, 2305, 1369, 802, 1860, 917, 1453, 1497, 914, 1675, 1621, 1432, 2864, 2072, 2776, 1011, 801, 1715, 1251, 1312, 1812, 1660, 791, 2073, 1349, 1668, 1081, 2190, 1063, 887, 4575, 1607, 700, 1470, 928, 315, 1361, 4390, 467, 631, 2822, 1970, 1613, 2651, 2088, 1542, 1842, 3589, 1632, 930, 410, 1875, 878, 2978, 1778, 1556, 1179, 1787, 901, 830, 1845, 1052, 1058, 833, 2364, 965, 1212, 1150, 846, 565, 1292, 1262, 1233, 695, 1823, 1499, 3597, 2627, 863, 925, 1564, 683, 1679, 3971, 1166, 2221, 1797, 1191, 626, 345, 1553, 2426, 2041, 767, 1781, 928, 849, 1237, 1418, 1388, 865, 1847, 3310, 1412, 1676, 617, 1755, 1308, 1845, 1177, 1007, 1480, 1001, 1692, 1208, 5726, 1585, 1103, 3220, 1334, 2203, 1607, 1766, 3903, 1658, 1188, 1722, 1997, 3410, 1548, 2574, 2221, 1382, 3053, 1415, 1503, 1198, 561, 3043, 2126, 7535, 1590, 2612, 1688, 1502, 1259, 854, 2239, 1647, 1372, 1322, 2644, 592, 2092, 609, 549, 1739, 1253, 1448, 1100, 754, 2316, 2388, 1389, 1469, 1421, 2469, 749, 767, 6666, 1454, 2055, 1395, 1192, 666, 2101, 1970, 1544, 3224, 1009, 2427, 2250, 1372, 4154, 1378, 1148, 1728, 740, 1942, 2753, 1514, 287, 2020, 1732, 1623, 963, 1252, 447, 2769, 1639, 914, 2304, 1483, 3370, 2453, 1096, 2317, 1446, 5027, 1306, 1827, 1819, 1087, 6249, 2411, 1301, 4981, 1459, 1286, 1197, 1503, 1048, 946, 1754, 2339, 913, 3388, 1754, 1932, 2279, 1453, 1999)
(127, 634): Mean: 1760.32, median: 1508.5, std: 1083.934, percent: 1647.92, B: 130, W: 120, 
	(2351, 1060, 1195, 6916, 2358, 1712, 873, 1317, 792, 1677, 1324, 1541, 941, 1852, 2649, 880, 3719, 3230, 1522, 2763, 1293, 739, 1703, 928, 1577, 1271, 867, 1569, 1565, 1468, 3172, 1749, 2821, 1004, 788, 1897, 1230, 1493, 1701, 1473, 703, 1946, 1307, 1534, 1019, 2319, 1136, 889, 4189, 1458, 672, 1467, 982, 268, 1297, 4398, 538, 680, 2777, 2255, 1520, 3225, 2417, 1476, 1736, 3572, 1786, 875, 458, 2109, 1023, 2819, 1812, 1575, 1234, 1508, 1000, 877, 1506, 978, 1161, 857, 2709, 1006, 1313, 1120, 810, 482, 1207, 1302, 1080, 605, 1846, 1666, 4181, 2158, 860, 843, 1667, 639, 1456, 3292, 1219, 2272, 1822, 1226, 615, 407, 1510, 2751, 2586, 872, 1736, 937, 848, 1189, 1441, 1630, 852, 1747, 3051, 1282, 1699, 581, 1907, 1383, 1917, 1124, 949, 1826, 962, 1816, 1136, 5066, 1595, 1423, 2937, 1425, 2275, 1907, 1871, 4538, 1844, 1343, 1774, 1854, 3075, 1637, 2238, 2064, 1235, 2954, 1390, 1456, 1173, 680, 3276, 2105, 7674, 1469, 2407, 1598, 1323, 1394, 787, 2113, 2166, 1426, 1505, 2607, 518, 1979, 585, 544, 1509, 1237, 1479, 1079, 796, 2276, 2844, 1257, 1347, 1221, 2378, 841, 741, 6052, 1651, 1988, 1644, 1295, 697, 2172, 1801, 1457, 3047, 1033, 2466, 2123, 1552, 4528, 1386, 1177, 1879, 843, 1961, 2415, 1348, 283, 1940, 1917, 1518, 1010, 1266, 416, 2404, 1592, 833, 2175, 1336, 3982, 2219, 1071, 2286, 1517, 4243, 1330, 1976, 1864, 1284, 7300, 2215, 1347, 4520, 1403, 1308, 1019, 1429, 1041, 907, 1782, 1995, 957, 3240, 1994, 2027, 2665, 1519, 2327)
(128, 639): Mean: 1729.716, median: 1522.5, std: 1006.754, percent: 1661.84, B: 131, W: 119, 
	(1934, 968, 1223, 7974, 2418, 1466, 787, 1464, 750, 1863, 1370, 1429, 904, 1737, 2415, 966, 2773, 3040, 1545, 2253, 1368, 706, 1648, 966, 1632, 1389, 804, 1927, 1471, 1426, 3071, 2254, 2962, 986, 815, 1663, 1224, 1433, 1668, 1571, 766, 2211, 1238, 1827, 1061, 2295, 1123, 784, 5164, 1707, 804, 1504, 1071, 291, 1235, 4264, 558, 747, 2552, 2132, 1644, 3232, 2372, 1682, 1847, 3976, 1569, 853, 418, 1899, 971, 2540, 2165, 1553, 1222, 1454, 958, 821, 1646, 1028, 1043, 835, 2181, 992, 1164, 1117, 909, 494, 1286, 1156, 1091, 724, 2150, 1423, 4129, 2184, 858, 887, 1638, 663, 1617, 3365, 1083, 2015, 1907, 1231, 706, 361, 1287, 2645, 2075, 896, 1769, 879, 923, 1180, 1513, 1389, 858, 1672, 3068, 1386, 1656, 551, 1827, 1239, 1769, 1090, 1034, 1844, 945, 1871, 1201, 4349, 1582, 1394, 3007, 1439, 2184, 1802, 1934, 4739, 1821, 1268, 1880, 1964, 3202, 1469, 2910, 2151, 1194, 2847, 1548, 1532, 1135, 636, 2797, 1920, 5991, 1587, 3161, 1560, 1462, 1449, 805, 1896, 1642, 1442, 1320, 2632, 634, 2042, 672, 562, 1638, 1223, 1546, 1135, 767, 2461, 2779, 1251, 1445, 1408, 1966, 821, 712, 5042, 1573, 2357, 1683, 1166, 718, 2220, 1880, 1450, 2674, 1006, 2628, 2283, 1251, 3427, 1312, 1151, 1732, 767, 2122, 2570, 1279, 269, 2137, 1899, 1640, 923, 1333, 459, 2094, 1573, 848, 2048, 1379, 3425, 2259, 1161, 2466, 1337, 4021, 1405, 1986, 1760, 1269, 5287, 2136, 1368, 4681, 1371, 1337, 967, 1566, 1060, 911, 1625, 1852, 912, 3379, 1866, 2172, 2126, 1393, 2502)
(130, 648): Mean: 1732.412, median: 1493.5, std: 1004.526, percent: 1630.08, B: 128, W: 121, 
	(1854, 945, 1252, 6401, 2203, 1603, 812, 1372, 739, 1597, 1287, 1398, 930, 1612, 2687, 987, 2776, 3058, 1655, 2453, 1280, 698, 1788, 902, 1583, 1279, 885, 1723, 1501, 1236, 3017, 2118, 2627, 1118, 781, 1802, 1291, 1483, 1790, 1741, 787, 2642, 1344, 1655, 1160, 2277, 1147, 887, 4758, 1449, 729, 1407, 1042, 253, 1339, 3982, 496, 655, 2581, 2068, 1565, 3286, 2138, 1657, 1873, 4105, 1615, 907, 403, 1828, 1054, 2440, 1608, 1277, 1243, 1511, 922, 837, 1434, 979, 1027, 772, 2344, 963, 1229, 1148, 823, 561, 1267, 1231, 1112, 697, 2121, 1525, 3691, 2315, 885, 872, 1459, 648, 1636, 3605, 1109, 2285, 1745, 1274, 666, 344, 1397, 2525, 2194, 791, 1902, 845, 865, 1386, 1435, 1420, 866, 1766, 4070, 1448, 1651, 645, 1632, 1286, 1946, 1193, 948, 1723, 1049, 2174, 1143, 4290, 1655, 1221, 2888, 1367, 2207, 1952, 1900, 4607, 2065, 1227, 1736, 1758, 3420, 1781, 2497, 2273, 1314, 2889, 1523, 1531, 1086, 592, 3085, 1848, 5878, 1382, 2722, 1665, 1237, 1309, 787, 2534, 1796, 1555, 1283, 2390, 618, 2237, 615, 625, 1459, 1226, 1661, 1071, 797, 2374, 3024, 1224, 1437, 1347, 2079, 782, 800, 5720, 1871, 2206, 1831, 1253, 722, 1999, 1870, 1480, 2982, 1045, 2619, 2086, 1339, 4455, 1292, 1189, 1580, 771, 1777, 2331, 1434, 269, 1923, 1701, 1493, 935, 1224, 418, 2358, 1633, 885, 2158, 1494, 3175, 2341, 1051, 2329, 1426, 4416, 1359, 2249, 1964, 1214, 6158, 2090, 1264, 4588, 1415, 1290, 1101, 1423, 1123, 914, 1620, 1925, 961, 3667, 1580, 2150, 2148, 1662, 2273)
(131, 653): Mean: 1826.02, median: 1574.0, std: 1084.94, percent: 1709.66, B: 84, W: 165, 
	(2413, 1117, 1322, 8293, 2288, 1514, 853, 1493, 842, 1721, 1346, 1726, 962, 2031, 2401, 894, 3298, 2850, 1976, 2396, 1065, 699, 1690, 915, 1429, 1373, 840, 1935, 1668, 1515, 3526, 1877, 2837, 1104, 761, 1711, 1278, 1704, 1818, 2041, 901, 2072, 1089, 1639, 1081, 2479, 1304, 1109, 5505, 2213, 655, 1441, 984, 416, 1302, 4155, 568, 783, 3025, 2375, 1795, 3033, 2246, 1733, 1686, 4081, 1861, 931, 482, 2044, 973, 2844, 1993, 1369, 1357, 1610, 976, 845, 1662, 1107, 1074, 875, 2384, 1210, 1213, 1195, 924, 505, 1354, 1302, 1313, 670, 2140, 1559, 3988, 2351, 820, 986, 1969, 700, 1739, 3050, 1292, 2156, 1856, 1195, 704, 379, 1271, 2831, 2058, 968, 1828, 901, 896, 1462, 1549, 2068, 886, 1987, 3796, 1427, 1529, 609, 1677, 1328, 1959, 1181, 986, 1892, 1108, 2326, 1315, 4732, 1429, 1275, 3267, 1453, 2041, 1690, 1920, 4248, 1979, 1368, 1885, 1883, 3061, 1412, 2453, 2093, 1337, 3158, 1385, 1467, 1139, 592, 3320, 2256, 6630, 1611, 2543, 2099, 1494, 1536, 887, 2177, 1976, 1379, 1553, 3732, 557, 2090, 835, 742, 1455, 1195, 1300, 1097, 794, 2446, 2514, 1521, 1592, 1489, 2421, 1020, 726, 5699, 1731, 2160, 1700, 1237, 894, 2473, 1803, 1631, 2786, 1028, 2240, 2362, 1312, 4178, 1285, 1886, 1638, 758, 1979, 2656, 1602, 277, 1900, 1973, 1603, 1075, 1365, 530, 2718, 1673, 986, 2230, 1426, 3588, 2570, 1047, 2424, 1403, 5409, 1388, 2286, 2153, 1483, 5462, 2219, 1283, 5225, 1319, 1489, 1294, 1551, 1002, 1019, 1589, 2142, 988, 4571, 1808, 2341, 2555, 1444, 2418)
(132, 656): Mean: 1801.488, median: 1558.0, std: 1056.902, percent: 1739.76, B: 137, W: 111, 
	(2430, 961, 1337, 7821, 2598, 1610, 815, 1516, 820, 1737, 1480, 1658, 960, 1826, 2986, 845, 3329, 3635, 1570, 2396, 1305, 762, 1596, 961, 1718, 1356, 882, 1717, 1428, 1309, 3747, 2250, 2721, 989, 797, 1725, 1176, 1640, 1862, 1878, 780, 1876, 1229, 1705, 1124, 2068, 1308, 884, 3864, 2184, 781, 1469, 1050, 528, 1293, 4821, 545, 769, 2796, 2244, 1715, 2737, 2637, 1547, 1780, 3597, 1654, 907, 481, 1974, 1038, 2888, 1894, 1405, 1305, 1650, 970, 865, 1560, 1103, 1090, 916, 2493, 1207, 1243, 1093, 883, 522, 1368, 1116, 1110, 749, 1878, 1556, 4400, 2531, 905, 945, 1673, 822, 1571, 3728, 1250, 2162, 1865, 1289, 754, 374, 1452, 2441, 1960, 888, 1968, 871, 898, 1472, 1401, 1916, 862, 1957, 3796, 1338, 1577, 750, 1751, 1329, 1833, 1352, 1008, 1766, 950, 2181, 1372, 5868, 1581, 1218, 3094, 1485, 2102, 2003, 1830, 4175, 2249, 1295, 1607, 1776, 2941, 1382, 2603, 2028, 1195, 2757, 1457, 1725, 1220, 539, 2952, 2718, 6322, 1443, 2612, 2051, 1547, 1482, 875, 2130, 1795, 1495, 1552, 3497, 554, 2391, 885, 731, 1679, 1304, 1519, 1079, 830, 2730, 2814, 1490, 1458, 1488, 2085, 1010, 747, 6110, 1618, 1989, 1533, 1141, 955, 2100, 1734, 1497, 2663, 1042, 2417, 2311, 1425, 4639, 1302, 1581, 1957, 885, 2139, 2436, 1371, 235, 1709, 1690, 1727, 1207, 1646, 508, 2429, 1678, 852, 2289, 1421, 3145, 2699, 1100, 2069, 1349, 4615, 1326, 2198, 2052, 1358, 5603, 2284, 1325, 4123, 1334, 1274, 1215, 1588, 1054, 782, 1532, 1906, 953, 3783, 1670, 2290, 2582, 1495, 2281)
(133, 659): Mean: 1751.308, median: 1506.5, std: 1082.572, percent: 1675.9, B: 148, W: 102, 
	(2482, 1017, 1218, 8381, 2092, 1707, 852, 1267, 734, 1654, 1328, 1423, 1001, 1835, 2936, 953, 3264, 3205, 1589, 2544, 1259, 716, 1681, 920, 1524, 1328, 840, 1626, 1384, 1546, 3029, 2172, 2402, 1006, 772, 1902, 1243, 1379, 1531, 1558, 828, 2069, 1187, 1600, 930, 2394, 1155, 857, 5224, 1487, 755, 1359, 1052, 282, 1244, 4700, 555, 720, 2708, 1921, 1624, 3947, 2447, 1579, 1872, 3969, 1569, 836, 457, 1984, 1066, 3087, 1843, 1415, 1150, 1558, 910, 813, 1622, 949, 1097, 830, 2632, 1007, 1188, 1117, 924, 441, 1190, 1192, 1076, 732, 1884, 1473, 3751, 2463, 796, 891, 1637, 614, 1520, 3824, 1080, 2538, 1611, 1243, 659, 345, 1450, 2537, 1971, 832, 1886, 851, 904, 1104, 1567, 1376, 900, 1731, 3218, 1466, 1488, 607, 1766, 1239, 1961, 1238, 1047, 1672, 1034, 1897, 1229, 4312, 1786, 1268, 3129, 1445, 2215, 1605, 1940, 4372, 1828, 1250, 1862, 1991, 2888, 1527, 2372, 1954, 1250, 3037, 1493, 1336, 1174, 610, 3171, 2175, 7322, 1493, 2691, 1636, 1237, 1339, 811, 2270, 1752, 1363, 1368, 2622, 548, 2011, 558, 672, 1452, 1157, 1550, 1274, 778, 2456, 2384, 1245, 1481, 1464, 2188, 737, 823, 5602, 1484, 2028, 1598, 1172, 599, 2019, 1729, 1778, 2825, 1036, 2388, 2120, 1209, 4164, 1227, 1163, 2027, 887, 2245, 2547, 1300, 284, 1925, 1808, 1524, 1020, 1311, 478, 2244, 1667, 829, 2557, 1534, 2884, 2389, 1105, 2379, 1426, 5044, 1384, 1948, 2141, 1167, 5862, 2127, 1302, 4667, 1331, 1406, 1237, 1597, 1221, 883, 1520, 2114, 1061, 2980, 1817, 2100, 2276, 1552, 2157)
(136, 675): Mean: 1739.432, median: 1512.5, std: 1059.864, percent: 1648.26, B: 130, W: 120, 
	(2343, 1029, 1314, 8003, 2391, 1802, 798, 1335, 757, 1596, 1318, 1477, 1003, 1714, 2499, 829, 2454, 2825, 1575, 2307, 1161, 795, 1748, 977, 1586, 1396, 853, 2117, 1457, 1401, 2975, 2204, 3337, 988, 827, 1797, 1268, 1436, 1887, 1548, 785, 2135, 1214, 1587, 927, 2265, 1117, 776, 4790, 1575, 808, 1525, 917, 290, 1289, 4753, 482, 612, 2645, 1915, 1727, 2968, 2451, 1553, 1824, 3303, 1579, 898, 387, 2224, 850, 2491, 1688, 1492, 1273, 1711, 858, 830, 1467, 937, 1073, 839, 2288, 1022, 1360, 1032, 893, 537, 1167, 1115, 1140, 696, 2043, 1478, 3922, 2330, 767, 903, 1647, 661, 1756, 3272, 1116, 2036, 1760, 1336, 662, 350, 1319, 2664, 2216, 813, 1851, 847, 899, 1078, 1444, 1446, 936, 1797, 3099, 1476, 1571, 500, 1773, 1298, 1743, 1129, 1166, 1747, 972, 2113, 1172, 4963, 1534, 1135, 3293, 1501, 2117, 1662, 1742, 4173, 1777, 1129, 1736, 1780, 2900, 1504, 2104, 1952, 1236, 2776, 1485, 1440, 1150, 609, 2789, 1958, 6807, 1339, 2232, 1607, 1320, 1437, 857, 1947, 1679, 1401, 1383, 2446, 529, 2218, 576, 561, 1675, 1254, 1507, 1081, 931, 2394, 2417, 1431, 1706, 1446, 2290, 827, 778, 6090, 1669, 1999, 1524, 1194, 850, 1996, 1704, 1491, 2674, 1186, 2075, 1994, 1250, 3485, 1250, 1209, 1751, 865, 2031, 2489, 1317, 260, 2074, 1778, 1709, 996, 1229, 462, 2615, 1763, 1024, 2501, 1614, 3607, 2186, 1518, 2430, 1462, 3973, 1363, 2196, 1813, 1449, 6713, 2655, 1413, 5148, 1408, 1312, 1035, 1719, 1207, 886, 1609, 1930, 969, 4188, 1757, 2009, 2082, 1444, 2423)
(139, 689): Mean: 1752.732, median: 1509.5, std: 1059.33, percent: 1657.62, B: 126, W: 122, 
	(2427, 993, 1243, 7825, 2325, 1533, 776, 1266, 733, 1940, 1450, 1516, 1051, 1662, 2550, 867, 2928, 2920, 1730, 2300, 1203, 702, 1659, 814, 1706, 1377, 847, 2300, 1397, 1335, 3200, 2004, 2803, 1005, 849, 1653, 1149, 1265, 1687, 1641, 782, 2167, 1258, 1728, 1107, 2187, 1077, 879, 4488, 1689, 737, 1275, 952, 255, 1257, 4236, 526, 700, 2607, 1962, 1680, 2849, 2519, 1592, 1698, 4264, 1748, 851, 428, 1768, 911, 2859, 1879, 1374, 1141, 1539, 974, 821, 1467, 1003, 1053, 828, 2136, 1025, 1223, 1113, 983, 475, 1185, 1162, 1182, 651, 1996, 1421, 4361, 2218, 857, 908, 1670, 651, 1751, 3048, 1235, 2414, 1935, 1315, 637, 312, 1300, 2450, 1870, 845, 1809, 926, 849, 1337, 1410, 1511, 806, 1869, 2969, 1325, 1468, 583, 1610, 1289, 1943, 1142, 1040, 1797, 1041, 2267, 1246, 5243, 1508, 1307, 2849, 1405, 2225, 1652, 1698, 3928, 1786, 1121, 2092, 1759, 2794, 1521, 2403, 2223, 1195, 2634, 1476, 1599, 1178, 635, 3021, 1946, 6815, 1608, 2481, 1638, 1417, 1410, 802, 1945, 1732, 1473, 1303, 2727, 550, 2126, 599, 676, 1567, 1227, 1394, 1129, 845, 2575, 2675, 1148, 1598, 1436, 2251, 819, 789, 6500, 1536, 2265, 1577, 1388, 822, 2088, 2164, 1689, 2730, 1282, 2539, 2470, 1462, 3374, 1231, 1164, 1752, 756, 2097, 2298, 1328, 302, 2033, 1833, 1395, 978, 1163, 553, 2358, 1709, 866, 2609, 1464, 3168, 2587, 1437, 2285, 1437, 4531, 1309, 2434, 1873, 1961, 6011, 2249, 1343, 4253, 1423, 1322, 1072, 1423, 1229, 877, 1502, 2212, 965, 5057, 1757, 2376, 2225, 1541, 2284)
(140, 695): Mean: 1747.876, median: 1516.5, std: 1033.195, percent: 1663.84, B: 126, W: 122, 
	(2150, 994, 1430, 7600, 2167, 1458, 820, 1255, 802, 1595, 1430, 1633, 975, 1652, 2950, 907, 2589, 3140, 1764, 2298, 1387, 769, 1786, 967, 1500, 1411, 888, 1858, 1422, 1290, 2674, 2003, 2738, 1068, 889, 1900, 1203, 1806, 1864, 1631, 821, 1953, 1154, 1725, 1112, 2273, 1169, 899, 5090, 1924, 742, 1369, 980, 268, 1228, 4114, 583, 619, 3109, 1997, 1680, 3378, 2585, 1624, 2289, 4481, 1621, 796, 389, 2018, 976, 2483, 1864, 1526, 1190, 1525, 883, 811, 1517, 952, 1072, 830, 2227, 1053, 1187, 1135, 907, 488, 1105, 1301, 1166, 618, 1996, 1354, 3631, 2667, 897, 861, 1686, 633, 1640, 3294, 1187, 2155, 1678, 1260, 643, 376, 1434, 2299, 1857, 837, 1756, 873, 898, 1173, 1470, 1570, 947, 1905, 3464, 1439, 1458, 546, 1817, 1313, 1814, 1177, 938, 1725, 969, 1766, 1357, 5033, 1713, 1293, 3906, 1407, 2256, 1812, 1813, 4464, 1924, 1167, 1509, 1719, 2914, 1450, 2360, 2011, 1304, 2836, 1416, 1494, 1152, 612, 3079, 2270, 6152, 1337, 2462, 1587, 1356, 1270, 793, 2383, 1650, 1347, 1292, 2927, 563, 2092, 613, 578, 1843, 1211, 1415, 1121, 830, 2320, 2582, 1319, 1521, 1526, 2057, 794, 710, 5311, 1618, 2406, 1737, 1114, 662, 2131, 1912, 1589, 3038, 1033, 2340, 2404, 1392, 4380, 1332, 1108, 2004, 757, 2022, 2484, 1217, 277, 1921, 1856, 1522, 988, 1229, 432, 2263, 1649, 957, 2421, 1516, 3540, 2471, 1016, 2517, 1346, 4466, 1408, 1999, 1807, 1182, 5839, 2427, 1363, 3870, 1467, 1364, 1084, 1561, 1084, 832, 1576, 2147, 998, 3621, 1774, 2149, 2703, 1465, 2077)
(143, 708): Mean: 1741.4, median: 1507.5, std: 1020.697, percent: 1653.9, B: 131, W: 117, 
	(2047, 1014, 1254, 7107, 2408, 1521, 841, 1329, 853, 1493, 1210, 1392, 1044, 1508, 2415, 930, 2727, 2867, 1629, 2072, 1329, 795, 1549, 996, 1598, 1349, 811, 1780, 1460, 1438, 2857, 2375, 2622, 1025, 821, 1795, 1219, 1790, 1821, 1630, 740, 2114, 1257, 1665, 1104, 2392, 1143, 883, 4060, 1700, 694, 1345, 938, 300, 1337, 3771, 522, 608, 2523, 2181, 1755, 3188, 2160, 1549, 1864, 3506, 1735, 861, 474, 1893, 1048, 2762, 1891, 1526, 1289, 1741, 967, 845, 1397, 948, 1094, 869, 2307, 1003, 1225, 1180, 899, 544, 1159, 1295, 1255, 778, 1785, 1484, 4079, 2449, 895, 897, 1498, 575, 1654, 3286, 1171, 1833, 1721, 1228, 748, 369, 1387, 3007, 2047, 807, 1970, 815, 851, 1189, 1522, 1349, 798, 1823, 3624, 1376, 1604, 712, 2126, 1209, 1865, 1329, 971, 1683, 1073, 1713, 1260, 4721, 1756, 1264, 3247, 1375, 2314, 1583, 2269, 3946, 1865, 1184, 1796, 1681, 2982, 1459, 2486, 2246, 1178, 2553, 1639, 1420, 1145, 615, 3019, 2240, 6613, 1721, 2650, 1722, 1279, 1277, 797, 2071, 2099, 1616, 1283, 2506, 577, 2110, 602, 543, 1677, 1166, 1415, 1073, 769, 2793, 2370, 1339, 1504, 1454, 2298, 758, 769, 6832, 1797, 2379, 1565, 1307, 631, 2151, 1831, 1419, 3069, 1014, 2243, 2232, 1315, 4233, 1286, 1161, 1792, 859, 1996, 2367, 1377, 317, 1840, 1950, 1507, 1100, 1189, 371, 2417, 1774, 985, 2102, 1518, 2751, 2204, 1206, 2457, 1285, 4127, 1425, 1836, 2142, 1095, 6005, 2375, 1496, 4826, 1400, 1504, 1171, 1557, 1046, 869, 1637, 2160, 1064, 3683, 1698, 2526, 2535, 1389, 2334)
(144, 711): Mean: 1741.1, median: 1506.0, std: 1038.829, percent: 1653.58, B: 132, W: 115, 
	(2192, 948, 1433, 6557, 2287, 1495, 773, 1327, 790, 1748, 1435, 1631, 1049, 1904, 2419, 839, 2262, 3329, 1695, 2455, 1169, 724, 1843, 922, 1512, 1277, 779, 2060, 1469, 1300, 2977, 2056, 2467, 1018, 793, 1781, 1218, 1388, 2005, 1531, 817, 2210, 1202, 1595, 921, 2334, 1165, 906, 5682, 1725, 691, 1381, 970, 305, 1276, 4302, 485, 606, 2573, 2131, 1526, 3890, 2415, 1528, 1997, 3929, 1743, 864, 475, 1940, 934, 3022, 1713, 1379, 1230, 1536, 917, 805, 1460, 918, 960, 804, 2340, 1035, 1318, 1198, 821, 493, 1093, 1185, 1026, 684, 1908, 1631, 4183, 2475, 838, 909, 1498, 708, 1746, 3413, 1129, 2205, 1715, 1488, 677, 357, 1486, 2701, 2155, 889, 1813, 939, 888, 1253, 1338, 1490, 892, 1810, 3624, 1306, 1644, 552, 1675, 1410, 1872, 1067, 862, 1520, 1034, 1620, 1247, 5000, 1701, 1349, 3276, 1458, 2026, 1601, 1804, 4162, 1745, 1111, 1765, 2068, 3004, 1493, 2508, 1885, 1224, 2773, 1377, 1491, 1295, 572, 3469, 2098, 7215, 1360, 2461, 1901, 1565, 1441, 761, 1967, 1845, 1405, 1290, 2521, 530, 2113, 591, 585, 1586, 1310, 1473, 1159, 730, 2493, 2369, 1320, 1359, 1417, 2258, 827, 685, 5514, 1542, 2182, 1521, 1197, 728, 1940, 2027, 1715, 2615, 1057, 2283, 1974, 1448, 4630, 1283, 1199, 2040, 795, 1947, 2426, 1501, 368, 1828, 1752, 1511, 1043, 1296, 505, 2089, 1860, 943, 2200, 1423, 3370, 2396, 1001, 2713, 1525, 4470, 1330, 2083, 1902, 1081, 5549, 2586, 1315, 4007, 1333, 1342, 978, 1519, 1027, 850, 1829, 1955, 868, 3610, 1626, 2188, 2535, 1703, 2131)
(148, 732): Mean: 1747.032, median: 1531.5, std: 1073.585, percent: 1654.6, B: 125, W: 125, 
	(2106, 889, 1314, 6775, 2283, 1479, 817, 1395, 842, 1742, 1290, 1594, 934, 1852, 3156, 891, 2777, 2958, 1691, 2437, 1211, 731, 1603, 878, 1676, 1463, 830, 1669, 1516, 1373, 2919, 1891, 3063, 991, 877, 1909, 1257, 1342, 1706, 1746, 828, 1986, 1075, 1789, 961, 2172, 1186, 825, 4673, 1676, 709, 1436, 931, 280, 1407, 4583, 520, 660, 2667, 2075, 1678, 3213, 2651, 1610, 1882, 3878, 1695, 889, 420, 2088, 1032, 3116, 2057, 1389, 1240, 1706, 981, 819, 1520, 990, 970, 836, 1982, 1012, 1085, 1001, 893, 483, 1170, 1222, 1136, 728, 2131, 1479, 4912, 2370, 824, 908, 1543, 657, 1459, 2948, 1093, 2046, 1639, 1253, 642, 355, 1436, 2678, 2305, 933, 1919, 858, 851, 1082, 1604, 1311, 857, 1702, 3117, 1567, 1614, 650, 1634, 1338, 1712, 1222, 910, 1689, 1043, 1888, 1170, 4641, 1641, 1115, 3452, 1452, 2147, 1672, 1848, 3772, 1662, 1118, 1883, 1776, 3209, 1433, 2663, 2073, 1232, 2941, 1503, 1630, 1312, 613, 3411, 2221, 8196, 1398, 2657, 1628, 1290, 1343, 731, 2088, 1913, 1482, 1331, 2696, 527, 2127, 655, 542, 1505, 1176, 1558, 1141, 747, 2463, 2301, 1369, 1504, 1547, 2067, 754, 745, 5571, 1551, 2019, 1469, 1178, 676, 2145, 2252, 1652, 2772, 1010, 2389, 2191, 1430, 4032, 1253, 1076, 1703, 802, 2114, 2459, 1475, 285, 1808, 1948, 1555, 965, 1177, 435, 2472, 1664, 899, 2364, 1613, 3147, 2208, 1163, 2381, 1368, 4216, 1441, 1947, 1863, 1320, 6757, 2415, 1256, 5167, 1272, 1418, 1065, 1690, 964, 864, 1693, 1918, 987, 2996, 1623, 2255, 2067, 1477, 2482)
(149, 734): Mean: 1753.844, median: 1532.5, std: 1076.107, percent: 1640.24, B: 125, W: 125, 
	(2212, 964, 1222, 7293, 2106, 1451, 840, 1565, 818, 1680, 1317, 1433, 907, 1483, 2781, 852, 2719, 2965, 1757, 2171, 1222, 715, 1554, 971, 1566, 1241, 765, 1672, 1648, 1316, 3353, 2070, 2957, 974, 859, 1822, 1196, 1529, 1796, 1547, 725, 2183, 1361, 1725, 992, 2197, 1161, 821, 6346, 1712, 733, 1408, 1050, 306, 1340, 4856, 561, 634, 2708, 2011, 1691, 3361, 2315, 1591, 1980, 4019, 1637, 916, 410, 1890, 980, 2907, 1801, 1536, 1302, 1691, 887, 833, 1555, 969, 1109, 775, 2335, 930, 1217, 1179, 864, 546, 1227, 1232, 1143, 674, 2188, 1629, 4081, 2386, 760, 888, 1653, 705, 1516, 3395, 1179, 2295, 1860, 1240, 660, 398, 1364, 2559, 2099, 754, 1907, 853, 908, 1010, 1418, 1410, 823, 1998, 3626, 1410, 1682, 599, 1666, 1396, 2015, 1228, 937, 1558, 1033, 1734, 1251, 4881, 1757, 1189, 3492, 1470, 2101, 1637, 2110, 3761, 1954, 1233, 1719, 1634, 2960, 1399, 2891, 2013, 1283, 3427, 1334, 1528, 1106, 609, 3331, 2196, 6862, 1380, 2388, 1576, 1455, 1254, 818, 1941, 2084, 1517, 1439, 2525, 609, 2125, 603, 609, 1645, 1215, 1516, 1067, 753, 2701, 2583, 1280, 1446, 1206, 2175, 790, 723, 5483, 1617, 2184, 1663, 1169, 618, 2111, 1882, 1646, 2852, 976, 2248, 2070, 1220, 4100, 1290, 1036, 1757, 815, 2608, 2491, 1221, 288, 2095, 1624, 1398, 1039, 1261, 441, 2412, 1607, 927, 2388, 1560, 3456, 2315, 1206, 2470, 1424, 4628, 1437, 2058, 1697, 1129, 6379, 2395, 1540, 4286, 1262, 1254, 1136, 1612, 1009, 910, 1519, 2197, 892, 3532, 1731, 1964, 2065, 1551, 2298)
(151, 743): Mean: 1757.572, median: 1541.5, std: 1028.533, percent: 1731.92, B: 127, W: 121, 
	(2399, 917, 1299, 6543, 2129, 1605, 792, 1264, 833, 1615, 1244, 1558, 972, 1645, 2772, 958, 2696, 2689, 1647, 2634, 1177, 701, 1805, 906, 1566, 1414, 860, 1858, 1396, 1364, 3087, 1745, 2563, 1074, 793, 1712, 1182, 1495, 1964, 1675, 852, 2445, 1311, 1585, 935, 2297, 1103, 869, 4968, 1669, 722, 1437, 849, 307, 1204, 4470, 531, 688, 3255, 2289, 1779, 3147, 2567, 1567, 2032, 3648, 1627, 829, 444, 1956, 931, 2965, 1857, 1399, 1193, 1661, 967, 829, 1590, 1052, 1119, 847, 2571, 978, 1123, 1170, 833, 545, 1116, 1152, 1089, 778, 2090, 1670, 3839, 2380, 936, 973, 1578, 703, 1692, 3174, 1167, 2335, 1876, 1249, 710, 350, 1295, 2791, 2367, 903, 1934, 853, 873, 1040, 1360, 1406, 803, 1759, 3117, 1402, 1539, 647, 1882, 1350, 1852, 1194, 1068, 1800, 1043, 2086, 1126, 5008, 1623, 1258, 3451, 1439, 2053, 1724, 1935, 4019, 1910, 1158, 1661, 1752, 3044, 1469, 2305, 2134, 1324, 3074, 1323, 1477, 1086, 589, 3222, 2467, 7257, 1460, 2562, 1568, 1309, 1277, 892, 2156, 1883, 1516, 1416, 2890, 555, 1921, 620, 601, 1474, 1264, 1574, 1045, 839, 2523, 2275, 1302, 1544, 1775, 2122, 835, 786, 4801, 1790, 2308, 1584, 1232, 731, 1992, 1774, 1693, 3184, 1099, 2221, 1929, 1346, 4175, 1266, 1326, 1879, 801, 2729, 2673, 1419, 282, 2040, 2083, 1383, 907, 1096, 334, 2283, 1587, 901, 2208, 1452, 3545, 2517, 1190, 2775, 1409, 4803, 1210, 2211, 2114, 1144, 5879, 2467, 1250, 4306, 1415, 1412, 1061, 1547, 1019, 814, 1679, 2017, 1008, 3542, 1839, 2665, 2352, 1481, 2561)
(154, 758): Mean: 1773.164, median: 1560.0, std: 1083.788, percent: 1673.78, B: 125, W: 123, 
	(2436, 944, 1335, 7389, 2331, 1932, 837, 1416, 875, 1867, 1179, 1384, 872, 1647, 2333, 910, 2784, 3048, 2127, 2287, 1212, 696, 1749, 989, 1644, 1391, 792, 2029, 1605, 1308, 3056, 2311, 2870, 955, 815, 1630, 1220, 1561, 2005, 1584, 818, 2943, 1224, 1675, 901, 2286, 1164, 909, 6118, 1603, 778, 1388, 983, 335, 1223, 3707, 550, 545, 2864, 2029, 1642, 3112, 2231, 1614, 1916, 3815, 1546, 812, 445, 2189, 938, 2620, 1832, 1474, 1337, 1515, 929, 809, 1452, 904, 1009, 763, 2501, 912, 1220, 1139, 960, 525, 1223, 1094, 1142, 750, 1955, 1451, 5836, 2437, 856, 865, 1342, 604, 1642, 3238, 1266, 2147, 1786, 1384, 933, 446, 1488, 2636, 2216, 869, 1788, 897, 908, 1768, 1325, 1820, 846, 1728, 3241, 1478, 1431, 588, 1738, 1368, 1919, 1152, 967, 1840, 1055, 1818, 1230, 5512, 1579, 1173, 3615, 1372, 2240, 1574, 2022, 4036, 1634, 1163, 2029, 1894, 2665, 1407, 2457, 2236, 1275, 2562, 1522, 1375, 1146, 648, 3927, 2405, 7739, 1315, 2528, 1721, 1403, 1762, 863, 2143, 1994, 1589, 1764, 2333, 555, 1885, 683, 629, 1487, 1368, 1458, 1104, 736, 2682, 2867, 1176, 1692, 1345, 1927, 808, 751, 4552, 1687, 2686, 1697, 1246, 644, 2229, 1915, 1559, 2685, 1059, 2866, 1915, 1324, 3642, 1219, 1317, 1859, 827, 1929, 2367, 1458, 380, 1823, 1642, 1497, 1002, 1173, 516, 2153, 1579, 835, 2274, 1397, 3347, 2381, 1137, 2139, 1540, 4504, 1327, 1922, 1840, 1155, 5789, 2657, 1336, 4732, 1453, 1273, 1614, 2035, 1019, 947, 1711, 1918, 954, 4018, 1624, 1860, 2505, 1652, 2104)
(156, 768): Mean: 1751.928, median: 1512.0, std: 1075.278, percent: 1648.3, B: 130, W: 119, 
	(2631, 895, 1280, 8229, 1955, 1886, 863, 1401, 787, 2194, 1515, 1467, 966, 1748, 2772, 924, 3002, 3266, 1613, 2204, 1146, 766, 1709, 928, 1707, 1459, 766, 2131, 1395, 1393, 3252, 2345, 3223, 996, 823, 1820, 1157, 1496, 1978, 1529, 862, 2410, 1249, 1698, 809, 2210, 1109, 843, 4948, 1718, 711, 1384, 979, 288, 1187, 3763, 441, 637, 2798, 1965, 1588, 2870, 2216, 1492, 2455, 3141, 1636, 853, 453, 1861, 941, 2445, 1620, 1614, 1202, 1660, 951, 747, 1399, 1081, 1123, 844, 2043, 995, 1259, 1071, 785, 503, 1164, 1207, 1042, 704, 1713, 1364, 3865, 2238, 849, 874, 1619, 670, 1609, 3218, 1253, 2406, 1862, 1301, 762, 317, 1348, 2320, 2023, 898, 1724, 871, 893, 1649, 1454, 1495, 858, 2162, 3670, 1463, 1433, 666, 1849, 1342, 1887, 1267, 1032, 1851, 1107, 1686, 1282, 5132, 1624, 1250, 3206, 1471, 2009, 1573, 1848, 4139, 1884, 1170, 1878, 1923, 2969, 1282, 2338, 2279, 1226, 2738, 1348, 1562, 1201, 602, 3301, 2398, 8248, 1392, 2701, 1595, 1215, 1309, 702, 2129, 1777, 1401, 1509, 2517, 548, 2258, 588, 595, 1637, 1180, 1415, 1180, 869, 2209, 2606, 1521, 1278, 1395, 2231, 776, 749, 5197, 1447, 2397, 1629, 1251, 670, 2007, 2068, 1602, 2664, 1052, 2572, 1943, 1207, 4048, 1345, 1159, 1938, 834, 2009, 2483, 1359, 255, 1909, 1754, 1552, 1005, 1166, 595, 2153, 1754, 900, 2406, 1535, 3067, 2375, 1116, 2433, 1407, 4731, 1328, 2137, 1888, 1163, 5779, 2906, 1276, 4517, 1368, 1369, 1032, 1492, 1031, 832, 1557, 2377, 995, 3459, 1707, 2315, 2003, 1528, 2307)
(157, 774): Mean: 1744.632, median: 1504.5, std: 1037.518, percent: 1668.34, B: 132, W: 118, 
	(2455, 973, 1292, 6584, 2194, 1718, 816, 1372, 800, 1793, 1393, 1366, 1108, 1816, 2627, 874, 2395, 2957, 1825, 2520, 1260, 655, 1745, 1050, 1694, 1319, 843, 1843, 1514, 1402, 2689, 2174, 2892, 1055, 852, 1792, 1163, 1561, 2432, 1682, 786, 2386, 1439, 1476, 946, 2826, 1246, 884, 6493, 1544, 752, 1383, 924, 355, 1308, 3691, 499, 694, 2708, 1901, 1621, 3417, 2412, 1689, 2241, 3582, 1492, 838, 451, 1790, 1040, 2785, 1774, 1566, 1290, 1737, 894, 838, 1578, 910, 1025, 835, 2470, 913, 1130, 952, 860, 493, 1108, 1178, 1118, 623, 1789, 1584, 4678, 2721, 858, 1006, 1571, 728, 1588, 3208, 1144, 2296, 2002, 1199, 729, 363, 1267, 2598, 2128, 871, 1882, 866, 903, 1190, 1443, 1501, 826, 1833, 2985, 1338, 1712, 671, 1742, 1290, 1930, 1244, 915, 1658, 1049, 1794, 1241, 5454, 1561, 1402, 3786, 1283, 1873, 1729, 1806, 4965, 1738, 1183, 1689, 1773, 3020, 1434, 2174, 2177, 1340, 2830, 1447, 1547, 1123, 582, 3540, 2187, 6538, 1374, 2904, 1597, 1290, 1411, 714, 2376, 1599, 1485, 1568, 2056, 560, 2222, 550, 634, 1471, 1141, 1448, 1250, 801, 2325, 2429, 1194, 1410, 1450, 2124, 800, 725, 5973, 1567, 2269, 1530, 1177, 619, 2128, 1859, 1649, 2891, 1110, 2473, 2092, 1337, 3875, 1241, 1130, 1963, 908, 2184, 2303, 1443, 321, 1697, 2225, 1446, 965, 1244, 587, 2213, 1736, 952, 2737, 1508, 2965, 2326, 1155, 2351, 1445, 4971, 1215, 2214, 1760, 1064, 4828, 2432, 1261, 3688, 1300, 1247, 1022, 1411, 1196, 911, 1797, 1841, 956, 3215, 1688, 2239, 2078, 1436, 1978)
(160, 792): Mean: 1757.032, median: 1498.0, std: 1064.25, percent: 1644.06, B: 130, W: 120, 
	(2085, 951, 1356, 6597, 2571, 1646, 850, 1278, 777, 2123, 1363, 1378, 1241, 2052, 2625, 922, 3194, 3011, 2057, 2449, 1361, 663, 1653, 1088, 1652, 1516, 829, 1787, 1404, 1406, 3403, 1959, 2401, 1021, 714, 1803, 1211, 1458, 2304, 1438, 879, 2453, 1227, 1543, 829, 2291, 1252, 887, 5378, 1676, 757, 1385, 1089, 327, 1225, 3653, 446, 629, 2569, 2005, 1648, 3174, 2330, 1626, 2028, 3275, 1717, 934, 473, 1894, 940, 2761, 1879, 1433, 1214, 1559, 958, 861, 1588, 1124, 1017, 755, 2010, 952, 1151, 1089, 883, 477, 1121, 1242, 1058, 599, 1947, 1448, 5659, 2534, 822, 833, 1597, 702, 1612, 3398, 1130, 2262, 1710, 1357, 736, 309, 1498, 2973, 2102, 850, 1659, 857, 997, 1291, 1408, 1341, 881, 1816, 3162, 1445, 1612, 534, 1924, 1307, 2053, 1169, 1080, 1624, 1069, 2034, 1183, 5915, 1512, 1250, 3834, 1397, 1853, 1815, 1820, 4700, 1887, 1176, 1741, 1700, 2935, 1380, 2497, 2084, 1377, 2998, 1437, 1629, 1092, 649, 3442, 2104, 6463, 1372, 2753, 1540, 1542, 1465, 793, 2106, 1965, 1427, 1550, 2227, 619, 2039, 605, 612, 1444, 1163, 1575, 1037, 785, 2351, 2579, 1279, 1405, 1417, 2039, 780, 794, 5738, 1498, 2362, 1435, 1312, 604, 1923, 1787, 1498, 2384, 1030, 2415, 1899, 1426, 4763, 1428, 1136, 1785, 1001, 1951, 2161, 1404, 335, 1660, 1835, 1622, 1082, 1222, 466, 2384, 1744, 893, 2260, 1382, 3365, 2560, 1048, 2166, 1440, 5702, 1315, 1945, 1691, 1091, 5656, 2371, 1452, 4046, 1243, 1367, 1159, 1425, 1195, 865, 1796, 1960, 903, 3388, 1904, 2216, 2582, 1623, 2217)
(161, 798): Mean: 1752.548, median: 1518.0, std: 1070.915, percent: 1700.74, B: 132, W: 118, 
	(2301, 948, 1304, 8448, 1833, 1799, 901, 1335, 811, 1955, 1268, 1475, 1222, 1781, 2744, 877, 2464, 2559, 1688, 2237, 1150, 691, 1637, 949, 1813, 1325, 821, 1520, 1561, 1382, 3055, 1913, 2873, 1080, 751, 1667, 1143, 1537, 2077, 1564, 856, 2166, 1256, 1630, 926, 2233, 1068, 881, 4417, 1567, 745, 1302, 911, 335, 1305, 3884, 549, 610, 2763, 1933, 1593, 3815, 2455, 1516, 2012, 3450, 1682, 836, 427, 1832, 928, 3165, 1668, 1374, 1153, 1542, 992, 792, 1395, 938, 1058, 739, 2110, 972, 1201, 1138, 949, 531, 1114, 1209, 1105, 638, 1977, 1593, 4491, 2495, 829, 906, 1509, 677, 1549, 3278, 1316, 2258, 1751, 1302, 774, 391, 1540, 3130, 2218, 963, 1860, 958, 909, 1165, 1427, 1515, 819, 1951, 3110, 1328, 1631, 624, 1864, 1267, 2270, 1178, 1037, 2589, 1084, 2015, 1221, 5498, 1649, 1276, 3034, 1405, 2149, 1607, 1785, 4437, 1847, 1127, 1900, 1734, 3113, 1463, 2445, 2323, 1252, 2757, 1415, 1650, 1197, 574, 3764, 2280, 7174, 1494, 2665, 1661, 1501, 1321, 786, 2205, 1861, 1623, 1446, 2274, 582, 1869, 569, 674, 1609, 1219, 1404, 1111, 717, 2526, 2606, 1499, 1231, 1308, 2194, 802, 712, 5274, 1574, 2226, 1552, 1232, 620, 2453, 1990, 1403, 2750, 1109, 2281, 1836, 1165, 4286, 1266, 1151, 1761, 804, 1990, 2469, 1319, 279, 2036, 1808, 1432, 944, 1212, 393, 2521, 1708, 826, 2490, 1530, 3329, 2531, 1079, 2336, 1438, 4743, 1282, 2091, 1871, 994, 5712, 2734, 1664, 4289, 1342, 1149, 1078, 1427, 1155, 820, 1513, 2019, 981, 3084, 1623, 2501, 2543, 1724, 2177)
(163, 807): Mean: 1753.252, median: 1521.5, std: 1073.356, percent: 1655.26, B: 129, W: 119, 
	(1881, 908, 1461, 7594, 2331, 1582, 761, 1310, 792, 1914, 1192, 1729, 1160, 1650, 2439, 879, 2988, 2585, 1820, 2643, 1336, 730, 1786, 1054, 1769, 1408, 784, 1634, 1506, 1407, 3039, 2079, 2920, 987, 808, 1684, 1166, 1387, 1966, 1524, 877, 2515, 1113, 1580, 926, 2177, 1144, 794, 4963, 1499, 685, 1308, 970, 281, 1392, 4134, 460, 557, 2533, 2310, 1739, 3353, 2512, 1669, 1962, 4009, 1654, 898, 513, 2039, 888, 2752, 2073, 1427, 1234, 1732, 951, 820, 1453, 969, 1021, 828, 2212, 948, 1107, 1083, 872, 509, 1136, 1181, 1071, 709, 1940, 1504, 4861, 2487, 804, 879, 1447, 582, 1519, 3512, 1256, 2334, 1881, 1449, 655, 349, 1343, 2573, 2131, 912, 1976, 935, 908, 1454, 1553, 1527, 862, 1678, 3573, 1336, 1758, 685, 1893, 1319, 2009, 1279, 1027, 1591, 1060, 1858, 1262, 5371, 1617, 1260, 3464, 1379, 2033, 1619, 1671, 4569, 1583, 1137, 1728, 1787, 2966, 1453, 2430, 2264, 1298, 2706, 1563, 1468, 1180, 573, 3821, 2165, 7323, 1649, 2569, 1826, 1348, 1400, 716, 2098, 1830, 1390, 1376, 2356, 514, 2114, 585, 648, 1556, 1264, 1419, 1013, 779, 2410, 2355, 1299, 1403, 1268, 2199, 852, 871, 5235, 1570, 2345, 1619, 1259, 657, 2238, 2024, 1525, 2958, 1059, 2173, 2015, 1149, 4542, 1265, 1174, 1742, 843, 1812, 2403, 1327, 361, 1661, 2046, 1498, 917, 1253, 512, 2197, 1685, 807, 2164, 1592, 3485, 2491, 1121, 2387, 1438, 4281, 1294, 1776, 1657, 1226, 6051, 2458, 1621, 5030, 1402, 1300, 1038, 1477, 1258, 962, 1632, 2014, 910, 2866, 1758, 2071, 2207, 1707, 2137)
(164, 810): Mean: 1734.376, median: 1500.0, std: 1052.513, percent: 1627.4, B: 137, W: 108, 
	(2183, 908, 1229, 7112, 1929, 1683, 838, 1445, 898, 1940, 1347, 1500, 905, 1896, 2453, 935, 2831, 3273, 1563, 2313, 1232, 728, 1500, 937, 1516, 1311, 763, 1733, 1504, 1528, 3233, 1844, 2597, 986, 998, 1709, 1189, 1522, 1773, 1425, 784, 2178, 1226, 1569, 900, 2467, 1088, 928, 5393, 1591, 718, 1467, 1012, 268, 1339, 4245, 497, 598, 2665, 2035, 1480, 3746, 2259, 1503, 1835, 4080, 1570, 827, 479, 1787, 895, 2846, 1641, 1558, 1310, 1620, 894, 806, 1455, 979, 1043, 783, 2119, 943, 1331, 1164, 823, 505, 1084, 1278, 1071, 583, 1815, 1486, 3669, 2249, 833, 897, 1533, 584, 1438, 3727, 1119, 2389, 1948, 1309, 739, 309, 1325, 2801, 2147, 989, 1823, 892, 908, 1132, 1361, 1426, 916, 1593, 3125, 1315, 1612, 555, 1755, 1400, 1886, 1231, 964, 1869, 969, 1890, 1251, 5216, 1626, 1233, 3399, 1487, 1996, 1538, 1773, 4651, 1586, 1261, 1653, 1675, 2813, 1499, 2373, 2054, 1212, 2752, 1525, 1362, 1127, 640, 3410, 2391, 7119, 1398, 2198, 1657, 1300, 1396, 812, 2114, 1886, 1358, 1484, 2346, 530, 2058, 629, 600, 1515, 1226, 1444, 1041, 779, 2254, 2651, 1311, 1588, 1499, 2024, 810, 678, 5493, 1851, 2069, 1533, 1192, 652, 2135, 1909, 1568, 3242, 1034, 2354, 2149, 1367, 4352, 1268, 1163, 1646, 800, 2138, 2158, 1200, 287, 1827, 2117, 1664, 961, 1201, 462, 2295, 1560, 917, 2647, 1382, 3262, 2410, 1121, 2166, 1590, 4444, 1456, 1850, 2127, 1100, 5415, 2296, 1347, 4767, 1448, 1330, 1052, 1446, 1166, 898, 1610, 2323, 937, 3992, 1699, 2096, 2466, 1470, 2107)
(167, 826): Mean: 1718.192, median: 1482.0, std: 1031.269, percent: 1640.38, B: 125, W: 124, 
	(2194, 894, 1263, 8294, 2390, 1763, 811, 1450, 768, 1579, 1305, 1490, 938, 1617, 2492, 848, 3123, 3370, 1785, 2630, 1285, 735, 1592, 912, 1446, 1413, 769, 1729, 1407, 1284, 3089, 2251, 2832, 1045, 812, 1709, 1295, 1538, 1901, 1695, 824, 2417, 1215, 1700, 902, 2326, 1168, 808, 4552, 1447, 677, 1590, 904, 287, 1180, 4085, 494, 621, 2561, 2010, 1627, 3419, 2019, 1513, 1708, 3849, 1595, 812, 441, 1840, 905, 2552, 1888, 1573, 1327, 1866, 1031, 782, 1408, 1121, 1045, 792, 2203, 970, 1345, 973, 878, 541, 1124, 1115, 1098, 726, 1777, 1446, 4198, 2572, 836, 859, 1857, 666, 1778, 3393, 1139, 2345, 1683, 1098, 723, 330, 1328, 2508, 2261, 882, 1737, 929, 874, 1369, 1391, 1636, 821, 1798, 3134, 1376, 1483, 723, 1757, 1142, 1824, 1270, 1042, 1524, 1032, 1687, 1194, 5057, 1487, 1255, 3044, 1447, 1795, 1682, 1848, 4441, 1721, 1255, 1586, 1775, 2675, 1428, 2325, 2147, 1201, 2856, 1275, 1625, 1039, 585, 2977, 2369, 5922, 1410, 2773, 1640, 1309, 1393, 732, 1987, 1837, 1406, 1255, 2097, 518, 1885, 570, 532, 1588, 1183, 1481, 1200, 821, 2507, 2325, 1271, 1301, 1403, 2158, 764, 681, 4487, 1607, 2361, 1568, 1095, 679, 2232, 1759, 1453, 2762, 1019, 2410, 2093, 1315, 4716, 1295, 1077, 1909, 763, 2047, 2594, 1587, 319, 1806, 1952, 1466, 988, 1192, 512, 2388, 1598, 985, 2180, 1274, 3421, 2496, 1094, 2323, 1371, 4354, 1197, 1959, 1923, 1129, 6196, 2408, 1410, 4452, 1381, 1352, 1093, 1464, 1063, 889, 1584, 1879, 951, 3111, 1925, 1898, 2245, 1545, 2084)
(168, 831): Mean: 1727.664, median: 1499.0, std: 1060.575, percent: 1623.94, B: 126, W: 124, 
	(2224, 924, 1195, 7931, 2118, 1724, 869, 1270, 787, 1838, 1260, 1402, 943, 1674, 2382, 915, 2992, 3128, 1604, 2224, 1229, 750, 1783, 863, 1570, 1318, 798, 1755, 1568, 1347, 2953, 2217, 2655, 978, 863, 1615, 1136, 1396, 1695, 1626, 823, 2120, 1224, 1476, 1058, 2508, 1046, 741, 4653, 1618, 651, 1481, 941, 316, 1340, 4337, 524, 616, 2776, 2187, 1677, 2982, 2628, 1511, 1633, 3660, 1643, 906, 489, 1820, 874, 2851, 1750, 1388, 1295, 1752, 990, 788, 1725, 961, 1167, 726, 2128, 1020, 1164, 1136, 799, 488, 1131, 1092, 1050, 641, 1820, 1501, 4645, 2353, 856, 892, 1653, 644, 1500, 2971, 1190, 2312, 1787, 1369, 621, 324, 1391, 2590, 2189, 872, 1838, 898, 881, 1359, 1441, 1664, 806, 1863, 2843, 1344, 1736, 575, 1880, 1379, 1963, 1152, 979, 1485, 990, 2004, 1174, 4932, 1530, 1274, 3621, 1377, 1866, 1613, 1884, 4083, 1587, 1256, 1737, 1782, 3035, 1430, 2432, 2260, 1191, 2476, 1377, 1520, 1036, 592, 3433, 2149, 5637, 1481, 2268, 1620, 1310, 1388, 780, 2103, 2038, 1468, 1252, 2563, 514, 1928, 615, 576, 1465, 1138, 1560, 962, 819, 2479, 2399, 1476, 1418, 1498, 1818, 827, 659, 7352, 1510, 2345, 1467, 1264, 644, 2289, 1935, 1697, 2411, 1077, 2212, 2005, 1241, 3855, 1262, 1133, 1702, 779, 2057, 2141, 1413, 265, 1897, 2314, 1530, 1001, 1199, 411, 2335, 1673, 900, 2182, 1386, 3871, 2430, 1076, 2411, 1542, 4999, 1209, 2050, 2070, 1152, 5727, 2270, 1239, 4434, 1337, 1257, 1253, 1552, 1098, 853, 1577, 2112, 932, 3609, 1524, 2136, 2518, 1461, 2247)
(172, 851): Mean: 1729.664, median: 1481.5, std: 1068.479, percent: 1624.86, B: 118, W: 131, 
	(2220, 939, 1222, 9106, 2284, 1440, 787, 1399, 735, 2226, 1280, 1380, 1023, 1653, 2514, 933, 2630, 2792, 1670, 2257, 1222, 656, 1635, 845, 1546, 1337, 834, 1701, 1480, 1464, 3238, 2518, 2688, 1059, 808, 1883, 1205, 1480, 1848, 1803, 861, 2099, 1091, 1577, 963, 2310, 1104, 901, 5146, 1678, 618, 1362, 942, 296, 1332, 3950, 504, 613, 2796, 1979, 1602, 3158, 2280, 1569, 1932, 3683, 1589, 817, 464, 1940, 962, 2401, 1836, 1460, 1302, 1586, 967, 850, 1567, 987, 1165, 748, 2368, 899, 1185, 1104, 878, 528, 1116, 1294, 1086, 725, 1736, 1425, 4436, 2322, 866, 952, 1576, 660, 1625, 3709, 1169, 1968, 1910, 1212, 658, 310, 1404, 2584, 1999, 903, 1820, 878, 874, 1114, 1331, 1809, 739, 1694, 3248, 1363, 1560, 614, 1800, 1201, 1771, 1287, 1014, 1483, 961, 1813, 1105, 4023, 1522, 1285, 3653, 1387, 2029, 1697, 2176, 4100, 1653, 1169, 1961, 1687, 2989, 1364, 2436, 1799, 1191, 2828, 1417, 1454, 1155, 645, 2996, 2430, 7178, 1565, 2369, 1583, 1347, 1334, 767, 2083, 1814, 1487, 1522, 2564, 516, 2208, 535, 652, 1480, 1267, 1364, 1080, 840, 2325, 2082, 1237, 1501, 1631, 2098, 835, 794, 5291, 1656, 2280, 1396, 1100, 696, 2317, 1676, 1656, 2651, 1099, 2350, 2040, 1245, 3778, 1219, 1115, 1857, 794, 2007, 2505, 1287, 338, 1937, 2272, 1723, 971, 1194, 400, 2023, 1737, 897, 2080, 1398, 3465, 2676, 1133, 2311, 1387, 4780, 1364, 2179, 1789, 1175, 5751, 2297, 1358, 4419, 1322, 1381, 1153, 1545, 1146, 896, 1459, 2163, 873, 3293, 1644, 2295, 2627, 1420, 2213)
(173, 855): Mean: 1767.628, median: 1494.5, std: 1097.223, percent: 1660.14, B: 109, W: 140, 
	(2978, 886, 1240, 7786, 2275, 1821, 877, 1314, 1143, 1762, 1373, 1493, 1074, 1775, 2563, 920, 3007, 3156, 1611, 2071, 1151, 710, 1649, 1000, 1523, 1480, 817, 1746, 1475, 1343, 3301, 2067, 2555, 991, 683, 1663, 1151, 1444, 1820, 1773, 789, 2308, 1243, 1486, 1043, 2058, 1122, 880, 5224, 1559, 684, 1600, 987, 606, 1311, 4487, 491, 777, 3049, 2019, 1639, 3140, 2286, 1476, 1747, 4078, 1496, 894, 412, 1860, 942, 2487, 2056, 1413, 1295, 1530, 898, 832, 1390, 1032, 1002, 999, 2187, 1051, 1284, 1193, 836, 526, 1438, 1226, 1049, 580, 2012, 1466, 3943, 2511, 829, 869, 1535, 682, 1609, 3094, 1125, 2041, 2781, 1219, 682, 368, 1430, 2553, 1968, 824, 1692, 897, 893, 1406, 1326, 1637, 823, 2025, 3359, 1522, 1712, 555, 1682, 1340, 2029, 1305, 983, 1671, 1083, 1757, 1246, 4400, 1536, 1215, 3082, 1356, 2241, 1704, 1729, 4285, 2016, 1234, 1685, 1709, 2851, 1596, 2768, 2185, 1338, 3394, 1467, 1508, 1253, 593, 2902, 2270, 8422, 1616, 2607, 1438, 1400, 1412, 834, 2309, 1877, 1426, 1598, 2519, 561, 2035, 705, 576, 1497, 1243, 1353, 1132, 888, 2415, 2511, 1320, 1247, 1432, 2102, 832, 707, 5852, 1951, 2421, 1666, 1113, 772, 2037, 1900, 1532, 2752, 1100, 2420, 2347, 1383, 4527, 1198, 1128, 1822, 810, 1821, 2303, 1337, 284, 1709, 1823, 1486, 1006, 1252, 403, 2323, 1467, 897, 2343, 1455, 3458, 2430, 1162, 2381, 1391, 5282, 1349, 2030, 2043, 1230, 5727, 2635, 1305, 4793, 1412, 1335, 1132, 1564, 1173, 963, 1712, 1927, 963, 3803, 1696, 2166, 2212, 1598, 2116)
(176, 870): Mean: 1753.664, median: 1525.0, std: 1081.529, percent: 1651.06, B: 127, W: 121, 
	(2263, 966, 1354, 8388, 2317, 1692, 888, 1454, 790, 1626, 1251, 1513, 828, 1642, 2517, 907, 2685, 2865, 1647, 2061, 1215, 771, 1986, 946, 1492, 1265, 835, 1658, 1567, 1420, 3035, 2318, 2879, 976, 826, 1946, 1441, 1464, 1854, 1573, 796, 2239, 1400, 1599, 1112, 2281, 1077, 839, 4417, 1588, 744, 1462, 1070, 311, 1238, 4557, 522, 668, 2527, 1836, 1601, 3230, 2287, 1685, 1891, 3766, 1607, 863, 451, 1945, 1024, 3203, 1964, 1408, 1336, 1671, 1084, 769, 1472, 985, 1011, 832, 2176, 1019, 1297, 1066, 862, 476, 1190, 1255, 1048, 666, 2155, 1585, 4640, 2434, 802, 911, 1513, 580, 1576, 3258, 1150, 2194, 1979, 1227, 657, 338, 1409, 3004, 2481, 900, 2039, 847, 918, 1159, 1524, 1365, 823, 1769, 3351, 1472, 1435, 559, 1627, 1241, 1831, 1100, 1058, 1536, 1006, 1936, 1219, 4634, 1496, 1346, 3623, 1366, 2145, 1659, 1926, 4187, 1663, 1219, 1873, 1917, 3123, 1623, 2314, 1941, 1297, 2276, 1371, 1601, 1125, 618, 3352, 2462, 7362, 1410, 2332, 1781, 1342, 1290, 765, 2018, 1826, 1439, 1532, 2501, 565, 2183, 619, 551, 1553, 1361, 1395, 1160, 884, 2493, 2288, 1408, 1526, 1493, 2060, 758, 708, 6971, 1751, 2421, 1623, 1149, 691, 2186, 1755, 1576, 2679, 1086, 2392, 2010, 1329, 4176, 1334, 1207, 1904, 695, 2112, 2190, 1541, 307, 1731, 2027, 1584, 945, 1330, 457, 2420, 1812, 861, 2560, 1486, 2888, 2401, 1068, 2633, 1512, 4107, 1330, 2097, 1900, 1082, 5761, 2304, 1337, 4353, 1451, 1230, 1018, 1450, 1166, 878, 1668, 1916, 974, 3452, 1677, 2288, 2479, 1537, 2249)
(177, 873): Mean: 1770.424, median: 1517.5, std: 1153.79, percent: 1694.56, B: 129, W: 121, 
	(2253, 916, 1144, 9691, 2033, 1477, 895, 1476, 783, 1871, 1305, 1497, 1005, 1586, 2631, 916, 2672, 3008, 1666, 2641, 1184, 685, 1791, 942, 1743, 1381, 817, 1605, 1384, 1442, 3024, 2067, 3229, 1020, 851, 1691, 1222, 1872, 1955, 1591, 794, 2098, 1300, 1594, 858, 2482, 1117, 838, 5352, 1487, 736, 1328, 998, 295, 1179, 4531, 476, 569, 2642, 2350, 1539, 3284, 2372, 1634, 2040, 3275, 1632, 794, 452, 1879, 906, 2596, 1600, 1518, 1276, 1662, 906, 786, 1357, 978, 982, 784, 2274, 940, 1169, 1217, 880, 559, 1207, 1152, 1154, 673, 1943, 1570, 4261, 2924, 858, 919, 1516, 668, 1559, 3396, 1129, 2262, 1759, 1361, 721, 365, 1375, 2588, 2262, 878, 1964, 813, 949, 1233, 1393, 1543, 715, 1585, 2791, 1482, 1576, 642, 1709, 1314, 1858, 1190, 1082, 1494, 1010, 1767, 1213, 5364, 1574, 1238, 3253, 1480, 2016, 1718, 1827, 4971, 2425, 1156, 1900, 1935, 3233, 1618, 2294, 2174, 1324, 2925, 1414, 1705, 1114, 558, 3511, 2132, 6426, 1638, 2496, 1587, 1461, 1209, 660, 2171, 1942, 1387, 1513, 2664, 574, 2217, 557, 640, 1388, 1202, 1756, 1022, 719, 2333, 2494, 1301, 1367, 1349, 2208, 828, 809, 5773, 1659, 2236, 1349, 1209, 658, 2176, 1806, 1577, 3238, 997, 2553, 2154, 1376, 3526, 1262, 1073, 1808, 750, 2048, 2421, 1259, 292, 1876, 2054, 1559, 919, 1410, 434, 2657, 1650, 912, 2238, 1299, 3426, 2489, 1016, 2474, 1561, 5660, 1320, 2061, 1919, 1050, 7029, 2398, 1473, 5287, 1386, 1228, 998, 1517, 1083, 909, 1817, 1909, 998, 3341, 1804, 1983, 2532, 1565, 2288)
(178, 878): Mean: 1738.592, median: 1521.5, std: 1085.198, percent: 1600.66, B: 136, W: 113, 
	(2428, 966, 1262, 9024, 2035, 1705, 830, 1274, 930, 1973, 1328, 1356, 889, 1627, 2604, 846, 2293, 2658, 1624, 2268, 1139, 694, 1616, 860, 1662, 1350, 840, 1772, 1451, 1489, 2930, 2245, 2623, 937, 741, 1681, 1288, 1608, 1749, 1553, 812, 2070, 1245, 1581, 981, 2361, 1162, 862, 5335, 1756, 733, 1462, 891, 320, 1250, 3803, 499, 611, 2783, 2384, 1783, 3027, 2350, 1583, 1945, 3553, 1597, 804, 509, 1736, 931, 3301, 1911, 1512, 1187, 1517, 982, 897, 1444, 1050, 1018, 851, 2238, 963, 1117, 1166, 926, 586, 1203, 1117, 1098, 725, 2008, 1533, 4378, 2259, 843, 866, 1564, 667, 1593, 2983, 1129, 2103, 1756, 1350, 656, 324, 1435, 2939, 2312, 870, 1630, 884, 875, 1438, 1443, 1493, 839, 1646, 3169, 1403, 1812, 680, 1628, 1270, 1679, 1321, 1097, 1647, 961, 1832, 1113, 5914, 1664, 1152, 3546, 1368, 1876, 1589, 1739, 4565, 1867, 1339, 2002, 2025, 2967, 1443, 2875, 2054, 1251, 2756, 1633, 1641, 1203, 592, 3547, 2275, 6920, 1449, 2208, 1645, 1439, 1526, 752, 2185, 1848, 1581, 1404, 2190, 564, 1992, 634, 597, 1504, 1232, 1411, 1030, 760, 2222, 2558, 1294, 1540, 1351, 2057, 814, 733, 4880, 1511, 2077, 1513, 1284, 649, 2031, 1867, 1569, 3452, 1006, 2616, 2101, 1152, 3398, 1361, 1104, 1872, 748, 2066, 2540, 1320, 274, 1752, 1973, 1556, 984, 1336, 580, 2163, 1904, 880, 2293, 1431, 2999, 2319, 1043, 2095, 1427, 4589, 1254, 1966, 1724, 1049, 5958, 2325, 1329, 5239, 1396, 1210, 1060, 1434, 1054, 902, 1772, 2114, 938, 3147, 1566, 2183, 2214, 1600, 2072)
(185, 916): Mean: 1777.888, median: 1539.5, std: 1098.111, percent: 1715.3, B: 110, W: 140, 
	(2142, 934, 1337, 7329, 2066, 1559, 824, 1469, 727, 1791, 1430, 1544, 855, 2205, 2712, 832, 2831, 3128, 1773, 2644, 1271, 722, 1820, 887, 1603, 1369, 805, 1804, 1380, 1363, 2818, 2182, 2376, 1020, 689, 1759, 1271, 1678, 1863, 1521, 787, 2009, 1101, 1812, 875, 2243, 1175, 849, 5903, 1518, 758, 1356, 1052, 284, 1509, 4194, 487, 610, 2923, 2385, 1827, 4162, 2191, 1613, 1919, 4592, 1592, 911, 438, 1956, 1063, 3177, 1652, 1851, 1281, 1866, 937, 828, 1374, 993, 993, 799, 2104, 968, 1185, 1192, 916, 480, 1098, 1115, 1067, 639, 2209, 1558, 3970, 2373, 797, 939, 1638, 649, 1707, 3050, 1104, 2137, 1757, 1367, 622, 370, 1436, 3335, 2346, 962, 1847, 818, 928, 1236, 1487, 1403, 836, 1864, 3456, 1368, 1770, 624, 1758, 1315, 1944, 1260, 1137, 1587, 1037, 1885, 1245, 4766, 1609, 1154, 3771, 1412, 2242, 1601, 1805, 4581, 1910, 1180, 2033, 1717, 2768, 1525, 2255, 1989, 1339, 2999, 1480, 1637, 1179, 611, 3374, 2642, 7013, 1548, 3011, 1720, 1296, 1350, 762, 2181, 1714, 1544, 1351, 2552, 575, 2456, 538, 543, 1535, 1196, 1575, 1105, 875, 2608, 2782, 1383, 1418, 1348, 2059, 761, 752, 5944, 1624, 2471, 1571, 1269, 633, 2175, 2031, 1651, 3158, 1054, 2565, 1886, 1472, 3221, 1320, 1152, 1924, 755, 2147, 2617, 1480, 343, 2017, 1674, 1468, 956, 1184, 442, 2190, 1571, 897, 2246, 1334, 3203, 2806, 1187, 2137, 1411, 5002, 1393, 2151, 2037, 1082, 6921, 2424, 1466, 4062, 1458, 1304, 1012, 1569, 1115, 885, 1565, 1826, 930, 3611, 1529, 2532, 2594, 1534, 2081)
(187, 927): Mean: 1763.188, median: 1488.0, std: 1095.009, percent: 1620.18, B: 129, W: 120, 
	(2266, 979, 1292, 7912, 2012, 1502, 774, 1395, 787, 1541, 1281, 1466, 967, 1904, 2557, 928, 3027, 3254, 1715, 2189, 1152, 680, 1780, 876, 1541, 1472, 864, 1654, 1357, 1321, 3088, 2341, 2786, 1104, 789, 2005, 1235, 1488, 1782, 1534, 804, 1897, 1174, 1542, 1005, 2493, 1129, 854, 6377, 1797, 695, 1490, 999, 296, 1535, 4806, 546, 490, 3009, 2394, 1714, 2999, 2349, 1706, 1828, 3703, 1440, 859, 444, 2130, 911, 2964, 1706, 1507, 1387, 1596, 977, 804, 1338, 978, 1029, 780, 2068, 1089, 1201, 1157, 802, 534, 1192, 1297, 1150, 635, 1960, 1622, 4746, 2201, 846, 946, 1556, 717, 1716, 3241, 1206, 2110, 1743, 1306, 684, 308, 1393, 2489, 2558, 844, 1702, 835, 952, 1126, 1488, 1377, 856, 1831, 3735, 1456, 1708, 559, 1616, 1327, 1909, 1267, 1054, 1691, 1110, 1916, 1216, 5146, 1671, 1240, 4200, 1462, 2361, 1646, 1795, 3935, 2029, 1154, 1785, 1678, 2891, 1460, 2191, 2079, 1256, 2653, 1348, 1453, 1140, 604, 3197, 2234, 6530, 1347, 2531, 1870, 1207, 1260, 729, 2242, 1828, 1463, 1335, 2288, 549, 2146, 631, 556, 1482, 1248, 1475, 1188, 848, 2791, 2554, 1364, 1568, 1401, 2010, 819, 794, 5322, 1725, 2477, 1618, 1229, 753, 2173, 1961, 1553, 2520, 1085, 2224, 2025, 1182, 4439, 1338, 1268, 1925, 818, 2248, 2586, 1349, 283, 2112, 1913, 1462, 887, 1151, 376, 2290, 1805, 841, 2269, 1278, 3475, 2359, 1156, 2245, 1456, 5072, 1411, 2196, 1780, 1068, 5580, 2205, 1397, 5307, 1407, 1281, 1075, 1474, 1162, 857, 1659, 2301, 1010, 3625, 1614, 2137, 2446, 1534, 2235)
(188, 932): Mean: 1767.532, median: 1539.0, std: 1044.541, percent: 1720.22, B: 104, W: 145, 
	(2154, 1012, 1268, 6694, 2130, 1502, 821, 1371, 786, 2042, 1298, 1565, 975, 1658, 2708, 910, 3168, 2917, 1720, 2389, 1206, 767, 1828, 855, 1712, 1358, 823, 1753, 1450, 1525, 3392, 1991, 2808, 1021, 802, 1837, 1304, 1590, 1951, 1479, 859, 2130, 1276, 1875, 827, 2312, 1134, 823, 4385, 1656, 730, 1289, 874, 311, 1486, 3611, 571, 753, 3050, 2106, 1965, 3476, 2294, 1676, 1978, 3994, 1574, 875, 459, 1798, 934, 3015, 1661, 1429, 1447, 1642, 1049, 824, 1501, 1034, 1126, 752, 2464, 1104, 1177, 1093, 909, 541, 1146, 1223, 1160, 685, 2088, 1571, 3925, 2484, 902, 908, 1599, 719, 1580, 3556, 1199, 2436, 1736, 1310, 734, 386, 1286, 2783, 1943, 839, 1804, 932, 925, 1152, 1540, 1465, 772, 1800, 3342, 1374, 1720, 589, 1779, 1332, 1660, 1342, 913, 1382, 1032, 1910, 1099, 4870, 1714, 1261, 3499, 1600, 2543, 1704, 1929, 4073, 1733, 1316, 1790, 1722, 2835, 1563, 2200, 1955, 1344, 2894, 1543, 1473, 1139, 609, 3302, 2001, 7791, 1527, 2574, 1691, 1345, 1345, 815, 2132, 2027, 1422, 1627, 3159, 663, 2028, 597, 694, 1619, 1263, 1300, 1181, 785, 2844, 2531, 1313, 1433, 1538, 2226, 839, 819, 5687, 1709, 2299, 1741, 1355, 736, 2130, 1978, 1568, 2654, 1069, 2774, 1940, 1334, 3923, 1282, 1215, 1815, 771, 2204, 2555, 1266, 269, 1991, 1798, 1504, 967, 1257, 364, 2647, 1672, 947, 2462, 1528, 3325, 2323, 1056, 2040, 1491, 4589, 1522, 1967, 1956, 1106, 5861, 2639, 1428, 4848, 1459, 1294, 1103, 1484, 1083, 905, 1662, 2282, 998, 3858, 1624, 2383, 1989, 1403, 2603)
(189, 937): Mean: 1751.512, median: 1528.0, std: 1036.171, percent: 1670.8, B: 149, W: 101, 
	(2163, 1034, 1235, 7532, 2170, 1408, 854, 1510, 799, 1598, 1225, 1453, 962, 1670, 2508, 927, 2870, 3180, 1651, 2555, 1241, 738, 1656, 938, 1676, 1374, 829, 1841, 1583, 1292, 3072, 2276, 2568, 981, 781, 2049, 1222, 1393, 1795, 1795, 857, 2084, 1252, 1556, 956, 2347, 1044, 1108, 5264, 1647, 701, 1314, 1008, 304, 1259, 4966, 521, 610, 2782, 2105, 1657, 3042, 2417, 1533, 2363, 3601, 1578, 942, 428, 1936, 1101, 2845, 1854, 1481, 1371, 1729, 1045, 792, 1571, 998, 1068, 851, 2486, 1004, 1198, 1162, 819, 559, 1066, 1320, 1106, 607, 2087, 1528, 3786, 2417, 778, 898, 1661, 634, 1727, 2980, 1093, 2429, 1875, 1248, 618, 376, 1190, 2675, 1922, 829, 1877, 907, 875, 1130, 1528, 1511, 859, 1871, 3218, 1293, 1752, 545, 1697, 1315, 1866, 1194, 1027, 2027, 997, 1844, 1295, 4650, 1584, 1240, 3356, 1424, 2023, 2004, 2087, 4932, 1989, 1053, 2081, 1791, 2695, 1580, 2368, 2184, 1353, 2997, 1594, 1424, 1263, 565, 3334, 1915, 6622, 1523, 2474, 1537, 1297, 1281, 713, 2317, 1833, 1531, 1415, 2513, 570, 2305, 616, 569, 1430, 1169, 1565, 1104, 741, 2183, 2376, 1355, 1512, 1581, 2191, 841, 808, 5491, 1510, 2073, 1622, 1295, 724, 1940, 2101, 1706, 2389, 968, 2661, 2264, 1428, 4252, 1301, 1198, 1745, 828, 2151, 2622, 1448, 314, 1882, 1834, 1482, 944, 1168, 512, 2375, 1767, 912, 2188, 1516, 2775, 2541, 1288, 2109, 1493, 4291, 1351, 1907, 1756, 1314, 5545, 2430, 1521, 4898, 1402, 1252, 1094, 1510, 1005, 881, 1658, 2214, 946, 3688, 1994, 2251, 2017, 1316, 2364)
(190, 940): Mean: 1740.004, median: 1512.5, std: 1061.023, percent: 1660.0, B: 127, W: 122, 
	(2297, 962, 1326, 8360, 2413, 1512, 787, 1480, 777, 1654, 1244, 1454, 924, 1552, 2680, 869, 2291, 3272, 1730, 2348, 1297, 758, 1566, 957, 1513, 1351, 907, 1617, 1509, 1266, 4122, 2349, 2682, 971, 923, 1847, 1238, 1731, 1790, 1908, 790, 1802, 1189, 1566, 881, 2219, 1082, 838, 5824, 1677, 668, 1372, 1022, 320, 1201, 4036, 543, 595, 3031, 1746, 1865, 2962, 2202, 1474, 1905, 3891, 1626, 921, 371, 1926, 940, 2396, 1624, 1415, 1257, 1595, 968, 849, 1629, 988, 1042, 824, 2763, 1050, 1216, 1215, 904, 549, 1079, 1141, 1176, 666, 2118, 1639, 3607, 2149, 829, 946, 1519, 673, 1722, 3802, 1148, 1833, 1957, 1187, 700, 349, 1299, 2430, 2050, 865, 1672, 889, 906, 1522, 1572, 1420, 868, 1786, 3547, 1448, 1530, 614, 1777, 1318, 1810, 1152, 1038, 1587, 973, 1924, 1177, 4493, 1629, 1249, 3472, 1490, 2068, 1790, 1724, 5002, 1603, 1158, 1862, 1832, 3079, 1362, 2579, 1916, 1214, 3100, 1467, 1700, 1118, 591, 3093, 2083, 6238, 1495, 2744, 1593, 1356, 1300, 834, 2196, 1663, 1525, 1346, 2263, 553, 2319, 704, 569, 1553, 1166, 1342, 1116, 862, 2548, 2786, 1306, 1546, 1328, 1989, 746, 744, 4846, 1580, 2171, 1667, 1280, 736, 2060, 1904, 1494, 3043, 1012, 2512, 2148, 1206, 4094, 1380, 1139, 1837, 825, 2233, 2653, 1404, 347, 1923, 1747, 1356, 982, 1175, 367, 2414, 1763, 942, 1992, 1501, 3155, 2442, 1054, 2589, 1371, 4914, 1312, 1883, 1909, 1140, 5992, 2129, 1374, 3760, 1329, 1355, 978, 1460, 998, 890, 1633, 1899, 880, 3730, 1700, 2280, 2548, 1430, 2313)
(193, 957): Mean: 1729.216, median: 1552.0, std: 1019.93, percent: 1621.2, B: 132, W: 118, 
	(2092, 1015, 1255, 7736, 2164, 1448, 822, 1333, 774, 1637, 1337, 1536, 933, 1608, 2582, 891, 2531, 3216, 1790, 2172, 1253, 722, 1650, 901, 1592, 1311, 863, 1565, 1420, 1474, 3032, 1758, 2852, 995, 951, 1993, 1216, 1496, 1859, 2053, 812, 1978, 1151, 1638, 889, 1989, 1206, 811, 5244, 1686, 725, 1348, 936, 267, 1355, 4399, 497, 782, 2907, 2015, 1596, 3287, 2249, 1431, 1787, 4276, 1579, 887, 473, 2090, 1017, 2852, 1889, 1501, 1228, 1496, 919, 839, 1572, 929, 1130, 832, 2393, 992, 1170, 1096, 905, 575, 1214, 1165, 1118, 625, 1938, 1465, 3713, 2201, 821, 931, 1787, 656, 1768, 2772, 1301, 2028, 1714, 1268, 696, 354, 1356, 2478, 2084, 862, 1870, 879, 927, 1186, 1532, 1337, 789, 1757, 3397, 1486, 1825, 569, 1629, 1171, 1930, 1226, 933, 1722, 999, 1903, 1233, 4597, 1570, 1321, 3328, 1297, 1997, 1695, 2179, 4233, 1707, 1148, 1671, 1690, 3584, 1665, 2759, 2050, 1165, 2463, 1410, 1671, 1107, 649, 2966, 1905, 6059, 1484, 2634, 1596, 1470, 1452, 720, 2064, 1722, 1442, 1411, 2937, 513, 2118, 635, 668, 1547, 1277, 1615, 997, 779, 2297, 2291, 1266, 1354, 1639, 2338, 783, 762, 5668, 1585, 2245, 1733, 1166, 652, 2363, 1977, 1567, 2612, 984, 2536, 2208, 1288, 3780, 1355, 1183, 1721, 770, 2125, 2194, 1352, 255, 1915, 1921, 1561, 961, 1229, 384, 2230, 1721, 943, 2440, 1577, 3115, 2149, 1052, 2415, 1578, 4482, 1356, 1934, 2224, 1015, 4867, 2875, 1419, 5264, 1395, 1337, 1038, 1558, 1039, 819, 1557, 1839, 892, 3336, 1739, 2024, 2292, 1389, 2339)
(196, 975): Mean: 1725.816, median: 1485.5, std: 1023.882, percent: 1619.78, B: 126, W: 124, 
	(1944, 940, 1205, 7289, 2282, 1714, 827, 1283, 751, 1692, 1272, 1379, 857, 1715, 2508, 924, 2628, 3042, 1525, 2142, 1155, 708, 1884, 935, 1521, 1279, 790, 2005, 1642, 1368, 3243, 2176, 2830, 1128, 732, 1819, 1134, 1486, 1734, 1775, 849, 2122, 1303, 1693, 969, 2290, 1252, 800, 4378, 1527, 718, 1401, 950, 276, 1231, 4285, 521, 643, 2778, 2051, 1742, 3157, 2094, 1637, 1907, 4041, 1481, 907, 406, 2032, 1039, 2785, 1613, 1416, 1129, 1501, 1010, 874, 1329, 958, 1046, 830, 2324, 995, 1282, 1209, 909, 493, 1164, 1297, 1040, 626, 1946, 1507, 3958, 2109, 883, 869, 1665, 738, 1625, 3586, 1088, 2037, 1711, 1146, 617, 357, 1365, 2914, 2273, 887, 1811, 867, 855, 1097, 1433, 1502, 932, 1870, 3125, 1431, 1661, 659, 1874, 1340, 1865, 1028, 976, 1497, 1091, 1771, 1247, 5260, 1635, 1297, 3574, 1531, 2050, 1718, 1738, 4342, 1983, 1112, 1914, 1777, 3240, 1384, 2442, 1908, 1275, 2879, 1412, 1454, 1156, 563, 3286, 2250, 6446, 1461, 2876, 1871, 1420, 1462, 760, 2059, 1740, 1457, 1294, 2505, 590, 2140, 683, 562, 1497, 1249, 1455, 1120, 743, 2457, 2714, 1213, 1216, 1393, 2047, 824, 816, 4984, 1595, 2503, 1717, 1104, 722, 2030, 1712, 1570, 2820, 1067, 2367, 1774, 1397, 3824, 1216, 1061, 1839, 809, 2286, 2287, 1312, 265, 1689, 1641, 1467, 942, 1212, 375, 2314, 1683, 832, 2169, 1403, 3580, 2024, 1100, 2169, 1311, 4782, 1485, 2314, 1972, 1205, 5814, 2433, 1329, 4600, 1417, 1334, 1024, 1538, 1147, 910, 1649, 2064, 929, 3609, 1613, 2039, 2389, 1480, 2170)

Test:
No precond: Mean: 2497.244, median: 2230.5, std: 1214.669, percent: 2491.02, flag: 0 
	(950, 1877, 1941, 3744, 1247, 5987, 1591, 2381, 2752, 2719, 2593, 1137, 1253, 4091, 1708, 6313, 1086, 1351, 2778, 2363, 2458, 3768, 1766, 673, 2961, 2180, 1841, 2736, 5944, 3685, 3480, 2306, 2914, 2443, 1792, 2633, 2141, 4723, 964, 5409, 1415, 1365, 2197, 2119, 4040, 2732, 2921, 4361, 3014, 957, 2406, 2700, 1016, 2727, 1027, 2206, 4471, 5667, 1023, 2254, 1165, 1674, 3359, 1425, 1789, 2027, 2275, 3964, 2649, 2021, 4787, 1110, 2587, 2272, 1938, 2301, 5418, 2672, 1851, 975, 2245, 1659, 1756, 2166, 2142, 1639, 2126, 577, 1965, 3532, 3207, 1680, 1477, 2114, 2249, 1844, 6588, 3956, 3429, 1896, 2283, 2294, 1954, 1963, 5632, 2312, 1484, 5220, 3578, 1482, 1083, 1703, 2010, 1982, 2121, 1963, 1474, 3246, 3444, 1895, 1519, 1214, 1727, 3619, 2218, 2905, 1983, 1012, 3293, 1160, 4712, 3107, 2411, 2979, 3354, 1456, 2438, 1712, 1625, 2868, 1529, 2304, 1987, 1497, 3180, 721, 1195, 1917, 1328, 924, 3485, 814, 4130, 3147, 3932, 2682, 3182, 1594, 2130, 2582, 1685, 1483, 3374, 4695, 2891, 3307, 3968, 3869, 2384, 1420, 3376, 2724, 4297, 1429, 1424, 3804, 2088, 3379, 1458, 3026, 1638, 3871, 1794, 779, 5650, 893, 4333, 1585, 2784, 1212, 2860, 2502, 1756, 1301, 1700, 1520, 1457, 2108, 2847, 1731, 5055, 3275, 801, 1719, 2677, 3232, 2390, 1571, 1775, 1773, 5055, 2885, 1386, 2727, 1195, 3078, 5249, 2163, 1890, 1574, 3070, 1313, 3534, 2465, 1861, 6735, 3555, 3290, 1992, 2142, 4196, 414, 3297, 4340, 1567, 4321, 2878, 2612, 1249, 1405, 2994, 2379, 2402, 2623, 2127, 1920, 1607, 2076, 2243, 1334)

Jacobi: Mean: 2079.96, median: 1846.5, std: 1147.316, percent: 2054.8, BvN: 230, WvN: 20, flag: 0 
	(743, 1369, 1195, 3231, 1009, 7387, 1727, 1614, 2239, 2554, 2275, 1024, 1025, 5804, 1392, 6411, 954, 1206, 2706, 1704, 2675, 2968, 1375, 575, 2623, 1668, 1803, 2268, 6098, 2546, 3110, 2118, 2038, 1593, 1423, 2732, 1976, 4085, 744, 6085, 1046, 1389, 1646, 1666, 2604, 1925, 2403, 3549, 2445, 862, 1575, 2241, 624, 2549, 759, 2428, 3182, 3671, 798, 1894, 1201, 1351, 2818, 1136, 1333, 1661, 1858, 4547, 1978, 1662, 3927, 766, 2296, 1997, 1257, 2321, 5079, 2090, 1426, 630, 1914, 1333, 1370, 1692, 1945, 1182, 1937, 385, 1552, 2907, 2769, 1315, 1330, 1709, 1746, 1488, 4297, 3849, 2967, 1630, 1962, 1618, 1884, 1519, 5188, 1964, 1223, 4390, 2857, 998, 753, 1422, 1762, 1366, 1818, 1835, 1100, 2322, 2520, 1718, 1195, 883, 1435, 2633, 2034, 2510, 1484, 787, 2648, 793, 4577, 2329, 1947, 2536, 2555, 1334, 1899, 1378, 1208, 1982, 1252, 1917, 1642, 1197, 3899, 524, 828, 1798, 948, 724, 3138, 538, 4350, 2747, 3355, 2293, 2085, 1131, 1862, 1436, 1299, 851, 2879, 3337, 2748, 2963, 2972, 3018, 2269, 1145, 3289, 1992, 3374, 1441, 1136, 3043, 1875, 2666, 1316, 2061, 1284, 3206, 1368, 568, 4790, 833, 2808, 1211, 3047, 830, 2581, 1833, 1583, 963, 1240, 1198, 1172, 1538, 2347, 1539, 3445, 2356, 499, 1474, 2228, 2595, 1739, 1293, 1298, 1665, 3433, 2055, 1090, 2758, 995, 2370, 5143, 1586, 1301, 1222, 2737, 994, 3193, 1869, 1662, 4635, 2344, 2330, 1485, 2023, 3689, 325, 4013, 2987, 1247, 4158, 2050, 1719, 893, 877, 2201, 2069, 2307, 1994, 1959, 1607, 1329, 1677, 2358, 1092)

Last: Mean: 1674.304, median: 1439.0, std: 903.811, percent: 1662.68, BvN: 248, WvN: 2, BvJ: 244, WvJ: 6, flag: 0 
	(623, 1013, 1024, 2916, 751, 4212, 1065, 1301, 1871, 1944, 1698, 896, 814, 4145, 1167, 5201, 747, 932, 2160, 1803, 1932, 2226, 1128, 482, 2420, 1328, 1355, 2072, 4205, 2042, 2765, 1489, 1751, 1370, 1150, 1733, 1385, 3240, 666, 5882, 1064, 1129, 1190, 1275, 2305, 1691, 1788, 2916, 1944, 569, 1215, 2070, 657, 1906, 667, 1924, 2404, 4260, 596, 1591, 889, 1118, 2183, 864, 1137, 1583, 1484, 3311, 1553, 1414, 3363, 739, 1817, 1394, 1058, 1883, 3688, 1711, 1109, 609, 1419, 956, 1222, 1430, 1300, 1192, 1757, 314, 1232, 2524, 2513, 1032, 1138, 1350, 1518, 1161, 4073, 3040, 2244, 1290, 1721, 1423, 1353, 1284, 3264, 1710, 951, 4654, 2135, 816, 621, 1401, 1510, 1181, 1491, 1575, 919, 1803, 1921, 1451, 1091, 698, 1214, 2078, 1481, 2140, 1249, 658, 1837, 664, 3807, 1965, 1443, 1968, 1996, 1103, 1575, 1128, 1036, 1751, 1014, 1362, 1377, 962, 3104, 499, 597, 1373, 777, 594, 2424, 524, 3107, 1975, 2828, 1417, 1661, 902, 1610, 1172, 1201, 820, 1973, 2695, 2426, 2326, 2831, 2489, 1834, 956, 2384, 1551, 3007, 1113, 973, 2917, 1435, 1953, 1056, 1799, 727, 2340, 1097, 458, 3483, 680, 2247, 775, 2431, 710, 1941, 1604, 1214, 832, 1104, 1000, 859, 1228, 1898, 1242, 3072, 1887, 461, 1248, 1718, 2101, 1319, 1019, 1205, 1238, 3077, 1443, 893, 1980, 776, 2006, 3832, 1556, 1244, 991, 2072, 914, 2578, 1676, 1344, 3692, 1931, 1950, 1135, 1397, 2806, 291, 2860, 2666, 934, 3066, 1687, 1210, 667, 822, 1909, 1788, 1815, 1623, 1531, 1140, 1054, 1379, 1962, 980)

Best: Mean: 1675.14, median: 1461.0, std: 909.879, percent: 1637.9, BvN: 248, WvN: 2, BvJ: 245, WvJ: 5, flag: 0 
	(635, 1055, 1148, 2823, 771, 4719, 1079, 1309, 1824, 1793, 1815, 827, 811, 4355, 1167, 5010, 811, 920, 2111, 1673, 1881, 1882, 1167, 490, 1850, 1340, 1259, 1693, 4273, 1961, 2568, 1519, 1575, 1381, 1124, 2066, 1454, 4074, 587, 6034, 750, 1184, 1204, 1402, 2467, 1467, 1768, 2713, 1711, 625, 1373, 1887, 618, 1943, 593, 1882, 2999, 3888, 608, 1740, 844, 1064, 2137, 808, 1221, 1422, 1586, 3707, 1495, 1270, 3170, 715, 1800, 1419, 1250, 1889, 4454, 1579, 1129, 571, 1584, 1014, 1139, 1526, 1521, 1232, 1388, 404, 1228, 2597, 2280, 1041, 1153, 1651, 1703, 1231, 3969, 3476, 2449, 1285, 2004, 1410, 1545, 1297, 3505, 1660, 797, 3407, 2628, 945, 616, 1149, 1480, 1126, 1381, 1542, 842, 1873, 2351, 1389, 1156, 676, 1348, 1864, 1856, 2209, 1218, 557, 2000, 609, 3235, 2057, 1534, 2263, 2196, 1161, 1455, 1073, 923, 1868, 838, 1453, 1727, 1000, 2559, 467, 620, 1437, 770, 609, 2465, 450, 3672, 1901, 2224, 1612, 1862, 937, 1419, 1230, 1182, 814, 1937, 2531, 2362, 1969, 2367, 2437, 1742, 831, 2553, 1651, 2840, 1059, 979, 2782, 1698, 2205, 1087, 1754, 778, 2421, 1099, 453, 2920, 647, 2413, 915, 2154, 696, 2092, 1621, 1245, 800, 1127, 1010, 976, 1099, 2000, 1342, 3019, 1678, 459, 1284, 1697, 2266, 1556, 1080, 1094, 1274, 3004, 1605, 862, 1786, 785, 2042, 3933, 1438, 1074, 1060, 2300, 816, 2634, 1802, 1357, 2977, 1961, 1980, 1087, 1453, 3107, 287, 2669, 2965, 958, 3613, 1701, 1410, 677, 808, 1856, 1475, 1583, 1455, 1412, 1331, 1109, 1342, 1732, 830)

Last Coef List
{1: array([-0.05171374, -0.06477152]), -1: array([-0.05739654, -0.06675036])}

Best Coef List
{1: array([-0.06300639, -0.06412103]), -1: array([-0.05904574, -0.05617301])}

14/04/2026, 12:36:06
Config file: ./config/config_sign_0_diags_1_par_3.ini
Data:
	1d_laplace_size: 45
	amount: 250
	params: 1 0.3
	seed: 0
	dim: 2025
Solver:
	tol: 1e-10
	max_iteration: None
Learn:
	iteration_count: 200
	step_range: 0.1
	method: sign
	seed: 0
	change_scales: 1 0.5 0.25
	allow_disimprovement: True
	median_best_scale: 0.5
	mean_best_scale: 0.5
Precondition:
	par_list: 3 3
	diag_list: 1 -1
	num_coef: 6
	type: diag_shift
	diag: jacobi

Train:
(0, 1): Mean: 2942.844, median: 2561.0, std: 1905.325, percent: 2765.72, B: 250, W: 0, 
	(3830, 1636, 1892, 16361, 3711, 2874, 1739, 2504, 1414, 3553, 1906, 2429, 1337, 2175, 4125, 1612, 4732, 4055, 3226, 3609, 1904, 1089, 2777, 1631, 2393, 2453, 1529, 3147, 2578, 2128, 4430, 3546, 4729, 1670, 1459, 2818, 2104, 2273, 2914, 2828, 1393, 3118, 1808, 2957, 2130, 3249, 1971, 1518, 12713, 2389, 1239, 2369, 1708, 645, 2419, 6817, 796, 1054, 4769, 3528, 3008, 5127, 4182, 2273, 3848, 7675, 2388, 1210, 705, 3322, 1506, 5461, 3428, 2396, 2496, 2876, 2186, 1588, 2435, 1664, 1800, 1198, 3708, 1816, 1977, 2252, 1741, 896, 1920, 1919, 1928, 1213, 3154, 2422, 6289, 3893, 1604, 1514, 2750, 971, 2773, 4374, 1659, 3454, 2866, 2196, 1089, 794, 2663, 3730, 3147, 1565, 2996, 1593, 1738, 2447, 2735, 2361, 1378, 3120, 4747, 2242, 2833, 1085, 3192, 1954, 3197, 2292, 1683, 2664, 1950, 2731, 2139, 6369, 2502, 2149, 5068, 2276, 2659, 2958, 3752, 7137, 2456, 1826, 3337, 2781, 5414, 2778, 4380, 3765, 2148, 3899, 2583, 2544, 2023, 1080, 5082, 3539, 10035, 2973, 5215, 3106, 1947, 2092, 1287, 3910, 3437, 2769, 2605, 4256, 918, 2912, 1032, 975, 2625, 1756, 2283, 1818, 1489, 5495, 4990, 2381, 2366, 2208, 2976, 1509, 1452, 11717, 2455, 3403, 2640, 1987, 1083, 3504, 3325, 2591, 4289, 1669, 3953, 4081, 2305, 6763, 1944, 1954, 2812, 1302, 4122, 3586, 2780, 492, 3253, 2631, 2905, 1515, 1740, 891, 3343, 2865, 1467, 3676, 2826, 3996, 4999, 1892, 3637, 2171, 6995, 2306, 3704, 2909, 1853, 10602, 4091, 2222, 7918, 2334, 1894, 1758, 2676, 1435, 1513, 2803, 3323, 1683, 7223, 3008, 3946, 3549, 2867, 3377)
(1, 3): Mean: 2750.808, median: 2382.5, std: 1835.196, percent: 2569.22, B: 195, W: 55, 
	(3561, 1475, 1733, 12925, 3015, 2469, 1534, 2192, 1334, 2970, 2324, 2311, 1170, 2716, 3931, 1559, 3921, 4283, 2972, 4242, 1985, 1230, 2326, 1327, 2258, 2391, 1488, 2737, 1967, 2389, 4381, 2980, 3815, 1510, 1351, 3022, 1955, 2471, 2739, 2666, 1486, 3181, 1792, 2422, 1578, 3531, 1869, 1158, 9796, 2205, 1082, 2358, 1755, 510, 2122, 6519, 745, 960, 3970, 2949, 2877, 5242, 3233, 2389, 3050, 5911, 2210, 1146, 736, 2884, 1503, 4933, 2970, 2181, 2489, 2692, 1740, 1564, 2553, 1520, 1791, 1033, 3290, 1539, 1804, 1910, 1819, 852, 1750, 1682, 1725, 940, 2997, 2411, 7352, 3174, 1561, 1362, 2385, 1012, 2677, 4298, 1562, 3034, 2499, 2194, 1173, 597, 2218, 4035, 3589, 1337, 2579, 1612, 1567, 2187, 2283, 2170, 1268, 3017, 5377, 2192, 2519, 1006, 3184, 1952, 2995, 2036, 1636, 2662, 1545, 2680, 1885, 6544, 2508, 1743, 5105, 2148, 2902, 2615, 2719, 6415, 3449, 1840, 2851, 3406, 5175, 2258, 4501, 3343, 1814, 3737, 2312, 2452, 1708, 938, 5112, 3129, 10839, 2976, 4346, 2692, 1859, 2448, 1140, 3634, 3167, 2373, 2029, 3386, 930, 2556, 945, 967, 2380, 1780, 2080, 1800, 1344, 4326, 4215, 2165, 2000, 2170, 3683, 1286, 1171, 16039, 2494, 3630, 2312, 2014, 1004, 2960, 3097, 2232, 4797, 1558, 3466, 3276, 2131, 5446, 1787, 1998, 2723, 1261, 3100, 3377, 2753, 495, 2970, 2361, 2609, 1634, 1593, 752, 3326, 2619, 1508, 3463, 2244, 4684, 4754, 1812, 3343, 2135, 6690, 1998, 3283, 2804, 1894, 10784, 3625, 2157, 5821, 2283, 1619, 1561, 2506, 1376, 1319, 2395, 3537, 1366, 5881, 2730, 3789, 3658, 2464, 3604)
(2, 8): Mean: 2718.672, median: 2353.0, std: 1701.586, percent: 2570.36, B: 126, W: 123, 
	(3735, 1587, 1640, 11332, 3046, 2186, 1463, 2344, 1354, 2727, 2104, 2473, 1368, 2340, 4207, 1513, 4317, 4884, 2721, 3460, 1977, 1225, 2716, 1408, 2582, 2557, 1479, 3116, 2073, 2123, 3405, 3215, 4032, 1502, 1265, 2849, 1871, 2504, 2914, 2385, 1316, 2865, 1972, 2476, 1989, 4007, 1758, 1245, 10627, 2140, 1050, 2362, 1551, 496, 2106, 6090, 924, 962, 4207, 3783, 2394, 4673, 3285, 2395, 3221, 6656, 2382, 1033, 660, 2745, 1566, 5064, 2892, 2264, 2254, 2821, 1898, 1452, 2119, 1484, 1802, 1097, 3360, 1489, 1935, 2116, 1847, 855, 1585, 1785, 1594, 1101, 2847, 2575, 5868, 3040, 1626, 1360, 2680, 1173, 2395, 4529, 1534, 3553, 2878, 2132, 1159, 761, 2241, 3560, 3225, 1406, 3053, 1519, 1514, 1951, 2441, 2129, 1355, 2747, 4614, 2131, 3042, 914, 2516, 2018, 3096, 2177, 1764, 2718, 1556, 2675, 1980, 5881, 2851, 1899, 5975, 2327, 3191, 2780, 3006, 6137, 2768, 1582, 2902, 2938, 4909, 2198, 3907, 2902, 1791, 3668, 2229, 1962, 1667, 886, 4840, 3085, 12537, 2590, 4273, 2585, 2208, 2086, 1128, 3333, 2611, 2297, 2364, 3441, 758, 3032, 958, 1064, 2239, 1885, 2438, 1633, 1310, 4353, 4470, 2259, 2212, 2253, 2752, 1364, 1043, 10101, 2343, 3698, 2193, 2007, 1049, 2800, 2718, 2393, 4158, 1682, 3938, 3380, 2293, 6174, 1787, 1917, 2511, 1343, 3907, 3628, 2295, 465, 2998, 2718, 2307, 1558, 1768, 642, 3616, 2811, 1454, 3225, 2435, 4925, 4212, 1754, 3108, 1962, 6681, 2276, 3284, 2534, 1727, 10437, 3692, 2290, 7323, 2237, 1863, 1651, 2427, 1470, 1307, 2386, 3622, 1438, 6564, 2443, 3011, 3413, 2339, 3022)
(3, 14): Mean: 2730.976, median: 2342.0, std: 1789.676, percent: 2531.06, B: 131, W: 119, 
	(3590, 1597, 1821, 12794, 2771, 2227, 1470, 2349, 1148, 2740, 1796, 2183, 1476, 2636, 4790, 1467, 3579, 5361, 2520, 3096, 1961, 1278, 2280, 1375, 2565, 2283, 1286, 3036, 2150, 2341, 3819, 3288, 4812, 1564, 1072, 2434, 1907, 2019, 2969, 2434, 1436, 3239, 1706, 2416, 1737, 3288, 1781, 1165, 10705, 2256, 1010, 2232, 1463, 523, 2036, 6047, 786, 1029, 4080, 3526, 2800, 4345, 4051, 2610, 4065, 5448, 2156, 1202, 808, 2988, 1529, 4959, 3235, 2300, 2552, 2908, 1876, 1320, 1904, 1433, 1753, 1052, 3238, 1549, 2167, 2142, 1830, 786, 1905, 1720, 1597, 1267, 3116, 2186, 6141, 3765, 1468, 1295, 2267, 1353, 2542, 5356, 1432, 3092, 2970, 1926, 937, 535, 2172, 4022, 2841, 1298, 2911, 1635, 1682, 2051, 2330, 2099, 1170, 2875, 4320, 2134, 2367, 1149, 2658, 1980, 2447, 2225, 1591, 2588, 1477, 2626, 2068, 6746, 2540, 2036, 5087, 2417, 3164, 2599, 2759, 6964, 2474, 1588, 3132, 2406, 4803, 2358, 3617, 3562, 1823, 3871, 2041, 2248, 1645, 973, 4606, 3057, 9522, 3090, 4171, 2350, 2215, 2173, 1093, 3807, 3136, 2368, 2343, 3446, 780, 3500, 848, 882, 2865, 2053, 2135, 1691, 1249, 5285, 3677, 1869, 2370, 2175, 3200, 1234, 1122, 11668, 2691, 3362, 2357, 1891, 1092, 2689, 3019, 2620, 4143, 1577, 3933, 3580, 2320, 5320, 2026, 1929, 2832, 1303, 3137, 3355, 2310, 459, 3058, 2532, 2546, 1495, 1701, 769, 3413, 2731, 1464, 3492, 2351, 4474, 4058, 1665, 3126, 1983, 8167, 1980, 3458, 2448, 1789, 13028, 3608, 2015, 7992, 2015, 1724, 1621, 2324, 1413, 1289, 2246, 3330, 1373, 5846, 3027, 3591, 3865, 2377, 3245)
(4, 16): Mean: 2686.852, median: 2306.5, std: 1794.756, percent: 2517.6, B: 134, W: 115, 
	(3530, 1591, 1701, 14861, 3843, 2279, 1458, 2439, 1166, 3067, 1798, 2293, 1306, 2710, 4385, 1487, 3619, 4064, 2451, 3318, 2165, 1088, 2229, 1464, 2746, 1946, 1361, 2787, 2331, 2192, 3665, 2548, 4230, 1412, 1153, 2481, 1910, 2263, 2554, 2071, 1402, 3019, 1768, 2678, 1482, 3911, 1714, 1352, 11279, 2109, 1192, 2084, 1517, 538, 2176, 7922, 758, 944, 3588, 3126, 3000, 4491, 3469, 2488, 3273, 6204, 2030, 1163, 682, 2843, 1509, 4538, 2981, 2316, 2152, 2568, 1795, 1261, 1995, 1682, 1567, 1043, 3215, 1678, 2200, 2057, 1465, 861, 1656, 1504, 1549, 958, 2794, 2437, 6439, 3869, 1417, 1370, 2208, 947, 2534, 4322, 1782, 3406, 2872, 2007, 1013, 421, 2386, 4113, 3193, 1523, 3116, 1398, 1514, 2297, 2505, 1896, 1262, 2916, 4195, 2014, 2673, 1085, 2614, 1851, 3039, 2276, 1538, 2411, 1304, 2750, 1999, 6811, 2615, 1680, 4434, 2336, 3076, 2948, 2715, 6460, 2585, 1588, 3003, 3028, 4571, 2193, 4037, 3114, 2043, 4091, 2122, 2449, 1716, 888, 4311, 3127, 11030, 2204, 4214, 2340, 2076, 1996, 1078, 3619, 2698, 2579, 2268, 3551, 798, 3027, 946, 929, 2213, 1768, 2323, 1562, 1489, 4523, 3785, 1729, 2057, 2150, 2984, 1344, 1195, 12225, 2367, 2891, 2668, 1662, 957, 3049, 3198, 2361, 4710, 1593, 3608, 3245, 2214, 6063, 1850, 2073, 2484, 1276, 3189, 3785, 2327, 377, 3113, 2617, 2180, 1428, 1507, 836, 3356, 2868, 1387, 3147, 2052, 4325, 3007, 1953, 3058, 2055, 7266, 2139, 3089, 2870, 1718, 9137, 3952, 2022, 6394, 2170, 1859, 1686, 2158, 1296, 1358, 2437, 3794, 1438, 5742, 2373, 3325, 3245, 2865, 3483)
(7, 31): Mean: 2568.604, median: 2253.5, std: 1633.66, percent: 2367.52, B: 170, W: 79, 
	(3502, 1306, 1662, 11504, 2849, 2069, 1449, 2369, 1173, 2615, 1870, 2058, 1280, 2062, 4180, 1368, 3544, 4413, 2362, 3310, 1889, 1092, 2870, 1437, 1986, 2316, 1294, 2453, 1767, 2267, 3711, 3077, 4313, 1391, 1205, 2883, 1890, 2241, 2394, 2429, 1249, 2843, 1634, 2433, 1866, 3158, 1684, 1148, 9561, 2049, 1033, 1987, 1549, 461, 2120, 7244, 821, 850, 3804, 3042, 2996, 5006, 2957, 2295, 2994, 5297, 2123, 1098, 638, 2795, 1603, 4585, 2753, 2272, 2171, 2520, 1519, 1473, 2257, 1319, 1852, 1009, 3439, 1657, 1770, 1992, 1298, 691, 1655, 1526, 1760, 1046, 2752, 2249, 5739, 3253, 1358, 1333, 2478, 1041, 2607, 3991, 1764, 3185, 2741, 1910, 1082, 539, 2218, 3529, 3074, 1275, 2695, 1475, 1413, 1700, 2587, 1976, 1262, 2708, 4821, 2259, 2030, 1036, 2668, 1842, 2371, 1971, 1460, 2360, 1415, 2589, 1955, 6923, 2470, 1820, 4447, 2243, 3265, 2511, 2709, 6938, 2514, 1608, 2701, 2503, 5306, 2103, 3933, 2893, 1844, 3336, 2025, 2250, 1540, 782, 4908, 3040, 10482, 2429, 4299, 2447, 1909, 1888, 1021, 3005, 2863, 2443, 2007, 3608, 729, 2865, 918, 824, 2284, 1797, 2270, 1600, 1249, 3902, 3630, 1925, 2103, 1922, 3359, 1176, 1113, 8946, 1927, 3121, 2293, 1664, 1049, 3117, 3167, 2248, 4135, 1421, 3120, 3171, 1997, 5012, 1760, 1737, 2535, 1254, 3071, 3390, 3050, 395, 2728, 2593, 2289, 1378, 1528, 755, 3120, 2379, 1212, 3082, 2081, 3828, 4036, 1623, 2965, 1941, 6958, 2112, 2830, 2774, 1801, 10994, 3891, 1932, 7471, 1833, 1680, 1509, 2194, 1338, 1306, 2275, 3499, 1493, 5331, 2526, 2879, 3336, 2260, 2669)
(8, 34): Mean: 2569.328, median: 2213.5, std: 1669.178, percent: 2448.98, B: 125, W: 125, 
	(3704, 1503, 1706, 13192, 2751, 2159, 1495, 2102, 1271, 2881, 1864, 2017, 1412, 2251, 3290, 1369, 4033, 3792, 2689, 3213, 1711, 1201, 2462, 1287, 2324, 2187, 1385, 2435, 2014, 2272, 3909, 2789, 3953, 1413, 1231, 2489, 1887, 2365, 2591, 2550, 1237, 2995, 1635, 2633, 1425, 3145, 1644, 1273, 9988, 1964, 1072, 2053, 1572, 442, 1961, 5637, 818, 800, 3911, 2798, 2900, 5061, 3041, 2201, 2912, 5401, 2346, 1109, 610, 2950, 1429, 4150, 2618, 2205, 2240, 2620, 1785, 1331, 2170, 1542, 1752, 972, 2990, 1549, 1877, 1993, 1424, 826, 1586, 1510, 1693, 858, 2757, 2480, 5074, 3711, 1399, 1251, 2188, 923, 2642, 4391, 1530, 3634, 2865, 1822, 943, 558, 2313, 3411, 3180, 1120, 2526, 1486, 1372, 2059, 2508, 2110, 1286, 2696, 4711, 2028, 2032, 785, 2491, 1881, 2680, 1939, 1475, 2458, 1424, 2567, 1938, 6535, 2316, 1992, 4182, 2206, 2783, 2498, 2673, 6594, 2216, 1634, 2501, 2782, 5528, 2082, 4054, 2661, 1719, 3795, 2141, 2480, 1585, 865, 4236, 3231, 10094, 2479, 3938, 2413, 1872, 2050, 1067, 3679, 2706, 2226, 2122, 3192, 716, 2719, 1057, 884, 1975, 1915, 2144, 1722, 1285, 4291, 3518, 2110, 2198, 1948, 3279, 1153, 1146, 12418, 2413, 3348, 2496, 1943, 1043, 3512, 2738, 2428, 4150, 1534, 3187, 2774, 2227, 6785, 1962, 1641, 2460, 1153, 2694, 3539, 2264, 496, 2687, 2472, 2474, 1316, 1607, 648, 3473, 2601, 1385, 2820, 2158, 3488, 3474, 1737, 3571, 1811, 6373, 1891, 3099, 2616, 1791, 8936, 3539, 1957, 6906, 2094, 1954, 1468, 2091, 1426, 1201, 2092, 3182, 1462, 4669, 2374, 3793, 3420, 2211, 3226)
(9, 36): Mean: 2529.86, median: 2182.0, std: 1527.511, percent: 2471.6, B: 132, W: 118, 
	(3992, 1349, 1635, 11818, 3039, 2231, 1392, 1841, 1167, 2672, 1810, 1903, 1273, 2169, 3946, 1318, 4068, 4164, 2535, 3129, 1913, 1147, 2243, 1352, 2366, 2153, 1325, 2523, 2078, 2290, 3819, 3062, 4350, 1463, 1070, 2583, 1693, 2115, 2626, 2442, 1402, 3117, 1637, 2207, 1700, 3124, 1711, 1246, 8865, 2158, 1161, 2230, 1676, 479, 1991, 5204, 847, 939, 4632, 2844, 2601, 3887, 3306, 2091, 3968, 5285, 2141, 1087, 699, 2764, 1536, 4372, 2830, 2197, 1954, 2447, 1453, 1379, 2143, 1601, 1720, 1089, 2950, 1468, 2064, 1852, 1472, 717, 1559, 1582, 1624, 980, 2510, 2278, 5007, 3241, 1379, 1347, 2616, 904, 2387, 3291, 1604, 3686, 2676, 1932, 962, 631, 2180, 3588, 2773, 1168, 2480, 1294, 1550, 2040, 2341, 2042, 1171, 2525, 5206, 1844, 2234, 899, 2519, 1864, 2460, 2297, 1269, 2407, 1317, 2621, 2001, 6556, 2181, 1988, 4617, 2183, 3068, 2389, 2497, 6121, 2594, 1575, 2682, 2500, 4949, 2148, 4390, 2994, 2085, 4002, 1931, 2197, 1725, 852, 4617, 3244, 9066, 2208, 4161, 2635, 1902, 1794, 1023, 3585, 3178, 2253, 2170, 2881, 690, 2995, 891, 912, 2395, 1752, 2173, 1615, 1212, 4235, 3915, 1894, 2065, 2423, 2692, 1299, 1035, 9333, 2073, 3611, 2268, 1912, 963, 2969, 2527, 2151, 4299, 1537, 3660, 3326, 1938, 6097, 1835, 1859, 2677, 1290, 2724, 2838, 2481, 393, 3170, 2592, 2122, 1477, 1666, 862, 3028, 2575, 1368, 2920, 2073, 4051, 3703, 1809, 2718, 1864, 6225, 1915, 2828, 2684, 1669, 9546, 3243, 1850, 5808, 1962, 1780, 1492, 2188, 1267, 1437, 1953, 3725, 1491, 4955, 2532, 3213, 3141, 2181, 2894)
(10, 39): Mean: 2531.288, median: 2206.5, std: 1582.961, percent: 2422.68, B: 132, W: 116, 
	(3162, 1274, 1532, 12604, 3336, 2035, 1413, 2188, 1182, 2548, 1896, 1986, 1283, 2357, 4168, 1261, 3544, 4458, 2328, 3531, 1888, 1025, 2130, 1413, 2106, 2084, 1432, 2494, 2208, 2385, 4001, 2988, 3665, 1414, 1002, 2450, 1763, 2246, 2730, 2711, 1350, 3264, 1756, 2276, 1344, 3068, 1567, 1142, 9906, 1808, 1104, 2098, 1606, 400, 1871, 5306, 941, 939, 4307, 2781, 2705, 4096, 3516, 2443, 3458, 6070, 2160, 1120, 615, 2469, 1570, 4580, 2586, 2234, 2311, 2440, 1745, 1218, 1992, 1409, 1572, 1100, 3220, 1453, 1782, 1968, 1234, 781, 1483, 1671, 1512, 1339, 2701, 2205, 4837, 3094, 1330, 1279, 2390, 865, 2282, 3997, 1393, 2980, 2600, 1913, 1021, 620, 2134, 3747, 3106, 1400, 2542, 1442, 1366, 1425, 2795, 1992, 1255, 2408, 4973, 2236, 2474, 956, 2746, 1844, 2506, 1918, 1393, 2610, 1200, 2561, 2240, 6566, 2161, 1609, 4491, 2198, 2897, 2570, 2800, 6387, 2834, 1539, 2471, 2387, 4397, 2457, 3231, 2930, 1988, 3995, 2025, 2285, 1736, 798, 4011, 2856, 7217, 2194, 4016, 2323, 2062, 1995, 1095, 3148, 2798, 2317, 2112, 3395, 828, 2829, 1092, 882, 2202, 1767, 2531, 1526, 1216, 4116, 3577, 2018, 1926, 2168, 3116, 1300, 1089, 10989, 1996, 2798, 2478, 1792, 1035, 3016, 2494, 2466, 4250, 1375, 3448, 3265, 1938, 5804, 1712, 1688, 2314, 1190, 3070, 3342, 2407, 376, 2913, 2165, 2193, 1262, 1627, 833, 3975, 2508, 1287, 3139, 1991, 4137, 3559, 1828, 3250, 1985, 6948, 2203, 2914, 2721, 1686, 9011, 3698, 1820, 7333, 2058, 1722, 1575, 2409, 1226, 1311, 2051, 3676, 1509, 5054, 2288, 2861, 3570, 2498, 2628)
(11, 40): Mean: 2321.544, median: 1983.0, std: 1560.311, percent: 2176.68, B: 201, W: 49, 
	(3341, 1181, 1605, 14836, 2719, 1888, 1128, 1922, 935, 2613, 1579, 1874, 1109, 2136, 3397, 1241, 3361, 3483, 2317, 3974, 1625, 979, 2168, 1309, 2135, 1838, 1107, 2422, 1847, 1794, 3557, 2821, 3819, 1285, 1133, 2489, 1613, 1713, 2360, 1962, 1151, 2536, 1474, 2067, 1365, 2960, 1614, 1058, 7427, 1789, 892, 2017, 1338, 398, 1680, 4742, 764, 780, 3752, 2353, 2274, 3822, 3187, 2190, 3017, 4394, 1934, 1015, 618, 2396, 1365, 3746, 2692, 2045, 1734, 2093, 1412, 1066, 1833, 1212, 1419, 1057, 3163, 1329, 1685, 1499, 1372, 659, 1535, 1412, 1492, 769, 2547, 1938, 5618, 2902, 1244, 1090, 2233, 810, 2067, 4260, 1440, 2670, 2314, 1589, 773, 353, 2250, 3148, 2892, 1022, 2461, 1359, 1049, 1521, 1927, 1878, 1060, 2378, 3613, 1859, 2265, 618, 2397, 1602, 2295, 1867, 1335, 2138, 1222, 2293, 1656, 6789, 2228, 1707, 4938, 1741, 2710, 2065, 2274, 7245, 2488, 1403, 2367, 2514, 4089, 2289, 3390, 2630, 1791, 3513, 1983, 2248, 1790, 858, 3759, 2930, 8102, 1983, 3493, 2038, 1655, 1924, 940, 3332, 2766, 2303, 2054, 2760, 659, 2527, 798, 771, 1846, 1550, 1781, 1235, 893, 3582, 3791, 1685, 1994, 1939, 2615, 1052, 982, 7639, 2604, 2825, 1983, 1703, 978, 2591, 2484, 2260, 3489, 1343, 3256, 2427, 1536, 7359, 1682, 1482, 2231, 1032, 2633, 2797, 1821, 364, 2938, 2207, 1990, 1081, 1677, 615, 2984, 2376, 1132, 2956, 1873, 3615, 4196, 1476, 2850, 1862, 5872, 1841, 2733, 2263, 1484, 8125, 2933, 1854, 7376, 2027, 1588, 1455, 1966, 1180, 1369, 1979, 3198, 1152, 5160, 2301, 2828, 2792, 2393, 3220)
(13, 50): Mean: 2295.148, median: 1967.0, std: 1479.222, percent: 2127.92, B: 128, W: 121, 
	(3072, 1237, 1516, 11529, 3410, 1940, 1329, 1794, 1003, 2302, 1605, 1735, 1165, 2366, 3835, 1213, 2984, 4013, 1988, 3035, 1688, 867, 2398, 1186, 2376, 1847, 1057, 2613, 1844, 1715, 2973, 2345, 3955, 1289, 992, 2111, 1510, 2121, 2250, 2534, 1125, 3061, 1538, 2338, 1059, 3199, 1670, 1057, 8089, 2165, 889, 1792, 1387, 405, 1732, 5712, 710, 711, 4044, 2716, 2278, 3849, 2957, 2277, 3066, 4516, 1857, 927, 532, 2601, 1340, 3844, 2500, 1803, 1921, 2108, 1491, 1148, 1813, 1194, 1494, 1039, 3207, 1358, 1681, 1811, 1299, 604, 1459, 1459, 1497, 989, 2569, 2145, 3969, 3120, 1141, 1172, 2140, 935, 2074, 4133, 1346, 2856, 2041, 1807, 905, 497, 2242, 2988, 2808, 1082, 2301, 1368, 1086, 1566, 2064, 1929, 950, 2225, 3687, 1805, 2656, 785, 2283, 1669, 2189, 1610, 1173, 2231, 1369, 2530, 1783, 8353, 2046, 1663, 3700, 2008, 2611, 2188, 2479, 6055, 2137, 1279, 2395, 2137, 4450, 2134, 3961, 2404, 1607, 3090, 1805, 1934, 1563, 807, 3582, 2917, 7969, 1968, 3556, 2326, 1549, 1658, 909, 3339, 2942, 1938, 1969, 3389, 690, 2772, 840, 750, 2208, 1564, 1935, 1334, 1103, 3371, 3039, 1727, 1665, 2018, 2768, 1085, 952, 7850, 1966, 2719, 1901, 1663, 916, 2516, 2577, 1880, 3463, 1262, 3045, 2463, 1525, 5053, 1632, 1680, 2407, 1026, 2800, 3163, 2118, 344, 2942, 2301, 2015, 1283, 1512, 482, 3084, 2178, 1218, 2813, 1761, 4048, 3769, 1689, 2673, 1791, 5609, 1649, 2505, 2401, 1488, 9603, 3063, 1668, 7502, 1812, 1587, 1254, 1966, 1097, 1212, 1931, 3144, 1065, 5029, 2503, 2694, 2830, 1884, 2836)
(16, 68): Mean: 2297.04, median: 1947.5, std: 1567.657, percent: 2136.94, B: 131, W: 118, 
	(3093, 1431, 1565, 13012, 2771, 1967, 1174, 2045, 958, 2456, 1559, 1696, 1247, 1976, 3878, 1292, 3351, 3549, 2097, 2983, 2003, 901, 2393, 1214, 2096, 1840, 1002, 2376, 1802, 1749, 3395, 2831, 4167, 1319, 1016, 2125, 1651, 1909, 2209, 2220, 1113, 3057, 1427, 2571, 1123, 2894, 1568, 1039, 7694, 1723, 981, 1855, 1367, 402, 1720, 5848, 782, 672, 3535, 2438, 2154, 4085, 3139, 2145, 2688, 4591, 1894, 1127, 579, 2536, 1521, 4492, 2440, 1987, 1793, 2096, 1255, 1171, 1764, 1263, 1346, 1007, 2705, 1294, 1714, 1465, 1204, 776, 1362, 1516, 1422, 766, 2402, 1983, 4439, 2972, 1070, 1118, 2028, 1062, 2158, 3932, 1357, 2496, 2297, 1630, 759, 512, 1835, 4253, 3176, 1189, 2580, 1330, 1213, 1656, 2058, 1899, 995, 2255, 4515, 1903, 2119, 661, 2336, 1680, 2614, 1689, 1397, 2259, 1269, 2217, 1768, 7195, 2093, 1770, 3885, 1917, 2417, 2349, 2384, 6113, 2252, 1509, 2377, 2268, 3672, 2164, 3432, 2675, 1463, 3150, 1801, 2039, 1468, 782, 4014, 3438, 10583, 2057, 3329, 2267, 1548, 1543, 870, 3057, 2383, 2075, 1836, 2962, 638, 2583, 742, 975, 1898, 1552, 1648, 1360, 940, 3357, 3350, 1567, 1697, 1967, 2725, 984, 955, 9736, 2342, 2727, 1910, 1440, 900, 2596, 2694, 1880, 3810, 1303, 3162, 2982, 1877, 5366, 1655, 1537, 2225, 1036, 2788, 3444, 1783, 357, 2620, 2175, 1853, 1218, 1446, 502, 2921, 2206, 1137, 2945, 1928, 3971, 2998, 1555, 2647, 1790, 5269, 1529, 2690, 2371, 1499, 9386, 3093, 1801, 6529, 1814, 1652, 1305, 2043, 1165, 1117, 1828, 2946, 1105, 4854, 2119, 2908, 2710, 1864, 2621)
(17, 70): Mean: 2174.012, median: 1858.5, std: 1402.995, percent: 2057.2, B: 167, W: 82, 
	(3196, 1218, 1477, 9560, 2618, 1918, 1097, 1730, 1011, 2365, 1599, 1993, 1096, 1888, 3375, 1144, 2735, 3683, 1688, 2603, 1436, 1001, 1967, 1171, 2129, 1758, 1006, 2365, 1588, 1670, 3514, 2430, 3434, 1133, 840, 2095, 1536, 1641, 2170, 1910, 1125, 2817, 1379, 2086, 1325, 2929, 1300, 1083, 6829, 1766, 845, 1962, 1238, 413, 1584, 4785, 648, 738, 3082, 2890, 2351, 3561, 2881, 2004, 3355, 4235, 1846, 1005, 482, 2178, 1137, 3578, 2758, 1902, 1903, 2090, 1367, 1155, 1666, 1199, 1395, 940, 2740, 1302, 1497, 1629, 1366, 653, 1355, 1503, 1237, 848, 2381, 1960, 5430, 3015, 1054, 1073, 1674, 930, 2099, 4034, 1339, 2661, 2187, 1556, 761, 428, 1643, 3289, 2518, 1183, 2269, 1407, 1101, 1823, 1865, 1794, 1074, 2203, 3829, 1656, 2122, 864, 2089, 1491, 2269, 1515, 1256, 1916, 1212, 2316, 1660, 5620, 1852, 1445, 4044, 1850, 2282, 2102, 2189, 5375, 2373, 1327, 2330, 2567, 3576, 1981, 2804, 2539, 1468, 3428, 1756, 1874, 1466, 749, 3748, 2768, 8689, 1830, 2825, 2217, 1683, 1657, 980, 2861, 2345, 2075, 1872, 3032, 803, 2960, 791, 727, 1925, 1575, 1739, 1377, 934, 3830, 3796, 1510, 1674, 1820, 2085, 1038, 841, 10415, 1762, 3241, 1805, 1513, 781, 2467, 2473, 2024, 3432, 1363, 3264, 2588, 1704, 4789, 1556, 1522, 2184, 908, 2483, 2708, 2081, 356, 2219, 2202, 1815, 1182, 1369, 594, 2427, 2134, 1111, 2718, 1660, 3240, 3413, 1327, 2682, 1988, 6707, 1680, 2334, 2059, 1262, 8384, 2829, 1678, 7245, 1708, 1563, 1401, 1801, 1185, 1078, 1836, 2971, 1153, 4171, 1996, 2738, 3115, 1941, 2488)
(18, 71): Mean: 2137.292, median: 1866.5, std: 1345.465, percent: 2026.2, B: 140, W: 110, 
	(3127, 1221, 1398, 9707, 2609, 1956, 1009, 1695, 920, 2227, 1442, 1761, 1004, 2016, 3024, 1227, 3034, 4142, 2205, 2939, 1350, 854, 2053, 1059, 2194, 1721, 964, 2577, 1923, 1729, 2894, 2614, 3756, 1361, 965, 2003, 1437, 1590, 2076, 1844, 959, 2663, 1423, 2120, 1076, 2889, 1409, 943, 7438, 1809, 765, 1818, 1256, 445, 1644, 5021, 672, 723, 3100, 2721, 2036, 3442, 2641, 2057, 3295, 4071, 1793, 949, 595, 2128, 1144, 3467, 2038, 1739, 1722, 1982, 1333, 988, 1724, 1305, 1425, 832, 2912, 1168, 1421, 1449, 1270, 581, 1364, 1376, 1344, 779, 2392, 2155, 4323, 2920, 1053, 1065, 1862, 684, 2015, 3539, 1228, 2470, 2184, 1585, 784, 416, 1847, 3180, 2683, 948, 2224, 1165, 1066, 1531, 1880, 1684, 968, 2649, 3542, 1951, 2150, 783, 2356, 1408, 2641, 1425, 1165, 2053, 1242, 2466, 1506, 6605, 2209, 1597, 4699, 1858, 2563, 2124, 2367, 5724, 2227, 1335, 2201, 2264, 3707, 1745, 3398, 2204, 1674, 3234, 1870, 1863, 1345, 793, 3930, 3183, 7662, 1871, 3236, 2076, 1739, 1696, 809, 2646, 2521, 1964, 1785, 3034, 694, 2719, 725, 685, 2057, 1535, 1798, 1323, 832, 3461, 3681, 1416, 1792, 1859, 2671, 947, 795, 8284, 1815, 2563, 1881, 1250, 854, 2132, 2163, 2034, 3123, 1260, 3006, 2709, 1753, 4276, 1582, 1507, 2608, 954, 2516, 2785, 1683, 358, 2470, 2025, 1624, 1029, 1519, 587, 2471, 2051, 1073, 2791, 1648, 3663, 3511, 1290, 2578, 1972, 6251, 1515, 2214, 2109, 1438, 8578, 2985, 1551, 5322, 1639, 1359, 1248, 1900, 1158, 1036, 1961, 2417, 1125, 4625, 2048, 2402, 2549, 2084, 2584)
(19, 77): Mean: 2038.596, median: 1721.5, std: 1322.863, percent: 1934.5, B: 176, W: 73, 
	(2766, 1088, 1490, 11398, 2775, 1715, 1089, 1705, 796, 2196, 1508, 1570, 981, 1875, 3051, 1152, 2796, 3356, 2021, 2541, 2009, 900, 1881, 1135, 1972, 1599, 955, 2679, 1687, 1623, 2988, 2417, 3880, 1036, 914, 1956, 1339, 1601, 1986, 1533, 912, 2521, 1301, 1702, 879, 2556, 1284, 918, 7282, 1587, 896, 1710, 1245, 390, 1545, 4888, 636, 728, 3109, 2702, 2005, 3442, 2526, 1831, 3099, 5219, 1618, 924, 523, 2317, 1111, 3451, 2180, 1788, 1702, 1795, 1181, 999, 1619, 1124, 1101, 876, 2742, 1118, 1362, 1292, 1145, 557, 1407, 1278, 1282, 701, 2391, 2208, 4466, 2848, 1017, 998, 2014, 703, 1954, 3657, 1141, 2390, 2164, 1498, 727, 464, 1728, 2804, 2413, 905, 1901, 1162, 1004, 1377, 1676, 1679, 897, 1972, 4286, 1683, 2029, 573, 2364, 1546, 2219, 1577, 1095, 2011, 1126, 2321, 1448, 5549, 1904, 1379, 3207, 1814, 2719, 1898, 2373, 5006, 2286, 1218, 2590, 1892, 3719, 1768, 2833, 2363, 1527, 3013, 1700, 1960, 1284, 728, 3912, 2454, 8109, 1733, 3127, 2128, 1702, 1984, 773, 2341, 2331, 1802, 1499, 2524, 633, 2449, 772, 684, 1861, 1352, 1550, 1200, 849, 3195, 3200, 1511, 1522, 1589, 2352, 872, 770, 8224, 1606, 2344, 1676, 1238, 716, 2562, 1985, 2127, 2909, 1186, 3228, 2529, 1450, 4363, 1433, 1350, 2152, 962, 2548, 2833, 1821, 296, 2063, 1958, 1672, 1040, 1326, 408, 2787, 1938, 1053, 2829, 1556, 4091, 2697, 1180, 2605, 1488, 5119, 1526, 2249, 1910, 1236, 6399, 3057, 1511, 4557, 1683, 1537, 1284, 1770, 1095, 1056, 1586, 2855, 1118, 3816, 2186, 2657, 2921, 1736, 2545)
(20, 81): Mean: 2000.18, median: 1741.5, std: 1282.632, percent: 1896.42, B: 128, W: 122, 
	(2645, 1156, 1283, 9626, 2223, 1770, 985, 1433, 971, 1993, 1420, 1591, 1054, 1889, 3223, 1094, 3021, 2957, 1979, 2433, 1396, 781, 1857, 947, 1978, 1421, 960, 2147, 1596, 1743, 3216, 2420, 3399, 1154, 951, 2132, 1419, 1566, 2155, 1691, 1030, 2759, 1347, 1843, 1342, 2269, 1250, 956, 7388, 1580, 827, 1748, 1172, 318, 1335, 4062, 561, 764, 3269, 2497, 2091, 3873, 2710, 1909, 2890, 4631, 1928, 918, 509, 2186, 1032, 3613, 2346, 1474, 1486, 1770, 1171, 898, 1559, 1021, 1106, 827, 2474, 1103, 1352, 1358, 1131, 587, 1221, 1372, 1264, 741, 2087, 1803, 4916, 2944, 1021, 997, 1679, 760, 1832, 3404, 1209, 2340, 2068, 1395, 767, 411, 1740, 2881, 2257, 978, 2182, 1055, 1075, 1416, 1719, 1724, 911, 2308, 3309, 1539, 1837, 619, 2033, 1309, 2249, 1404, 1048, 1886, 1137, 2102, 1377, 5651, 1763, 1385, 3742, 1620, 2334, 1936, 2228, 4794, 1908, 1291, 1980, 2110, 3525, 1711, 3057, 2207, 1341, 3035, 1775, 1723, 1323, 684, 3308, 2563, 9133, 1898, 2855, 2028, 1343, 1929, 788, 2428, 2308, 1639, 1729, 2722, 643, 2394, 674, 673, 1711, 1415, 1569, 1189, 924, 3337, 3198, 1487, 1590, 1629, 2387, 932, 711, 7447, 1691, 2491, 1869, 1364, 740, 2130, 2177, 1942, 3308, 1174, 2889, 2229, 1420, 4781, 1476, 1366, 2115, 820, 2637, 2471, 1752, 341, 2347, 2026, 1789, 1125, 1450, 449, 2465, 2049, 972, 2659, 1719, 3315, 2792, 1115, 2661, 1509, 5637, 1463, 2522, 2081, 1193, 6673, 3139, 1745, 5177, 1461, 1425, 1204, 1994, 1046, 964, 1684, 2407, 1043, 3900, 2314, 2521, 2421, 1790, 2641)
(21, 85): Mean: 2006.708, median: 1749.5, std: 1236.978, percent: 1923.74, B: 116, W: 132, 
	(3011, 1151, 1514, 9705, 2351, 1904, 1042, 1538, 955, 1981, 1563, 1522, 1049, 2001, 3512, 1097, 3344, 3854, 1885, 2606, 1526, 863, 1775, 1076, 1973, 1474, 897, 1910, 1401, 1625, 2825, 2290, 2865, 1120, 835, 1853, 1409, 1796, 2360, 1738, 1046, 2559, 1371, 2002, 984, 2400, 1329, 919, 6960, 1912, 720, 1670, 1232, 409, 1660, 4586, 673, 745, 3406, 2655, 2132, 3227, 2898, 1970, 2163, 4545, 1853, 895, 495, 2215, 1025, 3964, 2113, 1662, 1710, 1772, 1201, 952, 1760, 1064, 1106, 843, 2787, 1156, 1339, 1363, 1124, 581, 1115, 1297, 1156, 779, 2330, 1722, 3986, 2667, 995, 1018, 1980, 805, 1866, 3342, 1146, 2180, 1930, 1457, 767, 472, 1661, 3385, 2657, 998, 2040, 1014, 1150, 1740, 1707, 1719, 1013, 1910, 3412, 1726, 1785, 683, 2102, 1538, 2443, 1558, 1141, 1895, 1083, 1925, 1599, 5407, 2174, 1384, 3639, 1654, 2087, 1868, 2369, 4203, 2101, 1559, 2347, 2045, 3552, 1690, 2861, 2281, 1370, 3037, 1541, 1797, 1281, 662, 3663, 2746, 7656, 1787, 3033, 1911, 1482, 1412, 878, 2407, 2169, 1674, 1847, 2684, 671, 2212, 770, 741, 1671, 1492, 1542, 1266, 838, 2887, 2514, 1433, 1551, 1580, 2639, 834, 709, 6900, 1683, 2805, 1751, 1622, 704, 2053, 2380, 1803, 2877, 1178, 2608, 2086, 1810, 3924, 1504, 1456, 2271, 890, 2795, 3210, 1608, 334, 2314, 1960, 1748, 1017, 1401, 530, 2524, 2000, 1058, 2898, 1798, 3481, 2878, 1320, 2770, 1558, 6058, 1458, 2590, 2257, 1191, 7589, 2598, 1621, 4743, 1417, 1451, 1185, 1846, 1145, 1021, 1839, 2515, 1050, 4005, 1867, 2653, 3109, 1654, 2457)
(23, 92): Mean: 1991.272, median: 1722.5, std: 1258.992, percent: 1890.5, B: 139, W: 110, 
	(2857, 1144, 1424, 10478, 2392, 1605, 907, 1617, 755, 1880, 1426, 1636, 993, 1848, 2875, 1077, 3103, 3917, 1932, 3202, 1487, 823, 1860, 878, 1764, 1687, 999, 2321, 1586, 1554, 3222, 2601, 3086, 1123, 876, 2348, 1361, 1708, 2101, 1761, 917, 2482, 1381, 1727, 996, 2796, 1361, 1003, 5579, 1744, 785, 1651, 1195, 367, 1559, 4716, 540, 654, 3502, 2446, 2086, 3512, 2763, 1934, 2221, 4573, 1860, 934, 566, 2039, 1069, 2913, 2327, 1719, 1406, 1911, 1157, 1004, 1789, 1049, 1245, 944, 2505, 1050, 1361, 1314, 1043, 568, 1227, 1421, 1238, 759, 2153, 1939, 4563, 2778, 1004, 1102, 1860, 757, 1735, 3100, 1165, 2667, 1838, 1512, 772, 442, 1708, 2818, 2373, 941, 1865, 1042, 1103, 1854, 1601, 1633, 905, 1857, 4210, 1755, 1726, 677, 1896, 1592, 2323, 1257, 1075, 1716, 1086, 2297, 1589, 6126, 1909, 1324, 3757, 1536, 2322, 1953, 2346, 4381, 2474, 1380, 2711, 2124, 2995, 1541, 3079, 2337, 1540, 2956, 1806, 1705, 1101, 627, 3408, 2602, 7794, 1835, 3083, 1990, 1327, 1575, 789, 2638, 2221, 1828, 1666, 2405, 637, 2252, 650, 634, 1861, 1462, 1627, 1164, 827, 3039, 3488, 1432, 1709, 1828, 2580, 995, 842, 6523, 1581, 2669, 1682, 1406, 726, 2015, 2277, 1847, 3114, 1222, 2479, 2324, 1528, 4280, 1342, 1506, 2401, 814, 2308, 2700, 1488, 312, 2104, 2139, 1574, 1016, 1361, 530, 2317, 1960, 974, 2675, 1744, 3232, 2777, 1096, 2610, 1452, 4835, 1465, 2498, 1940, 1192, 7761, 2654, 1503, 5314, 1669, 1448, 1109, 1660, 1059, 964, 1546, 2171, 983, 4978, 1938, 3074, 2310, 1779, 2237)
(24, 96): Mean: 1999.824, median: 1711.0, std: 1372.112, percent: 1840.34, B: 129, W: 121, 
	(2621, 1157, 1233, 13722, 2268, 1694, 1001, 1496, 834, 2137, 1457, 1809, 1024, 1684, 2945, 1111, 2625, 3288, 1721, 2648, 1326, 838, 1977, 1019, 2013, 1630, 1054, 2198, 1560, 1709, 3051, 2296, 2740, 1113, 875, 1941, 1443, 1435, 2409, 1826, 1061, 2372, 1526, 1713, 1333, 2573, 1389, 933, 6255, 1610, 842, 1697, 1197, 373, 1555, 4663, 578, 743, 2648, 2168, 1988, 3285, 2520, 1839, 2804, 4561, 1816, 916, 622, 2118, 1051, 3406, 2275, 1495, 1355, 2236, 1179, 993, 1786, 1039, 1122, 851, 2471, 1114, 1344, 1348, 1051, 596, 1220, 1391, 1221, 665, 2330, 1863, 5256, 2327, 1018, 1145, 1780, 804, 1830, 3227, 1231, 2332, 2087, 1429, 803, 334, 1702, 2863, 2828, 973, 2105, 1110, 1017, 1421, 1853, 1664, 867, 2168, 3711, 1644, 1916, 648, 1722, 1324, 2087, 1284, 1031, 1678, 1052, 2028, 1405, 5126, 1860, 1379, 3664, 1558, 2113, 2044, 2325, 4906, 2224, 1285, 2225, 2229, 3467, 1694, 3396, 1964, 1337, 2491, 1546, 1886, 1458, 635, 3554, 2582, 7836, 1698, 2941, 1958, 1591, 1324, 758, 2426, 2190, 1596, 1566, 2272, 596, 2285, 758, 631, 1757, 1464, 1543, 1144, 1036, 2894, 2635, 1619, 1405, 1687, 2527, 849, 798, 6793, 1838, 2414, 1930, 1431, 705, 2312, 1897, 1844, 3444, 1181, 2732, 2371, 1421, 4045, 1384, 1411, 2246, 827, 2619, 2472, 1596, 321, 2154, 2467, 1644, 1117, 1285, 419, 2388, 2035, 1017, 2778, 1754, 3329, 3139, 1118, 2631, 1600, 6416, 1576, 2452, 1907, 1347, 8113, 2622, 1813, 5296, 1641, 1429, 1402, 1874, 1185, 935, 1745, 2487, 1024, 4464, 1798, 2652, 2764, 1796, 2645)
(25, 100): Mean: 1970.984, median: 1680.0, std: 1205.917, percent: 1869.42, B: 134, W: 115, 
	(2482, 1044, 1514, 8767, 2276, 1641, 943, 1442, 916, 2216, 1314, 1630, 984, 1683, 2971, 1033, 3005, 3648, 1984, 2364, 1423, 823, 1909, 1094, 1969, 1673, 918, 2144, 1490, 1600, 2930, 2509, 3362, 1273, 875, 2030, 1257, 1651, 1930, 1750, 910, 2487, 1385, 1874, 1053, 2395, 1257, 1001, 7000, 1826, 843, 1613, 1058, 433, 1550, 4476, 588, 654, 3065, 2544, 1971, 3422, 3024, 1795, 2381, 3709, 1643, 980, 561, 2298, 962, 3055, 2209, 1654, 1595, 1802, 1225, 1041, 1925, 1057, 1309, 874, 2615, 1158, 1312, 1248, 1044, 491, 1203, 1230, 1210, 848, 2186, 1821, 4203, 2857, 1005, 1023, 1720, 890, 1837, 3165, 1224, 2212, 2083, 1509, 790, 398, 1639, 3195, 2522, 950, 2052, 1182, 1069, 1575, 1637, 1485, 905, 1951, 3118, 1787, 1986, 638, 1900, 1543, 2240, 1478, 1057, 1878, 1109, 2241, 1499, 4748, 2140, 1407, 4052, 1702, 2439, 1926, 2379, 4541, 2445, 1220, 2099, 2145, 3220, 1514, 2730, 1859, 1489, 2712, 1650, 1849, 1409, 624, 3934, 2307, 7185, 1782, 2837, 1905, 1530, 1428, 826, 2238, 2313, 1661, 1717, 2409, 619, 2361, 697, 659, 1771, 1227, 1607, 1094, 850, 3300, 3069, 1437, 1579, 1520, 2640, 900, 687, 6889, 1777, 2696, 1648, 1385, 650, 2155, 2184, 1801, 2757, 1211, 2557, 2586, 1528, 4417, 1415, 1320, 2187, 957, 2716, 2528, 1571, 305, 2067, 1908, 1465, 1043, 1316, 496, 2341, 2130, 1008, 3077, 1603, 3571, 2946, 1245, 2978, 1495, 6166, 1553, 2032, 2043, 1304, 7694, 2995, 1677, 5176, 1708, 1601, 1165, 1861, 1119, 966, 1542, 2430, 978, 4244, 1935, 2673, 2676, 1666, 2336)
(26, 105): Mean: 1981.148, median: 1711.0, std: 1245.687, percent: 1843.84, B: 112, W: 137, 
	(2548, 1166, 1260, 10728, 2280, 1733, 1006, 1538, 865, 2152, 1463, 1625, 1015, 1805, 3227, 1045, 2652, 3434, 2022, 2671, 1477, 781, 2045, 1073, 2047, 1657, 1119, 1964, 1549, 1811, 3529, 2269, 2462, 1165, 968, 2322, 1403, 1687, 1999, 1671, 933, 2481, 1373, 2075, 1075, 2404, 1296, 983, 5996, 1809, 850, 1662, 1099, 420, 1556, 4605, 607, 617, 3177, 2632, 2068, 3904, 2926, 1938, 2551, 4812, 1765, 914, 470, 2201, 968, 3618, 2105, 1577, 1566, 1993, 1114, 1011, 1816, 963, 1118, 891, 2381, 1149, 1329, 1371, 1219, 563, 1229, 1333, 1199, 794, 2085, 1884, 4411, 2514, 1010, 1018, 1725, 706, 1798, 3184, 1181, 2306, 2148, 1654, 808, 367, 1807, 3020, 2232, 879, 2122, 1054, 1177, 1567, 1734, 1640, 936, 2153, 3694, 1579, 2004, 731, 1828, 1402, 2061, 1593, 1088, 1720, 1115, 2060, 1556, 5188, 1872, 1336, 3959, 1702, 2454, 1843, 2402, 3755, 2311, 1298, 2461, 1921, 3791, 1578, 2738, 2229, 1472, 2849, 1487, 1950, 1139, 654, 3237, 2379, 7893, 1695, 2685, 1942, 1381, 1436, 835, 2769, 2128, 1665, 1556, 2567, 646, 2138, 754, 712, 1813, 1470, 1556, 1272, 927, 3005, 2761, 1351, 1508, 1788, 2670, 836, 813, 7316, 1650, 2659, 1686, 1446, 692, 2331, 2164, 1882, 3008, 1273, 2832, 2493, 1420, 3927, 1376, 1293, 2215, 874, 2644, 2419, 1644, 358, 1911, 1916, 1695, 1038, 1391, 438, 2242, 1967, 1150, 2951, 1663, 3408, 2659, 1218, 2656, 1582, 5649, 1534, 2325, 2151, 1169, 7125, 2771, 1546, 5215, 1633, 1393, 1212, 1763, 1030, 986, 1568, 2460, 1004, 3820, 1885, 2743, 2339, 2115, 2497)
(27, 111): Mean: 1940.532, median: 1705.5, std: 1139.354, percent: 1825.16, B: 136, W: 112, 
	(2539, 1124, 1369, 7586, 2422, 1653, 993, 1542, 828, 1857, 1451, 1763, 1052, 1749, 3181, 1000, 2994, 3436, 2046, 2584, 1325, 846, 1757, 1144, 1996, 1470, 1008, 2032, 1619, 1576, 2815, 2301, 3180, 1061, 901, 1947, 1384, 1743, 2153, 1730, 950, 2320, 1373, 1842, 1092, 2471, 1302, 989, 7237, 1467, 741, 1743, 1170, 308, 1595, 4749, 617, 722, 2890, 2401, 2087, 3558, 2600, 1826, 2428, 4540, 1683, 936, 519, 2213, 1054, 2937, 2526, 1538, 1667, 1713, 1157, 904, 1816, 1170, 1290, 833, 2621, 1135, 1299, 1212, 1064, 557, 1172, 1204, 1307, 766, 1982, 1791, 4359, 2418, 954, 1044, 1628, 923, 1760, 3180, 1196, 2274, 2008, 1278, 925, 434, 1475, 2816, 2188, 1001, 2058, 1008, 1169, 1349, 1752, 1899, 965, 1823, 3339, 1850, 1903, 656, 2137, 1444, 2003, 1328, 1216, 1644, 1009, 1992, 1583, 5102, 1777, 1367, 3520, 1661, 2310, 1854, 1997, 4747, 2330, 1223, 2392, 1821, 3356, 1733, 2841, 2333, 1388, 2739, 1593, 1822, 1190, 656, 3413, 2837, 6231, 1827, 3347, 2003, 1545, 1485, 764, 2638, 2000, 1603, 1785, 2435, 573, 2250, 667, 714, 1605, 1339, 1640, 1187, 913, 2792, 3285, 1558, 1620, 1533, 2138, 864, 777, 7455, 1625, 2702, 1674, 1376, 689, 2101, 2214, 2011, 3251, 1296, 2484, 2470, 1352, 4562, 1490, 1196, 2239, 906, 2186, 2541, 1594, 314, 1971, 1801, 1621, 1080, 1393, 592, 2268, 2130, 973, 2571, 1485, 3443, 2803, 1245, 2464, 1548, 5025, 1561, 2411, 1995, 1365, 6135, 2770, 1685, 4704, 1623, 1642, 1185, 1698, 1084, 982, 1807, 2537, 921, 4455, 1905, 2230, 2665, 1761, 2522)
(28, 112): Mean: 1962.436, median: 1678.5, std: 1213.241, percent: 1861.46, B: 127, W: 122, 
	(2564, 1044, 1406, 7522, 2536, 1672, 987, 1565, 935, 1900, 1440, 1566, 977, 1861, 3172, 1014, 3300, 3893, 1969, 2831, 1414, 878, 1856, 1093, 1940, 1520, 1060, 1990, 1455, 1591, 2867, 2416, 3100, 1165, 867, 2069, 1369, 1650, 2448, 1807, 939, 2434, 1223, 1823, 1061, 2671, 1251, 963, 6990, 1596, 842, 1571, 1108, 407, 1538, 4249, 540, 617, 3166, 2257, 2003, 3216, 2796, 1834, 3274, 3940, 1708, 882, 540, 2022, 984, 2990, 1973, 1443, 1504, 1822, 1140, 842, 1905, 1034, 1082, 839, 2265, 1058, 1286, 1394, 1041, 564, 1247, 1356, 1204, 609, 2194, 2037, 5002, 2366, 964, 1039, 1628, 789, 1945, 3330, 1209, 2398, 1896, 1325, 934, 371, 1519, 2763, 2507, 858, 1944, 1024, 1049, 1338, 1666, 1825, 887, 1897, 3737, 1590, 1603, 648, 2474, 1383, 2088, 1509, 1051, 1912, 1334, 2536, 1568, 5361, 2085, 1233, 4443, 1717, 2348, 1860, 1916, 4789, 2150, 1314, 1997, 1946, 3483, 1760, 2812, 2314, 1437, 2714, 1560, 1633, 1151, 692, 3002, 2241, 7284, 1768, 2871, 1856, 1656, 1419, 754, 2964, 2409, 1775, 1685, 2657, 611, 2480, 643, 740, 1602, 1431, 1439, 1298, 880, 3068, 2746, 1619, 1583, 1528, 2175, 889, 785, 7726, 1603, 2662, 1934, 1476, 734, 2298, 2159, 1842, 3018, 1086, 2802, 2675, 1570, 4183, 1365, 1258, 2014, 826, 2120, 2275, 1591, 326, 2010, 2003, 1597, 1183, 1293, 495, 2439, 2103, 965, 2749, 1697, 3300, 2606, 1179, 2650, 1559, 6366, 1625, 2281, 2167, 1195, 7499, 2669, 1638, 5447, 1584, 1379, 1199, 1703, 888, 963, 1830, 2474, 1000, 3674, 1859, 2497, 2721, 1758, 2360)
(29, 117): Mean: 1932.704, median: 1671.0, std: 1194.009, percent: 1821.82, B: 137, W: 113, 
	(2487, 1039, 1522, 8218, 2565, 1706, 928, 1514, 748, 2172, 1530, 1517, 968, 1945, 2781, 973, 3187, 3178, 1612, 3008, 1435, 804, 1878, 1106, 1802, 1516, 877, 2124, 1618, 1599, 2864, 2510, 3035, 1030, 855, 2108, 1359, 1674, 1987, 1534, 846, 2437, 1393, 1646, 1184, 2150, 1255, 891, 6936, 1897, 951, 1493, 995, 417, 1413, 4253, 647, 680, 3462, 2395, 2025, 3708, 2775, 1777, 2578, 4865, 1817, 1067, 510, 1898, 1152, 3282, 1887, 1504, 1535, 1667, 1123, 874, 1657, 968, 1163, 846, 2666, 1099, 1347, 1259, 1136, 515, 1172, 1395, 1261, 675, 1997, 1671, 4985, 2528, 894, 952, 1870, 777, 1858, 3415, 1137, 1961, 1946, 1489, 719, 411, 1357, 2995, 2286, 886, 1928, 1037, 977, 1464, 1865, 1793, 937, 1930, 3444, 1470, 1938, 649, 2002, 1291, 2258, 1218, 1032, 2014, 1150, 2029, 1324, 5651, 1735, 1240, 4306, 1709, 2292, 1912, 2229, 5325, 2282, 1214, 2598, 2240, 3454, 1789, 3259, 1991, 1356, 2532, 1547, 1763, 1394, 632, 3344, 2364, 6950, 1641, 2458, 1794, 1629, 1482, 834, 2706, 2053, 1759, 1551, 2709, 748, 2158, 645, 664, 1782, 1272, 1459, 1187, 736, 2854, 2940, 1348, 1662, 1388, 2162, 873, 788, 6100, 1777, 2362, 1671, 1255, 720, 2275, 2149, 1836, 2950, 1137, 2700, 2173, 1362, 3710, 1545, 1306, 1795, 856, 2255, 2780, 1460, 289, 1951, 1754, 1616, 891, 1341, 485, 2535, 1964, 963, 2475, 1731, 3485, 3308, 1100, 2390, 1627, 5239, 1474, 2182, 1957, 1266, 7675, 2566, 1561, 4618, 1526, 1313, 1302, 1721, 1011, 978, 1573, 2320, 1043, 4606, 1983, 2304, 2482, 1941, 2325)
(35, 151): Mean: 1925.996, median: 1669.5, std: 1239.277, percent: 1779.0, B: 131, W: 118, 
	(2192, 1151, 1350, 10618, 2272, 1663, 980, 1432, 887, 1640, 1248, 1429, 978, 1699, 3414, 991, 2759, 3365, 1681, 2371, 1190, 778, 1706, 931, 1834, 1457, 894, 1822, 1676, 1625, 2787, 2351, 2646, 1072, 907, 2021, 1222, 1697, 1893, 1669, 959, 2337, 1281, 2080, 1020, 2151, 1309, 917, 5885, 1541, 811, 1635, 1165, 354, 1703, 4847, 552, 745, 3260, 2316, 1749, 2772, 2433, 1624, 2512, 4485, 1759, 979, 623, 2053, 1057, 3185, 2264, 1481, 1459, 1895, 1200, 923, 1606, 1106, 1112, 892, 2435, 1125, 1309, 1288, 1217, 642, 1237, 1301, 1193, 797, 2337, 2021, 4954, 2473, 948, 935, 1790, 707, 1804, 3144, 1104, 2016, 2102, 1551, 762, 384, 1582, 2722, 2097, 938, 2097, 1020, 1028, 1609, 1793, 1779, 861, 2193, 3377, 1470, 2009, 712, 2248, 1423, 2048, 1408, 1108, 1670, 1176, 2266, 1400, 4889, 1886, 1147, 3705, 1541, 2230, 1863, 2491, 4632, 2260, 1235, 2018, 2052, 3470, 1552, 3004, 2095, 1230, 2614, 1622, 1502, 1223, 631, 3321, 2403, 7099, 1618, 2908, 1990, 1352, 1401, 840, 2337, 1933, 1761, 1547, 2293, 565, 2173, 656, 619, 1831, 1456, 1411, 1121, 899, 2908, 3167, 1350, 1529, 1584, 2380, 854, 745, 6335, 1804, 3579, 1504, 1267, 683, 2340, 2099, 1935, 3118, 1313, 2579, 2549, 1483, 4875, 1308, 1243, 1993, 830, 2427, 2653, 1634, 276, 1952, 1743, 1507, 1075, 1257, 529, 2527, 1883, 949, 2733, 1750, 3381, 3091, 1235, 2521, 1620, 4577, 1646, 2102, 1946, 1207, 8685, 2527, 1671, 4778, 1405, 1420, 1175, 1760, 1007, 991, 1759, 2578, 932, 4189, 2095, 2143, 2514, 1672, 2252)
(38, 166): Mean: 1903.176, median: 1670.5, std: 1139.569, percent: 1792.42, B: 129, W: 120, 
	(2206, 1062, 1427, 7368, 2217, 1677, 968, 1508, 762, 1808, 1667, 1421, 981, 1757, 3058, 1000, 2905, 3341, 1807, 2600, 1315, 754, 1974, 944, 1947, 1408, 898, 2248, 1559, 1562, 3346, 2108, 3220, 1186, 892, 2023, 1329, 1528, 2054, 1653, 934, 2629, 1257, 1895, 910, 2506, 1311, 893, 6687, 1587, 737, 1472, 1043, 317, 1592, 4263, 560, 616, 2973, 2158, 1894, 3049, 2549, 1853, 2292, 3549, 1694, 849, 475, 1991, 966, 3321, 2146, 1565, 1502, 1674, 1135, 818, 1586, 981, 1114, 847, 2762, 1114, 1245, 1273, 1064, 553, 1292, 1476, 1184, 762, 2344, 1712, 4409, 2321, 1067, 1058, 1685, 707, 1605, 3423, 1192, 2185, 1890, 1545, 801, 500, 1535, 3037, 2235, 1016, 2158, 1106, 993, 1434, 1795, 1908, 962, 1993, 3209, 1567, 1678, 698, 1889, 1466, 2132, 1293, 1097, 1813, 1068, 2460, 1223, 5577, 1786, 1311, 4067, 1560, 2217, 1815, 2121, 4463, 2123, 1196, 2395, 2003, 3594, 1867, 2946, 2326, 1461, 2541, 1659, 1629, 1150, 561, 3316, 2587, 6447, 1609, 2829, 1876, 1377, 1465, 788, 2445, 2163, 1689, 1496, 3121, 542, 2069, 680, 637, 1547, 1304, 1354, 1165, 873, 3004, 2813, 1461, 1539, 1340, 2257, 859, 757, 7515, 2155, 2149, 1731, 1390, 651, 2182, 2271, 1714, 2966, 1154, 2836, 2511, 1722, 3537, 1516, 1249, 1864, 822, 2243, 2808, 1432, 315, 1967, 2017, 1551, 1020, 1292, 549, 2355, 2102, 1036, 2346, 1437, 3122, 2877, 1138, 2595, 1487, 5595, 1459, 2152, 2109, 1306, 6895, 2455, 1735, 4301, 1414, 1433, 1250, 1769, 976, 891, 1796, 2226, 923, 4177, 2091, 2189, 2597, 1693, 2349)
(39, 169): Mean: 1897.052, median: 1644.0, std: 1155.001, percent: 1796.76, B: 135, W: 114, 
	(2326, 1109, 1440, 9645, 2219, 1595, 903, 1428, 751, 1958, 1450, 1615, 1002, 1856, 2934, 935, 3504, 3313, 1678, 2604, 1391, 751, 1706, 963, 1936, 1625, 854, 1967, 1678, 1422, 3096, 2081, 3165, 1113, 889, 2044, 1280, 1533, 1874, 1669, 946, 2238, 1375, 2125, 1080, 2553, 1140, 947, 6264, 1566, 780, 1520, 1080, 399, 1541, 4274, 556, 714, 3384, 2332, 2014, 3407, 2689, 1790, 2418, 5082, 1849, 858, 527, 1934, 1074, 3355, 1981, 1622, 1472, 1795, 1135, 1009, 1671, 994, 1141, 807, 2364, 1084, 1217, 1079, 1057, 538, 1219, 1252, 1133, 705, 2027, 1823, 4121, 2538, 978, 983, 1651, 725, 1955, 3377, 1182, 2498, 2023, 1406, 807, 395, 1513, 2994, 2542, 956, 2308, 899, 987, 1524, 1559, 1541, 864, 1892, 3881, 1524, 1975, 658, 1967, 1441, 2144, 1324, 1059, 1715, 1102, 2224, 1376, 4772, 1715, 1287, 3121, 1601, 2260, 1868, 1875, 5131, 2043, 1297, 2503, 1864, 3410, 1571, 2588, 2391, 1387, 2767, 1530, 1717, 1236, 601, 3513, 2315, 7263, 1702, 3007, 1801, 1376, 1372, 844, 2838, 1817, 1674, 1587, 2678, 580, 2162, 585, 708, 1783, 1231, 1451, 1161, 801, 2702, 2492, 1412, 1419, 1552, 2096, 795, 784, 5872, 1669, 2773, 1567, 1247, 681, 2192, 2138, 1629, 2874, 1116, 2222, 2449, 1538, 4613, 1481, 1373, 1754, 861, 2198, 2902, 1677, 280, 1964, 2171, 1446, 921, 1303, 445, 2431, 1965, 976, 2373, 1527, 2742, 2683, 1145, 2557, 1482, 4305, 1439, 2400, 2046, 1229, 5561, 2969, 1638, 4323, 1469, 1338, 1221, 2114, 1092, 907, 1755, 2421, 1042, 4055, 1998, 2146, 2515, 1650, 2511)
(42, 182): Mean: 1884.348, median: 1649.0, std: 1124.063, percent: 1772.02, B: 132, W: 118, 
	(2718, 1089, 1399, 6248, 2778, 1644, 935, 1364, 803, 1902, 1355, 1657, 924, 1647, 2792, 979, 3458, 3639, 1737, 2464, 1385, 891, 1780, 1054, 1892, 1458, 991, 2445, 1605, 1486, 2967, 2468, 3142, 980, 773, 1885, 1186, 1477, 2057, 1743, 923, 2186, 1369, 1788, 1045, 2189, 1272, 1019, 5841, 1549, 784, 1528, 1150, 407, 1354, 4484, 498, 616, 3015, 2226, 1597, 3793, 2154, 1702, 2617, 4541, 1884, 918, 522, 2087, 1101, 2928, 1966, 1780, 1580, 1583, 1152, 942, 1748, 972, 1112, 822, 2554, 1142, 1211, 1179, 1054, 565, 1217, 1337, 1198, 708, 2181, 1744, 3968, 2259, 1039, 1006, 1811, 615, 1690, 3235, 1246, 2288, 1837, 1498, 792, 421, 1437, 2864, 2182, 949, 1908, 1033, 994, 1522, 1631, 1704, 964, 1936, 3183, 1651, 2010, 599, 1804, 1406, 2257, 1367, 1162, 1734, 1148, 2428, 1502, 6174, 1999, 1276, 3527, 1664, 2044, 1858, 2110, 4785, 1989, 1204, 2522, 1825, 3420, 1588, 2541, 2095, 1397, 2540, 1618, 1687, 1286, 608, 3348, 2340, 7201, 1602, 2728, 2119, 1378, 1456, 779, 2461, 2059, 1639, 1554, 2524, 515, 2265, 625, 664, 1714, 1299, 1531, 1109, 897, 2711, 2672, 1249, 1506, 1525, 2544, 842, 704, 6858, 1572, 2580, 1702, 1167, 627, 2152, 2410, 1919, 2872, 1049, 2328, 2168, 1506, 3565, 1466, 1268, 1869, 776, 2087, 2199, 1471, 369, 1867, 1901, 1785, 1150, 1296, 462, 2542, 1742, 987, 2034, 1548, 3178, 3159, 1243, 2694, 1605, 5500, 1501, 2197, 1893, 1163, 7284, 2662, 1484, 4548, 1398, 1519, 1196, 1782, 964, 958, 1651, 2383, 958, 3916, 1838, 2211, 2497, 1840, 2143)
(45, 198): Mean: 1885.732, median: 1665.5, std: 1128.75, percent: 1770.28, B: 127, W: 122, 
	(2430, 1152, 1375, 6630, 2373, 1821, 883, 1571, 782, 1890, 1443, 1563, 963, 1898, 2736, 1039, 3269, 3486, 1840, 2314, 1381, 755, 1836, 913, 1952, 1474, 877, 1823, 1508, 1716, 3060, 2582, 3146, 981, 913, 1677, 1212, 1410, 1864, 1768, 931, 2244, 1237, 1995, 907, 2609, 1345, 1001, 5409, 1778, 795, 1748, 1047, 407, 1355, 4662, 581, 596, 3081, 2274, 1840, 3555, 2324, 1729, 2468, 4179, 1573, 891, 564, 1925, 1058, 3376, 2310, 1739, 1510, 1768, 1147, 882, 1609, 1084, 1147, 847, 2351, 1125, 1246, 1124, 1088, 566, 1260, 1320, 1264, 680, 2023, 1655, 3922, 2341, 1108, 990, 1676, 821, 1676, 3856, 1104, 2290, 1855, 1478, 807, 334, 1727, 2847, 2322, 920, 1924, 1052, 951, 1402, 1737, 1623, 951, 1929, 3329, 1554, 1787, 604, 1754, 1324, 2110, 1234, 1074, 1763, 1229, 2365, 1364, 5685, 1883, 1345, 3420, 1582, 2203, 1826, 1991, 4107, 1997, 1210, 2533, 1895, 3673, 1505, 2329, 2147, 1202, 2804, 1459, 1596, 1358, 605, 3696, 2207, 7776, 1743, 2463, 1827, 1296, 1444, 795, 3069, 1919, 1709, 1427, 2780, 567, 2308, 599, 635, 1799, 1481, 1373, 1166, 739, 3377, 3317, 1385, 1650, 1406, 2049, 917, 698, 6287, 1597, 2538, 1440, 1222, 610, 2433, 1973, 1696, 2621, 1163, 2189, 2202, 1338, 4137, 1383, 1145, 1872, 827, 2339, 2600, 1353, 340, 2220, 2038, 1430, 972, 1253, 512, 2557, 2385, 1000, 2464, 1433, 3088, 3098, 1328, 2599, 1548, 5747, 1502, 2291, 2150, 1237, 7046, 2432, 1482, 4586, 1567, 1387, 1106, 1753, 1002, 835, 1572, 2399, 1039, 3904, 1850, 2406, 2395, 1682, 2192)
(46, 201): Mean: 1813.112, median: 1572.0, std: 1097.715, percent: 1750.74, B: 167, W: 83, 
	(2494, 937, 1341, 7200, 1864, 1623, 880, 1329, 766, 1919, 1281, 1545, 996, 1902, 2770, 958, 2630, 3340, 1666, 2220, 1112, 729, 1737, 912, 1785, 1412, 856, 2090, 1448, 1606, 2903, 2141, 3331, 995, 824, 1849, 1290, 1417, 1845, 1626, 991, 2474, 1161, 1891, 924, 2317, 1152, 890, 5504, 1648, 765, 1485, 947, 364, 1431, 4492, 514, 653, 2575, 1953, 1785, 3193, 2196, 1719, 2185, 4070, 1667, 882, 453, 1918, 1145, 2902, 1924, 1668, 1197, 1686, 1035, 823, 1529, 1079, 980, 809, 2306, 990, 1195, 1226, 820, 544, 1197, 1376, 1105, 635, 2127, 1640, 3877, 2432, 824, 1020, 1707, 629, 1752, 3218, 1107, 2127, 1799, 1249, 735, 336, 1535, 2562, 2573, 964, 1823, 1027, 1050, 1437, 1506, 1638, 834, 1770, 3138, 1397, 1695, 610, 1725, 1238, 1838, 1298, 1001, 1534, 1052, 1973, 1199, 4822, 1819, 1233, 3205, 1516, 2583, 1857, 2259, 4699, 1967, 1243, 2262, 2066, 3178, 1572, 2774, 2005, 1261, 3117, 1494, 1541, 1286, 641, 3267, 2491, 6698, 1548, 2776, 1692, 1436, 1563, 768, 2322, 1916, 1642, 1455, 2549, 558, 2197, 648, 626, 1542, 1113, 1446, 1093, 893, 2716, 2663, 1572, 1447, 1444, 2546, 838, 740, 7378, 1549, 2502, 1581, 1072, 705, 2114, 1923, 1757, 3039, 1046, 2674, 2217, 1282, 4566, 1366, 1100, 2133, 771, 2053, 2477, 1529, 290, 1656, 1819, 1579, 981, 1189, 489, 2257, 1942, 1113, 2539, 1487, 3122, 2349, 1111, 2454, 1501, 4722, 1339, 1980, 1952, 1186, 6695, 2349, 1460, 4563, 1390, 1411, 1219, 1477, 959, 959, 1678, 2250, 1112, 3764, 1818, 2324, 2542, 1588, 2289)
(47, 204): Mean: 1827.568, median: 1578.5, std: 1147.011, percent: 1732.12, B: 124, W: 126, 
	(2448, 986, 1242, 7047, 2369, 1575, 780, 1435, 765, 1863, 1353, 1562, 947, 1808, 2645, 885, 2779, 3066, 1925, 2527, 1438, 761, 1845, 895, 1778, 1351, 839, 2241, 1364, 1307, 2745, 1924, 2785, 1221, 904, 1965, 1192, 1469, 1849, 1559, 887, 2320, 1100, 1606, 960, 2558, 1270, 820, 6399, 1468, 708, 1474, 958, 312, 1372, 4618, 566, 548, 2925, 2300, 1869, 3233, 2186, 1775, 1974, 3948, 1710, 833, 590, 2084, 974, 3124, 1880, 1420, 1254, 1703, 1026, 853, 1601, 1014, 1125, 831, 2280, 1036, 1222, 1217, 952, 555, 1230, 1235, 1156, 648, 1940, 1814, 3691, 2533, 887, 1001, 1795, 640, 1692, 3422, 1045, 2002, 1844, 1419, 733, 376, 1345, 2902, 2146, 907, 1937, 1004, 1055, 1308, 1575, 1619, 852, 1806, 3785, 1494, 1836, 621, 1864, 1302, 2172, 1257, 1019, 1688, 1000, 2058, 1326, 6229, 1785, 1253, 3828, 1377, 2114, 1599, 1882, 4179, 1732, 1273, 2325, 2012, 3068, 1624, 2496, 2024, 1272, 2987, 1546, 1588, 1134, 611, 3553, 2482, 6946, 1433, 2454, 1817, 1433, 1392, 755, 2233, 1814, 1573, 1570, 2511, 592, 2411, 725, 595, 1777, 1220, 1412, 1228, 737, 2390, 2878, 1299, 1593, 1336, 2260, 788, 801, 7045, 1591, 2296, 1616, 1248, 647, 2824, 1866, 1811, 2773, 1196, 2408, 2043, 1490, 4634, 1348, 1145, 1727, 842, 2374, 2603, 1382, 289, 1825, 1844, 1576, 964, 1263, 429, 2650, 1848, 1066, 2340, 1499, 2980, 2523, 1258, 2649, 1658, 5461, 1270, 2201, 1941, 1062, 7447, 2427, 1471, 4308, 1472, 1272, 1179, 1594, 1021, 879, 1574, 2019, 890, 3904, 1761, 2044, 2571, 1581, 2169)
(50, 222): Mean: 1827.108, median: 1580.0, std: 1142.261, percent: 1752.8, B: 128, W: 120, 
	(2589, 991, 1329, 8325, 2520, 1583, 924, 1278, 694, 1997, 1352, 1577, 873, 1716, 2822, 990, 2823, 2787, 1808, 2426, 1414, 731, 1683, 997, 1767, 1405, 851, 1929, 1601, 1648, 2671, 2380, 2433, 1210, 788, 1896, 1168, 1540, 2040, 1534, 958, 2334, 1311, 1658, 978, 2448, 1147, 889, 5407, 1595, 792, 1601, 1030, 287, 1345, 3764, 514, 577, 2703, 2001, 1752, 3081, 2583, 1811, 2137, 5085, 1803, 926, 583, 1888, 965, 2868, 2203, 1418, 1392, 1730, 1011, 850, 1633, 935, 1079, 853, 2511, 1043, 1303, 1264, 1075, 577, 1167, 1222, 1164, 825, 2399, 1861, 4067, 2257, 868, 940, 1598, 822, 1604, 3198, 1240, 2129, 1725, 1352, 679, 376, 1396, 2764, 2270, 878, 1754, 946, 919, 1189, 1790, 1575, 898, 1852, 3013, 1563, 1516, 590, 1878, 1318, 1851, 1299, 1026, 1518, 973, 2221, 1227, 4944, 1885, 1244, 3646, 1522, 2364, 1714, 2188, 4509, 1986, 1186, 2204, 1990, 3277, 1670, 2602, 2071, 1146, 2605, 1472, 1565, 1200, 514, 3325, 2492, 6920, 1513, 2593, 1689, 1389, 1462, 778, 2078, 1845, 1512, 1653, 2297, 496, 2401, 666, 606, 1671, 1238, 1376, 1041, 869, 2797, 2599, 1224, 1406, 1460, 2085, 752, 852, 7547, 1471, 2564, 1548, 1055, 615, 2276, 1856, 1603, 2467, 1134, 2579, 2108, 1353, 4601, 1270, 1236, 2080, 801, 2165, 2412, 1457, 289, 2068, 1718, 1702, 932, 1243, 428, 2786, 1680, 1021, 2563, 1490, 3491, 2742, 1210, 2657, 1529, 5089, 1402, 2233, 2027, 1192, 7120, 2243, 1564, 4625, 1313, 1299, 1215, 1605, 1051, 864, 1545, 2126, 1035, 3710, 1748, 2683, 2354, 1861, 2032)
(53, 236): Mean: 1816.584, median: 1578.0, std: 1119.354, percent: 1707.66, B: 135, W: 115, 
	(2578, 973, 1256, 6900, 2257, 1632, 885, 1276, 719, 1860, 1308, 1464, 920, 1673, 2748, 962, 2618, 3494, 1761, 2520, 1348, 720, 1669, 873, 1973, 1416, 911, 1933, 1501, 1383, 3055, 2270, 2453, 1141, 881, 1772, 1222, 1506, 1873, 1574, 895, 2215, 1239, 1498, 998, 2197, 1208, 916, 7192, 1506, 740, 1316, 1185, 358, 1368, 4500, 538, 641, 2737, 1963, 1773, 3240, 2413, 1704, 2364, 4217, 1724, 817, 446, 1741, 1170, 2865, 2101, 1580, 1380, 1633, 1138, 913, 1587, 904, 1076, 802, 2261, 1002, 1228, 1207, 939, 537, 1262, 1207, 1236, 632, 1906, 1724, 4280, 2300, 869, 954, 1728, 644, 1736, 3158, 1193, 2299, 1990, 1233, 719, 321, 1309, 2652, 2361, 764, 1924, 912, 918, 1389, 1564, 2149, 853, 1850, 2989, 1594, 1836, 661, 1720, 1392, 2015, 1280, 1046, 1519, 991, 2242, 1193, 5297, 1579, 1222, 3652, 1577, 2413, 1876, 1922, 3740, 1896, 1174, 2086, 2057, 3071, 1430, 2821, 2020, 1223, 2582, 1377, 1695, 1143, 587, 2887, 2424, 6564, 1575, 2637, 1744, 1270, 1480, 715, 2367, 2051, 1579, 1516, 2376, 576, 2180, 609, 601, 1717, 1330, 1375, 1079, 842, 2716, 2926, 1390, 1338, 1455, 2291, 802, 703, 6757, 1675, 2488, 1337, 1213, 669, 2458, 1842, 1612, 2729, 1179, 2488, 2544, 1433, 4112, 1511, 1144, 1982, 812, 2224, 2605, 1621, 282, 1810, 1923, 1516, 952, 1262, 364, 2124, 1937, 1002, 2491, 1586, 3567, 2753, 1104, 2676, 1466, 4475, 1297, 2052, 1713, 1139, 7249, 2482, 1728, 5258, 1412, 1376, 1222, 1573, 1007, 970, 1587, 1930, 969, 3615, 1943, 2414, 2324, 1465, 2377)
(55, 247): Mean: 1804.064, median: 1564.0, std: 1119.332, percent: 1738.22, B: 134, W: 115, 
	(2807, 1013, 1253, 7504, 2135, 1555, 867, 1339, 692, 1653, 1658, 1472, 932, 1674, 2545, 952, 3193, 3333, 1755, 2601, 1463, 734, 1702, 830, 1758, 1510, 939, 1821, 1518, 1428, 2674, 2397, 2788, 1095, 792, 2088, 1166, 1433, 2142, 1427, 895, 2312, 1203, 1699, 899, 2169, 1146, 902, 6021, 1649, 692, 1559, 993, 333, 1400, 4017, 597, 676, 3018, 2095, 1698, 3502, 2675, 1687, 2033, 4150, 1654, 898, 465, 1885, 983, 3127, 2178, 1398, 1347, 1570, 989, 880, 1613, 1005, 1027, 791, 2523, 1018, 1357, 1194, 1049, 575, 1232, 1155, 1198, 653, 1882, 1905, 4347, 2246, 785, 992, 1616, 656, 1567, 3272, 1246, 2036, 1860, 1335, 768, 320, 1305, 2614, 2302, 1025, 1983, 939, 976, 1390, 1497, 1638, 935, 1747, 3361, 1505, 1710, 536, 1871, 1309, 1942, 1357, 980, 1467, 1151, 2206, 1229, 5185, 1623, 1260, 3201, 1441, 2192, 1837, 2039, 3759, 1842, 1123, 2458, 1859, 3341, 1505, 2745, 2050, 1363, 2555, 1340, 1760, 1142, 520, 3066, 2183, 7371, 1438, 2669, 1721, 1410, 1434, 762, 1959, 1827, 1706, 1478, 2577, 582, 2070, 613, 609, 1699, 1199, 1394, 1122, 817, 2672, 2962, 1259, 1306, 1433, 2204, 891, 731, 7603, 1661, 2343, 1509, 1163, 691, 1946, 1970, 1610, 2458, 1077, 2663, 2037, 1386, 3989, 1365, 1197, 1849, 854, 2096, 2337, 1400, 312, 1786, 1986, 1494, 1053, 1246, 415, 2072, 1572, 1009, 2169, 1596, 2858, 2500, 1186, 2341, 1561, 4502, 1458, 2029, 1900, 1162, 6838, 2406, 1686, 4882, 1341, 1298, 1113, 1699, 1057, 930, 1511, 2345, 982, 3381, 1855, 2134, 2609, 1605, 2399)
(57, 259): Mean: 1798.848, median: 1527.5, std: 1096.086, percent: 1760.72, B: 128, W: 121, 
	(2822, 1014, 1162, 7692, 2240, 1414, 861, 1323, 713, 1980, 1437, 1420, 921, 1655, 2637, 950, 2512, 2801, 1710, 2452, 1342, 733, 1837, 878, 1725, 1549, 872, 2019, 1466, 1441, 3083, 2381, 2670, 1001, 812, 1746, 1181, 1364, 1937, 1565, 898, 1999, 1335, 1872, 972, 2164, 1373, 899, 5950, 1560, 837, 1420, 1000, 371, 1588, 3483, 509, 618, 3253, 2231, 1527, 2832, 2766, 1755, 2230, 4539, 1675, 858, 532, 1914, 1001, 3312, 2016, 1571, 1366, 1535, 1027, 828, 1476, 913, 1143, 834, 2139, 994, 1217, 1185, 863, 575, 1229, 1214, 1091, 624, 2080, 1726, 4187, 2357, 965, 967, 1632, 721, 1688, 4069, 1089, 2278, 1754, 1322, 769, 357, 1481, 2608, 2464, 845, 1761, 963, 934, 1383, 1520, 1443, 890, 1795, 3399, 1528, 1468, 710, 1730, 1386, 1847, 1299, 1067, 1628, 1019, 2252, 1237, 4296, 1691, 1253, 3882, 1348, 2080, 1681, 1852, 4993, 1733, 1121, 2124, 1957, 3223, 1473, 2586, 2053, 1256, 2830, 1407, 1700, 1222, 560, 3005, 2156, 6925, 1519, 3009, 1710, 1307, 1284, 778, 2289, 1749, 1376, 1455, 2621, 557, 2221, 624, 638, 1650, 1212, 1403, 1188, 876, 2765, 2612, 1325, 1351, 1350, 2386, 813, 743, 6088, 1605, 2728, 1491, 1212, 669, 2089, 1998, 1385, 2564, 1087, 2624, 2090, 1416, 3652, 1348, 1263, 1748, 772, 2188, 2385, 1416, 241, 1928, 2027, 1382, 1105, 1175, 394, 2623, 1606, 1020, 2864, 1647, 3294, 2358, 1059, 2290, 1565, 4940, 1372, 2143, 1692, 1270, 6696, 2886, 1551, 4504, 1422, 1291, 1087, 1665, 968, 901, 1747, 2494, 939, 3221, 1705, 2343, 2455, 1421, 2336)
(58, 264): Mean: 1808.68, median: 1551.5, std: 1136.305, percent: 1700.52, B: 126, W: 124, 
	(2272, 991, 1350, 8602, 2178, 1653, 831, 1611, 852, 1665, 1284, 1464, 901, 1664, 2740, 932, 2530, 2696, 1621, 2744, 1210, 670, 1737, 1012, 1766, 1400, 787, 1807, 1392, 1571, 2846, 2399, 2590, 1167, 832, 1750, 1132, 1346, 1913, 1795, 921, 2218, 1148, 1614, 985, 2066, 1224, 913, 5974, 1516, 735, 1329, 1058, 287, 1394, 3997, 508, 640, 2593, 2021, 1813, 3239, 2450, 1532, 2431, 4120, 1553, 895, 481, 2169, 1091, 3375, 1890, 1440, 1406, 1623, 990, 780, 1637, 990, 1030, 859, 2437, 892, 1189, 1119, 1052, 556, 1276, 1199, 1209, 732, 2404, 1753, 4611, 2475, 864, 876, 1512, 659, 1826, 3143, 1119, 2155, 1657, 1460, 697, 385, 1406, 2666, 2341, 938, 1840, 873, 995, 1385, 1783, 1456, 818, 1746, 3960, 1590, 1838, 551, 1681, 1210, 2085, 1275, 957, 1592, 1030, 2158, 1214, 4743, 1644, 1394, 3108, 1550, 2464, 1677, 2196, 3985, 1981, 1203, 2072, 1727, 3311, 1408, 3144, 1976, 1250, 2717, 1464, 1756, 1158, 512, 3208, 2303, 7578, 1593, 2444, 1725, 1294, 1306, 754, 2217, 2221, 1510, 1536, 2386, 485, 2358, 590, 594, 1713, 1226, 1311, 1212, 774, 2617, 3189, 1273, 1419, 1454, 2395, 774, 714, 6677, 1505, 2646, 1513, 1377, 734, 2345, 2052, 1785, 2747, 1080, 2161, 2290, 1264, 3593, 1395, 1115, 1769, 773, 2390, 2470, 1375, 311, 1841, 1919, 1620, 1023, 1165, 477, 2276, 1826, 970, 2395, 1567, 3526, 2452, 1084, 2101, 1508, 5194, 1444, 1913, 2011, 1119, 5868, 2388, 1387, 5345, 1323, 1277, 983, 1545, 1076, 915, 1521, 2247, 976, 3884, 1650, 2475, 2573, 1555, 2488)
(59, 265): Mean: 1803.432, median: 1579.5, std: 1060.65, percent: 1722.08, B: 115, W: 133, 
	(2430, 905, 1292, 7413, 1864, 1841, 853, 1457, 754, 1819, 1383, 1496, 933, 1679, 2582, 1033, 2672, 3022, 1854, 2534, 1396, 773, 1726, 929, 1859, 1365, 955, 1960, 1481, 1485, 2680, 2142, 2663, 1110, 805, 1804, 1117, 1396, 1756, 1795, 851, 2645, 1256, 1562, 832, 2330, 1184, 877, 5826, 1589, 796, 1673, 1041, 315, 1436, 4316, 496, 644, 2926, 2112, 1776, 3212, 2577, 1701, 1970, 4402, 1615, 1020, 532, 1624, 926, 2847, 2144, 1446, 1332, 1395, 1013, 789, 1691, 973, 1134, 805, 2387, 963, 1200, 1195, 918, 529, 1240, 1304, 1179, 691, 1917, 1798, 4365, 2403, 891, 969, 1766, 649, 1785, 3398, 1281, 2099, 1631, 1444, 798, 346, 1510, 3013, 2016, 932, 1711, 958, 937, 1250, 1529, 1615, 901, 1745, 3700, 1539, 1655, 516, 1764, 1439, 2449, 1193, 952, 1570, 1177, 1950, 1269, 4820, 1749, 1145, 3229, 1499, 2595, 1755, 2049, 3901, 2231, 1250, 2376, 2004, 3140, 1413, 2798, 2128, 1280, 2414, 1490, 1523, 1239, 616, 3134, 2658, 6015, 1814, 2685, 2039, 1406, 1352, 794, 2341, 1857, 1629, 1602, 2396, 546, 2094, 603, 637, 1611, 1253, 1471, 1150, 818, 2575, 2572, 1314, 1474, 1339, 2247, 845, 735, 6462, 1558, 2507, 1566, 1324, 646, 2092, 1937, 1613, 2716, 1164, 2324, 2122, 1348, 4465, 1468, 1189, 1927, 816, 2353, 2298, 1405, 284, 1973, 1852, 1621, 896, 1262, 607, 2402, 1651, 970, 2491, 1510, 3029, 2268, 1143, 2300, 1705, 4911, 1343, 2122, 2286, 1120, 6260, 2324, 1424, 4206, 1595, 1272, 1056, 1508, 1071, 944, 1649, 2172, 973, 3642, 1849, 2468, 2779, 1503, 2387)
(61, 273): Mean: 1782.12, median: 1566.0, std: 1053.782, percent: 1725.56, B: 139, W: 111, 
	(2302, 919, 1205, 6820, 2267, 1475, 876, 1437, 761, 1890, 1274, 1753, 988, 1680, 2889, 893, 3089, 2891, 1504, 2588, 1353, 827, 1764, 891, 1726, 1522, 844, 1748, 1437, 1410, 2600, 2126, 2500, 1025, 714, 1753, 1218, 1468, 1865, 1589, 976, 2260, 1185, 1595, 958, 2356, 1138, 865, 5199, 1630, 753, 1404, 970, 381, 1347, 3289, 598, 600, 2889, 1801, 1947, 3150, 2522, 1625, 2282, 4049, 1554, 950, 492, 2071, 999, 3136, 2064, 1401, 1381, 1549, 1003, 871, 1822, 1033, 1007, 796, 2153, 1034, 1209, 1073, 952, 607, 1120, 1217, 1106, 699, 1963, 2153, 3997, 2836, 943, 955, 1703, 754, 1648, 3112, 1147, 2435, 1772, 1204, 690, 324, 1448, 2441, 2022, 859, 1810, 934, 960, 1238, 1612, 1586, 845, 1707, 3476, 1576, 1795, 561, 1799, 1360, 2093, 1373, 971, 1948, 1118, 2101, 1177, 5165, 1756, 1255, 3642, 1422, 2109, 2019, 1937, 4384, 1813, 1108, 2236, 1630, 3296, 1698, 2648, 2129, 1182, 2970, 1513, 1546, 1258, 572, 3075, 2294, 6151, 1695, 2763, 1618, 1309, 1556, 764, 2195, 1919, 1605, 1489, 2893, 629, 2238, 633, 606, 1634, 1190, 1481, 1106, 791, 2610, 2327, 1389, 1698, 1454, 2280, 788, 660, 6300, 1517, 2218, 1508, 1099, 684, 2242, 1944, 1693, 2765, 1055, 2600, 1980, 1297, 3976, 1335, 1113, 1755, 770, 1887, 2575, 1490, 245, 1792, 2112, 1435, 963, 1260, 435, 2514, 1851, 962, 2282, 1486, 2811, 2591, 1124, 2271, 1764, 4873, 1394, 1961, 1733, 1216, 7328, 2477, 1532, 4498, 1328, 1296, 1105, 1605, 972, 916, 1550, 1989, 941, 3508, 1974, 2081, 2371, 1546, 2112)
(62, 274): Mean: 1770.34, median: 1545.0, std: 1060.995, percent: 1680.56, B: 128, W: 121, 
	(2035, 1016, 1327, 7676, 2467, 1546, 851, 1358, 756, 1728, 1254, 1493, 1057, 1496, 2971, 918, 3026, 3230, 1589, 2458, 1167, 804, 2061, 905, 1727, 1522, 896, 1913, 1528, 1491, 2484, 2030, 2928, 939, 790, 1853, 1184, 1334, 1746, 1538, 944, 2298, 1179, 1717, 813, 2101, 1156, 911, 5805, 1478, 722, 1554, 945, 343, 1370, 4008, 645, 553, 3049, 2044, 1772, 3118, 2441, 1651, 1985, 4260, 1684, 906, 469, 1846, 1062, 2879, 1824, 1614, 1324, 1640, 1052, 815, 1608, 877, 1144, 816, 2369, 1004, 1214, 1179, 919, 534, 1146, 1166, 1155, 611, 2341, 1713, 4167, 2198, 940, 948, 1538, 645, 1665, 2739, 1113, 2350, 1775, 1222, 677, 361, 1461, 2718, 2298, 876, 2026, 983, 980, 1401, 1568, 1581, 872, 1713, 3579, 1436, 1658, 600, 1985, 1361, 1988, 1175, 1126, 1548, 1193, 2195, 1286, 4612, 1539, 1203, 3517, 1453, 2101, 1736, 1832, 4437, 2265, 1268, 2163, 1814, 2551, 1575, 2914, 2081, 1240, 2585, 1404, 1514, 1096, 607, 3280, 2279, 7095, 1507, 2657, 1899, 1451, 1494, 790, 2077, 1723, 1612, 1497, 2483, 540, 2389, 644, 639, 1556, 1242, 1430, 1098, 744, 2308, 2632, 1335, 1442, 1330, 2123, 746, 700, 5357, 1615, 2401, 1641, 1147, 658, 2235, 1770, 1543, 2556, 1098, 2243, 1825, 1199, 4053, 1272, 1079, 2176, 818, 2034, 2310, 1587, 292, 1925, 1916, 1544, 987, 1378, 348, 2540, 1654, 957, 2449, 1466, 3011, 2156, 1144, 2212, 1464, 4819, 1451, 2063, 1814, 1183, 5928, 2371, 1625, 5192, 1373, 1299, 1102, 1658, 982, 896, 1622, 2172, 904, 3258, 1608, 2037, 2541, 1490, 2078)
(63, 278): Mean: 1775.816, median: 1547.5, std: 1143.847, percent: 1664.32, B: 128, W: 122, 
	(2432, 944, 1243, 9982, 1870, 1657, 867, 1379, 813, 1913, 1262, 1440, 923, 1746, 2472, 893, 2764, 2894, 1745, 2182, 1323, 785, 1743, 963, 1529, 1726, 851, 1924, 1413, 1388, 2515, 1989, 2656, 993, 795, 1615, 1066, 1265, 1836, 1492, 782, 2439, 1236, 1486, 876, 2342, 1140, 820, 4538, 1558, 634, 1394, 1023, 322, 1452, 4366, 514, 496, 2827, 1983, 1578, 3095, 2658, 1584, 1702, 4333, 1768, 911, 491, 1875, 1067, 2966, 1987, 1346, 1302, 1522, 917, 735, 1627, 990, 1100, 864, 2516, 1070, 1247, 1237, 880, 564, 1098, 1115, 1143, 625, 2202, 1673, 4402, 2705, 783, 940, 1560, 652, 1537, 2973, 1240, 2040, 1820, 1437, 654, 326, 1332, 2626, 2024, 862, 1879, 956, 893, 1249, 1513, 1645, 859, 1659, 3491, 1541, 1571, 605, 1802, 1089, 2095, 1121, 870, 1830, 983, 1983, 1212, 4817, 1782, 1366, 3509, 1534, 2187, 1580, 2178, 4988, 1587, 1249, 1874, 1901, 3066, 1554, 2644, 2046, 1171, 2954, 1500, 1611, 1193, 635, 3050, 2086, 7770, 1578, 2232, 1783, 1373, 1412, 785, 2340, 2156, 1569, 1575, 2580, 606, 2218, 552, 606, 1625, 1269, 1361, 1031, 769, 2329, 2516, 1284, 1528, 1291, 2386, 771, 701, 5623, 1559, 2252, 1438, 1199, 634, 2318, 2138, 1849, 3079, 1105, 2246, 1889, 1399, 4089, 1486, 1286, 2230, 854, 2032, 2152, 1392, 314, 1870, 2065, 1573, 1071, 1209, 550, 2173, 1772, 933, 2430, 1638, 2793, 2242, 1109, 2902, 1376, 4241, 1393, 2071, 1691, 1040, 6591, 2435, 1351, 5117, 1408, 1265, 1001, 1509, 1108, 879, 1703, 1750, 936, 3432, 1931, 2224, 2634, 1440, 2414)
(64, 281): Mean: 1760.3, median: 1531.0, std: 1064.057, percent: 1644.46, B: 129, W: 120, 
	(2463, 959, 1209, 7367, 2143, 1435, 881, 1318, 723, 1888, 1530, 1435, 946, 1637, 2691, 983, 3196, 2810, 1700, 2291, 1337, 707, 1785, 886, 1832, 1677, 806, 1679, 1409, 1626, 2911, 2219, 2288, 1101, 784, 1874, 1210, 1532, 1873, 1499, 799, 2159, 1284, 1605, 914, 2155, 1219, 869, 5582, 1741, 768, 1384, 954, 350, 1202, 3988, 487, 475, 2572, 1851, 1642, 3713, 2379, 1692, 2023, 4539, 1477, 883, 493, 2121, 939, 2881, 1989, 1293, 1334, 1336, 996, 844, 1405, 980, 1027, 796, 2110, 1021, 1179, 1174, 880, 506, 1185, 1083, 1218, 736, 2219, 1798, 4180, 2228, 893, 900, 1558, 639, 1639, 3106, 1207, 2110, 1839, 1488, 711, 383, 1407, 2783, 1914, 889, 1850, 873, 977, 1376, 1429, 1402, 834, 1666, 2974, 1594, 1773, 653, 1808, 1325, 1876, 1327, 1005, 1601, 961, 1947, 1288, 4834, 1666, 1262, 3483, 1377, 2082, 1703, 2067, 4641, 2328, 1076, 1780, 1866, 2824, 1440, 2612, 2140, 1205, 2536, 1418, 1564, 1142, 620, 2825, 2343, 6179, 1405, 2509, 1872, 1306, 1254, 732, 2261, 2053, 1405, 1400, 2448, 533, 2495, 580, 586, 1552, 1328, 1509, 1083, 843, 2219, 2713, 1370, 1491, 1398, 2168, 834, 771, 6078, 1547, 2600, 1532, 1183, 660, 2305, 1934, 1712, 2669, 1026, 2316, 2048, 1172, 3604, 1247, 1186, 1721, 769, 2107, 2223, 1261, 305, 2081, 1817, 1563, 1004, 1242, 444, 2221, 1858, 961, 2207, 1560, 3317, 2566, 1178, 2734, 1363, 4802, 1429, 2144, 1968, 1180, 6973, 2620, 1456, 4962, 1430, 1272, 1038, 1642, 1084, 837, 1516, 2087, 982, 3105, 1578, 2115, 2150, 1583, 2368)
(68, 302): Mean: 1766.96, median: 1506.5, std: 1072.234, percent: 1662.92, B: 125, W: 123, 
	(2245, 864, 1257, 7774, 2081, 1437, 889, 1397, 748, 1719, 1382, 1486, 948, 1563, 2694, 892, 3093, 2965, 1746, 2284, 1295, 723, 1685, 897, 1678, 1450, 876, 2118, 1478, 1634, 2641, 1812, 2851, 1067, 765, 1837, 1187, 1562, 2076, 1533, 844, 2475, 1099, 1506, 964, 2285, 1170, 799, 5125, 1535, 684, 1412, 973, 331, 1285, 4854, 487, 557, 2601, 2029, 1629, 3484, 2363, 1481, 2287, 3496, 1672, 867, 473, 1988, 1116, 2865, 1906, 1383, 1393, 1690, 984, 870, 1387, 942, 1008, 812, 2176, 1016, 1292, 1226, 916, 506, 1275, 1124, 1215, 695, 2011, 1534, 4193, 2724, 831, 927, 1557, 613, 1563, 3389, 1143, 2121, 1932, 1507, 918, 402, 1603, 2854, 1966, 832, 1796, 889, 913, 1121, 1507, 1500, 837, 1765, 3582, 1347, 1784, 543, 1644, 1312, 1963, 1305, 946, 1460, 983, 1858, 1164, 5369, 1894, 1284, 3475, 1513, 2066, 1576, 1831, 4673, 1941, 1157, 2036, 1724, 3054, 1399, 2565, 2165, 1237, 2476, 1425, 1462, 1078, 603, 3851, 2218, 5803, 1527, 2679, 1896, 1394, 1600, 764, 2011, 1943, 1429, 1458, 2633, 527, 2409, 572, 688, 1712, 1162, 1350, 1137, 812, 2327, 2317, 1231, 1564, 1547, 2385, 752, 654, 6085, 1442, 2259, 1495, 1114, 673, 2294, 2168, 1442, 2893, 1012, 2257, 1769, 1210, 4972, 1296, 1107, 2094, 760, 2120, 2622, 1410, 327, 2013, 2045, 1577, 999, 1218, 572, 2694, 1840, 909, 2303, 1438, 3156, 2506, 1156, 1964, 1447, 4525, 1340, 2026, 1999, 1143, 6553, 2379, 1428, 3697, 1362, 1291, 1189, 1450, 1030, 883, 1726, 2024, 1007, 3542, 1849, 2142, 2470, 1487, 2165)
(69, 307): Mean: 1764.868, median: 1527.0, std: 1034.744, percent: 1746.32, B: 126, W: 123, 
	(2437, 968, 1369, 7301, 2206, 1506, 878, 1402, 668, 1954, 1328, 1435, 888, 1825, 2492, 879, 2861, 2993, 1732, 2712, 1179, 698, 1715, 968, 1670, 1450, 803, 1773, 1409, 1459, 2906, 2194, 2890, 978, 710, 1804, 1107, 1714, 1776, 1618, 909, 2610, 1267, 1718, 1002, 2160, 1127, 894, 5449, 1601, 691, 1269, 1029, 303, 1283, 3182, 509, 534, 2811, 1922, 1832, 2914, 2297, 1510, 2144, 3389, 1648, 852, 522, 1852, 957, 2889, 2094, 1439, 1295, 1588, 1072, 807, 1398, 1031, 1003, 824, 2281, 1024, 1160, 1267, 902, 517, 1077, 1224, 1092, 676, 2037, 1843, 4348, 2552, 840, 967, 1556, 730, 1719, 3091, 1156, 2023, 1667, 1501, 967, 390, 1376, 2518, 2310, 942, 1720, 861, 940, 1138, 1378, 1608, 811, 1836, 3325, 1517, 1639, 597, 1615, 1255, 1901, 1141, 936, 1681, 992, 1952, 1209, 5024, 1558, 1077, 3284, 1434, 2286, 1717, 2331, 4384, 1691, 1014, 2428, 1943, 2868, 1421, 2979, 2110, 1197, 2608, 1514, 1492, 1118, 613, 3602, 2536, 6794, 1409, 2271, 1730, 1552, 1379, 753, 2219, 2075, 1460, 1605, 2567, 552, 1989, 653, 626, 1550, 1323, 1439, 1047, 712, 2608, 2806, 1350, 1503, 1377, 2237, 784, 724, 5384, 1537, 2673, 1574, 1173, 603, 2123, 1940, 1697, 2564, 1007, 2879, 2218, 1336, 4085, 1288, 1184, 1797, 831, 2456, 2560, 1391, 338, 1982, 1722, 1614, 986, 1206, 546, 2443, 1842, 1090, 2325, 1406, 3499, 2398, 1161, 2628, 1430, 4414, 1268, 2036, 2075, 1036, 5674, 2614, 1767, 4589, 1488, 1342, 996, 1459, 998, 875, 1574, 2066, 951, 3509, 1710, 2408, 2368, 1467, 2207)
(71, 315): Mean: 1786.58, median: 1527.0, std: 1100.497, percent: 1712.12, B: 120, W: 129, 
	(2481, 1004, 1340, 8318, 2010, 1528, 841, 1375, 774, 2033, 1257, 1393, 956, 1651, 2826, 881, 2892, 2822, 1425, 2364, 1203, 680, 1863, 970, 1641, 1426, 799, 1896, 1534, 1466, 3313, 2069, 2480, 1070, 816, 1797, 1148, 1400, 1874, 1527, 848, 2778, 1193, 1705, 925, 2626, 1124, 916, 5802, 1831, 716, 1450, 941, 339, 1150, 4392, 524, 531, 3236, 1927, 1626, 3037, 2292, 1448, 2223, 4046, 1667, 902, 459, 1888, 1023, 2500, 2132, 1561, 1307, 1547, 1031, 816, 1527, 1042, 1032, 764, 2496, 1055, 1348, 1175, 988, 528, 1161, 1197, 1161, 729, 1907, 1697, 4241, 2623, 864, 990, 1504, 666, 1501, 3269, 1134, 2303, 1808, 1441, 990, 363, 1533, 2406, 2082, 955, 1795, 914, 940, 1351, 1600, 1544, 854, 1563, 3293, 1453, 1837, 568, 1772, 1389, 2144, 1417, 961, 1627, 1026, 1716, 1130, 5044, 1848, 1214, 3519, 1613, 2386, 1494, 2038, 4248, 1896, 1092, 2201, 2050, 3122, 1478, 2880, 2121, 1286, 3059, 1438, 1520, 1171, 522, 3341, 2783, 6501, 1576, 2596, 1806, 1266, 1475, 787, 2051, 1883, 1370, 1545, 2443, 537, 2479, 569, 586, 1507, 1260, 1401, 1015, 703, 2294, 2341, 1422, 1418, 1318, 2332, 781, 778, 5641, 1783, 2114, 1518, 1189, 757, 2090, 1851, 1788, 2801, 1044, 2481, 2185, 1208, 4632, 1391, 1139, 1973, 814, 2019, 2604, 1319, 324, 2124, 1970, 1577, 959, 1236, 435, 2515, 1730, 885, 2201, 1635, 3222, 2188, 1154, 2274, 1426, 4878, 1230, 2014, 1859, 1071, 6964, 2871, 1288, 4218, 1461, 1322, 1034, 1526, 991, 900, 1974, 2020, 956, 3393, 1616, 2208, 2634, 1641, 2000)
(72, 320): Mean: 1766.408, median: 1533.0, std: 1049.226, percent: 1689.58, B: 129, W: 119, 
	(2551, 932, 1279, 6671, 1925, 1824, 884, 1315, 790, 1952, 1307, 1465, 852, 1779, 2746, 968, 2233, 2792, 1571, 2317, 1196, 723, 1805, 941, 1985, 1506, 865, 1857, 1475, 1427, 3245, 1901, 2735, 983, 832, 2103, 1183, 1366, 1943, 1494, 875, 2752, 1206, 1560, 791, 2207, 1220, 883, 5520, 1547, 750, 1320, 1043, 299, 1381, 4133, 522, 571, 2511, 2108, 1732, 3080, 2432, 1506, 1885, 3829, 1783, 894, 531, 1913, 946, 2697, 1841, 1469, 1289, 1665, 961, 749, 1547, 987, 980, 916, 2259, 1102, 1285, 1159, 945, 599, 1133, 1203, 1057, 652, 1833, 1629, 4469, 2472, 875, 996, 1675, 737, 1784, 3237, 1127, 1895, 1718, 1441, 783, 388, 1521, 2664, 2178, 862, 1988, 918, 916, 1180, 1559, 1582, 908, 1777, 3297, 1336, 1529, 623, 1870, 1242, 2042, 1332, 1018, 1755, 1053, 1920, 1227, 4624, 1672, 1233, 3565, 1427, 2122, 1764, 1865, 4324, 1823, 1244, 1834, 1897, 2739, 1429, 2603, 2234, 1294, 2908, 1602, 1587, 1138, 589, 3243, 2462, 7137, 1499, 2437, 1778, 1248, 1640, 697, 2218, 2161, 1394, 1797, 2391, 626, 2297, 601, 641, 1573, 1154, 1368, 1097, 797, 2531, 2645, 1370, 1435, 1398, 2198, 824, 713, 5731, 1805, 2543, 1309, 1050, 642, 2020, 1923, 1582, 2945, 1167, 1991, 2218, 1192, 4528, 1304, 1139, 1818, 751, 2335, 2529, 1229, 290, 2032, 1537, 1500, 969, 1237, 672, 2306, 1940, 943, 2196, 1526, 3816, 2447, 1112, 2335, 1395, 4586, 1269, 2048, 1890, 1161, 6250, 2338, 1486, 4809, 1384, 1247, 1153, 1498, 1015, 938, 1591, 2122, 946, 3431, 1630, 2092, 2839, 1692, 1997)
(74, 329): Mean: 1788.944, median: 1558.5, std: 1081.113, percent: 1759.74, B: 119, W: 131, 
	(2272, 1078, 1259, 7959, 2310, 1418, 908, 1386, 734, 1912, 1346, 1556, 1124, 1770, 2654, 870, 2688, 2966, 1557, 2635, 1271, 753, 1685, 894, 1789, 1658, 884, 1766, 1568, 1537, 3201, 2305, 2578, 966, 891, 1924, 1112, 1560, 1877, 1648, 857, 2602, 1282, 1587, 1060, 2444, 1204, 917, 5922, 1649, 775, 1457, 957, 380, 1386, 3314, 516, 607, 2749, 1972, 1775, 3185, 2294, 1658, 2369, 3955, 1866, 874, 519, 1819, 1021, 2935, 2047, 1492, 1250, 1469, 926, 824, 1595, 1035, 1149, 796, 2687, 1058, 1252, 1163, 980, 513, 1107, 1206, 1144, 617, 2002, 1782, 4913, 2517, 912, 971, 1733, 723, 1517, 3231, 1200, 2013, 1786, 1454, 761, 416, 1381, 2605, 1874, 879, 1963, 892, 920, 1390, 1567, 1592, 858, 1720, 3729, 1415, 1526, 572, 1770, 1323, 2023, 1223, 1003, 1592, 933, 2193, 1172, 5038, 1617, 1232, 3797, 1504, 2310, 1885, 1948, 4826, 1773, 1104, 1916, 1832, 3073, 1555, 2831, 1928, 1295, 2871, 1642, 1567, 1307, 545, 3779, 2747, 7452, 1596, 2477, 1719, 1300, 1542, 726, 2213, 1992, 1432, 1505, 2369, 522, 2474, 626, 566, 1404, 1182, 1386, 1001, 737, 2682, 2335, 1243, 1320, 1440, 2165, 829, 688, 5496, 1577, 2056, 1411, 1185, 677, 1904, 1834, 1669, 2779, 1140, 2499, 2063, 1319, 3618, 1396, 1094, 1913, 755, 2719, 2172, 1331, 298, 1992, 1860, 1467, 1099, 1268, 493, 2230, 1776, 1003, 2306, 1607, 3411, 2913, 1109, 2727, 1321, 4506, 1448, 1971, 1766, 1167, 5581, 2816, 1329, 3913, 1351, 1230, 1094, 1486, 1154, 851, 1719, 2370, 917, 3311, 1874, 2157, 2649, 1582, 2130)
(75, 332): Mean: 1775.232, median: 1534.5, std: 1064.129, percent: 1751.76, B: 132, W: 117, 
	(2124, 1020, 1280, 7929, 2571, 1432, 918, 1593, 851, 1747, 1280, 1560, 885, 1515, 2877, 914, 2819, 2889, 1548, 2338, 1174, 728, 1703, 819, 1885, 1555, 829, 1918, 1517, 1379, 3189, 2229, 2561, 953, 730, 1664, 1210, 1560, 1828, 1580, 812, 1968, 1361, 1683, 1256, 2428, 1132, 808, 5084, 1543, 758, 1322, 968, 320, 1178, 4442, 528, 583, 2669, 1978, 1659, 3480, 2424, 1493, 2228, 3396, 1573, 974, 473, 1920, 967, 3061, 1942, 1459, 1282, 1590, 977, 862, 1561, 986, 1006, 820, 2209, 979, 1264, 1191, 936, 480, 1212, 1162, 1177, 580, 1957, 1496, 3422, 2166, 891, 939, 1419, 785, 1540, 3407, 1159, 2214, 1737, 1329, 728, 357, 1359, 2773, 2242, 920, 1900, 911, 891, 1407, 1474, 1417, 877, 1748, 3173, 1468, 1755, 634, 1675, 1218, 2042, 1303, 936, 1684, 975, 1956, 1202, 4777, 1592, 1148, 3228, 1306, 2097, 1724, 2296, 4880, 2145, 1209, 2088, 1887, 3085, 1416, 2586, 2047, 1338, 2948, 1548, 1461, 1286, 625, 3439, 2860, 6808, 1804, 2750, 1979, 1404, 1462, 778, 2150, 2076, 1447, 1637, 2741, 551, 2184, 633, 685, 1568, 1239, 1463, 1163, 771, 2256, 2773, 1301, 1254, 1394, 2194, 809, 730, 5198, 1592, 2909, 1529, 1266, 654, 2183, 1945, 1581, 2611, 1089, 2703, 1899, 1282, 5657, 1448, 1257, 1715, 840, 2256, 2769, 1605, 310, 1994, 1998, 1499, 992, 1183, 417, 2824, 1753, 862, 1970, 1524, 3227, 2616, 1071, 2347, 1548, 4034, 1359, 2077, 1907, 1160, 5971, 2915, 1383, 4033, 1324, 1364, 1043, 1471, 955, 893, 1658, 1803, 861, 3578, 1699, 2270, 2462, 1488, 2226)
(76, 334): Mean: 1777.528, median: 1525.5, std: 1082.623, percent: 1679.32, B: 127, W: 123, 
	(2033, 995, 1315, 7558, 2027, 1523, 854, 1291, 748, 1892, 1294, 1442, 902, 1509, 2847, 994, 3305, 3144, 1704, 2437, 1343, 683, 1880, 885, 1575, 1592, 862, 1776, 1396, 1377, 3121, 2284, 3177, 968, 768, 1787, 1101, 1340, 1775, 1596, 791, 2095, 1237, 1661, 907, 2179, 1232, 852, 5378, 1561, 639, 1414, 949, 306, 1311, 4482, 477, 630, 2958, 2235, 1625, 3624, 2665, 1566, 2216, 4486, 1597, 770, 456, 2096, 1000, 3328, 1680, 1549, 1341, 1650, 1002, 800, 1535, 912, 1103, 762, 2560, 940, 1246, 1207, 825, 553, 1106, 1213, 1101, 780, 1980, 1488, 4497, 2859, 858, 877, 1598, 756, 1698, 3355, 1090, 2220, 1707, 1265, 669, 378, 1351, 2603, 2267, 822, 1858, 929, 931, 1275, 1441, 1254, 833, 1866, 3490, 1299, 1795, 600, 1874, 1327, 1918, 1226, 1055, 1752, 1056, 1968, 1254, 5089, 1742, 1096, 3620, 1441, 2408, 1738, 1839, 4865, 1849, 1093, 1721, 1822, 3048, 1580, 2427, 2250, 1235, 3090, 1350, 1429, 1085, 555, 3254, 2083, 6443, 1453, 2767, 1721, 1313, 1310, 750, 2009, 2304, 1455, 1477, 2487, 517, 2371, 612, 619, 1468, 1182, 1584, 1082, 896, 2652, 2430, 1487, 1389, 1582, 1810, 777, 749, 5562, 1638, 2221, 1584, 1326, 650, 2772, 1995, 1552, 2717, 1053, 2398, 1741, 1397, 3721, 1339, 1163, 1850, 784, 2025, 2738, 1441, 273, 1777, 1873, 1708, 1005, 1238, 426, 2573, 1883, 942, 2452, 1528, 3087, 2178, 1251, 2426, 1356, 4681, 1329, 2221, 1945, 1149, 6365, 2192, 1460, 4105, 1320, 1407, 953, 1547, 1079, 849, 1522, 2026, 961, 3555, 2016, 2378, 2381, 1435, 2431)
(77, 339): Mean: 1759.656, median: 1484.5, std: 1102.497, percent: 1666.76, B: 127, W: 121, 
	(2361, 931, 1287, 7743, 2208, 1540, 864, 1349, 739, 1699, 1375, 1442, 1222, 1828, 2527, 854, 2856, 3054, 1775, 2321, 1484, 722, 1608, 984, 1703, 1358, 842, 1726, 1464, 1467, 3090, 1675, 2321, 1026, 748, 1742, 1213, 1375, 1726, 1618, 759, 2440, 1171, 1525, 1100, 2087, 1172, 855, 5747, 1434, 787, 1354, 944, 280, 1376, 3609, 504, 547, 3047, 2202, 1921, 2739, 2253, 1656, 1723, 3760, 1684, 935, 489, 1786, 987, 2965, 2095, 1477, 1258, 1684, 921, 896, 1440, 994, 977, 776, 2368, 1025, 1243, 1277, 829, 555, 1201, 1166, 1183, 657, 1733, 1572, 5213, 2417, 913, 907, 1700, 787, 1721, 3102, 1057, 2215, 1750, 1389, 712, 391, 1442, 2553, 1988, 822, 2028, 953, 904, 1319, 1458, 1393, 871, 1742, 3418, 1479, 1643, 631, 1780, 1332, 2081, 1251, 912, 1666, 963, 1757, 1301, 4622, 1625, 1201, 3146, 1518, 2132, 1568, 1808, 4462, 1624, 1107, 1813, 1887, 3094, 1473, 2354, 2061, 1241, 2952, 1398, 1450, 1206, 644, 3158, 2236, 7406, 1459, 2676, 1924, 1348, 1386, 727, 1999, 1683, 1485, 1330, 2514, 561, 2141, 617, 605, 1483, 1273, 1365, 1081, 784, 2345, 2637, 1194, 1436, 1647, 1931, 743, 697, 5476, 1526, 2147, 1559, 1324, 708, 2156, 1823, 1605, 2441, 1070, 2366, 2311, 1219, 4532, 1306, 1079, 1730, 756, 2403, 2503, 1381, 290, 1854, 1728, 1552, 1018, 1206, 491, 2334, 1576, 1038, 2504, 1697, 2918, 2594, 1107, 2611, 1387, 6831, 1402, 1905, 2123, 1013, 6157, 2664, 1407, 4487, 1371, 1395, 1099, 1508, 1027, 848, 1648, 2041, 931, 3334, 1721, 2165, 2652, 1433, 2176)
(79, 350): Mean: 1752.964, median: 1495.5, std: 1093.631, percent: 1643.56, B: 134, W: 114, 
	(2165, 940, 1169, 7480, 2125, 1470, 826, 1367, 939, 1713, 1326, 1418, 1040, 1512, 2916, 878, 2384, 3703, 1619, 2208, 1293, 684, 1715, 879, 1877, 1292, 758, 2063, 1412, 1377, 2958, 1843, 2516, 941, 731, 1730, 1258, 1580, 1907, 1564, 847, 2352, 1257, 1762, 900, 2090, 1135, 767, 4873, 1810, 737, 1398, 891, 324, 1307, 5016, 463, 593, 2837, 1852, 1714, 2903, 2237, 1568, 1847, 3557, 1685, 939, 489, 1774, 989, 3041, 1782, 1443, 1271, 1552, 1008, 850, 1513, 944, 1110, 824, 2285, 873, 1223, 1203, 836, 556, 1138, 1211, 1183, 571, 1879, 1582, 4221, 2681, 962, 956, 1534, 706, 1554, 3156, 1210, 2016, 1718, 1267, 726, 316, 1382, 2457, 2169, 911, 1946, 957, 860, 1181, 1378, 1430, 816, 1880, 3224, 1410, 1548, 558, 1677, 1285, 1957, 1144, 1019, 1995, 1029, 2015, 1200, 5218, 1584, 1288, 3625, 1359, 2051, 1979, 1766, 4066, 2274, 1090, 2001, 1687, 3040, 1553, 2247, 2335, 1236, 2666, 1331, 1479, 1163, 672, 3209, 2603, 7513, 1569, 2487, 1614, 1330, 1354, 762, 2162, 1842, 1536, 1467, 2355, 510, 2197, 634, 622, 1512, 1158, 1424, 1066, 808, 2286, 2873, 1289, 1440, 1354, 2016, 728, 799, 6507, 1472, 2386, 1481, 1288, 702, 2074, 2106, 1659, 2546, 1004, 2527, 1987, 1298, 4446, 1342, 1207, 2064, 763, 1855, 2504, 1203, 265, 1832, 2009, 1461, 1116, 1176, 404, 2216, 1775, 894, 2537, 1507, 4082, 2278, 1091, 2425, 1409, 4006, 1390, 2057, 1730, 1086, 6706, 2720, 1374, 4127, 1289, 1271, 1102, 1528, 994, 866, 1484, 1902, 966, 3790, 1690, 2028, 2399, 1539, 2252)
(80, 356): Mean: 1732.852, median: 1496.0, std: 1045.567, percent: 1647.92, B: 131, W: 116, 
	(2281, 977, 1135, 7444, 2045, 1493, 821, 1259, 759, 2054, 1420, 1395, 1024, 1623, 2569, 874, 2673, 3300, 1500, 2136, 1304, 733, 1879, 968, 1700, 1333, 700, 1733, 1523, 1786, 2685, 2296, 2606, 1075, 813, 1754, 1124, 1807, 1859, 1621, 797, 2559, 1218, 1798, 896, 2089, 1144, 875, 5913, 1424, 745, 1354, 936, 320, 1246, 3570, 491, 532, 2501, 1905, 1778, 3051, 2217, 1570, 1847, 3332, 1691, 820, 575, 1995, 974, 3136, 1619, 1471, 1371, 1619, 973, 851, 1449, 976, 1042, 842, 2497, 956, 1202, 1118, 856, 543, 1126, 1142, 1107, 621, 1790, 1551, 4002, 2432, 843, 942, 1596, 674, 1771, 2923, 1141, 2028, 1606, 1395, 785, 397, 1404, 2549, 2051, 899, 1926, 960, 877, 1128, 1406, 1598, 881, 1827, 3095, 1366, 1580, 568, 1666, 1381, 2127, 1342, 944, 1716, 1005, 1994, 1162, 4953, 1635, 1181, 3436, 1483, 2156, 1579, 1912, 5182, 1725, 1159, 1752, 1781, 3082, 1438, 2311, 1873, 1209, 2867, 1318, 1444, 1188, 574, 3934, 2192, 6754, 1735, 3009, 1662, 1211, 1378, 765, 2074, 1852, 1341, 1373, 2399, 552, 2131, 668, 664, 1518, 1134, 1451, 1135, 785, 2176, 2470, 1250, 1511, 1283, 2306, 785, 747, 5808, 1406, 2464, 1462, 1162, 622, 2100, 1976, 1399, 2518, 979, 2335, 2193, 1182, 4020, 1368, 1127, 1888, 739, 2011, 2189, 1695, 276, 1801, 1793, 1433, 998, 1317, 404, 2400, 1718, 894, 2300, 1363, 3261, 2397, 1082, 2331, 1556, 4366, 1353, 1949, 1677, 1206, 5734, 2731, 1624, 4598, 1499, 1329, 1127, 1403, 1068, 946, 1487, 1818, 936, 3202, 1857, 2009, 2119, 1489, 2147)
(82, 368): Mean: 1734.46, median: 1490.5, std: 1074.793, percent: 1652.54, B: 133, W: 115, 
	(2259, 904, 1172, 8501, 2258, 1391, 804, 1352, 811, 1706, 1310, 1482, 913, 1606, 2787, 924, 2547, 2831, 1747, 2594, 1160, 656, 1644, 883, 1631, 1360, 803, 1742, 1508, 1528, 2886, 1835, 2440, 1106, 859, 1721, 1205, 1385, 1729, 1475, 794, 2442, 1260, 1548, 733, 2301, 1094, 817, 5141, 1549, 726, 1414, 913, 280, 1311, 4836, 506, 669, 2698, 1817, 1624, 3186, 2217, 1530, 2597, 3309, 1471, 990, 469, 1740, 951, 2748, 1888, 1600, 1294, 1521, 929, 777, 1617, 1057, 1050, 757, 2239, 973, 1167, 1158, 838, 551, 1099, 1132, 1073, 712, 1803, 1475, 4314, 2212, 804, 904, 1499, 633, 1755, 2661, 1031, 2209, 1705, 1356, 805, 358, 1428, 2447, 2085, 785, 1752, 874, 847, 1291, 1451, 1349, 858, 1660, 3301, 1339, 1669, 617, 1672, 1367, 1958, 1240, 1011, 1504, 1014, 1840, 1352, 5053, 1842, 1131, 3363, 1323, 1941, 1551, 1898, 4916, 2247, 1217, 1722, 1833, 3151, 1442, 2477, 1921, 1309, 2829, 1200, 1381, 1202, 635, 3031, 2198, 5847, 1390, 2479, 1692, 1310, 1198, 794, 2100, 1996, 1532, 1351, 2286, 539, 1900, 590, 597, 1394, 1175, 1407, 1048, 778, 2232, 2757, 1511, 1630, 1302, 2078, 806, 703, 5828, 1579, 2436, 1462, 1333, 679, 1875, 1856, 1522, 2721, 1028, 2056, 1879, 1213, 4246, 1275, 1168, 2234, 747, 2398, 2328, 1478, 262, 1926, 2009, 1386, 971, 1168, 504, 2757, 1711, 839, 2399, 1504, 3863, 2226, 1102, 2433, 1551, 5643, 1294, 2203, 1974, 1135, 5495, 2953, 1443, 4582, 1385, 1260, 1095, 1389, 1048, 850, 1602, 1913, 958, 3448, 1649, 2226, 2357, 1555, 2168)
(95, 445): Mean: 1724.108, median: 1524.0, std: 1028.463, percent: 1611.34, B: 125, W: 124, 
	(2261, 870, 1267, 7394, 1817, 1455, 903, 1300, 816, 1617, 1415, 1404, 899, 1593, 2830, 854, 2930, 2941, 1878, 2320, 1211, 757, 1713, 852, 1597, 1181, 780, 2084, 1487, 1370, 2997, 2377, 2492, 974, 873, 1628, 1176, 1517, 2000, 1502, 819, 2317, 1275, 1628, 781, 2365, 1147, 919, 4873, 1647, 731, 1312, 995, 381, 1239, 3914, 511, 533, 3163, 1977, 1652, 3178, 2209, 1458, 1990, 3614, 1710, 814, 463, 1949, 978, 2803, 1922, 1601, 1249, 1704, 980, 816, 1357, 987, 1140, 772, 2305, 917, 1221, 1104, 917, 551, 1240, 1189, 1054, 581, 1787, 1591, 3849, 2348, 860, 901, 1607, 659, 1675, 2686, 1163, 2042, 1681, 1291, 786, 336, 1385, 2623, 2411, 841, 1769, 864, 798, 1284, 1531, 1542, 792, 1774, 2942, 1367, 1548, 537, 1974, 1326, 1804, 1245, 995, 1561, 1069, 1837, 1163, 6380, 1613, 1143, 3572, 1438, 1890, 1538, 1800, 4473, 1745, 1175, 1641, 1932, 3137, 1415, 2239, 2304, 1287, 3010, 1301, 1402, 1295, 604, 5019, 2127, 5679, 1429, 2232, 1703, 1142, 1289, 812, 1871, 1846, 1539, 1280, 2266, 516, 2130, 533, 585, 1607, 1163, 1485, 1165, 823, 2789, 2532, 1222, 1596, 1221, 1909, 819, 675, 5273, 1634, 2196, 1538, 1362, 650, 1967, 1847, 1647, 2500, 1105, 2316, 1861, 1283, 3478, 1466, 1094, 1969, 839, 2198, 2463, 1492, 308, 1680, 1773, 1563, 1065, 1230, 446, 2389, 1770, 971, 2106, 1403, 3832, 2199, 1013, 2324, 1428, 4541, 1424, 1856, 1910, 1218, 5615, 2655, 1400, 4104, 1368, 1310, 1124, 1395, 1039, 911, 1613, 2060, 912, 3249, 1749, 2053, 2174, 1549, 2254)
(96, 451): Mean: 1747.964, median: 1517.0, std: 1050.248, percent: 1710.2, B: 128, W: 122, 
	(2203, 906, 1116, 6846, 2151, 1535, 931, 1344, 772, 1885, 1299, 1459, 927, 1746, 2744, 855, 2462, 2637, 1843, 2188, 1296, 682, 1747, 914, 1582, 1293, 830, 1706, 1442, 1388, 2530, 1814, 2267, 933, 855, 1641, 1166, 1444, 1879, 1597, 839, 2527, 1358, 1611, 963, 2104, 1081, 850, 4639, 1521, 708, 1269, 984, 356, 1301, 3837, 480, 615, 2616, 1913, 1736, 3301, 2542, 1440, 2040, 3624, 1537, 896, 537, 1894, 945, 2650, 1756, 1671, 1266, 1681, 933, 846, 1474, 973, 1114, 851, 4236, 960, 1167, 1077, 910, 499, 1085, 1199, 1084, 633, 1941, 1755, 4399, 2988, 847, 923, 1492, 598, 1661, 3246, 1236, 1893, 1704, 1431, 771, 335, 1342, 2481, 1963, 805, 1878, 907, 877, 1501, 1416, 1747, 805, 1773, 3006, 1312, 1535, 565, 1568, 1338, 2343, 1184, 916, 2012, 979, 2045, 1170, 5249, 1653, 1326, 3660, 1374, 2032, 1758, 1782, 4442, 1901, 1117, 1910, 1931, 2933, 1509, 2593, 2039, 1233, 2997, 1425, 1538, 1271, 608, 3354, 2215, 5952, 1672, 2818, 1664, 1295, 1262, 768, 1970, 1825, 1451, 1279, 2594, 522, 2035, 601, 647, 1519, 1338, 1664, 1121, 765, 2336, 2706, 1144, 1454, 1363, 2290, 762, 713, 6703, 1632, 2307, 1592, 1268, 634, 1820, 1831, 1580, 2939, 1051, 2876, 2066, 1238, 3425, 1368, 1167, 1929, 770, 2376, 2391, 1353, 301, 1797, 1659, 1422, 1102, 1274, 453, 2574, 1798, 923, 2232, 1517, 3227, 2899, 1066, 2768, 1446, 4651, 1329, 1805, 1818, 1031, 6268, 2511, 1450, 5199, 1338, 1357, 1106, 1378, 1107, 872, 1801, 2257, 892, 3310, 1886, 1870, 2082, 1517, 2330)
(99, 469): Mean: 1724.188, median: 1522.5, std: 1007.263, percent: 1644.64, B: 127, W: 122, 
	(2201, 880, 1189, 7197, 1972, 1565, 910, 1342, 741, 1850, 1328, 1578, 890, 1598, 2719, 906, 2654, 2567, 1606, 2304, 1086, 690, 1733, 982, 1835, 1330, 843, 1930, 1323, 1575, 2871, 2227, 2795, 1067, 798, 1840, 1148, 1592, 1726, 1445, 824, 2576, 1221, 1654, 911, 2097, 1186, 795, 5628, 1552, 721, 1411, 973, 279, 1394, 3547, 478, 650, 2536, 2026, 1680, 2633, 2273, 1466, 1894, 4378, 1503, 947, 523, 1917, 917, 2770, 1812, 1573, 1341, 1578, 926, 811, 1503, 982, 1001, 731, 2371, 1003, 1240, 1178, 935, 561, 1129, 1228, 1111, 652, 2082, 1660, 3364, 2192, 795, 913, 1555, 737, 1549, 2780, 1151, 2109, 1828, 1313, 685, 309, 1609, 2590, 2368, 909, 1870, 909, 967, 1339, 1384, 2017, 839, 1706, 3198, 1307, 1537, 546, 1654, 1364, 2364, 1266, 1044, 1642, 1008, 2363, 1262, 5072, 1742, 1175, 3098, 1453, 1995, 1588, 2015, 3905, 1747, 946, 1959, 1902, 3399, 1419, 2508, 1957, 1249, 3076, 1285, 1477, 1129, 594, 3099, 2500, 5980, 1426, 2477, 1726, 1188, 1333, 738, 2353, 1884, 1674, 1399, 2677, 510, 2172, 585, 634, 1582, 1162, 1454, 1071, 731, 2789, 2417, 1355, 1365, 1454, 2203, 804, 694, 6072, 1533, 2387, 1569, 1328, 711, 2078, 1861, 1698, 2589, 1051, 2353, 1857, 1275, 3377, 1293, 1106, 1825, 811, 2034, 2359, 1359, 310, 1673, 1891, 1512, 959, 1227, 394, 2355, 1763, 868, 2155, 1409, 3547, 2259, 1114, 2379, 1460, 4208, 1407, 2036, 1874, 1138, 5896, 2423, 1495, 4084, 1431, 1246, 1113, 1325, 1069, 886, 1402, 1938, 894, 3773, 1553, 2115, 2124, 1583, 2164)
(100, 475): Mean: 1741.4, median: 1550.0, std: 1086.654, percent: 1659.88, B: 124, W: 125, 
	(2555, 896, 1219, 8784, 2119, 1547, 840, 1336, 772, 1774, 1289, 1566, 1002, 1600, 2751, 847, 2747, 3111, 1607, 2125, 1263, 661, 1770, 908, 1629, 1458, 813, 1866, 1420, 1607, 2684, 2137, 2565, 1033, 773, 1784, 1139, 1619, 1824, 1567, 757, 2410, 1175, 1643, 801, 2125, 1046, 869, 5482, 1559, 697, 1373, 943, 314, 1164, 3408, 549, 583, 2658, 2101, 1632, 3333, 2565, 1411, 1904, 2971, 1666, 917, 527, 1724, 1069, 2731, 1629, 1471, 1323, 1665, 992, 767, 1460, 1144, 1101, 867, 2570, 974, 1112, 1147, 882, 542, 1080, 1287, 1060, 691, 1801, 1712, 4349, 2410, 831, 954, 1700, 731, 1648, 3097, 1183, 2280, 1874, 1210, 747, 303, 1391, 2696, 2105, 861, 1833, 957, 829, 1554, 1374, 1920, 898, 1770, 3049, 1449, 1896, 744, 1612, 1263, 2097, 1285, 1009, 1754, 1063, 1808, 1290, 5360, 1559, 1087, 3458, 1485, 2131, 1899, 1813, 3868, 1795, 1037, 1988, 1708, 2673, 1634, 2457, 2007, 1319, 2546, 1267, 1528, 1131, 594, 3274, 2162, 7783, 1376, 2580, 1757, 1247, 1405, 787, 2085, 1657, 1467, 1389, 2622, 538, 2169, 603, 575, 1569, 1319, 1320, 1172, 821, 2315, 2418, 1199, 1432, 1492, 2194, 839, 750, 5793, 1445, 2097, 1553, 1256, 645, 2541, 1933, 1692, 2962, 1104, 2292, 2014, 1284, 3679, 1324, 1197, 1732, 794, 2115, 2341, 1204, 315, 1993, 1839, 1401, 922, 1189, 473, 2247, 1715, 893, 1876, 1597, 3421, 2182, 1026, 2613, 1533, 4352, 1390, 1884, 2164, 1176, 6574, 2180, 1482, 3886, 1302, 1277, 1027, 1321, 1103, 806, 1491, 1847, 972, 3591, 1722, 2195, 2523, 1743, 2235)
(101, 478): Mean: 1732.72, median: 1517.5, std: 1003.488, percent: 1665.36, B: 128, W: 120, 
	(2354, 873, 1229, 6802, 2032, 1577, 874, 1382, 755, 1879, 1255, 1449, 949, 1615, 2795, 1040, 2520, 2613, 1620, 2184, 1255, 681, 1748, 840, 1657, 1477, 913, 2022, 1517, 1493, 2569, 2088, 2617, 952, 824, 1777, 1105, 1421, 1754, 1408, 829, 2657, 1257, 1698, 880, 2145, 1027, 787, 4652, 1682, 647, 1518, 948, 245, 1212, 3701, 532, 566, 3078, 1843, 1821, 3148, 2730, 1588, 1976, 3958, 1713, 846, 448, 1913, 1005, 2791, 1914, 1407, 1277, 1679, 959, 797, 1470, 902, 1091, 794, 2426, 1027, 1238, 1115, 885, 475, 1223, 1178, 1158, 646, 1947, 1439, 4831, 2170, 813, 885, 1416, 582, 1780, 2987, 1183, 2051, 1842, 1310, 755, 399, 1507, 2399, 2481, 823, 1720, 886, 1022, 1283, 1645, 1892, 806, 1739, 3477, 1329, 1731, 638, 1983, 1159, 2185, 1152, 905, 1691, 945, 1828, 1167, 5339, 1645, 1263, 4043, 1375, 2058, 1662, 1949, 4050, 1931, 1204, 1984, 1724, 2528, 1403, 2564, 1975, 1382, 2819, 1257, 1387, 1245, 578, 3667, 2231, 5502, 1535, 2227, 1936, 1311, 1508, 710, 2042, 1847, 1508, 1306, 2622, 575, 2122, 607, 699, 1756, 1131, 1438, 1212, 802, 2482, 2637, 1341, 1519, 1352, 2210, 789, 662, 5617, 1786, 2511, 1448, 1186, 659, 1988, 2005, 1621, 2439, 1075, 2130, 1861, 1094, 4336, 1259, 1115, 1903, 753, 2006, 2174, 1289, 302, 2077, 1852, 1527, 1035, 1275, 368, 2562, 1626, 875, 2377, 1550, 3393, 2410, 1023, 2721, 1417, 4371, 1327, 1828, 1955, 1138, 5886, 2640, 1431, 3883, 1310, 1407, 1116, 1493, 1094, 901, 1652, 1960, 973, 3465, 1743, 2002, 2174, 1572, 2363)
(102, 480): Mean: 1744.816, median: 1489.0, std: 1116.409, percent: 1643.12, B: 137, W: 111, 
	(2134, 939, 1159, 8918, 2220, 1497, 793, 1329, 801, 1928, 1270, 1376, 951, 1665, 2812, 907, 2984, 3219, 1673, 2363, 1408, 637, 1753, 929, 1728, 1421, 883, 1692, 1476, 1378, 2916, 2105, 2611, 1042, 755, 1700, 1385, 1613, 1764, 1603, 774, 2472, 1238, 1614, 837, 1922, 1007, 892, 5252, 1661, 679, 1377, 934, 302, 1456, 3718, 539, 560, 2928, 1748, 1566, 3359, 2732, 1550, 1786, 3401, 1690, 896, 438, 1661, 1008, 3144, 1902, 1381, 1210, 1659, 932, 809, 1480, 1005, 1010, 822, 2424, 987, 1154, 1220, 824, 499, 1166, 1244, 1129, 701, 1744, 1602, 4096, 2416, 792, 910, 1569, 573, 1654, 2752, 1091, 1955, 1580, 1370, 740, 381, 1463, 2567, 2378, 898, 1869, 907, 849, 1187, 1435, 1886, 888, 1549, 3312, 1271, 1503, 538, 1714, 1381, 2275, 1369, 1005, 1818, 938, 2050, 1195, 6120, 1581, 1282, 3094, 1439, 2252, 1580, 1944, 4506, 2101, 1199, 1704, 1784, 3132, 1471, 2289, 2065, 1264, 2764, 1329, 1447, 1209, 577, 2970, 2029, 7110, 1424, 2713, 1882, 1302, 1375, 768, 2034, 1950, 1361, 1363, 2455, 483, 2053, 608, 611, 1481, 1163, 1372, 1153, 859, 2268, 2491, 1353, 1544, 1380, 2033, 789, 714, 4980, 1504, 2352, 1438, 1370, 673, 1918, 2003, 1696, 2908, 1060, 2304, 2049, 1274, 4506, 1281, 1110, 1799, 749, 1932, 2386, 1186, 226, 1562, 1718, 1580, 1009, 1211, 469, 2327, 1585, 875, 2380, 1504, 3009, 2519, 1068, 2402, 1382, 3796, 1307, 2201, 1932, 1237, 7138, 2344, 1360, 5776, 1436, 1400, 961, 1664, 1132, 855, 1465, 1929, 983, 3160, 1758, 2019, 2213, 1534, 2170)
(103, 486): Mean: 1743.816, median: 1499.5, std: 1063.606, percent: 1680.06, B: 121, W: 129, 
	(2550, 924, 1230, 6916, 2118, 1513, 841, 1333, 837, 1955, 1326, 1563, 949, 1608, 2648, 893, 2453, 3339, 1636, 2234, 1257, 757, 1818, 896, 1703, 1371, 853, 1611, 1384, 1425, 3006, 1752, 2955, 1003, 807, 1799, 1121, 1500, 1701, 1570, 802, 2592, 1319, 1459, 975, 2330, 1156, 854, 6086, 1733, 676, 1347, 989, 359, 1202, 3929, 504, 543, 2631, 1848, 1758, 3098, 2388, 1413, 1882, 4076, 1590, 891, 509, 1749, 935, 3019, 1760, 1385, 1242, 1555, 964, 816, 1630, 1050, 1036, 805, 2255, 930, 1182, 1240, 871, 475, 1127, 1168, 1048, 688, 1860, 1444, 4005, 2293, 857, 892, 1737, 691, 1772, 3681, 1157, 2206, 1861, 1411, 787, 323, 1373, 2594, 2543, 843, 1921, 850, 855, 1072, 1356, 1868, 864, 1786, 3358, 1500, 1556, 582, 1921, 1333, 2064, 1261, 1150, 1638, 993, 2219, 1316, 4125, 1680, 1407, 3363, 1444, 1800, 1665, 1688, 3978, 1827, 1158, 1699, 1688, 2894, 1653, 2561, 2147, 1268, 2555, 1370, 1525, 1163, 673, 3554, 2532, 8093, 1365, 2365, 2076, 1583, 1317, 773, 2072, 1736, 1499, 1463, 2291, 618, 2403, 620, 543, 1424, 1220, 1458, 1078, 721, 2175, 2810, 1352, 1483, 1416, 2090, 810, 766, 5092, 1584, 2510, 1346, 1152, 658, 2376, 1895, 1759, 2646, 1086, 2652, 1907, 1185, 3233, 1388, 1129, 1801, 743, 2360, 2145, 1372, 297, 1951, 1680, 1582, 1063, 1208, 445, 2217, 1587, 884, 2642, 1452, 2882, 2376, 1140, 2268, 1576, 5228, 1243, 2138, 1695, 1267, 6029, 2471, 1429, 5243, 1399, 1246, 1123, 1419, 1103, 877, 1491, 1855, 850, 3034, 1635, 1958, 2082, 1459, 2557)
(104, 491): Mean: 1743.312, median: 1494.5, std: 1083.049, percent: 1686.9, B: 134, W: 116, 
	(2271, 912, 1258, 8762, 1945, 1459, 805, 1376, 794, 1886, 1351, 1549, 987, 1556, 2194, 896, 2647, 2711, 1546, 2320, 1216, 712, 1831, 810, 1573, 1490, 831, 1683, 1344, 1350, 3079, 2088, 2500, 1036, 768, 1790, 1120, 1333, 1734, 1522, 822, 2506, 1219, 1586, 894, 2093, 1089, 851, 5104, 1553, 744, 1449, 969, 370, 1340, 3776, 496, 606, 2625, 1831, 1668, 3370, 2184, 1553, 2099, 3511, 1516, 805, 523, 1747, 954, 3214, 2015, 1290, 1281, 1499, 1033, 809, 1473, 942, 1150, 787, 2874, 986, 1216, 1126, 908, 521, 1120, 1146, 1034, 621, 1791, 1432, 3980, 2344, 855, 904, 1434, 631, 1500, 2914, 1086, 2275, 1887, 1209, 770, 375, 1416, 3054, 2205, 877, 1712, 912, 941, 1203, 1527, 1831, 834, 1629, 2952, 1337, 1753, 667, 1758, 1396, 2396, 1133, 1014, 1685, 962, 1792, 1274, 4619, 1577, 1221, 3474, 1466, 2138, 1572, 2008, 4546, 1634, 1097, 1815, 2162, 3288, 1486, 2796, 1845, 1284, 2782, 1322, 1735, 1174, 609, 2783, 2556, 7248, 1569, 2566, 1925, 1260, 1289, 749, 2118, 2208, 1539, 1377, 2499, 515, 1872, 595, 628, 1571, 1261, 1308, 1202, 807, 2484, 2705, 1433, 1559, 1454, 2337, 812, 733, 5677, 1451, 2320, 1383, 1382, 669, 2300, 1853, 1536, 2670, 1076, 2037, 1739, 1252, 4964, 1309, 1255, 1995, 781, 2143, 2272, 1245, 296, 1762, 2187, 1515, 985, 1193, 468, 2347, 1760, 886, 2542, 1468, 3472, 2348, 1060, 2133, 1417, 4696, 1317, 1985, 1719, 1129, 5706, 2477, 1397, 4633, 1336, 1188, 1084, 1641, 1041, 933, 1597, 2066, 882, 3472, 1646, 2335, 2578, 1414, 2216)
(107, 508): Mean: 1746.196, median: 1492.5, std: 1056.949, percent: 1652.96, B: 122, W: 128, 
	(2226, 857, 1203, 7860, 2002, 1514, 808, 1274, 746, 1786, 1340, 1412, 1052, 1690, 2541, 891, 2887, 3238, 1641, 2316, 1247, 682, 1641, 900, 1676, 1243, 802, 1641, 1610, 1515, 2928, 2304, 2820, 931, 806, 1594, 1128, 1489, 1827, 1444, 839, 2441, 1240, 1595, 895, 2069, 1070, 845, 5240, 1523, 737, 1252, 974, 304, 1196, 3473, 501, 552, 2749, 1873, 1636, 3691, 2351, 1655, 1984, 3505, 1642, 818, 565, 1971, 940, 2881, 1980, 1453, 1260, 1451, 937, 784, 1531, 960, 1042, 754, 2458, 970, 1105, 1086, 868, 554, 1128, 1182, 1142, 798, 1887, 1485, 3837, 2492, 824, 970, 1423, 681, 1468, 3561, 1049, 2054, 1696, 1262, 683, 308, 1523, 2525, 2188, 746, 1833, 855, 1034, 1613, 1480, 2002, 842, 1808, 3147, 1442, 1660, 692, 1739, 1409, 2016, 1140, 1095, 1863, 1034, 2006, 1275, 6129, 1709, 1321, 3710, 1415, 1968, 1688, 1875, 4509, 1816, 1212, 1881, 1839, 3478, 1462, 2236, 1902, 1188, 2931, 1316, 1375, 1131, 565, 3560, 2210, 6630, 1584, 2409, 1800, 1258, 1328, 784, 1960, 2007, 1487, 1309, 2721, 552, 1985, 551, 644, 1541, 1266, 1391, 1100, 804, 2671, 2747, 1330, 1412, 1378, 2195, 850, 644, 4785, 1782, 2327, 1387, 1323, 637, 2879, 2070, 1600, 2925, 1091, 2195, 2202, 1268, 4249, 1421, 1250, 1905, 894, 1921, 2217, 1496, 332, 1958, 1745, 1520, 993, 1289, 420, 2179, 1631, 922, 2011, 1531, 3500, 2306, 1161, 2468, 1363, 4793, 1476, 2028, 1736, 1236, 5389, 2422, 1308, 4559, 1330, 1381, 1059, 1477, 1189, 900, 1642, 1877, 940, 3810, 1849, 1870, 2135, 1443, 2174)
(108, 513): Mean: 1728.1, median: 1479.5, std: 1023.539, percent: 1652.46, B: 129, W: 119, 
	(2165, 988, 1195, 7101, 2027, 1539, 750, 1362, 658, 1828, 1308, 1584, 1010, 1781, 2497, 969, 2865, 3109, 1707, 2279, 1244, 750, 1616, 900, 1788, 1405, 969, 1651, 1414, 1402, 2997, 2034, 2816, 1028, 735, 1967, 1131, 1302, 1910, 1447, 770, 2419, 1253, 1632, 935, 2075, 1129, 821, 5033, 1640, 642, 1375, 1023, 318, 1349, 3516, 574, 681, 2729, 1825, 1586, 2939, 2090, 1641, 1815, 3824, 1567, 827, 427, 1802, 943, 3010, 2146, 1483, 1212, 1440, 1023, 829, 1754, 1029, 1136, 806, 2599, 965, 1155, 1230, 868, 497, 1167, 1212, 1183, 770, 2035, 1721, 4160, 2431, 828, 861, 1580, 664, 1501, 3469, 1135, 2380, 1895, 1304, 708, 419, 1315, 2453, 2428, 896, 1862, 891, 892, 1198, 1387, 1770, 837, 1866, 3483, 1338, 1696, 597, 1839, 1295, 1969, 1158, 935, 1646, 954, 1997, 1235, 5473, 1454, 1329, 3288, 1395, 1919, 1432, 1668, 4477, 2077, 1166, 1942, 1978, 2994, 1476, 2759, 1935, 1256, 2856, 1283, 1793, 1185, 587, 3054, 2002, 6550, 1588, 2647, 1549, 1289, 1285, 686, 2217, 1901, 1348, 1532, 2277, 559, 2024, 567, 600, 1426, 1249, 1406, 1132, 741, 2350, 2369, 1247, 1345, 1552, 2033, 747, 648, 5405, 1610, 2112, 1510, 1316, 642, 2259, 1835, 1578, 2497, 1180, 2403, 1881, 1173, 3524, 1287, 1156, 1764, 729, 2335, 2226, 1433, 265, 1821, 1998, 1562, 960, 1200, 464, 2259, 1760, 1013, 2351, 1448, 3383, 2179, 1129, 2122, 1416, 4749, 1302, 1912, 1728, 1036, 5753, 2488, 1340, 4658, 1227, 1281, 1036, 1409, 1041, 872, 1583, 2000, 921, 3573, 1654, 2280, 2439, 1470, 2476)
(109, 515): Mean: 1721.068, median: 1486.0, std: 1027.673, percent: 1623.72, B: 127, W: 122, 
	(2115, 949, 1189, 7171, 2149, 1428, 865, 1383, 661, 1690, 1288, 1366, 1024, 1471, 2494, 855, 2838, 3449, 1681, 2182, 1348, 647, 1887, 949, 1560, 1313, 820, 1669, 1513, 1425, 3008, 2176, 2922, 932, 826, 1591, 1185, 1490, 1768, 1493, 797, 2657, 1314, 1708, 888, 2122, 1125, 843, 5383, 1595, 720, 1360, 1027, 317, 1317, 3920, 480, 608, 3059, 1720, 1903, 3085, 2243, 1544, 1718, 3336, 1597, 797, 426, 1782, 939, 2817, 1889, 1425, 1133, 1561, 1083, 773, 1494, 995, 938, 790, 2218, 956, 1117, 1253, 893, 534, 1081, 1136, 1076, 716, 2021, 1608, 4135, 2291, 781, 979, 1586, 761, 1487, 3327, 1102, 2070, 1859, 1197, 711, 385, 1437, 2497, 2352, 819, 1755, 871, 946, 1128, 1416, 1967, 921, 1763, 3560, 1301, 1539, 597, 1791, 1312, 2054, 1056, 894, 1652, 1016, 1855, 1164, 5011, 1492, 1153, 3832, 1319, 1913, 1644, 2178, 4115, 1584, 1135, 1846, 1568, 3042, 1353, 2697, 2120, 1249, 3008, 1368, 1485, 1122, 606, 3235, 2007, 6599, 1337, 2885, 1631, 1352, 1407, 760, 2238, 1740, 1508, 1470, 2101, 550, 2121, 634, 561, 1463, 1202, 1409, 1167, 800, 2340, 2664, 1396, 1471, 1453, 2126, 732, 754, 4824, 1526, 2229, 1430, 1210, 607, 1936, 1776, 1520, 2697, 1097, 2145, 2158, 1189, 3678, 1305, 1157, 2362, 770, 1971, 2351, 1413, 312, 1901, 2038, 1443, 894, 1180, 410, 2279, 1520, 919, 2496, 1346, 3161, 2251, 1139, 2128, 1484, 4586, 1303, 1999, 1676, 1046, 5829, 2500, 1487, 4821, 1257, 1343, 1131, 1527, 1149, 861, 1584, 2063, 1010, 3735, 1600, 2111, 2540, 1544, 2419)
(111, 527): Mean: 1717.96, median: 1482.0, std: 993.84, percent: 1635.88, B: 125, W: 124, 
	(2313, 853, 1310, 7305, 1998, 1591, 796, 1281, 749, 2010, 1431, 1444, 955, 1609, 2407, 948, 2610, 3651, 1627, 2262, 1153, 734, 1740, 781, 1655, 1441, 809, 1645, 1478, 1414, 2770, 2041, 2528, 1092, 742, 1756, 1118, 1575, 1785, 1434, 811, 2353, 1251, 1487, 937, 2303, 1157, 798, 6018, 1753, 769, 1440, 937, 297, 1429, 3432, 445, 571, 2862, 2005, 1607, 2836, 2417, 1528, 2118, 3455, 1645, 827, 453, 1748, 1036, 2989, 1755, 1493, 1281, 1519, 960, 817, 1433, 935, 1028, 824, 2886, 1092, 1088, 1091, 837, 518, 1137, 1165, 1130, 689, 1706, 1451, 3912, 2332, 838, 902, 1539, 593, 1500, 3241, 1187, 2355, 1874, 1381, 721, 324, 1346, 2622, 2000, 895, 1929, 853, 875, 1185, 1402, 1736, 848, 1842, 3412, 1327, 1741, 555, 1864, 1531, 2076, 1326, 965, 1640, 1048, 1831, 1217, 4222, 1578, 1269, 3525, 1484, 2095, 1668, 1845, 4006, 1976, 1102, 1909, 1722, 2749, 1423, 2390, 2305, 1293, 2912, 1337, 1479, 1111, 568, 3218, 2251, 4985, 1477, 2705, 1677, 1304, 1394, 749, 2007, 2015, 1428, 1432, 2120, 567, 2027, 590, 596, 1617, 1156, 1480, 1097, 778, 2256, 2463, 1297, 1226, 1396, 2174, 772, 723, 4694, 1526, 2378, 1697, 1224, 650, 2159, 1765, 1404, 3219, 1056, 2515, 1811, 1410, 4024, 1484, 1136, 1676, 784, 2169, 2629, 1161, 271, 2101, 1703, 1530, 1022, 1176, 411, 2181, 1770, 1015, 2508, 1415, 3228, 2603, 1084, 2431, 1282, 4024, 1204, 2263, 1727, 1203, 6113, 2399, 1417, 4824, 1299, 1245, 1069, 1432, 1051, 834, 1653, 1922, 947, 3464, 1799, 2290, 2209, 1459, 2241)
(122, 591): Mean: 1786.34, median: 1552.0, std: 1037.996, percent: 1677.38, B: 80, W: 168, 
	(2629, 912, 1257, 6978, 2301, 1684, 873, 1373, 869, 1540, 1243, 1618, 904, 1582, 2403, 942, 3125, 3008, 1803, 2543, 1256, 687, 1763, 930, 1714, 1491, 897, 1831, 1515, 1218, 3119, 1889, 2971, 990, 766, 1937, 1238, 1361, 2020, 1505, 864, 2350, 1280, 1730, 976, 2260, 1079, 924, 5306, 1687, 737, 1337, 985, 332, 1358, 3576, 489, 715, 3281, 2208, 1665, 2829, 2371, 1616, 2197, 3473, 1671, 788, 533, 2078, 959, 2975, 1686, 1701, 1275, 1695, 1028, 846, 1449, 1022, 1040, 776, 2869, 974, 1275, 1171, 992, 577, 1243, 1207, 1180, 722, 1953, 1525, 4113, 2321, 883, 927, 1565, 763, 1655, 3271, 1346, 2382, 1750, 1413, 804, 378, 1346, 3039, 2252, 1003, 1886, 877, 988, 1524, 1503, 1891, 857, 1808, 3658, 1424, 1455, 734, 1864, 1517, 2458, 1237, 1106, 1672, 1387, 2167, 1319, 4906, 1629, 1361, 3515, 1385, 2126, 1813, 1995, 4794, 1570, 1066, 1750, 1846, 3071, 1459, 3071, 2313, 1279, 3289, 1543, 1620, 1217, 566, 3401, 2288, 6531, 1561, 2557, 1890, 1540, 1384, 753, 2550, 1814, 1357, 1759, 2300, 519, 1973, 645, 597, 1525, 1324, 1716, 1136, 852, 2234, 2813, 1316, 1270, 1476, 2146, 925, 669, 5980, 1737, 2495, 1587, 1241, 695, 2044, 1873, 1800, 2683, 1007, 2096, 1987, 1261, 4125, 1238, 1282, 1869, 908, 2322, 2259, 1495, 331, 1857, 1835, 1585, 989, 1152, 435, 2125, 1638, 969, 2222, 1528, 3744, 2343, 1096, 2135, 1501, 4062, 1382, 2104, 1903, 1156, 6350, 2562, 1370, 4108, 1410, 1286, 1187, 1443, 1082, 916, 1619, 2173, 1014, 3503, 1768, 2149, 2418, 1664, 2419)
(123, 596): Mean: 1789.86, median: 1526.0, std: 1062.284, percent: 1730.5, B: 134, W: 115, 
	(2125, 884, 1249, 8845, 2333, 1474, 801, 1525, 938, 1701, 1305, 1632, 966, 1558, 2583, 867, 2789, 2799, 1756, 2525, 1219, 679, 1694, 1173, 1730, 1296, 885, 1926, 1352, 1533, 3877, 1954, 2777, 920, 882, 1784, 1156, 1631, 1937, 1564, 883, 2755, 1192, 1825, 998, 2407, 1128, 977, 5642, 1641, 752, 1380, 1035, 368, 1297, 4276, 594, 676, 2607, 2173, 1823, 3693, 2103, 1493, 2066, 3736, 1474, 801, 561, 2050, 1078, 3078, 1784, 1488, 1221, 1619, 987, 778, 1434, 986, 1018, 778, 2397, 979, 1169, 1168, 969, 434, 1239, 1193, 1156, 769, 2002, 1555, 4799, 2478, 838, 924, 1493, 669, 1834, 2787, 1170, 1920, 1680, 1275, 755, 409, 1300, 2829, 2295, 1001, 1804, 883, 1015, 1380, 1524, 1860, 842, 1799, 3543, 1325, 1502, 584, 1698, 1416, 2198, 1371, 991, 1845, 1075, 1767, 1203, 4422, 1534, 1302, 3830, 1501, 2373, 1684, 2022, 4929, 1937, 1147, 1866, 1656, 2795, 1468, 2779, 2152, 1248, 3759, 1410, 1432, 1283, 733, 2943, 2484, 5448, 2199, 2400, 1615, 1313, 1922, 899, 2282, 1872, 1319, 1376, 2136, 554, 1938, 631, 595, 1447, 1455, 1799, 1152, 716, 2734, 2592, 1398, 1310, 1370, 2336, 998, 684, 5455, 1742, 2209, 1546, 1200, 666, 2464, 2086, 1578, 2977, 1064, 2347, 2144, 1335, 3730, 1527, 1164, 1784, 1077, 2400, 2219, 1433, 412, 2017, 1774, 1468, 969, 1227, 759, 2338, 1907, 998, 2461, 1651, 3486, 2926, 1001, 2673, 1501, 4004, 1306, 1903, 1790, 1082, 5619, 2716, 1199, 4458, 1460, 1338, 1562, 1421, 1093, 979, 1706, 2002, 993, 3401, 1558, 2450, 2235, 1414, 2492)
(124, 597): Mean: 1755.344, median: 1556.5, std: 1037.064, percent: 1679.24, B: 131, W: 119, 
	(2215, 948, 1232, 7519, 2270, 1502, 861, 1465, 772, 1817, 1270, 1378, 935, 1565, 2648, 923, 3016, 3430, 1696, 2628, 1113, 693, 1815, 991, 1718, 1349, 792, 1590, 1657, 1611, 2844, 2110, 2456, 1003, 897, 1759, 1284, 1595, 1787, 1473, 716, 2488, 1347, 1646, 843, 2486, 1096, 902, 4035, 1501, 679, 1387, 902, 289, 1370, 4346, 474, 605, 2736, 1920, 1645, 3194, 2281, 1578, 2034, 3859, 1621, 849, 510, 1829, 1050, 2353, 1831, 1567, 1278, 1672, 1030, 847, 1476, 942, 976, 823, 2406, 1032, 1247, 1171, 973, 473, 1107, 1120, 1139, 686, 1734, 1667, 3779, 2265, 829, 948, 1629, 738, 1483, 3005, 1206, 1994, 1804, 1419, 719, 365, 1350, 2526, 2402, 861, 1909, 993, 884, 1262, 1503, 1844, 808, 1714, 3727, 1275, 1590, 570, 1732, 1442, 2517, 1202, 1099, 1931, 973, 1670, 1236, 4710, 1588, 1265, 3968, 1457, 1923, 1637, 2156, 4158, 1796, 1121, 1989, 1754, 3352, 1353, 2537, 2233, 1307, 2900, 1350, 1548, 1189, 606, 3525, 2316, 6080, 1437, 2609, 1701, 1400, 1310, 702, 2190, 2158, 1520, 1414, 2312, 490, 1960, 621, 578, 1570, 1279, 1537, 1031, 733, 2431, 3055, 1237, 1677, 1436, 2134, 778, 795, 6084, 1883, 2102, 1607, 1321, 653, 1812, 2056, 1671, 2910, 990, 2755, 2148, 1232, 4046, 1350, 1083, 1816, 746, 2241, 2501, 2064, 308, 1961, 2055, 1604, 1056, 1190, 397, 2220, 1653, 837, 2212, 1449, 3301, 2459, 1125, 2367, 1469, 4261, 1240, 2214, 1652, 1106, 6734, 2348, 1334, 4011, 1300, 1337, 1030, 1485, 1226, 899, 1751, 2113, 971, 3254, 1765, 2107, 2582, 1489, 2382)
(125, 602): Mean: 1753.692, median: 1515.5, std: 1087.482, percent: 1677.2, B: 138, W: 112, 
	(2469, 931, 1284, 7159, 2113, 1659, 850, 1556, 777, 1806, 1384, 1364, 961, 1521, 2380, 912, 2596, 3154, 1588, 2783, 1221, 735, 1812, 960, 1561, 1309, 764, 1648, 1414, 1380, 3096, 1941, 2635, 992, 786, 2026, 1315, 1397, 1880, 1673, 788, 2949, 1303, 1567, 905, 2607, 1109, 881, 5023, 1462, 792, 1466, 1019, 291, 1235, 3928, 540, 602, 3067, 1837, 1592, 3572, 2239, 1556, 2083, 3839, 1645, 804, 493, 1832, 1037, 2823, 1813, 1363, 1340, 1587, 1015, 839, 1537, 944, 1063, 805, 2378, 997, 1162, 1031, 794, 469, 1127, 1212, 1079, 678, 1775, 1500, 3716, 2581, 864, 850, 1576, 627, 1613, 2997, 1046, 1924, 1766, 1335, 689, 374, 1336, 2537, 2051, 857, 1793, 878, 843, 1377, 1427, 1778, 823, 1940, 3391, 1256, 1751, 551, 1520, 1537, 2465, 1216, 967, 1633, 1044, 1843, 1129, 5512, 1612, 1339, 3603, 1620, 2169, 1862, 1793, 4639, 1805, 1332, 1859, 1857, 2801, 1511, 2592, 2019, 1222, 3042, 1303, 1380, 1175, 565, 3248, 2074, 7858, 1432, 2624, 1849, 1541, 1369, 714, 2132, 1921, 1390, 1373, 2638, 541, 1848, 637, 571, 1415, 1217, 1449, 1090, 781, 2554, 2689, 1312, 1382, 1481, 2119, 783, 682, 6115, 1583, 2195, 1412, 1211, 682, 2028, 1774, 1570, 2339, 1046, 2315, 1977, 1244, 3678, 1284, 1413, 1884, 829, 2120, 2449, 1254, 273, 1779, 2416, 1561, 899, 1262, 485, 2255, 1654, 978, 2206, 1549, 3512, 2237, 1058, 2382, 1484, 4381, 1382, 2287, 1806, 1043, 6704, 2332, 1367, 4478, 1208, 1298, 1072, 1435, 1110, 897, 1648, 2294, 1016, 3918, 1721, 2189, 2459, 1464, 2109)
(126, 607): Mean: 1736.784, median: 1517.5, std: 1023.183, percent: 1666.1, B: 127, W: 121, 
	(2217, 954, 1237, 7715, 2494, 1834, 836, 1404, 730, 1759, 1277, 1465, 896, 1513, 2661, 906, 3211, 3022, 1544, 2290, 1203, 754, 1890, 907, 1822, 1339, 846, 1623, 1483, 1597, 2734, 2021, 2629, 1006, 769, 1715, 1275, 1401, 1770, 1595, 802, 2437, 1306, 1540, 923, 2230, 1148, 850, 5234, 1544, 774, 1510, 944, 317, 1234, 3689, 459, 600, 2930, 2133, 1493, 2964, 2199, 1640, 2216, 4091, 1589, 851, 482, 1817, 1066, 2833, 1625, 1623, 1326, 1600, 999, 842, 1507, 970, 1008, 781, 2154, 974, 1170, 1174, 840, 502, 1168, 1267, 1205, 755, 2038, 1518, 3934, 2635, 836, 875, 1563, 633, 1597, 3038, 1182, 2210, 1894, 1400, 782, 327, 1470, 2515, 2081, 848, 1667, 942, 914, 1256, 1614, 1647, 823, 1716, 2942, 1338, 1813, 532, 1701, 1284, 2016, 1207, 987, 1512, 1040, 1854, 1324, 4860, 1612, 1232, 3095, 1394, 1751, 1616, 2149, 4368, 1690, 1215, 1813, 2026, 2850, 1499, 2579, 1723, 1236, 2730, 1459, 1465, 1260, 612, 3220, 2688, 6225, 1622, 2627, 1644, 1517, 1243, 740, 1884, 1908, 1370, 1280, 2391, 505, 1971, 634, 582, 1690, 1239, 1404, 1160, 757, 2544, 2765, 1437, 1462, 1613, 2183, 773, 718, 4783, 1566, 2256, 1373, 1143, 627, 2120, 2032, 1685, 3110, 1067, 2453, 2080, 1258, 3412, 1371, 1209, 2059, 818, 2175, 2407, 1480, 282, 1979, 1975, 1614, 959, 1246, 466, 1916, 1512, 854, 2288, 1599, 3607, 2235, 1113, 2424, 1415, 4232, 1261, 1969, 1722, 1059, 6428, 2269, 1452, 4889, 1329, 1291, 1009, 1664, 1080, 828, 1647, 2144, 973, 3544, 1624, 2339, 2463, 1483, 2315)
(129, 624): Mean: 1759.332, median: 1514.0, std: 1085.223, percent: 1714.48, B: 123, W: 125, 
	(2115, 941, 1225, 7179, 2120, 1598, 765, 1274, 774, 1905, 1308, 1618, 920, 1760, 2670, 953, 2914, 3381, 1585, 2152, 1183, 765, 1748, 1019, 1781, 1373, 794, 1774, 1614, 1540, 2893, 1979, 2907, 1008, 734, 1635, 1132, 1624, 1791, 1610, 783, 3032, 1174, 1508, 944, 2483, 1175, 917, 5286, 1607, 808, 1368, 993, 299, 1367, 4301, 441, 553, 2908, 1750, 1594, 2786, 2225, 1656, 1828, 4110, 1526, 804, 449, 1669, 951, 2627, 2089, 1366, 1286, 1780, 940, 865, 1541, 953, 1105, 836, 2669, 1113, 1190, 1111, 847, 495, 1135, 1198, 1184, 693, 1742, 1626, 4501, 2257, 822, 877, 1428, 590, 1585, 3466, 1186, 2369, 1815, 1258, 717, 444, 1325, 2547, 2436, 975, 1949, 932, 864, 1308, 1421, 1521, 814, 1760, 3403, 1358, 1556, 583, 1651, 1132, 2248, 1250, 1047, 1705, 948, 1747, 1186, 7139, 1679, 1302, 3189, 1394, 1912, 1506, 1761, 4092, 2236, 1176, 1734, 1736, 2787, 1459, 2851, 1945, 1223, 3190, 1387, 1363, 1115, 615, 3239, 2475, 7440, 1414, 2542, 1597, 1368, 1336, 739, 2000, 2003, 1492, 1423, 2474, 557, 2108, 577, 640, 1594, 1288, 1438, 1172, 716, 2265, 2761, 1326, 1586, 1446, 2175, 846, 692, 5404, 1610, 2341, 1489, 1107, 675, 2594, 1886, 1472, 3016, 1058, 2583, 1967, 1208, 4203, 1213, 1184, 1782, 839, 2152, 2708, 1373, 314, 2075, 2015, 1604, 1047, 1192, 461, 2377, 1696, 908, 2094, 1520, 3394, 2414, 1024, 2455, 1482, 3926, 1377, 2155, 1900, 1168, 5849, 2507, 1507, 4143, 1401, 1323, 1225, 1426, 1036, 852, 1732, 1858, 913, 3113, 1696, 2091, 2667, 1483, 2301)
(130, 629): Mean: 1734.64, median: 1516.5, std: 1043.17, percent: 1609.84, B: 133, W: 116, 
	(2206, 940, 1197, 7438, 2480, 1683, 832, 1310, 901, 2106, 1242, 1544, 932, 1590, 2324, 902, 2873, 2761, 1645, 2247, 1365, 730, 1567, 856, 1738, 1328, 777, 1640, 1650, 1470, 3158, 2136, 2705, 1010, 744, 1691, 1234, 1436, 1857, 1458, 753, 3234, 1222, 1627, 894, 2296, 1086, 886, 4262, 1615, 743, 1368, 987, 322, 1258, 3744, 462, 620, 2775, 1955, 1512, 3374, 2156, 1669, 1947, 3714, 1573, 922, 516, 2147, 954, 2732, 2066, 1446, 1268, 1688, 982, 852, 1574, 964, 1154, 803, 2257, 1024, 1092, 1210, 929, 491, 1172, 1273, 1112, 705, 1867, 1613, 4362, 2009, 810, 865, 1427, 577, 1642, 3158, 1086, 2018, 1777, 1326, 799, 345, 1420, 2448, 2202, 904, 1863, 885, 881, 1344, 1432, 1423, 883, 1582, 3435, 1376, 1482, 544, 1581, 1391, 2044, 1244, 894, 1682, 995, 2041, 1154, 4085, 1681, 1106, 3378, 1450, 2199, 1610, 1845, 4448, 1793, 1055, 1947, 1905, 2866, 1528, 2642, 2241, 1284, 2629, 1422, 1521, 1275, 599, 2882, 2319, 6412, 1400, 2689, 1800, 1437, 1262, 696, 1980, 1978, 1347, 1504, 2202, 535, 2018, 594, 581, 1628, 1189, 1286, 1127, 821, 2544, 2672, 1345, 1390, 1386, 1913, 752, 723, 7374, 1426, 2207, 1645, 1164, 700, 2098, 1828, 1874, 3067, 1063, 2345, 2301, 1420, 3711, 1230, 1201, 1829, 834, 2266, 2234, 1402, 267, 1801, 1706, 1540, 1012, 1178, 443, 2269, 1547, 905, 2218, 1387, 3024, 2225, 1163, 2274, 1533, 4685, 1282, 2010, 2129, 1110, 5705, 2400, 1425, 5114, 1326, 1277, 1103, 1534, 1108, 864, 1666, 1991, 919, 3328, 1673, 2252, 2147, 1648, 2431)
(132, 640): Mean: 1742.216, median: 1512.5, std: 1041.203, percent: 1673.86, B: 114, W: 135, 
	(2354, 979, 1280, 8216, 2470, 1594, 870, 1464, 876, 1768, 1400, 1471, 1024, 1724, 2411, 948, 2801, 2873, 1716, 2012, 1269, 752, 1744, 918, 1605, 1396, 797, 1810, 1353, 1662, 3165, 2007, 2798, 1036, 791, 1868, 1139, 1455, 1800, 1624, 811, 2982, 1277, 1508, 915, 1983, 1236, 827, 4370, 1583, 697, 1457, 902, 365, 1266, 4241, 509, 761, 2593, 1800, 1704, 3331, 2211, 1664, 1734, 4113, 1556, 876, 462, 1762, 1057, 2731, 1994, 1391, 1338, 1587, 1058, 965, 1661, 950, 1078, 830, 2475, 1080, 1097, 1148, 842, 485, 1236, 1129, 1171, 633, 1819, 1463, 4152, 2426, 835, 875, 1676, 677, 1584, 2999, 1103, 1870, 1899, 1255, 734, 482, 1545, 2730, 1951, 773, 1775, 919, 906, 1211, 1511, 1594, 836, 1763, 3237, 1259, 1524, 579, 1819, 1510, 2156, 1168, 924, 1695, 1039, 2217, 1213, 6534, 1477, 1172, 3168, 1465, 2135, 1542, 2001, 4805, 1724, 1254, 1828, 1760, 3176, 1514, 2496, 1989, 1264, 2881, 1593, 1606, 1107, 571, 2847, 2130, 5246, 1453, 2312, 1666, 1340, 1267, 705, 2170, 1750, 1501, 1594, 2434, 505, 2018, 557, 582, 1659, 1273, 1397, 1075, 759, 2467, 2605, 1377, 1445, 1475, 1965, 843, 817, 6218, 1494, 2197, 1516, 1292, 719, 1978, 1909, 1505, 2680, 1166, 2469, 2215, 1356, 4114, 1299, 1059, 2176, 765, 1919, 2256, 1255, 265, 2072, 1956, 1420, 1104, 1222, 471, 2435, 1784, 995, 2265, 1457, 3194, 2708, 1153, 2474, 1414, 4088, 1229, 2179, 1788, 1132, 5578, 2371, 1357, 4250, 1362, 1355, 1027, 1436, 1377, 827, 1712, 1989, 1061, 3146, 1649, 2032, 2182, 1535, 2275)
(133, 644): Mean: 1742.296, median: 1523.5, std: 1068.469, percent: 1645.84, B: 136, W: 112, 
	(1942, 922, 1182, 6933, 2391, 1457, 837, 1300, 801, 1612, 1233, 1396, 932, 1566, 2549, 980, 3066, 3321, 1421, 2218, 1397, 724, 1569, 910, 1554, 1443, 809, 1620, 1569, 1467, 3120, 2258, 2786, 961, 839, 1812, 1103, 1674, 1702, 1543, 744, 1902, 1163, 1569, 1114, 2213, 1052, 901, 5599, 1747, 672, 1631, 971, 283, 1251, 4284, 508, 774, 2833, 1952, 1485, 3196, 2316, 1524, 1823, 3650, 1589, 855, 443, 1724, 1026, 2568, 1630, 1432, 1172, 1748, 1028, 865, 1480, 907, 1095, 817, 2192, 988, 1237, 1057, 889, 530, 1143, 1141, 1026, 607, 2106, 1507, 5006, 2862, 795, 916, 1546, 619, 1686, 2831, 1054, 2110, 1818, 1220, 722, 304, 1480, 2678, 2040, 804, 1759, 813, 834, 1417, 1454, 1451, 763, 1803, 2959, 1405, 1485, 618, 1839, 1291, 1980, 1150, 873, 1515, 1164, 1784, 1379, 5348, 1535, 1137, 2913, 1378, 2471, 1884, 1926, 3982, 1714, 1071, 1768, 1842, 3212, 1468, 2334, 2145, 1252, 2911, 1593, 1523, 1142, 605, 3372, 2107, 7125, 1538, 2496, 1570, 1439, 1328, 737, 2283, 1809, 1305, 1536, 2367, 566, 2140, 591, 559, 1643, 1170, 1414, 1075, 781, 2589, 2474, 1216, 1558, 1542, 2153, 841, 795, 5944, 1611, 2561, 1578, 1242, 672, 2222, 1870, 1564, 3036, 1100, 2335, 2247, 1319, 4774, 1245, 1091, 1632, 787, 1943, 2369, 1389, 315, 1779, 1622, 1561, 1041, 1149, 608, 2331, 1610, 920, 2113, 1451, 3619, 2248, 1145, 2622, 1483, 4404, 1393, 2401, 1702, 1141, 5519, 2353, 1289, 5354, 1424, 1370, 1046, 1510, 1053, 875, 1707, 1930, 949, 3236, 1828, 2126, 2254, 1546, 2638)
(135, 656): Mean: 1746.996, median: 1517.0, std: 1061.803, percent: 1648.62, B: 119, W: 130, 
	(2048, 960, 1283, 7846, 2216, 1629, 868, 1262, 781, 1519, 1337, 1528, 1073, 1562, 2871, 869, 3048, 3338, 1642, 2159, 1254, 685, 1648, 961, 1520, 1526, 856, 1694, 1422, 1444, 3489, 1792, 3014, 1055, 779, 1792, 1177, 1657, 1899, 1721, 771, 2212, 1379, 1509, 908, 2388, 1206, 866, 5015, 1790, 790, 1401, 988, 348, 1345, 5099, 537, 687, 2460, 1994, 1606, 3001, 2201, 1637, 2005, 3758, 1484, 766, 462, 1916, 931, 2640, 1672, 1391, 1207, 1704, 976, 857, 1550, 963, 1000, 789, 1966, 901, 1219, 1133, 907, 512, 1140, 1229, 1155, 679, 1996, 1511, 3743, 2464, 843, 947, 1459, 652, 1622, 3345, 1087, 1994, 1713, 1238, 778, 401, 1429, 2915, 2472, 877, 1762, 856, 875, 1128, 1443, 1439, 964, 1895, 3352, 1341, 1467, 574, 1610, 1349, 1746, 1132, 922, 1873, 1114, 1744, 1165, 4749, 1562, 1249, 3556, 1522, 2080, 1686, 1955, 3925, 1869, 1273, 1877, 1762, 3114, 1604, 2527, 2151, 1335, 3130, 1511, 1517, 1248, 575, 3570, 2066, 7031, 1506, 2605, 1528, 1484, 1439, 807, 2096, 1666, 1555, 1420, 2513, 514, 2276, 580, 538, 1469, 1207, 1494, 1037, 806, 2368, 2762, 1240, 1357, 1295, 2148, 796, 742, 5649, 1590, 2255, 1600, 1360, 702, 2142, 1848, 1566, 3189, 993, 2379, 2061, 1230, 3552, 1284, 1124, 1860, 780, 2132, 2894, 1266, 272, 1926, 1774, 1600, 988, 1311, 423, 2150, 1605, 912, 2203, 1451, 3405, 2358, 1208, 2606, 1402, 3750, 1284, 2259, 1882, 1152, 5980, 2407, 1373, 5204, 1412, 1270, 1091, 1582, 1132, 984, 1536, 1990, 902, 3453, 1699, 1976, 2278, 1517, 2383)
(137, 665): Mean: 1736.392, median: 1487.5, std: 1017.894, percent: 1687.18, B: 132, W: 117, 
	(2415, 928, 1283, 7072, 1993, 1436, 830, 1336, 752, 1692, 1254, 1359, 910, 1839, 3011, 958, 2943, 2774, 1567, 2215, 1322, 768, 1806, 972, 1638, 1388, 797, 1704, 1401, 1540, 3250, 2043, 2649, 996, 844, 1719, 1317, 1443, 1595, 1806, 794, 2051, 1258, 1545, 955, 2635, 1114, 853, 5410, 1518, 734, 1416, 911, 254, 1249, 4618, 545, 786, 3017, 2022, 1647, 3603, 2198, 1763, 1797, 3494, 1911, 802, 445, 2021, 965, 2707, 1699, 1498, 1221, 1580, 1018, 806, 1499, 956, 1008, 792, 2224, 1001, 1106, 1189, 900, 530, 1250, 1175, 1207, 629, 2036, 1390, 3779, 2413, 847, 855, 1398, 709, 1637, 3253, 1067, 2231, 1678, 1203, 765, 369, 1360, 2671, 2180, 912, 1875, 807, 847, 1394, 1408, 1433, 779, 2004, 3059, 1470, 1575, 632, 1647, 1380, 1819, 1156, 1011, 1632, 995, 1766, 1125, 4445, 1474, 1183, 3083, 1468, 1895, 1574, 1949, 4831, 1974, 1130, 1808, 1655, 2713, 1462, 2505, 2191, 1330, 2789, 1530, 1686, 1178, 597, 3232, 2224, 6090, 1638, 2465, 1547, 1432, 1463, 755, 2081, 2056, 1530, 1515, 2471, 553, 1958, 614, 552, 1466, 1204, 1432, 1150, 862, 2583, 2730, 1297, 1413, 1431, 2308, 772, 673, 5238, 1507, 2503, 1438, 1188, 662, 2443, 1741, 1473, 2632, 1024, 2443, 1868, 1317, 4213, 1282, 1192, 1884, 772, 2284, 2436, 1577, 276, 1906, 1912, 1516, 997, 1199, 411, 2354, 1702, 883, 2188, 1382, 3011, 2349, 1197, 2588, 1399, 4813, 1351, 1951, 1815, 1060, 5862, 2636, 1328, 3925, 1468, 1326, 1253, 1527, 1097, 943, 1670, 2032, 944, 4053, 1732, 2114, 2655, 1477, 2274)
(144, 702): Mean: 1761.52, median: 1510.0, std: 1107.367, percent: 1643.2, B: 132, W: 118, 
	(2125, 953, 1342, 7704, 1893, 1333, 816, 1312, 711, 2036, 1278, 1479, 914, 1671, 2863, 823, 3164, 3014, 1888, 2565, 1275, 720, 1775, 942, 1457, 1364, 825, 1702, 1396, 1295, 3219, 2042, 3072, 1009, 833, 1790, 1258, 1619, 1677, 1592, 744, 1940, 1343, 1508, 947, 2387, 1140, 845, 5287, 1655, 711, 1407, 1029, 268, 1222, 3859, 490, 758, 2680, 1993, 1683, 3871, 2440, 1539, 1950, 3631, 1603, 854, 463, 2110, 1039, 2868, 1896, 1401, 1231, 1506, 1005, 856, 1464, 1057, 1010, 766, 2286, 981, 1317, 1294, 874, 497, 1201, 1297, 1105, 607, 2018, 1718, 4520, 2583, 878, 941, 1502, 660, 1543, 3799, 1071, 2095, 1771, 1271, 779, 338, 1313, 2631, 2110, 854, 1627, 817, 827, 1249, 1492, 1438, 893, 1776, 3016, 1420, 1554, 590, 1971, 1357, 1924, 1231, 930, 1500, 1183, 2002, 1291, 4943, 1627, 1305, 3170, 1410, 2214, 1856, 1858, 3804, 1744, 1118, 1754, 1651, 3199, 1447, 2613, 2009, 1229, 2664, 1449, 1553, 1177, 568, 3069, 2192, 7962, 1659, 2692, 1641, 1306, 1476, 729, 2465, 1849, 1538, 1428, 2246, 486, 2182, 597, 555, 1781, 1137, 1423, 1058, 737, 2379, 2982, 1270, 1525, 1360, 2149, 788, 828, 7240, 1762, 2041, 1552, 1442, 706, 2136, 1840, 1602, 2845, 1038, 2331, 2306, 1190, 4543, 1378, 1215, 1825, 826, 2010, 2804, 1407, 245, 1731, 1730, 1580, 918, 1212, 452, 2011, 1686, 929, 1971, 1474, 3390, 2178, 1130, 2482, 1534, 4232, 1321, 2083, 2002, 1262, 6052, 2164, 1441, 4391, 1523, 1347, 1066, 1512, 1020, 880, 1640, 1964, 986, 3616, 1912, 2208, 2336, 1534, 2201)
(145, 707): Mean: 1748.912, median: 1517.0, std: 1050.674, percent: 1700.12, B: 130, W: 118, 
	(2145, 938, 1132, 7290, 2481, 1418, 802, 1320, 854, 1747, 1405, 1459, 957, 1725, 2278, 897, 2736, 3681, 1883, 2521, 1182, 744, 1551, 982, 1660, 1426, 851, 1845, 1492, 1426, 3075, 2120, 2959, 1065, 783, 1800, 1101, 1654, 1799, 1592, 744, 2063, 1147, 1762, 934, 2558, 1206, 935, 4884, 1504, 701, 1364, 979, 271, 1261, 4020, 480, 749, 2738, 2173, 1700, 3585, 2210, 1567, 1711, 3519, 1705, 845, 462, 1942, 1086, 3019, 1847, 1413, 1256, 1596, 940, 871, 1526, 973, 1077, 736, 2464, 970, 1290, 1134, 983, 488, 1168, 1229, 1108, 608, 1919, 1587, 4041, 2932, 833, 917, 1483, 639, 1852, 3109, 1109, 2279, 1648, 1370, 691, 388, 1303, 2593, 2045, 796, 1793, 804, 820, 1055, 1427, 1341, 736, 1912, 3113, 1275, 1598, 636, 1684, 1346, 1746, 1184, 990, 1904, 1086, 2052, 1256, 5288, 1655, 1109, 3338, 1381, 2204, 1620, 1936, 5112, 1817, 1094, 1718, 1881, 3061, 1660, 2384, 2337, 1206, 3205, 1581, 1560, 1088, 545, 2774, 2018, 6664, 1528, 2334, 1807, 1545, 1431, 767, 1824, 1797, 1453, 1338, 2309, 494, 1911, 638, 665, 1579, 1307, 1497, 1040, 820, 2272, 2620, 1204, 1458, 1367, 2127, 752, 766, 5335, 1451, 2229, 1500, 1129, 727, 1882, 1768, 1624, 2473, 977, 2474, 2170, 1317, 3482, 1281, 1225, 2095, 833, 2065, 2543, 1335, 294, 2208, 1927, 1807, 929, 1297, 403, 2526, 1678, 964, 2146, 1487, 2941, 2328, 1149, 2625, 1508, 5716, 1297, 1988, 1992, 1225, 5810, 2424, 1454, 4589, 1324, 1423, 1056, 1723, 1097, 785, 1642, 1961, 980, 3541, 1754, 2325, 2617, 1376, 2542)
(146, 708): Mean: 1749.968, median: 1511.0, std: 1077.502, percent: 1647.92, B: 127, W: 121, 
	(2226, 976, 1309, 7839, 2128, 1541, 768, 1356, 728, 1755, 1136, 1365, 910, 1658, 2658, 914, 3369, 3674, 1588, 2352, 1264, 711, 1759, 953, 1577, 1310, 801, 1649, 1515, 1344, 2943, 2045, 2874, 890, 884, 1721, 1179, 1653, 1711, 1924, 809, 2077, 1285, 1655, 792, 2385, 1206, 836, 5718, 1700, 701, 1517, 911, 288, 1203, 4431, 520, 741, 2602, 2146, 1483, 3390, 2212, 1451, 2057, 3661, 1523, 834, 508, 1858, 965, 2862, 1864, 1363, 1240, 1782, 948, 874, 1338, 1015, 1068, 759, 2255, 985, 1203, 1154, 954, 497, 1193, 1164, 1022, 661, 2145, 1434, 4340, 2570, 871, 903, 1570, 685, 1546, 3186, 1081, 2170, 1992, 1231, 654, 368, 1366, 2452, 2114, 843, 1796, 825, 835, 1368, 1381, 1469, 824, 1932, 3057, 1345, 1912, 613, 1708, 1303, 1720, 1147, 964, 1592, 946, 1814, 1264, 5276, 1586, 1212, 3081, 1243, 2152, 1904, 2216, 4039, 1961, 1145, 1823, 1741, 2964, 1417, 2543, 1935, 1271, 3019, 1376, 1486, 1212, 574, 2918, 1987, 6291, 1498, 2604, 1622, 1221, 1311, 793, 2356, 1592, 1424, 1296, 2152, 545, 1986, 643, 558, 1447, 1247, 1388, 1185, 763, 2544, 2689, 1421, 1534, 1507, 2197, 791, 735, 6476, 1590, 2405, 1549, 1228, 732, 2026, 2012, 1611, 2432, 1018, 2172, 2269, 1483, 4021, 1309, 1148, 1986, 823, 2017, 2335, 1517, 308, 2097, 1895, 1593, 887, 1179, 458, 2499, 1642, 905, 2105, 1498, 3403, 2479, 1120, 2879, 1545, 5014, 1305, 2153, 1889, 1150, 5942, 2555, 1470, 4534, 1410, 1301, 1061, 1537, 1108, 884, 1568, 2078, 905, 3605, 1767, 2369, 2248, 1503, 2105)
(147, 713): Mean: 1730.284, median: 1473.5, std: 1050.157, percent: 1613.46, B: 139, W: 110, 
	(2326, 959, 1232, 9269, 2132, 1530, 904, 1422, 806, 1786, 1325, 1448, 836, 1686, 2243, 824, 2830, 3039, 1640, 2600, 1369, 675, 1826, 924, 1442, 1409, 850, 1770, 1439, 1250, 3038, 2159, 2731, 963, 796, 1688, 1323, 1566, 1853, 1912, 790, 2303, 1214, 1576, 905, 2177, 1087, 845, 4973, 1543, 676, 1408, 959, 271, 1358, 3632, 502, 743, 2785, 2009, 1553, 3362, 2098, 1576, 1820, 3473, 1613, 833, 449, 1865, 979, 2943, 1800, 1515, 1188, 1791, 890, 823, 1474, 889, 1108, 753, 2228, 982, 1255, 1295, 917, 455, 1169, 1247, 1092, 665, 2010, 1653, 3384, 2656, 833, 902, 1731, 644, 1555, 3943, 1119, 2147, 1959, 1265, 706, 395, 1379, 2857, 1972, 886, 1764, 913, 822, 1356, 1391, 1311, 903, 1756, 3296, 1450, 1837, 685, 1807, 1293, 1825, 1245, 906, 1406, 1005, 2047, 1196, 5070, 1747, 1153, 3694, 1431, 1972, 1586, 2027, 4378, 1915, 1208, 1855, 1822, 2743, 1523, 2250, 2101, 1215, 2996, 1464, 1480, 1205, 598, 3144, 2369, 5710, 1473, 2331, 1822, 1258, 1471, 763, 2055, 1881, 1415, 1433, 2496, 483, 1949, 614, 630, 1498, 1224, 1461, 1065, 790, 2450, 2580, 1370, 1421, 1426, 2181, 802, 759, 6192, 1577, 2500, 1635, 1299, 714, 2279, 1834, 1552, 2859, 1056, 2171, 1751, 1226, 3736, 1293, 1144, 1741, 797, 2162, 2395, 1385, 297, 1921, 1776, 1558, 938, 1155, 438, 2320, 1843, 875, 2128, 1462, 2883, 2225, 1092, 2404, 1440, 4175, 1298, 1995, 1908, 1056, 5558, 2421, 1325, 4052, 1246, 1271, 1091, 1443, 1120, 884, 1582, 2195, 893, 3405, 1739, 2242, 2255, 1435, 2286)
(148, 715): Mean: 1735.736, median: 1535.0, std: 1050.766, percent: 1640.18, B: 126, W: 122, 
	(2164, 969, 1177, 7834, 2053, 1477, 833, 1370, 777, 1661, 1276, 1530, 985, 1711, 3074, 915, 2876, 3410, 1577, 2253, 1199, 716, 1727, 959, 1499, 1465, 838, 1743, 1495, 1425, 2854, 2014, 2646, 1124, 795, 2049, 1136, 1453, 1755, 1766, 826, 2043, 1333, 1553, 968, 2286, 1113, 856, 5517, 1653, 638, 1393, 963, 323, 1328, 4397, 535, 628, 2873, 2137, 1601, 3214, 2208, 1557, 1971, 3867, 1732, 783, 473, 1979, 919, 2785, 1862, 1416, 1136, 1582, 1019, 889, 1540, 947, 1047, 768, 2132, 945, 1235, 1140, 854, 563, 1190, 1152, 1140, 589, 1938, 1689, 3968, 2264, 813, 868, 1715, 617, 1600, 3574, 1118, 2153, 2011, 1305, 696, 395, 1207, 2571, 2158, 959, 1806, 812, 925, 1226, 1572, 1459, 850, 1690, 3300, 1316, 1605, 591, 1736, 1298, 1969, 1111, 1036, 1627, 1135, 1980, 1263, 4758, 1723, 1385, 3038, 1449, 1862, 1677, 1836, 4095, 1695, 1116, 1614, 1961, 3136, 1500, 2478, 1967, 1310, 2929, 1362, 1555, 1170, 611, 3402, 2471, 6693, 1393, 2454, 1703, 1393, 1363, 775, 2089, 1725, 1392, 1370, 2177, 545, 1747, 564, 590, 1545, 1179, 1411, 1073, 775, 2612, 2738, 1284, 1502, 1366, 2366, 825, 794, 6284, 1708, 2388, 1416, 1206, 747, 2203, 1928, 1552, 2977, 1033, 2257, 2131, 1152, 3930, 1255, 1095, 2014, 813, 2016, 2389, 1481, 288, 1906, 1911, 1414, 1104, 1215, 504, 2140, 1589, 841, 2037, 1597, 2987, 2004, 1143, 2440, 1280, 4439, 1310, 1859, 1780, 1209, 5181, 2400, 1257, 4819, 1675, 1312, 1016, 1571, 1125, 930, 1583, 1936, 888, 3897, 1655, 1966, 2321, 1712, 2071)
(149, 719): Mean: 1731.984, median: 1497.0, std: 1060.792, percent: 1618.3, B: 126, W: 123, 
	(2057, 907, 1162, 8132, 2215, 1491, 783, 1315, 758, 1694, 1319, 1440, 933, 1438, 2492, 981, 3058, 2995, 1799, 2294, 1493, 706, 1641, 919, 1539, 1403, 829, 1790, 1396, 1593, 3633, 2256, 2357, 941, 757, 1813, 1276, 1363, 1991, 1501, 729, 2270, 1144, 1570, 820, 2095, 1203, 848, 5013, 1486, 744, 1288, 1051, 271, 1222, 3617, 528, 682, 2863, 1932, 1537, 3434, 2452, 1462, 1941, 4000, 1598, 957, 419, 1846, 916, 2613, 1604, 1291, 1231, 1573, 986, 821, 1616, 915, 1225, 806, 2201, 1004, 1172, 1134, 898, 501, 1138, 1308, 1103, 680, 2100, 1446, 3963, 2223, 782, 897, 1650, 706, 1611, 3025, 1021, 2338, 1684, 1354, 704, 337, 1483, 2763, 2045, 908, 1710, 924, 879, 1237, 1522, 1332, 838, 1840, 3045, 1428, 1649, 607, 1856, 1313, 1746, 1380, 1028, 1597, 952, 2157, 1333, 5547, 1583, 1215, 2940, 1408, 1983, 1590, 1824, 4153, 1792, 1089, 1769, 1671, 2494, 1570, 2501, 1969, 1205, 2995, 1491, 1421, 1143, 648, 3235, 2023, 6771, 1551, 2250, 1773, 1326, 1301, 786, 2253, 1748, 1480, 1423, 2301, 513, 2424, 585, 544, 1592, 1216, 1505, 1140, 857, 2168, 2281, 1292, 1434, 1395, 2179, 823, 770, 5297, 1556, 2138, 1547, 1282, 665, 2116, 1995, 1703, 2698, 1068, 2327, 1912, 1337, 4129, 1294, 1307, 1790, 819, 2122, 2530, 1521, 279, 1866, 1872, 1609, 904, 1214, 386, 2386, 1810, 914, 2146, 1407, 3269, 2467, 1143, 2144, 1441, 4835, 1361, 2166, 1677, 1111, 6529, 2838, 1384, 4775, 1266, 1370, 1096, 1752, 1084, 955, 1333, 2044, 982, 3411, 1751, 2033, 2492, 1578, 2192)
(152, 733): Mean: 1755.576, median: 1491.0, std: 1160.075, percent: 1663.52, B: 130, W: 120, 
	(2147, 1012, 1276, 9149, 2228, 1587, 831, 1357, 705, 1622, 1212, 1299, 951, 1539, 2762, 910, 2896, 2761, 1478, 2592, 1381, 784, 1577, 859, 1507, 1546, 910, 1520, 1462, 1374, 3169, 2159, 2739, 1003, 830, 1860, 1352, 1656, 1892, 1632, 772, 2110, 1291, 1632, 792, 2212, 1094, 797, 4898, 1551, 700, 1467, 868, 285, 1293, 4148, 532, 699, 2635, 1802, 1622, 2705, 2617, 1555, 2058, 4389, 1770, 1033, 519, 1954, 988, 2831, 1924, 1487, 1295, 1797, 934, 823, 1544, 941, 1037, 904, 2212, 988, 1262, 1133, 969, 477, 1171, 1218, 1079, 689, 1878, 1583, 4022, 2634, 854, 898, 1493, 660, 1556, 2981, 1087, 1952, 1635, 1274, 699, 384, 1464, 2447, 1990, 873, 1708, 855, 908, 1033, 1463, 1310, 800, 1709, 3889, 1386, 1499, 578, 1685, 1476, 1929, 1217, 927, 1715, 1074, 1977, 1188, 5459, 1619, 1207, 3633, 1314, 2215, 1572, 2065, 4120, 2065, 1028, 1677, 1690, 3073, 1400, 2111, 2034, 1274, 3151, 1499, 1571, 1300, 614, 3492, 2180, 7037, 1372, 2716, 1719, 1584, 1391, 750, 2090, 1781, 1329, 1364, 2179, 496, 2087, 574, 568, 1491, 1234, 1381, 1117, 798, 2242, 2835, 1365, 1332, 1302, 2121, 773, 772, 8879, 1751, 2606, 1664, 1448, 629, 2118, 1937, 1447, 2879, 1054, 2256, 1909, 1306, 3965, 1215, 1174, 1778, 811, 2032, 2583, 1487, 227, 1892, 1779, 1409, 1014, 1177, 441, 2453, 1563, 812, 2480, 1464, 3288, 2211, 1082, 2377, 1447, 3922, 1362, 2081, 1870, 1078, 6236, 2426, 1382, 4360, 1269, 1328, 1049, 1704, 1028, 820, 1491, 1965, 896, 3646, 1627, 2407, 2286, 1419, 2316)
(153, 739): Mean: 1723.668, median: 1494.0, std: 1015.627, percent: 1626.34, B: 133, W: 117, 
	(2139, 926, 1334, 6600, 2361, 1394, 802, 1375, 832, 1743, 1348, 1324, 1024, 1781, 2644, 917, 2691, 3288, 1757, 2330, 1229, 690, 1718, 975, 1473, 1472, 835, 1704, 1442, 1355, 3012, 2180, 2635, 1107, 741, 1873, 1091, 1563, 1686, 1658, 768, 2293, 1114, 1594, 946, 2345, 1123, 828, 4664, 1639, 662, 1297, 1011, 281, 1374, 3921, 490, 570, 2695, 2012, 1645, 2835, 2306, 1521, 1882, 3991, 1560, 934, 583, 2286, 959, 2882, 1789, 1354, 1371, 1547, 965, 861, 1694, 1008, 980, 781, 2329, 1015, 1236, 1279, 828, 507, 1254, 1093, 1139, 679, 1985, 1457, 3843, 2383, 802, 908, 1481, 562, 1567, 3503, 1142, 1827, 1804, 1134, 777, 359, 1440, 2321, 2282, 874, 1620, 834, 895, 1198, 1489, 1434, 820, 1827, 3050, 1446, 1469, 606, 1770, 1223, 1916, 1184, 945, 1499, 962, 1885, 1231, 5447, 1520, 1238, 3224, 1325, 2185, 1533, 1810, 4600, 1729, 1082, 1858, 1761, 2938, 1514, 2480, 2221, 1126, 3120, 1476, 1557, 1137, 552, 2915, 2186, 6306, 1440, 2352, 1772, 1438, 1340, 731, 2083, 1624, 1412, 1357, 2388, 565, 2185, 637, 558, 1484, 1196, 1343, 1097, 714, 2319, 2541, 1469, 1582, 1575, 2210, 734, 762, 5302, 1506, 2467, 1544, 1376, 624, 2725, 2035, 1432, 2675, 1118, 2185, 2255, 1262, 4843, 1231, 1258, 1504, 839, 2115, 3034, 1515, 267, 1782, 1925, 1560, 949, 1206, 383, 2190, 1733, 908, 2060, 1546, 3208, 2220, 1033, 2324, 1526, 4322, 1299, 2230, 1772, 1160, 5737, 2598, 1219, 5120, 1429, 1294, 1023, 1587, 1032, 899, 1533, 1899, 893, 2993, 1825, 2292, 2293, 1376, 2156)
(155, 749): Mean: 1726.824, median: 1478.0, std: 1024.455, percent: 1675.02, B: 132, W: 117, 
	(2397, 929, 1133, 6873, 2221, 1609, 790, 1337, 824, 1720, 1359, 1275, 907, 1608, 2448, 922, 3153, 2886, 1625, 2123, 1205, 659, 1549, 948, 1772, 1385, 800, 1941, 1371, 1403, 2963, 1983, 3035, 927, 799, 1709, 1177, 1403, 1829, 1647, 829, 2582, 1341, 1619, 819, 2643, 1179, 930, 4576, 1614, 791, 1309, 943, 292, 1216, 4339, 530, 771, 2485, 1889, 1579, 3042, 2131, 1456, 1776, 4528, 1682, 872, 461, 2039, 1008, 2591, 1821, 1455, 1216, 1485, 996, 774, 1497, 898, 1071, 800, 2124, 985, 1127, 1056, 807, 492, 1131, 1098, 1103, 562, 1989, 1428, 3709, 2053, 817, 920, 1494, 614, 1641, 3364, 1096, 2099, 1833, 1163, 777, 291, 1423, 2837, 2004, 1008, 1876, 844, 877, 1455, 1379, 1548, 847, 1783, 3525, 1342, 1961, 625, 1976, 1331, 2259, 1290, 934, 1396, 954, 2475, 1212, 5500, 1698, 1124, 3397, 1478, 2145, 1775, 1973, 5043, 1683, 1055, 1840, 1804, 3228, 1478, 2525, 2154, 1316, 3069, 1393, 1345, 1096, 618, 2849, 2336, 5920, 1419, 2768, 1618, 1466, 1358, 704, 2078, 1799, 1420, 1607, 2268, 541, 1975, 619, 618, 1523, 1190, 1254, 1030, 782, 2468, 2284, 1367, 1248, 1378, 2008, 744, 730, 5504, 1753, 2409, 1526, 1342, 677, 2009, 1834, 1558, 2540, 1080, 2586, 2217, 1491, 3172, 1323, 1200, 1689, 774, 2285, 2543, 1368, 280, 1942, 2017, 1433, 999, 1169, 490, 2211, 1721, 899, 2066, 1435, 2602, 2687, 1069, 2205, 1461, 4193, 1361, 2426, 1634, 1120, 6757, 2553, 1389, 3872, 1403, 1302, 1185, 1504, 1056, 907, 1694, 1932, 895, 3486, 1792, 2182, 1917, 1616, 2405)
(156, 753): Mean: 1739.02, median: 1474.5, std: 1114.769, percent: 1665.02, B: 130, W: 120, 
	(2291, 926, 1310, 8545, 2589, 1642, 861, 1319, 703, 1861, 1236, 1453, 935, 1624, 2722, 911, 2683, 2640, 1705, 2275, 1275, 656, 1578, 952, 1627, 1493, 872, 1911, 1545, 1554, 3114, 1997, 2741, 1076, 765, 1583, 1173, 1438, 1664, 1738, 803, 2501, 1252, 1736, 999, 2446, 1097, 824, 4814, 1542, 690, 1456, 919, 298, 1386, 4223, 499, 581, 2540, 2001, 1506, 3159, 2402, 1535, 1778, 3991, 1561, 857, 432, 1963, 1041, 2437, 1828, 1711, 1164, 1588, 978, 808, 1663, 975, 1175, 853, 2161, 1078, 1153, 1034, 894, 531, 1182, 1305, 1007, 633, 1781, 1469, 3762, 2194, 880, 943, 1420, 782, 1659, 3127, 1155, 2143, 1845, 1202, 762, 383, 1422, 2501, 2404, 909, 1803, 833, 918, 1306, 1559, 1441, 756, 1637, 2894, 1314, 1357, 569, 1957, 1479, 2002, 1286, 904, 1798, 1034, 2159, 1298, 5376, 1664, 1034, 3565, 1470, 2304, 1639, 2118, 4750, 1882, 1023, 1804, 1684, 3030, 1517, 2325, 2146, 1289, 2473, 1553, 1419, 1145, 583, 2870, 2251, 7881, 1330, 2749, 1649, 1291, 1281, 742, 2615, 1828, 1446, 1454, 2575, 480, 2049, 584, 590, 1446, 1208, 1380, 1035, 787, 2382, 2413, 1340, 1256, 1396, 1853, 761, 666, 7665, 1577, 2492, 1441, 1310, 674, 2182, 1904, 1388, 2648, 1115, 2306, 1908, 1277, 3590, 1278, 1156, 1927, 753, 2186, 2260, 1332, 295, 1891, 1964, 1430, 962, 1171, 481, 2416, 1671, 890, 2068, 1452, 2963, 2522, 1085, 2557, 1379, 5026, 1307, 2020, 1619, 1147, 5791, 2220, 1321, 3795, 1311, 1346, 985, 1450, 1047, 934, 1540, 1884, 953, 3347, 1516, 2261, 2371, 1539, 2058)
(157, 759): Mean: 1731.296, median: 1499.5, std: 1042.351, percent: 1636.7, B: 127, W: 122, 
	(2026, 965, 1208, 7136, 2210, 1458, 813, 1267, 776, 1650, 1230, 1498, 1058, 1519, 2537, 848, 2714, 3203, 1652, 2493, 1216, 656, 1648, 986, 1564, 1462, 853, 1974, 1297, 1602, 3278, 1860, 2758, 941, 729, 1683, 1264, 1485, 1784, 1554, 790, 2386, 1230, 1713, 900, 2252, 1057, 795, 4714, 1697, 685, 1413, 914, 305, 1230, 4422, 515, 650, 2524, 1960, 1588, 3080, 2370, 1604, 1963, 3767, 1684, 872, 474, 1890, 964, 2577, 1878, 1650, 1247, 1559, 957, 867, 1446, 943, 1074, 821, 2799, 950, 1126, 1173, 855, 533, 1191, 1197, 1072, 736, 1853, 1593, 3931, 2348, 849, 885, 1474, 746, 1501, 3398, 1088, 2225, 1940, 1269, 802, 336, 1276, 2225, 2241, 882, 1837, 903, 839, 1086, 1514, 1380, 801, 1661, 2792, 1381, 1651, 570, 1867, 1475, 2245, 1244, 984, 1575, 965, 1908, 1224, 5290, 1633, 1221, 3399, 1521, 2266, 1714, 1845, 4857, 2188, 1294, 1716, 1660, 2789, 1360, 2437, 1985, 1237, 2736, 1400, 1483, 1185, 549, 3099, 2172, 6321, 1291, 2660, 1602, 1262, 1337, 741, 1986, 1747, 1285, 1570, 2411, 558, 2182, 623, 645, 1502, 1289, 1363, 1140, 803, 2673, 2560, 1325, 1521, 1472, 2260, 767, 708, 5024, 1684, 2153, 1528, 1416, 665, 2280, 1849, 1464, 2479, 1046, 2128, 1971, 1354, 4516, 1229, 1205, 1980, 836, 1953, 2628, 1391, 317, 1909, 2004, 1420, 959, 1216, 463, 2234, 1664, 1021, 2441, 1393, 3516, 2172, 1167, 2213, 1357, 4520, 1377, 2131, 1855, 1198, 6994, 2304, 1392, 4724, 1189, 1295, 1058, 1507, 1018, 855, 1486, 2013, 967, 3276, 1567, 2373, 2404, 1524, 2234)
(158, 763): Mean: 1740.944, median: 1485.0, std: 1082.647, percent: 1623.12, B: 132, W: 115, 
	(1943, 958, 1284, 7701, 2247, 1461, 813, 1290, 737, 1713, 1200, 1559, 922, 1445, 2695, 824, 2937, 3417, 1481, 2715, 1184, 766, 1551, 933, 1593, 1590, 843, 1548, 1466, 1329, 3288, 1942, 2622, 892, 798, 1979, 1259, 1541, 2034, 1584, 721, 2337, 1167, 1517, 834, 2207, 1231, 868, 4418, 1646, 687, 1439, 1055, 270, 1295, 3978, 515, 618, 2470, 2109, 1665, 3642, 2324, 1555, 1810, 3755, 1605, 837, 439, 1828, 902, 2537, 1843, 1496, 1416, 1446, 920, 871, 1628, 932, 1024, 753, 2867, 957, 1301, 1067, 821, 533, 1180, 1206, 1106, 685, 1847, 1436, 4085, 2160, 803, 978, 1662, 677, 1627, 3402, 1087, 2250, 1924, 1190, 829, 364, 1416, 2480, 2008, 930, 1846, 895, 828, 1364, 1345, 1412, 982, 1755, 3475, 1362, 1555, 574, 1738, 1227, 1917, 1097, 921, 1604, 994, 2035, 1269, 4430, 1595, 1156, 3545, 1461, 2438, 1652, 1804, 4836, 1887, 1179, 1591, 1943, 3005, 1416, 2523, 2276, 1191, 2948, 1306, 1580, 1195, 593, 3115, 2217, 6645, 1509, 2644, 1823, 1255, 1309, 816, 1940, 1952, 1444, 1478, 2523, 604, 2082, 598, 551, 1503, 1223, 1398, 1136, 771, 2218, 2101, 1317, 1494, 1405, 2345, 759, 662, 7204, 1826, 2753, 1421, 1332, 641, 2027, 1946, 1493, 2619, 1153, 2240, 2074, 1302, 5259, 1317, 1120, 1583, 868, 2276, 2225, 1355, 283, 1893, 1913, 1682, 929, 1201, 461, 2289, 1531, 906, 2111, 1455, 3307, 2183, 1138, 2263, 1382, 5237, 1351, 2020, 1693, 1233, 5890, 2415, 1451, 4007, 1324, 1239, 1051, 1391, 1079, 864, 1530, 2051, 904, 3284, 1743, 2264, 2387, 1489, 2224)
(159, 765): Mean: 1727.58, median: 1482.0, std: 1018.177, percent: 1654.32, B: 131, W: 117, 
	(2467, 941, 1219, 6934, 2281, 1509, 833, 1394, 697, 1713, 1376, 1494, 962, 1497, 2424, 929, 3016, 2698, 1518, 2127, 1233, 732, 1720, 848, 1631, 1370, 807, 1644, 1698, 1582, 3117, 1794, 2341, 990, 756, 1702, 1250, 1401, 1907, 1746, 854, 2223, 1189, 1820, 1017, 2264, 1147, 853, 5491, 1587, 658, 1402, 1046, 303, 1417, 3780, 497, 610, 2590, 1937, 1802, 2855, 2432, 1743, 1973, 4069, 1663, 826, 487, 1834, 980, 3174, 1885, 1467, 1243, 1469, 929, 790, 1665, 916, 1127, 786, 2637, 1032, 1183, 1149, 858, 506, 1125, 1185, 1135, 570, 1875, 1477, 3873, 2328, 834, 912, 1519, 613, 1684, 3211, 1155, 2307, 1724, 1296, 786, 321, 1348, 2346, 2073, 880, 1791, 832, 819, 1464, 1446, 1479, 933, 1648, 3587, 1378, 1479, 643, 1743, 1471, 2062, 1239, 1049, 1483, 994, 2008, 1187, 5276, 1701, 1205, 2980, 1488, 2030, 1645, 1880, 4028, 1758, 1122, 1907, 1706, 2892, 1415, 2510, 2303, 1318, 2752, 1376, 1483, 1020, 605, 2816, 2495, 5619, 1448, 2877, 1637, 1259, 1342, 689, 2139, 1849, 1594, 1580, 2457, 574, 1878, 679, 492, 1481, 1301, 1365, 1059, 781, 2401, 2870, 1334, 1418, 1400, 2294, 771, 737, 5715, 1860, 2724, 1466, 1319, 661, 1987, 1868, 1576, 2528, 1092, 2236, 1939, 1403, 4072, 1316, 1106, 1974, 798, 2185, 2433, 1277, 260, 1876, 1767, 1429, 1031, 1173, 479, 2332, 1811, 961, 2018, 1440, 3024, 2579, 1130, 2137, 1436, 4822, 1205, 1938, 1816, 1152, 6341, 2328, 1437, 4312, 1285, 1255, 1000, 1638, 1077, 841, 1548, 1803, 884, 3931, 1776, 2046, 2543, 1425, 2263)
(160, 769): Mean: 1739.18, median: 1509.5, std: 1035.87, percent: 1645.12, B: 126, W: 124, 
	(1960, 887, 1203, 7182, 2446, 1481, 773, 1311, 700, 1873, 1327, 1413, 986, 1883, 2468, 911, 2922, 2980, 1602, 2325, 1144, 782, 1571, 1016, 1637, 1491, 809, 1879, 1529, 1310, 3264, 2123, 2862, 1032, 796, 1831, 1187, 1456, 2121, 1593, 747, 2396, 1289, 1734, 882, 2516, 1128, 822, 4446, 1509, 750, 1389, 932, 413, 1289, 3820, 592, 649, 2436, 2165, 1624, 3065, 2213, 1516, 1828, 4263, 1559, 888, 461, 2004, 965, 3017, 1838, 1538, 1264, 1496, 920, 810, 1651, 1002, 946, 812, 2186, 1028, 1249, 1122, 869, 488, 1116, 1261, 1140, 666, 2025, 1682, 4467, 2392, 901, 911, 1383, 674, 1518, 2977, 1130, 2171, 1840, 1281, 739, 349, 1538, 2546, 2199, 874, 1738, 885, 884, 1184, 1452, 1484, 804, 1703, 3071, 1374, 1515, 631, 1688, 1407, 2373, 1149, 953, 1481, 927, 2058, 1122, 5068, 1510, 1136, 3559, 1408, 2006, 1802, 1742, 4081, 1648, 1302, 1750, 1841, 3551, 1620, 2256, 2088, 1211, 3096, 1375, 1407, 1051, 604, 2868, 2024, 6982, 1347, 2374, 1762, 1322, 1223, 760, 2046, 1943, 1392, 1660, 2680, 526, 1994, 607, 569, 1705, 1145, 1554, 1027, 765, 2585, 3052, 1331, 1593, 1524, 2222, 722, 722, 5579, 1657, 2665, 1503, 1243, 607, 2279, 1845, 1598, 3099, 1074, 2264, 1940, 1303, 4294, 1383, 1107, 1745, 738, 1886, 2250, 1534, 296, 2014, 1665, 1489, 998, 1155, 461, 2290, 1727, 858, 2369, 1502, 3490, 2379, 1185, 2580, 1398, 4680, 1414, 1985, 1772, 1113, 5449, 2640, 1457, 4520, 1303, 1295, 1072, 1575, 1029, 919, 1489, 1856, 942, 3245, 1692, 2177, 2662, 1498, 2169)
(161, 772): Mean: 1721.476, median: 1517.5, std: 988.352, percent: 1634.74, B: 128, W: 121, 
	(2119, 975, 1234, 6468, 2033, 1362, 813, 1286, 819, 1789, 1501, 1498, 1002, 1604, 2618, 884, 2555, 3025, 1705, 2492, 1248, 709, 1653, 915, 1630, 1419, 883, 1556, 1338, 1222, 3097, 2286, 2820, 1006, 794, 1672, 1132, 1395, 1863, 1600, 736, 2518, 1300, 1598, 825, 2592, 1119, 818, 4668, 1563, 653, 1486, 1066, 311, 1464, 4013, 566, 558, 2502, 2047, 1628, 3540, 2340, 1635, 2255, 3190, 1512, 856, 477, 1911, 1064, 2833, 1956, 1615, 1200, 1478, 984, 834, 1457, 952, 1085, 892, 2340, 935, 1247, 1194, 883, 488, 1104, 1219, 1098, 620, 2143, 1557, 3752, 2218, 886, 894, 1937, 594, 1564, 4087, 1195, 1964, 1721, 1276, 751, 306, 1626, 2488, 2299, 908, 1754, 860, 875, 1207, 1427, 1438, 807, 1661, 3841, 1468, 1590, 687, 1793, 1523, 2399, 1286, 952, 1589, 940, 1766, 1254, 4774, 1596, 1093, 2931, 1445, 2069, 1776, 1893, 3959, 1813, 1122, 1857, 1602, 2980, 1497, 2588, 1821, 1283, 3273, 1550, 1468, 1159, 659, 3062, 1927, 6558, 1361, 2653, 1671, 1285, 1282, 779, 2043, 1844, 1459, 1630, 2376, 527, 2095, 609, 597, 1596, 1261, 1387, 1200, 796, 2442, 2710, 1257, 1356, 1556, 2208, 769, 739, 5404, 1630, 2273, 1397, 1309, 649, 2049, 1872, 1565, 2586, 1006, 2276, 2068, 1210, 4260, 1330, 1213, 1992, 795, 1942, 2388, 1342, 266, 1775, 1835, 1433, 974, 1147, 413, 2281, 1623, 857, 2209, 1399, 3012, 2114, 1006, 2263, 1413, 4351, 1251, 2126, 1943, 1191, 5591, 2358, 1437, 4235, 1258, 1251, 1130, 1623, 1055, 850, 1799, 2014, 922, 3288, 1750, 2192, 2383, 1675, 2349)
(162, 775): Mean: 1733.016, median: 1485.0, std: 1061.012, percent: 1697.4, B: 126, W: 122, 
	(2091, 931, 1245, 8123, 1998, 1631, 793, 1403, 831, 1817, 1446, 1453, 923, 1793, 2461, 898, 2885, 2563, 1780, 2491, 1342, 674, 1696, 957, 1685, 1377, 851, 1517, 1612, 1388, 2880, 1918, 2658, 973, 846, 1936, 1138, 1396, 1902, 1466, 806, 2696, 1221, 1550, 954, 2268, 1158, 890, 4720, 1455, 714, 1351, 1011, 319, 1539, 3583, 531, 558, 2828, 1883, 1572, 3285, 2579, 1496, 1846, 4034, 1598, 920, 524, 1770, 1055, 2506, 1982, 1398, 1187, 1562, 972, 882, 1478, 943, 1055, 793, 2681, 979, 1269, 1143, 806, 488, 1147, 1190, 1070, 777, 1826, 1563, 3134, 2244, 880, 987, 1516, 617, 1772, 3285, 1105, 2052, 1893, 1227, 714, 376, 1405, 2580, 2475, 764, 1775, 875, 919, 1162, 1420, 1462, 784, 1831, 3251, 1492, 1425, 518, 1620, 1303, 2309, 1163, 1074, 1571, 1021, 1816, 1204, 4212, 1621, 1192, 3406, 1371, 1924, 1560, 2000, 4228, 1945, 998, 1680, 1776, 3113, 1366, 2784, 2208, 1235, 2810, 1468, 1443, 1110, 638, 2863, 2208, 6040, 1400, 2548, 1971, 1526, 1258, 768, 2292, 1956, 1391, 1605, 2526, 557, 1977, 632, 633, 1514, 1171, 1437, 1018, 767, 2257, 2685, 1290, 1197, 1334, 2630, 754, 702, 5785, 1599, 2454, 1469, 1264, 670, 2014, 2015, 1570, 2588, 1080, 2456, 1943, 1339, 3636, 1290, 1214, 1880, 856, 2037, 2185, 1315, 315, 1658, 1965, 1523, 1134, 1127, 599, 2369, 1579, 939, 2198, 1437, 3530, 2170, 1162, 2403, 1506, 4702, 1294, 2054, 1757, 1067, 7895, 2736, 1380, 4971, 1383, 1238, 1126, 1358, 982, 841, 1657, 2174, 908, 3360, 1671, 1977, 2393, 1650, 2212)
(163, 779): Mean: 1732.548, median: 1512.0, std: 1039.08, percent: 1640.6, B: 123, W: 123, 
	(2074, 936, 1238, 7220, 2152, 1554, 767, 1438, 786, 1725, 1398, 1556, 916, 1627, 2865, 934, 2330, 3037, 1589, 2403, 1171, 623, 1499, 814, 1810, 1423, 911, 1943, 1396, 1215, 2711, 2361, 2582, 1007, 823, 1863, 1220, 1339, 1880, 1518, 821, 2305, 1188, 1528, 897, 2534, 1121, 876, 5105, 1429, 769, 1427, 1019, 305, 1302, 4679, 487, 678, 2564, 1965, 1653, 3000, 2014, 1583, 1975, 3993, 1549, 882, 437, 1765, 980, 2712, 2000, 1368, 1171, 1556, 972, 872, 1557, 947, 1123, 775, 2619, 926, 1309, 1058, 889, 535, 1275, 1247, 1136, 641, 2021, 1482, 4070, 2246, 829, 899, 1653, 694, 1500, 2824, 1172, 2074, 1711, 1312, 825, 409, 1570, 2642, 2292, 777, 1927, 828, 920, 1117, 1421, 1604, 879, 1689, 3434, 1472, 1829, 538, 1764, 1280, 2102, 1274, 981, 1848, 970, 1841, 1216, 5205, 1781, 1204, 3316, 1433, 2245, 1617, 1956, 4165, 1753, 1246, 1711, 1967, 2618, 1346, 2475, 2208, 1235, 3062, 1372, 1406, 1135, 585, 3127, 2310, 7090, 1376, 2859, 1568, 1432, 1330, 822, 2388, 1685, 1681, 1560, 2334, 506, 1998, 584, 530, 1474, 1199, 1291, 1083, 745, 2527, 2783, 1385, 1513, 1504, 2161, 786, 708, 4954, 1474, 2351, 1511, 1366, 654, 2241, 2104, 1711, 2638, 1045, 2204, 1886, 1339, 4161, 1339, 1306, 1808, 876, 1920, 2611, 1389, 287, 1643, 2008, 1676, 975, 1220, 365, 2137, 1841, 868, 2050, 1642, 2927, 2396, 1056, 2229, 1351, 4573, 1337, 1997, 1775, 1203, 6800, 2246, 1339, 3631, 1388, 1292, 1038, 1550, 1006, 870, 1541, 2106, 948, 3463, 1635, 2100, 2268, 1599, 2385)
(164, 783): Mean: 1745.02, median: 1531.0, std: 1040.079, percent: 1685.54, B: 125, W: 125, 
	(2029, 1035, 1248, 7618, 2160, 1532, 855, 1540, 795, 1892, 1371, 1331, 869, 1581, 2474, 884, 3103, 2955, 1530, 1898, 1324, 638, 1774, 963, 1802, 1311, 895, 1681, 1451, 1306, 2876, 2035, 2744, 1070, 811, 1781, 1160, 1503, 1918, 1554, 794, 2828, 1223, 1785, 1007, 2761, 1363, 939, 5507, 1565, 713, 1385, 986, 383, 1259, 4205, 498, 668, 2325, 2242, 1603, 3263, 2528, 1637, 1970, 3712, 1790, 934, 483, 1910, 939, 2889, 1853, 1525, 1339, 1639, 961, 800, 1509, 863, 985, 828, 2121, 941, 1055, 1233, 980, 507, 1114, 1264, 1075, 738, 1736, 1561, 4483, 2490, 849, 919, 1606, 621, 1717, 3106, 1207, 2038, 1782, 1306, 754, 286, 1340, 2748, 2039, 875, 1961, 925, 882, 1080, 1580, 1521, 840, 1692, 4044, 1295, 1617, 585, 1663, 1238, 1969, 1228, 923, 1555, 999, 2064, 1129, 4759, 1492, 1159, 3286, 1501, 2154, 1591, 1884, 4488, 1669, 1163, 1644, 1846, 2788, 1503, 2619, 2080, 1256, 2507, 1469, 1351, 1184, 598, 2943, 2238, 5565, 1591, 2502, 1824, 1650, 1434, 710, 2068, 1606, 1403, 1458, 2375, 523, 1820, 626, 681, 1614, 1222, 1360, 1091, 755, 3390, 2772, 1321, 1366, 1339, 2118, 784, 729, 5386, 1615, 2558, 1520, 1232, 643, 2161, 2087, 1539, 2782, 1064, 2092, 2126, 1305, 4250, 1342, 1165, 2023, 837, 2212, 2563, 1506, 265, 1864, 1770, 1406, 892, 1162, 649, 2439, 1721, 925, 2258, 1587, 2975, 2426, 1118, 2295, 1304, 5462, 1318, 2274, 1975, 1122, 5758, 2785, 1520, 4237, 1213, 1225, 1005, 1595, 1051, 866, 1788, 2005, 862, 3718, 1661, 2019, 2140, 1538, 2211)
(167, 801): Mean: 1751.936, median: 1463.5, std: 1084.788, percent: 1693.2, B: 127, W: 122, 
	(2161, 966, 1221, 8151, 2030, 1583, 842, 1539, 784, 1827, 1320, 1391, 910, 1611, 2627, 958, 2955, 3328, 1549, 2354, 1126, 653, 1560, 873, 1820, 1364, 878, 1617, 1397, 1425, 2793, 2035, 2663, 1127, 766, 1623, 1148, 1479, 1685, 1605, 1000, 2275, 1280, 1528, 1133, 2602, 1206, 833, 4757, 1453, 647, 1377, 993, 247, 1280, 3690, 568, 717, 2489, 1944, 1522, 3714, 2389, 1491, 1894, 3812, 1715, 933, 494, 1751, 1025, 2737, 1815, 1424, 1259, 1436, 1044, 837, 1436, 1083, 1116, 829, 2221, 1003, 1253, 1189, 787, 515, 1253, 1202, 1081, 619, 1945, 1496, 4460, 2650, 957, 958, 1432, 639, 1692, 3319, 1117, 2138, 1938, 1276, 758, 377, 1328, 2472, 2054, 873, 1822, 912, 860, 1266, 1601, 1549, 828, 1671, 3711, 1278, 1695, 637, 1798, 1392, 2420, 1226, 989, 1734, 1097, 1859, 1169, 4783, 1537, 1271, 3973, 1367, 2400, 1647, 1928, 3935, 1858, 1156, 1763, 1660, 3206, 1393, 2312, 2214, 1164, 2825, 1252, 1521, 1147, 591, 2889, 2054, 6152, 1444, 3144, 1539, 1231, 1407, 669, 2015, 1553, 1385, 1460, 2584, 517, 2067, 634, 619, 1598, 1270, 1525, 1129, 730, 2551, 2736, 1271, 1413, 1291, 2339, 783, 864, 6329, 1558, 2618, 1570, 1199, 604, 2346, 2170, 1545, 3094, 1142, 2759, 2057, 1201, 4021, 1324, 1189, 1975, 789, 1889, 2508, 1206, 291, 1731, 1855, 1423, 1035, 1236, 490, 2360, 1677, 829, 2446, 1467, 3006, 2325, 1054, 2250, 1349, 4538, 1338, 1937, 2105, 1183, 7258, 2500, 1393, 4467, 1238, 1264, 1055, 1460, 1048, 905, 1590, 2014, 882, 3747, 1714, 2453, 2460, 1451, 2266)
(170, 817): Mean: 1751.9, median: 1497.5, std: 1058.105, percent: 1676.04, B: 129, W: 120, 
	(2217, 919, 1193, 7280, 2435, 1587, 870, 1500, 745, 1696, 1258, 1391, 955, 1513, 2584, 955, 2285, 3047, 1713, 2054, 1367, 739, 1795, 877, 1689, 1455, 862, 1805, 1365, 1373, 2985, 1772, 2656, 1034, 796, 1844, 1321, 1389, 1847, 1473, 877, 2241, 1272, 1584, 871, 2943, 1200, 902, 4764, 1423, 798, 1586, 1037, 321, 1261, 3632, 543, 597, 3037, 1761, 1642, 3344, 2440, 1689, 1956, 3970, 1531, 871, 472, 1748, 868, 2692, 1871, 1361, 1217, 1616, 1048, 865, 1472, 972, 1154, 788, 2289, 980, 1255, 1154, 846, 477, 1189, 1249, 1080, 670, 1862, 1705, 3891, 2596, 851, 935, 1617, 707, 1711, 3210, 1002, 2361, 1808, 1272, 750, 291, 1403, 2502, 1989, 842, 1939, 977, 946, 1314, 1461, 1355, 888, 1668, 3760, 1347, 1671, 577, 1720, 1481, 2168, 1191, 1020, 1590, 1070, 1852, 1233, 5441, 1581, 1182, 3846, 1420, 2427, 1635, 1933, 4350, 1798, 1100, 1702, 1855, 3083, 1485, 2595, 2048, 1259, 2589, 1384, 1515, 1089, 564, 3282, 2172, 6413, 1452, 2910, 1559, 1316, 1509, 713, 2208, 1649, 1495, 1450, 2145, 560, 2118, 639, 586, 1597, 1244, 1391, 1081, 737, 2389, 2722, 1280, 1610, 1320, 2110, 853, 727, 5372, 1463, 2781, 1652, 1234, 629, 2150, 1982, 1542, 2990, 1141, 2281, 1982, 1264, 4447, 1339, 1130, 1832, 777, 2388, 2377, 1516, 262, 1763, 1831, 1409, 997, 1208, 454, 2407, 1658, 966, 2408, 1539, 3658, 2610, 1188, 2065, 1390, 4168, 1381, 2102, 1846, 1139, 7027, 2449, 1409, 4414, 1353, 1312, 1145, 1469, 1027, 932, 1534, 2003, 933, 4217, 1880, 1933, 2720, 1493, 2289)
(172, 824): Mean: 2388.136, median: 2003.5, std: 1600.165, percent: 2293.9, B: 1, W: 249, 
	(3305, 1201, 1769, 13190, 3302, 2080, 1151, 1860, 915, 2245, 1510, 2237, 1378, 2442, 3433, 1315, 4317, 4243, 2215, 2874, 1769, 990, 2267, 1151, 1887, 1893, 1216, 2236, 1841, 1901, 4343, 2541, 3772, 1132, 1073, 2132, 1533, 2448, 2462, 2121, 1025, 3345, 1475, 1895, 1232, 3025, 1339, 1075, 6819, 2090, 895, 2001, 1223, 382, 1532, 7602, 706, 789, 4499, 2667, 2006, 4432, 2836, 2253, 2860, 6517, 2114, 938, 607, 2384, 1344, 3720, 2731, 1657, 1628, 2313, 1345, 1233, 1928, 1195, 1239, 1116, 3405, 1166, 1517, 1608, 1036, 702, 1342, 1530, 1531, 943, 2598, 2024, 5514, 3617, 1021, 1144, 2100, 788, 2146, 5249, 1438, 3109, 2384, 1600, 895, 465, 2017, 3791, 2724, 1356, 2389, 1102, 886, 1501, 1670, 2552, 1281, 2361, 5480, 2015, 2146, 749, 2481, 1601, 2483, 1646, 1391, 2496, 1566, 2277, 1636, 5500, 1976, 1707, 3933, 2185, 2844, 1924, 2385, 6291, 2915, 1708, 2677, 2490, 3933, 1960, 3631, 3049, 2022, 4508, 1756, 1993, 1540, 837, 3908, 3072, 9137, 1875, 3455, 2213, 2038, 1875, 957, 3396, 2442, 1947, 1692, 2968, 682, 2560, 789, 819, 1947, 1444, 1873, 1347, 974, 3038, 4296, 1477, 1928, 1863, 2923, 1052, 1101, 8238, 1999, 2947, 1975, 1442, 881, 3521, 2401, 2409, 3683, 1597, 3229, 3266, 1632, 5742, 1618, 1632, 2531, 1109, 2633, 3269, 4157, 345, 2659, 1967, 1867, 1303, 1642, 688, 3154, 2088, 1139, 2929, 2028, 4235, 3825, 1370, 3687, 1679, 6423, 1790, 2896, 2595, 1463, 10371, 2471, 1870, 5240, 1676, 1656, 1401, 2081, 1678, 1378, 2048, 3084, 1211, 4997, 2504, 2939, 3152, 2096, 2475)
(173, 830): Mean: 2382.488, median: 2097.0, std: 1574.622, percent: 2265.4, B: 128, W: 121, 
	(3664, 1168, 1762, 12814, 3386, 2241, 1202, 1924, 1031, 2619, 2063, 2104, 1230, 2764, 3422, 1223, 3478, 3606, 2176, 3063, 1661, 991, 2077, 1164, 1838, 1932, 1191, 2684, 2136, 1780, 4380, 2741, 3795, 1091, 1077, 2314, 1718, 1599, 2071, 2095, 1012, 2652, 1539, 1998, 1234, 3259, 1316, 1095, 7726, 2547, 828, 2109, 1325, 331, 1524, 6197, 711, 801, 4731, 3227, 2442, 3893, 2819, 2519, 2593, 5245, 2050, 942, 593, 2767, 1192, 3720, 2599, 1947, 1655, 2114, 1424, 1131, 2307, 1224, 1399, 1068, 3234, 1196, 1450, 1478, 1179, 750, 1547, 1600, 1417, 891, 2511, 2092, 5818, 3351, 1156, 1200, 2186, 758, 2652, 4454, 1417, 2917, 2130, 1537, 971, 506, 2461, 3504, 3367, 1151, 2196, 1074, 1085, 1373, 1719, 2099, 1062, 2485, 5198, 1785, 1946, 572, 2596, 1622, 3028, 1789, 1211, 2386, 1562, 3223, 1772, 5762, 2242, 1677, 3920, 2014, 2611, 1932, 2334, 6603, 2705, 1412, 2500, 2296, 4599, 2122, 3628, 2800, 1722, 4594, 2203, 2125, 1746, 755, 4463, 2918, 7314, 2165, 3232, 2142, 1741, 1729, 1054, 2970, 2533, 2377, 1755, 2937, 599, 2553, 912, 788, 2210, 1513, 1981, 1298, 1097, 2890, 3697, 1663, 1737, 2093, 2720, 1048, 995, 9040, 2243, 2975, 2254, 1385, 862, 3756, 2538, 2699, 3936, 1355, 3019, 2920, 1491, 6997, 1627, 1420, 2439, 1119, 2415, 3190, 2073, 323, 2655, 2499, 2237, 1444, 1481, 699, 2787, 2199, 1020, 2826, 2017, 5011, 3309, 1549, 3403, 1882, 9912, 1540, 2674, 2415, 1420, 7772, 2780, 1593, 5439, 1728, 1484, 1241, 2209, 1478, 1270, 2266, 3490, 1351, 4169, 2153, 3054, 3418, 1934, 2568)
(174, 831): Mean: 1991.036, median: 1702.5, std: 1270.429, percent: 1905.84, B: 229, W: 20, 
	(3028, 1031, 1502, 9887, 2262, 1813, 955, 1571, 862, 1983, 1481, 1606, 975, 1971, 2590, 1092, 3449, 3441, 1576, 3227, 1486, 854, 1806, 1008, 1833, 1449, 1086, 1734, 1790, 1499, 3714, 2778, 3748, 1117, 842, 2185, 1251, 1642, 2083, 1772, 863, 2652, 1468, 1705, 978, 2619, 1314, 920, 5327, 2014, 855, 1590, 1106, 301, 1308, 5144, 567, 665, 2983, 2332, 1780, 3190, 2825, 2174, 2680, 4417, 1634, 896, 524, 2049, 1159, 2855, 2284, 1559, 1560, 1736, 1086, 1004, 1641, 1233, 1227, 869, 2630, 1153, 1310, 1194, 1079, 601, 1263, 1311, 1076, 718, 2064, 1488, 4418, 2856, 990, 1006, 1917, 718, 1717, 3853, 1062, 2558, 2027, 1528, 775, 424, 1662, 2992, 2599, 958, 2065, 1023, 924, 1114, 1595, 1583, 1043, 2012, 4140, 1580, 1937, 623, 1912, 1288, 2298, 1503, 1079, 1725, 1185, 2054, 1336, 4641, 1784, 1480, 3906, 1563, 2530, 1786, 1847, 5578, 2036, 1247, 2151, 2069, 3998, 1802, 3123, 2230, 1579, 3335, 1952, 1604, 1525, 651, 3721, 2785, 7836, 1720, 3105, 1995, 1484, 1386, 823, 2434, 2068, 1877, 1467, 2571, 627, 2004, 721, 657, 1762, 1340, 1607, 1190, 852, 2436, 3187, 1393, 1700, 1601, 2738, 954, 752, 6094, 1814, 2583, 1710, 1267, 705, 2874, 2222, 2142, 3144, 1098, 2862, 2181, 1559, 5061, 1456, 1411, 1925, 859, 2208, 2826, 1629, 306, 2240, 1929, 1647, 1158, 1307, 463, 2800, 1832, 980, 2363, 1699, 3609, 2763, 1218, 2617, 1638, 4283, 1470, 2309, 2008, 1330, 8959, 2348, 1504, 5453, 1542, 1712, 1120, 1691, 1171, 1068, 2039, 2580, 994, 4348, 2113, 2192, 2551, 1916, 2611)
(175, 834): Mean: 1996.984, median: 1704.0, std: 1302.101, percent: 1899.42, B: 129, W: 121, 
	(3171, 1163, 1366, 10208, 2414, 1725, 908, 1472, 815, 2162, 1498, 1524, 1234, 1784, 2746, 1056, 3440, 3243, 1703, 2844, 1276, 774, 1871, 1033, 1798, 1698, 883, 1947, 1760, 1726, 3591, 2354, 3193, 1107, 867, 1949, 1328, 1606, 1811, 1643, 944, 2298, 1245, 1829, 1081, 2774, 1254, 947, 5896, 1750, 807, 1752, 1072, 342, 1442, 4376, 575, 739, 3230, 2479, 2056, 3538, 2390, 1969, 2087, 4570, 1708, 831, 498, 2303, 1156, 3718, 2019, 1622, 1494, 1607, 1024, 980, 1737, 1088, 1172, 866, 2274, 1067, 1294, 1482, 1010, 667, 1375, 1529, 1289, 765, 2158, 1528, 4177, 2971, 909, 1040, 1914, 806, 1866, 4901, 1249, 2623, 1977, 1305, 755, 376, 1539, 2825, 2250, 894, 2486, 943, 890, 1191, 1530, 1718, 982, 1838, 3550, 1651, 2408, 621, 2199, 1231, 2248, 1435, 1123, 1973, 1271, 2169, 1313, 5047, 1666, 1445, 3505, 1546, 1986, 1867, 2448, 5831, 2176, 1224, 2154, 2187, 3377, 1723, 2619, 2537, 1546, 3243, 1521, 1700, 1307, 769, 4004, 2299, 9137, 1636, 2541, 1788, 1345, 1446, 750, 2497, 2409, 1797, 1393, 2518, 624, 2362, 732, 654, 1770, 1365, 1728, 1133, 938, 3176, 3026, 1429, 1521, 1589, 2353, 927, 893, 6794, 1824, 2597, 2144, 1400, 745, 3094, 1959, 1748, 3447, 1077, 2549, 2873, 1399, 4990, 1418, 1307, 1940, 931, 2282, 2964, 1628, 312, 2243, 2087, 1556, 1086, 1528, 493, 2739, 1862, 1179, 2422, 1705, 2976, 3015, 1212, 2601, 1680, 4538, 1630, 2454, 2226, 1404, 8210, 2430, 1376, 5047, 1532, 1438, 1148, 1634, 1115, 1026, 1984, 2363, 1087, 4627, 1795, 2765, 2773, 1659, 2434)
(176, 839): Mean: 1980.572, median: 1681.0, std: 1272.33, percent: 1888.46, B: 134, W: 115, 
	(2897, 1006, 1453, 10071, 1994, 1711, 1004, 1657, 901, 2142, 1472, 1660, 1089, 1891, 2765, 991, 3129, 3836, 1868, 2873, 1548, 895, 1781, 1011, 1704, 1494, 978, 2009, 1644, 1411, 3652, 2451, 2915, 1013, 905, 2248, 1236, 1704, 2021, 1754, 918, 2539, 1310, 1683, 1089, 2487, 1344, 931, 6256, 1861, 852, 1551, 1337, 337, 1334, 5309, 571, 667, 2801, 2341, 2046, 3416, 2594, 1867, 2085, 4870, 1873, 858, 507, 2495, 1110, 3315, 2094, 1590, 1439, 1872, 1024, 973, 1817, 1027, 1190, 838, 2496, 1095, 1259, 1332, 1012, 610, 1251, 1334, 1301, 816, 2376, 1552, 4956, 2876, 926, 996, 1845, 732, 1673, 3805, 1212, 2534, 1841, 1335, 723, 351, 1814, 2814, 2358, 913, 1875, 940, 912, 1366, 1544, 1552, 951, 1921, 3781, 1611, 1932, 633, 2378, 1281, 2148, 1367, 1038, 1921, 1369, 2346, 1332, 5864, 1916, 1443, 3260, 1548, 2413, 1844, 1921, 5611, 2170, 1256, 1978, 1983, 3142, 1683, 2791, 2771, 1486, 3479, 1442, 1613, 1165, 704, 3932, 2556, 7918, 1728, 2697, 1946, 1390, 1458, 832, 2257, 2028, 1767, 1435, 2640, 552, 2226, 696, 599, 1621, 1280, 1668, 1239, 888, 2981, 2454, 1447, 1628, 1421, 2553, 1011, 817, 7433, 1689, 2300, 1522, 1322, 839, 3137, 2145, 1896, 3361, 1076, 2429, 2433, 1578, 4839, 1420, 1448, 2008, 945, 1930, 2564, 1718, 324, 1892, 2846, 1558, 1027, 1397, 471, 3075, 1951, 833, 2804, 1538, 3729, 2543, 1237, 3216, 1679, 4648, 1538, 2442, 1889, 1235, 6608, 2607, 1362, 4992, 1640, 1487, 1311, 1611, 1370, 914, 2010, 2179, 1033, 4084, 2096, 2375, 2767, 1751, 2356)
(177, 841): Mean: 1906.568, median: 1668.5, std: 1182.186, percent: 1802.22, B: 155, W: 95, 
	(2645, 1026, 1370, 7806, 2357, 1669, 897, 1384, 883, 1731, 1501, 1704, 1006, 1715, 2781, 854, 3786, 3116, 1675, 2634, 1378, 886, 1786, 988, 1665, 1573, 953, 1839, 1633, 1561, 3563, 2071, 2712, 1060, 834, 1964, 1318, 1589, 1840, 1629, 865, 2359, 1392, 1877, 998, 2734, 1318, 890, 6895, 1902, 838, 1569, 1135, 339, 1312, 4966, 526, 649, 2873, 2112, 1807, 3295, 2657, 1838, 2283, 4998, 1695, 853, 495, 2323, 955, 3108, 2240, 1628, 1422, 1778, 1072, 969, 1729, 1000, 1152, 917, 2487, 963, 1208, 1297, 1063, 590, 1195, 1299, 1248, 735, 2155, 1587, 4546, 2455, 911, 936, 1794, 808, 1739, 3225, 1314, 2350, 1984, 1282, 747, 366, 1502, 2709, 2670, 916, 1997, 809, 889, 1373, 1683, 1512, 836, 1772, 2991, 1567, 1674, 660, 2014, 1344, 2117, 1411, 983, 1543, 1155, 2362, 1301, 4466, 1683, 1347, 3424, 1501, 2145, 1771, 1996, 4574, 2245, 1193, 1657, 1868, 3413, 1707, 2382, 2189, 1352, 3529, 1886, 1607, 1203, 646, 3612, 2288, 8482, 1629, 2373, 1749, 1452, 1507, 823, 2600, 2084, 1668, 1621, 2531, 565, 2364, 630, 721, 1788, 1324, 1724, 1167, 954, 2796, 2983, 1230, 1525, 1736, 2584, 958, 719, 5939, 1623, 2016, 1579, 1351, 707, 2933, 2032, 1778, 3418, 1122, 2794, 2254, 1579, 3992, 1390, 1250, 1865, 909, 2492, 2955, 1485, 346, 1771, 2497, 1740, 978, 1283, 476, 2569, 1797, 1008, 2282, 1585, 2902, 2816, 1346, 2516, 1473, 4887, 1622, 2271, 2218, 1277, 6923, 2556, 1295, 5565, 1681, 1494, 1076, 1671, 1055, 951, 1855, 2535, 972, 4254, 1999, 2108, 2447, 1807, 2085)
(178, 847): Mean: 1901.308, median: 1666.5, std: 1178.916, percent: 1747.52, B: 117, W: 133, 
	(2526, 1081, 1405, 8584, 2405, 1769, 955, 1448, 949, 2096, 1428, 1592, 1058, 1923, 3087, 1067, 4143, 3293, 1574, 2989, 1393, 878, 1730, 1018, 1671, 1513, 896, 2143, 1507, 1245, 3320, 2477, 3042, 1012, 932, 1980, 1271, 1826, 1890, 1821, 941, 2219, 1552, 1883, 873, 2387, 1227, 977, 5334, 1765, 831, 1589, 981, 341, 1363, 4640, 625, 744, 2856, 2159, 1738, 3930, 2331, 1772, 2025, 3944, 1870, 903, 484, 2116, 1232, 2901, 1835, 1783, 1371, 1562, 1075, 904, 1540, 986, 1161, 860, 2533, 1050, 1270, 1208, 994, 557, 1197, 1207, 1090, 741, 2226, 1696, 4719, 2436, 921, 938, 1759, 641, 1678, 3664, 1200, 2377, 1703, 1312, 722, 428, 1506, 2682, 2328, 901, 1931, 953, 853, 1409, 1656, 1442, 875, 1917, 3283, 1482, 1822, 600, 1995, 1440, 2077, 1214, 1085, 1848, 1170, 2152, 1523, 5017, 1813, 1392, 3564, 1630, 2085, 1570, 1800, 4578, 1922, 1250, 1916, 1863, 3141, 1773, 2523, 2101, 1494, 2767, 1580, 1713, 1124, 711, 3571, 2465, 8711, 1822, 2878, 1803, 1442, 1575, 926, 2413, 2215, 1504, 1267, 2222, 640, 2128, 664, 589, 1779, 1358, 1541, 1230, 840, 2731, 3230, 1392, 1709, 1507, 2300, 957, 820, 5609, 1995, 2270, 1691, 1428, 882, 2276, 1868, 1731, 3443, 1053, 2226, 2336, 1511, 5735, 1383, 1258, 1945, 925, 2230, 2798, 1538, 323, 2018, 1923, 1763, 1102, 1394, 540, 2532, 1865, 992, 2476, 1468, 3059, 2897, 1353, 2737, 1425, 4288, 1662, 2439, 2128, 1200, 6883, 2621, 1419, 4841, 1445, 1522, 982, 1681, 1092, 914, 1900, 2398, 964, 4534, 1660, 2463, 2126, 1422, 2231)
(180, 856): Mean: 1899.444, median: 1644.0, std: 1211.025, percent: 1778.7, B: 135, W: 113, 
	(2840, 1015, 1518, 10613, 2662, 1550, 852, 1365, 867, 1644, 1515, 1847, 1061, 1964, 2871, 889, 3581, 3321, 1437, 2824, 1494, 814, 1614, 1020, 1658, 1465, 965, 2016, 1644, 1552, 2853, 2365, 2654, 1067, 875, 2150, 1244, 1577, 2003, 1724, 910, 2226, 1453, 1745, 1013, 2194, 1438, 962, 6042, 1687, 745, 1773, 1136, 292, 1478, 4844, 494, 620, 2612, 2008, 1752, 3484, 2486, 1660, 2081, 5092, 1745, 797, 503, 2118, 1034, 3075, 2367, 1485, 1456, 1936, 1022, 937, 1685, 1081, 1116, 836, 2599, 1029, 1211, 1230, 850, 646, 1162, 1196, 1252, 710, 2288, 1537, 4685, 2594, 902, 960, 1704, 755, 1805, 3623, 1237, 2244, 1901, 1346, 798, 415, 1384, 2615, 2056, 869, 1853, 853, 852, 1489, 1644, 1558, 845, 1848, 3706, 1499, 1661, 707, 2014, 1411, 2257, 1344, 984, 1818, 1151, 2370, 1285, 4878, 1756, 1357, 2968, 1472, 2198, 1625, 1991, 4550, 1898, 1160, 2223, 1908, 3425, 1670, 2916, 2101, 1459, 3123, 1513, 1787, 1219, 656, 3955, 2526, 6641, 1702, 2258, 2045, 1345, 1610, 825, 2060, 1911, 1644, 1407, 2368, 574, 2097, 664, 532, 1673, 1305, 1453, 1133, 907, 2501, 2273, 1415, 1476, 1394, 2524, 922, 855, 5415, 1775, 2839, 1648, 1497, 756, 2766, 1976, 1753, 3023, 982, 2391, 2222, 1502, 4301, 1380, 1317, 1872, 831, 2433, 2655, 1642, 300, 1780, 2184, 1559, 1086, 1275, 607, 2564, 1936, 916, 2362, 1489, 3306, 2911, 1446, 2627, 1723, 5412, 1419, 2233, 2057, 1192, 7344, 2479, 1355, 4794, 1443, 1280, 1206, 1733, 1161, 937, 1782, 2587, 971, 4697, 1915, 2484, 2484, 1553, 2286)
(181, 861): Mean: 1902.46, median: 1612.5, std: 1212.149, percent: 1804.3, B: 125, W: 124, 
	(2351, 1021, 1382, 9810, 2352, 1717, 924, 1407, 843, 1735, 1516, 1706, 1058, 1812, 3081, 896, 3379, 3548, 1585, 2850, 1495, 868, 1774, 846, 1808, 1538, 920, 1718, 1833, 1383, 2893, 2314, 3350, 1236, 820, 1849, 1230, 1614, 1963, 1567, 903, 2241, 1359, 1741, 937, 2412, 1251, 976, 6027, 1887, 716, 1629, 1073, 324, 1301, 4698, 561, 649, 2681, 2169, 1830, 3735, 2389, 1822, 1947, 3950, 1719, 897, 435, 1969, 1001, 3144, 2002, 1611, 1570, 1676, 1137, 889, 1704, 1028, 1239, 891, 2487, 1033, 1255, 1302, 942, 593, 1212, 1071, 1176, 751, 2033, 1574, 4682, 2831, 883, 952, 1682, 686, 1564, 3626, 1180, 2268, 1951, 1329, 814, 353, 1527, 2606, 2536, 895, 2178, 997, 884, 1253, 1582, 1429, 823, 2071, 3390, 1475, 1795, 522, 2165, 1427, 1892, 1363, 1028, 1698, 1108, 1993, 1239, 5209, 1608, 1503, 3562, 1595, 2611, 1769, 1977, 4605, 1896, 1152, 1877, 2101, 2930, 1561, 2656, 2644, 1489, 3260, 1699, 1625, 1245, 664, 3494, 2409, 8568, 1505, 2859, 2014, 1535, 1495, 802, 2390, 2168, 1596, 1320, 2661, 555, 2268, 655, 642, 1638, 1271, 1497, 1180, 770, 2632, 2924, 1434, 1423, 1587, 2147, 1033, 783, 6696, 1702, 2832, 1525, 1345, 745, 2414, 1770, 1883, 3138, 1091, 2897, 2188, 1392, 3813, 1448, 1229, 2145, 938, 2175, 2777, 1450, 284, 1835, 2426, 1651, 1067, 1445, 519, 2480, 1779, 989, 2407, 1561, 3370, 2475, 1171, 2616, 1623, 5087, 1473, 2460, 2074, 1311, 6294, 2534, 1483, 4355, 1458, 1495, 1168, 1549, 1089, 1032, 1674, 2587, 1001, 4500, 1776, 2611, 2635, 1741, 2226)
(182, 867): Mean: 1913.104, median: 1678.5, std: 1184.286, percent: 1800.86, B: 128, W: 122, 
	(2449, 972, 1376, 7995, 2349, 1684, 893, 1480, 805, 2133, 1397, 1768, 1156, 1657, 2820, 972, 3382, 3616, 1825, 2510, 1312, 836, 1761, 979, 1631, 1678, 844, 1848, 1820, 1595, 3813, 2309, 3179, 1082, 967, 1829, 1243, 1566, 2067, 1621, 997, 2204, 1353, 2009, 1153, 2272, 1204, 938, 5876, 1771, 667, 1620, 1008, 365, 1455, 4031, 487, 602, 2910, 2691, 1723, 3486, 2382, 1958, 1827, 4262, 1682, 946, 502, 2570, 1106, 2813, 1972, 1492, 1473, 1805, 1068, 900, 1797, 1036, 1214, 832, 2385, 957, 1327, 1339, 901, 489, 1204, 1380, 1209, 671, 2239, 1720, 5211, 2558, 876, 979, 1671, 735, 1683, 3921, 1214, 2226, 1871, 1303, 874, 343, 1504, 2855, 2303, 1007, 2096, 879, 955, 1200, 1655, 1523, 944, 2094, 3459, 1457, 1755, 551, 1974, 1463, 1989, 1449, 988, 1783, 1201, 2026, 1370, 5771, 1697, 1301, 3555, 1545, 2392, 1610, 1922, 4862, 1926, 1172, 1996, 2100, 3275, 1589, 2560, 2376, 1313, 3433, 1853, 1583, 1168, 640, 3970, 2163, 7601, 1868, 2788, 1811, 1546, 1392, 773, 2315, 2032, 1767, 1290, 2619, 625, 2284, 651, 641, 1684, 1275, 1436, 1270, 829, 2721, 2900, 1410, 1679, 1506, 2713, 1045, 831, 6139, 1749, 2431, 1843, 1280, 675, 2561, 1837, 1898, 3196, 972, 2743, 2518, 1366, 6063, 1529, 1226, 2039, 825, 1955, 2527, 1595, 335, 1996, 1833, 1640, 1147, 1308, 525, 2502, 1800, 1008, 2686, 1755, 3671, 3124, 1197, 2325, 1716, 4533, 1557, 2548, 1859, 1063, 6677, 2405, 1493, 4718, 1469, 1434, 1119, 1521, 1134, 945, 1792, 2164, 993, 4551, 1732, 2076, 2779, 1462, 2199)
(183, 871): Mean: 1884.04, median: 1630.5, std: 1168.565, percent: 1776.22, B: 134, W: 116, 
	(2772, 967, 1372, 8939, 1978, 1720, 949, 1383, 843, 1913, 1370, 1592, 984, 1883, 2544, 884, 3176, 3747, 1613, 2476, 1275, 750, 1727, 947, 1648, 1458, 897, 1909, 1600, 1518, 3407, 2384, 3178, 969, 993, 1831, 1260, 1397, 1884, 1636, 908, 2646, 1263, 1848, 818, 2392, 1307, 986, 5672, 1717, 760, 1471, 1061, 283, 1340, 5501, 559, 555, 3230, 2162, 1897, 4058, 2402, 1730, 2258, 4056, 1697, 857, 492, 2313, 1076, 3482, 1794, 1770, 1425, 1583, 977, 920, 1680, 1129, 1123, 806, 2408, 972, 1225, 1222, 903, 579, 1234, 1191, 1202, 788, 2270, 1515, 4219, 2528, 941, 866, 1731, 662, 1686, 3660, 1127, 2166, 1878, 1281, 726, 433, 1549, 2914, 2474, 959, 2016, 926, 1004, 1241, 1440, 1672, 1032, 1829, 3696, 1486, 2136, 542, 2273, 1343, 1982, 1295, 1011, 2095, 1237, 2089, 1356, 5399, 1735, 1358, 3480, 1446, 2256, 1555, 2066, 5604, 1981, 1257, 2066, 1790, 2964, 1739, 2631, 2462, 1327, 3314, 1626, 1802, 1365, 700, 3363, 2132, 7067, 1625, 2708, 1823, 1342, 1499, 911, 2203, 1892, 1676, 1519, 2635, 528, 2124, 597, 707, 1646, 1238, 1476, 1106, 929, 2601, 2874, 1357, 1435, 1418, 2427, 857, 801, 4952, 1530, 2430, 1574, 1377, 703, 2589, 1914, 1870, 2606, 1062, 2776, 2174, 1460, 5069, 1358, 1297, 2052, 1033, 2301, 2858, 1408, 342, 1877, 1801, 1658, 962, 1387, 474, 2638, 1868, 1045, 2162, 1643, 3802, 2513, 1162, 2513, 1789, 4461, 1508, 1955, 1940, 1363, 7175, 2238, 1460, 4276, 1594, 1435, 1197, 1483, 1050, 899, 2080, 2383, 945, 3731, 1894, 2355, 2461, 1635, 2237)
(185, 883): Mean: 1879.776, median: 1613.0, std: 1194.705, percent: 1750.8, B: 127, W: 121, 
	(2522, 968, 1444, 9073, 2109, 2188, 915, 1685, 897, 1614, 1334, 1596, 1021, 1905, 2959, 976, 3402, 3312, 1516, 3374, 1270, 859, 1610, 951, 1732, 1657, 892, 1736, 1469, 1621, 3408, 2503, 2758, 1066, 835, 1858, 1262, 1489, 1815, 1647, 831, 2502, 1305, 1829, 928, 2398, 1302, 900, 5539, 1731, 754, 1537, 1010, 283, 1369, 3905, 530, 528, 2801, 2097, 1662, 3250, 2366, 1778, 1947, 4431, 1711, 819, 532, 2087, 1137, 3445, 1895, 1543, 1408, 1751, 1049, 867, 1566, 1058, 1070, 876, 2490, 1119, 1290, 1279, 919, 522, 1248, 1166, 1144, 776, 2200, 1567, 4398, 2728, 903, 942, 1951, 680, 1808, 3475, 1141, 2236, 1819, 1289, 687, 464, 1693, 2869, 2565, 915, 1965, 941, 877, 1265, 1512, 1593, 844, 1780, 3658, 1379, 1744, 513, 2254, 1304, 2104, 1471, 1005, 2227, 1120, 1886, 1257, 4828, 1681, 1351, 3359, 1553, 2257, 1827, 1953, 5445, 2055, 1311, 1968, 1888, 3312, 1524, 2733, 2202, 1612, 3214, 1661, 1801, 1148, 631, 3203, 2385, 8042, 1676, 2391, 1621, 1350, 1483, 748, 2505, 1958, 1682, 1364, 2143, 587, 2390, 659, 692, 1592, 1248, 1495, 1191, 868, 2435, 2878, 1305, 1395, 1465, 2360, 890, 866, 5794, 1519, 2387, 1615, 1305, 711, 2700, 1804, 1756, 3057, 1062, 2439, 1952, 1411, 3970, 1352, 1291, 1898, 846, 2391, 2795, 1600, 332, 1849, 1924, 1535, 1144, 1290, 487, 2600, 1933, 1031, 2815, 1488, 3299, 2899, 1170, 2524, 1548, 4859, 1461, 2218, 1963, 1148, 8204, 2311, 1394, 4619, 1535, 1302, 1168, 1548, 1163, 931, 1757, 2339, 931, 4337, 1938, 2028, 2557, 1757, 2215)
(187, 891): Mean: 1795.86, median: 1547.5, std: 1107.874, percent: 1684.98, B: 164, W: 86, 
	(2733, 850, 1330, 6900, 2119, 1641, 851, 1472, 768, 1752, 1352, 1500, 939, 1592, 2828, 869, 2974, 3316, 1581, 2601, 1265, 812, 1757, 940, 1645, 1551, 924, 2143, 1544, 1202, 3073, 1887, 2915, 934, 772, 1716, 1183, 1552, 1706, 1537, 857, 2323, 1232, 1708, 909, 2186, 1111, 928, 6387, 1675, 653, 1471, 1025, 357, 1298, 4825, 510, 616, 2822, 1885, 1586, 3487, 2270, 1703, 1806, 3544, 1595, 833, 497, 2336, 1085, 2688, 2094, 1520, 1345, 1676, 913, 828, 1356, 909, 1085, 837, 2309, 1044, 1151, 1142, 844, 564, 1136, 1143, 1087, 674, 2148, 1701, 4523, 2926, 906, 893, 1886, 720, 1583, 3083, 1191, 2192, 1782, 1278, 781, 398, 1402, 2475, 2269, 848, 1810, 1007, 792, 1317, 1452, 1466, 960, 1895, 3015, 1393, 1844, 608, 1814, 1327, 2054, 1215, 978, 1832, 1119, 1773, 1211, 5051, 1551, 1125, 3759, 1338, 1970, 1772, 2010, 4238, 2294, 1180, 2014, 1903, 3200, 1600, 2360, 1993, 1305, 3094, 1510, 1520, 1204, 700, 3469, 2315, 7817, 1529, 2254, 1693, 1344, 1523, 720, 2264, 1616, 1413, 1390, 2316, 692, 1923, 603, 614, 1513, 1209, 1551, 1070, 801, 2581, 2826, 1379, 1487, 1396, 2172, 858, 773, 6034, 1723, 2059, 1746, 1241, 642, 2097, 1945, 1601, 2879, 1055, 2466, 2490, 1376, 4900, 1343, 1115, 1965, 734, 2040, 2581, 1433, 236, 1951, 1953, 1576, 1046, 1326, 418, 2460, 1968, 878, 2286, 1588, 3041, 2424, 1101, 2241, 1522, 5013, 1514, 2228, 2186, 1092, 5678, 2143, 1452, 4308, 1497, 1374, 1172, 1487, 945, 960, 1879, 2228, 983, 4713, 1854, 1898, 2726, 1540, 2055)
(188, 893): Mean: 1745.08, median: 1517.0, std: 1061.3, percent: 1648.8, B: 144, W: 106, 
	(2066, 982, 1261, 5935, 1951, 1591, 955, 1386, 726, 1699, 1387, 1517, 841, 1647, 2685, 916, 2920, 3164, 1434, 2676, 1107, 711, 1587, 868, 1656, 1482, 770, 1606, 1668, 1348, 2826, 2269, 2779, 1028, 787, 1730, 1192, 1364, 1638, 1582, 825, 2095, 1343, 1569, 1128, 2128, 1147, 859, 5778, 1605, 718, 1318, 1026, 307, 1218, 4719, 538, 615, 2699, 1854, 1884, 4096, 2230, 1700, 1732, 3469, 1508, 907, 478, 2072, 895, 3018, 1795, 1647, 1235, 1521, 991, 782, 1440, 958, 1228, 785, 2327, 971, 1216, 1208, 879, 468, 1170, 1194, 1109, 594, 1908, 1650, 4676, 2537, 855, 920, 1517, 600, 1671, 3443, 1161, 1880, 2102, 1338, 661, 301, 1393, 2988, 1929, 773, 1824, 839, 816, 1108, 1440, 1339, 790, 1587, 3723, 1473, 1909, 587, 1720, 1314, 1879, 1327, 1077, 1895, 1024, 1810, 1167, 5100, 1639, 1263, 3103, 1375, 2194, 1816, 2056, 3831, 1712, 1159, 2129, 1804, 3509, 1409, 2249, 2103, 1271, 3064, 1281, 1644, 1255, 639, 3200, 2093, 7036, 1548, 2427, 1622, 1504, 1463, 729, 1997, 1758, 1333, 1299, 2820, 542, 2177, 646, 585, 1630, 1173, 1432, 1123, 842, 2267, 2540, 1375, 1522, 1244, 2227, 859, 696, 6378, 1473, 2471, 1422, 1315, 656, 2405, 1741, 1603, 2806, 1032, 2255, 1968, 1196, 3518, 1315, 1171, 1785, 767, 2185, 2287, 1204, 334, 1927, 1965, 1560, 943, 1275, 433, 2463, 1732, 890, 2295, 1304, 3046, 2406, 1081, 2286, 1515, 4520, 1419, 1768, 1724, 1058, 6582, 2444, 1355, 4389, 1352, 1347, 1136, 1563, 1103, 853, 1928, 2028, 897, 3307, 1597, 2068, 2487, 1583, 2356)
(189, 894): Mean: 1743.212, median: 1466.0, std: 1093.361, percent: 1645.0, B: 124, W: 124, 
	(1961, 928, 1296, 8232, 2034, 1598, 778, 1316, 732, 1679, 1336, 1358, 1063, 1570, 2290, 875, 2831, 2889, 1447, 2334, 1184, 752, 1743, 835, 1537, 1296, 901, 1606, 1441, 1411, 3055, 2387, 2568, 1066, 799, 2092, 1200, 1353, 1727, 1626, 772, 2160, 1163, 1700, 934, 2432, 1143, 766, 6801, 1757, 711, 1341, 929, 304, 1265, 4072, 442, 659, 2857, 2336, 1852, 3363, 2656, 1615, 1714, 3247, 1634, 771, 445, 2016, 1068, 3107, 1804, 1369, 1439, 1456, 952, 816, 1555, 970, 1133, 797, 2287, 987, 1257, 1223, 897, 478, 1119, 1132, 1087, 675, 2192, 1838, 4235, 2658, 912, 950, 1654, 671, 1568, 3574, 1156, 2317, 1609, 1236, 673, 329, 1278, 2946, 1945, 836, 1892, 899, 812, 1380, 1539, 1294, 832, 1576, 2944, 1325, 1512, 592, 1972, 1240, 1733, 1143, 903, 1819, 910, 1895, 1260, 5223, 1576, 1198, 3083, 1448, 1954, 1581, 1878, 4443, 1916, 1044, 1778, 1841, 2770, 1555, 2172, 1992, 1164, 2701, 1503, 1540, 1120, 533, 3665, 2364, 6358, 1437, 2414, 1680, 1492, 1463, 797, 2075, 2036, 1430, 1302, 2291, 587, 1929, 634, 608, 1461, 1352, 1464, 1102, 815, 2354, 2666, 1303, 1415, 1463, 2059, 792, 734, 5305, 1680, 1954, 1468, 1199, 642, 2170, 1724, 1548, 2812, 1069, 2266, 1862, 1280, 3652, 1381, 1148, 1786, 772, 1907, 2467, 1401, 322, 1937, 1880, 1419, 1012, 1304, 387, 2579, 1743, 880, 2444, 1437, 3001, 2683, 1015, 2478, 1398, 4926, 1430, 2210, 1947, 1113, 6110, 2286, 1243, 5436, 1415, 1400, 1109, 1541, 972, 852, 1532, 1948, 936, 3924, 1861, 2133, 2232, 1453, 2187)

Test:
No precond: Mean: 2497.244, median: 2230.5, std: 1214.669, percent: 2491.02, flag: 0 
	(950, 1877, 1941, 3744, 1247, 5987, 1591, 2381, 2752, 2719, 2593, 1137, 1253, 4091, 1708, 6313, 1086, 1351, 2778, 2363, 2458, 3768, 1766, 673, 2961, 2180, 1841, 2736, 5944, 3685, 3480, 2306, 2914, 2443, 1792, 2633, 2141, 4723, 964, 5409, 1415, 1365, 2197, 2119, 4040, 2732, 2921, 4361, 3014, 957, 2406, 2700, 1016, 2727, 1027, 2206, 4471, 5667, 1023, 2254, 1165, 1674, 3359, 1425, 1789, 2027, 2275, 3964, 2649, 2021, 4787, 1110, 2587, 2272, 1938, 2301, 5418, 2672, 1851, 975, 2245, 1659, 1756, 2166, 2142, 1639, 2126, 577, 1965, 3532, 3207, 1680, 1477, 2114, 2249, 1844, 6588, 3956, 3429, 1896, 2283, 2294, 1954, 1963, 5632, 2312, 1484, 5220, 3578, 1482, 1083, 1703, 2010, 1982, 2121, 1963, 1474, 3246, 3444, 1895, 1519, 1214, 1727, 3619, 2218, 2905, 1983, 1012, 3293, 1160, 4712, 3107, 2411, 2979, 3354, 1456, 2438, 1712, 1625, 2868, 1529, 2304, 1987, 1497, 3180, 721, 1195, 1917, 1328, 924, 3485, 814, 4130, 3147, 3932, 2682, 3182, 1594, 2130, 2582, 1685, 1483, 3374, 4695, 2891, 3307, 3968, 3869, 2384, 1420, 3376, 2724, 4297, 1429, 1424, 3804, 2088, 3379, 1458, 3026, 1638, 3871, 1794, 779, 5650, 893, 4333, 1585, 2784, 1212, 2860, 2502, 1756, 1301, 1700, 1520, 1457, 2108, 2847, 1731, 5055, 3275, 801, 1719, 2677, 3232, 2390, 1571, 1775, 1773, 5055, 2885, 1386, 2727, 1195, 3078, 5249, 2163, 1890, 1574, 3070, 1313, 3534, 2465, 1861, 6735, 3555, 3290, 1992, 2142, 4196, 414, 3297, 4340, 1567, 4321, 2878, 2612, 1249, 1405, 2994, 2379, 2402, 2623, 2127, 1920, 1607, 2076, 2243, 1334)

Jacobi: Mean: 2079.96, median: 1846.5, std: 1147.316, percent: 2054.8, BvN: 230, WvN: 20, flag: 0 
	(743, 1369, 1195, 3231, 1009, 7387, 1727, 1614, 2239, 2554, 2275, 1024, 1025, 5804, 1392, 6411, 954, 1206, 2706, 1704, 2675, 2968, 1375, 575, 2623, 1668, 1803, 2268, 6098, 2546, 3110, 2118, 2038, 1593, 1423, 2732, 1976, 4085, 744, 6085, 1046, 1389, 1646, 1666, 2604, 1925, 2403, 3549, 2445, 862, 1575, 2241, 624, 2549, 759, 2428, 3182, 3671, 798, 1894, 1201, 1351, 2818, 1136, 1333, 1661, 1858, 4547, 1978, 1662, 3927, 766, 2296, 1997, 1257, 2321, 5079, 2090, 1426, 630, 1914, 1333, 1370, 1692, 1945, 1182, 1937, 385, 1552, 2907, 2769, 1315, 1330, 1709, 1746, 1488, 4297, 3849, 2967, 1630, 1962, 1618, 1884, 1519, 5188, 1964, 1223, 4390, 2857, 998, 753, 1422, 1762, 1366, 1818, 1835, 1100, 2322, 2520, 1718, 1195, 883, 1435, 2633, 2034, 2510, 1484, 787, 2648, 793, 4577, 2329, 1947, 2536, 2555, 1334, 1899, 1378, 1208, 1982, 1252, 1917, 1642, 1197, 3899, 524, 828, 1798, 948, 724, 3138, 538, 4350, 2747, 3355, 2293, 2085, 1131, 1862, 1436, 1299, 851, 2879, 3337, 2748, 2963, 2972, 3018, 2269, 1145, 3289, 1992, 3374, 1441, 1136, 3043, 1875, 2666, 1316, 2061, 1284, 3206, 1368, 568, 4790, 833, 2808, 1211, 3047, 830, 2581, 1833, 1583, 963, 1240, 1198, 1172, 1538, 2347, 1539, 3445, 2356, 499, 1474, 2228, 2595, 1739, 1293, 1298, 1665, 3433, 2055, 1090, 2758, 995, 2370, 5143, 1586, 1301, 1222, 2737, 994, 3193, 1869, 1662, 4635, 2344, 2330, 1485, 2023, 3689, 325, 4013, 2987, 1247, 4158, 2050, 1719, 893, 877, 2201, 2069, 2307, 1994, 1959, 1607, 1329, 1677, 2358, 1092)

Last: Mean: 1718.552, median: 1506.0, std: 967.716, percent: 1701.22, BvN: 245, WvN: 5, BvJ: 240, WvJ: 10, flag: 0 
	(606, 1209, 970, 2522, 738, 4546, 1022, 1530, 2113, 2144, 1726, 831, 896, 4133, 1411, 4395, 751, 931, 2112, 1589, 1801, 2622, 1401, 589, 2318, 1192, 1214, 1717, 3903, 2120, 2287, 1718, 1524, 1651, 1188, 1819, 1595, 3488, 614, 6290, 750, 1213, 1330, 1385, 2317, 1453, 1761, 2959, 2041, 618, 1356, 2184, 578, 2051, 702, 1977, 2636, 3800, 642, 1671, 894, 1105, 2358, 852, 1173, 1443, 1620, 3324, 1424, 1366, 3343, 765, 1945, 1415, 1042, 1815, 4168, 1799, 1197, 548, 1718, 964, 1125, 1374, 1423, 1011, 1539, 383, 1310, 3230, 2075, 995, 1161, 1491, 1525, 1246, 3800, 3343, 2710, 1233, 2099, 1391, 1342, 1347, 3380, 1832, 949, 3639, 2449, 877, 621, 1231, 1514, 1038, 1414, 1552, 849, 1789, 2341, 1433, 1093, 712, 1269, 1699, 1716, 2322, 1363, 687, 2287, 637, 3634, 2111, 1673, 1923, 2501, 1151, 1699, 1118, 960, 1700, 916, 1419, 1399, 936, 3398, 441, 674, 1419, 802, 632, 2761, 382, 2571, 1916, 2851, 1711, 1781, 1003, 1498, 1217, 1156, 941, 2131, 2832, 2113, 1982, 2665, 2140, 1958, 971, 2505, 1537, 2829, 1077, 1046, 2422, 1681, 2222, 1015, 1718, 860, 2319, 1065, 518, 3257, 582, 2597, 867, 2478, 716, 7289, 1709, 1195, 846, 1117, 1047, 954, 1340, 2327, 1172, 2516, 1820, 472, 1213, 1785, 2111, 1450, 1084, 1089, 1237, 2908, 1837, 846, 1920, 870, 2312, 4184, 1424, 954, 1112, 2238, 790, 3051, 1584, 1328, 3386, 2123, 1908, 1066, 1456, 3361, 298, 3287, 2619, 1074, 3259, 1636, 1565, 704, 773, 1828, 1540, 1528, 1563, 1437, 1152, 1046, 1549, 2250, 928)

Best: Mean: 1684.356, median: 1467.5, std: 887.479, percent: 1687.04, BvN: 247, WvN: 3, BvJ: 241, WvJ: 9, flag: 0 
	(605, 1162, 1072, 2358, 756, 4605, 1071, 1419, 2042, 1987, 1648, 945, 896, 4280, 1160, 4823, 759, 959, 2226, 1618, 1905, 2100, 1193, 519, 2138, 1264, 1247, 2154, 4619, 1837, 2374, 1603, 1584, 1491, 1375, 1916, 1413, 3187, 586, 5646, 923, 1147, 1353, 1352, 2453, 1616, 1914, 2661, 1646, 656, 1232, 2165, 566, 1840, 688, 1786, 2553, 3813, 654, 1480, 849, 1002, 2100, 903, 1224, 1414, 1579, 3113, 1339, 1310, 3625, 683, 1858, 1657, 1131, 1928, 3992, 1821, 1307, 629, 1442, 1001, 1252, 1716, 1340, 1173, 1513, 372, 1167, 2485, 2095, 1083, 1150, 1426, 1473, 1261, 3270, 3203, 2486, 1374, 2258, 1598, 1409, 1216, 3431, 1557, 957, 3911, 2600, 886, 587, 1223, 1540, 1122, 1395, 1568, 926, 2120, 2185, 1505, 1115, 737, 1263, 2338, 1747, 1925, 1275, 618, 1861, 658, 3349, 2035, 1768, 2036, 2053, 1142, 1444, 1170, 1008, 1994, 856, 1456, 1594, 1086, 2727, 483, 610, 1398, 769, 655, 2750, 398, 2915, 2091, 3088, 1462, 1973, 900, 1406, 1255, 1105, 1090, 2106, 2439, 2082, 2251, 2571, 2725, 1778, 960, 2272, 1580, 2795, 1160, 908, 2653, 1677, 2281, 1071, 1859, 883, 2312, 1180, 513, 4316, 634, 2390, 864, 2548, 721, 1864, 1683, 1128, 969, 1136, 1001, 973, 1105, 1978, 1399, 3192, 1901, 410, 1388, 1997, 2249, 1538, 1129, 970, 1208, 2734, 1663, 864, 1797, 825, 2456, 4072, 1606, 1045, 1007, 2200, 822, 2456, 1524, 1250, 2964, 1753, 1855, 1085, 1378, 2914, 309, 3380, 2559, 1029, 3383, 1682, 1367, 628, 977, 1866, 1592, 1636, 1401, 1302, 1286, 1157, 1357, 2046, 732)

Last Coef List
{1: array([-0.06440692, -0.04435403, -0.07275984]), -1: array([-0.0602777 , -0.04458485, -0.05397353])}

Best Coef List
{1: array([-0.06432022, -0.06539891, -0.05853095]), -1: array([-0.05592938, -0.07472745, -0.05567227])}

14/04/2026, 15:05:04
Config file: ./config/config_sign_0_diags_1_par_4.ini
Data:
	1d_laplace_size: 45
	amount: 250
	params: 1 0.3
	seed: 0
	dim: 2025
Solver:
	tol: 1e-10
	max_iteration: None
Learn:
	iteration_count: 200
	step_range: 0.1
	method: sign
	seed: 0
	change_scales: 1 0.5 0.25
	allow_disimprovement: True
	median_best_scale: 0.5
	mean_best_scale: 0.5
Precondition:
	par_list: 4 4
	diag_list: 1 -1
	num_coef: 8
	type: diag_shift
	diag: jacobi

Train:
(0, 2): Mean: 3431.852, median: 2947.0, std: 2325.783, percent: 3194.62, B: 250, W: 0, 
	(4948, 1727, 2277, 18190, 4068, 2953, 2064, 2578, 1692, 3431, 2046, 2932, 2060, 4169, 5475, 1820, 5880, 7473, 3142, 4339, 2695, 1445, 2797, 1606, 2847, 2771, 1485, 3749, 2494, 3624, 4632, 3637, 5291, 1507, 1777, 2845, 2042, 2901, 3076, 3398, 1655, 4419, 1936, 3426, 1999, 4464, 2125, 1606, 11448, 2941, 1364, 2984, 1694, 580, 2292, 6671, 1353, 1535, 5578, 4282, 2926, 5527, 3928, 3016, 4725, 6874, 2654, 1219, 909, 3448, 1695, 5498, 3812, 2699, 2596, 3016, 1734, 1779, 2620, 2018, 1869, 1578, 5722, 1741, 2193, 2427, 1861, 1043, 2464, 2012, 1814, 1286, 3177, 3011, 8856, 4366, 1796, 1530, 3236, 1179, 3337, 7144, 2087, 4067, 3078, 2391, 1313, 884, 2836, 5180, 4596, 1622, 2995, 1719, 1676, 2579, 3188, 3340, 1732, 3191, 5538, 3065, 4736, 1340, 3437, 2146, 3998, 2393, 1836, 3418, 2466, 4059, 2460, 9369, 3324, 2343, 6115, 3134, 3239, 3222, 3476, 10837, 3228, 2275, 3755, 3097, 5840, 3007, 4450, 4264, 2239, 4453, 2442, 3589, 2346, 1190, 7149, 5046, 12398, 3455, 5144, 3609, 2557, 3087, 1445, 4616, 4046, 2825, 2407, 4794, 974, 3469, 1290, 1343, 2919, 2180, 3028, 2195, 1456, 4716, 5615, 2301, 2466, 2601, 4010, 1814, 1667, 13007, 2842, 4255, 3345, 2265, 1291, 3369, 3456, 2556, 5701, 1913, 4082, 4749, 2480, 11764, 2765, 2360, 2891, 1524, 3556, 4395, 3214, 568, 3498, 3802, 2813, 1682, 2372, 1113, 3479, 3174, 1628, 4074, 2929, 7812, 6704, 1844, 3812, 2580, 9417, 2402, 3295, 3811, 2063, 16504, 3556, 2717, 6559, 3122, 2124, 1873, 2770, 1805, 1752, 3084, 4647, 1784, 6039, 3142, 4140, 4588, 3150, 4163)
(1, 5): Mean: 3413.128, median: 2950.5, std: 2142.65, percent: 3246.3, B: 116, W: 134, 
	(5021, 1843, 2268, 15873, 4233, 3609, 1988, 2863, 1626, 3270, 2186, 3225, 1762, 3763, 5495, 1671, 5224, 7459, 3329, 5307, 2629, 1231, 2825, 1624, 2715, 2951, 1693, 4248, 2936, 2845, 5002, 4131, 4879, 1744, 1315, 3343, 1912, 2931, 3122, 3477, 1705, 3875, 2283, 3187, 1665, 4348, 2343, 1585, 9908, 3042, 1451, 3155, 1734, 571, 2481, 7963, 1038, 1272, 5329, 4339, 3052, 5714, 4270, 3895, 3432, 8265, 2679, 1329, 1018, 3987, 1759, 5478, 3925, 2918, 2255, 3470, 1909, 1634, 2955, 1693, 2140, 1489, 4307, 1900, 2246, 2695, 1889, 1169, 2092, 2349, 2001, 1390, 3860, 2627, 10427, 4245, 1679, 1610, 3611, 1345, 3083, 5234, 2125, 4174, 4842, 2354, 1495, 668, 2651, 5063, 5123, 1886, 3432, 1753, 1940, 2674, 3142, 3615, 1891, 3078, 6392, 2688, 4456, 1521, 3512, 2269, 3812, 2575, 1742, 3388, 2079, 3837, 2168, 8367, 2786, 2352, 5554, 2762, 3212, 2929, 3355, 9783, 3197, 2476, 3457, 3560, 7342, 3143, 4596, 3845, 2321, 4925, 2570, 3107, 2651, 1016, 6762, 4350, 12929, 3551, 5747, 3284, 2634, 2950, 1404, 4148, 4488, 2851, 2318, 4745, 861, 3754, 1607, 1518, 3245, 2376, 2650, 2166, 1567, 5092, 5917, 2315, 2889, 2866, 3761, 1752, 1675, 11742, 2895, 4078, 2540, 2378, 1276, 3542, 3995, 2968, 5623, 1754, 4067, 4228, 2502, 7404, 2398, 2253, 2977, 1612, 4788, 3981, 3186, 495, 3592, 3705, 3502, 1873, 2252, 868, 4247, 3167, 1634, 3496, 2579, 6390, 5708, 2046, 3814, 2875, 8910, 2689, 3293, 3567, 2424, 14701, 3260, 2933, 7939, 2920, 2049, 1896, 3228, 1676, 1816, 3115, 3795, 2731, 5710, 3078, 4208, 4518, 2833, 3873)
(3, 12): Mean: 3066.484, median: 2647.5, std: 2080.904, percent: 2825.7, B: 205, W: 44, 
	(4446, 1510, 2233, 18596, 3409, 2735, 1714, 2522, 1555, 2994, 1861, 2215, 1841, 3624, 4149, 1550, 4762, 5473, 2520, 4448, 2528, 1325, 3016, 1588, 2633, 2632, 1420, 3916, 2385, 2792, 4065, 3273, 4319, 1559, 1223, 2635, 2216, 2523, 2797, 2908, 1599, 4056, 1924, 2945, 1489, 3410, 1800, 1385, 9738, 2602, 1325, 3176, 1686, 593, 2036, 7346, 980, 1146, 5485, 3579, 3079, 6019, 3848, 2507, 3610, 6147, 2530, 1279, 861, 2975, 1604, 5823, 3252, 2742, 2282, 3347, 1963, 1460, 2226, 1531, 1800, 1337, 3157, 1572, 2380, 2189, 2133, 759, 1852, 2155, 1803, 1284, 3684, 2528, 9150, 4071, 1420, 1526, 2751, 1206, 2648, 5199, 1879, 3141, 3071, 2381, 1364, 708, 2809, 4853, 4139, 1472, 2759, 1550, 1589, 2231, 3108, 2648, 1402, 2823, 4525, 2815, 2895, 873, 3529, 2157, 3195, 2328, 1625, 3063, 1840, 3329, 2052, 7313, 2522, 2177, 5918, 2396, 3296, 2832, 2983, 8176, 3485, 2290, 3458, 2831, 4711, 2472, 4230, 3904, 2099, 4652, 2470, 2647, 2109, 1211, 5597, 3350, 12665, 3422, 4785, 3764, 2417, 2538, 1533, 3812, 3303, 2902, 2152, 3345, 982, 3475, 1084, 1276, 2475, 2130, 2803, 2132, 1470, 4177, 4889, 1991, 2186, 2291, 3371, 1264, 1393, 11591, 2362, 3601, 2540, 1750, 1055, 2927, 3319, 3321, 4546, 1725, 3875, 3704, 2488, 7762, 1948, 2215, 2694, 1507, 4112, 4385, 2933, 567, 2823, 2868, 2708, 2121, 1789, 1057, 4094, 2840, 1552, 2923, 2348, 5766, 4007, 1843, 3891, 2501, 11906, 2052, 3064, 3016, 2085, 11429, 3039, 2547, 7305, 2665, 1995, 1652, 2882, 1641, 1625, 3186, 3685, 1784, 5591, 3420, 3814, 4993, 2714, 3265)
(5, 23): Mean: 3055.476, median: 2687.5, std: 2006.133, percent: 2830.88, B: 129, W: 121, 
	(4948, 1492, 2028, 16223, 3643, 2625, 1369, 2679, 1463, 3055, 1886, 2572, 1774, 3462, 4650, 1389, 4305, 5520, 2947, 5292, 2845, 1232, 2986, 1548, 2648, 2470, 1375, 4100, 2675, 2777, 5248, 3510, 4262, 1516, 1371, 2838, 2080, 2697, 3154, 2813, 1523, 4253, 1935, 2858, 1636, 3516, 1975, 1342, 12210, 2434, 1101, 2902, 1951, 693, 2207, 6919, 964, 991, 4404, 3380, 3152, 5870, 4047, 2826, 3538, 6433, 2568, 1472, 694, 3135, 1641, 5209, 3416, 2536, 2286, 3085, 1996, 1420, 2546, 1563, 1817, 1288, 3509, 1679, 2051, 1964, 1762, 893, 1964, 1917, 1611, 1390, 3453, 2819, 8568, 3889, 1468, 1447, 3272, 1278, 3059, 4894, 1831, 3564, 3206, 2089, 1314, 672, 2478, 5172, 3661, 1672, 2820, 1629, 1489, 2627, 2462, 3030, 1463, 2927, 5604, 2907, 2696, 1175, 3168, 1964, 3601, 2410, 1634, 2733, 1666, 3278, 2323, 9168, 2619, 2067, 4879, 2157, 3079, 2775, 3182, 7666, 3254, 2153, 3531, 2857, 4570, 2702, 4272, 3326, 2224, 4106, 2324, 3141, 1830, 936, 5676, 3520, 11635, 3430, 4607, 3301, 2018, 2565, 1467, 4330, 3395, 2304, 2220, 4402, 889, 3659, 1058, 1314, 2622, 2073, 3051, 1996, 1332, 4902, 5651, 2103, 2113, 2475, 3078, 1534, 1358, 13227, 2374, 4034, 2656, 1712, 1110, 3442, 3795, 3045, 4073, 1642, 3918, 3746, 2270, 6711, 1876, 2366, 2495, 1325, 3307, 3987, 2872, 501, 3210, 3358, 2534, 1681, 1856, 1149, 3652, 2734, 1472, 3618, 2331, 4901, 3832, 1663, 4255, 2576, 9967, 2332, 3360, 2848, 1879, 9347, 3169, 2802, 7152, 2615, 1940, 1555, 3070, 1743, 1661, 3107, 3542, 1601, 5751, 2888, 3686, 4536, 2626, 3139)
(6, 27): Mean: 3036.704, median: 2581.5, std: 1944.516, percent: 2850.64, B: 130, W: 119, 
	(4690, 1481, 2140, 15354, 3997, 2582, 1675, 2348, 1367, 3218, 2053, 2509, 1585, 3648, 4227, 1531, 4959, 5914, 2568, 4285, 2393, 1316, 2475, 1646, 2543, 2700, 1355, 3522, 2644, 2938, 4699, 3566, 3850, 1485, 1423, 3020, 2090, 2301, 3051, 3133, 1509, 3538, 1986, 2915, 1556, 3408, 1948, 1390, 10300, 2559, 1133, 2565, 1825, 691, 2267, 6860, 924, 1281, 5485, 4161, 2762, 5077, 3730, 3246, 3598, 6603, 2239, 1362, 717, 3191, 1738, 4930, 3145, 2410, 2156, 3348, 1965, 1510, 2394, 1658, 2053, 1242, 3868, 1945, 2100, 2151, 1692, 893, 1880, 2509, 1875, 1222, 3499, 2546, 8396, 4763, 1438, 1412, 2954, 1052, 2785, 4460, 2006, 3567, 2732, 2114, 1222, 685, 2651, 5284, 3691, 1510, 2806, 1651, 1672, 2467, 2795, 2718, 1484, 2716, 4428, 2724, 2794, 990, 2954, 1930, 2955, 2097, 1523, 2778, 1845, 3271, 2093, 9173, 2808, 2094, 5332, 2441, 3126, 2426, 3830, 7099, 2829, 1985, 3263, 3245, 5610, 2581, 4449, 3641, 1976, 4025, 2265, 3150, 1798, 1026, 6040, 3826, 12772, 2889, 4894, 3101, 2323, 2457, 1319, 4110, 3327, 2520, 2441, 3567, 865, 3375, 1093, 1243, 2527, 2002, 2659, 1895, 1507, 5021, 4518, 2290, 1996, 2262, 3809, 1413, 1237, 10801, 2974, 3943, 2419, 1945, 1140, 3258, 3186, 3529, 4640, 1617, 3549, 4254, 2520, 7513, 2002, 2137, 2808, 1320, 3896, 4439, 2536, 470, 3605, 3727, 2615, 1840, 1897, 804, 3991, 2892, 1387, 3624, 2383, 6671, 4236, 1795, 3624, 2533, 7036, 2266, 3440, 3124, 1864, 10805, 3641, 2307, 8288, 2218, 1822, 1601, 2713, 1626, 1560, 2871, 3895, 1572, 6194, 2681, 4017, 4478, 2697, 3221)
(7, 29): Mean: 2907.08, median: 2482.0, std: 1912.203, percent: 2737.16, B: 165, W: 85, 
	(4245, 1515, 2193, 16475, 3772, 2723, 1582, 2270, 1634, 2818, 1983, 2530, 1517, 2988, 3959, 1619, 4850, 4607, 3058, 3140, 2012, 1217, 2572, 1436, 2482, 2332, 1357, 3882, 2151, 2443, 4458, 3452, 4288, 1506, 1194, 2869, 2029, 2627, 2620, 2522, 1542, 3210, 1733, 2931, 1580, 3136, 1693, 1256, 10581, 2114, 1195, 2201, 1624, 519, 2174, 6391, 896, 1264, 4646, 4668, 3194, 5054, 3155, 2630, 4144, 6721, 2505, 1345, 645, 2874, 1597, 5176, 3520, 2483, 2616, 2441, 1836, 1391, 2204, 1686, 1829, 1280, 3652, 1653, 1683, 2367, 1768, 891, 1755, 2117, 1710, 1142, 3159, 2426, 7728, 3791, 1435, 1564, 2441, 1306, 2740, 4895, 1715, 3728, 3075, 2295, 1112, 620, 2371, 3848, 4080, 1453, 2777, 1585, 1541, 2483, 2615, 2423, 1245, 2988, 5564, 2482, 2759, 1003, 2755, 2023, 3074, 2408, 1420, 2922, 1778, 2858, 1986, 7533, 2470, 1782, 4729, 2290, 3257, 2564, 2914, 6927, 3285, 2057, 3032, 2764, 4484, 2323, 3726, 3737, 2134, 3673, 2305, 2619, 1887, 968, 5300, 3667, 11473, 4330, 4835, 3404, 2158, 2460, 1126, 3228, 3200, 2339, 2053, 3555, 890, 3310, 1062, 1140, 2384, 1797, 2262, 2016, 1367, 4785, 5184, 2089, 2390, 2320, 3041, 1183, 1164, 9479, 2704, 3528, 2470, 2137, 1206, 3933, 2876, 2779, 4633, 1679, 3697, 3516, 2431, 5983, 1960, 2063, 2566, 1066, 3647, 3661, 2490, 512, 3310, 3027, 2398, 1761, 1875, 923, 4281, 2502, 1276, 3599, 2373, 4798, 3861, 1787, 3744, 2198, 8736, 2103, 3089, 2895, 2051, 13064, 3831, 2283, 6889, 2522, 1928, 1768, 2149, 1682, 1469, 2804, 3459, 1795, 5693, 2568, 4044, 3995, 2747, 3689)
(8, 32): Mean: 2887.788, median: 2516.5, std: 1880.119, percent: 2695.12, B: 130, W: 120, 
	(4134, 1535, 2343, 16380, 3427, 2789, 1508, 2224, 1497, 3233, 1761, 2036, 1739, 2586, 4703, 1530, 5046, 5241, 2986, 3635, 2397, 1426, 2528, 1355, 2413, 2560, 1289, 3213, 2514, 2482, 4105, 3330, 4143, 1482, 1313, 3020, 1804, 2827, 2539, 3104, 1513, 2805, 1798, 2833, 1569, 3608, 2018, 1303, 10701, 2286, 1269, 2167, 1634, 593, 2137, 5760, 1022, 1165, 4923, 3691, 3488, 5972, 3528, 2877, 3110, 5952, 2605, 1086, 736, 3331, 1361, 5069, 3407, 2401, 2200, 2701, 1931, 1524, 2291, 1477, 1914, 1259, 3834, 1584, 1794, 2062, 1632, 881, 1933, 1923, 1619, 1087, 3092, 2308, 6354, 4215, 1465, 1350, 2483, 1187, 2765, 4364, 1848, 3602, 3380, 2240, 1144, 569, 2046, 4394, 3972, 1494, 2511, 1448, 1534, 2423, 2674, 2578, 1311, 3002, 4817, 2341, 3125, 940, 3223, 1816, 3109, 2356, 1354, 3106, 1585, 2884, 2155, 7536, 2441, 2027, 6873, 2635, 3149, 2434, 2731, 6045, 3363, 1846, 3013, 2519, 5233, 2078, 3929, 3383, 2234, 3531, 2298, 2730, 1886, 967, 5719, 3538, 11348, 2982, 4304, 3457, 2048, 2351, 1249, 3195, 3349, 2449, 2073, 4254, 903, 3068, 971, 1260, 2647, 1952, 2396, 1894, 1372, 4726, 5332, 2117, 2513, 2202, 3211, 1442, 1186, 9696, 2863, 3342, 2836, 1932, 1148, 3431, 2902, 2584, 4521, 1747, 3945, 3326, 2684, 6074, 1848, 1919, 2930, 1072, 3200, 3568, 2565, 484, 3340, 2972, 2725, 1784, 1790, 895, 3887, 2925, 1538, 3641, 2121, 4764, 3968, 1797, 3409, 2230, 7457, 2111, 2965, 3045, 1857, 12800, 3332, 1964, 5570, 2200, 1948, 1670, 2225, 1480, 1602, 3099, 3854, 1531, 6832, 2815, 3562, 3172, 2556, 3403)
(9, 36): Mean: 2875.124, median: 2503.0, std: 1908.515, percent: 2723.82, B: 134, W: 116, 
	(4129, 1412, 2033, 17131, 3665, 2561, 1624, 2502, 1328, 2829, 1911, 2409, 1522, 2699, 4058, 1401, 5039, 4794, 2581, 4275, 1964, 1138, 2533, 1571, 2688, 2601, 1533, 3341, 2404, 2380, 5412, 2740, 4171, 1596, 1192, 2846, 1918, 2278, 2605, 2950, 1471, 3106, 1817, 2667, 1789, 3934, 1798, 1209, 9449, 2495, 1128, 2518, 1879, 674, 2073, 6687, 890, 1057, 4834, 3892, 2987, 4659, 3450, 2582, 3905, 6196, 2632, 1104, 752, 2964, 1370, 5445, 2977, 2725, 2324, 2482, 1951, 1298, 2202, 1407, 1802, 1202, 3575, 1615, 1820, 2012, 1445, 942, 1857, 1947, 1716, 1133, 3267, 2298, 9318, 3815, 1548, 1549, 2507, 1269, 2785, 4607, 1776, 4316, 2708, 2017, 1116, 691, 2213, 3913, 3954, 1315, 2524, 1627, 1587, 2028, 2708, 2541, 1348, 3100, 5009, 2682, 2700, 1063, 2987, 2020, 2902, 2330, 1609, 2425, 1749, 3069, 2093, 7319, 2534, 2173, 5043, 2711, 2973, 2787, 2760, 8092, 2543, 1764, 3727, 2505, 4833, 2416, 4116, 3780, 1964, 3775, 2168, 2828, 1682, 1015, 5893, 3178, 10309, 2795, 4415, 2924, 2031, 2074, 1381, 3953, 2970, 2328, 2510, 3635, 817, 3693, 878, 1219, 2198, 1774, 2324, 1788, 1320, 3980, 5158, 1984, 2297, 2168, 3701, 1350, 1305, 10297, 2504, 3983, 2313, 1727, 1069, 2890, 3088, 2408, 4422, 1737, 3828, 3526, 2870, 5475, 1804, 2183, 2569, 1138, 2922, 4053, 2423, 477, 3332, 2805, 2319, 1667, 1847, 980, 3355, 3109, 1504, 3226, 2339, 4839, 4221, 1769, 3397, 2141, 8726, 1993, 2823, 3172, 1884, 11387, 3468, 1794, 6960, 2324, 1968, 1636, 2329, 1461, 1463, 2743, 3477, 1493, 6098, 2899, 4218, 3516, 2437, 3406)
(10, 38): Mean: 2786.096, median: 2402.5, std: 1802.823, percent: 2582.38, B: 155, W: 93, 
	(4728, 1593, 1869, 13933, 3663, 2613, 1582, 2247, 1372, 2433, 1837, 2299, 1398, 2895, 4114, 1754, 4990, 4449, 2800, 3716, 1844, 1098, 2533, 1431, 2578, 2410, 1257, 2850, 2274, 2058, 4348, 3355, 4045, 1461, 1141, 2626, 1969, 2433, 2618, 2856, 1447, 2892, 1752, 2451, 1546, 3640, 1683, 1336, 10075, 2251, 1043, 2330, 1604, 478, 1992, 8129, 855, 932, 5041, 3408, 3304, 5515, 3348, 2687, 3422, 6101, 2395, 1293, 687, 2798, 1494, 5374, 3151, 2238, 2157, 2567, 1759, 1487, 2192, 1278, 1804, 1089, 3090, 1501, 1935, 2295, 1417, 914, 1730, 1917, 1776, 1133, 3227, 2320, 6495, 3512, 1456, 1357, 2524, 1090, 2719, 4159, 1745, 3402, 2518, 1939, 982, 560, 2075, 4236, 3170, 1368, 2616, 1328, 1458, 2570, 2269, 2235, 1370, 2527, 5169, 2426, 2523, 818, 3044, 2217, 2863, 1965, 1913, 2733, 1550, 3329, 2061, 7099, 2265, 2060, 5316, 2322, 2929, 2621, 3067, 6152, 3220, 1725, 3179, 2701, 4850, 2469, 3583, 3043, 2146, 4416, 2202, 2212, 1734, 1125, 4922, 4273, 10481, 2824, 4470, 3076, 2101, 2188, 1197, 3533, 2868, 2147, 2135, 3684, 864, 3126, 928, 910, 2120, 1850, 2449, 1676, 1187, 3947, 5183, 1996, 2494, 2347, 3333, 1432, 1207, 10987, 2941, 3296, 2389, 1760, 1061, 3459, 2917, 2815, 4432, 1634, 2850, 3600, 2091, 5831, 1743, 1921, 2535, 1077, 2815, 3752, 2923, 415, 2977, 2801, 2483, 1733, 1606, 641, 3257, 3061, 1343, 3311, 1924, 4432, 4369, 1742, 3730, 2120, 8693, 2133, 3066, 3608, 1874, 11158, 3348, 2088, 7219, 2178, 1853, 1648, 2085, 1397, 1458, 2678, 3339, 1651, 4777, 2720, 3720, 3721, 2350, 3563)
(11, 39): Mean: 2725.192, median: 2377.0, std: 1749.535, percent: 2586.7, B: 132, W: 117, 
	(3799, 1736, 1911, 16921, 3090, 2373, 1428, 2450, 1102, 2388, 2037, 2241, 1313, 2711, 3851, 1531, 4127, 4362, 2587, 4215, 2079, 1171, 2481, 1162, 2502, 2313, 1378, 3278, 2226, 1946, 5111, 3381, 4827, 1624, 1098, 2649, 1951, 2731, 2938, 3020, 1454, 2608, 1634, 2757, 1734, 3471, 1738, 1172, 9225, 2294, 1060, 2381, 1713, 548, 1983, 5826, 985, 924, 4687, 3731, 2658, 4856, 3150, 2615, 3340, 6224, 2192, 1356, 651, 2902, 1300, 4372, 3255, 2324, 2317, 2487, 2099, 1362, 2328, 1376, 1583, 1122, 3626, 1348, 1745, 1923, 1494, 833, 1750, 1867, 1634, 1056, 2960, 2174, 5520, 3464, 1335, 1404, 2398, 1086, 2923, 4428, 1602, 3912, 2846, 1971, 993, 594, 2178, 3938, 3731, 1311, 2698, 1513, 1440, 1988, 2401, 2036, 1284, 2931, 5739, 2499, 2645, 959, 2781, 1717, 3035, 2050, 1666, 2298, 1462, 2720, 1974, 6688, 2637, 1896, 4756, 2194, 2832, 2263, 3061, 6201, 2765, 1588, 2967, 2286, 4327, 2574, 4021, 3518, 2020, 3722, 2174, 2522, 1603, 992, 4224, 3506, 10353, 2858, 4898, 2999, 2156, 1933, 1185, 3700, 3086, 2368, 2148, 4029, 901, 3083, 913, 1111, 2239, 1879, 2488, 1803, 1235, 4478, 4950, 2329, 2314, 2314, 3831, 1223, 1076, 8656, 2151, 3741, 2469, 2018, 1076, 3029, 2610, 2527, 3855, 1571, 3344, 2922, 2442, 6427, 2051, 1886, 2536, 1101, 2924, 3771, 2772, 494, 3289, 2834, 2483, 1433, 1732, 829, 3176, 2531, 1567, 3214, 2178, 4735, 3359, 1713, 3290, 2075, 6812, 1910, 3367, 2616, 1953, 10034, 3771, 1873, 5945, 2097, 1744, 1587, 2120, 1427, 1189, 2727, 3737, 1415, 5193, 2725, 3787, 3442, 2541, 3545)
(13, 48): Mean: 2424.392, median: 2115.0, std: 1565.69, percent: 2314.34, B: 214, W: 36, 
	(3391, 1255, 1842, 12499, 2846, 2185, 1241, 2212, 1109, 2326, 1570, 1998, 1423, 2268, 4047, 1242, 4091, 3792, 2338, 3374, 1623, 901, 2589, 1230, 2320, 2386, 1092, 2593, 1963, 2043, 3914, 3018, 4103, 1341, 1053, 2110, 1560, 2092, 2293, 2131, 1234, 2959, 1452, 2472, 1301, 3079, 1422, 1182, 9137, 1930, 900, 1995, 1413, 422, 1806, 6147, 776, 785, 4385, 2983, 2258, 3641, 2899, 2294, 2882, 6024, 2054, 1112, 509, 2575, 1361, 4474, 3072, 1989, 1958, 2128, 1352, 1259, 1939, 1319, 1451, 1010, 2890, 1404, 1619, 1554, 1639, 817, 1479, 1537, 1407, 1030, 2821, 2403, 5006, 2628, 1180, 1242, 2389, 965, 2540, 3781, 1620, 3020, 2819, 1685, 980, 405, 1991, 3800, 3208, 1337, 2096, 1184, 1222, 1995, 2093, 1977, 1067, 2368, 3804, 2515, 2233, 789, 2478, 1583, 2713, 1876, 1366, 2201, 1277, 2668, 1735, 6663, 2188, 1545, 4393, 2092, 2729, 2176, 2353, 5614, 2519, 1655, 2698, 2472, 4365, 2226, 3312, 2598, 1614, 3238, 2052, 2137, 1415, 803, 3854, 2926, 9970, 2332, 3963, 2279, 1848, 1950, 981, 3077, 2643, 1918, 1739, 2767, 726, 2651, 763, 848, 2153, 1564, 1974, 1449, 1092, 4425, 3377, 1950, 1954, 2120, 2886, 1086, 998, 8760, 2176, 2627, 2131, 1716, 889, 2577, 2704, 2157, 3859, 1343, 2981, 3035, 1911, 5068, 1685, 1679, 2329, 1090, 3375, 3393, 2108, 429, 2669, 3131, 2051, 1287, 1714, 594, 3651, 2543, 1315, 2978, 1901, 3983, 3449, 1597, 2894, 1993, 6032, 1691, 2900, 2426, 1606, 9887, 3436, 1840, 6129, 1713, 1597, 1433, 2014, 1252, 1344, 2256, 3246, 1274, 5322, 2468, 3150, 3144, 2443, 3423)
(14, 51): Mean: 2265.808, median: 1964.5, std: 1409.083, percent: 2131.64, B: 183, W: 67, 
	(3108, 1324, 1631, 10163, 2987, 2006, 1385, 1786, 1064, 2608, 1571, 1852, 1105, 2108, 3564, 1253, 4035, 4386, 1971, 3652, 1720, 1026, 2364, 1067, 2011, 1870, 1103, 2568, 1774, 1811, 3701, 2274, 3760, 1285, 1078, 2335, 1483, 1979, 2374, 1902, 1115, 2679, 1489, 2154, 1195, 2979, 1413, 1025, 8055, 1844, 901, 1804, 1441, 484, 1711, 5612, 586, 730, 3320, 2504, 2087, 4197, 2986, 2114, 2611, 4916, 1901, 1054, 538, 2500, 1222, 3462, 2834, 1914, 1718, 2072, 1424, 1088, 1641, 1168, 1313, 899, 3055, 1227, 1550, 1480, 1441, 724, 1393, 1583, 1376, 872, 2597, 2183, 5001, 2939, 1192, 1223, 2110, 959, 1992, 3751, 1372, 2373, 2145, 1628, 772, 357, 1830, 3078, 2996, 1213, 2144, 1356, 1149, 1631, 1802, 1774, 1060, 2125, 3771, 1735, 2204, 797, 2288, 1626, 2720, 1632, 1245, 1791, 1248, 2753, 1766, 6798, 2182, 1638, 3697, 1820, 2496, 2037, 2669, 5736, 2509, 1385, 2395, 2198, 3744, 2331, 2981, 2529, 1621, 3387, 2065, 2075, 1408, 746, 4463, 2886, 7194, 1848, 3393, 2281, 1599, 1792, 978, 2759, 2562, 2267, 1909, 3243, 670, 2677, 740, 912, 2065, 1396, 1831, 1472, 1021, 3962, 3608, 1502, 1999, 1882, 2826, 1028, 983, 8399, 2058, 2760, 2065, 1473, 820, 2490, 2413, 2248, 3115, 1424, 3078, 2935, 2010, 5329, 1553, 1822, 2034, 1112, 2977, 2559, 2530, 333, 1957, 2163, 1786, 1559, 1589, 602, 2780, 2060, 1232, 2789, 1775, 3801, 3048, 1413, 3494, 1837, 6570, 1625, 2454, 2195, 1456, 9253, 3078, 1809, 5774, 1885, 1681, 1383, 1959, 1156, 1132, 1970, 2693, 1342, 5315, 2279, 2963, 3067, 2218, 2805)
(15, 52): Mean: 2219.452, median: 1878.0, std: 1484.734, percent: 2072.0, B: 157, W: 93, 
	(3467, 1193, 1565, 12726, 3062, 1786, 1120, 1825, 868, 2074, 1529, 1963, 1048, 2053, 3238, 1158, 3724, 4219, 1753, 2825, 1616, 967, 1984, 1216, 1865, 1613, 1168, 2383, 1744, 2017, 4340, 2255, 4192, 1201, 981, 2327, 1375, 2068, 2485, 1929, 973, 2654, 1453, 2137, 1266, 3498, 1328, 1073, 7818, 1911, 871, 1837, 1401, 480, 1735, 5758, 652, 584, 3278, 2801, 1966, 4647, 2860, 2089, 2581, 4667, 1880, 917, 565, 2737, 1545, 3280, 3058, 1781, 1745, 2122, 1280, 1046, 1765, 1230, 1386, 952, 2657, 1323, 1546, 1378, 1205, 733, 1343, 1550, 1357, 973, 2482, 1925, 3780, 2887, 1162, 1178, 2150, 800, 2055, 3466, 1246, 2838, 2148, 1831, 799, 335, 1971, 3053, 2770, 1072, 2180, 1142, 1235, 1485, 1815, 1813, 1140, 2226, 4241, 1785, 2003, 596, 1962, 1502, 2276, 1816, 1154, 1820, 1256, 2440, 1730, 5452, 2109, 1622, 4107, 1774, 2419, 2107, 2707, 5773, 2291, 1347, 2306, 2358, 3499, 1853, 2986, 2365, 1475, 3342, 2028, 1911, 1337, 902, 3485, 2823, 9312, 1833, 3500, 2016, 1507, 1711, 916, 2685, 2356, 2097, 1932, 2729, 558, 2644, 823, 811, 2252, 1520, 1715, 1394, 1046, 3555, 3237, 1571, 1954, 1778, 2721, 966, 1086, 8804, 2002, 2486, 1704, 1301, 865, 2124, 2391, 1865, 3338, 1320, 2983, 2664, 1650, 4475, 1577, 1690, 2170, 1071, 2829, 2809, 1999, 334, 2439, 2528, 1876, 1246, 1646, 502, 2756, 2217, 1157, 2775, 1848, 4664, 2878, 1437, 2749, 1595, 5660, 1447, 2723, 2203, 1345, 8973, 2958, 1500, 6369, 1721, 1668, 1185, 1836, 1217, 1161, 2152, 2796, 1156, 4967, 2225, 2998, 2602, 1856, 2619)
(16, 53): Mean: 2204.556, median: 1868.0, std: 1441.506, percent: 2091.24, B: 128, W: 122, 
	(3177, 1132, 1596, 12402, 2360, 1892, 1177, 1855, 990, 2178, 1586, 1722, 1113, 2281, 3273, 1231, 3665, 4233, 1838, 2731, 1710, 1022, 2093, 1211, 1772, 1773, 1161, 2097, 1762, 1915, 3592, 1843, 3223, 1308, 1063, 2210, 1620, 1919, 2334, 2251, 1109, 2398, 1494, 1847, 1121, 3005, 1671, 942, 7891, 1989, 796, 1880, 1301, 360, 1627, 5817, 704, 693, 3758, 2458, 2366, 3955, 2451, 1998, 2660, 5075, 1924, 958, 529, 2124, 1302, 3366, 2265, 1782, 1612, 2297, 1217, 1101, 1874, 1201, 1355, 1018, 2943, 1219, 1431, 1484, 1146, 677, 1336, 1526, 1200, 978, 2224, 2315, 4806, 3547, 1067, 1038, 2166, 805, 2080, 4056, 1288, 2355, 2421, 1650, 883, 409, 1695, 3383, 3101, 1232, 2091, 1059, 1028, 1459, 1622, 1735, 1103, 2360, 5277, 1754, 2390, 628, 2502, 1565, 2388, 1704, 1153, 2222, 1202, 2648, 1548, 5811, 2178, 1525, 3610, 1808, 2696, 1954, 2348, 5176, 2231, 1308, 2397, 2325, 3541, 1962, 2985, 2924, 1498, 3040, 1644, 2044, 1356, 745, 3898, 2509, 10117, 1763, 3310, 2186, 1649, 1755, 961, 2603, 2557, 1875, 1968, 2748, 601, 2615, 768, 686, 1919, 1413, 1676, 1334, 1021, 3316, 3155, 1619, 1783, 1606, 2760, 1138, 1052, 7078, 2037, 2820, 1858, 1611, 799, 3845, 2274, 2327, 3627, 1215, 2867, 2771, 1627, 5204, 1575, 1570, 2036, 936, 3074, 3274, 1942, 383, 2473, 2262, 1810, 1255, 1415, 599, 2841, 1935, 1166, 3307, 1683, 3716, 2847, 1521, 2533, 1798, 6122, 1432, 2831, 2161, 1301, 7430, 2827, 1601, 5162, 1811, 1615, 1377, 1862, 1099, 1261, 2104, 2752, 1051, 4263, 2399, 2842, 2815, 1818, 2324)
(18, 63): Mean: 2159.068, median: 1878.5, std: 1356.416, percent: 2036.64, B: 151, W: 99, 
	(2762, 1209, 1587, 10385, 3079, 2083, 1167, 1762, 945, 2470, 1507, 1777, 1079, 2172, 3062, 1138, 3351, 4332, 1942, 3079, 1540, 925, 2142, 1134, 1816, 1714, 1017, 2208, 1918, 1785, 3419, 2269, 3582, 1216, 950, 2081, 1438, 1884, 2214, 1934, 1084, 3051, 1485, 1984, 1165, 2645, 1393, 1021, 7741, 1783, 882, 1808, 1184, 398, 1706, 5593, 683, 802, 4835, 2427, 2256, 4315, 2980, 2495, 2201, 5391, 1792, 875, 548, 2269, 1096, 3853, 2533, 1672, 1639, 2079, 1170, 1189, 1808, 1072, 1344, 971, 2851, 1164, 1475, 1375, 1123, 636, 1353, 1461, 1286, 837, 2662, 1913, 4842, 3410, 969, 1002, 1982, 726, 2121, 3624, 1273, 2597, 2356, 1485, 860, 435, 1921, 3469, 2736, 1174, 1965, 1009, 1016, 1642, 1809, 1873, 1093, 2374, 4038, 1644, 2254, 574, 2272, 1504, 2250, 1560, 1100, 1829, 1252, 2657, 1549, 6056, 2085, 1579, 3847, 1604, 2367, 2079, 2385, 5407, 2245, 1406, 2145, 2115, 3420, 1859, 2966, 2517, 1512, 3203, 1893, 1994, 1424, 804, 3854, 2350, 8045, 2075, 3171, 1994, 1503, 1696, 936, 2836, 2562, 1745, 1642, 2585, 646, 2685, 809, 752, 2289, 1468, 1688, 1296, 850, 3098, 3153, 1552, 1607, 1802, 2393, 944, 944, 7599, 1994, 2746, 1944, 1586, 759, 2550, 2246, 1916, 3340, 1255, 2845, 2573, 1437, 4584, 1536, 1408, 2063, 989, 2616, 2970, 1793, 305, 2527, 2260, 1897, 1141, 1384, 421, 2897, 2088, 1123, 2683, 1713, 4184, 2833, 1377, 3066, 1616, 5400, 1550, 2564, 2255, 1575, 7491, 2846, 1565, 5693, 1816, 1709, 1102, 1927, 1177, 1229, 2015, 2634, 1172, 4592, 1987, 2686, 2764, 1682, 2516)
(19, 64): Mean: 2127.6, median: 1792.0, std: 1403.278, percent: 2013.44, B: 139, W: 109, 
	(2979, 1146, 1587, 11518, 2700, 1826, 1060, 1792, 975, 2174, 1662, 1696, 1177, 2052, 3016, 1178, 3707, 3687, 1773, 3006, 1474, 885, 2016, 1096, 1901, 1821, 1122, 2167, 2034, 1850, 3422, 2355, 3345, 1200, 985, 2246, 1627, 1874, 2180, 1947, 1106, 2517, 1497, 1987, 1081, 2502, 1427, 988, 8045, 1748, 789, 1757, 1312, 379, 1585, 5004, 629, 716, 3640, 2609, 2259, 3327, 2809, 1771, 2271, 4279, 1790, 916, 502, 2525, 1205, 3407, 2311, 2098, 1583, 2260, 1231, 995, 1739, 1250, 1465, 967, 2711, 1092, 1470, 1399, 1132, 563, 1289, 1408, 1229, 749, 2409, 1679, 4498, 3022, 1020, 1132, 2025, 753, 1898, 3385, 1165, 2475, 2109, 1509, 736, 402, 1748, 3739, 2785, 1073, 1919, 1122, 1018, 1615, 1806, 1736, 874, 2286, 3753, 1876, 1982, 577, 2277, 1697, 2463, 1504, 1131, 1709, 1164, 2089, 1497, 6094, 2145, 1375, 3482, 1746, 2946, 1835, 2231, 5870, 2293, 1319, 2537, 1993, 3508, 1762, 3382, 2636, 1496, 3129, 1842, 1792, 1434, 742, 4132, 2515, 8750, 1731, 3693, 1943, 1644, 1753, 849, 2533, 2402, 1818, 1698, 2842, 606, 2717, 687, 772, 1681, 1469, 1634, 1388, 1015, 2819, 2798, 1645, 1621, 1685, 2649, 944, 835, 8021, 1710, 2840, 1874, 1239, 712, 2539, 2613, 1793, 3274, 1304, 2949, 2983, 1528, 4848, 1505, 1557, 2194, 901, 2426, 3139, 1828, 343, 2372, 1972, 1917, 1088, 1439, 533, 2638, 2037, 1088, 2678, 1652, 3716, 2802, 1427, 2674, 1671, 4791, 1465, 2641, 2282, 1384, 8581, 2907, 1531, 5982, 1670, 1444, 1199, 1704, 1130, 1170, 1921, 2373, 1152, 4772, 2109, 2918, 2607, 1608, 2643)
(20, 66): Mean: 2120.532, median: 1835.5, std: 1359.041, percent: 1995.94, B: 125, W: 124, 
	(2805, 1143, 1381, 9010, 2704, 1845, 1014, 1597, 958, 2353, 1557, 1872, 1155, 2030, 3513, 1159, 3317, 4341, 1757, 2739, 1479, 917, 2008, 1058, 1931, 1575, 1144, 2062, 2002, 1514, 3647, 2109, 4023, 1334, 1016, 1924, 1589, 1832, 2049, 1856, 1090, 2530, 1318, 1902, 1208, 2763, 1339, 1010, 7284, 1847, 964, 1810, 1282, 360, 1626, 4889, 691, 746, 3140, 2726, 2095, 3600, 2563, 2040, 2716, 4330, 1848, 862, 592, 2171, 1234, 3332, 2502, 1788, 1738, 1945, 1135, 1070, 1655, 1168, 1319, 910, 2750, 1010, 1501, 1288, 1027, 618, 1389, 1410, 1295, 779, 2278, 1874, 5982, 3318, 935, 1040, 2193, 828, 1891, 3375, 1216, 2618, 1997, 1559, 876, 412, 1807, 3189, 2924, 1040, 1888, 1155, 926, 1419, 1697, 1679, 943, 2231, 4079, 1637, 2061, 555, 2120, 1691, 2218, 1524, 1083, 1837, 1228, 2397, 1582, 5678, 1968, 1532, 3362, 1789, 2448, 2091, 2547, 4459, 2089, 1390, 2217, 2037, 3420, 1962, 3106, 2821, 1528, 3540, 2065, 1893, 1391, 699, 4298, 2706, 9296, 1857, 3365, 2014, 1385, 1558, 907, 2469, 2125, 1889, 1753, 2561, 531, 2774, 723, 695, 1980, 1399, 1647, 1412, 944, 3217, 3941, 1653, 1804, 1661, 2769, 992, 781, 8453, 1463, 2479, 1938, 1354, 758, 2702, 2178, 2032, 3209, 1201, 3340, 2433, 1649, 5259, 1391, 1471, 2314, 863, 2717, 2675, 1634, 309, 2405, 1750, 1812, 1253, 1395, 461, 2985, 1947, 1088, 2458, 1793, 3839, 2985, 1359, 2476, 1645, 5560, 1515, 2502, 2394, 1172, 7363, 2828, 1530, 6527, 1717, 1569, 1172, 1754, 1218, 1174, 1882, 2473, 1092, 5289, 1942, 2901, 2460, 1834, 2828)
(22, 73): Mean: 2107.572, median: 1766.0, std: 1399.323, percent: 2044.26, B: 133, W: 116, 
	(2644, 1140, 1502, 12267, 2749, 1930, 950, 1848, 900, 2227, 1534, 1682, 1131, 2149, 3549, 1343, 4744, 3912, 1784, 2892, 1557, 936, 1884, 1111, 1753, 1718, 954, 2127, 1622, 1560, 3622, 2204, 3406, 1122, 953, 2138, 1386, 1577, 2034, 2109, 1046, 2642, 1443, 2143, 1325, 3000, 1268, 1016, 6864, 1941, 805, 1703, 1388, 333, 1454, 5251, 649, 757, 3858, 2362, 2050, 3936, 3126, 1886, 2913, 4558, 1845, 998, 515, 2430, 1190, 3350, 2350, 1887, 1610, 1990, 1242, 1026, 1648, 1106, 1257, 999, 2382, 1088, 1375, 1373, 1042, 661, 1212, 1288, 1148, 664, 2497, 1832, 4193, 3077, 962, 1084, 1792, 806, 1782, 3716, 1274, 2484, 2163, 1558, 817, 387, 1702, 3973, 2183, 1070, 1904, 1102, 952, 1418, 1652, 1805, 902, 2378, 3705, 1682, 2087, 676, 2019, 1751, 2404, 1335, 1111, 1665, 1117, 2527, 1577, 5042, 1778, 1274, 3654, 1670, 2301, 2033, 2013, 5362, 2112, 1422, 2051, 2104, 3389, 1646, 3265, 2322, 1427, 3016, 1747, 1761, 1265, 792, 3651, 2357, 8499, 1850, 3975, 1725, 1506, 1685, 916, 3052, 2240, 1720, 1788, 2629, 656, 2831, 788, 775, 1928, 1340, 1515, 1458, 944, 2925, 3380, 1498, 1579, 1612, 2609, 974, 855, 7040, 1759, 3084, 1564, 1273, 813, 2480, 2294, 1800, 3599, 1350, 3005, 2553, 1446, 5119, 1453, 1419, 2117, 952, 2649, 2650, 1636, 265, 1973, 2098, 1854, 1272, 1524, 507, 2803, 1926, 1085, 3096, 1693, 4350, 2833, 1453, 2582, 1616, 5245, 1413, 2626, 2150, 1339, 8896, 2881, 1501, 5179, 1771, 1654, 1064, 1967, 1154, 1135, 2124, 2508, 1047, 4161, 1919, 3063, 2659, 1794, 2788)
(27, 102): Mean: 2084.488, median: 1825.5, std: 1358.883, percent: 1948.18, B: 133, W: 116, 
	(3071, 1166, 1526, 8909, 2735, 1816, 1027, 1705, 1055, 2092, 1365, 1457, 1182, 2017, 2986, 1202, 2581, 3666, 2077, 2682, 1406, 938, 2003, 1060, 1997, 1644, 1039, 2016, 1702, 1519, 4071, 1871, 3351, 1160, 908, 1955, 1468, 2062, 2180, 2060, 1074, 2277, 1336, 2151, 1115, 2725, 1247, 1049, 7793, 1863, 811, 1905, 1217, 316, 1417, 5514, 528, 719, 3628, 2495, 2304, 3442, 2432, 1947, 2502, 4404, 1883, 916, 504, 2617, 1296, 3778, 2115, 1720, 1501, 1880, 1150, 925, 1679, 1149, 1235, 904, 2464, 1187, 1409, 1334, 1045, 609, 1328, 1266, 1265, 945, 2370, 1907, 4468, 2974, 1112, 1061, 1822, 910, 2114, 3547, 1222, 2458, 2247, 1436, 800, 346, 1774, 3202, 2620, 1183, 1873, 1094, 954, 1757, 1741, 1644, 1025, 2024, 4076, 1636, 2121, 662, 1876, 1479, 2220, 1690, 1061, 2055, 1119, 2431, 1539, 4676, 1945, 1258, 3699, 1622, 2282, 1947, 2407, 6142, 1911, 1480, 2265, 2226, 3795, 1815, 3425, 2385, 1484, 2885, 1861, 1871, 1328, 648, 3642, 2592, 7689, 1844, 3120, 1927, 1451, 1838, 839, 2398, 2269, 1801, 1795, 2736, 635, 2520, 707, 786, 1969, 1516, 1488, 1315, 975, 3349, 2893, 1554, 1660, 1729, 2722, 872, 929, 9382, 1529, 2495, 1731, 1445, 763, 2823, 2402, 2013, 3110, 1242, 2947, 2176, 1519, 4394, 1405, 1316, 2209, 916, 2301, 3080, 1882, 309, 2243, 2046, 1794, 1249, 1577, 493, 2886, 1885, 1124, 2733, 1494, 4029, 2629, 1400, 2832, 1524, 5245, 1375, 2317, 2216, 1213, 9295, 2628, 1557, 6692, 1573, 1447, 1247, 1829, 1371, 1043, 1685, 2615, 1046, 4076, 2257, 2485, 2399, 1829, 2746)
(29, 109): Mean: 2077.284, median: 1793.5, std: 1337.073, percent: 1953.16, B: 130, W: 119, 
	(2679, 1239, 1480, 9601, 2657, 1832, 1039, 1709, 1002, 2068, 1472, 1749, 973, 1900, 3191, 1046, 4341, 3754, 1853, 2965, 1263, 842, 1899, 982, 1954, 1527, 984, 1938, 1704, 1578, 3182, 2419, 3000, 1220, 868, 1927, 1536, 1771, 2282, 1975, 1048, 2241, 1424, 2022, 988, 3054, 1306, 943, 6157, 1663, 720, 1652, 1195, 341, 1784, 5264, 639, 693, 4025, 2599, 1971, 3880, 2382, 1969, 2354, 4392, 1802, 967, 500, 2197, 1066, 4021, 2339, 1757, 1582, 1923, 1151, 906, 1692, 1119, 1255, 834, 2860, 1172, 1353, 1564, 1198, 624, 1243, 1318, 1222, 735, 2083, 1990, 3996, 2794, 916, 1007, 1802, 694, 1883, 3863, 1069, 2565, 1999, 1387, 765, 366, 1518, 3601, 2488, 962, 1959, 1062, 1034, 1748, 1912, 1577, 980, 2490, 3855, 1683, 2058, 644, 2188, 1666, 2363, 1470, 1207, 2044, 1122, 2349, 1545, 5771, 1982, 1533, 3648, 1741, 2399, 1977, 2074, 5506, 1914, 1377, 2129, 1998, 3831, 1940, 2808, 2336, 1518, 3240, 1719, 1807, 1284, 659, 3516, 2604, 8328, 1792, 3016, 1995, 1461, 1700, 864, 2600, 2676, 1842, 1814, 2654, 638, 2577, 707, 679, 1965, 1401, 1795, 1392, 1030, 3261, 3295, 1526, 1686, 1613, 2287, 981, 862, 8482, 1586, 2600, 1721, 1479, 752, 2165, 2024, 1934, 3134, 1195, 2848, 2363, 1487, 4258, 1393, 1384, 2211, 938, 2580, 2869, 1701, 332, 2454, 2300, 1746, 1207, 1384, 358, 2791, 2004, 1176, 2809, 1655, 3313, 2664, 1380, 2825, 1533, 5629, 1697, 2223, 2110, 1292, 9004, 3037, 1637, 5300, 1554, 1509, 1185, 2099, 1151, 1103, 1778, 2786, 1070, 4336, 2089, 3217, 2693, 1807, 3021)
(30, 111): Mean: 2043.264, median: 1747.5, std: 1286.097, percent: 1967.38, B: 136, W: 114, 
	(2471, 1104, 1454, 8288, 2775, 1884, 1041, 1681, 966, 2121, 1605, 1569, 1188, 1881, 3204, 1002, 3320, 3512, 1663, 2540, 1514, 850, 1882, 1070, 2000, 1653, 1020, 2157, 1820, 1697, 3478, 2021, 3260, 1156, 904, 1876, 1310, 1694, 2137, 1832, 1040, 2150, 1487, 1981, 1098, 2411, 1302, 953, 7567, 1759, 831, 1745, 1178, 359, 1786, 5376, 534, 741, 3426, 2509, 1946, 4090, 2653, 1849, 2522, 4231, 1791, 865, 515, 1891, 1375, 3612, 2335, 1693, 1685, 2036, 1278, 958, 1652, 1095, 1198, 905, 2618, 1160, 1423, 1230, 1114, 666, 1278, 1413, 1236, 726, 2080, 1760, 4288, 3252, 1072, 1015, 1704, 714, 1912, 3345, 1428, 2682, 1991, 1506, 787, 425, 1576, 3308, 2811, 1025, 1928, 1055, 1011, 1439, 1730, 1804, 995, 2122, 4558, 1604, 1901, 592, 2022, 1539, 2486, 1631, 1086, 1612, 1101, 2262, 1472, 5337, 1934, 1464, 3728, 1674, 2247, 1868, 2172, 4080, 1774, 1127, 1921, 2022, 3238, 1782, 3846, 2386, 1501, 3371, 1767, 1677, 1342, 797, 3488, 2653, 9335, 1704, 3265, 1891, 1334, 1721, 850, 2266, 2361, 1797, 1676, 2331, 681, 2809, 720, 697, 1857, 1396, 1488, 1219, 830, 3601, 3484, 1459, 1696, 1681, 2644, 888, 910, 7536, 1750, 2485, 1675, 1500, 833, 2258, 2160, 1715, 3107, 1249, 2945, 2348, 1581, 5750, 1454, 1267, 2351, 959, 2444, 2870, 1837, 343, 2061, 1967, 1720, 1107, 1442, 413, 3546, 1859, 1026, 2653, 1651, 3091, 3014, 1343, 2546, 1722, 5306, 1521, 2590, 2092, 1324, 7445, 2774, 1487, 4552, 1481, 1452, 1146, 1953, 1170, 1082, 1817, 3026, 964, 3891, 2213, 2784, 2512, 1893, 2473)
(33, 125): Mean: 2022.152, median: 1733.5, std: 1284.162, percent: 1903.58, B: 141, W: 107, 
	(2525, 1097, 1469, 10334, 2779, 1722, 1028, 1637, 923, 1955, 1344, 1780, 1024, 1770, 3481, 1064, 2719, 4027, 1619, 2755, 1591, 960, 1902, 1015, 1888, 1745, 887, 2061, 1735, 1606, 3328, 2392, 3708, 1037, 916, 2106, 1391, 1508, 2336, 1857, 932, 2269, 1297, 1795, 1068, 2533, 1296, 954, 6584, 1629, 797, 1756, 1249, 390, 1816, 4599, 614, 622, 3519, 2522, 2431, 3411, 2456, 1899, 2674, 4786, 1730, 883, 589, 2449, 1208, 3642, 2461, 1687, 1463, 1904, 1117, 862, 2022, 1112, 1285, 896, 2410, 1017, 1432, 1296, 1020, 567, 1137, 1269, 1206, 786, 2237, 1692, 4598, 2975, 980, 1009, 1684, 831, 1787, 3917, 1184, 2457, 2009, 1421, 791, 334, 1518, 3337, 2581, 1138, 2088, 1052, 1035, 1310, 1640, 1637, 982, 2345, 3847, 1586, 2251, 582, 2107, 1436, 2326, 1421, 1256, 1939, 1209, 2224, 1350, 5551, 1833, 1275, 4082, 1598, 2785, 1817, 2443, 4963, 2198, 1298, 2299, 2057, 3712, 1669, 2914, 2431, 1379, 2969, 1694, 1834, 1218, 678, 3656, 2485, 9106, 1800, 3071, 2035, 1334, 1465, 874, 2198, 2240, 1732, 1423, 2750, 629, 2582, 669, 733, 2332, 1273, 1644, 1245, 984, 2843, 3029, 1449, 1723, 1587, 2534, 937, 803, 6600, 1683, 2601, 1796, 1284, 713, 2353, 2123, 1941, 3495, 1172, 2784, 2243, 1717, 4277, 1378, 1382, 1930, 815, 2658, 2885, 1574, 303, 2022, 1947, 1759, 1138, 1343, 393, 2767, 1851, 1122, 2570, 1596, 3399, 2604, 1166, 2400, 1722, 5021, 1629, 2546, 2054, 1429, 6986, 2843, 1469, 4686, 1550, 1510, 1047, 1842, 1087, 1093, 1740, 2482, 949, 3865, 1924, 2997, 2669, 1877, 2403)
(34, 127): Mean: 1996.28, median: 1673.5, std: 1282.976, percent: 1889.66, B: 151, W: 99, 
	(2822, 1119, 1439, 9262, 2815, 1772, 961, 1614, 850, 1986, 1346, 1562, 1075, 1862, 3682, 1049, 3033, 3857, 1649, 3143, 1344, 862, 1996, 966, 2061, 1599, 852, 2171, 1596, 1429, 3667, 2480, 2930, 1132, 805, 1942, 1315, 1561, 2207, 1671, 863, 2069, 1293, 1859, 1211, 2336, 1315, 957, 6918, 1732, 752, 1695, 1220, 356, 1454, 5015, 611, 591, 3559, 2559, 2105, 4068, 2548, 1870, 2646, 4350, 1777, 920, 548, 2194, 1099, 3202, 2343, 1603, 1475, 1777, 1122, 850, 1635, 1079, 1145, 834, 2667, 909, 1381, 1457, 961, 699, 1270, 1261, 1187, 777, 2216, 1655, 4510, 2949, 927, 1031, 1708, 751, 1873, 3447, 1255, 2377, 1804, 1474, 803, 342, 1592, 3313, 2553, 959, 1994, 996, 965, 1428, 1630, 1624, 1029, 2248, 3498, 1525, 1870, 546, 1971, 1347, 2265, 1392, 988, 1753, 1068, 2614, 1361, 5244, 1773, 1276, 3621, 1466, 2641, 2252, 2139, 5250, 2120, 1258, 2254, 2276, 2904, 1621, 3187, 2328, 1351, 2791, 1675, 1838, 1298, 642, 3403, 2442, 7552, 1795, 2768, 1755, 1464, 1565, 884, 2370, 2142, 1941, 1498, 2448, 682, 2549, 668, 717, 1833, 1241, 1655, 1235, 861, 2957, 2932, 1444, 1472, 1554, 2475, 783, 812, 7148, 2045, 2590, 1702, 1234, 712, 2173, 2107, 2090, 3101, 1181, 2599, 2550, 1353, 4383, 1394, 1299, 2104, 932, 1981, 2634, 1460, 313, 2429, 1841, 1651, 1093, 1534, 517, 3191, 1879, 1029, 2763, 1672, 3419, 2320, 1257, 2951, 1658, 6029, 1457, 2567, 1965, 1175, 8701, 2753, 1470, 4837, 1510, 1487, 1140, 1697, 1213, 1043, 1837, 2748, 883, 4258, 2097, 2715, 2825, 1823, 2190)
(35, 131): Mean: 1989.36, median: 1692.5, std: 1282.594, percent: 1892.52, B: 126, W: 124, 
	(2479, 1146, 1407, 10967, 2503, 1667, 941, 1625, 855, 2199, 1478, 1555, 1025, 1675, 3213, 992, 3087, 3981, 1986, 3135, 1331, 808, 1714, 937, 1762, 1642, 850, 2033, 1619, 1392, 3386, 2390, 3028, 1162, 824, 2109, 1357, 2143, 2173, 1698, 987, 2178, 1394, 1894, 1009, 2181, 1243, 1018, 7078, 1711, 770, 1657, 1107, 346, 1543, 4562, 595, 656, 3936, 2100, 2118, 3754, 2705, 1682, 2875, 4987, 1636, 901, 518, 2059, 1295, 3115, 2031, 1555, 1552, 1714, 1180, 973, 1746, 1164, 1268, 872, 2438, 1056, 1379, 1221, 1217, 532, 1369, 1225, 1326, 791, 2409, 1779, 4563, 2782, 1019, 1034, 1710, 803, 2045, 3561, 1119, 2352, 2106, 1443, 716, 382, 1501, 2997, 2131, 970, 2116, 1081, 941, 1408, 1584, 1603, 948, 2123, 3971, 1516, 1835, 537, 1895, 1541, 2427, 1221, 1071, 1905, 1254, 2034, 1461, 5462, 1677, 1342, 3626, 1598, 2335, 1729, 2058, 4423, 1909, 1256, 2040, 2104, 3652, 1904, 2957, 2350, 1350, 3056, 1687, 1921, 1269, 765, 3713, 2737, 7785, 1608, 2821, 1904, 1560, 1520, 867, 2507, 1965, 1741, 1499, 2628, 762, 2594, 762, 694, 1774, 1339, 1418, 1318, 962, 2757, 3179, 1561, 1526, 1590, 2689, 900, 760, 6959, 1732, 2439, 1721, 1313, 766, 2416, 1969, 1865, 3455, 1268, 3022, 2510, 1472, 3844, 1475, 1203, 2126, 901, 2416, 2908, 1788, 289, 2060, 1885, 1761, 1032, 1366, 428, 2499, 1793, 1028, 2428, 1562, 3454, 2673, 1218, 2806, 1512, 5557, 1676, 2340, 2118, 1142, 6938, 2444, 1500, 5053, 1484, 1669, 1136, 1830, 1071, 1073, 1744, 2606, 1037, 4122, 1925, 2485, 2559, 1733, 2439)
(36, 137): Mean: 1972.428, median: 1704.0, std: 1238.286, percent: 1845.12, B: 132, W: 116, 
	(3000, 1226, 1440, 9608, 2437, 1819, 953, 1696, 809, 2084, 1499, 1820, 985, 1845, 2956, 993, 3377, 3365, 1788, 2778, 1382, 804, 1899, 1054, 2019, 1429, 938, 1971, 1689, 1502, 2953, 2267, 3609, 1092, 901, 1924, 1324, 1939, 2334, 1725, 944, 2477, 1266, 1807, 1130, 2563, 1372, 963, 6690, 1827, 744, 1629, 1160, 336, 1357, 4582, 554, 644, 2902, 2081, 1867, 3493, 2635, 1938, 2339, 4985, 1786, 890, 452, 2079, 1136, 3245, 2013, 1667, 1678, 1965, 1161, 828, 1453, 1130, 1197, 857, 2680, 1077, 1380, 1317, 1058, 555, 1221, 1263, 1152, 668, 2199, 1617, 4164, 2885, 854, 968, 1950, 775, 1890, 3564, 1120, 2359, 2015, 1425, 694, 388, 1796, 3009, 2419, 882, 1912, 1081, 934, 1786, 1674, 1562, 931, 2162, 3883, 1631, 1911, 765, 1816, 1694, 2213, 1330, 1119, 1699, 1141, 2214, 1465, 5451, 1881, 1332, 3652, 1602, 2596, 2056, 2044, 4347, 2299, 1169, 1931, 2050, 3111, 1679, 3167, 2097, 1359, 2873, 1709, 1833, 1314, 695, 3471, 2630, 8419, 1779, 3094, 2039, 1514, 1575, 822, 2521, 2051, 1672, 1620, 2404, 615, 2417, 737, 783, 1655, 1337, 1389, 1255, 897, 2872, 2759, 1481, 1478, 1472, 2473, 978, 855, 6697, 1549, 2418, 1636, 1312, 722, 2288, 1978, 1971, 2912, 1314, 2771, 2534, 1589, 4111, 1395, 1238, 2365, 883, 2687, 2641, 1776, 311, 2048, 2026, 1587, 1066, 1394, 470, 2565, 1985, 1002, 2448, 1556, 3290, 2574, 1283, 2322, 1455, 4573, 1503, 2372, 2281, 1226, 7407, 2665, 1506, 5493, 1514, 1465, 1233, 1774, 1063, 1073, 1772, 2364, 942, 4499, 1992, 2884, 2546, 1686, 2472)
(37, 139): Mean: 1935.924, median: 1656.5, std: 1194.805, percent: 1851.0, B: 149, W: 100, 
	(2391, 1125, 1483, 9155, 2392, 1831, 996, 1625, 941, 2001, 1295, 1739, 961, 2032, 3206, 1028, 3430, 3139, 1612, 2282, 1291, 822, 1982, 994, 1996, 1484, 963, 1987, 1722, 1307, 3376, 2381, 2636, 1058, 873, 2064, 1289, 1483, 2150, 1554, 931, 2253, 1349, 1942, 1127, 2398, 1258, 917, 6051, 1572, 719, 1668, 1189, 346, 1476, 4738, 579, 648, 3337, 2195, 1948, 3624, 2646, 1659, 2310, 4861, 1583, 890, 535, 2274, 1041, 3203, 2021, 1675, 1436, 1639, 1093, 933, 1583, 1113, 1080, 833, 2534, 1022, 1352, 1246, 1087, 573, 1289, 1281, 1123, 661, 2053, 1667, 3838, 2696, 943, 936, 1924, 671, 1942, 3483, 1066, 2652, 1892, 1429, 706, 439, 1467, 3519, 2313, 967, 1839, 1050, 972, 1621, 1882, 1539, 948, 1982, 3873, 1468, 1901, 769, 1848, 1495, 2348, 1294, 1013, 1654, 1207, 1853, 1347, 5005, 1689, 1445, 3768, 1563, 2660, 1788, 1906, 4903, 1969, 1211, 2077, 2045, 3536, 1766, 2537, 1914, 1207, 3027, 1477, 1784, 1239, 625, 3865, 2507, 7777, 1710, 2783, 1858, 1439, 1440, 854, 2379, 2333, 1550, 1529, 2504, 568, 2491, 638, 655, 1861, 1270, 1503, 1232, 914, 2636, 2796, 1593, 1365, 1456, 2802, 881, 766, 6477, 1816, 2391, 1624, 1196, 697, 2565, 2115, 1876, 3991, 1101, 2493, 2345, 1374, 4063, 1294, 1240, 2358, 748, 2852, 2879, 1481, 325, 1934, 2194, 1559, 1028, 1367, 426, 2818, 1880, 982, 2613, 1491, 3466, 2864, 1132, 2890, 1684, 4123, 1436, 2158, 2116, 1128, 6827, 2886, 1715, 4554, 1530, 1633, 1146, 1702, 1118, 962, 1721, 2362, 1033, 4212, 1846, 2416, 2974, 1613, 2622)
(39, 146): Mean: 1920.112, median: 1680.5, std: 1200.644, percent: 1854.46, B: 126, W: 123, 
	(2640, 1138, 1488, 8865, 2180, 1844, 909, 1562, 819, 1992, 1492, 1432, 1079, 2079, 3064, 1016, 2554, 3318, 1716, 2712, 1177, 829, 1785, 999, 1736, 1509, 1083, 1884, 1635, 1514, 3325, 2121, 2703, 1195, 833, 1981, 1284, 1814, 1776, 1648, 933, 2224, 1438, 2175, 1108, 2497, 1275, 887, 6709, 1830, 720, 1622, 1118, 346, 1344, 4465, 527, 578, 2892, 2566, 1942, 3496, 2439, 1757, 2580, 4293, 1634, 944, 558, 2146, 1076, 3237, 2150, 2076, 1497, 1732, 1053, 819, 1699, 1045, 1100, 830, 2311, 934, 1418, 1352, 1033, 547, 1120, 1339, 1085, 766, 2139, 1639, 4490, 2440, 896, 952, 1685, 722, 1805, 3275, 1147, 2358, 1732, 1393, 775, 332, 1534, 3139, 2327, 981, 1947, 915, 964, 1751, 1516, 1632, 934, 1983, 3358, 1451, 1720, 556, 1942, 1431, 2379, 1496, 1049, 1736, 1104, 1869, 1383, 5635, 1881, 1236, 3899, 1475, 2411, 1725, 2123, 4492, 2304, 1244, 1954, 1817, 3114, 1552, 2719, 2040, 1269, 2901, 1460, 1800, 1204, 713, 3546, 2324, 7273, 1590, 2942, 1860, 1358, 1571, 786, 2419, 2274, 1676, 1769, 2454, 610, 2362, 612, 643, 1872, 1303, 1568, 1254, 867, 2921, 2859, 1426, 1412, 1460, 2468, 828, 693, 6130, 1837, 2143, 1692, 1261, 720, 2574, 1945, 1747, 2857, 1148, 2908, 2166, 1451, 5003, 1369, 1195, 2146, 782, 2717, 3072, 1557, 314, 2012, 1755, 1717, 1068, 1390, 497, 2456, 1838, 1102, 2466, 1525, 3126, 2827, 1355, 2394, 1519, 4631, 1478, 2244, 1811, 1084, 8051, 2919, 1511, 4518, 1504, 1458, 1042, 1717, 1178, 1052, 1662, 2323, 980, 4735, 1830, 2877, 2884, 1673, 2248)
(41, 158): Mean: 1912.944, median: 1666.0, std: 1197.72, percent: 1828.94, B: 128, W: 121, 
	(2640, 1039, 1418, 9573, 2302, 1879, 964, 1499, 888, 2140, 1347, 1598, 1048, 1930, 2936, 941, 2655, 3530, 1617, 2798, 1380, 872, 2051, 941, 1782, 1348, 862, 1920, 1502, 1486, 3001, 2278, 2959, 1014, 867, 1997, 1373, 1533, 2072, 1541, 960, 2710, 1311, 1977, 1127, 2324, 1201, 942, 7168, 1531, 715, 1621, 1128, 339, 1598, 4801, 595, 596, 3284, 2329, 1940, 3347, 2555, 1754, 2942, 4277, 1771, 883, 525, 2082, 1086, 3844, 2210, 1760, 1345, 1728, 985, 890, 1772, 977, 1103, 848, 2179, 965, 1285, 1191, 995, 561, 1205, 1195, 1149, 695, 2069, 1608, 4342, 2628, 978, 1059, 1689, 733, 1799, 3099, 1182, 2465, 1833, 1451, 732, 369, 1441, 2881, 2333, 1040, 1829, 1035, 974, 1647, 1625, 1668, 902, 1971, 3627, 1676, 1935, 633, 1849, 1298, 2187, 1353, 975, 1844, 1070, 2164, 1558, 4776, 1792, 1200, 3092, 1451, 2235, 1847, 2058, 5315, 1936, 1206, 1973, 1748, 3170, 1664, 3626, 2277, 1433, 3005, 1642, 1894, 1210, 697, 3681, 2243, 6987, 1916, 2810, 1769, 1535, 1502, 886, 2231, 1829, 1589, 1966, 2427, 581, 2540, 704, 566, 1571, 1230, 1385, 1165, 833, 2949, 2698, 1325, 1444, 1422, 2499, 838, 763, 5589, 1688, 2552, 2024, 1263, 721, 2326, 1798, 2070, 3280, 1182, 2527, 2036, 1359, 4126, 1334, 1369, 1919, 852, 2678, 2745, 1671, 275, 1892, 1776, 1314, 934, 1380, 424, 2523, 1944, 1018, 2651, 1526, 3063, 2887, 1268, 2700, 1902, 4223, 1394, 2159, 2034, 1153, 7854, 2461, 1595, 4500, 1505, 1431, 1120, 1628, 1020, 1179, 1528, 2398, 1050, 3941, 1676, 2515, 2401, 1771, 2610)
(43, 167): Mean: 1910.864, median: 1653.0, std: 1225.185, percent: 1832.26, B: 129, W: 121, 
	(2415, 1064, 1539, 7369, 2530, 1572, 901, 1421, 829, 2145, 1318, 1558, 1074, 1779, 2959, 1011, 2856, 2817, 1774, 2552, 1260, 781, 1731, 917, 1755, 1516, 873, 1986, 1704, 1513, 3522, 2199, 2942, 1172, 805, 1881, 1399, 1603, 1911, 1652, 969, 2453, 1302, 2292, 1166, 2383, 1122, 987, 6878, 1588, 682, 1690, 1125, 306, 1350, 4519, 621, 595, 2833, 2043, 1724, 3728, 2746, 1806, 2439, 4377, 1654, 864, 439, 2315, 1082, 3415, 2060, 1727, 1409, 2019, 1063, 876, 1787, 1048, 1112, 896, 2136, 1030, 1167, 1092, 1094, 522, 1289, 1341, 1205, 778, 2060, 1753, 3953, 3115, 953, 963, 1776, 779, 1945, 3555, 1190, 2442, 1851, 1331, 803, 395, 1474, 3077, 2281, 884, 2153, 949, 952, 1615, 1685, 1500, 923, 2156, 3361, 1590, 1695, 560, 1717, 1379, 2102, 1299, 1042, 1781, 1099, 1991, 1249, 5397, 1828, 1198, 3850, 1516, 2693, 1905, 1916, 4849, 1919, 1210, 2087, 1935, 3102, 1708, 2915, 2502, 1414, 2779, 1529, 1686, 1294, 619, 3539, 2443, 9736, 1539, 3009, 2004, 1506, 1437, 827, 2300, 1868, 1564, 1390, 2422, 549, 2220, 669, 697, 1888, 1293, 1410, 1210, 779, 2815, 2630, 1579, 1470, 1471, 2323, 808, 719, 8058, 1701, 2514, 1449, 1421, 705, 2958, 1840, 1976, 2867, 1153, 2759, 2090, 1275, 4693, 1358, 1281, 1968, 830, 1943, 2533, 1590, 363, 2057, 1910, 1655, 1069, 1295, 480, 2335, 1876, 982, 2543, 1498, 3283, 2470, 1175, 2323, 1579, 4098, 1487, 2180, 1848, 1169, 6800, 2837, 1484, 4312, 1486, 1515, 1059, 1640, 1038, 1003, 1610, 2218, 911, 4235, 2049, 2683, 2654, 1831, 2622)
(45, 177): Mean: 1893.784, median: 1635.0, std: 1195.796, percent: 1825.76, B: 129, W: 120, 
	(2629, 1017, 1343, 9724, 2139, 1564, 989, 1377, 781, 1882, 1323, 1472, 976, 1896, 2902, 1141, 3206, 3009, 1909, 2383, 1341, 845, 1852, 917, 1748, 1411, 944, 2416, 1692, 1531, 3542, 2166, 2730, 1108, 912, 1852, 1305, 1641, 1893, 1849, 919, 2099, 1592, 2110, 959, 2275, 1345, 908, 6005, 1746, 678, 1768, 1089, 378, 1426, 4648, 564, 646, 2951, 2262, 1922, 3359, 2584, 2019, 1981, 4148, 1653, 932, 489, 2053, 985, 3535, 2005, 1580, 1344, 1672, 1165, 873, 1538, 1069, 1069, 842, 2519, 1015, 1312, 1256, 982, 536, 1154, 1229, 1279, 716, 2092, 1434, 3994, 2541, 948, 964, 1705, 729, 1951, 2721, 1088, 2123, 1971, 1345, 707, 393, 1403, 3204, 2377, 1018, 1897, 961, 989, 1372, 1740, 1522, 824, 1886, 2966, 1533, 1680, 567, 1838, 1352, 2203, 1313, 914, 1681, 1091, 2435, 1349, 5085, 1787, 1193, 3643, 1582, 2607, 1968, 1991, 4193, 2141, 1248, 2130, 1999, 3001, 1502, 3110, 2251, 1327, 3234, 1463, 1633, 1308, 671, 3402, 2764, 8021, 1608, 2742, 1742, 1450, 1460, 768, 2131, 1870, 1651, 1572, 2615, 583, 2365, 664, 571, 1758, 1277, 1569, 1317, 871, 2787, 2855, 1329, 1553, 1555, 2226, 805, 753, 6348, 1581, 2456, 1666, 1319, 676, 2167, 1819, 1662, 3019, 1226, 2797, 2007, 1408, 4581, 1458, 1258, 1962, 862, 2485, 2736, 1504, 244, 1758, 1882, 1630, 1204, 1471, 430, 2616, 1871, 1031, 2676, 1939, 3439, 2484, 1281, 2352, 1495, 4887, 1255, 2011, 1885, 1171, 6736, 2934, 1475, 5472, 1514, 1378, 1078, 1743, 1041, 993, 1629, 2297, 913, 4286, 1940, 2685, 2266, 1637, 2358)
(46, 178): Mean: 1942.236, median: 1666.0, std: 1245.075, percent: 1861.5, B: 89, W: 161, 
	(2897, 1016, 1365, 10694, 2385, 1724, 1044, 1669, 776, 2003, 1396, 1641, 1069, 1647, 2680, 1012, 3090, 3077, 1942, 2405, 1444, 765, 1785, 939, 1753, 1644, 916, 2134, 1653, 1584, 3330, 2191, 2939, 1153, 827, 1934, 1418, 1551, 2172, 1713, 996, 2088, 1349, 1955, 913, 2565, 1191, 952, 6655, 2095, 786, 1776, 1174, 375, 1519, 4292, 601, 669, 3141, 2209, 2001, 3777, 2435, 1663, 2301, 3933, 1647, 931, 557, 2274, 1110, 3427, 1974, 1541, 1462, 1786, 1098, 861, 1583, 1095, 1077, 824, 2476, 1052, 1322, 1338, 1032, 554, 1306, 1263, 1204, 824, 2294, 1829, 4095, 2965, 1012, 1011, 1838, 783, 1994, 3326, 1175, 2330, 2232, 1373, 738, 499, 1448, 2769, 2238, 1041, 2085, 1023, 1189, 1247, 1535, 1591, 909, 2155, 3892, 1360, 1706, 638, 1809, 1400, 2025, 1411, 1031, 1733, 1121, 2376, 1435, 4619, 1785, 1297, 4017, 1599, 2279, 1894, 2184, 3929, 1978, 1209, 2427, 2063, 3768, 1736, 2978, 2324, 1370, 3029, 1524, 1777, 1179, 679, 3891, 2226, 8937, 1734, 2995, 2270, 1387, 1429, 781, 2363, 1990, 1638, 1455, 2307, 638, 2220, 681, 623, 1735, 1333, 1635, 1233, 1023, 3201, 3013, 1409, 1358, 1418, 2528, 860, 857, 5671, 1712, 2748, 1769, 1541, 694, 2363, 2211, 1704, 3390, 1195, 2588, 2181, 1258, 3800, 1465, 1372, 2023, 854, 2028, 2553, 1546, 297, 2181, 2091, 1725, 990, 1280, 594, 2391, 1709, 1051, 2339, 1563, 3482, 2593, 1096, 2810, 1475, 4536, 1578, 2149, 2065, 1157, 7603, 2692, 1578, 5278, 1461, 1426, 1133, 1739, 1108, 1023, 1686, 2357, 1040, 3923, 2029, 2742, 3071, 1567, 2406)
(48, 186): Mean: 1904.548, median: 1636.5, std: 1192.561, percent: 1777.38, B: 148, W: 102, 
	(2580, 1079, 1393, 8187, 2466, 1542, 955, 1478, 863, 1788, 1379, 1678, 921, 1865, 2733, 1023, 3066, 3071, 1770, 2142, 1610, 751, 1859, 888, 1802, 1603, 914, 1909, 1524, 1355, 3758, 2258, 3377, 1190, 869, 2082, 1164, 1502, 2026, 1812, 902, 2100, 1239, 1890, 932, 2180, 1189, 803, 6309, 1792, 754, 1470, 1137, 373, 1518, 4326, 563, 592, 3156, 2102, 1948, 3720, 2462, 1976, 1983, 4328, 1685, 875, 556, 2036, 1185, 3524, 2275, 1616, 1678, 1827, 1081, 946, 1635, 1058, 1162, 855, 2441, 1028, 1371, 1305, 1049, 508, 1174, 1328, 1148, 678, 2050, 1573, 4232, 2751, 899, 1092, 1562, 721, 2193, 3510, 1196, 2351, 1965, 1541, 687, 395, 1604, 2544, 2556, 963, 1887, 932, 1062, 1370, 1653, 1611, 855, 1860, 3843, 1614, 1672, 622, 1946, 1405, 2207, 1371, 1055, 1560, 1059, 2039, 1422, 5207, 1778, 1228, 4257, 1609, 2328, 1762, 2111, 4240, 2021, 1282, 2474, 1846, 3098, 1694, 2875, 2008, 1334, 2848, 1584, 1710, 1302, 600, 3748, 2514, 7779, 1741, 2920, 1803, 1547, 1524, 743, 2260, 2181, 1707, 1525, 2433, 523, 2247, 664, 669, 1924, 1195, 1467, 1208, 899, 2629, 2802, 1372, 1441, 1638, 2300, 770, 721, 5704, 1506, 2376, 1661, 1343, 714, 2356, 2098, 1623, 3229, 1143, 2536, 2231, 1331, 3874, 1444, 1277, 1910, 806, 2247, 2648, 1512, 251, 2102, 1758, 1608, 1075, 1355, 471, 2244, 2142, 1072, 2546, 1682, 3394, 2759, 1280, 2683, 1461, 4626, 1362, 1909, 2000, 1230, 8807, 2601, 1628, 5405, 1472, 1352, 995, 1641, 1083, 973, 1809, 2315, 1024, 3599, 1905, 2349, 3059, 1545, 2476)
(49, 189): Mean: 1871.212, median: 1623.5, std: 1165.753, percent: 1787.32, B: 144, W: 104, 
	(2593, 940, 1380, 8580, 2255, 1984, 955, 1375, 727, 1972, 1290, 1695, 920, 2009, 2763, 1026, 2553, 2813, 1832, 2890, 1300, 783, 2038, 895, 1640, 1403, 931, 2164, 1708, 1434, 2974, 2460, 2759, 1089, 810, 1898, 1266, 1673, 1895, 1600, 869, 2505, 1297, 1923, 1149, 2281, 1253, 938, 5370, 1633, 722, 1556, 1087, 332, 1295, 5046, 470, 599, 2955, 2156, 1716, 3957, 2609, 1714, 2050, 4093, 1853, 855, 491, 1798, 1069, 3082, 2366, 1638, 1585, 1825, 987, 882, 1607, 1008, 1008, 800, 2143, 1016, 1269, 1157, 1016, 563, 1225, 1174, 1196, 625, 2035, 1655, 3768, 2503, 925, 1052, 1686, 735, 1752, 3413, 1176, 2311, 1847, 1344, 643, 451, 1606, 2712, 2332, 923, 2027, 1055, 965, 1699, 1550, 1518, 911, 1997, 3099, 1614, 1684, 604, 1851, 1449, 2517, 1272, 1024, 1589, 1220, 1925, 1335, 5337, 1929, 1351, 3570, 1377, 2623, 1733, 1976, 4690, 2016, 1166, 2137, 1825, 3603, 1582, 2682, 2200, 1274, 2921, 1510, 1684, 1142, 594, 3468, 2729, 6863, 1576, 2944, 2017, 1398, 1417, 852, 2071, 2125, 1598, 1432, 2666, 549, 2087, 585, 622, 1772, 1301, 1547, 1124, 791, 2844, 3120, 1443, 1367, 1304, 2146, 843, 839, 7206, 1647, 2207, 1556, 1259, 701, 2386, 1700, 1704, 3118, 1199, 2824, 2069, 1286, 3689, 1352, 1307, 2149, 835, 2355, 2294, 1577, 323, 1847, 1938, 1575, 1087, 1332, 450, 2852, 2129, 985, 2231, 1376, 3393, 2538, 1166, 2449, 1566, 4558, 1334, 2057, 2003, 1239, 7554, 2485, 1420, 5463, 1466, 1348, 1040, 1700, 1003, 1027, 1651, 2120, 939, 3973, 2038, 2503, 2258, 1534, 2212)
(53, 213): Mean: 1904.74, median: 1636.0, std: 1310.639, percent: 1761.58, B: 127, W: 122, 
	(2695, 1034, 1323, 8845, 2399, 1565, 919, 1535, 777, 1805, 1317, 1641, 952, 1905, 3055, 961, 2450, 3538, 1641, 2453, 1334, 788, 1686, 895, 1683, 1380, 844, 2140, 1668, 1535, 2834, 2147, 2929, 1152, 800, 1849, 1277, 1324, 1852, 1647, 944, 1982, 1308, 1863, 964, 2604, 1160, 969, 6064, 1526, 715, 1475, 1079, 326, 1281, 4645, 515, 575, 2866, 2206, 1761, 3807, 2474, 1820, 2129, 4053, 1657, 929, 487, 2148, 1083, 3072, 2016, 1456, 1565, 1641, 1033, 867, 1439, 954, 1057, 807, 2130, 1023, 1317, 1124, 1106, 633, 1251, 1329, 1157, 620, 1998, 1714, 5080, 2658, 863, 996, 1624, 655, 1736, 3717, 1167, 2074, 2066, 1642, 690, 316, 1631, 2893, 2559, 943, 1894, 1023, 987, 1415, 1516, 1690, 812, 1950, 3787, 1514, 1906, 532, 1935, 1320, 2230, 1362, 998, 1732, 1105, 1912, 1316, 4159, 1926, 1513, 3796, 1526, 2250, 1643, 1964, 4350, 2197, 1149, 2271, 1953, 3078, 1653, 3213, 2274, 1359, 2882, 1452, 1578, 1225, 610, 3955, 2430, 8604, 1587, 2379, 1901, 1469, 1434, 794, 2311, 2011, 1596, 1505, 2389, 575, 2347, 627, 669, 2055, 1250, 1411, 1158, 795, 2681, 3107, 1341, 1453, 1318, 2131, 839, 731, 10294, 1582, 2563, 1555, 1130, 573, 2364, 1768, 2061, 2969, 1102, 2627, 2361, 1420, 3848, 1345, 1172, 1781, 832, 2253, 2843, 1693, 282, 1925, 2297, 1697, 1073, 1342, 376, 2382, 1874, 975, 2442, 1527, 3867, 2477, 1184, 2492, 1585, 5855, 1446, 2179, 2015, 1167, 8129, 2648, 1587, 4551, 1388, 1377, 1101, 1642, 1035, 1041, 1736, 2287, 926, 4771, 1776, 2439, 2423, 1781, 2534)
(56, 229): Mean: 1860.652, median: 1586.0, std: 1215.69, percent: 1739.68, B: 138, W: 112, 
	(2389, 1004, 1254, 9883, 2226, 1700, 947, 1609, 828, 2114, 1314, 1539, 934, 1796, 2647, 1007, 2685, 3515, 1839, 2600, 1314, 829, 1960, 880, 1814, 1541, 924, 1931, 1319, 1319, 3283, 2160, 2467, 1007, 807, 1818, 1201, 1466, 1886, 1630, 924, 2514, 1223, 1750, 1196, 2136, 1301, 1011, 6775, 1518, 765, 1440, 1110, 296, 1274, 4895, 535, 650, 2622, 2165, 1887, 3419, 2658, 1857, 1942, 3460, 1789, 872, 480, 2013, 1077, 3296, 1990, 1525, 1337, 1816, 975, 931, 1359, 939, 1015, 830, 2255, 982, 1217, 1195, 915, 535, 1229, 1263, 1170, 659, 2056, 1852, 4614, 2624, 973, 944, 1553, 804, 1761, 3400, 1155, 2183, 1864, 1292, 728, 355, 1449, 3060, 2229, 901, 1955, 944, 977, 1347, 1495, 1517, 917, 1944, 3564, 1527, 1813, 674, 2056, 1359, 1982, 1392, 914, 1679, 1057, 2149, 1162, 4574, 1808, 1319, 3958, 1423, 2215, 1660, 2035, 4305, 1832, 1221, 2036, 2058, 3083, 1758, 2606, 2352, 1373, 2606, 1496, 1823, 1176, 569, 3536, 2248, 7259, 1690, 2697, 1709, 1520, 1478, 774, 2097, 1965, 1567, 1296, 2529, 538, 2106, 649, 630, 1752, 1228, 1395, 1154, 899, 2553, 2931, 1532, 1503, 1422, 2297, 795, 794, 7756, 1640, 2091, 1584, 1233, 658, 2816, 1776, 1670, 3240, 1134, 2802, 2030, 1349, 3938, 1397, 1279, 2056, 769, 2412, 2380, 1570, 319, 1998, 1851, 1605, 1048, 1362, 491, 2522, 1867, 949, 2393, 1496, 3312, 2420, 1128, 2280, 1387, 6047, 1426, 2148, 1909, 1232, 6961, 2463, 1531, 3688, 1436, 1332, 1166, 1768, 1114, 950, 1588, 2096, 948, 4099, 1826, 2341, 2668, 1618, 2377)
(57, 232): Mean: 1851.492, median: 1625.5, std: 1164.824, percent: 1733.96, B: 130, W: 120, 
	(2564, 1100, 1265, 7752, 2143, 1503, 946, 1542, 829, 1841, 1328, 1593, 902, 1735, 2707, 896, 3068, 3527, 1524, 2248, 1268, 767, 1803, 929, 1768, 1362, 931, 1951, 1602, 1391, 2990, 2193, 3075, 1110, 851, 1872, 1247, 1476, 1903, 1679, 965, 2051, 1271, 1653, 1146, 2471, 1172, 921, 5576, 1628, 704, 1508, 1085, 393, 1410, 4065, 532, 553, 2588, 2084, 2008, 2920, 2457, 1761, 2330, 3897, 1566, 863, 440, 2101, 966, 3100, 2422, 1500, 1360, 1544, 892, 857, 1670, 925, 1022, 808, 2258, 1098, 1194, 1284, 1065, 463, 1198, 1248, 1137, 670, 2403, 1642, 3968, 2549, 907, 935, 1538, 679, 1732, 3184, 1194, 2300, 2180, 1388, 706, 399, 1715, 2704, 2065, 971, 1975, 972, 937, 1367, 1457, 1641, 817, 1975, 3418, 1588, 1704, 540, 1839, 1436, 2169, 1340, 909, 1766, 1058, 2189, 1273, 4934, 1646, 1274, 3624, 1484, 2535, 1724, 1939, 4274, 1757, 1160, 2101, 2081, 4786, 1625, 2526, 2084, 1293, 2593, 1576, 1781, 1131, 547, 3370, 2368, 8128, 1642, 2818, 1913, 1216, 1394, 727, 2167, 2051, 1695, 1484, 2622, 610, 2012, 651, 645, 1692, 1182, 1444, 1300, 810, 2858, 2870, 1302, 1713, 1568, 2165, 807, 738, 6529, 1682, 2532, 1758, 1337, 688, 2372, 1951, 1695, 2641, 1105, 2366, 2343, 1337, 4432, 1426, 1225, 1964, 798, 2053, 2835, 1389, 273, 2187, 2208, 1604, 1030, 1335, 425, 2253, 1640, 907, 2479, 1626, 3771, 2353, 1022, 2415, 1409, 5730, 1303, 1931, 2203, 1117, 7521, 2553, 1422, 5103, 1454, 1359, 1091, 1709, 1180, 899, 1663, 2186, 991, 3524, 2028, 2656, 2349, 1538, 2021)
(58, 238): Mean: 1847.592, median: 1592.0, std: 1149.668, percent: 1785.44, B: 122, W: 128, 
	(2681, 1031, 1361, 8577, 2414, 1510, 951, 1398, 832, 1853, 1330, 1689, 948, 1667, 2783, 976, 3282, 2844, 1645, 2212, 1496, 712, 1749, 873, 1952, 1501, 911, 1851, 1683, 1271, 2962, 1938, 2870, 1030, 782, 1854, 1016, 1828, 1948, 1639, 835, 2148, 1353, 1715, 997, 2327, 1141, 924, 5776, 1484, 751, 1592, 1022, 277, 1344, 4605, 529, 625, 3027, 2094, 2083, 3463, 2386, 2373, 2139, 4305, 1718, 921, 496, 2153, 1006, 3144, 1869, 1527, 1435, 1800, 979, 839, 1597, 953, 1115, 785, 2270, 1058, 1236, 1184, 947, 536, 1131, 1221, 1067, 697, 1935, 1562, 3405, 2780, 962, 1004, 1647, 698, 1793, 2852, 1125, 2613, 1863, 1349, 750, 376, 1474, 2675, 2560, 911, 1780, 922, 936, 1177, 1352, 1667, 887, 1864, 3222, 1662, 1554, 489, 1878, 1332, 1959, 1312, 917, 1688, 1047, 1918, 1448, 4495, 1909, 1251, 3813, 1568, 2150, 2062, 2017, 4700, 2422, 1145, 2117, 1879, 3460, 1516, 2810, 1958, 1300, 2787, 1477, 1667, 1282, 599, 3296, 2412, 7550, 1687, 2904, 1777, 1462, 1425, 759, 2000, 2027, 1628, 1453, 2344, 553, 2268, 643, 665, 1816, 1199, 1489, 1223, 852, 2659, 2727, 1353, 1291, 1349, 2299, 839, 774, 6202, 1819, 2411, 1559, 1183, 667, 2320, 2062, 1588, 2957, 1112, 2429, 2209, 1326, 4058, 1443, 1272, 1901, 868, 2194, 2237, 1507, 318, 1846, 1974, 1677, 1085, 1268, 487, 2225, 1771, 1131, 2338, 1586, 3994, 2661, 1221, 2274, 1345, 5979, 1521, 2189, 1940, 1106, 6840, 2436, 1477, 4906, 1592, 1349, 1118, 1496, 1118, 961, 1585, 2544, 1069, 3459, 1879, 2695, 2861, 1542, 2410)
(59, 242): Mean: 1837.524, median: 1569.5, std: 1144.874, percent: 1726.66, B: 133, W: 115, 
	(2292, 984, 1408, 8229, 2365, 1568, 894, 1464, 804, 1876, 1382, 1401, 938, 1902, 2774, 940, 3450, 3558, 1694, 2233, 1309, 784, 1646, 875, 1747, 1301, 816, 1890, 1754, 1377, 2628, 2291, 3473, 1028, 731, 1926, 1255, 1650, 2014, 1552, 940, 2159, 1263, 1734, 1022, 2148, 1226, 833, 6845, 1573, 738, 1453, 957, 383, 1424, 5236, 473, 651, 2952, 2174, 2006, 3620, 2090, 1992, 2080, 4142, 1517, 819, 429, 2361, 963, 3435, 2085, 1317, 1361, 1690, 980, 877, 1542, 978, 1103, 827, 2135, 1035, 1181, 1190, 1022, 554, 1121, 1272, 1073, 740, 2599, 1712, 5873, 2761, 828, 946, 1712, 638, 1683, 2962, 1148, 2210, 1837, 1369, 766, 326, 1451, 2648, 2277, 834, 1765, 938, 896, 1143, 1490, 1591, 805, 1908, 3460, 1599, 1777, 630, 1771, 1515, 2049, 1218, 908, 1588, 1129, 2124, 1512, 4910, 1748, 1158, 3202, 1491, 2291, 1832, 1970, 4963, 1875, 1242, 2171, 1907, 2870, 1532, 2368, 2138, 1247, 2506, 1571, 1739, 1123, 603, 3527, 2310, 6288, 1655, 2971, 1735, 1370, 1441, 717, 2531, 2154, 1590, 1385, 2197, 599, 2261, 708, 615, 1599, 1247, 1478, 1178, 813, 2580, 2519, 1350, 1407, 1402, 2115, 812, 801, 5063, 1846, 2185, 1559, 1278, 674, 2030, 1810, 1521, 2915, 1051, 2750, 2371, 1401, 4415, 1374, 1180, 2365, 868, 2088, 2439, 1451, 288, 1933, 2050, 1873, 1008, 1245, 529, 2672, 1947, 924, 2632, 1453, 3338, 2737, 1135, 2284, 1532, 4381, 1370, 1930, 2141, 1178, 6691, 2502, 1374, 4939, 1346, 1308, 1131, 1633, 1137, 934, 1538, 2661, 884, 4150, 1826, 2372, 2085, 1473, 2051)
(60, 248): Mean: 1843.684, median: 1578.0, std: 1161.982, percent: 1727.54, B: 125, W: 124, 
	(2400, 1080, 1262, 8026, 2250, 1548, 895, 1587, 870, 1883, 1263, 1464, 886, 1788, 2715, 937, 2652, 3748, 1536, 2418, 1482, 788, 1737, 968, 1745, 1463, 816, 2039, 1585, 1416, 2938, 2333, 3006, 1002, 816, 1890, 1291, 1605, 1861, 1835, 922, 2509, 1472, 1769, 902, 2556, 1205, 972, 5789, 1678, 793, 1540, 1041, 385, 1277, 4353, 542, 574, 2711, 2380, 1790, 3793, 2277, 1737, 2140, 4568, 1653, 903, 494, 1907, 994, 3084, 1880, 1571, 1208, 1694, 936, 942, 1735, 962, 1046, 805, 2021, 958, 1264, 1277, 955, 541, 1286, 1197, 1123, 650, 2384, 1601, 4731, 2331, 796, 931, 1810, 732, 1786, 3338, 1108, 2137, 1887, 1460, 697, 382, 1371, 3312, 2090, 902, 1921, 885, 889, 1265, 1525, 1527, 804, 1932, 4024, 1567, 1680, 724, 1918, 1315, 2017, 1313, 997, 1681, 1066, 1886, 1313, 4427, 1686, 1244, 3664, 1434, 2128, 1836, 1982, 4634, 2047, 1109, 1921, 1749, 2639, 1671, 2687, 2286, 1326, 2892, 1554, 1705, 1153, 616, 3595, 2209, 7725, 1657, 3127, 1829, 1303, 1427, 764, 2313, 1900, 1510, 1354, 2049, 533, 2272, 657, 579, 1631, 1167, 1422, 1147, 841, 2799, 2797, 1346, 1365, 1500, 2512, 796, 702, 6222, 1607, 2495, 1604, 1373, 633, 2052, 1873, 1766, 2791, 1085, 2551, 2248, 1307, 4142, 1407, 1303, 1865, 892, 2023, 2253, 1529, 339, 1914, 2211, 1540, 957, 1225, 504, 2254, 1875, 994, 2458, 1521, 2971, 2936, 1175, 2589, 1522, 5276, 1413, 2229, 2394, 1164, 7615, 2481, 1404, 4824, 1319, 1293, 1141, 1521, 980, 977, 1565, 2345, 988, 3805, 1655, 2256, 2611, 1467, 2354)
(61, 250): Mean: 2283.76, median: 1968.5, std: 1455.577, percent: 2089.32, B: 8, W: 241, 
	(2993, 1108, 1501, 11179, 2834, 1967, 1233, 2089, 1004, 2489, 1558, 1691, 1276, 2069, 2817, 1185, 3808, 4440, 2081, 2942, 1671, 905, 2229, 1063, 2070, 1957, 1147, 2203, 1997, 1834, 4065, 2675, 3698, 1152, 1072, 2135, 1541, 2287, 1936, 2329, 1111, 2553, 1392, 2090, 1050, 2638, 1492, 989, 7690, 2258, 957, 1982, 1269, 354, 1617, 5728, 707, 682, 4070, 2799, 2444, 3765, 2994, 2160, 2257, 5686, 1887, 966, 623, 2591, 1274, 3885, 2117, 1692, 1735, 1986, 1401, 1079, 2199, 1232, 1136, 1047, 3072, 1160, 1623, 1638, 1321, 746, 1431, 1497, 1384, 799, 2871, 1743, 4274, 2555, 1216, 1142, 1799, 942, 2339, 4136, 1383, 2608, 2171, 1614, 772, 390, 1923, 3409, 3128, 1526, 2143, 1306, 1085, 1591, 1928, 2145, 1232, 2373, 4225, 1596, 2152, 724, 2615, 1470, 2553, 1587, 1178, 2315, 1453, 2518, 1610, 5095, 2163, 1571, 4792, 1970, 2861, 1911, 2310, 6316, 2615, 1606, 2318, 2235, 3697, 1903, 2991, 2886, 1587, 3660, 1790, 2000, 1532, 796, 4315, 2832, 7548, 2032, 3769, 2361, 1922, 1761, 1028, 2905, 2825, 1959, 1897, 2875, 647, 2569, 914, 892, 2238, 1452, 1819, 1375, 985, 3182, 3419, 1766, 1607, 1807, 2899, 1125, 990, 8220, 1921, 3116, 1772, 1581, 955, 2602, 2285, 1913, 3361, 1246, 3289, 2798, 1672, 7464, 1874, 1473, 2099, 956, 2469, 3228, 2029, 328, 2343, 2560, 2072, 1318, 1463, 759, 2886, 2385, 1287, 2687, 2173, 4584, 4356, 1288, 2943, 1946, 5872, 1513, 2511, 2032, 1361, 9202, 2698, 1767, 6452, 1892, 1503, 1285, 1794, 1116, 1211, 2267, 2813, 1276, 4171, 2724, 3010, 3103, 2227, 2894)
(62, 256): Mean: 2304.324, median: 1966.0, std: 1496.317, percent: 2192.74, B: 128, W: 122, 
	(3533, 1303, 1609, 10200, 2903, 2070, 1210, 1832, 1142, 2502, 1503, 1713, 1304, 2389, 3332, 1135, 4114, 4011, 1970, 2990, 1632, 992, 2254, 1066, 1883, 1806, 1139, 2513, 1813, 1778, 3761, 2770, 3505, 1222, 1082, 2043, 1456, 2531, 2091, 2109, 1121, 2747, 1480, 2074, 1300, 3474, 1489, 1214, 7749, 2337, 940, 1792, 1171, 352, 1603, 6414, 719, 755, 4190, 2955, 2427, 4280, 3272, 2082, 2598, 5817, 1833, 986, 676, 2631, 1204, 3520, 2702, 2005, 1668, 2084, 1245, 1071, 1899, 1198, 1360, 1025, 3286, 1123, 1538, 1480, 1178, 741, 1550, 1487, 1248, 812, 2529, 1849, 4306, 2954, 1064, 1057, 2327, 895, 2132, 3656, 1416, 2375, 2112, 1721, 883, 393, 1695, 3238, 3346, 1445, 2211, 1305, 1029, 1618, 2101, 1962, 1104, 1994, 4927, 1894, 2130, 894, 2438, 1444, 2489, 1474, 1172, 2452, 1213, 2838, 1627, 6098, 1925, 1742, 4205, 1800, 2673, 2193, 2309, 5009, 2970, 1470, 2418, 2422, 3982, 2028, 2923, 2583, 1550, 3784, 1952, 2235, 1662, 835, 3989, 3015, 9662, 2302, 3201, 2288, 1767, 1764, 994, 2916, 2710, 1955, 1834, 2746, 749, 2770, 786, 936, 1974, 1550, 2042, 1283, 1050, 2946, 3722, 1793, 1873, 1629, 3405, 1067, 956, 7864, 2239, 2846, 1923, 1509, 994, 2461, 2282, 1896, 3624, 1494, 3344, 3085, 1596, 5205, 1645, 1384, 2132, 966, 2788, 3209, 1854, 399, 2517, 2451, 1999, 1258, 1411, 581, 3099, 2459, 1269, 2441, 1920, 4364, 3659, 1539, 2736, 1830, 7023, 1744, 2840, 2139, 1313, 10255, 2857, 1605, 7423, 1589, 1586, 1186, 2051, 1214, 1210, 2257, 2535, 1129, 4988, 2164, 2843, 2566, 2240, 2788)
(64, 265): Mean: 2288.68, median: 1930.5, std: 1467.154, percent: 2134.6, B: 137, W: 112, 
	(3092, 1201, 1571, 10686, 2797, 2031, 1125, 1718, 1001, 2380, 1569, 1677, 1290, 2210, 3266, 1100, 4032, 4584, 1986, 2967, 1861, 987, 2348, 1102, 2072, 1840, 1139, 2328, 2235, 1848, 3356, 2639, 3356, 1310, 1000, 2172, 1429, 2152, 2068, 2048, 1243, 2448, 1436, 1947, 1142, 3255, 1517, 1050, 7236, 2004, 944, 1839, 1227, 371, 1479, 7110, 695, 724, 3690, 2746, 2521, 4426, 2995, 2259, 2667, 6307, 1831, 964, 635, 3057, 1341, 3436, 2256, 1858, 1706, 2192, 1505, 1197, 2030, 1210, 1388, 984, 2960, 1205, 1485, 1503, 1118, 711, 1460, 1429, 1240, 817, 2742, 1869, 5715, 3218, 1074, 1188, 1756, 871, 2184, 3807, 1371, 2298, 2275, 1785, 903, 437, 1768, 3685, 2956, 1289, 2181, 1277, 951, 1653, 1868, 2399, 1130, 2009, 3819, 1750, 2777, 787, 2395, 1677, 2610, 1735, 1174, 2308, 1268, 3054, 1474, 5311, 2191, 1629, 5242, 1771, 2411, 2167, 1994, 6299, 2842, 1529, 2586, 2241, 3402, 1911, 3109, 2597, 1503, 3589, 1771, 2075, 1610, 840, 4667, 2914, 8745, 2150, 3237, 2379, 1801, 1718, 1043, 3149, 2875, 2175, 1783, 2895, 666, 2603, 819, 911, 1970, 1438, 1775, 1508, 979, 3237, 4163, 1629, 1713, 1552, 2663, 1056, 1081, 6885, 2359, 2650, 1724, 1519, 856, 2673, 2500, 2180, 3409, 1299, 3202, 2879, 1506, 6725, 1729, 1539, 2654, 1024, 2661, 3144, 1910, 447, 2317, 2208, 1919, 1131, 1574, 590, 2764, 2262, 1132, 2656, 1886, 3830, 3824, 1413, 3092, 1749, 6453, 1468, 2692, 2415, 1455, 9353, 2381, 1544, 6012, 1699, 1621, 1381, 1915, 1157, 1259, 2106, 2697, 1266, 4459, 2538, 2799, 3018, 1942, 2949)
(65, 266): Mean: 2285.232, median: 1951.5, std: 1478.983, percent: 2139.12, B: 130, W: 119, 
	(3072, 1100, 1643, 12196, 2542, 1813, 1146, 1841, 1083, 2956, 1518, 1574, 1335, 2314, 3125, 1136, 3442, 4681, 1911, 2820, 1612, 1017, 2045, 1016, 1968, 1976, 1231, 2454, 1798, 2058, 4251, 2926, 3445, 1159, 1162, 1999, 1400, 1947, 2284, 1947, 1066, 2823, 1561, 2090, 1229, 3386, 1400, 1031, 7061, 2415, 891, 2161, 1231, 363, 1413, 6280, 675, 703, 4343, 2430, 2148, 3669, 2905, 2512, 2435, 5575, 2085, 1039, 584, 2537, 1407, 4396, 2240, 1927, 1739, 2106, 1335, 1134, 1880, 1258, 1379, 1090, 3060, 1016, 1433, 1509, 1102, 715, 1503, 1706, 1379, 733, 2302, 1817, 6016, 2839, 1042, 1047, 1978, 925, 1939, 4193, 1453, 2908, 1956, 2283, 1087, 482, 1873, 3680, 2836, 1280, 2157, 1197, 974, 1396, 2080, 2124, 1133, 2248, 4821, 1667, 2249, 650, 2486, 1458, 2597, 2079, 1174, 2316, 1441, 2436, 1637, 6123, 1922, 1690, 4058, 1990, 2301, 2157, 2698, 5619, 2604, 1497, 2502, 2131, 4005, 2053, 3652, 2612, 1568, 3311, 1817, 1947, 1503, 833, 3666, 2557, 9062, 1819, 3292, 2318, 1750, 2159, 928, 2891, 2568, 2050, 1600, 3257, 712, 2583, 844, 800, 2044, 1554, 1980, 1387, 1025, 3362, 3426, 1780, 1634, 1674, 3101, 1187, 1028, 7149, 2108, 2765, 1573, 1616, 861, 2402, 2489, 1914, 3732, 1344, 3144, 3324, 1734, 5196, 1604, 1495, 2084, 869, 2720, 3077, 2115, 411, 2622, 2618, 1896, 1253, 1406, 518, 2920, 1958, 1151, 3156, 1922, 4304, 3647, 1293, 2825, 1708, 7000, 1728, 2812, 2183, 1595, 8512, 2855, 1493, 6135, 1648, 1699, 1302, 1762, 1144, 1261, 1891, 3107, 1348, 4122, 2281, 2945, 3102, 1923, 2619)
(66, 268): Mean: 2061.544, median: 1807.5, std: 1292.896, percent: 1943.06, B: 208, W: 41, 
	(2720, 1095, 1532, 9834, 2644, 1700, 1129, 1865, 885, 2389, 1467, 1479, 1205, 1984, 3523, 1028, 3512, 3684, 1990, 2395, 1490, 927, 1857, 936, 1838, 1959, 1023, 2234, 1743, 1707, 4103, 2296, 3071, 1030, 938, 2048, 1355, 1628, 1909, 1856, 869, 2379, 1353, 1828, 883, 2469, 1415, 971, 5938, 2315, 874, 1793, 1145, 386, 1258, 5364, 532, 601, 3466, 2630, 2044, 4101, 2548, 2095, 2058, 5277, 1837, 892, 529, 2323, 1108, 3052, 1968, 1389, 1481, 1839, 1222, 1053, 1744, 1103, 1177, 903, 2562, 1140, 1379, 1363, 1017, 688, 1443, 1328, 1198, 762, 2488, 1796, 4277, 2693, 944, 1129, 1963, 865, 1787, 4076, 1233, 2618, 2144, 1644, 777, 354, 1609, 2973, 2805, 1088, 1844, 1197, 1011, 1326, 1619, 1653, 1001, 1930, 4060, 1750, 1888, 553, 2440, 1440, 2319, 1537, 1090, 1843, 1171, 2385, 1554, 4873, 2012, 1345, 4530, 1963, 2830, 1819, 2065, 4559, 2383, 1348, 2257, 2126, 3277, 1638, 2901, 2677, 1494, 3368, 1649, 1879, 1430, 765, 3638, 2356, 8759, 1691, 2841, 2249, 1751, 1981, 896, 2420, 2198, 1954, 1721, 2669, 609, 2472, 657, 791, 1741, 1560, 1925, 1327, 894, 3225, 3417, 1497, 1780, 1552, 2836, 1010, 881, 5759, 2071, 2950, 1674, 1351, 813, 2552, 2250, 1911, 3500, 1192, 2889, 2425, 1429, 4295, 1512, 1228, 1827, 908, 2562, 2404, 1600, 350, 1869, 2113, 1824, 1216, 1278, 449, 2680, 2137, 1027, 2137, 1833, 3569, 3757, 1283, 3017, 1528, 5969, 1513, 2498, 2146, 1323, 8624, 3089, 1588, 4784, 1467, 1481, 1286, 1796, 1287, 1084, 1985, 2532, 1175, 4401, 2049, 2604, 2752, 1699, 2625)
(67, 272): Mean: 2032.54, median: 1746.0, std: 1360.201, percent: 1889.54, B: 143, W: 107, 
	(2411, 1166, 1516, 12293, 2668, 1632, 1038, 1661, 884, 1984, 1575, 1505, 1070, 1952, 3066, 970, 3022, 3659, 1723, 2724, 1554, 882, 1908, 877, 1716, 1607, 1044, 1973, 1770, 1813, 3359, 2102, 2995, 1039, 839, 2006, 1274, 1739, 1943, 1828, 920, 2537, 1393, 1917, 923, 2681, 1553, 1014, 6424, 1818, 782, 1726, 1181, 369, 1318, 4344, 592, 582, 2974, 2179, 2086, 3940, 2835, 2017, 2157, 4857, 1787, 986, 533, 2284, 1140, 3203, 2325, 1753, 1523, 1769, 1075, 984, 1642, 1097, 1178, 848, 2398, 1102, 1372, 1322, 923, 667, 1333, 1438, 1178, 812, 2452, 1900, 5104, 2800, 1045, 981, 2084, 771, 1959, 3976, 1405, 2617, 2107, 1553, 786, 392, 1405, 2830, 2720, 1112, 1906, 1079, 830, 1214, 1606, 1710, 1051, 2104, 3465, 1566, 2001, 690, 2284, 1412, 2163, 1607, 1085, 1943, 1088, 2234, 1421, 5979, 1955, 1436, 4086, 1646, 2359, 1862, 2128, 5504, 2466, 1289, 2352, 2190, 3479, 1890, 3233, 2375, 1398, 3268, 1520, 2003, 1425, 724, 3817, 2403, 9231, 1772, 2704, 2188, 1604, 1687, 980, 2385, 2272, 1705, 1465, 2467, 596, 2340, 698, 727, 1786, 1320, 1633, 1225, 883, 2683, 2934, 1433, 1574, 1699, 2788, 952, 923, 6302, 1839, 2543, 1530, 1303, 831, 2580, 2388, 1637, 3243, 1153, 2809, 2387, 1471, 4407, 1524, 1129, 2062, 843, 2597, 2540, 1578, 328, 2207, 1776, 1871, 1175, 1357, 415, 2823, 2001, 1116, 2499, 1801, 3333, 3379, 1091, 2478, 1714, 4979, 1566, 2243, 2249, 1349, 8258, 2718, 1506, 5003, 1509, 1460, 1172, 1625, 1137, 1123, 2089, 2406, 1278, 4217, 2367, 2418, 2935, 1832, 2159)
(68, 275): Mean: 2025.032, median: 1750.5, std: 1298.915, percent: 1897.16, B: 130, W: 120, 
	(2388, 1019, 1480, 10558, 2474, 1555, 1033, 1508, 950, 2247, 1445, 1763, 1143, 2261, 2808, 1050, 3640, 3422, 1994, 2613, 1548, 855, 1957, 918, 1777, 1707, 959, 1957, 1731, 1589, 4050, 2349, 3080, 1022, 865, 2189, 1357, 1749, 1891, 1715, 1114, 2369, 1486, 1801, 1119, 2822, 1375, 910, 6502, 2003, 860, 1893, 1245, 305, 1284, 5062, 583, 614, 3017, 2114, 2002, 3548, 2729, 1968, 2241, 4719, 1823, 936, 583, 1964, 1219, 3559, 2352, 1554, 1555, 1817, 1066, 974, 1723, 1104, 1176, 883, 2444, 1084, 1472, 1307, 1038, 668, 1267, 1555, 1287, 705, 2336, 1629, 5852, 2593, 890, 957, 1862, 975, 2150, 3125, 1248, 2244, 2047, 1481, 808, 411, 1540, 3558, 2354, 1054, 2153, 1020, 936, 1462, 1550, 1744, 920, 2081, 3482, 1686, 1839, 670, 2056, 1451, 2166, 1405, 1114, 1898, 1140, 2233, 1345, 4897, 1752, 1467, 3726, 1676, 2334, 1945, 2048, 5231, 2164, 1342, 2341, 2079, 3017, 1620, 2770, 2355, 1335, 2994, 1493, 2134, 1322, 804, 3699, 2333, 7657, 1776, 3204, 1985, 1489, 1787, 797, 2569, 2390, 1869, 1544, 2626, 664, 2185, 646, 663, 1824, 1319, 1660, 1326, 876, 3098, 3334, 1725, 1704, 1498, 2659, 961, 869, 6448, 1923, 2645, 1559, 1328, 733, 2460, 2135, 1955, 3020, 1140, 2493, 2419, 1633, 4617, 1563, 1339, 1939, 853, 2200, 2716, 1808, 343, 2024, 1824, 1743, 1066, 1303, 454, 2763, 1942, 1101, 2689, 1465, 4063, 3416, 1281, 2497, 1535, 5796, 1210, 2440, 2139, 1369, 7583, 2880, 1387, 6636, 1383, 1476, 1134, 1597, 1133, 1062, 2178, 2396, 1115, 4011, 2296, 2862, 2756, 1943, 2578)
(71, 293): Mean: 2036.032, median: 1724.5, std: 1273.146, percent: 1899.92, B: 125, W: 124, 
	(3038, 1069, 1514, 9302, 2207, 1828, 1032, 1544, 961, 2302, 1379, 1503, 1037, 1888, 3436, 1021, 3807, 4818, 1814, 2752, 1539, 897, 1797, 931, 1907, 1725, 1029, 2284, 1738, 1672, 4099, 2264, 3016, 968, 797, 2055, 1443, 1570, 2054, 1928, 1064, 2228, 1449, 1783, 926, 2644, 1350, 990, 5738, 1972, 825, 1738, 1092, 353, 1479, 4737, 653, 669, 3534, 2367, 1901, 3676, 2584, 1867, 2095, 4719, 1659, 1047, 497, 2454, 1038, 3212, 1984, 1635, 1524, 1710, 1240, 1130, 1555, 1192, 1247, 1024, 2748, 1052, 1537, 1323, 956, 647, 1379, 1441, 1269, 684, 2097, 1700, 4782, 2616, 976, 1015, 1878, 801, 1994, 3862, 1420, 2238, 2124, 1763, 825, 370, 1479, 3423, 2909, 1049, 2288, 1133, 960, 1195, 1637, 1705, 986, 2057, 3890, 1720, 2092, 582, 2201, 1499, 2352, 1416, 1049, 2006, 1132, 2135, 1407, 4922, 1698, 1274, 3774, 1605, 2417, 2025, 2000, 4972, 2107, 1278, 2562, 1922, 3374, 1812, 2678, 2709, 1536, 3921, 1585, 2048, 1476, 727, 3491, 2509, 7290, 1914, 2888, 2043, 1464, 1621, 871, 2835, 2767, 1886, 1485, 2566, 622, 2295, 769, 694, 1790, 1438, 1760, 1315, 952, 2773, 3335, 1514, 1707, 1443, 2325, 936, 981, 7307, 1738, 2401, 1660, 1687, 841, 2498, 2130, 1716, 3087, 1046, 2767, 2362, 1527, 5397, 1447, 1249, 2243, 892, 2346, 2694, 1419, 350, 2048, 1937, 1719, 1072, 1285, 649, 2888, 1724, 1270, 2365, 1681, 4015, 3026, 1154, 2485, 1682, 5544, 1550, 2460, 2004, 1509, 8347, 2560, 1396, 5610, 1524, 1461, 1059, 1863, 1045, 1033, 2132, 2520, 977, 4009, 2079, 2634, 2744, 1861, 2237)
(72, 294): Mean: 1852.208, median: 1577.5, std: 1212.9, percent: 1778.46, B: 202, W: 47, 
	(2112, 954, 1348, 10848, 2153, 1487, 912, 1457, 769, 2096, 1235, 1342, 1017, 1666, 2908, 858, 2696, 3322, 1643, 2369, 1301, 773, 1723, 905, 1868, 1665, 956, 1836, 1681, 1493, 2882, 2537, 3087, 977, 838, 1977, 1246, 1683, 2041, 1720, 950, 2265, 1262, 1577, 1142, 3030, 1285, 896, 6030, 1975, 685, 1557, 992, 319, 1241, 4346, 555, 581, 2569, 1927, 1641, 3642, 2421, 1580, 2122, 3843, 1686, 788, 514, 1854, 987, 2756, 1710, 1557, 1433, 1625, 1105, 855, 1690, 1044, 1141, 782, 2669, 972, 1429, 1224, 924, 537, 1153, 1283, 1098, 785, 2122, 1573, 4476, 2749, 931, 1038, 1896, 809, 1565, 3567, 1142, 2079, 1966, 1442, 711, 350, 1409, 2880, 2234, 952, 1988, 935, 869, 1114, 1401, 1660, 837, 1784, 4064, 1578, 1834, 585, 1673, 1306, 1905, 1437, 1054, 1552, 963, 2187, 1320, 4750, 2011, 1453, 3758, 1590, 2313, 1757, 1829, 4134, 1932, 1197, 1920, 1798, 3106, 1499, 2779, 2337, 1355, 2872, 1423, 1583, 1140, 652, 3165, 2178, 6346, 1462, 3019, 1697, 1415, 1354, 765, 1980, 1954, 1689, 1344, 2467, 551, 1966, 722, 654, 1575, 1415, 1424, 1246, 845, 3047, 2724, 1407, 1517, 1238, 2638, 822, 757, 6118, 1711, 2289, 1526, 1299, 745, 2145, 1820, 1735, 2851, 1046, 2599, 2169, 1232, 4277, 1373, 1265, 2012, 799, 2154, 2299, 1423, 279, 1690, 1934, 1536, 1112, 1343, 457, 2418, 1915, 1010, 2421, 1515, 4184, 3265, 1197, 2560, 1495, 5308, 1404, 2061, 1779, 1209, 7890, 2344, 1459, 4995, 1491, 1408, 1088, 1719, 1082, 937, 1599, 2152, 989, 3451, 1688, 2242, 2707, 1680, 2229)
(75, 311): Mean: 1825.432, median: 1576.0, std: 1146.874, percent: 1713.56, B: 139, W: 110, 
	(2556, 1030, 1383, 9602, 2257, 1583, 855, 1455, 862, 2040, 1308, 1485, 921, 1758, 2724, 933, 2692, 3047, 1744, 2410, 1274, 740, 1729, 816, 1872, 1472, 821, 1983, 1625, 1384, 2956, 2247, 3023, 956, 796, 2054, 1271, 1329, 2304, 1576, 887, 2263, 1275, 1738, 1155, 2237, 1223, 994, 5284, 1918, 757, 1576, 949, 307, 1257, 4468, 582, 637, 2834, 2170, 1814, 3058, 2730, 1650, 2035, 4485, 1692, 849, 491, 2066, 1021, 2858, 1756, 1527, 1413, 1698, 1053, 990, 1669, 972, 1033, 785, 2211, 971, 1275, 1163, 916, 563, 1270, 1169, 1100, 661, 2127, 1688, 4166, 2289, 802, 930, 1832, 692, 1627, 3132, 1164, 2291, 2017, 1453, 667, 410, 1348, 3147, 2155, 898, 1805, 964, 776, 1220, 1570, 1574, 874, 1868, 3080, 1507, 1592, 567, 1901, 1304, 2227, 1196, 958, 1789, 1066, 2117, 1261, 4215, 1790, 1311, 3004, 1381, 2265, 1843, 1849, 4986, 2037, 1190, 1936, 1930, 3047, 1478, 2506, 2092, 1498, 2853, 1392, 1795, 1142, 650, 3273, 2641, 7878, 1461, 2780, 1820, 1274, 1684, 792, 2143, 2391, 1659, 1325, 2200, 563, 2232, 658, 640, 1553, 1318, 1496, 1189, 825, 2984, 2432, 1405, 1500, 1348, 2333, 854, 866, 6505, 1484, 2070, 1612, 1287, 727, 2261, 1857, 1665, 2492, 1031, 2418, 2169, 1456, 4254, 1346, 1232, 1930, 766, 2022, 2761, 1326, 256, 1967, 2062, 1585, 938, 1320, 385, 2281, 1675, 1062, 2496, 1418, 3498, 3066, 1162, 2740, 1382, 4803, 1448, 2058, 1749, 1343, 6083, 2373, 1413, 4327, 1230, 1399, 1130, 1740, 1094, 895, 1573, 2024, 927, 3950, 1871, 2387, 2401, 1549, 2541)
(76, 314): Mean: 1864.304, median: 1566.0, std: 1193.421, percent: 1762.4, B: 109, W: 140, 
	(2623, 1071, 1369, 9798, 2234, 1482, 852, 1332, 926, 2102, 1313, 1441, 985, 1656, 3190, 781, 3007, 3438, 1785, 2405, 1598, 751, 1617, 921, 1664, 1530, 817, 1982, 1566, 1625, 3176, 1891, 3217, 1146, 741, 1858, 1316, 1648, 1936, 1602, 914, 1977, 1287, 1656, 952, 2382, 1254, 911, 5254, 1938, 722, 1518, 986, 351, 1294, 4646, 524, 704, 2607, 1774, 1991, 3391, 2385, 1695, 2233, 4828, 1918, 868, 482, 2235, 1086, 2896, 2112, 1453, 1330, 1755, 954, 869, 1546, 953, 1113, 950, 2200, 1063, 1301, 1231, 981, 590, 1258, 1372, 1152, 832, 2078, 1653, 4044, 2577, 798, 955, 1754, 623, 1621, 3435, 1184, 2215, 2037, 1424, 756, 422, 1388, 2850, 2519, 962, 1896, 996, 914, 1190, 1429, 1474, 865, 1996, 3399, 1411, 2041, 568, 1898, 1365, 2262, 1257, 1004, 1701, 1133, 2459, 1266, 5195, 1754, 1206, 2984, 1353, 2405, 1566, 1917, 4617, 2036, 1208, 1756, 1954, 3139, 1489, 3170, 2272, 1357, 2913, 1632, 1791, 1164, 703, 3220, 2474, 6242, 1479, 2514, 2155, 1527, 1368, 777, 2265, 2165, 1661, 1474, 2452, 527, 2220, 623, 685, 1668, 1292, 1407, 1227, 884, 2804, 2913, 1322, 1373, 1349, 2212, 911, 730, 6143, 1442, 2601, 1500, 1347, 685, 2022, 1973, 1683, 3099, 1098, 2770, 2497, 1428, 5728, 1341, 1204, 2062, 772, 1935, 2571, 1544, 284, 2079, 1875, 1664, 1010, 1200, 487, 2472, 1828, 1070, 2151, 1425, 4012, 2664, 1189, 2542, 1482, 4772, 1475, 1978, 1916, 1164, 7764, 2768, 1322, 5004, 1338, 1382, 1174, 1546, 1019, 850, 1573, 2482, 1038, 4099, 1735, 2181, 2545, 1474, 2212)
(77, 316): Mean: 1828.42, median: 1584.5, std: 1126.259, percent: 1723.96, B: 135, W: 113, 
	(2292, 986, 1206, 8127, 2211, 1539, 887, 1366, 849, 2150, 1387, 1408, 1036, 1923, 2645, 924, 2753, 3044, 1715, 2569, 1329, 770, 1746, 1018, 1964, 1643, 947, 1622, 1489, 1422, 3493, 2113, 3186, 1043, 793, 1921, 1192, 1849, 1814, 1595, 780, 2256, 1210, 1846, 952, 2699, 1152, 848, 4765, 1693, 705, 1709, 1034, 303, 1139, 4978, 620, 641, 2695, 2073, 1889, 3747, 2596, 1540, 2093, 4751, 1673, 877, 502, 2061, 1085, 2705, 1870, 1400, 1403, 1559, 1016, 952, 1455, 1113, 1069, 851, 1945, 1121, 1257, 1204, 917, 513, 1186, 1120, 1114, 777, 2085, 1632, 5506, 2547, 821, 971, 1901, 651, 1559, 3523, 1248, 2401, 2060, 1388, 710, 323, 1420, 2548, 2396, 897, 1744, 971, 837, 1211, 1361, 1503, 838, 1771, 3604, 1420, 1673, 584, 1798, 1364, 1928, 1364, 1016, 1554, 1024, 1916, 1401, 4310, 1958, 1441, 3288, 1478, 2028, 1647, 2118, 4294, 1968, 1264, 2110, 1921, 3112, 1601, 2641, 2360, 1283, 3462, 1324, 1795, 1103, 649, 3370, 2241, 7737, 1723, 3212, 1715, 1335, 1390, 808, 2217, 1888, 1677, 1398, 2352, 587, 2262, 692, 611, 1582, 1227, 1406, 1093, 748, 2776, 3277, 1372, 1434, 1503, 2252, 888, 814, 5623, 1640, 2393, 1555, 1138, 628, 2447, 2060, 1845, 2495, 1312, 2643, 2383, 1317, 3671, 1410, 1271, 1874, 867, 2142, 2472, 1587, 324, 1838, 1952, 1696, 1101, 1345, 484, 2244, 1677, 898, 2391, 1368, 3303, 2401, 1167, 2337, 1501, 4359, 1314, 1951, 1815, 1199, 6892, 2147, 1647, 5363, 1315, 1382, 961, 1763, 1081, 944, 1770, 2372, 909, 2974, 1938, 2291, 2535, 1536, 2211)
(78, 317): Mean: 1831.864, median: 1562.0, std: 1127.152, percent: 1769.88, B: 124, W: 126, 
	(2280, 967, 1300, 7928, 2653, 1600, 967, 1435, 857, 2222, 1336, 1588, 1011, 1791, 2638, 952, 2731, 3097, 1609, 2435, 1460, 834, 1767, 952, 1905, 1472, 869, 1893, 1530, 1449, 2873, 2211, 2773, 1009, 797, 1942, 1265, 1506, 2007, 1603, 803, 2299, 1309, 1594, 973, 3002, 1236, 866, 5697, 1634, 779, 1450, 987, 285, 1321, 4488, 560, 577, 2756, 1897, 1816, 3019, 2018, 1666, 2338, 4424, 1712, 852, 565, 2176, 1101, 2918, 2106, 1460, 1466, 1513, 977, 798, 1451, 947, 1196, 744, 2360, 994, 1291, 1206, 913, 541, 1131, 1177, 1108, 741, 2187, 1641, 4812, 2984, 825, 960, 1593, 620, 1675, 3675, 1181, 2121, 1947, 1259, 626, 345, 1559, 2982, 2287, 1045, 2060, 927, 960, 1297, 1450, 1579, 797, 1987, 3298, 1457, 1844, 551, 1965, 1473, 2047, 1486, 984, 1946, 1042, 1876, 1307, 4701, 1830, 1266, 3517, 1407, 2150, 1639, 2216, 5076, 2028, 1213, 2171, 1868, 2962, 1458, 2618, 2239, 1257, 3235, 1554, 1629, 1111, 582, 2994, 2255, 7717, 1340, 2923, 1636, 1442, 1506, 830, 2417, 1988, 1628, 1542, 2326, 575, 2234, 634, 679, 1533, 1352, 1460, 1076, 775, 2641, 3323, 1503, 1396, 1395, 2302, 881, 731, 5983, 1562, 2339, 1698, 1266, 666, 2650, 2022, 1733, 2850, 1051, 2675, 2367, 1282, 3965, 1337, 1116, 1853, 800, 2244, 2500, 1292, 299, 1944, 1960, 1625, 1067, 1195, 457, 2172, 1995, 867, 2228, 1487, 3154, 2333, 1213, 2326, 1475, 4354, 1485, 2097, 1996, 1277, 6775, 2288, 1262, 4991, 1345, 1396, 1050, 1569, 1037, 1019, 1562, 2087, 1012, 3633, 1654, 2376, 2574, 1656, 2253)
(79, 321): Mean: 1834.968, median: 1610.0, std: 1200.261, percent: 1695.28, B: 129, W: 119, 
	(2313, 901, 1358, 10200, 2461, 1739, 975, 1420, 793, 2080, 1344, 1431, 964, 1740, 2477, 976, 3151, 3120, 1720, 2379, 1190, 766, 1667, 1000, 1778, 1430, 841, 1800, 1475, 1344, 2880, 2251, 3210, 1194, 932, 1934, 1351, 1684, 2006, 1625, 871, 2084, 1132, 1896, 898, 2326, 1158, 921, 5773, 1600, 705, 1482, 967, 364, 1422, 5326, 440, 626, 2946, 2097, 1772, 3404, 2322, 1706, 2169, 4075, 1508, 849, 466, 1912, 925, 2724, 1744, 1525, 1328, 1537, 1015, 930, 1533, 1052, 1050, 832, 1968, 1018, 1186, 1072, 831, 505, 1176, 1420, 1076, 746, 2134, 1605, 4563, 2309, 927, 987, 1694, 639, 1793, 3333, 1073, 2119, 1969, 1414, 703, 373, 1370, 2714, 2211, 915, 1734, 927, 881, 1418, 1450, 1575, 927, 1744, 3320, 1521, 1709, 699, 1842, 1387, 1866, 1090, 916, 1817, 1009, 1863, 1173, 4017, 1755, 1379, 3952, 1391, 2176, 1658, 2315, 4566, 2078, 1151, 1958, 2100, 3139, 1721, 2824, 2219, 1270, 2852, 1645, 1625, 1217, 644, 3242, 2031, 8514, 1603, 3087, 1814, 1336, 1401, 799, 2244, 2144, 1594, 1360, 2310, 565, 2168, 688, 603, 1635, 1316, 1680, 1141, 788, 2668, 3176, 1397, 1275, 1463, 2409, 809, 826, 5730, 1835, 2257, 1619, 1452, 678, 2003, 2166, 1745, 2711, 1107, 2674, 2256, 1315, 3669, 1422, 1105, 1848, 896, 2140, 2632, 1448, 306, 1821, 2110, 1615, 1018, 1277, 536, 2500, 1842, 852, 2420, 1597, 3242, 2150, 1216, 2493, 1432, 5218, 1450, 1705, 1899, 1125, 7119, 2657, 1407, 4883, 1567, 1419, 1031, 1664, 1131, 993, 1728, 1912, 989, 3632, 1956, 2097, 2339, 1636, 2289)
(81, 331): Mean: 1806.228, median: 1567.5, std: 1082.579, percent: 1695.32, B: 132, W: 117, 
	(2300, 996, 1287, 7440, 2236, 1517, 918, 1303, 831, 1959, 1267, 1596, 975, 1648, 3193, 838, 3235, 2906, 1612, 2545, 1287, 771, 1750, 935, 1636, 1555, 890, 1939, 1518, 1307, 3316, 2320, 2956, 1070, 827, 2062, 1365, 1626, 1840, 1418, 830, 2408, 1275, 1702, 871, 2373, 1247, 947, 5102, 1736, 636, 1479, 999, 364, 1255, 4447, 591, 581, 2684, 2001, 2052, 3111, 2439, 1699, 1831, 4025, 1593, 885, 499, 1968, 1166, 2985, 1885, 1576, 1333, 1657, 1104, 929, 1512, 1036, 1124, 841, 2386, 1079, 1276, 1221, 869, 553, 1221, 1242, 1212, 661, 2053, 1594, 3825, 2931, 923, 963, 1801, 680, 1597, 3101, 1203, 2159, 1866, 1317, 662, 390, 1531, 2543, 2204, 953, 1804, 982, 767, 1281, 1480, 1374, 906, 1991, 3433, 1436, 1807, 714, 1740, 1369, 2155, 1238, 968, 1563, 1139, 2022, 1459, 4776, 1739, 1092, 3409, 1317, 2010, 1760, 1607, 4472, 1826, 1120, 1852, 1697, 2823, 1476, 2508, 2008, 1256, 2911, 1527, 1559, 1280, 658, 3466, 2142, 7117, 1556, 2850, 1678, 1635, 1454, 756, 2442, 1818, 1755, 1498, 2366, 553, 2169, 643, 617, 1622, 1207, 1488, 996, 820, 2425, 2758, 1223, 1624, 1560, 2469, 869, 729, 5686, 1441, 2175, 1537, 1355, 624, 2593, 2069, 1656, 2751, 1173, 2429, 2180, 1318, 5502, 1441, 1124, 2111, 800, 1993, 2365, 1572, 335, 1949, 2098, 1506, 1048, 1216, 411, 2268, 1884, 905, 2088, 1584, 3691, 2612, 1197, 2766, 1441, 4203, 1311, 2095, 1780, 1229, 6379, 2461, 1443, 5158, 1498, 1308, 1128, 1625, 1007, 919, 1499, 2187, 925, 3819, 1663, 2376, 2420, 1602, 2228)
(82, 334): Mean: 1799.944, median: 1528.5, std: 1123.744, percent: 1668.04, B: 134, W: 115, 
	(2272, 1003, 1358, 8694, 2245, 1510, 815, 1409, 751, 1836, 1416, 1475, 931, 1559, 3246, 927, 2695, 2914, 1633, 2236, 1490, 783, 1648, 915, 1720, 1248, 900, 1705, 1624, 1435, 3451, 2098, 3294, 1009, 861, 1809, 1196, 1721, 1988, 1626, 830, 2188, 1199, 1893, 1060, 2255, 1138, 946, 5431, 1761, 749, 1475, 888, 339, 1474, 4930, 577, 615, 2864, 2018, 1688, 3062, 2229, 1684, 2164, 4387, 1563, 832, 488, 2065, 1009, 3063, 1873, 1462, 1278, 1639, 938, 922, 1509, 1077, 1031, 888, 1826, 1149, 1187, 1305, 905, 518, 1217, 1264, 1156, 587, 2057, 1659, 3724, 2572, 800, 938, 1818, 615, 1779, 3676, 1123, 2244, 1966, 1252, 723, 323, 1491, 2497, 2355, 970, 1798, 806, 841, 1066, 1452, 1498, 914, 1905, 2909, 1395, 1779, 555, 1724, 1338, 1927, 1265, 1009, 1872, 996, 1799, 1411, 5782, 1659, 1195, 3113, 1336, 2360, 1638, 1861, 3977, 2357, 1126, 1700, 1941, 3225, 1498, 2425, 1981, 1439, 2681, 1256, 1459, 1187, 581, 3472, 2292, 7146, 1632, 2723, 1644, 1357, 1273, 763, 2523, 1813, 1656, 1446, 2104, 595, 2040, 647, 626, 1811, 1311, 1388, 1238, 839, 2489, 2874, 1237, 1308, 1488, 2391, 808, 768, 5406, 1808, 2204, 1539, 1208, 623, 2394, 2130, 1666, 2917, 1054, 2339, 2407, 1236, 4466, 1465, 1065, 1810, 764, 2311, 2536, 1380, 265, 1961, 1811, 1505, 964, 1212, 458, 2366, 1803, 888, 2378, 1441, 3035, 2645, 1163, 2360, 1391, 6079, 1302, 2293, 2061, 1055, 6043, 2638, 1462, 4332, 1481, 1330, 1146, 1647, 1061, 1014, 1611, 1978, 942, 3534, 1756, 2243, 2329, 1518, 2396)
(83, 340): Mean: 1786.468, median: 1503.5, std: 1114.096, percent: 1748.98, B: 132, W: 118, 
	(2344, 1027, 1250, 8426, 2021, 1529, 946, 1412, 817, 1665, 1360, 1457, 969, 1539, 3103, 879, 2683, 3594, 1490, 2200, 1379, 768, 1692, 1023, 1611, 1438, 850, 1645, 1513, 1403, 2935, 2013, 2702, 991, 771, 2067, 1218, 1676, 1906, 1738, 812, 2040, 1216, 1648, 913, 2608, 1212, 878, 5404, 1846, 655, 1384, 986, 304, 1233, 4307, 521, 625, 2908, 1909, 1899, 3399, 2348, 1542, 1901, 3976, 1680, 871, 406, 2011, 1016, 2918, 1836, 1442, 1354, 1660, 933, 920, 1396, 1137, 1042, 863, 2382, 1004, 1125, 1069, 944, 546, 1208, 1104, 1168, 716, 2252, 1491, 5356, 2564, 929, 952, 1657, 673, 1664, 3565, 1131, 2014, 1851, 1390, 711, 375, 1347, 2963, 2373, 735, 1828, 1007, 861, 1180, 1377, 1310, 814, 1912, 4314, 1620, 1813, 636, 1801, 1163, 1895, 1304, 945, 1608, 1078, 1824, 1373, 4822, 1624, 1354, 3159, 1470, 2313, 1555, 1911, 4127, 1916, 1090, 1637, 1875, 3352, 1494, 2790, 2032, 1387, 3134, 1451, 1678, 1122, 571, 3254, 2108, 7458, 1458, 2571, 1640, 1435, 1422, 829, 2162, 1976, 1462, 1284, 2252, 556, 2210, 620, 595, 1519, 1345, 1419, 1237, 851, 2957, 2470, 1267, 1389, 1458, 2082, 817, 666, 4874, 1811, 2724, 1548, 1293, 663, 2418, 1732, 1755, 2608, 1080, 2733, 1877, 1295, 4528, 1287, 1197, 1930, 832, 2054, 2841, 1198, 296, 2058, 2143, 1545, 1032, 1206, 462, 2372, 1557, 890, 2232, 1386, 3279, 2447, 1040, 2581, 1452, 4376, 1397, 2051, 1922, 937, 6323, 2637, 1350, 4788, 1345, 1375, 985, 1538, 1039, 937, 1665, 1905, 932, 3294, 1975, 2254, 2414, 1345, 2013)
(84, 342): Mean: 1794.392, median: 1532.0, std: 1168.173, percent: 1677.08, B: 128, W: 122, 
	(2190, 920, 1345, 10253, 2260, 1541, 847, 1329, 734, 1742, 1321, 1456, 982, 1470, 2960, 905, 3047, 3156, 1711, 2644, 1248, 737, 1631, 908, 1665, 1532, 836, 1716, 1754, 1444, 3062, 2185, 3211, 1113, 753, 1862, 1217, 1646, 2063, 1598, 834, 1963, 1101, 1671, 892, 2203, 1095, 920, 4960, 1555, 664, 1454, 1034, 376, 1282, 3766, 554, 633, 2560, 2060, 1633, 3049, 2437, 1590, 2088, 4471, 1532, 831, 500, 1790, 1043, 2939, 1722, 1576, 1358, 1450, 983, 856, 1683, 979, 1083, 866, 2266, 895, 1143, 1201, 899, 556, 1161, 1119, 1166, 575, 2170, 1448, 4467, 2334, 946, 968, 1576, 631, 1585, 3189, 1204, 2081, 2070, 1310, 696, 298, 1335, 2799, 2159, 852, 1799, 951, 880, 1090, 1476, 1537, 888, 1889, 3497, 1540, 1752, 543, 1959, 1293, 2063, 1294, 915, 1625, 973, 1887, 1404, 6061, 1695, 1099, 3291, 1527, 2243, 1678, 1921, 4565, 1865, 1203, 1777, 1766, 3010, 1555, 2395, 2308, 1199, 3156, 1522, 1490, 1199, 569, 3176, 2225, 5879, 1507, 2832, 1890, 1399, 1437, 745, 2322, 1911, 1526, 1396, 2065, 530, 2218, 694, 684, 1616, 1292, 1407, 1048, 804, 2557, 2435, 1341, 1347, 1395, 2106, 722, 675, 5411, 1545, 2615, 1402, 1225, 628, 2483, 1957, 1606, 2836, 1061, 2334, 2304, 1313, 3616, 1482, 1147, 1841, 793, 2212, 3087, 1598, 281, 1868, 1989, 1467, 928, 1129, 518, 2348, 1747, 936, 2688, 1337, 3260, 2361, 1232, 2296, 1363, 5130, 1238, 2565, 1975, 1183, 7439, 2442, 1223, 5419, 1462, 1438, 1040, 1506, 999, 821, 1465, 2329, 907, 3780, 1644, 2450, 2202, 1591, 2447)
(86, 349): Mean: 1817.172, median: 1557.0, std: 1177.333, percent: 1731.98, B: 114, W: 136, 
	(2441, 971, 1246, 8665, 2345, 1720, 971, 1353, 882, 1784, 1360, 1343, 888, 1690, 2965, 971, 3039, 3362, 1664, 2530, 1196, 843, 1877, 952, 1551, 1512, 937, 1900, 1518, 1503, 3145, 2166, 2671, 1035, 822, 1758, 1271, 1508, 1907, 1564, 833, 1978, 1301, 1629, 1004, 2359, 1170, 794, 5976, 1535, 764, 1654, 998, 342, 1345, 4994, 501, 634, 2742, 1946, 1968, 3488, 2657, 1704, 2239, 4034, 1671, 823, 550, 2026, 1046, 2966, 2175, 1429, 1400, 1484, 839, 859, 1521, 1035, 1055, 795, 2489, 1099, 1190, 1149, 790, 543, 1218, 1082, 1076, 597, 1994, 1671, 5150, 2559, 819, 923, 1700, 663, 1705, 3276, 1210, 2436, 1905, 1415, 650, 353, 1456, 2542, 2012, 939, 1874, 947, 823, 1013, 1610, 1345, 782, 1777, 3360, 1570, 1717, 636, 1860, 1334, 1918, 1326, 1030, 1640, 1163, 1729, 1337, 5195, 1621, 1243, 3303, 1561, 2360, 1878, 2284, 5068, 1869, 1141, 1892, 1873, 2989, 1667, 2536, 2275, 1296, 3446, 1615, 1691, 1139, 601, 3378, 2516, 7880, 1479, 2821, 1634, 1278, 1379, 731, 2307, 2102, 1553, 1423, 2207, 561, 1859, 727, 636, 1497, 1215, 1483, 1039, 851, 2632, 2751, 1300, 1462, 1390, 2225, 817, 662, 6534, 1431, 2056, 1612, 1323, 750, 2047, 2080, 1565, 2762, 1117, 2325, 2473, 1268, 3497, 1378, 1134, 1892, 790, 2134, 2296, 1428, 255, 1770, 1958, 1576, 947, 1159, 360, 2430, 1713, 1004, 2490, 1361, 3087, 2799, 1148, 2211, 1446, 4301, 1271, 2039, 1762, 1083, 7184, 2303, 1329, 5165, 1339, 1458, 1042, 1751, 1257, 953, 1614, 2175, 947, 3530, 2008, 2195, 2562, 1501, 2089)
(87, 352): Mean: 1800.748, median: 1537.0, std: 1146.988, percent: 1671.34, B: 130, W: 120, 
	(2460, 979, 1202, 7147, 2261, 1459, 934, 1432, 845, 1940, 1541, 1481, 908, 1772, 2776, 925, 2819, 2866, 1686, 2042, 1328, 738, 1749, 909, 1789, 1378, 868, 2086, 1531, 1410, 2998, 2114, 3089, 956, 740, 1859, 1265, 1379, 1801, 1669, 812, 2210, 1235, 1654, 962, 2580, 1226, 873, 6425, 1578, 761, 1533, 959, 318, 1329, 3953, 491, 638, 2401, 2194, 1835, 3239, 2315, 1697, 2022, 4316, 1659, 806, 410, 1818, 1042, 2491, 1911, 1703, 1246, 1683, 939, 863, 1408, 981, 1082, 865, 2480, 998, 1206, 1103, 1005, 559, 1252, 1344, 1016, 676, 1988, 1696, 4592, 2468, 898, 999, 1497, 594, 1617, 3424, 1234, 2116, 1868, 1245, 664, 335, 1617, 2847, 2253, 847, 1870, 1000, 794, 1362, 1388, 1388, 834, 1906, 3420, 1589, 1854, 574, 1839, 1279, 2037, 1180, 959, 1399, 1069, 1967, 1245, 4022, 1758, 1261, 3419, 1348, 2000, 1608, 2107, 4428, 1654, 1244, 2107, 1977, 3172, 1500, 2458, 1943, 1315, 3395, 1556, 1782, 1070, 597, 3658, 2033, 7684, 1630, 2373, 1820, 1345, 1484, 764, 2259, 2121, 1574, 1265, 2286, 474, 2058, 629, 718, 1559, 1357, 1511, 1143, 860, 2903, 2959, 1396, 1278, 1497, 2288, 847, 734, 5929, 1621, 1925, 1446, 1252, 658, 2244, 1947, 1791, 3134, 1086, 2336, 2123, 1371, 4239, 1386, 1161, 1854, 852, 2283, 2459, 1448, 311, 1646, 1952, 1596, 1010, 1221, 423, 2273, 1701, 972, 2129, 1434, 3069, 2705, 1094, 2559, 1496, 7852, 1376, 2265, 1959, 1167, 6624, 2262, 1244, 4760, 1372, 1434, 1061, 1490, 1070, 917, 1505, 2091, 996, 3398, 1958, 2223, 2168, 1445, 2201)
(88, 358): Mean: 1795.904, median: 1551.5, std: 1113.308, percent: 1652.2, B: 126, W: 122, 
	(2298, 903, 1272, 8087, 2294, 1544, 908, 1559, 806, 2128, 1208, 1630, 972, 1689, 2718, 871, 2611, 2698, 1970, 2303, 1299, 724, 1662, 888, 1567, 1397, 865, 1936, 1480, 1430, 2928, 1988, 2788, 1118, 868, 1746, 1159, 1543, 1832, 1930, 788, 2237, 1199, 1750, 894, 2098, 1282, 963, 5373, 1598, 770, 1468, 950, 279, 1334, 4411, 552, 664, 2630, 2180, 1965, 3517, 2131, 1601, 1993, 4767, 1613, 811, 405, 2076, 1085, 2931, 2181, 1485, 1374, 1640, 954, 928, 1400, 960, 1085, 831, 2150, 998, 1181, 1168, 1038, 553, 1159, 1276, 1093, 673, 2104, 1805, 3457, 2341, 810, 953, 1702, 636, 1634, 3497, 1061, 2248, 1929, 1433, 690, 361, 1460, 2498, 2386, 950, 1979, 860, 877, 1060, 1501, 1517, 893, 1721, 3674, 1442, 1681, 644, 1816, 1216, 2027, 1303, 943, 1773, 1109, 1906, 1322, 5076, 1565, 1308, 3646, 1373, 1927, 1678, 2158, 5212, 1738, 1191, 1982, 1789, 3131, 1464, 2456, 2132, 1212, 2725, 1448, 1747, 1181, 612, 3519, 1968, 6914, 1412, 3277, 1849, 1506, 1454, 733, 2243, 1800, 1607, 1279, 2130, 584, 1915, 654, 655, 1653, 1185, 1436, 1116, 733, 2281, 2898, 1330, 1630, 1343, 2132, 848, 752, 6335, 1685, 2321, 1631, 1244, 704, 1904, 1760, 1479, 3203, 1039, 2679, 2176, 1301, 4072, 1346, 1112, 1893, 832, 2085, 2489, 1351, 311, 1954, 2463, 1686, 1071, 1248, 520, 2653, 1930, 1013, 2074, 1461, 3902, 2605, 1057, 2462, 1518, 4313, 1362, 2336, 1815, 1219, 6490, 2379, 1263, 5046, 1256, 1341, 1027, 1525, 1038, 883, 1916, 2108, 858, 3705, 1676, 2038, 2330, 1481, 2137)
(89, 362): Mean: 1807.88, median: 1534.0, std: 1136.27, percent: 1717.06, B: 126, W: 123, 
	(2166, 1004, 1268, 7958, 2425, 1499, 888, 1350, 888, 1915, 1275, 1350, 1049, 1582, 2513, 976, 2634, 3378, 1762, 2238, 1353, 757, 1728, 890, 1622, 1465, 788, 1965, 1737, 1537, 2924, 2216, 2900, 1058, 807, 1791, 1261, 1590, 1950, 1531, 809, 2368, 1231, 1711, 945, 2250, 1201, 894, 5643, 1941, 721, 1441, 1047, 299, 1230, 3770, 550, 687, 2961, 1911, 1658, 3211, 2370, 1616, 1982, 4852, 1480, 765, 411, 2145, 979, 2896, 1901, 1308, 1251, 1568, 906, 846, 1525, 1013, 975, 791, 2095, 937, 1218, 1151, 852, 605, 1285, 1165, 1002, 649, 1998, 1424, 4273, 2872, 877, 988, 1788, 737, 1786, 3323, 1274, 1942, 1845, 1248, 685, 372, 1699, 2944, 2438, 868, 1901, 945, 888, 1259, 1501, 1470, 885, 1766, 3114, 1618, 1625, 624, 1671, 1338, 1973, 1188, 930, 1740, 1065, 1962, 1188, 5247, 1868, 1323, 3342, 1367, 2204, 1728, 2111, 5059, 1859, 1101, 1814, 1728, 3476, 1738, 2432, 2290, 1494, 2719, 1495, 1614, 1104, 596, 3294, 2311, 8228, 1461, 2625, 1778, 1401, 1395, 819, 2544, 1981, 1558, 1407, 2255, 564, 1876, 631, 639, 1547, 1205, 1455, 1214, 754, 2601, 2706, 1232, 1402, 1498, 2577, 889, 720, 5485, 1482, 2276, 1450, 1371, 705, 2327, 2001, 1767, 2883, 1116, 2536, 2288, 1430, 5222, 1341, 1158, 1754, 742, 2217, 2958, 1230, 336, 1781, 2507, 1568, 967, 1230, 360, 2244, 2015, 972, 2362, 1458, 3641, 2415, 1171, 2547, 1422, 4534, 1278, 2328, 1834, 1170, 6361, 2347, 1301, 4730, 1389, 1346, 1036, 1537, 1050, 973, 1714, 2125, 1042, 3624, 1995, 2165, 2414, 1400, 2228)
(90, 367): Mean: 1784.54, median: 1564.5, std: 1056.239, percent: 1666.32, B: 125, W: 125, 
	(2345, 987, 1307, 6863, 2505, 1454, 896, 1437, 794, 1710, 1236, 1488, 894, 1768, 2615, 874, 2870, 3059, 1665, 2221, 1354, 794, 1678, 883, 1552, 1506, 840, 1776, 1575, 1437, 3112, 2150, 3185, 1073, 785, 1841, 1155, 1458, 2028, 1599, 981, 2169, 1234, 1708, 993, 2266, 1212, 876, 5710, 1811, 745, 1555, 918, 425, 1252, 4424, 503, 627, 2384, 2026, 1818, 3654, 2129, 1628, 1954, 4035, 1769, 840, 480, 2019, 880, 2746, 1767, 1434, 1373, 1540, 931, 838, 1510, 937, 1086, 936, 2007, 960, 1240, 1230, 970, 556, 1169, 1268, 1161, 741, 2064, 1540, 4727, 2763, 870, 1008, 1710, 681, 1697, 3493, 1154, 2291, 2025, 1369, 723, 425, 1376, 2482, 2371, 1003, 1950, 965, 821, 1260, 1461, 1315, 799, 1827, 3201, 1578, 1674, 563, 1979, 1483, 1921, 1270, 1043, 1703, 1061, 1757, 1131, 4602, 1668, 1341, 3778, 1377, 2250, 1665, 2194, 4999, 1758, 1126, 2007, 1853, 2847, 1745, 2544, 2380, 1320, 2711, 1594, 1608, 1149, 628, 3239, 2029, 6786, 1661, 2482, 1588, 1671, 1472, 836, 2268, 2140, 1609, 1256, 2049, 549, 2054, 593, 729, 1743, 1385, 1430, 1194, 861, 2494, 3359, 1337, 1394, 1379, 2295, 811, 771, 4833, 1659, 2029, 1551, 1143, 710, 2311, 1759, 1797, 2685, 1086, 2406, 2113, 1296, 3750, 1323, 1138, 1909, 807, 2337, 3020, 1358, 298, 1932, 2064, 1574, 960, 1218, 352, 2499, 1719, 886, 2175, 1367, 2899, 2638, 1085, 2227, 1431, 5228, 1440, 2178, 1860, 1134, 6151, 2541, 1425, 4735, 1395, 1267, 1003, 1524, 966, 947, 1734, 2148, 878, 3817, 1594, 2274, 2375, 1542, 2299)
(91, 369): Mean: 1788.58, median: 1579.0, std: 1079.248, percent: 1682.64, B: 128, W: 120, 
	(2073, 900, 1281, 8040, 2138, 1555, 798, 1352, 801, 2091, 1297, 1371, 940, 1592, 2677, 909, 2579, 3085, 1739, 2080, 1178, 774, 1655, 866, 1670, 1430, 793, 2005, 1532, 1464, 2882, 2401, 2672, 1008, 869, 1833, 1233, 1574, 1931, 1778, 862, 1871, 1254, 1648, 1012, 2407, 1216, 889, 5135, 1605, 706, 1498, 990, 361, 1441, 5096, 471, 701, 3006, 2011, 1609, 3296, 2349, 1883, 2056, 4186, 1727, 775, 535, 2145, 1062, 3090, 1949, 1533, 1296, 1668, 1084, 861, 1623, 966, 990, 821, 2124, 1057, 1263, 1208, 918, 532, 1109, 1095, 1084, 669, 2319, 1688, 4970, 2897, 942, 839, 1596, 768, 1904, 3748, 1105, 2406, 2069, 1234, 721, 321, 1548, 2472, 2553, 854, 1761, 928, 816, 1092, 1346, 1393, 898, 1891, 3225, 1312, 1701, 690, 1873, 1350, 1968, 1254, 993, 1650, 972, 2004, 1217, 4626, 1700, 1278, 3219, 1473, 2219, 1715, 2089, 4565, 1805, 1289, 1775, 1824, 3200, 1472, 2445, 2121, 1302, 2901, 1584, 1751, 1120, 609, 3063, 1976, 5888, 1535, 2366, 1795, 1492, 1397, 823, 2235, 1916, 1774, 1395, 2172, 550, 2048, 621, 673, 1654, 1223, 1425, 1097, 830, 2733, 3005, 1299, 1336, 1205, 2250, 835, 733, 5541, 1546, 2065, 1605, 1155, 667, 2384, 1836, 1619, 3183, 1062, 2558, 2127, 1254, 3929, 1386, 1138, 1875, 839, 1940, 2671, 1370, 278, 1938, 2098, 1641, 1017, 1222, 520, 2429, 1841, 864, 2455, 1472, 3512, 2690, 1110, 2148, 1539, 4761, 1473, 2126, 1914, 1028, 6617, 2588, 1274, 4554, 1385, 1521, 1003, 1712, 1091, 925, 1614, 2003, 946, 3790, 1673, 2267, 2617, 1405, 2031)
(92, 373): Mean: 2111.188, median: 1813.0, std: 1254.814, percent: 1997.28, B: 46, W: 204, 
	(3478, 1072, 1512, 9422, 2139, 2328, 944, 1684, 976, 2058, 1607, 1604, 1390, 2367, 2758, 987, 3554, 4723, 2120, 2214, 1164, 766, 1766, 1150, 2177, 1614, 900, 3076, 1591, 1629, 3735, 2025, 2988, 1156, 805, 1692, 1361, 1930, 1794, 3307, 972, 2384, 1194, 1911, 1237, 2583, 1645, 1990, 5719, 2612, 757, 2110, 1372, 842, 1202, 5181, 537, 1121, 3400, 2083, 2011, 2887, 2171, 2064, 2436, 4029, 1537, 986, 647, 2591, 928, 2707, 2056, 1838, 1576, 1732, 988, 947, 1503, 1024, 2545, 952, 2650, 1344, 1328, 2003, 1025, 674, 1279, 1280, 1326, 1129, 2611, 1626, 5227, 3164, 905, 1254, 1966, 687, 2084, 4779, 1572, 2404, 2271, 1315, 703, 320, 1785, 3156, 2699, 1095, 1831, 1048, 861, 1267, 2397, 1829, 1150, 2527, 3952, 2468, 2282, 615, 2590, 1302, 2752, 2114, 1072, 3334, 1194, 1890, 1563, 5512, 1710, 1705, 4124, 1467, 1989, 1834, 2544, 5293, 2185, 1237, 2482, 2146, 3337, 1701, 2642, 2668, 1456, 3485, 1724, 1810, 1442, 758, 3658, 3464, 8786, 1803, 2531, 2643, 1623, 1993, 1145, 2147, 2139, 1713, 1730, 2594, 753, 1911, 1051, 1336, 1917, 1370, 1625, 1454, 1218, 3137, 3925, 1697, 2352, 1484, 2247, 1157, 918, 5518, 1888, 2544, 1563, 1313, 1302, 2556, 2154, 1658, 2962, 1080, 2971, 2836, 1816, 3575, 1751, 1463, 1913, 814, 2756, 2863, 1495, 340, 2174, 2167, 1676, 1614, 1595, 1296, 2825, 1796, 997, 3002, 1501, 3586, 2974, 1759, 2723, 1477, 5508, 1407, 2318, 1798, 1854, 8471, 2502, 1564, 4706, 1754, 1757, 2842, 1617, 1046, 977, 1652, 2209, 1165, 3419, 2585, 2360, 2684, 1819, 2449)
(93, 376): Mean: 2094.772, median: 1861.5, std: 1212.005, percent: 1973.46, B: 132, W: 117, 
	(3131, 1055, 1525, 7615, 1965, 2112, 884, 1583, 1011, 1973, 1768, 1754, 1351, 2168, 2473, 983, 3476, 3534, 2160, 2304, 1286, 908, 1705, 1121, 1916, 1580, 949, 3538, 1604, 1544, 3409, 2157, 2842, 1049, 802, 1872, 1372, 1837, 1917, 3125, 1009, 2197, 1352, 1727, 1237, 2563, 1760, 2256, 5470, 2259, 799, 2377, 1413, 763, 1362, 4840, 556, 1105, 3335, 1993, 2227, 2936, 2245, 1827, 2485, 5303, 1491, 932, 516, 2246, 1030, 2816, 1850, 1897, 1377, 1653, 1075, 989, 1576, 1040, 2598, 976, 2248, 1383, 1501, 1913, 985, 752, 1313, 1173, 1316, 1125, 2525, 1636, 5000, 2661, 901, 1184, 2121, 688, 2181, 4636, 1671, 2724, 2619, 1541, 693, 380, 1663, 3451, 2248, 1045, 1869, 1100, 851, 1153, 2272, 2110, 1075, 2435, 4050, 2811, 2067, 733, 2404, 1368, 2296, 1965, 1044, 3509, 1272, 2220, 1400, 4700, 1816, 1752, 3965, 1726, 2548, 1669, 2404, 5871, 2036, 1190, 2281, 1986, 3689, 1870, 2626, 2588, 1494, 3522, 1606, 1715, 1363, 843, 3637, 3301, 9312, 1994, 2438, 2273, 1660, 1857, 1161, 2685, 1866, 1666, 1715, 2451, 725, 1919, 1118, 1270, 1918, 1426, 1627, 1504, 1195, 3051, 3770, 1771, 1906, 1420, 2325, 1172, 863, 6251, 1931, 2537, 1977, 1212, 1128, 2380, 2265, 1498, 2831, 1166, 2714, 2319, 1575, 4457, 1607, 1449, 1840, 858, 2773, 3350, 1661, 318, 2238, 2235, 1694, 1675, 1511, 1196, 2831, 2072, 1009, 2954, 1543, 4127, 3196, 1870, 2630, 1463, 5038, 1484, 2491, 1951, 1748, 7764, 2985, 1538, 4596, 1934, 1725, 2624, 1692, 1045, 986, 1628, 2190, 1286, 3474, 1970, 2155, 2600, 1895, 2200)
(94, 379): Mean: 2087.336, median: 1814.0, std: 1247.832, percent: 1967.78, B: 140, W: 110, 
	(2996, 1084, 1505, 9956, 2358, 2007, 891, 1688, 1017, 1906, 1550, 1628, 1263, 2399, 3139, 952, 3506, 3923, 2131, 2429, 1366, 896, 1949, 1137, 1861, 1652, 922, 3125, 1707, 1677, 3200, 2171, 2583, 1002, 763, 1726, 1369, 1955, 1932, 3283, 928, 2432, 1338, 1807, 1031, 3290, 1705, 1792, 5312, 2136, 755, 1875, 1282, 684, 1406, 4280, 586, 1088, 3855, 2073, 2093, 3689, 2601, 1947, 2532, 4828, 1883, 983, 582, 2634, 942, 2861, 2305, 1919, 1447, 1590, 1001, 928, 1664, 1028, 2603, 1009, 2251, 1360, 1305, 2135, 999, 731, 1218, 1150, 1145, 1177, 2483, 1559, 4882, 2657, 1019, 1164, 2153, 839, 2153, 4089, 1718, 2524, 2172, 1381, 816, 336, 1733, 2843, 2703, 943, 1834, 1004, 944, 1234, 1912, 1991, 1011, 2470, 5438, 2596, 2089, 646, 2444, 1301, 2382, 2223, 1101, 3287, 1173, 2162, 1453, 4447, 1664, 1620, 3918, 1539, 2121, 1768, 2563, 5239, 2214, 1262, 2256, 2290, 3616, 1746, 2640, 2791, 1467, 3856, 1513, 1673, 1355, 863, 3483, 3000, 8704, 1759, 3049, 2420, 1458, 1810, 1069, 2353, 1846, 1523, 1804, 2308, 778, 1865, 1121, 1311, 1806, 1254, 1859, 1428, 1124, 2837, 3400, 1818, 2069, 1888, 2139, 1134, 1010, 5807, 1894, 2389, 1596, 1442, 1465, 2060, 2019, 1846, 2903, 1222, 2427, 2408, 1679, 3862, 1596, 1429, 1750, 797, 2508, 3046, 1499, 353, 2183, 2324, 1735, 1581, 1655, 1118, 2416, 1694, 1090, 2881, 1711, 3344, 2791, 1571, 2463, 1445, 5287, 1479, 1922, 2001, 1764, 8543, 2928, 1378, 4822, 1819, 1734, 2571, 1699, 1065, 913, 1624, 2051, 1362, 4155, 2338, 2405, 2428, 1641, 2397)
(95, 381): Mean: 2045.112, median: 1798.0, std: 1178.09, percent: 1937.78, B: 138, W: 112, 
	(2949, 1050, 1556, 8097, 2311, 2450, 897, 1404, 932, 1766, 1509, 1569, 1454, 2190, 2804, 1022, 2747, 3464, 2150, 2503, 1198, 801, 1695, 1252, 1775, 1597, 852, 2665, 1581, 1566, 3422, 2150, 2922, 1018, 831, 1820, 1532, 1950, 1716, 3272, 910, 2323, 1287, 1768, 1167, 2954, 1611, 1926, 5103, 2051, 795, 1861, 1173, 656, 1265, 3901, 589, 1106, 2734, 2176, 2187, 3682, 2165, 1959, 2331, 4948, 1589, 1017, 594, 2477, 982, 2865, 1875, 1558, 1332, 1609, 979, 1021, 1530, 1087, 2140, 878, 2786, 1312, 1481, 1827, 1198, 640, 1215, 1223, 1126, 1185, 2486, 1750, 4255, 2506, 900, 1219, 2021, 568, 1994, 4294, 1410, 2337, 2108, 1291, 669, 333, 1464, 3046, 2601, 1056, 2108, 1022, 964, 1262, 1905, 1993, 1099, 2471, 4194, 2370, 1896, 740, 2722, 1367, 2400, 2049, 944, 3588, 1072, 1925, 1470, 4811, 1585, 1766, 3948, 1676, 2456, 1702, 2502, 6182, 2396, 1313, 1880, 2183, 3213, 1622, 2608, 2383, 1319, 3615, 1539, 1808, 1313, 790, 4005, 3385, 8125, 1854, 2866, 2605, 1692, 1954, 1123, 2632, 2058, 1693, 1904, 2548, 783, 1790, 1205, 1284, 1679, 1366, 1432, 1307, 1297, 2413, 3919, 1929, 2075, 2051, 2425, 1173, 996, 6417, 1703, 2610, 1566, 1222, 1236, 2036, 2089, 1572, 2766, 1161, 2641, 2416, 1651, 4455, 1532, 1406, 1806, 858, 2178, 2869, 1520, 280, 2213, 2031, 1649, 1460, 1440, 1288, 2415, 1846, 1012, 2503, 1442, 3289, 2899, 2050, 2315, 1447, 4926, 1439, 2034, 2213, 1694, 7386, 2561, 1256, 5147, 1532, 1702, 2888, 1516, 1171, 928, 1863, 2001, 1224, 4491, 2146, 2319, 2600, 1854, 2458)
(96, 382): Mean: 2060.832, median: 1778.0, std: 1207.068, percent: 1951.42, B: 133, W: 117, 
	(3277, 1030, 1628, 8518, 2195, 2195, 874, 1528, 928, 1919, 1688, 1396, 1326, 2262, 2732, 937, 2640, 3834, 1782, 2418, 1141, 882, 1698, 1164, 1888, 1434, 870, 2803, 1585, 1521, 3026, 2306, 2894, 1095, 827, 1706, 1383, 1805, 1891, 3642, 979, 2089, 1203, 1627, 1368, 2488, 1716, 1862, 5617, 2262, 789, 1649, 1251, 782, 1283, 3775, 627, 1068, 3802, 2172, 2381, 3260, 2228, 1988, 2325, 4528, 1524, 896, 592, 2393, 971, 2843, 1877, 1868, 1374, 1480, 893, 880, 1504, 957, 2440, 1006, 2281, 1394, 1435, 1711, 1055, 613, 1404, 1325, 1311, 1135, 2703, 1703, 5516, 2955, 1018, 1244, 2123, 699, 2017, 4203, 1475, 2365, 2165, 1259, 692, 342, 1439, 2996, 2399, 1035, 2095, 972, 913, 1326, 2250, 1742, 1138, 2652, 4379, 2309, 1876, 646, 2757, 1409, 2502, 1768, 1083, 3290, 1172, 2016, 1382, 4954, 1685, 1657, 4343, 1587, 2190, 1685, 3240, 5974, 2173, 1131, 2193, 2170, 3170, 1906, 2793, 2209, 1397, 3202, 1529, 1865, 1355, 778, 3000, 3141, 7964, 1678, 2807, 2424, 1675, 2034, 1072, 2526, 1839, 1447, 1806, 2520, 798, 2405, 1100, 1427, 1790, 1375, 1794, 1400, 1103, 2704, 3860, 1907, 2081, 1824, 2217, 1156, 956, 5491, 1868, 2227, 1774, 1325, 1315, 2589, 1933, 1687, 3198, 1195, 2578, 2831, 1507, 4655, 1467, 1272, 1603, 767, 2168, 2794, 1484, 318, 2084, 2114, 1514, 1521, 1509, 1169, 2492, 1869, 1058, 2551, 1638, 3381, 2758, 1975, 2487, 1565, 4833, 1441, 2071, 2152, 1771, 7981, 2840, 1435, 5098, 1501, 1690, 5025, 1593, 1035, 944, 1687, 1985, 1344, 3963, 2375, 2165, 2412, 1743, 2403)
(97, 385): Mean: 1775.56, median: 1519.0, std: 1078.436, percent: 1687.84, B: 204, W: 45, 
	(2114, 942, 1256, 7261, 2462, 2052, 816, 1653, 820, 2059, 1365, 1594, 911, 1652, 2550, 1009, 2998, 3120, 1558, 2423, 1204, 738, 1923, 1036, 1493, 1448, 942, 1831, 1498, 1426, 2676, 2065, 2784, 1040, 841, 1929, 1271, 1264, 1867, 1513, 869, 2229, 1288, 1615, 862, 2300, 1181, 956, 5088, 1612, 683, 1428, 972, 297, 1307, 3816, 545, 615, 2901, 2346, 1585, 3121, 2458, 1524, 1790, 4169, 1611, 803, 440, 1963, 931, 3230, 2081, 1401, 1218, 1684, 954, 795, 1392, 1052, 1042, 852, 2370, 1019, 1272, 1213, 841, 532, 1163, 1175, 1079, 616, 2003, 1572, 4153, 2463, 874, 916, 1865, 618, 1776, 3537, 1075, 2123, 1832, 1346, 671, 316, 1445, 2829, 2233, 864, 1818, 846, 874, 1167, 1603, 1244, 792, 1726, 3663, 1426, 1679, 647, 1819, 1244, 1839, 1168, 898, 1777, 1024, 2002, 1357, 4433, 1587, 1421, 2924, 1490, 2136, 1620, 1883, 4628, 2326, 1123, 1977, 1935, 2772, 1501, 2752, 2459, 1194, 3189, 1583, 1568, 1314, 640, 3049, 2219, 6912, 1491, 2468, 1812, 1348, 1322, 838, 2151, 1639, 1463, 1437, 2246, 630, 2095, 633, 569, 1580, 1160, 1438, 1164, 817, 2508, 2756, 1289, 1372, 1461, 2226, 751, 824, 6556, 1514, 2789, 1348, 1356, 687, 2488, 1761, 1563, 2910, 1097, 2433, 2294, 1279, 4405, 1369, 1231, 1834, 777, 1941, 2592, 1574, 265, 1964, 1753, 1514, 1042, 1151, 424, 2327, 1707, 914, 2157, 1453, 2915, 2382, 1141, 2371, 1347, 5255, 1268, 2023, 1761, 1136, 6766, 2437, 1402, 4236, 1481, 1353, 1243, 1549, 1129, 917, 1611, 2010, 988, 3709, 1712, 2151, 2496, 1589, 2106)
(98, 390): Mean: 1776.08, median: 1515.0, std: 1062.208, percent: 1677.22, B: 127, W: 123, 
	(2201, 863, 1307, 7601, 2308, 1793, 867, 1309, 772, 1973, 1313, 1506, 960, 1632, 2863, 850, 2834, 3005, 1751, 2259, 1279, 731, 1736, 903, 1671, 1478, 865, 1768, 1396, 1492, 3892, 2580, 3277, 1036, 772, 1987, 1199, 1647, 1798, 1553, 806, 2319, 1337, 1600, 859, 2264, 1312, 868, 5558, 1645, 814, 1442, 1001, 265, 1302, 3956, 538, 662, 2735, 2045, 1730, 3371, 2430, 1703, 2053, 3602, 1497, 899, 470, 2006, 1036, 2717, 1903, 1468, 1297, 1704, 984, 805, 1585, 1270, 1150, 810, 2194, 977, 1196, 1168, 921, 508, 1314, 1134, 1058, 632, 2282, 1603, 4283, 2085, 858, 922, 1669, 634, 1819, 3751, 1126, 2108, 1880, 1321, 638, 356, 1509, 2624, 2261, 939, 1812, 908, 831, 1462, 1359, 1311, 926, 1910, 3540, 1484, 1488, 721, 1810, 1392, 1877, 1234, 958, 1430, 1068, 1875, 1250, 3825, 2052, 1297, 3511, 1554, 2205, 1562, 1968, 3641, 1988, 1274, 1920, 1803, 3341, 1369, 2445, 2213, 1331, 3076, 1405, 1544, 1219, 661, 2842, 2154, 7417, 1699, 2746, 1765, 1350, 1494, 817, 2296, 1821, 1514, 1399, 2292, 542, 2363, 693, 714, 1650, 1201, 1407, 1135, 882, 2512, 2337, 1376, 1666, 1419, 2038, 846, 753, 5884, 1464, 2487, 1599, 1184, 623, 1936, 1989, 1500, 2698, 1024, 2762, 2190, 1256, 3917, 1291, 1139, 1818, 824, 2116, 2460, 1424, 331, 1818, 2175, 1470, 902, 1167, 457, 2476, 1628, 907, 2450, 1651, 3053, 2800, 1039, 2765, 1515, 4394, 1351, 2118, 1931, 1123, 6015, 2204, 1291, 4995, 1204, 1317, 996, 1706, 1010, 872, 1515, 1961, 931, 3455, 1796, 2080, 2125, 1662, 2174)
(99, 392): Mean: 1793.768, median: 1552.0, std: 1104.516, percent: 1732.88, B: 125, W: 122, 
	(1922, 991, 1245, 8189, 2714, 1511, 870, 1470, 748, 1732, 1351, 1321, 921, 1612, 2430, 901, 2792, 3039, 1571, 2613, 1198, 784, 1709, 1003, 1626, 1331, 845, 1693, 1725, 1456, 3126, 2268, 2710, 1037, 811, 1853, 1196, 1743, 1988, 1618, 814, 1988, 1302, 1557, 953, 2542, 1140, 897, 5468, 1730, 665, 1502, 959, 369, 1394, 4188, 474, 622, 3045, 1966, 1583, 3079, 2080, 1638, 1821, 4562, 1717, 1025, 484, 2088, 880, 3056, 2047, 1492, 1326, 1562, 977, 843, 1675, 960, 1061, 810, 2039, 999, 1250, 1092, 863, 525, 1202, 1191, 1117, 707, 2109, 1543, 4237, 2825, 830, 922, 1625, 665, 1655, 3115, 1057, 2167, 1720, 1270, 669, 315, 1396, 2433, 2452, 929, 1744, 960, 873, 1137, 1482, 1455, 896, 1724, 3818, 1335, 1904, 577, 1828, 1110, 1865, 1309, 1314, 1808, 1014, 1926, 1154, 5159, 1687, 1153, 3213, 1454, 2288, 1811, 2276, 4210, 1811, 1128, 1946, 1729, 3305, 1319, 2623, 1810, 1465, 2670, 1435, 1562, 1210, 610, 3039, 1972, 7519, 1487, 2435, 1716, 1488, 1529, 721, 2053, 1828, 1509, 1372, 2510, 618, 2225, 615, 662, 1482, 1326, 1646, 1066, 863, 2673, 3074, 1238, 1360, 1472, 2269, 814, 720, 6106, 1819, 2403, 1541, 1223, 648, 2571, 2078, 1762, 2851, 1133, 2457, 2203, 1372, 4620, 1389, 1194, 1804, 895, 1997, 2445, 1404, 253, 2280, 1868, 1635, 997, 1203, 665, 2442, 1788, 1032, 2081, 1475, 3425, 2554, 1039, 2834, 1550, 4448, 1355, 2006, 2087, 1101, 5620, 3163, 1554, 4958, 1518, 1303, 1068, 1538, 1058, 905, 1687, 2004, 984, 3393, 1723, 2297, 2053, 1616, 2636)
(100, 395): Mean: 1806.032, median: 1524.0, std: 1116.503, percent: 1737.06, B: 126, W: 124, 
	(1939, 956, 1369, 7688, 2004, 1601, 841, 1518, 741, 1987, 1396, 1667, 1033, 1601, 2559, 1002, 2769, 2939, 1519, 2470, 1221, 812, 1626, 904, 1628, 1461, 879, 1784, 1750, 1389, 2981, 2473, 3096, 976, 752, 1930, 1271, 1392, 1786, 1897, 742, 2138, 1214, 1933, 927, 2598, 1154, 895, 6215, 1556, 719, 1505, 989, 325, 1364, 4793, 576, 577, 3906, 2307, 1623, 2968, 2550, 1509, 2023, 3811, 1574, 803, 442, 2076, 1047, 3038, 1795, 1445, 1288, 1511, 971, 942, 1621, 1006, 1059, 781, 2216, 1015, 1206, 1098, 810, 635, 1150, 1305, 1147, 710, 1822, 1601, 4760, 2203, 865, 921, 1889, 563, 1742, 3180, 1109, 2304, 1774, 1374, 662, 379, 1377, 2387, 2409, 908, 1954, 874, 963, 1195, 1529, 1447, 970, 2054, 3350, 1303, 1498, 744, 1662, 1375, 1697, 1263, 1047, 1646, 1069, 2083, 1139, 4731, 1502, 1321, 3370, 1410, 2458, 1702, 1880, 4767, 1844, 1214, 1837, 1872, 3151, 1473, 2795, 2167, 1254, 3360, 1492, 1490, 1094, 566, 3276, 2058, 5626, 1559, 2845, 1601, 1550, 1251, 780, 2299, 1966, 1504, 1428, 2880, 522, 2159, 662, 648, 1572, 1301, 1585, 1156, 746, 2934, 2689, 1501, 1657, 1418, 2301, 757, 797, 7029, 1753, 2221, 1434, 1193, 667, 2546, 1830, 1481, 3294, 989, 2747, 2030, 1162, 4592, 1417, 1232, 1981, 802, 2080, 2504, 1618, 224, 1953, 2092, 1535, 923, 1164, 407, 2618, 1772, 906, 2549, 1417, 3070, 2661, 997, 2469, 1322, 5033, 1413, 2180, 2039, 1192, 6363, 2819, 1373, 4702, 1338, 1342, 1113, 1709, 1011, 900, 1683, 2310, 1021, 3313, 1858, 1911, 2261, 1469, 2390)
(101, 400): Mean: 1781.636, median: 1575.5, std: 1109.514, percent: 1724.68, B: 131, W: 118, 
	(2387, 930, 1305, 7926, 2073, 1453, 813, 1355, 786, 1576, 1305, 1728, 1029, 1579, 2596, 939, 2793, 3015, 1745, 2109, 1413, 756, 1728, 980, 1548, 1377, 922, 1709, 1621, 1405, 3210, 2033, 2841, 1077, 760, 1931, 1229, 1476, 1837, 1611, 779, 2166, 1315, 1706, 1043, 2272, 1215, 850, 4497, 1712, 625, 1443, 937, 337, 1379, 4692, 539, 571, 2549, 1993, 1839, 2860, 2670, 1705, 1955, 4233, 1726, 926, 425, 1831, 921, 2757, 2013, 1428, 1177, 1740, 996, 793, 1700, 1018, 1084, 832, 2527, 954, 1220, 1190, 836, 531, 1155, 1292, 1043, 691, 1892, 1815, 3599, 2437, 919, 910, 1611, 670, 1692, 3598, 1109, 2098, 1840, 1318, 750, 293, 1328, 2437, 2516, 787, 1941, 909, 1010, 1132, 1417, 1316, 915, 1693, 3515, 1352, 1619, 553, 1852, 1280, 1790, 1179, 941, 1619, 1105, 2070, 1266, 5492, 1592, 1306, 3362, 1588, 2079, 1699, 1892, 4508, 1948, 1106, 1775, 1612, 2832, 1471, 2651, 1985, 1153, 3031, 1525, 1575, 1101, 598, 3464, 2023, 7483, 1457, 2775, 1756, 1412, 1415, 782, 2159, 1942, 1418, 1329, 3085, 568, 2572, 697, 585, 1599, 1228, 1468, 1091, 969, 2358, 2545, 1286, 1577, 1321, 2182, 838, 754, 5531, 1498, 2201, 1824, 1165, 622, 2443, 1834, 1670, 2864, 1153, 2176, 1985, 1264, 3908, 1426, 1224, 1833, 820, 2159, 2605, 1468, 274, 1826, 1814, 1653, 1032, 1215, 515, 2327, 1799, 958, 2465, 1563, 3381, 2493, 1101, 2667, 1372, 4621, 1557, 2172, 1933, 1121, 7874, 2513, 1190, 4720, 1358, 1338, 1173, 1692, 1154, 941, 1851, 2183, 967, 3177, 1884, 2134, 2226, 1487, 2309)
(102, 403): Mean: 1798.64, median: 1558.5, std: 1136.498, percent: 1671.56, B: 126, W: 121, 
	(1937, 885, 1258, 9283, 2300, 1698, 831, 1304, 763, 2183, 1149, 1428, 1007, 1579, 2647, 950, 2812, 3342, 1453, 2156, 1358, 806, 1632, 946, 1572, 1377, 847, 1690, 1507, 1454, 2992, 2309, 2856, 1232, 873, 1963, 1176, 1624, 1970, 1572, 810, 2048, 1174, 1675, 848, 2637, 1107, 856, 4876, 1767, 709, 1454, 1016, 281, 1337, 4413, 508, 659, 2840, 2050, 1797, 3275, 2293, 1590, 2244, 3982, 1510, 842, 422, 1757, 989, 2440, 1951, 1589, 1287, 1545, 1022, 768, 1960, 889, 1130, 844, 2506, 1089, 1200, 1208, 919, 569, 1158, 1248, 1073, 650, 1903, 1611, 4643, 2528, 885, 938, 1724, 663, 1628, 3426, 1277, 2234, 1769, 1367, 655, 346, 1613, 2405, 2445, 805, 1876, 861, 917, 1142, 1674, 1313, 829, 1703, 3674, 1479, 1643, 597, 1575, 1327, 1692, 1322, 960, 1791, 1052, 1809, 1115, 4838, 1699, 1283, 3660, 1402, 2062, 1673, 1830, 3893, 2027, 1087, 1829, 1884, 3328, 1631, 2958, 2074, 1328, 3629, 1383, 1591, 1177, 587, 3166, 2039, 7507, 1511, 2771, 1855, 1454, 1543, 760, 2137, 1885, 1414, 1440, 2730, 566, 2160, 631, 545, 1632, 1213, 1801, 1222, 858, 2555, 2665, 1218, 1460, 1458, 2585, 808, 751, 6589, 2069, 2526, 1410, 1357, 622, 2117, 1994, 1519, 3258, 1078, 2347, 2076, 1483, 5258, 1437, 1132, 2136, 775, 2314, 2584, 1521, 247, 2163, 1802, 1487, 1022, 1254, 404, 2172, 1678, 973, 2394, 1494, 3030, 2370, 1098, 2370, 1432, 4377, 1524, 2198, 2088, 1023, 5689, 2141, 1369, 4436, 1491, 1305, 1067, 1581, 1056, 836, 1766, 2000, 942, 3663, 1814, 2406, 2124, 1493, 2338)
(103, 404): Mean: 1776.164, median: 1541.5, std: 1105.462, percent: 1663.22, B: 132, W: 117, 
	(2171, 921, 1261, 6947, 2327, 1410, 823, 1428, 808, 1973, 1230, 1648, 973, 1668, 2673, 1015, 2740, 3587, 1751, 2013, 1399, 753, 1731, 944, 1680, 1582, 877, 1764, 1507, 1298, 3296, 2194, 3203, 1217, 753, 1947, 1115, 1439, 1728, 1556, 830, 2078, 1114, 1569, 917, 2520, 1175, 825, 4722, 1828, 701, 1432, 936, 307, 1205, 4002, 510, 649, 3031, 1997, 1662, 2998, 2288, 1538, 2131, 3855, 1525, 899, 452, 2316, 1085, 2564, 1855, 1545, 1282, 1683, 1033, 858, 1576, 1006, 1137, 814, 2048, 1020, 1226, 1179, 857, 526, 1265, 1224, 1077, 739, 2082, 1512, 3583, 2858, 910, 900, 1531, 669, 1604, 3679, 1161, 1946, 1956, 1251, 670, 420, 1296, 2567, 2485, 895, 1865, 858, 841, 1258, 1550, 1316, 896, 1963, 3265, 1620, 1693, 510, 1700, 1332, 1690, 1232, 1013, 1590, 1024, 1800, 1295, 4696, 1668, 1242, 3575, 1422, 2047, 1742, 2092, 4523, 1829, 1161, 1763, 1954, 2999, 1336, 2549, 2321, 1273, 3351, 1599, 1452, 1206, 634, 2912, 2000, 7769, 1589, 2827, 1765, 1315, 1418, 792, 2250, 1587, 1534, 1311, 2212, 564, 2040, 628, 576, 1815, 1217, 1514, 1229, 822, 3166, 2738, 1379, 1482, 1501, 2305, 792, 750, 8620, 1614, 2408, 1525, 1182, 660, 2125, 1915, 1454, 2684, 1055, 2395, 2002, 1228, 4521, 1340, 1054, 1879, 825, 2033, 2392, 1612, 272, 1908, 1749, 1586, 1044, 1275, 427, 2143, 2018, 953, 2166, 1435, 2701, 2363, 1046, 2527, 1431, 4483, 1361, 2175, 1801, 1128, 5698, 2359, 1321, 4460, 1438, 1505, 994, 1569, 1018, 930, 1537, 2056, 1065, 3616, 1877, 2424, 2183, 1687, 2309)
(105, 411): Mean: 1765.588, median: 1507.5, std: 1082.469, percent: 1677.92, B: 128, W: 121, 
	(2120, 990, 1248, 7909, 1999, 1557, 880, 1408, 785, 1943, 1366, 1378, 904, 1563, 2815, 958, 3039, 2914, 1602, 2435, 1403, 746, 1631, 970, 1540, 1333, 887, 1954, 1645, 1282, 3181, 2196, 3170, 1018, 864, 2029, 1195, 1703, 1737, 1584, 744, 1979, 1325, 1591, 877, 2188, 1087, 861, 4736, 1653, 750, 1440, 1005, 327, 1386, 4825, 580, 593, 2949, 2122, 1603, 3291, 2081, 1536, 2197, 3656, 1514, 825, 485, 2356, 933, 2674, 1750, 1310, 1258, 1572, 965, 900, 1484, 990, 966, 756, 2200, 984, 1132, 1061, 953, 536, 1133, 1194, 1167, 676, 2110, 1713, 4367, 2631, 921, 894, 1505, 651, 1644, 2983, 1113, 1869, 1783, 1290, 647, 349, 1504, 2439, 2119, 868, 1677, 916, 928, 1130, 1561, 1321, 840, 1891, 3084, 1475, 1686, 530, 1691, 1384, 1794, 1217, 1044, 1635, 1042, 1906, 1273, 4954, 1632, 1171, 3212, 1393, 2236, 1609, 2147, 4579, 1825, 1139, 2113, 1993, 3561, 1472, 2674, 2104, 1342, 3064, 1447, 1404, 1212, 573, 3297, 2111, 7070, 1416, 2660, 1598, 1290, 1326, 782, 2342, 1753, 1499, 1481, 2228, 541, 2132, 591, 553, 1701, 1233, 1569, 1162, 892, 2375, 2203, 1347, 1450, 1420, 2355, 830, 793, 6142, 1817, 2162, 1537, 1266, 672, 2232, 1858, 1555, 2543, 1066, 2609, 1927, 1261, 3979, 1376, 1170, 1951, 881, 2102, 2834, 1336, 360, 2058, 1809, 1576, 999, 1140, 387, 2558, 1863, 988, 2660, 1438, 2958, 2583, 1078, 2467, 1404, 4819, 1396, 1969, 1805, 1128, 6783, 2435, 1391, 3825, 1377, 1510, 1163, 1497, 1109, 861, 1494, 2065, 1026, 3586, 1879, 2247, 2413, 1453, 2246)
(106, 414): Mean: 1762.536, median: 1539.0, std: 1077.367, percent: 1676.76, B: 131, W: 118, 
	(1991, 969, 1246, 8173, 2442, 1456, 911, 1386, 803, 1645, 1210, 1450, 905, 1596, 2816, 956, 2626, 3352, 1747, 2601, 1396, 692, 1804, 900, 1943, 1428, 819, 1804, 1428, 1323, 2948, 2302, 2786, 1014, 855, 1999, 1289, 1489, 1747, 1599, 830, 1955, 1216, 1830, 810, 2424, 1112, 828, 6048, 1654, 758, 1515, 982, 273, 1276, 3987, 625, 702, 2534, 2442, 1714, 3562, 2450, 1640, 1875, 4327, 1573, 835, 451, 1985, 912, 2965, 1780, 1411, 1348, 1506, 963, 835, 1632, 925, 1041, 859, 2244, 1071, 1298, 1190, 892, 544, 1076, 1213, 1088, 666, 1970, 1627, 3257, 2666, 903, 856, 1727, 704, 1535, 3062, 1090, 2106, 1909, 1279, 673, 288, 1388, 2579, 1893, 883, 1695, 889, 902, 1090, 1588, 1405, 819, 1781, 3205, 1517, 1570, 592, 1543, 1145, 1846, 1200, 986, 1701, 993, 1933, 1278, 5367, 1656, 1276, 3449, 1405, 2032, 1705, 1910, 4581, 1742, 1127, 2045, 1975, 3172, 1413, 2309, 2107, 1287, 3349, 1637, 1565, 1289, 608, 2825, 2166, 7000, 1578, 2507, 1894, 1226, 1349, 880, 2216, 1866, 1477, 1396, 2849, 500, 2003, 620, 612, 1597, 1254, 1555, 1065, 816, 3201, 2492, 1259, 1396, 1628, 2136, 811, 753, 5297, 1527, 2254, 1498, 1241, 583, 2312, 1831, 1550, 2786, 1118, 2551, 2017, 1362, 4177, 1345, 1157, 1851, 826, 2264, 2375, 1396, 280, 1886, 2131, 1545, 941, 1255, 356, 2426, 1545, 895, 2359, 1510, 3202, 2379, 1164, 2212, 1413, 3657, 1325, 1944, 1896, 1217, 5990, 2724, 1343, 4788, 1377, 1457, 1113, 1631, 974, 851, 1680, 1935, 907, 3461, 1739, 2135, 2165, 1507, 2477)
(107, 419): Mean: 1751.7, median: 1508.0, std: 1071.491, percent: 1640.3, B: 133, W: 116, 
	(2223, 1018, 1182, 7705, 2086, 1517, 928, 1282, 823, 1788, 1257, 1427, 951, 1889, 2466, 849, 2612, 2888, 1506, 2332, 1260, 820, 1563, 987, 1465, 1500, 801, 1647, 1585, 1393, 3118, 2095, 2892, 1022, 755, 1966, 1185, 1483, 1805, 1655, 793, 1998, 1216, 1692, 1142, 2619, 1241, 894, 5265, 1607, 725, 1329, 909, 306, 1270, 5659, 519, 576, 2897, 2374, 1592, 3168, 2464, 1433, 2207, 3427, 1658, 845, 413, 1767, 1042, 2549, 1991, 1389, 1300, 1636, 990, 843, 1579, 944, 1112, 733, 2359, 971, 1220, 1182, 971, 537, 1119, 1210, 1103, 635, 1895, 1428, 3988, 2284, 848, 849, 1497, 716, 1608, 4051, 1196, 2087, 1871, 1341, 752, 291, 1331, 2923, 2069, 863, 1715, 868, 921, 1041, 1345, 1577, 817, 1790, 3441, 1333, 1611, 601, 1614, 1281, 2084, 1111, 1065, 1711, 1036, 1988, 1271, 4918, 1646, 1269, 3166, 1339, 1858, 1927, 1947, 4531, 2120, 1373, 1748, 1856, 3059, 1539, 2829, 1978, 1258, 3391, 1510, 1497, 1120, 631, 3415, 2060, 7336, 1397, 2703, 1742, 1319, 1428, 733, 2218, 1943, 1454, 1222, 2374, 542, 2333, 663, 582, 1529, 1202, 1488, 1031, 744, 2428, 2367, 1385, 1578, 1478, 2317, 780, 652, 5703, 1545, 2110, 1571, 1154, 647, 2151, 1934, 1682, 2695, 1061, 2429, 2030, 1518, 3733, 1344, 1201, 1674, 853, 2123, 2369, 1380, 309, 2210, 2136, 1654, 1009, 1236, 416, 2082, 1730, 841, 2174, 1479, 3051, 2461, 1080, 2293, 1335, 4163, 1386, 1835, 1820, 1119, 5958, 2562, 1413, 4042, 1313, 1362, 1135, 1593, 1105, 862, 1782, 2081, 992, 3715, 1659, 1859, 2050, 1390, 2118)
(111, 438): Mean: 1756.108, median: 1493.5, std: 1080.952, percent: 1615.02, B: 128, W: 121, 
	(2263, 957, 1279, 7505, 2259, 1397, 837, 1397, 779, 1810, 1344, 1674, 961, 1826, 2591, 880, 3215, 2962, 1486, 2459, 1173, 701, 1637, 957, 1511, 1244, 808, 1579, 1483, 1630, 2893, 2237, 2828, 1026, 783, 1813, 1247, 1769, 1780, 1487, 851, 2178, 1202, 1505, 802, 2195, 1171, 878, 5448, 1594, 692, 1276, 1020, 265, 1420, 4863, 597, 568, 2945, 2109, 1728, 4292, 2288, 1706, 1726, 3920, 1626, 896, 519, 2059, 903, 2819, 2081, 1330, 1204, 1724, 991, 785, 1574, 961, 1005, 852, 2442, 1033, 1220, 1339, 831, 497, 1336, 1299, 1124, 606, 2128, 1426, 3888, 2125, 908, 902, 1736, 666, 1791, 3185, 1218, 2189, 1978, 1446, 822, 384, 1380, 2559, 2058, 940, 1900, 948, 831, 1079, 1500, 1475, 837, 1737, 3041, 1345, 1554, 587, 1740, 1266, 1956, 1194, 988, 1747, 1060, 1942, 1207, 4304, 1614, 1241, 2956, 1320, 2197, 1762, 1918, 4735, 1735, 1122, 1944, 1933, 2874, 1458, 2207, 2343, 1370, 3073, 1503, 1392, 1176, 597, 2973, 2200, 7278, 1392, 2787, 1642, 1242, 1387, 710, 2246, 1698, 1363, 1303, 2319, 524, 1959, 648, 628, 1682, 1255, 1479, 1083, 754, 2400, 2818, 1338, 1252, 1480, 2212, 778, 738, 5412, 1658, 2225, 1357, 1171, 679, 1790, 1891, 1552, 2524, 1066, 2140, 2026, 1330, 3746, 1298, 1172, 1735, 793, 2254, 2280, 1485, 293, 1997, 1867, 1708, 986, 1293, 328, 2450, 1803, 1012, 2268, 1436, 2971, 2443, 1111, 2265, 1306, 5107, 1339, 2280, 1786, 1145, 6931, 2403, 1339, 4795, 1362, 1391, 1174, 1670, 1013, 930, 1694, 2290, 975, 3690, 1901, 2165, 2121, 1525, 2113)
(116, 468): Mean: 1785.856, median: 1577.0, std: 1086.205, percent: 1673.56, B: 103, W: 146, 
	(2224, 975, 1248, 7315, 2242, 1559, 877, 1365, 808, 1894, 1407, 1489, 1062, 1699, 2583, 860, 2292, 3133, 1624, 2191, 1323, 808, 1568, 982, 1580, 1430, 800, 1897, 1478, 1367, 3572, 2038, 2766, 1098, 821, 1795, 1310, 1590, 1825, 1785, 864, 2039, 1341, 1665, 1061, 2532, 1188, 951, 5545, 1704, 808, 1409, 1078, 300, 1284, 4105, 523, 639, 2704, 2055, 1631, 3369, 2179, 1592, 1787, 4080, 1631, 821, 544, 2032, 1034, 2825, 2030, 1497, 1295, 1661, 993, 863, 1580, 928, 1187, 817, 2659, 1014, 1195, 1199, 950, 609, 1125, 1211, 1130, 776, 2215, 1509, 4444, 2346, 863, 930, 1584, 630, 1594, 3528, 1270, 2077, 1930, 1393, 661, 371, 1396, 3002, 2514, 918, 1865, 881, 865, 1148, 1550, 1439, 762, 1694, 2656, 1438, 1684, 646, 1714, 1245, 1942, 1243, 1045, 1653, 998, 2060, 1286, 5417, 1805, 1317, 3957, 1486, 2079, 1766, 1830, 4095, 1848, 1339, 1903, 1869, 3067, 1507, 2429, 2051, 1235, 3498, 1574, 1452, 1176, 646, 3560, 2035, 7881, 1568, 2505, 2022, 1274, 1336, 735, 1954, 1746, 1662, 1427, 2670, 563, 2178, 683, 580, 1714, 1402, 1613, 1041, 767, 2474, 2496, 1157, 1469, 1592, 2056, 801, 806, 5649, 1721, 2217, 1622, 1343, 669, 1979, 1975, 1573, 3063, 1073, 2139, 2300, 1434, 3836, 1360, 1206, 1791, 855, 2399, 2276, 1510, 300, 1839, 1700, 1585, 1027, 1202, 365, 2467, 1816, 955, 2108, 1554, 3604, 2362, 1102, 2176, 1328, 4873, 1481, 2418, 1774, 1163, 6185, 2462, 1428, 4721, 1419, 1350, 1018, 1649, 1081, 914, 1716, 2134, 924, 3399, 1717, 2099, 2401, 1621, 2216)
(117, 469): Mean: 1786.86, median: 1547.0, std: 1066.306, percent: 1723.92, B: 123, W: 124, 
	(1958, 928, 1329, 7684, 2178, 1411, 974, 1514, 793, 1779, 1548, 1551, 1117, 1563, 2926, 899, 2980, 3350, 1787, 2244, 1352, 772, 1776, 898, 1766, 1476, 805, 1957, 1914, 1542, 3333, 2183, 2903, 1008, 791, 1970, 1222, 1685, 1888, 1705, 988, 2329, 1269, 1731, 1056, 2844, 1176, 877, 4330, 1568, 728, 1489, 1009, 312, 1302, 3823, 523, 660, 2660, 1970, 1655, 3202, 2297, 1639, 2230, 3965, 1592, 967, 441, 1965, 937, 2973, 1880, 1625, 1461, 1789, 978, 919, 1850, 1017, 1071, 750, 2648, 1051, 1223, 1225, 874, 554, 1176, 1255, 1094, 644, 1923, 1515, 4621, 2559, 802, 911, 1609, 661, 1705, 3481, 1165, 2294, 2010, 1417, 759, 338, 1451, 2745, 2008, 883, 1866, 872, 1039, 1099, 1434, 1355, 815, 1655, 3301, 1573, 1484, 598, 1827, 1342, 1705, 1224, 1119, 1563, 1081, 2011, 1199, 4351, 1615, 1043, 3054, 1538, 2014, 1876, 1840, 4473, 1910, 1262, 1889, 1796, 2760, 1390, 2250, 2100, 1243, 2881, 1546, 1577, 1094, 626, 3064, 2240, 7659, 1480, 3013, 1787, 1323, 1357, 721, 2556, 1722, 1472, 1446, 2252, 565, 1938, 636, 629, 1460, 1231, 1343, 1023, 808, 2446, 2519, 1439, 1363, 1398, 2405, 795, 814, 6249, 1620, 2175, 1511, 1137, 669, 2201, 1975, 1655, 3118, 1041, 2381, 2511, 1512, 4294, 1348, 1215, 1870, 878, 2116, 2666, 1384, 230, 2035, 2159, 1513, 952, 1184, 429, 2396, 1721, 908, 2524, 1639, 3828, 2605, 1150, 2363, 1386, 4419, 1465, 2088, 2056, 1117, 5591, 2201, 1435, 4139, 1385, 1327, 1156, 1544, 1015, 983, 1813, 2304, 938, 4217, 1755, 2316, 2163, 1535, 2104)
(119, 480): Mean: 1784.14, median: 1578.0, std: 1050.755, percent: 1656.0, B: 124, W: 126, 
	(2024, 1009, 1233, 6513, 2168, 1438, 899, 1335, 827, 1830, 1424, 1570, 917, 1736, 2332, 966, 2897, 2960, 1745, 2383, 1140, 766, 1745, 878, 1514, 1466, 826, 1859, 1567, 1612, 3434, 2333, 2722, 1107, 786, 1795, 1171, 1535, 1879, 1647, 877, 2015, 1315, 1605, 836, 2243, 1095, 818, 4388, 1523, 709, 1393, 909, 318, 1323, 4916, 479, 815, 2650, 1821, 1937, 3012, 2242, 1661, 2126, 3925, 1807, 844, 452, 1945, 1026, 2999, 1996, 1416, 1331, 1485, 964, 907, 1729, 1024, 1104, 778, 2771, 1050, 1166, 1154, 1043, 506, 1107, 1268, 1145, 692, 2124, 1727, 4028, 2395, 873, 948, 1695, 721, 1529, 3372, 1138, 1942, 1801, 1434, 665, 371, 1382, 2988, 2012, 885, 1982, 970, 936, 1160, 1567, 1356, 849, 1862, 3362, 1506, 1715, 604, 1736, 1357, 1740, 1229, 1085, 1634, 1038, 2008, 1324, 5148, 1723, 1421, 3874, 1590, 2172, 1626, 2013, 4467, 2397, 1122, 1859, 1874, 3220, 1529, 2540, 2272, 1351, 2850, 1463, 1605, 1187, 638, 3190, 2214, 7073, 1806, 2575, 1558, 1378, 1586, 811, 2375, 1594, 1530, 1397, 2326, 553, 2100, 654, 573, 1616, 1252, 1653, 1123, 816, 2848, 2592, 1397, 1603, 1594, 2254, 793, 802, 6588, 1614, 2128, 1928, 1256, 698, 2345, 1909, 1552, 2500, 1040, 2253, 2220, 1372, 4461, 1248, 1219, 1672, 845, 2064, 2108, 1423, 301, 1986, 2087, 1515, 1027, 1139, 504, 2237, 1916, 929, 2526, 1367, 3463, 2350, 1296, 2550, 1312, 5300, 1395, 2337, 1963, 1277, 5579, 2723, 1315, 4234, 1557, 1342, 1059, 1660, 1056, 943, 1629, 2062, 996, 3417, 1721, 2046, 2304, 1634, 2263)
(120, 481): Mean: 1772.748, median: 1536.0, std: 1056.004, percent: 1635.64, B: 138, W: 110, 
	(2246, 1053, 1331, 7745, 2260, 1393, 833, 1485, 812, 2166, 1300, 1500, 962, 1768, 2561, 893, 3007, 3370, 1320, 2254, 1212, 695, 1892, 1003, 1673, 1445, 868, 1840, 1454, 1492, 2605, 2024, 2587, 1065, 771, 1805, 1094, 1679, 1787, 1653, 884, 2096, 1419, 1543, 929, 2375, 1070, 920, 5110, 1778, 683, 1461, 1039, 313, 1365, 4202, 550, 777, 2710, 1960, 1589, 3531, 2225, 1604, 2177, 4001, 1750, 893, 452, 1967, 1054, 2727, 1989, 1408, 1379, 1844, 1098, 903, 1682, 913, 1124, 802, 2353, 999, 1289, 1081, 907, 548, 1160, 1171, 1081, 686, 1884, 1647, 3923, 2187, 855, 890, 1473, 675, 1874, 3170, 1151, 2260, 2015, 1395, 617, 291, 1537, 2520, 2544, 880, 1964, 884, 911, 1014, 1463, 1273, 830, 1917, 3231, 1448, 1489, 618, 1629, 1314, 1901, 1223, 1059, 1909, 1008, 2019, 1277, 5186, 1676, 1280, 3354, 1542, 2172, 1794, 1706, 4618, 1807, 1174, 1682, 1737, 2890, 1525, 2343, 1985, 1383, 3110, 1457, 1473, 1194, 676, 3043, 2048, 5800, 1561, 3066, 1758, 1449, 1396, 737, 2235, 2040, 1565, 1407, 2873, 579, 2160, 669, 600, 1544, 1215, 1557, 1112, 817, 2591, 2289, 1161, 1535, 1355, 2187, 782, 706, 5742, 1695, 2309, 1639, 1444, 634, 2217, 2043, 1607, 2902, 1146, 2363, 2250, 1287, 4718, 1263, 1244, 1823, 823, 2056, 2244, 1322, 309, 1854, 2271, 1444, 926, 1185, 403, 2544, 1741, 861, 2150, 1382, 3350, 2521, 1142, 2471, 1479, 5032, 1364, 2172, 1708, 1058, 6521, 2449, 1404, 4531, 1510, 1447, 1147, 1847, 1044, 843, 1774, 2156, 956, 3251, 1703, 2285, 2347, 1477, 2113)
(121, 486): Mean: 1779.108, median: 1547.5, std: 1070.233, percent: 1652.66, B: 127, W: 123, 
	(1893, 970, 1168, 8184, 2421, 1553, 838, 1335, 893, 1715, 1454, 1485, 979, 1852, 2726, 930, 3338, 2925, 1668, 2240, 1295, 785, 1725, 904, 1641, 1538, 836, 1862, 1570, 1414, 3298, 2154, 2938, 1093, 760, 1795, 1216, 1469, 1932, 1756, 885, 2036, 1262, 1691, 1075, 2225, 1220, 885, 5571, 1489, 758, 1454, 906, 305, 1302, 4667, 496, 638, 2565, 1860, 1659, 3216, 2186, 1544, 1839, 3575, 1513, 825, 424, 2016, 1063, 2795, 1723, 1432, 1384, 1625, 932, 852, 1518, 997, 1084, 780, 2401, 1040, 1245, 1207, 894, 520, 1216, 1074, 1102, 722, 1961, 1551, 4917, 2366, 847, 953, 1593, 695, 1720, 2952, 1125, 2226, 1999, 1445, 707, 440, 1341, 2495, 2170, 937, 1763, 839, 870, 1266, 1399, 1983, 808, 1863, 3661, 1482, 1554, 542, 1830, 1348, 1984, 1127, 1020, 1588, 951, 2562, 1237, 4499, 1476, 1292, 3619, 1435, 2074, 1705, 1775, 4535, 2131, 1139, 1692, 1979, 3166, 1412, 2359, 2213, 1230, 3113, 1668, 1557, 1209, 638, 3084, 2002, 6072, 1666, 2739, 1543, 1367, 1373, 720, 2147, 1775, 1375, 1465, 2560, 524, 2219, 670, 596, 1661, 1229, 1504, 1121, 904, 2886, 2951, 1235, 1451, 1776, 2069, 771, 767, 6189, 1618, 2435, 1615, 1386, 780, 2134, 1976, 1963, 3193, 1223, 2249, 1996, 1104, 3728, 1276, 1257, 1824, 810, 2139, 2132, 1494, 292, 2010, 2192, 1510, 1016, 1218, 468, 2285, 1762, 935, 2265, 1593, 3521, 2379, 1213, 2249, 1372, 4708, 1352, 2143, 1917, 1355, 6061, 2446, 1416, 4198, 1367, 1382, 1240, 1579, 1085, 926, 1621, 2023, 1026, 3746, 1689, 2105, 2313, 1593, 2189)
(124, 503): Mean: 1785.956, median: 1558.5, std: 1141.919, percent: 1644.48, B: 126, W: 123, 
	(2171, 1037, 1341, 8946, 2204, 1660, 795, 1366, 707, 1717, 1264, 1743, 1000, 1798, 2312, 983, 3507, 3046, 1663, 2081, 1412, 712, 1919, 886, 1627, 1407, 875, 2073, 1478, 1409, 2917, 1963, 2876, 1057, 775, 1983, 1182, 1680, 1805, 1579, 881, 1951, 1386, 1738, 924, 2569, 1075, 792, 5373, 1407, 674, 1423, 1067, 336, 1315, 4669, 521, 718, 2857, 1816, 1598, 3019, 2416, 1634, 2302, 4641, 1694, 836, 507, 2253, 1000, 3062, 2134, 1579, 1167, 1653, 978, 838, 1560, 934, 1112, 858, 2623, 957, 1193, 1162, 834, 517, 1304, 1124, 1217, 633, 2097, 1657, 3905, 2276, 884, 959, 1478, 716, 1804, 3266, 1181, 2232, 1678, 1230, 718, 327, 1272, 2266, 1952, 874, 1705, 824, 872, 1246, 1452, 1938, 887, 1598, 3928, 1480, 1554, 557, 1854, 1320, 1733, 1204, 991, 1922, 982, 2311, 1253, 4453, 1781, 1174, 2974, 1537, 2258, 1868, 1705, 4712, 1713, 1067, 1824, 1801, 3204, 1474, 2462, 1839, 1195, 3201, 1620, 1566, 1216, 583, 3297, 2040, 7866, 1397, 2920, 1692, 1273, 1342, 811, 2307, 1695, 1466, 1384, 2489, 609, 1909, 667, 548, 1528, 1273, 1369, 1128, 874, 2332, 2760, 1297, 1366, 1752, 2260, 848, 746, 6220, 1761, 2282, 1567, 1121, 898, 2392, 1775, 1531, 2453, 1130, 2553, 2141, 1342, 4330, 1253, 1292, 1703, 855, 1996, 2564, 1262, 289, 1722, 1889, 1557, 1025, 1132, 524, 2098, 1728, 996, 2093, 1544, 3285, 2407, 996, 2233, 1377, 5353, 1470, 2020, 1948, 1285, 6620, 2718, 1310, 4211, 1426, 1334, 1024, 1573, 1145, 861, 1831, 1838, 896, 3558, 1877, 2038, 2283, 1548, 2364)
(127, 516): Mean: 1766.04, median: 1497.5, std: 1076.663, percent: 1677.82, B: 133, W: 115, 
	(1896, 980, 1306, 7751, 2185, 1593, 860, 1358, 761, 1752, 1296, 1541, 875, 1597, 2604, 911, 2989, 2916, 1908, 2526, 1193, 748, 1674, 955, 1559, 1312, 816, 1685, 1441, 1411, 2923, 1929, 2636, 1061, 733, 2105, 1267, 1680, 1974, 1595, 882, 2382, 1271, 1699, 800, 2466, 1201, 977, 5522, 1468, 813, 1376, 996, 281, 1386, 4913, 526, 648, 2691, 2406, 1834, 3137, 2564, 1706, 2066, 4180, 1485, 862, 470, 2087, 1072, 2427, 1879, 1465, 1440, 1734, 914, 795, 1731, 1021, 1104, 799, 2281, 983, 1251, 1101, 956, 507, 1184, 1256, 1090, 601, 2050, 1432, 3810, 2312, 914, 906, 1454, 676, 1554, 3241, 1065, 2086, 1709, 1269, 687, 305, 1446, 2549, 1968, 1015, 1828, 824, 918, 1103, 1454, 1428, 884, 1917, 3058, 1492, 1519, 609, 1799, 1321, 1734, 1233, 1045, 1829, 991, 2164, 1414, 4323, 1830, 1216, 2807, 1398, 2180, 1679, 1790, 4221, 2140, 1222, 1856, 1903, 3019, 1383, 2489, 2083, 1136, 3029, 1603, 1550, 1121, 627, 3125, 2240, 6933, 1509, 2625, 1670, 1244, 1340, 726, 2306, 1691, 1476, 1347, 2548, 577, 2307, 620, 535, 1484, 1216, 1341, 1180, 791, 2824, 2264, 1450, 1334, 1503, 2418, 788, 752, 5856, 1689, 2350, 1638, 1224, 638, 2278, 1902, 1648, 2936, 1050, 2497, 2036, 1452, 4095, 1297, 1124, 1811, 860, 2223, 2222, 1462, 252, 1874, 1857, 1583, 1024, 1219, 514, 2268, 1637, 903, 2283, 1487, 3903, 2441, 1075, 2332, 1309, 5021, 1352, 2031, 1697, 1141, 6548, 2318, 1300, 4799, 1371, 1237, 1162, 1674, 1147, 904, 1477, 1982, 951, 3623, 1794, 2411, 2517, 1587, 2448)
(129, 525): Mean: 1783.636, median: 1533.0, std: 1073.28, percent: 1728.68, B: 112, W: 138, 
	(2463, 1031, 1162, 8118, 1902, 1501, 875, 1408, 803, 2024, 1277, 1470, 995, 1746, 2678, 894, 2736, 3180, 1744, 2056, 1301, 810, 1748, 911, 1635, 1456, 802, 2154, 1620, 1385, 2977, 1772, 2623, 1044, 779, 1825, 1252, 1408, 1971, 1683, 813, 2572, 1469, 1811, 963, 2437, 1232, 806, 6183, 1557, 717, 1404, 972, 327, 1197, 4261, 510, 685, 3061, 1884, 1758, 3045, 2419, 1891, 1997, 3558, 1466, 938, 545, 2006, 932, 2668, 2380, 1340, 1280, 1453, 921, 844, 1573, 1296, 919, 823, 2533, 982, 1312, 1152, 1143, 485, 1139, 1152, 1061, 754, 1774, 1761, 4631, 2209, 814, 893, 1691, 669, 1601, 3323, 1080, 2096, 1850, 1371, 874, 416, 1427, 2559, 2193, 837, 1836, 930, 1033, 1177, 1369, 1762, 836, 2069, 3863, 1402, 1891, 551, 2013, 1331, 2019, 1370, 1012, 1537, 1019, 2116, 1225, 3949, 1754, 1221, 3366, 1383, 1982, 1818, 1802, 4124, 2005, 1469, 1980, 1817, 3031, 1368, 2684, 2043, 1333, 2785, 1314, 1751, 1163, 718, 3405, 2408, 7534, 1530, 2693, 1832, 1349, 1419, 858, 2694, 1876, 1411, 1473, 2528, 508, 2154, 781, 566, 1400, 1172, 1409, 1077, 732, 2601, 2465, 1161, 1624, 1432, 2042, 1073, 754, 5296, 1741, 2346, 1641, 1275, 685, 2133, 2035, 1424, 2939, 1007, 2679, 2131, 1263, 4140, 1305, 1109, 1825, 1029, 2267, 2266, 1454, 281, 1808, 1919, 1563, 1069, 1081, 410, 2553, 1799, 916, 2275, 1551, 2876, 2558, 1176, 2144, 1536, 4646, 1498, 2260, 1711, 1125, 5855, 2049, 1395, 4473, 1444, 1286, 1014, 1772, 1510, 900, 1540, 2245, 936, 3707, 1627, 2133, 2440, 1482, 2260)
(130, 527): Mean: 1793.164, median: 1533.0, std: 1129.417, percent: 1688.44, B: 127, W: 123, 
	(2436, 1007, 1237, 8457, 2109, 1509, 802, 1464, 783, 1888, 1329, 1598, 954, 1655, 2756, 877, 2717, 2911, 1600, 2057, 1289, 739, 1606, 858, 1592, 1543, 800, 1822, 1529, 1396, 2976, 1891, 2940, 1033, 809, 1850, 1278, 1525, 2127, 1552, 809, 2620, 1381, 1837, 829, 2784, 1086, 851, 6588, 1467, 726, 1334, 1047, 336, 1315, 4793, 597, 707, 2729, 1898, 1775, 3284, 2343, 1868, 1871, 4379, 1533, 861, 495, 2133, 1046, 2993, 2201, 1575, 1288, 1565, 926, 846, 1609, 1064, 1058, 818, 2340, 1046, 1203, 1146, 1037, 541, 1145, 1197, 1056, 729, 1921, 1612, 4497, 2341, 813, 931, 1470, 594, 1583, 3055, 1072, 2326, 1820, 1383, 850, 421, 1598, 2551, 2002, 901, 1840, 1053, 956, 1326, 1442, 1791, 798, 1988, 4548, 1424, 1831, 610, 1613, 1287, 1845, 1284, 1046, 1571, 977, 2110, 1295, 4026, 1792, 1279, 3429, 1393, 1846, 1750, 2052, 6140, 1882, 1260, 2172, 1782, 2552, 1362, 2848, 2154, 1239, 3165, 1530, 1442, 1123, 729, 3201, 2338, 7134, 1533, 2463, 1764, 1341, 1318, 808, 2207, 1731, 1421, 1489, 2438, 558, 2152, 689, 657, 1457, 1243, 1357, 1166, 783, 2553, 2289, 1246, 1392, 1557, 2182, 996, 864, 5395, 1569, 2461, 1618, 1177, 638, 2289, 2135, 1395, 2660, 1033, 2498, 1812, 1302, 4748, 1392, 1160, 1824, 1011, 1986, 2077, 1438, 271, 1832, 2200, 1376, 936, 1186, 446, 2409, 1840, 823, 2165, 1322, 3299, 2715, 1160, 2275, 1415, 4581, 1430, 2025, 1842, 1067, 5856, 2508, 1251, 4701, 1333, 1333, 1048, 1687, 1376, 976, 1640, 2150, 956, 3688, 1673, 2084, 2174, 1559, 2409)
(131, 532): Mean: 1774.048, median: 1502.5, std: 1105.16, percent: 1678.56, B: 136, W: 113, 
	(2031, 906, 1205, 8028, 2390, 1638, 884, 1394, 823, 1841, 1242, 1455, 1023, 1770, 2646, 850, 2522, 2484, 1647, 2372, 1191, 740, 1846, 949, 1566, 1495, 795, 2035, 1493, 1505, 2968, 1790, 2515, 1041, 773, 1813, 1108, 1344, 2216, 1776, 840, 2346, 1279, 1706, 909, 2517, 1212, 855, 7161, 1458, 737, 1398, 1041, 332, 1290, 4096, 535, 612, 2586, 2050, 1743, 3195, 2180, 1791, 2051, 3837, 1665, 857, 495, 2265, 1029, 2612, 2022, 1496, 1357, 1831, 904, 842, 1425, 980, 1068, 831, 2669, 923, 1177, 1137, 1104, 510, 1123, 1178, 1119, 720, 1965, 1483, 4250, 2241, 846, 847, 1460, 619, 1780, 2704, 1166, 2450, 1847, 1225, 889, 383, 1444, 2685, 2013, 844, 1608, 889, 897, 1625, 1452, 1821, 845, 1795, 4054, 1482, 1498, 605, 1847, 1395, 1959, 1423, 952, 1539, 1103, 1932, 1329, 4687, 1755, 1128, 3113, 1570, 1933, 1679, 1891, 3631, 1914, 1217, 1908, 1833, 2745, 1513, 2463, 2151, 1157, 3046, 1447, 1427, 1232, 768, 3612, 2739, 6939, 1496, 2459, 1722, 1435, 1359, 799, 2473, 1916, 1480, 1425, 2175, 522, 1935, 618, 562, 1462, 1142, 1442, 1052, 787, 2690, 2382, 1350, 1484, 1509, 2231, 1099, 763, 6046, 1543, 2642, 1640, 1220, 857, 2026, 2150, 1729, 2425, 1079, 2128, 1972, 1337, 3761, 1382, 1254, 1853, 951, 2023, 2191, 1459, 288, 1721, 2067, 1587, 944, 1251, 472, 2369, 1784, 800, 2132, 1500, 3156, 2823, 919, 2318, 1476, 5468, 1227, 1889, 1628, 1076, 6533, 2672, 1494, 5221, 1273, 1275, 1131, 1577, 1364, 942, 1582, 2131, 912, 3378, 1832, 1943, 2288, 1526, 2211)
(132, 535): Mean: 1765.32, median: 1522.5, std: 1103.744, percent: 1655.3, B: 138, W: 112, 
	(2217, 900, 1229, 7772, 2383, 1577, 856, 1278, 779, 1951, 1263, 1419, 1035, 1605, 2607, 954, 2799, 2702, 1605, 2293, 1187, 715, 1822, 932, 1621, 1342, 952, 1976, 1543, 1292, 2804, 1751, 2509, 987, 799, 1623, 1175, 1385, 2302, 1457, 781, 2250, 1381, 1470, 858, 2401, 1050, 873, 7853, 1520, 653, 1364, 990, 289, 1311, 4371, 487, 662, 2891, 1852, 1618, 3349, 2051, 1792, 2077, 4540, 1614, 901, 569, 2048, 1117, 2433, 2246, 1468, 1254, 1576, 992, 807, 1552, 1055, 1009, 733, 2487, 927, 1250, 1101, 968, 477, 1140, 1062, 1097, 677, 1848, 1539, 3968, 2223, 832, 876, 1543, 613, 1725, 3256, 1174, 1981, 1691, 1372, 827, 338, 1491, 2575, 2121, 866, 1724, 861, 977, 1278, 1525, 1801, 886, 1833, 3943, 1418, 1700, 667, 1718, 1258, 1868, 1456, 997, 1684, 918, 1990, 1282, 4825, 1587, 1189, 3194, 1396, 1980, 1612, 1858, 4253, 1664, 1402, 1841, 1733, 3039, 1341, 2515, 2139, 1174, 2789, 1502, 1433, 1216, 730, 3088, 2023, 7106, 1319, 2391, 1652, 1128, 1465, 802, 2331, 2052, 1457, 1659, 2273, 584, 2007, 678, 614, 1741, 1294, 1370, 1124, 713, 2867, 2385, 1307, 1469, 1552, 1959, 918, 736, 5604, 1693, 2423, 1593, 1321, 797, 2261, 1929, 1500, 2781, 1042, 2714, 1887, 1190, 3655, 1356, 1162, 1754, 1007, 2332, 2179, 1387, 271, 1862, 1805, 1515, 962, 1256, 378, 2342, 1650, 882, 2446, 1443, 3356, 2585, 999, 2304, 1395, 5096, 1354, 2089, 1802, 1047, 5585, 2919, 1455, 4615, 1498, 1341, 1039, 1797, 1440, 900, 1700, 2380, 939, 3833, 1759, 2163, 2122, 1611, 2017)
(140, 583): Mean: 1765.704, median: 1564.5, std: 1059.014, percent: 1647.48, B: 123, W: 125, 
	(2232, 945, 1147, 8325, 2378, 1502, 937, 1342, 770, 2057, 1220, 1516, 1103, 1627, 2345, 909, 2800, 2945, 1834, 2563, 1121, 829, 1710, 949, 1617, 1577, 918, 2330, 1403, 1631, 2782, 2083, 2876, 998, 766, 1611, 1190, 1493, 2068, 1618, 830, 2291, 1358, 1548, 854, 2245, 1119, 805, 5760, 1603, 653, 1503, 1059, 300, 1314, 3672, 510, 627, 2568, 1855, 1834, 3062, 2085, 1796, 1992, 4287, 1678, 855, 478, 2275, 914, 2820, 2036, 1564, 1256, 1571, 914, 901, 1500, 1065, 1040, 785, 2255, 971, 1229, 1088, 1023, 521, 1162, 1148, 1084, 675, 1691, 1633, 3890, 2429, 754, 868, 1434, 665, 1556, 3062, 985, 1958, 2144, 1565, 860, 421, 1637, 2486, 1855, 901, 1959, 885, 936, 1381, 1422, 1523, 819, 1923, 3832, 1424, 1635, 572, 1601, 1199, 1780, 1137, 913, 1585, 1002, 2189, 1426, 5341, 1776, 1143, 3130, 1314, 2016, 1606, 2192, 4526, 1772, 1218, 2258, 1736, 2897, 1422, 2536, 1980, 1156, 3329, 1561, 1610, 1084, 755, 3365, 2331, 6049, 1304, 2879, 1795, 1613, 1443, 767, 2214, 1955, 1441, 1573, 2308, 624, 2133, 668, 592, 1471, 1149, 1366, 1072, 736, 2904, 2510, 1275, 1453, 1587, 2096, 975, 810, 5797, 1649, 2386, 1706, 1286, 835, 2194, 2192, 1674, 2966, 993, 2380, 2083, 1190, 3845, 1505, 1154, 1782, 1028, 1979, 2335, 1361, 231, 1696, 1844, 1400, 1041, 1184, 429, 2260, 1800, 876, 2163, 1406, 3374, 2978, 1121, 2106, 1380, 4295, 1375, 1983, 1901, 1050, 5187, 2415, 1380, 5362, 1248, 1260, 1144, 1664, 1269, 889, 1687, 2426, 951, 3491, 1723, 2007, 2082, 1530, 2340)
(141, 589): Mean: 1748.396, median: 1502.5, std: 1062.224, percent: 1668.74, B: 128, W: 122, 
	(2034, 961, 1245, 6526, 2316, 1489, 906, 1250, 760, 1810, 1203, 1511, 880, 1718, 2588, 877, 3261, 2818, 1592, 2589, 1278, 705, 1702, 956, 1519, 1322, 817, 1785, 1666, 1452, 3120, 2439, 2939, 963, 822, 2015, 1115, 1355, 1849, 1593, 789, 2579, 1417, 1558, 898, 2518, 1191, 896, 4882, 1510, 713, 1433, 1082, 299, 1213, 4094, 605, 542, 2595, 2026, 1607, 3269, 2444, 1442, 2101, 4026, 1551, 882, 446, 1750, 929, 2630, 1837, 1393, 1295, 1529, 868, 802, 1492, 1039, 1058, 831, 2200, 952, 1248, 1211, 882, 486, 1227, 1159, 1143, 669, 1704, 1359, 4120, 2546, 829, 1002, 1459, 633, 1582, 3438, 1052, 2206, 1698, 1221, 836, 321, 1396, 2918, 2173, 937, 1719, 891, 1029, 1320, 1404, 1422, 813, 1695, 3522, 1467, 1525, 619, 1751, 1265, 1958, 1348, 1039, 1791, 1136, 2174, 1228, 5253, 1660, 1204, 3312, 1458, 2331, 1618, 2218, 3910, 2130, 1079, 1703, 1943, 2942, 1581, 2217, 2069, 1347, 2671, 1235, 1604, 1201, 630, 3300, 2255, 8031, 1376, 2434, 1585, 1276, 1259, 801, 2258, 1678, 1513, 1690, 2641, 602, 2287, 642, 602, 1574, 1199, 1667, 1162, 746, 2630, 2327, 1162, 1433, 1413, 2076, 754, 736, 5235, 1640, 1997, 1626, 1141, 813, 2077, 1882, 1609, 2519, 1098, 2683, 2329, 1369, 3468, 1431, 1168, 1842, 805, 2276, 2318, 1317, 277, 1682, 1888, 1414, 1044, 1147, 411, 2189, 1825, 888, 2254, 1477, 3045, 2328, 1054, 2270, 1393, 4493, 1400, 2230, 1846, 1052, 7293, 2648, 1345, 4294, 1478, 1356, 984, 1495, 1151, 913, 1685, 1980, 926, 3669, 1753, 2096, 2205, 1546, 2077)
(144, 606): Mean: 1774.8, median: 1524.0, std: 1042.599, percent: 1695.46, B: 107, W: 143, 
	(2293, 1015, 1366, 7601, 2191, 1476, 835, 1210, 822, 2246, 1328, 1425, 1029, 1843, 2473, 897, 3132, 3138, 1670, 2260, 1478, 761, 1624, 929, 1501, 1370, 811, 1729, 1777, 1450, 3762, 1987, 2477, 978, 867, 1808, 1172, 1447, 1790, 1667, 791, 2384, 1228, 1807, 1109, 2687, 1134, 903, 4217, 1710, 779, 1464, 1030, 311, 1275, 4239, 503, 641, 2699, 1998, 1680, 3572, 2692, 1622, 1932, 3909, 1638, 827, 486, 1950, 1133, 2511, 1688, 1519, 1326, 1630, 1002, 860, 1671, 1008, 1123, 802, 2315, 975, 1181, 1143, 860, 572, 1170, 1161, 1239, 638, 2102, 1411, 4034, 2730, 820, 920, 1510, 673, 1608, 4336, 1163, 1894, 1835, 1415, 839, 353, 1526, 2561, 2350, 860, 1730, 968, 955, 1323, 1505, 1718, 769, 1827, 3224, 1365, 1559, 582, 1969, 1236, 2413, 1201, 1069, 1448, 996, 1906, 1273, 4257, 1567, 1316, 3623, 1558, 2405, 1543, 2040, 4158, 2037, 1222, 2214, 1747, 2888, 1465, 2731, 1908, 1224, 2961, 1491, 1404, 1261, 674, 3002, 2174, 6738, 1364, 2777, 1634, 1382, 1312, 782, 2000, 1891, 1484, 1582, 2540, 505, 2237, 691, 628, 1661, 1226, 1467, 1067, 778, 2547, 2465, 1349, 1509, 1543, 2201, 806, 814, 6708, 2049, 2163, 1761, 1396, 752, 2046, 2028, 1738, 2747, 1204, 2635, 2250, 1392, 3921, 1383, 1178, 1626, 775, 2205, 2266, 1450, 295, 1773, 1946, 1608, 1057, 1219, 547, 2623, 1762, 820, 2111, 1454, 3139, 2274, 1287, 2265, 1367, 4388, 1305, 2158, 1961, 1068, 5516, 2549, 1292, 4533, 1443, 1289, 1087, 1577, 1210, 948, 1766, 1902, 878, 3593, 1790, 2206, 2272, 1522, 2022)
(145, 610): Mean: 1766.796, median: 1555.0, std: 1055.315, percent: 1688.34, B: 130, W: 117, 
	(2569, 925, 1227, 7584, 2063, 1687, 835, 1394, 766, 1685, 1209, 1531, 976, 1688, 2457, 895, 2849, 2891, 1731, 2134, 1345, 730, 1832, 947, 1587, 1337, 846, 1786, 1567, 1616, 2876, 2050, 2722, 966, 842, 1818, 1171, 1448, 1860, 1682, 785, 2388, 1267, 1617, 973, 2293, 1091, 830, 4682, 1620, 706, 1405, 923, 331, 1306, 3884, 496, 669, 2772, 2049, 1671, 3218, 2173, 1546, 2031, 4475, 1600, 834, 490, 2081, 955, 2690, 1965, 1663, 1247, 1698, 981, 841, 1510, 1202, 1149, 800, 2465, 958, 1216, 1183, 883, 539, 1142, 1142, 1107, 733, 1827, 1585, 4385, 2454, 943, 918, 1709, 640, 1665, 3198, 1078, 2100, 1964, 1174, 842, 410, 1382, 2468, 2264, 993, 1684, 855, 889, 1138, 1510, 1512, 910, 1652, 3712, 1470, 1840, 598, 1755, 1455, 2122, 1356, 1098, 1596, 1202, 2020, 1235, 4166, 1617, 1229, 3382, 1316, 2107, 1566, 2007, 4185, 2156, 1216, 1860, 1764, 3216, 1602, 2485, 2001, 1307, 3569, 1341, 1532, 1230, 620, 3279, 2169, 7133, 1722, 3214, 1628, 1357, 1327, 875, 2053, 2041, 1417, 1456, 2327, 532, 2154, 644, 678, 1636, 1308, 1450, 1115, 775, 2535, 2460, 1428, 1417, 1341, 2208, 832, 786, 5785, 1549, 2251, 1464, 1200, 635, 2271, 2061, 1575, 3171, 1118, 2290, 1923, 1270, 4472, 1325, 1182, 2001, 775, 2096, 2266, 1411, 279, 1803, 1813, 1561, 1151, 1162, 525, 2503, 1784, 900, 2150, 1247, 3217, 2612, 1215, 2846, 1394, 4290, 1313, 2318, 1917, 1119, 6770, 2198, 1365, 4091, 1379, 1464, 1016, 1675, 1145, 924, 1788, 2064, 1005, 3365, 1641, 2110, 2118, 1538, 2055)
(146, 613): Mean: 1758.604, median: 1558.5, std: 1064.913, percent: 1623.4, B: 125, W: 124, 
	(2276, 868, 1203, 7880, 2122, 1645, 834, 1449, 773, 2087, 1264, 1558, 993, 1692, 2414, 960, 3454, 2720, 1585, 2460, 1200, 685, 1801, 827, 1626, 1386, 837, 1884, 1655, 1346, 3017, 2225, 2540, 1041, 876, 2069, 1164, 1546, 1911, 1528, 807, 2190, 1362, 1840, 830, 2093, 1199, 909, 5248, 1593, 760, 1504, 1064, 322, 1373, 4051, 508, 562, 2477, 1927, 1619, 3822, 2247, 1523, 1817, 4229, 1564, 886, 445, 1734, 1076, 2748, 1688, 1443, 1329, 1473, 897, 869, 1579, 1154, 993, 803, 2337, 998, 1234, 1210, 832, 558, 1165, 1162, 1130, 724, 2067, 1603, 4264, 2322, 803, 919, 1583, 657, 1559, 3615, 1159, 2027, 1771, 1195, 791, 378, 1528, 2817, 2205, 1000, 1721, 910, 980, 1140, 1417, 1369, 863, 1783, 3762, 1291, 1694, 704, 1667, 1256, 2354, 1304, 1002, 1605, 1355, 2162, 1261, 4638, 1747, 1101, 3376, 1575, 2078, 1775, 2038, 4007, 2002, 1286, 2012, 1880, 2818, 1362, 2484, 1747, 1219, 3381, 1457, 1517, 1226, 630, 2938, 2060, 6180, 1524, 2751, 1649, 1271, 1347, 806, 2115, 1814, 1635, 1395, 2233, 556, 2104, 612, 568, 1769, 1205, 1451, 1212, 784, 2400, 2722, 1235, 1606, 1372, 2163, 764, 712, 6526, 1672, 2327, 1648, 1260, 650, 2002, 2017, 1794, 2479, 1027, 2148, 1870, 1339, 5169, 1366, 1201, 1927, 800, 2279, 2290, 1255, 323, 1725, 1673, 1499, 957, 1242, 498, 2303, 1772, 856, 2398, 1640, 3553, 2500, 1151, 2029, 1398, 4380, 1421, 1990, 1917, 1090, 5815, 2266, 1295, 4499, 1278, 1286, 985, 1604, 960, 965, 1581, 2021, 922, 3682, 1690, 2128, 2399, 1406, 2028)
(148, 621): Mean: 1760.964, median: 1500.0, std: 1092.919, percent: 1687.5, B: 130, W: 120, 
	(2464, 912, 1236, 8712, 2276, 1434, 786, 1308, 861, 2093, 1288, 1484, 963, 1960, 2336, 916, 3412, 2868, 1578, 2505, 1189, 775, 1616, 797, 1565, 1356, 908, 1841, 1530, 1360, 2932, 2186, 2510, 975, 888, 1766, 1249, 1331, 1947, 1811, 838, 2317, 1154, 1629, 944, 2336, 1157, 796, 4851, 1701, 746, 1416, 995, 274, 1275, 4257, 539, 585, 2993, 1934, 1692, 3562, 2450, 1677, 1839, 4005, 1672, 917, 431, 1876, 994, 3187, 1741, 1475, 1298, 1675, 977, 809, 1734, 944, 1112, 823, 2230, 1021, 1305, 1145, 883, 494, 1180, 1112, 1157, 665, 1964, 1486, 3791, 2629, 904, 930, 1428, 648, 1588, 3385, 1183, 2064, 1907, 1370, 797, 361, 1350, 2844, 1878, 911, 1743, 861, 986, 1051, 1325, 1409, 866, 1714, 3188, 1485, 1702, 573, 1704, 1216, 2077, 1228, 1007, 1472, 1122, 1795, 1187, 4495, 1701, 1392, 3101, 1343, 1873, 1667, 1963, 4356, 1794, 1105, 1911, 1724, 2986, 1688, 2378, 2102, 1422, 2994, 1428, 1514, 1242, 580, 3446, 2185, 7408, 1458, 2518, 1772, 1254, 1377, 743, 2134, 2174, 1547, 1433, 2362, 619, 2323, 599, 584, 1644, 1182, 1410, 1118, 776, 2378, 2701, 1292, 1316, 1582, 2270, 817, 701, 5615, 1480, 2450, 1514, 1160, 658, 1987, 1966, 1447, 3281, 1040, 2513, 1964, 1274, 4614, 1263, 1088, 1891, 772, 2123, 2492, 1316, 278, 1750, 1717, 1523, 922, 1340, 411, 2463, 1736, 851, 2225, 1602, 3067, 2671, 1109, 2511, 1368, 4482, 1314, 2075, 1977, 1141, 6281, 3011, 1302, 4472, 1472, 1310, 1018, 1520, 1108, 854, 1612, 2063, 980, 3387, 1639, 2042, 2277, 1648, 2050)
(149, 626): Mean: 1760.432, median: 1537.0, std: 1067.413, percent: 1688.72, B: 115, W: 135, 
	(2240, 988, 1161, 8047, 2071, 1613, 863, 1340, 853, 1763, 1422, 1513, 972, 1594, 2738, 927, 2453, 2813, 1644, 2213, 1128, 737, 1851, 972, 1730, 1283, 896, 1634, 1729, 1289, 3104, 2365, 2630, 1000, 819, 1684, 1162, 1385, 1869, 1576, 793, 2606, 1205, 1536, 885, 2514, 1156, 871, 5604, 1625, 726, 1387, 964, 296, 1403, 4651, 547, 652, 2598, 2128, 1632, 3477, 2215, 1613, 1846, 3582, 1538, 920, 459, 1899, 981, 2622, 1766, 1338, 1304, 1658, 912, 883, 1611, 959, 1083, 786, 2305, 1001, 1271, 1263, 916, 516, 1145, 1274, 1098, 691, 1811, 1407, 3955, 2593, 931, 908, 1829, 693, 1536, 3621, 1265, 2205, 1848, 1254, 804, 348, 1427, 2637, 2312, 958, 1916, 880, 869, 1098, 1352, 1542, 811, 1759, 3556, 1415, 1963, 592, 1721, 1434, 2384, 1282, 1008, 1389, 1255, 1766, 1263, 4180, 1973, 1214, 3472, 1309, 2174, 1692, 2097, 4470, 1902, 1207, 1900, 1699, 2903, 1472, 2561, 2164, 1262, 3003, 1449, 1670, 1139, 617, 3074, 2009, 6754, 1539, 2649, 1676, 1250, 1358, 739, 2468, 1892, 1592, 1616, 2497, 499, 2109, 634, 608, 1707, 1261, 1496, 1091, 802, 2516, 2303, 1182, 1613, 1347, 2355, 741, 704, 5561, 1833, 2321, 1360, 1318, 611, 1914, 1853, 1498, 2456, 1062, 2622, 2113, 1343, 5234, 1379, 1175, 1589, 877, 2102, 2341, 1424, 302, 1833, 1852, 1565, 1041, 1298, 500, 2432, 1591, 934, 2373, 1342, 3494, 2126, 1149, 2481, 1359, 4717, 1282, 2272, 1845, 1171, 6212, 2471, 1341, 3881, 1341, 1304, 981, 1522, 1140, 917, 2054, 1901, 986, 3621, 1730, 1970, 2187, 1541, 2074)
(151, 636): Mean: 1763.056, median: 1522.0, std: 1069.377, percent: 1663.66, B: 132, W: 118, 
	(2410, 983, 1251, 6936, 2199, 1588, 952, 1354, 760, 1623, 1364, 1460, 963, 1622, 2445, 940, 3004, 2973, 1741, 2620, 1240, 721, 1817, 906, 1492, 1402, 821, 1841, 1477, 1387, 3708, 2228, 2817, 984, 885, 1979, 1198, 1421, 1834, 1662, 817, 1929, 1171, 1818, 890, 2552, 1193, 859, 5670, 1715, 693, 1411, 930, 258, 1254, 4303, 531, 574, 2822, 2241, 1555, 2962, 2310, 1600, 1931, 3615, 1705, 870, 449, 1824, 879, 2617, 1873, 1733, 1245, 1410, 961, 798, 1573, 966, 1088, 853, 2265, 1047, 1313, 1163, 887, 528, 1212, 1166, 1147, 647, 2000, 1507, 3844, 3104, 986, 852, 1566, 684, 1670, 3580, 1189, 1961, 1896, 1289, 601, 364, 1523, 2440, 2518, 854, 1827, 813, 815, 1075, 1368, 1418, 792, 1783, 3172, 1362, 1580, 606, 1750, 1333, 1998, 1260, 919, 1521, 997, 2283, 1537, 5552, 1698, 1166, 3493, 1414, 1911, 1618, 2411, 4658, 1873, 1109, 1827, 1938, 2893, 1655, 2398, 1932, 1228, 2830, 1675, 1469, 1092, 679, 3009, 2112, 6704, 1476, 2398, 1645, 1336, 1441, 806, 1994, 1781, 1407, 1348, 2350, 571, 1997, 639, 580, 1790, 1294, 1573, 1232, 844, 2422, 2718, 1305, 1458, 1337, 2157, 818, 667, 5665, 1747, 2286, 1456, 1330, 635, 2705, 1907, 1609, 2553, 974, 2444, 1876, 1294, 4398, 1318, 1040, 2019, 805, 2287, 2701, 1383, 299, 1809, 1776, 1444, 1111, 1398, 553, 2112, 1740, 849, 2341, 1524, 3036, 2351, 1066, 2267, 1347, 4920, 1387, 2101, 1771, 1163, 6299, 2164, 1217, 5239, 1374, 1348, 1042, 1702, 984, 913, 1476, 2181, 883, 3292, 1871, 2448, 2255, 1638, 2445)
(153, 648): Mean: 1758.816, median: 1528.0, std: 1093.172, percent: 1666.72, B: 128, W: 122, 
	(2265, 995, 1160, 8660, 2264, 1517, 817, 1385, 928, 1918, 1258, 1550, 872, 1544, 2918, 953, 3026, 2596, 1610, 2325, 1379, 682, 1774, 982, 1610, 1273, 882, 1740, 1513, 1480, 3362, 1869, 2990, 1088, 821, 1842, 1131, 1530, 1572, 1690, 813, 1868, 1195, 1755, 824, 2201, 1125, 839, 5227, 1631, 708, 1445, 926, 299, 1332, 4488, 510, 539, 2635, 2094, 1710, 3310, 2128, 1703, 1762, 4483, 1510, 861, 460, 2090, 959, 3041, 1818, 1576, 1282, 1471, 896, 818, 1470, 1192, 1024, 824, 2017, 964, 1343, 1173, 818, 524, 1120, 1228, 1160, 638, 1825, 1492, 3839, 2244, 848, 940, 1528, 696, 1651, 3443, 1092, 2100, 1744, 1305, 646, 335, 1408, 2626, 2073, 919, 1668, 858, 804, 1168, 1486, 1475, 832, 1828, 4004, 1513, 1982, 688, 1985, 1421, 1925, 1145, 964, 1530, 1061, 1969, 1158, 4212, 1556, 1146, 3349, 1459, 2160, 1528, 1943, 4687, 1894, 1105, 1900, 1769, 2803, 1568, 2681, 1959, 1223, 2816, 1432, 1538, 1114, 646, 3038, 2092, 6739, 1555, 2459, 2127, 1439, 1525, 726, 2056, 2019, 1406, 1407, 2436, 484, 2076, 567, 549, 1566, 1275, 1533, 1093, 780, 2636, 2522, 1218, 1445, 1378, 1975, 856, 776, 5327, 1526, 2191, 1518, 1197, 643, 2293, 2064, 1559, 2511, 1019, 2517, 2268, 1317, 4032, 1330, 1220, 1994, 801, 2307, 2913, 1475, 310, 1794, 1710, 1541, 946, 1252, 402, 2243, 1695, 833, 2161, 1415, 3503, 2355, 1147, 2760, 1573, 4604, 1330, 2061, 2045, 1124, 6312, 2620, 1384, 5284, 1324, 1389, 961, 1528, 1000, 971, 1672, 1904, 927, 3647, 1553, 2028, 2642, 1643, 2032)
(154, 652): Mean: 1756.828, median: 1530.0, std: 1085.901, percent: 1708.98, B: 133, W: 115, 
	(2250, 942, 1263, 8010, 2227, 1530, 897, 1458, 747, 1766, 1280, 1472, 945, 1861, 2523, 938, 2750, 2977, 1695, 2266, 1331, 732, 1586, 1096, 1587, 1533, 791, 1727, 1544, 1400, 2831, 1883, 2597, 1005, 815, 1916, 1194, 1292, 1777, 1549, 818, 2871, 1154, 1480, 983, 2515, 1086, 839, 4791, 1717, 705, 1447, 998, 292, 1156, 3822, 488, 634, 2567, 1888, 1751, 3700, 2135, 1639, 2057, 3911, 1624, 842, 517, 2080, 964, 2896, 1993, 1447, 1266, 1735, 944, 868, 1474, 1080, 1095, 852, 2392, 1007, 1201, 1076, 952, 523, 1066, 1116, 1070, 657, 1864, 1639, 4040, 2573, 800, 940, 1563, 782, 1610, 3433, 1137, 2094, 1800, 1298, 669, 369, 1355, 2688, 1919, 846, 1840, 945, 839, 1114, 1359, 1509, 876, 1704, 3228, 1376, 1668, 600, 1759, 1177, 1850, 1229, 956, 1784, 1087, 1923, 1433, 4974, 1772, 1320, 3302, 1266, 2110, 1645, 1952, 4800, 1627, 1098, 1780, 1728, 2981, 1477, 2483, 1819, 1272, 3044, 1417, 1533, 1155, 645, 3490, 2157, 7229, 1410, 2620, 1726, 1395, 1344, 796, 2312, 1899, 1513, 1433, 2242, 480, 2067, 649, 623, 1599, 1161, 1500, 1035, 756, 2641, 2569, 1450, 1459, 1452, 2175, 786, 809, 5166, 1625, 2380, 1532, 1200, 620, 2172, 1826, 1735, 2415, 1005, 2409, 2118, 1071, 5104, 1323, 1052, 1857, 780, 1981, 2830, 1254, 305, 1897, 1845, 1548, 953, 1129, 325, 2477, 1634, 937, 2157, 1366, 3332, 2368, 1124, 2698, 1453, 4794, 1250, 2211, 2024, 1104, 6082, 2475, 1312, 5125, 1313, 1270, 1028, 1783, 1045, 940, 1530, 1785, 968, 3864, 1676, 2280, 2807, 1581, 2141)
(156, 664): Mean: 1755.776, median: 1538.5, std: 1040.35, percent: 1695.06, B: 125, W: 124, 
	(2186, 999, 1221, 7113, 2177, 1642, 774, 1337, 816, 1929, 1290, 1421, 855, 1667, 2559, 1015, 3182, 2713, 1590, 2425, 1309, 697, 1736, 981, 1858, 1301, 832, 1904, 1660, 1459, 3876, 1973, 2991, 974, 866, 1870, 1184, 1538, 1631, 1648, 827, 2205, 1153, 1560, 998, 2326, 1129, 911, 4401, 1790, 680, 1625, 967, 268, 1317, 3681, 562, 623, 2724, 1862, 1705, 3320, 2639, 1654, 2065, 4028, 1539, 827, 461, 2282, 1151, 3113, 1776, 1392, 1252, 1548, 918, 824, 1468, 1030, 1063, 807, 2197, 1032, 1207, 1202, 855, 510, 1167, 1216, 1075, 656, 2218, 1483, 4130, 2300, 866, 830, 1454, 578, 1688, 3324, 1110, 2002, 1771, 1368, 690, 308, 1452, 3034, 2056, 870, 1779, 906, 865, 1331, 1467, 1373, 797, 1667, 3450, 1389, 1582, 634, 1765, 1263, 2079, 1131, 1006, 1638, 1053, 1768, 1225, 4149, 1732, 1207, 3577, 1621, 2280, 1509, 1875, 5024, 1827, 1087, 1592, 1830, 2922, 1503, 2543, 1984, 1280, 2926, 1544, 1335, 1125, 616, 3024, 2220, 6787, 1753, 2741, 1721, 1278, 1418, 771, 2066, 1787, 1560, 1433, 2490, 528, 1993, 609, 629, 1439, 1322, 1532, 1191, 839, 2709, 2546, 1285, 1519, 1579, 2309, 810, 658, 5098, 1675, 2639, 1483, 1301, 661, 2105, 1837, 1555, 2935, 1044, 2417, 2081, 1259, 4296, 1355, 1129, 2007, 769, 1975, 2626, 1415, 261, 1806, 1832, 1391, 1128, 1311, 439, 2264, 1541, 940, 2179, 1388, 3091, 2451, 1103, 2121, 1443, 4366, 1392, 2006, 2026, 1101, 5918, 2579, 1316, 5692, 1438, 1390, 991, 1704, 1028, 939, 1669, 2140, 998, 3418, 1659, 2380, 2478, 1543, 2301)
(157, 666): Mean: 1762.112, median: 1520.5, std: 1089.823, percent: 1677.3, B: 127, W: 122, 
	(2102, 962, 1283, 7530, 2573, 1502, 829, 1423, 783, 1865, 1211, 1825, 994, 1457, 2819, 929, 3412, 3152, 1651, 2673, 1205, 746, 1838, 946, 1664, 1700, 783, 1601, 1414, 1360, 3530, 2180, 2684, 1100, 854, 1788, 1238, 1478, 1701, 1531, 816, 2076, 1193, 1602, 924, 2273, 1153, 874, 5344, 1606, 754, 1462, 945, 291, 1183, 4517, 514, 615, 2570, 1998, 1665, 3520, 2301, 1620, 2104, 3403, 1690, 871, 449, 1915, 1070, 2658, 1987, 1435, 1299, 1523, 879, 869, 1438, 1043, 1065, 811, 2181, 1008, 1180, 1154, 825, 554, 1148, 1120, 1089, 614, 1991, 1562, 4474, 2654, 902, 878, 1555, 685, 1514, 3512, 1053, 2231, 1734, 1154, 673, 308, 1535, 2605, 2210, 904, 1736, 862, 806, 1148, 1490, 1290, 806, 1842, 3169, 1507, 1661, 603, 1514, 1186, 1883, 1311, 989, 1525, 988, 1852, 1238, 4812, 1559, 1331, 3239, 1387, 2207, 1533, 1881, 3868, 1696, 1142, 1941, 1805, 3177, 1557, 2548, 2247, 1304, 2971, 1490, 1567, 1093, 618, 3279, 1998, 7414, 1686, 2524, 1787, 1352, 1441, 781, 2170, 1794, 1554, 1473, 2322, 536, 2207, 554, 623, 1518, 1271, 1447, 1239, 736, 2551, 2468, 1262, 1549, 1600, 2247, 850, 748, 5916, 1559, 2497, 1457, 1309, 634, 2144, 1829, 1470, 3013, 1047, 2446, 2045, 1141, 4349, 1309, 1048, 1761, 815, 1987, 2484, 1511, 326, 1889, 1790, 1601, 1094, 1296, 397, 2492, 1589, 992, 2276, 1359, 3482, 2257, 1158, 2257, 1460, 4770, 1389, 2231, 1791, 1136, 6588, 2262, 1314, 4806, 1476, 1276, 1105, 1612, 1144, 860, 1502, 2024, 885, 3491, 1566, 2354, 2396, 1736, 2320)
(159, 677): Mean: 1754.944, median: 1516.0, std: 1060.384, percent: 1671.16, B: 129, W: 119, 
	(2386, 927, 1197, 7679, 2129, 1602, 814, 1447, 757, 2044, 1243, 1487, 948, 1558, 2529, 881, 2957, 3192, 1631, 2552, 1384, 693, 1747, 933, 1529, 1336, 898, 1653, 1543, 1359, 3279, 2246, 2846, 903, 806, 1675, 1130, 1675, 1822, 1581, 819, 2011, 1225, 1784, 1057, 2412, 1072, 865, 5141, 1563, 726, 1442, 995, 312, 1256, 4793, 489, 683, 2676, 2174, 1742, 3599, 2109, 1535, 1772, 3548, 1517, 871, 433, 2080, 1130, 2620, 1956, 1453, 1271, 1783, 919, 846, 1423, 1085, 1088, 813, 2442, 954, 1174, 1300, 846, 435, 1125, 1192, 1103, 761, 1921, 1371, 4458, 2440, 869, 887, 1480, 595, 1477, 3455, 1254, 1944, 1847, 1319, 723, 387, 1349, 2972, 2392, 931, 1861, 922, 851, 1263, 1479, 1481, 904, 1823, 3165, 1344, 1515, 515, 1756, 1306, 1834, 1153, 1053, 1792, 968, 1785, 1308, 5299, 1653, 1356, 3200, 1452, 2126, 1512, 2157, 5223, 1627, 1149, 2022, 1813, 3012, 1467, 2423, 2207, 1180, 3116, 1532, 1435, 1162, 671, 3277, 2506, 7085, 1620, 2412, 1623, 1333, 1384, 785, 2060, 1874, 1584, 1366, 2092, 530, 2333, 610, 608, 1550, 1072, 1558, 1096, 703, 2446, 2814, 1256, 1362, 1391, 2418, 797, 648, 5320, 1696, 2263, 1444, 1219, 633, 2145, 1695, 1636, 2920, 1087, 2097, 1793, 1157, 3802, 1288, 1199, 1852, 849, 2178, 2573, 1337, 345, 1817, 1693, 1724, 1153, 1296, 466, 2251, 1612, 927, 2403, 1412, 3356, 2271, 983, 1946, 1417, 4436, 1379, 2076, 1819, 1154, 5024, 2460, 1523, 4454, 1355, 1290, 1119, 1569, 1059, 991, 1642, 2006, 1086, 3800, 1798, 2345, 2709, 1683, 2150)
(161, 689): Mean: 1770.236, median: 1529.0, std: 1124.641, percent: 1647.32, B: 131, W: 119, 
	(2209, 975, 1335, 8163, 1921, 1554, 836, 1379, 637, 2040, 1438, 1412, 943, 1526, 2519, 849, 3019, 2970, 1619, 2136, 1279, 751, 1712, 870, 1629, 1408, 863, 1672, 1558, 1446, 3144, 2377, 2630, 921, 912, 1819, 1212, 1510, 1741, 1518, 816, 2272, 1205, 1729, 883, 2170, 1301, 936, 5008, 1585, 651, 1427, 967, 297, 1381, 4114, 492, 493, 2825, 2160, 1843, 3534, 2121, 1464, 2099, 4046, 1771, 831, 491, 1869, 1038, 2387, 1700, 1501, 1200, 1687, 927, 857, 1559, 1008, 1043, 819, 2443, 955, 1188, 1156, 812, 542, 1169, 1083, 1113, 569, 1911, 1459, 3953, 2330, 856, 872, 1493, 610, 1763, 3682, 1130, 2243, 1859, 1231, 669, 367, 1495, 2812, 2376, 874, 1890, 976, 798, 1170, 1467, 1397, 907, 1747, 2931, 1545, 1950, 630, 1743, 1245, 1789, 1236, 960, 1889, 943, 2082, 1220, 4321, 1787, 1246, 3045, 1403, 2380, 2001, 1764, 4374, 1658, 1222, 2040, 2025, 2730, 1606, 2545, 2263, 1290, 3138, 1415, 1598, 1087, 589, 3255, 2017, 8870, 1453, 2484, 2005, 1400, 1537, 768, 2121, 2148, 1397, 1374, 2315, 521, 2302, 607, 571, 1574, 1193, 1504, 1187, 815, 2370, 2793, 1321, 1478, 1533, 2084, 845, 745, 6609, 1532, 2320, 1599, 1236, 697, 2115, 1827, 1557, 2779, 1083, 2446, 1907, 1377, 3360, 1433, 1126, 1790, 771, 2126, 2415, 1318, 313, 1843, 2115, 1594, 1185, 1295, 412, 2436, 1697, 842, 2595, 1477, 3491, 2428, 1149, 2326, 1473, 4759, 1358, 2230, 1891, 1107, 6832, 2465, 1256, 4417, 1292, 1365, 1111, 1507, 1186, 987, 1643, 1911, 985, 3602, 1670, 2283, 2364, 1600, 2041)
(162, 691): Mean: 1736.64, median: 1501.0, std: 1033.251, percent: 1637.18, B: 134, W: 116, 
	(2243, 892, 1289, 6846, 2219, 1710, 840, 1367, 775, 1595, 1423, 1422, 929, 1665, 2545, 927, 3016, 3203, 1523, 2607, 1289, 740, 1664, 901, 1566, 1423, 783, 1641, 1615, 1675, 3001, 1789, 2597, 927, 749, 1706, 1139, 1294, 1796, 1413, 829, 2253, 1189, 1561, 1111, 2105, 1075, 806, 5143, 1589, 606, 1485, 1004, 308, 1398, 4241, 479, 681, 2617, 2023, 1800, 3925, 2563, 1475, 1898, 3413, 1564, 895, 548, 1980, 1055, 2916, 1669, 1493, 1276, 1591, 994, 861, 1598, 965, 1051, 828, 2022, 981, 1288, 1124, 883, 492, 1229, 1030, 1116, 660, 2083, 1468, 4591, 2397, 807, 922, 1721, 592, 1484, 3301, 1059, 2000, 1644, 1359, 637, 397, 1353, 3083, 2128, 938, 1958, 837, 771, 1340, 1479, 1405, 875, 1890, 3228, 1438, 1756, 684, 1652, 1318, 1808, 1231, 1002, 1747, 1048, 1902, 1131, 4114, 1582, 1180, 3059, 1338, 1947, 1618, 2025, 4423, 1892, 1250, 1813, 1944, 3238, 1678, 2546, 2065, 1336, 3212, 1557, 1606, 1139, 613, 3347, 2412, 6485, 1509, 2515, 1706, 1331, 1479, 737, 1988, 1973, 1432, 1633, 2014, 554, 2108, 600, 600, 1826, 1259, 1445, 1011, 795, 2525, 2569, 1313, 1526, 1421, 2322, 732, 785, 6412, 1406, 2064, 1361, 1137, 682, 1861, 1959, 1660, 2704, 1040, 2269, 2105, 1348, 3999, 1315, 1192, 2144, 796, 2092, 2559, 1182, 255, 1827, 2029, 1549, 1019, 1322, 403, 2264, 1694, 870, 2314, 1370, 3330, 2214, 1159, 2299, 1404, 3977, 1386, 2009, 1845, 1247, 6445, 2140, 1331, 4115, 1478, 1314, 1002, 1481, 1069, 940, 1599, 1932, 1022, 3614, 1552, 2178, 2059, 1425, 2370)
(163, 692): Mean: 1749.104, median: 1506.5, std: 1077.74, percent: 1631.74, B: 125, W: 124, 
	(2130, 906, 1295, 8436, 1917, 1464, 841, 1332, 752, 2080, 1261, 1442, 1002, 1593, 2377, 872, 2574, 3201, 1749, 2356, 1268, 706, 1788, 939, 1840, 1443, 818, 1624, 1661, 1504, 2781, 1794, 3069, 967, 779, 1752, 1316, 1476, 1988, 1692, 832, 2231, 1249, 1554, 971, 2184, 1244, 925, 5384, 1797, 714, 1433, 1016, 326, 1241, 3447, 496, 618, 2470, 2148, 1641, 3356, 2249, 1786, 2018, 3873, 1586, 850, 516, 1916, 967, 2720, 1633, 1454, 1188, 1590, 921, 861, 1481, 927, 1128, 779, 2288, 1118, 1232, 1225, 928, 530, 1138, 1270, 1048, 655, 1999, 1480, 4372, 2330, 846, 886, 1482, 596, 1421, 3904, 1122, 2109, 1887, 1284, 946, 358, 1412, 2983, 2405, 850, 1900, 922, 955, 1229, 1430, 1323, 792, 1911, 3765, 1566, 1459, 530, 1747, 1275, 1807, 1331, 975, 1569, 1088, 1912, 1203, 4757, 1561, 1301, 3502, 1305, 2086, 1455, 2184, 4194, 1701, 1151, 1831, 1864, 2976, 1543, 2154, 2344, 1210, 2921, 1342, 1644, 1116, 662, 3208, 2146, 6951, 1570, 2798, 1661, 1516, 1452, 733, 1881, 1937, 1343, 1363, 2114, 529, 1870, 633, 624, 1531, 1222, 1496, 1073, 772, 2312, 2299, 1459, 1503, 1357, 2038, 850, 794, 5262, 1578, 2438, 1581, 1257, 680, 2477, 2040, 1557, 2469, 1069, 2398, 1978, 1147, 3299, 1449, 1109, 1858, 849, 2106, 2444, 1323, 311, 1819, 1919, 1509, 1069, 1275, 475, 2032, 1733, 885, 2086, 1389, 3685, 2153, 1136, 2153, 1553, 4764, 1482, 2107, 1854, 1139, 6643, 2547, 1429, 5329, 1337, 1374, 1013, 1529, 1105, 959, 1646, 1850, 923, 3413, 1852, 2160, 2214, 1580, 2340)
(164, 695): Mean: 1748.228, median: 1488.0, std: 1057.678, percent: 1675.48, B: 134, W: 115, 
	(2040, 943, 1313, 7322, 2184, 1586, 821, 1369, 752, 2053, 1268, 1432, 961, 1658, 2521, 906, 3123, 3851, 1646, 2175, 1243, 805, 1704, 923, 1710, 1227, 820, 1560, 1585, 1322, 2895, 2072, 2688, 996, 837, 1710, 1111, 1494, 1648, 1518, 774, 2082, 1247, 1732, 1092, 2234, 1143, 841, 5398, 1533, 659, 1510, 993, 322, 1186, 3813, 563, 678, 3099, 2081, 1848, 2947, 2388, 1478, 1995, 4074, 1545, 852, 486, 1861, 993, 3047, 1631, 1381, 1299, 1577, 896, 882, 1525, 1145, 1041, 868, 2474, 865, 1214, 1071, 945, 524, 1123, 1209, 1071, 754, 2003, 1436, 3879, 2314, 850, 901, 1571, 730, 1614, 3384, 1099, 1930, 1759, 1258, 1037, 399, 1231, 2861, 2680, 848, 1904, 927, 957, 1397, 1388, 1382, 854, 1876, 3089, 1447, 1495, 574, 1631, 1300, 2228, 1158, 960, 1619, 1034, 1974, 1277, 4693, 1553, 1364, 3413, 1304, 2201, 1631, 2117, 5309, 1821, 1087, 1860, 1859, 2890, 1448, 2740, 2046, 1272, 2928, 1437, 1502, 1151, 597, 3435, 2010, 7616, 1561, 2795, 1765, 1304, 1427, 815, 2123, 2051, 1468, 1356, 2111, 581, 2189, 623, 612, 1461, 1154, 1411, 1120, 696, 2380, 2515, 1318, 1456, 1259, 2436, 793, 777, 5020, 1569, 2063, 1417, 1337, 668, 2078, 2061, 1440, 2649, 1079, 2218, 2121, 1266, 3618, 1357, 1098, 1825, 895, 2034, 2475, 1380, 238, 1849, 1863, 1447, 949, 1188, 427, 2188, 1610, 949, 2622, 1503, 3378, 2427, 1194, 2112, 1628, 4730, 1450, 1964, 1669, 1181, 5589, 2324, 1385, 4761, 1375, 1320, 994, 1482, 1081, 920, 1900, 2067, 928, 3696, 1858, 1942, 2659, 1588, 2077)
(166, 707): Mean: 1742.26, median: 1522.5, std: 1025.367, percent: 1670.86, B: 128, W: 121, 
	(2426, 906, 1280, 6201, 2456, 1574, 851, 1349, 757, 1748, 1339, 1369, 897, 1634, 2985, 995, 2897, 2976, 1811, 2562, 1204, 712, 1636, 864, 1505, 1351, 817, 1619, 1422, 1401, 3600, 2217, 2910, 949, 813, 1937, 1098, 1421, 1861, 1756, 762, 2360, 1264, 1533, 881, 2618, 1196, 876, 5673, 1543, 782, 1456, 1052, 267, 1219, 3794, 526, 577, 2598, 2073, 1528, 3236, 1983, 1396, 1875, 4375, 1717, 842, 450, 2046, 926, 2700, 1831, 1508, 1295, 1609, 876, 828, 1590, 934, 1063, 883, 2212, 928, 1238, 1052, 969, 507, 1283, 1122, 1033, 633, 2131, 1545, 4140, 2323, 788, 897, 1758, 682, 1657, 3224, 1115, 2437, 1866, 1258, 937, 337, 1595, 2297, 2019, 913, 1869, 809, 951, 1241, 1390, 1422, 828, 1727, 3135, 1517, 1565, 609, 1657, 1225, 2035, 1223, 989, 1426, 984, 1988, 1167, 4197, 1535, 1181, 3190, 1387, 2438, 1732, 2350, 4355, 1582, 1236, 2075, 1996, 2577, 1439, 2614, 2128, 1344, 3042, 1572, 1459, 1251, 612, 3601, 2050, 7087, 1605, 2740, 1828, 1266, 1367, 735, 2048, 1873, 1380, 1376, 2451, 523, 2095, 636, 677, 1611, 1290, 1492, 986, 746, 2316, 2618, 1251, 1466, 1416, 2351, 778, 732, 4375, 1627, 2194, 1618, 1163, 603, 2344, 1936, 1731, 2628, 1014, 2201, 2216, 1185, 4001, 1410, 1024, 1941, 767, 2136, 2504, 1409, 296, 2055, 1801, 1605, 1111, 1164, 509, 2313, 1830, 933, 2300, 1490, 3022, 2246, 1118, 2228, 1536, 4761, 1398, 2197, 1611, 1182, 7038, 2486, 1379, 3701, 1285, 1298, 993, 1456, 1064, 930, 1723, 1861, 970, 3279, 1845, 2410, 2228, 1668, 2235)
(169, 724): Mean: 1729.908, median: 1482.5, std: 1060.49, percent: 1662.44, B: 138, W: 112, 
	(2220, 913, 1319, 8672, 1794, 1644, 811, 1439, 806, 1700, 1279, 1356, 929, 1781, 2430, 963, 2799, 2799, 1563, 2311, 1156, 789, 1592, 914, 1621, 1419, 792, 1730, 1509, 1311, 2834, 1907, 2585, 1018, 840, 1874, 1212, 1541, 1707, 1603, 855, 1933, 1160, 1478, 854, 2453, 1146, 892, 4658, 1591, 674, 1422, 1013, 289, 1200, 4817, 570, 659, 3008, 2000, 1544, 2899, 2104, 1571, 1851, 4017, 1524, 820, 461, 2045, 976, 2808, 1893, 1379, 1377, 1596, 926, 845, 1677, 1023, 1136, 819, 2040, 1006, 1242, 1180, 876, 512, 1141, 1175, 1168, 645, 2492, 1429, 4113, 2383, 889, 918, 1605, 647, 1473, 3082, 1149, 2109, 1691, 1372, 594, 340, 1374, 2585, 2058, 857, 1583, 783, 823, 1127, 1554, 1397, 863, 1701, 3315, 1467, 1486, 642, 1786, 1206, 2015, 1117, 1018, 1651, 979, 1920, 1134, 4716, 1695, 1201, 3026, 1467, 2099, 1638, 1791, 5143, 1663, 1122, 2037, 1694, 3022, 1453, 2505, 2059, 1246, 2985, 1361, 1501, 1068, 576, 3484, 2256, 6015, 1401, 2383, 1752, 1373, 1323, 757, 2285, 2166, 1475, 1274, 2427, 608, 2326, 585, 568, 1375, 1250, 1334, 1102, 689, 2413, 2531, 1393, 1526, 1262, 2306, 792, 781, 5195, 1478, 2306, 1578, 1150, 643, 1955, 1725, 1673, 2755, 1053, 2254, 2026, 1370, 4066, 1409, 1164, 1818, 755, 1913, 2458, 1450, 246, 1868, 2016, 1648, 991, 1205, 331, 2094, 1626, 937, 2343, 1422, 3290, 2895, 1071, 2387, 1378, 4225, 1236, 1965, 1804, 1163, 6136, 2776, 1519, 5002, 1433, 1297, 971, 1479, 1005, 919, 1556, 1981, 1130, 3254, 1816, 2196, 2670, 1537, 2028)
(171, 733): Mean: 1751.312, median: 1483.0, std: 1104.938, percent: 1682.24, B: 125, W: 125, 
	(2210, 1033, 1147, 8064, 2235, 1527, 863, 1304, 811, 1829, 1213, 1601, 937, 1621, 2949, 911, 3062, 2761, 1744, 2628, 1356, 783, 1648, 887, 1586, 1410, 838, 1561, 1649, 1429, 2978, 2333, 2968, 1043, 782, 1967, 1268, 1464, 1827, 1648, 774, 2395, 1293, 1718, 906, 2669, 1134, 895, 5443, 1455, 742, 1387, 971, 404, 1358, 4008, 494, 616, 2657, 1896, 1730, 3213, 2380, 1491, 1850, 5182, 1638, 825, 453, 2010, 895, 2821, 1837, 1434, 1320, 1574, 961, 935, 1389, 1019, 1082, 826, 2105, 947, 1342, 1271, 897, 522, 1096, 1082, 1069, 688, 2048, 1535, 4670, 2522, 854, 909, 1516, 589, 1542, 2738, 1135, 2295, 1643, 1313, 698, 362, 1373, 2634, 2168, 841, 1802, 873, 800, 1034, 1478, 1467, 780, 1788, 3232, 1378, 1573, 648, 1609, 1205, 1839, 1213, 1037, 1614, 988, 1936, 1265, 3961, 1720, 1161, 4019, 1484, 2467, 1554, 1768, 4772, 1698, 1062, 1786, 1715, 2831, 1337, 2672, 2000, 1273, 2978, 1387, 1577, 1109, 583, 3087, 1984, 7522, 1482, 2334, 1555, 1367, 1295, 726, 2183, 1851, 1468, 1242, 2155, 559, 2168, 607, 542, 1706, 1227, 1457, 1087, 838, 2472, 2666, 1274, 1392, 1520, 2298, 807, 687, 5486, 1789, 2517, 1422, 1221, 722, 2321, 1886, 1481, 2788, 1046, 2345, 1941, 1319, 4618, 1330, 1083, 1859, 821, 1904, 2140, 1346, 320, 1934, 1933, 1582, 963, 1319, 517, 2170, 1516, 1030, 2198, 1303, 3560, 2585, 1139, 2509, 1382, 4231, 1342, 2008, 1744, 1120, 6908, 2462, 1382, 4297, 1473, 1256, 992, 1454, 1007, 864, 1667, 1933, 901, 3435, 1612, 2094, 2186, 1528, 2197)
(173, 742): Mean: 1744.848, median: 1529.0, std: 1072.1, percent: 1637.1, B: 139, W: 110, 
	(1995, 926, 1242, 7047, 2361, 1573, 817, 1339, 796, 2103, 1194, 1321, 844, 1548, 2900, 914, 3222, 3055, 2001, 2194, 1240, 762, 1636, 856, 1557, 1376, 841, 1743, 1507, 1390, 3143, 2266, 2858, 1004, 750, 1886, 1153, 1346, 1645, 1566, 854, 2126, 1420, 1673, 884, 2135, 1181, 846, 5856, 1550, 697, 1532, 920, 319, 1311, 4581, 474, 604, 2496, 2128, 1603, 3015, 2172, 1501, 2197, 3700, 1708, 878, 471, 2019, 919, 2778, 1703, 1507, 1220, 1547, 979, 832, 1753, 962, 1026, 813, 2111, 851, 1188, 1152, 998, 568, 1160, 1249, 1034, 624, 2186, 1544, 4116, 2590, 812, 936, 1469, 606, 1629, 3683, 1128, 2360, 1856, 1250, 634, 317, 1474, 2467, 2154, 940, 1843, 869, 812, 1217, 1300, 1384, 916, 2037, 3193, 1503, 1574, 568, 1772, 1156, 1903, 1126, 983, 1531, 1009, 1855, 1171, 4627, 1668, 1295, 3053, 1435, 2297, 1799, 1693, 4692, 1838, 1013, 1750, 1657, 3027, 1583, 2395, 2192, 1316, 2837, 1568, 1527, 1168, 657, 2849, 2085, 6809, 1554, 2868, 1632, 1342, 1365, 782, 2147, 1826, 1437, 1327, 2284, 560, 2017, 611, 541, 1540, 1227, 1357, 1081, 770, 2330, 2615, 1343, 1386, 1265, 2073, 838, 704, 6644, 1583, 2340, 1307, 1324, 684, 2257, 1912, 1531, 2687, 1031, 2130, 1954, 1313, 4870, 1284, 1128, 1556, 826, 2250, 2631, 1489, 246, 2075, 1745, 1754, 1007, 1189, 510, 2349, 1665, 935, 2262, 1480, 3171, 2386, 1102, 2396, 1302, 4454, 1318, 2401, 1761, 1008, 6077, 2323, 1375, 4015, 1387, 1340, 1057, 1703, 1060, 927, 1560, 1913, 986, 3839, 1586, 2087, 2692, 1498, 2273)
(176, 759): Mean: 1733.512, median: 1497.0, std: 1056.387, percent: 1620.16, B: 135, W: 114, 
	(2365, 827, 1277, 7408, 2047, 1549, 822, 1375, 749, 1833, 1415, 1423, 897, 1527, 2680, 994, 3393, 2762, 1461, 2648, 1320, 737, 1747, 942, 1648, 1424, 868, 1601, 1499, 1278, 2552, 1847, 2951, 968, 806, 1613, 1134, 1831, 1816, 1740, 824, 2099, 1326, 1623, 1007, 2425, 1112, 834, 5058, 1655, 653, 1494, 869, 282, 1247, 4057, 498, 591, 2369, 1911, 1617, 3381, 2126, 1597, 1785, 4008, 1489, 767, 452, 1993, 1016, 2617, 2145, 1449, 1379, 1666, 904, 797, 1299, 877, 1125, 873, 2185, 951, 1243, 1096, 873, 481, 1088, 1331, 1098, 646, 2107, 1566, 4330, 2178, 843, 987, 1540, 635, 1498, 3866, 1213, 2196, 1790, 1184, 636, 273, 1350, 2563, 2293, 857, 1751, 913, 912, 1132, 1466, 1442, 822, 1672, 3116, 1472, 1792, 572, 1697, 1326, 1665, 1191, 892, 1699, 1023, 1882, 1157, 5333, 1681, 1222, 3334, 1407, 2018, 1616, 2024, 4551, 2068, 1213, 1825, 1643, 3152, 1456, 2276, 1875, 1167, 2776, 1553, 1489, 1168, 612, 2995, 2198, 6506, 1450, 2644, 1844, 1447, 1396, 718, 2184, 1745, 1546, 1281, 2187, 559, 1951, 624, 597, 1440, 1206, 1451, 1139, 875, 2307, 2605, 1363, 1539, 1295, 2123, 785, 754, 5559, 1536, 3934, 1423, 1255, 635, 1994, 1782, 1500, 3072, 992, 2260, 2029, 1172, 3804, 1266, 1160, 1677, 721, 1802, 2550, 1381, 270, 1949, 1905, 1561, 1029, 1487, 359, 2592, 1649, 828, 2232, 1421, 2867, 2347, 991, 2479, 1347, 4878, 1354, 2321, 2021, 1096, 6341, 2150, 1496, 3996, 1291, 1287, 984, 1511, 959, 849, 1647, 1964, 891, 3530, 1825, 2146, 2540, 1548, 2162)
(178, 767): Mean: 1742.74, median: 1552.0, std: 1044.299, percent: 1662.08, B: 115, W: 134, 
	(2513, 972, 1227, 7324, 1862, 1502, 852, 1329, 734, 1975, 1300, 1586, 883, 1627, 2445, 823, 3449, 2662, 1739, 2441, 1305, 688, 1599, 880, 1596, 1326, 834, 1781, 1471, 1277, 2675, 1993, 2405, 976, 736, 1678, 1211, 1710, 1710, 1680, 870, 2240, 1247, 1624, 1030, 2150, 1223, 831, 4981, 1537, 669, 1485, 985, 313, 1279, 4577, 521, 696, 2630, 1946, 1877, 2951, 2711, 1589, 2285, 3426, 1555, 848, 517, 1946, 928, 2386, 1744, 1413, 1293, 1611, 960, 870, 1566, 948, 1043, 839, 2147, 1009, 1234, 1205, 835, 488, 1165, 1077, 1141, 719, 2153, 1741, 3904, 2640, 886, 925, 1541, 635, 1634, 3887, 1017, 1996, 1762, 1257, 651, 355, 1564, 2537, 2063, 734, 1869, 942, 850, 1299, 1399, 1497, 820, 1708, 3207, 1545, 1825, 694, 1653, 1303, 1750, 1325, 1007, 1711, 942, 1748, 1147, 4354, 1657, 1332, 2955, 1408, 1915, 1549, 1910, 4324, 2262, 1137, 1952, 1842, 3129, 1468, 2577, 2205, 1352, 2759, 1335, 1662, 1234, 627, 3008, 1870, 7659, 1656, 2422, 1696, 1310, 1291, 763, 2157, 2183, 1448, 1333, 2255, 503, 1961, 634, 571, 1428, 1209, 1615, 1126, 770, 2476, 2702, 1330, 1472, 1398, 2125, 811, 763, 5685, 1675, 2183, 1412, 1284, 585, 2294, 1815, 1619, 2661, 974, 2343, 2026, 1404, 3916, 1226, 1110, 1935, 799, 1958, 2962, 1348, 285, 1826, 1753, 1617, 1012, 1240, 498, 2392, 1614, 924, 2138, 1459, 3648, 2468, 1131, 2647, 1708, 4692, 1367, 2032, 1717, 1119, 5571, 2230, 1340, 4695, 1495, 1399, 1068, 1444, 1062, 880, 1737, 1949, 943, 3520, 1808, 2500, 2886, 1643, 2065)
(179, 770): Mean: 1744.404, median: 1518.0, std: 1078.978, percent: 1661.0, B: 131, W: 118, 
	(2094, 836, 1285, 9654, 2367, 1512, 837, 1332, 778, 1683, 1199, 1428, 896, 1517, 2745, 845, 2610, 2608, 1499, 2273, 1137, 675, 1861, 852, 1597, 1342, 932, 1772, 1540, 1463, 3029, 2090, 2942, 1013, 747, 1740, 1195, 1741, 1681, 1685, 864, 2301, 1246, 1595, 937, 2394, 1161, 772, 5007, 1672, 659, 1453, 953, 336, 1252, 3641, 507, 621, 2761, 1853, 1598, 3414, 2297, 1673, 1840, 4101, 1505, 801, 410, 1819, 986, 2946, 2154, 1459, 1199, 1608, 978, 884, 1489, 1007, 1048, 718, 2406, 927, 1253, 1238, 876, 547, 1133, 1156, 1070, 610, 1895, 1595, 3571, 2488, 772, 962, 1627, 612, 1574, 3171, 1257, 2152, 2070, 1251, 718, 366, 1342, 2590, 2049, 884, 1811, 814, 865, 1262, 1565, 1519, 830, 1959, 3103, 1357, 1566, 689, 1940, 1259, 1772, 1211, 941, 1702, 976, 1547, 1179, 4209, 1561, 1289, 3435, 1346, 1888, 1600, 1774, 4701, 2146, 1190, 2048, 1962, 3822, 1616, 2532, 2171, 1162, 2905, 1479, 1794, 1212, 616, 3386, 1838, 6384, 1418, 2543, 1602, 1463, 1474, 751, 2113, 1823, 1434, 1351, 2143, 531, 1934, 670, 568, 1627, 1187, 1643, 1173, 891, 2434, 2681, 1288, 1492, 1448, 2303, 804, 810, 5458, 1732, 2473, 1361, 1240, 699, 2129, 2197, 1741, 3107, 1101, 2328, 2213, 1296, 3764, 1428, 1083, 1767, 836, 2142, 2459, 1402, 263, 1769, 1947, 1359, 1080, 1239, 463, 2225, 1653, 877, 2499, 1582, 2932, 2622, 1185, 2304, 1440, 4528, 1367, 1872, 1647, 1127, 6146, 2390, 1630, 4282, 1420, 1259, 1018, 1485, 1033, 914, 1539, 1960, 928, 3635, 1569, 2180, 2500, 1472, 2160)
(180, 776): Mean: 1744.624, median: 1519.0, std: 1062.291, percent: 1613.14, B: 134, W: 115, 
	(2273, 897, 1157, 9407, 2137, 1522, 789, 1326, 795, 2085, 1225, 1489, 879, 1713, 2351, 826, 3159, 3011, 1637, 2274, 1356, 764, 1739, 950, 1540, 1461, 801, 1784, 1614, 1427, 3213, 1968, 2745, 1001, 794, 2043, 1249, 1735, 1615, 1629, 855, 2157, 1238, 1489, 975, 2432, 1141, 878, 5198, 1744, 799, 1497, 986, 295, 1366, 4288, 544, 527, 2717, 2043, 1729, 3307, 2226, 1538, 1852, 3886, 1611, 912, 460, 1806, 1087, 2840, 2198, 1450, 1095, 1611, 975, 893, 1410, 980, 1136, 788, 2313, 915, 1249, 1153, 868, 545, 1205, 1180, 1098, 657, 1931, 1539, 4842, 2697, 844, 989, 1537, 649, 1636, 3046, 1097, 2011, 1893, 1234, 708, 309, 1416, 2576, 2283, 881, 2052, 887, 882, 1135, 1430, 1380, 771, 1693, 3016, 1374, 1756, 576, 1703, 1352, 1760, 1125, 936, 1595, 993, 1844, 1194, 4536, 1564, 1292, 3243, 1237, 1993, 1484, 2067, 4289, 2177, 1179, 1780, 1941, 3546, 1577, 2701, 2155, 1382, 2959, 1448, 1557, 1245, 645, 3256, 2069, 5725, 1407, 2456, 1527, 1474, 1422, 722, 2318, 1727, 1408, 1438, 2300, 612, 2078, 598, 581, 1516, 1185, 1509, 1104, 807, 2388, 2340, 1296, 1467, 1466, 2218, 817, 786, 5217, 1671, 2341, 1375, 1176, 709, 2038, 1802, 1388, 2985, 1148, 2660, 2433, 1309, 4502, 1264, 1127, 1767, 770, 2025, 2264, 1346, 307, 1892, 1885, 1601, 983, 1219, 312, 2631, 1772, 851, 2254, 1396, 3578, 2754, 1069, 2254, 1809, 4177, 1485, 1957, 1979, 1080, 5682, 2263, 1439, 3599, 1543, 1258, 1003, 1533, 977, 884, 1570, 1978, 873, 3039, 1751, 2313, 2058, 1581, 2142)
(181, 782): Mean: 1762.348, median: 1511.0, std: 1130.778, percent: 1648.86, B: 124, W: 124, 
	(2103, 952, 1285, 9295, 2167, 1658, 858, 1348, 734, 1700, 1157, 1293, 969, 1616, 2511, 848, 2634, 3211, 1617, 2537, 1165, 655, 1797, 992, 1634, 1503, 831, 1817, 1374, 1481, 3397, 2078, 2474, 982, 836, 1942, 1184, 1773, 1658, 1465, 843, 1987, 1150, 1615, 820, 2193, 1117, 916, 5643, 1652, 661, 1508, 979, 302, 1221, 3991, 587, 580, 3115, 1925, 1707, 3615, 2315, 1594, 1903, 4260, 1607, 809, 465, 2052, 1083, 2574, 1768, 1585, 1133, 1490, 991, 770, 1514, 1057, 1027, 775, 2153, 937, 1232, 1071, 893, 545, 1075, 1185, 1128, 649, 1931, 1441, 4554, 2519, 839, 883, 1562, 618, 1608, 4004, 1177, 2328, 1827, 1310, 775, 300, 1415, 2844, 2333, 873, 1775, 926, 831, 1158, 1515, 1337, 748, 1894, 3317, 1322, 1812, 582, 1803, 1304, 1916, 1252, 1032, 1785, 1000, 1840, 1120, 4386, 1697, 1081, 2927, 1339, 1888, 1757, 1930, 5094, 2185, 1100, 1853, 1809, 2597, 1461, 2428, 2377, 1199, 2964, 1402, 1438, 1267, 640, 3525, 1937, 7461, 1609, 2389, 1777, 1237, 1348, 780, 2322, 2151, 1454, 1538, 2205, 557, 2108, 688, 556, 1632, 1247, 1488, 1120, 795, 2237, 2275, 1408, 1396, 1483, 2287, 738, 729, 5310, 1544, 1977, 1497, 1146, 668, 1940, 1926, 1643, 2712, 1081, 2528, 2072, 1251, 4454, 1254, 1238, 1895, 782, 2419, 2337, 1241, 308, 1665, 1955, 1535, 933, 1193, 395, 2343, 1619, 913, 2836, 1409, 3332, 2489, 1156, 2231, 1488, 4551, 1275, 2141, 1863, 1266, 6309, 2603, 1270, 4678, 1367, 1405, 974, 1638, 1418, 950, 1855, 1834, 906, 3595, 1709, 2143, 2549, 1444, 2125)
(182, 786): Mean: 1746.104, median: 1522.0, std: 1066.506, percent: 1651.64, B: 124, W: 126, 
	(2120, 1009, 1169, 7419, 2384, 1520, 913, 1355, 766, 1659, 1245, 1433, 833, 1530, 2330, 898, 3197, 2916, 1570, 2428, 1227, 723, 1611, 1017, 1745, 1365, 883, 1774, 1870, 1250, 2966, 2110, 2809, 861, 800, 1738, 1154, 1548, 1710, 1619, 814, 2016, 1218, 1577, 1017, 2579, 1284, 873, 4825, 1681, 868, 1368, 1085, 320, 1289, 4164, 551, 573, 2696, 2056, 1582, 3309, 2168, 1544, 1981, 3762, 1458, 824, 422, 1896, 1037, 2506, 1977, 1520, 1189, 1527, 956, 802, 1394, 1013, 1196, 777, 2270, 1000, 1281, 1134, 1001, 449, 1143, 1143, 1117, 641, 1909, 1486, 5006, 2177, 821, 885, 1546, 634, 1792, 3158, 1099, 1937, 1854, 1532, 680, 365, 1285, 2646, 2122, 981, 1870, 904, 829, 1360, 1557, 1330, 788, 1723, 3210, 1494, 1786, 658, 1746, 1286, 1980, 1220, 1008, 1460, 1054, 1682, 1235, 4875, 1767, 1331, 3040, 1434, 2025, 1736, 1761, 3992, 1595, 1205, 1785, 1918, 2840, 1584, 2662, 2005, 1243, 2696, 1417, 1607, 1196, 614, 3346, 2093, 7212, 1629, 2655, 1658, 1424, 1407, 741, 2173, 1977, 1461, 1426, 2462, 545, 2252, 619, 590, 1796, 1209, 1526, 1145, 763, 2505, 2565, 1401, 1524, 1370, 2087, 828, 757, 6042, 1665, 2150, 1473, 1211, 654, 2237, 1854, 1564, 3118, 1077, 2384, 2005, 1157, 4511, 1267, 1092, 1731, 785, 2170, 2357, 1397, 278, 1697, 1749, 1426, 985, 1268, 480, 2215, 1600, 897, 2404, 1445, 3046, 2642, 1133, 2360, 1422, 4751, 1240, 2246, 1990, 1113, 6525, 2979, 1388, 4499, 1240, 1416, 1047, 1407, 1104, 978, 1666, 1818, 885, 3475, 1713, 2179, 2413, 1464, 2126)
(183, 792): Mean: 1731.804, median: 1492.0, std: 1061.433, percent: 1638.48, B: 137, W: 113, 
	(2201, 884, 1275, 6740, 2304, 1694, 867, 1472, 797, 1983, 1331, 1413, 902, 1854, 2463, 953, 2635, 3079, 1559, 2279, 1366, 735, 1814, 810, 1795, 1353, 841, 1571, 1545, 1335, 3000, 2414, 2544, 979, 848, 1938, 1124, 1323, 1785, 1451, 772, 2087, 1230, 1589, 962, 2327, 1200, 810, 4822, 1517, 715, 1421, 1092, 305, 1327, 4193, 484, 610, 2767, 1990, 1578, 2951, 2334, 1461, 1919, 3706, 1594, 736, 417, 1950, 1033, 2970, 1761, 1482, 1239, 1608, 1058, 855, 1385, 1003, 1035, 893, 2156, 972, 1224, 1152, 889, 483, 1088, 1109, 1011, 605, 2143, 1379, 3798, 2634, 853, 912, 1536, 539, 1491, 3388, 1180, 2269, 1850, 1328, 772, 369, 1327, 2510, 1989, 864, 1951, 820, 840, 1321, 1412, 1345, 807, 1742, 3073, 1309, 1704, 471, 1714, 1251, 1676, 1191, 964, 1642, 1090, 2077, 1268, 4608, 1663, 1197, 3071, 1684, 2176, 1713, 1965, 4254, 1804, 1145, 2192, 1756, 2983, 1460, 2379, 1936, 1245, 3301, 1464, 1417, 1193, 584, 3824, 2271, 8895, 1440, 2597, 1639, 1429, 1308, 727, 2140, 1762, 1412, 1576, 2345, 562, 2092, 665, 603, 1534, 1204, 1538, 1042, 737, 2370, 2660, 1192, 1517, 1259, 2211, 818, 726, 4930, 1340, 2379, 1540, 1206, 589, 1862, 1808, 1714, 2702, 1036, 2704, 1867, 1416, 3793, 1412, 1122, 1835, 754, 2191, 2492, 1213, 303, 1831, 1703, 1685, 960, 1238, 422, 2233, 1631, 894, 2023, 1442, 3188, 2419, 1128, 2204, 1391, 4917, 1376, 2107, 1813, 1121, 6439, 2440, 1493, 4113, 1275, 1236, 952, 1504, 1081, 908, 1803, 2330, 920, 3230, 1684, 2198, 2417, 1646, 2131)
(184, 796): Mean: 1739.208, median: 1483.5, std: 1048.305, percent: 1665.76, B: 124, W: 126, 
	(2178, 933, 1278, 7850, 2027, 1490, 938, 1330, 771, 1817, 1158, 1470, 908, 1887, 2273, 901, 2816, 2702, 1510, 2562, 1329, 678, 1571, 986, 1764, 1357, 944, 1734, 1275, 1242, 2772, 2345, 3025, 973, 777, 1746, 1071, 1396, 1695, 1732, 762, 2083, 1149, 1584, 930, 2425, 1230, 858, 6205, 1665, 771, 1475, 1060, 272, 1401, 3638, 462, 527, 2852, 2122, 1671, 3241, 2098, 1610, 2099, 3502, 1489, 832, 463, 2083, 940, 2789, 1803, 1429, 1305, 1501, 927, 925, 1439, 836, 976, 758, 2360, 948, 1169, 1178, 882, 437, 1197, 1260, 1120, 593, 1885, 1488, 4157, 2420, 844, 916, 1715, 581, 1670, 3380, 1121, 2040, 1790, 1436, 708, 322, 1384, 2260, 2078, 871, 2077, 937, 894, 1046, 1450, 1541, 857, 1642, 2609, 1464, 1511, 716, 1865, 1357, 1897, 1154, 1030, 1762, 989, 1772, 1240, 4423, 1588, 1330, 3089, 1375, 2387, 1574, 1915, 3923, 1740, 1136, 1863, 1828, 2686, 1459, 2261, 1879, 1293, 3550, 1410, 1433, 1155, 593, 3905, 2177, 6308, 1407, 2488, 1706, 1490, 1297, 742, 1921, 1801, 1454, 1360, 2413, 622, 2286, 595, 575, 1473, 1202, 1477, 1190, 792, 2550, 2809, 1442, 1437, 1549, 2081, 836, 722, 5328, 1479, 2362, 1594, 1298, 601, 2188, 1766, 1647, 3106, 1003, 2378, 2205, 1321, 4227, 1398, 1017, 2071, 780, 2051, 2510, 1555, 264, 2017, 2139, 1451, 975, 1202, 479, 2407, 1941, 977, 2113, 1322, 3530, 2039, 1145, 2107, 1378, 4506, 1355, 2072, 1743, 1204, 6163, 2690, 1379, 4794, 1356, 1304, 1104, 1536, 1067, 870, 1653, 1893, 1100, 3468, 1704, 2625, 2434, 1801, 2195)
(185, 801): Mean: 1763.672, median: 1548.0, std: 1155.38, percent: 1634.2, B: 126, W: 124, 
	(2185, 880, 1238, 9046, 2259, 1466, 872, 1481, 768, 1953, 1267, 1451, 950, 1673, 2702, 861, 2626, 3125, 1551, 2631, 1197, 711, 1776, 924, 1637, 1314, 845, 1792, 1601, 1438, 2719, 2080, 3013, 941, 800, 1724, 1171, 1459, 1613, 1587, 759, 2071, 1281, 1526, 846, 2313, 1090, 795, 5499, 1704, 859, 1405, 966, 305, 1585, 4397, 491, 631, 2609, 1873, 1542, 3281, 2240, 1523, 1829, 3691, 1838, 839, 515, 1718, 1049, 2710, 1659, 1611, 1217, 1660, 939, 829, 1634, 958, 1023, 761, 2343, 945, 1160, 1048, 809, 520, 1142, 1137, 1116, 602, 2165, 1575, 4315, 2459, 827, 875, 1597, 637, 1686, 3159, 1139, 2135, 1648, 1282, 705, 388, 1551, 3139, 1975, 832, 1642, 1014, 873, 1112, 1550, 1585, 887, 1712, 3242, 1365, 1970, 646, 1750, 1292, 1761, 1241, 1145, 1737, 1016, 1827, 1258, 4898, 1678, 1221, 3777, 1325, 1891, 1576, 1900, 4772, 1799, 1119, 2218, 1776, 2848, 1397, 2382, 2056, 1315, 2887, 1423, 1649, 1167, 582, 3284, 2322, 8453, 1539, 2284, 1826, 1424, 1495, 828, 2002, 1967, 1500, 1366, 2452, 534, 1961, 644, 616, 1446, 1327, 1398, 1110, 748, 2360, 2842, 1120, 1412, 1417, 1979, 801, 807, 6293, 1535, 2160, 1519, 1213, 672, 2121, 1684, 1557, 2637, 991, 2071, 2200, 1376, 4219, 1326, 1157, 1853, 776, 2193, 2617, 1336, 297, 1828, 1825, 1644, 1088, 1241, 430, 2176, 1611, 935, 2427, 1563, 3469, 2563, 1169, 2456, 1374, 4783, 1293, 2153, 1899, 1044, 7067, 2482, 1315, 4207, 1371, 1281, 1081, 1608, 1110, 904, 1546, 2044, 902, 3218, 1731, 2204, 2265, 1626, 2328)
(186, 802): Mean: 2182.56, median: 1868.0, std: 1370.986, percent: 2101.48, B: 6, W: 244, 
	(2906, 1063, 1609, 9410, 2575, 1744, 1078, 1605, 976, 2225, 1562, 1636, 1121, 2093, 3245, 1139, 3162, 4125, 1784, 3319, 1544, 1014, 2066, 1198, 1800, 1936, 1035, 2082, 1792, 1841, 4071, 2531, 3530, 1161, 1003, 2351, 1454, 1673, 2168, 1813, 861, 2718, 1635, 1914, 1099, 3195, 1414, 1091, 6125, 2041, 1027, 1771, 1150, 397, 1573, 5534, 648, 690, 3117, 2342, 2295, 3979, 2727, 1862, 2126, 4785, 2112, 947, 603, 2407, 1254, 3109, 2385, 1704, 1724, 1846, 1188, 1122, 1897, 1166, 1267, 1075, 2846, 1079, 1346, 1370, 1012, 696, 1660, 1473, 1416, 910, 2392, 2028, 4584, 3388, 1107, 1048, 2010, 865, 2241, 3725, 1483, 2999, 2027, 1484, 803, 503, 1786, 4093, 2956, 1185, 2204, 1191, 973, 1609, 1652, 2099, 1029, 2140, 4512, 1857, 2132, 826, 2534, 1492, 2569, 1427, 1296, 2168, 1386, 2169, 1642, 4901, 2086, 1676, 3821, 1761, 1971, 2037, 2153, 6205, 2551, 1781, 2107, 2182, 4056, 1810, 3174, 2628, 1470, 3833, 1664, 1938, 1442, 854, 3886, 2620, 8151, 1779, 3191, 2125, 1660, 2139, 959, 2967, 2699, 2005, 1669, 2900, 624, 2590, 903, 799, 2055, 1465, 1874, 1288, 1032, 2707, 3216, 1717, 1844, 1478, 2852, 1091, 932, 5919, 1883, 2932, 1543, 1461, 985, 3378, 2446, 2124, 3100, 1308, 2539, 2384, 1460, 6927, 1614, 1415, 2334, 958, 2718, 2916, 1723, 327, 2314, 2168, 2020, 1208, 1472, 495, 3346, 2256, 1115, 2640, 1912, 5095, 3299, 1306, 2901, 2049, 5689, 1588, 2348, 2305, 1457, 10709, 2608, 1531, 5538, 1625, 1511, 1255, 1974, 1054, 1102, 2352, 2884, 1139, 3871, 2053, 2735, 3175, 1792, 2253)
(187, 806): Mean: 2218.04, median: 1950.5, std: 1424.951, percent: 2065.76, B: 121, W: 129, 
	(3374, 1135, 1687, 10519, 2743, 1850, 1059, 1835, 931, 2821, 1639, 1864, 1198, 2266, 3251, 1125, 3689, 4196, 2235, 2760, 1746, 891, 1992, 1063, 1908, 1869, 1108, 2404, 2007, 1922, 3871, 2579, 3470, 1193, 953, 2193, 1411, 2314, 2102, 2065, 960, 2534, 1362, 1979, 1117, 3004, 1450, 1334, 6959, 2197, 958, 1905, 1109, 339, 1373, 6168, 663, 679, 3674, 2763, 2125, 3809, 3712, 2044, 2491, 4738, 1660, 839, 583, 2375, 1187, 2846, 2634, 1832, 1519, 2092, 1158, 1135, 1710, 1094, 1283, 1071, 3028, 1099, 1311, 1272, 1024, 682, 1289, 1359, 1285, 816, 2347, 1871, 5185, 2878, 969, 1043, 1950, 802, 2038, 4118, 1315, 3136, 2295, 1726, 906, 463, 2138, 3828, 2981, 1324, 1967, 1160, 981, 1556, 1807, 2027, 1105, 2042, 3866, 2012, 2438, 770, 2410, 1442, 2876, 1575, 1116, 2408, 1396, 2579, 1563, 6482, 2001, 1694, 3463, 1984, 2564, 1724, 2370, 5487, 2787, 1565, 2400, 2448, 3429, 1791, 2908, 2596, 1665, 2783, 1699, 2136, 1682, 919, 4941, 2829, 10398, 2076, 2763, 2194, 1532, 1779, 926, 3024, 2946, 2217, 1658, 2809, 620, 2727, 732, 845, 1791, 1584, 1954, 1388, 993, 3051, 3055, 1675, 1538, 1498, 2885, 1009, 960, 5806, 1981, 2782, 1810, 1511, 874, 3818, 2273, 1951, 3486, 1486, 3182, 2780, 1642, 4783, 1511, 1367, 2341, 964, 2320, 3343, 1830, 260, 2321, 2128, 2063, 1306, 1386, 513, 3024, 1899, 1070, 2695, 1770, 4566, 2933, 1171, 2783, 2115, 7201, 1584, 2543, 2153, 1445, 8778, 2920, 1622, 5281, 1753, 1547, 1244, 1717, 1114, 1129, 2016, 2737, 1080, 3708, 2204, 3363, 2824, 2009, 2444)
(188, 807): Mean: 1804.876, median: 1579.0, std: 1093.765, percent: 1703.52, B: 241, W: 9, 
	(2441, 953, 1180, 8137, 2070, 1576, 851, 1301, 764, 2151, 1328, 1430, 1036, 1758, 2921, 917, 2572, 3010, 1742, 2426, 1286, 754, 1613, 961, 1736, 1367, 846, 2062, 1576, 1556, 3008, 2524, 2506, 967, 792, 1882, 1138, 1748, 1715, 1440, 828, 1919, 1233, 1857, 942, 2630, 1148, 914, 5343, 1605, 688, 1609, 875, 322, 1296, 4294, 564, 603, 2449, 2331, 1754, 3922, 2565, 1850, 1893, 3638, 1706, 862, 482, 1983, 1036, 3005, 2011, 1608, 1408, 1640, 1031, 871, 1388, 904, 1220, 784, 2214, 966, 1223, 1215, 877, 468, 1153, 1182, 1086, 704, 2051, 1658, 4163, 2425, 839, 994, 1824, 618, 1603, 3349, 1140, 2236, 1916, 1421, 653, 330, 1343, 3160, 2209, 1064, 1867, 988, 890, 1115, 1473, 1607, 813, 1893, 3676, 1579, 1536, 679, 1826, 1346, 1998, 1251, 1065, 1879, 1081, 2244, 1146, 4596, 1711, 1317, 3812, 1385, 2221, 1583, 1850, 5033, 2142, 1147, 1726, 1740, 3148, 1458, 2435, 2672, 1332, 2995, 1437, 1847, 1069, 617, 3567, 2247, 6953, 1548, 2893, 1652, 1317, 1453, 791, 2542, 1825, 1645, 1483, 2161, 567, 2174, 603, 682, 1620, 1238, 1653, 1108, 780, 2833, 2941, 1385, 1354, 1353, 2023, 797, 769, 4822, 1490, 2462, 1435, 1349, 704, 2371, 2055, 1700, 2448, 1155, 2441, 2075, 1559, 3709, 1293, 1144, 1946, 770, 2330, 2633, 1287, 237, 1862, 1779, 1579, 1064, 1309, 430, 2374, 1858, 935, 2276, 1472, 3826, 2678, 1132, 2635, 1636, 4185, 1487, 2263, 1800, 1173, 7154, 2457, 1470, 4430, 1368, 1333, 1044, 1713, 945, 933, 1515, 2344, 983, 3651, 1922, 2471, 2259, 1406, 2335)
(189, 810): Mean: 1815.476, median: 1590.5, std: 1150.668, percent: 1700.48, B: 127, W: 122, 
	(2433, 886, 1204, 9369, 1908, 1699, 894, 1524, 844, 1984, 1517, 1598, 1006, 1737, 2692, 941, 3199, 2873, 1697, 2374, 1106, 766, 1821, 862, 1828, 1415, 916, 1629, 1584, 1521, 3091, 2329, 2900, 914, 760, 1838, 1397, 1467, 1777, 1631, 822, 2239, 1243, 1759, 903, 2521, 1206, 931, 4624, 1766, 785, 1622, 967, 378, 1353, 4569, 644, 609, 2524, 2082, 1740, 3360, 2147, 1638, 1981, 4704, 1596, 821, 503, 2219, 951, 2586, 2028, 1437, 1319, 1520, 924, 819, 1425, 984, 1156, 769, 2193, 992, 1243, 1271, 825, 532, 1175, 1341, 1031, 699, 2112, 1744, 4614, 2418, 831, 906, 1443, 611, 1622, 3810, 1204, 2551, 1791, 1380, 668, 365, 1585, 3039, 2126, 912, 1773, 1049, 848, 1170, 1473, 1552, 805, 1821, 3382, 1431, 1935, 682, 1660, 1289, 1786, 1287, 932, 1692, 1024, 1884, 1325, 4947, 1647, 1375, 3767, 1492, 1836, 1727, 2212, 4936, 2038, 1212, 1985, 1689, 2804, 1540, 2737, 2010, 1371, 3250, 1600, 1742, 1267, 564, 3729, 2197, 7601, 1622, 2837, 1760, 1646, 1499, 742, 2205, 1876, 1777, 1231, 2239, 596, 2067, 601, 581, 1610, 1275, 1562, 1219, 833, 2739, 2578, 1338, 1442, 1329, 2293, 870, 719, 5890, 1683, 2248, 1618, 1323, 839, 2203, 1854, 1649, 3148, 1119, 2484, 2421, 1374, 3875, 1265, 1086, 1982, 801, 2055, 2293, 1284, 336, 1871, 2055, 1525, 1088, 1266, 474, 2561, 1628, 967, 2398, 1429, 3233, 2643, 1093, 2111, 1487, 5297, 1299, 2119, 1736, 1155, 6509, 2363, 1406, 4588, 1484, 1300, 1075, 1538, 999, 888, 1519, 2419, 1066, 3425, 1852, 2369, 2659, 1498, 2347)
(190, 811): Mean: 1811.104, median: 1563.0, std: 1163.335, percent: 1660.82, B: 130, W: 119, 
	(2379, 944, 1244, 9680, 2192, 1701, 834, 1399, 826, 1726, 1369, 1470, 989, 1901, 2505, 1012, 3032, 3066, 1535, 2339, 1295, 722, 1750, 857, 1708, 1340, 821, 1756, 1486, 1477, 3526, 1958, 2645, 1057, 843, 1995, 1349, 1386, 1808, 1856, 901, 1941, 1237, 1529, 935, 2300, 1210, 898, 5234, 1521, 755, 1563, 946, 318, 1266, 3887, 511, 632, 2489, 2408, 2085, 3102, 2193, 1740, 1869, 4383, 1759, 807, 530, 2130, 1069, 3060, 1982, 1683, 1470, 2087, 910, 869, 1620, 1078, 991, 853, 2134, 1009, 1202, 1125, 838, 522, 1244, 1409, 1111, 720, 2128, 1824, 4013, 2426, 907, 949, 1563, 646, 1746, 3711, 1168, 2237, 1833, 1424, 631, 421, 1445, 2970, 2277, 935, 1968, 949, 788, 1200, 1458, 1600, 812, 1705, 3690, 1372, 1796, 621, 1900, 1197, 1934, 1270, 940, 1604, 1107, 1916, 1322, 5333, 1735, 1377, 3763, 1441, 2165, 1532, 1753, 4917, 1782, 1259, 2246, 1763, 2867, 1394, 2683, 2333, 1230, 3019, 1556, 1564, 1122, 661, 3156, 2418, 7108, 1774, 2818, 1681, 1427, 1594, 747, 2028, 1715, 1421, 1324, 2319, 552, 1992, 605, 613, 1747, 1259, 1427, 1160, 888, 2758, 2627, 1358, 1481, 1418, 2088, 804, 824, 6994, 1683, 2116, 1548, 1229, 689, 2336, 1902, 1645, 2750, 1110, 2756, 2112, 1317, 3858, 1321, 1095, 1693, 822, 2044, 2292, 1358, 308, 2065, 2043, 1621, 1045, 1295, 408, 2409, 1697, 932, 2614, 1577, 3555, 2401, 1086, 2411, 1498, 4665, 1419, 2016, 2005, 1228, 6941, 2361, 1306, 4647, 1290, 1443, 1064, 1644, 905, 897, 1891, 1956, 950, 3451, 1623, 2387, 2515, 1461, 2204)
(191, 814): Mean: 1813.66, median: 1573.0, std: 1169.732, percent: 1705.6, B: 129, W: 119, 
	(1984, 910, 1266, 9758, 2205, 1617, 956, 1612, 786, 2098, 1418, 1341, 1111, 1715, 2659, 913, 2611, 2821, 1607, 2083, 1282, 745, 1774, 949, 1696, 1466, 825, 1915, 1570, 1371, 2875, 2421, 2598, 1020, 776, 1783, 1193, 1584, 2026, 1488, 918, 2348, 1279, 1619, 833, 2119, 1199, 868, 5235, 1599, 737, 1418, 1029, 317, 1275, 3819, 531, 614, 2573, 1993, 1680, 2948, 2581, 1667, 2107, 4611, 1612, 780, 453, 2221, 1036, 2823, 2058, 1392, 1381, 1863, 1059, 862, 1431, 924, 1028, 761, 2317, 1066, 1300, 1257, 880, 543, 1237, 1211, 1062, 735, 1871, 1650, 4093, 2224, 804, 892, 1560, 617, 1577, 3586, 1254, 2198, 1801, 1402, 771, 393, 1418, 2747, 2681, 900, 1971, 880, 1004, 1126, 1551, 1503, 805, 1726, 3515, 1433, 1641, 579, 1807, 1417, 2471, 1184, 1012, 1652, 1112, 1816, 1308, 5613, 1542, 1294, 3947, 1585, 1891, 1564, 2063, 4633, 1690, 1180, 1913, 1978, 3270, 1585, 2495, 2240, 1268, 2746, 1446, 1607, 1174, 630, 3345, 2698, 6628, 1834, 2879, 1744, 1432, 1468, 801, 2146, 2426, 1716, 1285, 1975, 583, 2151, 604, 657, 1558, 1212, 1493, 1110, 773, 2549, 2878, 1334, 1528, 1398, 1981, 841, 824, 5920, 1880, 2343, 1511, 1365, 758, 2005, 1860, 1620, 3506, 1075, 2428, 2389, 1275, 4664, 1336, 1095, 1753, 770, 2110, 2683, 1187, 350, 2132, 2191, 1582, 976, 1275, 537, 2619, 1719, 865, 2275, 1455, 3786, 2410, 1148, 2334, 1631, 4739, 1388, 2357, 1763, 1107, 7831, 2749, 1531, 4816, 1331, 1285, 1057, 1528, 1094, 888, 1992, 2001, 909, 3223, 1666, 2198, 2349, 1576, 2025)
(194, 829): Mean: 1783.448, median: 1527.0, std: 1085.498, percent: 1695.1, B: 140, W: 109, 
	(2571, 980, 1366, 8205, 2033, 1479, 841, 1388, 751, 2002, 1388, 1333, 912, 1836, 2579, 931, 3122, 3183, 1730, 2451, 1273, 658, 1772, 852, 1667, 1529, 926, 1626, 1487, 1325, 3098, 2131, 2827, 961, 761, 1850, 1306, 1420, 2027, 1672, 891, 2897, 1142, 1850, 873, 2699, 1329, 837, 5547, 1821, 719, 1529, 947, 351, 1236, 3810, 541, 629, 2369, 2219, 1665, 3039, 2474, 1525, 2296, 4689, 1505, 815, 543, 1913, 991, 2410, 1792, 1427, 1273, 1662, 1112, 832, 1578, 974, 1147, 757, 2264, 1012, 1283, 1075, 880, 490, 1176, 1199, 1095, 690, 2050, 1802, 5159, 2431, 864, 1005, 1913, 595, 1626, 3475, 1118, 2064, 1881, 1240, 816, 333, 1371, 2744, 2758, 997, 1700, 941, 894, 1063, 1438, 1584, 830, 1748, 3047, 1321, 1587, 534, 1827, 1447, 2524, 1305, 1032, 1513, 1029, 1814, 1257, 4639, 1624, 1383, 3265, 1437, 1982, 1562, 1843, 4363, 1827, 1021, 1954, 2010, 2813, 1511, 2295, 2061, 1238, 2842, 1495, 1644, 1124, 654, 3244, 2241, 6360, 1607, 2514, 1735, 1308, 1487, 729, 2044, 2010, 1614, 1241, 2320, 565, 2041, 602, 641, 1474, 1329, 1383, 1174, 735, 2307, 2821, 1397, 1448, 1432, 2131, 897, 728, 5597, 1537, 2259, 1550, 1357, 728, 2186, 1964, 1598, 3197, 1104, 2483, 2242, 1537, 3724, 1403, 1059, 1901, 784, 1943, 2341, 1401, 281, 1793, 2289, 1642, 988, 1262, 378, 2430, 1510, 996, 2258, 1519, 3616, 2638, 1147, 2230, 1407, 5157, 1396, 2310, 1654, 1111, 6030, 2358, 1239, 5039, 1550, 1259, 1033, 1453, 1101, 903, 1967, 2196, 957, 3603, 1704, 2465, 2616, 1484, 2107)
(197, 842): Mean: 1732.8, median: 1484.0, std: 1012.494, percent: 1674.0, B: 138, W: 110, 
	(1956, 881, 1323, 8254, 2378, 1548, 841, 1528, 739, 1889, 1330, 1470, 956, 1583, 2448, 962, 3145, 2603, 1465, 2062, 1280, 768, 1791, 925, 1657, 1434, 841, 1928, 1437, 1288, 2841, 2154, 2859, 1012, 768, 1939, 1143, 1436, 1796, 1760, 862, 2906, 1188, 1670, 983, 2396, 1126, 895, 4848, 1601, 731, 1472, 917, 288, 1266, 4135, 563, 597, 2742, 1918, 1687, 2832, 2102, 1516, 1647, 3354, 1599, 892, 504, 1899, 1059, 2564, 1919, 1462, 1360, 1657, 963, 871, 1658, 944, 1087, 835, 2219, 888, 1386, 1062, 841, 498, 1214, 1203, 1053, 683, 1834, 1427, 3994, 2510, 859, 928, 1704, 677, 1621, 3566, 1165, 2209, 1889, 1299, 700, 309, 1300, 3150, 2154, 796, 1835, 901, 930, 1182, 1453, 1377, 784, 1902, 3678, 1438, 1695, 633, 1832, 1354, 2431, 1203, 1057, 1756, 1084, 2013, 1243, 4710, 1765, 1259, 3247, 1504, 1948, 1483, 1875, 4204, 1731, 1194, 1928, 1716, 2739, 1446, 2391, 2064, 1318, 2698, 1420, 1526, 1078, 611, 3209, 2201, 5253, 1468, 2666, 1829, 1190, 1305, 750, 1991, 1975, 1510, 1365, 2456, 548, 2209, 627, 624, 1485, 1278, 1337, 1097, 960, 2307, 2608, 1380, 1498, 1453, 2110, 782, 755, 4252, 1474, 2232, 1397, 1259, 663, 2453, 1966, 1408, 2579, 998, 2292, 2014, 1370, 4586, 1362, 1147, 1583, 758, 2040, 2472, 1699, 317, 1707, 1842, 1637, 917, 1284, 433, 2242, 1868, 869, 2584, 1388, 3713, 2547, 1162, 2258, 1390, 4330, 1210, 2128, 1932, 1081, 6159, 2569, 1361, 4532, 1301, 1229, 1106, 1501, 1094, 858, 1606, 1904, 863, 3342, 1570, 2119, 2625, 1509, 2176)

Test:
No precond: Mean: 2497.244, median: 2230.5, std: 1214.669, percent: 2491.02, flag: 0 
	(950, 1877, 1941, 3744, 1247, 5987, 1591, 2381, 2752, 2719, 2593, 1137, 1253, 4091, 1708, 6313, 1086, 1351, 2778, 2363, 2458, 3768, 1766, 673, 2961, 2180, 1841, 2736, 5944, 3685, 3480, 2306, 2914, 2443, 1792, 2633, 2141, 4723, 964, 5409, 1415, 1365, 2197, 2119, 4040, 2732, 2921, 4361, 3014, 957, 2406, 2700, 1016, 2727, 1027, 2206, 4471, 5667, 1023, 2254, 1165, 1674, 3359, 1425, 1789, 2027, 2275, 3964, 2649, 2021, 4787, 1110, 2587, 2272, 1938, 2301, 5418, 2672, 1851, 975, 2245, 1659, 1756, 2166, 2142, 1639, 2126, 577, 1965, 3532, 3207, 1680, 1477, 2114, 2249, 1844, 6588, 3956, 3429, 1896, 2283, 2294, 1954, 1963, 5632, 2312, 1484, 5220, 3578, 1482, 1083, 1703, 2010, 1982, 2121, 1963, 1474, 3246, 3444, 1895, 1519, 1214, 1727, 3619, 2218, 2905, 1983, 1012, 3293, 1160, 4712, 3107, 2411, 2979, 3354, 1456, 2438, 1712, 1625, 2868, 1529, 2304, 1987, 1497, 3180, 721, 1195, 1917, 1328, 924, 3485, 814, 4130, 3147, 3932, 2682, 3182, 1594, 2130, 2582, 1685, 1483, 3374, 4695, 2891, 3307, 3968, 3869, 2384, 1420, 3376, 2724, 4297, 1429, 1424, 3804, 2088, 3379, 1458, 3026, 1638, 3871, 1794, 779, 5650, 893, 4333, 1585, 2784, 1212, 2860, 2502, 1756, 1301, 1700, 1520, 1457, 2108, 2847, 1731, 5055, 3275, 801, 1719, 2677, 3232, 2390, 1571, 1775, 1773, 5055, 2885, 1386, 2727, 1195, 3078, 5249, 2163, 1890, 1574, 3070, 1313, 3534, 2465, 1861, 6735, 3555, 3290, 1992, 2142, 4196, 414, 3297, 4340, 1567, 4321, 2878, 2612, 1249, 1405, 2994, 2379, 2402, 2623, 2127, 1920, 1607, 2076, 2243, 1334)

Jacobi: Mean: 2079.96, median: 1846.5, std: 1147.316, percent: 2054.8, BvN: 230, WvN: 20, flag: 0 
	(743, 1369, 1195, 3231, 1009, 7387, 1727, 1614, 2239, 2554, 2275, 1024, 1025, 5804, 1392, 6411, 954, 1206, 2706, 1704, 2675, 2968, 1375, 575, 2623, 1668, 1803, 2268, 6098, 2546, 3110, 2118, 2038, 1593, 1423, 2732, 1976, 4085, 744, 6085, 1046, 1389, 1646, 1666, 2604, 1925, 2403, 3549, 2445, 862, 1575, 2241, 624, 2549, 759, 2428, 3182, 3671, 798, 1894, 1201, 1351, 2818, 1136, 1333, 1661, 1858, 4547, 1978, 1662, 3927, 766, 2296, 1997, 1257, 2321, 5079, 2090, 1426, 630, 1914, 1333, 1370, 1692, 1945, 1182, 1937, 385, 1552, 2907, 2769, 1315, 1330, 1709, 1746, 1488, 4297, 3849, 2967, 1630, 1962, 1618, 1884, 1519, 5188, 1964, 1223, 4390, 2857, 998, 753, 1422, 1762, 1366, 1818, 1835, 1100, 2322, 2520, 1718, 1195, 883, 1435, 2633, 2034, 2510, 1484, 787, 2648, 793, 4577, 2329, 1947, 2536, 2555, 1334, 1899, 1378, 1208, 1982, 1252, 1917, 1642, 1197, 3899, 524, 828, 1798, 948, 724, 3138, 538, 4350, 2747, 3355, 2293, 2085, 1131, 1862, 1436, 1299, 851, 2879, 3337, 2748, 2963, 2972, 3018, 2269, 1145, 3289, 1992, 3374, 1441, 1136, 3043, 1875, 2666, 1316, 2061, 1284, 3206, 1368, 568, 4790, 833, 2808, 1211, 3047, 830, 2581, 1833, 1583, 963, 1240, 1198, 1172, 1538, 2347, 1539, 3445, 2356, 499, 1474, 2228, 2595, 1739, 1293, 1298, 1665, 3433, 2055, 1090, 2758, 995, 2370, 5143, 1586, 1301, 1222, 2737, 994, 3193, 1869, 1662, 4635, 2344, 2330, 1485, 2023, 3689, 325, 4013, 2987, 1247, 4158, 2050, 1719, 893, 877, 2201, 2069, 2307, 1994, 1959, 1607, 1329, 1677, 2358, 1092)

Last: Mean: 1700.836, median: 1478.0, std: 919.218, percent: 1667.2, BvN: 246, WvN: 4, BvJ: 245, WvJ: 5, flag: 0 
	(605, 1095, 1086, 2862, 819, 3974, 1247, 1454, 1949, 1789, 1777, 870, 825, 5002, 1225, 5558, 839, 956, 2306, 1619, 1994, 2149, 1187, 487, 2414, 1287, 1090, 2031, 4182, 2029, 2369, 1744, 1702, 1453, 1565, 1712, 1450, 3532, 612, 5527, 846, 1184, 1218, 1488, 2137, 1594, 1835, 2637, 1744, 648, 1214, 1971, 561, 1912, 641, 1562, 2645, 3869, 656, 1955, 839, 1029, 2067, 924, 1177, 1383, 1448, 3421, 1439, 1403, 3357, 683, 1956, 1432, 1081, 1853, 4592, 2011, 1103, 599, 1470, 950, 1256, 1571, 1570, 1154, 1545, 415, 1221, 2594, 2275, 1039, 1255, 1587, 1537, 1252, 4194, 2827, 2657, 1309, 1800, 1485, 1330, 1290, 3842, 1571, 971, 3916, 2412, 975, 643, 1231, 1565, 1243, 1522, 1398, 863, 1795, 2177, 1680, 934, 726, 1271, 2037, 1525, 2173, 1190, 659, 1941, 650, 3585, 1946, 1589, 2280, 2265, 1079, 1380, 1170, 983, 1722, 1055, 1404, 1464, 1079, 3289, 492, 623, 1549, 937, 604, 2787, 476, 3391, 2123, 3114, 1609, 1728, 952, 1475, 1189, 1130, 846, 2070, 2134, 2016, 2146, 2459, 2320, 2065, 951, 2455, 1968, 2764, 1059, 1010, 2290, 1466, 2124, 1156, 1792, 836, 2138, 1261, 519, 3128, 607, 2674, 912, 2450, 705, 2056, 1559, 1206, 801, 1205, 1038, 935, 1222, 2134, 1276, 3170, 1777, 471, 1207, 1882, 2326, 1453, 1020, 1125, 1298, 3011, 1631, 882, 2223, 802, 1976, 4457, 1473, 1155, 1064, 2251, 786, 2664, 1871, 1329, 3519, 1958, 1948, 1121, 1453, 3156, 300, 3379, 2466, 1045, 3179, 1412, 1302, 678, 816, 1832, 1590, 1481, 1949, 1690, 1353, 1066, 1412, 1894, 704)

Best: Mean: 1667.12, median: 1482.5, std: 860.793, percent: 1664.78, BvN: 249, WvN: 1, BvJ: 244, WvJ: 6, flag: 0 
	(647, 1054, 1008, 2642, 713, 3804, 1059, 1443, 1726, 1727, 1745, 938, 817, 4087, 1249, 4694, 768, 987, 2265, 1880, 2225, 2248, 1253, 481, 2053, 1307, 1275, 1809, 4608, 2208, 2456, 1891, 1720, 1371, 1092, 1616, 1450, 3551, 615, 4968, 882, 1185, 1247, 1336, 2574, 1626, 2017, 2439, 1749, 582, 1314, 2200, 645, 2068, 612, 1872, 2850, 3612, 570, 1424, 778, 1029, 2239, 819, 1158, 1464, 1658, 3606, 1497, 1461, 3521, 639, 1712, 1409, 1002, 1746, 3580, 1859, 1123, 548, 1715, 892, 1201, 1576, 1751, 1070, 1480, 349, 1153, 2653, 1866, 1084, 1118, 1508, 1532, 1201, 3585, 3299, 2395, 1236, 1717, 1387, 1502, 1175, 3448, 1790, 795, 3473, 2267, 881, 616, 1327, 1429, 1074, 1413, 1592, 964, 1856, 2279, 1477, 1029, 723, 1552, 1996, 1711, 1984, 1206, 613, 2243, 718, 3310, 1986, 1806, 2146, 1983, 871, 1590, 1113, 927, 1731, 888, 1322, 1457, 959, 2681, 457, 613, 1375, 856, 629, 2517, 493, 3503, 1817, 3056, 1485, 1925, 897, 1325, 1339, 1095, 873, 2399, 2349, 2194, 2304, 2554, 2461, 1818, 909, 2577, 1769, 2500, 1107, 1020, 2561, 1487, 2341, 1138, 1692, 901, 2259, 1133, 542, 3847, 620, 2234, 893, 2564, 731, 2010, 1463, 1279, 814, 1137, 1126, 1036, 1156, 2058, 1123, 2939, 1625, 449, 1245, 1900, 2156, 1449, 1033, 1089, 1199, 2787, 1634, 916, 1735, 850, 2091, 3779, 1440, 1336, 939, 2154, 832, 3216, 1572, 1376, 3110, 1935, 1767, 1231, 1312, 2768, 292, 3033, 2729, 1048, 3260, 1708, 1625, 585, 719, 1675, 1707, 1508, 1545, 1532, 1221, 989, 1470, 2249, 887)

Last Coef List
{1: array([-0.05258171, -0.06131213, -0.06037818, -0.06858014]), -1: array([-0.06004961, -0.07890391, -0.04365715, -0.06122379])}

Best Coef List
{1: array([-0.04621406, -0.05807234, -0.04757913, -0.06375621]), -1: array([-0.04474551, -0.06049477, -0.04990973, -0.06701383])}
