
26/04/2026, 16:29:57
Config file: config/newPrecondType/median/new_pre_median_0.ini
Data:
    1d_laplace_size: 45
    amount: 250
    dist_type: normal
    params: 1 0.3
    seed: 0
    dim: 2025
Solver:
    tol: 1e-10
    max_iteration: None
Learn:
    iteration_count: 100
    step_range: 0.1
    method: median
	seed: 0
    change_scales: 1 0.5 0.25
    allow_disimprovement: False
    disimprovement_scale: 1
    median_best_scale: 0.5
    mean_best_scale: 0.5
    flag_count_limit: 0
Precondition:
    params: 0 0.05
    num_coef: 10
    par_list: 10
    diag_list: 1
    type: diag_shift
    diag: jacobi
    sym: False

Train:
(0, 1): Mean: 2856.088, median: 2517.0, std: 1771.024, percent: 2663.9, B: 250, W: 0,
	(4190, 1649, 2034, 13535, 3780, 2699, 1571, 2336, 1555, 2898, 1924, 2840, 1572, 3072, 4725, 1310, 4418, 5027, 3026, 3550, 1941, 1196, 2311, 1332, 2461, 2702, 1434, 2831, 2418, 2376, 3535, 3016, 3716, 1529, 1265, 2625, 1920, 2130, 2647, 2582, 1492, 3188, 1840, 2506, 2127, 3200, 1853, 1296, 9939, 2603, 1345, 2264, 1489, 552, 1903, 6811, 932, 1046, 4807, 3500, 2920, 4258, 3314, 2878, 3075, 7059, 2527, 1139, 878, 2851, 1625, 4957, 2703, 2358, 1855, 2760, 1404, 1457, 2543, 1650, 1801, 1177, 3554, 1514, 2058, 1896, 1499, 808, 1820, 2142, 1780, 1290, 2892, 2352, 5070, 4062, 1430, 1432, 2412, 1139, 2804, 3979, 1700, 3279, 2851, 2623, 1047, 627, 2190, 4240, 3555, 1725, 2762, 1595, 1295, 1889, 2614, 2462, 1449, 2806, 5838, 2238, 2842, 1009, 3597, 2118, 3757, 2335, 1506, 2898, 1591, 3051, 2238, 7085, 2589, 2067, 4415, 2503, 2624, 2384, 3498, 7326, 3274, 1908, 2812, 2810, 4304, 2662, 4505, 3754, 1882, 3235, 2215, 3102, 1878, 1218, 4970, 2980, 10328, 2647, 4985, 3415, 2169, 2236, 1320, 3751, 3364, 2507, 2162, 4278, 703, 2990, 982, 1263, 2835, 1824, 2833, 1588, 1320, 4941, 5280, 1859, 2228, 2259, 3765, 1515, 1292, 10750, 2386, 3973, 2262, 2249, 1107, 3303, 2623, 2829, 3777, 1773, 3734, 3871, 2248, 5990, 1822, 1865, 3490, 1253, 3043, 3344, 2740, 531, 3437, 3105, 2582, 1631, 1746, 1028, 3969, 2531, 1588, 3452, 2137, 5606, 4530, 1925, 3840, 2335, 7941, 1899, 3494, 2792, 1838, 11293, 3828, 2160, 7802, 2235, 2044, 2015, 2334, 1346, 1407, 2725, 3729, 1701, 6025, 2819, 4410, 3612, 3107, 3202)
(1, 4): Mean: 2861.416, median: 2468.5, std: 1748.907, percent: 2692.94, B: 128, W: 122,
    (4601, 1734, 2013, 12304, 3845, 2663, 1594, 2584, 1542, 2842, 2019, 2342, 1730, 3285, 3793, 1439, 4424, 5405, 2637, 3893, 2125, 1216, 2451, 1361, 2485, 2329, 1490, 3097, 2082, 2665, 4666, 2832, 3807, 1462, 1237, 2375, 1905, 3001, 2803, 2629, 1377, 3062, 2001, 3043, 1769, 3882, 1752, 1372, 10540, 2375, 1256, 2354, 1723, 568, 2009, 7228, 906, 1145, 4326, 3544, 2838, 4279, 5615, 2567, 3581, 6165, 2796, 1169, 736, 3210, 1619, 3910, 3478, 2092, 2125, 2737, 1629, 1439, 2335, 1455, 1916, 1151, 3381, 1372, 1924, 2027, 1640, 944, 1964, 1963, 1806, 1257, 3270, 2357, 6479, 3689, 1387, 1394, 2350, 1020, 3061, 4919, 1658, 2819, 2805, 2264, 964, 552, 2441, 4753, 4463, 1705, 2546, 1414, 1352, 2068, 2446, 2590, 1448, 2663, 6279, 2148, 2654, 699, 3432, 1755, 3658, 2181, 1496, 3231, 1674, 2893, 2194, 6999, 2561, 1882, 4484, 2534, 2650, 2517, 2683, 7185, 3740, 1698, 2914, 3181, 4649, 2327, 4055, 3604, 1857, 3918, 1992, 2558, 1758, 1083, 4868, 3143, 8630, 2588, 5339, 2979, 2162, 2334, 1298, 3408, 3765, 2485, 2351, 3834, 715, 3371, 1055, 1101, 2739, 1946, 2562, 1768, 1386, 4597, 5266, 1929, 2301, 1982, 3367, 1594, 1325, 11066, 2448, 3825, 2163, 2092, 1150, 3875, 2755, 2764, 5121, 1558, 3881, 3365, 2452, 6206, 2047, 1821, 2816, 1364, 3303, 4105, 2635, 432, 2956, 3294, 2721, 1477, 1811, 844, 3629, 2556, 1575, 4312, 2445, 5289, 4546, 1701, 4062, 2237, 7382, 1947, 3264, 3010, 1953, 10803, 3304, 2204, 7537, 2267, 1905, 1600, 2135, 1564, 1462, 2738, 3372, 1618, 5881, 2654, 4533, 3768, 2289, 3218)
(2, 10): Mean: 2885.088, median: 2456.0, std: 1862.459, percent: 2743.52, B: 122, W: 128,
    (4123, 1498, 2134, 15672, 3587, 3001, 1405, 2146, 1369, 2719, 2126, 2795, 1685, 2957, 4410, 1544, 4809, 5851, 2717, 3947, 2031, 1209, 2584, 1537, 2392, 2563, 1335, 3058, 2196, 2104, 4224, 3597, 5714, 1444, 1319, 2943, 2122, 2324, 2798, 2773, 1405, 3011, 1778, 2856, 1360, 4246, 1657, 1377, 9827, 2539, 1278, 2418, 1703, 578, 2131, 6847, 857, 1076, 4404, 3051, 3078, 4656, 3453, 2772, 3403, 7037, 2371, 1261, 847, 2761, 1438, 4275, 3300, 2104, 2117, 2677, 1481, 1474, 2150, 1443, 1790, 1204, 3851, 1441, 1898, 1941, 1500, 905, 1724, 1745, 1912, 1357, 3139, 2413, 7078, 4108, 1452, 1553, 2747, 1354, 2850, 4701, 1874, 3294, 2894, 2002, 1200, 761, 2191, 3743, 3961, 1661, 2714, 1731, 1287, 1930, 2455, 2253, 1608, 3194, 4981, 2457, 2717, 829, 3467, 2136, 3595, 2128, 1568, 2824, 1658, 2939, 2135, 6701, 2672, 2053, 4653, 2312, 2961, 2510, 2715, 7577, 3083, 1958, 3095, 3039, 4440, 2254, 4071, 3352, 2120, 3899, 2444, 2937, 1856, 1223, 5321, 3022, 11015, 2606, 3480, 3417, 2030, 2283, 1329, 3405, 3700, 2626, 2386, 4114, 863, 2801, 958, 1199, 2723, 1711, 2289, 1849, 1283, 4840, 4569, 1903, 2041, 2042, 3641, 1463, 1246, 9999, 2357, 3773, 2256, 2116, 1033, 3316, 2873, 2538, 4799, 1738, 3802, 3204, 2299, 7179, 2061, 1847, 2822, 1346, 2994, 3502, 2592, 509, 3322, 3424, 2559, 1777, 1723, 1013, 4332, 2871, 1564, 4348, 2398, 5267, 4275, 1677, 3120, 2370, 7616, 2045, 3204, 2746, 1993, 11851, 3783, 2083, 7995, 2238, 1972, 1922, 2444, 1478, 1496, 2729, 3998, 1625, 5852, 2564, 4683, 3925, 2719, 3127)
(3, 12): Mean: 2864.296, median: 2424.0, std: 1926.406, percent: 2707.3, B: 134, W: 115,
    (4066, 1542, 1980, 17332, 4061, 2464, 1506, 2398, 1294, 3120, 1816, 2441, 1313, 2945, 4638, 1330, 4268, 5892, 2738, 3575, 2244, 1217, 2314, 1410, 2425, 2407, 1197, 3155, 2219, 2262, 5021, 3333, 4460, 1528, 1194, 2665, 1835, 2561, 2381, 2642, 1301, 3105, 1967, 2863, 1478, 3669, 1695, 1358, 10244, 2918, 1214, 2310, 1573, 488, 1896, 7077, 789, 1110, 4165, 3380, 2667, 4959, 3980, 2401, 3616, 5418, 2387, 1218, 821, 3416, 1420, 3943, 2932, 2073, 2052, 2624, 1658, 1477, 2258, 1707, 1882, 1139, 3864, 1458, 1863, 2086, 1807, 968, 1850, 1890, 1588, 1197, 3352, 2211, 6748, 3091, 1464, 1388, 2675, 1198, 2634, 4237, 1738, 3201, 3068, 2496, 1108, 634, 2220, 3794, 4196, 1603, 2832, 1700, 1297, 1773, 2198, 2490, 1494, 2768, 5623, 2163, 2975, 855, 3061, 2142, 3684, 2407, 1345, 2821, 1611, 2701, 1907, 8356, 2942, 2158, 4779, 2242, 2777, 2822, 2414, 7139, 2914, 1898, 3291, 2744, 5439, 2290, 3821, 3277, 1786, 3591, 2286, 2762, 1702, 972, 4576, 3173, 11251, 2964, 4094, 3024, 1981, 2283, 1249, 3861, 3502, 2495, 2118, 4035, 780, 3043, 1006, 1169, 2541, 1745, 2379, 1743, 1341, 3600, 5349, 2027, 2317, 2340, 3244, 1588, 1256, 9593, 2637, 3296, 2352, 2669, 1133, 3717, 2669, 2252, 4488, 1716, 4268, 3376, 2397, 5806, 1854, 1780, 3173, 1145, 3480, 3232, 3197, 390, 3593, 2905, 2507, 1561, 1858, 896, 4078, 2544, 1445, 3688, 2543, 5544, 4913, 1653, 3621, 2463, 7189, 1969, 3320, 2815, 1814, 12019, 3554, 2351, 9030, 2278, 1927, 1538, 2423, 1557, 1466, 3018, 3104, 1610, 5979, 2359, 4182, 4245, 2839, 3269)
(4, 14): Mean: 2784.756, median: 2413.5, std: 1704.939, percent: 2685.14, B: 133, W: 116,
    (3832, 1355, 1983, 13952, 3630, 2520, 1521, 2318, 1428, 2911, 2075, 2251, 1526, 2683, 4151, 1421, 5618, 5881, 2597, 3977, 1969, 1246, 2794, 1291, 2237, 2012, 1345, 3466, 2291, 3015, 4258, 3108, 4750, 1434, 1160, 2357, 1857, 2516, 2568, 2773, 1362, 2705, 1938, 2665, 1824, 3867, 1711, 1211, 8797, 2526, 1401, 2684, 1615, 526, 1856, 7877, 830, 980, 4314, 3223, 2929, 4387, 3344, 2709, 3371, 6201, 2421, 1140, 729, 3436, 1583, 4415, 2942, 2086, 1962, 2518, 1442, 1411, 2345, 1337, 1798, 1229, 4180, 1425, 1932, 1938, 1528, 978, 1859, 2063, 1681, 1062, 2750, 2207, 6749, 4345, 1429, 1297, 2240, 1107, 2677, 4839, 1655, 3464, 2532, 2188, 1059, 760, 2070, 4105, 3949, 1610, 2778, 1677, 1393, 2120, 2290, 2287, 1437, 2500, 5299, 2412, 3179, 741, 3194, 1977, 3226, 2295, 1331, 2954, 1576, 2931, 2105, 6985, 2509, 2232, 4874, 2321, 3041, 2745, 2940, 7219, 2956, 1893, 2391, 2968, 3940, 2480, 3769, 3515, 1884, 3741, 2386, 2489, 1775, 1028, 4585, 3058, 9480, 2649, 3982, 3073, 1940, 2539, 1327, 3412, 4382, 2622, 2199, 3702, 795, 2728, 940, 1203, 2630, 1917, 2328, 1698, 1176, 4424, 4871, 2057, 1964, 2115, 3246, 1524, 1232, 8712, 2186, 3561, 2211, 1918, 1233, 3095, 2474, 2177, 4680, 1636, 3524, 3315, 2131, 6627, 1854, 1737, 3141, 1273, 3121, 3516, 2828, 487, 2923, 3010, 2606, 1446, 1831, 763, 3850, 2353, 1294, 4246, 2478, 5199, 3659, 1851, 4183, 2464, 7173, 2130, 3428, 2839, 1996, 10217, 3175, 1920, 6469, 2003, 1943, 1695, 2232, 1432, 1559, 2738, 3446, 1753, 5649, 2415, 3677, 4049, 2475, 3200)
(5, 16): Mean: 2481.152, median: 2106.5, std: 1622.072, percent: 2321.18, B: 217, W: 33,
    (3162, 1472, 1801, 13388, 2947, 2032, 1490, 2072, 1257, 2635, 1634, 2098, 1289, 2434, 4384, 1288, 4074, 4706, 2384, 3095, 1670, 1049, 2358, 1304, 2161, 1974, 1138, 2910, 1947, 1972, 3939, 2649, 3822, 1237, 1151, 2530, 1921, 2271, 2564, 2262, 1210, 2683, 1810, 2706, 1325, 3297, 1569, 1166, 6856, 1930, 961, 2051, 1536, 523, 1807, 5496, 808, 795, 3925, 3519, 2291, 3802, 3372, 2185, 3294, 6266, 1993, 1042, 672, 2881, 1342, 4325, 2395, 2147, 1763, 2084, 1340, 1147, 1845, 1472, 1626, 1048, 2752, 1400, 1630, 1741, 1315, 802, 1487, 1607, 1469, 941, 2587, 1991, 5996, 3344, 1232, 1092, 2334, 1023, 2621, 4464, 1425, 3435, 2418, 1935, 833, 759, 1667, 3316, 2787, 1374, 2749, 1215, 1099, 1760, 2130, 2060, 1217, 2494, 4411, 2387, 2315, 834, 2499, 1678, 2609, 1761, 1446, 2790, 1416, 2903, 1732, 6100, 2362, 2044, 4542, 2115, 2555, 2420, 3014, 6452, 2786, 1507, 2576, 2345, 4092, 2056, 3399, 3492, 1720, 3717, 1912, 2221, 1848, 1153, 3674, 2616, 11896, 2311, 4082, 2205, 1859, 2388, 1117, 2768, 2532, 2278, 2015, 3195, 725, 2709, 848, 830, 2001, 1586, 1933, 1615, 1107, 3523, 3571, 1660, 2042, 2059, 2848, 1256, 1143, 8833, 2149, 3900, 2049, 1634, 978, 2890, 2505, 2183, 4077, 1472, 3129, 2786, 1836, 6000, 1684, 1689, 2526, 1149, 2890, 3185, 2311, 427, 2691, 2458, 2093, 1458, 1697, 607, 3098, 2398, 1392, 3488, 1903, 4630, 3317, 1626, 3086, 1721, 5694, 1869, 2806, 2729, 1612, 9619, 3257, 2058, 7645, 1976, 1737, 1531, 1984, 1316, 1300, 2616, 2911, 1260, 5739, 2176, 3241, 3350, 2259, 2780)
(6, 22): Mean: 2449.764, median: 2091.0, std: 1547.25, percent: 2329.52, B: 134, W: 116,
    (3337, 1231, 1860, 13419, 3081, 2231, 1533, 1912, 1107, 2538, 1709, 2173, 1274, 2441, 4078, 1349, 3762, 4864, 1986, 3156, 1756, 1086, 2146, 1316, 2050, 1837, 1158, 2635, 1988, 1947, 3847, 2673, 3216, 1596, 1162, 2735, 1912, 2207, 2594, 2055, 1256, 2601, 1613, 2386, 1180, 3491, 1468, 1234, 8894, 2099, 1049, 1971, 1370, 485, 1746, 6141, 862, 1020, 3773, 3106, 2579, 3986, 2993, 2077, 3401, 5440, 1971, 1050, 719, 2904, 1280, 4082, 2647, 2115, 1830, 2364, 1364, 1181, 1918, 1506, 1617, 1106, 2976, 1287, 1593, 1553, 1289, 786, 1519, 1753, 1525, 1122, 2769, 1928, 3799, 3095, 1159, 1189, 1974, 1069, 2519, 3961, 1419, 3256, 2465, 2226, 891, 514, 1698, 3156, 3096, 1358, 2514, 1316, 1126, 2133, 1898, 1808, 1210, 2319, 5336, 2378, 2346, 670, 2372, 1938, 2598, 1844, 1370, 2514, 1397, 2760, 1876, 5338, 2219, 1653, 3998, 2005, 2381, 2083, 2602, 6232, 2876, 1584, 2503, 2659, 3999, 2301, 3241, 3139, 1914, 4229, 2180, 2382, 1689, 850, 4063, 3282, 9682, 2338, 3930, 2146, 1833, 2041, 1148, 2938, 2741, 1988, 2101, 3062, 724, 2840, 846, 1074, 2244, 1686, 1829, 1512, 1149, 4504, 3376, 1760, 1933, 1942, 2763, 1052, 1023, 8702, 2051, 3532, 1956, 1595, 1078, 2671, 2367, 2303, 3940, 1374, 3310, 2829, 2284, 6728, 1768, 1561, 2619, 1093, 3433, 3131, 2402, 394, 2384, 2237, 2044, 1336, 1820, 637, 3347, 2516, 1295, 3512, 1805, 3783, 3435, 1558, 3791, 1918, 7509, 1649, 3045, 2637, 1487, 7169, 3233, 1891, 5745, 1859, 1862, 1431, 1913, 1318, 1227, 2339, 2944, 1368, 5223, 2609, 3647, 3484, 2147, 3060)
(8, 31): Mean: 2389.02, median: 2028.5, std: 1458.89, percent: 2269.76, B: 166, W: 83,
    (3502, 1332, 1895, 10412, 3523, 2047, 1241, 2342, 1238, 2423, 1750, 2021, 1292, 2199, 4143, 1251, 3335, 4297, 2354, 2988, 1698, 1002, 2435, 1336, 2141, 1951, 1143, 2522, 2017, 2208, 3890, 2358, 3522, 1288, 1075, 2302, 1827, 1993, 2406, 1914, 1228, 2723, 1575, 2222, 1128, 3467, 1582, 1122, 7629, 1797, 1028, 1997, 1601, 487, 1638, 6471, 854, 916, 4041, 3029, 2060, 3871, 2904, 2092, 3164, 6187, 1889, 1106, 537, 2819, 1318, 4477, 2618, 1881, 1770, 2333, 1280, 1195, 1863, 1340, 1704, 983, 2785, 1306, 1423, 1667, 1113, 761, 1425, 1658, 1507, 1005, 2645, 2114, 4969, 3007, 1206, 1124, 2218, 916, 2584, 4416, 1492, 2669, 2427, 1903, 891, 429, 1577, 4034, 2891, 1301, 2554, 1223, 1177, 2018, 1817, 2030, 1165, 2251, 4530, 2354, 2378, 912, 2518, 1830, 2194, 1830, 1212, 2457, 1322, 2878, 2026, 6059, 2027, 1828, 4203, 1871, 2695, 2613, 3287, 7209, 2626, 1497, 2506, 2400, 3942, 1980, 3189, 3138, 1677, 3681, 2121, 2135, 1550, 811, 4308, 2715, 8801, 2319, 3773, 2489, 1737, 1909, 1081, 2825, 2599, 2259, 1877, 2878, 624, 2724, 696, 853, 2078, 1872, 1793, 1493, 1208, 3944, 3594, 1679, 1901, 1849, 2765, 1047, 908, 8660, 1935, 3422, 2303, 1558, 856, 2961, 2693, 2142, 3733, 1415, 3204, 2797, 1950, 5030, 1661, 1605, 2527, 1051, 2895, 3269, 2256, 392, 2526, 2700, 2027, 1265, 1621, 655, 3043, 2355, 1213, 3291, 1899, 3751, 3532, 1485, 3429, 1650, 6511, 1574, 2995, 2292, 1514, 8567, 3172, 1771, 5218, 1843, 1715, 1452, 1995, 1323, 1152, 2378, 2794, 1314, 5277, 2246, 2875, 3308, 1952, 2939)
(10, 42): Mean: 2413.012, median: 2027.5, std: 1540.371, percent: 2271.94, B: 127, W: 123,
    (3152, 1318, 1792, 12379, 2714, 1996, 1447, 2010, 1108, 2566, 1580, 2029, 1337, 2528, 3902, 1223, 3455, 4259, 2295, 3090, 1642, 990, 2306, 1313, 2019, 1845, 1127, 2658, 2098, 2026, 4026, 2505, 3938, 1462, 1730, 2275, 1911, 2215, 2280, 1982, 1122, 2462, 1428, 2421, 1463, 2947, 1708, 1159, 9339, 2108, 1001, 2162, 1314, 494, 1658, 6016, 865, 845, 3764, 3250, 2466, 3506, 3436, 1981, 3030, 5459, 1925, 1042, 670, 2741, 1215, 4356, 3089, 2018, 1743, 2079, 1390, 1116, 1987, 1347, 1539, 971, 2723, 1247, 1509, 1637, 1484, 831, 1420, 1429, 1500, 876, 2461, 1954, 5097, 3375, 1222, 1090, 1919, 949, 2423, 4496, 1426, 2517, 2328, 1573, 954, 477, 1731, 3270, 3181, 1555, 2455, 1192, 1189, 1695, 2020, 1989, 1196, 2269, 4779, 2273, 2180, 779, 2649, 1774, 2626, 1657, 1164, 4016, 1481, 2714, 1711, 6160, 2195, 1549, 4216, 1902, 2561, 2034, 2748, 6142, 2962, 1440, 2139, 2401, 3647, 2103, 3188, 2919, 1620, 2998, 2268, 2466, 1631, 850, 4073, 3044, 10570, 2695, 4169, 2163, 1813, 1943, 994, 2991, 2486, 2152, 1851, 2979, 736, 2714, 839, 818, 2010, 1852, 1801, 1524, 1255, 4523, 4686, 1643, 1878, 1826, 2709, 1132, 989, 8648, 1940, 3649, 2239, 1531, 1014, 3085, 2794, 2188, 4540, 1444, 3276, 2695, 1879, 5468, 1613, 1630, 2308, 1040, 2962, 3619, 2182, 485, 2503, 2633, 2148, 1310, 1604, 637, 3155, 2205, 1253, 3044, 1915, 4289, 3051, 1388, 3126, 1910, 5168, 1713, 3167, 2393, 1573, 8357, 3533, 1782, 5117, 1841, 1768, 1377, 1919, 1192, 1285, 2321, 3196, 1328, 4679, 2468, 3418, 3517, 2264, 2858)
(11, 45): Mean: 2391.0, median: 2027.0, std: 1533.732, percent: 2256.14, B: 132, W: 114,
    (3528, 1224, 1765, 12804, 3370, 2264, 1575, 1941, 1186, 3116, 1743, 1865, 1252, 2263, 3338, 1421, 3473, 4811, 2653, 3772, 1736, 1035, 2674, 1276, 1961, 1799, 1055, 2542, 1908, 1821, 3634, 2855, 3557, 1254, 1110, 2274, 1615, 2063, 2403, 2225, 1139, 2851, 1563, 2310, 1294, 3012, 1669, 1224, 8594, 2002, 910, 2153, 1395, 424, 1926, 5831, 685, 806, 3791, 3190, 2139, 3579, 2564, 2131, 2587, 6151, 1923, 1010, 709, 2544, 1182, 4778, 2432, 1993, 1936, 2553, 1572, 1068, 1889, 1293, 1624, 1005, 3049, 1377, 1509, 1558, 1256, 861, 1400, 1426, 1514, 974, 2672, 2223, 5188, 3229, 1174, 1204, 2019, 1048, 2301, 4337, 1364, 2956, 2178, 1681, 839, 499, 1663, 3730, 2637, 1142, 2749, 1211, 1057, 2453, 2047, 2023, 1102, 2451, 5057, 2031, 2012, 770, 2596, 1823, 2337, 1807, 1204, 2367, 1308, 2747, 1609, 5278, 2051, 1696, 4453, 2198, 2788, 2095, 2430, 5916, 2325, 1543, 2255, 2495, 3827, 2199, 3186, 2652, 1585, 3115, 2085, 2604, 1544, 795, 4802, 2924, 9576, 1992, 4164, 2244, 1745, 1896, 1023, 3088, 2501, 2021, 1949, 3436, 637, 2434, 817, 863, 2102, 1495, 1877, 1599, 1255, 4079, 3735, 1710, 1857, 1953, 2411, 1162, 1085, 7228, 1882, 3273, 1933, 1660, 874, 2221, 2849, 2115, 4370, 1610, 3276, 2513, 1859, 6111, 1660, 1454, 2446, 1008, 2578, 2926, 2278, 405, 2553, 2362, 2068, 1373, 1585, 635, 2691, 2229, 1251, 3295, 1941, 3857, 3189, 1470, 2932, 1846, 5964, 1581, 3025, 2351, 1696, 9482, 3281, 1756, 5531, 1841, 1730, 1590, 1911, 1307, 1230, 2095, 3022, 1267, 5331, 2354, 3620, 3932, 1953, 3186)
(12, 48): Mean: 2300.488, median: 2008.0, std: 1382.949, percent: 2133.56, B: 149, W: 100,
    (2756, 1324, 1832, 8852, 3044, 2334, 1282, 1794, 1094, 2260, 1927, 2112, 1195, 2278, 3357, 1131, 3038, 4691, 2341, 3207, 1715, 1020, 2147, 1315, 2010, 1890, 1028, 2352, 2056, 1754, 3794, 2542, 3529, 1438, 1118, 2299, 1912, 2065, 2503, 2006, 1049, 2371, 1643, 2323, 1273, 2754, 1383, 1153, 7991, 1958, 939, 2118, 1438, 353, 1878, 5367, 761, 944, 3756, 2920, 1999, 3935, 2719, 1977, 2802, 5281, 2103, 936, 580, 2510, 1079, 4018, 2638, 1930, 1818, 2241, 1441, 1242, 2016, 1360, 1422, 907, 2923, 1253, 1551, 1483, 1157, 681, 1474, 1650, 1356, 1082, 2419, 2194, 4645, 3046, 1173, 1089, 2107, 898, 2064, 3980, 1385, 2927, 2247, 1672, 798, 381, 1635, 3078, 2655, 1196, 2340, 1143, 1158, 2046, 1859, 1882, 1106, 2396, 4947, 1715, 1804, 585, 2550, 1771, 2455, 1735, 1209, 2464, 1347, 2584, 1667, 4961, 2255, 1679, 4157, 1966, 2567, 2330, 2457, 5880, 2493, 1422, 2288, 2396, 3783, 1778, 3332, 2689, 1524, 3430, 1948, 2004, 1612, 932, 4296, 2517, 9653, 2317, 4252, 2057, 1789, 1703, 992, 2745, 2594, 1877, 1724, 3204, 676, 2730, 876, 731, 2147, 1560, 1911, 1538, 1371, 3943, 3780, 1702, 1932, 2064, 2335, 999, 894, 6898, 2059, 2902, 2174, 1439, 1010, 2444, 2408, 2061, 4019, 1362, 2555, 3066, 1977, 5941, 1400, 1627, 2274, 1000, 2563, 3051, 2144, 417, 3070, 2791, 1992, 1220, 1531, 645, 3019, 2130, 1277, 3325, 1737, 4173, 3637, 1356, 2514, 1741, 5652, 1582, 3058, 2817, 1581, 9026, 2628, 1712, 5288, 1943, 1785, 1413, 1921, 1313, 1141, 2473, 2775, 1267, 5662, 2253, 2913, 3402, 2002, 3144)
(14, 56): Mean: 2324.804, median: 2003.0, std: 1400.026, percent: 2254.58, B: 120, W: 130,
    (3151, 1359, 2002, 10227, 2778, 2623, 1380, 1872, 1048, 2301, 1728, 2065, 1253, 2500, 3494, 1287, 3761, 4043, 2074, 3250, 1812, 1201, 2013, 1320, 1928, 1872, 1244, 2675, 1770, 1684, 3686, 2946, 4099, 1327, 1001, 2123, 1856, 2013, 2286, 2026, 1147, 2493, 1795, 2100, 1186, 3491, 1475, 1240, 7805, 1990, 988, 1859, 1455, 376, 1646, 5382, 758, 826, 3564, 3218, 2106, 3880, 2939, 2179, 2823, 5063, 1865, 1087, 587, 2731, 1206, 4109, 2299, 2106, 1906, 2063, 1536, 1090, 2048, 1271, 1631, 997, 2641, 1323, 1495, 1405, 1359, 725, 1511, 1579, 1445, 1030, 2344, 1966, 5274, 3273, 1121, 1169, 2178, 922, 2431, 3392, 1457, 2894, 2499, 1796, 804, 549, 1704, 2997, 2656, 1317, 2202, 1084, 1031, 1863, 2075, 1662, 1136, 2709, 4870, 1944, 2359, 738, 2267, 1729, 2437, 1933, 1171, 2179, 1287, 2980, 1715, 6322, 1979, 1742, 4222, 1949, 2237, 2069, 2347, 6633, 2548, 1386, 2416, 2079, 3724, 2197, 3004, 3259, 1573, 3422, 1966, 2151, 1586, 924, 4049, 2744, 9145, 2377, 4027, 2198, 1791, 2180, 1050, 2646, 2628, 1977, 1872, 3197, 669, 2622, 845, 916, 1872, 1381, 1844, 1542, 1161, 4148, 4029, 1447, 1749, 1943, 2713, 1068, 980, 7597, 1960, 3850, 1952, 1735, 977, 2528, 2673, 2005, 3952, 1313, 3216, 3063, 1800, 5354, 1642, 1531, 2276, 1031, 2645, 2976, 2090, 337, 2913, 2482, 2170, 1359, 1385, 538, 3397, 2004, 1254, 3026, 1950, 3895, 3694, 1445, 3303, 1614, 5847, 1751, 3283, 2274, 1424, 7754, 3005, 1565, 5378, 1678, 1592, 1290, 1881, 1173, 1281, 2187, 2758, 1186, 4280, 2578, 3432, 3116, 2052, 2938)
(15, 57): Mean: 2269.272, median: 1932.0, std: 1476.476, percent: 2132.68, B: 152, W: 97,
    (2964, 1232, 1700, 12309, 2274, 1843, 1248, 1574, 1193, 2491, 1639, 1990, 1102, 2237, 3053, 1341, 3500, 4197, 2089, 2940, 1322, 1040, 2107, 1115, 2020, 1901, 1209, 2377, 1914, 1933, 3476, 2512, 3424, 1356, 1006, 2278, 1607, 1745, 2362, 1991, 1049, 2695, 1524, 2235, 1339, 3401, 1296, 1194, 8968, 1879, 864, 1822, 1462, 453, 1685, 5776, 669, 722, 3727, 3246, 2064, 3759, 2641, 2073, 3663, 5111, 1861, 937, 590, 2488, 1275, 3870, 2504, 1712, 1760, 2005, 1307, 1055, 2106, 1171, 1370, 910, 3086, 1259, 1452, 1656, 1098, 639, 1426, 1673, 1417, 822, 2453, 1872, 4566, 2476, 1086, 1094, 1826, 953, 2286, 3492, 1298, 2834, 2218, 1714, 815, 419, 1708, 3347, 2452, 1136, 2465, 1302, 1135, 1820, 1800, 1830, 1039, 2109, 5055, 1937, 1891, 707, 2269, 1729, 2427, 1576, 1262, 2227, 1346, 2196, 1755, 6383, 2053, 1641, 3992, 1905, 2360, 2312, 2491, 5739, 2585, 1418, 2281, 2356, 4390, 1901, 3133, 2923, 1491, 3934, 1807, 2122, 1451, 735, 4150, 2578, 6836, 2048, 3720, 2179, 1893, 1897, 990, 2561, 2238, 2219, 1749, 2824, 639, 2544, 760, 938, 1953, 1562, 1725, 1424, 1020, 3625, 3201, 1745, 1775, 2011, 2518, 1076, 921, 9083, 1910, 3055, 2242, 1643, 801, 2908, 2397, 1978, 4025, 1371, 2786, 3172, 1675, 5044, 1583, 1450, 2419, 970, 2603, 3019, 2307, 354, 2357, 2776, 1931, 1129, 1462, 621, 3020, 2089, 1172, 2871, 2032, 3807, 3652, 1366, 2547, 1842, 6201, 1596, 2728, 2334, 1346, 8192, 2751, 1522, 6386, 1657, 1579, 1184, 1915, 1372, 1175, 2197, 2963, 1077, 5432, 2035, 3495, 2782, 2044, 2865)
(16, 59): Mean: 2298.884, median: 1929.0, std: 1479.573, percent: 2200.02, B: 106, W: 142,
    (3199, 1377, 1721, 11750, 2556, 1881, 1133, 1771, 1130, 2554, 1702, 1744, 1117, 1880, 3226, 1266, 3582, 4701, 2405, 3254, 1562, 1036, 2235, 1228, 1946, 1987, 1047, 2477, 1665, 2048, 3366, 2415, 3459, 1430, 1008, 2228, 1736, 1658, 2588, 1869, 1039, 2508, 1484, 2478, 1143, 2780, 1462, 1136, 6859, 1925, 915, 2003, 1285, 472, 1853, 5758, 740, 677, 3183, 2833, 2510, 3738, 3267, 1965, 2669, 5366, 1753, 989, 751, 2379, 1169, 3871, 2402, 2003, 1735, 1996, 1276, 991, 1874, 1319, 1337, 954, 2881, 1206, 1494, 1630, 1187, 678, 1430, 1559, 1547, 910, 2298, 1967, 5933, 2960, 1131, 1196, 1976, 812, 2173, 3797, 1306, 3333, 2290, 1790, 867, 543, 1689, 3442, 2772, 1114, 2167, 1226, 1247, 1462, 1885, 1924, 1202, 2276, 4021, 1827, 2158, 765, 2364, 1843, 2659, 1576, 1113, 2230, 1325, 2370, 1655, 5800, 1874, 1582, 4414, 1637, 2535, 2031, 2578, 4948, 2531, 1905, 2338, 2255, 3804, 1855, 3360, 2701, 1710, 3140, 1994, 2037, 1510, 771, 4502, 2547, 9068, 2126, 3986, 2115, 1609, 1868, 967, 2892, 2452, 1841, 1652, 3058, 684, 2930, 809, 915, 1942, 1576, 1706, 1465, 1034, 3711, 4687, 1753, 1777, 1933, 2445, 987, 827, 9269, 1733, 3772, 1853, 1561, 801, 4905, 2600, 2213, 3738, 1237, 3068, 2449, 2014, 6193, 1474, 1464, 2645, 1080, 2566, 3134, 2473, 355, 2903, 2795, 2004, 1277, 1590, 456, 3246, 2129, 1231, 3246, 1839, 3194, 3114, 1369, 3216, 1702, 5804, 1617, 3055, 2431, 1513, 8225, 3171, 1726, 5940, 1700, 1625, 1317, 1821, 1208, 1185, 2013, 2595, 1116, 5303, 2207, 3227, 2710, 2199, 2941)
(18, 66): Mean: 2282.14, median: 1927.5, std: 1448.268, percent: 2181.16, B: 123, W: 126,
    (3018, 1235, 1698, 11043, 3171, 1910, 1179, 1809, 1052, 2511, 1589, 1774, 1183, 1839, 3535, 1159, 3702, 4581, 1989, 3227, 1688, 1036, 2293, 1264, 2166, 1825, 1135, 2144, 1923, 1718, 3907, 2625, 3804, 1260, 997, 2328, 1930, 1724, 2679, 1965, 1080, 2724, 1493, 2124, 1372, 2657, 1415, 1192, 8269, 1813, 927, 1808, 1343, 415, 1660, 5455, 730, 795, 3724, 3159, 2099, 4461, 2689, 2169, 2775, 5513, 1960, 1045, 589, 2519, 1167, 3635, 2407, 1949, 1703, 2109, 1206, 1005, 1805, 1295, 1404, 945, 3083, 1211, 1405, 1618, 1228, 647, 1533, 1537, 1295, 937, 2312, 2085, 4463, 2799, 1259, 1003, 1883, 794, 2168, 3433, 1323, 2961, 2318, 1915, 803, 417, 1602, 3310, 2657, 1290, 2322, 1161, 1255, 1676, 2172, 2148, 1065, 2182, 3904, 1843, 2161, 578, 2147, 1896, 2501, 1871, 1077, 2244, 1426, 2376, 1751, 6682, 1925, 1592, 3969, 1795, 2373, 2078, 2577, 5642, 2210, 1742, 2470, 2223, 3470, 2024, 3534, 2713, 1625, 3867, 1791, 2159, 1558, 721, 4203, 2800, 8005, 2017, 3526, 2179, 1655, 2187, 923, 2717, 2306, 2064, 1734, 2959, 653, 2462, 757, 740, 1879, 1586, 1810, 1354, 1095, 3373, 3421, 1697, 1922, 1906, 3169, 1029, 910, 7978, 1837, 2951, 1845, 1410, 759, 2963, 2771, 2388, 3672, 1432, 3041, 2423, 1880, 6974, 1623, 1533, 2312, 1082, 2964, 2978, 2757, 317, 2760, 2338, 2154, 1102, 1649, 651, 3280, 2200, 1163, 3266, 1715, 4088, 3458, 1301, 3314, 1525, 6133, 1653, 2716, 2469, 1483, 9515, 3109, 1526, 4342, 1664, 1602, 1414, 1997, 1357, 1261, 1909, 2616, 1190, 4440, 2354, 3121, 2998, 1939, 2831)
(22, 85): Mean: 2257.328, median: 1927.5, std: 1400.942, percent: 2144.56, B: 120, W: 128,
    (3206, 1168, 1556, 9382, 3003, 1988, 1201, 1689, 1083, 2054, 1610, 1811, 1212, 1980, 3790, 1225, 3108, 4159, 2020, 3184, 1761, 1037, 2225, 1139, 2093, 1881, 1217, 2699, 1818, 1966, 3683, 2221, 3275, 1358, 1007, 2394, 1594, 1951, 2422, 1800, 1179, 2359, 1604, 2184, 991, 2829, 1415, 1046, 8416, 1953, 985, 1986, 1227, 395, 1646, 5565, 820, 750, 3371, 2792, 2292, 3779, 3628, 1857, 2661, 5739, 1790, 949, 630, 2410, 1060, 3660, 2725, 1782, 1705, 2174, 1273, 1162, 1721, 1138, 1391, 997, 2924, 1256, 1420, 1537, 1265, 716, 1432, 1548, 1363, 873, 2292, 1900, 5558, 2765, 1165, 1017, 2158, 888, 2516, 3807, 1367, 2853, 2360, 1898, 833, 512, 1673, 3175, 2666, 1105, 2295, 1186, 1126, 1627, 1911, 2093, 1044, 2327, 4543, 1826, 2248, 739, 2292, 2021, 2323, 1658, 1171, 2077, 1330, 2624, 1626, 6223, 1869, 1539, 4355, 1909, 2509, 2104, 2501, 6239, 2422, 1792, 2333, 2078, 3637, 1768, 3272, 2742, 1575, 3343, 1783, 2098, 1566, 799, 4494, 2657, 8582, 1932, 3984, 2062, 1795, 2033, 941, 2880, 2306, 1839, 1650, 2960, 585, 2564, 827, 899, 1923, 1576, 1864, 1531, 1075, 3532, 3407, 1744, 1625, 1949, 2658, 1052, 929, 7984, 1922, 3037, 1854, 1495, 822, 3151, 2454, 1838, 3755, 1352, 3100, 2642, 1636, 4454, 1682, 1736, 2272, 980, 2639, 2901, 2398, 386, 3175, 2662, 2036, 1257, 1595, 545, 2963, 2015, 1166, 3053, 1655, 4007, 3118, 1393, 2757, 1620, 5635, 1762, 3025, 2360, 1375, 9115, 3093, 1593, 5188, 1681, 1528, 1323, 2003, 1169, 1227, 2159, 2687, 1162, 4499, 2318, 3342, 2637, 2007, 2691)
(23, 91): Mean: 2289.66, median: 1927.5, std: 1446.193, percent: 2212.68, B: 108, W: 142,
    (3102, 1291, 1689, 11384, 3053, 2106, 1216, 1772, 1194, 2080, 1537, 1916, 1171, 2007, 3213, 1290, 3691, 4752, 2140, 3301, 1537, 1053, 2491, 1357, 2179, 1797, 1100, 2934, 1811, 1799, 3743, 2476, 3995, 1225, 1088, 2287, 1825, 1847, 2365, 1974, 1205, 2739, 1505, 2118, 1222, 3532, 1496, 945, 7534, 1860, 940, 1889, 1422, 475, 1678, 5083, 724, 784, 3942, 3096, 2243, 4360, 3133, 1838, 2551, 5918, 1881, 872, 603, 2395, 1209, 4442, 2361, 1896, 1784, 1914, 1450, 985, 1616, 1274, 1435, 939, 3031, 1206, 1477, 1494, 1159, 850, 1630, 1442, 1429, 796, 2576, 1959, 5881, 2877, 1163, 1067, 1928, 908, 2233, 3737, 1328, 2426, 2194, 1978, 846, 496, 1785, 3389, 2579, 1174, 2305, 1149, 1207, 1842, 1851, 1966, 1217, 2409, 4580, 1869, 2168, 719, 2580, 1855, 2375, 1492, 1172, 2519, 1364, 2369, 1569, 5680, 2110, 1791, 4457, 1927, 2334, 2232, 2385, 5515, 2526, 1385, 2403, 2349, 3731, 2122, 3389, 2762, 1593, 3306, 1895, 2164, 1547, 732, 3942, 2781, 8571, 1916, 3317, 2114, 1834, 1889, 1039, 3296, 2196, 1908, 1648, 2931, 659, 2950, 835, 886, 1946, 1414, 1782, 1586, 1062, 4238, 3488, 1470, 1735, 1897, 2760, 1109, 900, 7872, 1984, 3212, 2055, 1508, 863, 2797, 2166, 1986, 4162, 1324, 3270, 2799, 1739, 6891, 1662, 1423, 2349, 1010, 2460, 3350, 2067, 359, 2540, 2082, 1987, 1146, 1519, 635, 2893, 2244, 1224, 2811, 1781, 3653, 3323, 1397, 2819, 1780, 5851, 1789, 2521, 2117, 1301, 7855, 2924, 1713, 5908, 1637, 1546, 1415, 2024, 1233, 1225, 2308, 2862, 1138, 5238, 2095, 2764, 2930, 2074, 2680)
(27, 114): Mean: 2305.228, median: 1925.0, std: 1505.521, percent: 2149.08, B: 134, W: 114,
    (2963, 1163, 1696, 10755, 2472, 1870, 1146, 1977, 1135, 2446, 1712, 1939, 1152, 2145, 3661, 1210, 4190, 4361, 2214, 2957, 1782, 1000, 2364, 1259, 2032, 1886, 1009, 2321, 1711, 2062, 3346, 2701, 4062, 1206, 983, 2190, 1634, 1832, 2349, 1945, 1135, 2732, 1575, 2247, 1198, 3100, 1350, 1011, 9486, 2011, 863, 1877, 1361, 423, 1489, 5171, 753, 899, 3743, 2775, 1905, 4060, 3003, 2036, 2977, 5817, 2147, 1009, 572, 2396, 1129, 4364, 2293, 1798, 1681, 2185, 1233, 1110, 1838, 1287, 1319, 996, 2900, 1215, 1520, 1577, 1410, 693, 1521, 1495, 1515, 938, 2582, 1886, 5065, 3052, 1239, 1090, 1774, 911, 2762, 3803, 1262, 2482, 2450, 1764, 913, 448, 1619, 3551, 2612, 1154, 2256, 1270, 1086, 1525, 1778, 2009, 1051, 2566, 4454, 1903, 1871, 612, 2311, 1675, 2363, 1626, 1206, 2476, 1254, 2679, 1589, 6067, 1867, 1563, 4708, 1798, 2797, 2255, 2324, 5946, 2559, 1821, 2371, 2454, 3578, 1889, 3212, 2662, 1536, 3396, 1879, 2043, 1512, 690, 3731, 2750, 7131, 2264, 3893, 1988, 2026, 1782, 985, 3094, 2173, 2291, 1758, 2737, 646, 2605, 808, 842, 1911, 1439, 1787, 1368, 1171, 4478, 3950, 1705, 2044, 1890, 2705, 959, 1012, 8368, 1792, 3122, 1899, 1484, 908, 2519, 2381, 2215, 3828, 1239, 2904, 2642, 1652, 7979, 1651, 1522, 2528, 991, 2984, 3450, 2034, 382, 3158, 2605, 1983, 1176, 1782, 500, 2974, 2192, 1248, 2847, 1960, 3314, 3048, 1409, 2487, 1729, 7376, 1594, 2657, 2289, 1377, 9348, 2737, 1713, 5666, 1694, 1557, 1454, 1905, 1231, 1273, 1942, 3260, 1201, 4958, 2192, 3128, 2930, 1946, 3188)
(28, 120): Mean: 2263.484, median: 1903.5, std: 1386.674, percent: 2153.5, B: 136, W: 114,
    (2694, 1284, 1597, 10413, 2677, 2091, 1268, 1619, 985, 2349, 1730, 1895, 1261, 1914, 3517, 1115, 2934, 3862, 2024, 2887, 1668, 969, 2341, 1160, 2033, 1750, 1149, 2501, 1802, 1891, 3858, 2293, 3734, 1349, 1090, 2218, 1498, 1892, 2226, 2037, 1117, 2473, 1499, 2223, 1233, 3120, 1404, 1203, 8066, 2038, 906, 1938, 1360, 405, 1807, 5382, 706, 839, 3617, 3154, 2132, 3583, 3233, 1949, 2965, 5567, 1905, 942, 615, 2702, 1195, 4001, 2457, 1777, 1739, 2165, 1357, 1049, 1814, 1227, 1394, 936, 3139, 1250, 1502, 1481, 1451, 713, 1343, 1637, 1402, 856, 2658, 1821, 5169, 3119, 1085, 1035, 2074, 1036, 2246, 3430, 1368, 2992, 2349, 1661, 804, 437, 1745, 3849, 2645, 1166, 2130, 1239, 942, 1755, 1743, 1868, 998, 2273, 4536, 1925, 2236, 801, 2448, 1945, 2453, 1694, 1211, 1946, 1273, 2560, 1574, 5373, 1965, 1598, 3668, 1758, 2480, 2209, 2314, 5798, 2278, 1743, 2211, 2085, 3850, 1863, 3100, 2834, 1677, 3053, 1902, 2360, 1602, 708, 4179, 2529, 7826, 2289, 3630, 2280, 1900, 1697, 949, 2893, 2517, 1998, 1796, 2863, 655, 2396, 776, 931, 1782, 1450, 1788, 1570, 1123, 4089, 3995, 1601, 1767, 1837, 2841, 992, 900, 5970, 1857, 3015, 1854, 1483, 819, 2761, 2242, 2159, 3908, 1346, 3298, 2257, 1955, 6250, 1672, 1420, 2408, 965, 2921, 3014, 2448, 437, 2848, 2745, 1864, 1119, 1535, 603, 3023, 2321, 1192, 3245, 1775, 4016, 3545, 1412, 2952, 1779, 7209, 1605, 2509, 2536, 1284, 8473, 2817, 1681, 5081, 1804, 1697, 1409, 1881, 1161, 1215, 2178, 3002, 1196, 5422, 2078, 3355, 3074, 1888, 2833)
(31, 137): Mean: 2242.992, median: 1900.5, std: 1362.512, percent: 2141.42, B: 128, W: 122,
    (3061, 1314, 1641, 11201, 3520, 1792, 1195, 1637, 979, 2744, 1619, 1767, 1231, 2066, 3626, 1192, 3137, 3888, 2283, 3055, 1620, 1153, 2120, 1220, 2036, 1871, 1010, 2600, 1733, 1802, 3616, 2594, 3751, 1192, 1133, 2152, 1528, 2189, 2196, 1944, 1118, 2443, 1502, 2145, 1232, 3137, 1425, 1075, 7767, 1841, 938, 1895, 1519, 403, 1729, 5356, 715, 878, 3475, 2808, 2337, 3968, 2755, 2111, 2988, 5414, 1921, 1016, 689, 2274, 1205, 4117, 2653, 1773, 1704, 2017, 1280, 992, 1994, 1191, 1494, 1011, 2673, 1131, 1400, 1676, 1327, 732, 1448, 1471, 1441, 907, 2547, 1800, 4929, 2992, 1149, 1015, 1986, 987, 2411, 3498, 1364, 2997, 2317, 1775, 942, 541, 1643, 3161, 2825, 1147, 2247, 1194, 1120, 1527, 1865, 1797, 1045, 2248, 4209, 1972, 1946, 741, 2429, 1838, 2579, 1682, 1226, 2134, 1524, 2601, 1721, 5685, 2171, 1537, 3794, 1770, 2569, 2127, 2303, 5415, 2070, 1527, 2234, 2300, 3460, 1972, 3258, 2768, 1540, 3088, 1629, 2124, 1426, 712, 4175, 3038, 6856, 1908, 3867, 1906, 1703, 1701, 1013, 2780, 2356, 2014, 1724, 3339, 567, 2831, 719, 871, 1811, 1492, 1736, 1347, 1181, 3344, 4317, 1747, 1780, 1858, 2504, 957, 878, 8562, 1893, 3024, 1798, 1676, 812, 2211, 2423, 2142, 4214, 1313, 2926, 2707, 1721, 5006, 1456, 1410, 2083, 995, 2562, 3280, 2482, 377, 2828, 2475, 1989, 1167, 1559, 655, 2906, 2184, 1079, 2847, 1820, 3831, 3180, 1575, 2702, 1736, 5547, 1576, 2572, 2181, 1593, 7193, 3054, 1597, 5261, 1692, 1494, 1385, 1888, 1202, 1228, 2163, 2747, 1256, 5109, 2738, 2980, 3122, 2207, 2968)
(34, 150): Mean: 2225.36, median: 1894.5, std: 1373.378, percent: 2148.58, B: 129, W: 121,
    (3185, 1172, 1649, 10207, 2619, 2190, 1167, 1714, 1067, 2187, 1694, 1786, 1244, 1892, 3697, 1205, 3407, 4400, 2014, 3349, 1295, 942, 2076, 1097, 2235, 1705, 1116, 2587, 1781, 1693, 3476, 2720, 3419, 1309, 1134, 2501, 1470, 1767, 2113, 1958, 1156, 2833, 1312, 2229, 1082, 3025, 1391, 1135, 7679, 1876, 928, 1830, 1384, 344, 1607, 4774, 599, 885, 4739, 3217, 2157, 3493, 3010, 1756, 2434, 5161, 2149, 911, 711, 2242, 1074, 3895, 2615, 2095, 1508, 2094, 1442, 1069, 1841, 1319, 1449, 868, 3158, 1178, 1544, 1320, 1286, 632, 1306, 1590, 1356, 921, 2636, 1666, 4541, 2660, 1154, 1088, 1897, 866, 2087, 3583, 1265, 2879, 2319, 1557, 791, 569, 1737, 3103, 2709, 1056, 2332, 1133, 1037, 1572, 1651, 2107, 1004, 2589, 3877, 2127, 1866, 855, 2069, 1572, 2494, 1729, 1124, 2024, 1174, 2943, 1498, 5263, 2425, 1395, 4008, 1892, 2680, 2065, 2980, 5084, 2660, 1441, 2316, 2115, 4174, 2075, 3150, 2950, 1457, 3272, 1718, 2200, 1374, 733, 3656, 2670, 8121, 2377, 3665, 1887, 1787, 1866, 881, 3364, 2265, 2075, 2027, 2674, 645, 2660, 776, 817, 1886, 1469, 1623, 1364, 1006, 3835, 4131, 1767, 2015, 1514, 2745, 1017, 937, 8796, 1585, 3037, 1942, 1357, 825, 2394, 2209, 1964, 4335, 1341, 3000, 2729, 2081, 5943, 1517, 1547, 1994, 885, 2590, 2725, 1934, 411, 2750, 2474, 2122, 1211, 1555, 618, 2996, 2071, 1072, 3205, 1948, 3463, 3332, 1374, 2870, 1554, 4986, 1596, 2635, 2462, 1194, 7906, 3233, 1691, 5268, 1695, 1617, 1521, 1746, 1160, 1154, 1864, 2859, 1243, 4704, 2233, 2976, 2828, 1839, 2437)
(37, 165): Mean: 2186.584, median: 1833.0, std: 1389.02, percent: 2064.66, B: 136, W: 112,
    (2545, 1350, 1723, 11363, 2967, 1889, 1126, 1730, 1040, 2143, 1658, 1807, 1067, 1945, 3843, 1337, 2945, 3968, 1838, 2918, 1412, 1056, 2351, 1148, 2001, 1596, 968, 2496, 1648, 1872, 3343, 2842, 2991, 1174, 991, 2230, 1489, 1825, 2439, 2107, 1061, 2401, 1618, 2454, 1305, 3012, 1370, 1213, 6794, 1828, 984, 1887, 1305, 363, 1653, 5827, 616, 683, 3284, 3143, 2400, 3709, 2780, 1957, 2788, 4587, 1863, 920, 618, 2639, 1101, 3835, 2476, 1904, 1717, 2241, 1308, 1022, 1773, 1131, 1293, 956, 2753, 1162, 1621, 1487, 1082, 672, 1418, 1527, 1310, 723, 2535, 2031, 5642, 2776, 1149, 1035, 1707, 818, 2161, 3976, 1351, 2723, 2352, 1539, 845, 430, 1513, 2907, 2744, 1153, 2178, 1134, 1063, 1634, 1745, 1797, 1026, 2469, 3994, 1787, 1972, 687, 2152, 1717, 2489, 1615, 1091, 2066, 1255, 2702, 1539, 5919, 2241, 1415, 3997, 1775, 2427, 2355, 2177, 4488, 2366, 1433, 2079, 2162, 3933, 1869, 3752, 2464, 1555, 3486, 1801, 1850, 1383, 726, 4011, 2621, 9012, 1896, 3508, 1981, 1586, 1699, 982, 3262, 2272, 1783, 1804, 3084, 638, 2314, 711, 817, 1935, 1536, 1772, 1424, 981, 3652, 4012, 1609, 1695, 1764, 2677, 1034, 824, 6935, 1616, 3106, 1924, 1363, 822, 2442, 2229, 2152, 3050, 1269, 3003, 2862, 1529, 4831, 1483, 1429, 2393, 920, 2357, 2578, 1746, 339, 2364, 2781, 1826, 1149, 1475, 492, 2778, 1847, 1251, 2874, 1928, 3308, 3323, 1333, 2646, 1685, 5629, 1648, 2850, 2428, 1292, 8707, 3006, 1616, 5481, 1816, 1617, 1214, 1697, 1256, 1088, 1981, 2689, 1125, 4900, 2007, 3136, 2981, 1685, 2556)
(42, 191): Mean: 2209.008, median: 1826.0, std: 1460.565, percent: 2138.88, B: 124, W: 126,
    (2559, 1257, 1671, 10771, 3383, 2072, 1094, 1824, 1023, 2457, 1475, 1772, 1101, 2530, 3503, 1164, 3369, 4518, 2103, 3250, 1566, 830, 2063, 1165, 1851, 1723, 1075, 2367, 1690, 1582, 3131, 2865, 3809, 1183, 852, 2375, 1505, 1820, 2396, 2047, 1177, 2473, 1472, 2048, 1226, 2811, 1496, 1145, 6925, 1791, 815, 1675, 1171, 349, 1518, 5304, 620, 677, 4181, 2822, 2159, 3570, 2831, 2088, 2828, 4945, 1834, 900, 560, 2585, 1254, 4737, 2413, 1787, 1716, 2029, 1339, 1047, 1826, 1263, 1396, 921, 2593, 1327, 1447, 1396, 1166, 643, 1462, 1502, 1413, 810, 2398, 1793, 4807, 2981, 1092, 1084, 1786, 908, 2353, 3518, 1212, 3129, 2247, 1569, 833, 393, 1554, 3435, 2360, 1089, 2163, 1139, 1122, 1433, 1826, 1918, 986, 2253, 3640, 1659, 1950, 789, 1905, 1686, 2573, 1649, 1184, 2231, 1269, 2122, 1706, 5695, 1971, 1567, 4126, 1716, 2296, 2212, 2125, 6148, 2078, 1684, 2284, 2098, 3713, 1948, 2929, 2675, 1683, 3663, 1719, 2452, 1310, 792, 3607, 2513, 7451, 1976, 3195, 1986, 1607, 1536, 913, 2464, 2267, 1935, 1811, 2760, 655, 2338, 777, 701, 2071, 1448, 1795, 1389, 998, 3496, 3866, 1703, 1817, 1762, 2981, 953, 819, 11543, 1796, 2952, 1961, 1532, 810, 2465, 2145, 1914, 3907, 1240, 3167, 2894, 1633, 4117, 1527, 1554, 2584, 967, 2774, 3056, 1932, 362, 2002, 2390, 1760, 1099, 1402, 454, 2589, 2171, 1157, 2690, 1759, 3742, 3334, 1320, 3202, 1709, 6259, 1476, 2849, 2441, 1417, 8834, 3131, 1644, 5027, 1785, 1608, 1220, 1858, 1209, 1120, 1833, 2573, 1176, 5393, 2256, 3148, 3205, 1776, 2910)
(65, 326): Mean: 2158.18, median: 1821.5, std: 1293.858, percent: 2063.14, B: 128, W: 122,
    (2852, 1226, 1704, 9622, 2616, 1734, 1096, 1629, 1002, 2320, 1518, 1764, 1121, 1873, 3016, 1192, 3108, 3584, 1760, 2718, 1426, 946, 2101, 1152, 1783, 1529, 1050, 2443, 1734, 1797, 3976, 2896, 3003, 1357, 1021, 2167, 1408, 1721, 2431, 1723, 1018, 2380, 1530, 2129, 1172, 2755, 1388, 973, 6636, 1684, 848, 1929, 1218, 372, 1710, 5572, 706, 691, 3894, 2941, 2077, 3559, 2955, 2032, 2841, 4683, 2087, 973, 607, 2035, 1181, 3900, 2575, 1572, 1736, 2315, 1276, 1059, 1666, 1203, 1398, 953, 2887, 1088, 1396, 1534, 1181, 660, 1382, 1547, 1213, 776, 2351, 1825, 5508, 2412, 1054, 1022, 2016, 1017, 2216, 3893, 1171, 2516, 2453, 1630, 792, 396, 1684, 3609, 2397, 1176, 2033, 1022, 1091, 1740, 1784, 1841, 924, 2210, 4008, 1561, 1836, 713, 2371, 1633, 2494, 1574, 1261, 2030, 1222, 2309, 1577, 5479, 2393, 1449, 3419, 1667, 2701, 1993, 2519, 4453, 2298, 1541, 2307, 2449, 4299, 1743, 2933, 2260, 1610, 3274, 1893, 1892, 1447, 718, 3992, 2738, 7517, 2122, 3505, 2184, 1567, 1674, 916, 2502, 2256, 1755, 1687, 3029, 663, 2230, 773, 735, 1881, 1500, 1836, 1465, 957, 3358, 3887, 1663, 1734, 2083, 3008, 890, 841, 7293, 1808, 3018, 2073, 1660, 771, 3111, 2561, 2044, 3946, 1180, 2907, 2614, 1494, 4618, 1490, 1291, 2279, 957, 2852, 2705, 1958, 309, 2395, 2329, 1929, 1267, 1434, 521, 2668, 1980, 1127, 3432, 1699, 3427, 3687, 1308, 2846, 1794, 5269, 1686, 2343, 2172, 1366, 7807, 3142, 1776, 5116, 1789, 1445, 1221, 1818, 1244, 1271, 1962, 2890, 1090, 4981, 2312, 3409, 2887, 2047, 2651)
(70, 356): Mean: 2154.328, median: 1816.5, std: 1308.033, percent: 2079.5, B: 121, W: 129,
    (2693, 1310, 1614, 9727, 2661, 1957, 1212, 1732, 1119, 2112, 1707, 1842, 1119, 1745, 3476, 1206, 3847, 4033, 2099, 3016, 1532, 996, 2256, 1089, 2185, 1713, 1048, 2287, 1713, 1763, 3344, 2906, 3693, 1414, 1009, 2086, 1459, 1872, 2296, 1877, 1025, 2132, 1650, 2009, 1264, 2668, 1304, 1052, 7071, 1760, 804, 1860, 1282, 356, 1609, 4523, 666, 705, 3040, 2778, 2098, 3136, 2560, 1838, 2658, 4743, 2042, 863, 616, 2212, 1124, 3367, 2441, 1631, 1830, 2051, 1425, 1005, 1739, 1205, 1346, 890, 2735, 1097, 1555, 1608, 1215, 642, 1407, 1380, 1334, 859, 2226, 2015, 3796, 3165, 1109, 1089, 1676, 892, 2172, 3679, 1257, 2588, 2147, 1623, 722, 475, 1749, 3903, 2676, 1166, 2099, 1060, 1235, 1563, 1743, 1750, 1063, 2087, 4303, 1956, 1929, 719, 2136, 1814, 2548, 1610, 1312, 1985, 1187, 2379, 1574, 5915, 2300, 1555, 4601, 1730, 2521, 1940, 2433, 5526, 2517, 1631, 2316, 2151, 3478, 1753, 2838, 2851, 1500, 2792, 2054, 2199, 1443, 738, 3885, 2413, 8946, 2206, 3231, 1982, 1804, 1768, 1035, 2475, 2261, 1753, 1670, 3138, 589, 2779, 802, 729, 2113, 1490, 1576, 1316, 1042, 3427, 3404, 1553, 1712, 1694, 2567, 1011, 867, 8127, 1772, 3482, 1819, 1367, 836, 2377, 2616, 2031, 3277, 1319, 3065, 3200, 1613, 5032, 1442, 1547, 2144, 961, 2654, 3040, 1872, 339, 2141, 2765, 1766, 1134, 1442, 614, 2832, 2009, 1136, 3235, 1705, 3259, 3202, 1338, 2912, 1678, 5618, 1642, 2572, 2265, 1353, 6342, 2656, 1786, 5198, 1660, 1511, 1173, 1800, 1227, 1094, 1785, 2682, 1094, 4976, 1929, 3033, 2759, 1772, 2383)

Test:
No precond: Mean: 2497.244, median: 2230.5, std: 1214.669, percent: 2491.02, flag: 0
	(950, 1877, 1941, 3744, 1247, 5987, 1591, 2381, 2752, 2719, 2593, 1137, 1253, 4091, 1708, 6313, 1086, 1351, 2778, 2363, 2458, 3768, 1766, 673, 2961, 2180, 1841, 2736, 5944, 3685, 3480, 2306, 2914, 2443, 1792, 2633, 2141, 4723, 964, 5409, 1415, 1365, 2197, 2119, 4040, 2732, 2921, 4361, 3014, 957, 2406, 2700, 1016, 2727, 1027, 2206, 4471, 5667, 1023, 2254, 1165, 1674, 3359, 1425, 1789, 2027, 2275, 3964, 2649, 2021, 4787, 1110, 2587, 2272, 1938, 2301, 5418, 2672, 1851, 975, 2245, 1659, 1756, 2166, 2142, 1639, 2126, 577, 1965, 3532, 3207, 1680, 1477, 2114, 2249, 1844, 6588, 3956, 3429, 1896, 2283, 2294, 1954, 1963, 5632, 2312, 1484, 5220, 3578, 1482, 1083, 1703, 2010, 1982, 2121, 1963, 1474, 3246, 3444, 1895, 1519, 1214, 1727, 3619, 2218, 2905, 1983, 1012, 3293, 1160, 4712, 3107, 2411, 2979, 3354, 1456, 2438, 1712, 1625, 2868, 1529, 2304, 1987, 1497, 3180, 721, 1195, 1917, 1328, 924, 3485, 814, 4130, 3147, 3932, 2682, 3182, 1594, 2130, 2582, 1685, 1483, 3374, 4695, 2891, 3307, 3968, 3869, 2384, 1420, 3376, 2724, 4297, 1429, 1424, 3804, 2088, 3379, 1458, 3026, 1638, 3871, 1794, 779, 5650, 893, 4333, 1585, 2784, 1212, 2860, 2502, 1756, 1301, 1700, 1520, 1457, 2108, 2847, 1731, 5055, 3275, 801, 1719, 2677, 3232, 2390, 1571, 1775, 1773, 5055, 2885, 1386, 2727, 1195, 3078, 5249, 2163, 1890, 1574, 3070, 1313, 3534, 2465, 1861, 6735, 3555, 3290, 1992, 2142, 4196, 414, 3297, 4340, 1567, 4321, 2878, 2612, 1249, 1405, 2994, 2379, 2402, 2623, 2127, 1920, 1607, 2076, 2243, 1334)

Jacobi: Mean: 2079.96, median: 1846.5, std: 1147.316, percent: 2054.8, BvN: 230, WvN: 20, flag: 0
	(743, 1369, 1195, 3231, 1009, 7387, 1727, 1614, 2239, 2554, 2275, 1024, 1025, 5804, 1392, 6411, 954, 1206, 2706, 1704, 2675, 2968, 1375, 575, 2623, 1668, 1803, 2268, 6098, 2546, 3110, 2118, 2038, 1593, 1423, 2732, 1976, 4085, 744, 6085, 1046, 1389, 1646, 1666, 2604, 1925, 2403, 3549, 2445, 862, 1575, 2241, 624, 2549, 759, 2428, 3182, 3671, 798, 1894, 1201, 1351, 2818, 1136, 1333, 1661, 1858, 4547, 1978, 1662, 3927, 766, 2296, 1997, 1257, 2321, 5079, 2090, 1426, 630, 1914, 1333, 1370, 1692, 1945, 1182, 1937, 385, 1552, 2907, 2769, 1315, 1330, 1709, 1746, 1488, 4297, 3849, 2967, 1630, 1962, 1618, 1884, 1519, 5188, 1964, 1223, 4390, 2857, 998, 753, 1422, 1762, 1366, 1818, 1835, 1100, 2322, 2520, 1718, 1195, 883, 1435, 2633, 2034, 2510, 1484, 787, 2648, 793, 4577, 2329, 1947, 2536, 2555, 1334, 1899, 1378, 1208, 1982, 1252, 1917, 1642, 1197, 3899, 524, 828, 1798, 948, 724, 3138, 538, 4350, 2747, 3355, 2293, 2085, 1131, 1862, 1436, 1299, 851, 2879, 3337, 2748, 2963, 2972, 3018, 2269, 1145, 3289, 1992, 3374, 1441, 1136, 3043, 1875, 2666, 1316, 2061, 1284, 3206, 1368, 568, 4790, 833, 2808, 1211, 3047, 830, 2581, 1833, 1583, 963, 1240, 1198, 1172, 1538, 2347, 1539, 3445, 2356, 499, 1474, 2228, 2595, 1739, 1293, 1298, 1665, 3433, 2055, 1090, 2758, 995, 2370, 5143, 1586, 1301, 1222, 2737, 994, 3193, 1869, 1662, 4635, 2344, 2330, 1485, 2023, 3689, 325, 4013, 2987, 1247, 4158, 2050, 1719, 893, 877, 2201, 2069, 2307, 1994, 1959, 1607, 1329, 1677, 2358, 1092)

Last: Mean: 2106.864, median: 1812.5, std: 1183.414, percent: 2099.82, BvN: 225, WvN: 24, BvJ: 119, WvJ: 130, flag: 0
	(750, 1213, 1305, 3161, 958, 4747, 1377, 1548, 2521, 2275, 2517, 1095, 981, 4606, 1315, 7148, 967, 1206, 2699, 2011, 2356, 3386, 1401, 628, 2678, 1794, 1563, 2412, 5845, 2903, 3625, 2280, 1987, 1932, 1367, 2527, 1853, 4880, 809, 7687, 987, 1405, 1643, 1752, 2731, 1816, 2364, 3643, 2192, 744, 1501, 2623, 700, 2611, 810, 2156, 3565, 4647, 724, 2156, 1127, 1199, 2572, 1109, 1553, 2255, 2103, 4903, 1903, 1425, 3885, 868, 2422, 1897, 1298, 2371, 5500, 2290, 1368, 651, 1866, 1150, 1413, 2038, 1719, 1227, 1588, 412, 1579, 3768, 2798, 1260, 1361, 1392, 1793, 1573, 5168, 3637, 3392, 1497, 2267, 1780, 1771, 1425, 5167, 1859, 1247, 4994, 3122, 1336, 821, 1466, 1736, 1434, 1685, 1963, 1076, 2453, 2929, 1942, 1297, 815, 1577, 2690, 1985, 2214, 1592, 701, 2408, 743, 4371, 2600, 1635, 2686, 2314, 1327, 2048, 1411, 1183, 2229, 1103, 1754, 1697, 1283, 3922, 609, 769, 1750, 951, 684, 2901, 519, 4076, 3187, 2960, 2173, 1968, 1100, 1514, 1385, 1471, 929, 2472, 3199, 2659, 2658, 2848, 2761, 2035, 1245, 3072, 2003, 3465, 1332, 1082, 3422, 1809, 2444, 1489, 1940, 1078, 3108, 1835, 646, 4520, 757, 3194, 1061, 3085, 903, 2548, 1786, 1590, 944, 1331, 1222, 1315, 1495, 2506, 1519, 3383, 2347, 511, 1291, 2471, 2625, 1763, 1234, 1351, 1700, 4109, 1963, 1050, 2425, 1186, 2412, 5440, 1666, 1252, 1468, 2808, 978, 3567, 2255, 1775, 4448, 2497, 2390, 1290, 2171, 3478, 366, 4244, 3099, 1224, 4523, 1970, 1936, 777, 927, 2304, 1953, 1769, 1997, 2180, 1479, 1358, 1644, 2884, 983)

Best: Mean: 2106.864, median: 1812.5, std: 1183.414, percent: 2099.82, BvN: 225, WvN: 24, BvJ: 119, WvJ: 130, flag: 0

Last Coef List
{1: array([-0.01872756, -0.04073013, -0.03616966, -0.00628037, -0.039815,
       -0.01873154, -0.03096707, -0.01603473,  0.00042302, -0.03190951])}

Best Coef List
{1: array([-0.01872756, -0.04073013, -0.03616966, -0.00628037, -0.039815,
       -0.01873154, -0.03096707, -0.01603473,  0.00042302, -0.03190951])}

Run time: 5858.050585892983


26/04/2026, 16:31:09
Config file: config/newPrecondType/median/new_pre_median_1.ini
Data:
	1d_laplace_size: 45
	amount: 250
	dist_type: normal
	params: 1 0.3
	seed: 1
	dim: 2025
Solver:
	tol: 1e-10
	max_iteration: None
Learn:
	iteration_count: 100
	step_range: 0.1
	method: median
	seed: 1
	change_scales: 1 0.5 0.25
	allow_disimprovement: False
	disimprovement_scale: 1
	median_best_scale: 0.5
	mean_best_scale: 0.5
	flag_count_limit: 0
Precondition:
	dist_type: normal
	params: 0 0.05
	num_coef: 10
	par_list: 10
	diag_list: 1
	type: diag_shift
	diag: jacobi
	sym: False

Train:
(0, 1): Mean: 2600.548, median: 2382.5, std: 1302.785, percent: 2568.28, B: 250, W: 0, 
	(2234, 1472, 1584, 2975, 3272, 2766, 1983, 3314, 2253, 3238, 2591, 3466, 3577, 2059, 1327, 2226, 3723, 3640, 4887, 2716, 1604, 1987, 1330, 2464, 1509, 1208, 3610, 1348, 1064, 2563, 3604, 2423, 2403, 957, 1420, 3332, 2577, 1916, 3363, 2234, 2247, 1475, 529, 2399, 2994, 1916, 2931, 1887, 2090, 2170, 2524, 4836, 1723, 2711, 3352, 3453, 1490, 3148, 4279, 4428, 1942, 3101, 4544, 1843, 2621, 3184, 2858, 1084, 7727, 1844, 2162, 1085, 7223, 2153, 3382, 7195, 2486, 2618, 2817, 1563, 2634, 2442, 2573, 4803, 2171, 2333, 2965, 1019, 2572, 3644, 2957, 2159, 3843, 1775, 2028, 3487, 1216, 2755, 2110, 2808, 596, 1676, 958, 2255, 2132, 2593, 1304, 1527, 3675, 1803, 2576, 3199, 1945, 5142, 2271, 3967, 2881, 1282, 2157, 4924, 2366, 1637, 1722, 2572, 5612, 3099, 6638, 2963, 5003, 3243, 1839, 990, 2125, 1613, 2152, 1400, 2623, 1132, 2569, 1863, 1938, 4036, 2180, 2747, 5659, 3906, 3217, 2672, 2086, 733, 1715, 2053, 1638, 2839, 3108, 1676, 2022, 1962, 2521, 1574, 3188, 1870, 1278, 3055, 1620, 2018, 6253, 2898, 4117, 1726, 4527, 2008, 4073, 1708, 3794, 2062, 2596, 2655, 3712, 1919, 1597, 3421, 2021, 2557, 6093, 3160, 1729, 2769, 2694, 4460, 1603, 2852, 1029, 1384, 2638, 2082, 1241, 2092, 2650, 2487, 6448, 1034, 646, 1358, 1500, 2316, 3056, 3144, 3110, 2489, 1270, 2602, 1610, 2714, 707, 2506, 1855, 1079, 6454, 1660, 4674, 1544, 1403, 1359, 1689, 579, 1986, 5740, 4054, 2515, 602, 3678, 4825, 1691, 5735, 848, 2932, 2314, 992, 5336, 1300, 1627, 1515, 1542, 3987, 1214, 3822, 2563, 1899, 2145)
(1, 2): Mean: 2573.344, median: 2359.5, std: 1233.518, percent: 2489.44, B: 126, W: 124, 
	(2214, 1409, 1776, 2912, 3664, 2738, 2139, 3866, 2265, 2815, 2575, 3102, 3285, 2024, 1215, 2380, 3574, 3257, 4162, 2394, 1530, 2356, 1460, 2271, 1536, 1126, 3279, 1211, 1012, 2640, 4313, 2683, 2251, 1065, 1374, 3912, 2895, 1537, 3247, 2257, 2116, 1531, 525, 2273, 2867, 1776, 2658, 2252, 2210, 2652, 2677, 4283, 1812, 2849, 3407, 3558, 1592, 3404, 4120, 4970, 1770, 3130, 4174, 1836, 2735, 3299, 2753, 1158, 6102, 1733, 2383, 1042, 4862, 2532, 3703, 7031, 2517, 2960, 2642, 1799, 2902, 2344, 2609, 5306, 2218, 2299, 2701, 997, 2516, 3078, 3492, 1988, 3214, 1382, 1879, 2685, 1175, 3039, 2084, 2938, 536, 1604, 829, 2283, 1958, 2523, 1341, 1435, 3692, 1870, 3180, 3235, 2037, 5117, 2361, 3570, 3296, 1486, 2186, 5847, 2625, 1842, 1820, 2502, 6711, 2974, 6342, 2480, 5894, 3215, 1927, 928, 2095, 1350, 2027, 1231, 2741, 1160, 2400, 1753, 2123, 4232, 2358, 2818, 4920, 2951, 3638, 2249, 2058, 883, 2042, 1888, 1567, 2708, 2473, 1663, 2139, 1849, 2615, 1695, 3256, 1933, 1289, 2943, 1584, 1729, 5946, 3107, 4305, 1654, 4634, 2203, 3516, 1920, 3820, 2268, 2587, 2610, 3360, 1785, 1659, 3104, 2337, 2743, 6466, 3496, 1830, 2858, 2687, 4637, 1415, 2585, 1207, 1511, 2855, 2017, 1280, 2202, 2907, 2338, 4862, 1042, 617, 1436, 1398, 2164, 3009, 3287, 3656, 2146, 1526, 2821, 1684, 2425, 730, 2362, 1631, 948, 6272, 1275, 3381, 1551, 1539, 1253, 1845, 611, 1938, 5012, 3310, 2579, 685, 3190, 5806, 1958, 4991, 1044, 2654, 2545, 1047, 5214, 1321, 1951, 1682, 1764, 3494, 1193, 3761, 2720, 1997, 1894)
(2, 3): Mean: 2479.62, median: 2297.5, std: 1180.336, percent: 2472.72, B: 154, W: 95, 
	(2114, 1709, 1774, 3183, 2838, 2525, 2320, 3180, 1779, 2769, 2614, 3352, 3361, 2073, 1344, 2459, 3701, 3645, 4284, 2363, 1596, 2094, 1262, 2080, 1572, 1261, 3215, 1375, 1014, 2266, 3906, 2390, 2124, 821, 1201, 3592, 2346, 2056, 3569, 2291, 2241, 1680, 547, 1871, 2607, 1994, 2576, 2152, 2238, 2372, 2725, 3656, 1689, 2887, 3594, 3303, 1430, 3348, 4740, 5186, 1936, 3154, 4045, 1665, 2769, 3007, 2700, 1021, 5958, 1865, 2468, 1018, 4369, 2579, 3935, 6176, 2317, 2566, 2783, 1729, 2397, 1985, 2596, 5004, 1962, 2384, 3336, 1156, 2224, 3157, 2634, 2015, 4133, 1734, 2081, 3066, 1067, 2616, 2002, 2549, 589, 1596, 827, 2410, 2037, 2304, 1284, 1592, 3934, 1685, 2618, 3051, 1955, 4628, 2207, 4202, 2629, 1380, 2047, 4913, 2179, 1827, 1936, 2795, 5048, 3039, 6560, 2365, 5252, 3075, 1953, 777, 1939, 1423, 2051, 1069, 2966, 1103, 2537, 1769, 1861, 4257, 2344, 3053, 4475, 2813, 2963, 2327, 1952, 927, 1358, 1819, 1636, 2430, 2572, 1504, 2136, 2110, 2317, 1614, 3006, 1693, 1361, 2636, 1512, 1967, 6229, 2963, 3423, 1594, 5165, 2116, 3072, 1702, 3956, 2110, 2401, 2520, 3170, 1811, 1412, 2991, 2386, 2392, 5866, 3435, 1539, 2816, 2173, 3950, 1459, 2442, 1096, 1334, 2221, 1870, 1101, 1836, 2758, 2559, 4520, 1042, 640, 1294, 1333, 2053, 2888, 3126, 3222, 2426, 1113, 3058, 1513, 2516, 748, 2031, 1641, 806, 6018, 1314, 3763, 1260, 1286, 1271, 1789, 595, 2102, 5528, 3860, 2370, 586, 3688, 5455, 1565, 4907, 798, 2811, 2652, 883, 4316, 1302, 1783, 1668, 1563, 3427, 1145, 3851, 2069, 1989, 1847)
(3, 4): Mean: 2491.632, median: 2252.0, std: 1239.766, percent: 2437.02, B: 129, W: 120, 
	(1942, 1438, 1679, 2770, 3141, 2441, 2058, 3208, 1932, 2820, 2441, 3026, 3198, 2171, 1139, 2448, 3869, 2894, 4874, 2274, 1495, 2335, 1423, 2346, 1523, 1157, 3156, 1358, 988, 2681, 3799, 2353, 2157, 714, 1396, 3278, 2497, 2148, 3585, 2078, 2255, 1434, 563, 2550, 2804, 1907, 2713, 1967, 2622, 2169, 2282, 3838, 2006, 3041, 3640, 2860, 1509, 3017, 5215, 4325, 1936, 3013, 3675, 1551, 3013, 3011, 2622, 964, 6198, 1903, 2206, 1130, 4933, 2249, 3951, 5795, 2229, 2731, 2500, 1777, 2338, 1896, 2437, 5145, 1931, 2301, 3094, 1115, 2283, 3484, 3155, 1962, 4214, 1557, 2094, 2730, 1064, 2978, 1874, 2550, 640, 1795, 721, 2226, 1965, 2394, 1290, 1503, 3325, 1748, 3195, 3047, 2088, 5298, 2242, 3893, 3076, 1082, 2472, 5664, 2105, 1876, 1765, 2389, 5932, 3239, 7381, 2617, 6360, 2632, 1975, 825, 2140, 1425, 1918, 1388, 2570, 1065, 2809, 1908, 1823, 4423, 2376, 2749, 4996, 3042, 3006, 2275, 1940, 740, 1275, 1629, 1356, 2659, 3020, 1537, 1970, 1737, 2185, 1736, 2673, 1739, 1336, 2713, 1299, 1808, 6187, 2747, 4226, 1612, 5230, 1827, 3490, 1533, 4789, 2021, 2471, 2738, 4025, 1790, 1446, 2346, 2130, 2433, 5748, 3020, 1418, 2653, 2132, 4216, 1369, 2539, 969, 1309, 2095, 1883, 1256, 1867, 2696, 2825, 4056, 1084, 659, 1266, 1533, 2112, 2871, 3244, 3898, 2188, 1269, 2703, 1622, 2883, 666, 2325, 1734, 1123, 5926, 1275, 3980, 1283, 1267, 1323, 1719, 567, 1831, 5226, 3846, 2204, 567, 3330, 5108, 1520, 4922, 812, 2992, 2681, 1043, 4189, 1368, 1591, 1530, 1508, 3185, 1070, 4124, 2598, 1727, 1763)
(4, 8): Mean: 2506.612, median: 2216.0, std: 1238.983, percent: 2501.58, B: 116, W: 134, 
	(1801, 1440, 1832, 2462, 3325, 2722, 2051, 3729, 1914, 2969, 2576, 3691, 3584, 1947, 1329, 2313, 3500, 3623, 4964, 2080, 1494, 2073, 1414, 2212, 1485, 1223, 3321, 1150, 1022, 2537, 3956, 2518, 2028, 877, 1310, 3929, 2390, 1821, 3746, 2153, 2205, 1694, 502, 2253, 2896, 1912, 2437, 1975, 1984, 2438, 2501, 3848, 1803, 2534, 3400, 3183, 1555, 3321, 4503, 4522, 1756, 2891, 4224, 1765, 2968, 3249, 2709, 1033, 5793, 1948, 2144, 1131, 4194, 2147, 3576, 6424, 2394, 2795, 2716, 1725, 2742, 2270, 2708, 4791, 2048, 2147, 2981, 969, 2136, 3520, 2938, 2024, 3911, 1460, 2216, 2860, 1147, 2749, 2023, 2585, 545, 1631, 921, 2327, 2270, 2458, 1369, 1527, 3917, 1754, 3423, 2975, 1951, 5272, 2495, 4373, 3052, 1195, 2144, 6167, 2377, 1755, 1849, 2734, 5214, 3162, 5593, 3064, 6362, 2757, 1776, 870, 1804, 1427, 2185, 1301, 2686, 1186, 2851, 1871, 1879, 3681, 2169, 2616, 4881, 3490, 2600, 2532, 1869, 602, 1327, 1921, 1547, 2548, 2900, 1532, 1859, 1812, 2412, 1599, 2824, 2036, 1488, 2856, 1506, 1724, 5571, 2671, 3473, 1512, 4891, 2079, 3148, 1740, 5169, 2031, 2440, 2216, 3285, 1789, 1306, 2725, 1702, 2248, 6910, 3541, 1451, 2477, 2179, 4067, 1407, 2982, 1216, 1403, 2394, 1844, 1175, 1723, 2760, 2678, 4380, 891, 797, 1206, 1385, 2178, 2879, 2780, 3230, 2447, 1420, 3280, 1700, 2636, 629, 2156, 1794, 835, 6302, 1435, 3715, 1495, 1513, 1260, 1692, 675, 1844, 5252, 3402, 2166, 519, 3700, 6181, 1648, 5771, 725, 2994, 2364, 904, 5067, 1363, 1762, 1622, 1498, 3026, 1076, 3803, 2435, 2069, 1965)
(5, 9): Mean: 2402.3, median: 2216.0, std: 1147.375, percent: 2374.14, B: 155, W: 95, 
	(1895, 1368, 1639, 2622, 3482, 2403, 1963, 3235, 2040, 2884, 2977, 3328, 3365, 1979, 1251, 2570, 3232, 2844, 4979, 2092, 1317, 2222, 1470, 2169, 1422, 979, 2852, 1216, 975, 2475, 3712, 2459, 2071, 819, 1261, 2993, 2633, 1638, 2922, 2376, 2278, 1450, 504, 2204, 2722, 1648, 2671, 1949, 2241, 2281, 2580, 4058, 1905, 2577, 3423, 3017, 1426, 2627, 4091, 4237, 2250, 2602, 3423, 1853, 2500, 2611, 2817, 918, 6346, 1650, 2081, 949, 4082, 2261, 3785, 6233, 2603, 2574, 2221, 1621, 2558, 1829, 2396, 6222, 2074, 1866, 2729, 987, 2268, 3483, 2779, 2026, 3475, 1429, 2197, 2699, 1111, 2665, 1606, 2429, 551, 1637, 671, 2257, 1932, 2177, 1327, 1539, 3194, 1788, 2737, 3188, 2198, 4523, 1890, 4120, 3003, 1042, 2268, 4712, 2318, 1889, 1865, 2297, 4600, 3120, 6085, 2561, 5538, 2892, 1841, 809, 1753, 1491, 2063, 1113, 3314, 1110, 2357, 1813, 2157, 3576, 2148, 2582, 4381, 3290, 2861, 2499, 2116, 710, 1616, 2211, 1378, 2336, 2796, 1435, 1938, 1893, 2052, 1463, 2813, 1912, 1220, 2576, 1452, 1768, 5554, 2799, 3817, 1475, 4515, 1964, 2687, 1721, 4282, 1774, 2117, 2230, 3725, 1803, 1374, 2283, 2176, 3027, 5048, 3316, 1458, 2613, 2156, 4005, 1547, 2312, 982, 1312, 2056, 1838, 1098, 1788, 2668, 2746, 4753, 897, 657, 1374, 1295, 2041, 3001, 2874, 3561, 2265, 1106, 2768, 1606, 2230, 693, 2180, 1836, 868, 6008, 1263, 3328, 1700, 1329, 1231, 1768, 629, 1727, 5045, 3541, 2205, 638, 3935, 4837, 1762, 5334, 673, 2356, 2428, 1210, 4268, 1390, 1856, 1636, 1488, 2763, 1060, 3826, 2430, 1895, 1757)
(6, 13): Mean: 2431.908, median: 2199.5, std: 1172.211, percent: 2387.44, B: 106, W: 144, 
	(2533, 1485, 1547, 3332, 3590, 2589, 2075, 3404, 1848, 3170, 2498, 3369, 3574, 1851, 1196, 2625, 3912, 2767, 4476, 2319, 1391, 2047, 1261, 1972, 1619, 1109, 2883, 1258, 988, 2426, 4020, 2906, 2094, 763, 1257, 3190, 2584, 1706, 3270, 2251, 2155, 1637, 471, 2336, 2828, 1731, 2868, 2049, 1845, 2164, 2386, 3578, 1882, 2743, 3282, 3093, 1450, 2905, 4575, 4603, 2143, 2909, 3919, 1633, 2929, 3120, 2842, 897, 6274, 1776, 1946, 984, 4016, 2401, 3774, 6170, 2779, 2725, 2413, 1689, 2373, 2232, 2126, 4895, 1977, 2179, 2986, 1046, 1976, 4145, 2662, 2032, 3560, 1433, 1889, 3102, 1161, 2716, 1986, 2563, 553, 1583, 751, 2293, 1811, 2413, 1266, 1621, 3380, 1918, 2692, 3927, 2049, 4306, 1837, 3840, 2758, 1308, 2055, 4884, 2220, 1915, 1929, 2650, 6006, 2843, 4978, 2265, 5872, 2975, 1977, 892, 1768, 1608, 1955, 1162, 2906, 998, 2177, 1826, 1788, 4359, 2135, 2760, 5142, 3368, 2943, 2379, 1722, 579, 1534, 2095, 1280, 2552, 2379, 1501, 1918, 1886, 2119, 1536, 2969, 1920, 1340, 2596, 1396, 1963, 5941, 2710, 3549, 1589, 4845, 1889, 2696, 1898, 3750, 1986, 2244, 2379, 3085, 1841, 1413, 2345, 2220, 2243, 5007, 3603, 1441, 2166, 2172, 4207, 1503, 2257, 1042, 1334, 2510, 1831, 1147, 1599, 2618, 2364, 4698, 981, 591, 1219, 1329, 2312, 2742, 3398, 3213, 1991, 1204, 2940, 1623, 2562, 780, 2221, 1688, 956, 6351, 1313, 3392, 1560, 1305, 1371, 1738, 463, 1782, 5499, 3248, 2579, 708, 3176, 5151, 1468, 5148, 697, 3279, 2238, 984, 4534, 1384, 1789, 1400, 1604, 3102, 1012, 3104, 2450, 2110, 1726)
(7, 15): Mean: 2388.76, median: 2154.0, std: 1158.77, percent: 2420.26, B: 144, W: 106, 
	(1913, 1395, 1641, 2749, 2805, 2961, 2057, 3548, 1877, 2644, 2485, 3832, 3265, 2006, 1179, 2703, 3809, 3506, 4142, 1973, 1455, 2139, 1279, 2269, 1465, 1106, 2708, 1261, 939, 2633, 3829, 2434, 2055, 783, 1273, 3392, 2367, 1643, 3109, 1966, 2369, 1389, 492, 2057, 2730, 1777, 2797, 1681, 1939, 2107, 2271, 4290, 1993, 2498, 3334, 2878, 1494, 2782, 3821, 4780, 1867, 3014, 3834, 1717, 2720, 2997, 2941, 993, 5762, 1842, 1948, 1034, 4221, 2220, 3517, 7283, 2722, 2655, 2519, 1590, 2489, 2313, 2191, 4146, 1922, 2279, 3085, 885, 2333, 3615, 2464, 1773, 3909, 1576, 1941, 2907, 1056, 2604, 1698, 2556, 492, 1663, 758, 2088, 1995, 2663, 1216, 1352, 3211, 1725, 2569, 2855, 2029, 5073, 2130, 4127, 2573, 1245, 2060, 4677, 2188, 1642, 1703, 2336, 4907, 3203, 5770, 2607, 5852, 2916, 1899, 840, 1773, 1502, 1996, 1267, 2677, 938, 1997, 1736, 1824, 4008, 2169, 2515, 4927, 2996, 2909, 2510, 1914, 563, 1206, 1669, 1281, 2576, 2723, 1597, 2125, 1928, 1968, 1409, 3067, 1590, 1429, 2658, 1559, 1848, 4652, 2662, 3862, 1617, 4399, 1831, 2819, 1627, 4608, 2121, 2202, 2192, 3808, 1574, 1390, 2520, 1738, 2190, 6113, 3518, 1411, 2371, 2300, 4170, 1588, 2426, 1173, 1217, 2553, 1694, 1110, 1770, 2454, 2840, 4367, 966, 692, 1213, 1518, 1960, 2698, 2706, 3030, 2259, 1206, 2837, 1406, 2229, 696, 2041, 1939, 1090, 5912, 1321, 3596, 1335, 1265, 1256, 1744, 574, 1775, 5057, 3845, 2055, 697, 3469, 5145, 1584, 4333, 651, 2656, 2432, 968, 4180, 1138, 1628, 1518, 1515, 3060, 1007, 3394, 2664, 1935, 1678)
(9, 23): Mean: 2380.724, median: 2151.5, std: 1163.944, percent: 2325.8, B: 130, W: 119, 
	(1958, 1395, 1584, 2880, 3288, 2438, 2247, 3138, 1665, 2804, 3438, 3013, 3505, 1933, 1216, 2356, 3202, 2965, 4187, 2093, 1487, 2219, 1168, 2084, 1673, 1138, 2694, 1373, 884, 2555, 3818, 2425, 2119, 720, 1177, 3102, 2434, 1731, 2699, 1858, 1974, 1458, 500, 2079, 2639, 1639, 2410, 2044, 1878, 2186, 2393, 4081, 1766, 2639, 2919, 2810, 1445, 2646, 3796, 4146, 1990, 2917, 4166, 1651, 2703, 2933, 2310, 980, 6050, 1775, 2142, 900, 4306, 2152, 3849, 6722, 2418, 2874, 2079, 1487, 2857, 2021, 2339, 4640, 1676, 2448, 2589, 849, 2185, 3194, 2894, 2046, 3245, 1381, 1988, 3215, 1075, 2848, 1802, 2593, 452, 1555, 764, 2222, 2105, 2461, 1344, 1463, 3160, 1753, 2761, 2988, 2271, 4649, 1905, 3974, 2999, 1104, 2151, 4597, 2145, 1755, 1711, 2329, 5839, 3306, 5713, 2409, 5899, 2919, 1757, 804, 1893, 1426, 1855, 1071, 2491, 1002, 2553, 1727, 1829, 4547, 2047, 2602, 4454, 2923, 2920, 2678, 2061, 605, 1064, 1880, 1267, 2227, 3069, 1508, 2052, 1979, 2037, 1380, 3142, 1747, 1445, 2894, 1400, 1685, 5996, 2470, 3871, 1612, 4776, 1836, 2726, 1829, 3987, 2054, 2299, 2394, 3778, 1699, 1278, 2688, 2182, 2527, 6088, 3838, 1332, 2603, 2269, 4742, 1334, 2680, 923, 1344, 2081, 1830, 1149, 1663, 3328, 2150, 4584, 878, 548, 1237, 1554, 1990, 2856, 2750, 2648, 2239, 1053, 3116, 1417, 2505, 653, 1966, 1752, 753, 5110, 1436, 3550, 1450, 1220, 1337, 1622, 555, 1846, 5021, 3424, 2430, 600, 3690, 4824, 1661, 4209, 714, 3070, 2399, 885, 4163, 1256, 1609, 1536, 1514, 3316, 953, 3042, 2203, 1921, 1636)
(10, 24): Mean: 2251.296, median: 2080.5, std: 1111.053, percent: 2155.0, B: 179, W: 70, 
	(1689, 1354, 1449, 2647, 2714, 2338, 1743, 3060, 1879, 2804, 2075, 2925, 2796, 1742, 981, 2179, 3031, 3445, 4603, 1955, 1155, 2120, 1117, 1837, 1487, 987, 2880, 1148, 1024, 2147, 3780, 2230, 1911, 670, 1012, 3010, 2349, 1628, 2796, 1969, 1955, 1276, 493, 2008, 2312, 1942, 2579, 2203, 1865, 2086, 2211, 3820, 1526, 2277, 2609, 2947, 1408, 2914, 4158, 3491, 1676, 2593, 3577, 1405, 2673, 2799, 2447, 973, 5698, 1595, 2278, 956, 4261, 2172, 3835, 6681, 2276, 2695, 2174, 1431, 2759, 2163, 2097, 4204, 1898, 2156, 2602, 860, 2232, 3150, 2606, 1980, 2884, 1426, 1869, 2663, 1058, 2447, 1712, 2411, 591, 1516, 611, 2304, 1949, 2216, 1172, 1510, 3108, 1775, 2479, 2614, 1818, 4332, 2227, 4146, 2425, 1250, 2199, 4971, 1891, 1793, 1982, 2514, 4440, 2579, 6556, 2579, 5555, 2677, 1826, 727, 1840, 1484, 1803, 1146, 2456, 883, 2234, 1673, 1497, 3293, 2040, 2604, 4289, 2627, 2671, 2282, 1772, 584, 1340, 1605, 1209, 2743, 2758, 1380, 1981, 1714, 2187, 1374, 2936, 1319, 1178, 2443, 1287, 1820, 4965, 2355, 3429, 1394, 4614, 1762, 2650, 1563, 4760, 1863, 2039, 2180, 3626, 1845, 1395, 2366, 1846, 1986, 5242, 3179, 1266, 2431, 2062, 4156, 1344, 1998, 889, 1257, 1813, 1771, 1054, 1776, 2385, 2235, 4747, 952, 545, 1219, 1293, 1808, 2530, 2568, 2508, 2499, 1078, 2555, 1333, 2288, 695, 2044, 1853, 820, 5016, 1197, 2706, 1214, 1174, 1245, 1541, 536, 1786, 4151, 3065, 2370, 519, 3408, 4852, 1256, 5084, 782, 2577, 2583, 931, 4212, 1080, 1489, 1379, 1404, 3137, 1017, 3664, 2315, 1759, 1642)
(11, 28): Mean: 2192.824, median: 2032.0, std: 1076.313, percent: 2136.42, B: 151, W: 99, 
	(1910, 1350, 1322, 2491, 3478, 2575, 1880, 3200, 1730, 2509, 2515, 2969, 3090, 1747, 933, 2155, 3020, 2730, 3814, 1693, 1243, 1991, 1031, 2234, 1462, 971, 3164, 1081, 848, 2433, 3207, 2296, 1790, 632, 1107, 2973, 2238, 1490, 2540, 1848, 1830, 1079, 406, 2086, 2377, 1646, 2182, 1894, 1834, 1933, 2231, 4369, 1652, 2243, 3028, 3128, 1343, 2557, 4390, 4009, 1946, 2257, 3717, 1521, 2566, 2702, 2830, 855, 5105, 1745, 1773, 907, 3843, 2122, 2916, 7024, 2165, 2290, 2413, 1474, 2356, 2032, 2355, 4462, 1944, 2014, 2216, 868, 2196, 2856, 3147, 1739, 2673, 1220, 1715, 2272, 1039, 2407, 1796, 2396, 524, 1436, 596, 1981, 2438, 2141, 957, 1380, 3208, 1602, 2512, 2617, 1856, 4496, 1590, 3931, 2696, 1306, 2072, 4031, 1809, 1539, 1625, 2048, 4025, 2809, 5856, 2600, 5340, 2370, 1713, 617, 1361, 1364, 1929, 1219, 2221, 874, 2075, 1493, 1683, 3876, 1956, 2577, 4002, 4208, 2521, 2364, 1794, 517, 1555, 1520, 1404, 2359, 2520, 1237, 1679, 1757, 1972, 1470, 3139, 1584, 1185, 2380, 1354, 1553, 4245, 2094, 2878, 1429, 4192, 1700, 2306, 1587, 3969, 1700, 2032, 2000, 3163, 1737, 1313, 2373, 1812, 2231, 4646, 2832, 1197, 2757, 2161, 3581, 1258, 2119, 1027, 1317, 2300, 1816, 989, 2146, 2548, 2400, 4438, 849, 607, 1224, 1424, 2072, 2412, 2537, 2846, 2024, 1126, 2687, 1488, 2350, 612, 1998, 1641, 845, 6405, 1138, 2930, 1372, 1070, 1010, 1657, 629, 1612, 4669, 2743, 2106, 462, 2948, 4559, 1282, 4324, 785, 2636, 2405, 789, 3784, 1117, 1493, 1404, 1263, 2781, 997, 3254, 2102, 1708, 1533)
(12, 29): Mean: 2216.54, median: 2022.0, std: 1053.09, percent: 2173.26, B: 116, W: 133, 
	(1572, 1421, 1532, 2359, 2754, 2403, 1778, 3103, 1806, 2898, 2537, 3068, 3162, 2277, 1033, 2317, 3279, 3078, 4075, 2025, 1404, 2008, 1002, 2034, 1270, 1081, 2915, 1248, 963, 2219, 3536, 2509, 1780, 707, 1052, 2740, 2070, 1460, 2468, 1746, 1973, 1163, 528, 1906, 2540, 1836, 2605, 1906, 1613, 1880, 2236, 3768, 1600, 2556, 3306, 3126, 1542, 2890, 3791, 3483, 1702, 2665, 4098, 1387, 2565, 3212, 2270, 860, 4795, 1675, 1913, 860, 4451, 2269, 3741, 6550, 2368, 2480, 2124, 1501, 2388, 2001, 2284, 3868, 2288, 1989, 2299, 921, 2006, 2826, 2790, 1682, 3215, 1337, 1604, 2998, 1031, 2717, 1870, 2383, 561, 1398, 611, 1851, 1923, 2267, 1081, 1428, 3132, 1606, 2256, 3090, 1745, 3669, 1908, 3665, 2795, 1206, 1989, 3880, 1828, 1608, 1972, 2476, 4521, 2699, 5890, 2588, 5090, 2542, 1713, 739, 1470, 1498, 1916, 1044, 2529, 964, 2349, 1475, 1846, 3860, 2014, 2664, 4319, 3207, 2648, 2391, 2016, 687, 1539, 1484, 1324, 2421, 2377, 1437, 1836, 1850, 2041, 1409, 2831, 1470, 1178, 2365, 1282, 1643, 5049, 2062, 3409, 1396, 4332, 2038, 2759, 1419, 4385, 1979, 2074, 2450, 3396, 1732, 1239, 2287, 1818, 2127, 4300, 2631, 1271, 2436, 2073, 3614, 1202, 2256, 1013, 1263, 2019, 1780, 930, 1963, 2687, 2221, 4255, 926, 632, 1124, 1240, 1697, 2529, 2755, 2780, 2291, 990, 2737, 1467, 2363, 630, 1971, 1603, 815, 5448, 1044, 2986, 1331, 1099, 1197, 1603, 512, 1534, 4830, 2798, 2380, 516, 3011, 3961, 1389, 4825, 603, 2988, 2411, 944, 4222, 1064, 1506, 1393, 1413, 2989, 1033, 3086, 2245, 1663, 1665)
(13, 31): Mean: 2186.8, median: 2021.5, std: 1043.758, percent: 2160.24, B: 144, W: 106, 
	(1502, 1179, 1553, 2689, 3073, 2273, 1889, 3054, 1992, 2459, 2140, 2987, 2832, 1844, 984, 1894, 3138, 2588, 3893, 1835, 1250, 2163, 1174, 1893, 1443, 1036, 2551, 1243, 852, 2354, 4105, 2528, 1817, 625, 1134, 3033, 2224, 1503, 2291, 2132, 1763, 1218, 501, 1862, 2497, 1755, 2818, 1718, 1833, 1926, 2195, 3576, 1509, 2173, 3056, 2618, 1364, 2719, 3557, 3359, 1709, 2380, 3746, 1406, 2531, 2931, 2548, 905, 6000, 1841, 2145, 847, 4583, 1948, 3267, 5338, 2371, 2242, 1910, 1556, 2833, 1958, 2378, 4207, 1953, 2158, 2590, 808, 2051, 3164, 2639, 1850, 3208, 1488, 1867, 2130, 1084, 2614, 1934, 2137, 465, 1433, 793, 2289, 1747, 2020, 1124, 1183, 2882, 1697, 2323, 2657, 1737, 4209, 2057, 3262, 2682, 1163, 2158, 5196, 2023, 1732, 1646, 2139, 4254, 2457, 5400, 2295, 4885, 2594, 1803, 715, 1415, 1472, 2037, 1091, 2248, 1033, 2000, 1781, 1791, 3396, 1968, 2323, 3663, 3118, 2529, 2099, 1883, 576, 1415, 1601, 1336, 2303, 2356, 1374, 1783, 1662, 2259, 1434, 2901, 1404, 1171, 2369, 1339, 1601, 4694, 2626, 3922, 1406, 4845, 2152, 2416, 2013, 3754, 1758, 2032, 2073, 3397, 1575, 1394, 2286, 1416, 2146, 5542, 3237, 1331, 2492, 2017, 3936, 1260, 2457, 859, 1275, 1854, 1698, 1075, 1891, 2256, 2394, 4744, 863, 506, 1070, 1136, 1780, 2696, 2475, 2684, 2026, 1248, 2500, 1393, 2188, 621, 1894, 1786, 755, 5281, 1092, 3555, 1327, 1152, 1019, 1531, 428, 1612, 3893, 2835, 2167, 555, 3263, 4333, 1300, 4101, 660, 2868, 2338, 893, 4030, 1226, 1447, 1327, 1461, 2803, 932, 3272, 2445, 1938, 1600)
(14, 35): Mean: 2217.568, median: 2020.0, std: 1107.58, percent: 2147.78, B: 116, W: 134, 
	(1607, 1317, 1402, 2690, 3366, 2349, 1723, 2930, 1488, 2888, 2813, 3406, 2998, 1867, 890, 1995, 3229, 2483, 4319, 2081, 1412, 2192, 1030, 1901, 1270, 979, 2502, 1272, 896, 2196, 3549, 2365, 2018, 634, 1072, 2964, 2444, 1390, 2678, 1982, 1921, 1222, 460, 1851, 2586, 1705, 2784, 1787, 2019, 2001, 2100, 3683, 1593, 2502, 3083, 2767, 1352, 2583, 3899, 3135, 1822, 2614, 3769, 1590, 2795, 2779, 2311, 883, 6169, 1732, 1997, 886, 3927, 1957, 2857, 6514, 2523, 2565, 2340, 1459, 2518, 2271, 2494, 3629, 1859, 2371, 2673, 899, 2393, 3031, 2533, 1851, 3203, 1340, 2021, 2064, 1067, 2350, 1748, 2107, 435, 1538, 855, 2353, 1770, 2173, 1005, 1430, 3041, 1836, 2537, 2838, 1705, 3556, 1863, 3668, 2362, 1016, 2164, 4769, 1955, 1861, 1650, 2127, 4102, 2673, 5948, 2537, 4794, 2246, 1778, 725, 1529, 1383, 1976, 963, 2396, 965, 2172, 1553, 1722, 3782, 1824, 2608, 3930, 2823, 2656, 2241, 1800, 707, 1493, 1418, 1226, 2192, 2411, 1454, 1653, 1655, 2112, 1430, 2618, 1320, 1147, 2643, 1304, 1682, 5264, 2236, 3303, 1476, 4966, 1875, 2359, 1660, 4017, 1824, 2135, 2005, 4005, 1755, 1317, 2229, 1621, 2127, 5573, 3042, 1313, 2512, 2071, 3832, 1277, 2341, 892, 1306, 1739, 1775, 957, 1816, 2266, 2391, 3963, 835, 595, 1064, 1316, 1735, 2424, 2333, 2644, 1950, 1072, 2555, 1429, 2530, 626, 1902, 1668, 778, 5390, 1130, 3820, 1213, 1128, 948, 1802, 406, 1658, 4485, 3258, 2374, 582, 2939, 6908, 1410, 4603, 681, 2613, 2512, 964, 4268, 1079, 1439, 1615, 1390, 2991, 969, 2936, 2587, 2254, 1715)
(15, 37): Mean: 2168.488, median: 1991.5, std: 1052.24, percent: 2188.32, B: 150, W: 100, 
	(1575, 1363, 1407, 2294, 3119, 2132, 1780, 3102, 2235, 3153, 2454, 3005, 2741, 1866, 1175, 1945, 3141, 2972, 3756, 2035, 1307, 2158, 1011, 1841, 1416, 912, 2539, 1175, 797, 2237, 3644, 2327, 1994, 653, 1141, 2553, 2222, 1403, 2406, 1960, 1944, 1162, 505, 1900, 2498, 1601, 2373, 1792, 1872, 2089, 2073, 3090, 1632, 2551, 3580, 2519, 1261, 3048, 3969, 3717, 1913, 2868, 3555, 1384, 2869, 2519, 2085, 865, 6043, 1576, 1925, 829, 3773, 2083, 3156, 6184, 2763, 2287, 2128, 1462, 2457, 1881, 2228, 4137, 1708, 1913, 2906, 736, 2364, 3016, 2388, 1861, 3820, 1268, 1616, 2271, 996, 2504, 1893, 2242, 444, 1524, 762, 2294, 1874, 2153, 1013, 1307, 3358, 1640, 2514, 2831, 1557, 4391, 1751, 3410, 2347, 1003, 1909, 4795, 1918, 1591, 1521, 2051, 3826, 2504, 4431, 2607, 5237, 2400, 1798, 717, 1327, 1435, 1953, 1064, 2140, 834, 2287, 1636, 1749, 3193, 1960, 2443, 4169, 2640, 2350, 2033, 1783, 603, 1193, 1592, 1459, 2589, 2227, 1385, 1770, 1564, 1994, 1456, 2629, 1521, 1112, 3256, 1319, 1737, 4222, 2256, 2820, 1466, 4528, 1899, 2414, 1443, 3732, 1816, 2032, 2021, 3260, 1649, 1304, 2303, 1924, 2017, 4691, 3516, 1282, 2471, 2194, 3994, 1218, 2885, 966, 1275, 1989, 1663, 1028, 1420, 2134, 2367, 4091, 837, 593, 1088, 1419, 1644, 2206, 2358, 3026, 2002, 980, 2723, 1343, 2028, 613, 1839, 1711, 745, 5628, 1011, 3230, 1263, 1073, 1412, 1557, 449, 1530, 5246, 2922, 2394, 493, 3647, 4813, 1334, 4137, 673, 2474, 2498, 871, 4056, 1116, 1492, 1379, 1321, 2944, 927, 3170, 1896, 1723, 1524)
(16, 41): Mean: 2172.624, median: 1983.5, std: 1031.264, percent: 2127.36, B: 117, W: 133, 
	(1776, 1242, 1588, 2618, 3424, 1996, 2061, 2681, 1828, 2835, 2855, 3147, 2973, 1779, 1021, 2084, 2931, 2492, 4528, 1990, 1286, 2002, 1058, 1903, 1279, 1056, 2545, 1214, 873, 2194, 3224, 2157, 1916, 771, 1026, 3298, 2306, 1471, 2476, 1977, 2065, 1138, 460, 1938, 2453, 1473, 2973, 1761, 1650, 1855, 1942, 3083, 1670, 2416, 2851, 2975, 1263, 2546, 4433, 3425, 1875, 2674, 3496, 1483, 2470, 2393, 2356, 916, 4918, 1671, 2114, 954, 3584, 2077, 3283, 4919, 2531, 2600, 2042, 1537, 2467, 1851, 2081, 3504, 1828, 1928, 3100, 799, 1914, 2940, 2295, 1843, 3320, 1262, 1621, 2293, 1130, 2422, 1884, 2384, 603, 1471, 803, 2057, 1822, 2017, 1040, 1325, 2907, 1774, 2429, 2718, 1637, 4516, 1924, 3992, 2486, 1251, 2118, 4598, 1865, 1806, 1624, 2198, 4164, 2513, 6039, 2355, 4510, 2405, 1921, 696, 1444, 1479, 1897, 1211, 2059, 876, 2086, 1749, 1791, 4335, 2283, 2475, 3957, 2784, 2591, 2202, 1787, 649, 1186, 1794, 1091, 2511, 2264, 1472, 1779, 1618, 1885, 1501, 2592, 1599, 1207, 2814, 1486, 1695, 4600, 2211, 3037, 1421, 4931, 1656, 2355, 1641, 3601, 1691, 2115, 2131, 2704, 1810, 1372, 2200, 1653, 2226, 5258, 3133, 1398, 2415, 2031, 3740, 1255, 2126, 794, 1169, 1840, 1690, 996, 1724, 2036, 2577, 4715, 914, 625, 1027, 1157, 1596, 2885, 2697, 2779, 1969, 1120, 2547, 1470, 2585, 600, 1883, 1619, 824, 5192, 1093, 3239, 1175, 1243, 1077, 1349, 533, 1597, 4495, 3142, 2652, 512, 3467, 4635, 1301, 4339, 642, 2497, 2651, 799, 4387, 1184, 1427, 1445, 1332, 2911, 914, 3105, 2037, 1770, 1722)
(17, 46): Mean: 2168.78, median: 1945.0, std: 1057.3, percent: 2111.26, B: 124, W: 126, 
	(1699, 1355, 1537, 2433, 2975, 2137, 2085, 3043, 1833, 3033, 2118, 2473, 2740, 1805, 1196, 1944, 3273, 2823, 3844, 1994, 1188, 2032, 995, 1823, 1356, 1047, 2464, 1199, 997, 2298, 3579, 2116, 1699, 679, 1049, 2568, 2262, 1539, 2483, 1986, 1892, 1256, 426, 1926, 2240, 1505, 2661, 1806, 1692, 1794, 1846, 3698, 1418, 2642, 2623, 2792, 1294, 2653, 4523, 3460, 1822, 2546, 3747, 1471, 2902, 2775, 2485, 881, 5104, 1574, 1794, 850, 3854, 2098, 3760, 5800, 2611, 2446, 2345, 1579, 2397, 1788, 2219, 4424, 1927, 2245, 2683, 837, 1954, 2977, 2534, 2057, 3263, 1492, 1722, 2480, 1194, 2527, 2013, 2432, 431, 1373, 625, 2205, 1750, 2095, 1089, 1272, 3169, 1567, 2522, 2558, 1752, 4509, 1829, 3658, 2351, 1226, 2158, 4490, 1886, 1667, 1605, 2153, 4330, 2487, 5008, 2516, 4756, 2530, 1666, 628, 1350, 1451, 1888, 1151, 1910, 825, 2234, 1407, 1683, 3147, 2159, 2049, 3962, 2830, 2570, 2392, 1892, 588, 1016, 1643, 1215, 2038, 2810, 1432, 1902, 1730, 1945, 1292, 2593, 1349, 1219, 2953, 1438, 1641, 4611, 2298, 2916, 1404, 4303, 1693, 2467, 1648, 3882, 1732, 2387, 1881, 3419, 1799, 1146, 1945, 1552, 2152, 5638, 3393, 1612, 2747, 1916, 4300, 1388, 2641, 957, 1232, 1992, 1821, 982, 1490, 2208, 2366, 4839, 858, 534, 1009, 1208, 1577, 2439, 2766, 3341, 1862, 1205, 2374, 1432, 2457, 629, 1820, 1685, 747, 6106, 1064, 2777, 1217, 1094, 1104, 1446, 491, 1629, 4941, 3004, 2139, 508, 3584, 4072, 1309, 4586, 688, 2241, 2155, 821, 3756, 1083, 1524, 1370, 1411, 2805, 1021, 3051, 2152, 1669, 1657)
(26, 100): Mean: 2165.552, median: 1930.5, std: 1050.375, percent: 2174.84, B: 123, W: 127, 
	(1801, 1118, 1485, 2344, 3356, 1886, 1690, 2864, 1723, 2490, 2268, 3588, 2974, 1719, 1217, 1954, 3397, 2508, 3839, 1913, 1143, 2149, 990, 2010, 1328, 890, 2788, 1296, 880, 2069, 4043, 2160, 1707, 655, 1100, 3453, 2191, 1314, 2471, 1729, 1936, 1093, 428, 2001, 2394, 1574, 3074, 1862, 1795, 1863, 1995, 3687, 1494, 2412, 3173, 3084, 1373, 2814, 5376, 3822, 1975, 2297, 3841, 1328, 2405, 2670, 2500, 827, 5658, 1688, 1833, 934, 4110, 1881, 3469, 5504, 2507, 2296, 2373, 1658, 2489, 1918, 2158, 3697, 1707, 1831, 2622, 956, 1919, 2744, 2281, 1998, 3238, 1370, 1732, 2266, 1111, 2620, 1828, 2287, 512, 1536, 740, 2046, 1857, 2082, 1146, 1259, 3818, 1850, 2609, 3037, 1760, 3728, 1763, 3260, 2533, 1036, 2170, 4168, 1665, 1682, 1508, 2328, 4178, 2712, 4984, 2460, 4900, 2567, 1608, 716, 1289, 1699, 1892, 1238, 1973, 880, 2242, 1583, 1784, 3125, 1849, 2394, 4105, 2599, 2617, 2080, 1862, 667, 1090, 1613, 1157, 2505, 2396, 1433, 1755, 1671, 1952, 1327, 2774, 1264, 1283, 2871, 1306, 1775, 4617, 2464, 3442, 1317, 4379, 1438, 2444, 1813, 4281, 1662, 2198, 1988, 3248, 1741, 1347, 2354, 1707, 2119, 6182, 2937, 1431, 2498, 1796, 3499, 1134, 2492, 821, 1137, 1772, 1693, 993, 2147, 2079, 2226, 3764, 900, 552, 1134, 1317, 1596, 2519, 2625, 2946, 1925, 1217, 2570, 1389, 2236, 652, 1811, 1656, 763, 4924, 1081, 3751, 1246, 1106, 1057, 1362, 446, 1649, 4313, 2940, 2264, 430, 3317, 4634, 1444, 3663, 677, 2449, 2429, 925, 4155, 1242, 1436, 1434, 1344, 2703, 921, 3098, 2108, 1706, 1622)
(27, 104): Mean: 2116.864, median: 1907.5, std: 1036.019, percent: 2165.88, B: 155, W: 94, 
	(1702, 1105, 1390, 2392, 3441, 2276, 1598, 3387, 1924, 2748, 2252, 2792, 3141, 1775, 933, 2031, 2827, 2515, 3781, 1900, 1108, 1882, 970, 1871, 1294, 981, 2619, 1126, 816, 2365, 3174, 2137, 1975, 587, 1172, 2834, 2117, 1459, 2569, 1863, 1779, 1311, 451, 1818, 2251, 1541, 2542, 1637, 1745, 2268, 1933, 3324, 1575, 2270, 3000, 2602, 1299, 2654, 3630, 3430, 1592, 2204, 3420, 1475, 2321, 2520, 2360, 867, 5085, 1554, 1638, 782, 4099, 2133, 3137, 4927, 2557, 2452, 2050, 1584, 2172, 2108, 2056, 3763, 1749, 1863, 2790, 894, 1791, 3170, 2284, 1800, 3493, 1249, 1558, 2478, 1011, 2480, 1712, 2107, 431, 1437, 637, 1980, 1857, 1915, 1179, 1287, 3373, 1694, 2633, 2449, 1810, 4571, 2270, 3207, 2347, 1006, 2039, 4331, 1861, 1684, 1495, 2310, 3746, 2718, 4772, 2335, 5367, 2188, 1568, 757, 1345, 1405, 1833, 974, 1803, 936, 1975, 1501, 1783, 3474, 2003, 2333, 4061, 2676, 2518, 1977, 1697, 569, 1240, 1466, 1283, 2480, 2317, 1452, 1629, 1676, 1984, 1328, 2763, 1235, 1096, 2880, 1419, 1667, 5229, 2392, 3449, 1334, 4321, 1551, 1987, 1479, 4463, 1688, 2145, 1853, 3488, 1645, 1378, 2041, 1570, 2008, 5618, 3169, 1414, 2704, 1872, 4237, 1355, 2195, 946, 1265, 1581, 1500, 941, 1625, 2161, 2506, 4213, 803, 512, 1003, 1408, 1593, 2429, 2523, 3341, 1987, 1093, 2488, 1630, 2366, 578, 1837, 1489, 659, 5439, 1197, 3255, 1141, 1179, 1028, 1327, 546, 1582, 4396, 2854, 2147, 515, 2819, 4246, 1357, 5021, 639, 2166, 2359, 854, 4046, 988, 1282, 1369, 1325, 2627, 1039, 2748, 2193, 1745, 1519)
(30, 118): Mean: 2097.148, median: 1888.5, std: 1057.245, percent: 2052.94, B: 134, W: 115, 
	(1899, 1201, 1416, 2561, 2776, 2230, 1936, 2698, 1773, 2703, 2466, 3448, 2332, 1752, 974, 2043, 3039, 3015, 4085, 1845, 1219, 1984, 957, 1831, 1176, 1053, 2697, 1101, 903, 2380, 3640, 2189, 1763, 661, 1128, 2871, 1928, 1453, 2175, 1803, 1862, 1105, 387, 2080, 2382, 1404, 2133, 1634, 1643, 2050, 2004, 3518, 1460, 2087, 3229, 2895, 1291, 2486, 3945, 3591, 1668, 2381, 3763, 1426, 2447, 2355, 2258, 902, 5789, 1484, 1814, 843, 4226, 1780, 3339, 6061, 1990, 2100, 1970, 1566, 2355, 1955, 2111, 3653, 1643, 1941, 2256, 853, 2061, 3097, 2487, 1853, 3099, 1298, 1468, 2833, 937, 2362, 1560, 2467, 463, 1424, 690, 2000, 1722, 2025, 968, 1334, 2841, 1659, 2702, 2823, 1726, 3949, 1643, 3186, 2473, 944, 1868, 5582, 1790, 1663, 1525, 2310, 4095, 2097, 4927, 2522, 5197, 2501, 1546, 581, 1293, 1382, 1878, 1036, 2091, 994, 2092, 1515, 1547, 3403, 1821, 2151, 3674, 2674, 2491, 2284, 1786, 461, 1276, 1565, 1152, 2537, 2161, 1348, 1500, 1564, 1776, 1333, 2805, 1394, 1047, 2445, 1369, 1582, 5249, 2191, 3142, 1380, 4987, 1672, 2382, 1640, 3289, 1772, 1925, 1927, 3069, 1820, 1346, 1998, 1699, 2037, 5667, 3406, 1299, 2553, 1871, 4141, 1143, 2058, 888, 1266, 1652, 1578, 1051, 1415, 2230, 2186, 3996, 975, 509, 1122, 1241, 1673, 2286, 2441, 2606, 1934, 897, 2227, 1268, 2476, 626, 1702, 1597, 769, 5156, 1153, 3311, 1036, 994, 878, 1517, 446, 1538, 4059, 2476, 2345, 475, 2817, 4543, 1325, 4051, 582, 2348, 2635, 799, 3643, 1148, 1403, 1292, 1225, 2863, 920, 2943, 1847, 1677, 1624)
(33, 132): Mean: 2081.264, median: 1879.0, std: 1016.036, percent: 2066.74, B: 127, W: 122, 
	(2037, 1199, 1416, 2565, 2908, 2202, 1696, 2884, 1695, 2959, 2274, 3027, 2788, 1657, 854, 1775, 3082, 2828, 4219, 1851, 1115, 1879, 1000, 1869, 1236, 1087, 2581, 1263, 846, 2141, 3075, 1968, 1710, 647, 1025, 3057, 1985, 1339, 2726, 1931, 1808, 1069, 426, 1847, 2142, 1429, 2419, 2005, 1764, 1880, 2152, 3059, 1401, 1951, 2737, 2650, 1425, 2353, 3954, 3417, 1729, 2417, 3610, 1653, 2486, 2411, 2324, 821, 5314, 1722, 1990, 788, 3917, 2118, 3134, 5486, 2180, 2210, 2275, 1448, 2163, 2065, 2317, 3784, 1706, 2177, 2334, 859, 1828, 3029, 2854, 1613, 3147, 1486, 1476, 2815, 934, 2340, 1878, 2189, 388, 1489, 733, 2046, 1706, 1938, 975, 1236, 2636, 1572, 2804, 3029, 1722, 4318, 1571, 4022, 2577, 1037, 1990, 4233, 1872, 1481, 1622, 2230, 4093, 2410, 5039, 2373, 5167, 2462, 1555, 607, 1266, 1463, 1709, 958, 1772, 952, 1983, 1374, 1599, 3520, 1859, 2005, 3635, 2316, 2466, 1890, 1682, 652, 1170, 1569, 1087, 2595, 2199, 1268, 1625, 1470, 2137, 1336, 2604, 1385, 1205, 2538, 1206, 1713, 5216, 2474, 3313, 1334, 4841, 1683, 2098, 1512, 2946, 1811, 2028, 1877, 2994, 1523, 1398, 2155, 1545, 2163, 5448, 3092, 1348, 2254, 1684, 4591, 1183, 2227, 883, 1234, 1651, 1508, 984, 1473, 2127, 2261, 3812, 871, 515, 997, 1281, 1697, 2233, 2211, 2546, 1879, 1086, 2267, 1314, 2396, 605, 1819, 1715, 729, 4602, 1163, 3272, 1090, 1104, 928, 1410, 482, 1674, 3856, 2678, 2532, 465, 2646, 4233, 1269, 4376, 731, 2743, 2357, 814, 3867, 1045, 1417, 1386, 1269, 2495, 1042, 3130, 1892, 1479, 1585)
(59, 286): Mean: 2077.872, median: 1878.5, std: 1024.179, percent: 2098.1, B: 129, W: 121, 
	(1851, 1206, 1315, 2938, 2927, 1903, 1519, 2664, 1864, 2638, 2347, 3180, 2672, 1712, 1032, 2040, 3020, 2382, 4066, 1865, 1151, 2101, 895, 1857, 1329, 1056, 2503, 1052, 985, 1967, 3456, 2019, 1726, 661, 1196, 3421, 1949, 1297, 2483, 1694, 1707, 1107, 401, 1788, 2190, 1524, 2078, 1900, 1783, 1960, 2020, 3329, 1557, 2045, 2991, 3000, 1342, 2620, 3710, 3653, 1524, 2246, 3253, 1683, 2694, 2165, 2003, 846, 4863, 1481, 1995, 715, 4018, 2072, 3108, 5946, 2157, 2418, 2305, 1464, 2072, 1968, 2431, 3560, 1733, 1923, 1864, 906, 1847, 2866, 2298, 1832, 3433, 1343, 1680, 3014, 976, 2184, 1869, 2059, 378, 1309, 658, 1947, 1803, 2081, 1037, 1198, 3156, 1563, 2377, 2751, 1558, 3451, 1815, 3369, 2756, 1012, 1828, 3867, 1905, 1613, 1800, 1962, 3708, 2560, 5414, 2159, 5237, 2429, 1585, 682, 1172, 1317, 1769, 965, 1979, 905, 2000, 1361, 1371, 3510, 1868, 2203, 3563, 2417, 2423, 2394, 1568, 574, 1336, 1489, 1193, 2277, 2158, 1415, 1766, 1602, 1949, 1329, 3157, 1381, 1023, 2289, 1212, 1613, 5492, 2162, 3034, 1325, 4440, 1568, 2643, 1497, 4239, 1849, 1876, 1921, 2935, 1465, 1339, 2298, 1519, 2229, 5257, 2599, 1294, 2436, 1645, 3581, 1356, 2123, 901, 1248, 1691, 1479, 882, 1421, 2221, 2029, 4634, 813, 494, 1026, 1289, 1718, 2313, 3203, 2642, 1881, 955, 2218, 1415, 2317, 602, 1718, 1558, 882, 5010, 1105, 3429, 1183, 1105, 964, 1389, 502, 1560, 4296, 2781, 2428, 572, 3249, 4353, 1198, 4179, 627, 2513, 2299, 776, 4130, 1158, 1446, 1358, 1274, 2851, 1067, 2724, 2006, 1754, 1536)
(60, 292): Mean: 2087.764, median: 1870.0, std: 1038.403, percent: 2037.96, B: 117, W: 132, 
	(1675, 1306, 1349, 2575, 3554, 2132, 1623, 2644, 1810, 2641, 2065, 3054, 3078, 1760, 1062, 2186, 3021, 2535, 3618, 1701, 1094, 2082, 905, 1816, 1209, 1019, 2869, 999, 1012, 2171, 3088, 2235, 2036, 655, 1078, 2967, 1943, 1614, 2392, 1790, 1777, 1256, 424, 1893, 2409, 1573, 2070, 1646, 1801, 1757, 1959, 3477, 1626, 2172, 3024, 2802, 1335, 2646, 3596, 3242, 1574, 2600, 3849, 1413, 2507, 2459, 2350, 795, 4941, 1536, 1772, 835, 4466, 2186, 2867, 6071, 2054, 2412, 2713, 1586, 2358, 1967, 1913, 4280, 1578, 1925, 2539, 832, 1909, 2819, 2401, 1682, 2766, 1313, 1440, 2613, 940, 2391, 1514, 2471, 457, 1294, 748, 2106, 1863, 2095, 987, 1335, 2807, 1496, 2035, 2913, 1812, 3797, 1869, 3365, 2618, 973, 2046, 3784, 1838, 1479, 1678, 2056, 4483, 2221, 5366, 2386, 5071, 2622, 1759, 749, 1157, 1271, 1874, 1070, 2204, 970, 1957, 1380, 1582, 3501, 1937, 2208, 4493, 2705, 2605, 1871, 1776, 604, 977, 1472, 1297, 2429, 2250, 1293, 1659, 1545, 1778, 1291, 2440, 1287, 1023, 2279, 1280, 1583, 5166, 2205, 2991, 1297, 4554, 1433, 2072, 1414, 3970, 1838, 1768, 2244, 2732, 1612, 1359, 2080, 1583, 2078, 5529, 3083, 1407, 2310, 1784, 3683, 1125, 2219, 888, 1231, 1732, 1518, 967, 1502, 2233, 2431, 3231, 850, 510, 1197, 1342, 1781, 2518, 2491, 2714, 1792, 971, 2483, 1220, 2207, 598, 1735, 1594, 824, 5891, 1059, 3742, 1140, 1211, 973, 1418, 416, 1496, 3777, 2817, 2457, 479, 2742, 4449, 1210, 4213, 607, 2482, 2602, 843, 3963, 1116, 1237, 1168, 1525, 2993, 992, 3035, 1840, 1672, 1639)
(62, 303): Mean: 2080.108, median: 1855.0, std: 1044.493, percent: 2064.84, B: 127, W: 121, 
	(1812, 1171, 1226, 2576, 3124, 1881, 1791, 2438, 1891, 3048, 2395, 3735, 2706, 1902, 1091, 2084, 2977, 2766, 4244, 1746, 1151, 2034, 963, 1836, 1181, 874, 3253, 1010, 946, 2401, 3500, 2502, 1831, 685, 1092, 3181, 2359, 1277, 2401, 1652, 1846, 1286, 410, 1797, 2554, 1551, 1829, 1882, 1425, 1853, 2033, 3678, 1507, 2065, 3303, 2623, 1262, 2626, 3891, 3441, 1779, 2538, 3649, 1521, 2702, 2738, 1954, 847, 5551, 1604, 1791, 834, 3934, 1831, 3051, 6026, 2081, 2474, 1838, 1560, 2045, 1813, 2119, 3566, 1651, 1912, 2178, 899, 2013, 2724, 2266, 1857, 3119, 1365, 1301, 2596, 961, 2233, 1821, 2178, 519, 1318, 726, 1900, 1743, 1776, 1067, 1184, 2901, 1535, 2641, 2429, 1706, 4094, 1694, 3551, 2390, 1034, 2003, 4281, 1874, 1482, 1657, 2406, 4073, 2147, 5388, 2335, 5799, 2409, 1648, 681, 1151, 1285, 1857, 969, 1871, 964, 1884, 1467, 1529, 3327, 1792, 1887, 4275, 2798, 2271, 2102, 1611, 618, 1140, 1474, 1153, 2530, 1993, 1397, 1666, 1819, 1740, 1291, 2892, 1120, 1046, 2478, 1259, 1549, 4928, 2208, 3137, 1390, 4225, 1674, 2258, 1774, 3729, 1964, 1996, 1990, 2850, 1603, 1371, 2427, 1476, 2099, 5369, 2998, 1332, 2327, 1697, 3469, 1255, 2262, 889, 1229, 1712, 1410, 881, 1521, 2022, 2030, 3813, 821, 560, 1112, 1228, 1554, 2428, 2455, 2856, 1785, 1103, 2270, 1339, 2113, 586, 1758, 1438, 742, 5549, 1174, 2977, 1201, 1168, 870, 1489, 463, 1496, 3920, 2457, 2379, 447, 2924, 4276, 1380, 4473, 641, 2478, 2189, 789, 3659, 1045, 1345, 1347, 1258, 2899, 997, 2807, 2097, 1729, 1530)
(79, 404): Mean: 2064.712, median: 1852.0, std: 1030.148, percent: 2021.1, B: 137, W: 112, 
	(1722, 1241, 1263, 2411, 2753, 2180, 1619, 3162, 1853, 2732, 1989, 2960, 2525, 1805, 899, 1811, 3196, 2647, 3550, 1631, 1097, 1981, 1046, 1698, 1359, 956, 2727, 1106, 885, 2244, 3469, 2163, 1715, 601, 984, 3325, 2112, 1352, 2348, 1851, 1839, 1026, 358, 1792, 2188, 1505, 2328, 1662, 1715, 1872, 1912, 2951, 1422, 2006, 2915, 2798, 1373, 2558, 3958, 2833, 1571, 2121, 3799, 1534, 2785, 2532, 2271, 805, 5514, 1669, 1686, 817, 3899, 1791, 3061, 5664, 2205, 2144, 2345, 1499, 2386, 1774, 2259, 3510, 1541, 2066, 2352, 776, 1794, 2621, 2548, 1562, 3269, 1224, 1563, 2534, 1104, 2659, 2011, 2279, 452, 1345, 674, 1956, 1851, 1963, 1015, 1179, 2489, 1675, 2500, 2640, 1611, 4061, 1682, 3408, 2540, 1004, 1963, 4916, 1843, 1572, 1698, 2391, 3568, 2145, 5282, 2216, 4788, 2488, 1446, 562, 1252, 1414, 1917, 1011, 1866, 871, 1950, 1440, 1610, 3349, 2040, 2139, 3562, 2699, 2440, 2198, 1730, 608, 1162, 1442, 1256, 2332, 2068, 1312, 1920, 1591, 1820, 1264, 2397, 1166, 1111, 2252, 1184, 1668, 4869, 2249, 3193, 1354, 4476, 1596, 2307, 1495, 3816, 1809, 2073, 2276, 3056, 1728, 1358, 2131, 1429, 2142, 6732, 2967, 1297, 2342, 1792, 3446, 1205, 2470, 970, 1347, 1750, 1695, 869, 1417, 2084, 2118, 3813, 901, 573, 1057, 1264, 1622, 2296, 2433, 2525, 1765, 949, 2563, 1320, 2419, 663, 1679, 1622, 729, 4858, 1076, 3039, 1147, 1008, 987, 1351, 449, 1582, 4024, 2774, 2442, 483, 2896, 4724, 1229, 4479, 523, 2301, 2255, 767, 3714, 1123, 1366, 1275, 1388, 2625, 972, 3620, 1885, 1681, 1597)
(84, 433): Mean: 2073.26, median: 1841.0, std: 1030.775, percent: 2030.28, B: 127, W: 123, 
	(1689, 1203, 1271, 2674, 2955, 1964, 1658, 3510, 1745, 2656, 2268, 3205, 2588, 1770, 981, 1930, 3023, 2792, 3523, 1834, 1149, 2011, 1023, 1767, 1063, 997, 2596, 1064, 965, 2218, 3207, 2023, 1757, 676, 1056, 3399, 2087, 1250, 2493, 1833, 1812, 1191, 437, 1810, 2200, 1629, 2128, 1832, 1662, 1751, 2060, 3550, 1637, 2535, 3110, 2653, 1466, 2381, 3617, 3540, 1738, 2426, 3490, 1425, 2386, 2460, 2112, 800, 5730, 1521, 1864, 796, 3711, 1848, 3159, 5765, 2417, 2409, 2454, 1510, 2366, 1754, 2035, 3142, 1451, 1768, 2689, 832, 1796, 2412, 2316, 1880, 3105, 1303, 1472, 2435, 989, 2616, 1576, 2223, 481, 1485, 691, 1878, 1596, 1881, 984, 1192, 2728, 1533, 2355, 2688, 1475, 4672, 1788, 3524, 2634, 994, 1783, 3959, 1865, 1565, 1665, 2097, 3858, 2411, 5444, 2374, 5334, 2243, 1630, 543, 1187, 1229, 1976, 987, 1950, 952, 1824, 1526, 1697, 3163, 1804, 2202, 4356, 2336, 2321, 2134, 1634, 551, 1245, 1552, 1127, 2726, 2416, 1406, 1670, 1685, 2117, 1357, 2766, 1286, 1029, 2404, 1260, 1466, 5464, 2324, 3483, 1297, 3714, 1703, 2365, 1455, 4046, 1631, 2191, 2104, 2947, 1494, 1430, 2220, 1475, 2032, 5706, 2952, 1432, 2103, 1829, 3407, 1160, 2286, 912, 1186, 1680, 1593, 903, 1619, 2246, 2265, 4459, 802, 518, 1039, 1274, 1745, 2266, 2493, 2425, 1913, 940, 2379, 1313, 2101, 631, 1884, 1551, 727, 4658, 1099, 2845, 1071, 1253, 1046, 1503, 395, 1571, 4777, 2695, 2731, 482, 2871, 4472, 1328, 3471, 685, 2490, 2615, 750, 3630, 1101, 1402, 1375, 1356, 2909, 839, 2867, 2135, 1518, 1515)
(87, 451): Mean: 2058.26, median: 1832.5, std: 1014.784, percent: 2062.56, B: 120, W: 130, 
	(1554, 1190, 1351, 2229, 2705, 2023, 1700, 3175, 1921, 3117, 2334, 3105, 2852, 1751, 1023, 2050, 3243, 2608, 3967, 1680, 1156, 1778, 935, 1742, 1197, 916, 2494, 1109, 819, 2220, 3399, 2381, 1804, 655, 936, 2810, 2000, 1383, 2294, 1862, 1736, 1067, 359, 1834, 2565, 1425, 2151, 1750, 1563, 2120, 2300, 3417, 1474, 2083, 3193, 2797, 1520, 2681, 3605, 3662, 1625, 2360, 3614, 1436, 2594, 2522, 2649, 844, 4513, 1645, 1746, 784, 3043, 1858, 3276, 6728, 1933, 2254, 2218, 1419, 2550, 1788, 2021, 3684, 1566, 1789, 2352, 820, 1848, 2956, 2266, 2047, 3190, 1263, 1631, 2161, 1005, 2229, 1707, 2316, 442, 1382, 636, 1831, 1641, 1735, 970, 1257, 3052, 1603, 2205, 2584, 1621, 4182, 1841, 2904, 2591, 1202, 1742, 3528, 1781, 1549, 1706, 2295, 4387, 2248, 4512, 2404, 6098, 2392, 1743, 555, 1207, 1389, 1915, 1009, 2031, 973, 1937, 1318, 1716, 3226, 2095, 2231, 3871, 2498, 2608, 2045, 1660, 452, 1070, 1609, 1207, 2434, 2114, 1333, 1660, 1583, 1804, 1201, 2611, 1454, 1126, 2282, 1359, 1537, 5016, 2219, 2707, 1319, 4393, 1708, 2016, 1565, 3689, 1819, 1934, 1944, 3472, 1563, 1374, 2352, 1750, 2289, 4985, 3144, 1412, 2452, 1724, 3616, 1352, 2039, 1032, 1151, 1757, 1698, 886, 1609, 2070, 2010, 4781, 860, 569, 1122, 1280, 1704, 2190, 2534, 2606, 1735, 852, 2013, 1396, 2102, 625, 1780, 1610, 736, 5035, 1052, 3072, 1307, 1003, 1093, 1269, 402, 1513, 4314, 2440, 2091, 416, 2715, 3447, 1306, 3947, 603, 2675, 2215, 764, 3851, 1141, 1319, 1269, 1310, 3075, 904, 2893, 2086, 1667, 1606)

Test:
No precond: Mean: 2672.772, median: 2441.0, std: 1328.452, percent: 2599.4, flag: 0 
	(2732, 1722, 2896, 6703, 1263, 687, 4519, 1196, 1214, 2257, 1636, 3135, 1148, 2438, 987, 2178, 2570, 2254, 2014, 2444, 1991, 2088, 2134, 2382, 2218, 868, 2182, 3218, 1219, 2008, 3407, 2246, 1203, 4618, 2022, 1618, 1504, 1778, 1968, 4965, 2198, 2292, 2342, 2682, 2127, 4125, 116, 2057, 902, 1557, 6323, 1922, 2322, 669, 481, 2490, 5504, 2080, 3458, 2573, 3341, 2994, 1888, 2050, 1387, 1391, 2387, 3298, 3614, 1684, 3098, 3118, 4464, 2592, 3866, 1797, 1981, 3499, 2273, 3253, 1323, 3153, 6059, 966, 3170, 5799, 5113, 5496, 3340, 2744, 2820, 3977, 3408, 5672, 2096, 1793, 4208, 3067, 1774, 4401, 1070, 2213, 3325, 2189, 1008, 2444, 4028, 1978, 1750, 3565, 2784, 3991, 2663, 2116, 3048, 4220, 2725, 2296, 2839, 2945, 2677, 2762, 3101, 1310, 1820, 1505, 3077, 1109, 1571, 4558, 336, 3214, 3399, 3984, 1498, 3185, 2949, 7460, 2913, 2708, 3603, 1702, 1714, 3044, 5088, 1978, 1501, 2803, 1265, 4648, 5189, 3450, 3232, 2691, 1878, 2840, 872, 1891, 3314, 1379, 2210, 3947, 929, 1336, 1542, 2928, 2412, 1326, 2491, 1833, 1338, 2562, 2919, 2052, 2082, 2489, 3746, 5866, 3049, 1273, 2993, 1275, 3425, 6333, 2217, 2252, 996, 1935, 2942, 3295, 2229, 2084, 8781, 3569, 3803, 2957, 1800, 2928, 1130, 3008, 1029, 2696, 3562, 1757, 4629, 1127, 2829, 1217, 4062, 4161, 2116, 1422, 4084, 1838, 2941, 577, 3148, 5144, 2884, 1132, 1309, 1212, 2450, 5948, 2031, 4191, 2686, 1828, 2057, 1766, 1347, 1945, 4401, 5568, 2142, 2128, 3510, 2437, 1763, 1883, 2842, 2343, 1301, 2928, 2177, 3078, 3557, 2609, 2563, 4937)

Jacobi: Mean: 2243.404, median: 2011.0, std: 1292.295, percent: 2166.82, BvN: 227, WvN: 23, flag: 0 
	(2492, 1157, 2356, 6959, 839, 487, 3002, 866, 976, 1907, 1273, 2669, 863, 2145, 660, 1762, 2341, 1909, 1489, 2055, 1726, 1569, 1796, 1748, 1978, 617, 1540, 2433, 844, 1703, 2400, 2273, 872, 4214, 2070, 1366, 1364, 1487, 1987, 5940, 1541, 2451, 1896, 1937, 1609, 3424, 88, 2065, 540, 975, 3808, 1498, 1945, 508, 374, 2066, 5962, 1647, 3177, 2004, 2980, 3540, 1246, 1741, 1252, 1334, 2280, 2018, 2500, 1211, 2806, 2049, 4025, 1813, 3192, 1519, 1512, 2859, 1472, 2369, 971, 2310, 5160, 683, 2900, 6209, 7128, 4441, 1815, 1701, 2381, 3524, 2637, 4538, 1510, 1334, 3708, 3033, 1551, 3129, 945, 1675, 2151, 1579, 758, 2059, 3928, 1515, 1347, 3055, 2266, 3521, 2367, 1736, 1860, 4665, 3485, 1968, 2768, 2071, 1862, 2524, 2886, 1228, 1155, 1323, 2413, 872, 1273, 4708, 227, 2466, 2340, 4785, 1306, 2140, 2287, 6406, 2701, 2301, 2515, 1200, 1670, 2718, 4346, 2046, 1027, 2217, 881, 3775, 4505, 3090, 3659, 2056, 1366, 2563, 589, 1380, 3454, 1003, 2345, 3067, 626, 1129, 1520, 1945, 2024, 946, 2029, 1966, 1178, 2286, 2628, 1827, 1914, 1958, 3726, 4679, 1491, 1014, 2296, 1057, 2937, 5225, 1895, 1896, 671, 1608, 2321, 2576, 2065, 2083, 8292, 2858, 2935, 2489, 1157, 2775, 952, 2358, 819, 2125, 2069, 1470, 4796, 736, 2054, 928, 2777, 2872, 2193, 1157, 3360, 1295, 2589, 371, 2247, 3920, 2346, 805, 1027, 1055, 1952, 5053, 1925, 3781, 2298, 1529, 1614, 1351, 846, 1516, 3827, 5367, 1832, 1800, 3171, 1858, 996, 1525, 2187, 2083, 1011, 3343, 1871, 2750, 3155, 1910, 1242, 4291)

Last: Mean: 2234.572, median: 2012.5, std: 1276.967, percent: 2172.82, BvN: 227, WvN: 23, BvJ: 126, WvJ: 124, flag: 1 
	(2280, 1111, 2578, 8561, 832, 470, 2890, 962, 964, 2114, 1209, 2371, 1007, 2272, 709, 1914, 1583, 2052, 1611, 1940, 1496, 1387, 1991, 1857, 1863, 607, 1774, 2115, 1028, 1537, 2627, 2452, 836, 4463, 2156, 1289, 1290, 1516, 1749, 4347, 1468, 2377, 2110, 2206, 1532, 3753, 93, 2026, 662, 1031, 4451, 1325, 1948, 489, 345, 2128, 5626, 1756, 3198, 1944, 2455, 4029, 1139, 1376, 1180, 1439, 2076, 2435, 2102, 1402, 3187, 2309, 3521, 1598, 3183, 1645, 1555, 2570, 1714, 2740, 976, 2088, 5065, 757, 2913, 6546, 6409, 4344, 1948, 1728, 2444, 3136, 2413, 4802, 2033, 1433, 3973, 2634, 1377, 3113, 931, 1670, 2625, 1819, 804, 1880, 3865, 1627, 1178, 2676, 2309, 3842, 2499, 1622, 2068, 4091, 3245, 1839, 2999, 2844, 1782, 2304, 2769, 1139, 1279, 1246, 2102, 795, 1171, 3716, 255, 2626, 2464, 4309, 1149, 1900, 2008, 5784, 3263, 2134, 2343, 1375, 1636, 2482, 4171, 1910, 1100, 2430, 969, 4267, 4634, 2616, 4436, 2121, 1433, 2242, 567, 1397, 3220, 1197, 2249, 3099, 663, 972, 1472, 1953, 2092, 918, 1792, 1772, 956, 2534, 2816, 1723, 1652, 2533, 3669, 4969, 1501, 956, 2040, 1067, 3579, 5420, 1740, 2017, 706, 1338, 2604, 2221, 1784, 1884, 7039, 2949, 2988, 2394, 1100, 2440, 823, 1994, 797, 2214, 2167, 1301, 4364, 622, 1963, 955, 2975, 3459, 2368, 1105, 3245, 1354, 2546, 444, 2554, 4279, 2394, 796, 1026, 1046, 2166, 4935, 1853, 3363, 2716, 1490, 1694, 1328, 851, 1558, 3282, 5682, 1880, 1553, 3902, 2049, 1046, 1442, 2353, 2171, 1086, 3466, 1907, 2832, 2467, 2022, 1609, 4309)

Best: Mean: 2234.572, median: 2012.5, std: 1276.967, percent: 2172.82, BvN: 227, WvN: 23, BvJ: 126, WvJ: 124, flag: 1 
	(2280, 1111, 2578, 8561, 832, 470, 2890, 962, 964, 2114, 1209, 2371, 1007, 2272, 709, 1914, 1583, 2052, 1611, 1940, 1496, 1387, 1991, 1857, 1863, 607, 1774, 2115, 1028, 1537, 2627, 2452, 836, 4463, 2156, 1289, 1290, 1516, 1749, 4347, 1468, 2377, 2110, 2206, 1532, 3753, 93, 2026, 662, 1031, 4451, 1325, 1948, 489, 345, 2128, 5626, 1756, 3198, 1944, 2455, 4029, 1139, 1376, 1180, 1439, 2076, 2435, 2102, 1402, 3187, 2309, 3521, 1598, 3183, 1645, 1555, 2570, 1714, 2740, 976, 2088, 5065, 757, 2913, 6546, 6409, 4344, 1948, 1728, 2444, 3136, 2413, 4802, 2033, 1433, 3973, 2634, 1377, 3113, 931, 1670, 2625, 1819, 804, 1880, 3865, 1627, 1178, 2676, 2309, 3842, 2499, 1622, 2068, 4091, 3245, 1839, 2999, 2844, 1782, 2304, 2769, 1139, 1279, 1246, 2102, 795, 1171, 3716, 255, 2626, 2464, 4309, 1149, 1900, 2008, 5784, 3263, 2134, 2343, 1375, 1636, 2482, 4171, 1910, 1100, 2430, 969, 4267, 4634, 2616, 4436, 2121, 1433, 2242, 567, 1397, 3220, 1197, 2249, 3099, 663, 972, 1472, 1953, 2092, 918, 1792, 1772, 956, 2534, 2816, 1723, 1652, 2533, 3669, 4969, 1501, 956, 2040, 1067, 3579, 5420, 1740, 2017, 706, 1338, 2604, 2221, 1784, 1884, 7039, 2949, 2988, 2394, 1100, 2440, 823, 1994, 797, 2214, 2167, 1301, 4364, 622, 1963, 955, 2975, 3459, 2368, 1105, 3245, 1354, 2546, 444, 2554, 4279, 2394, 796, 1026, 1046, 2166, 4935, 1853, 3363, 2716, 1490, 1694, 1328, 851, 1558, 3282, 5682, 1880, 1553, 3902, 2049, 1046, 1442, 2353, 2171, 1086, 3466, 1907, 2832, 2467, 2022, 1609, 4309)

Last Coef List
{1: array([-0.01680861, -0.00283734, -0.01832618, -0.0361377 , -0.02642767,
       -0.01476238, -0.02684766, -0.01429817, -0.01263046, -0.03833958])}

Best Coef List
{1: array([-0.01680861, -0.00283734, -0.01832618, -0.0361377 , -0.02642767,
       -0.01476238, -0.02684766, -0.01429817, -0.01263046, -0.03833958])}

Run time: 5348.550808607601


26/04/2026, 18:19:54
Config file: config/newPrecondType/median/new_pre_median_2.ini
Data:
	1d_laplace_size: 45
	amount: 250
	dist_type: normal
	params: 1 0.3
	seed: 2
	dim: 2025
Solver:
	tol: 1e-10
	max_iteration: None
Learn:
	iteration_count: 100
	step_range: 0.1
	method: median
	seed: 2
	change_scales: 1 0.5 0.25
	allow_disimprovement: False
	disimprovement_scale: 1
	median_best_scale: 0.5
	mean_best_scale: 0.5
	flag_count_limit: 0
Precondition:
	dist_type: normal
	params: 0 0.05
	num_coef: 10
	par_list: 10
	diag_list: 1
	type: diag_shift
	diag: jacobi
	sym: False

Train:
(0, 4): Mean: 3414.404, median: 2997.0, std: 2021.689, percent: 3343.66, B: 250, W: 0, 
	(2751, 3666, 3341, 2359, 4633, 3959, 3652, 6264, 2540, 2272, 1796, 5033, 2131, 2260, 7584, 2720, 3916, 3272, 2326, 2588, 2700, 1473, 1957, 1670, 3097, 926, 3417, 3243, 2035, 9097, 3399, 3289, 2061, 1621, 2714, 5034, 2669, 2415, 4052, 3715, 2816, 4287, 1631, 3568, 3631, 4063, 1578, 2395, 1701, 3595, 2581, 2009, 3493, 3481, 1621, 4986, 2464, 3771, 2161, 3353, 2940, 2995, 5820, 2907, 824, 1667, 2190, 3734, 5414, 3929, 2287, 630, 3708, 1834, 2231, 6791, 4175, 2795, 1623, 3057, 2081, 4004, 3807, 2954, 2474, 3428, 2692, 4803, 2860, 4045, 2603, 5101, 2999, 4153, 3998, 7071, 2727, 2652, 3131, 7858, 3217, 4900, 5083, 4942, 913, 19841, 4365, 4496, 3622, 2964, 3360, 1203, 954, 8245, 5397, 1371, 3570, 3788, 4657, 1089, 3770, 1100, 4646, 2914, 4219, 2586, 1450, 8196, 3994, 3947, 3822, 1057, 1590, 6856, 1789, 5351, 2486, 4935, 2297, 3312, 2892, 3938, 1389, 3008, 1509, 1670, 1627, 2336, 2373, 2104, 1766, 1698, 1057, 2244, 5845, 2535, 2059, 4308, 1840, 3978, 8608, 1210, 1882, 6469, 5540, 5254, 3426, 2289, 1333, 2024, 8390, 3609, 2990, 4206, 3395, 3611, 2926, 1606, 4571, 2127, 844, 3879, 5934, 2033, 2129, 5657, 2723, 3791, 1968, 2617, 2179, 2300, 4201, 3463, 3384, 4320, 5962, 1225, 6524, 5300, 4495, 2977, 1762, 2376, 4925, 4206, 3811, 3442, 4251, 430, 5753, 2073, 1407, 2607, 3888, 2972, 2370, 5053, 2084, 6500, 4707, 1417, 457, 7206, 200, 1243, 2954, 2238, 5306, 944, 2948, 4645, 6562, 2704, 6341, 1866, 9677, 1903, 1456, 3457, 4991, 5132, 3147, 4572, 8391, 1835, 2648, 3622, 1827, 1630)
(3, 18): Mean: 3412.948, median: 2979.0, std: 2011.983, percent: 3323.08, B: 120, W: 130, 
	(2527, 3776, 3317, 2563, 4665, 4454, 4009, 6835, 2415, 2488, 2025, 4570, 2412, 2659, 9080, 3024, 3636, 2655, 2571, 2752, 2792, 1378, 1849, 1565, 3385, 899, 3040, 3008, 2099, 8274, 3518, 3548, 2056, 1551, 2295, 5839, 2665, 2485, 3469, 3489, 2595, 4146, 1951, 3459, 3314, 4037, 1522, 3155, 1877, 3156, 2885, 2087, 3437, 3475, 1680, 4172, 2347, 3842, 2002, 3770, 3670, 2849, 5640, 2684, 987, 1916, 2349, 3182, 5823, 3802, 2226, 666, 4122, 1979, 1938, 8105, 4552, 2688, 1876, 2861, 2628, 3833, 3519, 2447, 2801, 3811, 2790, 5002, 2626, 3414, 2683, 4726, 3504, 3915, 4648, 6834, 2708, 2547, 2854, 7173, 3431, 3953, 5111, 4350, 953, 19512, 5640, 4654, 3759, 2636, 3562, 1325, 937, 7613, 4024, 1412, 3787, 4287, 4626, 1159, 2882, 1186, 4777, 3012, 4403, 2352, 1528, 9093, 3373, 3072, 3834, 1136, 1698, 6058, 1885, 5438, 2846, 4947, 2253, 2788, 2688, 3380, 1325, 3314, 1491, 1947, 1693, 2606, 2229, 2307, 1940, 1687, 1275, 2229, 6679, 2664, 1640, 3881, 2040, 4219, 8495, 1301, 2238, 6885, 5221, 4774, 3247, 2333, 1348, 2174, 9028, 2802, 3437, 3826, 3338, 3912, 2944, 1364, 5274, 2558, 910, 4326, 5641, 2136, 2296, 4721, 2746, 3962, 1910, 2328, 2435, 2053, 3886, 3394, 2568, 3920, 6292, 1284, 6538, 4663, 4206, 3242, 1698, 2814, 5269, 3100, 3986, 3734, 4016, 395, 5689, 2274, 1625, 2477, 3818, 2950, 2360, 5303, 2223, 6488, 4225, 1514, 400, 7343, 199, 1127, 3446, 1945, 5350, 767, 2491, 5048, 6396, 2854, 7877, 1947, 7017, 1829, 1534, 3675, 4531, 6312, 2858, 4168, 8729, 1940, 3356, 3395, 1975, 1364)
(4, 19): Mean: 3343.98, median: 2977.0, std: 1961.141, percent: 3304.94, B: 148, W: 102, 
	(2493, 4244, 3586, 2528, 4151, 4151, 4191, 4900, 2748, 2777, 1573, 4960, 2285, 2442, 8245, 2569, 3186, 2821, 2989, 2172, 2965, 1432, 1977, 1502, 3392, 857, 3059, 3178, 1854, 10323, 3328, 3152, 1990, 1556, 2385, 5476, 2330, 2546, 3945, 3741, 2353, 3649, 1903, 3455, 3877, 4068, 1454, 3163, 2209, 3119, 2844, 2193, 3678, 4250, 1594, 4435, 2537, 5053, 2235, 3055, 4304, 2894, 5587, 2276, 994, 1950, 2450, 3453, 5173, 4343, 1989, 742, 3791, 1846, 1896, 6974, 3605, 3007, 1638, 2561, 2381, 3783, 2803, 2487, 2962, 3449, 2768, 4525, 2611, 3647, 3283, 4019, 2914, 3743, 3920, 5212, 2917, 2223, 2995, 7021, 3224, 3871, 6359, 4349, 812, 16780, 4652, 4145, 4012, 2833, 4031, 1162, 910, 7493, 4249, 1355, 3742, 3390, 5056, 1167, 3826, 957, 4181, 2696, 3695, 2244, 1303, 7834, 3873, 3438, 3631, 1086, 1857, 6978, 1658, 5193, 2557, 4845, 2428, 2849, 2509, 3931, 1329, 3119, 1423, 1596, 1746, 2486, 2265, 2135, 2111, 1899, 1131, 2314, 7774, 2557, 1685, 3535, 1758, 3341, 9250, 1395, 1760, 7449, 5209, 4490, 2610, 2153, 1217, 1955, 7447, 3367, 2784, 3419, 3450, 3568, 2709, 1417, 5455, 2481, 575, 4119, 5536, 1851, 2102, 4229, 2755, 3403, 1964, 2475, 1960, 2304, 3431, 3131, 2993, 4480, 5002, 1085, 8056, 6520, 4381, 2740, 1578, 2611, 4485, 4104, 3894, 3383, 3362, 351, 5619, 2162, 1427, 2197, 3677, 3026, 2473, 5007, 2239, 6020, 3685, 1156, 349, 6953, 172, 1109, 3328, 1810, 5148, 922, 2626, 5120, 6030, 2782, 6379, 1960, 8798, 2470, 1539, 2881, 4937, 5784, 3093, 3966, 11097, 2114, 2781, 3358, 2124, 1608)
(7, 33): Mean: 3213.54, median: 2961.0, std: 1795.83, percent: 3099.26, B: 150, W: 99, 
	(2107, 3005, 3341, 2464, 4765, 3347, 3642, 4514, 2603, 2807, 1757, 4096, 2036, 2294, 6460, 2432, 3812, 2490, 2360, 2238, 2988, 1310, 1886, 1498, 3228, 710, 3166, 3088, 1841, 8422, 3328, 3048, 1882, 1445, 2667, 4827, 2333, 2263, 3582, 3621, 2529, 3742, 1962, 3264, 3713, 3680, 1319, 2915, 1996, 3435, 2759, 1914, 3123, 3465, 1508, 4418, 2230, 3672, 2060, 3446, 3499, 2488, 5627, 2474, 822, 2037, 2476, 3126, 4453, 4108, 1946, 640, 4341, 1790, 1839, 7292, 3725, 2866, 1474, 2974, 2249, 3522, 3305, 2507, 2636, 3255, 2542, 3572, 2515, 3392, 2607, 3052, 3032, 3595, 3499, 5978, 3095, 2364, 2960, 7690, 2962, 3962, 3771, 4707, 941, 15105, 4724, 4626, 3426, 2835, 3754, 1171, 950, 8431, 3939, 1249, 3173, 4231, 4514, 1178, 3549, 836, 4264, 2669, 4483, 2380, 1565, 7133, 3689, 3188, 3632, 928, 1809, 5281, 1833, 5650, 2590, 5279, 2263, 2689, 2564, 3623, 1195, 2914, 1553, 1780, 1681, 2476, 2289, 2106, 2197, 1682, 980, 2015, 7684, 2463, 1637, 3780, 1848, 4160, 7694, 1355, 1673, 7934, 4822, 4432, 3288, 2232, 1386, 2233, 7974, 3468, 3162, 3864, 2923, 3889, 2209, 1368, 4413, 1966, 640, 4235, 5744, 1625, 2005, 3186, 2979, 3169, 1891, 2603, 2298, 2126, 3950, 2976, 2960, 3874, 4567, 1018, 6726, 7072, 4096, 3216, 1662, 2232, 4502, 3815, 3484, 3605, 4156, 388, 5292, 2395, 1563, 2542, 3374, 3089, 2650, 4736, 2038, 6424, 4898, 1278, 422, 6722, 174, 1090, 2792, 2041, 4590, 983, 2820, 3691, 7156, 2628, 5334, 1697, 7594, 1983, 1378, 2729, 4686, 4704, 3871, 4208, 8679, 1929, 2743, 3666, 1837, 1671)
(8, 35): Mean: 3263.068, median: 2864.0, std: 1942.793, percent: 3109.62, B: 118, W: 132, 
	(2316, 3435, 3462, 2774, 4182, 3133, 4071, 5586, 2366, 2744, 1683, 5351, 1863, 2333, 6532, 2726, 3381, 3641, 2642, 2528, 2799, 1456, 1716, 1654, 3116, 754, 2904, 2758, 2124, 9529, 3178, 3560, 1768, 1277, 2295, 4808, 2534, 2150, 3938, 3683, 2680, 3942, 1771, 3148, 3165, 3695, 1410, 3002, 1986, 2941, 2494, 1824, 2836, 3775, 1578, 4556, 2551, 3580, 1967, 3364, 3718, 2790, 5903, 2517, 834, 2148, 2454, 3087, 4558, 3761, 1820, 687, 3617, 1806, 1965, 7730, 4118, 2748, 1422, 2879, 2420, 3512, 3548, 2088, 2643, 4316, 2658, 3963, 2375, 3206, 2746, 3980, 3018, 4192, 3793, 6471, 2977, 2171, 2546, 6706, 3113, 4070, 4538, 4138, 701, 18932, 4863, 4197, 3828, 2543, 3340, 1084, 985, 8706, 4479, 1377, 3371, 4016, 3973, 1327, 3302, 1052, 4392, 2750, 4465, 2769, 1442, 8538, 3396, 2875, 3872, 1143, 1734, 6260, 1525, 5728, 2829, 4588, 2427, 2747, 2697, 4222, 1461, 3371, 1552, 1583, 1540, 2904, 2174, 2321, 2171, 1364, 934, 1872, 6901, 2530, 1610, 4512, 1937, 3449, 6752, 1209, 1560, 5726, 5166, 4689, 2853, 2724, 1307, 2137, 7280, 3287, 2654, 3840, 3074, 3682, 2767, 1422, 4213, 2070, 778, 4124, 5737, 2101, 2117, 3633, 2402, 2962, 1801, 2521, 2184, 2127, 4304, 2926, 2798, 4286, 5000, 1160, 7836, 5310, 4075, 3788, 1746, 2390, 4912, 3667, 3426, 4356, 3739, 366, 4762, 2052, 1448, 2398, 3745, 3269, 2032, 5636, 2102, 5740, 4056, 1284, 464, 7706, 187, 1182, 2908, 2221, 5303, 885, 2665, 3860, 5676, 2497, 6680, 1742, 8835, 2002, 1331, 3560, 3832, 5228, 2654, 4773, 8938, 1863, 2525, 3713, 2160, 1443)
(9, 38): Mean: 3216.14, median: 2861.5, std: 1805.722, percent: 3046.04, B: 136, W: 112, 
	(2357, 2942, 3657, 2186, 4305, 3485, 4416, 4184, 2295, 2426, 1699, 3694, 1753, 2553, 6719, 2849, 3117, 2561, 2414, 2375, 2586, 1487, 1670, 1594, 3366, 813, 2894, 3110, 1799, 7624, 3351, 3581, 1768, 1462, 2248, 4721, 2417, 2363, 3461, 3767, 2724, 3950, 2105, 3847, 3183, 2987, 1446, 2877, 1843, 2844, 2805, 2055, 3124, 3972, 1622, 4625, 2682, 3564, 1886, 3582, 3496, 3094, 5136, 2256, 781, 1860, 2265, 3393, 4082, 3792, 1930, 633, 3870, 1688, 1982, 7126, 3873, 2403, 1611, 2831, 2549, 3998, 3092, 2055, 3189, 3424, 2844, 3836, 2413, 3771, 2861, 3697, 3280, 3924, 3937, 6325, 2692, 1892, 2456, 7862, 3081, 4191, 4251, 4142, 922, 15601, 4846, 4016, 3823, 2146, 3166, 992, 1115, 7677, 5225, 1222, 3328, 3692, 4618, 1357, 3348, 1044, 3764, 2666, 4103, 2377, 1234, 8320, 3855, 3078, 4073, 1042, 1590, 5244, 1571, 4871, 2825, 4549, 2321, 2608, 3258, 3820, 1448, 3308, 1392, 1694, 1607, 2804, 1958, 1950, 2397, 1454, 917, 2242, 6787, 2397, 1652, 3959, 2212, 3972, 7239, 1243, 1954, 6964, 4949, 4313, 3592, 2316, 1289, 2045, 7567, 3523, 3046, 4138, 2679, 3743, 2547, 1277, 4270, 2073, 568, 4344, 5930, 1812, 2022, 4306, 2457, 3385, 1746, 2360, 2049, 2169, 3685, 3303, 2656, 3818, 5489, 1057, 7649, 6423, 3860, 3081, 1624, 2454, 4466, 3971, 3974, 3693, 4506, 358, 5077, 1841, 1803, 2422, 4933, 2702, 2509, 5522, 2301, 5819, 4405, 1265, 379, 6943, 198, 1129, 2781, 2158, 5149, 825, 2862, 4224, 5729, 2212, 6480, 1658, 8631, 1809, 1527, 3252, 4903, 4530, 2783, 4277, 8702, 1863, 2744, 2993, 2106, 1494)
(11, 45): Mean: 3154.9, median: 2832.5, std: 1789.077, percent: 3025.56, B: 150, W: 99, 
	(2618, 2875, 3418, 2690, 4567, 3008, 3810, 5253, 2098, 2242, 1635, 5195, 1872, 2355, 7253, 2900, 2882, 2407, 2572, 2236, 3123, 1470, 1874, 1478, 3279, 938, 2713, 2760, 1766, 8461, 3111, 2652, 1515, 1411, 2415, 4248, 2109, 2386, 3822, 3308, 2630, 4615, 1976, 2997, 3577, 3503, 1499, 2338, 1675, 2655, 2805, 1846, 2980, 3751, 1414, 3720, 2354, 3566, 1925, 3191, 2838, 2693, 5207, 2758, 1048, 1859, 2300, 2976, 4642, 3557, 1768, 605, 4460, 1767, 1808, 7222, 3133, 2820, 1504, 2722, 2361, 3380, 2908, 2054, 2762, 3110, 2561, 3961, 2411, 2917, 2975, 3424, 2845, 4210, 3978, 5930, 3264, 2016, 2489, 6968, 2705, 3428, 5082, 4095, 809, 14812, 4309, 3957, 3466, 2302, 3657, 1200, 983, 7088, 4336, 1277, 2827, 3833, 5515, 1207, 3055, 908, 3732, 2693, 4076, 2553, 1442, 8100, 3358, 2850, 3651, 965, 1431, 4776, 1555, 5614, 2714, 4543, 2352, 2539, 3029, 3555, 1412, 3149, 1238, 1617, 1766, 2314, 2338, 2339, 2569, 1474, 985, 2405, 5899, 2406, 1437, 4004, 1930, 3924, 9664, 1176, 1534, 6682, 5163, 4436, 3633, 2366, 1291, 1906, 6631, 3156, 2987, 3978, 3387, 3905, 2432, 1391, 3858, 2239, 739, 4451, 5655, 1858, 2050, 3860, 3194, 3286, 1880, 1962, 2113, 1967, 3878, 2801, 2511, 4786, 5009, 1161, 6891, 5603, 3615, 2878, 1576, 2995, 4365, 3475, 3602, 3225, 3571, 281, 6162, 2516, 1349, 2265, 3984, 2699, 2055, 4747, 2139, 5437, 3972, 1374, 326, 6962, 168, 1148, 3235, 2090, 4506, 963, 2543, 4175, 5254, 2702, 6521, 1787, 8843, 1819, 1357, 3532, 4284, 4923, 3082, 3827, 9302, 1775, 3024, 3826, 1858, 1603)
(12, 50): Mean: 3140.348, median: 2804.0, std: 1740.869, percent: 3065.08, B: 119, W: 131, 
	(2534, 2670, 3450, 2406, 4407, 3290, 3656, 5004, 2656, 2631, 1531, 3840, 2007, 2242, 6457, 2543, 3226, 3330, 2205, 2166, 2842, 1262, 1901, 1571, 3323, 702, 2902, 2964, 2169, 9611, 2885, 2766, 1731, 1436, 2340, 4081, 2348, 2363, 3522, 3554, 3187, 3970, 1672, 3030, 3537, 3585, 1311, 2558, 1737, 2775, 2580, 2200, 3036, 4102, 1480, 4003, 2166, 3441, 1961, 3442, 2874, 2576, 5166, 2343, 743, 1844, 2524, 3567, 5307, 3657, 1910, 622, 4432, 1896, 1836, 7904, 3067, 2702, 1457, 2478, 2215, 3965, 2843, 2475, 3518, 3202, 2596, 3602, 2468, 3950, 2805, 2627, 2635, 4363, 3124, 6277, 2846, 1878, 2294, 6482, 3102, 4116, 5152, 4271, 841, 12821, 4628, 4522, 3280, 2707, 3273, 1063, 1060, 7164, 3970, 1447, 3347, 3532, 4951, 1266, 3168, 932, 4012, 2654, 3724, 2046, 1393, 9674, 3107, 3486, 3062, 1135, 1434, 5430, 1756, 4915, 2789, 4845, 2069, 2527, 3148, 3762, 1253, 3233, 1449, 1747, 1633, 2619, 1945, 2246, 1752, 1551, 1010, 2172, 5998, 2318, 1349, 4058, 1816, 3816, 8022, 1246, 1585, 6343, 5599, 4961, 2829, 2293, 1330, 1701, 6685, 3282, 3021, 3835, 2668, 2969, 2262, 1384, 4209, 2223, 762, 3738, 5148, 2033, 2027, 4040, 2706, 3336, 1733, 2639, 2087, 2026, 3304, 2803, 2267, 4561, 5232, 1067, 6619, 4770, 3952, 2902, 1848, 2262, 4399, 3405, 3418, 3076, 3634, 321, 5311, 2385, 1808, 2438, 3904, 2926, 2288, 4949, 2154, 5888, 4124, 1218, 437, 7391, 180, 1020, 2539, 2358, 5475, 882, 2551, 4138, 5732, 2510, 6394, 1686, 8371, 1861, 1463, 3521, 4952, 4941, 3039, 4152, 8691, 1803, 3164, 3490, 1994, 1484)
(14, 58): Mean: 2629.216, median: 2400.0, std: 1426.723, percent: 2524.22, B: 233, W: 17, 
	(2069, 2612, 3268, 2189, 3990, 2894, 2889, 3797, 1974, 2046, 1287, 4172, 1610, 1758, 5875, 1685, 2611, 2041, 2063, 1738, 2484, 1194, 1557, 1448, 2855, 730, 2668, 2182, 1490, 6244, 2769, 2161, 1317, 1062, 1584, 5492, 2269, 1998, 3043, 3245, 2029, 3638, 1230, 2724, 2724, 3282, 963, 2053, 1414, 2546, 2400, 1623, 2919, 2614, 1198, 3648, 1895, 3288, 1865, 2810, 2552, 2122, 4163, 2063, 637, 1573, 1875, 2630, 4446, 3175, 1725, 658, 3514, 1481, 1686, 5432, 3567, 2037, 1228, 2252, 1621, 2811, 2719, 2151, 2443, 3281, 2283, 3018, 2027, 3237, 2173, 3060, 2651, 3524, 3633, 4885, 2270, 1379, 2270, 6797, 2343, 2931, 4327, 3405, 563, 10759, 3572, 3200, 3283, 2597, 3027, 962, 955, 5536, 4124, 1159, 2221, 3081, 3656, 1031, 2698, 786, 2736, 2568, 3484, 1910, 1031, 6443, 3344, 2383, 2624, 910, 1132, 5653, 1489, 4234, 2734, 3907, 1959, 2077, 2173, 3123, 1115, 2656, 1183, 1307, 1520, 2304, 1793, 1849, 1442, 1418, 840, 1766, 5309, 2331, 1477, 2999, 1496, 3559, 6739, 1105, 1304, 5318, 4938, 3406, 2561, 1975, 1105, 1534, 6211, 2801, 2562, 2824, 2288, 2786, 1826, 1241, 2990, 1613, 503, 3710, 4057, 1628, 1787, 3099, 2469, 2476, 1688, 2086, 1743, 1698, 2759, 2673, 2264, 3455, 4247, 1023, 4513, 4449, 3126, 2819, 1215, 1879, 3658, 3069, 2400, 2731, 3120, 259, 5279, 2032, 1346, 1969, 3580, 2404, 1875, 3712, 1836, 4790, 3657, 1216, 273, 5636, 148, 895, 2886, 1699, 4209, 829, 2132, 3839, 4019, 2061, 4364, 1349, 6453, 1659, 1198, 2904, 3698, 4419, 2424, 3156, 7855, 1372, 2266, 2679, 1653, 1037)
(15, 59): Mean: 2671.556, median: 2378.0, std: 1548.405, percent: 2672.52, B: 131, W: 119, 
	(1974, 2355, 3045, 3022, 4155, 2753, 2945, 4032, 2033, 2303, 1365, 4175, 1464, 1724, 5774, 2119, 2561, 1896, 2383, 1829, 2544, 1101, 1705, 1332, 3020, 752, 2373, 2199, 1289, 7589, 2485, 2180, 1499, 1017, 1560, 4499, 2214, 1812, 2630, 2551, 2259, 3987, 1064, 2666, 2985, 3126, 1005, 2157, 1547, 2671, 2209, 1844, 2900, 2294, 1161, 4077, 1788, 3026, 1857, 2422, 2588, 1950, 4313, 2281, 686, 1465, 2188, 3091, 4254, 3270, 1508, 574, 3646, 1450, 1544, 4990, 3309, 2034, 1184, 2130, 1782, 3071, 2636, 2132, 2446, 3305, 2182, 2845, 2037, 2707, 2158, 2883, 2368, 3084, 3272, 5726, 2102, 1597, 2128, 6995, 2335, 2829, 5474, 3626, 665, 13176, 3458, 3066, 2824, 2068, 2842, 909, 812, 5697, 3931, 1042, 2416, 2926, 3201, 1067, 2839, 832, 2798, 2635, 3363, 2148, 1043, 6432, 2925, 2459, 2459, 876, 1069, 5723, 1521, 4518, 2806, 3840, 2000, 2048, 2934, 3234, 1200, 2501, 1105, 1468, 1400, 1956, 2004, 2007, 1586, 1319, 790, 1620, 5818, 1963, 1249, 2925, 1406, 3380, 7396, 1095, 1359, 5025, 4150, 4246, 3082, 1916, 1012, 1501, 6024, 2995, 2886, 3075, 2564, 3053, 2237, 1210, 3417, 1817, 419, 4008, 4888, 1861, 1716, 3151, 2417, 2800, 1694, 1975, 2074, 1610, 3155, 2456, 2036, 3142, 4169, 1017, 5374, 4635, 3342, 2849, 1327, 2273, 5102, 3625, 2260, 2952, 3058, 192, 5653, 1793, 1209, 2075, 3322, 2580, 1677, 4406, 1839, 4348, 3281, 1282, 309, 6588, 144, 875, 2423, 1589, 4677, 759, 2100, 3672, 4783, 2287, 4340, 1466, 6474, 1517, 1208, 2770, 4169, 3889, 2617, 3063, 7492, 1411, 2204, 3392, 1649, 1143)
(16, 63): Mean: 2707.916, median: 2371.0, std: 1572.209, percent: 2650.58, B: 108, W: 140, 
	(1863, 2484, 2920, 2183, 4639, 2801, 3365, 4151, 2532, 2341, 1516, 4479, 1684, 2072, 5838, 1746, 2133, 2234, 2056, 1880, 2436, 1046, 1573, 1385, 2548, 710, 3311, 2216, 1487, 8195, 2818, 2272, 1411, 1027, 1644, 4477, 1983, 1850, 2874, 2973, 2166, 4132, 1238, 2921, 2785, 3069, 1168, 2416, 1409, 2834, 2286, 2054, 3511, 2895, 1448, 3482, 2130, 2553, 1581, 2717, 2435, 2361, 3868, 1968, 681, 1681, 2024, 3339, 4258, 3105, 1621, 556, 3327, 1397, 1396, 5157, 3088, 2083, 1211, 1995, 1787, 3003, 2967, 2370, 2302, 3162, 2454, 2749, 2016, 3100, 2030, 2980, 2511, 3894, 3267, 5326, 2070, 1879, 1952, 6507, 2716, 3062, 4892, 3286, 578, 13202, 3607, 3887, 2800, 2147, 3074, 994, 911, 5377, 3683, 1054, 2573, 3095, 4187, 1046, 2855, 760, 3129, 2812, 3802, 2036, 1014, 7186, 3255, 2584, 2216, 1027, 1198, 6938, 1403, 5095, 2440, 4477, 1774, 2219, 2327, 2466, 984, 2345, 1231, 1283, 1090, 2171, 1737, 2204, 1882, 1398, 854, 1651, 5404, 2152, 1326, 3090, 1625, 3481, 6448, 1086, 1522, 6624, 4353, 3609, 2779, 2041, 1035, 1659, 5300, 3021, 2359, 3192, 2265, 3005, 1826, 1046, 3269, 1789, 558, 4501, 4506, 1710, 1897, 3134, 2475, 2852, 1658, 1958, 2015, 1607, 2864, 2621, 2123, 3234, 3796, 1075, 6176, 3906, 3539, 2579, 1364, 2096, 4688, 3249, 2627, 2585, 3351, 214, 4537, 1894, 1043, 1878, 3833, 2503, 1784, 3753, 1935, 4886, 3223, 1084, 400, 6494, 144, 1087, 2425, 1959, 3958, 654, 2157, 3927, 6113, 2276, 5035, 1407, 6562, 1559, 1293, 2873, 4020, 3977, 2372, 3904, 7797, 1411, 2283, 3244, 1949, 1243)
(20, 87): Mean: 2703.612, median: 2354.5, std: 1577.494, percent: 2552.92, B: 125, W: 125, 
	(1800, 2556, 3204, 2375, 3768, 2903, 3200, 3518, 2247, 2030, 1304, 3577, 1770, 2049, 5963, 2021, 2690, 2290, 1933, 2011, 2446, 1169, 1612, 1373, 2673, 612, 3056, 2070, 1483, 8455, 2548, 2408, 1507, 1019, 1894, 5528, 2308, 2000, 3000, 3423, 2113, 2940, 1284, 2356, 2937, 3401, 1278, 2141, 1417, 2677, 2160, 1973, 3145, 2843, 1316, 3238, 1840, 3168, 1939, 2425, 2796, 2140, 4293, 2114, 644, 1382, 2102, 2767, 4569, 3621, 1698, 660, 3786, 1388, 1425, 5402, 3320, 1907, 1274, 2017, 1689, 2949, 2822, 1916, 2494, 3025, 2161, 3253, 2050, 2899, 2086, 2922, 2696, 3722, 3730, 4954, 2172, 1561, 2262, 6330, 2382, 3023, 4369, 3558, 521, 12338, 3771, 3602, 2911, 2293, 3193, 922, 860, 5548, 3489, 1132, 2320, 3114, 3596, 994, 2953, 914, 2624, 2447, 3660, 2025, 1091, 5334, 3357, 2371, 2251, 856, 1149, 6187, 1695, 4971, 2631, 4207, 1737, 2308, 2258, 2785, 1095, 2479, 1024, 1349, 1285, 1968, 1905, 1954, 1422, 1347, 755, 1757, 5134, 2201, 1490, 3557, 1778, 3484, 7367, 1073, 1385, 6313, 4464, 3187, 3164, 2114, 1126, 1749, 5456, 2810, 2228, 2987, 2825, 3038, 2031, 1104, 3440, 1704, 605, 4066, 5166, 1987, 1742, 3383, 2430, 2701, 1656, 1965, 2075, 1832, 3225, 2598, 2094, 4198, 3460, 903, 5653, 5086, 3111, 2637, 1372, 1886, 4898, 3156, 2474, 3112, 3441, 222, 5127, 1776, 1020, 1981, 3475, 2576, 1953, 4830, 1861, 4589, 3403, 1092, 302, 6010, 155, 990, 2323, 1887, 4634, 752, 2313, 4321, 4998, 2293, 4070, 1358, 6353, 1444, 1312, 2628, 3622, 3984, 2353, 3665, 10903, 1621, 2153, 3005, 1839, 1120)
(21, 88): Mean: 2674.98, median: 2335.0, std: 1507.276, percent: 2616.48, B: 138, W: 111, 
	(2039, 2624, 3053, 2342, 4951, 2777, 3564, 4161, 2139, 2041, 1403, 4493, 1492, 2215, 5465, 2157, 2416, 2074, 2397, 1649, 2454, 1150, 1548, 1387, 2243, 605, 2761, 2310, 1601, 8657, 2524, 2196, 1394, 1163, 1889, 6571, 2278, 1924, 2946, 2777, 2058, 3238, 1146, 2527, 2889, 2836, 1113, 1871, 1681, 2603, 2245, 1742, 3346, 2787, 1212, 3515, 1747, 3117, 1717, 2294, 3053, 2341, 4063, 1977, 704, 1449, 2015, 2432, 4132, 3548, 1745, 586, 3185, 1289, 1755, 5204, 3513, 1887, 1145, 2031, 1854, 2815, 2629, 1968, 2903, 3102, 2375, 3141, 1970, 2693, 2012, 2565, 2275, 3847, 3313, 4277, 2223, 1844, 1997, 6309, 2219, 3310, 4402, 3097, 635, 9909, 3740, 3340, 2648, 2174, 4279, 936, 815, 4836, 3255, 1136, 2571, 3135, 3520, 1017, 2677, 848, 3043, 2555, 3153, 2246, 1138, 8747, 3433, 2566, 2391, 895, 1106, 5659, 1358, 4641, 2406, 4173, 1755, 2104, 2216, 2867, 1243, 2553, 1077, 1298, 1237, 1889, 1936, 2101, 1569, 1457, 810, 1668, 4679, 1893, 1578, 3235, 1754, 3505, 7025, 1051, 1403, 6023, 4626, 3744, 2900, 1955, 1007, 1724, 5108, 3088, 2258, 2678, 2917, 2808, 1860, 1151, 3602, 1699, 682, 4126, 4644, 1631, 1717, 2905, 2264, 2837, 1687, 2169, 1722, 1653, 3382, 2494, 2219, 3697, 3853, 1071, 4895, 4696, 3365, 2641, 1344, 2106, 4853, 3293, 2357, 2902, 3399, 239, 5289, 1885, 1026, 2004, 3497, 2297, 1793, 4612, 1785, 3901, 3194, 1087, 297, 6659, 155, 1079, 3213, 1851, 4497, 751, 2329, 3644, 6076, 2310, 4477, 1375, 5938, 1504, 1231, 2506, 3943, 4689, 2834, 3598, 8336, 1523, 2049, 3053, 1748, 1127)
(31, 148): Mean: 2649.084, median: 2313.0, std: 1500.06, percent: 2549.66, B: 139, W: 111, 
	(1778, 2862, 3170, 1844, 3540, 2698, 3392, 3497, 2698, 2332, 1383, 4319, 1798, 1999, 5019, 1915, 2561, 2130, 1908, 1851, 2306, 1244, 1583, 1382, 2442, 599, 2505, 2377, 1587, 6614, 2459, 2132, 1437, 1094, 1638, 7652, 2013, 2061, 2854, 2769, 2044, 3107, 1156, 2599, 2639, 3025, 1040, 2145, 1486, 2866, 2194, 1615, 3041, 2440, 1259, 3322, 1823, 2963, 1752, 2768, 2643, 2180, 3848, 2097, 633, 1459, 2022, 2359, 3937, 3740, 1392, 758, 3432, 1378, 1670, 5022, 3524, 1980, 1127, 2198, 1773, 2758, 2652, 2135, 2428, 3542, 2207, 2931, 1725, 2942, 2213, 2561, 2320, 3270, 3077, 5651, 2340, 1439, 2123, 5487, 2107, 3817, 4225, 3170, 646, 9703, 3146, 3423, 2913, 2238, 3101, 1096, 935, 5829, 3450, 1017, 2404, 2888, 3801, 1110, 2797, 650, 3109, 2618, 3876, 2262, 1062, 6121, 3197, 2278, 2279, 1064, 1097, 5311, 1351, 4547, 2466, 4716, 1905, 2217, 2237, 2809, 1062, 3008, 943, 1417, 1354, 2038, 1906, 2106, 1411, 1290, 805, 1490, 6025, 1883, 1406, 2773, 1466, 3482, 7123, 1047, 1544, 5514, 3963, 3542, 3251, 1962, 1077, 1589, 6439, 3038, 2052, 3126, 2712, 2923, 2110, 1264, 3658, 1542, 503, 3712, 4581, 1539, 1696, 2861, 2113, 2523, 1638, 2072, 1918, 1583, 3155, 2200, 2163, 3003, 4286, 1031, 7599, 4572, 3048, 2546, 1483, 1979, 4629, 3128, 2701, 2727, 2960, 227, 4921, 1971, 1056, 2109, 3225, 2867, 1912, 4141, 1959, 4329, 3121, 1177, 299, 6561, 166, 983, 2498, 1748, 3519, 795, 2531, 3274, 7307, 2187, 4354, 1410, 6411, 1516, 1411, 3035, 4946, 4654, 2189, 3649, 8440, 1339, 2151, 3018, 1612, 1276)
(32, 149): Mean: 2449.912, median: 2225.0, std: 1424.888, percent: 2414.28, B: 192, W: 58, 
	(1542, 2531, 2837, 2061, 4320, 2944, 3197, 3716, 2356, 2224, 1196, 3816, 1543, 1870, 4483, 2084, 2486, 2248, 1974, 1747, 2039, 1124, 1311, 1319, 1992, 751, 2508, 1917, 1638, 6275, 1934, 2180, 1375, 1109, 1537, 4222, 1686, 1943, 2410, 2516, 2186, 2907, 1185, 2453, 2528, 3579, 1084, 1721, 1227, 2353, 2743, 1423, 2602, 2387, 1183, 3140, 1857, 2923, 1555, 2476, 2332, 1830, 3785, 1951, 505, 1319, 1739, 2618, 3586, 3047, 1440, 502, 3113, 1432, 1424, 4285, 3156, 1849, 1082, 1819, 1750, 2301, 2596, 1932, 2393, 2748, 2343, 3126, 1546, 2799, 1881, 2559, 2226, 4342, 3108, 4834, 2283, 1638, 2203, 5697, 2298, 2956, 3333, 3597, 570, 13239, 3619, 3629, 2647, 2058, 3019, 1082, 813, 5530, 3822, 1067, 2517, 2674, 3781, 890, 2672, 724, 2739, 2369, 3354, 1807, 1021, 4951, 2640, 2335, 2289, 891, 1190, 4644, 1316, 4273, 2373, 3883, 1787, 2049, 2263, 2183, 951, 2325, 1024, 1054, 1028, 2021, 1730, 2024, 1334, 1202, 813, 1438, 3815, 1854, 1202, 3092, 1422, 3522, 6584, 867, 1459, 6701, 4699, 3442, 2437, 1734, 1060, 1531, 5145, 2826, 1990, 2554, 2227, 2509, 1785, 1067, 3030, 1598, 552, 3363, 3561, 1340, 1340, 3101, 2158, 2125, 1494, 2053, 1593, 1515, 2558, 2187, 2004, 2966, 4065, 887, 5408, 3672, 2969, 2574, 1304, 1720, 3867, 3100, 2234, 2293, 2748, 188, 4897, 1728, 1045, 1795, 3485, 2206, 2861, 3598, 1771, 4172, 2532, 1157, 240, 5284, 154, 930, 2393, 1793, 4283, 713, 2124, 3020, 5907, 1854, 3646, 1404, 4668, 1618, 1098, 2242, 3673, 4105, 1949, 3603, 7839, 1457, 1681, 2417, 1545, 1070)
(33, 150): Mean: 2479.628, median: 2221.5, std: 1418.0, percent: 2383.5, B: 96, W: 153, 
	(1684, 2425, 2802, 2021, 3735, 2610, 3358, 4924, 2090, 2277, 1293, 3973, 1617, 2026, 6039, 1989, 2636, 2046, 2064, 1824, 2217, 980, 1454, 1341, 2309, 784, 2520, 2301, 1967, 5969, 2007, 2371, 1427, 1137, 1916, 3722, 1732, 1671, 2630, 3142, 1954, 2873, 1173, 2591, 2490, 2414, 1161, 1914, 1360, 2875, 2587, 1566, 2539, 2597, 1109, 3054, 1933, 3192, 1657, 2361, 2582, 1843, 3242, 1969, 530, 1208, 1810, 2522, 3587, 3393, 1369, 571, 2963, 1381, 1290, 4411, 2789, 1671, 1168, 2041, 1581, 2226, 2787, 1853, 2164, 2723, 2159, 3197, 1698, 2433, 1965, 2847, 2261, 3898, 2696, 5328, 1998, 1666, 1918, 6682, 2254, 2992, 3113, 3038, 624, 11366, 3284, 3620, 2675, 2256, 3565, 1082, 858, 4928, 3062, 944, 2223, 2738, 3720, 900, 2372, 608, 2969, 2432, 3564, 1880, 1128, 6103, 3007, 2282, 2003, 959, 1155, 4920, 1480, 3826, 2631, 3446, 1761, 2151, 2251, 2415, 947, 2777, 1058, 1122, 1149, 2208, 1665, 1572, 1418, 1266, 743, 1588, 3951, 2170, 1234, 3270, 1775, 3214, 7581, 950, 1275, 6026, 3933, 3240, 2481, 1625, 987, 1359, 6144, 2827, 2037, 3189, 2526, 2759, 1846, 904, 3075, 1801, 571, 3476, 4161, 1297, 1503, 2827, 2018, 2323, 1659, 1721, 1686, 1620, 2568, 2220, 1896, 3072, 3626, 1015, 5746, 3480, 3200, 2795, 1405, 1750, 3611, 3190, 2198, 2364, 3069, 220, 4674, 1584, 1231, 1824, 3223, 2465, 1966, 4389, 1719, 4364, 2557, 1139, 325, 6556, 155, 931, 2974, 1474, 4287, 773, 1979, 3117, 5033, 1975, 4129, 1413, 5563, 1773, 1155, 2336, 3939, 3830, 2088, 3067, 7931, 1398, 1799, 2550, 1729, 1079)
(34, 153): Mean: 2341.8, median: 2084.5, std: 1306.353, percent: 2300.08, B: 173, W: 77, 
	(1609, 2386, 2681, 1880, 3412, 2680, 3171, 3517, 2235, 2093, 1347, 3612, 1508, 1630, 4826, 2066, 2554, 1904, 1787, 1701, 2017, 1141, 1351, 1241, 2253, 641, 2019, 2401, 1323, 5846, 1880, 2346, 1221, 1041, 1602, 3848, 1739, 1650, 2688, 2501, 1876, 2822, 1023, 2906, 2659, 2648, 984, 1596, 1226, 2478, 2014, 1550, 2817, 2167, 1083, 3516, 1771, 2790, 1366, 2036, 2310, 1737, 2977, 1590, 581, 1211, 1764, 3080, 3519, 3293, 1351, 527, 2588, 1270, 1292, 4122, 2928, 1782, 1119, 2002, 1374, 2427, 2542, 1601, 2345, 2767, 1902, 2957, 1695, 2776, 1643, 2380, 2026, 3048, 2940, 4786, 2121, 1656, 2009, 5498, 2093, 2998, 3225, 2999, 621, 11311, 3205, 3411, 2554, 2039, 2556, 964, 825, 4641, 3375, 1003, 2362, 2473, 3730, 984, 2606, 704, 2776, 2314, 3786, 1553, 948, 5845, 2629, 2021, 2372, 864, 1257, 4086, 1184, 4181, 2398, 3661, 1973, 2076, 2094, 2668, 871, 2327, 1027, 1135, 979, 1742, 1781, 1532, 1280, 1318, 829, 1679, 3987, 1779, 1059, 3448, 1381, 2731, 7153, 982, 1121, 5364, 3881, 2743, 2415, 1910, 992, 1470, 5519, 2520, 2053, 2801, 2356, 2210, 1719, 1000, 2771, 1732, 460, 3099, 4156, 1345, 1569, 2864, 1978, 2351, 1573, 1652, 1532, 1410, 2639, 2144, 1720, 3005, 3837, 964, 5736, 3614, 2790, 2147, 1262, 1696, 3052, 2840, 2280, 2451, 2750, 210, 4881, 1777, 1141, 1669, 3091, 2021, 1796, 3551, 1922, 4560, 2841, 1053, 212, 5358, 135, 942, 2369, 1755, 3162, 726, 2246, 2967, 4844, 1955, 4023, 1253, 5233, 1536, 1068, 2290, 3599, 4406, 1745, 3320, 5166, 1434, 2002, 2458, 1621, 1022)
(35, 158): Mean: 2320.976, median: 2075.0, std: 1301.985, percent: 2231.78, B: 130, W: 120, 
	(1525, 2170, 2609, 1652, 3254, 2864, 2938, 3948, 2398, 2064, 1279, 3708, 1521, 1697, 4460, 1780, 2304, 1840, 2130, 1840, 2115, 979, 1456, 1287, 2008, 652, 2303, 2044, 1406, 6732, 2032, 2204, 1247, 1090, 1643, 3929, 1529, 1706, 2235, 2460, 1822, 2683, 1243, 2434, 2357, 3067, 902, 1567, 1200, 2528, 2374, 1438, 2585, 2779, 1020, 2947, 1695, 2686, 1423, 2253, 2362, 1991, 2724, 1926, 452, 1229, 1768, 2676, 3598, 2812, 1505, 550, 2720, 1258, 1421, 4351, 3101, 1756, 1128, 1981, 1549, 2632, 2956, 1712, 2231, 2544, 2182, 2995, 1741, 2615, 1799, 2452, 1875, 2980, 3125, 4623, 2009, 1537, 1853, 5013, 1893, 2764, 3031, 2610, 587, 10500, 2984, 3394, 2505, 2040, 2303, 1037, 723, 5044, 3018, 952, 2047, 2475, 3391, 879, 2554, 670, 2423, 2414, 3391, 1556, 1003, 5892, 2733, 1991, 2450, 886, 1016, 4966, 1267, 4706, 2172, 3234, 1831, 2038, 1940, 2680, 891, 2546, 873, 1221, 1052, 1700, 1517, 1567, 1223, 1209, 785, 1465, 3306, 1886, 1131, 2863, 1397, 4880, 6162, 870, 1368, 5527, 3676, 2957, 2870, 1679, 962, 1298, 6213, 2341, 1967, 2335, 2432, 2339, 1840, 993, 2737, 1611, 536, 2844, 3717, 1227, 1525, 3095, 2086, 2339, 1725, 1753, 1450, 1454, 2491, 2198, 1771, 3179, 3518, 779, 4679, 3392, 2914, 2538, 1278, 1760, 3602, 2872, 2105, 2633, 2553, 151, 4632, 1654, 1194, 1701, 3573, 2251, 1832, 3669, 2003, 4665, 2148, 1079, 280, 4768, 140, 835, 2186, 1499, 4071, 691, 2159, 2939, 4980, 1846, 3415, 1338, 4658, 1554, 1069, 2321, 3064, 4473, 1760, 3020, 7226, 1353, 1849, 2055, 1519, 1159)
(36, 161): Mean: 2302.056, median: 2071.5, std: 1342.582, percent: 2243.88, B: 131, W: 119, 
	(1558, 2273, 2414, 1908, 3839, 2919, 2895, 3303, 2233, 1934, 1356, 4032, 1407, 1581, 4634, 1720, 2260, 2074, 2060, 1756, 2308, 1075, 1258, 1270, 2342, 587, 1955, 2069, 1397, 6013, 2242, 2250, 1367, 1102, 1702, 3791, 1727, 1702, 2289, 2672, 1929, 2381, 1164, 2594, 2532, 2616, 965, 1501, 1166, 2154, 1928, 1500, 2632, 2280, 1081, 3250, 1798, 2613, 1466, 2040, 2381, 1660, 3177, 1722, 475, 1200, 1821, 2219, 3124, 2959, 1196, 492, 2414, 1247, 1208, 4947, 2804, 1741, 1055, 1771, 1511, 2318, 2283, 1691, 2046, 2818, 1898, 2679, 1580, 3085, 1804, 2099, 1697, 3486, 2613, 4113, 2283, 1752, 1999, 4565, 2212, 3089, 3223, 2709, 573, 12593, 3290, 3221, 2617, 1892, 2043, 963, 773, 4483, 2910, 879, 2240, 2499, 3332, 872, 2812, 723, 2822, 2314, 3636, 1651, 1088, 6347, 2367, 2134, 2290, 889, 1179, 4260, 1357, 4199, 2188, 3426, 1810, 2340, 2141, 2465, 868, 2056, 931, 1081, 1098, 1849, 1655, 1581, 1217, 1164, 798, 1592, 4413, 1993, 1076, 3394, 1516, 2636, 6772, 868, 1194, 5308, 3385, 2864, 2342, 1632, 967, 1270, 5810, 2674, 1956, 2929, 2458, 2373, 1716, 805, 2676, 1581, 403, 3132, 3577, 1248, 1391, 2462, 1882, 2264, 1474, 1735, 1416, 1624, 2762, 2130, 1847, 3283, 3691, 828, 4323, 3490, 2683, 2435, 1355, 1673, 3421, 2959, 2606, 2651, 2656, 250, 4684, 1402, 1265, 1566, 2887, 2475, 1811, 3394, 1801, 4424, 2361, 1151, 213, 6606, 141, 841, 2060, 1394, 3456, 591, 1822, 3019, 4328, 2126, 3537, 1291, 5108, 1265, 1067, 2186, 3606, 3934, 1929, 2766, 6352, 1543, 1985, 2781, 1525, 1024)
(37, 165): Mean: 2277.676, median: 2033.5, std: 1263.017, percent: 2258.0, B: 131, W: 118, 
	(1403, 2288, 2597, 1598, 3810, 2720, 3210, 3981, 2284, 1990, 1408, 3278, 1422, 1583, 4180, 1712, 2141, 1697, 1850, 1555, 1963, 920, 1360, 1189, 2006, 634, 2317, 2059, 1267, 5038, 2051, 1963, 1235, 1070, 1560, 3995, 1644, 1638, 2277, 2746, 1762, 2782, 1213, 2489, 2373, 2390, 1001, 1621, 1079, 2388, 2018, 1452, 2570, 2389, 1104, 2930, 1636, 2594, 1521, 1893, 2082, 1747, 3305, 1611, 451, 1294, 1664, 2826, 3617, 2961, 1402, 582, 2918, 1301, 1195, 5140, 2623, 1563, 926, 1649, 1691, 2729, 2451, 1496, 2167, 2591, 2215, 2973, 1634, 2667, 1852, 2510, 1951, 3136, 2674, 4180, 1982, 1589, 1995, 5193, 2443, 2697, 3351, 2827, 510, 10120, 2939, 3006, 2535, 1781, 2188, 1103, 763, 5624, 3329, 945, 2218, 2599, 3312, 885, 2628, 678, 3076, 2272, 3552, 1540, 971, 4928, 2581, 2005, 1974, 807, 1135, 3550, 1208, 3578, 2010, 3460, 1555, 1993, 1971, 2321, 876, 2111, 940, 1123, 1027, 1872, 1597, 1697, 1336, 1189, 772, 1459, 4269, 2043, 1119, 2924, 1405, 3448, 7052, 851, 1197, 5149, 3555, 2900, 2259, 1714, 939, 1255, 5402, 2201, 2198, 2680, 2538, 2740, 1633, 857, 3472, 1676, 415, 3046, 3987, 1211, 1397, 2670, 2208, 2211, 1513, 1742, 1455, 1566, 2846, 2181, 1639, 3321, 3028, 896, 5311, 3399, 2906, 2415, 1299, 1471, 3609, 2696, 2049, 2994, 2579, 250, 4227, 1700, 1081, 1752, 3482, 2312, 1983, 4527, 1678, 3636, 2292, 1189, 329, 4589, 138, 787, 2166, 1474, 3327, 701, 2311, 2834, 3922, 2000, 4146, 1417, 5102, 1531, 1108, 2184, 4144, 3170, 1992, 2494, 7380, 1344, 2024, 2209, 1588, 1019)
(38, 166): Mean: 2151.712, median: 1914.5, std: 1183.119, percent: 2120.34, B: 172, W: 78, 
	(1359, 2449, 2429, 1621, 3233, 2433, 2705, 3199, 2114, 1852, 1217, 2960, 1530, 1660, 4809, 1830, 1983, 1387, 2017, 1452, 1674, 1024, 1263, 1173, 1842, 573, 2194, 2103, 1420, 5778, 1999, 1833, 1319, 950, 1458, 3764, 1591, 1758, 2049, 2191, 1664, 2700, 1158, 2290, 2406, 2297, 892, 1563, 1081, 2409, 2107, 1359, 2767, 2269, 947, 3316, 1409, 2701, 1503, 1876, 2037, 1442, 2952, 1758, 494, 1281, 1836, 2329, 2863, 2567, 1285, 520, 2246, 1299, 1208, 4021, 2553, 1679, 1177, 1462, 1579, 2399, 2015, 1341, 2446, 2210, 1760, 2352, 1526, 2680, 1470, 2618, 1884, 3403, 2782, 3755, 1860, 1318, 1794, 4791, 1910, 2763, 3045, 2822, 475, 8124, 2793, 3144, 2545, 1869, 1980, 934, 671, 4830, 3227, 817, 2163, 2041, 3208, 746, 2258, 663, 2250, 2488, 3168, 1721, 997, 5408, 2541, 2196, 1732, 816, 1017, 3891, 1184, 3348, 2271, 3373, 1562, 2027, 1801, 2097, 837, 2060, 942, 990, 1094, 1868, 1578, 1531, 1159, 1262, 767, 1523, 3289, 1731, 916, 2802, 1242, 3481, 6771, 946, 1121, 5492, 3623, 3151, 2612, 1860, 851, 1299, 5593, 2314, 1789, 2562, 2128, 2259, 1612, 816, 2414, 1794, 427, 2996, 3822, 1369, 1407, 2784, 1919, 2111, 1271, 1612, 1604, 1485, 2285, 2037, 1534, 2901, 3018, 794, 4100, 2918, 2525, 2317, 1150, 1410, 3236, 2906, 2139, 2315, 2756, 203, 4749, 1564, 1012, 1626, 2962, 1772, 1495, 3448, 1820, 3070, 2077, 970, 291, 5314, 139, 872, 1990, 1575, 3780, 523, 2094, 2637, 4537, 1658, 3607, 1316, 5065, 1411, 981, 2422, 3179, 3167, 1666, 2902, 6873, 1217, 1733, 1979, 1298, 890)
(40, 177): Mean: 2112.052, median: 1888.0, std: 1153.506, percent: 2062.38, B: 148, W: 102, 
	(1372, 2481, 2408, 1592, 2896, 2581, 2548, 3495, 2015, 1845, 1198, 3561, 1360, 1523, 3943, 1805, 2177, 1436, 1971, 1526, 1752, 878, 1227, 1169, 1813, 531, 1939, 1879, 1369, 4320, 2257, 1688, 1410, 1004, 1397, 3806, 1492, 1685, 2150, 2327, 1537, 2440, 1062, 2397, 2426, 2320, 951, 1512, 1179, 2294, 1809, 1122, 2464, 2413, 919, 2735, 1512, 2439, 1457, 1988, 2099, 1441, 3253, 1652, 482, 1235, 1639, 2719, 3426, 2636, 1304, 574, 2474, 1141, 1133, 4227, 2785, 1573, 1180, 1541, 1304, 2209, 2317, 1414, 1942, 2790, 1716, 2332, 1594, 2814, 1641, 1994, 1569, 3067, 2984, 4345, 2110, 1340, 1687, 4663, 1828, 2950, 2864, 2827, 547, 8423, 2990, 3200, 2437, 1652, 2267, 919, 604, 5312, 2872, 879, 2366, 1969, 3131, 757, 2380, 653, 2587, 2114, 3261, 1357, 815, 4428, 2460, 2022, 1889, 776, 988, 3974, 1043, 3419, 2234, 2948, 1560, 1922, 1786, 2044, 942, 1938, 965, 961, 988, 1645, 1509, 1499, 1145, 1138, 741, 1426, 3186, 1592, 884, 3173, 1248, 2587, 5981, 865, 1084, 4754, 3435, 2880, 2315, 1601, 895, 1309, 5269, 2122, 1847, 2377, 2033, 2268, 1576, 755, 2865, 1624, 458, 2793, 3037, 1294, 1367, 2634, 1897, 2145, 1275, 1519, 1393, 1484, 2216, 2094, 1620, 2579, 3381, 876, 4295, 2965, 2564, 2367, 1230, 1564, 3988, 2858, 1979, 2169, 2617, 240, 4655, 1555, 939, 1414, 2884, 2151, 1318, 4007, 1493, 3532, 1873, 1017, 207, 4417, 144, 811, 1975, 1366, 3856, 608, 1887, 2627, 5061, 1734, 3080, 1253, 5199, 1366, 963, 2031, 3012, 3744, 1740, 2798, 6629, 1366, 1683, 2364, 1331, 1001)
(44, 201): Mean: 2136.224, median: 1875.0, std: 1184.794, percent: 2144.88, B: 107, W: 142, 
	(1417, 2541, 2563, 1724, 3576, 2625, 3329, 3928, 1875, 1875, 1219, 3212, 1475, 1533, 3404, 1622, 2208, 1507, 1981, 1541, 1857, 1031, 1228, 1121, 1855, 542, 1841, 2108, 1287, 5966, 1797, 1684, 1181, 1008, 1652, 3655, 1707, 1752, 2207, 2137, 1701, 2448, 1080, 2266, 2419, 2292, 957, 1553, 1063, 2227, 2222, 1314, 2417, 2159, 973, 3247, 1639, 2633, 1301, 2022, 2168, 1625, 2924, 1724, 495, 1179, 1555, 2505, 2691, 2791, 1324, 610, 2488, 1211, 1054, 3977, 2683, 1605, 1037, 1732, 1376, 2220, 2049, 1510, 2179, 2468, 1749, 2634, 1499, 3321, 1559, 2003, 1872, 3347, 2797, 4383, 1725, 1366, 1808, 4588, 1899, 2412, 2905, 2723, 556, 7399, 3348, 3046, 2545, 1629, 2342, 861, 629, 5002, 2631, 890, 2103, 2114, 3215, 787, 2382, 576, 2447, 2541, 3390, 1371, 750, 5537, 2797, 2111, 1855, 827, 1053, 5059, 1113, 3465, 2157, 3166, 1618, 2033, 1851, 2346, 858, 2288, 845, 1053, 988, 1825, 1692, 1450, 981, 1135, 755, 1419, 3949, 1760, 968, 2886, 1179, 3470, 5483, 833, 1139, 5244, 3491, 2642, 2239, 1599, 908, 1157, 5309, 2167, 1592, 2856, 2020, 2435, 1464, 859, 2689, 1460, 395, 2806, 3295, 1226, 1232, 2452, 2078, 1980, 1351, 1656, 1333, 1469, 2358, 2122, 1495, 2516, 3027, 774, 3858, 3502, 2484, 2278, 1220, 1599, 3485, 2509, 2083, 2265, 2385, 251, 4786, 1573, 937, 1608, 2622, 1597, 1376, 4160, 1729, 3076, 2146, 935, 157, 5029, 136, 792, 2037, 1465, 3872, 521, 2007, 2929, 4117, 1790, 3849, 1190, 4216, 1178, 918, 2095, 3736, 3624, 1798, 2537, 7836, 1270, 1428, 2190, 1334, 873)
(56, 270): Mean: 2150.112, median: 1871.5, std: 1217.956, percent: 2149.6, B: 126, W: 123, 
	(1488, 2325, 2485, 1428, 3266, 2536, 3195, 3428, 1782, 1992, 1349, 3227, 1424, 1583, 4405, 1750, 2051, 1501, 1761, 1588, 1647, 911, 1334, 1174, 1805, 576, 1833, 1877, 1422, 5909, 1581, 1739, 1243, 1033, 1390, 3868, 1521, 1670, 2097, 2687, 1693, 2485, 927, 2277, 2419, 2695, 871, 1839, 1225, 2499, 2071, 1304, 2749, 1997, 983, 3127, 1414, 2454, 1448, 1879, 2000, 1648, 2816, 1655, 596, 1183, 1614, 2301, 3462, 2877, 1246, 581, 2458, 1089, 1185, 4355, 2699, 1530, 1044, 1590, 1368, 2517, 2016, 1398, 2087, 2537, 1682, 2533, 1596, 2776, 1478, 2176, 1866, 3725, 3390, 4249, 1912, 1402, 1802, 5453, 1783, 3021, 3164, 2771, 577, 9458, 3096, 3318, 2538, 1760, 2376, 974, 606, 4746, 2606, 826, 1893, 2332, 3102, 720, 2310, 604, 3064, 2198, 3101, 1373, 845, 5433, 2578, 1936, 1791, 798, 1203, 4032, 1078, 2919, 2366, 2889, 1612, 2061, 1808, 2262, 888, 2121, 864, 873, 1055, 1795, 1557, 1312, 1040, 1170, 696, 1438, 3763, 1521, 992, 3148, 1182, 3104, 5883, 859, 1234, 5265, 3649, 2958, 2156, 1659, 975, 1256, 5993, 2529, 1809, 2466, 2110, 2591, 1528, 820, 2816, 1479, 435, 3028, 3438, 1196, 1426, 2477, 1989, 2180, 1281, 1492, 1330, 1438, 2372, 2178, 1802, 2334, 3231, 875, 3808, 3552, 2697, 2191, 1268, 1598, 3740, 2542, 2151, 2559, 2345, 190, 5311, 1628, 911, 1755, 2614, 2208, 1342, 3604, 1678, 3305, 2090, 1062, 274, 4544, 148, 767, 1980, 1371, 3422, 674, 1961, 2711, 4140, 1716, 3510, 1160, 4573, 1169, 999, 1976, 3244, 3395, 1861, 2983, 6603, 1311, 1619, 2045, 1184, 926)
(58, 282): Mean: 2127.076, median: 1869.0, std: 1167.223, percent: 2101.18, B: 133, W: 117, 
	(1345, 2231, 2406, 1640, 3356, 2500, 2737, 3901, 1852, 1781, 1204, 3424, 1525, 1511, 4188, 1771, 2077, 1591, 1764, 1551, 1696, 889, 1222, 1127, 1766, 703, 1846, 1792, 1355, 5677, 1912, 1919, 1153, 988, 1518, 3314, 1687, 1600, 2070, 2573, 1635, 2553, 1107, 2526, 2189, 2206, 951, 1474, 1298, 2450, 1768, 1233, 2638, 2156, 1034, 2999, 1453, 2632, 1581, 1965, 2198, 1614, 2904, 1628, 502, 1217, 1562, 2613, 3074, 2699, 1201, 555, 2324, 1191, 1212, 4308, 2457, 1671, 1031, 1539, 1282, 2064, 1978, 1677, 2020, 2711, 1782, 2959, 1433, 2845, 1520, 2271, 1829, 3057, 2772, 4957, 1753, 1384, 1693, 5294, 2052, 2769, 3223, 2728, 600, 8649, 3232, 2836, 2008, 1791, 2185, 927, 687, 4229, 2735, 903, 1999, 2141, 3251, 781, 2403, 577, 2414, 2363, 3915, 1427, 867, 4838, 2572, 1953, 1997, 810, 983, 4103, 1072, 3649, 2268, 3176, 1518, 2143, 1886, 1988, 887, 2101, 959, 1009, 954, 1673, 1528, 1400, 1075, 1172, 772, 1398, 3365, 1809, 897, 2874, 1291, 2638, 4788, 885, 1113, 5002, 3676, 2871, 2153, 1623, 914, 1178, 5454, 2397, 1620, 2608, 2222, 2635, 1474, 824, 2824, 1575, 344, 2747, 3426, 1160, 1380, 2316, 2001, 1988, 1254, 1691, 1365, 1443, 2501, 2063, 1461, 2793, 3631, 782, 4501, 3291, 2819, 2169, 1368, 1501, 3400, 2380, 1804, 2642, 2654, 191, 4937, 1468, 985, 1470, 2768, 1956, 1302, 3283, 1627, 3557, 2100, 973, 266, 4851, 144, 765, 1827, 1542, 3521, 562, 2015, 2873, 3771, 1935, 4244, 1248, 4962, 1210, 979, 2164, 2866, 3576, 1692, 3461, 6141, 1211, 1744, 2420, 1204, 1006)
(71, 359): Mean: 2143.608, median: 1859.5, std: 1187.029, percent: 2120.9, B: 121, W: 127, 
	(1515, 2245, 2330, 1405, 3358, 2381, 3201, 3598, 1777, 1781, 1304, 3893, 1369, 1552, 3799, 1727, 1996, 1666, 1858, 1360, 1710, 904, 1285, 973, 1856, 665, 2349, 1888, 1380, 5601, 1733, 1780, 1158, 959, 1528, 2976, 1536, 1739, 1965, 2383, 1639, 2412, 957, 2324, 2354, 2179, 941, 1387, 1104, 2237, 2109, 1354, 2309, 2158, 952, 3041, 1580, 2507, 1447, 2195, 2110, 1535, 3039, 1472, 636, 1300, 1523, 2633, 3236, 3024, 1298, 576, 2680, 1118, 1224, 4428, 2669, 1534, 1087, 1564, 1329, 2473, 2257, 1371, 1961, 2457, 1696, 2570, 1674, 3085, 1673, 2233, 1686, 2902, 3172, 4665, 1734, 1231, 1733, 6347, 1819, 3122, 3060, 2710, 529, 8315, 2972, 2772, 2360, 1807, 2132, 923, 606, 4662, 2577, 865, 2149, 2555, 3238, 760, 2511, 644, 3059, 2239, 3523, 1411, 1035, 4720, 2424, 2006, 1668, 859, 1095, 3648, 1074, 3704, 2185, 3471, 1573, 1782, 1941, 2374, 848, 2217, 1030, 1017, 1063, 1845, 1562, 1342, 1248, 1134, 754, 1442, 3936, 1605, 884, 2911, 1241, 3259, 6095, 825, 1137, 4677, 3516, 2479, 2093, 1599, 959, 1219, 5437, 2341, 1705, 2639, 2236, 2394, 1609, 861, 2997, 1482, 460, 2993, 3910, 1243, 1546, 2480, 1861, 2006, 1371, 1435, 1511, 1422, 2353, 2194, 1625, 2667, 3226, 738, 4169, 2990, 2851, 2274, 1342, 1514, 3826, 2737, 1999, 2349, 2180, 144, 5214, 1609, 921, 1563, 2705, 2170, 1445, 3133, 1417, 3226, 2023, 937, 233, 4856, 144, 892, 2050, 1361, 4385, 551, 2244, 2633, 4233, 1857, 3719, 1193, 4250, 1361, 999, 2220, 3286, 3511, 1893, 3725, 6273, 1423, 1529, 2046, 1239, 896)
(80, 408): Mean: 2109.548, median: 1823.5, std: 1166.044, percent: 2088.56, B: 145, W: 105, 
	(1300, 2005, 2695, 1579, 3198, 2512, 2673, 3263, 1808, 1916, 1113, 3342, 1542, 1538, 4262, 1517, 2193, 1572, 1612, 1376, 1627, 843, 1204, 1167, 1948, 548, 1868, 1710, 1250, 6171, 1896, 1740, 1240, 981, 1697, 2926, 1615, 1682, 2116, 2437, 1775, 2678, 922, 2525, 2430, 2540, 917, 1444, 1118, 2494, 1644, 1302, 2419, 2463, 884, 2761, 1462, 2482, 1487, 1728, 1923, 1495, 3181, 1567, 433, 1165, 1549, 2119, 3089, 2378, 1179, 546, 2609, 1135, 1175, 4340, 3010, 1408, 1002, 1477, 1323, 2566, 2115, 1430, 2162, 2707, 1665, 2322, 1492, 2574, 1533, 2453, 1791, 3222, 2581, 4470, 1965, 1370, 1774, 5158, 2116, 2489, 2813, 2550, 500, 8087, 3187, 3448, 2747, 1655, 2189, 918, 589, 4317, 2587, 879, 2014, 1980, 2771, 774, 2580, 535, 2568, 2110, 3063, 1423, 896, 4592, 2437, 1898, 1827, 788, 1040, 3715, 1236, 3812, 2177, 3344, 1555, 1786, 1575, 2094, 904, 2318, 972, 1011, 1058, 1734, 1765, 1314, 1161, 1033, 724, 1466, 4077, 1792, 879, 2951, 1282, 2608, 6043, 879, 1152, 5671, 3416, 2469, 2509, 1651, 904, 1207, 4912, 2328, 1633, 2440, 2423, 2440, 1552, 832, 2644, 1342, 461, 2604, 4059, 1170, 1413, 2605, 1924, 2130, 1290, 1618, 1396, 1370, 2486, 2160, 1485, 3178, 2863, 761, 4912, 3130, 2567, 2318, 1370, 1504, 3612, 2647, 1945, 2827, 2289, 186, 4693, 1496, 895, 1385, 2686, 1874, 1443, 4141, 1631, 3582, 2292, 957, 258, 3997, 130, 787, 1940, 1781, 4172, 524, 1820, 2898, 3984, 1646, 4017, 1139, 3949, 1094, 984, 2134, 3887, 3217, 1658, 3035, 5967, 1239, 1581, 2280, 1172, 975)

Test:
No precond: Mean: 2674.4, median: 2314.0, std: 1455.574, percent: 2601.02, flag: 0 
	(1901, 3242, 1970, 2606, 2480, 1510, 1504, 2925, 664, 2319, 856, 2220, 1363, 2319, 1325, 4827, 1313, 2096, 1194, 1774, 2190, 2501, 1375, 1792, 1349, 1398, 7071, 2478, 2014, 1657, 3825, 1849, 2918, 2994, 2696, 1641, 4176, 3921, 2067, 1633, 1859, 2163, 1576, 2795, 1368, 4006, 2575, 5949, 3558, 2260, 3505, 1931, 2125, 1802, 1314, 2499, 2342, 2010, 1292, 2769, 1077, 2388, 1857, 1336, 1918, 1719, 1875, 8409, 3822, 1417, 4913, 5185, 2121, 3704, 1111, 2289, 1722, 1619, 3505, 1889, 1874, 1287, 4732, 2901, 3298, 1277, 2007, 2789, 3169, 6286, 1411, 3915, 3148, 1288, 1650, 1295, 3210, 4860, 1849, 1443, 4030, 2698, 2834, 5245, 3253, 2309, 2224, 3390, 8573, 2377, 3236, 1841, 1978, 2624, 2162, 1987, 2943, 1167, 2541, 1232, 5631, 874, 2907, 5726, 2298, 1303, 1913, 4272, 1071, 1069, 2986, 3122, 2957, 2538, 2146, 2613, 2090, 2819, 2732, 2879, 2632, 973, 2948, 4606, 2225, 3181, 1384, 3844, 3129, 1682, 2275, 4859, 1412, 617, 927, 4918, 4417, 2912, 2782, 987, 2932, 879, 1589, 2441, 1461, 2524, 2598, 3604, 3241, 3337, 3314, 3609, 2600, 1859, 1034, 939, 5251, 6602, 5194, 1968, 1288, 1885, 1703, 1711, 2798, 3334, 8692, 1348, 1204, 1573, 1784, 3596, 2448, 2041, 2242, 2833, 4420, 3819, 5621, 1965, 3047, 1288, 3785, 3683, 2721, 2180, 2216, 1526, 6115, 2032, 3099, 3378, 5003, 2367, 2281, 4647, 3217, 3277, 2048, 1838, 2117, 2189, 1257, 9233, 1822, 4768, 2465, 1522, 956, 1906, 3059, 1013, 6424, 1769, 2714, 2593, 3989, 1273, 2700, 1967, 3061, 4424, 3642, 1276, 1907, 1480, 2681, 3400, 1626, 1822)

Jacobi: Mean: 2285.86, median: 1966.5, std: 1425.221, percent: 2198.58, BvN: 225, WvN: 25, flag: 0 
	(1571, 3016, 1767, 1816, 2046, 1238, 1214, 2694, 543, 2505, 629, 1427, 778, 2288, 975, 5364, 1051, 1690, 854, 1178, 2109, 2094, 998, 1559, 1071, 1293, 8720, 2075, 1426, 1244, 3769, 1287, 1981, 2437, 2531, 1952, 4109, 3348, 1591, 1420, 1824, 1628, 1439, 2789, 946, 2708, 2039, 5179, 2357, 2445, 2679, 1425, 1851, 1623, 1129, 1934, 1898, 1274, 904, 2036, 863, 1771, 1149, 1124, 1642, 1599, 1591, 5997, 3253, 939, 4541, 4175, 1706, 4029, 922, 2048, 1408, 1279, 2797, 1472, 1586, 886, 4381, 2220, 2967, 999, 1613, 2527, 2518, 3805, 995, 4094, 2633, 917, 1214, 1008, 3165, 4532, 1589, 1148, 4295, 2174, 2203, 4878, 1970, 1723, 2057, 3021, 11046, 2048, 2644, 1584, 1634, 2613, 1883, 1777, 2048, 835, 1798, 915, 4516, 650, 3060, 3766, 1768, 1117, 1588, 3976, 1005, 702, 2350, 2442, 2181, 1884, 1474, 2385, 2070, 2309, 2146, 2840, 2566, 785, 2183, 4294, 2428, 1963, 1187, 3547, 2670, 1327, 2445, 5342, 1180, 458, 868, 3121, 2909, 2312, 2454, 755, 2358, 692, 1094, 1589, 1150, 2548, 1975, 3295, 3284, 3241, 3208, 3868, 2396, 1736, 824, 738, 4471, 6205, 6248, 1559, 1103, 1391, 1480, 1041, 2324, 2313, 7660, 1125, 802, 1285, 1374, 2743, 1809, 1534, 1727, 1980, 5490, 2297, 5322, 1769, 2999, 781, 6091, 2696, 2832, 1624, 2334, 1095, 5007, 2268, 2913, 2854, 4619, 1994, 1840, 4118, 2290, 2898, 1245, 1526, 1754, 2069, 1113, 4958, 1371, 4162, 1845, 1143, 654, 1349, 2473, 783, 4680, 1352, 1926, 2779, 2748, 1089, 2564, 2072, 2828, 3893, 3001, 1007, 1549, 1385, 1985, 3380, 1836, 1609)

Last: Mean: 2233.54, median: 1961.5, std: 1377.746, percent: 2159.54, BvN: 230, WvN: 20, BvJ: 146, WvJ: 104, flag: 2 
	(1501, 2748, 1798, 2066, 2051, 1165, 1351, 2583, 386, 2201, 678, 1583, 869, 2063, 819, 5292, 1087, 1479, 861, 1166, 2045, 1976, 1050, 1427, 1083, 1284, 8598, 2186, 1284, 1172, 3412, 1277, 1966, 2452, 2225, 1678, 3143, 3087, 1378, 1250, 1789, 1609, 1662, 2367, 992, 2850, 2298, 4925, 2782, 2070, 2539, 1346, 1694, 1484, 1056, 1635, 2082, 1591, 867, 2348, 877, 1725, 1331, 1292, 1321, 1619, 1628, 5987, 3051, 1000, 4200, 4474, 1779, 3133, 912, 2053, 1566, 1483, 2538, 1350, 1433, 942, 3540, 2144, 2907, 1227, 1866, 2276, 2641, 3952, 1113, 3706, 2825, 939, 1230, 956, 3621, 4461, 1372, 1069, 4047, 2333, 2123, 5026, 2326, 1699, 2322, 3682, 9608, 2140, 2822, 1706, 1478, 2215, 1797, 1705, 2071, 997, 1761, 869, 4454, 700, 3008, 3772, 1994, 1138, 1447, 4007, 947, 672, 2075, 2549, 1948, 1336, 1545, 2675, 1808, 2292, 2139, 2612, 2500, 722, 1795, 4037, 2003, 2200, 1007, 3571, 2560, 1255, 2235, 6589, 1200, 353, 742, 3219, 2954, 2261, 2031, 766, 2120, 609, 1116, 1595, 1207, 2377, 1957, 3155, 2878, 3222, 2673, 3566, 2390, 1639, 869, 717, 4267, 6535, 6491, 1465, 951, 1366, 1405, 1132, 2337, 2524, 7216, 1102, 929, 1066, 1299, 2558, 1931, 1732, 1771, 1991, 5660, 2083, 4119, 1678, 2823, 810, 5635, 2517, 2712, 1704, 2412, 1149, 4908, 1972, 2787, 2555, 4036, 2126, 1500, 4668, 2446, 3411, 1199, 1570, 1527, 1716, 1009, 4306, 1429, 4076, 2122, 1117, 732, 1480, 2828, 843, 5100, 1253, 2049, 2281, 3106, 1056, 2520, 1722, 2488, 4561, 2858, 1054, 1420, 1273, 2053, 3553, 1600, 1525)

Best: Mean: 2233.54, median: 1961.5, std: 1377.746, percent: 2159.54, BvN: 230, WvN: 20, BvJ: 146, WvJ: 104, flag: 2 
	(1501, 2748, 1798, 2066, 2051, 1165, 1351, 2583, 386, 2201, 678, 1583, 869, 2063, 819, 5292, 1087, 1479, 861, 1166, 2045, 1976, 1050, 1427, 1083, 1284, 8598, 2186, 1284, 1172, 3412, 1277, 1966, 2452, 2225, 1678, 3143, 3087, 1378, 1250, 1789, 1609, 1662, 2367, 992, 2850, 2298, 4925, 2782, 2070, 2539, 1346, 1694, 1484, 1056, 1635, 2082, 1591, 867, 2348, 877, 1725, 1331, 1292, 1321, 1619, 1628, 5987, 3051, 1000, 4200, 4474, 1779, 3133, 912, 2053, 1566, 1483, 2538, 1350, 1433, 942, 3540, 2144, 2907, 1227, 1866, 2276, 2641, 3952, 1113, 3706, 2825, 939, 1230, 956, 3621, 4461, 1372, 1069, 4047, 2333, 2123, 5026, 2326, 1699, 2322, 3682, 9608, 2140, 2822, 1706, 1478, 2215, 1797, 1705, 2071, 997, 1761, 869, 4454, 700, 3008, 3772, 1994, 1138, 1447, 4007, 947, 672, 2075, 2549, 1948, 1336, 1545, 2675, 1808, 2292, 2139, 2612, 2500, 722, 1795, 4037, 2003, 2200, 1007, 3571, 2560, 1255, 2235, 6589, 1200, 353, 742, 3219, 2954, 2261, 2031, 766, 2120, 609, 1116, 1595, 1207, 2377, 1957, 3155, 2878, 3222, 2673, 3566, 2390, 1639, 869, 717, 4267, 6535, 6491, 1465, 951, 1366, 1405, 1132, 2337, 2524, 7216, 1102, 929, 1066, 1299, 2558, 1931, 1732, 1771, 1991, 5660, 2083, 4119, 1678, 2823, 810, 5635, 2517, 2712, 1704, 2412, 1149, 4908, 1972, 2787, 2555, 4036, 2126, 1500, 4668, 2446, 3411, 1199, 1570, 1527, 1716, 1009, 4306, 1429, 4076, 2122, 1117, 732, 1480, 2828, 843, 5100, 1253, 2049, 2281, 3106, 1056, 2520, 1722, 2488, 4561, 2858, 1054, 1420, 1273, 2053, 3553, 1600, 1525)

Last Coef List
{1: array([-0.00198932, -0.01952387, -0.00416458,  0.00279277, -0.01907525,
        0.00318547, -0.02275088,  0.00474152, -0.00153409, -0.01073024])}

Best Coef List
{1: array([-0.00198932, -0.01952387, -0.00416458,  0.00279277, -0.01907525,
        0.00318547, -0.02275088,  0.00474152, -0.00153409, -0.01073024])}

Run time: 6004.765634732321



26/04/2026, 18:20:43
Config file: config/newPrecondType/median/new_pre_median_3.ini
Data:
	1d_laplace_size: 45
	amount: 250
	dist_type: normal
	params: 1 0.3
	seed: 3
	dim: 2025
Solver:
	tol: 1e-10
	max_iteration: None
Learn:
	iteration_count: 100
	step_range: 0.1
	method: median
	seed: 3
	change_scales: 1 0.5 0.25
	allow_disimprovement: False
	disimprovement_scale: 1
	median_best_scale: 0.5
	mean_best_scale: 0.5
	flag_count_limit: 0
Precondition:
	dist_type: normal
	params: 0 0.05
	num_coef: 10
	par_list: 10
	diag_list: 1
	type: diag_shift
	diag: jacobi
	sym: False

Train:
(8, 49): Mean: 5624.54, median: 4928.0, std: 3156.057, percent: 5564.6, B: 250, W: 0, 
	(6057, 7084, 2069, 3453, 7600, 2919, 2650, 2623, 3086, 7746, 7158, 3865, 3318, 7161, 2194, 3838, 6082, 7839, 7255, 3073, 3832, 5577, 4408, 5418, 1970, 9118, 4951, 2018, 5922, 6587, 4518, 2424, 4609, 14584, 6681, 3433, 3000, 3191, 5858, 3379, 1396, 3738, 3325, 4221, 6873, 9050, 2265, 7662, 3885, 3280, 4923, 3114, 8730, 4073, 2071, 2685, 7351, 7344, 3333, 4594, 3267, 4663, 4933, 9084, 4129, 12054, 8008, 5451, 8397, 4054, 5716, 2643, 3477, 5348, 5621, 6064, 10739, 7658, 5128, 6169, 15740, 8069, 2887, 6212, 7747, 4200, 6950, 4939, 3111, 5391, 8990, 2868, 3738, 5448, 4675, 1478, 6465, 5690, 12239, 3218, 1191, 5345, 2218, 3006, 12463, 5989, 3572, 3761, 4777, 3872, 2702, 10689, 4765, 5780, 860, 3063, 1546, 5974, 2512, 2861, 8528, 9858, 6247, 4463, 10635, 3272, 3404, 5461, 4389, 9713, 4487, 4783, 1708, 5989, 14049, 4471, 3881, 5500, 2726, 3524, 8931, 6276, 7621, 9453, 5989, 2221, 7665, 7530, 6875, 2984, 5795, 5098, 14600, 4522, 3804, 2226, 6359, 4282, 3217, 4849, 5224, 3320, 3388, 6384, 9271, 10471, 2702, 3202, 9452, 4353, 8106, 3742, 7495, 6375, 8911, 4713, 4850, 4083, 3113, 5785, 6704, 3295, 6393, 5308, 5242, 12837, 4993, 8648, 3979, 5427, 5537, 10287, 8614, 4644, 5189, 10669, 8267, 7996, 7736, 2185, 1985, 1629, 4595, 2717, 15317, 2776, 3484, 2448, 10343, 6366, 3376, 5131, 6101, 11546, 5965, 3814, 4589, 19265, 1352, 2849, 1848, 11114, 8081, 3456, 2388, 5457, 4252, 9779, 4070, 7797, 3268, 4044, 7381, 3060, 2259, 10492, 6084, 3815, 4350, 4455, 3376, 5883, 3809, 5292, 3472, 5573, 4858, 23017, 11936, 7481)
(9, 51): Mean: 5479.016, median: 4801.5, std: 3137.825, percent: 5386.52, B: 142, W: 108, 
	(6407, 6705, 2398, 3765, 7534, 2457, 2764, 2886, 3375, 6745, 7152, 4197, 3176, 7810, 1820, 3720, 5428, 7544, 7381, 2870, 3859, 5398, 5014, 5469, 1828, 10100, 4815, 1943, 6369, 6974, 4619, 2616, 3972, 15199, 7232, 3344, 2710, 3777, 5866, 3215, 1277, 3871, 3079, 3745, 5180, 9747, 2792, 6713, 3835, 3206, 5391, 3466, 11176, 2778, 2087, 2728, 8576, 7489, 2515, 4754, 3426, 4113, 4753, 6611, 4437, 10590, 6616, 4824, 8201, 4061, 6139, 2646, 3063, 4956, 4838, 5796, 10957, 6811, 5152, 6120, 19288, 8855, 2925, 6554, 9438, 3809, 6711, 4983, 3584, 4979, 8750, 3448, 4498, 5806, 4747, 1590, 7488, 5900, 14085, 2764, 999, 4429, 1985, 3476, 11824, 6065, 3528, 4444, 3937, 3059, 2599, 10251, 4965, 5148, 785, 2573, 1465, 5591, 2249, 2232, 9687, 7396, 6993, 3474, 9663, 3536, 3300, 4487, 3405, 9060, 4350, 4104, 1840, 5298, 14415, 3513, 3713, 5365, 3130, 3440, 8058, 5138, 7058, 7909, 6536, 2310, 7731, 6409, 7203, 3291, 6152, 6007, 14935, 4308, 4212, 2007, 7643, 4543, 3282, 5621, 4714, 3263, 4407, 4867, 10010, 10165, 2484, 3145, 8784, 5119, 6844, 4990, 4880, 6463, 8561, 5069, 4434, 4661, 3073, 5766, 7605, 3089, 6973, 5266, 4974, 11578, 5843, 8418, 3535, 4507, 5144, 11483, 6811, 4528, 4817, 7112, 8027, 8038, 6812, 2281, 1923, 1338, 4614, 2886, 13927, 2275, 3364, 2859, 9953, 6687, 4068, 4667, 5511, 10037, 5600, 4630, 3687, 15229, 1314, 2953, 1723, 11853, 7444, 3693, 2855, 4788, 4628, 7904, 4112, 6080, 2840, 3173, 7952, 2940, 2310, 8825, 5223, 3491, 3590, 4168, 2717, 5599, 3824, 5207, 4080, 5647, 4464, 24518, 10512, 6236)
(10, 56): Mean: 5500.128, median: 4739.5, std: 3049.187, percent: 5543.36, B: 119, W: 131, 
	(6356, 6746, 1940, 3105, 7483, 2379, 2369, 2648, 3301, 7338, 8400, 3546, 3213, 7489, 1883, 3324, 5268, 7002, 7395, 3242, 3851, 5634, 4939, 5317, 1764, 8308, 4811, 1864, 6242, 8200, 5122, 2676, 4384, 18511, 7781, 3412, 2604, 3433, 6077, 3365, 1452, 4519, 3405, 3599, 6133, 9704, 2551, 7396, 3862, 3262, 5273, 3387, 10275, 3404, 2089, 2770, 7610, 7904, 2768, 5185, 3509, 4317, 3891, 7015, 4158, 14601, 6519, 4742, 8696, 3897, 6132, 3127, 3117, 5447, 5275, 4660, 11672, 7299, 4909, 5114, 17866, 6950, 2793, 5919, 9056, 4394, 7181, 5314, 3567, 4897, 8881, 2537, 3731, 5482, 5287, 1338, 7251, 6582, 12513, 3321, 1185, 4725, 2483, 3582, 10293, 6570, 3563, 4597, 3605, 3305, 2888, 10153, 4649, 6252, 930, 3426, 1552, 5045, 2571, 2654, 8674, 8239, 6841, 3299, 10165, 3582, 3032, 4391, 3487, 10334, 4508, 4703, 1480, 4428, 15123, 3740, 3136, 5134, 3187, 3316, 8240, 5798, 7971, 7891, 6127, 2508, 6079, 6316, 9070, 3528, 7064, 5123, 10721, 4463, 4199, 2191, 8222, 4484, 3554, 7022, 3754, 2858, 4631, 5620, 9071, 8359, 2669, 3421, 8293, 3972, 6379, 4891, 4800, 6590, 8510, 4952, 4364, 4127, 3150, 5749, 8382, 3247, 6375, 4858, 5255, 11922, 4506, 8789, 3707, 5915, 5259, 11172, 5920, 4706, 4871, 6670, 7269, 7418, 5959, 2737, 2115, 1278, 4096, 2447, 12056, 2173, 3792, 2674, 8799, 6397, 3504, 6526, 6520, 13514, 6200, 4698, 3974, 15703, 1601, 3204, 1936, 12105, 7036, 3947, 2645, 4454, 5327, 10049, 4737, 6158, 3425, 3877, 6377, 2679, 2225, 8716, 5880, 3375, 3948, 3735, 2728, 6652, 4094, 4691, 3945, 7967, 4522, 19617, 11468, 6724)
(11, 60): Mean: 5584.064, median: 4714.5, std: 3255.732, percent: 5444.54, B: 124, W: 125, 
	(7344, 6351, 1970, 3775, 7247, 2760, 2658, 2995, 3162, 10803, 7861, 3707, 3073, 8029, 2375, 4024, 4549, 7075, 7626, 3102, 3734, 5082, 4671, 6946, 1777, 9137, 4546, 2328, 6899, 7671, 4922, 2352, 4067, 16681, 7431, 3648, 2653, 3739, 5941, 3403, 1649, 4456, 2761, 4323, 4982, 8230, 3070, 7153, 4035, 3068, 5531, 3323, 10680, 2563, 2247, 2879, 8067, 7780, 2887, 4262, 2922, 5021, 4251, 7018, 3930, 11358, 6626, 4792, 9935, 3663, 5855, 2738, 3246, 4611, 4954, 5206, 10901, 7085, 5166, 5309, 21532, 8163, 2796, 4877, 9093, 3638, 7486, 5676, 3667, 5141, 10221, 2652, 3646, 5798, 5675, 1240, 8835, 4760, 15343, 2950, 999, 4411, 2599, 3432, 10830, 6540, 3486, 4545, 4252, 3239, 2913, 11169, 4686, 6228, 813, 3015, 1472, 6503, 1927, 2462, 6641, 7964, 6830, 4051, 9490, 3285, 3365, 4600, 3742, 9445, 4376, 4664, 1497, 5092, 14651, 3395, 3242, 5362, 2736, 3253, 7818, 6286, 6429, 7541, 5589, 2370, 5930, 7039, 7755, 3041, 6866, 5232, 14163, 4215, 4194, 2215, 8194, 4328, 3370, 5104, 4212, 3457, 3795, 5001, 9563, 9459, 2565, 2756, 10042, 4743, 6635, 6367, 4309, 7323, 7437, 5175, 4077, 4380, 3445, 5433, 7245, 3196, 6219, 5782, 6771, 12479, 5235, 8835, 3380, 5710, 4593, 10293, 7602, 5234, 4778, 9017, 7430, 6956, 6550, 2437, 1635, 1278, 4657, 2725, 17330, 2503, 3672, 3332, 9376, 6970, 3711, 5743, 5653, 10811, 6348, 3961, 4106, 17143, 1497, 2972, 1903, 11856, 6513, 3825, 2469, 4895, 4434, 10595, 4173, 6939, 3307, 3512, 8406, 2915, 2772, 8839, 7051, 3950, 3280, 3309, 3231, 6459, 3664, 5412, 4010, 6385, 4553, 21190, 12437, 7676)
(12, 62): Mean: 4887.124, median: 4417.0, std: 2618.617, percent: 4824.18, B: 209, W: 40, 
	(5655, 5505, 1749, 3427, 5069, 2302, 2566, 2305, 3190, 6505, 6910, 3603, 2939, 6381, 1846, 3496, 4568, 6549, 5803, 2943, 3371, 4558, 4267, 4431, 1482, 7773, 4481, 1705, 6307, 5553, 4342, 2423, 3863, 15393, 5955, 3124, 2347, 3129, 5895, 3363, 1426, 4502, 2872, 3791, 6696, 6121, 2435, 6635, 4074, 3012, 4814, 3024, 7934, 2439, 2189, 2879, 6602, 6174, 2362, 3586, 2899, 3171, 4685, 6904, 3893, 7891, 6435, 4364, 8528, 3345, 4529, 2940, 3198, 4763, 3610, 5503, 6474, 5909, 4560, 4956, 13749, 7079, 2652, 4999, 8219, 2865, 6850, 5135, 3352, 4901, 6819, 2295, 3420, 4707, 5581, 1686, 7780, 4482, 9470, 2584, 987, 4242, 2325, 3255, 9533, 6001, 3181, 4309, 4163, 2663, 2350, 8029, 4536, 5483, 877, 2353, 1445, 5672, 1879, 2445, 9259, 7190, 7146, 3799, 7325, 3330, 2543, 4554, 2772, 8513, 4497, 4158, 1592, 4338, 10792, 3321, 3690, 4695, 2831, 2948, 7142, 5803, 6638, 5826, 6434, 2168, 5307, 5659, 8566, 3143, 6518, 4928, 11872, 4010, 3421, 1920, 5548, 4144, 3500, 5000, 3553, 2390, 4256, 4782, 7560, 9510, 2120, 2757, 9161, 3571, 7295, 4725, 3209, 7845, 6784, 5399, 3677, 3570, 2715, 5393, 6901, 3227, 4997, 4914, 5354, 9844, 4796, 7688, 3701, 4369, 4766, 9779, 7123, 4629, 4310, 8730, 7276, 6327, 5979, 2034, 1648, 1114, 4305, 2474, 12995, 2418, 3884, 2954, 8938, 4661, 3334, 5253, 4630, 8424, 5939, 4325, 2781, 14772, 1241, 2775, 1737, 9925, 6611, 3605, 2021, 4027, 3661, 8266, 4403, 6619, 3171, 2985, 7072, 2447, 2408, 7654, 5689, 3783, 3278, 3142, 2497, 4762, 3339, 4661, 3310, 5247, 4165, 20174, 9436, 5415)
(13, 64): Mean: 4928.616, median: 4373.5, std: 2671.14, percent: 4934.7, B: 128, W: 122, 
	(5728, 5058, 1849, 2833, 4519, 2175, 1794, 2141, 2930, 6124, 6183, 3816, 2802, 6403, 2294, 3193, 4472, 6725, 8566, 2759, 3256, 4588, 5219, 5986, 1632, 8123, 4150, 2054, 6461, 7418, 4517, 2313, 4509, 14884, 7297, 3419, 2177, 3006, 4724, 3162, 1393, 3822, 2997, 4366, 5442, 8693, 2558, 6929, 3268, 2363, 5150, 2759, 9641, 2507, 2114, 2576, 7960, 5317, 2349, 3759, 3229, 3960, 4182, 7994, 3508, 8709, 5093, 3621, 8865, 3760, 4491, 2700, 3350, 5045, 4662, 5742, 9038, 5942, 5323, 4770, 17465, 8233, 2983, 4700, 7224, 3399, 6490, 4435, 3813, 5351, 9365, 2404, 3804, 5352, 5209, 1425, 7285, 5470, 12082, 2927, 960, 3725, 1871, 2999, 7401, 5350, 3018, 3896, 4652, 2592, 2644, 8830, 4606, 5442, 916, 2732, 1433, 4926, 1862, 2141, 9248, 7169, 7433, 3019, 8387, 3304, 2898, 4799, 2842, 8454, 4597, 4048, 1789, 5382, 10467, 3873, 3561, 5292, 2934, 2759, 8049, 6076, 6626, 6059, 5704, 2395, 5841, 5565, 5611, 2965, 6660, 4513, 11534, 3161, 3841, 1706, 6857, 4345, 3860, 5193, 3965, 2918, 3492, 4486, 8210, 8608, 1945, 2861, 9135, 4251, 5969, 4381, 3574, 6773, 7279, 5400, 4338, 3846, 2733, 6156, 6933, 2720, 4306, 4704, 6337, 10410, 4320, 7408, 3914, 4855, 4983, 8697, 5191, 4088, 4154, 7166, 7168, 6273, 6094, 1971, 1394, 1263, 4113, 2323, 13146, 2020, 2877, 2033, 8581, 5257, 3065, 5353, 5327, 10610, 4951, 3932, 2942, 12793, 1144, 2718, 1665, 10224, 6770, 3159, 2279, 3925, 3732, 7730, 3547, 6205, 3087, 3506, 7081, 2322, 2198, 6919, 5626, 3463, 3132, 3566, 2371, 5353, 3593, 4356, 3660, 5687, 4102, 16789, 10776, 6043)
(15, 73): Mean: 4892.564, median: 4354.5, std: 2859.734, percent: 4883.12, B: 141, W: 108, 
	(5494, 6546, 1594, 3140, 5452, 2444, 2334, 2234, 2953, 6436, 5826, 3617, 2806, 6169, 1742, 3166, 3624, 7343, 6183, 2465, 3369, 4758, 4376, 5687, 1487, 7688, 4349, 1723, 5360, 6643, 4738, 2392, 4441, 14286, 6483, 3810, 2163, 2834, 4861, 2798, 1382, 3750, 2414, 3501, 6151, 8056, 2799, 5894, 3645, 2727, 5461, 2726, 9721, 2371, 1953, 2259, 7254, 7636, 2170, 4164, 3148, 3373, 4617, 6152, 3598, 11218, 7154, 4403, 6628, 4095, 4665, 2635, 3025, 4645, 5182, 4659, 7739, 5736, 4482, 5459, 23012, 7468, 2918, 5448, 8289, 2685, 6513, 4920, 3073, 4594, 7950, 2221, 3572, 4781, 4043, 1308, 6344, 4789, 9923, 2802, 996, 3896, 1665, 3280, 9319, 4634, 2855, 3772, 4263, 3118, 2665, 9305, 4663, 5153, 563, 2316, 1491, 4919, 1833, 2268, 8271, 8834, 5607, 3948, 7332, 3285, 2333, 4360, 2844, 8760, 3787, 4015, 1574, 5363, 12540, 3185, 3447, 4293, 2588, 3025, 7480, 6656, 6078, 6952, 6451, 2116, 5148, 5241, 7319, 2732, 5578, 5004, 11066, 3331, 3097, 1918, 7522, 3963, 4075, 4753, 3676, 2908, 4170, 4438, 8210, 8074, 2468, 3468, 8174, 3965, 5316, 4911, 3882, 6309, 6765, 5308, 3658, 4274, 2728, 5761, 7229, 3339, 4787, 5167, 5695, 9880, 4512, 6875, 3334, 4580, 3930, 8839, 6183, 4127, 3797, 7444, 6244, 6775, 6487, 2215, 1594, 1311, 4560, 2470, 14000, 2549, 3380, 2597, 8638, 5996, 3219, 5858, 4702, 7401, 5165, 3761, 2868, 14776, 1237, 3092, 1558, 9660, 6638, 2808, 1924, 3884, 3549, 6661, 3926, 5615, 3079, 3233, 7206, 2558, 2189, 7421, 4994, 3224, 3719, 3361, 2477, 4565, 4142, 4237, 3615, 4888, 4918, 21089, 10717, 6251)
(16, 75): Mean: 4468.472, median: 3914.0, std: 2666.192, percent: 4354.58, B: 189, W: 60, 
	(5185, 5934, 1708, 3064, 3616, 2311, 1618, 1986, 3339, 6214, 7450, 3068, 2446, 6396, 1527, 2675, 4086, 6545, 5773, 2228, 3051, 3998, 4226, 4678, 1168, 5463, 3965, 1470, 5384, 6298, 4091, 2124, 3658, 12002, 5598, 2856, 1989, 2325, 4813, 2470, 1124, 2916, 1978, 3221, 5452, 6335, 1998, 6071, 4105, 2154, 5138, 2161, 7631, 2082, 1820, 2314, 6263, 5382, 1707, 3609, 2727, 2986, 3648, 6748, 3958, 7335, 5482, 4057, 7339, 3477, 4071, 2610, 2814, 3746, 4278, 5363, 7179, 6276, 3870, 4355, 21201, 6625, 2410, 4117, 6821, 2856, 8255, 4534, 2500, 4464, 6418, 2653, 2985, 5312, 4505, 1272, 6059, 4516, 10838, 2346, 786, 3870, 1907, 2566, 8792, 5030, 2574, 3250, 3896, 2421, 2313, 10267, 3827, 5001, 638, 2488, 1443, 4196, 1870, 1925, 8407, 7390, 5624, 4086, 7972, 2852, 2222, 4192, 2407, 7977, 3781, 4124, 1630, 4580, 9808, 3206, 2916, 4471, 2651, 2665, 6700, 4826, 4603, 6026, 5531, 1737, 5762, 3791, 5963, 2443, 6188, 4449, 8522, 3289, 3546, 1634, 6399, 3419, 3228, 4379, 3157, 2735, 3567, 4455, 7873, 6790, 2239, 2807, 6480, 3724, 6201, 3916, 2965, 5954, 7863, 3690, 3162, 3128, 2624, 4987, 6574, 2990, 3876, 4436, 5721, 10099, 4633, 5810, 3497, 3680, 3947, 8793, 5224, 4030, 3219, 5888, 5418, 4595, 5712, 2379, 1438, 1074, 3961, 2228, 14147, 2014, 2733, 1641, 10357, 5071, 2898, 4554, 3810, 9174, 5620, 3915, 2475, 14461, 1192, 2433, 1606, 9273, 8679, 3051, 1792, 4208, 3430, 9092, 3516, 4964, 2499, 2692, 5170, 2266, 2001, 6323, 4836, 3720, 2836, 3110, 2581, 5329, 2900, 3913, 3292, 4888, 3343, 17871, 8529, 5655)
(18, 84): Mean: 4356.468, median: 3892.5, std: 2396.481, percent: 4354.94, B: 138, W: 112, 
	(5697, 5261, 1699, 2561, 4143, 2117, 2118, 2402, 2768, 5762, 5516, 2930, 2995, 5854, 1858, 2654, 4073, 6091, 5037, 2319, 3342, 3966, 4197, 5496, 1138, 7047, 4014, 1538, 6453, 4423, 4273, 2151, 3050, 11635, 6380, 2657, 2304, 2556, 4472, 2609, 1382, 3369, 2483, 3224, 4576, 7027, 2131, 4511, 3336, 2348, 4423, 2155, 7548, 1744, 1735, 2558, 6178, 5423, 2093, 3645, 2882, 3041, 3230, 5243, 3165, 6138, 5239, 4295, 6913, 3425, 3827, 2473, 2636, 3619, 4973, 4336, 6305, 5241, 4797, 4074, 13575, 7516, 2533, 3882, 7566, 2885, 7430, 4014, 2700, 3951, 6586, 2110, 3678, 3837, 4247, 884, 5548, 4407, 9555, 2365, 1047, 3638, 1657, 2706, 8501, 5377, 2349, 3616, 3603, 2314, 2128, 8405, 4414, 4305, 729, 2226, 1275, 4634, 1923, 1797, 8087, 7690, 6474, 3600, 7508, 2972, 2527, 4195, 2781, 7307, 3831, 3790, 1524, 5167, 9812, 3087, 3016, 4242, 2433, 2883, 7628, 5318, 4794, 5194, 5229, 1782, 4863, 4190, 6786, 2479, 6342, 3976, 8946, 3611, 3359, 1726, 5521, 3723, 3332, 4998, 2963, 2460, 3196, 3622, 7446, 8417, 1729, 2395, 5570, 3600, 5916, 3561, 2862, 5628, 7247, 3944, 2971, 2997, 2571, 6070, 6074, 2889, 4532, 3903, 5769, 12012, 4012, 6065, 3339, 3922, 3702, 8843, 6865, 4261, 3289, 6772, 5900, 4993, 5954, 1965, 1419, 1380, 4269, 2415, 13056, 1680, 2451, 1562, 9570, 4704, 2555, 4148, 4393, 9152, 5011, 3211, 2601, 11482, 1154, 2412, 1731, 8965, 6081, 3100, 1888, 4729, 3051, 7347, 3278, 5325, 2771, 2715, 4574, 2117, 1961, 7243, 6911, 4015, 2702, 2557, 2041, 5099, 3326, 4489, 2847, 5714, 4118, 16678, 9562, 5398)
(19, 85): Mean: 4252.904, median: 3704.5, std: 2320.346, percent: 4283.68, B: 151, W: 99, 
	(5397, 5428, 1825, 2970, 3783, 1933, 2111, 2280, 3066, 5343, 6105, 3212, 2914, 6720, 1803, 3033, 3669, 6345, 4330, 2143, 3175, 4023, 4106, 4000, 959, 6680, 3473, 1672, 6553, 4612, 3532, 1861, 3257, 10600, 6127, 3108, 2043, 2681, 5112, 2336, 1041, 2875, 2390, 3017, 4850, 5415, 2204, 5943, 3365, 2413, 4603, 2178, 8794, 1978, 1748, 1961, 5119, 5080, 1964, 3414, 2770, 3190, 3965, 5976, 3421, 6961, 4630, 3740, 7585, 3282, 3564, 2544, 2354, 3577, 3911, 4841, 5335, 5196, 4668, 4230, 14275, 6273, 2691, 3859, 8499, 2879, 7033, 3762, 2258, 4108, 6800, 2107, 2949, 4505, 3852, 1034, 5429, 4205, 8824, 2572, 788, 4673, 1789, 2563, 8006, 5032, 2356, 3607, 3831, 2382, 2219, 8375, 4134, 4367, 566, 1971, 1368, 4630, 2016, 2071, 7514, 6817, 6368, 3432, 7331, 3018, 2390, 4371, 2401, 6736, 3824, 3405, 1513, 4213, 8921, 2871, 3203, 3477, 2424, 2874, 6818, 4924, 4641, 5361, 4868, 1714, 5378, 3446, 6618, 3138, 6329, 5376, 7793, 3524, 4078, 1635, 5912, 3657, 3081, 4471, 3587, 2378, 3265, 3782, 7114, 8099, 1975, 2768, 6635, 3586, 7304, 3526, 3344, 5692, 5967, 3300, 3204, 3059, 2627, 5297, 5473, 2466, 3752, 4244, 5531, 10578, 3955, 6773, 3081, 3533, 4728, 7283, 6849, 3667, 3219, 4904, 5990, 5087, 6046, 1824, 1507, 1204, 3668, 2396, 11664, 1333, 2896, 2011, 7643, 4492, 2638, 4224, 4699, 7611, 4437, 3943, 2477, 12725, 1121, 2313, 1715, 10288, 6944, 3314, 1713, 3378, 3008, 6471, 3131, 5420, 2678, 2809, 4538, 2094, 1896, 6252, 5009, 3791, 2614, 2612, 2217, 4452, 2897, 4195, 3523, 5192, 4036, 17628, 7732, 6250)
(21, 92): Mean: 4226.164, median: 3685.0, std: 2191.664, percent: 4242.46, B: 132, W: 118, 
	(5150, 5238, 1564, 2944, 3474, 2156, 1798, 2016, 2942, 5259, 5507, 2906, 3018, 6149, 1709, 3070, 5099, 6309, 5625, 2232, 2992, 3953, 3679, 3514, 1046, 6432, 4000, 1529, 6267, 4728, 4388, 1875, 3876, 10417, 6633, 3025, 2059, 2698, 4685, 2396, 1097, 3488, 2476, 3032, 5058, 6245, 1807, 4910, 3688, 2404, 4159, 2445, 7725, 2183, 1595, 2207, 5912, 5339, 2138, 3564, 3276, 2993, 3418, 5771, 3591, 6275, 4853, 3365, 6688, 3446, 3854, 2749, 2724, 3078, 4587, 4302, 5825, 5164, 4243, 4660, 14080, 7499, 2442, 3669, 7431, 2546, 6157, 3621, 2756, 3715, 5763, 2007, 3007, 4567, 4320, 833, 6319, 4024, 10834, 2629, 895, 3814, 1544, 2505, 7417, 4250, 2494, 3589, 3682, 2279, 2426, 8835, 3875, 4664, 545, 2314, 1308, 4721, 1885, 2280, 8454, 7607, 5342, 3499, 8232, 2918, 2885, 4556, 2313, 6647, 3855, 3347, 1424, 4712, 8562, 2806, 3345, 3613, 2770, 2779, 6995, 4383, 4976, 5331, 6030, 1704, 4481, 3714, 5856, 2990, 5377, 4274, 8746, 3051, 3133, 1555, 5952, 4019, 2912, 4547, 3094, 3000, 3723, 4160, 7766, 8065, 1724, 2485, 7064, 3499, 5674, 3381, 2783, 5110, 7407, 3361, 2969, 3067, 2611, 5024, 4806, 3006, 4122, 4562, 5384, 10183, 3922, 5900, 3176, 3589, 4500, 7673, 6386, 4185, 2892, 5647, 6511, 5460, 6085, 1808, 1349, 1303, 4254, 2336, 10474, 1908, 2752, 1809, 7303, 4508, 2622, 4537, 4599, 8291, 4622, 3351, 2645, 11164, 1344, 2437, 1705, 8000, 6086, 3455, 1893, 3246, 2869, 7377, 3095, 6105, 2533, 2975, 5576, 2030, 2036, 6525, 4895, 3018, 2606, 3034, 2404, 4686, 2871, 4441, 3099, 5977, 3781, 13425, 8044, 5458)
(23, 99): Mean: 3613.468, median: 3231.0, std: 1906.09, percent: 3530.2, B: 218, W: 31, 
	(3286, 5121, 1404, 2616, 3698, 1630, 1287, 1920, 2530, 4730, 5119, 2882, 2682, 6901, 1369, 2737, 3735, 5108, 4580, 1801, 2470, 3703, 3172, 2867, 903, 6493, 3380, 1121, 3875, 3852, 3235, 1875, 3556, 9332, 4188, 1832, 1757, 2185, 4178, 2176, 1061, 2688, 2561, 1862, 4233, 6210, 1630, 4762, 3016, 2301, 4100, 1885, 7494, 1612, 1902, 1529, 5232, 5355, 1301, 3212, 1920, 3165, 3419, 4822, 3772, 6325, 4432, 3153, 5285, 3062, 3473, 2226, 2423, 3614, 3490, 2970, 4744, 5120, 3593, 3620, 9846, 6173, 2201, 3317, 5676, 2219, 4969, 3252, 2253, 3885, 6926, 1929, 2457, 3504, 3119, 933, 4223, 3185, 7195, 2342, 811, 3429, 1367, 2149, 6736, 3930, 2428, 3227, 2720, 2086, 2118, 7693, 3497, 4485, 616, 1856, 1312, 3686, 1688, 1919, 6443, 4665, 4486, 3354, 6844, 2679, 1839, 3220, 2324, 5526, 3203, 3348, 1117, 3408, 7137, 2895, 2949, 2991, 2322, 2645, 4563, 4484, 5171, 4806, 4263, 1701, 4905, 3111, 4488, 2512, 4426, 4166, 7705, 2794, 2634, 1638, 4479, 3434, 2745, 3904, 2386, 1903, 2871, 3215, 6564, 6719, 1540, 2448, 5138, 2738, 4006, 3760, 2131, 4904, 5190, 2759, 2618, 2942, 2050, 4246, 5243, 2291, 3619, 3396, 3748, 4126, 3132, 5034, 2496, 3398, 4113, 7206, 4256, 3922, 2863, 5477, 5154, 4150, 4474, 1809, 1133, 1105, 3250, 2000, 9393, 2137, 1977, 1486, 6087, 4257, 2407, 3791, 3864, 9371, 3725, 2735, 2188, 9816, 1103, 2321, 1239, 7523, 5601, 3253, 1649, 2950, 2808, 7000, 2981, 4512, 2647, 2414, 3849, 2231, 1452, 5750, 4497, 2173, 2403, 2598, 2267, 3947, 2658, 3970, 2638, 4815, 2726, 14691, 8018, 5385)
(24, 104): Mean: 3676.844, median: 3203.5, std: 2050.512, percent: 3548.12, B: 121, W: 129, 
	(4627, 4292, 1450, 2500, 2957, 1672, 1413, 1928, 2471, 4964, 4857, 2820, 2425, 6108, 1292, 2690, 3789, 4982, 5571, 1899, 2391, 3977, 3162, 2707, 957, 5676, 3294, 1215, 4650, 4827, 3435, 1885, 2993, 10912, 3780, 1910, 1998, 2148, 3949, 2289, 1165, 2645, 2233, 1637, 4138, 5214, 1396, 4268, 2953, 2517, 4487, 1857, 6366, 1871, 1658, 1705, 4677, 5154, 1652, 2596, 2048, 2879, 3307, 4721, 3358, 7124, 3973, 3603, 5164, 2588, 3208, 2390, 2329, 3199, 3385, 3693, 5600, 5124, 4418, 4490, 10600, 6384, 2281, 3422, 4768, 2235, 4482, 2911, 1890, 4272, 6731, 2077, 2710, 3641, 3140, 977, 3890, 3279, 8578, 1906, 816, 3545, 1441, 2224, 6995, 3642, 2374, 3714, 2507, 2493, 2003, 8113, 3659, 4307, 556, 1956, 1276, 4215, 1780, 1828, 6179, 5938, 5730, 3057, 6407, 2638, 1937, 3824, 2224, 4982, 3584, 3140, 1170, 4235, 6546, 2885, 2704, 3013, 2450, 2304, 4954, 4097, 4891, 4843, 4377, 1654, 3782, 3713, 5062, 2521, 4053, 4491, 8934, 2591, 2754, 1581, 4221, 3173, 2870, 3821, 2512, 2080, 2835, 3191, 6604, 5430, 1515, 2891, 5165, 2491, 5187, 4094, 2300, 4834, 5801, 3110, 3076, 3096, 2524, 4901, 4970, 2414, 3910, 3605, 3951, 4622, 3644, 4517, 3131, 3028, 3518, 8059, 4250, 3456, 2818, 6202, 5150, 4976, 4784, 1728, 1138, 1073, 3217, 1994, 9217, 2035, 2120, 1315, 6543, 4334, 2196, 4335, 4239, 7575, 3586, 3041, 2304, 10702, 1070, 2249, 1380, 7490, 6625, 3122, 1654, 3025, 2960, 5878, 2865, 4855, 2486, 2453, 3754, 2235, 1646, 5716, 4507, 2825, 2457, 2264, 2022, 3421, 2541, 4083, 2603, 4810, 3459, 18034, 9646, 5142)
(30, 136): Mean: 3335.784, median: 2948.0, std: 1781.519, percent: 3321.12, B: 196, W: 54, 
	(3382, 3328, 1365, 2256, 2762, 1628, 1402, 2040, 2047, 4057, 4813, 2672, 2081, 5068, 1134, 2229, 2970, 4425, 5074, 1723, 2152, 3051, 2985, 2311, 1012, 5626, 2705, 1086, 4160, 4310, 3160, 2013, 2676, 8697, 4230, 1637, 1723, 2176, 3542, 2190, 1045, 2091, 2081, 1808, 3304, 4693, 1252, 3725, 2858, 2514, 3511, 1776, 5907, 1564, 1364, 1666, 4865, 4046, 1524, 2803, 2226, 2374, 2789, 4201, 3039, 5267, 3570, 3707, 4338, 2581, 2646, 1952, 1930, 3065, 2473, 3056, 4962, 4836, 4279, 3161, 8585, 5135, 1836, 4255, 4839, 2143, 4567, 3030, 2244, 3691, 5852, 1948, 2182, 3036, 3853, 1080, 3881, 2947, 5882, 1917, 866, 2931, 1476, 1641, 6972, 3750, 2292, 2676, 2894, 1876, 1948, 7842, 2913, 3917, 565, 1905, 1079, 3366, 1736, 1628, 5595, 4861, 4242, 2952, 6109, 2261, 2191, 3345, 2321, 5681, 2770, 2682, 1007, 3716, 7254, 2626, 2939, 2657, 2351, 2264, 5168, 3994, 4195, 3971, 3551, 1573, 3746, 3900, 5157, 2133, 4468, 3742, 6735, 2682, 2297, 1410, 4216, 2792, 2276, 3858, 2201, 1529, 2627, 2821, 5470, 5530, 1432, 2865, 5504, 3271, 5015, 3326, 2021, 4418, 5193, 2899, 2634, 2949, 2203, 4321, 4633, 2186, 4065, 3167, 3826, 3987, 3096, 4102, 2611, 2982, 2989, 7608, 4459, 4042, 2956, 5214, 5033, 4269, 3694, 1581, 1021, 1200, 3168, 1733, 8630, 1713, 1780, 1327, 6054, 4078, 2298, 3224, 3523, 7104, 4256, 2808, 2549, 10664, 977, 1901, 1401, 5303, 4466, 2599, 1794, 2992, 2858, 6219, 2767, 4611, 2099, 2293, 3722, 2205, 1431, 5200, 4602, 2936, 2365, 2398, 1809, 3429, 2646, 3115, 2339, 4198, 2841, 15575, 6659, 4726)
(31, 141): Mean: 3370.468, median: 2907.5, std: 1835.953, percent: 3330.44, B: 117, W: 133, 
	(3331, 3884, 1304, 2280, 2623, 1549, 1340, 1877, 2182, 4803, 4824, 2906, 2105, 6244, 1234, 2060, 2910, 4533, 4653, 1816, 2328, 2827, 3088, 2578, 855, 6050, 3332, 1192, 4737, 4662, 2903, 1852, 2976, 8635, 3810, 2023, 1882, 2562, 3744, 1935, 982, 2041, 2377, 1837, 3945, 4375, 1253, 4465, 2692, 2358, 3559, 1772, 5716, 1530, 1574, 1776, 5779, 4025, 1551, 2778, 2093, 2366, 3080, 4335, 3228, 5910, 3379, 3513, 4941, 2566, 2882, 1814, 2059, 2714, 2980, 3130, 5347, 4521, 3749, 3391, 8852, 5638, 1964, 3355, 5046, 2101, 3823, 2171, 1956, 3340, 5854, 1927, 2490, 3263, 3126, 880, 4761, 3013, 6686, 2114, 715, 2816, 1742, 1720, 6629, 3785, 2025, 2754, 2742, 1855, 1861, 6974, 3552, 4046, 677, 1992, 1169, 3905, 1435, 1887, 4616, 5024, 4708, 2728, 5799, 2121, 2023, 3122, 2150, 4683, 2752, 2731, 1178, 3020, 6529, 2819, 2844, 2820, 2431, 2284, 5171, 3860, 4209, 4173, 3615, 1811, 3647, 3557, 4609, 2539, 3826, 3798, 6860, 2778, 2290, 1357, 4337, 2922, 2347, 4057, 2515, 1765, 2470, 2747, 5395, 6241, 1701, 2390, 4528, 2716, 4348, 3213, 2363, 4445, 5311, 2664, 2477, 3107, 2155, 4925, 4727, 2248, 4143, 3281, 4295, 4630, 2806, 4835, 2287, 2909, 3110, 7560, 4160, 3863, 2814, 5033, 5029, 4483, 3732, 1663, 955, 1147, 2903, 1833, 9163, 2194, 1805, 1149, 6205, 3829, 2218, 3352, 3966, 7025, 3288, 2743, 2342, 10733, 1018, 1746, 1266, 6272, 5361, 2510, 1550, 4353, 2507, 5662, 2679, 4374, 2282, 2297, 3909, 2170, 1661, 5580, 4848, 2340, 2125, 2182, 2029, 3917, 3041, 3346, 2309, 4020, 3030, 16531, 7646, 4524)
(32, 142): Mean: 3355.092, median: 2906.0, std: 1884.22, percent: 3299.04, B: 140, W: 109, 
	(3304, 4022, 1307, 2223, 2953, 1648, 1289, 1821, 2138, 4186, 4800, 3043, 2153, 6169, 1050, 1968, 2912, 4473, 5663, 1723, 2276, 2856, 2706, 2686, 936, 5126, 2928, 1180, 5176, 5110, 2755, 1717, 2621, 8007, 4428, 1664, 1706, 2147, 3224, 2091, 970, 2195, 2196, 1809, 3867, 4106, 1321, 4422, 2540, 2353, 3358, 2036, 6429, 1663, 1393, 1637, 4416, 3715, 1711, 3178, 1980, 2366, 3479, 4470, 3231, 5797, 4356, 3443, 4379, 2970, 3070, 1615, 2200, 2467, 2735, 3299, 4746, 4161, 3507, 3242, 9452, 5238, 1856, 3069, 5114, 1954, 3686, 2256, 2263, 3844, 6388, 1867, 2312, 3257, 3740, 974, 4734, 2537, 5866, 2130, 842, 2692, 1747, 1823, 8007, 3455, 2023, 2619, 2308, 2012, 2111, 6883, 3656, 3656, 515, 1696, 1107, 4226, 1519, 1615, 4592, 5084, 4468, 2803, 7141, 2249, 1826, 3437, 2119, 4707, 2919, 2827, 1187, 3463, 7225, 2612, 2642, 2646, 2320, 1966, 5499, 3864, 4020, 4324, 3518, 1609, 4221, 3447, 4552, 2198, 3907, 4969, 5983, 2499, 2393, 1370, 3966, 3451, 2274, 3419, 2230, 1738, 2456, 3287, 5373, 4775, 1260, 2834, 5004, 2662, 4181, 3055, 1963, 4521, 4654, 2639, 2808, 2709, 1925, 4848, 4461, 2045, 4148, 2796, 3992, 5002, 4101, 3856, 2853, 2881, 3298, 9033, 3997, 3973, 2850, 5127, 5801, 4846, 3808, 1565, 1030, 1007, 2900, 1934, 8675, 2246, 1801, 1328, 5674, 3423, 2522, 3474, 3382, 5875, 3360, 2725, 1863, 10872, 961, 2058, 1324, 5962, 4667, 2744, 1566, 3589, 2966, 5095, 2526, 3949, 2545, 2401, 4269, 2212, 1440, 6276, 4427, 2330, 2419, 2551, 1985, 3888, 2627, 3027, 2343, 3552, 2782, 17137, 8979, 4952)
(35, 156): Mean: 3351.504, median: 2890.5, std: 1926.531, percent: 3226.86, B: 119, W: 128, 
	(3727, 3895, 1495, 2071, 2724, 1569, 1446, 1956, 2126, 5008, 4746, 2496, 2258, 4664, 1206, 2177, 2819, 4566, 5271, 1897, 2310, 3040, 2846, 2501, 779, 6335, 2549, 967, 3995, 4657, 2963, 1812, 2676, 9103, 3813, 1783, 1563, 2235, 3788, 2091, 971, 2395, 1920, 1729, 3304, 4234, 1318, 3736, 2761, 2104, 3139, 1855, 6837, 1646, 1428, 1811, 4992, 4048, 1570, 2607, 2116, 2272, 2934, 4614, 2908, 4933, 3572, 3521, 3897, 2506, 2824, 1780, 2033, 2813, 2965, 3322, 5067, 4369, 3796, 3390, 8915, 5238, 1811, 3655, 5087, 1943, 4272, 2722, 2334, 3851, 7275, 1775, 2382, 3123, 3326, 836, 4484, 3087, 7216, 2098, 709, 2640, 1713, 1645, 6669, 3677, 2115, 2839, 2457, 1778, 1726, 7541, 3376, 3755, 513, 1748, 1123, 3676, 1422, 1798, 5599, 5544, 4236, 2873, 7228, 2466, 1947, 2976, 2112, 5485, 2727, 2999, 1093, 3540, 7773, 2379, 2611, 3116, 2376, 2107, 6074, 3181, 4246, 4378, 4159, 2088, 3300, 3753, 4150, 2232, 4198, 4193, 7148, 2847, 2396, 1370, 3616, 3037, 2119, 3374, 2461, 1714, 2678, 2861, 5966, 5814, 1440, 2565, 5171, 2490, 4476, 3197, 2241, 4121, 4154, 2793, 2679, 2834, 2100, 4101, 4265, 2021, 4061, 3056, 3794, 4768, 3385, 3956, 2693, 3102, 3399, 7796, 3562, 3331, 2799, 4641, 4425, 4065, 4256, 1687, 989, 1088, 2694, 1646, 8778, 1891, 1889, 1656, 5872, 3578, 2122, 3292, 3813, 7955, 3808, 3199, 2201, 10898, 1029, 1738, 1340, 6855, 4847, 2549, 1470, 3488, 2812, 5795, 2620, 4831, 2207, 2286, 3502, 2065, 1443, 5115, 3324, 2203, 2536, 2352, 2159, 3457, 2585, 3250, 2669, 3736, 3155, 17594, 8736, 4485)
(40, 182): Mean: 3192.732, median: 2813.0, std: 1742.727, percent: 3128.56, B: 173, W: 77, 
	(3769, 3503, 1444, 2002, 3023, 1467, 1313, 1892, 1908, 3532, 3837, 2317, 2151, 5572, 1476, 1975, 2630, 3502, 5010, 1610, 2315, 2803, 3047, 2689, 820, 4819, 3132, 969, 4309, 3978, 2728, 1829, 2525, 7486, 3880, 1698, 1665, 2047, 3216, 2114, 861, 2115, 2062, 1747, 3828, 4232, 1138, 4070, 2802, 2071, 3721, 1815, 7482, 1552, 1272, 1590, 4108, 3560, 1444, 2564, 2408, 2356, 3188, 3873, 3012, 4916, 3737, 3020, 4279, 2195, 2465, 1734, 1855, 2983, 3616, 3047, 4919, 4065, 4045, 2953, 8467, 4491, 2220, 2937, 4816, 1851, 4319, 2526, 2278, 3164, 6353, 2029, 2129, 3437, 3162, 798, 3794, 2711, 5512, 1871, 629, 2584, 1407, 1862, 8014, 4207, 2155, 3019, 2258, 1724, 1681, 5725, 3230, 3998, 561, 1598, 1020, 3432, 1295, 1532, 5155, 4536, 4106, 2794, 5780, 2010, 1885, 3032, 2099, 4549, 2572, 3475, 1074, 3569, 7086, 2807, 2100, 2451, 1961, 2198, 4965, 3112, 4103, 4319, 3955, 1599, 3718, 3168, 5196, 2059, 4599, 3854, 6779, 2447, 2518, 1276, 4329, 2848, 2452, 3979, 2348, 1663, 2586, 2700, 5879, 5125, 1341, 2246, 5114, 2641, 4383, 2819, 1917, 4008, 4322, 2767, 2599, 2513, 1928, 4018, 4645, 2034, 3448, 2968, 3442, 4570, 2985, 4590, 2301, 2704, 3414, 7159, 3339, 3026, 2872, 4361, 4852, 4698, 4387, 1584, 819, 1146, 3074, 1619, 7674, 1676, 1783, 1192, 5937, 3969, 1961, 3197, 3477, 6560, 3421, 2450, 1885, 9842, 997, 1659, 1236, 5740, 4279, 2294, 1528, 2706, 2521, 6731, 2842, 4544, 2178, 2223, 4087, 2209, 1264, 5110, 3472, 1937, 2348, 2314, 1745, 3528, 2571, 3683, 2672, 3402, 2683, 15161, 8085, 4444)
(41, 186): Mean: 3216.692, median: 2781.0, std: 1906.438, percent: 3227.32, B: 117, W: 132, 
	(3267, 3695, 1180, 2177, 2910, 1513, 1270, 1715, 2059, 3960, 4677, 2399, 2049, 5836, 1139, 1991, 3370, 4244, 4723, 1680, 2356, 2637, 2789, 3098, 965, 5584, 2892, 1126, 3986, 3551, 2894, 1850, 2535, 8577, 4180, 1813, 1718, 2205, 3610, 1890, 912, 2191, 2078, 1947, 3437, 4584, 1184, 3622, 2577, 2141, 2940, 1773, 6074, 1629, 1369, 1842, 4075, 3539, 1482, 2534, 2273, 2718, 2417, 4970, 3156, 6022, 2864, 3550, 3780, 2501, 2861, 1823, 1982, 2511, 2982, 3641, 5049, 4113, 3308, 3142, 12508, 4746, 1773, 3109, 4224, 1705, 4006, 2231, 2039, 3727, 5238, 1570, 2450, 3332, 2743, 710, 5052, 2732, 6185, 1905, 744, 2600, 1712, 2025, 7279, 3342, 2143, 2564, 2487, 1794, 1658, 6655, 2967, 3377, 505, 2219, 1083, 3818, 1399, 1637, 4978, 4368, 3810, 2465, 5470, 2490, 1535, 3488, 2186, 4828, 2773, 2944, 1026, 3877, 7316, 2232, 2208, 2662, 2117, 2038, 5475, 3222, 3531, 4301, 3617, 1501, 3598, 3616, 4589, 1983, 3841, 4125, 6482, 2997, 2492, 1362, 3764, 2848, 2394, 3014, 2160, 2015, 2328, 2477, 4723, 5785, 1391, 2072, 4888, 2613, 5331, 2893, 1905, 4023, 4481, 2773, 2499, 2507, 1761, 3796, 4470, 2089, 3782, 3346, 3922, 4469, 3024, 4336, 2241, 2405, 3093, 7430, 4767, 2974, 2909, 3963, 4795, 3766, 3750, 1561, 1062, 1084, 2575, 2054, 8052, 1607, 1900, 1278, 5101, 3967, 2335, 3729, 3615, 6185, 3580, 2654, 2077, 8872, 1030, 1790, 1216, 5884, 4764, 2699, 1645, 2974, 2425, 7020, 2619, 4871, 2406, 2059, 3721, 1787, 1171, 4706, 3940, 1902, 1977, 2469, 1945, 3241, 2773, 2723, 2525, 4187, 2992, 19291, 6062, 4860)
(45, 207): Mean: 3201.428, median: 2780.0, std: 1754.667, percent: 3184.38, B: 122, W: 128, 
	(3391, 3222, 1376, 2168, 3074, 1511, 1258, 1689, 2115, 3779, 4312, 2589, 2301, 4980, 1174, 1985, 3246, 4748, 4228, 1716, 2285, 3133, 2717, 2581, 882, 5983, 2835, 1081, 3681, 5011, 2488, 1745, 2910, 8595, 3769, 1749, 1671, 1904, 3508, 1941, 925, 2174, 2422, 2007, 3773, 4743, 1221, 3420, 2679, 2063, 3215, 1638, 7432, 1546, 1460, 1693, 4426, 3660, 1520, 2973, 2304, 2682, 2693, 5246, 2879, 5648, 3200, 3137, 4142, 2232, 3001, 1874, 2170, 2641, 3060, 3129, 5282, 3818, 3477, 2757, 7856, 5141, 1885, 3226, 4611, 2112, 3666, 2722, 2137, 3381, 5828, 1916, 2268, 3383, 2820, 792, 4664, 2818, 5671, 1902, 632, 2701, 1664, 1859, 7617, 3864, 2099, 2694, 2599, 1824, 1677, 6364, 3178, 3448, 451, 1880, 1126, 3904, 1725, 1683, 5597, 4633, 3919, 2608, 5947, 2049, 1785, 3170, 2181, 5510, 2635, 3057, 1071, 3677, 6474, 2535, 2380, 2594, 2244, 2211, 4543, 3617, 4714, 3808, 3368, 1512, 3776, 3619, 4057, 2104, 4371, 3589, 7249, 2543, 2404, 1494, 4276, 2614, 2374, 3131, 2254, 1822, 2424, 2773, 4618, 5639, 1331, 2662, 4689, 2578, 4894, 2915, 1995, 3937, 4907, 2953, 2264, 2543, 2011, 3548, 5226, 2204, 3367, 3065, 3640, 4448, 2937, 3922, 2421, 2500, 2726, 7098, 4184, 3215, 2398, 4474, 4584, 3840, 3929, 1496, 934, 1080, 2932, 1758, 8423, 1520, 1606, 1086, 5934, 3263, 1840, 3365, 3507, 6105, 3851, 2693, 1774, 7487, 1022, 1717, 1157, 7251, 5334, 2787, 1578, 3201, 2641, 6727, 2616, 4274, 1853, 2055, 3936, 1851, 1351, 4520, 3617, 1829, 2029, 2114, 2061, 3424, 2678, 2899, 2198, 3450, 2756, 15695, 8304, 4922)
(48, 223): Mean: 3066.592, median: 2758.0, std: 1670.329, percent: 3095.56, B: 163, W: 87, 
	(3058, 3810, 1424, 2167, 2824, 1359, 1330, 1815, 2235, 3886, 4523, 1997, 2079, 4936, 1251, 2046, 2947, 3775, 5057, 1671, 2403, 2895, 2555, 2248, 909, 5439, 3150, 1037, 3883, 4185, 2124, 1597, 2294, 7490, 3643, 1918, 1531, 2173, 3400, 1843, 905, 2185, 1892, 1810, 2948, 4960, 1219, 3723, 2323, 2071, 3197, 1558, 5505, 1503, 1374, 1543, 4746, 3015, 1229, 2750, 2130, 2182, 3203, 4633, 2624, 5435, 3438, 3419, 4484, 2242, 2882, 1733, 1852, 2959, 2915, 3178, 4351, 4029, 3360, 2881, 9399, 4894, 1886, 3060, 4068, 1793, 3755, 2459, 1773, 3235, 5360, 1907, 2286, 3234, 3355, 813, 4456, 2581, 5408, 1872, 677, 2496, 1589, 1837, 7540, 3278, 1875, 2482, 2336, 2006, 1714, 6133, 3199, 3353, 514, 1544, 1033, 3528, 1520, 1614, 4139, 5038, 4269, 2265, 6024, 2273, 1512, 3077, 1844, 4356, 2275, 2584, 1009, 3088, 6425, 2612, 2471, 2396, 2169, 1751, 5242, 3178, 3691, 3776, 2929, 1465, 3481, 3391, 3978, 1975, 3821, 3969, 5645, 2129, 2306, 1132, 4562, 2577, 2130, 3412, 2119, 1632, 2571, 2766, 5132, 5601, 1394, 2407, 4884, 2613, 4528, 2982, 1627, 3720, 4119, 2770, 2277, 2583, 1873, 3882, 4580, 2053, 2902, 3273, 3436, 4804, 2954, 3651, 2240, 2998, 2772, 6956, 3530, 3252, 2491, 4450, 4628, 3611, 3355, 1607, 949, 902, 2910, 1737, 8567, 1435, 1832, 1151, 5586, 3624, 2007, 3301, 3429, 6383, 3295, 2614, 1772, 7310, 903, 1752, 1138, 5359, 4484, 2355, 1417, 2888, 2426, 6011, 2131, 4101, 2054, 1871, 3579, 1944, 1323, 4965, 3424, 1951, 2224, 2497, 1860, 2913, 2280, 3278, 2448, 3880, 2631, 14257, 9022, 3934)
(49, 225): Mean: 2671.064, median: 2429.0, std: 1428.871, percent: 2602.58, B: 223, W: 27, 
	(2996, 3210, 1225, 1896, 2577, 1307, 1142, 1507, 1777, 3733, 3326, 1805, 1691, 4277, 912, 1648, 2902, 3245, 3394, 1437, 1814, 3048, 2573, 2162, 669, 4772, 2391, 983, 3193, 4041, 2817, 1555, 1965, 6282, 2603, 1541, 1209, 1705, 2844, 1822, 696, 2295, 1829, 1500, 2886, 3947, 1129, 3202, 2062, 1783, 2941, 1618, 5415, 1122, 1154, 1354, 3735, 2936, 1179, 2348, 1763, 2356, 2664, 3074, 2595, 4793, 3022, 2523, 3479, 1933, 2361, 1460, 1742, 2005, 2981, 2792, 4193, 3157, 3484, 2546, 7152, 4337, 1402, 2998, 4130, 1424, 3522, 2307, 1838, 3386, 4364, 1646, 2082, 2660, 3248, 569, 2896, 2439, 5034, 1430, 507, 1744, 1222, 1622, 6326, 2736, 1656, 2251, 1970, 1532, 1364, 4421, 3042, 2685, 418, 1321, 954, 3081, 1298, 1166, 4996, 3231, 4052, 2337, 4729, 1811, 1234, 2517, 1383, 3197, 2002, 2406, 846, 3078, 5905, 2091, 1669, 2093, 1513, 1617, 5197, 3226, 3247, 3674, 2877, 1139, 2960, 3389, 3988, 1618, 3503, 3172, 4786, 2543, 1853, 989, 3620, 2334, 1984, 3181, 2073, 1543, 2129, 2673, 4222, 4841, 1121, 2422, 4326, 2050, 3512, 2809, 1698, 3090, 3767, 2584, 2064, 2363, 1678, 3446, 3954, 1780, 2436, 2806, 2939, 3453, 2641, 3549, 2234, 2208, 2403, 5881, 3149, 2557, 2016, 3706, 3585, 3758, 3245, 1457, 869, 862, 2334, 1486, 7255, 1178, 1502, 895, 4900, 3853, 1391, 2988, 3010, 4914, 3028, 2250, 1436, 6586, 694, 1481, 920, 4334, 4866, 2268, 1316, 3233, 2159, 4732, 2264, 3824, 1522, 1740, 3370, 1672, 1082, 4006, 3179, 2034, 1645, 1881, 1379, 3003, 1978, 2681, 2066, 3504, 2713, 12758, 6043, 4297)
(50, 228): Mean: 2682.928, median: 2422.0, std: 1393.885, percent: 2662.94, B: 116, W: 131, 
	(2752, 3224, 1251, 1846, 2596, 1215, 1131, 1565, 1868, 3747, 3680, 1974, 1638, 4815, 917, 1889, 2505, 3515, 3861, 1421, 1830, 2473, 2341, 2094, 728, 4322, 2442, 1007, 3418, 3882, 2194, 1445, 2104, 5762, 3263, 1490, 1272, 1704, 3676, 1923, 716, 1915, 1607, 1416, 3023, 3938, 1191, 2952, 2347, 1694, 2552, 1563, 6086, 1313, 1105, 1175, 4059, 3166, 1322, 2516, 1868, 1998, 2860, 3682, 2510, 4861, 2915, 2386, 3580, 1907, 2631, 1569, 1729, 1982, 2809, 3221, 4093, 3663, 3152, 2244, 7448, 4087, 1386, 2250, 3717, 1392, 3472, 2428, 1865, 3095, 4353, 1789, 2069, 3095, 2778, 720, 3175, 2059, 5089, 1560, 633, 2052, 1207, 1558, 5924, 2587, 1837, 1962, 2354, 1502, 1513, 4807, 2662, 2772, 337, 1465, 982, 3008, 1158, 1384, 4556, 3427, 3673, 2309, 5002, 1723, 1401, 2627, 1586, 3580, 1977, 2531, 945, 3482, 5244, 2089, 1557, 2308, 1684, 1677, 4083, 2612, 3779, 3635, 3113, 1088, 2739, 2964, 3148, 1809, 3899, 3542, 5902, 2416, 1892, 1116, 3090, 2496, 2095, 3083, 2207, 1388, 2049, 2376, 4616, 4859, 1175, 1984, 4414, 2126, 4219, 2831, 1899, 2864, 3871, 2465, 2130, 2502, 1537, 2818, 4174, 1978, 3333, 2765, 2940, 4282, 2334, 4265, 2158, 2383, 2258, 5843, 3171, 2666, 1973, 3434, 4334, 3401, 3374, 1391, 831, 862, 2472, 1485, 6095, 1061, 1617, 1143, 5519, 2907, 1391, 3020, 3232, 5826, 2743, 2480, 1568, 7423, 757, 1523, 869, 4868, 4589, 2214, 1269, 2824, 1924, 4867, 1990, 3830, 1816, 1827, 3488, 1568, 1142, 4119, 3026, 1841, 1644, 1881, 1496, 3361, 2086, 3109, 2050, 3064, 2442, 10514, 6772, 3994)
(52, 238): Mean: 2693.92, median: 2407.0, std: 1439.379, percent: 2609.98, B: 122, W: 128, 
	(3083, 3251, 1119, 1787, 2504, 1242, 1231, 1569, 2019, 3391, 3589, 1984, 1867, 4557, 962, 1635, 2606, 3390, 3871, 1375, 1875, 2449, 2547, 2421, 724, 3565, 3051, 1190, 3728, 3511, 2308, 1757, 2249, 6332, 3333, 1707, 1311, 1722, 3186, 1829, 791, 2292, 1633, 1609, 3128, 3989, 1164, 2782, 2056, 1592, 2745, 1555, 5378, 1204, 1198, 1232, 4437, 3492, 1348, 2616, 1839, 1857, 2596, 3403, 2471, 4368, 3147, 2734, 3486, 1924, 2304, 1739, 1617, 2000, 2918, 2667, 3865, 3456, 3419, 2359, 7558, 3999, 1480, 2852, 3860, 1468, 3616, 2053, 1622, 3322, 4952, 1586, 1981, 2919, 3140, 595, 3501, 2112, 4126, 1609, 627, 1899, 1215, 1780, 6351, 3200, 1653, 2043, 2143, 1469, 1471, 5711, 3038, 3317, 322, 1375, 943, 2772, 1422, 1351, 4405, 3363, 3579, 2194, 4840, 1732, 1303, 2726, 1732, 3543, 1915, 2693, 933, 2948, 4707, 2391, 1934, 2238, 1626, 1470, 4707, 3246, 3874, 3103, 2683, 1147, 3076, 3194, 3734, 1658, 3088, 3242, 6053, 2328, 1899, 1038, 3536, 2326, 1923, 2952, 1842, 1567, 1978, 2740, 4180, 4659, 1120, 2001, 4295, 2191, 3722, 2498, 1569, 3478, 3918, 2210, 2049, 2289, 1580, 3099, 4207, 1945, 3346, 2919, 2880, 4039, 2737, 3582, 1839, 2045, 2403, 5643, 2916, 2555, 2276, 3307, 4356, 3457, 3098, 1476, 965, 856, 2411, 1651, 6436, 1112, 1406, 1094, 5856, 3526, 1452, 3468, 3347, 6041, 2758, 2611, 1512, 6707, 792, 1597, 911, 5599, 4569, 2372, 1336, 2639, 2080, 5783, 1935, 3495, 1458, 1607, 2933, 1681, 1043, 3841, 3015, 1851, 1716, 1940, 1452, 2992, 2079, 3336, 2210, 3385, 2144, 12572, 6147, 3981)
(53, 240): Mean: 2683.708, median: 2379.5, std: 1444.347, percent: 2627.48, B: 120, W: 130, 
	(2872, 3237, 1186, 1876, 2635, 1316, 1032, 1627, 1770, 3235, 3480, 2293, 1911, 4223, 1272, 1727, 2708, 3172, 4355, 1464, 1810, 2575, 2486, 2255, 770, 4300, 2546, 848, 3424, 3151, 2360, 1554, 1901, 6949, 2919, 1474, 1397, 1597, 2885, 1682, 820, 2155, 1800, 1261, 2840, 3426, 1107, 3261, 2088, 1697, 2763, 1603, 5844, 1117, 1120, 1466, 4145, 3078, 1219, 2573, 1995, 2084, 2705, 3297, 2285, 4968, 3022, 2472, 3447, 1914, 2530, 1466, 1641, 2237, 2921, 2758, 3734, 3780, 3590, 2507, 7891, 4306, 1539, 2749, 3974, 1512, 3677, 2483, 1728, 3035, 3935, 1591, 1986, 2756, 3050, 719, 3061, 2233, 5453, 1532, 567, 2014, 1217, 1542, 6038, 2808, 1686, 2255, 2219, 1367, 1462, 4677, 2578, 2573, 364, 1322, 1034, 3122, 1221, 1440, 3949, 3699, 3554, 2156, 4739, 2011, 1217, 2908, 1662, 3143, 2068, 2573, 860, 3341, 5460, 2022, 2006, 2300, 1755, 1571, 4143, 3033, 3596, 3885, 2576, 1186, 3100, 3384, 3468, 1718, 4033, 3485, 6158, 2210, 1872, 1192, 3055, 2509, 2072, 3073, 1920, 1582, 1961, 2339, 4188, 3696, 1126, 2039, 4197, 2296, 3836, 2649, 1710, 3426, 3973, 2247, 1916, 2243, 1688, 3227, 4019, 1924, 3195, 2779, 3046, 3430, 2364, 4157, 1990, 2181, 2407, 6304, 3223, 2325, 2135, 3686, 4285, 3734, 3344, 1204, 827, 779, 2412, 1496, 6628, 1511, 1621, 1032, 4647, 3055, 1449, 2652, 3611, 5018, 3368, 2371, 1603, 6907, 770, 1665, 1085, 5476, 4899, 2272, 1307, 2388, 2241, 4950, 1925, 3583, 1650, 1731, 2839, 1596, 1114, 4186, 2939, 1804, 1722, 2050, 1440, 3081, 2043, 3150, 1915, 3205, 2581, 12598, 6896, 4380)
(54, 243): Mean: 2651.944, median: 2355.0, std: 1438.661, percent: 2651.46, B: 147, W: 103, 
	(2883, 2726, 1158, 2124, 2397, 1202, 1039, 1509, 2011, 3022, 3973, 1720, 1777, 4260, 1025, 1592, 2839, 3609, 3430, 1500, 1968, 2651, 2343, 2125, 675, 3857, 2802, 943, 3403, 3218, 2357, 1456, 1978, 6848, 2963, 1375, 1208, 1680, 2707, 1693, 665, 2109, 1586, 1423, 2500, 3637, 1046, 2613, 2382, 1542, 2639, 1620, 5835, 1239, 1159, 1439, 4042, 3480, 1222, 2735, 2011, 2004, 2401, 3743, 2150, 4213, 2641, 2884, 3276, 1963, 2156, 1871, 1733, 1881, 2842, 2921, 4134, 3796, 3507, 2624, 7162, 4538, 1507, 2428, 4174, 1377, 3244, 2263, 1800, 3030, 5394, 1567, 2176, 2671, 2349, 634, 3048, 2207, 6016, 1830, 615, 2117, 1112, 1520, 6033, 2758, 1612, 1976, 2096, 1510, 1463, 4446, 2806, 2976, 388, 1595, 933, 2768, 1216, 1377, 4640, 3353, 3229, 2360, 4794, 1589, 1232, 2366, 1397, 3504, 1978, 2404, 967, 3089, 6797, 2115, 1754, 2077, 1756, 1662, 4652, 2745, 3356, 3789, 2930, 1155, 2628, 2905, 3368, 1603, 3529, 3103, 5568, 2130, 1889, 1153, 3300, 2466, 1771, 2582, 1923, 1406, 2051, 2242, 4790, 4813, 1236, 2187, 4422, 2118, 3789, 2870, 1742, 2960, 3177, 2004, 1936, 2164, 1608, 3297, 3838, 1927, 3043, 2720, 3916, 4343, 2410, 4020, 2021, 2047, 2164, 6387, 2998, 2257, 2450, 3594, 4178, 3340, 3391, 1337, 799, 831, 2492, 1630, 6060, 1257, 1566, 955, 4783, 2784, 1506, 2617, 3037, 5771, 2763, 2353, 1499, 6909, 782, 1527, 904, 5208, 5214, 1912, 1289, 3001, 2092, 4419, 2050, 3380, 1590, 1690, 2722, 1580, 1004, 3941, 3428, 1828, 1691, 1976, 1558, 3012, 2009, 2956, 2257, 3888, 2420, 11615, 6900, 4288)
(55, 245): Mean: 2686.04, median: 2342.5, std: 1494.486, percent: 2594.32, B: 112, W: 138, 
	(2694, 2873, 1137, 2077, 2867, 1242, 1211, 1319, 2084, 3633, 3645, 1977, 1790, 5062, 1056, 1776, 2248, 3329, 4260, 1506, 1759, 2393, 2594, 2214, 647, 3773, 2529, 974, 3758, 3771, 2337, 1585, 2297, 6292, 3254, 1561, 1304, 1631, 3140, 1777, 735, 1811, 1676, 1415, 2513, 3525, 1192, 2963, 2186, 1585, 2576, 1608, 6228, 1138, 1182, 1351, 3983, 3352, 1216, 2297, 1919, 2062, 2710, 3789, 2626, 4316, 2655, 2495, 3097, 1948, 2282, 1702, 1706, 1979, 2722, 2448, 4153, 3465, 3607, 2730, 8528, 4032, 1562, 2651, 3592, 1373, 3388, 2222, 1751, 3078, 4791, 1397, 2033, 3005, 2629, 666, 3076, 2374, 4385, 1592, 557, 1836, 1141, 1544, 6837, 3598, 1705, 1990, 1852, 1602, 1466, 4907, 2680, 2616, 365, 1394, 965, 3416, 1406, 1222, 4345, 3463, 3290, 2060, 4571, 1777, 1338, 2636, 1615, 3495, 2195, 2307, 933, 3494, 5386, 1928, 1973, 2235, 1665, 1685, 3839, 2939, 3577, 3585, 2765, 1159, 3221, 3381, 3435, 1528, 3877, 3395, 5905, 2248, 2035, 1107, 3201, 2374, 2011, 3848, 1955, 1479, 2182, 2431, 4132, 4283, 983, 2024, 4535, 1921, 3740, 2714, 1881, 3009, 3541, 2264, 1916, 2627, 1495, 3097, 4403, 1668, 2979, 3177, 3454, 4491, 2348, 3494, 2327, 2184, 2242, 5807, 2963, 2265, 2196, 4138, 3780, 3434, 2940, 1412, 909, 889, 2704, 1535, 6128, 1056, 1452, 1033, 4516, 3086, 1403, 2815, 2912, 6075, 3224, 2505, 1342, 6344, 864, 1665, 918, 5141, 4945, 2118, 1378, 3242, 2195, 5499, 1977, 3496, 1546, 1612, 3618, 1625, 1121, 4808, 2822, 1695, 1654, 1878, 1553, 3092, 1990, 2759, 1787, 3478, 2494, 13540, 7062, 4735)
(57, 257): Mean: 2637.072, median: 2283.0, std: 1455.063, percent: 2574.96, B: 142, W: 107, 
	(3633, 2999, 1226, 1778, 2830, 1097, 1055, 1317, 2075, 2961, 3321, 2060, 1654, 4563, 1041, 1614, 2470, 3009, 3926, 1547, 1764, 2677, 2650, 2090, 697, 3859, 2892, 851, 3067, 3579, 2035, 1544, 1956, 5202, 3228, 1503, 1345, 1516, 3033, 1834, 798, 1785, 1549, 1407, 3116, 4015, 1008, 3062, 2096, 1442, 3086, 1426, 5941, 1145, 1215, 1285, 3474, 3303, 1272, 2401, 1790, 1921, 2917, 3696, 2502, 5300, 2755, 2586, 3328, 1881, 2188, 1634, 1876, 2166, 2798, 2720, 4849, 3851, 2971, 2206, 6849, 3696, 1361, 3004, 3546, 1323, 3483, 2109, 1586, 2826, 4038, 1631, 1756, 3528, 3139, 722, 2997, 2069, 4355, 1430, 600, 2063, 1087, 1422, 5276, 2640, 1705, 2031, 2000, 1392, 1414, 4475, 2550, 2873, 471, 1275, 1000, 2954, 1295, 1235, 4056, 3756, 3154, 2300, 4692, 1764, 1256, 3141, 1456, 3197, 1850, 2605, 878, 2808, 4209, 2087, 1864, 2215, 1776, 1614, 4185, 3029, 3511, 3800, 2810, 1189, 2699, 2982, 3384, 1643, 4141, 3161, 6225, 2157, 1878, 1061, 3200, 2338, 1950, 2972, 1808, 1388, 1774, 2703, 3948, 4126, 1039, 1981, 4133, 2109, 3874, 2654, 1777, 3246, 3744, 1919, 2033, 2242, 1564, 3194, 4097, 2050, 2810, 2990, 3541, 3592, 2125, 3468, 2045, 2164, 2366, 7225, 3083, 2684, 1892, 4272, 4260, 3354, 3055, 1239, 858, 758, 2240, 1438, 6323, 1058, 1570, 1086, 5082, 3400, 1381, 3155, 3067, 6547, 3055, 2266, 1502, 6988, 840, 1467, 933, 5801, 4362, 1824, 1228, 2466, 2156, 4053, 2061, 3747, 1571, 2058, 3520, 1633, 999, 3971, 3071, 1968, 1732, 1980, 1310, 3295, 1924, 2724, 1829, 3655, 2385, 12909, 7767, 4229)
(60, 274): Mean: 2629.08, median: 2260.5, std: 1467.348, percent: 2551.92, B: 129, W: 121, 
	(2937, 3176, 1164, 1827, 2837, 1185, 985, 1390, 1970, 3015, 3571, 1900, 1799, 4100, 1008, 1707, 2479, 3159, 3639, 1496, 1667, 2481, 2552, 2079, 716, 4625, 2282, 850, 3878, 3657, 2160, 1479, 2214, 5577, 2781, 1345, 1109, 1677, 3090, 1666, 731, 1915, 1747, 1359, 3005, 3374, 1054, 3641, 1990, 1756, 2720, 1508, 5321, 1230, 1079, 1439, 4132, 3724, 1296, 2860, 1805, 2021, 2516, 3335, 2216, 4880, 2846, 2560, 3713, 1956, 2647, 1568, 1701, 1916, 2984, 2387, 3630, 3668, 3249, 2375, 7343, 3414, 1434, 2184, 3540, 1319, 3118, 1800, 1405, 2662, 4809, 1241, 1863, 2684, 2686, 652, 2915, 1789, 5180, 1543, 572, 1946, 1055, 1413, 6446, 3090, 1742, 1813, 1995, 1341, 1481, 5389, 2713, 2727, 437, 1320, 993, 3246, 1305, 1275, 4243, 3382, 3145, 2267, 4891, 1735, 1367, 2517, 1393, 3455, 1898, 2917, 904, 3427, 5316, 2206, 1901, 2165, 1624, 1487, 4732, 3067, 3492, 3711, 2552, 1149, 2692, 3025, 3306, 1575, 3288, 3255, 5508, 2203, 2093, 1123, 2978, 2250, 1714, 3027, 1687, 1360, 2038, 2287, 4757, 4745, 1090, 2571, 5004, 1988, 3990, 2543, 1430, 3215, 4261, 2183, 2151, 2233, 1768, 2667, 3679, 1717, 2929, 2578, 2714, 4218, 2626, 3813, 1942, 2020, 2243, 6147, 3119, 2430, 2108, 3715, 3805, 3341, 3076, 1312, 771, 790, 2395, 1551, 5594, 1566, 1540, 989, 4819, 3404, 1438, 2968, 3207, 5069, 3177, 2254, 1545, 7404, 837, 1517, 1019, 5165, 4932, 1998, 1182, 2359, 2197, 5366, 1865, 3352, 1648, 1741, 3561, 1495, 1057, 4371, 3044, 1853, 1803, 1934, 1470, 3110, 2010, 3067, 1897, 2972, 2247, 13296, 7028, 3953)
(61, 276): Mean: 2449.476, median: 2142.0, std: 1331.852, percent: 2362.58, B: 186, W: 64, 
	(3276, 3268, 1135, 1774, 2411, 1166, 916, 1211, 2015, 3630, 3383, 2191, 1777, 3456, 988, 1429, 2370, 3376, 3237, 1543, 1694, 2386, 2288, 2060, 609, 3346, 2429, 820, 2986, 2732, 2038, 1383, 1915, 5829, 2858, 1396, 1167, 1402, 2968, 1704, 685, 1802, 1542, 1211, 2428, 3319, 881, 2654, 2080, 1351, 2499, 1472, 5457, 1082, 992, 1019, 3737, 3304, 1164, 2326, 1892, 1680, 2702, 2550, 2602, 4264, 2422, 2018, 3081, 1748, 2044, 1455, 1663, 1928, 3087, 2395, 3943, 3461, 2942, 2147, 6135, 3606, 1417, 2791, 3332, 1287, 3022, 1975, 1477, 2598, 4245, 1424, 2031, 2867, 2744, 654, 2764, 1837, 5567, 1287, 547, 1754, 1079, 1356, 5554, 2874, 1577, 1734, 1845, 1336, 1389, 5058, 2532, 2545, 322, 1321, 919, 3196, 1151, 1565, 3904, 3208, 3426, 1946, 5117, 1764, 1201, 2787, 1360, 2899, 2056, 2307, 800, 3082, 4643, 1810, 1531, 1950, 1616, 1382, 3948, 2732, 3310, 3613, 2524, 1094, 2766, 2746, 3263, 1395, 2705, 3109, 4906, 2002, 1762, 995, 3118, 2297, 1866, 2442, 1715, 1524, 1877, 2421, 3716, 3684, 1049, 2103, 4003, 1839, 3385, 2214, 1450, 2964, 3366, 2055, 2195, 2107, 1498, 2605, 3530, 1639, 2593, 2662, 2482, 3263, 2090, 3187, 1771, 2113, 2117, 4960, 2828, 2407, 1928, 3181, 3688, 3263, 2879, 1236, 784, 681, 2121, 1234, 6308, 1197, 1505, 993, 4427, 2958, 1304, 2486, 3167, 5746, 2634, 2137, 1526, 6039, 676, 1399, 828, 4679, 4313, 1655, 1085, 2309, 1927, 4867, 1918, 3773, 1473, 1568, 3275, 1369, 927, 4150, 2790, 1667, 1686, 2078, 1363, 3361, 1764, 2879, 2090, 3510, 2456, 12021, 6234, 3758)
(68, 316): Mean: 2457.644, median: 2123.0, std: 1362.871, percent: 2365.4, B: 116, W: 133, 
	(2881, 2756, 1059, 1638, 2337, 1058, 964, 1213, 1864, 3229, 3275, 2016, 1429, 3671, 934, 1535, 2513, 2970, 3447, 1301, 1487, 2449, 2124, 2013, 680, 3664, 2592, 962, 3034, 3021, 2067, 1319, 2105, 6359, 3117, 1272, 1081, 1355, 3039, 1734, 677, 1786, 1546, 1177, 2975, 3220, 1007, 3206, 2061, 1619, 2704, 1315, 4698, 1004, 1065, 1139, 3584, 3125, 1015, 2272, 1672, 1905, 2326, 3086, 2378, 4327, 2922, 2555, 3280, 1827, 2076, 1449, 1708, 1871, 2821, 2103, 3442, 2903, 2741, 2079, 7484, 3767, 1497, 2385, 3243, 1340, 3329, 2084, 1401, 2918, 5006, 1462, 1852, 3052, 2887, 555, 3017, 1945, 5241, 1310, 616, 1831, 1034, 1396, 5686, 2632, 1592, 1737, 1778, 1511, 1605, 4611, 2449, 2676, 380, 1166, 989, 2790, 1226, 1264, 3940, 3609, 3329, 1954, 4500, 1685, 1210, 2812, 1137, 3314, 1778, 2181, 871, 2731, 5731, 2009, 1574, 1860, 1648, 1454, 4476, 2914, 3433, 3011, 2099, 1094, 2385, 2725, 3190, 1495, 3135, 3419, 4901, 2160, 1722, 1036, 3064, 2324, 1737, 2605, 1547, 1426, 2069, 2746, 3376, 4584, 1046, 1949, 3927, 1674, 3565, 2233, 1559, 3248, 3245, 2024, 1908, 2122, 1456, 2470, 3695, 1705, 2816, 2294, 2645, 3916, 2223, 3250, 2068, 2152, 2010, 5297, 2313, 2460, 2034, 3667, 3536, 2970, 3015, 1268, 824, 637, 2289, 1361, 5647, 1007, 1540, 915, 4537, 2849, 1387, 2543, 3002, 4857, 2995, 2057, 1361, 5493, 726, 1532, 885, 4930, 3836, 1931, 1123, 2489, 2073, 5539, 1693, 3631, 1380, 1452, 3148, 1504, 989, 4005, 2917, 1701, 1576, 1858, 1252, 3067, 1930, 3181, 2113, 2951, 2179, 12367, 6145, 4273)
(79, 378): Mean: 2363.452, median: 2072.0, std: 1278.457, percent: 2401.56, B: 159, W: 90, 
	(2564, 2362, 1014, 1842, 1897, 1054, 889, 1201, 1701, 2798, 3051, 2070, 1619, 3928, 839, 1496, 2123, 2961, 3682, 1272, 1465, 2443, 1841, 1497, 659, 3558, 2586, 759, 3232, 2623, 2067, 1362, 2058, 5288, 2828, 1309, 1130, 1472, 2927, 1661, 613, 1997, 1398, 1281, 2978, 3586, 985, 2660, 1969, 1448, 2252, 1295, 5440, 1068, 966, 1123, 3595, 3134, 1012, 2173, 1685, 1777, 2349, 3043, 1852, 3674, 2150, 2467, 3508, 2141, 2217, 1307, 1660, 1636, 2871, 2248, 3149, 3063, 2821, 1737, 5687, 3550, 1251, 2420, 3569, 1263, 3234, 2092, 1421, 2999, 4347, 1426, 1864, 3057, 2775, 538, 2380, 1626, 4354, 1312, 592, 1707, 956, 1446, 5541, 2534, 1530, 1674, 1873, 1151, 1419, 4322, 2565, 2074, 311, 1184, 874, 2442, 1096, 1080, 4168, 2668, 3545, 2064, 4299, 1594, 1060, 2375, 1269, 2653, 1841, 2313, 818, 3175, 5570, 1822, 1526, 1849, 1361, 1252, 4518, 2440, 3576, 3484, 2085, 999, 2775, 2721, 3590, 1496, 3234, 2758, 5043, 2293, 2062, 861, 2983, 2202, 1836, 2379, 1762, 1251, 1909, 2349, 3381, 4002, 958, 1944, 4093, 1665, 3758, 2407, 1331, 2885, 3966, 1822, 1832, 2196, 1515, 2737, 3596, 1722, 3070, 2786, 2410, 4295, 2407, 3952, 2048, 1931, 2158, 5254, 2616, 1961, 1945, 2640, 3477, 2955, 2664, 960, 784, 726, 1969, 1255, 6248, 921, 1469, 856, 4027, 2760, 1207, 2601, 2373, 4588, 2546, 1946, 1260, 5527, 706, 1518, 907, 4926, 4088, 1616, 1125, 1926, 1744, 4921, 1741, 3188, 1401, 1376, 3365, 1405, 836, 4221, 2615, 1625, 1309, 1951, 1441, 2894, 1753, 2663, 1889, 3457, 2116, 9981, 6521, 4416)
(80, 382): Mean: 2330.68, median: 2022.5, std: 1292.397, percent: 2304.38, B: 140, W: 108, 
	(2748, 2858, 955, 1637, 2100, 1225, 888, 1167, 1966, 2701, 3073, 2075, 1522, 3792, 783, 1402, 1893, 2811, 3542, 1161, 1472, 2236, 1874, 1739, 639, 3887, 2348, 855, 3397, 2986, 1831, 1128, 1875, 5693, 2548, 1187, 1036, 1499, 2616, 1552, 631, 1732, 1479, 1106, 2048, 3678, 985, 2589, 2259, 1401, 2254, 1293, 5115, 936, 940, 1129, 3217, 2942, 1071, 2318, 1633, 1780, 2452, 2511, 2112, 3817, 2482, 2084, 3946, 1801, 1837, 1345, 1517, 1775, 2550, 2301, 3273, 3352, 3123, 1652, 5754, 3334, 1174, 2138, 3451, 1226, 2951, 2015, 1334, 2869, 3832, 1159, 1747, 2693, 2801, 554, 3136, 2030, 3860, 1297, 488, 1858, 881, 1227, 5319, 2592, 1523, 1604, 1762, 1136, 1312, 4408, 2392, 2201, 350, 1041, 885, 2798, 1163, 1300, 4576, 2772, 3338, 1924, 3821, 1603, 1089, 2072, 1435, 2852, 1632, 2616, 784, 3010, 4934, 1798, 1492, 1843, 1508, 1406, 4221, 2886, 3076, 3289, 2161, 971, 2758, 2989, 3105, 1395, 3227, 3267, 4371, 2392, 1834, 954, 3059, 2303, 1623, 2298, 1397, 1242, 1686, 2426, 3161, 4098, 986, 1898, 4318, 1523, 3798, 2351, 1134, 2898, 3760, 1909, 1956, 2129, 1331, 2587, 3611, 1585, 2670, 2563, 2664, 3694, 1680, 3178, 1681, 1815, 1979, 5318, 2535, 1779, 1917, 3754, 3596, 3919, 2902, 1112, 837, 603, 1997, 1315, 5677, 940, 1319, 885, 4059, 3085, 1183, 2791, 2565, 5073, 2681, 1988, 1288, 5611, 670, 1473, 835, 5104, 4355, 1811, 1008, 2231, 1605, 3932, 1733, 3265, 1482, 1482, 3304, 1365, 836, 3550, 2712, 1580, 1489, 1674, 1361, 2562, 1741, 2965, 1808, 3433, 2091, 11504, 5623, 4207)
(82, 390): Mean: 2293.896, median: 1997.5, std: 1265.129, percent: 2288.2, B: 143, W: 107, 
	(2770, 2772, 1005, 1569, 2042, 1017, 1011, 1091, 1805, 2916, 3560, 2541, 1630, 3714, 894, 1690, 2114, 2642, 3265, 1145, 1397, 2433, 1741, 1566, 553, 3164, 2330, 853, 3479, 3338, 2218, 1246, 1914, 5452, 2712, 1234, 974, 1451, 2561, 1548, 689, 1656, 1390, 1042, 2198, 2982, 891, 2532, 2104, 1385, 2025, 1173, 4327, 929, 1044, 1142, 3333, 2878, 1003, 2386, 1590, 1626, 2099, 2732, 1880, 3562, 2249, 2246, 3083, 1827, 1876, 1265, 1827, 1648, 2649, 2329, 3499, 2781, 2868, 2081, 6313, 3480, 1253, 1970, 3382, 1252, 3083, 1971, 1270, 2601, 5318, 1238, 1703, 2915, 2672, 571, 2766, 1563, 4744, 1392, 575, 1781, 893, 1356, 6050, 2297, 1559, 1910, 1715, 1315, 1279, 4492, 2299, 2060, 375, 1166, 777, 2704, 1157, 1180, 4228, 2831, 3148, 1891, 4406, 1575, 1080, 1997, 1384, 2645, 1794, 2331, 781, 3120, 5024, 1772, 1504, 1893, 1318, 1377, 3940, 2607, 2907, 3283, 2309, 838, 2327, 2443, 3143, 1516, 2826, 3718, 4453, 2029, 1858, 875, 2488, 2353, 1616, 1998, 1444, 1230, 1697, 2245, 3605, 4332, 1015, 2049, 3932, 1713, 3133, 1992, 1241, 2797, 3545, 1843, 1991, 1935, 1417, 2519, 4003, 1553, 2674, 2982, 2194, 3605, 1934, 3186, 1946, 1903, 2001, 4271, 2424, 1866, 1956, 3742, 3651, 3816, 2808, 1002, 737, 682, 2038, 1189, 5034, 863, 1335, 843, 4179, 2974, 1080, 2508, 2775, 4689, 2113, 1922, 1111, 4938, 622, 1450, 738, 5293, 3508, 1791, 1007, 2349, 1968, 4046, 1583, 3187, 1391, 1278, 2854, 1284, 841, 4039, 2927, 1673, 1536, 1627, 1495, 2623, 1494, 2522, 1763, 3065, 2018, 10783, 6079, 4232)
(83, 396): Mean: 2255.048, median: 1978.0, std: 1191.676, percent: 2198.9, B: 135, W: 114, 
	(2832, 3069, 1006, 1366, 2184, 1024, 947, 1123, 1789, 3191, 2917, 1990, 1648, 3617, 754, 1441, 2274, 2588, 2858, 1194, 1459, 2171, 1921, 1579, 555, 3041, 2701, 789, 3269, 3027, 1857, 1310, 2000, 5350, 2822, 1142, 921, 1457, 2229, 1585, 603, 1732, 1399, 1034, 2455, 3047, 867, 2489, 2016, 1391, 2501, 1289, 5128, 931, 927, 1076, 3259, 2968, 1004, 2318, 1606, 1959, 2130, 2374, 2115, 4212, 2070, 2146, 3035, 1677, 2199, 1392, 1666, 1644, 2597, 2488, 3035, 2928, 2774, 1893, 5127, 3181, 1123, 1955, 3119, 1315, 3522, 1889, 1438, 2517, 3979, 1137, 1557, 2636, 2345, 503, 2564, 1879, 4138, 1373, 461, 1652, 919, 1238, 4878, 2353, 1453, 1627, 1691, 1241, 1405, 3879, 2481, 2393, 331, 1168, 882, 2777, 1064, 1176, 4268, 2772, 2931, 1872, 4408, 1436, 1076, 1850, 1258, 2373, 1600, 2643, 672, 2718, 5000, 1597, 1712, 1804, 1442, 1419, 4243, 2623, 3368, 3279, 2288, 892, 2342, 2702, 3107, 1295, 2891, 3290, 4643, 1788, 1719, 974, 2649, 1970, 1599, 2128, 1584, 1262, 1679, 2309, 3270, 4725, 866, 1979, 3658, 1831, 3224, 1983, 1308, 2778, 3227, 1777, 1979, 2273, 1459, 2545, 3672, 1574, 2815, 2419, 2113, 3808, 1820, 2859, 1776, 1887, 1844, 5260, 2684, 1799, 1837, 3229, 3182, 3258, 2988, 1043, 778, 661, 1977, 1202, 5512, 962, 1371, 814, 3531, 3055, 1144, 3278, 2848, 4341, 2372, 1903, 1111, 6296, 671, 1467, 789, 4607, 3879, 1700, 951, 2021, 1955, 3758, 1673, 3217, 1244, 1426, 3681, 1383, 891, 3688, 2574, 1656, 1442, 1735, 1413, 2628, 1597, 2820, 1776, 2859, 2198, 9092, 5481, 4373)
(84, 402): Mean: 2285.664, median: 1975.0, std: 1260.303, percent: 2294.18, B: 113, W: 137, 
	(2728, 3126, 913, 1541, 2215, 987, 1006, 1135, 1618, 3250, 3379, 1687, 1461, 3462, 830, 1508, 2045, 2893, 3017, 1175, 1406, 2547, 1909, 1636, 580, 3419, 2299, 880, 3859, 2831, 1870, 1259, 1664, 5673, 2373, 1425, 1141, 1296, 2307, 1703, 601, 1796, 1370, 1114, 2232, 3376, 845, 2990, 1980, 1276, 2506, 1308, 4196, 888, 959, 1011, 3343, 2839, 1136, 2091, 1599, 1742, 2199, 3081, 1946, 4076, 2153, 2207, 3676, 1950, 2135, 1358, 1426, 1500, 2759, 2206, 3124, 2986, 3097, 2073, 5233, 3153, 1189, 2246, 3583, 1245, 3429, 1926, 1418, 2922, 3469, 1368, 1634, 2758, 2718, 590, 2515, 1691, 4050, 1209, 515, 1838, 1023, 1240, 4486, 2483, 1555, 1683, 1740, 1283, 1239, 4382, 2436, 2126, 305, 1194, 1026, 2588, 1223, 1136, 4101, 2890, 3137, 1916, 4383, 1515, 1064, 1909, 1257, 2622, 1606, 2631, 777, 3383, 4862, 1725, 1635, 1920, 1448, 1303, 4218, 3094, 2789, 2976, 2088, 956, 2132, 2474, 2755, 1506, 2651, 3363, 4186, 2097, 1598, 906, 2928, 2488, 1654, 2492, 1614, 1257, 1739, 2453, 3064, 3821, 939, 1911, 4588, 1595, 3862, 1970, 1231, 3021, 3341, 1937, 1739, 1920, 1269, 3092, 3516, 1703, 2620, 2438, 2228, 3535, 2542, 3370, 1642, 1963, 2174, 5034, 2372, 1908, 2007, 3384, 3054, 2719, 2432, 1036, 823, 681, 2004, 1219, 6209, 923, 1273, 850, 4047, 2916, 1207, 2755, 2737, 5205, 2254, 2011, 1225, 5080, 641, 1307, 803, 6227, 3481, 1654, 995, 1893, 1652, 4219, 1858, 3339, 1226, 1540, 2717, 1388, 765, 4005, 2618, 1637, 1490, 1596, 1271, 2749, 1741, 2900, 1832, 3008, 1930, 11162, 5639, 4189)
(89, 431): Mean: 2357.508, median: 1954.5, std: 1636.671, percent: 2297.84, B: 126, W: 122, 
	(2932, 3031, 936, 1526, 1920, 1060, 926, 1250, 1705, 3182, 2809, 2587, 1776, 3755, 858, 1375, 1955, 2731, 2732, 1144, 1435, 2224, 1919, 1408, 610, 3649, 2514, 837, 3092, 3080, 1831, 1191, 1930, 6842, 2578, 1513, 1040, 1450, 2364, 1424, 620, 1753, 1373, 1020, 2100, 3596, 877, 2737, 2183, 1422, 2487, 1173, 4354, 918, 1109, 1090, 3438, 3324, 1044, 2181, 1531, 1877, 2444, 2446, 1822, 3827, 2981, 1896, 3338, 1623, 2074, 1410, 1498, 1831, 2621, 1951, 3721, 3054, 3079, 1876, 6420, 3469, 1177, 2087, 3374, 1209, 2912, 2150, 1405, 2827, 4022, 1183, 1768, 2540, 2118, 551, 2659, 1663, 3940, 1393, 493, 18387, 820, 1416, 5748, 2661, 1470, 1651, 1841, 1431, 1276, 3730, 2442, 2030, 404, 992, 919, 2652, 1056, 1029, 3771, 2601, 2877, 1719, 4270, 1567, 1093, 2109, 1257, 2756, 1777, 2182, 698, 2694, 4495, 1592, 1516, 1795, 1541, 1343, 4950, 2388, 2718, 3257, 2124, 901, 2360, 2834, 3240, 1382, 2612, 3064, 4320, 1871, 1664, 951, 3274, 2283, 1617, 1887, 1489, 1282, 1825, 2391, 3545, 3646, 849, 1753, 3409, 1748, 3164, 2054, 1493, 3023, 3441, 1935, 1954, 2507, 1390, 2582, 3993, 1473, 2693, 2925, 2212, 3881, 2051, 3485, 1821, 1922, 1999, 5206, 2635, 1668, 1917, 3493, 3462, 2747, 2344, 934, 752, 681, 1954, 1194, 7014, 1154, 1221, 828, 3987, 2821, 1072, 2672, 2942, 4722, 2275, 2007, 1305, 5172, 672, 1220, 802, 5000, 3807, 1657, 1011, 2450, 1718, 5002, 1716, 3179, 1562, 1422, 2922, 1289, 856, 4033, 2613, 1801, 1421, 1793, 1285, 2977, 1612, 2708, 1664, 3025, 2073, 10625, 5707, 4156)

Test:
No precond: Mean: 2497.424, median: 2306.5, std: 1181.093, percent: 2469.5, flag: 0 
	(3795, 5289, 1445, 797, 1056, 1346, 2571, 8275, 2182, 1039, 2955, 2189, 1158, 3839, 3026, 1683, 594, 2924, 2657, 3223, 3003, 2194, 2092, 4489, 1086, 1038, 2593, 3530, 2226, 3031, 3604, 1711, 2215, 2151, 1199, 668, 5177, 5466, 3940, 1241, 2087, 3303, 1724, 2990, 2796, 2804, 4521, 1763, 2926, 3464, 2894, 2216, 2769, 812, 1059, 5890, 2654, 5275, 2990, 1452, 3016, 3165, 1785, 1826, 1441, 2132, 2996, 2113, 2871, 1919, 2468, 1452, 2831, 2094, 1466, 3065, 1893, 3403, 2281, 1836, 2451, 2364, 3530, 2440, 3637, 1856, 3503, 4305, 798, 5276, 2296, 1731, 869, 2049, 3111, 4340, 2166, 2341, 3080, 2607, 2798, 3011, 4531, 2443, 1629, 2607, 55, 960, 2516, 1973, 2554, 3012, 3304, 1919, 4999, 2190, 2385, 3673, 1593, 1619, 2975, 3000, 2696, 2286, 2604, 1616, 2655, 1105, 1765, 171, 2306, 2704, 2306, 1037, 2527, 866, 1863, 1122, 2571, 2063, 3391, 1132, 2334, 3754, 1967, 2165, 1622, 2229, 2200, 2167, 2450, 2944, 1432, 2019, 2202, 2081, 2307, 955, 1851, 3870, 2927, 2387, 2235, 3570, 3237, 3022, 3206, 4534, 1079, 1157, 2649, 1924, 2311, 4100, 4785, 4409, 2445, 2681, 1861, 4774, 986, 1077, 1652, 1571, 3029, 1227, 4943, 1955, 2873, 1485, 1115, 2293, 3144, 1430, 1117, 2089, 2223, 2307, 2910, 3764, 4301, 1564, 1692, 2917, 3234, 5660, 2097, 3654, 2485, 3376, 2337, 1809, 1608, 2387, 883, 3621, 1986, 2151, 3161, 1167, 1551, 1654, 1889, 5520, 2011, 2833, 5352, 2367, 1865, 4774, 2094, 1845, 1077, 1404, 4290, 1558, 1152, 2904, 1682, 1543, 1312, 2323, 2793, 1126, 1552, 2426, 5686, 1867, 1233, 3130)

Jacobi: Mean: 2080.844, median: 1867.0, std: 1085.82, percent: 2078.66, BvN: 236, WvN: 14, flag: 0 
	(3623, 4679, 1305, 441, 898, 956, 2225, 7504, 1862, 848, 2366, 1735, 974, 3036, 3265, 1231, 418, 2364, 2407, 3091, 2427, 2434, 1748, 3235, 860, 699, 3067, 3153, 1679, 2795, 2423, 1360, 1930, 1995, 754, 347, 4213, 4429, 3472, 805, 1935, 2487, 1267, 2308, 2507, 2461, 3263, 1360, 2913, 2654, 2033, 1797, 1960, 615, 656, 4473, 1821, 5016, 2555, 1245, 2491, 2528, 1421, 1550, 1146, 1541, 2345, 1695, 2011, 1546, 2173, 1012, 2426, 1992, 1147, 3013, 1252, 3508, 1844, 1786, 2327, 1792, 3784, 2772, 3273, 1692, 2636, 3523, 629, 4053, 1858, 1180, 721, 1567, 3146, 3202, 1859, 1669, 2831, 2624, 2523, 2595, 2855, 2142, 1454, 2342, 49, 746, 1777, 1387, 1990, 2969, 2695, 1385, 5087, 1719, 2157, 4368, 1276, 1198, 2123, 2970, 2325, 1679, 1954, 1174, 1840, 729, 1433, 152, 1922, 2323, 1745, 722, 1930, 777, 1353, 869, 1686, 1283, 3378, 884, 1583, 3464, 1214, 1751, 1281, 1681, 1737, 1599, 2171, 2514, 910, 1803, 2062, 1537, 1364, 822, 1408, 3154, 2603, 1681, 2481, 3236, 3043, 2562, 2586, 3917, 906, 956, 2411, 1471, 1865, 3248, 3620, 3459, 2444, 1913, 1677, 3800, 897, 960, 1426, 1196, 2678, 983, 3209, 1367, 2321, 1063, 818, 2169, 3037, 1365, 808, 1889, 1652, 1851, 2354, 3119, 4192, 1301, 1164, 2488, 2106, 5058, 1553, 3418, 2177, 3130, 2038, 1982, 1263, 1525, 733, 3357, 1640, 1741, 2704, 1027, 1507, 1157, 1500, 3700, 1845, 2348, 6967, 1869, 1511, 3379, 1686, 1918, 800, 1013, 3258, 986, 1091, 2150, 1331, 1031, 975, 1989, 2358, 999, 1325, 2141, 4564, 1195, 970, 3046)

Last: Mean: 2090.144, median: 1942.0, std: 1066.383, percent: 2018.52, BvN: 226, WvN: 24, BvJ: 114, WvJ: 132, flag: 0 
	(4821, 4594, 1368, 517, 994, 1009, 2735, 7883, 1945, 765, 2523, 1744, 885, 3026, 3106, 1241, 447, 2293, 2435, 2808, 2199, 2251, 1985, 3420, 866, 888, 2959, 2902, 1885, 2576, 2617, 1534, 1877, 1991, 820, 307, 3761, 4129, 3052, 969, 1949, 2199, 1296, 2058, 2625, 2226, 3667, 1561, 2837, 2387, 2028, 1713, 2205, 652, 687, 3618, 1941, 4778, 2443, 1245, 2031, 2362, 1397, 1674, 886, 1453, 2131, 1410, 2157, 1548, 2089, 1184, 2349, 1750, 919, 3096, 1234, 3304, 2069, 1883, 2764, 2109, 3299, 2885, 3147, 1867, 2878, 3365, 589, 3751, 2052, 1391, 697, 1603, 3272, 3162, 2009, 1847, 2639, 2659, 2496, 2913, 2472, 2275, 1425, 2228, 51, 844, 1927, 1307, 1916, 2748, 2383, 1421, 5170, 1670, 1890, 3449, 1419, 1370, 2287, 2550, 2423, 2083, 2295, 1242, 1617, 773, 1523, 139, 1942, 2293, 1902, 887, 2088, 761, 1531, 960, 1723, 1629, 4251, 1023, 1714, 3584, 1214, 2014, 1329, 1453, 1743, 1724, 2591, 2578, 1059, 1948, 1942, 1422, 1557, 708, 1741, 2865, 2396, 1685, 2347, 3569, 3532, 2968, 2407, 3620, 844, 902, 2394, 1633, 1802, 2988, 3682, 3798, 2089, 2228, 1490, 3224, 897, 976, 1342, 1260, 2590, 977, 2704, 1485, 2112, 1107, 876, 2310, 3004, 1299, 844, 1761, 1801, 1932, 2629, 4133, 4509, 1281, 1095, 2264, 2216, 5631, 1533, 2823, 1883, 2930, 2022, 1470, 1232, 1556, 759, 3172, 1676, 1850, 2608, 1027, 1686, 1139, 1535, 4095, 1611, 2239, 5537, 1950, 1628, 3600, 1742, 1541, 761, 1050, 3691, 1059, 998, 2700, 1426, 1030, 939, 2300, 2280, 998, 1786, 2055, 4800, 1203, 973, 3375)

Best: Mean: 2089.992, median: 1934.0, std: 1057.99, percent: 2045.32, BvN: 226, WvN: 24, BvJ: 116, WvJ: 134, flag: 0 
	(4058, 4699, 1339, 502, 1050, 1133, 2246, 6675, 1803, 782, 2424, 1772, 956, 2702, 3044, 1211, 477, 2531, 2178, 3427, 2511, 2082, 1922, 3397, 915, 796, 2988, 3011, 1748, 3090, 2463, 1511, 2063, 1901, 768, 386, 3779, 5996, 3266, 897, 1856, 2219, 1250, 2013, 2602, 2196, 3490, 1471, 2624, 2721, 1876, 1879, 2370, 624, 778, 4213, 2013, 4864, 2454, 1472, 2194, 2270, 1381, 1626, 1014, 1754, 2052, 1471, 2321, 1398, 2261, 1133, 2339, 1946, 993, 3046, 1433, 2837, 1958, 1780, 2231, 2415, 3196, 2897, 3001, 1670, 2994, 3653, 767, 4011, 1798, 1428, 702, 1725, 3213, 3069, 2062, 1613, 2481, 2701, 2417, 3062, 2566, 2149, 1636, 2164, 48, 804, 2086, 1403, 2386, 3098, 2306, 1365, 5944, 1741, 1818, 3636, 1470, 1499, 2346, 2983, 2482, 1709, 1983, 1146, 1491, 755, 1442, 161, 1610, 2203, 2056, 713, 2171, 754, 1551, 950, 1897, 1519, 3368, 870, 1726, 3817, 1278, 1983, 1326, 1480, 1819, 1563, 2289, 2582, 944, 1871, 2217, 1443, 1566, 739, 1811, 2809, 2401, 1663, 2378, 3054, 2855, 2573, 2827, 3350, 872, 821, 2678, 1566, 1774, 3018, 3438, 3852, 2011, 2120, 1510, 3498, 1027, 941, 1355, 1337, 2562, 995, 3052, 1562, 2312, 987, 840, 2194, 2739, 1335, 763, 1790, 1521, 1951, 2412, 3423, 5132, 1281, 1134, 2927, 2198, 4387, 1452, 2685, 2041, 3072, 2305, 1855, 1271, 1645, 725, 2931, 1702, 1876, 2790, 1051, 1413, 1131, 1638, 3374, 1597, 2343, 5628, 2142, 1668, 3992, 1762, 1793, 878, 975, 3788, 1082, 1019, 2130, 1329, 1195, 998, 2098, 2342, 901, 1335, 2177, 5222, 1453, 891, 3048)

Last Coef List
{1: array([-0.03933653, -0.00430495, -0.02755096, -0.02823177, -0.03411607,
        0.00128302, -0.0420458 ,  0.00485096, -0.01410958, -0.00813344])}

Best Coef List
{1: array([-0.03933653, -0.00430495, -0.02755096, -0.017528  , -0.03411607,
        0.00128302, -0.0420458 ,  0.00485096, -0.00890022, -0.00813344])}

Run time: 6654.178761652671
