
13/04/2026, 10:09:05
Config file: ./config/config_sign_1_diags_1.ini
Data:
	1d_laplace_size: 45
	amount: 250
	params: 1 0.3
	seed: 1
	dim: 2025
Solver:
	tol: 1e-10
	max_iteration: None
Learn:
	iteration_count: 200
	step_range: 0.1
	method: sign
	seed: 1
	change_scales: 1 0.5 0.25
	allow_disimprovement: True
	median_best_scale: 0.5
	mean_best_scale: 0.5
Precondition:
	par_list: 1 1
	diag_list: 1 -1
	num_coef: 2
	type: diag_shift
	diag: jacobi

Train:
(0, 3): Mean: 3785.788, median: 3464.0, std: 1877.364, percent: 3660.56, B: 250, W: 0, 
	(2370, 2414, 2574, 4980, 4313, 3800, 3550, 5120, 3061, 4353, 4173, 5322, 5473, 2700, 1995, 3019, 5698, 4878, 7419, 3404, 2237, 3937, 2039, 3653, 2377, 1707, 5051, 1719, 1645, 3998, 5432, 3510, 3243, 1601, 2064, 4225, 3411, 2482, 4488, 3348, 3274, 1929, 817, 3182, 4574, 2746, 4501, 3201, 3091, 3145, 4439, 7039, 2603, 4329, 5008, 4147, 2476, 4586, 8365, 6150, 3491, 4521, 5379, 2345, 4178, 4205, 4512, 1827, 11068, 2972, 3311, 1791, 6804, 3576, 7158, 8755, 3618, 3873, 3829, 2544, 4354, 3406, 4194, 6013, 2918, 3786, 4307, 1703, 2984, 5641, 4383, 2859, 5021, 2200, 2816, 3884, 1700, 4362, 3270, 3898, 1046, 2077, 1283, 3495, 3392, 4102, 1871, 2418, 5176, 2545, 4267, 5178, 2807, 7109, 3538, 6212, 4431, 2420, 3171, 8578, 3136, 2700, 2930, 3488, 8948, 4602, 12382, 4167, 8942, 4088, 2437, 1510, 2164, 2489, 3190, 1720, 6196, 1361, 3557, 3317, 2918, 5537, 2992, 3550, 5780, 5374, 4601, 3687, 2954, 1327, 3295, 3137, 2332, 3449, 3965, 2495, 2692, 2936, 3561, 2544, 4942, 3098, 1903, 3689, 2024, 3054, 7596, 3764, 4970, 2283, 7001, 3284, 5236, 2720, 6476, 2930, 2831, 3433, 5073, 2866, 1973, 3822, 3690, 3479, 9050, 4720, 2644, 3844, 3842, 7787, 2156, 3998, 1573, 2366, 3973, 2845, 2024, 2573, 3841, 3747, 7939, 1563, 964, 1762, 1963, 3383, 4401, 4177, 4721, 3638, 1926, 3793, 2757, 3763, 989, 3582, 2686, 1349, 9162, 2134, 4964, 2579, 2102, 2457, 2530, 765, 2957, 7132, 4463, 4549, 949, 6174, 7979, 2344, 8503, 1438, 4772, 3733, 1542, 6390, 2205, 2450, 2534, 2133, 5979, 1648, 8054, 4039, 3075, 2829)
(1, 4): Mean: 2931.74, median: 2700.0, std: 1435.002, percent: 2911.28, B: 240, W: 10, 
	(2652, 1787, 1942, 3552, 3834, 2798, 2461, 4214, 2386, 3923, 3540, 3546, 3498, 2300, 1628, 3118, 4615, 3894, 6622, 2612, 1894, 2717, 1771, 2919, 1878, 1414, 3498, 1451, 1128, 3069, 4060, 3229, 2607, 990, 1458, 3601, 3507, 1860, 3503, 2699, 2895, 1470, 582, 2576, 2866, 2118, 3170, 2158, 2576, 2715, 3035, 4551, 2064, 2924, 3754, 4276, 1718, 3726, 4899, 5712, 2522, 3623, 4631, 1789, 3796, 3273, 3227, 1287, 6678, 2033, 2387, 1185, 4825, 2779, 3792, 7458, 3259, 3731, 2737, 2137, 2851, 2835, 3161, 6073, 2404, 2719, 4333, 1194, 2701, 4347, 3218, 2454, 4318, 2603, 1984, 3230, 1528, 3280, 2030, 3310, 699, 1814, 1068, 3860, 2514, 2952, 1362, 1679, 4357, 2164, 3722, 3546, 2071, 6131, 2699, 5039, 3072, 1493, 2649, 7770, 2517, 2072, 2362, 2887, 5958, 3150, 7946, 3007, 6845, 5173, 2112, 1004, 1924, 2173, 2437, 1517, 3318, 1236, 3119, 1992, 2241, 4349, 2600, 2872, 7112, 4115, 3461, 2936, 2342, 1079, 2240, 2167, 1855, 2993, 2890, 1722, 2678, 2400, 2505, 1812, 3210, 1913, 1565, 2998, 1588, 1940, 6908, 2989, 4184, 1819, 5476, 2472, 3296, 1996, 4251, 2582, 2550, 2474, 3975, 2266, 1837, 3148, 2117, 3295, 7999, 3913, 1822, 3160, 2825, 5179, 1742, 2848, 1197, 1813, 2782, 2030, 1258, 2103, 2733, 3064, 5261, 1167, 816, 1399, 1798, 2299, 3649, 3553, 3608, 2446, 1328, 3311, 2184, 3018, 869, 2567, 2126, 1230, 7481, 1503, 4897, 1844, 1565, 1395, 1900, 631, 2338, 5781, 3157, 3348, 692, 4110, 5586, 1859, 5520, 850, 3326, 3120, 1129, 5011, 1513, 2152, 1921, 1818, 3632, 1308, 4323, 3091, 2608, 2119)
(2, 6): Mean: 2574.404, median: 2396.5, std: 1257.681, percent: 2557.0, B: 220, W: 29, 
	(2242, 1496, 1451, 3022, 3735, 2851, 2190, 3428, 2161, 3064, 2883, 4099, 3259, 1899, 1298, 2184, 3967, 3727, 4464, 2480, 1476, 2693, 1257, 2523, 1531, 1119, 3156, 1170, 1178, 2747, 4164, 2671, 2279, 981, 1421, 3241, 2692, 1711, 2454, 2112, 2483, 1333, 450, 2179, 2978, 2136, 2837, 2230, 2844, 2262, 2993, 4689, 2064, 2619, 3698, 3433, 1525, 3136, 4567, 4429, 2017, 2864, 4327, 1911, 2840, 2941, 2465, 1080, 7308, 1857, 2290, 1005, 4322, 2637, 3663, 5264, 3086, 2446, 2833, 1722, 2906, 2338, 3272, 4351, 2136, 2301, 3053, 1015, 2522, 3418, 2579, 2045, 3836, 1627, 2056, 2535, 1129, 3061, 1985, 2596, 559, 1587, 744, 2210, 2194, 2775, 1394, 1555, 3770, 1900, 2843, 4326, 1873, 5633, 2217, 4357, 3064, 1486, 2291, 6205, 2376, 1754, 1967, 2770, 4830, 3037, 7081, 2923, 5259, 2505, 1826, 855, 1864, 1774, 2301, 1388, 2500, 1092, 2582, 1917, 2121, 3377, 2183, 2642, 5219, 3470, 2860, 2854, 2021, 567, 1512, 1953, 1383, 2728, 2645, 1608, 2138, 2127, 2786, 1485, 3079, 1866, 1304, 2774, 1371, 1949, 5989, 2787, 3518, 1620, 5258, 2413, 3090, 1921, 3732, 2024, 2398, 2177, 3693, 1796, 1513, 3264, 2057, 2489, 5983, 3391, 1621, 2829, 2319, 4894, 1536, 2597, 1150, 1416, 2886, 1902, 1145, 1843, 2596, 2729, 4599, 999, 676, 1330, 1473, 2230, 3366, 3154, 2938, 2395, 1259, 2794, 1413, 2710, 766, 2354, 1859, 1121, 6606, 1235, 3854, 1148, 1437, 1375, 1632, 521, 1851, 6339, 3701, 2588, 560, 4532, 5003, 1524, 5708, 717, 3027, 3385, 1032, 4549, 1251, 1581, 1786, 1422, 3793, 1053, 4403, 2699, 2621, 2050)
(3, 8): Mean: 2332.572, median: 2152.0, std: 1164.045, percent: 2298.68, B: 214, W: 36, 
	(2350, 1387, 1429, 2445, 2743, 2582, 2013, 3107, 1752, 2879, 2699, 3361, 2975, 1923, 1077, 1776, 3386, 3446, 5414, 1860, 1368, 2149, 1079, 2506, 1329, 990, 2891, 1136, 1028, 2984, 3595, 2439, 1906, 842, 1141, 3160, 2415, 1473, 2429, 2018, 2060, 1313, 444, 2195, 2489, 1761, 2523, 2155, 1971, 2059, 2409, 4963, 1861, 2224, 3264, 2976, 1389, 2578, 3819, 4297, 1751, 2217, 3972, 1406, 2601, 2750, 2724, 998, 6141, 1652, 2095, 994, 4390, 2311, 4159, 6109, 2483, 2933, 2370, 1611, 2260, 1779, 2900, 4711, 2184, 2242, 2861, 933, 1980, 2630, 2736, 2060, 3885, 1343, 2047, 2384, 1037, 2807, 1802, 2537, 499, 1438, 726, 2146, 2089, 2311, 1231, 1378, 3587, 1840, 2398, 3040, 1885, 5055, 2105, 3764, 2807, 1258, 1886, 4487, 1927, 1773, 1781, 2514, 4371, 3054, 6125, 2412, 5784, 2706, 1771, 753, 1455, 1617, 1948, 1264, 2296, 911, 2098, 1700, 2128, 4144, 2148, 2394, 3864, 2724, 2601, 2363, 2077, 603, 1649, 1605, 1380, 2496, 2712, 1491, 1852, 1861, 2593, 1326, 2767, 1573, 1195, 2343, 1341, 1523, 5869, 2727, 3597, 1431, 4650, 2165, 2648, 1504, 3344, 1936, 2205, 2402, 3871, 1653, 1398, 2342, 1928, 2165, 4963, 3212, 1521, 2353, 2311, 4119, 1190, 2484, 1048, 1367, 2263, 1801, 959, 1818, 2502, 2671, 5473, 994, 652, 1073, 1546, 2023, 2401, 2695, 2982, 2025, 1177, 2362, 1322, 2569, 698, 1929, 1529, 808, 6221, 1245, 3493, 1191, 1341, 1074, 1657, 485, 1696, 5267, 2656, 2261, 485, 4273, 4121, 1430, 4854, 715, 3006, 2828, 875, 3974, 1048, 1504, 1483, 1411, 3498, 1018, 3252, 2174, 2128, 1844)
(4, 10): Mean: 1758.228, median: 1665.5, std: 821.973, percent: 1724.34, B: 250, W: 0, 
	(1678, 960, 1040, 1879, 2409, 2008, 1517, 2457, 1332, 2355, 2003, 2552, 2242, 1517, 706, 1683, 2351, 2218, 3337, 1417, 990, 1736, 880, 1663, 1008, 828, 2371, 1015, 770, 1931, 3246, 1749, 1452, 572, 903, 2798, 1758, 1252, 1979, 1399, 1527, 1002, 365, 1847, 2102, 1283, 1943, 1431, 1575, 1827, 1804, 2785, 1366, 1858, 2305, 2282, 1093, 2307, 3199, 2820, 1404, 2078, 2814, 1270, 1806, 2318, 2017, 725, 4621, 1331, 1591, 640, 3262, 1705, 2555, 4225, 1963, 2160, 1663, 1195, 1944, 1608, 1788, 2861, 1561, 1738, 2017, 661, 1496, 2422, 1873, 1297, 2762, 1088, 1462, 2186, 819, 2372, 1568, 1778, 351, 1106, 603, 1706, 1465, 1691, 929, 1023, 2348, 1336, 1987, 2118, 1473, 3077, 1580, 2698, 1903, 877, 1668, 3348, 1453, 1323, 1383, 2016, 3319, 2087, 4310, 2305, 4041, 1976, 1328, 543, 1110, 1110, 1706, 871, 1557, 685, 1634, 1262, 1365, 3063, 1679, 2154, 3782, 2033, 2208, 1662, 1621, 517, 1003, 1190, 1054, 2072, 1851, 1199, 1369, 1344, 1707, 1075, 2156, 1268, 893, 2092, 1069, 1289, 3324, 1890, 2660, 1117, 3541, 1268, 1852, 1349, 3293, 1422, 1697, 1861, 2989, 1337, 1230, 2055, 1330, 1696, 4291, 2522, 1151, 2040, 1820, 2969, 941, 1724, 812, 1096, 1457, 1413, 751, 1403, 2010, 1960, 3500, 758, 488, 939, 1000, 1410, 2092, 2351, 2748, 1758, 887, 1857, 1119, 2155, 573, 1367, 1301, 720, 4016, 913, 2970, 940, 1053, 790, 1388, 372, 1439, 3931, 1965, 1821, 402, 2346, 3081, 1125, 3252, 522, 1942, 1987, 764, 3151, 951, 1112, 1125, 1110, 2449, 779, 2470, 1985, 1368, 1397)
(5, 16): Mean: 1755.168, median: 1642.0, std: 829.881, percent: 1714.42, B: 132, W: 117, 
	(1507, 980, 1098, 1948, 2193, 2129, 1359, 2505, 1668, 2157, 1882, 3009, 2086, 1480, 753, 1747, 2543, 2298, 3402, 1661, 879, 1584, 864, 1643, 1064, 810, 2180, 922, 813, 2190, 2801, 1960, 1559, 546, 899, 2797, 1711, 1219, 2113, 1689, 1436, 901, 362, 1627, 2014, 1250, 1988, 1444, 1460, 1654, 1738, 2870, 1376, 1778, 2881, 2328, 1134, 2273, 3200, 3162, 1390, 2163, 2805, 1206, 2024, 2079, 1950, 739, 4181, 1399, 1553, 698, 2990, 1570, 2441, 4700, 1847, 2046, 1644, 1280, 2160, 1646, 1915, 3530, 1494, 1673, 1849, 602, 1641, 2068, 2092, 1541, 3012, 1023, 1236, 2089, 827, 2113, 1508, 1782, 320, 1211, 534, 1816, 1471, 1566, 991, 1002, 2624, 1340, 1789, 2157, 1444, 3454, 1715, 2395, 1795, 722, 1564, 4185, 1556, 1319, 1405, 1899, 3110, 2044, 3527, 2018, 3843, 1981, 1350, 608, 1187, 1071, 1767, 879, 1579, 736, 1893, 1217, 1472, 2922, 1764, 2014, 3223, 2122, 1937, 1854, 1426, 443, 884, 1171, 1034, 2085, 1777, 1410, 1416, 1246, 1592, 1058, 2208, 1129, 902, 1998, 1097, 1465, 3308, 1847, 2434, 1117, 3735, 1310, 1837, 1299, 2561, 1554, 1561, 2026, 2285, 1342, 1243, 1940, 1218, 1788, 4400, 2602, 1141, 2282, 1706, 3180, 1172, 1801, 775, 1034, 1594, 1253, 787, 1500, 1942, 1916, 3090, 693, 457, 965, 1145, 1593, 1991, 2073, 2327, 1800, 810, 2025, 1012, 1957, 545, 1448, 1292, 586, 4415, 939, 2835, 1051, 932, 756, 1304, 353, 1416, 4128, 2198, 1927, 561, 2766, 3296, 1096, 3450, 498, 2162, 1840, 670, 3319, 865, 1122, 1082, 1092, 2722, 723, 2625, 1618, 1465, 1504)
(6, 21): Mean: 1744.236, median: 1643.5, std: 820.49, percent: 1734.24, B: 133, W: 116, 
	(1438, 1062, 1076, 2106, 2371, 1968, 1424, 2587, 1402, 2009, 1695, 2586, 2781, 1672, 776, 1642, 2489, 2525, 2958, 1495, 954, 1850, 871, 1476, 1060, 760, 2018, 930, 777, 1946, 2946, 2084, 1443, 555, 909, 2604, 1684, 1111, 1930, 1604, 1623, 994, 326, 1787, 1846, 1384, 1934, 1585, 1307, 1443, 1822, 2806, 1239, 1947, 2734, 2227, 1051, 2451, 3042, 2970, 1384, 1957, 2984, 1295, 2228, 2038, 1855, 763, 4193, 1438, 1550, 656, 2987, 1666, 3217, 4373, 1878, 1911, 1655, 1326, 1809, 1646, 1805, 3016, 1458, 1494, 2072, 668, 1640, 2281, 2170, 1435, 3236, 957, 1349, 2276, 882, 2108, 1397, 1829, 375, 1263, 481, 1746, 1385, 1645, 905, 1128, 2314, 1253, 1742, 2194, 1336, 3450, 1766, 2606, 1897, 914, 1634, 4082, 1583, 1204, 1393, 1949, 3429, 2068, 3707, 2213, 3882, 1769, 1300, 572, 1253, 1179, 1782, 920, 1686, 830, 1690, 1186, 1319, 3007, 1669, 1966, 3611, 2246, 1823, 1934, 1430, 383, 1076, 1085, 975, 2018, 2050, 1200, 1400, 1267, 1666, 1236, 2218, 1212, 859, 2028, 1020, 1345, 3609, 1751, 2375, 1221, 3416, 1438, 1879, 1390, 3077, 1348, 1634, 1940, 2426, 1318, 1150, 1956, 1265, 1772, 4011, 2205, 1118, 2010, 1611, 3188, 1001, 1956, 719, 1010, 1461, 1367, 757, 1445, 1818, 1799, 3026, 694, 472, 908, 984, 1379, 2052, 2238, 2655, 1715, 813, 1930, 1105, 1817, 540, 1563, 1323, 608, 4321, 918, 2436, 1031, 967, 842, 1212, 375, 1481, 3810, 1969, 1647, 412, 2632, 3241, 1117, 3867, 536, 2025, 1834, 696, 2836, 943, 1071, 1019, 1060, 2479, 846, 2744, 1950, 1419, 1332)
(7, 27): Mean: 1720.436, median: 1570.5, std: 811.693, percent: 1684.3, B: 145, W: 105, 
	(1457, 978, 1039, 1823, 2095, 1803, 1410, 2472, 1368, 2322, 1795, 2651, 2336, 1460, 779, 1633, 2804, 2422, 3457, 1442, 1008, 1663, 848, 1576, 1019, 827, 2186, 895, 836, 2165, 3173, 1731, 1594, 532, 877, 3075, 1634, 1175, 2065, 1358, 1559, 945, 391, 1531, 1874, 1301, 1808, 1548, 1201, 1744, 1850, 2436, 1348, 1852, 2560, 2479, 1155, 2289, 3611, 2987, 1425, 1863, 2895, 1275, 2208, 2241, 1835, 751, 3844, 1297, 1591, 672, 3257, 1651, 2662, 4365, 1723, 1857, 1605, 1274, 1692, 1742, 1609, 2996, 1500, 1534, 2083, 611, 1514, 2143, 1871, 1507, 2383, 1002, 1308, 1777, 859, 1966, 1474, 1959, 335, 1208, 495, 1797, 1429, 1563, 890, 1142, 2529, 1186, 1814, 2072, 1361, 3433, 1565, 3080, 1852, 765, 1777, 3139, 1429, 1252, 1361, 1962, 3257, 2365, 3710, 1954, 3523, 1903, 1242, 478, 1246, 1108, 1595, 799, 1513, 923, 1503, 1259, 1479, 3005, 1562, 1963, 3266, 2128, 2192, 2003, 1580, 464, 896, 1299, 1040, 1867, 2013, 1140, 1310, 1311, 1643, 1097, 2193, 998, 887, 1842, 1018, 1291, 3791, 1880, 2603, 1150, 3721, 1381, 1890, 1488, 2666, 1337, 1551, 1778, 2328, 1432, 1145, 1758, 1389, 1689, 3958, 2329, 1000, 2272, 1704, 3269, 1092, 1998, 713, 926, 1345, 1366, 781, 1314, 1753, 1706, 3587, 714, 438, 932, 1096, 1459, 2017, 1994, 2315, 1648, 742, 2130, 1083, 1999, 502, 1530, 1298, 509, 4364, 957, 2475, 941, 903, 894, 1271, 387, 1355, 3832, 2344, 2018, 420, 2812, 2897, 1118, 3241, 541, 2139, 1606, 659, 3272, 932, 1125, 1127, 976, 2261, 707, 2394, 1496, 1459, 1316)
(8, 33): Mean: 1677.78, median: 1567.5, std: 792.124, percent: 1662.66, B: 147, W: 101, 
	(1321, 907, 987, 2056, 2193, 1921, 1643, 2202, 1187, 2181, 1835, 2851, 2355, 1375, 807, 1560, 2172, 2559, 3301, 1668, 1099, 1638, 762, 1645, 1059, 794, 2145, 875, 704, 1789, 2635, 1687, 1466, 473, 831, 2387, 1700, 1039, 2024, 1364, 1452, 987, 342, 1702, 1886, 1194, 1989, 1308, 1204, 1512, 1745, 2676, 1246, 1934, 2335, 2564, 1042, 2124, 3039, 3232, 1291, 2206, 2916, 1167, 1678, 2073, 1915, 716, 4827, 1297, 1549, 651, 3083, 1701, 2293, 4219, 1985, 2034, 1913, 1312, 1585, 1805, 1859, 3047, 1596, 1512, 2064, 631, 1575, 2003, 1759, 1350, 2275, 1015, 1388, 2093, 823, 1947, 1407, 1833, 415, 1162, 535, 1441, 1431, 1591, 836, 1043, 2491, 1265, 1862, 2529, 1303, 3088, 1527, 2687, 1600, 791, 1370, 3263, 1253, 1109, 1368, 1624, 2929, 2027, 3537, 2104, 3450, 1796, 1228, 479, 1179, 1112, 1547, 822, 1357, 704, 1652, 1215, 1340, 3109, 1502, 1718, 3431, 2134, 1881, 1745, 1445, 375, 1009, 1114, 934, 1919, 1844, 1235, 1352, 1387, 1627, 1147, 2166, 1156, 918, 1653, 1064, 1299, 3394, 1820, 2590, 1097, 3364, 1319, 2109, 1273, 2888, 1295, 1475, 1809, 2450, 1219, 1134, 1766, 1342, 1582, 4183, 2266, 1000, 2141, 1606, 2888, 1024, 2107, 714, 961, 1497, 1206, 784, 1292, 1621, 1890, 2761, 766, 461, 938, 1000, 1475, 2105, 1955, 2486, 1710, 818, 1841, 1078, 1971, 498, 1417, 1173, 624, 3736, 896, 2421, 966, 972, 698, 1216, 444, 1323, 3587, 2154, 1845, 473, 2598, 3489, 1075, 3922, 527, 2021, 1812, 620, 2710, 888, 1033, 1007, 1005, 2048, 709, 2216, 1872, 1405, 1245)
(9, 39): Mean: 1647.124, median: 1553.5, std: 740.796, percent: 1636.78, B: 141, W: 109, 
	(1509, 982, 934, 2107, 2351, 1802, 1401, 2291, 1251, 2028, 1656, 2300, 2260, 1434, 917, 1656, 2400, 2086, 3182, 1520, 1054, 1565, 856, 1525, 1067, 773, 2056, 802, 696, 2444, 2690, 1649, 1312, 458, 747, 2457, 1590, 1101, 1784, 1399, 1376, 1027, 362, 1664, 1742, 1348, 1745, 1421, 1209, 1595, 1750, 2608, 1273, 1892, 2136, 2238, 960, 1946, 3125, 2683, 1260, 2076, 2835, 1215, 1908, 2062, 1776, 779, 4312, 1287, 1354, 599, 3058, 1473, 2317, 4192, 1877, 1761, 1858, 1345, 1945, 1679, 1658, 3178, 1436, 1539, 1970, 655, 1623, 2274, 1721, 1409, 2603, 1004, 1210, 1937, 802, 1980, 1546, 1775, 441, 1030, 534, 2049, 1312, 1628, 857, 997, 2783, 1195, 1753, 2389, 1327, 2826, 1341, 2349, 1732, 803, 1592, 3391, 1251, 1291, 1423, 1857, 2910, 2309, 3242, 1920, 3021, 1802, 1236, 522, 1164, 1115, 1446, 774, 1428, 915, 1759, 1232, 1338, 2835, 1622, 1774, 2794, 2108, 2074, 1862, 1474, 432, 726, 1217, 1008, 1779, 1788, 1101, 1316, 1328, 1761, 1089, 2292, 1045, 822, 1766, 1001, 1377, 2786, 1640, 2386, 1200, 3296, 1347, 1768, 1245, 2691, 1324, 1453, 1676, 2455, 1185, 1045, 1908, 1264, 1552, 3478, 2062, 1116, 2071, 1589, 2483, 1043, 1974, 685, 1211, 1588, 1188, 739, 1347, 1606, 1555, 2979, 722, 452, 828, 1022, 1592, 1982, 1921, 2329, 1479, 812, 1882, 1045, 1875, 524, 1520, 1198, 622, 3905, 917, 2571, 797, 909, 906, 1179, 349, 1359, 3620, 2284, 1769, 430, 2341, 3350, 1098, 3520, 516, 1975, 1668, 728, 2712, 839, 1099, 1176, 1059, 2430, 854, 2105, 1661, 1477, 1283)
(10, 45): Mean: 1664.48, median: 1552.5, std: 776.839, percent: 1687.3, B: 125, W: 123, 
	(1529, 853, 1103, 1834, 2407, 1707, 1457, 2594, 1226, 2281, 1783, 2820, 2315, 1585, 842, 1509, 2628, 2369, 3181, 1385, 921, 1586, 791, 1662, 1130, 697, 2189, 787, 629, 1869, 2603, 1620, 1454, 537, 747, 2645, 1552, 1072, 1716, 1436, 1394, 970, 300, 1652, 1910, 1420, 1907, 1418, 1519, 1591, 1591, 2847, 1403, 1896, 2295, 2202, 983, 1876, 2689, 2848, 1231, 2126, 2864, 1125, 1830, 2085, 1691, 688, 4357, 1105, 1595, 615, 2862, 1633, 2434, 3919, 1610, 1860, 1719, 1236, 1756, 1614, 1646, 3170, 1553, 1524, 1955, 633, 1444, 2374, 1749, 1296, 2793, 953, 1320, 1865, 802, 2158, 1422, 1722, 339, 1119, 472, 1562, 1373, 1557, 818, 1023, 2441, 1172, 1947, 2161, 1319, 3827, 1322, 2442, 1908, 816, 1463, 3123, 1333, 1171, 1327, 1575, 3035, 1945, 3910, 1845, 3257, 1925, 1181, 518, 1178, 1235, 1397, 779, 1520, 729, 1852, 1104, 1375, 2673, 1474, 1832, 3448, 2464, 1994, 1756, 1287, 446, 1018, 1182, 943, 1962, 1820, 1161, 1336, 1543, 1659, 1148, 1994, 1038, 906, 1758, 1037, 1280, 3059, 1799, 2874, 1105, 3035, 1252, 1756, 1442, 3068, 1318, 1648, 1823, 2556, 1304, 1095, 1899, 1391, 1577, 3656, 2144, 1071, 2149, 1570, 2505, 1009, 1858, 854, 987, 1420, 1352, 803, 1408, 1526, 2054, 2766, 763, 474, 901, 1020, 1524, 2102, 2044, 2169, 1672, 816, 2017, 1095, 2029, 505, 1359, 1172, 570, 3979, 943, 2726, 886, 845, 916, 1115, 382, 1419, 3869, 2137, 1642, 365, 2793, 3114, 1225, 3510, 462, 2106, 1627, 677, 2914, 730, 1142, 1071, 1000, 2411, 785, 2050, 1713, 1354, 1197)
(13, 62): Mean: 1781.944, median: 1628.0, std: 841.333, percent: 1781.32, B: 59, W: 191, 
	(1621, 958, 1141, 1898, 2908, 1668, 1549, 2526, 1462, 2349, 1564, 2700, 2186, 1680, 869, 1694, 2607, 2134, 3375, 1454, 1000, 1715, 880, 1490, 1149, 820, 1989, 930, 776, 1870, 2864, 1923, 1622, 571, 900, 2385, 1824, 1337, 1949, 1627, 1502, 1093, 402, 1570, 1864, 1502, 2071, 1561, 1296, 1626, 1880, 2513, 1508, 2291, 2307, 2587, 1042, 2326, 3480, 3084, 1645, 1926, 2822, 1207, 2084, 2195, 1940, 752, 3983, 1275, 1480, 687, 3076, 1717, 2933, 4324, 1800, 1967, 1718, 1331, 1887, 1832, 1775, 3739, 1721, 1654, 2337, 750, 1692, 2616, 1823, 1560, 3036, 1185, 1417, 2121, 857, 2394, 1399, 1885, 317, 1212, 558, 1596, 1315, 1629, 874, 1129, 2377, 1266, 1970, 2227, 1362, 3576, 1567, 3093, 1757, 759, 1687, 3664, 1486, 1349, 1392, 2021, 3446, 2162, 4028, 2033, 3745, 1924, 1362, 498, 1165, 1111, 1615, 921, 1612, 779, 1669, 1236, 1517, 3372, 1645, 1846, 3162, 2507, 2412, 1772, 1575, 411, 1043, 1206, 1061, 1874, 1840, 1090, 1489, 1557, 1651, 1226, 2400, 1130, 911, 1771, 1218, 1421, 4201, 1615, 2682, 1141, 3641, 1302, 1848, 1548, 3232, 1550, 1638, 2034, 3354, 1321, 1166, 1953, 1503, 1622, 3881, 2751, 1072, 2221, 1694, 2932, 1237, 1931, 834, 1070, 1550, 1370, 793, 1290, 1913, 1770, 3816, 737, 445, 931, 1097, 1666, 2019, 2114, 2607, 1833, 952, 1719, 1013, 2115, 537, 1564, 1422, 840, 4003, 955, 2474, 1070, 902, 739, 1383, 400, 1305, 4327, 2100, 1982, 412, 2720, 4053, 1110, 2939, 552, 1984, 1625, 753, 3089, 941, 1163, 1047, 1292, 2486, 747, 2545, 1981, 1484, 1229)
(14, 66): Mean: 1654.5, median: 1570.5, std: 774.735, percent: 1642.54, B: 194, W: 56, 
	(1460, 906, 1070, 1918, 2216, 1573, 1400, 2766, 1283, 2080, 1724, 2153, 2343, 1509, 771, 1701, 2406, 2184, 3289, 1513, 1334, 1672, 826, 1465, 1072, 801, 1974, 860, 722, 2037, 2490, 1679, 1410, 500, 779, 2582, 1545, 1030, 1861, 1489, 1411, 889, 371, 1669, 1835, 1374, 1828, 1568, 1245, 1597, 1938, 2768, 1203, 1896, 2266, 2352, 1058, 1953, 2811, 3030, 1219, 1903, 2350, 1133, 1836, 2106, 1631, 703, 4337, 1501, 1591, 614, 2583, 1494, 2434, 4641, 1899, 1705, 1772, 1278, 1586, 1621, 1608, 3150, 1508, 1446, 2070, 589, 1608, 2036, 1695, 1352, 2428, 984, 1267, 1873, 791, 1754, 1303, 1859, 404, 1210, 510, 1567, 1274, 1613, 763, 981, 2744, 1216, 1883, 2159, 1291, 2808, 1424, 2735, 1745, 852, 1581, 3471, 1208, 1148, 2220, 2038, 2852, 2263, 3715, 1936, 4009, 1684, 1156, 445, 1255, 1035, 1425, 769, 1554, 681, 2048, 1160, 1277, 2658, 1466, 1888, 2780, 2201, 2022, 1926, 1504, 385, 1059, 1170, 927, 1858, 1649, 1069, 1260, 1383, 1736, 1127, 2146, 1125, 901, 1748, 979, 1448, 3249, 1763, 2287, 1108, 3384, 1222, 1798, 1279, 2457, 1316, 1646, 1700, 2578, 1387, 1019, 1978, 1264, 1584, 3876, 2254, 1013, 2007, 1703, 2625, 984, 1631, 699, 968, 1506, 1197, 750, 1344, 1543, 1597, 3295, 679, 459, 884, 976, 1424, 1830, 1992, 2425, 1608, 711, 1873, 1019, 1874, 552, 1631, 1355, 641, 3423, 930, 2465, 943, 854, 790, 1106, 327, 1344, 4062, 2438, 1881, 382, 2492, 3367, 1109, 2978, 553, 1828, 1692, 672, 3305, 810, 1025, 1134, 911, 2087, 771, 2476, 1685, 1365, 1239)
(18, 89): Mean: 1676.26, median: 1578.5, std: 771.323, percent: 1647.4, B: 111, W: 138, 
	(1266, 857, 1002, 2028, 2219, 1774, 1459, 2740, 1307, 2358, 1856, 2666, 2087, 1635, 936, 1692, 2612, 2079, 3380, 1581, 1356, 1448, 885, 1485, 1034, 798, 2014, 855, 675, 1734, 3021, 1651, 1496, 484, 795, 2014, 1689, 1110, 1715, 1443, 1460, 1130, 366, 1535, 1868, 2301, 1966, 1467, 1788, 1477, 1685, 2589, 1327, 1815, 2177, 2430, 1173, 2202, 2677, 3936, 1457, 2125, 2820, 1227, 1872, 2400, 1872, 702, 5107, 1314, 1508, 629, 2981, 1750, 2402, 3805, 1648, 1749, 1745, 1411, 1910, 1607, 1859, 3127, 1576, 1515, 2193, 693, 1587, 2466, 1776, 1444, 2197, 1013, 1239, 1903, 772, 2195, 1314, 2056, 317, 1161, 494, 1587, 1367, 1589, 757, 980, 2198, 1253, 1655, 2194, 1245, 3130, 1517, 2278, 1798, 845, 1541, 3861, 1392, 1233, 1403, 1886, 3019, 2037, 3492, 1865, 3163, 1962, 1167, 562, 1147, 1144, 1493, 795, 1524, 740, 1753, 1273, 1451, 2921, 1471, 1760, 3108, 2211, 2201, 1623, 1466, 440, 936, 1084, 1037, 1706, 1865, 1055, 1362, 1340, 1500, 1070, 2365, 1212, 874, 1883, 1040, 1265, 2864, 1664, 2790, 1158, 2968, 1270, 1767, 1347, 2646, 1295, 1621, 2105, 2472, 1222, 1049, 1817, 1340, 1745, 3557, 2465, 1047, 1925, 1631, 2355, 1035, 1807, 731, 1005, 1585, 1233, 855, 1283, 1575, 1665, 2854, 697, 442, 884, 899, 1418, 1774, 2111, 2327, 1654, 840, 2063, 1104, 2181, 499, 1397, 1204, 608, 3934, 917, 2654, 934, 843, 796, 1232, 365, 1293, 3064, 2292, 1805, 418, 2506, 3148, 1283, 3668, 569, 2069, 1768, 657, 2921, 815, 1033, 1138, 992, 2075, 769, 2233, 1822, 1313, 1255)
(19, 95): Mean: 1660.792, median: 1548.0, std: 755.824, percent: 1694.12, B: 129, W: 121, 
	(1489, 878, 1023, 1709, 2155, 1978, 1441, 2541, 1260, 2172, 1646, 2469, 2411, 1584, 893, 1521, 2654, 2078, 3216, 1602, 1099, 1452, 801, 1655, 973, 805, 1982, 890, 691, 1860, 2762, 1842, 1343, 549, 810, 2234, 1531, 1141, 1677, 1493, 1390, 1018, 303, 1537, 1798, 1465, 1673, 1390, 1743, 1647, 1879, 2479, 1419, 1912, 2074, 2677, 1063, 2071, 2778, 3076, 1256, 1824, 2466, 1141, 2065, 2041, 1569, 698, 3769, 1214, 1386, 731, 3541, 1512, 2318, 4069, 1988, 2114, 1711, 1197, 1622, 1492, 1650, 2681, 1398, 1493, 1938, 593, 1611, 2148, 1644, 1437, 2535, 863, 1212, 2012, 813, 2076, 1221, 1585, 392, 1141, 522, 1588, 1461, 1733, 860, 1071, 2385, 1176, 1967, 2444, 1189, 3174, 1506, 2421, 1820, 704, 1343, 2994, 1344, 1153, 1330, 1698, 3107, 1960, 3216, 2006, 3245, 1726, 1107, 500, 1140, 1112, 1527, 782, 1539, 853, 1889, 1293, 1344, 3370, 1664, 1572, 3065, 2650, 1964, 1962, 1441, 397, 910, 1283, 1051, 1973, 1883, 1184, 1368, 1282, 1704, 1101, 2019, 1129, 908, 1984, 1027, 1286, 3144, 1837, 2698, 1071, 3333, 1345, 1826, 1350, 2696, 1633, 1408, 1920, 2510, 1249, 1185, 1941, 1335, 1517, 3678, 2556, 928, 2186, 1744, 2636, 1125, 1659, 701, 1014, 1509, 1212, 770, 1366, 1557, 1909, 3104, 738, 465, 924, 1014, 1606, 1763, 1976, 2674, 1616, 821, 1907, 1017, 1954, 514, 1563, 1242, 537, 4086, 955, 2729, 889, 884, 775, 1193, 356, 1408, 3573, 2104, 1821, 365, 2884, 3331, 1004, 2876, 539, 1988, 1586, 678, 2933, 801, 1161, 971, 1005, 2113, 851, 2510, 1937, 1450, 1184)
(21, 106): Mean: 1655.648, median: 1543.5, std: 760.753, percent: 1651.04, B: 136, W: 114, 
	(1485, 917, 1077, 1758, 2326, 1848, 1510, 3152, 1225, 2342, 1804, 2703, 2289, 1562, 779, 1391, 2499, 2266, 3427, 1460, 1245, 1663, 822, 1491, 939, 773, 2135, 926, 747, 1935, 2674, 1582, 1402, 453, 756, 2473, 1685, 1042, 1663, 1774, 1447, 912, 353, 1494, 1841, 1397, 1893, 1413, 1522, 1501, 1569, 2499, 1204, 1854, 2165, 2222, 1116, 1869, 3333, 3100, 1260, 1778, 2553, 1242, 1906, 2004, 1758, 699, 4839, 1378, 1438, 663, 3402, 1555, 2462, 4219, 1830, 1925, 1806, 1343, 1735, 1770, 1630, 3445, 1583, 1658, 1731, 562, 1696, 2253, 1757, 1283, 2459, 1076, 1209, 1733, 802, 2306, 1530, 1803, 439, 1261, 463, 1525, 1406, 1600, 807, 1021, 2197, 1276, 1930, 2320, 1282, 2998, 1430, 2403, 1965, 803, 1545, 3464, 1315, 1118, 1441, 1911, 2515, 2250, 3162, 1757, 3058, 1845, 1191, 532, 1009, 1094, 1542, 775, 1572, 851, 1775, 1199, 1200, 3232, 1372, 1777, 2880, 2314, 2062, 1677, 1400, 321, 1279, 1032, 1046, 1877, 1768, 1159, 1276, 1398, 1642, 1095, 1983, 992, 799, 1585, 1012, 1423, 3134, 1798, 2353, 1209, 3032, 1402, 1791, 1326, 2487, 1403, 1468, 1822, 2399, 1258, 1067, 1585, 1342, 1545, 3939, 2221, 1020, 2286, 1411, 2718, 1108, 1934, 743, 980, 1452, 1113, 751, 1426, 1688, 1801, 2858, 687, 527, 876, 1071, 1560, 2004, 1918, 2457, 1653, 781, 1715, 1083, 1924, 570, 1451, 1175, 687, 3721, 962, 2505, 966, 850, 805, 1286, 366, 1299, 3388, 2172, 1609, 355, 2690, 3043, 1068, 3091, 558, 1999, 1831, 650, 2887, 867, 1138, 1081, 1072, 2192, 829, 2094, 1530, 1401, 1165)
(23, 116): Mean: 1657.228, median: 1540.0, std: 774.316, percent: 1612.52, B: 132, W: 116, 
	(1605, 899, 1069, 2134, 2011, 1831, 1527, 2836, 1208, 2105, 1822, 2473, 2241, 1468, 743, 1851, 2344, 2292, 3769, 1583, 1003, 1464, 900, 1635, 971, 745, 2200, 929, 712, 1974, 2872, 1600, 1442, 574, 857, 2508, 1712, 963, 1578, 1347, 1416, 976, 353, 1600, 1761, 1374, 1914, 1364, 1331, 1510, 1779, 2485, 1256, 1832, 2180, 2465, 1048, 2021, 2761, 3071, 1307, 1983, 2368, 1153, 1879, 2022, 1715, 751, 4565, 1287, 1553, 655, 2782, 1765, 2442, 4464, 1825, 1944, 1731, 1439, 1869, 1579, 1669, 2970, 1391, 1503, 2087, 642, 1467, 2103, 1650, 1317, 2287, 994, 1396, 2103, 817, 2069, 1469, 1807, 340, 1048, 471, 1352, 1495, 1456, 862, 1029, 2677, 1261, 1604, 2052, 1335, 3260, 1578, 2651, 1801, 751, 1511, 3292, 1251, 1223, 1296, 1764, 2692, 2142, 3941, 1636, 3355, 1816, 1200, 534, 1194, 1092, 1434, 781, 1687, 729, 2056, 1440, 1378, 3053, 1460, 1684, 2775, 1954, 1907, 1673, 1425, 375, 1040, 1133, 992, 1795, 1695, 1146, 1318, 1279, 1712, 1229, 2094, 1269, 869, 1758, 929, 1463, 3036, 1827, 2228, 1077, 3164, 1328, 2047, 1246, 2781, 1429, 1492, 1913, 2321, 1194, 1064, 1910, 1097, 1703, 4121, 2140, 1014, 1960, 1989, 2700, 1159, 1832, 714, 950, 1470, 1154, 691, 1290, 1610, 1732, 2636, 712, 452, 930, 971, 1577, 1882, 2232, 2262, 1499, 839, 2210, 1012, 1820, 519, 1456, 1198, 557, 3716, 864, 2390, 924, 869, 788, 1134, 340, 1293, 3447, 2488, 1800, 400, 2245, 3934, 1014, 3201, 517, 1904, 1601, 650, 3209, 817, 1132, 970, 1039, 2312, 808, 2175, 1834, 1495, 1243)
(33, 175): Mean: 1653.004, median: 1522.5, std: 771.308, percent: 1615.16, B: 120, W: 127, 
	(1528, 925, 1002, 1787, 2173, 2031, 1407, 2553, 1254, 2328, 1717, 2674, 2149, 1354, 845, 1439, 2465, 2013, 3308, 1468, 1208, 1517, 790, 1590, 968, 838, 2170, 829, 702, 1964, 2577, 1625, 1394, 481, 762, 2525, 1660, 1102, 1683, 1347, 1426, 984, 333, 1587, 1998, 1373, 1989, 1517, 1350, 1682, 1635, 2451, 1383, 1798, 2131, 2227, 966, 2065, 3366, 2838, 1441, 2021, 2531, 1099, 1742, 2172, 1687, 713, 5197, 1300, 1491, 627, 3432, 1470, 2695, 4115, 1854, 1584, 1807, 1326, 1811, 1626, 1700, 3357, 1477, 1593, 1958, 670, 1551, 2242, 1794, 1234, 2577, 982, 1273, 2103, 800, 2051, 1325, 1785, 326, 1249, 491, 1606, 1358, 1652, 886, 1091, 2205, 1207, 1821, 2204, 1243, 3052, 1471, 2219, 1753, 832, 1415, 3358, 1305, 1090, 1464, 1808, 2647, 1994, 3883, 1954, 3313, 1884, 1212, 491, 1148, 1205, 1412, 855, 1396, 732, 1980, 1206, 1389, 2712, 1437, 1760, 2864, 2038, 1961, 1935, 1491, 397, 932, 1088, 935, 1796, 1941, 1167, 1313, 1363, 1552, 1243, 2175, 994, 871, 1734, 993, 1528, 3858, 1670, 2938, 1128, 3139, 1328, 1737, 1267, 2639, 1377, 1363, 1801, 2819, 1391, 1136, 1791, 1129, 1535, 3185, 2249, 1027, 1901, 1619, 2410, 1102, 1699, 726, 1027, 1254, 1270, 774, 1385, 1611, 1775, 2670, 714, 444, 901, 1038, 1351, 1892, 1948, 2294, 1623, 848, 2070, 911, 2006, 518, 1368, 1338, 638, 3449, 906, 2486, 935, 823, 838, 1208, 382, 1327, 4043, 2229, 1742, 439, 2358, 3037, 1122, 3070, 504, 2147, 1920, 572, 2958, 913, 1156, 1162, 1044, 1929, 748, 2418, 1543, 1420, 1300)
(37, 198): Mean: 1641.788, median: 1523.0, std: 740.5, percent: 1665.6, B: 130, W: 119, 
	(1481, 871, 972, 1802, 2526, 1680, 1357, 2384, 1331, 2147, 1726, 2537, 2340, 1414, 799, 1371, 2611, 2545, 3316, 1408, 1003, 1605, 793, 1652, 1017, 782, 2061, 889, 654, 1918, 2557, 1617, 1470, 537, 795, 2385, 1501, 1131, 1541, 1616, 1379, 978, 385, 1759, 1803, 1290, 2006, 1363, 1185, 1479, 1661, 2409, 1412, 1674, 2405, 2326, 1008, 2288, 2769, 2973, 1396, 2049, 2501, 1126, 1744, 2250, 1775, 751, 4250, 1268, 1365, 651, 2653, 1604, 2394, 4052, 1572, 1919, 1651, 1442, 1876, 1700, 1789, 2842, 1528, 1504, 1988, 596, 1598, 2046, 1770, 1445, 2924, 942, 1359, 2030, 793, 1886, 1323, 1664, 422, 1123, 506, 1498, 1398, 1518, 824, 1059, 2149, 1174, 1772, 2202, 1310, 2527, 1453, 2201, 1764, 875, 1505, 3219, 1298, 1286, 1437, 1835, 2870, 2073, 3487, 2062, 3281, 1660, 1201, 597, 1227, 1136, 1357, 792, 1563, 782, 2214, 1215, 1549, 3262, 1444, 1926, 2913, 2320, 1876, 1819, 1462, 450, 1061, 1105, 905, 1827, 1709, 1193, 1305, 1302, 1815, 1129, 1999, 984, 949, 1899, 979, 1300, 3068, 1594, 2508, 1028, 3279, 1351, 1906, 1265, 2558, 1432, 1443, 1766, 2154, 1224, 1176, 2156, 1422, 1631, 3841, 2069, 948, 2054, 1665, 2535, 1075, 2089, 656, 966, 1236, 1285, 739, 1239, 1655, 1668, 2682, 737, 436, 858, 990, 1603, 2026, 1859, 2434, 1643, 805, 1744, 1100, 1944, 536, 1290, 1355, 616, 4091, 966, 2268, 936, 842, 843, 1255, 322, 1371, 3627, 2117, 1756, 393, 2602, 3297, 1005, 2894, 472, 1935, 1750, 744, 2562, 802, 1111, 1047, 1044, 2351, 693, 2658, 1730, 1319, 1241)
(40, 215): Mean: 1652.54, median: 1560.0, std: 776.003, percent: 1639.6, B: 131, W: 119, 
	(1401, 853, 991, 1811, 2334, 1762, 1335, 2428, 1294, 2089, 1711, 2634, 2604, 1433, 932, 1591, 2779, 2172, 3033, 1531, 984, 1644, 832, 1575, 1075, 849, 1928, 804, 662, 1718, 2476, 1581, 1388, 467, 722, 2365, 1730, 1036, 1792, 1585, 1287, 935, 374, 1664, 1640, 1476, 1903, 1419, 1543, 1570, 1720, 2943, 1194, 1821, 2204, 2154, 1015, 1812, 2784, 3104, 1456, 2069, 2433, 1210, 1861, 2027, 1831, 735, 4527, 1228, 1348, 591, 3166, 1599, 2452, 4494, 1854, 1844, 1646, 1335, 1773, 1550, 1777, 3371, 1502, 1587, 2194, 644, 1715, 2136, 1823, 1376, 2763, 994, 1274, 1924, 792, 2161, 1309, 1872, 337, 1137, 514, 1361, 1324, 1582, 818, 1008, 2604, 1250, 1819, 2361, 1261, 3190, 1501, 2526, 1816, 879, 1413, 3738, 1428, 1234, 1467, 1683, 3083, 2082, 3615, 1875, 3049, 1708, 1307, 466, 1212, 1100, 1504, 826, 1541, 805, 1897, 1160, 1520, 2666, 1387, 1772, 3214, 2133, 2085, 1791, 1461, 435, 1036, 1075, 944, 1860, 1628, 1075, 1291, 1325, 1623, 1195, 1983, 1059, 887, 1640, 989, 1433, 3133, 1647, 2453, 1130, 3444, 1214, 1869, 1297, 2315, 1392, 1488, 1692, 2490, 1298, 1013, 1641, 1311, 1763, 3708, 2271, 944, 1940, 1660, 2475, 1078, 1960, 695, 1051, 1658, 1177, 716, 1249, 1682, 1972, 2936, 715, 435, 856, 981, 1540, 1717, 1940, 2444, 1609, 811, 1709, 1018, 2136, 492, 1327, 1313, 612, 4341, 850, 2112, 942, 873, 706, 1103, 431, 1425, 3656, 2090, 1717, 430, 2316, 3487, 1210, 3520, 507, 2070, 1768, 741, 2373, 786, 1031, 1124, 966, 2282, 771, 2242, 1516, 1436, 1172)
(45, 244): Mean: 1648.872, median: 1549.5, std: 746.965, percent: 1674.08, B: 126, W: 123, 
	(1598, 1107, 1047, 1749, 2086, 2210, 1436, 2378, 1181, 2264, 1893, 2467, 2410, 1524, 833, 1592, 2495, 1957, 2988, 1483, 1015, 1479, 828, 1597, 1126, 760, 1765, 849, 678, 1761, 2227, 1679, 1492, 488, 815, 2521, 1658, 1142, 1646, 1604, 1477, 983, 323, 1632, 1772, 1327, 1743, 1377, 1220, 1552, 1649, 2794, 1321, 1729, 2546, 2391, 1020, 2214, 2570, 2941, 1424, 1970, 2815, 1138, 1806, 2044, 1890, 704, 4353, 1345, 1495, 610, 2585, 1471, 2356, 4267, 1789, 1828, 1742, 1226, 1648, 1726, 1669, 3097, 1515, 1374, 2068, 611, 1520, 2231, 1870, 1261, 2532, 957, 1321, 1920, 779, 2112, 1430, 1895, 460, 1116, 473, 1458, 1234, 1547, 824, 1075, 2216, 1213, 1847, 2071, 1199, 3471, 1512, 2512, 1911, 847, 1397, 3170, 1340, 1114, 1351, 1760, 2960, 2188, 3228, 2054, 3180, 1719, 1177, 533, 1132, 1125, 1624, 754, 1601, 721, 1880, 1189, 1316, 2854, 1469, 1705, 2669, 1882, 2002, 1754, 1403, 500, 1007, 1165, 953, 1781, 1860, 1167, 1267, 1312, 1712, 1093, 2731, 1035, 918, 1859, 981, 1270, 3510, 1820, 2519, 1130, 3086, 1507, 1860, 1327, 2512, 1420, 1511, 1854, 2321, 1190, 1134, 1807, 1264, 1588, 3921, 2293, 1091, 2209, 1681, 2458, 1128, 2001, 741, 1004, 1324, 1197, 703, 1285, 1710, 1557, 3031, 836, 519, 876, 903, 1613, 2151, 1876, 2382, 1685, 762, 1713, 1069, 1883, 527, 1472, 1340, 602, 3874, 990, 2324, 913, 845, 815, 1130, 319, 1358, 3412, 2396, 1704, 393, 2754, 2946, 1149, 3505, 570, 2083, 1841, 721, 2791, 854, 1101, 1115, 961, 2488, 729, 2419, 1659, 1262, 1243)
(50, 274): Mean: 1652.92, median: 1541.5, std: 743.331, percent: 1637.8, B: 126, W: 124, 
	(1366, 1010, 1078, 1882, 2290, 1781, 1479, 2186, 1255, 2208, 1569, 2921, 2232, 1479, 914, 1517, 2324, 2019, 2705, 1484, 970, 1487, 815, 1534, 1015, 797, 2117, 848, 725, 1988, 2725, 1498, 1498, 460, 794, 2482, 1574, 1070, 1704, 1434, 1464, 1045, 332, 1620, 1828, 1349, 1867, 1362, 1590, 1622, 1856, 2412, 1232, 1634, 2476, 2814, 1010, 1890, 2646, 2940, 1360, 2092, 2297, 1213, 1858, 1995, 1607, 708, 3696, 1311, 1501, 663, 2831, 1545, 2523, 4378, 1988, 1798, 1758, 1328, 2123, 1592, 1603, 2845, 1538, 1506, 2007, 627, 1481, 2259, 1772, 1466, 2603, 1123, 1390, 2023, 906, 2106, 1234, 1964, 333, 1186, 470, 1634, 1325, 1562, 852, 1033, 2146, 1355, 1622, 2125, 1334, 3261, 1551, 2529, 1763, 786, 1465, 3413, 1410, 1178, 1442, 1772, 2949, 2076, 3349, 1960, 3382, 1738, 1166, 471, 1219, 1081, 1485, 839, 1554, 874, 2051, 1095, 1475, 2746, 1515, 1847, 3088, 2346, 2192, 1787, 1581, 454, 899, 1110, 965, 1799, 1957, 1129, 1330, 1294, 1787, 1217, 2039, 1137, 968, 1920, 960, 1519, 3491, 1893, 2435, 1009, 3023, 1236, 2092, 1259, 2441, 1560, 1491, 1629, 2309, 1324, 1086, 1763, 1167, 1524, 3680, 2180, 1019, 2148, 1559, 2821, 1017, 1937, 690, 1034, 1392, 1201, 715, 1447, 1708, 1717, 3728, 699, 510, 863, 983, 1566, 1932, 2147, 2251, 1547, 950, 1924, 1084, 1903, 488, 1532, 1260, 585, 3803, 941, 2375, 1013, 866, 791, 1192, 368, 1267, 3312, 1988, 1597, 416, 2557, 3204, 1094, 3558, 535, 1801, 1713, 686, 2962, 848, 1099, 1076, 951, 2119, 868, 2327, 1744, 1269, 1203)
(53, 289): Mean: 1663.872, median: 1542.0, std: 769.417, percent: 1656.02, B: 126, W: 124, 
	(1539, 885, 959, 2073, 2445, 1726, 1456, 2297, 1253, 2198, 1750, 2579, 2208, 1710, 874, 1478, 2746, 2073, 3011, 1394, 1049, 1783, 761, 1469, 1121, 772, 2122, 978, 691, 1858, 2616, 1523, 1453, 481, 825, 2283, 1539, 1116, 1698, 1379, 1405, 953, 310, 1587, 1745, 1402, 1815, 1408, 1261, 1592, 1580, 2515, 1318, 1842, 2364, 2682, 1008, 2097, 2969, 3114, 1478, 1953, 2589, 1103, 1997, 2093, 1813, 686, 4535, 1338, 1613, 637, 2744, 1587, 2362, 4083, 1694, 2185, 1625, 1224, 1548, 1652, 1970, 3148, 1366, 1629, 2168, 647, 1483, 2180, 1888, 1558, 2373, 949, 1272, 2070, 859, 2210, 1464, 1770, 293, 1182, 546, 1518, 1440, 1513, 785, 992, 2253, 1197, 1871, 2294, 1442, 3441, 1439, 2632, 1702, 768, 1519, 3267, 1356, 1154, 1396, 1901, 2487, 2137, 3623, 1946, 3694, 1811, 1281, 460, 1236, 1104, 1487, 750, 1561, 834, 1755, 1135, 1425, 3041, 1569, 1645, 3067, 2074, 2057, 1705, 1426, 401, 983, 1043, 973, 1849, 1738, 1059, 1312, 1488, 1644, 1183, 2069, 1046, 854, 1789, 934, 1487, 3363, 1799, 2490, 1149, 3440, 1610, 1973, 1164, 2669, 1302, 1478, 1763, 2484, 1290, 1002, 1797, 1401, 1788, 3833, 2247, 1101, 1997, 1607, 2510, 1100, 1939, 700, 1014, 1430, 1251, 792, 1196, 1769, 1742, 3040, 652, 514, 903, 990, 1482, 1956, 1974, 2878, 1642, 760, 1841, 1097, 2025, 510, 1519, 1499, 753, 3653, 883, 2490, 902, 876, 891, 1196, 397, 1412, 3583, 2068, 1699, 381, 2483, 3659, 1044, 3539, 575, 1993, 1687, 705, 2813, 851, 1041, 1024, 1008, 2470, 759, 1975, 1545, 1246, 1151)
(55, 300): Mean: 1658.48, median: 1555.5, std: 764.43, percent: 1659.92, B: 132, W: 117, 
	(1493, 967, 1031, 1910, 2235, 1617, 1372, 2562, 1286, 2322, 1526, 2728, 2181, 1527, 843, 1633, 2635, 2162, 3148, 1509, 985, 1692, 880, 1577, 1099, 738, 1876, 853, 669, 1641, 2583, 1582, 1407, 468, 771, 2091, 1621, 1107, 1750, 1615, 1438, 911, 359, 1882, 1869, 1290, 2017, 1462, 1417, 1561, 1798, 2280, 1333, 1723, 2039, 2720, 1015, 2110, 2894, 3170, 1429, 1991, 3327, 1205, 1714, 2266, 1748, 757, 4464, 1321, 1432, 641, 2594, 1591, 2658, 4312, 1645, 1990, 1872, 1378, 1667, 1641, 1731, 3101, 1416, 1519, 2168, 650, 1552, 2020, 1847, 1315, 2305, 994, 1392, 1931, 804, 2139, 1310, 1682, 363, 1269, 472, 1547, 1264, 1540, 787, 1037, 2497, 1143, 1673, 2495, 1321, 3361, 1562, 2367, 2019, 927, 1453, 3333, 1293, 1170, 1489, 1961, 2737, 1970, 3236, 1929, 3658, 1850, 1238, 535, 1098, 1091, 1496, 860, 1688, 779, 2206, 1126, 1514, 2667, 1511, 1821, 3105, 2326, 2161, 1928, 1447, 417, 1180, 1254, 925, 1827, 1823, 1202, 1286, 1326, 1738, 1105, 1885, 1075, 964, 1760, 906, 1259, 3442, 1862, 2470, 1108, 2989, 1257, 1782, 1205, 2664, 1383, 1578, 1649, 2371, 1180, 1087, 1963, 1306, 1531, 3709, 2215, 1024, 1986, 1623, 2710, 1102, 1982, 713, 957, 1280, 1230, 737, 1262, 1596, 1727, 3248, 686, 495, 877, 968, 1652, 1804, 1837, 2457, 1469, 728, 1968, 1067, 1989, 532, 1559, 1371, 606, 4039, 898, 2481, 972, 820, 722, 1183, 361, 1404, 3606, 2526, 1608, 436, 2517, 3243, 975, 2891, 450, 2165, 1783, 669, 2726, 841, 1127, 1017, 1053, 2354, 721, 2113, 1646, 1335, 1194)
(56, 305): Mean: 1674.16, median: 1554.5, std: 808.98, percent: 1641.42, B: 124, W: 126, 
	(1479, 1036, 967, 2170, 2684, 1898, 1378, 2596, 1265, 2188, 1733, 2988, 2210, 1455, 776, 1617, 2558, 2211, 2671, 1493, 1047, 1625, 858, 1554, 1079, 838, 1942, 859, 694, 2034, 2704, 1604, 1428, 458, 813, 3126, 1686, 1112, 1850, 1700, 1408, 960, 342, 1561, 1746, 1355, 1889, 1412, 1336, 1704, 1668, 2128, 1363, 1881, 2248, 2530, 1010, 2011, 3432, 3239, 1435, 2007, 2877, 1355, 1760, 2161, 1983, 698, 5193, 1281, 1377, 631, 3286, 1589, 2356, 3942, 1877, 1903, 1756, 1276, 1670, 1691, 1837, 3100, 1400, 1567, 2147, 641, 1550, 2349, 1762, 1390, 2322, 919, 1393, 2262, 805, 2002, 1257, 1646, 303, 1193, 613, 1406, 1301, 1506, 814, 1034, 2129, 1297, 1739, 2135, 1230, 2951, 1480, 2634, 1818, 718, 1619, 3722, 1348, 1056, 1390, 1736, 2866, 2053, 4024, 1961, 3148, 1746, 1223, 530, 1127, 1085, 1466, 852, 1555, 763, 1635, 1128, 1287, 3043, 1474, 1856, 3007, 2310, 1936, 1813, 1501, 480, 1035, 1151, 978, 1796, 1975, 1136, 1272, 1290, 1584, 1110, 2293, 1101, 833, 1705, 1069, 1140, 3658, 1678, 2266, 1133, 3200, 1266, 1706, 1247, 2406, 1366, 1498, 1960, 2452, 1186, 1119, 1760, 1265, 1546, 4899, 2220, 972, 2016, 1621, 2316, 976, 2031, 698, 985, 1566, 1181, 779, 1340, 1575, 1723, 3208, 714, 448, 856, 984, 1484, 2083, 1872, 2355, 1493, 827, 1866, 1203, 1762, 517, 1687, 1188, 615, 3857, 920, 2631, 976, 886, 838, 1307, 402, 1329, 4306, 2037, 1644, 399, 2705, 3350, 1070, 2818, 472, 2153, 1893, 675, 2847, 900, 1121, 1026, 1011, 2274, 813, 2191, 1688, 1369, 1291)
(57, 308): Mean: 1913.944, median: 1818.5, std: 879.097, percent: 1920.2, B: 32, W: 218, 
	(1823, 1156, 1124, 2187, 2106, 1902, 1419, 3207, 1188, 2327, 1676, 3007, 2452, 1521, 898, 2100, 4111, 2721, 3214, 1567, 2085, 1578, 1023, 1624, 1204, 771, 2368, 1082, 734, 2894, 3012, 1924, 1809, 682, 995, 2658, 2075, 1206, 2281, 1595, 1756, 1526, 436, 1612, 1726, 1699, 2336, 2365, 1866, 1691, 2023, 3015, 1338, 1935, 3084, 2698, 1533, 2509, 3465, 2891, 2164, 2136, 2460, 1280, 2058, 2024, 1914, 855, 3878, 1326, 1818, 799, 3358, 2025, 2543, 7087, 1932, 1985, 1995, 1309, 1669, 1886, 2017, 3013, 1856, 1697, 2333, 787, 1892, 2444, 2194, 1425, 2562, 1033, 1663, 2301, 893, 2137, 1668, 1979, 404, 1132, 454, 2058, 1506, 1684, 954, 1099, 2743, 1324, 2191, 2876, 1500, 2640, 2041, 2974, 1865, 1018, 1437, 4065, 1467, 1302, 1636, 1974, 3062, 2481, 4406, 2659, 4361, 2169, 1365, 707, 1408, 1205, 1471, 936, 2377, 750, 1870, 1491, 1668, 2798, 2009, 1820, 3073, 2954, 2375, 1819, 1659, 678, 1423, 1278, 1040, 1899, 2180, 1472, 1418, 1589, 1904, 1245, 2451, 1243, 996, 2339, 1293, 1436, 3406, 1777, 2750, 1208, 3272, 1346, 2179, 1388, 2591, 1482, 1618, 2001, 2861, 2437, 1274, 1851, 1534, 1776, 3691, 2816, 1047, 2445, 1741, 2953, 1352, 2346, 818, 1139, 1420, 1492, 1230, 1892, 1710, 2407, 3927, 752, 474, 1155, 1054, 2269, 2319, 2175, 3347, 1828, 1043, 2570, 1411, 2076, 521, 1661, 1339, 676, 3891, 1341, 2590, 1108, 1000, 1046, 1946, 416, 1534, 3525, 2356, 1806, 525, 3134, 3854, 1186, 3435, 633, 2002, 2080, 826, 3256, 1033, 1495, 1146, 1053, 2635, 879, 3081, 2787, 1402, 1312)
(61, 328): Mean: 1823.624, median: 1689.0, std: 882.724, percent: 1810.32, B: 157, W: 93, 
	(1695, 1119, 1039, 2006, 2499, 1955, 1510, 2663, 1469, 2321, 2096, 2535, 2315, 1744, 953, 1599, 2683, 2144, 3243, 1539, 1070, 1929, 823, 1634, 1064, 907, 2389, 1016, 725, 1913, 3167, 1754, 1612, 576, 928, 3005, 1774, 1166, 1927, 1538, 1685, 1054, 408, 1582, 1995, 1553, 1868, 1442, 1328, 1652, 1893, 2516, 1498, 1829, 2652, 2898, 1171, 2254, 3254, 2887, 1679, 1999, 2581, 1320, 2375, 2244, 2202, 683, 4458, 1489, 1653, 655, 3624, 1590, 2493, 5159, 1992, 1958, 1817, 1319, 1760, 1957, 1866, 3125, 1698, 1702, 2144, 679, 1440, 2531, 1859, 1573, 2874, 1063, 1503, 2506, 875, 2101, 1410, 2041, 379, 1129, 563, 1778, 1467, 1830, 981, 1172, 2436, 1522, 2176, 2407, 1441, 3180, 1669, 2362, 2218, 819, 1736, 4277, 1575, 1238, 1412, 1939, 3439, 2016, 4183, 1974, 4395, 1932, 1447, 556, 1247, 1183, 1681, 838, 1507, 778, 1834, 1324, 1574, 3416, 1570, 1956, 3541, 2293, 2083, 2071, 1506, 453, 853, 1129, 1143, 1904, 1693, 1200, 1395, 1501, 1893, 1151, 2236, 1187, 985, 2153, 1104, 1411, 4264, 1817, 2734, 1199, 3582, 1373, 1773, 1428, 3014, 1638, 1763, 1937, 3184, 1329, 1323, 2114, 1391, 1866, 5022, 2261, 1194, 1892, 1730, 3109, 1073, 1824, 819, 1055, 1453, 1295, 847, 1366, 2006, 2207, 3412, 763, 486, 934, 1073, 1524, 2230, 2153, 2749, 1743, 861, 1891, 1131, 2216, 545, 1453, 1450, 582, 4455, 1010, 3018, 936, 848, 907, 1460, 431, 1378, 3965, 2900, 2149, 402, 2769, 3480, 1108, 3370, 517, 2270, 2112, 741, 3516, 881, 1236, 1115, 1180, 2608, 843, 2796, 1852, 1361, 1313)
(62, 329): Mean: 1801.216, median: 1690.0, std: 851.252, percent: 1816.74, B: 134, W: 116, 
	(1702, 916, 1183, 2171, 2672, 1965, 1615, 2850, 1308, 2639, 1853, 2720, 2456, 1580, 848, 2022, 2645, 2115, 3747, 1612, 1155, 1697, 838, 1760, 1137, 780, 2312, 965, 757, 1987, 3283, 1841, 1727, 495, 925, 2792, 1925, 1119, 1691, 1400, 1522, 1078, 362, 1689, 2054, 1400, 1783, 1632, 1509, 1836, 1872, 2625, 1305, 1845, 2406, 2687, 1198, 2421, 2820, 3229, 1514, 2194, 3103, 1430, 2265, 2566, 1882, 742, 4603, 1494, 1721, 700, 3077, 1781, 2666, 4714, 1693, 1865, 1691, 1441, 1984, 1814, 1828, 2955, 1531, 1668, 2377, 743, 1496, 2423, 2078, 1728, 2791, 1008, 1527, 2040, 924, 2285, 1435, 1961, 403, 1209, 622, 1588, 1584, 1616, 867, 1078, 2224, 1344, 2015, 2377, 1499, 2975, 1575, 2530, 1959, 898, 1709, 3128, 1485, 1319, 1326, 2079, 3695, 2036, 3832, 2218, 4325, 1794, 1259, 542, 1183, 1140, 1654, 815, 1567, 762, 1654, 1104, 1438, 3545, 1740, 1917, 3578, 2174, 2259, 1911, 1584, 457, 997, 1370, 1119, 1936, 2018, 1063, 1515, 1376, 1790, 1150, 2095, 1096, 1051, 2056, 1041, 1460, 4740, 1775, 2640, 1164, 3770, 1567, 2084, 1343, 3385, 1639, 1597, 2115, 2711, 1419, 1211, 1890, 1330, 1720, 4054, 2236, 1142, 2022, 1707, 3171, 1197, 2092, 834, 1061, 1580, 1399, 751, 1532, 1773, 1897, 2965, 729, 436, 957, 1030, 1492, 2175, 2158, 2772, 1637, 857, 1724, 1160, 2010, 528, 1796, 1381, 715, 4388, 900, 3218, 981, 935, 899, 1348, 426, 1348, 3757, 2070, 2283, 542, 2500, 3429, 1222, 3481, 549, 1985, 1772, 705, 3302, 950, 1226, 1112, 1177, 2195, 844, 2369, 1682, 1357, 1341)
(64, 337): Mean: 1795.94, median: 1623.5, std: 860.949, percent: 1786.34, B: 127, W: 120, 
	(1773, 967, 1189, 2009, 2379, 1780, 1513, 2567, 1405, 2375, 1895, 2621, 2288, 1629, 902, 1574, 2630, 2314, 4581, 1683, 1084, 1638, 856, 1608, 1094, 875, 2165, 1013, 688, 2122, 3012, 1723, 1534, 529, 894, 2697, 1678, 1137, 2013, 1445, 1503, 967, 317, 1662, 2169, 1289, 2016, 1405, 1279, 1852, 1666, 2755, 1436, 1860, 2581, 2733, 1099, 2263, 2791, 3301, 1477, 1960, 2893, 1247, 2062, 2566, 2139, 779, 5133, 1345, 1778, 684, 3256, 1693, 2554, 5273, 1691, 2174, 1965, 1469, 1806, 1896, 1573, 2688, 1637, 1765, 2201, 623, 1482, 2389, 2159, 1499, 2838, 990, 1320, 2155, 813, 2286, 1541, 1808, 334, 1167, 576, 1736, 1467, 1595, 896, 1138, 2383, 1272, 1983, 2255, 1368, 3935, 1569, 2896, 1781, 829, 1823, 3357, 1431, 1297, 1395, 2070, 3220, 2409, 4255, 2217, 3830, 2211, 1304, 553, 1307, 1252, 1563, 923, 1552, 745, 1703, 1435, 1489, 3728, 1618, 1884, 3119, 2142, 2204, 1774, 1610, 461, 1157, 1542, 1133, 1937, 1958, 1244, 1391, 1600, 1548, 1208, 2278, 1129, 946, 1874, 1097, 1583, 3269, 1955, 2881, 1288, 3721, 1427, 2010, 1233, 2645, 1480, 1559, 1858, 2486, 1199, 1156, 1985, 1158, 1765, 3682, 2511, 1102, 2496, 1786, 3045, 1223, 2121, 834, 1024, 1409, 1295, 759, 1405, 2021, 2163, 3020, 831, 489, 946, 1068, 1542, 2028, 2260, 2853, 1713, 868, 2189, 1063, 1963, 556, 1562, 1270, 715, 3901, 920, 3385, 1006, 946, 952, 1388, 368, 1474, 4060, 2214, 1855, 418, 2255, 3199, 1127, 3762, 623, 2101, 1763, 652, 3408, 868, 1219, 1038, 1205, 2851, 787, 2703, 1605, 1527, 1402)
(65, 340): Mean: 1671.44, median: 1548.0, std: 773.177, percent: 1672.12, B: 185, W: 64, 
	(1458, 948, 1063, 1896, 2174, 1706, 1369, 2333, 1225, 2310, 1537, 2792, 2392, 1503, 908, 1487, 2712, 2307, 2669, 1623, 1220, 1868, 780, 1547, 1063, 753, 2215, 792, 677, 1907, 2797, 1837, 1422, 536, 753, 2165, 1672, 1130, 1740, 1642, 1482, 961, 326, 1639, 1780, 1390, 1968, 1435, 1418, 1665, 1683, 2408, 1345, 1721, 2526, 2263, 955, 2361, 2996, 3676, 1344, 2106, 2690, 1177, 1883, 1833, 1906, 780, 4445, 1288, 1636, 651, 3341, 1617, 2544, 4437, 1781, 1847, 1722, 1289, 1747, 1755, 1734, 3079, 1425, 1628, 2087, 629, 1514, 1977, 1827, 1345, 2433, 1049, 1382, 2252, 863, 2111, 1385, 1700, 324, 1078, 494, 1485, 1382, 1436, 950, 952, 2442, 1321, 1820, 2607, 1244, 2572, 1403, 2563, 1727, 773, 1547, 3716, 1340, 1208, 1347, 1730, 3174, 2409, 3999, 2111, 3132, 2026, 1164, 535, 1053, 1001, 1553, 784, 1728, 772, 1817, 1238, 1398, 2863, 1355, 1970, 3027, 2165, 1960, 1818, 1412, 411, 860, 1144, 982, 2057, 1754, 1145, 1338, 1333, 1712, 1118, 2088, 1018, 915, 1745, 937, 1292, 3573, 1767, 2753, 1016, 3392, 1438, 1711, 1265, 2225, 1294, 1523, 1721, 2473, 1265, 1122, 1691, 1280, 1593, 3475, 2349, 1052, 2019, 1800, 2548, 1048, 1849, 730, 1036, 1495, 1202, 734, 1343, 1578, 1679, 3389, 749, 514, 864, 1015, 1649, 2047, 2197, 2253, 1572, 860, 1970, 1041, 2111, 543, 1549, 1375, 577, 3401, 912, 2220, 955, 848, 746, 1119, 396, 1464, 3338, 2167, 1442, 398, 2783, 3203, 997, 3206, 576, 2434, 1854, 699, 2804, 814, 1108, 974, 1023, 2336, 899, 2265, 1514, 1417, 1295)
(66, 343): Mean: 1690.496, median: 1543.0, std: 795.308, percent: 1712.54, B: 122, W: 126, 
	(1341, 866, 1017, 1926, 2342, 1671, 1514, 2608, 1330, 2375, 1643, 3064, 2453, 1464, 859, 1650, 2839, 1932, 3299, 1617, 1208, 1500, 917, 1637, 1022, 779, 1870, 850, 738, 2026, 2682, 1550, 1428, 498, 927, 2407, 1579, 1168, 1785, 1811, 1470, 1099, 353, 1654, 1691, 1355, 1923, 1456, 1339, 1531, 1653, 2690, 1319, 1931, 2390, 2222, 1015, 2073, 2812, 2958, 1774, 2054, 2630, 1088, 1845, 2041, 1766, 652, 4261, 1229, 1545, 602, 2823, 1493, 2752, 5197, 1708, 1900, 1690, 1457, 1773, 1610, 1670, 3420, 1529, 1464, 2175, 638, 1539, 1969, 1872, 1393, 2480, 1051, 1266, 2101, 881, 2045, 1383, 1801, 347, 1204, 520, 1541, 1454, 1517, 809, 1015, 2527, 1183, 1708, 2311, 1185, 2753, 1437, 2606, 1955, 839, 1437, 3926, 1291, 1207, 1299, 1978, 2611, 2122, 3509, 1953, 3144, 2012, 1118, 554, 1441, 1140, 1443, 855, 1696, 741, 1736, 1406, 1364, 3261, 2196, 1863, 2900, 2200, 2321, 1871, 1327, 478, 910, 1082, 970, 1844, 1987, 1040, 1316, 1346, 1525, 1077, 2293, 977, 956, 1685, 1047, 1486, 3623, 1814, 2433, 1114, 3031, 1283, 1905, 1243, 2641, 1573, 1455, 2032, 2511, 1427, 1014, 1745, 1312, 1601, 4003, 2348, 1042, 1886, 1713, 2505, 1172, 1740, 802, 1036, 1490, 1242, 756, 1456, 1679, 1628, 3267, 720, 458, 883, 1015, 1806, 2022, 1968, 2492, 1540, 819, 1828, 1138, 1812, 463, 1507, 1406, 584, 4430, 998, 2572, 920, 882, 824, 1046, 337, 1274, 3408, 2060, 1624, 467, 2888, 3291, 1214, 3416, 534, 2062, 1704, 752, 2663, 908, 1302, 1153, 1016, 2191, 784, 3123, 1857, 1255, 1141)
(67, 348): Mean: 1688.44, median: 1572.5, std: 767.931, percent: 1713.92, B: 127, W: 123, 
	(1615, 934, 1010, 1973, 2183, 2047, 1416, 2460, 1335, 2022, 1790, 2660, 2091, 1425, 890, 1865, 2472, 2440, 3244, 1403, 1038, 1675, 770, 1549, 1148, 717, 2400, 879, 747, 2115, 2646, 1643, 1620, 443, 795, 2276, 1725, 1213, 1697, 1385, 1405, 888, 350, 1659, 1782, 1297, 2055, 1485, 1392, 1481, 1760, 2604, 1363, 1724, 2598, 2569, 1009, 2075, 2935, 2588, 1483, 1941, 2747, 1112, 1854, 2047, 2002, 758, 3996, 1368, 1534, 682, 2857, 1726, 2495, 4644, 1576, 1954, 1682, 1366, 1734, 1819, 1922, 3503, 1531, 1530, 2001, 646, 1551, 1839, 1703, 1212, 2457, 1062, 1442, 1870, 839, 2138, 1641, 1743, 435, 1139, 503, 1505, 1366, 1617, 853, 1027, 2557, 1245, 1779, 2145, 1333, 2870, 1457, 2347, 1696, 805, 1303, 3417, 1233, 1134, 1370, 1786, 3039, 1985, 3605, 2074, 3407, 1800, 1171, 549, 1092, 1100, 1402, 837, 1697, 1136, 2152, 1243, 1424, 2917, 1761, 2046, 2890, 2231, 2123, 1757, 1587, 494, 1023, 1097, 1041, 2067, 1781, 1263, 1412, 1381, 1569, 1188, 2152, 1097, 889, 1792, 983, 1401, 3308, 1647, 2865, 1230, 2869, 1272, 1837, 1133, 2480, 1433, 1401, 1852, 2559, 1294, 1005, 2010, 1283, 1753, 3584, 2269, 983, 2300, 1689, 2971, 1067, 2310, 669, 1115, 1548, 1226, 703, 1376, 1528, 1895, 3042, 702, 480, 908, 966, 1514, 2047, 2105, 2683, 1744, 774, 1790, 970, 2082, 567, 1530, 1160, 720, 4023, 933, 2466, 908, 829, 802, 1147, 432, 1295, 3257, 2548, 1796, 417, 2815, 3451, 1066, 3502, 441, 2037, 2026, 753, 3147, 859, 1155, 1057, 1017, 2245, 795, 2621, 1852, 1451, 1360)
(68, 352): Mean: 1679.224, median: 1558.0, std: 795.568, percent: 1688.7, B: 131, W: 118, 
	(1381, 923, 990, 2200, 2192, 1854, 1578, 2317, 1467, 2188, 1625, 2559, 2428, 1546, 1035, 1435, 2542, 2011, 3497, 1591, 1108, 1645, 901, 1460, 1078, 726, 1958, 841, 742, 2025, 2955, 1450, 1415, 479, 874, 2408, 1614, 1036, 1754, 1387, 1418, 1030, 317, 1610, 1764, 1482, 1922, 1468, 1622, 1559, 1602, 2336, 1324, 1684, 2256, 2574, 967, 1779, 2782, 2798, 1426, 1818, 2619, 1106, 1827, 2403, 1700, 687, 4837, 1223, 1644, 607, 3037, 1500, 2576, 5020, 1641, 2050, 2106, 1373, 1532, 1569, 1628, 3169, 1553, 1670, 1986, 678, 1540, 1982, 1670, 1561, 2262, 1033, 1232, 1883, 807, 2183, 1377, 1713, 385, 1122, 513, 1528, 1385, 1496, 807, 987, 2205, 1302, 1732, 2235, 1204, 2844, 1557, 2428, 1897, 779, 1455, 3658, 1316, 1167, 1307, 1699, 3089, 2316, 4160, 1955, 3256, 1828, 1174, 607, 1367, 1033, 1386, 848, 1562, 675, 1833, 1131, 1628, 3108, 1761, 1718, 2990, 2064, 2080, 1710, 1604, 403, 993, 1117, 1013, 1900, 1735, 1102, 1416, 1406, 1633, 1106, 2281, 986, 794, 1722, 1021, 1248, 3512, 1793, 2714, 1138, 3411, 1274, 1834, 1415, 2881, 1415, 1507, 1929, 2527, 1550, 1006, 2064, 1176, 1510, 3264, 2455, 1026, 2124, 1907, 2735, 1128, 1992, 677, 956, 1326, 1217, 751, 1397, 1700, 1642, 3166, 766, 492, 857, 980, 1534, 1964, 2232, 2436, 1547, 818, 1879, 1054, 2295, 495, 1468, 1146, 583, 3618, 1043, 2573, 922, 865, 884, 1167, 353, 1334, 3687, 2223, 1631, 391, 2761, 2762, 1077, 3545, 522, 1802, 1886, 693, 2736, 847, 1351, 1105, 962, 2343, 731, 3467, 1682, 1414, 1260)
(71, 370): Mean: 1663.068, median: 1551.5, std: 761.456, percent: 1663.36, B: 135, W: 114, 
	(1344, 948, 1051, 1666, 2637, 1671, 1328, 2342, 1340, 2157, 1727, 2511, 2126, 1588, 883, 1483, 2606, 2173, 2826, 1432, 1247, 1575, 899, 1452, 1122, 751, 2024, 816, 667, 1681, 2652, 1613, 1303, 509, 854, 2269, 1747, 1143, 1855, 1463, 1665, 1000, 340, 1583, 1816, 1363, 1853, 1218, 1566, 1557, 1772, 2499, 1310, 1764, 1893, 2399, 1156, 2042, 3123, 2825, 1720, 1803, 2598, 1209, 2119, 2264, 1842, 727, 4122, 1319, 1705, 664, 3103, 1538, 2635, 4475, 1728, 1755, 1892, 1364, 1514, 1862, 1687, 3472, 1683, 1595, 1849, 755, 1750, 2214, 1916, 1342, 2332, 1006, 1370, 1802, 910, 2002, 1353, 2016, 421, 1223, 501, 1693, 1334, 1481, 789, 1050, 2376, 1283, 1864, 2082, 1163, 3186, 1254, 2509, 1832, 846, 1461, 3805, 1290, 1215, 1495, 1905, 2899, 2074, 3900, 2039, 3160, 1762, 1151, 565, 1122, 1149, 1475, 726, 1604, 677, 1743, 1337, 1343, 3011, 1363, 1816, 3103, 2314, 2021, 1805, 1556, 384, 1034, 1065, 1037, 1774, 1898, 1242, 1331, 1313, 1595, 1216, 2147, 1183, 882, 1794, 1047, 1347, 3072, 1715, 2500, 1127, 3211, 1410, 1850, 1289, 2879, 1403, 1493, 1841, 2999, 1295, 962, 1699, 1311, 1539, 3567, 2501, 986, 2026, 1653, 2529, 1087, 1950, 725, 1062, 1364, 1286, 809, 1482, 1520, 1964, 3086, 700, 418, 848, 942, 1533, 1988, 2045, 2439, 1547, 777, 1861, 1035, 1945, 468, 1524, 1208, 650, 4075, 928, 2455, 884, 839, 792, 1137, 341, 1280, 3485, 1938, 1761, 380, 2483, 2920, 1007, 3319, 514, 1825, 1997, 656, 2886, 837, 1209, 1079, 985, 2218, 712, 2154, 1524, 1531, 1197)
(76, 399): Mean: 1653.116, median: 1517.5, std: 773.529, percent: 1644.6, B: 130, W: 119, 
	(1494, 957, 1035, 1715, 2532, 1728, 1431, 2798, 1230, 2141, 1611, 2180, 2328, 1497, 909, 1573, 2237, 2099, 3238, 1637, 1195, 1532, 820, 1499, 1018, 873, 2342, 812, 758, 2125, 2662, 1525, 1469, 483, 754, 2228, 1592, 1096, 1715, 1481, 1338, 1007, 345, 1803, 1846, 1405, 1883, 1471, 1354, 1613, 1625, 2782, 1166, 1762, 2000, 2257, 1030, 1929, 3180, 3085, 1451, 1986, 2598, 1156, 1759, 2156, 1756, 701, 4564, 1300, 1268, 679, 3211, 1449, 2297, 4402, 1715, 2030, 1819, 1213, 1888, 1545, 1515, 2998, 1380, 1623, 2220, 626, 1460, 2269, 1676, 1311, 2627, 1002, 1376, 2074, 820, 2074, 1243, 1652, 299, 1287, 478, 1478, 1325, 1573, 804, 1003, 2038, 1220, 1781, 2239, 1237, 3203, 1410, 2468, 1588, 876, 1536, 3444, 1302, 1110, 1307, 1854, 2620, 2012, 3887, 1796, 3297, 1638, 1158, 618, 1080, 1121, 1427, 772, 1586, 730, 1937, 1207, 1237, 2956, 1512, 1778, 2947, 2479, 1990, 1860, 1501, 473, 979, 1072, 990, 1968, 2007, 1058, 1402, 1311, 1711, 1141, 2318, 968, 893, 1730, 929, 1518, 3219, 1721, 2322, 974, 3177, 1375, 1903, 1302, 2671, 1362, 1470, 1665, 2348, 1207, 1166, 1867, 1456, 1632, 3545, 2128, 956, 2125, 1550, 2389, 1028, 2156, 730, 1043, 1280, 1200, 736, 1474, 1625, 1822, 2540, 771, 450, 861, 970, 1517, 1958, 2135, 2599, 1608, 858, 1901, 1045, 1900, 514, 1483, 1224, 539, 4566, 981, 2644, 1000, 907, 706, 1162, 375, 1415, 3471, 2245, 1808, 418, 2503, 3041, 1014, 3743, 545, 2013, 1996, 626, 2577, 820, 1098, 1106, 1002, 2465, 714, 2019, 1650, 1338, 1221)
(78, 410): Mean: 1651.776, median: 1554.5, std: 749.687, percent: 1623.32, B: 126, W: 123, 
	(1470, 899, 1013, 1833, 2168, 1775, 1415, 2688, 1200, 2234, 1826, 2636, 2314, 1474, 959, 1639, 2413, 2235, 3024, 1509, 1017, 1604, 771, 1429, 1006, 766, 2217, 856, 746, 1865, 2497, 1671, 1347, 507, 811, 2296, 1590, 1259, 1764, 1426, 1484, 1175, 307, 1752, 1774, 1339, 1854, 1421, 1991, 1553, 1781, 2448, 1421, 1665, 2190, 2418, 1003, 2102, 2824, 3193, 1404, 1705, 2687, 1134, 1662, 2175, 1866, 680, 4180, 1293, 1547, 663, 2680, 1565, 2600, 4667, 1881, 2193, 1990, 1327, 1690, 1704, 1738, 3163, 1415, 1662, 1991, 674, 1543, 2200, 1634, 1337, 2042, 877, 1311, 1898, 707, 1944, 1662, 1831, 318, 1071, 433, 1594, 1485, 1607, 784, 1072, 2368, 1249, 1823, 2295, 1235, 3127, 1451, 2303, 1749, 938, 1344, 3640, 1342, 1167, 1447, 1762, 2747, 2168, 3341, 1866, 3380, 1707, 1375, 552, 1102, 1059, 1381, 855, 1639, 815, 1957, 1199, 1311, 2869, 1438, 1727, 2475, 2564, 2141, 1952, 1389, 393, 893, 1188, 984, 1624, 1935, 1191, 1448, 1311, 1629, 1185, 2076, 1291, 876, 1760, 950, 1328, 3714, 1886, 2376, 970, 2951, 1318, 1772, 1239, 2822, 1629, 1482, 1658, 2157, 1278, 1077, 1642, 1216, 1412, 3976, 2265, 1072, 1968, 1720, 2324, 1112, 2188, 723, 1057, 1573, 1222, 770, 1477, 1546, 1785, 2895, 746, 424, 867, 1053, 1317, 2081, 2028, 2448, 1662, 839, 1842, 992, 1958, 525, 1481, 1287, 604, 4156, 947, 2093, 904, 892, 890, 1257, 347, 1343, 3623, 1855, 1551, 450, 2230, 2764, 1135, 3146, 466, 1961, 1894, 753, 2749, 1004, 1239, 1025, 985, 2341, 743, 2257, 1556, 1325, 1176)
(81, 423): Mean: 1665.032, median: 1544.5, std: 768.481, percent: 1648.56, B: 122, W: 127, 
	(1424, 840, 1013, 2159, 2402, 2027, 1652, 2371, 1204, 2676, 1494, 2527, 2216, 1624, 760, 1520, 2376, 2138, 3099, 1631, 901, 1773, 737, 1388, 1063, 823, 2218, 848, 767, 1723, 2439, 1481, 1456, 537, 845, 2284, 1689, 1102, 1796, 1354, 1429, 920, 330, 1572, 1841, 1341, 1945, 1431, 1368, 1421, 1659, 2424, 1269, 1912, 2257, 2413, 979, 1932, 2833, 3136, 1366, 1862, 2625, 1430, 1875, 2194, 1735, 724, 4275, 1223, 1443, 649, 3277, 1548, 2484, 4248, 1647, 1787, 1536, 1239, 1789, 1823, 1770, 2786, 1424, 1455, 1956, 627, 1703, 2189, 1769, 1500, 2439, 959, 1226, 1894, 822, 1802, 1327, 1856, 333, 1215, 584, 1866, 1322, 1564, 874, 1024, 2272, 1182, 1825, 2162, 1254, 2842, 1509, 2348, 1713, 800, 1526, 3873, 1305, 1292, 1324, 1858, 2708, 2240, 3134, 1926, 3574, 1832, 1168, 562, 1131, 1235, 1570, 810, 1573, 785, 1843, 1162, 1344, 3346, 1566, 1663, 3299, 2065, 2128, 1637, 1471, 414, 974, 1178, 1001, 1977, 1750, 1043, 1328, 1297, 1644, 1195, 2281, 1043, 865, 1837, 984, 1538, 3092, 1711, 2432, 1347, 3169, 1291, 1835, 1250, 2825, 1285, 1462, 1883, 2649, 1314, 1089, 1741, 1343, 1781, 3979, 2234, 1010, 2144, 1558, 2652, 1100, 1772, 698, 947, 1322, 1198, 786, 1339, 1622, 1941, 2808, 769, 452, 853, 968, 1541, 1911, 2086, 2721, 1682, 796, 1893, 1172, 1892, 459, 1363, 1255, 676, 3958, 898, 2714, 957, 859, 791, 1255, 403, 1471, 3985, 2167, 1715, 471, 2585, 3408, 1067, 3137, 483, 2437, 1737, 701, 3079, 892, 1157, 1129, 1054, 2216, 802, 2129, 1946, 1271, 1226)
(82, 426): Mean: 1667.348, median: 1520.0, std: 792.428, percent: 1648.32, B: 125, W: 121, 
	(1443, 902, 1118, 1927, 2152, 2071, 1346, 2767, 1270, 2251, 1615, 2492, 2229, 1481, 851, 1716, 2540, 2157, 3195, 1502, 969, 1826, 860, 1460, 1021, 821, 1868, 828, 681, 1796, 2727, 1680, 1511, 488, 780, 2347, 1523, 1012, 1542, 1470, 1397, 899, 322, 1575, 2017, 1291, 2058, 1397, 1296, 1486, 1656, 2735, 1285, 1940, 2678, 2618, 960, 2229, 2812, 2756, 1500, 2003, 2129, 1185, 1743, 2178, 1829, 713, 4774, 1268, 1379, 657, 3225, 1745, 2330, 3963, 1596, 2139, 1700, 1207, 1788, 1563, 1622, 3258, 1536, 1638, 1931, 672, 1536, 2394, 1681, 1410, 2931, 964, 1378, 1866, 764, 1914, 1254, 1856, 343, 1071, 485, 1430, 1453, 1626, 833, 1043, 2422, 1328, 1879, 2228, 1247, 2939, 1497, 2546, 1707, 828, 1480, 3849, 1353, 1048, 1333, 1779, 2742, 2127, 3527, 1936, 3427, 1801, 1190, 522, 1151, 1101, 1607, 886, 1516, 774, 2072, 1231, 1533, 3117, 1505, 1784, 3166, 1967, 2134, 1672, 1590, 417, 753, 1167, 1003, 1818, 1454, 1167, 1417, 1365, 1604, 1204, 2167, 1014, 799, 1853, 1023, 1326, 3274, 1906, 2521, 1214, 3307, 1231, 2154, 1250, 2581, 1337, 1457, 2018, 2686, 1293, 1054, 1803, 1260, 1421, 3741, 2401, 1017, 2097, 1519, 2617, 1022, 1701, 771, 1010, 1313, 1159, 774, 1397, 1655, 1842, 3030, 704, 475, 853, 1041, 1521, 1866, 1958, 2447, 1635, 770, 2065, 1026, 1775, 555, 1494, 1285, 742, 4372, 910, 2773, 859, 834, 724, 1059, 423, 1333, 3560, 2195, 2039, 404, 2336, 4065, 1067, 3483, 570, 2030, 1812, 662, 2882, 873, 1099, 980, 1020, 2253, 779, 2075, 1536, 1324, 1224)
(84, 438): Mean: 1716.764, median: 1552.5, std: 832.108, percent: 1741.2, B: 98, W: 152, 
	(1490, 1001, 1059, 1685, 2217, 1972, 1537, 2471, 1245, 2669, 1800, 2705, 2128, 1677, 884, 1532, 2539, 1997, 2855, 1516, 1190, 1530, 904, 1483, 1103, 852, 2212, 937, 716, 1936, 2580, 1511, 1427, 530, 735, 2256, 1544, 1030, 1879, 1469, 1389, 1026, 391, 1636, 1764, 1388, 1861, 1561, 1272, 1582, 1703, 2603, 1387, 2125, 2294, 2571, 1035, 2167, 3318, 2916, 1480, 2299, 2847, 1203, 1791, 2397, 1723, 656, 4969, 1207, 1523, 615, 3110, 1672, 2543, 3933, 2002, 1830, 1916, 1299, 1802, 1819, 1637, 3316, 1464, 1629, 2247, 627, 1675, 2598, 1870, 1383, 2322, 990, 1390, 2087, 787, 1859, 1500, 1586, 387, 1163, 533, 1592, 1314, 1658, 778, 976, 2207, 1232, 2020, 2530, 1213, 3247, 1444, 2969, 1765, 851, 1682, 3643, 1484, 1205, 1257, 1961, 3172, 2220, 4786, 1952, 3264, 1812, 1298, 521, 1222, 1104, 1434, 755, 1676, 791, 2283, 1167, 1436, 3268, 1384, 1768, 3412, 2143, 1999, 1898, 1492, 469, 999, 1206, 1104, 1887, 1716, 1318, 1354, 1482, 1496, 1189, 2126, 1085, 843, 1789, 922, 1291, 3166, 1774, 2320, 1082, 3619, 1242, 1952, 1461, 3373, 1431, 1488, 1704, 2608, 1430, 1249, 1754, 1318, 1718, 4316, 2346, 1133, 2111, 1771, 2767, 1165, 1991, 715, 1069, 1337, 1377, 793, 1520, 1682, 1654, 3176, 733, 477, 842, 877, 1703, 1991, 1999, 2649, 1645, 783, 1667, 1128, 1854, 531, 1461, 1343, 561, 4623, 944, 2672, 957, 962, 880, 1245, 365, 1323, 4171, 2110, 1820, 385, 2636, 3271, 1252, 3670, 560, 2017, 1762, 797, 3171, 827, 1073, 1025, 936, 2133, 802, 2527, 1632, 1431, 1317)
(85, 444): Mean: 1676.956, median: 1565.0, std: 799.304, percent: 1670.22, B: 151, W: 97, 
	(1582, 872, 1100, 2109, 2344, 1973, 1385, 2966, 1227, 2022, 1807, 2401, 2157, 1386, 895, 1640, 2511, 2581, 3037, 1648, 1024, 1674, 747, 1431, 1076, 801, 1916, 867, 672, 1868, 2688, 1667, 1571, 484, 806, 2815, 1673, 1216, 1839, 1370, 1518, 960, 323, 1609, 1663, 1363, 1831, 1510, 1465, 1605, 1682, 2589, 1361, 1686, 2300, 2560, 946, 2370, 2820, 2821, 1167, 1974, 2918, 1090, 1969, 2117, 2162, 669, 4888, 1303, 1430, 659, 3027, 1601, 2423, 4781, 1654, 1874, 1559, 1265, 1702, 1725, 1925, 2873, 1479, 1514, 2240, 648, 1435, 2232, 1686, 1368, 2755, 885, 1471, 2151, 887, 2082, 1427, 1989, 432, 1056, 518, 1410, 1410, 1636, 832, 1125, 2407, 1249, 1829, 2435, 1289, 2777, 1482, 2340, 1722, 776, 1463, 3455, 1325, 1158, 1253, 1946, 3042, 2062, 4260, 1834, 3512, 1758, 1116, 599, 1176, 1113, 1428, 834, 1589, 718, 1781, 1349, 1381, 2898, 1587, 1683, 2692, 1922, 2140, 1849, 1405, 396, 1021, 1090, 1087, 2179, 1787, 1218, 1358, 1322, 1476, 1189, 2058, 1139, 869, 2035, 961, 1258, 3290, 1634, 2308, 1079, 3280, 1394, 1749, 1236, 2225, 1347, 1342, 1676, 2356, 1107, 1100, 1717, 1342, 1534, 4048, 2239, 995, 1895, 1661, 2705, 1099, 1847, 674, 991, 1628, 1280, 695, 1317, 1705, 1627, 3235, 683, 418, 925, 1002, 1583, 2134, 2207, 2767, 1544, 785, 1941, 1075, 1948, 490, 1523, 1299, 654, 3845, 942, 2764, 893, 864, 923, 1201, 365, 1383, 3694, 2159, 1668, 433, 2402, 3554, 1048, 3793, 523, 1962, 1815, 699, 2792, 901, 1084, 1173, 954, 2468, 854, 2366, 1665, 1194, 1193)
(90, 473): Mean: 1668.988, median: 1544.5, std: 775.422, percent: 1686.4, B: 132, W: 118, 
	(1632, 1020, 1035, 1760, 2420, 1852, 1438, 2427, 1161, 2460, 1561, 2593, 2104, 1427, 795, 1537, 2449, 2575, 3395, 1698, 993, 1728, 791, 1575, 1018, 811, 2156, 928, 767, 1923, 2849, 1787, 1400, 520, 780, 2633, 1726, 1129, 1726, 1516, 1360, 973, 318, 1787, 1721, 1423, 1769, 1223, 1438, 1512, 1847, 2393, 1231, 1799, 2242, 2632, 1066, 1847, 3725, 3048, 1295, 2366, 3180, 1169, 1799, 2294, 1733, 742, 4283, 1239, 1514, 606, 2807, 1629, 2653, 4210, 1701, 1805, 1593, 1392, 1947, 1680, 1814, 2828, 1552, 1479, 1982, 645, 1589, 1921, 1943, 1355, 2383, 895, 1250, 1955, 856, 1973, 1444, 1952, 474, 1129, 466, 1507, 1434, 1674, 824, 958, 2331, 1199, 1683, 2259, 1234, 2908, 1430, 2558, 1764, 901, 1453, 3186, 1308, 1181, 1447, 1753, 2871, 1831, 3161, 1797, 3428, 1770, 1151, 594, 1122, 1085, 1375, 769, 1495, 760, 2023, 1227, 1444, 3213, 1536, 1649, 2952, 2244, 2136, 1959, 1434, 434, 894, 1287, 1029, 1982, 1599, 1167, 1269, 1351, 1728, 1052, 2469, 1042, 859, 1658, 999, 1322, 3251, 1824, 2975, 1135, 3077, 1363, 1963, 1248, 2699, 1355, 1405, 1740, 2885, 1206, 1165, 2018, 1144, 1487, 3933, 2182, 981, 1994, 1908, 2557, 1065, 2010, 672, 1049, 1383, 1262, 685, 1244, 1746, 1768, 3026, 697, 463, 885, 1007, 1599, 1991, 2131, 2372, 1615, 711, 1897, 1113, 2010, 527, 1373, 1257, 634, 4245, 906, 2673, 945, 834, 810, 1223, 370, 1310, 3170, 2056, 1671, 411, 2758, 3402, 1121, 3439, 535, 2295, 1713, 748, 2459, 828, 1075, 1060, 1041, 2224, 789, 2220, 1560, 1275, 1264)
(92, 483): Mean: 1652.464, median: 1551.5, std: 767.713, percent: 1632.82, B: 131, W: 119, 
	(1543, 942, 1007, 1747, 2414, 1747, 1306, 2377, 1163, 2197, 1650, 2670, 2133, 1437, 801, 1415, 2268, 2305, 3508, 1607, 1145, 1466, 802, 1606, 1008, 702, 2086, 839, 739, 1915, 2725, 1700, 1697, 511, 781, 2280, 1671, 1050, 1698, 1440, 1373, 954, 362, 1692, 1676, 1293, 1989, 1418, 1270, 1552, 1679, 2505, 1222, 1760, 2291, 2557, 1001, 2061, 3217, 2884, 1419, 1852, 2411, 1077, 1894, 2101, 1677, 695, 4392, 1284, 1468, 595, 2937, 1598, 2435, 4498, 1845, 1812, 1769, 1299, 1971, 1656, 1779, 3207, 1510, 1448, 2016, 678, 1568, 2360, 1777, 1348, 2545, 955, 1152, 2135, 802, 2087, 1231, 1734, 378, 1169, 467, 1534, 1268, 1531, 834, 1006, 2248, 1254, 1776, 2242, 1385, 2859, 1501, 2213, 1582, 734, 1512, 3469, 1377, 1149, 1321, 1886, 2899, 1991, 3434, 1888, 3289, 1732, 1213, 496, 1050, 1051, 1647, 750, 1492, 716, 1571, 1152, 1484, 2982, 1549, 1897, 3058, 2316, 2168, 1619, 1459, 450, 1062, 1240, 969, 1923, 1594, 1320, 1322, 1330, 1555, 1044, 1975, 1133, 948, 1727, 913, 1300, 3825, 1723, 2728, 1129, 3179, 1266, 2014, 1273, 2696, 1453, 1559, 2098, 2600, 1210, 1191, 1879, 1305, 1568, 3032, 2244, 1033, 1984, 1669, 2429, 1074, 1770, 699, 995, 1229, 1202, 745, 1307, 1551, 1653, 3073, 707, 472, 891, 976, 1560, 1816, 2089, 2273, 1589, 807, 2026, 1058, 1794, 554, 1391, 1296, 698, 4127, 929, 2827, 894, 957, 846, 1342, 387, 1300, 3652, 2311, 1737, 480, 2326, 2874, 1137, 3635, 557, 2036, 1705, 740, 3222, 953, 1077, 1070, 974, 2095, 751, 2259, 1654, 1336, 1270)
(111, 596): Mean: 1732.068, median: 1576.0, std: 837.595, percent: 1690.18, B: 84, W: 165, 
	(1385, 972, 1105, 1786, 2186, 1915, 1361, 2270, 1350, 1869, 1876, 2997, 2069, 1473, 843, 1706, 2526, 2321, 3657, 1571, 1499, 1753, 843, 1575, 1145, 789, 2168, 782, 704, 1850, 2892, 1812, 1542, 572, 784, 2195, 1758, 1101, 1827, 1508, 1534, 1052, 329, 1571, 1844, 1487, 2060, 1577, 1410, 1466, 1741, 3157, 1482, 1945, 2389, 2327, 1231, 2084, 3142, 3130, 1526, 1856, 2836, 1291, 1972, 2008, 1965, 730, 5283, 1308, 1521, 712, 2978, 1518, 2808, 4871, 1890, 1756, 2127, 1245, 1825, 1656, 1899, 3036, 1694, 1581, 2024, 676, 1780, 2391, 1753, 1289, 2671, 1130, 1360, 1992, 799, 1973, 1523, 1955, 336, 1270, 548, 1861, 1385, 1627, 804, 1101, 2600, 1314, 1929, 2271, 1284, 3244, 1619, 3026, 1577, 822, 1625, 3706, 1342, 1507, 1381, 1776, 2574, 2152, 4083, 2302, 3793, 1882, 1232, 533, 1194, 1076, 1464, 865, 1528, 811, 1972, 1204, 1494, 2810, 1448, 1864, 3258, 2343, 1875, 1894, 1480, 466, 841, 1106, 1015, 1759, 1696, 1246, 1424, 1297, 1870, 1110, 2162, 1141, 834, 1697, 969, 1341, 3266, 1947, 2374, 1058, 3387, 1487, 2016, 1319, 2650, 1517, 1491, 1936, 2412, 1547, 1048, 1736, 1468, 1467, 4230, 2419, 1036, 2216, 1662, 2904, 1131, 2062, 713, 1045, 1539, 1285, 758, 1321, 1666, 1780, 3688, 701, 446, 922, 1051, 1708, 1977, 1958, 2386, 1553, 805, 1760, 1037, 2186, 508, 1585, 1284, 629, 4743, 958, 2533, 945, 956, 867, 1248, 359, 1291, 3719, 2466, 1561, 399, 3056, 3483, 1049, 3319, 542, 1919, 1920, 684, 2709, 913, 1058, 1090, 1051, 2830, 804, 2463, 1793, 1342, 1307)
(112, 599): Mean: 1690.156, median: 1580.0, std: 782.717, percent: 1656.58, B: 148, W: 101, 
	(1713, 894, 1087, 1864, 2526, 1723, 1370, 2716, 1336, 2068, 1816, 2626, 2377, 1449, 876, 1609, 2435, 2241, 3534, 1558, 927, 1715, 804, 1706, 1084, 776, 1939, 966, 769, 2030, 2619, 1570, 1554, 545, 797, 2449, 1646, 1101, 2046, 1514, 1499, 1015, 335, 1712, 1668, 1302, 1856, 1498, 1302, 1566, 1686, 2710, 1351, 1933, 2328, 2214, 1023, 2005, 2936, 2988, 1305, 1842, 2718, 1138, 2210, 2513, 1793, 736, 4395, 1222, 1410, 617, 3144, 1607, 2217, 4604, 1918, 1865, 1741, 1408, 2081, 1673, 1962, 2774, 1414, 1512, 2094, 687, 1641, 2118, 2166, 1540, 2957, 924, 1378, 2204, 811, 1939, 1305, 1740, 318, 1171, 487, 1451, 1349, 1671, 862, 979, 2332, 1257, 2089, 2619, 1312, 3036, 1512, 2479, 1789, 711, 1495, 3152, 1399, 1366, 1590, 1764, 2938, 2025, 3698, 1850, 3632, 1960, 1406, 536, 1184, 1149, 1557, 833, 1558, 714, 1715, 1263, 1617, 3095, 1468, 1874, 3745, 2094, 1950, 1965, 1468, 437, 1207, 1139, 965, 2079, 1592, 1053, 1273, 1282, 1775, 1106, 2273, 1073, 859, 1837, 1007, 1252, 3218, 1642, 2357, 1000, 3415, 1327, 1909, 1355, 2458, 1397, 1483, 2236, 2638, 1224, 1199, 1816, 1207, 1419, 4079, 2139, 932, 2318, 1600, 2700, 1163, 1969, 682, 935, 1509, 1220, 772, 1295, 1694, 1877, 2932, 791, 416, 898, 973, 1510, 1950, 2036, 2360, 1756, 927, 1852, 1042, 1949, 531, 1620, 1268, 600, 3934, 1003, 2865, 894, 929, 914, 1220, 427, 1298, 3270, 2053, 1785, 461, 2406, 3377, 1150, 3453, 541, 2066, 1750, 657, 2673, 861, 1121, 1003, 1066, 2156, 818, 2255, 1695, 1309, 1216)
(113, 605): Mean: 1693.8, median: 1558.5, std: 801.268, percent: 1671.72, B: 126, W: 124, 
	(1519, 892, 1014, 1906, 2481, 1759, 1319, 2440, 1277, 2211, 1899, 2551, 2051, 1545, 831, 1676, 2621, 2251, 3135, 1463, 918, 1865, 797, 1713, 1053, 761, 2198, 902, 689, 2033, 2590, 1621, 1399, 566, 789, 2743, 1619, 1033, 1961, 1405, 1364, 891, 347, 1706, 1643, 1316, 1852, 1402, 1393, 1483, 1738, 2805, 1393, 1737, 2236, 2764, 1069, 2054, 2956, 2786, 1388, 2026, 2568, 1169, 2047, 2252, 1895, 804, 4505, 1279, 1492, 661, 3388, 1462, 2758, 3923, 2041, 2204, 1654, 1228, 1865, 1584, 1932, 2533, 1544, 1659, 1936, 618, 1744, 2208, 2014, 1400, 2281, 1083, 1185, 2057, 770, 1918, 1517, 1821, 329, 1198, 478, 1623, 1508, 1675, 859, 1005, 2570, 1306, 1863, 2478, 1357, 3419, 1481, 2777, 1721, 855, 1481, 3812, 1471, 1154, 1323, 1878, 3576, 1787, 4101, 2070, 3775, 1796, 1143, 560, 1094, 1030, 1572, 738, 1448, 677, 1759, 1146, 1448, 2794, 1507, 1962, 3128, 2216, 2165, 2121, 1416, 471, 1151, 1191, 959, 1875, 1797, 1080, 1339, 1374, 1701, 1231, 2032, 1135, 878, 1752, 980, 1390, 3553, 1923, 2841, 1117, 3633, 1319, 1963, 1253, 2778, 1378, 1493, 1878, 2267, 1185, 1185, 1636, 1203, 1803, 3581, 2361, 1113, 2005, 1638, 2809, 1103, 2049, 698, 932, 1469, 1284, 755, 1469, 1722, 1998, 3057, 743, 432, 911, 982, 1445, 1994, 1926, 2135, 1663, 796, 2163, 1046, 2018, 571, 1441, 1221, 620, 4683, 927, 2376, 882, 805, 800, 1063, 386, 1476, 3447, 2109, 1738, 404, 2706, 3606, 1111, 3093, 556, 2059, 1861, 642, 2424, 874, 1052, 1143, 1038, 2123, 806, 2481, 1772, 1237, 1382)
(114, 608): Mean: 1686.424, median: 1549.5, std: 806.356, percent: 1720.16, B: 132, W: 117, 
	(1534, 987, 1017, 1826, 2282, 1877, 1317, 2522, 1215, 2261, 1756, 2906, 2597, 1504, 767, 1506, 2887, 2083, 2887, 1453, 952, 1797, 727, 1640, 947, 750, 2490, 1042, 722, 1779, 2778, 1704, 1428, 506, 774, 2666, 1682, 1120, 1620, 1426, 1542, 913, 360, 1620, 1955, 1457, 2172, 1360, 1340, 1608, 1804, 2659, 1389, 1701, 2204, 2638, 968, 1974, 3284, 3117, 1335, 1817, 2802, 1048, 2039, 2060, 2059, 751, 4031, 1279, 1443, 623, 2719, 1736, 2455, 4907, 1957, 1847, 1528, 1267, 1778, 1625, 1990, 3167, 1511, 1446, 1839, 712, 1557, 1871, 1796, 1403, 2698, 950, 1432, 2262, 831, 1994, 1271, 1804, 355, 1319, 474, 1602, 1367, 1541, 893, 1049, 2165, 1202, 1872, 2262, 1267, 2670, 1479, 2482, 1846, 675, 1503, 3467, 1379, 1206, 1236, 1661, 3168, 2173, 3932, 2020, 4184, 1867, 1170, 452, 1112, 1097, 1621, 774, 1590, 725, 1682, 1242, 1431, 2894, 1572, 1608, 2922, 2193, 2046, 1805, 1398, 440, 916, 1138, 1077, 1922, 1795, 1100, 1382, 1317, 1722, 1164, 2293, 1042, 884, 1746, 1049, 1490, 3993, 1839, 2492, 1097, 3644, 1348, 1698, 1373, 2717, 1366, 1519, 1999, 2329, 1261, 1227, 1673, 1140, 1568, 4147, 2572, 1102, 1986, 1617, 2680, 1013, 1929, 703, 977, 1418, 1252, 773, 1267, 1619, 1726, 3594, 750, 434, 901, 983, 1725, 1817, 2118, 2482, 1540, 784, 1796, 1003, 2024, 518, 1481, 1227, 653, 3770, 932, 2503, 961, 889, 821, 1183, 419, 1396, 3141, 2244, 1781, 448, 2690, 3406, 1063, 3462, 554, 1932, 1831, 633, 2614, 950, 1038, 1168, 1010, 2203, 804, 2904, 1736, 1321, 1339)
(116, 615): Mean: 1683.18, median: 1549.0, std: 808.618, percent: 1685.56, B: 129, W: 119, 
	(1351, 944, 1042, 1959, 2238, 1625, 1512, 2620, 1336, 2266, 1585, 2790, 2121, 1677, 686, 1542, 2537, 2187, 3172, 1515, 979, 1597, 868, 1546, 1075, 793, 2537, 875, 697, 1784, 2795, 1891, 1522, 482, 923, 2426, 1594, 1148, 2003, 1567, 1400, 909, 406, 1679, 1870, 1334, 1766, 1532, 1291, 1556, 1710, 2625, 1189, 1747, 2189, 2324, 979, 2148, 2934, 2800, 1324, 1935, 2606, 1194, 1741, 2003, 1865, 796, 4417, 1247, 1534, 642, 2694, 1682, 2561, 4645, 1847, 1955, 1599, 1397, 1669, 1641, 1739, 3544, 1360, 1456, 2134, 623, 1495, 2103, 1964, 1370, 2603, 1026, 1190, 2055, 866, 2450, 1354, 1713, 320, 1233, 504, 1671, 1323, 1498, 871, 937, 2388, 1338, 1962, 2322, 1267, 3510, 1409, 2216, 1840, 821, 1633, 4276, 1389, 1210, 1395, 1845, 2957, 2363, 3435, 1989, 4075, 1804, 1206, 571, 1202, 1060, 1472, 769, 1563, 849, 2030, 1134, 1438, 2954, 1560, 2062, 2738, 1949, 1952, 1552, 1450, 449, 1007, 1130, 895, 1906, 1708, 1128, 1247, 1364, 1607, 1213, 2361, 1039, 850, 1956, 1135, 1298, 3746, 1835, 2440, 1054, 3039, 1214, 1857, 1235, 3076, 1374, 1456, 2020, 2412, 1326, 1030, 1894, 1311, 1446, 3854, 2474, 1046, 2131, 1778, 2892, 978, 2159, 677, 1032, 1316, 1379, 718, 1255, 1664, 1687, 3533, 766, 518, 959, 1017, 1433, 1664, 1899, 2726, 1544, 823, 1763, 1024, 1988, 467, 1582, 1166, 595, 4137, 884, 2540, 1003, 814, 678, 1248, 376, 1347, 3521, 2021, 1759, 411, 2288, 3148, 1118, 3574, 554, 1830, 1730, 637, 3220, 933, 1089, 1008, 1016, 2539, 767, 2214, 1839, 1133, 1308)
(121, 641): Mean: 1673.66, median: 1547.5, std: 786.32, percent: 1651.96, B: 131, W: 119, 
	(1341, 923, 983, 1926, 2747, 1766, 1516, 2765, 1212, 1910, 1610, 2985, 2125, 1395, 845, 1539, 2335, 2349, 3043, 1568, 1008, 1593, 832, 1536, 995, 773, 2149, 907, 698, 2001, 2649, 1768, 1564, 519, 773, 2321, 1599, 1146, 1696, 1504, 1541, 881, 347, 1663, 1774, 1299, 2103, 1343, 1408, 1658, 1670, 2406, 1347, 1885, 2315, 2383, 1127, 1920, 3566, 2926, 1464, 1876, 2679, 1095, 1970, 2092, 2171, 751, 4597, 1427, 1532, 615, 3272, 1565, 2744, 4430, 1658, 1684, 1612, 1277, 1775, 1861, 1715, 2823, 1617, 1407, 2095, 612, 1611, 2009, 1931, 1416, 2291, 968, 1338, 1951, 828, 2155, 1509, 1644, 343, 1257, 476, 1580, 1356, 1440, 846, 1019, 2496, 1325, 1824, 2386, 1327, 3477, 1390, 2640, 1808, 811, 1540, 3390, 1386, 1270, 1237, 2013, 3074, 1992, 3672, 1908, 3482, 1929, 1167, 496, 1238, 1113, 1483, 902, 1554, 785, 1819, 1329, 1337, 3023, 1657, 1854, 3055, 2171, 1755, 1861, 1371, 367, 802, 1188, 969, 1817, 1583, 1183, 1403, 1478, 1729, 1134, 1958, 1100, 824, 1816, 1032, 1395, 3319, 1779, 2549, 1100, 3451, 1247, 1667, 1396, 2602, 1396, 1457, 1588, 2633, 1242, 1014, 1717, 1387, 1484, 3948, 2244, 973, 1908, 1623, 3151, 1179, 1985, 687, 997, 1438, 1246, 730, 1339, 1693, 1739, 2997, 738, 428, 844, 1043, 1442, 1762, 2125, 2369, 1689, 752, 1641, 1050, 2116, 492, 1450, 1381, 549, 3421, 875, 2529, 978, 879, 842, 1287, 338, 1260, 3719, 2227, 1697, 402, 2712, 3134, 1230, 3245, 551, 1983, 1576, 626, 3259, 876, 1144, 1068, 943, 2456, 878, 2308, 1532, 1344, 1335)
(138, 742): Mean: 1676.452, median: 1573.0, std: 784.066, percent: 1695.26, B: 137, W: 112, 
	(1379, 990, 998, 2121, 2525, 1743, 1488, 2220, 1275, 2465, 1720, 2649, 2034, 1375, 787, 1518, 2281, 2157, 3278, 1441, 992, 2065, 770, 1765, 1121, 743, 2057, 828, 671, 1711, 2895, 1542, 1359, 461, 806, 2444, 1584, 1199, 2034, 1481, 1383, 985, 356, 1611, 1615, 1422, 1953, 1676, 1318, 1505, 1637, 2552, 1298, 1936, 2031, 2248, 999, 2174, 2993, 2973, 1434, 1809, 2484, 1052, 1964, 2261, 2012, 727, 4007, 1329, 1397, 638, 3240, 1728, 2618, 4575, 1720, 2152, 1560, 1249, 1850, 1613, 1734, 3179, 1384, 1591, 2008, 709, 1585, 2006, 1777, 1392, 2541, 915, 1368, 2334, 799, 2010, 1367, 1648, 406, 1081, 446, 1752, 1272, 1533, 821, 1036, 2456, 1244, 1994, 2451, 1289, 3363, 1315, 2439, 1920, 726, 1727, 3483, 1354, 1264, 1455, 1993, 3265, 1951, 3822, 1961, 3385, 1797, 1179, 496, 1176, 1005, 1431, 831, 1726, 692, 1744, 1335, 1331, 3150, 1583, 1694, 3427, 2150, 2076, 1715, 1462, 479, 952, 1134, 948, 2033, 1747, 1174, 1312, 1377, 1662, 1186, 2194, 1102, 851, 1777, 1208, 1374, 3062, 2196, 2612, 1054, 3091, 1246, 1944, 1276, 2775, 1309, 1475, 1762, 2440, 1282, 1092, 1896, 1281, 1638, 3506, 2412, 1097, 2229, 1650, 2903, 1173, 1743, 692, 1019, 1600, 1214, 740, 1208, 1672, 1850, 3816, 663, 460, 918, 1014, 1563, 1731, 1997, 2406, 1614, 815, 1858, 1105, 1837, 564, 1543, 1300, 550, 3886, 913, 2460, 900, 1027, 869, 1168, 367, 1367, 3462, 2082, 1606, 413, 2264, 3658, 1047, 3153, 516, 1859, 2004, 635, 3016, 913, 1039, 1116, 1024, 2120, 782, 2490, 1360, 1264, 1323)
(144, 778): Mean: 1672.704, median: 1560.5, std: 755.644, percent: 1684.72, B: 115, W: 134, 
	(1424, 965, 1016, 2030, 2259, 1683, 1364, 2707, 1313, 2244, 1658, 2781, 2664, 1522, 747, 1630, 2333, 2072, 2991, 1493, 997, 1737, 801, 1352, 1117, 772, 2323, 1003, 700, 1863, 2719, 1753, 1414, 504, 830, 2508, 1611, 1126, 1913, 1483, 1546, 1042, 344, 1611, 1986, 1269, 1853, 1284, 1268, 1602, 1652, 2470, 1238, 1809, 2291, 2542, 1045, 2210, 2748, 3017, 1532, 2183, 2715, 1216, 2157, 2172, 1842, 765, 3489, 1234, 1335, 616, 3177, 1725, 2494, 3476, 1918, 1923, 1621, 1228, 1655, 1799, 1670, 2801, 1496, 1646, 2312, 594, 1402, 2127, 1811, 1602, 2338, 997, 1187, 1716, 821, 1892, 1589, 1793, 365, 1176, 576, 1516, 1387, 1492, 879, 1007, 2384, 1278, 1702, 2454, 1306, 2794, 1457, 2812, 1907, 744, 1700, 3407, 1429, 1232, 1425, 1798, 3352, 2063, 3888, 1891, 3692, 1964, 1182, 544, 1025, 1224, 1488, 750, 1454, 766, 1614, 1073, 1374, 3357, 1461, 1697, 2978, 2240, 2224, 2049, 1324, 521, 978, 1141, 1007, 1825, 1603, 1153, 1380, 1387, 1750, 1246, 2018, 1067, 857, 1814, 1062, 1484, 2961, 1911, 2473, 1055, 3082, 1368, 1932, 1418, 2701, 1595, 1560, 1964, 2363, 1152, 1080, 1783, 1314, 1526, 4009, 2543, 1034, 2127, 1746, 3103, 1052, 2125, 700, 986, 1467, 1330, 728, 1339, 1779, 2068, 3648, 734, 408, 875, 929, 1409, 2010, 1934, 2390, 1540, 841, 1571, 1093, 1855, 488, 1561, 1324, 567, 3748, 934, 2757, 967, 880, 933, 1266, 357, 1317, 3138, 2248, 1674, 364, 2321, 3250, 1050, 2767, 555, 2125, 1570, 728, 3214, 895, 1230, 1020, 1036, 2262, 718, 2410, 1664, 1378, 1340)
(145, 780): Mean: 1679.0, median: 1576.5, std: 780.039, percent: 1658.78, B: 124, W: 123, 
	(1430, 956, 1064, 2008, 2931, 1790, 1488, 2562, 1369, 2210, 1816, 2948, 2233, 1381, 675, 1561, 2166, 1988, 2992, 1548, 962, 1858, 871, 1600, 1069, 865, 2068, 859, 734, 1924, 2302, 1661, 1528, 539, 842, 2549, 1647, 977, 1938, 1631, 1349, 936, 329, 1706, 1798, 1328, 1986, 1343, 1253, 1443, 1905, 2449, 1375, 1863, 2222, 2798, 994, 2039, 3183, 2770, 1362, 1807, 3010, 1198, 1875, 2180, 1622, 675, 4215, 1315, 1381, 644, 3547, 1579, 2476, 3829, 2082, 1720, 1549, 1334, 1722, 1574, 1848, 3127, 1567, 1449, 2195, 679, 1568, 2166, 1832, 1378, 2555, 1056, 1218, 1970, 777, 2301, 1328, 1823, 355, 1132, 481, 1583, 1327, 1635, 824, 1061, 2295, 1209, 1940, 2471, 1272, 3821, 1487, 2519, 1660, 765, 1344, 3539, 1312, 1235, 1363, 1988, 3406, 2328, 3720, 1936, 3567, 1883, 1149, 491, 1220, 1166, 1747, 834, 1529, 843, 1812, 1287, 1351, 3091, 1613, 1697, 2848, 2118, 2065, 1815, 1422, 369, 974, 1138, 952, 1986, 1746, 1099, 1381, 1287, 1600, 1174, 2274, 1150, 917, 1849, 1132, 1256, 3519, 1714, 2897, 1046, 3359, 1330, 1915, 1587, 2986, 1595, 1519, 1591, 2347, 1369, 1134, 1692, 1083, 1801, 3505, 2282, 970, 2442, 1657, 2787, 1103, 2004, 692, 983, 1355, 1185, 701, 1273, 1830, 1883, 2493, 799, 419, 936, 1021, 1406, 1794, 1931, 2500, 1640, 782, 1775, 1033, 1936, 506, 1463, 1302, 632, 3957, 944, 2640, 893, 887, 1005, 1306, 360, 1419, 3988, 2073, 1780, 497, 2301, 2812, 1108, 3262, 497, 1928, 1768, 637, 2814, 883, 1134, 1132, 1036, 2090, 827, 2099, 1645, 1247, 1295)
(147, 791): Mean: 1681.748, median: 1604.0, std: 781.711, percent: 1680.66, B: 129, W: 119, 
	(1443, 980, 1084, 1832, 2109, 1711, 1258, 2345, 1330, 2140, 1715, 2390, 2233, 1578, 825, 1775, 2653, 2025, 3110, 1590, 951, 1489, 741, 1735, 1039, 799, 2051, 837, 755, 2087, 2552, 1634, 1603, 515, 781, 2370, 1701, 1030, 1655, 1355, 1435, 920, 316, 1671, 1730, 1623, 1965, 1393, 1332, 1613, 1681, 2536, 1385, 1747, 2219, 2454, 1033, 2350, 2978, 2835, 1275, 1988, 2772, 1163, 2016, 2242, 1669, 706, 4061, 1486, 1371, 644, 2925, 1490, 2559, 3795, 1775, 2059, 1902, 1156, 1670, 1815, 1825, 2640, 1725, 1598, 2063, 572, 1652, 2373, 1843, 1396, 2687, 914, 1439, 1967, 764, 2226, 1490, 1774, 392, 1317, 485, 1497, 1400, 1510, 970, 1076, 2418, 1197, 1782, 2397, 1408, 3126, 1461, 2515, 1767, 829, 1383, 3457, 1245, 1118, 1321, 1888, 3184, 2148, 4039, 1987, 3557, 1891, 1233, 532, 1100, 994, 1601, 745, 1713, 764, 1868, 1279, 1225, 3038, 1615, 1965, 3370, 2438, 2003, 2135, 1421, 436, 943, 1088, 931, 1946, 1900, 1108, 1265, 1383, 1691, 1222, 2119, 1053, 846, 1805, 1101, 1236, 3261, 1852, 3172, 1124, 3285, 1208, 1942, 1188, 2432, 1377, 1431, 1507, 2636, 1213, 1095, 1839, 1282, 1616, 3286, 2449, 1026, 2075, 1598, 3107, 1157, 1984, 736, 1080, 1397, 1275, 744, 1227, 1749, 1777, 3270, 808, 492, 841, 1012, 1605, 1954, 2232, 2693, 1627, 739, 1759, 1027, 1880, 530, 1726, 1322, 754, 4564, 833, 2400, 951, 810, 865, 1179, 380, 1253, 3744, 2202, 1743, 430, 2471, 3419, 1004, 3474, 499, 1941, 1853, 682, 2920, 875, 1066, 1073, 1050, 2088, 756, 2602, 1880, 1334, 1312)
(148, 793): Mean: 1672.472, median: 1545.5, std: 767.847, percent: 1651.64, B: 130, W: 119, 
	(1419, 1012, 966, 1838, 2669, 1925, 1393, 2356, 1307, 2075, 1910, 2543, 2113, 1458, 876, 1596, 2814, 2267, 3427, 1682, 983, 1659, 924, 1696, 1047, 755, 2563, 875, 745, 2095, 2330, 1543, 1465, 501, 802, 2362, 1715, 1087, 1834, 1444, 1508, 912, 368, 1565, 1702, 1342, 2315, 1493, 1411, 1396, 1582, 2590, 1268, 1720, 2345, 2600, 937, 2037, 2978, 3294, 1269, 1914, 2555, 1335, 1658, 2068, 1854, 692, 4347, 1437, 1672, 675, 2758, 1720, 2235, 3846, 1664, 1969, 1842, 1376, 1661, 1586, 2103, 3338, 1444, 1683, 1882, 700, 1590, 2225, 1794, 1282, 2373, 1020, 1584, 2009, 806, 2070, 1413, 1825, 395, 1105, 547, 1511, 1299, 1526, 830, 1068, 2533, 1325, 1829, 2333, 1255, 2744, 1382, 2550, 1686, 769, 1306, 3274, 1298, 1192, 1476, 1893, 2909, 2048, 3649, 2268, 3030, 1914, 1331, 509, 1263, 1031, 1426, 755, 1548, 774, 1827, 1357, 1389, 2981, 1460, 1766, 2979, 2095, 1936, 1928, 1456, 507, 1177, 1136, 953, 1768, 1692, 1150, 1326, 1226, 1626, 1339, 2112, 1171, 863, 1614, 1019, 1352, 3511, 1618, 2798, 1119, 3415, 1304, 2063, 1157, 2394, 1340, 1475, 1649, 2539, 1279, 1049, 1918, 1312, 1521, 3812, 2106, 1011, 1921, 1658, 2846, 977, 1921, 712, 1072, 1409, 1369, 777, 1432, 1586, 1823, 3176, 736, 468, 911, 1023, 1539, 1953, 2037, 2407, 1603, 841, 1883, 1144, 2005, 540, 1384, 1332, 646, 4323, 924, 2350, 940, 889, 816, 1224, 368, 1305, 3557, 2307, 1603, 347, 2467, 3517, 1157, 3447, 578, 1732, 1895, 672, 2978, 824, 1018, 1107, 1021, 2633, 733, 2198, 1628, 1268, 1277)
(149, 798): Mean: 1643.496, median: 1546.0, std: 752.489, percent: 1621.4, B: 137, W: 112, 
	(1495, 888, 946, 1683, 2218, 1758, 1408, 2594, 1198, 2309, 1755, 2645, 2038, 1585, 813, 1458, 2365, 2099, 3084, 1585, 1173, 1770, 792, 1494, 964, 787, 1980, 900, 734, 1599, 2766, 1555, 1375, 503, 815, 2205, 1733, 1026, 1742, 1495, 1321, 1127, 361, 1388, 1734, 1397, 1869, 1395, 1335, 1579, 1611, 2426, 1344, 1662, 2321, 2332, 996, 2236, 3009, 2841, 1389, 1917, 2937, 1204, 1703, 2307, 1596, 683, 4428, 1324, 1586, 617, 2711, 1374, 2283, 3913, 1805, 1825, 1718, 1415, 1714, 1640, 1728, 2946, 1595, 1420, 2134, 584, 1458, 2049, 1826, 1519, 2020, 1012, 1213, 2102, 794, 2198, 1267, 1648, 347, 1105, 456, 1458, 1484, 1551, 743, 973, 2332, 1156, 1913, 2641, 1180, 2988, 1689, 2451, 1717, 671, 1546, 3699, 1271, 1158, 1382, 1661, 2544, 2140, 3902, 1730, 3518, 1732, 1190, 456, 1087, 1081, 1612, 773, 1683, 804, 2046, 1181, 1421, 2880, 1350, 1654, 2934, 2026, 1958, 1711, 1510, 469, 972, 1321, 986, 1774, 1753, 1062, 1247, 1348, 1754, 1051, 2095, 921, 911, 1658, 1032, 1304, 3131, 1691, 2410, 1152, 3314, 1196, 2188, 1226, 2524, 1415, 1371, 2034, 2764, 1319, 1100, 1978, 1180, 1523, 3548, 2108, 1150, 2168, 1822, 2516, 1127, 2007, 754, 1028, 1392, 1118, 756, 1429, 1546, 1723, 3223, 706, 447, 860, 976, 1557, 1863, 1945, 2432, 1530, 820, 1794, 1104, 1914, 476, 1432, 1302, 614, 4034, 915, 2525, 894, 881, 825, 1248, 383, 1404, 3457, 2220, 1876, 416, 2802, 3096, 1092, 3043, 555, 1892, 1727, 710, 2927, 796, 1078, 1126, 1070, 2310, 892, 2027, 1857, 1513, 1209)
(166, 895): Mean: 1645.896, median: 1557.0, std: 741.107, percent: 1664.7, B: 131, W: 119, 
	(1428, 1040, 1091, 1834, 2219, 2044, 1354, 2451, 1281, 2348, 1790, 2569, 2279, 1521, 958, 1570, 2427, 1878, 3792, 1576, 1135, 1614, 713, 1541, 951, 719, 2077, 833, 730, 2485, 2759, 1663, 1349, 494, 788, 2373, 1788, 1199, 1564, 1485, 1390, 888, 390, 1578, 1715, 1313, 1736, 1281, 1290, 1602, 1701, 2406, 1413, 1961, 2384, 2372, 1033, 2130, 3238, 2746, 1261, 1862, 2392, 1046, 1662, 1964, 1511, 693, 3772, 1174, 1415, 642, 3175, 1553, 3140, 4017, 1734, 1734, 1881, 1269, 1721, 1502, 1622, 3304, 1644, 1548, 1759, 610, 1464, 2093, 1905, 1393, 2545, 929, 1316, 2327, 767, 1965, 1321, 2046, 407, 1224, 551, 1879, 1385, 1425, 810, 1054, 2168, 1248, 1853, 2103, 1143, 2877, 1456, 2309, 1599, 826, 1792, 3265, 1372, 1268, 1369, 2032, 2616, 2072, 3194, 2042, 3588, 1981, 1300, 519, 1063, 1076, 1472, 858, 1439, 802, 1857, 1216, 1311, 2881, 1512, 1813, 2703, 1890, 1932, 1781, 1615, 397, 986, 1150, 915, 1844, 1731, 1134, 1314, 1396, 1599, 1164, 2148, 1102, 876, 1708, 1091, 1440, 3116, 1705, 2548, 1123, 3268, 1268, 1896, 1216, 2436, 1344, 1561, 1603, 2469, 1386, 1083, 1723, 1140, 1755, 3291, 2261, 1052, 2130, 1729, 2580, 998, 1678, 709, 1046, 1359, 1131, 748, 1334, 1674, 1789, 2963, 778, 425, 834, 947, 1639, 1753, 1942, 2397, 1665, 747, 1814, 1078, 2051, 516, 1460, 1288, 579, 3585, 904, 2722, 915, 958, 800, 1180, 414, 1355, 3687, 2242, 1790, 392, 2538, 3282, 1111, 3312, 532, 1981, 1716, 669, 2588, 899, 1026, 1060, 999, 2276, 752, 2448, 1839, 1325, 1254)
(168, 907): Mean: 1642.988, median: 1553.5, std: 739.465, percent: 1647.4, B: 118, W: 132, 
	(1469, 936, 977, 1898, 2352, 1844, 1444, 2459, 1244, 2329, 1513, 2786, 2059, 1519, 747, 1527, 2418, 2081, 3154, 1461, 1078, 1731, 828, 1606, 1019, 859, 1831, 888, 648, 2004, 2680, 1512, 1483, 446, 872, 2039, 1752, 1112, 1741, 1511, 1406, 975, 352, 1608, 1736, 1272, 1876, 1387, 1478, 1648, 1605, 2415, 1375, 1812, 2418, 2570, 1061, 2031, 2691, 2735, 1478, 1933, 2155, 1133, 1726, 2196, 1739, 723, 4126, 1249, 1617, 656, 3063, 1577, 2310, 4183, 1605, 1824, 1835, 1212, 1790, 1741, 1665, 3243, 1314, 1399, 1942, 647, 1776, 2003, 1730, 1441, 2656, 1003, 1326, 2079, 796, 1972, 1364, 1766, 337, 1086, 422, 1584, 1408, 1545, 800, 1144, 2111, 1232, 1741, 2827, 1163, 2751, 1478, 2602, 1856, 938, 1523, 3518, 1486, 1162, 1252, 1695, 3033, 2030, 3290, 1931, 3138, 1730, 1194, 456, 1127, 1019, 1499, 843, 1824, 735, 1968, 1172, 1600, 3131, 1564, 1766, 2518, 2139, 2076, 1676, 1436, 423, 955, 1030, 945, 1968, 1958, 1158, 1439, 1504, 1637, 1117, 2028, 1019, 889, 1890, 905, 1371, 3255, 1612, 2410, 1048, 3178, 1364, 1914, 1286, 2211, 1443, 1520, 1908, 2384, 1278, 1045, 1743, 1247, 1689, 4048, 2216, 1130, 2213, 1626, 2495, 1107, 1973, 769, 950, 1561, 1188, 775, 1495, 1784, 1546, 2668, 729, 469, 897, 950, 1575, 1868, 1943, 2492, 1577, 885, 1892, 942, 1836, 548, 1376, 1244, 681, 4153, 916, 2732, 961, 814, 854, 1174, 377, 1395, 3054, 2223, 1603, 375, 2701, 3181, 982, 2853, 516, 2138, 1658, 699, 2950, 795, 1113, 1108, 1014, 2361, 810, 2225, 1485, 1223, 1228)
(171, 924): Mean: 1660.068, median: 1561.5, std: 767.408, percent: 1665.66, B: 126, W: 124, 
	(1366, 852, 966, 1961, 2448, 1829, 1437, 2467, 1281, 2058, 1712, 2717, 2189, 1417, 887, 1478, 2725, 2384, 2977, 1585, 1039, 1575, 834, 1601, 1069, 745, 1905, 915, 701, 1735, 2620, 1778, 1613, 475, 820, 2529, 1599, 1105, 1716, 1698, 1342, 871, 343, 1508, 1746, 1565, 2016, 1307, 1477, 1438, 1704, 2444, 1408, 1805, 2070, 2419, 1026, 1908, 3085, 3065, 1395, 2056, 2610, 1149, 1837, 2183, 1715, 719, 4652, 1247, 1386, 642, 3023, 1611, 2539, 3998, 1728, 1905, 1593, 1321, 1710, 1634, 1812, 3434, 1435, 1695, 2181, 660, 1550, 2038, 1707, 1275, 2787, 909, 1296, 2005, 823, 2183, 1318, 1735, 377, 1180, 554, 1675, 1345, 1530, 781, 975, 2415, 1162, 1939, 2168, 1342, 2832, 1371, 2333, 1723, 823, 1511, 3684, 1446, 1089, 1377, 1899, 3027, 2275, 3809, 2056, 3665, 1975, 1178, 573, 1159, 1136, 1515, 788, 1511, 985, 2095, 1367, 1558, 2637, 1436, 1915, 3030, 2178, 1820, 1601, 1328, 493, 863, 1164, 895, 1963, 1515, 1166, 1355, 1321, 1629, 1258, 2105, 1100, 890, 1666, 992, 1309, 3155, 1926, 2424, 1191, 2914, 1362, 1743, 1225, 2604, 1412, 1492, 1870, 2319, 1220, 1173, 1754, 1251, 1649, 3756, 2399, 1046, 2019, 1722, 2591, 1116, 1759, 705, 991, 1509, 1271, 789, 1343, 1574, 1614, 3078, 728, 470, 848, 1028, 1587, 1865, 2079, 2568, 1665, 751, 1794, 975, 1886, 549, 1454, 1214, 640, 4263, 912, 2449, 976, 852, 842, 1250, 347, 1251, 3660, 1990, 1596, 357, 2754, 3107, 1080, 2965, 520, 2015, 1649, 708, 2852, 816, 1002, 967, 1044, 2172, 791, 2447, 1836, 1459, 1338)
(173, 934): Mean: 1667.944, median: 1551.5, std: 783.762, percent: 1649.46, B: 131, W: 118, 
	(1539, 897, 987, 1727, 2415, 1754, 1350, 2294, 1237, 2230, 1595, 2732, 2060, 1503, 821, 1493, 2456, 2099, 2846, 1543, 1054, 1683, 828, 1725, 1112, 727, 2199, 841, 672, 1762, 2354, 1565, 1500, 468, 774, 2361, 1526, 1090, 1710, 1352, 1681, 1210, 349, 1442, 1689, 1555, 2313, 1346, 1950, 1570, 1882, 2448, 1185, 1703, 1929, 2169, 1006, 2210, 3087, 3213, 1485, 1623, 2885, 1323, 2117, 2212, 1679, 698, 4722, 1142, 1287, 650, 3051, 1557, 2257, 3804, 1593, 1983, 1757, 1214, 1879, 1458, 1655, 2892, 1507, 1633, 2014, 654, 1435, 2213, 1687, 1328, 2291, 936, 1143, 2126, 768, 2064, 1428, 1768, 404, 1132, 493, 1743, 1588, 1664, 761, 1048, 2424, 1135, 1996, 2213, 1307, 2821, 1394, 2691, 1655, 805, 1497, 3261, 1335, 1168, 1445, 2045, 2707, 2073, 3896, 1967, 3457, 1800, 1148, 509, 1156, 1158, 1562, 926, 1529, 789, 1959, 1276, 1245, 2992, 1472, 1829, 3354, 2631, 2341, 1679, 1475, 374, 1014, 992, 986, 1840, 1993, 1099, 1283, 1178, 1687, 1194, 2175, 1209, 878, 1889, 996, 1452, 3730, 1833, 2449, 1162, 4008, 1202, 1840, 1215, 2956, 1418, 1434, 2072, 2578, 1308, 1032, 1840, 1371, 1880, 3489, 2459, 1031, 2019, 1647, 2742, 995, 1755, 671, 978, 1413, 1299, 729, 1520, 1626, 1536, 3231, 707, 408, 909, 956, 1472, 1897, 2247, 2336, 1551, 789, 1704, 966, 2096, 510, 1390, 1273, 592, 4333, 934, 2337, 955, 821, 828, 1277, 333, 1343, 3316, 2072, 1593, 476, 2827, 3364, 1235, 3500, 545, 1813, 1572, 671, 2876, 959, 1080, 1151, 1035, 2184, 715, 2364, 1552, 1559, 1165)
(174, 936): Mean: 1652.98, median: 1527.5, std: 763.021, percent: 1625.82, B: 128, W: 121, 
	(1439, 953, 1094, 2039, 2162, 1964, 1398, 2880, 1174, 2089, 1745, 2526, 2497, 1464, 891, 1650, 2124, 1975, 3052, 1487, 1164, 1567, 872, 1432, 1102, 755, 2117, 867, 711, 1863, 2727, 1504, 1353, 458, 824, 2331, 1578, 1043, 1810, 1617, 1225, 1036, 344, 1423, 1665, 1346, 1791, 1427, 1335, 1594, 1638, 2247, 1317, 1852, 2417, 2648, 1155, 1874, 2863, 2864, 1483, 1726, 2674, 1220, 1860, 2286, 1651, 718, 4759, 1288, 1466, 719, 3008, 1650, 2464, 4051, 2016, 2219, 1690, 1329, 1690, 1711, 1938, 2920, 1489, 1561, 1775, 651, 1598, 2222, 1782, 1375, 2450, 924, 1317, 2048, 761, 2136, 1457, 1726, 453, 1112, 456, 1635, 1378, 1522, 844, 1031, 2226, 1284, 1939, 2566, 1340, 2934, 1474, 2304, 1673, 716, 1394, 3388, 1274, 1149, 1447, 1690, 3005, 1918, 3752, 2104, 3423, 1772, 1234, 544, 1199, 1063, 1645, 748, 1533, 779, 1679, 1193, 1359, 2746, 1461, 1700, 3298, 2239, 1851, 1727, 1502, 422, 886, 1083, 1008, 1771, 1655, 1167, 1228, 1322, 1702, 1238, 2155, 1012, 918, 1704, 964, 1262, 3304, 1618, 2868, 1066, 3144, 1296, 2014, 1140, 2726, 1412, 1425, 1866, 2293, 1344, 1118, 1846, 1230, 1466, 3247, 2118, 1016, 2168, 1644, 2541, 981, 1973, 712, 1029, 1413, 1256, 795, 1681, 1580, 1658, 3221, 728, 423, 894, 1049, 1462, 1774, 1958, 2414, 1676, 836, 1862, 996, 1759, 505, 1511, 1212, 656, 4415, 947, 2641, 921, 846, 792, 1155, 366, 1338, 3382, 2295, 1801, 437, 2657, 3172, 1024, 3436, 510, 2007, 1791, 674, 2897, 793, 1150, 1054, 1126, 2140, 811, 2086, 1661, 1349, 1280)
(175, 942): Mean: 1658.492, median: 1542.5, std: 755.046, percent: 1683.16, B: 123, W: 126, 
	(1456, 929, 1089, 1842, 2491, 1946, 1425, 2899, 1180, 2251, 1755, 2618, 2369, 1343, 856, 1534, 2605, 2209, 3497, 1494, 1008, 1607, 787, 1557, 1037, 858, 2036, 817, 696, 1792, 2624, 1711, 1452, 485, 763, 2241, 1702, 1040, 1777, 1597, 1451, 955, 320, 1653, 1826, 1280, 1913, 1323, 1397, 1533, 1721, 2561, 1395, 1697, 2130, 2286, 1092, 1975, 2985, 2905, 1232, 1952, 2634, 1105, 1724, 2038, 1782, 703, 3734, 1454, 1407, 622, 2880, 1494, 2599, 4038, 1936, 1984, 1638, 1366, 1727, 1606, 1830, 2997, 1720, 1544, 2463, 691, 1682, 2128, 1694, 1295, 2477, 995, 1219, 1835, 771, 2077, 1323, 1846, 380, 1213, 567, 1448, 1420, 1591, 790, 1030, 2379, 1144, 1767, 2224, 1336, 3015, 1407, 2241, 1774, 821, 1541, 3214, 1247, 1200, 1412, 1642, 2679, 2023, 3968, 2167, 3327, 1950, 1229, 515, 1226, 1115, 1448, 817, 1392, 766, 1746, 1194, 1473, 2577, 1595, 1742, 3096, 2199, 2141, 1892, 1532, 395, 977, 1100, 965, 1903, 1633, 1222, 1367, 1227, 1697, 1144, 2034, 1106, 878, 1760, 1075, 1244, 3438, 1704, 2549, 1066, 3424, 1363, 1841, 1281, 2820, 1359, 1490, 1821, 2486, 1275, 1138, 1986, 1263, 1678, 3542, 2396, 1031, 1998, 1699, 2418, 1121, 2072, 771, 982, 1498, 1176, 757, 1389, 1649, 1475, 2928, 674, 439, 828, 1065, 1609, 1987, 2150, 2561, 1635, 757, 1903, 1086, 2058, 534, 1414, 1336, 539, 4137, 879, 2650, 885, 853, 779, 1064, 382, 1412, 3810, 2264, 1778, 403, 2603, 3335, 1098, 2720, 533, 2221, 1894, 682, 2701, 863, 965, 1221, 1037, 2200, 807, 2415, 1659, 1350, 1210)
(177, 950): Mean: 1668.54, median: 1558.0, std: 778.25, percent: 1664.44, B: 125, W: 124, 
	(1497, 927, 1010, 1988, 2900, 1940, 1482, 2729, 1236, 1942, 1570, 2563, 2593, 1591, 868, 1775, 2511, 1997, 3008, 1490, 1052, 1475, 808, 1556, 1057, 751, 2311, 975, 686, 1877, 2449, 1560, 1390, 477, 781, 2421, 1737, 1097, 1869, 1463, 1508, 971, 383, 1792, 1758, 1365, 1823, 1619, 1315, 1477, 1649, 2770, 1194, 1727, 2175, 2378, 1034, 2063, 2651, 2668, 1260, 1840, 2831, 1282, 1757, 2291, 1591, 685, 5053, 1334, 1518, 625, 2874, 1433, 2978, 4525, 1800, 1875, 1608, 1314, 1969, 1594, 1750, 3296, 1599, 1544, 2105, 663, 1733, 2118, 2015, 1427, 2711, 1020, 1169, 1991, 751, 1982, 1456, 1802, 441, 1067, 533, 1594, 1368, 1596, 822, 1076, 2245, 1164, 1680, 2105, 1263, 3577, 1461, 2209, 1642, 862, 1451, 3025, 1419, 1261, 1388, 2006, 2703, 2209, 3781, 1939, 3319, 1862, 1226, 488, 1225, 1140, 1407, 803, 1596, 845, 1588, 1103, 1362, 2927, 1520, 1751, 2601, 2061, 1910, 1685, 1551, 408, 917, 1098, 1104, 1909, 1720, 1069, 1268, 1311, 1883, 1214, 2365, 1119, 937, 1908, 965, 1283, 3461, 1859, 2786, 1095, 3161, 1270, 1968, 1283, 2907, 1399, 1382, 1765, 2434, 1322, 1169, 1719, 1369, 1540, 3739, 1990, 1056, 2161, 1638, 2360, 1204, 1692, 651, 1011, 1179, 1155, 673, 1354, 1623, 1899, 2922, 733, 435, 876, 1031, 1628, 2228, 2025, 2336, 1714, 903, 2086, 1168, 1989, 491, 1364, 1176, 583, 3450, 945, 2779, 900, 868, 730, 1096, 379, 1348, 3805, 2009, 2038, 412, 2801, 3349, 1046, 3418, 474, 1979, 1812, 679, 2896, 904, 1112, 1133, 1000, 2082, 810, 2238, 1657, 1476, 1315)
(178, 955): Mean: 1666.192, median: 1550.0, std: 774.84, percent: 1676.54, B: 134, W: 116, 
	(1526, 975, 1009, 1825, 2127, 1931, 1429, 2414, 1179, 2226, 1542, 2474, 2187, 1522, 844, 1564, 2498, 2293, 2858, 1448, 1182, 1699, 840, 1685, 1003, 732, 2062, 852, 708, 1902, 2612, 1655, 1681, 525, 790, 2254, 1686, 1009, 2466, 1403, 1481, 991, 344, 1586, 1860, 1305, 2030, 1429, 1328, 1464, 1761, 2639, 1297, 1683, 2131, 2294, 1099, 2307, 2879, 3073, 1575, 1779, 2480, 1223, 2051, 2123, 1728, 746, 4407, 1374, 1572, 694, 2934, 1492, 2855, 4523, 1668, 1848, 1714, 1313, 1703, 1778, 1724, 3131, 1528, 1504, 2005, 642, 1585, 2252, 1824, 1262, 2372, 950, 1316, 2140, 712, 2293, 1367, 1744, 391, 1118, 451, 1628, 1392, 1475, 784, 1071, 2416, 1227, 1648, 2328, 1345, 3522, 1555, 2968, 1730, 927, 1397, 3308, 1161, 1179, 1294, 1825, 2876, 2147, 3975, 1795, 3386, 1801, 1195, 446, 1076, 1034, 1445, 770, 1556, 770, 1681, 1300, 1339, 2910, 1597, 1828, 2798, 1985, 1806, 1639, 1545, 442, 1412, 1117, 962, 1933, 1912, 1170, 1501, 1317, 1532, 1288, 2237, 1112, 884, 1742, 979, 1397, 3308, 1739, 2720, 1038, 3377, 1434, 1839, 1161, 2491, 1476, 1383, 1822, 2695, 1211, 1178, 2080, 1213, 1472, 3894, 2299, 1093, 2031, 1650, 2500, 1033, 1974, 658, 1083, 1290, 1217, 728, 1312, 1537, 1814, 2975, 684, 427, 882, 974, 1605, 1988, 2112, 2389, 1579, 718, 1769, 1018, 1908, 567, 1460, 1394, 653, 3974, 949, 2513, 910, 844, 738, 1174, 396, 1398, 3407, 2520, 1720, 394, 2441, 3325, 1044, 3630, 482, 1781, 1582, 715, 2956, 908, 1045, 1070, 1039, 2217, 874, 2019, 1639, 1409, 1277)
(180, 964): Mean: 1657.884, median: 1562.5, std: 782.368, percent: 1621.72, B: 128, W: 121, 
	(1370, 859, 1089, 1997, 2134, 1771, 1507, 2394, 1244, 2234, 1552, 2761, 2474, 1500, 772, 1493, 2305, 2061, 3456, 1584, 1107, 1786, 806, 1500, 1048, 753, 2014, 935, 733, 1772, 2772, 1664, 1381, 455, 793, 2370, 1746, 1007, 1761, 1496, 1369, 922, 349, 1693, 1940, 1435, 1778, 1407, 1389, 1596, 1812, 2482, 1323, 1805, 2225, 2383, 1062, 2038, 2836, 2837, 1236, 2111, 2743, 1117, 1706, 1990, 1722, 711, 4427, 1223, 1478, 638, 2818, 1581, 2329, 4188, 1772, 1914, 1583, 1326, 1962, 1696, 1894, 3759, 1398, 1488, 2307, 692, 1761, 2123, 1818, 1617, 2535, 963, 1310, 2006, 807, 1973, 1359, 1860, 304, 1151, 589, 1576, 1262, 1545, 827, 1020, 2407, 1197, 1714, 2025, 1300, 3520, 1511, 2943, 1821, 816, 1314, 4096, 1274, 1115, 1365, 1700, 2939, 1889, 3490, 2136, 3644, 1906, 1132, 481, 1056, 1117, 1577, 826, 1573, 687, 1976, 1131, 1259, 3290, 1638, 1898, 3367, 2019, 1793, 1895, 1352, 533, 955, 1385, 1003, 1827, 1711, 1130, 1345, 1372, 1669, 1266, 2117, 1091, 884, 1701, 998, 1222, 3255, 1751, 2146, 1072, 3633, 1313, 1932, 1232, 2408, 1363, 1452, 1780, 2462, 1230, 1085, 1744, 1340, 1489, 3934, 2000, 1077, 2153, 1668, 2577, 1075, 1820, 631, 1008, 1488, 1200, 747, 1401, 1730, 1701, 2576, 730, 447, 845, 982, 1506, 1756, 2156, 2374, 1575, 869, 1875, 1125, 1754, 500, 1374, 1311, 550, 3928, 901, 2278, 880, 860, 757, 1235, 418, 1376, 3380, 2028, 1751, 436, 2407, 3437, 1081, 3413, 448, 2067, 1788, 636, 2850, 860, 1064, 1166, 1014, 2028, 820, 2067, 1736, 1214, 1195)
(181, 969): Mean: 1643.404, median: 1534.0, std: 742.915, percent: 1620.48, B: 126, W: 123, 
	(1579, 856, 1036, 1705, 2175, 1913, 1409, 2467, 1255, 2104, 1668, 2492, 2022, 1409, 866, 1486, 2679, 2206, 3221, 1437, 923, 1864, 812, 1609, 951, 773, 2098, 840, 684, 1748, 2351, 1550, 1487, 482, 766, 2281, 1580, 989, 1608, 1446, 1311, 941, 409, 1615, 1874, 1327, 1874, 1556, 1522, 1566, 1780, 2560, 1437, 1659, 2202, 2772, 1125, 1890, 3048, 2869, 1245, 2016, 2663, 1065, 1873, 2027, 1979, 735, 4010, 1317, 1474, 619, 2704, 1501, 2440, 3616, 1649, 1685, 1570, 1296, 1711, 1691, 1739, 3151, 1636, 1491, 1920, 641, 1613, 2200, 1674, 1357, 2250, 1041, 1352, 2083, 834, 2030, 1519, 1720, 385, 1050, 503, 1480, 1296, 1735, 829, 959, 1972, 1246, 1820, 2625, 1285, 3339, 1422, 2370, 1607, 817, 1480, 3246, 1239, 1285, 1371, 1813, 2765, 1887, 3785, 1940, 3321, 1912, 1304, 444, 1085, 1137, 1537, 795, 1396, 759, 1878, 1283, 1413, 2738, 1386, 1758, 2826, 2169, 1982, 2024, 1372, 424, 971, 1179, 1007, 1869, 2018, 1138, 1456, 1285, 1610, 1212, 2225, 1007, 925, 1796, 996, 1271, 3111, 1631, 2411, 1048, 2906, 1273, 1965, 1282, 2535, 1465, 1425, 1821, 2825, 1198, 1030, 1883, 1277, 1528, 4228, 2261, 1006, 2030, 1542, 2744, 1054, 1961, 722, 986, 1203, 1189, 792, 1464, 1669, 1600, 2629, 689, 420, 890, 1011, 1614, 2162, 2047, 2347, 1651, 753, 1806, 1111, 1989, 508, 1406, 1284, 624, 3804, 863, 2247, 1023, 975, 902, 1314, 418, 1185, 3555, 2082, 1571, 462, 2544, 3892, 1178, 3053, 539, 2173, 1531, 674, 2661, 922, 1139, 1086, 1042, 2253, 818, 2708, 1568, 1449, 1454)
(187, 1002): Mean: 1650.312, median: 1557.5, std: 766.347, percent: 1656.36, B: 127, W: 122, 
	(1554, 914, 994, 1985, 2217, 1753, 1354, 2370, 1215, 2139, 1735, 2302, 2009, 1612, 933, 1648, 2264, 2175, 2960, 1557, 964, 1714, 785, 1579, 1067, 714, 2144, 854, 644, 1684, 2728, 1574, 1359, 485, 858, 2711, 1634, 1137, 1817, 1449, 1365, 954, 363, 1583, 1898, 1281, 2087, 1393, 1369, 1683, 1533, 2610, 1236, 1786, 2177, 2373, 1035, 2062, 2819, 3034, 1114, 1877, 3012, 1083, 1683, 2085, 1814, 694, 4607, 1242, 1374, 645, 3260, 1616, 2496, 4268, 1677, 2443, 1689, 1218, 1764, 1615, 1602, 3123, 1782, 1362, 1757, 669, 1679, 2202, 1596, 1351, 2111, 968, 1325, 2288, 788, 1932, 1442, 2022, 350, 1080, 521, 1445, 1296, 1605, 812, 1046, 2277, 1200, 1980, 2187, 1196, 3055, 1416, 2378, 1738, 823, 1568, 3107, 1314, 1283, 1320, 1655, 3010, 2447, 3709, 2008, 3448, 1741, 1250, 538, 1178, 1084, 1418, 799, 1447, 734, 1676, 1193, 1427, 2959, 1392, 1635, 2675, 2068, 2043, 1877, 1519, 434, 1230, 1134, 983, 1917, 1671, 1093, 1184, 1329, 1739, 1186, 2515, 1103, 887, 1860, 1101, 1373, 3320, 1803, 3013, 1121, 2778, 1459, 1909, 1113, 2770, 1536, 1478, 1900, 2943, 1217, 1004, 2008, 1129, 1558, 3532, 2192, 915, 1923, 1870, 2645, 1197, 2077, 695, 1021, 1355, 1112, 690, 1547, 1539, 1751, 2890, 722, 439, 966, 1105, 1443, 1890, 1943, 2431, 1624, 816, 1738, 1096, 1672, 550, 1424, 1282, 520, 3735, 944, 2549, 818, 895, 832, 1169, 364, 1296, 3505, 2119, 1799, 382, 2529, 3684, 1066, 3590, 519, 1798, 1561, 692, 2578, 806, 1063, 1231, 903, 2190, 757, 2250, 1688, 1224, 1198)

Test:
No precond: Mean: 2672.772, median: 2441.0, std: 1328.452, percent: 2599.4, flag: 0 
	(2732, 1722, 2896, 6703, 1263, 687, 4519, 1196, 1214, 2257, 1636, 3135, 1148, 2438, 987, 2178, 2570, 2254, 2014, 2444, 1991, 2088, 2134, 2382, 2218, 868, 2182, 3218, 1219, 2008, 3407, 2246, 1203, 4618, 2022, 1618, 1504, 1778, 1968, 4965, 2198, 2292, 2342, 2682, 2127, 4125, 116, 2057, 902, 1557, 6323, 1922, 2322, 669, 481, 2490, 5504, 2080, 3458, 2573, 3341, 2994, 1888, 2050, 1387, 1391, 2387, 3298, 3614, 1684, 3098, 3118, 4464, 2592, 3866, 1797, 1981, 3499, 2273, 3253, 1323, 3153, 6059, 966, 3170, 5799, 5113, 5496, 3340, 2744, 2820, 3977, 3408, 5672, 2096, 1793, 4208, 3067, 1774, 4401, 1070, 2213, 3325, 2189, 1008, 2444, 4028, 1978, 1750, 3565, 2784, 3991, 2663, 2116, 3048, 4220, 2725, 2296, 2839, 2945, 2677, 2762, 3101, 1310, 1820, 1505, 3077, 1109, 1571, 4558, 336, 3214, 3399, 3984, 1498, 3185, 2949, 7460, 2913, 2708, 3603, 1702, 1714, 3044, 5088, 1978, 1501, 2803, 1265, 4648, 5189, 3450, 3232, 2691, 1878, 2840, 872, 1891, 3314, 1379, 2210, 3947, 929, 1336, 1542, 2928, 2412, 1326, 2491, 1833, 1338, 2562, 2919, 2052, 2082, 2489, 3746, 5866, 3049, 1273, 2993, 1275, 3425, 6333, 2217, 2252, 996, 1935, 2942, 3295, 2229, 2084, 8781, 3569, 3803, 2957, 1800, 2928, 1130, 3008, 1029, 2696, 3562, 1757, 4629, 1127, 2829, 1217, 4062, 4161, 2116, 1422, 4084, 1838, 2941, 577, 3148, 5144, 2884, 1132, 1309, 1212, 2450, 5948, 2031, 4191, 2686, 1828, 2057, 1766, 1347, 1945, 4401, 5568, 2142, 2128, 3510, 2437, 1763, 1883, 2842, 2343, 1301, 2928, 2177, 3078, 3557, 2609, 2563, 4937)

Jacobi: Mean: 2243.404, median: 2011.0, std: 1292.295, percent: 2166.82, BvN: 227, WvN: 23, flag: 0 
	(2492, 1157, 2356, 6959, 839, 487, 3002, 866, 976, 1907, 1273, 2669, 863, 2145, 660, 1762, 2341, 1909, 1489, 2055, 1726, 1569, 1796, 1748, 1978, 617, 1540, 2433, 844, 1703, 2400, 2273, 872, 4214, 2070, 1366, 1364, 1487, 1987, 5940, 1541, 2451, 1896, 1937, 1609, 3424, 88, 2065, 540, 975, 3808, 1498, 1945, 508, 374, 2066, 5962, 1647, 3177, 2004, 2980, 3540, 1246, 1741, 1252, 1334, 2280, 2018, 2500, 1211, 2806, 2049, 4025, 1813, 3192, 1519, 1512, 2859, 1472, 2369, 971, 2310, 5160, 683, 2900, 6209, 7128, 4441, 1815, 1701, 2381, 3524, 2637, 4538, 1510, 1334, 3708, 3033, 1551, 3129, 945, 1675, 2151, 1579, 758, 2059, 3928, 1515, 1347, 3055, 2266, 3521, 2367, 1736, 1860, 4665, 3485, 1968, 2768, 2071, 1862, 2524, 2886, 1228, 1155, 1323, 2413, 872, 1273, 4708, 227, 2466, 2340, 4785, 1306, 2140, 2287, 6406, 2701, 2301, 2515, 1200, 1670, 2718, 4346, 2046, 1027, 2217, 881, 3775, 4505, 3090, 3659, 2056, 1366, 2563, 589, 1380, 3454, 1003, 2345, 3067, 626, 1129, 1520, 1945, 2024, 946, 2029, 1966, 1178, 2286, 2628, 1827, 1914, 1958, 3726, 4679, 1491, 1014, 2296, 1057, 2937, 5225, 1895, 1896, 671, 1608, 2321, 2576, 2065, 2083, 8292, 2858, 2935, 2489, 1157, 2775, 952, 2358, 819, 2125, 2069, 1470, 4796, 736, 2054, 928, 2777, 2872, 2193, 1157, 3360, 1295, 2589, 371, 2247, 3920, 2346, 805, 1027, 1055, 1952, 5053, 1925, 3781, 2298, 1529, 1614, 1351, 846, 1516, 3827, 5367, 1832, 1800, 3171, 1858, 996, 1525, 2187, 2083, 1011, 3343, 1871, 2750, 3155, 1910, 1242, 4291)

Last: Mean: 1747.136, median: 1620.5, std: 949.772, percent: 1680.66, BvN: 250, WvN: 0, BvJ: 243, WvJ: 7, flag: 0 
	(1891, 956, 1570, 4938, 745, 406, 2440, 784, 789, 1496, 1051, 1802, 688, 1960, 491, 1419, 1483, 1468, 1490, 1662, 1253, 1330, 1465, 1661, 1562, 590, 1238, 1744, 662, 1240, 2263, 1814, 692, 3417, 1625, 990, 1129, 1173, 1327, 3706, 1220, 1810, 1385, 1469, 1276, 2814, 77, 1807, 448, 702, 3535, 893, 1641, 410, 298, 1696, 4646, 1347, 2189, 1581, 2119, 2547, 1059, 1208, 971, 965, 1779, 1729, 2247, 1172, 2026, 1745, 3567, 1465, 2236, 1300, 1426, 2175, 1333, 1791, 811, 1822, 3673, 630, 2091, 4072, 4726, 3318, 1644, 1534, 1854, 2713, 1911, 3893, 1530, 1133, 2820, 2073, 1049, 2263, 656, 1298, 1918, 1631, 676, 1637, 2786, 1239, 1065, 2418, 1775, 2981, 1765, 1451, 1730, 3455, 1984, 1487, 1953, 1963, 1327, 1674, 1936, 941, 1010, 943, 1946, 666, 939, 3002, 203, 1894, 2130, 3150, 823, 1602, 1807, 4341, 2495, 1706, 1856, 1016, 1223, 1978, 3539, 1597, 940, 1626, 728, 2853, 3660, 2081, 2436, 1832, 1124, 2115, 476, 1217, 2499, 840, 1929, 2534, 618, 842, 1047, 1522, 1569, 689, 1856, 1553, 860, 1827, 2096, 1512, 1367, 1545, 2809, 3264, 1354, 793, 1663, 830, 2173, 4679, 1361, 1448, 552, 1021, 2342, 2111, 1365, 1616, 6646, 2641, 2170, 1746, 864, 1985, 714, 1718, 685, 1876, 2247, 1312, 3390, 561, 1822, 798, 2566, 2454, 1693, 897, 2494, 1324, 1782, 314, 1709, 3474, 1766, 678, 866, 784, 1679, 4103, 1517, 2362, 1774, 1448, 1283, 1027, 698, 1252, 2540, 4222, 1660, 1274, 2678, 1551, 919, 1128, 1879, 1793, 878, 2528, 1555, 2347, 2023, 1500, 1305, 3025)

Best: Mean: 1758.512, median: 1583.5, std: 967.621, percent: 1730.96, BvN: 249, WvN: 1, BvJ: 248, WvJ: 2, flag: 0 
	(1724, 933, 1646, 5667, 775, 316, 2318, 742, 824, 1546, 973, 2073, 811, 1791, 472, 1450, 1542, 1454, 1416, 1559, 1274, 1075, 1497, 1693, 1560, 557, 1239, 1901, 793, 1298, 1893, 1676, 671, 3553, 1383, 970, 1229, 1003, 1163, 3364, 1285, 1723, 1507, 1537, 1316, 2649, 73, 1724, 446, 817, 3178, 1307, 1537, 412, 288, 1597, 3889, 1399, 3028, 1596, 2059, 2219, 1062, 1336, 1025, 1032, 1537, 1616, 2296, 1093, 2443, 1681, 3282, 1267, 2371, 1254, 1252, 2379, 1267, 1980, 874, 1766, 3820, 677, 2008, 5577, 5326, 3021, 1472, 1415, 1783, 2944, 1890, 3622, 1294, 1210, 3156, 2106, 1049, 2342, 820, 1209, 1943, 1544, 680, 1475, 2978, 1404, 1059, 2467, 1983, 2993, 1713, 1531, 1638, 2999, 2171, 1654, 1983, 1895, 1469, 1752, 1939, 896, 1027, 988, 1805, 669, 993, 3551, 216, 2362, 1813, 3634, 755, 1683, 1729, 4082, 2220, 1719, 1752, 977, 1342, 2221, 3093, 1467, 908, 1635, 769, 3363, 3607, 2163, 2653, 1743, 1169, 1996, 558, 1106, 2521, 866, 1803, 2919, 641, 857, 1152, 1332, 1452, 748, 1848, 1345, 975, 1947, 1939, 1335, 1571, 1621, 3091, 3211, 1432, 792, 1824, 890, 2257, 3836, 1349, 1554, 608, 1083, 1797, 1816, 1543, 1550, 5883, 2619, 2317, 1603, 911, 1977, 647, 1772, 725, 1741, 1994, 1284, 3956, 627, 1754, 750, 2520, 2470, 1650, 832, 2668, 1145, 2264, 297, 2033, 2818, 1914, 591, 850, 801, 1743, 3881, 1396, 3005, 1651, 1506, 1220, 1084, 766, 1219, 2632, 4771, 1628, 1288, 2619, 1560, 904, 1273, 1984, 1713, 835, 2566, 1635, 2496, 2060, 1621, 1298, 3458)

Last Coef List
{1: array([-0.05801707]), -1: array([-0.05951021])}

Best Coef List
{1: array([-0.05988592]), -1: array([-0.06173377])}

13/04/2026, 12:35:11
Config file: ./config/config_sign_1_diags_2.ini
Data:
	1d_laplace_size: 45
	amount: 250
	params: 1 0.3
	seed: 1
	dim: 2025
Solver:
	tol: 1e-10
	max_iteration: None
Learn:
	iteration_count: 200
	step_range: 0.1
	method: sign
	seed: 1
	change_scales: 1 0.5 0.25
	allow_disimprovement: True
	median_best_scale: 0.5
	mean_best_scale: 0.5
Precondition:
	par_list: 1 1 1 1
	diag_list: 1 -1 2 -2
	num_coef: 4
	type: diag_shift
	diag: jacobi

Train:
(0, 2): Mean: 5012.52, median: 4679.0, std: 2348.466, percent: 5029.12, B: 250, W: 0, 
	(3795, 3034, 3238, 6425, 6538, 5337, 4556, 6589, 4142, 6989, 4300, 7230, 7030, 3461, 3682, 4599, 7374, 6475, 10290, 3613, 3108, 4571, 2988, 4887, 3894, 2667, 6841, 2801, 2059, 4751, 8177, 4581, 4221, 1890, 2261, 5285, 4973, 3269, 5526, 4706, 4416, 2987, 888, 4358, 4992, 3369, 6771, 4989, 5813, 3990, 5041, 8955, 3483, 4492, 6651, 6109, 3093, 6107, 8364, 7563, 5470, 6424, 8262, 3857, 5266, 4949, 5818, 1815, 12593, 3714, 5671, 2276, 9450, 4737, 7805, 9099, 4273, 5756, 5127, 3665, 5350, 5194, 5061, 9994, 5323, 5279, 5419, 2647, 4900, 7148, 5545, 3560, 10115, 2939, 4006, 6084, 1914, 5083, 3823, 5727, 1436, 3517, 2019, 5090, 4345, 4995, 2530, 2882, 8063, 3422, 5914, 8274, 3194, 10340, 4929, 7947, 5675, 2920, 3849, 13038, 4416, 3539, 4037, 4313, 9169, 6486, 13031, 5796, 9837, 5062, 3981, 2287, 4189, 2697, 3246, 2514, 5794, 2024, 5334, 3796, 4942, 6277, 3872, 5482, 9399, 7443, 5810, 5018, 3246, 1113, 4760, 4435, 2873, 5072, 6133, 3264, 3332, 3729, 5166, 3118, 6037, 4098, 2718, 4953, 2751, 4071, 9827, 4498, 8486, 3358, 10913, 5099, 5868, 4135, 5874, 3687, 3825, 5031, 8005, 3942, 3046, 5462, 3801, 5869, 11964, 6949, 3243, 5238, 4856, 8464, 3037, 5199, 2600, 2715, 4479, 3898, 3060, 4423, 4561, 5350, 11432, 1870, 1224, 1955, 3027, 4539, 4621, 5438, 7679, 4652, 2900, 5265, 2800, 5724, 1382, 4971, 3340, 1884, 11509, 2378, 8260, 2746, 2879, 3367, 4379, 1193, 3099, 8351, 6893, 5728, 1127, 7914, 7418, 3360, 11314, 1831, 4894, 5066, 2120, 8106, 2793, 3324, 3131, 2725, 5912, 2084, 8939, 5847, 4342, 3875)
(1, 6): Mean: 4544.928, median: 4227.0, std: 2207.197, percent: 4503.82, B: 202, W: 47, 
	(3484, 2429, 3077, 5245, 6104, 4076, 3886, 5490, 3421, 7363, 3874, 7230, 6060, 3627, 2703, 3930, 7424, 5551, 8413, 3569, 2824, 3683, 2568, 3941, 3459, 2136, 5665, 2326, 1935, 4667, 6124, 4614, 3631, 1503, 2165, 5723, 3861, 2833, 5691, 4236, 4390, 3154, 757, 3965, 4401, 2816, 5587, 4382, 4237, 3413, 5019, 6703, 3065, 4351, 6209, 6327, 2489, 5854, 9540, 6452, 4368, 5327, 7105, 3762, 5721, 4557, 4816, 1824, 13958, 3711, 4615, 2269, 7760, 3900, 9298, 10859, 4615, 4786, 4824, 2830, 4392, 4461, 5004, 8651, 4172, 4518, 4663, 2290, 4000, 7350, 6386, 3339, 7874, 2553, 4192, 5438, 2092, 4753, 3517, 4704, 1334, 2683, 1236, 4380, 4337, 4126, 2014, 2657, 7334, 3182, 4963, 7290, 2901, 9714, 5079, 7019, 5391, 2723, 3937, 10408, 3403, 3077, 3418, 4560, 8618, 5744, 10768, 5229, 7855, 4871, 2993, 1824, 4774, 2594, 3264, 2064, 5832, 1869, 4738, 3810, 4218, 5989, 3637, 4658, 8710, 6583, 5839, 4440, 3347, 1147, 3121, 3373, 2777, 4580, 5415, 2675, 4370, 3580, 4403, 3170, 6151, 3273, 2219, 3959, 2361, 3656, 9008, 4472, 6284, 2680, 10131, 3207, 6847, 4007, 8104, 3273, 3309, 3905, 6790, 3320, 2555, 4209, 4102, 4306, 11239, 5982, 2471, 4693, 5276, 7774, 3113, 5158, 2040, 2508, 5388, 3707, 2005, 3820, 4314, 5103, 10437, 1653, 1151, 1996, 3225, 4217, 4461, 5196, 6458, 4605, 2287, 5350, 2408, 4930, 1115, 4368, 3813, 2483, 11904, 2331, 6807, 2633, 2850, 2907, 3520, 1062, 3020, 9837, 5586, 4305, 986, 6125, 7230, 2773, 8697, 1611, 4842, 5016, 1628, 7031, 2504, 2877, 2675, 2774, 5950, 2066, 7752, 4511, 3076, 3523)
(2, 9): Mean: 3381.172, median: 3174.0, std: 1666.326, percent: 3314.16, B: 246, W: 4, 
	(2786, 1733, 2060, 4197, 4405, 3372, 2760, 4322, 2365, 4046, 3743, 4308, 5060, 2698, 1765, 2890, 5620, 4192, 6671, 3061, 1979, 2826, 1569, 3390, 2142, 1330, 4278, 1881, 1408, 3682, 5621, 3746, 2758, 1284, 1662, 4058, 3354, 2092, 3848, 2600, 3401, 2270, 714, 2694, 3501, 2335, 3759, 2729, 3213, 2997, 3314, 6159, 2266, 3592, 5062, 4519, 2077, 4388, 5676, 6181, 3221, 3607, 5862, 2235, 3891, 4174, 3877, 1284, 9760, 2829, 2886, 1466, 6278, 3315, 4599, 9529, 3552, 3738, 4028, 2347, 3442, 3360, 3095, 7843, 3469, 3253, 3903, 1252, 3027, 4426, 3689, 2533, 5629, 3235, 2679, 4047, 1493, 3670, 2780, 4366, 649, 1954, 1234, 3699, 3090, 3179, 1750, 1942, 4600, 2517, 3816, 5069, 2295, 7745, 3169, 6074, 3535, 1620, 2590, 6345, 2644, 2326, 2482, 3442, 5652, 4705, 9215, 4755, 7676, 3029, 2474, 1292, 2316, 2377, 2578, 1611, 3446, 1318, 3485, 2484, 2397, 4388, 3084, 3253, 5971, 4792, 4715, 3517, 2914, 1039, 1896, 2392, 2043, 3194, 3937, 2290, 2330, 2783, 3294, 1855, 5100, 2378, 1569, 3974, 1934, 2564, 7777, 3659, 4942, 2060, 7310, 2565, 4180, 2099, 5292, 2379, 2435, 3357, 5205, 2523, 2229, 3776, 2531, 3366, 8036, 4667, 2136, 3512, 3271, 4617, 2017, 4225, 1582, 2015, 3228, 2865, 1483, 3469, 3147, 3125, 7571, 1372, 1155, 1495, 2212, 3076, 3322, 3994, 5164, 3750, 1681, 3809, 2063, 3768, 863, 2505, 2326, 1261, 7461, 1634, 4767, 1909, 1781, 1849, 2670, 683, 2398, 6161, 4490, 3478, 671, 4574, 5780, 1986, 6312, 1195, 3689, 3733, 1469, 7190, 1963, 2365, 2004, 2074, 4692, 1335, 5744, 3625, 2774, 2510)
(3, 13): Mean: 3233.66, median: 2954.5, std: 1614.25, percent: 3183.8, B: 172, W: 77, 
	(2369, 1842, 1944, 4082, 3860, 3085, 2669, 4324, 2310, 4937, 3571, 4985, 4281, 2483, 1920, 2745, 5035, 4362, 6146, 2523, 2434, 3077, 1571, 3153, 2136, 1333, 4164, 1699, 1260, 3902, 5694, 2954, 2828, 1146, 1554, 3442, 3495, 2325, 3793, 2973, 3151, 2145, 609, 2641, 3399, 2076, 3103, 2813, 3542, 2513, 3297, 4631, 2518, 3088, 4474, 4466, 1957, 4489, 5443, 5306, 3161, 4041, 5678, 1996, 3228, 3953, 3688, 1233, 8669, 2482, 3165, 1340, 5881, 3851, 6072, 7219, 3066, 3200, 3315, 2042, 3273, 2922, 3614, 10774, 2940, 3303, 4216, 1372, 2403, 3459, 3963, 2528, 5306, 1686, 2646, 3661, 1476, 3629, 2333, 3512, 697, 1886, 897, 3696, 3087, 2951, 1665, 2263, 5133, 2351, 3029, 4431, 2162, 6386, 2901, 5257, 3449, 1900, 2338, 7289, 2356, 2153, 2574, 3352, 5955, 3938, 7994, 4144, 6308, 3512, 2459, 1304, 2458, 2157, 2228, 1496, 3620, 1456, 3428, 2411, 2476, 5534, 2679, 3441, 5934, 4811, 4307, 3489, 2914, 896, 1787, 2418, 1742, 3196, 3904, 1997, 2593, 2306, 2930, 2051, 4482, 1987, 1582, 3350, 1985, 2228, 6260, 2955, 4677, 1914, 7039, 2517, 4377, 2440, 4034, 2316, 2844, 3282, 4694, 2533, 1802, 3446, 2320, 2875, 8065, 4209, 1809, 3691, 2985, 4246, 1791, 3675, 1577, 1770, 3111, 2475, 1647, 3083, 3483, 2840, 6439, 1285, 846, 1422, 1879, 2851, 3711, 3935, 4813, 3648, 1491, 4186, 1919, 3792, 919, 2954, 2349, 1185, 7197, 1645, 4956, 1837, 1873, 1605, 2432, 579, 2569, 6319, 4345, 3388, 714, 5294, 6691, 1788, 7741, 896, 3729, 3491, 1077, 6489, 1635, 2183, 1934, 1696, 4570, 1412, 5244, 3426, 2312, 2489)
(4, 16): Mean: 3194.096, median: 2963.5, std: 1594.824, percent: 3190.7, B: 132, W: 118, 
	(2511, 1824, 1943, 4313, 4081, 3131, 2534, 4559, 2120, 4069, 3695, 3544, 4379, 2635, 1329, 2744, 5339, 4366, 5903, 2667, 1797, 3281, 1512, 2787, 2133, 1379, 3640, 1750, 1264, 3529, 5016, 2748, 2520, 1241, 1569, 4354, 3191, 2407, 3141, 2968, 2827, 1742, 591, 2784, 3202, 2627, 3812, 2998, 2902, 2833, 3108, 5146, 2530, 3286, 4029, 4725, 1930, 3854, 6535, 4858, 3250, 3915, 5878, 2163, 3478, 3670, 3764, 1220, 8659, 2341, 3147, 1323, 5231, 3271, 5277, 7205, 3262, 3383, 3139, 1986, 3462, 3221, 3481, 5137, 3132, 3237, 4040, 1284, 3082, 3688, 3410, 2735, 5342, 1877, 2331, 3599, 1368, 3440, 2655, 3457, 766, 1919, 932, 3230, 2460, 2868, 1536, 2133, 5066, 2313, 3119, 4937, 2484, 7001, 3164, 5951, 3394, 1671, 2454, 7816, 2628, 2430, 2589, 2988, 6320, 3745, 9532, 3908, 7394, 2998, 2370, 1036, 2155, 2247, 2319, 1431, 2941, 1371, 3554, 2402, 2790, 4871, 2604, 3277, 6234, 3944, 3226, 2951, 2703, 931, 2877, 2164, 1941, 3080, 3674, 1913, 2350, 2253, 2850, 1840, 3723, 1890, 1709, 3958, 1870, 2414, 6359, 3283, 4386, 2007, 7309, 2677, 3629, 2296, 5251, 2154, 2362, 3501, 4567, 2734, 2006, 3483, 2439, 3208, 9051, 3990, 1753, 3762, 2959, 5225, 1946, 3200, 1432, 1947, 3021, 2327, 1455, 3324, 2920, 3102, 6456, 1177, 883, 1408, 1838, 2778, 3715, 3386, 5230, 3911, 1578, 3419, 2111, 4525, 921, 3084, 2281, 1215, 7173, 1581, 4794, 1551, 1992, 1796, 2454, 627, 2582, 6214, 3707, 3216, 582, 4746, 6009, 2350, 8236, 1144, 3713, 3484, 1193, 5361, 1670, 2104, 1723, 1946, 5187, 1267, 5524, 3585, 2571, 2080)
(5, 18): Mean: 3116.884, median: 2901.5, std: 1562.937, percent: 3049.06, B: 147, W: 103, 
	(2441, 1731, 2144, 3202, 4326, 2986, 2919, 4419, 2458, 3950, 2948, 4195, 4065, 2502, 1387, 2790, 4606, 4274, 5549, 2689, 1618, 2815, 1583, 2772, 1920, 1311, 3950, 1371, 1344, 2835, 5452, 3440, 2754, 977, 1377, 3490, 2956, 2271, 3230, 2733, 2883, 1882, 521, 2998, 3475, 2216, 3394, 2795, 2300, 2552, 3234, 5362, 2704, 3642, 4717, 4415, 2043, 3988, 6279, 4308, 2266, 4059, 6147, 2091, 2965, 4237, 3103, 1274, 9361, 2261, 2841, 1468, 5599, 3519, 4611, 7100, 3716, 3318, 3558, 2031, 3169, 3288, 3443, 5816, 3108, 2764, 3746, 1312, 2949, 3864, 3619, 2414, 4504, 1855, 2185, 3559, 1329, 3432, 2523, 3512, 874, 1820, 912, 3215, 2967, 3227, 1478, 1920, 4727, 2331, 3128, 4909, 2524, 6440, 2773, 5485, 3625, 1581, 2434, 8661, 2155, 1957, 2588, 2884, 6499, 3958, 7737, 3386, 5945, 3024, 2497, 1148, 2112, 2035, 2328, 1434, 3538, 1311, 3714, 2190, 2782, 4353, 3048, 2993, 5810, 4092, 4143, 2973, 2573, 820, 1736, 2157, 1858, 3185, 3074, 2135, 2294, 2240, 2860, 2044, 3442, 2107, 1521, 3602, 1727, 2096, 6958, 3354, 4200, 2291, 7756, 2415, 3528, 2297, 4609, 2420, 2231, 3417, 5013, 2187, 1918, 3568, 2940, 3300, 8571, 4167, 1737, 3042, 2934, 4683, 1631, 3656, 1616, 1893, 3024, 2279, 1385, 3103, 3022, 2843, 7153, 1086, 793, 1484, 1958, 2642, 3387, 4122, 4476, 3218, 1809, 4126, 1896, 3853, 886, 2637, 2088, 1041, 7725, 1653, 4785, 1617, 1783, 1771, 1980, 742, 2274, 6627, 4314, 3474, 570, 4925, 5724, 1876, 6388, 1084, 3749, 3470, 1153, 5433, 1584, 1891, 1778, 1810, 3956, 1421, 4801, 2988, 2408, 2284)
(9, 40): Mean: 2926.488, median: 2673.0, std: 1407.772, percent: 2873.82, B: 174, W: 75, 
	(2475, 1817, 1904, 3434, 3880, 3075, 2177, 4057, 2291, 3598, 2996, 4316, 4040, 2276, 1401, 2679, 3888, 4198, 6188, 2559, 1656, 2590, 1640, 2733, 2122, 1280, 4099, 1635, 1194, 3176, 4510, 2762, 2323, 990, 1686, 3586, 3307, 1718, 2996, 2655, 2667, 1741, 649, 2896, 3068, 2091, 3842, 2556, 2757, 2215, 3194, 4685, 1979, 3164, 4232, 3818, 1877, 3785, 5203, 5338, 2308, 3087, 4939, 2196, 3146, 3486, 3447, 1175, 8361, 2205, 2604, 1273, 5828, 2617, 5373, 6306, 3250, 3254, 3174, 2005, 3038, 2705, 3230, 5859, 2588, 2925, 3295, 1112, 2443, 3773, 3418, 2580, 4557, 1796, 2115, 3064, 1414, 3227, 2455, 3229, 524, 1863, 1011, 2878, 2890, 2699, 1573, 1838, 4050, 2236, 3706, 4794, 2300, 5956, 2804, 4864, 3433, 1660, 2378, 6659, 2434, 1902, 2472, 2548, 5180, 3465, 6434, 3479, 6861, 2881, 2338, 1112, 2273, 1916, 2335, 1279, 3052, 1249, 3350, 2263, 2351, 4536, 2624, 2969, 5803, 3466, 3309, 3446, 2308, 763, 2002, 1989, 1804, 2765, 3075, 1998, 2454, 2064, 2879, 1949, 3366, 1995, 1443, 3061, 1687, 2418, 5218, 3162, 3994, 1837, 6009, 2371, 3406, 2157, 4338, 2392, 2548, 2650, 5214, 2624, 1797, 3542, 1938, 2547, 8337, 3798, 1780, 3445, 2998, 5254, 1762, 2805, 1199, 1810, 2762, 2335, 1336, 2309, 3305, 3304, 5918, 1105, 958, 1293, 1680, 2495, 3202, 3334, 4024, 2803, 1603, 2857, 1671, 3039, 786, 2688, 2065, 1145, 6201, 1422, 4092, 1703, 1496, 2311, 2341, 696, 2009, 6105, 3710, 3141, 602, 4155, 5438, 1858, 7705, 897, 3412, 3058, 1073, 4837, 1564, 2303, 1778, 1624, 4221, 1170, 3987, 3330, 2317, 2133)
(10, 41): Mean: 2781.532, median: 2469.5, std: 1388.093, percent: 2683.28, B: 183, W: 67, 
	(2456, 1633, 1881, 3302, 3587, 2469, 2145, 3850, 2063, 3557, 2804, 3741, 3627, 2594, 1254, 2517, 4494, 3644, 5598, 2297, 1617, 3072, 1359, 2446, 1731, 1372, 3823, 1423, 1074, 3071, 4030, 2603, 2131, 876, 1445, 3656, 3112, 1891, 2889, 2286, 2307, 1636, 548, 2648, 2925, 1862, 3520, 2334, 2156, 2442, 2788, 4149, 2113, 2961, 4049, 3924, 1737, 3780, 5586, 5189, 2623, 3499, 5361, 1716, 2996, 3267, 2998, 1136, 7587, 2004, 2238, 1192, 5002, 2893, 4465, 6996, 2961, 3267, 2816, 2164, 3004, 2423, 2541, 5301, 2492, 3008, 3860, 1192, 2351, 3850, 2900, 2246, 4478, 1671, 2107, 3377, 1216, 2706, 2331, 3157, 727, 1826, 747, 2726, 2275, 2345, 1273, 1548, 3821, 1854, 3210, 4365, 2094, 4944, 2158, 4013, 3201, 1332, 2320, 6589, 2359, 2013, 1903, 3076, 5121, 3232, 5687, 3081, 5343, 3253, 2606, 976, 2004, 1962, 1973, 1381, 2747, 1149, 2875, 1895, 2321, 4477, 2266, 3108, 6487, 3448, 3660, 3085, 2470, 837, 1634, 2112, 1653, 2612, 3545, 1959, 2156, 1936, 2862, 1744, 3342, 1762, 1366, 3177, 1702, 2353, 6743, 2595, 4116, 1737, 6400, 2189, 3157, 1992, 4947, 2580, 2416, 3192, 3867, 1879, 1613, 2668, 2343, 2566, 6644, 4061, 1477, 3129, 2362, 4859, 1493, 2395, 1296, 1524, 2114, 2088, 1142, 2659, 2698, 2986, 6772, 1005, 718, 1212, 1873, 2223, 3123, 3456, 4000, 2394, 1298, 3374, 1943, 3149, 809, 2265, 2251, 1035, 6698, 1358, 4725, 1391, 1394, 1230, 2187, 546, 2060, 6571, 3326, 3122, 763, 3692, 5539, 1665, 5611, 873, 3224, 3092, 977, 6033, 1531, 1818, 1628, 1454, 4751, 1211, 3810, 2539, 2189, 2004)
(11, 45): Mean: 2657.48, median: 2463.5, std: 1325.358, percent: 2636.58, B: 159, W: 91, 
	(2156, 1549, 1782, 2863, 3812, 2463, 1854, 3538, 2279, 3635, 2687, 3717, 3141, 2369, 1311, 2762, 4107, 3442, 5290, 2190, 1462, 2821, 1496, 2064, 1772, 1344, 2907, 1510, 1063, 2671, 4275, 2736, 2481, 864, 1253, 3209, 2479, 1924, 3251, 2172, 2213, 1565, 496, 2024, 3129, 1890, 2934, 2246, 2578, 2218, 2287, 4128, 1958, 2795, 4321, 3713, 1513, 3501, 5175, 4368, 2022, 2639, 5391, 1762, 3364, 3048, 2806, 897, 6883, 2056, 2343, 1020, 5050, 2804, 4530, 6319, 2952, 3358, 2647, 2024, 2996, 2554, 2495, 5564, 2082, 2588, 2993, 1056, 2365, 3747, 3070, 2561, 4175, 1687, 2106, 3526, 1222, 3174, 2034, 2656, 653, 1585, 758, 2988, 2307, 2688, 1362, 1637, 3860, 1879, 3102, 3898, 1891, 5414, 1979, 4608, 3362, 1033, 2474, 4609, 2464, 1800, 1874, 2925, 4523, 3644, 6955, 3204, 5870, 3051, 2069, 941, 1445, 1815, 2288, 1253, 2523, 1080, 2581, 1587, 1930, 4572, 2431, 2466, 4775, 3788, 4431, 2792, 2008, 753, 1384, 2000, 1496, 2825, 3132, 1668, 2103, 2013, 2597, 1656, 4084, 1782, 1325, 2865, 1716, 1938, 5571, 2404, 4292, 1980, 6261, 2072, 2812, 1846, 5108, 1944, 2223, 2537, 3659, 2096, 1656, 2743, 1919, 2582, 7658, 3365, 1399, 2541, 2417, 3972, 1588, 2707, 1106, 1551, 2476, 1907, 1194, 2151, 2779, 2751, 4838, 914, 603, 1309, 1577, 2436, 2882, 3458, 3496, 2670, 1247, 3241, 1789, 3187, 770, 2385, 2108, 730, 6140, 1301, 4144, 1485, 1282, 1297, 2000, 527, 2203, 6331, 3779, 3289, 626, 3668, 4967, 1553, 6409, 760, 2916, 2737, 966, 4914, 1392, 1784, 1849, 1587, 3314, 1185, 3286, 3162, 2029, 1753)
(15, 64): Mean: 2047.312, median: 1914.0, std: 1028.375, percent: 1993.84, B: 249, W: 1, 
	(1743, 1062, 1293, 2535, 2735, 2084, 1694, 2893, 1545, 2947, 1942, 2986, 3065, 1988, 941, 1876, 2912, 2518, 4484, 1507, 1116, 1849, 988, 1726, 1336, 785, 2361, 1068, 881, 2381, 3246, 1930, 1831, 595, 941, 3055, 2354, 1607, 2000, 1730, 1736, 1063, 398, 1934, 2301, 1471, 2404, 1578, 1544, 1587, 2024, 3176, 1560, 2116, 2918, 2455, 1185, 2478, 3944, 3229, 1847, 2474, 3423, 1572, 2110, 2760, 2242, 928, 6601, 1619, 2058, 892, 3329, 2134, 2989, 5276, 2472, 2095, 1952, 1479, 2036, 1683, 2078, 4052, 1637, 1760, 2547, 759, 1698, 2502, 2305, 1562, 2811, 1116, 1523, 2711, 998, 2605, 1546, 2140, 348, 1358, 560, 2116, 1738, 2025, 993, 1201, 2841, 1684, 2215, 2784, 1418, 4731, 1455, 3237, 2710, 861, 1772, 4074, 1641, 1497, 1760, 2098, 3369, 2264, 5573, 2233, 4356, 2130, 1562, 705, 1323, 1453, 1669, 907, 2041, 853, 2122, 1451, 1696, 3733, 1923, 1847, 3521, 2482, 2534, 2319, 1917, 534, 1005, 1438, 1217, 2346, 1954, 1314, 1480, 1503, 2207, 1236, 2441, 1350, 1020, 2481, 1203, 1522, 3966, 2338, 2810, 1318, 4535, 1734, 2606, 1503, 3638, 1475, 1982, 2124, 3017, 1652, 1254, 2353, 1357, 2220, 5339, 2946, 1087, 2262, 2012, 3246, 1250, 2501, 909, 1157, 1887, 1547, 916, 1719, 2168, 1981, 4007, 736, 596, 1064, 1197, 1833, 2389, 2786, 2583, 1961, 899, 2702, 1151, 2376, 548, 1914, 1454, 692, 4930, 1011, 3030, 1076, 1102, 895, 1468, 369, 1914, 4638, 2854, 2140, 552, 3631, 4423, 1245, 4697, 730, 2500, 2247, 817, 3710, 1039, 1372, 1390, 1150, 2587, 910, 2995, 2319, 1611, 1476)
(16, 69): Mean: 2028.252, median: 1869.0, std: 988.0, percent: 2015.7, B: 128, W: 122, 
	(1899, 1184, 1305, 2581, 2934, 2025, 1541, 3091, 1605, 2729, 2089, 3081, 2770, 1701, 958, 1848, 2826, 2747, 3909, 1733, 1075, 2152, 924, 1866, 1261, 871, 2395, 1053, 858, 1996, 2974, 1964, 1688, 685, 976, 2806, 2082, 1684, 2128, 1805, 1857, 1008, 392, 1861, 2245, 1538, 2031, 1619, 1589, 1794, 2047, 3492, 1484, 2118, 2819, 2729, 1209, 2347, 3479, 3556, 1529, 2477, 3440, 1373, 2122, 2633, 2272, 803, 5833, 1577, 1864, 777, 4101, 2117, 3273, 5207, 2048, 2117, 2387, 1459, 2084, 1811, 2140, 4216, 1861, 1892, 2457, 852, 2097, 2387, 2300, 1795, 3099, 1164, 1498, 2788, 893, 2504, 1731, 2173, 438, 1443, 502, 1929, 1727, 1978, 1048, 1165, 2632, 1569, 2539, 2899, 1644, 3632, 1729, 2936, 2354, 893, 1902, 4418, 1769, 1500, 1646, 2277, 4047, 2643, 5086, 2419, 4232, 2093, 1523, 630, 1243, 1674, 1635, 1047, 1731, 874, 2127, 1363, 1590, 3016, 1872, 1896, 4067, 2559, 2252, 2360, 1708, 494, 1130, 1423, 1154, 2230, 2090, 1232, 1771, 1497, 1903, 1284, 2511, 1286, 909, 2157, 1193, 1370, 3990, 2257, 3018, 1386, 4441, 1445, 2245, 1586, 3651, 1794, 1881, 2052, 3077, 1626, 1248, 2035, 1225, 2174, 4355, 2959, 1164, 2527, 1802, 3090, 1342, 2543, 862, 1190, 1935, 1675, 940, 1920, 2239, 2036, 3870, 725, 539, 1052, 1184, 1745, 2332, 2716, 2829, 1798, 943, 2607, 1238, 2226, 568, 1732, 1391, 698, 4817, 1057, 3269, 1107, 1136, 881, 1361, 476, 1865, 5434, 2306, 2167, 435, 3422, 4344, 1343, 3721, 733, 2309, 2145, 822, 3495, 1110, 1252, 1328, 1165, 2611, 866, 3158, 2064, 1443, 1464)
(17, 75): Mean: 1967.112, median: 1802.0, std: 997.628, percent: 1923.7, B: 170, W: 80, 
	(1793, 1045, 1266, 2476, 2898, 2040, 1611, 2685, 1510, 2812, 2025, 2955, 2903, 1800, 898, 1711, 2886, 2665, 3999, 1823, 1037, 1969, 866, 1898, 1048, 862, 2364, 1120, 829, 2021, 2971, 2071, 1557, 602, 951, 2566, 2213, 1520, 2155, 1650, 1804, 1069, 371, 1702, 1903, 1530, 2060, 1735, 1480, 1937, 2002, 2815, 1506, 1967, 2619, 2743, 1182, 2305, 3832, 3370, 1927, 2379, 3473, 1470, 2389, 2797, 1983, 767, 6177, 1485, 1619, 734, 4239, 1899, 3303, 4665, 1865, 2009, 2042, 1525, 2075, 1767, 1955, 3487, 1557, 1573, 2108, 746, 1800, 2416, 2001, 1748, 3051, 1155, 1435, 2357, 947, 2234, 1511, 2097, 453, 1223, 578, 1890, 1869, 1864, 980, 1123, 2602, 1480, 2338, 2586, 1471, 4729, 1411, 2889, 2026, 874, 1788, 3851, 1617, 1404, 1518, 2320, 2980, 2371, 5511, 2583, 4333, 2033, 1427, 613, 1125, 1414, 1660, 976, 1606, 824, 1933, 1364, 1377, 4048, 1723, 2255, 3661, 2254, 2624, 2142, 1728, 468, 1048, 1299, 1191, 2177, 2198, 1192, 1449, 1308, 1775, 1202, 2296, 1162, 936, 2146, 1170, 1314, 4364, 1987, 3343, 1482, 3942, 1750, 2269, 1531, 3533, 1501, 1983, 1911, 3332, 1593, 1227, 2065, 1505, 1921, 5087, 3321, 1060, 2136, 1751, 3418, 1048, 2102, 843, 1252, 1906, 1533, 895, 1740, 2005, 1895, 4137, 757, 450, 986, 1156, 1523, 2563, 2416, 2286, 1886, 868, 2341, 1318, 2358, 526, 1551, 1395, 623, 4318, 1011, 2949, 1066, 1030, 783, 1424, 427, 1782, 4717, 2388, 2302, 485, 2724, 4339, 1267, 4012, 531, 2167, 2140, 792, 4045, 1007, 1210, 1244, 1277, 2724, 883, 2688, 2012, 1531, 1582)
(20, 90): Mean: 2032.4, median: 1923.0, std: 1000.334, percent: 2027.22, B: 82, W: 168, 
	(2159, 1100, 1262, 2484, 3116, 1925, 1682, 3051, 1693, 2317, 2198, 2620, 2584, 1803, 941, 1925, 3009, 2636, 4282, 1724, 1017, 2109, 945, 2066, 1247, 967, 2525, 1186, 866, 1976, 3537, 1972, 1823, 598, 966, 2834, 2194, 1517, 2043, 1876, 1697, 1174, 362, 1719, 1974, 1560, 2247, 1604, 1509, 1962, 2145, 3110, 1527, 2083, 2614, 3014, 1239, 2311, 3319, 3226, 1588, 2104, 3801, 1415, 2293, 2800, 2123, 712, 5283, 1597, 1909, 783, 4182, 1944, 2940, 5126, 1976, 2414, 1782, 1500, 1944, 1984, 1962, 3734, 1784, 1768, 2350, 765, 1805, 2919, 2450, 1986, 3299, 1230, 1609, 2343, 988, 2370, 1725, 2280, 479, 1337, 686, 2144, 1841, 1965, 984, 1283, 2618, 1403, 2336, 2568, 1528, 4643, 1461, 3220, 1887, 915, 1937, 4174, 1873, 1306, 1492, 2528, 3536, 2717, 4881, 2546, 3940, 2528, 1567, 699, 1146, 1588, 1750, 918, 1870, 883, 2162, 1208, 1507, 3222, 1735, 2020, 3737, 2357, 2301, 1872, 1928, 490, 1138, 1383, 1086, 2230, 2130, 1468, 1613, 1577, 1942, 1376, 2583, 1199, 994, 2258, 1252, 1526, 4028, 1959, 3355, 1231, 4206, 1516, 2319, 1540, 4396, 1675, 1921, 1929, 3024, 1443, 1311, 2552, 1430, 2123, 6036, 2772, 1210, 2275, 1975, 3493, 1257, 2057, 851, 1212, 1691, 1528, 926, 1477, 2215, 2175, 3830, 801, 577, 1163, 1241, 1651, 2351, 2387, 2977, 2058, 931, 2501, 1376, 2384, 612, 1711, 1585, 786, 4923, 971, 3534, 1025, 1101, 916, 1426, 404, 1944, 3959, 2622, 2245, 475, 3037, 5018, 1273, 4276, 649, 2774, 1969, 783, 3749, 1006, 1495, 1149, 1203, 2810, 1028, 2878, 2141, 1521, 1557)
(21, 93): Mean: 1944.624, median: 1739.5, std: 964.871, percent: 1914.74, B: 165, W: 84, 
	(1628, 1253, 1200, 2186, 2449, 1978, 1603, 2569, 1350, 2421, 1722, 3063, 2571, 1649, 926, 1959, 2754, 2766, 3914, 1639, 1096, 1764, 937, 1751, 1094, 783, 2318, 1078, 762, 2308, 2959, 1866, 1693, 611, 881, 2400, 2108, 1271, 2045, 1620, 1689, 1234, 412, 1769, 2014, 1599, 2028, 1530, 1639, 1679, 1886, 2971, 1329, 1973, 3041, 2517, 1111, 2634, 3891, 3427, 1686, 2356, 3294, 1463, 2288, 2647, 1912, 813, 5975, 1497, 1806, 792, 3700, 2163, 2944, 5260, 1915, 2260, 2130, 1402, 2245, 1907, 2175, 3399, 1560, 2182, 2182, 776, 1889, 2314, 2164, 1454, 2804, 1085, 1558, 2242, 919, 2413, 1667, 2418, 479, 1258, 544, 1812, 1646, 2091, 990, 1127, 2744, 1378, 2254, 2551, 1365, 4694, 1652, 3439, 2064, 837, 1594, 3900, 1674, 1323, 1472, 2283, 3602, 2518, 4539, 2358, 4454, 2353, 1555, 567, 1347, 1446, 1591, 877, 1842, 792, 2033, 1205, 1382, 3040, 1895, 2026, 3412, 2133, 2446, 2157, 1593, 557, 930, 1458, 1251, 2167, 2450, 1190, 1624, 1551, 1807, 1295, 2380, 1230, 965, 2180, 1141, 1448, 5129, 2072, 2762, 1494, 4398, 1715, 2036, 1276, 2964, 1517, 1671, 2031, 3175, 1485, 1232, 2174, 1508, 1728, 4355, 2475, 1178, 2151, 1702, 3352, 1272, 2184, 840, 1086, 1590, 1563, 807, 1602, 2016, 2041, 3922, 737, 479, 1002, 1094, 1566, 2207, 2167, 2845, 1849, 937, 2231, 1302, 2293, 546, 1708, 1517, 718, 4963, 1011, 3304, 1046, 997, 904, 1430, 406, 1666, 4344, 2284, 1985, 461, 2875, 3891, 1251, 3733, 655, 2443, 1912, 831, 3628, 1061, 1347, 1270, 1341, 2567, 767, 2481, 1829, 1372, 1468)
(22, 97): Mean: 1902.972, median: 1762.0, std: 900.6, percent: 1858.28, B: 141, W: 109, 
	(1771, 983, 1216, 2515, 2510, 1975, 1491, 2805, 1545, 2644, 1899, 3204, 2523, 1541, 750, 1706, 2965, 2465, 3761, 1665, 1023, 1956, 913, 1873, 1080, 907, 2098, 1039, 775, 2106, 2949, 1743, 1680, 560, 976, 2931, 1967, 1221, 1852, 1678, 1803, 1004, 326, 1963, 1967, 1398, 2169, 1518, 1518, 1777, 2033, 2566, 1302, 2093, 3151, 2640, 1130, 2191, 3755, 3207, 1722, 2306, 3538, 1296, 2187, 2452, 1773, 827, 4675, 1483, 2188, 805, 3317, 1794, 2904, 4655, 1989, 2138, 2040, 1361, 1919, 1593, 1859, 3702, 1654, 2004, 2355, 795, 1680, 2257, 2201, 1956, 2811, 1167, 1348, 2172, 873, 2202, 1582, 1735, 327, 1374, 558, 1939, 1614, 1644, 905, 1139, 2648, 1530, 2058, 2728, 1320, 3860, 1648, 3558, 1809, 945, 1884, 3702, 1738, 1369, 1441, 2369, 3547, 2410, 4178, 2303, 4066, 2241, 1393, 597, 1124, 1359, 1701, 882, 1703, 739, 1836, 1366, 1305, 3041, 1602, 1774, 3791, 2362, 2651, 2070, 1699, 464, 1259, 1336, 1118, 2251, 2265, 1155, 1567, 1489, 1834, 1265, 2394, 1322, 996, 2205, 1154, 1394, 3866, 1974, 3074, 1282, 4375, 1569, 1888, 1446, 2993, 1511, 1839, 1966, 3085, 1508, 1327, 2250, 1343, 2059, 4597, 2515, 1082, 1983, 1753, 3283, 1152, 1989, 824, 1040, 1539, 1318, 858, 1409, 2035, 1941, 3414, 779, 560, 993, 1118, 1622, 2005, 2589, 2671, 1945, 872, 2242, 1199, 2409, 614, 1606, 1533, 632, 3902, 951, 3443, 1085, 1010, 810, 1350, 439, 1715, 3903, 2495, 2085, 388, 2646, 3861, 1191, 3535, 600, 2658, 1973, 756, 3736, 953, 1329, 1161, 1212, 2587, 899, 2783, 2225, 1517, 1667)
(23, 102): Mean: 1760.924, median: 1630.5, std: 843.893, percent: 1781.08, B: 193, W: 56, 
	(1633, 1064, 1156, 2063, 2235, 2044, 1364, 2872, 1307, 2443, 1799, 2317, 2118, 1635, 775, 1562, 2864, 2092, 3845, 1434, 998, 1663, 784, 1625, 1054, 874, 2298, 1019, 815, 2110, 3244, 1796, 1483, 557, 892, 2564, 1811, 1370, 1979, 1419, 1669, 1006, 398, 1845, 1832, 1363, 2084, 1494, 1311, 1872, 1757, 2933, 1446, 1824, 2612, 2365, 1038, 2066, 2775, 3164, 1383, 2293, 3254, 1232, 1889, 1999, 1808, 697, 4961, 1258, 1547, 695, 3858, 1655, 2501, 3784, 2020, 1980, 1610, 1421, 1922, 1638, 1732, 3332, 1594, 1869, 1786, 673, 1573, 2546, 1975, 1522, 2451, 977, 1305, 2304, 843, 2390, 1476, 2101, 360, 1279, 495, 1657, 1614, 1740, 951, 1227, 2573, 1264, 1780, 2300, 1287, 3079, 1512, 2868, 1941, 772, 1654, 3254, 1467, 1418, 1557, 1752, 3555, 2221, 4411, 1973, 3906, 1780, 1248, 509, 1159, 1366, 1537, 889, 1525, 740, 1796, 1162, 1371, 2870, 1729, 1744, 3375, 2034, 1979, 1767, 1735, 458, 1116, 1238, 1075, 1929, 1864, 1174, 1311, 1369, 1566, 1353, 2284, 1031, 902, 2060, 1072, 1277, 3322, 1940, 2976, 1179, 3533, 1368, 1766, 1086, 3082, 1422, 1518, 1691, 2617, 1337, 1150, 1988, 1146, 1722, 4134, 2683, 1034, 2225, 1510, 2902, 1103, 1777, 808, 1024, 1274, 1362, 780, 1374, 1859, 1945, 3478, 840, 428, 967, 990, 1364, 1822, 2193, 2670, 1628, 770, 1982, 1084, 2156, 526, 1471, 1250, 603, 4034, 931, 3195, 940, 841, 808, 1151, 433, 1543, 3870, 2046, 2061, 385, 3133, 3452, 1068, 3171, 572, 2068, 1783, 673, 3291, 871, 1042, 1080, 1104, 2518, 771, 2664, 2141, 1401, 1385)
(24, 104): Mean: 1729.068, median: 1583.5, std: 844.883, percent: 1701.66, B: 149, W: 100, 
	(1551, 943, 1148, 2220, 2462, 1839, 1420, 2605, 1299, 2351, 1709, 2675, 2165, 1500, 748, 1489, 2876, 2487, 3654, 1493, 1004, 1524, 821, 1674, 1031, 786, 2066, 907, 745, 2004, 2488, 1777, 1401, 472, 753, 2233, 1672, 1191, 1932, 1465, 1455, 984, 321, 1578, 1758, 1333, 2059, 1515, 1491, 1488, 1603, 2790, 1313, 1804, 2460, 2288, 994, 1967, 3284, 3101, 1509, 1945, 2432, 1208, 1861, 1934, 1836, 721, 5633, 1211, 1635, 659, 3244, 1735, 2566, 4824, 1957, 1990, 1875, 1536, 1867, 1471, 1804, 2959, 1504, 1518, 1867, 629, 1504, 2308, 1893, 1587, 2242, 943, 1177, 2287, 920, 2164, 1383, 1950, 384, 1174, 468, 1780, 1425, 1564, 862, 1098, 2356, 1343, 1858, 2333, 1241, 3663, 1574, 2419, 1970, 791, 1615, 3609, 1418, 1291, 1337, 1701, 2769, 2079, 3953, 1947, 4092, 1819, 1334, 578, 1193, 1270, 1572, 790, 1589, 885, 1895, 1241, 1540, 2835, 1614, 1821, 3469, 1905, 2063, 1959, 1589, 471, 838, 1377, 1102, 1970, 1971, 1212, 1386, 1340, 1671, 1109, 1992, 967, 865, 1948, 1082, 1244, 3645, 1847, 2612, 1335, 3700, 1274, 1777, 1171, 2716, 1453, 1605, 1952, 2512, 1278, 1132, 1903, 1286, 1750, 4410, 2670, 1055, 2340, 1710, 3143, 1061, 1926, 722, 1013, 1455, 1341, 764, 1321, 1934, 1750, 3370, 722, 477, 912, 1046, 1580, 2188, 2061, 2593, 1982, 853, 1974, 962, 2001, 493, 1521, 1231, 564, 3529, 875, 2807, 929, 1001, 855, 1184, 388, 1440, 4353, 2007, 1840, 372, 2410, 3512, 1115, 2848, 597, 2068, 1662, 667, 3105, 886, 1141, 1190, 1024, 2485, 733, 2514, 1779, 1396, 1388)
(26, 116): Mean: 1730.528, median: 1631.5, std: 852.113, percent: 1682.96, B: 126, W: 124, 
	(1500, 942, 1091, 1892, 2314, 1915, 1644, 2543, 1263, 2186, 1774, 2422, 2347, 1501, 1015, 1730, 2800, 2641, 3282, 1378, 1011, 1716, 727, 1679, 1169, 778, 2257, 1059, 768, 2178, 2906, 1877, 1609, 496, 860, 2357, 1776, 1177, 1629, 1271, 1436, 896, 335, 1597, 1819, 1272, 1863, 1419, 1234, 1457, 1700, 2398, 1162, 1844, 2597, 2651, 1038, 1935, 2870, 3644, 1387, 1998, 2612, 1131, 1883, 2353, 1749, 689, 5310, 1307, 1403, 698, 3619, 1753, 2593, 4675, 1842, 1932, 1710, 1335, 1627, 1663, 2118, 3079, 1606, 1676, 2195, 687, 1686, 1985, 2161, 1490, 2731, 984, 1307, 1983, 923, 2301, 1462, 2067, 308, 1104, 440, 1463, 1564, 1634, 826, 1044, 2587, 1255, 2210, 2150, 1264, 3172, 1348, 2864, 1804, 720, 1709, 3530, 1471, 1258, 1403, 1884, 3210, 2072, 4542, 2012, 3731, 1786, 1289, 522, 1157, 1358, 1501, 734, 1601, 840, 1861, 1121, 1878, 3175, 1593, 1678, 3009, 2043, 2211, 1996, 1681, 449, 881, 1065, 1155, 1982, 2052, 1162, 1245, 1272, 1534, 1180, 2135, 1085, 903, 1876, 1019, 1482, 3076, 1760, 2522, 1296, 4305, 1449, 1965, 1129, 2814, 1296, 1647, 1874, 2334, 1399, 1121, 1972, 1360, 1639, 4526, 2176, 941, 2186, 1652, 3032, 1062, 1900, 739, 1018, 1293, 1366, 741, 1354, 1715, 1721, 3053, 811, 446, 928, 923, 1499, 1756, 2217, 2359, 1634, 738, 2239, 1061, 2060, 526, 1517, 1312, 500, 4163, 993, 2347, 915, 868, 826, 1192, 344, 1551, 3601, 2173, 1756, 360, 2581, 3967, 1005, 3436, 528, 2205, 1699, 711, 2765, 916, 1109, 1066, 1099, 2437, 755, 2435, 1813, 1240, 1370)
(27, 119): Mean: 1714.916, median: 1590.0, std: 829.258, percent: 1709.58, B: 129, W: 121, 
	(1388, 967, 1086, 2078, 2195, 1943, 1408, 2319, 1350, 2210, 1775, 2340, 2214, 1429, 768, 1500, 2402, 2379, 3132, 1366, 976, 1742, 806, 1895, 991, 745, 2067, 967, 683, 1852, 2621, 1709, 1434, 515, 880, 2458, 1825, 1165, 1718, 1624, 1467, 962, 288, 1578, 2175, 1196, 2006, 1485, 1275, 1590, 1927, 2694, 1205, 1711, 2526, 2395, 1031, 1946, 3249, 2626, 1303, 1974, 2924, 1196, 1867, 2257, 1619, 750, 4924, 1292, 1523, 684, 3263, 1805, 2495, 4158, 1934, 1720, 1464, 1257, 1977, 1472, 1786, 3313, 1495, 1444, 1920, 677, 1540, 2050, 1925, 1596, 2229, 963, 1334, 2035, 871, 2165, 1454, 2267, 390, 1086, 425, 1699, 1384, 1699, 917, 1017, 2257, 1232, 1812, 2460, 1278, 3539, 1578, 2861, 1853, 808, 1539, 3670, 1451, 1266, 1472, 1765, 2835, 2456, 3920, 2306, 3645, 2034, 1182, 476, 1115, 1066, 1610, 854, 1767, 788, 1645, 1243, 1395, 3054, 1757, 1878, 3170, 2214, 2224, 1774, 1588, 364, 951, 1074, 1001, 2095, 2166, 1228, 1421, 1364, 1613, 1168, 2057, 1179, 848, 1878, 1053, 1307, 3681, 1812, 2563, 1130, 3457, 1413, 1882, 1214, 3169, 1590, 1642, 1662, 3001, 1284, 1188, 1689, 1240, 1725, 3647, 2516, 1025, 2110, 1547, 2867, 1067, 1903, 681, 1015, 1326, 1275, 804, 1294, 1756, 1575, 2868, 781, 479, 904, 1059, 1591, 1950, 2045, 2487, 1732, 811, 1870, 1006, 2289, 502, 1379, 1334, 593, 4640, 885, 2785, 846, 917, 774, 1230, 382, 1403, 3556, 2209, 1882, 363, 2582, 4288, 1099, 3491, 543, 2173, 1783, 651, 3387, 806, 1089, 1114, 1025, 2287, 777, 2675, 1663, 1362, 1235)
(28, 121): Mean: 1700.9, median: 1584.5, std: 825.534, percent: 1648.82, B: 128, W: 120, 
	(1335, 894, 1066, 2105, 2321, 1757, 1320, 2538, 1329, 2391, 1688, 2524, 1908, 1581, 933, 1576, 2404, 2252, 3374, 1570, 897, 1792, 851, 1625, 1155, 783, 2101, 865, 674, 1932, 2477, 1592, 1434, 475, 813, 2319, 1798, 1139, 1767, 1480, 1408, 946, 341, 1445, 1789, 1245, 2060, 1297, 1376, 1541, 1470, 2363, 1166, 1779, 2276, 2021, 971, 2144, 3446, 3039, 1269, 2298, 3048, 1039, 1869, 2331, 2017, 698, 4430, 1169, 1578, 639, 3459, 1905, 2508, 4033, 2165, 1749, 1726, 1326, 2000, 1715, 1921, 2774, 1510, 1393, 1797, 636, 1710, 2319, 1849, 1451, 2546, 935, 1406, 2095, 875, 1936, 1260, 1843, 417, 1199, 476, 1603, 1387, 1606, 890, 1064, 2535, 1335, 1815, 2151, 1313, 3602, 1588, 2598, 1861, 748, 1741, 4001, 1457, 1282, 1479, 1916, 3149, 2105, 4470, 2073, 3261, 1947, 1252, 497, 1042, 1168, 1557, 774, 1596, 669, 1683, 1263, 1364, 2811, 1676, 2098, 2748, 2234, 2179, 2015, 1499, 436, 901, 1056, 1010, 2047, 1623, 1139, 1357, 1330, 1613, 1056, 2225, 947, 830, 1708, 1059, 1246, 3536, 2078, 2400, 1173, 3585, 1390, 1951, 1280, 3143, 1499, 1494, 1783, 2542, 1145, 1019, 1916, 1163, 1488, 4439, 2445, 961, 1991, 1620, 2839, 1031, 1994, 710, 952, 1373, 1368, 730, 1347, 1718, 1645, 3618, 732, 483, 901, 1018, 1520, 1845, 2067, 2316, 1633, 773, 1846, 1025, 1846, 552, 1610, 1257, 588, 4093, 871, 3038, 906, 858, 864, 1136, 342, 1414, 3311, 2338, 2015, 417, 2500, 3489, 1037, 3576, 458, 2060, 1860, 656, 3405, 849, 1016, 1045, 1120, 2417, 797, 2292, 1979, 1440, 1286)
(30, 133): Mean: 1690.848, median: 1554.0, std: 815.666, percent: 1674.6, B: 128, W: 121, 
	(1552, 1005, 1078, 2041, 2353, 1689, 1387, 2680, 1444, 2079, 1932, 2938, 2178, 1521, 834, 1728, 2670, 2132, 4276, 1403, 975, 1508, 747, 1569, 1026, 781, 2136, 990, 743, 1678, 2520, 1586, 1431, 483, 866, 2108, 1751, 1182, 1656, 1381, 1451, 942, 307, 1525, 1738, 1219, 1797, 1432, 1340, 1469, 1697, 2442, 1338, 1888, 2419, 2661, 1152, 2062, 3035, 2731, 1327, 1675, 2824, 1257, 2036, 2310, 1888, 695, 4616, 1396, 1429, 684, 2789, 1651, 3181, 4433, 1831, 1707, 1669, 1329, 1764, 1504, 1793, 3111, 1546, 1543, 2073, 657, 1564, 2466, 2067, 1478, 2737, 1015, 1381, 1896, 780, 2030, 1489, 1903, 373, 1128, 508, 1739, 1326, 1552, 795, 1009, 2326, 1270, 1850, 2096, 1248, 3304, 1471, 2743, 1779, 768, 1634, 3262, 1460, 1321, 1360, 1950, 3289, 2347, 3767, 1821, 3972, 1861, 1222, 526, 1087, 1169, 1660, 744, 1509, 738, 1702, 1124, 1447, 3071, 1594, 1718, 2860, 1876, 2023, 1719, 1509, 423, 1034, 1003, 1038, 1893, 1760, 1064, 1381, 1253, 1664, 999, 2100, 1069, 897, 1829, 1074, 1294, 3278, 1893, 2374, 1157, 3680, 1295, 2092, 1355, 3358, 1556, 1579, 1815, 2339, 1257, 1041, 1817, 1306, 1602, 3871, 2441, 964, 2131, 1731, 2725, 1160, 1861, 664, 972, 1364, 1253, 742, 1344, 1661, 1719, 3307, 729, 416, 842, 983, 1467, 2091, 1829, 2402, 1654, 820, 1840, 1148, 1836, 520, 1575, 1351, 587, 4155, 879, 2903, 882, 858, 688, 1144, 409, 1371, 3728, 2235, 1784, 416, 2353, 3085, 1099, 3520, 502, 2070, 1854, 696, 3258, 843, 1062, 1166, 1011, 2025, 739, 2359, 1534, 1276, 1406)
(31, 134): Mean: 1676.964, median: 1559.0, std: 799.653, percent: 1675.7, B: 133, W: 117, 
	(1680, 969, 1031, 1979, 2439, 1720, 1384, 2489, 1242, 2019, 1729, 2950, 2119, 1436, 835, 1569, 2413, 2038, 2955, 1457, 932, 1636, 751, 1557, 1001, 756, 2056, 926, 693, 2059, 2674, 1587, 1496, 540, 871, 2600, 1885, 1144, 1741, 1531, 1539, 950, 347, 1773, 1832, 1334, 1906, 1312, 1375, 1641, 1721, 2481, 1262, 1872, 2152, 2503, 1045, 1953, 3070, 2966, 1256, 1911, 2704, 1291, 1795, 2297, 1697, 701, 3673, 1195, 1477, 607, 2968, 1606, 2362, 4606, 1823, 1809, 1636, 1292, 1698, 1528, 1575, 2875, 1469, 1392, 2193, 669, 1454, 2288, 1863, 1428, 2395, 975, 1196, 2165, 800, 2061, 1338, 1777, 346, 1154, 462, 1691, 1441, 1484, 879, 1059, 2567, 1260, 1885, 2311, 1295, 3258, 1513, 2411, 1702, 732, 1521, 3523, 1441, 1261, 1540, 2042, 3281, 1880, 3281, 1884, 3770, 2052, 1332, 479, 1152, 1090, 1793, 742, 1630, 694, 1730, 1159, 1287, 2977, 1430, 1963, 3418, 1997, 2104, 1842, 1448, 391, 1018, 1191, 977, 1805, 1884, 1101, 1516, 1175, 1678, 1024, 2095, 950, 948, 1954, 1006, 1312, 3645, 1787, 2660, 1341, 2911, 1262, 1667, 1168, 2927, 1376, 1465, 1774, 2599, 1392, 1111, 1709, 1272, 1856, 4665, 2247, 1016, 2405, 1743, 2624, 1032, 2062, 692, 927, 1561, 1237, 722, 1415, 1639, 1681, 3138, 720, 460, 877, 965, 1438, 1849, 1857, 2367, 1610, 825, 1806, 1158, 1960, 489, 1554, 1300, 550, 4657, 870, 2587, 856, 903, 888, 1250, 401, 1352, 4073, 2288, 1796, 334, 2415, 3407, 1057, 3436, 523, 1868, 1605, 707, 2854, 867, 1078, 1097, 1036, 2091, 796, 2250, 1644, 1354, 1402)
(32, 139): Mean: 1678.42, median: 1545.5, std: 811.736, percent: 1626.44, B: 130, W: 119, 
	(1382, 944, 1067, 1914, 2252, 1998, 1357, 2329, 1315, 2154, 1636, 2955, 2120, 1414, 837, 1752, 2299, 2462, 3385, 1362, 921, 1745, 792, 1642, 1050, 715, 1982, 1074, 728, 1924, 3102, 1587, 1402, 478, 908, 2244, 1747, 1126, 1740, 1466, 1408, 977, 324, 1471, 1807, 1404, 1698, 1301, 1319, 1504, 1720, 2743, 1272, 1824, 2257, 2428, 1019, 1957, 2694, 2573, 1276, 1789, 3203, 1265, 1796, 2124, 1743, 733, 4697, 1247, 1559, 650, 3425, 1544, 2527, 4829, 2081, 1777, 1714, 1425, 1920, 1663, 1649, 3330, 1583, 1365, 2364, 636, 1398, 2177, 1879, 1368, 2393, 943, 1315, 1869, 781, 1887, 1402, 1732, 356, 1098, 548, 1458, 1366, 1554, 911, 987, 1997, 1247, 1950, 2096, 1298, 3317, 1463, 2325, 1940, 778, 1380, 3340, 1335, 1381, 1455, 2011, 3418, 2306, 3662, 2147, 3239, 1880, 1400, 518, 1114, 1233, 1727, 760, 1458, 723, 1547, 1154, 1259, 3155, 1520, 1631, 2840, 2111, 2035, 1839, 1565, 414, 954, 1219, 959, 1828, 1898, 1133, 1266, 1267, 1593, 1136, 2225, 1052, 902, 1873, 995, 1502, 3156, 1761, 2685, 1230, 3741, 1426, 2072, 1166, 2605, 1316, 1603, 1791, 2707, 1200, 1094, 2134, 1173, 1678, 4003, 2542, 968, 2015, 1602, 2611, 1013, 2008, 768, 1040, 1170, 1178, 718, 1326, 1785, 1706, 2621, 735, 483, 886, 1004, 1462, 1737, 1908, 2131, 1573, 768, 2144, 1192, 1882, 506, 1497, 1278, 561, 4791, 903, 2816, 884, 801, 719, 1133, 376, 1308, 3845, 2224, 1657, 438, 2303, 3357, 1144, 3420, 580, 2161, 1774, 798, 3221, 935, 1137, 1062, 1179, 2225, 716, 2065, 1562, 1207, 1392)
(35, 152): Mean: 1671.4, median: 1530.5, std: 784.491, percent: 1650.28, B: 134, W: 114, 
	(1386, 869, 1024, 1923, 2409, 1831, 1366, 2939, 1270, 2006, 1690, 2507, 2194, 1348, 794, 1638, 2297, 2269, 3179, 1532, 1079, 1565, 798, 1485, 1116, 765, 1991, 858, 670, 1954, 2468, 1626, 1437, 556, 800, 2721, 1684, 1094, 1777, 1288, 1467, 957, 324, 1419, 1753, 1422, 2002, 1299, 1373, 1399, 1635, 2312, 1426, 1976, 2361, 2250, 982, 1902, 3074, 3094, 1290, 1875, 2357, 1250, 1708, 1990, 1731, 739, 3740, 1212, 1529, 606, 2873, 1534, 2273, 4777, 2169, 1907, 1921, 1240, 1842, 1826, 1789, 3380, 1450, 1351, 1828, 625, 1668, 2186, 1805, 1323, 2496, 931, 1416, 2133, 776, 1935, 1218, 1754, 345, 1191, 540, 1539, 1289, 1675, 901, 1163, 2131, 1257, 1757, 2345, 1295, 3807, 1458, 2385, 1756, 935, 1440, 3819, 1315, 1112, 1449, 1963, 3335, 2185, 3503, 2365, 3572, 1775, 1203, 530, 1158, 1123, 1457, 796, 1591, 810, 1728, 1193, 1506, 2594, 1780, 1690, 3630, 2079, 1958, 1837, 1610, 525, 1094, 1012, 1032, 1833, 1879, 1074, 1256, 1193, 1704, 1186, 2144, 978, 861, 1796, 1062, 1374, 3524, 1754, 2535, 1219, 3177, 1282, 1896, 1222, 2590, 1445, 1479, 2156, 2502, 1212, 1148, 1998, 1299, 1466, 3461, 2278, 958, 2132, 1615, 2678, 1121, 2094, 663, 1009, 1305, 1309, 718, 1382, 1594, 1618, 3497, 703, 430, 960, 986, 1697, 1910, 1960, 2576, 1695, 760, 1810, 1100, 2157, 482, 1437, 1318, 840, 3809, 936, 2745, 928, 882, 917, 1200, 319, 1477, 3737, 2099, 1512, 331, 2431, 3122, 1218, 3360, 501, 2084, 1908, 697, 3169, 830, 1128, 1064, 1034, 2099, 676, 2286, 1810, 1191, 1232)
(36, 158): Mean: 1672.552, median: 1541.5, std: 801.129, percent: 1645.64, B: 126, W: 124, 
	(1473, 924, 1013, 1847, 2125, 1733, 1374, 2433, 1199, 2352, 1507, 2679, 1948, 1493, 849, 1635, 2299, 2686, 3270, 1444, 961, 1661, 838, 1660, 933, 733, 2233, 865, 778, 1703, 2829, 1631, 1460, 533, 774, 2450, 1697, 1026, 1765, 1411, 1389, 904, 331, 1744, 2160, 1293, 1988, 1270, 1343, 1431, 1751, 2176, 1257, 1946, 2504, 2177, 994, 1951, 2865, 2839, 1211, 1951, 2547, 1121, 1755, 2196, 1732, 738, 4901, 1346, 1554, 644, 2855, 1701, 2422, 4731, 1987, 1662, 2051, 1506, 1732, 1602, 1892, 3003, 1566, 1564, 2358, 617, 1539, 2134, 1854, 1520, 2603, 876, 1228, 1964, 802, 2104, 1473, 1902, 348, 1205, 492, 1605, 1339, 1629, 793, 1105, 2598, 1325, 1604, 2210, 1201, 3234, 1391, 2220, 1724, 822, 1534, 3877, 1356, 1242, 1376, 1811, 2615, 1857, 3426, 2233, 3595, 1990, 1339, 514, 1201, 1179, 1506, 793, 1386, 731, 1738, 1141, 1544, 2768, 1619, 1844, 2776, 1915, 2048, 1929, 1450, 545, 1030, 1174, 1026, 2038, 1962, 1103, 1426, 1336, 1620, 1207, 2129, 1139, 889, 1771, 984, 1261, 3650, 2112, 2600, 1067, 3516, 1413, 1845, 1267, 2532, 1363, 1520, 1685, 2654, 1245, 1054, 1848, 1169, 1510, 4497, 2183, 942, 2115, 1525, 2581, 1032, 1897, 748, 1000, 1386, 1325, 751, 1338, 1563, 1720, 3259, 650, 391, 918, 908, 1538, 1770, 1820, 2673, 1572, 746, 1942, 955, 1811, 543, 1529, 1390, 540, 4605, 975, 2764, 909, 854, 798, 1324, 357, 1321, 3326, 2312, 1702, 424, 2767, 3190, 1067, 2941, 532, 1930, 1830, 708, 3048, 929, 1077, 1065, 999, 2118, 845, 2216, 1742, 1278, 1278)
(38, 165): Mean: 1652.708, median: 1551.0, std: 756.894, percent: 1646.64, B: 124, W: 125, 
	(1600, 917, 969, 1826, 2372, 1995, 1416, 2339, 1157, 2257, 1536, 2713, 1999, 1386, 928, 1568, 2859, 2318, 2996, 1316, 1012, 1749, 791, 1371, 1056, 703, 2355, 788, 676, 1970, 2817, 1665, 1308, 505, 804, 2263, 1576, 1044, 1769, 1342, 1345, 916, 351, 1618, 1799, 1286, 1792, 1585, 1359, 1388, 1626, 2345, 1314, 1665, 2545, 2010, 998, 1862, 3096, 2976, 1283, 1959, 2743, 1180, 1714, 2220, 1806, 710, 4518, 1350, 1492, 650, 2814, 1706, 2529, 4525, 1815, 1944, 1746, 1471, 1660, 1594, 1988, 2583, 1526, 1752, 2050, 654, 1693, 2100, 1917, 1378, 2830, 923, 1248, 2026, 791, 2100, 1227, 1914, 392, 1145, 598, 1417, 1462, 1630, 857, 1120, 2297, 1239, 1792, 2395, 1288, 3082, 1297, 2609, 1960, 728, 1398, 3369, 1344, 1464, 1424, 1716, 2923, 2083, 3527, 2189, 3276, 2010, 1244, 515, 1112, 1117, 1596, 794, 1448, 834, 1798, 1191, 1348, 2720, 1556, 1537, 3459, 2090, 2048, 1832, 1430, 393, 806, 1036, 1081, 2028, 1790, 1106, 1387, 1274, 1644, 1205, 2181, 976, 890, 1748, 1060, 1315, 3185, 1692, 2481, 1070, 2729, 1361, 1996, 1113, 2200, 1296, 1376, 1807, 2410, 1204, 1163, 1764, 1270, 1462, 3570, 2404, 989, 2046, 1546, 2702, 1161, 2004, 795, 1002, 1310, 1277, 799, 1415, 1854, 1655, 3339, 755, 474, 884, 981, 1586, 1781, 2135, 2498, 1674, 939, 1920, 1035, 1846, 544, 1582, 1181, 586, 3409, 974, 2826, 937, 918, 812, 1160, 322, 1421, 3169, 2036, 1703, 389, 2685, 3486, 939, 3183, 483, 2098, 1960, 702, 2804, 900, 994, 1111, 971, 2196, 782, 2101, 1623, 1332, 1247)
(39, 168): Mean: 1665.94, median: 1557.5, std: 769.492, percent: 1645.68, B: 129, W: 121, 
	(1440, 937, 1081, 1855, 2329, 1880, 1408, 2782, 1237, 2147, 1948, 2495, 1921, 1425, 954, 1558, 2604, 2412, 2927, 1494, 935, 1540, 768, 1474, 1028, 778, 2181, 882, 713, 1691, 2544, 1695, 1374, 567, 814, 2322, 1523, 1103, 1867, 1715, 1318, 960, 367, 1522, 1584, 1350, 1766, 1500, 1290, 1585, 1659, 2365, 1373, 1719, 2317, 2586, 953, 2342, 2996, 2974, 1230, 1862, 2570, 1038, 1757, 2356, 1722, 719, 3893, 1288, 1482, 709, 2861, 1524, 2423, 4461, 1861, 1714, 1705, 1214, 1815, 1690, 1862, 3056, 1854, 1740, 2288, 708, 1544, 1999, 1749, 1435, 2844, 911, 1232, 2171, 833, 2269, 1193, 1910, 437, 1323, 499, 1382, 1379, 1620, 839, 1049, 2300, 1203, 1657, 2357, 1334, 3530, 1564, 3124, 1614, 765, 1406, 4193, 1422, 1255, 1549, 1909, 3123, 2353, 3918, 1902, 3480, 1865, 1173, 560, 1218, 1084, 1482, 838, 1567, 655, 1756, 1246, 1318, 2572, 1417, 1995, 3393, 1972, 2338, 1702, 1704, 426, 971, 1008, 924, 1873, 1674, 1164, 1417, 1259, 1777, 960, 2049, 1066, 910, 1720, 1015, 1209, 3041, 1693, 2730, 1180, 3209, 1300, 1787, 1218, 2621, 1438, 1557, 1774, 2453, 1261, 1084, 2150, 1174, 1559, 3111, 2262, 942, 1764, 1869, 2464, 1329, 1887, 755, 1053, 1506, 1274, 740, 1698, 1695, 1549, 3157, 707, 443, 905, 937, 1623, 1803, 2048, 2265, 1744, 786, 2029, 960, 2001, 562, 1601, 1316, 642, 3386, 916, 2739, 900, 845, 705, 1396, 391, 1424, 4127, 1974, 1555, 376, 2364, 3178, 1071, 2999, 548, 2097, 2038, 600, 2674, 895, 1139, 1021, 1006, 2212, 741, 2119, 1675, 1319, 1270)
(40, 171): Mean: 1679.048, median: 1570.5, std: 793.112, percent: 1656.56, B: 123, W: 127, 
	(1326, 885, 972, 1725, 2114, 2033, 1448, 2806, 1203, 2421, 1861, 2968, 2108, 1565, 812, 1584, 2682, 2174, 3459, 1438, 969, 1667, 757, 1409, 1001, 645, 2228, 906, 666, 1847, 2498, 1740, 1554, 451, 860, 2357, 1728, 1129, 1757, 1311, 1456, 954, 320, 1629, 1658, 1323, 1768, 1530, 1226, 1359, 1740, 2399, 1263, 1998, 2190, 2444, 1062, 2230, 2992, 2858, 1541, 2106, 2605, 1190, 1820, 2035, 1691, 744, 4374, 1239, 1613, 644, 3155, 1836, 2833, 4051, 1716, 1686, 1576, 1422, 1681, 1973, 2027, 3117, 1630, 1390, 2278, 726, 1428, 1997, 1936, 1426, 2313, 896, 1361, 1837, 754, 2002, 1549, 2004, 404, 1126, 530, 1478, 1471, 1653, 832, 1129, 2352, 1156, 1801, 2864, 1238, 2684, 1392, 2910, 1767, 880, 1350, 3781, 1215, 1196, 1271, 1687, 3022, 2008, 4050, 2135, 3288, 2007, 1243, 501, 1110, 1074, 1509, 756, 1472, 802, 1706, 1086, 1504, 3016, 1701, 1765, 2795, 2169, 2044, 2043, 1601, 436, 990, 1145, 1072, 1857, 2023, 1077, 1276, 1440, 1780, 1013, 2297, 963, 837, 1674, 953, 1311, 3059, 1763, 2413, 1147, 3552, 1332, 1896, 1320, 2341, 1480, 1734, 1833, 2508, 1115, 1204, 1753, 1152, 1669, 3834, 2653, 990, 1904, 1627, 2768, 1091, 1744, 719, 1075, 1408, 1354, 816, 1419, 1613, 1741, 3490, 754, 495, 879, 966, 1558, 2128, 2310, 2602, 1868, 761, 1958, 999, 1850, 564, 1442, 1447, 562, 4671, 883, 2676, 913, 817, 809, 1264, 359, 1382, 3610, 2076, 1530, 390, 2731, 3106, 1057, 3049, 539, 1876, 1822, 653, 2919, 888, 977, 1158, 1010, 2182, 765, 1996, 1931, 1205, 1475)
(42, 182): Mean: 1660.704, median: 1531.0, std: 799.261, percent: 1655.5, B: 136, W: 112, 
	(1406, 872, 955, 1933, 2231, 1886, 1462, 2564, 1283, 1975, 1550, 2792, 2330, 1377, 841, 1647, 2593, 2575, 2867, 1392, 956, 1682, 845, 1352, 1004, 817, 2120, 867, 690, 1698, 2649, 1540, 1299, 467, 818, 2552, 1476, 1129, 1679, 1382, 1496, 980, 301, 1561, 1658, 1333, 1835, 1421, 1270, 1412, 1582, 2425, 1291, 1777, 2415, 2491, 990, 1927, 2933, 3057, 1173, 2017, 3123, 1114, 1938, 2134, 1704, 771, 5176, 1230, 1363, 656, 2920, 1726, 2311, 3770, 1856, 1799, 1612, 1310, 1678, 1613, 1764, 3200, 1593, 1374, 2033, 723, 1524, 2053, 1930, 1524, 2548, 882, 1477, 2186, 767, 1943, 1464, 1833, 337, 1180, 456, 1633, 1588, 1485, 835, 1023, 2620, 1364, 1747, 2354, 1219, 3164, 1447, 2284, 1699, 847, 1693, 3526, 1275, 1194, 1377, 1750, 2914, 2294, 3603, 1984, 3411, 2111, 1129, 534, 1311, 1057, 1527, 733, 1532, 793, 1827, 1073, 1501, 2856, 1616, 1657, 2690, 2257, 1975, 2162, 1540, 441, 907, 1014, 1060, 1834, 1793, 1110, 1266, 1187, 1550, 1059, 2245, 1012, 822, 1871, 944, 1352, 3829, 1727, 2521, 1027, 3872, 1450, 1932, 1152, 2713, 1334, 1568, 1723, 2354, 1257, 1133, 1837, 1120, 1530, 4362, 2196, 1008, 1713, 1630, 2535, 1097, 1754, 725, 928, 1596, 1214, 773, 1347, 1787, 1712, 3395, 674, 452, 918, 896, 1438, 2042, 1761, 2545, 1518, 728, 2127, 1177, 1992, 500, 1429, 1321, 681, 3526, 876, 2770, 914, 830, 744, 1119, 338, 1360, 3559, 2136, 1476, 403, 2386, 3165, 1007, 3817, 549, 2404, 1911, 684, 2704, 890, 1097, 1057, 964, 2296, 716, 2167, 1643, 1242, 1205)
(43, 183): Mean: 1641.284, median: 1545.5, std: 770.786, percent: 1632.26, B: 136, W: 114, 
	(1482, 929, 939, 1842, 2078, 1752, 1231, 2257, 1211, 2387, 1757, 2626, 2259, 1408, 825, 1651, 2814, 2237, 3004, 1422, 938, 1547, 745, 1488, 922, 739, 1997, 921, 706, 1796, 2579, 1640, 1470, 468, 801, 2503, 1708, 1127, 1799, 1243, 1345, 948, 339, 1518, 1659, 1317, 1869, 1465, 1281, 1434, 1673, 2481, 1361, 1651, 2538, 2258, 1054, 2021, 2837, 3042, 1209, 1841, 2852, 1246, 1780, 1946, 1939, 752, 4673, 1314, 1534, 639, 2906, 1556, 2665, 3774, 1696, 1689, 1629, 1272, 1665, 1961, 1835, 2945, 1434, 1544, 1953, 667, 1568, 2439, 1834, 1366, 2444, 945, 1259, 2119, 866, 1871, 1344, 1748, 396, 1133, 498, 1549, 1319, 1649, 845, 1082, 2137, 1271, 1830, 2082, 1234, 3054, 1533, 2546, 2059, 726, 1576, 3655, 1402, 1193, 1388, 1794, 2902, 1958, 3711, 1966, 3422, 1885, 1179, 467, 1234, 1146, 1580, 828, 1771, 728, 1775, 1201, 1369, 2877, 1759, 1865, 3040, 2077, 2013, 1749, 1487, 399, 1096, 1061, 955, 1826, 1535, 1082, 1333, 1163, 1561, 1008, 1879, 970, 871, 1683, 1033, 1216, 3382, 1674, 2494, 1128, 3682, 1267, 1677, 1314, 2243, 1293, 1496, 1932, 2449, 1210, 1068, 1723, 1122, 1487, 4442, 2314, 977, 1844, 1593, 2560, 1019, 1998, 723, 1026, 1283, 1294, 731, 1357, 1602, 1653, 3763, 709, 440, 954, 1021, 1572, 1939, 1982, 2306, 1487, 815, 2072, 1012, 1867, 548, 1589, 1289, 589, 3522, 962, 2496, 837, 832, 890, 1195, 334, 1285, 3334, 2209, 1646, 360, 2640, 3268, 975, 3028, 488, 1816, 1791, 734, 2755, 834, 1082, 1016, 956, 2157, 747, 2095, 1679, 1358, 1320)
(46, 196): Mean: 1641.952, median: 1533.0, std: 764.294, percent: 1657.54, B: 128, W: 121, 
	(1373, 917, 993, 1939, 2294, 1841, 1314, 2477, 1249, 2270, 1675, 2783, 2018, 1365, 778, 1514, 2438, 2184, 3188, 1418, 919, 1522, 787, 1471, 944, 716, 2022, 956, 682, 1905, 2325, 1712, 1464, 445, 855, 2377, 1732, 1038, 2064, 1331, 1448, 1058, 313, 1609, 1685, 1563, 1904, 1383, 1251, 1492, 1621, 2395, 1430, 1858, 2381, 2557, 1040, 1876, 3587, 2754, 1529, 1861, 2749, 1154, 1819, 1989, 1723, 747, 4098, 1269, 1312, 603, 3091, 1688, 2512, 4007, 1935, 1638, 1565, 1537, 1954, 1479, 1627, 3124, 1580, 1558, 1842, 628, 1420, 2153, 1878, 1342, 2356, 1006, 1347, 2004, 814, 2096, 1276, 1676, 307, 1047, 557, 1466, 1608, 1467, 947, 1040, 2241, 1181, 1721, 2146, 1110, 3102, 1492, 2487, 1681, 713, 1423, 3534, 1276, 1324, 1543, 1750, 3134, 2067, 4001, 2182, 3431, 1691, 1152, 546, 1083, 1045, 1382, 938, 1559, 742, 1676, 1234, 1553, 2982, 1551, 1677, 3037, 1904, 1961, 1767, 1487, 426, 911, 1113, 924, 1772, 1854, 1037, 1290, 1304, 1555, 1038, 1987, 1098, 819, 1651, 1031, 1253, 3186, 1792, 2414, 1219, 3279, 1332, 1815, 1167, 2599, 1264, 1551, 1901, 2451, 1236, 1101, 1731, 1243, 1466, 3854, 2470, 942, 1981, 1629, 2629, 973, 1876, 691, 1114, 1358, 1288, 714, 1360, 1567, 1660, 2403, 711, 506, 862, 944, 1484, 1754, 2110, 2714, 1641, 790, 1975, 1136, 1940, 545, 1521, 1243, 613, 4169, 923, 2684, 888, 883, 852, 1171, 335, 1418, 3476, 2055, 1621, 405, 2443, 3213, 1114, 3369, 546, 1929, 1775, 638, 2713, 817, 1171, 1089, 963, 2379, 817, 2230, 1509, 1263, 1391)
(48, 207): Mean: 1640.544, median: 1527.5, std: 745.507, percent: 1614.16, B: 130, W: 120, 
	(1441, 874, 952, 1697, 2196, 1743, 1446, 2149, 1230, 2145, 1798, 2642, 2338, 1574, 867, 1596, 2559, 2459, 3255, 1710, 980, 1503, 772, 1455, 924, 734, 1874, 910, 632, 1984, 2535, 1547, 1479, 506, 798, 2104, 1523, 1000, 1639, 1313, 1451, 845, 299, 1680, 1703, 1277, 2146, 1350, 1208, 1532, 1763, 2519, 1334, 1806, 2460, 2311, 1026, 1847, 3079, 2691, 1280, 1895, 2248, 1121, 1703, 2015, 1928, 702, 4406, 1283, 1517, 742, 2747, 1537, 2682, 3581, 1713, 1855, 1767, 1342, 1754, 1712, 1988, 2543, 1604, 1486, 2139, 665, 1491, 2202, 1814, 1397, 2520, 915, 1266, 2071, 836, 1961, 1438, 1845, 301, 1062, 456, 1476, 1384, 1561, 923, 1054, 2168, 1195, 1969, 2277, 1288, 2962, 1348, 2377, 1623, 721, 1604, 3566, 1357, 1259, 1364, 1861, 2821, 2205, 3358, 2072, 3574, 2024, 1356, 494, 1177, 1120, 1522, 760, 1517, 724, 1819, 1052, 1470, 3282, 1619, 1676, 2867, 1971, 1917, 1706, 1416, 402, 1043, 1065, 975, 1761, 1825, 1102, 1552, 1256, 1746, 1215, 1982, 918, 910, 1905, 945, 1410, 2699, 1827, 2218, 1030, 3031, 1433, 2053, 1139, 2810, 1335, 1521, 1978, 2543, 1256, 1174, 1663, 1248, 1533, 3463, 2274, 1053, 1954, 1596, 2616, 1152, 2275, 747, 986, 1210, 1336, 770, 1294, 1654, 1520, 2918, 770, 406, 936, 973, 1486, 1733, 2198, 2674, 1594, 707, 1922, 1027, 1843, 496, 1504, 1244, 604, 4018, 973, 2435, 861, 919, 830, 1379, 334, 1517, 3670, 2305, 1700, 350, 3286, 3086, 1030, 3298, 542, 1713, 1660, 745, 3018, 914, 1140, 1115, 1002, 2112, 738, 2154, 1700, 1246, 1312)
(53, 235): Mean: 1664.456, median: 1538.5, std: 778.186, percent: 1648.76, B: 113, W: 137, 
	(1466, 955, 1024, 1949, 2307, 1772, 1360, 2584, 1309, 2359, 1630, 2585, 2183, 1322, 788, 1548, 2595, 2122, 2857, 1403, 944, 1416, 807, 1483, 873, 763, 2234, 891, 685, 1838, 2722, 1584, 1482, 464, 844, 2970, 1572, 1080, 1819, 1413, 1450, 1040, 396, 1598, 1721, 1276, 1924, 1342, 1124, 1539, 1708, 2507, 1316, 1917, 2383, 2051, 1031, 1881, 3200, 2868, 1283, 1939, 2943, 1283, 1827, 2257, 1743, 703, 4234, 1240, 1411, 697, 3416, 1457, 2568, 3758, 1926, 1894, 1667, 1595, 1842, 1650, 1767, 2748, 1597, 1514, 1809, 608, 1542, 2326, 1837, 1313, 2537, 1023, 1265, 1968, 808, 1800, 1309, 1768, 432, 1167, 473, 1544, 1462, 1578, 873, 1025, 2475, 1253, 1798, 2251, 1352, 3306, 1536, 2598, 1784, 867, 1511, 4070, 1480, 1159, 1328, 1684, 2889, 2206, 3847, 2065, 3321, 1777, 1166, 551, 1125, 1158, 1456, 764, 1953, 788, 1774, 1080, 1323, 3037, 1702, 1754, 3520, 2144, 2187, 1843, 1387, 459, 837, 1211, 998, 1927, 1706, 1035, 1298, 1353, 1642, 1174, 2013, 1051, 820, 1961, 986, 1367, 3209, 1960, 2410, 1050, 3441, 1335, 1742, 1298, 2374, 1468, 1427, 1800, 2476, 1281, 976, 1947, 1159, 1547, 3273, 2163, 1072, 2061, 1619, 2564, 997, 1826, 710, 1023, 1396, 1293, 739, 1245, 1815, 1763, 3501, 768, 444, 928, 1082, 1510, 1933, 1894, 2535, 1663, 763, 1840, 1069, 2057, 485, 1505, 1248, 689, 3845, 879, 2584, 879, 860, 819, 1325, 451, 1406, 3959, 2118, 1538, 395, 2362, 3700, 1095, 3185, 545, 1860, 1989, 679, 2842, 867, 1039, 1062, 989, 2213, 842, 2258, 1838, 1273, 1238)
(56, 251): Mean: 1657.236, median: 1548.5, std: 775.301, percent: 1674.92, B: 134, W: 114, 
	(1376, 961, 1009, 1939, 2115, 1735, 1360, 2454, 1228, 2411, 1588, 2572, 2178, 1362, 784, 1548, 2807, 2316, 2982, 1507, 889, 1608, 709, 1569, 1147, 686, 2032, 866, 746, 1891, 2730, 1566, 1457, 487, 867, 2297, 1534, 1168, 1744, 1525, 1384, 865, 330, 1543, 1732, 1275, 2027, 1220, 1405, 1567, 1676, 2477, 1273, 1726, 2465, 2364, 950, 1898, 3019, 2983, 1317, 1895, 2491, 1119, 1870, 1911, 1799, 665, 4792, 1284, 1324, 680, 2671, 1647, 2633, 4017, 1945, 1854, 1539, 1058, 1776, 1521, 1745, 3089, 1687, 1570, 1946, 692, 1611, 2163, 1771, 1549, 2488, 947, 1354, 1911, 761, 1905, 1213, 1601, 351, 1117, 482, 1414, 1508, 1617, 851, 1056, 2506, 1179, 2064, 2300, 1315, 3074, 1523, 2348, 1765, 706, 1522, 3721, 1601, 1255, 1324, 2094, 2998, 2111, 3372, 2003, 3673, 1937, 1347, 486, 1082, 1148, 1673, 818, 1573, 705, 1873, 1141, 1199, 3040, 1526, 1940, 3331, 1814, 1816, 1772, 1583, 355, 804, 1178, 1039, 1931, 2013, 1033, 1443, 1276, 1666, 1058, 2202, 1037, 853, 1842, 979, 1358, 3289, 1818, 2417, 1196, 3334, 1275, 1954, 1422, 2580, 1516, 1477, 1900, 2556, 1159, 1111, 1657, 1236, 1601, 3813, 2158, 997, 2027, 1717, 2804, 1112, 1899, 647, 1009, 1247, 1323, 719, 1319, 1690, 1797, 3280, 684, 460, 878, 955, 1540, 1861, 2007, 2501, 1511, 839, 1942, 1126, 1874, 524, 1383, 1293, 573, 3717, 956, 2973, 890, 963, 747, 1254, 379, 1335, 3264, 1957, 2069, 376, 2616, 3231, 990, 3287, 470, 2337, 1848, 659, 2680, 843, 1071, 1115, 1065, 2379, 804, 2385, 1775, 1180, 1226)
(60, 275): Mean: 1665.632, median: 1549.5, std: 776.386, percent: 1657.24, B: 129, W: 121, 
	(1479, 1037, 1081, 2220, 2624, 1690, 1417, 2579, 1337, 2346, 1719, 3120, 2186, 1507, 829, 1909, 2676, 1946, 2934, 1448, 968, 1520, 851, 1581, 1053, 760, 1984, 919, 731, 1836, 2776, 1530, 1456, 464, 827, 2091, 1778, 1185, 1692, 1428, 1533, 1019, 363, 1497, 1866, 1200, 1780, 1535, 1180, 1549, 1767, 2603, 1184, 1705, 2273, 2079, 1050, 1872, 2963, 2719, 1337, 2022, 2839, 1288, 1889, 2272, 1729, 742, 4728, 1262, 1504, 654, 3142, 1766, 2423, 3915, 1789, 1828, 1884, 1227, 1635, 1531, 1833, 2961, 1677, 1550, 2186, 640, 1565, 2244, 1683, 1440, 2532, 991, 1432, 2064, 826, 2167, 1354, 1679, 416, 1257, 479, 1550, 1319, 1539, 839, 960, 2425, 1204, 1960, 2252, 1196, 3315, 1494, 2327, 1570, 757, 1581, 3436, 1411, 1354, 1301, 1736, 3241, 1906, 3917, 1853, 3631, 1741, 1253, 466, 982, 1132, 1442, 852, 1645, 678, 1613, 1105, 1414, 3096, 1718, 1741, 2727, 2037, 2012, 1859, 1498, 347, 1043, 1058, 1037, 1726, 2079, 1099, 1333, 1345, 1600, 906, 2137, 1014, 831, 1840, 1036, 1416, 3356, 1773, 2513, 1153, 3655, 1249, 1803, 1262, 2870, 1321, 1455, 1792, 2581, 1162, 1069, 2137, 1265, 1583, 4026, 2268, 1017, 1896, 1753, 2714, 1060, 1955, 663, 1067, 1410, 1294, 715, 1327, 1723, 1686, 3258, 759, 414, 900, 976, 1584, 1597, 2065, 2343, 1495, 747, 2159, 1172, 2119, 519, 1558, 1330, 583, 3775, 916, 2830, 876, 906, 762, 1212, 354, 1353, 3205, 2456, 1711, 478, 2678, 2909, 1092, 2580, 472, 2041, 1788, 693, 3120, 936, 1039, 1124, 1088, 2168, 787, 2156, 1720, 1137, 1330)
(62, 283): Mean: 1653.708, median: 1514.5, std: 782.003, percent: 1656.32, B: 139, W: 111, 
	(1467, 986, 1021, 1653, 2371, 1833, 1395, 2193, 1163, 2375, 1702, 3313, 2210, 1360, 839, 1770, 2363, 2573, 3165, 1445, 1003, 1537, 770, 1546, 1076, 756, 2059, 998, 641, 1741, 2431, 1594, 1514, 514, 824, 2259, 1643, 1178, 1697, 1356, 1430, 960, 289, 1667, 1862, 1268, 1955, 1507, 1215, 1460, 1801, 2518, 1400, 1812, 2190, 2458, 923, 2188, 2640, 2670, 1408, 2129, 2369, 1186, 1674, 2211, 1934, 700, 5391, 1270, 1412, 620, 2811, 1600, 2542, 4616, 1831, 2030, 1621, 1286, 1627, 1628, 1824, 2823, 1482, 1436, 2009, 606, 1429, 2104, 1927, 1514, 2303, 1016, 1319, 2214, 732, 1810, 1469, 1785, 391, 1255, 625, 1585, 1428, 1490, 805, 1169, 2458, 1229, 1715, 1953, 1245, 2953, 1396, 2377, 1742, 805, 1492, 3323, 1410, 1162, 1289, 1778, 2985, 1991, 3933, 1903, 3368, 1662, 1200, 489, 1131, 1078, 1515, 831, 1457, 769, 1723, 1137, 1305, 3011, 1704, 1697, 3014, 1887, 1910, 2099, 1398, 495, 843, 1082, 966, 1653, 1954, 1139, 1214, 1260, 1694, 1139, 2111, 1115, 880, 1723, 1035, 1445, 3352, 1653, 2356, 1116, 3499, 1292, 2058, 1289, 2475, 1339, 1535, 1847, 2429, 1157, 1119, 1955, 1175, 1609, 3644, 2455, 911, 1982, 1479, 2884, 1081, 2093, 684, 949, 1492, 1305, 751, 1346, 1690, 1885, 3107, 714, 440, 883, 947, 1529, 1843, 2099, 2408, 1686, 821, 1827, 1128, 2041, 500, 1413, 1233, 588, 3573, 892, 2320, 974, 882, 755, 1237, 336, 1645, 3718, 2174, 1473, 442, 2464, 3544, 1014, 3199, 467, 2087, 1747, 646, 3023, 962, 1059, 1048, 1044, 2181, 737, 2112, 1865, 1286, 1163)
(63, 287): Mean: 1639.084, median: 1523.0, std: 757.908, percent: 1655.42, B: 140, W: 108, 
	(1427, 919, 1056, 1997, 2367, 1977, 1453, 2801, 1252, 2362, 1617, 2859, 2022, 1438, 882, 1882, 2853, 2471, 3027, 1425, 963, 1505, 808, 1750, 984, 785, 1936, 825, 708, 1719, 2483, 1574, 1538, 455, 801, 2127, 1553, 1192, 1635, 1346, 1385, 927, 380, 1523, 1922, 1243, 1900, 1330, 1267, 1486, 1713, 2452, 1435, 1722, 2172, 2372, 949, 1897, 2640, 3084, 1388, 1875, 2248, 1113, 2141, 1988, 1894, 713, 4982, 1241, 1449, 617, 2698, 1565, 2248, 4490, 1754, 1713, 1867, 1297, 1829, 1461, 1774, 2953, 1584, 1696, 1926, 657, 1615, 2049, 1914, 1320, 2377, 1056, 1296, 2051, 880, 1977, 1378, 2076, 305, 1183, 462, 1570, 1402, 1417, 908, 1013, 2427, 1188, 1823, 2045, 1255, 3122, 1536, 2322, 1758, 757, 1503, 3380, 1241, 1154, 1309, 1759, 2710, 1948, 3550, 1700, 2934, 1854, 1211, 544, 1080, 1099, 1419, 746, 1472, 743, 1717, 1168, 1278, 2635, 1544, 1801, 3083, 1843, 1813, 1795, 1403, 413, 834, 1160, 1030, 1697, 2020, 1087, 1346, 1292, 1592, 1262, 2144, 1050, 833, 1760, 955, 1306, 3600, 1576, 2704, 1215, 3302, 1221, 1822, 1195, 2708, 1392, 1430, 1706, 2398, 1250, 995, 1907, 1268, 1523, 3644, 2057, 1070, 2091, 1754, 2672, 1110, 2037, 744, 958, 1396, 1331, 760, 1347, 1456, 1581, 3043, 686, 435, 874, 950, 1593, 1780, 2084, 2578, 1526, 818, 1866, 1112, 1880, 525, 1519, 1396, 559, 3549, 1045, 2493, 954, 943, 762, 1185, 310, 1324, 3311, 2104, 1678, 362, 2631, 3048, 1028, 3474, 515, 1975, 1983, 685, 2971, 839, 1160, 1034, 1008, 2203, 888, 2210, 1569, 1382, 1271)
(64, 292): Mean: 1648.484, median: 1534.0, std: 767.612, percent: 1663.12, B: 125, W: 124, 
	(1272, 907, 955, 1695, 2164, 1700, 1276, 2380, 1216, 2233, 1563, 2966, 1941, 1540, 845, 1526, 2652, 2647, 3176, 1415, 886, 1527, 665, 1535, 1044, 812, 2187, 964, 716, 1869, 2679, 1619, 1512, 501, 810, 2151, 1621, 1209, 1768, 1520, 1386, 996, 302, 1469, 1667, 1299, 2109, 1418, 1300, 1480, 1807, 2546, 1291, 1814, 2297, 2122, 1076, 1896, 3139, 2815, 1668, 2228, 2778, 1201, 1763, 2351, 1843, 744, 4128, 1306, 1422, 607, 3208, 1691, 2467, 4359, 1843, 1876, 1572, 1287, 1717, 1647, 1882, 3008, 1509, 1583, 2449, 680, 1541, 2271, 1759, 1402, 2723, 926, 1261, 2202, 826, 2069, 1495, 1650, 417, 1104, 437, 1456, 1300, 1683, 763, 974, 2320, 1223, 2057, 2189, 1284, 3409, 1513, 2500, 1593, 863, 1514, 3248, 1344, 1272, 1395, 1882, 3082, 2037, 3361, 1922, 3212, 1870, 1198, 518, 983, 1041, 1453, 725, 1415, 743, 1690, 1008, 1559, 2614, 1506, 1669, 2929, 2058, 2010, 1737, 1408, 447, 972, 1023, 947, 1933, 1716, 1126, 1430, 1319, 1662, 1166, 2004, 988, 823, 1729, 934, 1374, 3256, 1875, 2954, 1059, 3572, 1495, 1917, 1485, 2449, 1348, 1552, 1675, 2425, 1271, 1030, 1593, 1259, 1533, 3399, 2218, 1040, 1992, 1577, 2514, 1162, 1767, 727, 940, 1165, 1228, 744, 1265, 1677, 1694, 3206, 652, 523, 906, 1014, 1589, 1905, 2028, 2453, 1688, 824, 1720, 1019, 1924, 498, 1337, 1221, 657, 4096, 946, 2833, 952, 868, 755, 1113, 373, 1332, 3440, 2147, 1605, 379, 2496, 2992, 1099, 3562, 471, 2019, 1805, 694, 2890, 825, 1092, 996, 989, 2116, 761, 2294, 1714, 1353, 1177)
(66, 303): Mean: 1650.0, median: 1538.0, std: 771.801, percent: 1656.52, B: 127, W: 123, 
	(1503, 879, 1124, 1858, 2230, 1739, 1327, 2668, 1190, 2293, 1539, 2393, 2322, 1491, 812, 1543, 2700, 2436, 3559, 1341, 970, 1554, 888, 1537, 987, 777, 2089, 851, 635, 1771, 2441, 1552, 1363, 445, 791, 2423, 1785, 1039, 1613, 1327, 1363, 941, 331, 1516, 1598, 1354, 2064, 1405, 1220, 1442, 1629, 2504, 1217, 1868, 2263, 2424, 989, 1888, 2765, 2941, 1347, 1756, 2623, 1149, 1797, 2036, 1755, 715, 4926, 1293, 1640, 572, 2944, 1577, 2489, 4189, 1723, 1892, 1552, 1315, 1817, 1578, 1964, 2610, 1608, 1436, 2074, 630, 1573, 2634, 1647, 1411, 2357, 906, 1255, 1878, 821, 1906, 1343, 1669, 358, 1069, 479, 1462, 1246, 1550, 825, 1088, 2205, 1173, 1603, 2248, 1233, 3232, 1502, 2538, 1996, 774, 1399, 3310, 1306, 1217, 1269, 1976, 2826, 2177, 3440, 1940, 3427, 1955, 1199, 516, 1210, 1110, 1562, 802, 1497, 787, 1688, 1211, 1393, 3138, 1580, 1819, 3291, 2148, 2141, 1767, 1523, 499, 915, 1377, 1024, 1705, 1885, 1114, 1237, 1185, 1494, 1064, 2127, 1136, 841, 1801, 1002, 1450, 3408, 1647, 2758, 1068, 3556, 1287, 1920, 1313, 3042, 1508, 1399, 1894, 2252, 1220, 1035, 1742, 1250, 1465, 3562, 2418, 1013, 1907, 1801, 2305, 1151, 1978, 741, 920, 1540, 1361, 805, 1534, 1568, 1778, 3571, 768, 453, 917, 1028, 1599, 1724, 2006, 2483, 1642, 925, 2011, 1066, 1836, 544, 1331, 1347, 581, 3576, 851, 2837, 842, 854, 708, 1207, 363, 1430, 3197, 2209, 1632, 474, 2377, 2947, 1107, 3327, 477, 2031, 1904, 698, 2906, 848, 1027, 1163, 988, 2108, 742, 2414, 1778, 1293, 1232)
(68, 315): Mean: 1641.264, median: 1529.5, std: 749.168, percent: 1662.86, B: 123, W: 126, 
	(1483, 909, 962, 1777, 2506, 2017, 1412, 2658, 1157, 1995, 1717, 3094, 2010, 1413, 820, 1546, 2271, 2444, 3138, 1359, 925, 1652, 774, 1496, 1057, 671, 1837, 875, 689, 2005, 2465, 1594, 1574, 498, 813, 2233, 1638, 1164, 1777, 1528, 1317, 884, 300, 1686, 1767, 1378, 2143, 1632, 1232, 1409, 1876, 2584, 1277, 1800, 2214, 2192, 994, 2171, 3035, 2811, 1278, 2072, 2695, 1290, 1578, 2320, 1762, 700, 4227, 1257, 1574, 613, 2946, 1592, 2402, 3677, 1927, 1948, 1655, 1225, 1702, 1766, 1777, 2901, 1612, 1463, 2105, 639, 1617, 1931, 1870, 1310, 2692, 1007, 1242, 2173, 829, 1945, 1318, 1815, 408, 1052, 441, 1415, 1484, 1501, 851, 1109, 2312, 1222, 1895, 2561, 1361, 3128, 1379, 2447, 1513, 676, 1414, 3366, 1312, 1266, 1404, 1941, 3230, 2057, 3480, 2158, 3583, 1846, 1223, 560, 1033, 1161, 1407, 740, 1488, 700, 1940, 1110, 1300, 2747, 1510, 1624, 3200, 2086, 1878, 1820, 1577, 438, 933, 1142, 1008, 1974, 1660, 1112, 1284, 1286, 1610, 1069, 2100, 1063, 875, 1651, 1047, 1238, 3230, 1633, 2442, 1099, 3086, 1220, 1876, 1284, 2410, 1531, 1454, 1798, 2481, 1225, 1035, 1687, 1272, 1701, 3652, 2611, 1103, 1979, 1447, 2418, 1007, 1851, 687, 931, 1295, 1262, 756, 1302, 1670, 1705, 3253, 782, 449, 841, 1012, 1572, 1953, 1944, 2373, 1621, 838, 1888, 1045, 1914, 512, 1326, 1330, 682, 3950, 861, 2516, 937, 870, 856, 1249, 344, 1344, 3143, 2502, 1526, 411, 2389, 3066, 1034, 3143, 502, 1948, 1863, 722, 2828, 812, 1118, 1181, 1054, 2152, 814, 2151, 1664, 1181, 1197)
(70, 327): Mean: 1649.576, median: 1552.0, std: 768.323, percent: 1656.44, B: 124, W: 124, 
	(1404, 988, 1062, 1746, 2257, 1882, 1398, 2557, 1350, 1845, 1645, 2625, 2174, 1530, 840, 1559, 2488, 2379, 3059, 1317, 1099, 1538, 840, 1679, 1054, 776, 2349, 936, 656, 1760, 2249, 1637, 1345, 492, 784, 2623, 1652, 1043, 1703, 1281, 1502, 954, 386, 1659, 1747, 1200, 2076, 1563, 1281, 1372, 1822, 2506, 1280, 1894, 2498, 2400, 942, 2004, 2902, 3215, 1171, 1909, 2692, 1083, 1788, 1820, 1714, 690, 4462, 1387, 1381, 680, 3049, 1830, 2556, 4352, 1633, 1767, 1664, 1335, 1816, 2051, 1845, 3578, 1554, 1497, 1806, 756, 1571, 2118, 1790, 1326, 2397, 956, 1230, 2072, 867, 1984, 1321, 1734, 340, 1101, 425, 1468, 1343, 1599, 807, 1086, 2345, 1261, 1731, 2065, 1281, 2964, 1698, 2378, 1616, 849, 1485, 3614, 1242, 1256, 1443, 1869, 2792, 2099, 3513, 2079, 3090, 1815, 1164, 503, 1192, 1049, 1411, 837, 1520, 731, 1771, 1094, 1457, 2756, 1454, 1635, 2863, 1868, 2315, 1890, 1550, 425, 692, 1272, 1117, 1937, 2067, 1139, 1284, 1203, 1716, 1194, 2279, 1100, 819, 1663, 1007, 1273, 3381, 1742, 2687, 1221, 3828, 1476, 1976, 1394, 2648, 1451, 1379, 1704, 2757, 1196, 1040, 1655, 1190, 1555, 3187, 2302, 922, 1758, 1624, 2590, 987, 1935, 749, 904, 1352, 1295, 793, 1582, 1680, 1639, 2941, 683, 467, 861, 950, 1550, 2085, 1971, 2124, 1608, 878, 1803, 1066, 1973, 515, 1479, 1238, 662, 4483, 821, 2653, 925, 928, 838, 1291, 399, 1254, 3445, 2143, 1429, 354, 2548, 2666, 986, 3439, 500, 1810, 2020, 727, 2991, 945, 1079, 1181, 971, 2131, 830, 2200, 1620, 1344, 1073)
(71, 330): Mean: 1649.836, median: 1532.0, std: 756.297, percent: 1650.98, B: 125, W: 123, 
	(1305, 928, 962, 2034, 2681, 1638, 1394, 2507, 1283, 2097, 1645, 2418, 2033, 1408, 801, 1583, 2406, 2156, 2982, 1409, 1165, 1654, 808, 1453, 986, 790, 2103, 944, 709, 1890, 2221, 1507, 1419, 486, 794, 2187, 1618, 1085, 1679, 1516, 1356, 917, 393, 1545, 1813, 1269, 1940, 1561, 1356, 1422, 1693, 2184, 1382, 1778, 2285, 2473, 1008, 1902, 3012, 2542, 1249, 1956, 2635, 1281, 1652, 2275, 1692, 684, 3975, 1283, 1429, 664, 2869, 1704, 2722, 3543, 1768, 2026, 1980, 1358, 2006, 1519, 1898, 3263, 1714, 1502, 2159, 751, 1706, 2400, 1856, 1387, 2283, 909, 1393, 1978, 780, 1854, 1451, 1838, 351, 1122, 482, 1705, 1310, 1486, 792, 1090, 2353, 1251, 1578, 2434, 1284, 3269, 1587, 2401, 1625, 731, 1497, 4518, 1275, 1270, 1336, 1789, 2632, 2132, 3273, 1923, 3348, 2018, 1051, 473, 1160, 1085, 1408, 862, 1549, 733, 1685, 1208, 1342, 3293, 1513, 1841, 2876, 2329, 2237, 1991, 1416, 432, 987, 1103, 975, 1965, 1830, 1120, 1311, 1248, 1857, 1281, 2082, 1081, 966, 1809, 1068, 1274, 3064, 1906, 2828, 1092, 3185, 1349, 1748, 1216, 2893, 1345, 1450, 1970, 2572, 1181, 1033, 1988, 1191, 1641, 3741, 2123, 922, 2150, 1698, 2472, 975, 1960, 742, 968, 1362, 1262, 707, 1401, 1585, 1684, 2915, 668, 412, 823, 1056, 1640, 1765, 2025, 2594, 1560, 752, 1898, 984, 2101, 532, 1502, 1240, 604, 3829, 947, 2477, 915, 918, 768, 1143, 355, 1413, 3665, 2186, 1583, 446, 2568, 3394, 1100, 3368, 489, 2083, 1746, 641, 2710, 849, 1177, 1032, 970, 2157, 757, 2004, 1585, 1320, 1179)
(80, 379): Mean: 1648.548, median: 1565.0, std: 792.687, percent: 1605.1, B: 126, W: 122, 
	(1412, 883, 1006, 2048, 2069, 1834, 1426, 2261, 1152, 1885, 1544, 3609, 2011, 1588, 770, 1636, 2710, 2400, 3367, 1386, 932, 1656, 689, 1611, 1027, 805, 2103, 799, 683, 1651, 2564, 1567, 1480, 452, 825, 2497, 1640, 992, 1652, 1496, 1357, 864, 331, 1551, 1693, 1311, 2168, 1339, 1356, 1687, 1719, 2623, 1256, 1848, 2302, 2383, 1014, 1951, 2962, 3472, 1432, 1694, 2585, 1126, 1663, 1892, 1814, 704, 4737, 1256, 1502, 659, 2613, 1692, 2563, 4423, 1581, 1777, 1660, 1219, 1749, 1603, 1709, 3710, 1538, 1513, 2245, 641, 1591, 2298, 1768, 1408, 2491, 942, 1355, 2238, 798, 2223, 1379, 1834, 326, 1146, 490, 1570, 1462, 1535, 821, 1098, 2277, 1284, 1688, 2109, 1244, 3144, 1569, 2971, 1826, 829, 1273, 3609, 1208, 1202, 1461, 1705, 2962, 2110, 3471, 2183, 3374, 1800, 1261, 536, 1040, 1027, 1414, 798, 1671, 745, 1770, 1120, 1176, 3549, 1620, 1769, 3185, 2021, 2086, 1853, 1468, 395, 925, 1131, 966, 1973, 1895, 1154, 1305, 1176, 1572, 1029, 2080, 1038, 840, 1774, 886, 1319, 2786, 1563, 2257, 1063, 3215, 1276, 1883, 1275, 2211, 1604, 1360, 1974, 2473, 1262, 1023, 1858, 1182, 1630, 3583, 2253, 887, 2007, 1597, 2353, 1048, 2029, 650, 1037, 1179, 1358, 738, 1420, 1526, 1544, 3188, 734, 473, 830, 1003, 1675, 1831, 1916, 2565, 1667, 794, 1960, 972, 1877, 547, 1357, 1393, 651, 4416, 913, 2701, 920, 922, 822, 1200, 338, 1263, 3009, 1869, 1697, 413, 2775, 3319, 1062, 2884, 499, 1923, 1913, 628, 2725, 904, 1062, 994, 1008, 2140, 798, 2271, 1651, 1252, 1065)
(81, 384): Mean: 1640.564, median: 1547.0, std: 754.896, percent: 1626.88, B: 118, W: 131, 
	(1410, 1002, 1026, 1874, 2367, 1997, 1395, 2507, 1295, 2177, 1733, 3732, 2477, 1458, 916, 1499, 2445, 2278, 3092, 1521, 975, 1573, 827, 1557, 1102, 736, 1992, 814, 677, 1694, 2328, 1600, 1562, 486, 804, 2300, 1610, 1005, 1670, 1592, 1430, 919, 347, 1504, 1750, 1368, 1992, 1356, 1271, 1464, 1602, 2229, 1316, 1720, 2125, 2393, 1010, 2059, 2690, 2784, 1336, 1816, 2296, 1068, 1774, 2250, 1782, 726, 4380, 1328, 1392, 643, 3117, 1777, 2691, 3414, 1709, 1693, 1590, 1322, 1616, 1686, 1721, 3242, 1537, 1316, 1872, 638, 1561, 2506, 1641, 1472, 2272, 979, 1278, 2208, 912, 1871, 1264, 1784, 283, 1114, 499, 1437, 1525, 1610, 760, 1120, 2501, 1227, 1703, 2127, 1282, 2621, 1625, 3081, 1612, 839, 1472, 3643, 1246, 1171, 1410, 1670, 2530, 2112, 3475, 1818, 3305, 1643, 1208, 543, 1021, 1125, 1489, 762, 1632, 769, 1794, 1108, 1292, 3083, 1403, 1767, 3197, 2319, 2101, 1694, 1448, 462, 1138, 1131, 923, 1845, 1812, 1104, 1338, 1255, 1591, 1155, 2011, 1020, 850, 1871, 975, 1384, 3116, 1611, 2347, 1047, 3401, 1431, 2163, 1357, 2307, 1479, 1333, 1751, 2196, 1332, 1078, 1699, 1352, 1786, 3655, 2462, 1034, 1997, 1385, 2242, 984, 1896, 719, 1001, 1443, 1352, 825, 1444, 1692, 1769, 3067, 731, 424, 836, 1015, 1616, 1748, 2141, 2812, 1688, 721, 2305, 1054, 1923, 476, 1222, 1086, 549, 4000, 949, 2742, 873, 840, 758, 1219, 353, 1308, 3301, 2159, 1781, 422, 2611, 3470, 997, 2987, 505, 1847, 1702, 675, 2872, 850, 1129, 1150, 986, 2301, 815, 2222, 1626, 1170, 1426)
(88, 423): Mean: 1723.992, median: 1639.0, std: 794.0, percent: 1745.9, B: 78, W: 171, 
	(1650, 1043, 1004, 1916, 2351, 1925, 1388, 2845, 1192, 2417, 1674, 3138, 2138, 1540, 845, 1683, 2407, 2465, 3132, 1451, 1061, 1763, 884, 1508, 1134, 716, 2598, 903, 699, 2070, 2744, 1490, 1424, 520, 772, 2355, 1875, 1146, 1813, 1637, 1692, 1009, 346, 1668, 1860, 1271, 2061, 1245, 1365, 1344, 1959, 2641, 1391, 1819, 2116, 2531, 986, 1999, 3671, 2977, 1451, 2266, 2771, 1107, 1823, 2672, 1795, 759, 3966, 1397, 1714, 678, 2595, 1775, 2364, 4070, 1860, 1837, 1783, 1298, 1735, 1788, 2013, 3011, 1852, 1497, 2379, 753, 1644, 2138, 1815, 1419, 2474, 1031, 1220, 2160, 797, 2120, 1478, 1786, 444, 1088, 511, 1720, 1507, 1591, 845, 1109, 2553, 1242, 1791, 2319, 1251, 3678, 1477, 2499, 1882, 814, 1348, 4042, 1333, 1303, 1407, 1920, 3123, 2188, 3682, 2272, 3012, 2151, 1293, 487, 1154, 1222, 1301, 901, 1698, 719, 1837, 1211, 1451, 3034, 1389, 1855, 3281, 2410, 2048, 2018, 1551, 402, 800, 1124, 1095, 2005, 1918, 1164, 1393, 1270, 1718, 1269, 2243, 1141, 935, 1808, 988, 1450, 3116, 1737, 2705, 1195, 3546, 1325, 2305, 1294, 2439, 1480, 1603, 1850, 2750, 1266, 1165, 1689, 1195, 1660, 3833, 2555, 1031, 2072, 1740, 2647, 1126, 1911, 745, 1115, 1641, 1359, 743, 1499, 1622, 1763, 3704, 733, 479, 925, 1051, 2067, 1865, 1875, 2645, 1555, 738, 1781, 1073, 2023, 557, 1580, 1383, 822, 4184, 971, 2930, 988, 960, 777, 1435, 340, 1491, 3835, 2261, 1549, 426, 2771, 2724, 1078, 3217, 640, 2187, 2037, 735, 2841, 899, 1101, 1110, 1026, 2215, 739, 2761, 1653, 1326, 1170)
(89, 427): Mean: 1671.532, median: 1559.5, std: 770.257, percent: 1664.36, B: 162, W: 88, 
	(1505, 941, 1072, 2221, 2069, 1879, 1455, 2700, 1176, 2227, 1753, 2799, 2163, 1426, 851, 1622, 2922, 2375, 3062, 1602, 986, 1452, 823, 1684, 1058, 722, 2044, 978, 667, 1833, 2530, 1635, 1443, 464, 707, 2337, 1718, 1058, 1965, 1437, 1359, 893, 311, 1510, 1696, 1306, 1818, 1364, 1267, 1495, 1659, 2259, 1274, 1911, 2172, 2353, 990, 2432, 3190, 3316, 1150, 1988, 2551, 1164, 2085, 2130, 1730, 695, 4666, 1343, 1501, 634, 3264, 1707, 2277, 4092, 1662, 1695, 1688, 1398, 1696, 1549, 1836, 2318, 1749, 1585, 2267, 642, 1608, 2443, 1863, 1512, 2913, 964, 1188, 1795, 862, 2064, 1491, 1828, 398, 1271, 594, 1602, 1333, 1781, 898, 1057, 2335, 1131, 1771, 2663, 1484, 3895, 1498, 2926, 1766, 802, 1335, 3469, 1444, 1065, 1367, 1915, 2654, 2465, 3290, 2016, 3379, 1779, 1165, 558, 1087, 1303, 1513, 811, 1729, 744, 1852, 1139, 1430, 3083, 1506, 1841, 2654, 2004, 2229, 1920, 1419, 385, 1129, 1206, 991, 1820, 1782, 1135, 1431, 1258, 1673, 1049, 2055, 1036, 884, 1910, 1091, 1357, 3244, 1667, 2243, 1102, 3642, 1481, 1953, 1169, 2558, 1428, 1469, 1922, 2680, 1314, 1093, 1921, 1182, 1473, 3468, 2402, 951, 2190, 1600, 2711, 1062, 1835, 743, 982, 1460, 1269, 721, 1414, 1570, 1938, 2409, 696, 444, 867, 961, 1571, 2117, 1962, 2487, 1600, 842, 2003, 1018, 1957, 517, 1403, 1379, 612, 3483, 881, 2525, 849, 913, 924, 1290, 356, 1319, 3640, 2072, 1871, 379, 2776, 2845, 1087, 3667, 535, 1975, 1793, 779, 2794, 853, 1222, 1041, 1087, 2103, 721, 2248, 1571, 1279, 1212)
(90, 431): Mean: 1661.708, median: 1590.5, std: 773.073, percent: 1656.32, B: 127, W: 123, 
	(1640, 956, 1136, 2054, 2318, 1806, 1363, 2645, 1128, 2329, 1657, 2586, 2054, 1425, 749, 1602, 2384, 2244, 2993, 1414, 971, 1746, 864, 1603, 961, 760, 2357, 800, 702, 1882, 2840, 1699, 1456, 476, 794, 2303, 1565, 1057, 2023, 1356, 1421, 1028, 345, 1582, 1698, 1282, 2301, 1518, 1199, 1502, 1716, 2434, 1179, 1758, 2362, 2606, 1031, 2040, 2767, 2902, 1304, 1909, 2801, 1271, 2029, 2278, 1640, 762, 4083, 1235, 1493, 688, 2901, 1636, 2137, 4339, 1680, 1632, 1864, 1229, 1625, 1604, 1556, 3323, 1768, 1636, 1965, 665, 1595, 1912, 2064, 1338, 2452, 960, 1239, 1900, 822, 1929, 1300, 1817, 299, 1089, 428, 1606, 1381, 1638, 869, 1040, 2354, 1541, 1702, 2162, 1269, 2914, 1590, 2277, 1955, 828, 1289, 3388, 1382, 1142, 1444, 1840, 2759, 2061, 4238, 2065, 4189, 1681, 1142, 489, 1030, 1131, 1519, 808, 1591, 695, 1799, 1158, 1515, 2550, 1462, 1645, 2881, 2180, 1909, 1976, 1506, 377, 907, 1194, 997, 1840, 1821, 1101, 1419, 1268, 1669, 1279, 1982, 1041, 815, 1791, 953, 1472, 3277, 1892, 2653, 1075, 3501, 1242, 1974, 1094, 2598, 1430, 1526, 1657, 2371, 1230, 1254, 1653, 1200, 1566, 3687, 2483, 931, 2217, 1697, 2709, 945, 1888, 645, 950, 1602, 1342, 741, 1394, 1631, 1808, 3370, 705, 399, 923, 902, 1680, 1711, 2094, 2483, 1614, 818, 1823, 960, 1796, 531, 1515, 1185, 562, 4069, 986, 2440, 1034, 808, 716, 1336, 402, 1427, 3210, 2307, 1755, 434, 2667, 3150, 1106, 3178, 563, 2068, 1990, 745, 2915, 1003, 1269, 1125, 1068, 2109, 783, 2582, 1565, 1338, 1263)
(99, 485): Mean: 1673.22, median: 1554.0, std: 809.275, percent: 1650.72, B: 137, W: 113, 
	(1399, 947, 1008, 2047, 2133, 2214, 1299, 2169, 1152, 2488, 1659, 2654, 2108, 1508, 795, 1653, 2305, 2264, 3127, 1576, 970, 1554, 740, 1597, 1007, 755, 2101, 905, 681, 1854, 2969, 1672, 1496, 459, 751, 2166, 1556, 1116, 1919, 1642, 1385, 993, 303, 1616, 1759, 1259, 1922, 1372, 1315, 1440, 1710, 2647, 1242, 2076, 2166, 2494, 1001, 1797, 3549, 2932, 1271, 1886, 2827, 1308, 2004, 2126, 1898, 687, 4911, 1385, 1576, 648, 3346, 1658, 2505, 4179, 1655, 1819, 1817, 1339, 1820, 1787, 1766, 3244, 1523, 1375, 2139, 625, 1581, 2148, 1807, 1443, 2229, 1009, 1361, 2110, 748, 1912, 1335, 1749, 388, 1119, 584, 1500, 1247, 1489, 866, 970, 2345, 1269, 1636, 2066, 1344, 3896, 1404, 2520, 1854, 736, 1524, 3294, 1296, 1134, 1473, 1781, 3307, 2221, 3812, 2037, 3721, 1872, 1213, 539, 1162, 1120, 1554, 780, 1649, 794, 1844, 1144, 1502, 2548, 1431, 1604, 3181, 2416, 1901, 1724, 1478, 478, 842, 1095, 931, 2044, 1716, 1106, 1279, 1283, 1799, 1136, 2038, 1034, 813, 1847, 995, 1243, 3818, 1786, 2438, 1215, 3417, 1202, 1812, 1191, 2562, 1321, 1376, 1702, 2438, 1173, 1111, 1893, 1268, 1683, 3880, 2103, 955, 2198, 1547, 2806, 1060, 2120, 719, 981, 1344, 1162, 808, 1315, 1746, 1677, 3258, 709, 413, 944, 1015, 1520, 1950, 1995, 2478, 1581, 757, 1806, 997, 2160, 499, 1473, 1350, 550, 3787, 994, 2671, 882, 834, 762, 1192, 337, 1371, 3319, 2012, 1623, 376, 2682, 3237, 1091, 3611, 500, 2007, 1908, 667, 3355, 845, 1120, 1056, 993, 2407, 738, 2263, 1755, 1437, 1274)
(100, 486): Mean: 1648.564, median: 1524.5, std: 776.912, percent: 1617.1, B: 140, W: 110, 
	(1646, 901, 1001, 2041, 2291, 1727, 1439, 2478, 1276, 2080, 1560, 3020, 2088, 1490, 878, 1675, 2308, 2020, 2646, 1424, 922, 1474, 730, 1520, 1074, 837, 2295, 863, 706, 1621, 2515, 1772, 1386, 486, 772, 2432, 1567, 1139, 1728, 1427, 1470, 968, 367, 1640, 1654, 1279, 1682, 1414, 1301, 1437, 1722, 2848, 1376, 1755, 2178, 2601, 993, 2166, 3074, 3198, 1637, 1866, 2769, 1163, 1846, 2143, 1978, 690, 4168, 1298, 1463, 589, 3070, 1571, 2211, 4238, 1856, 1812, 1583, 1478, 1751, 1435, 1847, 3163, 1419, 1590, 1998, 658, 1524, 2427, 1673, 1485, 2360, 949, 1193, 1994, 700, 2167, 1374, 1748, 318, 1159, 458, 1454, 1324, 1497, 881, 1014, 2116, 1235, 1691, 2030, 1301, 3199, 1332, 2256, 1690, 786, 1469, 3375, 1419, 1132, 1305, 2017, 3196, 2135, 3398, 2140, 3385, 1726, 1234, 516, 1079, 1085, 1480, 734, 1700, 768, 1701, 1175, 1429, 3483, 1533, 1630, 3224, 1936, 2090, 1879, 1482, 407, 1072, 993, 901, 1704, 1784, 1053, 1231, 1244, 1539, 1160, 2023, 966, 862, 1831, 1057, 1327, 3480, 1649, 2658, 1014, 3374, 1385, 1784, 1180, 2999, 1457, 1505, 1596, 2408, 1337, 1232, 1782, 1144, 1587, 4292, 2315, 940, 1851, 1618, 2668, 1056, 2081, 669, 955, 1107, 1419, 739, 1451, 1587, 1563, 2930, 764, 410, 927, 1048, 1616, 1742, 2002, 2471, 1665, 857, 1782, 1061, 1998, 495, 1525, 1236, 610, 3510, 906, 2846, 976, 808, 789, 1166, 353, 1327, 3853, 2220, 1803, 378, 2308, 2995, 1167, 3381, 460, 1900, 1836, 680, 2997, 849, 1179, 1067, 1074, 2146, 762, 2262, 1600, 1231, 1279)
(111, 551): Mean: 1663.28, median: 1590.0, std: 782.337, percent: 1680.82, B: 115, W: 134, 
	(1592, 982, 1048, 1832, 2357, 1680, 1518, 2659, 1224, 2485, 1690, 2819, 2288, 1538, 876, 1540, 2889, 1970, 3226, 1423, 1016, 1714, 884, 1576, 1170, 687, 2087, 1017, 692, 1998, 2876, 1568, 1407, 494, 805, 2522, 1600, 1478, 1675, 1320, 1477, 1077, 350, 1795, 1877, 1408, 2147, 1504, 1220, 1598, 1644, 2421, 1340, 1771, 2260, 2746, 1052, 2104, 2790, 2914, 1609, 1780, 2514, 1114, 1799, 2111, 1697, 739, 5034, 1357, 1320, 619, 3098, 1623, 2481, 3975, 1672, 1878, 1598, 1139, 1602, 1655, 1605, 3062, 1492, 1629, 1900, 641, 1604, 2227, 1748, 1496, 2011, 964, 1256, 2046, 777, 1858, 1193, 1691, 287, 1078, 504, 1577, 1277, 1577, 820, 982, 2196, 1314, 1807, 2070, 1214, 3044, 1452, 2473, 1708, 798, 1378, 4012, 1470, 1177, 1249, 1754, 2986, 2032, 3517, 2029, 4098, 1949, 1358, 528, 1041, 1197, 1641, 775, 1426, 742, 1722, 1081, 1409, 2834, 1691, 2041, 2828, 1907, 1895, 1780, 1480, 478, 1050, 1200, 975, 1878, 1906, 1152, 1336, 1306, 1789, 1141, 2129, 1054, 874, 1820, 1070, 1295, 3598, 1649, 2541, 1166, 3636, 1174, 1966, 1284, 2609, 1386, 1612, 1839, 2437, 1200, 1029, 1822, 1124, 1502, 3673, 2309, 1051, 2165, 1678, 2343, 1038, 1974, 690, 958, 1207, 1281, 681, 1369, 1723, 1635, 2786, 697, 393, 860, 973, 1530, 1846, 1983, 2601, 1572, 942, 1975, 1069, 1875, 485, 1650, 1276, 627, 3836, 852, 2664, 833, 965, 809, 1157, 320, 1588, 3194, 2107, 1702, 480, 2513, 3238, 1107, 3162, 536, 1915, 1748, 646, 3448, 846, 1017, 1120, 1029, 2042, 879, 2384, 1681, 1258, 1266)
(113, 563): Mean: 1645.224, median: 1535.5, std: 769.803, percent: 1635.74, B: 136, W: 114, 
	(1394, 907, 1083, 1831, 2292, 2022, 1574, 2383, 1266, 2373, 1698, 2977, 2353, 1528, 793, 1456, 2312, 2025, 3127, 1424, 1009, 1731, 798, 1345, 943, 704, 2080, 921, 709, 1753, 2550, 1685, 1512, 459, 761, 2376, 1538, 1115, 1795, 1431, 1388, 956, 364, 1581, 1597, 1427, 2027, 1367, 1247, 1552, 1607, 2448, 1315, 1854, 2205, 2105, 966, 1898, 2873, 2851, 1104, 1957, 2704, 1123, 1574, 2116, 1699, 693, 4172, 1464, 1435, 602, 3173, 1733, 2300, 3913, 1932, 2060, 1587, 1172, 1540, 1533, 1597, 2617, 1456, 1434, 2085, 616, 1502, 2071, 1993, 1456, 2730, 997, 1278, 1850, 784, 2052, 1608, 1711, 268, 1128, 567, 1545, 1453, 1566, 853, 1088, 2174, 1360, 1784, 2099, 1154, 2695, 1528, 2626, 1792, 708, 1686, 3308, 1400, 1194, 1319, 1858, 3265, 2062, 3982, 1987, 3385, 1814, 1254, 555, 1252, 1032, 1455, 791, 1329, 660, 1685, 1191, 1442, 3230, 1643, 1879, 3465, 2308, 1982, 1840, 1474, 422, 878, 1096, 1071, 1782, 2023, 1142, 1220, 1323, 1543, 1195, 2334, 999, 822, 1906, 996, 1364, 3574, 1616, 2721, 1045, 3268, 1238, 1889, 1248, 2649, 1372, 1555, 1838, 2446, 1221, 1140, 2076, 1167, 1578, 3336, 2451, 1012, 1972, 1507, 2860, 1012, 1825, 708, 938, 1272, 1313, 723, 1497, 1656, 1672, 2635, 680, 461, 840, 1014, 1473, 1852, 1916, 2271, 1646, 734, 1646, 1035, 2057, 505, 1405, 1255, 584, 3953, 918, 3045, 937, 867, 726, 1173, 311, 1354, 4092, 2292, 1686, 410, 2785, 3207, 1010, 2863, 503, 1900, 1782, 669, 2893, 852, 1064, 1001, 1147, 2133, 836, 2200, 1601, 1191, 1186)
(114, 565): Mean: 1657.876, median: 1531.5, std: 775.04, percent: 1659.36, B: 113, W: 134, 
	(1439, 887, 1017, 2116, 2173, 1852, 1314, 2403, 1228, 2197, 1747, 2858, 2057, 1442, 775, 1519, 2447, 2168, 3089, 1424, 1020, 1646, 810, 1532, 958, 726, 2172, 803, 693, 1655, 2686, 1546, 1523, 455, 819, 2244, 1602, 1087, 1731, 1596, 1471, 933, 318, 1414, 1670, 1349, 1963, 1436, 1287, 1448, 1703, 2486, 1288, 2070, 2573, 2387, 1030, 1889, 3226, 3322, 1351, 1828, 2752, 1147, 1788, 2205, 1808, 747, 5140, 1359, 1402, 669, 2750, 1716, 2545, 4470, 1781, 1615, 1631, 1220, 1769, 1580, 1932, 2761, 1644, 1531, 2227, 709, 1623, 2264, 1665, 1358, 2476, 964, 1339, 1829, 851, 1952, 1391, 1938, 421, 1092, 538, 1309, 1370, 1649, 848, 1057, 2454, 1211, 1654, 2171, 1204, 3309, 1536, 2439, 1724, 869, 1456, 3489, 1382, 1247, 1376, 1622, 2552, 2219, 3126, 1986, 3521, 1912, 1172, 564, 1037, 1112, 1405, 802, 1567, 757, 1753, 1276, 1507, 2881, 1524, 1656, 3192, 2068, 1876, 1855, 1513, 384, 858, 1020, 1007, 2039, 1979, 1219, 1428, 1372, 1831, 1165, 1938, 996, 892, 1704, 1003, 1456, 3413, 1611, 2212, 1076, 3245, 1360, 1785, 1357, 2786, 1425, 1458, 1693, 2532, 1183, 1153, 2061, 1268, 1524, 3595, 2293, 895, 1944, 1538, 2683, 1046, 2308, 671, 1049, 1506, 1418, 756, 1359, 1740, 1666, 3474, 680, 446, 896, 1031, 1633, 1937, 1953, 2345, 1554, 727, 1865, 1076, 1859, 505, 1511, 1175, 561, 3647, 906, 2450, 936, 909, 892, 1252, 297, 1430, 2888, 2095, 1478, 377, 2959, 3280, 1050, 3187, 546, 1989, 1813, 698, 3230, 948, 1051, 1112, 1005, 2319, 779, 2472, 1941, 1549, 1150)
(115, 571): Mean: 1781.328, median: 1674.0, std: 835.255, percent: 1777.08, B: 59, W: 189, 
	(1532, 995, 1153, 2114, 2188, 1852, 1430, 2841, 1238, 2464, 1673, 2683, 2425, 1639, 998, 1475, 3010, 2221, 3334, 1561, 1105, 1802, 893, 1565, 1094, 788, 2353, 922, 733, 1973, 2560, 1656, 1616, 526, 815, 2388, 1875, 1390, 1927, 1641, 1518, 1101, 345, 1741, 1828, 1245, 2134, 1496, 1599, 1737, 1830, 2405, 1391, 2386, 2319, 2461, 1152, 2321, 3443, 3043, 1709, 1942, 3236, 1179, 1894, 2032, 2218, 790, 5266, 1396, 1927, 736, 3716, 1608, 3162, 4346, 2078, 1808, 1765, 1450, 1632, 1804, 1721, 3299, 1702, 1688, 2116, 700, 1896, 2458, 1866, 1675, 2773, 1065, 1379, 2565, 784, 2032, 1346, 2020, 393, 1074, 526, 1538, 1671, 1839, 878, 1034, 2619, 1317, 2142, 2727, 1359, 3225, 1521, 2392, 2011, 871, 1426, 3841, 1253, 1169, 1443, 1902, 2972, 2347, 4242, 2123, 3596, 1771, 1319, 549, 1199, 1220, 1448, 825, 1837, 757, 2074, 1310, 1582, 3202, 1536, 1823, 2772, 2040, 2023, 1864, 1416, 394, 951, 1132, 1025, 2004, 1936, 1192, 1468, 1566, 1842, 1238, 2304, 1307, 898, 2011, 985, 1546, 3382, 1938, 2886, 1336, 3327, 1374, 1840, 1416, 2739, 1481, 1581, 1801, 2529, 1271, 1205, 1951, 1507, 1700, 5026, 2564, 1054, 2259, 1811, 2556, 1308, 1895, 767, 1096, 1825, 1421, 821, 1610, 1677, 1849, 3034, 766, 563, 977, 1064, 1707, 1956, 2102, 2749, 1642, 860, 1826, 1060, 2014, 541, 1569, 1606, 784, 4425, 945, 2988, 1126, 931, 878, 1273, 396, 1573, 3555, 2363, 1683, 409, 2855, 3090, 1075, 3054, 545, 1939, 1793, 716, 2982, 910, 1106, 1178, 1088, 2416, 808, 2654, 1767, 1345, 1304)
(116, 573): Mean: 1766.624, median: 1651.0, std: 814.463, percent: 1818.04, B: 133, W: 117, 
	(1447, 1285, 1056, 2006, 2164, 1820, 1532, 3246, 1285, 2645, 1672, 2701, 2519, 1418, 1024, 1659, 2669, 2166, 3062, 1396, 1069, 1953, 800, 1447, 1048, 789, 2088, 954, 716, 1926, 2687, 1870, 1507, 516, 853, 2400, 1817, 1125, 1791, 1644, 1554, 986, 391, 1834, 1802, 1316, 1995, 1443, 1310, 1788, 1742, 2656, 1444, 1978, 2603, 2513, 1154, 2083, 3181, 3519, 1554, 2403, 2701, 1127, 1903, 2528, 1912, 747, 4411, 1314, 1560, 775, 2972, 1820, 2884, 4753, 1822, 1793, 2228, 1349, 1944, 1857, 1986, 3060, 1635, 1643, 1810, 845, 1687, 2446, 2009, 1377, 3071, 964, 1539, 2024, 904, 2293, 1364, 1781, 426, 1066, 673, 1500, 1561, 1565, 856, 1052, 2655, 1377, 1797, 2484, 1291, 3176, 1707, 2973, 1715, 927, 1402, 3762, 1472, 1132, 1554, 1741, 3006, 1911, 3524, 2536, 3937, 2013, 1221, 538, 1214, 1246, 1527, 936, 1770, 735, 1992, 1196, 1374, 2521, 1736, 1837, 3344, 2350, 2130, 1873, 1612, 453, 1057, 1110, 1079, 1803, 2375, 1236, 1385, 1286, 1746, 1231, 2101, 1423, 939, 2079, 1056, 1348, 3491, 1832, 2640, 1108, 3322, 1371, 1931, 1253, 2876, 1459, 1549, 2046, 2575, 1176, 1107, 2024, 1363, 1722, 3740, 2682, 918, 2089, 1680, 2634, 1178, 2233, 777, 1077, 1575, 1346, 807, 1505, 1624, 1649, 3474, 804, 436, 917, 1222, 1824, 2082, 2117, 3000, 1915, 821, 2015, 1078, 2092, 532, 1800, 1318, 712, 4282, 935, 2726, 938, 878, 871, 1378, 391, 1337, 3693, 2186, 1653, 404, 2646, 3138, 1053, 3487, 536, 2332, 1919, 749, 3090, 1010, 1280, 1004, 1082, 2518, 774, 2728, 1893, 1352, 1366)
(118, 581): Mean: 1705.276, median: 1645.5, std: 796.881, percent: 1710.72, B: 159, W: 90, 
	(1624, 1002, 1029, 1734, 2185, 1835, 1375, 2707, 1298, 2072, 1686, 2597, 2236, 1612, 775, 1742, 2434, 2554, 2955, 1495, 1051, 1647, 744, 1526, 1034, 775, 2264, 1038, 695, 1701, 2724, 1818, 1508, 485, 800, 2063, 1784, 1074, 1684, 1428, 1439, 984, 354, 1734, 1794, 1235, 1925, 1484, 1369, 1457, 1839, 2522, 1355, 1722, 2445, 2163, 1052, 1868, 3247, 3356, 1348, 1978, 2756, 1203, 1944, 2306, 1854, 748, 4792, 1351, 1644, 712, 3158, 1840, 2578, 4229, 2067, 1668, 1699, 1317, 2033, 1570, 1842, 2876, 1818, 1481, 2061, 638, 1591, 2241, 1815, 1647, 2906, 909, 1369, 2202, 841, 2071, 1417, 1721, 400, 1091, 547, 1757, 1570, 1665, 956, 1085, 2460, 1328, 1834, 2292, 1280, 3711, 1666, 2404, 1917, 952, 1292, 3944, 1376, 1348, 1389, 1680, 2691, 2169, 3774, 2128, 3783, 1811, 1162, 613, 1120, 1146, 1383, 856, 1800, 722, 1607, 1136, 1564, 2746, 1418, 1709, 2938, 2353, 2079, 1969, 1485, 475, 929, 1146, 1079, 1936, 1949, 1061, 1332, 1266, 1625, 989, 1926, 1063, 867, 1843, 1021, 1354, 3370, 1749, 2768, 1274, 3371, 1506, 1969, 1267, 2817, 1401, 1483, 1727, 2612, 1244, 1098, 2173, 1280, 1710, 3563, 2341, 1007, 1832, 1691, 2518, 972, 2007, 771, 1168, 1314, 1300, 724, 1652, 1655, 1791, 2801, 689, 458, 904, 1095, 1679, 1799, 1921, 2572, 1861, 732, 1982, 1080, 2100, 561, 1498, 1233, 629, 3957, 995, 2897, 986, 956, 798, 1360, 381, 1452, 3583, 2030, 1705, 399, 3063, 3675, 1062, 3834, 650, 2092, 1902, 644, 3104, 866, 1184, 993, 1012, 2215, 769, 2221, 1775, 1362, 1336)
(120, 589): Mean: 1697.196, median: 1583.0, std: 795.845, percent: 1662.08, B: 125, W: 120, 
	(1511, 928, 1034, 2139, 2117, 1961, 1352, 2692, 1261, 2068, 1690, 2420, 2393, 1450, 814, 1826, 2542, 2327, 3067, 1425, 1038, 1854, 862, 1526, 1068, 750, 2368, 837, 650, 1773, 2825, 1589, 1428, 512, 833, 2130, 1734, 1148, 1837, 1471, 1526, 947, 318, 1521, 1676, 1439, 2026, 1425, 1397, 1457, 1681, 2555, 1360, 1706, 2216, 2226, 1101, 1967, 2943, 3074, 1509, 2001, 2781, 1252, 1904, 2152, 1947, 739, 5243, 1602, 1502, 700, 3161, 1660, 2378, 3893, 1736, 1619, 1919, 1378, 1811, 1549, 1836, 3449, 2005, 1463, 2190, 638, 1649, 2246, 2030, 1446, 2583, 947, 1445, 2062, 854, 1898, 1416, 1733, 345, 1068, 503, 1707, 1570, 1699, 862, 1069, 2469, 1401, 1835, 2196, 1196, 3480, 1688, 2377, 1934, 912, 1469, 3627, 1303, 1189, 1332, 1968, 2745, 2140, 3671, 2059, 3989, 1912, 1298, 560, 1157, 1150, 1402, 903, 1630, 724, 1756, 1201, 1563, 2868, 1473, 1709, 2906, 2565, 2220, 2005, 1655, 388, 945, 1166, 1098, 1845, 1911, 1114, 1323, 1320, 1577, 1095, 2078, 1143, 850, 1835, 964, 1297, 3293, 1818, 2507, 1153, 3066, 1273, 1814, 1303, 2886, 1408, 1457, 1749, 2719, 1313, 1076, 1785, 1375, 1605, 4103, 2315, 1035, 1993, 1633, 2398, 1133, 1895, 793, 1130, 1365, 1368, 764, 1600, 1659, 1654, 3460, 771, 533, 931, 987, 1527, 1808, 2078, 2579, 1711, 817, 2363, 1006, 2001, 520, 1487, 1139, 589, 4233, 1117, 2753, 944, 847, 716, 1304, 355, 1328, 3605, 2171, 1555, 442, 2321, 3024, 1025, 3718, 515, 1885, 1947, 683, 2841, 951, 1114, 962, 1029, 2204, 700, 2242, 1844, 1313, 1320)
(122, 598): Mean: 1706.928, median: 1612.0, std: 810.036, percent: 1730.16, B: 124, W: 123, 
	(1623, 970, 1046, 2017, 2157, 1833, 1267, 2496, 1292, 2355, 1740, 2393, 2240, 1691, 847, 1658, 2861, 2580, 3417, 1361, 1079, 1785, 708, 1577, 1104, 718, 2522, 895, 712, 1910, 2380, 1547, 1493, 510, 819, 2812, 1805, 1361, 2063, 1449, 1464, 975, 329, 1709, 1810, 1279, 1970, 1356, 1283, 1524, 1849, 2825, 1318, 1633, 2124, 2646, 1025, 1912, 3037, 2720, 1466, 2009, 2790, 1286, 1865, 2400, 1961, 783, 5300, 1244, 1625, 760, 2724, 1694, 2919, 4690, 2019, 1792, 1652, 1329, 1931, 1605, 1915, 3319, 1649, 1442, 1788, 617, 1594, 2431, 2030, 1346, 2331, 1016, 1221, 2116, 819, 2042, 1263, 1942, 345, 1182, 512, 1765, 1580, 1637, 780, 1059, 2177, 1334, 1877, 2326, 1220, 3398, 1678, 2866, 1631, 769, 1615, 3344, 1295, 1195, 1307, 1735, 2742, 2054, 3736, 1917, 3352, 1689, 1201, 518, 1140, 1270, 1412, 877, 1956, 690, 1609, 1154, 1427, 3019, 1505, 1893, 2849, 2063, 2405, 2101, 1673, 448, 823, 1290, 1218, 1808, 1830, 1135, 1406, 1211, 1637, 1153, 2049, 1116, 920, 1711, 979, 1431, 3755, 1715, 2844, 1344, 3783, 1549, 1979, 1214, 2638, 1448, 1514, 1643, 2356, 1324, 1033, 1785, 1318, 1534, 4315, 2684, 956, 1983, 1544, 2598, 1121, 1919, 702, 1083, 1703, 1334, 746, 1573, 1638, 1626, 2732, 755, 566, 956, 954, 1505, 1896, 1876, 2566, 1823, 780, 1956, 1040, 2143, 506, 1341, 1273, 675, 4031, 964, 2523, 894, 881, 827, 1273, 348, 1396, 3786, 2506, 1518, 422, 2609, 2867, 1104, 3347, 537, 2262, 2039, 646, 2822, 985, 1170, 1008, 1010, 2234, 779, 2216, 1779, 1399, 1256)
(124, 607): Mean: 1692.064, median: 1547.5, std: 807.494, percent: 1676.92, B: 137, W: 113, 
	(1555, 990, 995, 1889, 2754, 1698, 1336, 2916, 1330, 2199, 1670, 2568, 2217, 1499, 979, 1793, 2839, 2286, 3255, 1467, 978, 1577, 836, 1558, 1078, 713, 2387, 905, 752, 1951, 2724, 1675, 1420, 565, 840, 2200, 1577, 1056, 1858, 1405, 1318, 986, 370, 1526, 1654, 1300, 1964, 1408, 1351, 1525, 1686, 2683, 1327, 1895, 2147, 2237, 1159, 1964, 2542, 3273, 1445, 2164, 2709, 1085, 1838, 2288, 2052, 665, 4875, 1265, 1513, 745, 3571, 1926, 2313, 4621, 1931, 1806, 1815, 1365, 2028, 1581, 1932, 3663, 1622, 1533, 2177, 712, 1598, 2317, 1874, 1378, 2477, 1017, 1276, 2016, 875, 2102, 1252, 1537, 372, 1073, 536, 1490, 1428, 1693, 891, 1064, 2266, 1180, 1831, 2209, 1425, 3272, 1525, 2717, 1703, 832, 1238, 3694, 1305, 1123, 1357, 1773, 3108, 1939, 3702, 2166, 3298, 1960, 1233, 504, 1204, 1118, 1331, 796, 1627, 677, 1652, 1129, 1449, 2667, 1509, 1842, 2982, 2375, 2312, 1955, 1631, 393, 996, 1313, 1045, 1743, 1738, 1147, 1282, 1363, 1580, 1087, 2169, 1082, 914, 1674, 965, 1301, 3202, 1844, 2790, 1182, 3388, 1271, 1995, 1094, 2375, 1591, 1683, 1941, 2192, 1310, 1097, 1919, 1186, 1540, 4028, 2672, 1058, 1787, 1590, 2498, 1079, 1862, 736, 1039, 1697, 1262, 729, 1466, 1536, 1509, 3178, 749, 438, 901, 946, 1367, 1974, 2127, 2464, 1747, 838, 1827, 1139, 1899, 538, 1397, 1371, 662, 4582, 985, 2841, 955, 886, 882, 1119, 307, 1387, 3483, 2037, 1893, 417, 2842, 3279, 1052, 2962, 582, 1891, 1799, 666, 3327, 918, 1107, 1011, 1005, 2313, 808, 2060, 1769, 1279, 1343)
(126, 619): Mean: 1684.624, median: 1556.5, std: 801.065, percent: 1685.9, B: 132, W: 118, 
	(1525, 898, 922, 2076, 2285, 1993, 1322, 3265, 1220, 2102, 1517, 2661, 2447, 1571, 813, 1815, 2536, 2177, 2881, 1461, 950, 1698, 767, 1379, 1042, 792, 2099, 903, 675, 1791, 2836, 1628, 1442, 456, 789, 2504, 1713, 1114, 1674, 1471, 1369, 1061, 329, 1497, 1739, 1228, 1984, 1393, 1420, 1585, 1883, 2727, 1422, 1866, 2189, 2219, 1068, 1998, 2973, 2908, 1557, 1944, 2844, 1278, 2260, 2293, 1752, 670, 4285, 1299, 1466, 672, 3129, 1655, 2554, 4576, 1946, 1880, 1798, 1385, 1863, 1695, 1704, 2868, 1569, 1379, 2118, 653, 1541, 2538, 1736, 1277, 2541, 922, 1239, 2251, 830, 1804, 1234, 1959, 280, 1111, 418, 1692, 1505, 1602, 842, 1060, 2385, 1209, 1670, 2245, 1225, 3941, 1481, 3007, 1783, 839, 1474, 3632, 1333, 1206, 1484, 1913, 2774, 2005, 3552, 2012, 3611, 1919, 1159, 569, 1243, 1039, 1458, 788, 1508, 809, 1710, 1341, 1322, 3122, 1466, 1723, 2931, 2085, 2454, 1797, 1556, 502, 1210, 1148, 999, 1938, 1818, 1026, 1329, 1264, 1712, 1072, 2304, 1280, 902, 1739, 929, 1237, 3108, 1641, 2880, 1108, 3791, 1336, 1868, 1239, 2434, 1369, 1443, 1667, 2648, 1385, 1032, 1742, 1201, 1562, 4495, 2307, 964, 2072, 1600, 2720, 1137, 1831, 797, 1048, 1298, 1305, 719, 1497, 1590, 1695, 2651, 746, 514, 877, 990, 1731, 2031, 1823, 2411, 1705, 833, 2144, 1048, 2041, 526, 1512, 1193, 608, 3732, 854, 2617, 900, 935, 717, 1247, 348, 1317, 3756, 2189, 1745, 392, 2682, 3082, 1041, 3442, 583, 1974, 1960, 664, 2944, 924, 1168, 1015, 1036, 2267, 710, 2059, 1667, 1339, 1206)
(127, 624): Mean: 1674.18, median: 1565.0, std: 779.859, percent: 1668.38, B: 130, W: 120, 
	(1330, 966, 1004, 2048, 2194, 1636, 1373, 2959, 1240, 2236, 1483, 2333, 2102, 1580, 730, 1656, 2838, 2101, 2892, 1451, 961, 1815, 789, 1565, 997, 721, 2382, 957, 743, 1823, 2391, 1514, 1416, 471, 804, 2319, 1933, 1088, 1974, 1481, 1420, 1049, 317, 1676, 1852, 1323, 2047, 1455, 1375, 1448, 1807, 2604, 1289, 1687, 2163, 2230, 1059, 2129, 3008, 3275, 1595, 2167, 2602, 1165, 2026, 2224, 1673, 686, 4965, 1316, 1565, 697, 3171, 1763, 2080, 4502, 1819, 1934, 1863, 1218, 1833, 1670, 1781, 3011, 1547, 1252, 2218, 648, 1527, 2427, 1834, 1466, 2989, 855, 1235, 2225, 767, 1845, 1481, 1794, 393, 1063, 484, 1527, 1405, 1649, 823, 1064, 2418, 1289, 1970, 2574, 1211, 3087, 1414, 2568, 1680, 796, 1363, 3743, 1306, 1133, 1321, 1619, 2371, 2114, 3594, 2172, 2975, 1903, 1274, 538, 1245, 1268, 1444, 902, 1549, 803, 1677, 1142, 1625, 2623, 1432, 1717, 3889, 2215, 2056, 1832, 1616, 454, 999, 1152, 1106, 1876, 1936, 1148, 1418, 1350, 1670, 1090, 2139, 1084, 876, 1807, 936, 1243, 2828, 1874, 2616, 1110, 3620, 1270, 2135, 1097, 2719, 1413, 1354, 1940, 2386, 1337, 1044, 1666, 1236, 1616, 3698, 2608, 925, 2049, 1627, 2785, 1111, 1774, 724, 1147, 1305, 1313, 711, 1571, 1737, 1852, 3142, 736, 420, 970, 939, 1527, 2009, 2072, 2279, 1629, 733, 2104, 995, 2062, 528, 1398, 1255, 592, 3462, 959, 2456, 908, 887, 799, 1248, 343, 1321, 3263, 2045, 1677, 391, 2555, 3464, 970, 2941, 618, 1970, 1868, 720, 2939, 920, 1112, 1116, 1007, 2300, 829, 2480, 1702, 1299, 1283)
(128, 625): Mean: 1673.52, median: 1549.5, std: 780.016, percent: 1694.54, B: 132, W: 117, 
	(1628, 992, 982, 1851, 2369, 1883, 1273, 2514, 1255, 2362, 1881, 2558, 2321, 1496, 890, 1812, 2522, 2299, 3160, 1287, 1072, 1619, 752, 1493, 1045, 708, 2361, 822, 719, 1841, 2487, 1742, 1429, 578, 794, 2533, 1642, 1076, 1637, 1364, 1405, 991, 327, 1672, 1609, 1430, 1787, 1350, 1411, 1537, 1769, 2435, 1463, 1812, 2185, 2464, 978, 1956, 2983, 3172, 1560, 2022, 2334, 1038, 1741, 2111, 1693, 713, 5134, 1342, 1474, 749, 2913, 1723, 2878, 4117, 2143, 1904, 1850, 1222, 1958, 1539, 1958, 2445, 1756, 1511, 2033, 625, 1527, 2147, 1665, 1421, 2901, 1008, 1261, 2114, 805, 1834, 1471, 1836, 336, 1102, 589, 1573, 1539, 1528, 913, 1090, 2204, 1194, 1871, 2680, 1393, 2811, 1613, 2475, 1890, 875, 1450, 4139, 1343, 1287, 1295, 1628, 2600, 2091, 4129, 1955, 3375, 1812, 1302, 481, 1294, 1198, 1462, 867, 1628, 658, 1560, 1115, 1351, 2900, 1392, 1910, 2775, 2124, 2011, 1932, 1626, 423, 896, 1011, 1055, 1830, 1820, 1087, 1343, 1329, 1718, 1155, 2173, 1093, 817, 1733, 960, 1469, 3342, 1712, 2601, 1244, 3232, 1338, 1890, 1217, 2656, 1449, 1662, 1961, 2497, 1316, 1058, 1681, 1267, 1528, 3588, 2437, 1014, 1958, 1598, 2618, 1015, 1968, 721, 1044, 1426, 1267, 827, 1529, 1740, 1472, 3480, 713, 463, 841, 921, 1475, 1762, 1953, 2757, 1631, 880, 2095, 1088, 1924, 550, 1526, 1278, 642, 3927, 978, 2387, 866, 899, 743, 1204, 386, 1317, 3243, 2412, 1710, 329, 2862, 2969, 1030, 3088, 540, 1862, 1975, 770, 3221, 881, 1092, 1038, 999, 2046, 721, 2274, 1621, 1337, 1262)
(129, 628): Mean: 1660.58, median: 1559.0, std: 757.839, percent: 1690.7, B: 131, W: 119, 
	(1618, 966, 996, 1999, 2426, 1854, 1325, 3034, 1231, 2302, 1505, 2618, 2055, 1499, 791, 1691, 2554, 2245, 2814, 1851, 1018, 1537, 842, 1503, 984, 843, 1900, 906, 706, 1881, 2447, 1649, 1380, 448, 785, 2041, 1912, 1053, 1830, 1373, 1426, 957, 364, 1687, 1636, 1314, 1849, 1415, 1365, 1564, 1793, 2393, 1293, 1851, 2281, 2335, 975, 2156, 2923, 2894, 1357, 1793, 2779, 1235, 1682, 2432, 1644, 667, 4531, 1372, 1374, 684, 2879, 1797, 2480, 3913, 1801, 1731, 2056, 1301, 1831, 1655, 1696, 3285, 1554, 1475, 1863, 658, 1653, 2350, 1764, 1444, 2561, 930, 1339, 2198, 789, 2143, 1285, 1683, 322, 1138, 526, 1646, 1379, 1665, 822, 1116, 2169, 1135, 1628, 2276, 1294, 3209, 1522, 2714, 1998, 799, 1341, 3283, 1416, 1179, 1373, 1791, 2701, 1893, 3879, 2163, 3074, 1795, 1248, 550, 1169, 1163, 1421, 788, 1603, 802, 1702, 1060, 1582, 2737, 1466, 1450, 2575, 2182, 2519, 1919, 1529, 398, 1065, 1098, 1024, 2034, 1819, 1110, 1278, 1145, 1639, 1196, 2223, 1090, 916, 1688, 987, 1361, 3723, 1838, 2498, 1134, 3410, 1282, 1911, 1170, 3013, 1464, 1365, 1919, 2520, 1230, 1020, 1847, 1231, 1675, 3939, 2414, 1028, 1754, 1701, 2369, 940, 1813, 731, 1054, 1226, 1244, 833, 1549, 1568, 1714, 2738, 684, 468, 831, 1000, 1504, 1913, 2259, 2453, 1628, 763, 2032, 1031, 2128, 533, 1434, 1351, 631, 3778, 964, 2524, 935, 947, 776, 1233, 342, 1394, 2974, 2426, 1774, 345, 2890, 3000, 1060, 3189, 614, 2039, 1892, 679, 3114, 928, 1134, 1053, 1042, 2081, 800, 2077, 1717, 1316, 1271)
(130, 633): Mean: 1666.364, median: 1505.5, std: 782.051, percent: 1648.7, B: 125, W: 124, 
	(1621, 884, 977, 1853, 2232, 1673, 1345, 2264, 1182, 2326, 1883, 2472, 2284, 1518, 898, 1743, 2957, 2506, 2932, 1428, 983, 1724, 719, 1472, 1063, 676, 2233, 965, 730, 1755, 2508, 1439, 1448, 459, 782, 2482, 1812, 1061, 1755, 1493, 1439, 991, 354, 1508, 1632, 1256, 1983, 1452, 1333, 1478, 1880, 2334, 1324, 2044, 2258, 2205, 1149, 2052, 3456, 3032, 1474, 2054, 2590, 1123, 1762, 2292, 1820, 679, 4190, 1295, 1429, 629, 3004, 1837, 2236, 3698, 1909, 1809, 1503, 1295, 1837, 1529, 1915, 3598, 1617, 1533, 1979, 635, 1822, 2035, 1941, 1452, 2435, 969, 1326, 2244, 866, 1885, 1262, 1885, 297, 1096, 487, 1465, 1477, 1520, 850, 1104, 2340, 1261, 1901, 2219, 1185, 2984, 1480, 3225, 1775, 800, 1410, 4056, 1374, 1205, 1237, 1912, 2557, 1891, 3681, 2072, 3642, 1758, 1205, 481, 1081, 1265, 1398, 916, 1562, 698, 1815, 1151, 1313, 2633, 1444, 1855, 2569, 2240, 2120, 1880, 1412, 439, 1146, 1052, 1088, 1805, 1739, 1144, 1302, 1290, 1650, 1193, 2034, 1123, 876, 1756, 1018, 1275, 3119, 1624, 2673, 1127, 3920, 1375, 1911, 1047, 2778, 1475, 1369, 1780, 2261, 1279, 1126, 1840, 1197, 1598, 3918, 2692, 1034, 1944, 1585, 2522, 1070, 1935, 719, 1111, 1331, 1289, 702, 1430, 1745, 1597, 3487, 752, 481, 920, 949, 1476, 1853, 1999, 2521, 1700, 755, 2054, 978, 1910, 564, 1417, 1281, 632, 4149, 845, 2568, 812, 866, 801, 1166, 343, 1399, 3550, 2024, 1608, 385, 2722, 3080, 1032, 3478, 576, 1955, 1742, 668, 2632, 930, 1112, 1046, 970, 2086, 843, 2617, 1789, 1381, 1245)
(141, 698): Mean: 1678.948, median: 1545.5, std: 797.19, percent: 1668.52, B: 124, W: 126, 
	(1654, 993, 963, 2075, 2468, 1812, 1336, 2663, 1318, 2198, 1479, 2208, 2020, 1474, 779, 1702, 2711, 2409, 2825, 1478, 1056, 1610, 790, 1474, 1010, 834, 2376, 923, 735, 1858, 2660, 1440, 1387, 467, 827, 2508, 1769, 1054, 1761, 1311, 1464, 872, 305, 1513, 1677, 1471, 1941, 1432, 1277, 1595, 1828, 2404, 1302, 1805, 2325, 2489, 1075, 2016, 2921, 2978, 1339, 2185, 2539, 1264, 1683, 2380, 1761, 655, 4864, 1244, 1504, 688, 2820, 1752, 2305, 4527, 1768, 1882, 1701, 1417, 1759, 1802, 2024, 3135, 1731, 1485, 2043, 618, 1530, 2445, 1709, 1317, 2941, 960, 1255, 2332, 769, 1979, 1381, 1960, 416, 1048, 550, 1537, 1378, 1511, 885, 1059, 2289, 1267, 1971, 2083, 1220, 3304, 1388, 2554, 1840, 851, 1554, 3609, 1338, 1163, 1432, 1909, 2533, 1938, 4093, 2273, 3544, 1667, 1212, 549, 1061, 1194, 1531, 861, 1581, 699, 1630, 1109, 1400, 2958, 1476, 1818, 2812, 1944, 2090, 1919, 1511, 507, 885, 1128, 1013, 1745, 1852, 1121, 1228, 1331, 1627, 1112, 1997, 1062, 893, 1732, 988, 1311, 3091, 1645, 2711, 1208, 3846, 1351, 1968, 1118, 2586, 1444, 1359, 1947, 2926, 1393, 1122, 1620, 1216, 1631, 3986, 2644, 905, 2367, 1649, 2225, 1024, 1874, 699, 1092, 1631, 1316, 775, 1641, 1463, 1736, 2676, 663, 456, 943, 1008, 1583, 1936, 2057, 2474, 1617, 874, 1968, 1130, 1715, 519, 1593, 1303, 600, 3997, 920, 2355, 897, 934, 785, 1214, 334, 1320, 3861, 2234, 1709, 450, 3187, 2845, 1084, 3460, 506, 2007, 1815, 672, 3411, 899, 1069, 1033, 1001, 2362, 776, 2174, 1715, 1516, 1222)
(142, 704): Mean: 1686.832, median: 1569.5, std: 785.268, percent: 1669.76, B: 126, W: 123, 
	(1680, 943, 1122, 2072, 2368, 1694, 1449, 2898, 1209, 2308, 1687, 2548, 2400, 1701, 843, 1700, 2580, 2197, 2734, 1348, 1125, 1739, 747, 1438, 1046, 753, 2310, 794, 689, 1848, 2605, 1541, 1533, 512, 894, 2373, 1614, 1132, 1779, 1270, 1363, 932, 380, 1571, 1870, 1207, 1892, 1344, 1311, 1577, 1663, 2685, 1281, 2020, 2208, 2361, 1009, 1965, 2806, 3195, 1426, 2117, 2550, 1344, 1860, 2151, 1806, 670, 4565, 1362, 1637, 708, 2957, 1627, 2684, 4059, 1516, 1753, 1841, 1290, 2128, 1712, 1869, 2959, 1569, 1629, 2002, 651, 1719, 2442, 1678, 1474, 2903, 894, 1277, 2496, 738, 2199, 1464, 1909, 416, 1148, 513, 1698, 1528, 1562, 896, 994, 2260, 1212, 1956, 2303, 1135, 3457, 1550, 3345, 1496, 778, 1405, 3596, 1603, 1181, 1343, 2001, 2685, 2132, 3522, 2049, 3392, 1955, 1193, 511, 1092, 1175, 1383, 893, 1629, 765, 1590, 1153, 1379, 3186, 1492, 1829, 3275, 2169, 2402, 1790, 1628, 435, 935, 1246, 1200, 1680, 1930, 1051, 1287, 1154, 1558, 999, 2135, 1059, 889, 1833, 960, 1425, 3263, 1686, 2695, 1179, 3362, 1353, 1897, 1149, 2438, 1405, 1458, 1963, 2615, 1394, 1003, 1966, 1202, 1604, 3539, 2684, 1027, 1789, 1564, 2247, 1078, 1858, 736, 1018, 1563, 1165, 798, 1615, 1519, 1507, 3406, 689, 452, 825, 1016, 1570, 1915, 2051, 2392, 1739, 802, 2018, 993, 1988, 571, 1336, 1372, 659, 3879, 969, 2354, 940, 897, 737, 1160, 389, 1353, 3839, 2249, 1814, 405, 2707, 3436, 954, 3441, 500, 2213, 1949, 665, 2864, 869, 1167, 1129, 1010, 2099, 835, 2335, 1736, 1335, 1427)
(144, 716): Mean: 1672.548, median: 1552.0, std: 787.193, percent: 1680.66, B: 132, W: 118, 
	(1266, 925, 1027, 1934, 2534, 1638, 1537, 2614, 1206, 2072, 1466, 2399, 2125, 1556, 797, 1571, 2697, 2244, 3013, 1471, 989, 1614, 784, 1512, 1032, 857, 2257, 836, 670, 1831, 2633, 1691, 1506, 462, 832, 2329, 1892, 1222, 1802, 1477, 1271, 992, 396, 1749, 1695, 1570, 1905, 1439, 1326, 1507, 1678, 2503, 1179, 1956, 2193, 2419, 1132, 1933, 3322, 3068, 1476, 2103, 2706, 1195, 1756, 2263, 1810, 712, 5596, 1252, 1421, 636, 3366, 1850, 2813, 3621, 1663, 1845, 1641, 1272, 1768, 1727, 2022, 3339, 1400, 1537, 1942, 670, 1820, 2228, 2021, 1502, 2568, 943, 1269, 1992, 737, 1923, 1246, 1848, 351, 1150, 482, 1552, 1404, 1592, 868, 972, 2385, 1164, 1937, 2057, 1342, 2880, 1480, 3161, 1683, 789, 1291, 4311, 1391, 1136, 1257, 1849, 2580, 2031, 3673, 2098, 3341, 1816, 1205, 629, 1220, 1257, 1524, 886, 1377, 797, 1581, 1176, 1453, 2840, 1402, 1709, 3353, 2304, 1983, 1983, 1383, 431, 1200, 1058, 987, 1741, 1860, 1202, 1541, 1319, 1587, 1051, 2018, 1073, 922, 1698, 987, 1341, 3296, 1702, 2698, 1277, 3212, 1357, 1954, 1280, 2401, 1476, 1481, 1789, 2910, 1433, 1000, 1652, 1369, 1656, 3334, 2394, 978, 1984, 1552, 2390, 1006, 1907, 696, 1072, 1246, 1251, 837, 1589, 1729, 1688, 2899, 640, 456, 837, 1054, 1612, 1926, 2057, 2418, 1565, 710, 2106, 1141, 1969, 540, 1486, 1252, 585, 3754, 971, 2541, 936, 851, 682, 1222, 380, 1293, 3317, 2194, 1632, 424, 2927, 3042, 1158, 3381, 582, 1967, 1933, 686, 2967, 919, 1089, 1073, 985, 2077, 810, 2204, 1592, 1336, 1210)
(146, 727): Mean: 1672.312, median: 1576.0, std: 763.105, percent: 1684.92, B: 126, W: 122, 
	(1574, 998, 996, 1864, 2245, 1885, 1335, 2887, 1334, 2030, 1536, 2698, 2452, 1699, 830, 1578, 2488, 2219, 2972, 1439, 1006, 1768, 740, 1474, 938, 742, 2088, 846, 718, 1959, 2433, 1466, 1495, 504, 797, 2217, 1850, 1327, 1642, 1507, 1467, 912, 386, 1412, 1692, 1345, 2046, 1311, 1394, 1477, 1795, 2432, 1139, 1741, 2553, 2280, 1077, 2197, 2733, 3407, 1314, 2125, 2868, 1169, 1829, 2072, 1884, 701, 4931, 1371, 1619, 676, 2996, 1706, 2242, 3814, 1684, 2011, 1896, 1383, 1811, 1545, 1985, 3005, 1732, 1493, 2025, 636, 1673, 2475, 2050, 1446, 2133, 897, 1261, 2013, 811, 1935, 1518, 1713, 410, 1171, 467, 1573, 1498, 1634, 858, 1149, 2429, 1289, 2044, 2305, 1249, 2987, 1604, 2654, 1635, 767, 1473, 3552, 1364, 1237, 1387, 2004, 2561, 2175, 3414, 2065, 3393, 1717, 1315, 488, 1111, 1236, 1284, 922, 1449, 761, 1769, 1134, 1499, 2757, 1442, 1644, 2623, 2075, 2129, 1847, 1605, 393, 981, 1142, 983, 1857, 1707, 1249, 1366, 1296, 1745, 1071, 2505, 1063, 864, 1806, 976, 1305, 2719, 1740, 2809, 1142, 3764, 1356, 2232, 1212, 2657, 1579, 1381, 2067, 2864, 1269, 1071, 1782, 1303, 1579, 3801, 2511, 976, 1812, 1651, 2141, 1150, 1885, 682, 1066, 1463, 1251, 732, 1432, 1625, 1618, 3350, 725, 430, 847, 992, 1734, 1767, 1853, 2406, 1683, 803, 2135, 1164, 2125, 532, 1542, 1211, 680, 3311, 998, 2709, 936, 865, 774, 1344, 359, 1359, 3879, 2308, 1657, 387, 2705, 2982, 1056, 3227, 562, 1982, 1856, 753, 2770, 862, 1154, 1042, 991, 2301, 704, 2534, 1703, 1169, 1254)
(153, 768): Mean: 1676.872, median: 1556.0, std: 797.275, percent: 1668.4, B: 132, W: 117, 
	(1379, 937, 1065, 2192, 2362, 1688, 1358, 2966, 1430, 2452, 1551, 2801, 2366, 1422, 764, 1697, 3023, 2175, 3332, 1555, 1012, 1724, 649, 1494, 943, 818, 2242, 885, 689, 1812, 2470, 1537, 1421, 471, 871, 2354, 1731, 1119, 1722, 1486, 1454, 1040, 359, 1670, 1884, 1135, 2018, 1604, 1317, 1475, 1587, 2352, 1330, 1633, 2082, 2285, 1058, 2000, 3433, 3046, 1606, 1999, 2580, 1115, 1971, 2193, 1817, 651, 5293, 1284, 1323, 638, 2931, 1817, 2452, 4248, 1866, 1597, 1774, 1336, 1780, 1644, 1869, 3012, 1509, 1628, 1935, 640, 1519, 2500, 1779, 1405, 2436, 976, 1217, 1991, 808, 2052, 1400, 1847, 464, 1135, 519, 1544, 1505, 1670, 829, 1101, 2261, 1182, 1861, 2399, 1288, 2971, 1399, 2602, 1622, 843, 1467, 3947, 1374, 1185, 1369, 1838, 2600, 1991, 4060, 1910, 3450, 1804, 1399, 559, 1169, 1202, 1456, 905, 1465, 669, 1669, 1217, 1380, 2645, 1618, 1673, 2939, 2268, 2175, 1789, 1557, 368, 1019, 1092, 983, 1882, 1959, 1099, 1297, 1245, 1704, 1086, 2262, 980, 852, 1702, 1014, 1373, 3094, 1673, 2693, 1168, 3396, 1378, 1909, 1138, 2384, 1358, 1377, 1867, 2642, 1221, 1050, 1695, 1472, 1558, 3999, 2553, 907, 1915, 1624, 2416, 1026, 2008, 740, 1100, 1557, 1284, 783, 1330, 1719, 1581, 3469, 699, 468, 864, 950, 1477, 2064, 1913, 2534, 1895, 795, 2279, 970, 2133, 569, 1406, 1410, 626, 3953, 866, 2691, 885, 884, 902, 1215, 378, 1379, 3302, 2332, 1633, 351, 2547, 2889, 1021, 3417, 525, 2222, 1820, 637, 2865, 925, 1124, 1025, 975, 2014, 816, 2172, 1557, 1442, 1292)
(156, 782): Mean: 1668.244, median: 1576.5, std: 767.894, percent: 1651.72, B: 135, W: 115, 
	(1650, 834, 976, 2073, 2220, 1755, 1385, 2471, 1375, 2246, 1754, 2407, 2327, 1421, 737, 1974, 2534, 2290, 2995, 1533, 955, 1695, 841, 1573, 1021, 740, 2391, 831, 666, 1915, 2698, 1541, 1493, 495, 815, 2826, 1748, 1290, 1672, 1392, 1546, 990, 342, 1618, 1964, 1338, 1914, 1305, 1273, 1553, 1687, 2345, 1492, 1763, 2165, 2340, 1077, 1871, 2951, 2875, 1334, 1705, 2306, 1143, 1930, 2143, 1634, 691, 4912, 1234, 1710, 679, 2714, 1777, 2332, 3654, 1743, 1828, 1721, 1398, 1854, 1746, 1796, 3487, 1589, 1481, 2050, 674, 1597, 2300, 1747, 1511, 2953, 907, 1343, 1885, 777, 1910, 1327, 1879, 429, 1110, 449, 1665, 1422, 1547, 800, 1076, 2251, 1217, 1911, 2412, 1302, 3290, 1366, 2789, 1724, 667, 1320, 3461, 1433, 1242, 1310, 1971, 2683, 1978, 3472, 1994, 3129, 1717, 1300, 512, 1068, 1187, 1445, 878, 1445, 752, 1781, 1104, 1595, 2918, 1336, 1655, 2839, 2048, 2181, 1774, 1580, 443, 1114, 1142, 1048, 1784, 1964, 1084, 1312, 1337, 1627, 1159, 2270, 1056, 930, 1778, 1033, 1341, 3334, 1768, 2369, 1082, 3858, 1296, 1912, 1256, 2768, 1478, 1323, 1938, 2808, 1422, 973, 1709, 1380, 1684, 3761, 2366, 955, 1790, 1591, 2639, 1018, 1979, 767, 1044, 1326, 1233, 735, 1431, 1616, 1768, 3115, 740, 415, 893, 957, 1517, 2070, 2124, 2393, 1568, 884, 2021, 1158, 1978, 565, 1441, 1297, 680, 3498, 964, 2356, 946, 823, 748, 1204, 413, 1332, 3599, 2135, 1594, 339, 2905, 3416, 994, 3410, 514, 1985, 1763, 685, 2800, 920, 1117, 1104, 945, 2351, 751, 2420, 1838, 1402, 1275)
(158, 791): Mean: 1708.04, median: 1556.5, std: 793.735, percent: 1721.92, B: 97, W: 150, 
	(1562, 1011, 1009, 2177, 2271, 1692, 1273, 3123, 1262, 2605, 1610, 2923, 2287, 1483, 880, 1797, 2279, 2234, 3432, 1542, 910, 1537, 763, 1565, 1138, 828, 2019, 910, 679, 1942, 2713, 1615, 1421, 478, 854, 2393, 1704, 1148, 1735, 1420, 1439, 979, 355, 1718, 1896, 1386, 2035, 1479, 1403, 1472, 1742, 2668, 1252, 1966, 2315, 1981, 1048, 1915, 3169, 2875, 1317, 1996, 2703, 1237, 1838, 2634, 1740, 740, 4602, 1463, 1527, 630, 3197, 1822, 2621, 4105, 2229, 1827, 1820, 1354, 2014, 1873, 1856, 2761, 1481, 1489, 2050, 644, 1650, 2647, 1863, 1465, 2646, 1061, 1365, 2267, 815, 1838, 1502, 1934, 335, 1215, 587, 1672, 1414, 1518, 833, 1043, 2017, 1350, 1964, 2179, 1327, 2756, 1385, 2798, 1746, 745, 1459, 3232, 1373, 1226, 1372, 2388, 2888, 2507, 3905, 1964, 3402, 1850, 1198, 534, 1186, 1276, 1412, 845, 1551, 778, 1722, 1097, 1374, 3308, 1586, 1863, 2829, 2256, 2042, 2088, 1359, 443, 814, 1179, 989, 1778, 2007, 1018, 1450, 1235, 1767, 1084, 2077, 1112, 921, 1899, 937, 1504, 3690, 1686, 3083, 1135, 3163, 1421, 2067, 1342, 2389, 1517, 1495, 1791, 2511, 1396, 1102, 1782, 1250, 1595, 3452, 2526, 1018, 1845, 1677, 2315, 1124, 1945, 771, 1116, 1540, 1288, 753, 1397, 1586, 1643, 3738, 785, 484, 858, 932, 1610, 1737, 2377, 2638, 1750, 945, 2163, 1002, 2127, 534, 1452, 1228, 684, 3824, 858, 2853, 931, 824, 859, 1332, 360, 1436, 4348, 2459, 1915, 399, 2628, 2604, 1020, 3726, 590, 2060, 1993, 799, 3051, 1079, 1234, 1207, 1019, 1963, 781, 2077, 1773, 1343, 1302)
(159, 792): Mean: 1667.4, median: 1558.0, std: 772.235, percent: 1697.18, B: 147, W: 103, 
	(1436, 1073, 1110, 2078, 2416, 1739, 1339, 3151, 1255, 2350, 1559, 2761, 1949, 1536, 936, 1665, 2336, 2111, 3129, 1543, 965, 1759, 802, 1616, 1017, 818, 2181, 871, 662, 1697, 2772, 1594, 1376, 495, 851, 2565, 1681, 1128, 1782, 1286, 1423, 967, 365, 1487, 1979, 1270, 2002, 1595, 1387, 1577, 1678, 2699, 1289, 1953, 2242, 2591, 964, 2022, 2767, 3144, 1415, 1815, 2452, 1307, 1919, 2275, 1917, 780, 5324, 1256, 1504, 618, 2764, 1770, 2625, 3645, 1744, 1986, 1668, 1216, 1852, 1505, 1748, 3212, 1636, 1323, 1864, 662, 1578, 2381, 1821, 1534, 2582, 963, 1311, 1892, 773, 2119, 1270, 1776, 405, 1087, 524, 1801, 1495, 1559, 777, 1069, 2492, 1284, 1619, 2270, 1256, 3062, 1560, 2455, 1793, 727, 1497, 3099, 1381, 1259, 1464, 1895, 2901, 2034, 3481, 2007, 3343, 1667, 1264, 613, 1098, 1182, 1427, 854, 1550, 767, 1806, 1036, 1528, 3117, 1474, 1690, 3043, 1905, 1973, 1955, 1550, 420, 1036, 1119, 1142, 1927, 1839, 1080, 1280, 1193, 1701, 1146, 2093, 996, 856, 1712, 955, 1241, 3404, 1831, 2686, 1134, 3679, 1393, 1837, 1249, 2477, 1407, 1448, 1889, 2571, 1284, 1066, 1711, 1289, 1577, 3746, 2564, 901, 1713, 1629, 2623, 1024, 1885, 704, 1037, 1390, 1291, 722, 1457, 1796, 1716, 3358, 748, 444, 888, 996, 1378, 1803, 1949, 2425, 1732, 871, 1906, 1020, 1896, 505, 1492, 1318, 610, 3890, 932, 2537, 867, 854, 923, 1299, 346, 1332, 3448, 2413, 1557, 443, 2732, 2694, 1066, 3088, 665, 1955, 1721, 709, 2898, 868, 1143, 943, 980, 2117, 776, 2376, 1920, 1218, 1247)
(162, 808): Mean: 1788.064, median: 1642.0, std: 841.108, percent: 1746.66, B: 65, W: 185, 
	(1566, 967, 1100, 2152, 2372, 1844, 1578, 2496, 1244, 2318, 1946, 2737, 2287, 1553, 755, 1820, 2671, 2435, 3056, 1654, 1224, 1804, 863, 1755, 1031, 723, 2504, 975, 696, 1864, 2996, 1806, 1451, 512, 850, 2882, 1862, 1466, 1953, 1672, 1630, 1079, 352, 1601, 1930, 1435, 2085, 1523, 1395, 1678, 1894, 2346, 1519, 2013, 2288, 2397, 1062, 1926, 2948, 3097, 1515, 2039, 2574, 1221, 2032, 2073, 1673, 733, 4844, 1459, 1667, 683, 3451, 1784, 2612, 4033, 2089, 1842, 2000, 1422, 1818, 1797, 1572, 3764, 1552, 1774, 2064, 763, 1796, 2575, 1925, 1572, 2957, 1066, 1326, 2336, 906, 2205, 1368, 1968, 391, 1237, 556, 1777, 1626, 1751, 930, 1082, 2488, 1250, 2146, 2693, 1263, 3420, 1420, 2449, 2022, 778, 1627, 3425, 1503, 1292, 1353, 1893, 2951, 2373, 4237, 2117, 3447, 1855, 1480, 567, 1334, 1232, 1612, 998, 1627, 826, 1982, 1035, 1326, 3113, 1566, 1589, 3424, 2492, 2162, 1994, 1506, 541, 1051, 1265, 1139, 1863, 1966, 1053, 1517, 1441, 1855, 1069, 2278, 1220, 869, 1932, 999, 1704, 3025, 1880, 3183, 1213, 4182, 1423, 2068, 1253, 2852, 1454, 1476, 2129, 2787, 1283, 1123, 1958, 1347, 1672, 4277, 2817, 1001, 2030, 1617, 2351, 1097, 2175, 770, 1099, 1353, 1194, 818, 1580, 1593, 1819, 3307, 782, 460, 908, 1095, 1359, 2028, 2197, 2691, 1711, 915, 2455, 1114, 2453, 496, 1425, 1457, 546, 4495, 1015, 2452, 990, 954, 826, 1425, 400, 1438, 4174, 2388, 1923, 352, 3087, 3567, 1160, 3854, 527, 2201, 1966, 844, 3564, 925, 1204, 1242, 1152, 2172, 882, 2315, 1996, 1441, 1320)
(163, 809): Mean: 1762.608, median: 1632.5, std: 814.342, percent: 1765.46, B: 142, W: 107, 
	(1699, 929, 1013, 2276, 2562, 1737, 1539, 3068, 1460, 2340, 1710, 2760, 2548, 1478, 862, 1766, 2997, 2412, 3593, 1540, 970, 1828, 697, 1730, 1057, 896, 2233, 1024, 720, 1892, 2965, 1526, 1556, 497, 843, 2255, 1731, 1516, 1874, 1547, 1431, 1356, 339, 1648, 1707, 1344, 2057, 1451, 1380, 1724, 1863, 2588, 1394, 1756, 2396, 2438, 1042, 2009, 3013, 3146, 1674, 1973, 2669, 1341, 2152, 2099, 1581, 690, 4410, 1220, 1561, 726, 3097, 1684, 2770, 3945, 1641, 1766, 1687, 1333, 2162, 1721, 1624, 3471, 1528, 1552, 2008, 675, 1655, 2777, 2054, 1576, 2924, 1051, 1277, 2504, 882, 2373, 1580, 1708, 377, 1216, 507, 1865, 1545, 1644, 863, 1109, 2547, 1275, 1892, 2285, 1349, 3287, 1338, 2725, 1850, 878, 1619, 4421, 1458, 1315, 1454, 2345, 2742, 1984, 3761, 2267, 3156, 1818, 1276, 503, 1253, 1249, 1453, 969, 1600, 772, 1861, 1243, 1435, 3178, 1551, 1532, 3263, 2430, 2295, 1852, 1670, 501, 967, 1285, 1103, 1850, 2272, 1085, 1316, 1418, 1791, 1118, 2375, 972, 912, 1913, 1056, 1528, 3640, 1924, 3027, 1213, 3930, 1432, 1994, 1393, 2948, 1839, 1407, 1690, 2599, 1347, 1157, 1737, 1551, 1784, 3920, 2960, 1061, 1910, 1747, 2344, 1188, 1932, 726, 1101, 1578, 1203, 784, 1514, 1797, 1509, 3033, 750, 500, 951, 1033, 1588, 2073, 2115, 2377, 1726, 866, 2040, 1118, 2141, 568, 1684, 1307, 654, 3532, 887, 2448, 1067, 940, 900, 1350, 440, 1358, 3415, 2179, 1787, 466, 2903, 3746, 1084, 3940, 523, 2087, 2110, 735, 3177, 986, 1132, 1107, 1201, 2231, 852, 2504, 1890, 1322, 1355)
(165, 820): Mean: 1745.004, median: 1637.0, std: 788.495, percent: 1767.9, B: 126, W: 124, 
	(1687, 947, 1175, 2078, 2333, 1694, 1463, 3290, 1462, 2820, 1790, 2670, 2180, 1592, 897, 1899, 2803, 2158, 3164, 1501, 1070, 1811, 769, 1489, 994, 828, 2318, 911, 734, 1887, 2619, 1696, 1398, 555, 766, 2423, 1814, 1283, 2001, 1474, 1561, 1053, 349, 1558, 1914, 1414, 2142, 1673, 1435, 1655, 1886, 2653, 1407, 2027, 2188, 2436, 1115, 1907, 3365, 2873, 1369, 2066, 2766, 1330, 2086, 2344, 2180, 655, 4898, 1473, 1711, 694, 3214, 1743, 2541, 3679, 1830, 2107, 1953, 1461, 1944, 1688, 1816, 3294, 1525, 1601, 2080, 719, 1564, 2318, 1764, 1383, 2555, 1020, 1288, 2549, 911, 1936, 1625, 1726, 329, 1192, 504, 1651, 1494, 1706, 832, 1099, 2614, 1256, 1952, 2547, 1376, 3309, 1611, 3112, 1858, 859, 1387, 3348, 1485, 1325, 1415, 2109, 2749, 2270, 3109, 2220, 3605, 1824, 1483, 535, 1218, 1282, 1456, 872, 1718, 787, 1838, 1149, 1371, 3057, 1475, 1665, 2772, 2333, 2088, 2095, 1589, 556, 977, 1356, 1141, 1898, 1767, 1109, 1279, 1407, 1736, 1160, 2159, 1032, 1006, 1806, 1059, 1518, 3310, 1770, 2656, 1207, 3948, 1375, 2062, 1284, 2744, 1380, 1470, 1847, 3001, 1427, 1109, 1949, 1361, 1785, 3811, 2346, 1111, 1819, 1646, 2919, 1072, 2162, 779, 1147, 1687, 1277, 737, 1724, 1628, 1538, 3452, 691, 449, 905, 1005, 1626, 1871, 2017, 2457, 1614, 843, 2446, 1199, 2149, 548, 1582, 1329, 715, 3959, 882, 2458, 993, 859, 780, 1288, 386, 1320, 3623, 2196, 1676, 467, 2895, 3403, 1148, 2875, 586, 2214, 1833, 684, 2900, 934, 1271, 1127, 1054, 2259, 774, 2529, 1839, 1349, 1348)
(167, 829): Mean: 1744.62, median: 1611.0, std: 813.172, percent: 1760.76, B: 129, W: 121, 
	(1627, 967, 1129, 2235, 2562, 1763, 1500, 3257, 1314, 2459, 1546, 3230, 2308, 1589, 956, 1651, 3456, 2656, 3344, 1327, 1095, 1925, 759, 1628, 1010, 789, 2215, 859, 749, 1882, 2573, 1608, 1469, 626, 851, 2531, 1936, 1176, 1766, 1429, 1514, 980, 381, 1495, 1852, 1276, 2055, 1691, 1693, 1578, 1650, 2308, 1349, 1926, 2264, 2471, 1061, 2138, 2845, 3405, 1406, 2254, 2554, 1202, 1939, 2417, 1758, 783, 4622, 1474, 1593, 747, 3235, 1660, 2555, 4155, 1756, 1727, 1751, 1262, 1924, 1717, 1655, 3167, 1804, 1647, 1909, 685, 1651, 2525, 1911, 1437, 2654, 947, 1374, 2041, 817, 2023, 1424, 1818, 387, 1148, 526, 1498, 1578, 1692, 945, 1233, 2095, 1260, 2055, 2227, 1288, 3644, 1460, 2828, 1829, 742, 1511, 3734, 1385, 1278, 1374, 2036, 2670, 2255, 3685, 2106, 3862, 2322, 1309, 571, 1149, 1204, 1428, 873, 1672, 771, 1745, 1153, 1506, 2860, 1483, 1771, 3413, 2278, 2465, 2034, 1729, 397, 759, 1169, 1113, 1862, 1886, 1070, 1383, 1361, 1822, 1099, 2409, 1076, 920, 1960, 1064, 1357, 3662, 1825, 2726, 1118, 3837, 1326, 1846, 1307, 2952, 1565, 1599, 2041, 2805, 1338, 1202, 1919, 1417, 1428, 3655, 2648, 957, 1866, 1616, 2606, 1093, 1983, 834, 1263, 1363, 1302, 731, 1530, 1689, 1603, 2971, 716, 495, 885, 1062, 1527, 1911, 1907, 2730, 1772, 897, 2023, 1143, 2161, 534, 1438, 1294, 624, 3678, 929, 2833, 977, 913, 943, 1390, 371, 1464, 3339, 2229, 1773, 385, 2849, 3082, 1088, 3805, 578, 2427, 1952, 722, 2906, 1045, 1229, 1112, 1072, 2110, 805, 2759, 1614, 1363, 1233)
(168, 833): Mean: 1682.388, median: 1569.0, std: 772.017, percent: 1700.24, B: 161, W: 89, 
	(1520, 876, 1005, 2112, 2561, 1689, 1296, 2806, 1347, 2330, 1525, 2455, 2701, 1552, 751, 1745, 2753, 2398, 3069, 1512, 1045, 1696, 853, 1774, 1117, 794, 2413, 997, 729, 1742, 2607, 1485, 1399, 471, 840, 2322, 1588, 1207, 1871, 1399, 1316, 935, 423, 1616, 1598, 1456, 2030, 1306, 1394, 1544, 1828, 2521, 1356, 1889, 2512, 2477, 1014, 1798, 2962, 2831, 1584, 1913, 2739, 1210, 1883, 2290, 1744, 646, 4979, 1194, 1632, 757, 2970, 1960, 2386, 3714, 1682, 1686, 1910, 1562, 1761, 1550, 1734, 2869, 1449, 1759, 1993, 665, 1694, 2432, 1887, 1588, 2639, 1055, 1243, 2139, 803, 2016, 1451, 1802, 327, 1150, 551, 1584, 1423, 1622, 816, 1053, 2372, 1199, 1770, 2213, 1240, 3048, 1338, 2602, 1701, 735, 1559, 3265, 1337, 1179, 1329, 2141, 2561, 2032, 3338, 1928, 3386, 1655, 1215, 501, 1182, 1163, 1549, 838, 1576, 802, 1625, 999, 1440, 2518, 1430, 1757, 3380, 2171, 2160, 1959, 1511, 430, 993, 1095, 1060, 1885, 2095, 1114, 1445, 1178, 1730, 1118, 2223, 1089, 922, 1716, 969, 1431, 3735, 1770, 2746, 1135, 3239, 1339, 1794, 1308, 2702, 1467, 1474, 1693, 2418, 1341, 1033, 1831, 1374, 1492, 3860, 2420, 1006, 1696, 1453, 2286, 1078, 1900, 791, 1072, 1347, 1376, 773, 1400, 1556, 1635, 3382, 721, 470, 858, 940, 1577, 1980, 1923, 2430, 1681, 843, 2402, 1176, 1847, 522, 1650, 1270, 709, 4182, 948, 2614, 969, 919, 833, 1316, 362, 1415, 3458, 2537, 1656, 380, 2744, 2985, 1070, 3010, 556, 1913, 1951, 673, 3375, 873, 1097, 1075, 968, 2292, 781, 2346, 1809, 1438, 1280)
(169, 837): Mean: 1729.516, median: 1611.5, std: 807.593, percent: 1747.44, B: 96, W: 154, 
	(1388, 922, 1061, 1749, 2424, 1669, 1482, 2680, 1275, 2493, 1734, 2598, 2352, 1619, 975, 1479, 2650, 2402, 3211, 1465, 1100, 1910, 817, 1599, 1062, 770, 2514, 893, 681, 1750, 2733, 1639, 1493, 528, 893, 2283, 1665, 1217, 1865, 1455, 1543, 1033, 350, 1522, 1742, 1306, 2313, 1649, 1626, 1472, 1705, 2503, 1336, 2118, 2380, 2621, 1168, 2010, 3133, 2997, 1612, 1917, 2485, 1103, 2033, 2351, 1766, 708, 5319, 1289, 1713, 743, 3089, 1854, 2449, 4124, 1753, 1761, 1860, 1339, 1890, 1659, 1752, 3395, 1611, 1575, 1975, 651, 1690, 2414, 1508, 1408, 2749, 1100, 1443, 2393, 841, 2077, 1438, 1761, 415, 1110, 510, 1840, 1685, 1588, 824, 1151, 2632, 1349, 1935, 2650, 1299, 2905, 1407, 2788, 1856, 787, 1369, 3769, 1353, 1159, 1446, 1807, 2661, 1958, 3739, 2019, 3094, 1752, 1251, 571, 1167, 1262, 1474, 895, 1682, 700, 1932, 1104, 1511, 2775, 1552, 1821, 3047, 2050, 2097, 2053, 1526, 341, 1119, 1145, 1124, 1846, 2121, 1171, 1316, 1355, 1885, 1036, 2435, 1122, 960, 1848, 1039, 1542, 3438, 1641, 2938, 1090, 3860, 1391, 2047, 1263, 2624, 1488, 1429, 1697, 2882, 1319, 1105, 1902, 1371, 1832, 3919, 2641, 993, 1941, 1521, 2580, 1202, 2024, 760, 1007, 1689, 1366, 709, 1508, 1566, 1578, 3193, 720, 471, 884, 1057, 1489, 1868, 2280, 2585, 1718, 835, 1913, 1199, 2226, 584, 1637, 1283, 642, 3996, 946, 2418, 943, 918, 819, 1328, 367, 1570, 3835, 2115, 1632, 416, 3463, 3316, 1095, 3624, 554, 2169, 1701, 701, 2875, 951, 1182, 1126, 1088, 2187, 824, 2337, 1959, 1501, 1166)
(170, 843): Mean: 1650.704, median: 1559.5, std: 740.796, percent: 1621.42, B: 177, W: 73, 
	(1636, 902, 1098, 2072, 2845, 1823, 1436, 3058, 1170, 2031, 1488, 2779, 2537, 1506, 909, 1694, 2632, 2465, 2925, 1504, 986, 1496, 836, 1459, 1009, 701, 2330, 989, 677, 1998, 2425, 1662, 1393, 488, 783, 2188, 1600, 1022, 1769, 1708, 1378, 926, 381, 1562, 1748, 1265, 2081, 1557, 1536, 1406, 1842, 2587, 1360, 1867, 2180, 2218, 975, 2041, 2894, 3008, 1324, 2067, 2270, 1075, 1692, 2168, 1736, 663, 4300, 1269, 1596, 671, 2761, 1725, 2400, 3577, 1658, 1916, 1796, 1269, 1785, 1543, 2093, 3331, 1524, 1450, 2195, 720, 1767, 2297, 1940, 1291, 2298, 1069, 1252, 2084, 804, 1993, 1469, 1762, 388, 1068, 512, 1603, 1355, 1576, 795, 1064, 2182, 1354, 1807, 2144, 1288, 2829, 1586, 2850, 1713, 814, 1321, 3642, 1330, 1206, 1430, 1941, 2479, 2015, 3431, 1919, 3854, 1806, 1158, 463, 1034, 1128, 1315, 954, 1680, 681, 1858, 1231, 1444, 2646, 1445, 1582, 3014, 2091, 1937, 1774, 1536, 404, 920, 1169, 1033, 1797, 1861, 1120, 1271, 1257, 1573, 1097, 2131, 1166, 901, 1767, 944, 1406, 3052, 1601, 2761, 1126, 3475, 1436, 1828, 1215, 2277, 1381, 1336, 1925, 2525, 1464, 1058, 2070, 1097, 1514, 3404, 2155, 1089, 1920, 1571, 2373, 1060, 2051, 677, 1121, 1324, 1312, 731, 1384, 1596, 1614, 2770, 730, 444, 874, 1028, 1574, 1795, 2171, 2297, 1758, 851, 1742, 965, 2051, 524, 1500, 1247, 597, 3731, 864, 2525, 1013, 849, 768, 1200, 361, 1475, 3394, 2293, 1618, 410, 2850, 3225, 1085, 2883, 527, 1869, 1635, 683, 2888, 926, 1171, 1043, 946, 2066, 872, 2087, 1819, 1331, 1297)
(177, 882): Mean: 1661.992, median: 1591.5, std: 762.715, percent: 1623.32, B: 126, W: 122, 
	(1544, 902, 1027, 2032, 2249, 1780, 1338, 2809, 1174, 2036, 1676, 2435, 2434, 1649, 816, 1660, 2348, 2208, 3131, 1433, 1110, 1746, 740, 1772, 1009, 749, 2377, 907, 668, 1993, 2515, 1607, 1503, 498, 847, 2362, 1657, 1134, 1980, 1606, 1461, 870, 371, 1603, 1906, 1348, 2030, 1480, 1575, 1483, 1728, 2436, 1231, 1775, 2259, 2204, 1366, 1966, 3095, 3321, 1242, 1948, 2210, 1118, 2039, 2336, 1653, 705, 4770, 1419, 1398, 638, 2836, 1643, 2213, 4335, 2083, 1858, 1713, 1254, 1721, 1654, 1886, 3935, 1593, 1382, 1864, 649, 1558, 2179, 1942, 1243, 2472, 1015, 1249, 2186, 856, 2072, 1363, 1772, 370, 1176, 554, 1509, 1309, 1516, 763, 1087, 2339, 1212, 1804, 2526, 1265, 2759, 1470, 2571, 1746, 686, 1424, 3035, 1268, 1184, 1433, 1842, 3029, 1989, 3117, 2202, 3338, 1637, 1142, 564, 1071, 1151, 1354, 886, 1866, 708, 1851, 1093, 1296, 3218, 1447, 1717, 2761, 2099, 1886, 2016, 1583, 447, 1076, 1092, 1069, 1984, 1632, 1065, 1348, 1321, 1711, 1059, 2112, 1147, 842, 1757, 931, 1337, 3422, 1761, 2382, 1099, 3110, 1290, 2005, 1321, 2309, 1619, 1459, 1846, 2479, 1189, 1059, 1818, 1372, 1630, 3390, 2162, 956, 2040, 1614, 2431, 1155, 1882, 726, 1059, 1274, 1264, 744, 1679, 1587, 1583, 3227, 665, 467, 868, 972, 1590, 1919, 1833, 2305, 1653, 837, 1825, 1024, 1918, 538, 1395, 1274, 608, 4068, 872, 2563, 831, 888, 777, 1172, 339, 1320, 3223, 2187, 1791, 437, 2986, 3108, 1050, 3048, 600, 1957, 1933, 726, 3342, 854, 1175, 1283, 1023, 2123, 737, 2419, 1669, 1327, 1266)
(181, 904): Mean: 1654.8, median: 1553.0, std: 760.984, percent: 1659.06, B: 125, W: 125, 
	(1362, 946, 1004, 1935, 2204, 1759, 1330, 2391, 1268, 2147, 1822, 2538, 2168, 1515, 820, 1600, 2507, 2048, 3174, 1471, 1020, 1711, 758, 1443, 1018, 747, 2215, 801, 682, 1874, 2697, 1450, 1472, 468, 856, 2622, 1647, 1038, 1637, 1467, 1390, 984, 321, 1647, 1666, 1354, 1840, 1528, 1348, 1656, 1776, 2647, 1296, 1995, 2137, 2258, 1147, 1844, 2871, 3127, 1312, 1756, 2517, 1252, 1710, 2951, 1845, 681, 4844, 1145, 1502, 724, 2786, 1668, 2355, 3645, 1650, 1989, 1668, 1221, 1675, 1639, 2373, 2960, 1399, 1514, 1795, 688, 1618, 2300, 1963, 1306, 2621, 889, 1201, 1920, 875, 1922, 1261, 1685, 410, 1050, 500, 1612, 1645, 1523, 793, 1006, 2234, 1227, 2009, 2032, 1284, 3046, 1565, 2865, 1814, 865, 1431, 3387, 1365, 1113, 1234, 1855, 3056, 2110, 3467, 2068, 3612, 1534, 1145, 590, 1079, 1307, 1359, 921, 1763, 860, 1741, 1076, 1541, 3195, 1377, 1707, 2640, 2013, 1962, 1724, 1521, 420, 883, 1219, 999, 1744, 1822, 1283, 1238, 1251, 1821, 1070, 2203, 1058, 907, 1840, 989, 1258, 3246, 1693, 2270, 1046, 3466, 1250, 1688, 1197, 2453, 1450, 1449, 1819, 2545, 1310, 1117, 1727, 1210, 1672, 3709, 2469, 984, 1862, 1582, 2728, 1087, 1911, 712, 1001, 1424, 1256, 812, 1593, 1670, 1659, 3345, 782, 499, 848, 947, 1318, 1684, 2202, 2780, 1609, 944, 1879, 1036, 2102, 526, 1465, 1221, 559, 3327, 911, 2594, 933, 838, 715, 1425, 346, 1478, 3519, 2089, 1686, 372, 2574, 3340, 1051, 2979, 614, 2180, 1867, 714, 3346, 899, 1108, 1017, 1044, 1922, 869, 2288, 1655, 1407, 1253)
(182, 908): Mean: 1635.836, median: 1518.0, std: 746.308, percent: 1630.14, B: 134, W: 115, 
	(1327, 898, 1056, 1784, 2392, 1617, 1350, 2333, 1302, 2220, 1504, 2460, 2209, 1566, 889, 1591, 2542, 1983, 3171, 1521, 891, 1466, 757, 1416, 1058, 811, 2106, 905, 613, 1860, 2689, 1589, 1417, 479, 865, 2514, 1585, 1109, 1583, 1395, 1438, 1018, 404, 1693, 1713, 1236, 1828, 1376, 1352, 1353, 1636, 2502, 1368, 1856, 1882, 2445, 1132, 2074, 2880, 3237, 1378, 1943, 2831, 1120, 1984, 2187, 1770, 719, 3759, 1275, 1462, 621, 2732, 1705, 2085, 4156, 1840, 1788, 1797, 1276, 1781, 1602, 1838, 2810, 1515, 1589, 2202, 711, 1549, 2140, 1806, 1399, 2460, 1073, 1247, 1985, 902, 1984, 1337, 1670, 368, 1131, 478, 1708, 1375, 1538, 830, 1153, 2287, 1233, 1969, 2066, 1301, 2677, 1445, 2795, 1849, 770, 1392, 3250, 1278, 1076, 1247, 1744, 2945, 1853, 3467, 1945, 3295, 1644, 1149, 531, 1168, 1112, 1436, 846, 1474, 728, 1675, 1209, 1366, 3235, 1479, 1644, 3232, 2066, 2121, 2358, 1525, 483, 789, 1120, 1186, 1835, 1728, 1029, 1258, 1301, 1624, 1402, 2210, 1023, 909, 1825, 950, 1354, 3240, 1669, 2399, 1070, 3759, 1307, 1755, 1175, 2424, 1477, 1405, 1721, 2618, 1378, 1139, 1821, 1269, 1612, 3880, 2305, 940, 1602, 1495, 2275, 983, 2036, 801, 978, 1381, 1203, 770, 1424, 1650, 1677, 2931, 644, 455, 829, 982, 1540, 1997, 2195, 2558, 1540, 829, 1822, 953, 1950, 546, 1366, 1319, 672, 4150, 876, 2759, 1035, 868, 815, 1153, 341, 1256, 3247, 2147, 1532, 355, 2537, 3033, 1121, 3158, 537, 1866, 1809, 693, 3005, 926, 1103, 1044, 986, 1958, 801, 2257, 1563, 1301, 1198)
(183, 912): Mean: 1641.436, median: 1523.0, std: 765.544, percent: 1639.04, B: 126, W: 122, 
	(1270, 930, 1002, 1867, 2295, 1754, 1419, 2752, 1208, 2089, 1725, 2817, 2224, 1649, 772, 1384, 2475, 2010, 2694, 1546, 960, 1495, 781, 1592, 959, 790, 1943, 898, 652, 1785, 2812, 1522, 1431, 458, 856, 2486, 1546, 1170, 1753, 1482, 1283, 951, 315, 1780, 1742, 1367, 1813, 1405, 1531, 1488, 1751, 2515, 1333, 1802, 2621, 2185, 940, 1929, 3014, 2957, 1350, 1944, 2502, 1161, 1656, 2205, 1918, 676, 4615, 1289, 1367, 622, 3082, 1644, 2550, 3967, 1547, 1740, 1758, 1224, 1894, 1597, 1906, 2661, 1789, 1497, 2119, 702, 1470, 2748, 1771, 1268, 2335, 968, 1277, 2042, 791, 2121, 1281, 1725, 324, 1321, 505, 1464, 1410, 1644, 844, 1128, 2119, 1249, 1969, 2207, 1258, 3406, 1407, 2480, 1678, 785, 1442, 3751, 1329, 1254, 1342, 1932, 2648, 2148, 3622, 2027, 3576, 1744, 1254, 425, 1077, 1112, 1512, 877, 1671, 669, 1801, 1135, 1415, 2493, 1362, 1654, 3087, 2147, 1947, 1651, 1524, 386, 982, 1044, 920, 1774, 1971, 1090, 1306, 1300, 1623, 1023, 1938, 1007, 833, 1659, 1050, 1251, 3010, 1646, 2672, 1109, 3231, 1396, 1690, 1219, 2561, 1371, 1358, 1899, 2138, 1392, 1045, 1597, 1352, 1608, 3658, 2257, 972, 1863, 1643, 2599, 985, 1987, 672, 1026, 1376, 1256, 716, 1314, 1757, 1593, 3495, 733, 440, 868, 1035, 1487, 1846, 1885, 2472, 1694, 799, 1810, 1054, 2085, 569, 1420, 1311, 629, 3825, 897, 2380, 937, 860, 832, 1232, 357, 1315, 3407, 2058, 1775, 404, 2740, 3040, 1082, 3289, 528, 2329, 1603, 704, 3409, 829, 1025, 1018, 1007, 2141, 796, 2213, 1548, 1292, 1150)
(189, 943): Mean: 1633.78, median: 1581.0, std: 719.708, percent: 1643.02, B: 127, W: 122, 
	(1373, 936, 1022, 1875, 2167, 1932, 1357, 2534, 1232, 2214, 1661, 2979, 1934, 1531, 871, 1572, 2336, 2115, 3033, 1542, 1063, 1481, 750, 1611, 922, 807, 2234, 867, 674, 1890, 2666, 1533, 1447, 522, 772, 2409, 1753, 1036, 1815, 1415, 1433, 945, 384, 1620, 2050, 1344, 1983, 1347, 1354, 1540, 1784, 2414, 1317, 1999, 2380, 2400, 959, 2173, 3171, 2956, 1434, 1608, 2679, 1313, 1834, 2106, 1623, 716, 4269, 1489, 1503, 633, 2629, 1610, 2556, 3473, 1776, 1887, 1625, 1216, 1868, 1661, 1657, 2658, 1786, 1700, 1929, 695, 1600, 2566, 2019, 1448, 2723, 924, 1340, 1939, 838, 1979, 1256, 1910, 363, 1215, 549, 1460, 1352, 1634, 879, 1019, 2178, 1238, 1919, 2159, 1283, 2501, 1388, 2270, 1744, 724, 1354, 3139, 1392, 1150, 1274, 1758, 2921, 2058, 3477, 1864, 3267, 1779, 1186, 483, 1053, 1091, 1370, 743, 1662, 693, 1780, 1183, 1312, 3014, 1497, 1851, 2591, 2279, 1853, 1785, 1628, 444, 986, 1197, 950, 1853, 1813, 1010, 1442, 1271, 1935, 998, 2134, 1083, 878, 1775, 924, 1336, 2885, 1680, 2359, 1120, 3422, 1286, 2048, 1318, 2449, 1635, 1684, 1889, 2594, 1366, 1091, 1698, 1357, 1632, 3619, 2104, 949, 1792, 1621, 2404, 1174, 1880, 681, 972, 1360, 1331, 696, 1581, 1671, 1808, 3111, 714, 419, 878, 931, 1549, 1824, 1873, 2563, 1525, 781, 2142, 1054, 1863, 494, 1445, 1294, 626, 3878, 858, 2740, 851, 876, 823, 1146, 322, 1332, 3159, 2105, 1725, 437, 2666, 2716, 1106, 2666, 516, 1753, 1620, 713, 2633, 848, 1122, 1019, 1066, 2204, 784, 2201, 1581, 1282, 1153)
(191, 953): Mean: 1637.096, median: 1528.0, std: 746.006, percent: 1633.42, B: 131, W: 118, 
	(1390, 899, 1040, 1783, 2234, 1745, 1497, 2630, 1161, 2345, 1632, 2480, 2404, 1450, 820, 1639, 2393, 2235, 2980, 1426, 967, 1526, 808, 1437, 1037, 770, 2218, 888, 646, 1624, 2493, 1532, 1536, 509, 842, 2217, 1611, 999, 1775, 1468, 1365, 967, 366, 1592, 1772, 1341, 1981, 1550, 1409, 1481, 1716, 2212, 1352, 1693, 2417, 2142, 996, 1736, 2975, 2694, 1503, 1830, 2524, 1175, 1878, 2072, 1649, 629, 4252, 1336, 1467, 663, 2745, 1592, 2237, 3576, 2032, 1920, 1879, 1192, 1946, 1598, 1668, 3077, 1700, 1458, 1883, 658, 1533, 2216, 1651, 1353, 2802, 1011, 1323, 1825, 853, 2089, 1176, 1763, 383, 1144, 485, 1517, 1491, 1545, 878, 1138, 2125, 1248, 1838, 2156, 1208, 2955, 1485, 2937, 1798, 814, 1269, 3700, 1308, 1147, 1322, 1799, 3324, 2301, 3391, 2016, 3740, 1633, 1142, 546, 1089, 1091, 1340, 825, 1647, 691, 1826, 1080, 1335, 3279, 1530, 1787, 3507, 2127, 1881, 1704, 1404, 420, 1091, 1147, 1054, 1782, 2004, 1029, 1335, 1329, 1680, 1008, 2447, 1134, 873, 1705, 985, 1299, 3203, 1724, 2583, 999, 3168, 1291, 2029, 1251, 2935, 1406, 1420, 1981, 2316, 1132, 1027, 1893, 1229, 1621, 3178, 2282, 1008, 2116, 1537, 2408, 988, 2006, 824, 1040, 1436, 1245, 729, 1408, 1525, 1729, 3126, 692, 452, 877, 942, 1502, 1815, 1765, 2309, 1653, 740, 1761, 1059, 1752, 558, 1502, 1184, 621, 3776, 867, 2882, 992, 905, 819, 1273, 370, 1407, 3035, 2488, 1749, 343, 2410, 2955, 1077, 3245, 566, 1991, 1807, 717, 2956, 905, 1137, 1049, 947, 1993, 796, 2115, 1579, 1240, 1081)
(193, 960): Mean: 1639.316, median: 1503.0, std: 751.882, percent: 1621.94, B: 130, W: 120, 
	(1439, 1018, 1037, 2018, 2216, 1786, 1239, 2814, 1151, 2196, 1444, 2986, 1911, 1458, 722, 1624, 2272, 2095, 2673, 1417, 955, 1659, 846, 1400, 1071, 773, 2163, 857, 665, 1862, 2672, 1620, 1594, 478, 817, 2378, 1663, 1085, 1709, 1502, 1313, 903, 352, 1571, 1969, 1324, 2109, 1397, 1774, 1443, 1610, 2557, 1408, 1850, 2310, 2441, 1102, 1981, 2748, 2637, 1278, 2002, 2365, 1126, 1730, 2611, 1685, 699, 4355, 1362, 1357, 681, 2775, 1835, 2468, 4128, 1850, 1892, 1489, 1169, 1942, 1486, 1799, 3343, 1641, 1460, 1992, 648, 1582, 2168, 1882, 1393, 2172, 976, 1189, 2537, 836, 2262, 1299, 1635, 312, 1054, 616, 1443, 1453, 1589, 778, 1127, 2154, 1365, 1709, 2196, 1182, 2908, 1428, 2888, 1600, 824, 1460, 3736, 1241, 1230, 1511, 1743, 2986, 1900, 3171, 1937, 2916, 2001, 1177, 500, 1007, 1160, 1303, 914, 1489, 743, 1757, 1186, 1361, 2733, 1414, 1570, 2661, 2216, 1989, 1794, 1383, 434, 948, 1138, 991, 1936, 1825, 1127, 1504, 1180, 1631, 1065, 2163, 1001, 913, 1854, 1056, 1261, 3779, 1716, 2821, 1088, 3172, 1310, 1799, 1197, 2194, 1730, 1457, 1787, 2612, 1181, 1077, 1822, 1188, 1545, 3327, 2089, 915, 2029, 1658, 2525, 1178, 1660, 687, 968, 1190, 1339, 772, 1534, 1460, 1673, 3092, 762, 459, 886, 927, 1451, 1882, 1989, 2539, 1576, 720, 2296, 1027, 2033, 484, 1496, 1289, 560, 4045, 1003, 2886, 875, 859, 695, 1230, 369, 1327, 3643, 2043, 1590, 412, 2568, 3020, 1157, 3096, 469, 1853, 1608, 761, 2980, 897, 1085, 1068, 975, 2049, 780, 1902, 2054, 1347, 1211)
(195, 972): Mean: 1637.832, median: 1567.0, std: 749.912, percent: 1624.4, B: 126, W: 124, 
	(1556, 889, 1056, 2090, 2112, 1976, 1372, 2325, 1119, 2214, 1630, 2895, 2353, 1518, 890, 1637, 2667, 2230, 3025, 1520, 924, 1710, 757, 1545, 1059, 776, 2070, 853, 703, 1739, 2405, 1584, 1426, 471, 780, 2360, 1639, 1069, 1684, 1619, 1340, 895, 367, 1493, 1785, 1242, 1952, 1396, 1342, 1329, 1664, 2493, 1242, 1741, 2493, 2371, 1067, 2138, 2859, 2658, 1285, 1903, 2681, 1201, 1735, 2673, 1771, 731, 4421, 1131, 1534, 676, 2849, 1761, 2623, 3912, 1709, 1749, 1812, 1216, 1642, 1791, 1770, 3144, 1594, 1607, 2224, 711, 1588, 2473, 1866, 1428, 2265, 1008, 1324, 2158, 811, 1959, 1270, 1701, 337, 1145, 443, 1561, 1573, 1602, 839, 1063, 2488, 1223, 1748, 2302, 1322, 2777, 1285, 2534, 1754, 867, 1383, 3364, 1350, 1198, 1419, 1894, 2688, 2273, 3569, 2112, 3374, 1817, 1200, 529, 1148, 1187, 1422, 853, 1607, 698, 1621, 1118, 1326, 2514, 1428, 1628, 2663, 2197, 2075, 1969, 1377, 409, 912, 1215, 1033, 1706, 1721, 1204, 1275, 1321, 1518, 1089, 2040, 1101, 835, 1805, 979, 1203, 3565, 1613, 2284, 1162, 3195, 1457, 1706, 1163, 2234, 1552, 1400, 1894, 2345, 1258, 1184, 1814, 1392, 1609, 4300, 2550, 917, 1929, 1711, 2327, 988, 1899, 729, 1072, 1344, 1170, 754, 1408, 1584, 1763, 2743, 716, 453, 857, 893, 1642, 1779, 1850, 2686, 1536, 770, 2184, 1135, 1933, 548, 1362, 1183, 604, 4301, 881, 2875, 912, 836, 744, 1225, 399, 1331, 2994, 2089, 1593, 420, 2379, 3071, 981, 2930, 509, 1866, 1764, 742, 2545, 879, 1056, 1017, 957, 1898, 748, 2311, 1674, 1279, 1055)
(197, 984): Mean: 1635.076, median: 1537.5, std: 751.509, percent: 1642.82, B: 128, W: 120, 
	(1547, 934, 1092, 1803, 2309, 1653, 1380, 2573, 1232, 2436, 1535, 3531, 1838, 1480, 774, 1634, 2479, 2183, 3282, 1454, 1007, 1573, 745, 1463, 946, 707, 2025, 920, 664, 1664, 2476, 1571, 1276, 441, 767, 2200, 1669, 1113, 1852, 1371, 1417, 979, 357, 1490, 1736, 1194, 1984, 1294, 1356, 1540, 1829, 2208, 1223, 1872, 2250, 2412, 1001, 1953, 3028, 2930, 1152, 1882, 2426, 1106, 1754, 2244, 1829, 742, 4628, 1285, 1570, 676, 3011, 1670, 2427, 3555, 1636, 1719, 1646, 1229, 1874, 1656, 1758, 2604, 1514, 1513, 2210, 705, 1656, 2503, 1655, 1414, 2127, 919, 1327, 2058, 781, 2187, 1358, 1689, 357, 1174, 503, 1562, 1333, 1710, 804, 1047, 2357, 1223, 1812, 2184, 1197, 2778, 1456, 2435, 1670, 760, 1529, 3028, 1381, 1202, 1327, 1795, 2720, 1910, 3431, 2106, 3261, 1735, 1170, 474, 1057, 1249, 1462, 799, 1563, 705, 1730, 1158, 1336, 3074, 1460, 1681, 2546, 1997, 2039, 2024, 1629, 419, 842, 1170, 1109, 1665, 1738, 1105, 1340, 1193, 1610, 1073, 2018, 1037, 823, 2028, 982, 1319, 2783, 1638, 2570, 1151, 3313, 1326, 1974, 1313, 2639, 1458, 1460, 1747, 2526, 1344, 1114, 1759, 1298, 1485, 3942, 2525, 940, 1886, 1532, 2509, 983, 1961, 737, 1025, 1411, 1424, 712, 1437, 1641, 1582, 2870, 744, 392, 873, 936, 1584, 1824, 2051, 2346, 1682, 848, 2096, 1053, 2203, 565, 1418, 1138, 646, 4303, 910, 2618, 842, 843, 754, 1211, 366, 1264, 3531, 2105, 1826, 415, 2512, 2993, 1022, 3620, 542, 1928, 1998, 739, 2764, 834, 1109, 1079, 971, 2235, 794, 2180, 1598, 1314, 1377)
(198, 987): Mean: 1645.468, median: 1538.0, std: 765.715, percent: 1678.74, B: 129, W: 121, 
	(1304, 910, 1071, 2169, 2245, 1700, 1339, 2698, 1224, 2383, 1779, 3309, 2015, 1544, 762, 1524, 2571, 2167, 3041, 1546, 946, 1531, 720, 1618, 936, 689, 2030, 966, 657, 1763, 2612, 1661, 1623, 477, 775, 2427, 1736, 1114, 1732, 1457, 1503, 916, 356, 1444, 1634, 1235, 2190, 1364, 1228, 1484, 1640, 2763, 1350, 1975, 2198, 2305, 939, 1862, 2903, 2987, 1173, 2035, 2310, 1080, 1836, 2664, 1684, 712, 4158, 1401, 1587, 626, 3119, 1455, 2575, 3609, 1798, 1668, 1786, 1268, 1650, 1681, 1895, 2473, 1530, 1661, 2070, 656, 1620, 2172, 1899, 1560, 2616, 1031, 1261, 2337, 804, 1959, 1303, 1872, 365, 1165, 451, 1636, 1518, 1501, 831, 1119, 2042, 1173, 1890, 2103, 1209, 3094, 1312, 2506, 1904, 748, 1387, 3098, 1363, 1172, 1347, 1790, 3228, 2248, 5388, 1935, 3247, 1972, 1147, 515, 1095, 1084, 1353, 899, 1489, 884, 2021, 1211, 1432, 3159, 1555, 1714, 2773, 2442, 1925, 1940, 1481, 360, 1031, 1272, 974, 1881, 1636, 1084, 1381, 1245, 1532, 1118, 1973, 981, 871, 1658, 988, 1379, 2831, 1677, 2441, 1062, 3480, 1303, 1659, 1311, 2474, 1439, 1396, 1784, 2283, 1173, 1071, 1769, 1209, 1646, 3588, 2484, 960, 2123, 1638, 2421, 1101, 1983, 721, 1015, 1428, 1306, 753, 1457, 1719, 1496, 3002, 727, 437, 838, 924, 1774, 1659, 1935, 2673, 1544, 737, 1874, 1031, 2106, 479, 1399, 1239, 549, 3149, 897, 2786, 933, 837, 943, 1257, 340, 1323, 3306, 1974, 1674, 365, 2545, 2888, 1070, 3151, 493, 1922, 1887, 761, 2835, 864, 1099, 1165, 966, 2127, 787, 2212, 1556, 1127, 1134)

Test:
No precond: Mean: 2672.772, median: 2441.0, std: 1328.452, percent: 2599.4, flag: 0 
	(2732, 1722, 2896, 6703, 1263, 687, 4519, 1196, 1214, 2257, 1636, 3135, 1148, 2438, 987, 2178, 2570, 2254, 2014, 2444, 1991, 2088, 2134, 2382, 2218, 868, 2182, 3218, 1219, 2008, 3407, 2246, 1203, 4618, 2022, 1618, 1504, 1778, 1968, 4965, 2198, 2292, 2342, 2682, 2127, 4125, 116, 2057, 902, 1557, 6323, 1922, 2322, 669, 481, 2490, 5504, 2080, 3458, 2573, 3341, 2994, 1888, 2050, 1387, 1391, 2387, 3298, 3614, 1684, 3098, 3118, 4464, 2592, 3866, 1797, 1981, 3499, 2273, 3253, 1323, 3153, 6059, 966, 3170, 5799, 5113, 5496, 3340, 2744, 2820, 3977, 3408, 5672, 2096, 1793, 4208, 3067, 1774, 4401, 1070, 2213, 3325, 2189, 1008, 2444, 4028, 1978, 1750, 3565, 2784, 3991, 2663, 2116, 3048, 4220, 2725, 2296, 2839, 2945, 2677, 2762, 3101, 1310, 1820, 1505, 3077, 1109, 1571, 4558, 336, 3214, 3399, 3984, 1498, 3185, 2949, 7460, 2913, 2708, 3603, 1702, 1714, 3044, 5088, 1978, 1501, 2803, 1265, 4648, 5189, 3450, 3232, 2691, 1878, 2840, 872, 1891, 3314, 1379, 2210, 3947, 929, 1336, 1542, 2928, 2412, 1326, 2491, 1833, 1338, 2562, 2919, 2052, 2082, 2489, 3746, 5866, 3049, 1273, 2993, 1275, 3425, 6333, 2217, 2252, 996, 1935, 2942, 3295, 2229, 2084, 8781, 3569, 3803, 2957, 1800, 2928, 1130, 3008, 1029, 2696, 3562, 1757, 4629, 1127, 2829, 1217, 4062, 4161, 2116, 1422, 4084, 1838, 2941, 577, 3148, 5144, 2884, 1132, 1309, 1212, 2450, 5948, 2031, 4191, 2686, 1828, 2057, 1766, 1347, 1945, 4401, 5568, 2142, 2128, 3510, 2437, 1763, 1883, 2842, 2343, 1301, 2928, 2177, 3078, 3557, 2609, 2563, 4937)

Jacobi: Mean: 2243.404, median: 2011.0, std: 1292.295, percent: 2166.82, BvN: 227, WvN: 23, flag: 0 
	(2492, 1157, 2356, 6959, 839, 487, 3002, 866, 976, 1907, 1273, 2669, 863, 2145, 660, 1762, 2341, 1909, 1489, 2055, 1726, 1569, 1796, 1748, 1978, 617, 1540, 2433, 844, 1703, 2400, 2273, 872, 4214, 2070, 1366, 1364, 1487, 1987, 5940, 1541, 2451, 1896, 1937, 1609, 3424, 88, 2065, 540, 975, 3808, 1498, 1945, 508, 374, 2066, 5962, 1647, 3177, 2004, 2980, 3540, 1246, 1741, 1252, 1334, 2280, 2018, 2500, 1211, 2806, 2049, 4025, 1813, 3192, 1519, 1512, 2859, 1472, 2369, 971, 2310, 5160, 683, 2900, 6209, 7128, 4441, 1815, 1701, 2381, 3524, 2637, 4538, 1510, 1334, 3708, 3033, 1551, 3129, 945, 1675, 2151, 1579, 758, 2059, 3928, 1515, 1347, 3055, 2266, 3521, 2367, 1736, 1860, 4665, 3485, 1968, 2768, 2071, 1862, 2524, 2886, 1228, 1155, 1323, 2413, 872, 1273, 4708, 227, 2466, 2340, 4785, 1306, 2140, 2287, 6406, 2701, 2301, 2515, 1200, 1670, 2718, 4346, 2046, 1027, 2217, 881, 3775, 4505, 3090, 3659, 2056, 1366, 2563, 589, 1380, 3454, 1003, 2345, 3067, 626, 1129, 1520, 1945, 2024, 946, 2029, 1966, 1178, 2286, 2628, 1827, 1914, 1958, 3726, 4679, 1491, 1014, 2296, 1057, 2937, 5225, 1895, 1896, 671, 1608, 2321, 2576, 2065, 2083, 8292, 2858, 2935, 2489, 1157, 2775, 952, 2358, 819, 2125, 2069, 1470, 4796, 736, 2054, 928, 2777, 2872, 2193, 1157, 3360, 1295, 2589, 371, 2247, 3920, 2346, 805, 1027, 1055, 1952, 5053, 1925, 3781, 2298, 1529, 1614, 1351, 846, 1516, 3827, 5367, 1832, 1800, 3171, 1858, 996, 1525, 2187, 2083, 1011, 3343, 1871, 2750, 3155, 1910, 1242, 4291)

Last: Mean: 1775.14, median: 1593.5, std: 1008.327, percent: 1711.88, BvN: 250, WvN: 0, BvJ: 245, WvJ: 5, flag: 0 
	(1572, 995, 1567, 6187, 758, 361, 2331, 784, 808, 1878, 893, 1982, 813, 1715, 523, 1447, 1550, 1571, 1265, 1570, 1173, 1114, 1424, 1625, 1788, 477, 1288, 1883, 704, 1319, 1939, 1781, 764, 3503, 1649, 1084, 1120, 1272, 1454, 3818, 1092, 1785, 1547, 1709, 1364, 2642, 80, 1454, 491, 730, 3720, 1038, 1601, 369, 279, 2009, 4006, 1302, 2308, 1480, 2141, 1968, 936, 1269, 1065, 942, 1661, 1586, 2165, 1055, 2294, 1745, 2934, 1395, 2432, 1261, 1399, 2361, 1379, 1917, 782, 1733, 4133, 698, 2076, 5587, 5050, 3156, 1561, 1624, 1859, 2749, 1885, 3678, 1417, 1131, 2738, 2211, 1132, 2535, 720, 1276, 1840, 1464, 594, 1822, 2874, 1212, 1122, 2271, 1737, 3727, 1663, 1392, 1719, 3405, 1843, 1494, 2274, 2004, 1779, 1880, 2507, 870, 1040, 1013, 1975, 674, 859, 3432, 196, 2033, 1988, 3059, 793, 1776, 1925, 4992, 2517, 1504, 1988, 941, 1275, 2392, 3600, 1385, 954, 1488, 798, 2572, 3901, 2084, 2684, 1838, 1036, 1647, 489, 1194, 2750, 892, 1863, 2782, 637, 893, 1066, 1474, 1492, 745, 1780, 1444, 773, 1755, 1996, 1361, 1453, 1744, 3078, 3681, 1228, 777, 1770, 937, 2171, 4366, 1391, 1630, 562, 1016, 2257, 1828, 1479, 1555, 6221, 2736, 2069, 1751, 811, 1975, 636, 1682, 696, 2020, 2166, 1218, 3398, 548, 1947, 778, 2141, 2637, 1807, 796, 2974, 1211, 1920, 318, 2029, 2967, 1973, 649, 817, 784, 1859, 4391, 1468, 2777, 1920, 1234, 1443, 1039, 736, 1293, 2520, 4102, 1284, 1380, 2574, 1515, 807, 1205, 2062, 1956, 858, 2689, 1622, 2137, 1838, 1586, 1313, 3950)

Best: Mean: 1763.56, median: 1632.0, std: 958.987, percent: 1726.26, BvN: 250, WvN: 0, BvJ: 244, WvJ: 6, flag: 0 
	(1739, 908, 1754, 4710, 758, 378, 2209, 643, 878, 1753, 902, 2012, 804, 1619, 521, 1409, 1584, 1644, 1185, 1408, 1224, 1282, 1494, 1654, 1871, 564, 1383, 2027, 739, 1215, 1958, 1812, 685, 3677, 1643, 1022, 1234, 1147, 1327, 3300, 1187, 1897, 1589, 1853, 1238, 3117, 82, 1852, 495, 792, 3373, 1092, 1564, 433, 339, 1732, 3919, 1464, 2788, 1629, 2093, 2167, 1068, 1247, 1039, 944, 1468, 1935, 2490, 1075, 2389, 1779, 2925, 1294, 2428, 1282, 1464, 2132, 1509, 2047, 872, 1792, 4350, 671, 1947, 5416, 5012, 3121, 1747, 1480, 1950, 2732, 1937, 3524, 1380, 1167, 3171, 2137, 1092, 2555, 728, 1224, 1760, 1498, 606, 1504, 2701, 1483, 1040, 2202, 1782, 3592, 1751, 1462, 1639, 3227, 1767, 1498, 2015, 1948, 1944, 1670, 1968, 858, 986, 937, 1741, 638, 863, 3543, 231, 2294, 1785, 3362, 852, 2072, 1780, 4383, 2036, 1551, 2052, 938, 1354, 2033, 3535, 1635, 973, 1576, 779, 2910, 3859, 2079, 2749, 1646, 1156, 1696, 425, 1163, 2592, 795, 1879, 2572, 614, 809, 1093, 1385, 1607, 704, 1779, 1422, 877, 1795, 2072, 1322, 1328, 1743, 3301, 3380, 1220, 757, 1838, 954, 2145, 3862, 1513, 1431, 559, 1058, 2096, 2008, 1536, 1556, 6238, 2880, 2590, 1838, 852, 2098, 623, 1681, 716, 1815, 1725, 1285, 3395, 510, 1823, 798, 2761, 2342, 1537, 792, 2824, 1178, 2084, 304, 2127, 3010, 1983, 694, 761, 711, 1703, 3453, 1501, 2794, 1803, 1322, 1262, 973, 801, 1329, 2416, 4152, 1406, 1213, 2390, 1421, 847, 1211, 1943, 1860, 935, 2643, 1520, 2521, 2474, 1639, 1328, 3635)

Last Coef List
{1: array([-0.07300225]), -1: array([-0.06724162]), 2: array([-0.01777492]), -2: array([-0.02194828])}

Best Coef List
{1: array([-0.07300225]), -1: array([-0.07337699]), 2: array([-0.01777492]), -2: array([-0.01671484])}

13/04/2026, 14:56:42
Config file: ./config/config_sign_1_diags_3.ini
Data:
	1d_laplace_size: 45
	amount: 250
	params: 1 0.3
	seed: 1
	dim: 2025
Solver:
	tol: 1e-10
	max_iteration: None
Learn:
	iteration_count: 200
	step_range: 0.1
	method: sign
	seed: 1
	change_scales: 1 0.5 0.25
	allow_disimprovement: True
	median_best_scale: 0.5
	mean_best_scale: 0.5
Precondition:
	par_list: 1 1 1 1 1 1
	diag_list: 1 -1 2 -2 3 -3
	num_coef: 6
	type: diag_shift
	diag: jacobi

Train:
(0, 3): Mean: 5440.432, median: 4845.5, std: 2625.806, percent: 5500.6, B: 250, W: 0, 
	(3739, 3485, 3229, 7847, 7167, 4581, 5502, 7301, 4997, 8791, 5443, 6285, 10239, 4583, 3264, 4841, 9121, 6705, 11498, 4220, 3944, 4415, 2710, 4674, 4682, 3046, 8387, 2709, 2091, 4850, 11655, 4914, 3787, 1798, 2407, 6763, 4267, 3707, 6926, 4245, 5095, 4161, 1226, 5000, 5198, 3741, 7159, 4978, 6487, 4575, 5651, 8996, 3860, 6438, 9275, 7800, 3129, 6975, 8851, 8490, 7042, 5396, 7421, 3672, 6175, 5328, 5915, 2202, 12290, 4209, 4731, 2450, 10176, 4017, 9612, 11743, 3985, 5508, 6442, 3839, 5494, 4945, 4250, 8258, 3585, 5189, 7392, 2245, 3894, 8806, 5681, 4356, 8064, 3581, 4449, 6115, 2445, 5631, 5349, 5803, 1158, 2923, 1936, 6167, 4691, 5554, 2225, 3018, 6329, 3919, 7218, 7118, 3544, 13255, 4967, 9589, 5006, 3805, 5579, 14689, 4469, 3113, 3895, 5083, 9820, 5922, 12022, 5075, 10868, 5856, 3990, 2842, 4439, 2987, 3813, 3541, 7328, 2209, 5544, 4265, 3933, 7526, 3988, 5199, 10757, 8425, 6939, 5735, 3549, 2344, 5839, 5160, 3358, 4884, 6589, 4027, 4166, 4279, 4888, 4321, 5667, 4252, 3795, 5592, 2927, 4272, 12141, 6085, 8841, 3231, 10146, 3848, 5495, 5527, 7282, 4378, 4603, 4799, 9733, 4503, 2913, 5036, 4580, 4200, 15735, 7690, 3900, 5345, 4521, 9963, 2826, 6926, 2599, 3354, 4146, 4088, 3017, 3960, 4984, 5115, 12537, 1913, 2255, 2253, 2987, 3975, 6285, 6486, 7671, 4590, 3384, 5701, 3494, 4822, 1419, 5224, 4822, 2610, 13357, 3194, 7812, 5094, 3855, 3476, 4547, 917, 3250, 8609, 8928, 5516, 1412, 6929, 9231, 3475, 11859, 2222, 4743, 6022, 2294, 7995, 2727, 4508, 3472, 2909, 7546, 2098, 8779, 6064, 3967, 3596)
(1, 5): Mean: 5228.108, median: 4723.0, std: 2576.362, percent: 5241.1, B: 147, W: 103, 
	(4711, 2758, 3359, 7330, 5903, 4749, 5759, 7352, 4611, 6111, 5259, 5074, 8510, 3902, 2882, 4610, 7659, 6603, 11143, 3749, 3340, 4067, 3334, 4645, 3724, 2516, 6537, 2497, 1833, 4996, 10937, 4986, 4407, 1860, 2687, 7695, 4299, 3238, 5562, 4532, 5051, 4245, 911, 3979, 4917, 3278, 6329, 4286, 5328, 5698, 5066, 7240, 3773, 4451, 6337, 6892, 2882, 7529, 7557, 8297, 4980, 5132, 7729, 3838, 5552, 5495, 6176, 2116, 14130, 4555, 4501, 2429, 9772, 4289, 9076, 12239, 4010, 5559, 5153, 3630, 5734, 4810, 5129, 9700, 4386, 6707, 7339, 2258, 4120, 9673, 6164, 3953, 9524, 3656, 3330, 6013, 2318, 4887, 4630, 5288, 1029, 3636, 1657, 4827, 5009, 4849, 1986, 3190, 7305, 3490, 7408, 7048, 3676, 12770, 4810, 9170, 6089, 3809, 4735, 11369, 5362, 3683, 3842, 4849, 9341, 6064, 11897, 5306, 9978, 6164, 3592, 2147, 3734, 3040, 3968, 2893, 5967, 2498, 5734, 3364, 5090, 7471, 4622, 4739, 10606, 8616, 7635, 6055, 3459, 1965, 3869, 5079, 3308, 4866, 5280, 3488, 4383, 4117, 4428, 3112, 6393, 3725, 2790, 5915, 3275, 4336, 11559, 4185, 6676, 3299, 10267, 3697, 6518, 4056, 7153, 4344, 3343, 4832, 6457, 3913, 2991, 4464, 6969, 4016, 16585, 7036, 3235, 4687, 5281, 11599, 2828, 5265, 2239, 3358, 4622, 3790, 2506, 5196, 4570, 5013, 13957, 1955, 1905, 2263, 3393, 4351, 5147, 6469, 8174, 4899, 2399, 6552, 3182, 5511, 1341, 4532, 4448, 2326, 11307, 2791, 7463, 4015, 3168, 3621, 4917, 1015, 3523, 9736, 7444, 5958, 1383, 7363, 10121, 3112, 10363, 1978, 4784, 6103, 2379, 9531, 2932, 3678, 3133, 3195, 6879, 2531, 7283, 4795, 3646, 3868)
(2, 7): Mean: 4858.588, median: 4413.0, std: 2371.067, percent: 4900.84, B: 178, W: 72, 
	(3309, 3069, 3284, 6862, 8051, 4237, 5019, 5283, 5236, 5490, 4605, 6688, 8116, 3874, 3517, 4918, 7137, 6139, 8926, 4112, 3001, 4036, 2662, 4027, 3936, 2635, 7036, 2396, 1726, 4672, 8770, 4874, 3532, 2087, 2411, 5730, 4649, 2833, 5076, 3922, 4051, 3066, 901, 3826, 5680, 3715, 5833, 5417, 4905, 3663, 4853, 7590, 3361, 5174, 7131, 5687, 2780, 6080, 8168, 8037, 5223, 5386, 7020, 3207, 5063, 5232, 5847, 2028, 12660, 3549, 4408, 1966, 8440, 3824, 7976, 11883, 3908, 5948, 5448, 3573, 4659, 4952, 4240, 8213, 4080, 5607, 6929, 2024, 3369, 6966, 5990, 4300, 8342, 3590, 3603, 5076, 2250, 4454, 4032, 5616, 1390, 3050, 1818, 4581, 3957, 4681, 2064, 3004, 5525, 3187, 5620, 5701, 3696, 13302, 3821, 7768, 4934, 3561, 4872, 12401, 5662, 3441, 3464, 5533, 9112, 5648, 11161, 5756, 8484, 5219, 3456, 2233, 3773, 3174, 3362, 2124, 5319, 2228, 4989, 3464, 3244, 6820, 3723, 5297, 10129, 7019, 7090, 4939, 3628, 1253, 5326, 4220, 2792, 4418, 5024, 3687, 3827, 3926, 4074, 3477, 5550, 3325, 2547, 4704, 2595, 4279, 10690, 4224, 8140, 2697, 10033, 3370, 7676, 3963, 6576, 3120, 3745, 4938, 8065, 3603, 2446, 4529, 4917, 4295, 14063, 6137, 3328, 5039, 4328, 9251, 3012, 5017, 2354, 2783, 4644, 3343, 2737, 4540, 4450, 4989, 11130, 1753, 1316, 2004, 2677, 3463, 5551, 5681, 6862, 4325, 2374, 6105, 3023, 4795, 1375, 4621, 3922, 2188, 12364, 2217, 7486, 3645, 2549, 2584, 4346, 1160, 3182, 8244, 7139, 6752, 1171, 6229, 8381, 3397, 11024, 1289, 5011, 4930, 1998, 8700, 2798, 3563, 3522, 3053, 4835, 2160, 6154, 5555, 3261, 3611)
(3, 11): Mean: 4709.884, median: 4244.0, std: 2338.764, percent: 4665.32, B: 147, W: 103, 
	(3949, 2824, 2721, 7032, 7338, 4218, 4179, 7029, 3787, 6111, 5031, 5217, 5999, 3172, 2497, 4159, 7515, 6053, 9486, 3835, 2515, 3891, 2602, 4165, 3231, 2054, 6218, 2749, 2048, 4493, 8090, 4604, 3594, 1596, 2051, 6829, 4436, 2663, 4792, 3957, 4420, 3091, 741, 3680, 5176, 4212, 6283, 4152, 4620, 4177, 5080, 7375, 3437, 5819, 6019, 7457, 2668, 6308, 7531, 8009, 4423, 4951, 6895, 3231, 4232, 4430, 5823, 2140, 13384, 3312, 4496, 1916, 8191, 4069, 8530, 10752, 4947, 5722, 5499, 3784, 5873, 4701, 4981, 8616, 4235, 4988, 7283, 1895, 4432, 9023, 5836, 3369, 7602, 2874, 3211, 6165, 2067, 4509, 3781, 5871, 789, 2598, 1506, 3549, 4087, 4595, 2079, 2838, 5954, 3215, 6298, 5622, 3155, 9280, 4571, 8575, 5674, 2693, 4266, 10078, 4390, 3485, 3257, 4045, 9803, 4947, 13025, 5357, 8687, 5226, 3599, 1648, 3677, 2986, 3423, 2558, 6411, 1899, 4302, 3749, 3808, 6447, 4383, 4684, 8317, 6540, 5854, 4821, 3882, 1287, 4168, 4316, 2509, 4565, 5218, 3277, 4147, 3941, 4863, 4242, 6312, 3463, 2358, 4870, 2743, 3889, 11565, 4275, 6671, 2677, 9714, 3219, 4714, 3850, 7652, 3929, 3307, 4911, 6221, 3196, 2631, 4663, 3800, 4241, 12152, 6166, 3245, 4557, 4247, 8091, 2884, 4776, 1711, 2911, 3700, 3899, 2019, 3952, 4668, 4858, 8686, 1705, 1365, 2233, 2672, 3757, 5076, 5352, 6134, 4246, 2258, 5848, 2953, 4893, 1447, 3570, 3559, 1800, 12204, 2485, 8097, 2677, 2635, 2560, 3696, 945, 2750, 9532, 5953, 4654, 1139, 7637, 9251, 2695, 12720, 1281, 4738, 5444, 1928, 8033, 2529, 3591, 3137, 2508, 6616, 2163, 6288, 4319, 3876, 2940)
(4, 17): Mean: 4678.248, median: 4267.5, std: 2321.038, percent: 4732.18, B: 134, W: 116, 
	(3805, 2700, 3006, 6805, 6510, 4768, 3808, 6609, 3810, 5894, 5525, 5867, 6192, 3435, 2486, 4814, 8091, 6064, 9746, 3084, 2919, 3760, 2827, 4967, 2968, 2258, 5599, 2195, 2046, 4123, 7178, 4259, 4741, 1947, 2199, 5605, 5107, 2496, 6303, 3951, 4560, 3019, 1031, 3717, 5153, 3514, 5396, 5360, 5144, 3903, 5040, 6614, 3004, 4695, 6876, 7155, 2443, 6876, 8484, 7529, 3724, 5363, 8662, 3481, 5742, 4423, 5150, 2024, 12442, 3710, 4676, 1982, 6492, 3695, 8474, 9293, 4569, 5495, 4690, 3618, 5468, 4421, 4013, 10429, 4522, 4508, 5197, 2387, 4348, 7818, 5402, 3559, 6239, 2824, 4044, 4777, 2085, 4856, 3641, 4921, 890, 2867, 1620, 4853, 4510, 5083, 2302, 2771, 6956, 3045, 5309, 6854, 3236, 9857, 4085, 7349, 5721, 2910, 3882, 9085, 4278, 2849, 3167, 4886, 8834, 5169, 12334, 5035, 8917, 5251, 3276, 1683, 3849, 2508, 3316, 2444, 5974, 1995, 4471, 4317, 3565, 7148, 3647, 4389, 9577, 5876, 6085, 4979, 3693, 1030, 3366, 3339, 3088, 4029, 4271, 2943, 4197, 4029, 4365, 3118, 5445, 3079, 2386, 4327, 2668, 3675, 13433, 4264, 6057, 2698, 10274, 3713, 5760, 4217, 9168, 3694, 3639, 3962, 7108, 3916, 2822, 5153, 3363, 3931, 10852, 5853, 3113, 4863, 4308, 6956, 2988, 4633, 2164, 2815, 3825, 3148, 1946, 3433, 4155, 5378, 9405, 1575, 1304, 1957, 2710, 3897, 4530, 5246, 5954, 4325, 2708, 5527, 2780, 5093, 1307, 4631, 3612, 2007, 12341, 2571, 8038, 2804, 2508, 2701, 3691, 989, 2886, 8608, 5802, 5722, 823, 7081, 10396, 3085, 12368, 1486, 4656, 6757, 1725, 8457, 2232, 3482, 2945, 2589, 6612, 1811, 7164, 4519, 4147, 3200)
(5, 18): Mean: 3803.904, median: 3469.5, std: 1890.839, percent: 3861.16, B: 234, W: 16, 
	(3100, 2401, 2612, 4647, 5484, 3944, 3434, 4785, 2728, 4850, 3987, 6416, 5084, 3025, 2062, 3752, 5981, 4745, 7232, 3110, 2790, 3661, 1863, 4290, 2517, 1485, 4952, 1777, 1471, 4554, 7528, 3708, 2770, 1402, 1935, 5078, 3267, 2935, 5137, 3662, 2899, 1926, 668, 2887, 4033, 2774, 4740, 3239, 4045, 2968, 3867, 5626, 2579, 3408, 6059, 5997, 2080, 4977, 6258, 5868, 3436, 4484, 7321, 2516, 3812, 4101, 3923, 1425, 11870, 2776, 3087, 1708, 5993, 3275, 8237, 8705, 4921, 4209, 3873, 2968, 4315, 3527, 3806, 7429, 3254, 3612, 3946, 1912, 3090, 5731, 4798, 2666, 7044, 2384, 3224, 4483, 1652, 3873, 3387, 4634, 880, 2102, 1012, 3842, 3902, 3945, 1773, 2348, 5387, 2377, 4205, 6436, 2405, 8043, 3319, 6557, 3487, 1912, 3288, 9690, 2901, 3080, 2837, 3576, 6664, 4477, 8569, 4433, 6571, 4065, 2901, 1589, 3379, 2275, 3192, 1872, 4905, 1491, 2981, 3186, 3401, 4549, 2778, 3926, 6901, 4837, 4995, 4459, 2791, 970, 3005, 2786, 2204, 3455, 3925, 2312, 2942, 2586, 3803, 2399, 4653, 2586, 1961, 3581, 2124, 3379, 8550, 4025, 6253, 2132, 8369, 3252, 4367, 2852, 6208, 2886, 3331, 3545, 5807, 2422, 2358, 3569, 4124, 4003, 8574, 4822, 2121, 4158, 3279, 6250, 2077, 3737, 1397, 2037, 3559, 2965, 1610, 2966, 3735, 4560, 8661, 1280, 1242, 1585, 2259, 3381, 3819, 3662, 4461, 3557, 1710, 4583, 2149, 3698, 1044, 3706, 2926, 1351, 9505, 1908, 6341, 2098, 1874, 2218, 3484, 642, 3040, 8172, 5437, 3595, 832, 6024, 7055, 2326, 8597, 1252, 5122, 4341, 1483, 5878, 1897, 2406, 2374, 2319, 4955, 1894, 5794, 3959, 3022, 2530)
(6, 19): Mean: 2705.568, median: 2546.0, std: 1306.005, percent: 2642.5, B: 249, W: 1, 
	(1933, 1428, 1897, 2732, 3292, 3223, 2075, 3096, 2698, 3410, 2634, 3993, 3420, 2076, 1534, 2164, 3699, 3584, 5124, 2433, 1509, 2831, 1736, 2371, 1594, 1334, 3000, 1318, 1147, 2726, 4618, 2559, 2102, 1008, 1273, 3689, 2944, 1649, 2605, 2522, 2231, 1339, 499, 2669, 2425, 2173, 2897, 2184, 2354, 2508, 2662, 6169, 1946, 2895, 3931, 3615, 1599, 3198, 4386, 4301, 1970, 2933, 4373, 1639, 3286, 3018, 3103, 1112, 8672, 2425, 2653, 1166, 4605, 2608, 4092, 7217, 3076, 2558, 3164, 2026, 2720, 2792, 2736, 5352, 2430, 2566, 2640, 1021, 2694, 3619, 3657, 2232, 3946, 1641, 1928, 2909, 1125, 3244, 2102, 3029, 766, 1867, 722, 2354, 2637, 2516, 1360, 1561, 4819, 2147, 2778, 3927, 2044, 5948, 2502, 3743, 3127, 1500, 2463, 5841, 2114, 1988, 2125, 2711, 4854, 3031, 6801, 3192, 5731, 3213, 1844, 897, 2502, 1656, 2174, 1506, 3425, 1143, 2934, 2315, 2140, 4281, 2109, 2509, 4499, 3730, 3571, 3015, 2225, 568, 2064, 2045, 1683, 2671, 3205, 1718, 1958, 2294, 2606, 1549, 3280, 1814, 1512, 2622, 1781, 2459, 6554, 3672, 3260, 1726, 4529, 2694, 3445, 1990, 3804, 2367, 2341, 2614, 4160, 1715, 1555, 2914, 2534, 2798, 5977, 4097, 1523, 3056, 2560, 5169, 1609, 3094, 1201, 1600, 2694, 1991, 1181, 2012, 2758, 3218, 6482, 1046, 826, 1195, 1482, 2640, 2869, 3159, 3832, 2406, 1285, 3236, 1662, 2697, 840, 2082, 2059, 1067, 5752, 1498, 4005, 1612, 1516, 1304, 2216, 521, 2235, 5368, 3702, 2871, 602, 4041, 4503, 1836, 5661, 869, 3724, 4005, 1040, 4514, 1657, 1780, 1641, 1565, 3682, 1283, 3442, 2862, 2038, 2044)
(7, 25): Mean: 2652.064, median: 2495.5, std: 1243.309, percent: 2627.58, B: 137, W: 113, 
	(2054, 1636, 1621, 3094, 3668, 2724, 2163, 3673, 2039, 3550, 3088, 3542, 4416, 1847, 1669, 2652, 3878, 3529, 6333, 2322, 1534, 2575, 1429, 2578, 1868, 1153, 3913, 1435, 1162, 2678, 4150, 2712, 2168, 918, 1326, 3162, 2683, 1437, 2986, 2287, 2450, 1308, 556, 2325, 2601, 1991, 2916, 2499, 2736, 2117, 2780, 4940, 2105, 2669, 4234, 2953, 1660, 3259, 4369, 4471, 2158, 3021, 4087, 1905, 3012, 2915, 2760, 1144, 7498, 2062, 2943, 1161, 3839, 2628, 4040, 6084, 2492, 2937, 2745, 1684, 2416, 2537, 2725, 5138, 2384, 2855, 2977, 1109, 2649, 3217, 2733, 2073, 4286, 1670, 2106, 3381, 1098, 3014, 1939, 2724, 736, 1562, 823, 2423, 2350, 2532, 1333, 1720, 4262, 2066, 3188, 4039, 1844, 4802, 2515, 4578, 3020, 1541, 2249, 5623, 2411, 1907, 2086, 2460, 4093, 3026, 6605, 3119, 5937, 3317, 1999, 906, 1847, 1646, 2110, 1369, 3238, 1107, 2862, 2378, 2273, 4148, 2358, 2913, 5022, 3458, 3058, 2619, 2204, 827, 1582, 1937, 1679, 2830, 2822, 1749, 2034, 2146, 2389, 1710, 3442, 1907, 1345, 2769, 1760, 2393, 5770, 2759, 3847, 1819, 5228, 2246, 3657, 2019, 3238, 2243, 2199, 2238, 3701, 1989, 1456, 3010, 1911, 2806, 6146, 3526, 1726, 3207, 2731, 5035, 1431, 3106, 1206, 1578, 2585, 2057, 1069, 2072, 2945, 2837, 5884, 1031, 796, 1288, 1652, 2570, 2881, 3431, 3432, 2567, 1439, 3017, 1704, 3060, 744, 2259, 1809, 927, 6831, 1331, 3839, 1486, 1428, 1217, 2055, 623, 2326, 5214, 3313, 2690, 687, 3805, 3976, 1737, 4628, 1220, 3765, 2807, 1236, 5021, 1472, 1546, 1781, 1753, 3612, 1253, 4234, 2573, 2003, 1930)
(10, 39): Mean: 2621.968, median: 2407.5, std: 1286.26, percent: 2598.18, B: 152, W: 97, 
	(2219, 1466, 1598, 2996, 3456, 2483, 2031, 3559, 2261, 3924, 3390, 3908, 3664, 2170, 1161, 2426, 3725, 3798, 5976, 2315, 1630, 2403, 1235, 2353, 1688, 1200, 3395, 1255, 1070, 2890, 4083, 2506, 2001, 867, 1441, 3788, 2226, 1536, 3140, 2306, 2352, 1351, 481, 2311, 2676, 2099, 3096, 1915, 2451, 2167, 2566, 4408, 1907, 2619, 3761, 3510, 1591, 3256, 4678, 4452, 2804, 2885, 5110, 1666, 2815, 2929, 2568, 1116, 7148, 2192, 2217, 1241, 4313, 2333, 4388, 6697, 2623, 2900, 2628, 1743, 3097, 2445, 3063, 5679, 2368, 2654, 2749, 1046, 2510, 3959, 3327, 2203, 3532, 1614, 2375, 2744, 1173, 2815, 1801, 2850, 631, 1831, 732, 2517, 2160, 2449, 1305, 1557, 3488, 2001, 2585, 3559, 1958, 5809, 2412, 3779, 2813, 1420, 2393, 5982, 2005, 2095, 1920, 2925, 4806, 3104, 7446, 3188, 5670, 2602, 2129, 915, 2004, 1852, 1999, 1419, 2766, 1080, 2770, 1817, 2235, 3740, 1993, 2903, 4605, 3456, 2719, 2939, 2205, 723, 2362, 1881, 1602, 2520, 2598, 1956, 2114, 2477, 2438, 1768, 3384, 1649, 1523, 2769, 1593, 1912, 5820, 2919, 3533, 1606, 5589, 1957, 3290, 1893, 3914, 2019, 2368, 2343, 3777, 1755, 1695, 2799, 1812, 2436, 6768, 3265, 1700, 3053, 2578, 4284, 1651, 2850, 1161, 1500, 2178, 2022, 1055, 1987, 2739, 2802, 4836, 1013, 624, 1323, 1697, 2262, 2986, 3292, 3795, 2658, 1378, 2842, 1532, 2633, 748, 2446, 1774, 938, 6426, 1280, 3697, 1581, 1405, 1204, 2192, 518, 2251, 5496, 2907, 2721, 547, 4309, 5193, 1636, 5623, 901, 3118, 3428, 1076, 5289, 1430, 1468, 1727, 1567, 3527, 1259, 3599, 2528, 2135, 2096)
(11, 41): Mean: 2204.508, median: 2032.5, std: 1055.883, percent: 2135.46, B: 241, W: 9, 
	(1906, 1380, 1323, 2884, 2870, 2279, 1908, 2601, 1872, 2592, 2332, 2940, 3014, 1751, 1127, 1786, 2943, 3024, 4544, 1815, 1413, 2172, 1070, 1730, 1366, 935, 2799, 1113, 1003, 2576, 3834, 2164, 1781, 761, 1160, 2749, 2494, 1596, 2291, 1828, 1968, 1252, 401, 2076, 2433, 1902, 2484, 1880, 1963, 2079, 2538, 4215, 1707, 2158, 3137, 2636, 1300, 2816, 4658, 3828, 1683, 2824, 3488, 1623, 2619, 2608, 2687, 873, 6242, 1613, 1981, 935, 3970, 2038, 3036, 4668, 2272, 2550, 2258, 1532, 2433, 2027, 2886, 4423, 1778, 1994, 2614, 855, 1943, 2781, 3010, 1942, 3008, 1242, 1768, 2370, 1004, 2537, 1701, 2552, 501, 1372, 661, 2025, 1926, 2114, 1037, 1329, 3143, 1653, 2314, 2750, 1638, 4742, 2131, 3362, 2521, 1346, 1842, 4791, 1758, 1531, 1824, 2341, 4332, 2863, 5297, 2757, 4619, 2193, 1724, 727, 1392, 1421, 2147, 1071, 2545, 985, 2233, 1693, 1744, 3232, 1872, 2472, 3619, 2909, 2398, 2206, 1819, 562, 1420, 1500, 1317, 2339, 2502, 1430, 1600, 1965, 2126, 1298, 2605, 1463, 1140, 2393, 1399, 1710, 5093, 2577, 2926, 1499, 4238, 1977, 2633, 1792, 3516, 2057, 2041, 1994, 3077, 1615, 1362, 2239, 2054, 2177, 4778, 3201, 1274, 2526, 2276, 3924, 1437, 2403, 1119, 1302, 1960, 1577, 1053, 1723, 2331, 2351, 3961, 850, 541, 1108, 1214, 1786, 2502, 2711, 2766, 2045, 1082, 2457, 1291, 2634, 669, 1875, 1594, 910, 5868, 1151, 2999, 1238, 1211, 1142, 1651, 427, 1742, 5645, 2552, 2367, 469, 2816, 4339, 1454, 5277, 622, 2868, 2603, 865, 3809, 1277, 1312, 1322, 1383, 3287, 988, 3215, 2479, 1868, 1567)
(12, 42): Mean: 2183.7, median: 2013.0, std: 1046.956, percent: 2156.9, B: 140, W: 109, 
	(1567, 1329, 1326, 2831, 2517, 2269, 1813, 3188, 1750, 2991, 2425, 3781, 2835, 1772, 1048, 1761, 2987, 3231, 4421, 1971, 1222, 2057, 1077, 1962, 1360, 992, 2925, 1099, 1008, 2568, 3668, 2538, 2064, 798, 1148, 2834, 2453, 1370, 2483, 2146, 2285, 1101, 405, 1878, 3097, 1628, 2140, 2037, 2008, 1802, 2105, 3918, 1826, 2138, 2882, 2427, 1363, 2572, 3597, 3823, 2011, 2514, 3313, 1469, 2197, 2413, 2439, 945, 5963, 1627, 1968, 876, 3660, 2236, 3160, 6612, 2203, 2195, 1994, 1545, 2803, 1825, 2726, 3782, 1823, 1922, 2225, 873, 2041, 2637, 2334, 1975, 3539, 1380, 1841, 2479, 1029, 2814, 1742, 2379, 499, 1372, 721, 1918, 1781, 2049, 1131, 1316, 3365, 1646, 2234, 2733, 1736, 4929, 2180, 3525, 2747, 1013, 1921, 4616, 1815, 1520, 1676, 2292, 4479, 2668, 4753, 2451, 5081, 2556, 1591, 708, 1509, 1476, 1978, 1227, 2329, 887, 2245, 1642, 1793, 3392, 1873, 2264, 4101, 2937, 3113, 2198, 1796, 554, 1393, 1584, 1404, 2548, 2198, 1350, 1791, 1764, 2042, 1428, 2612, 1410, 1139, 2368, 1232, 1520, 5041, 2371, 2757, 1345, 4583, 1764, 2750, 1441, 3805, 1607, 2080, 2407, 3674, 1676, 1612, 2029, 1776, 1943, 5079, 3091, 1254, 2523, 2194, 3615, 1466, 2165, 1041, 1448, 2334, 1715, 1019, 1788, 2304, 2257, 3824, 808, 511, 1140, 1289, 1859, 2274, 2379, 2846, 2078, 1035, 2408, 1327, 2577, 615, 1996, 1817, 748, 4966, 1124, 2831, 1260, 1206, 1153, 1615, 498, 1935, 5005, 2436, 2317, 537, 3124, 3452, 1326, 4539, 795, 2792, 2520, 910, 3968, 1200, 1221, 1212, 1377, 2861, 958, 3362, 2015, 1921, 1759)
(13, 44): Mean: 2153.204, median: 2058.0, std: 1009.841, percent: 2113.72, B: 130, W: 120, 
	(2022, 1280, 1249, 2612, 2690, 2449, 1712, 2912, 1979, 2714, 2246, 3110, 2483, 1652, 984, 1854, 3149, 3086, 3576, 1752, 1285, 2060, 990, 2171, 1382, 1078, 2974, 1124, 1058, 2484, 4128, 2116, 1854, 665, 1032, 2767, 2548, 1441, 2179, 1970, 2148, 1200, 391, 1935, 2147, 1695, 2406, 1934, 2244, 1871, 2107, 3734, 1768, 2101, 2786, 2583, 1449, 2889, 4284, 3581, 1684, 2329, 3422, 1357, 2371, 2508, 2446, 940, 6133, 1689, 2188, 939, 4005, 2152, 3016, 5431, 2178, 2236, 2391, 1469, 2272, 2320, 2711, 3700, 1921, 2006, 2396, 938, 1987, 2796, 2456, 1799, 3000, 1412, 1498, 2699, 1050, 2307, 1806, 2490, 498, 1325, 687, 2074, 1751, 2294, 1079, 1332, 3326, 1726, 2374, 3048, 1629, 3995, 1974, 3187, 2393, 1100, 1814, 5361, 1842, 1649, 1807, 2172, 4272, 2707, 5606, 2664, 4590, 2569, 1741, 768, 1318, 1460, 1759, 996, 2032, 885, 2056, 1649, 1801, 3583, 2078, 2406, 3548, 2459, 2597, 2583, 1962, 561, 1284, 1535, 1307, 2189, 2512, 1579, 1668, 1698, 2338, 1259, 2616, 1372, 1152, 2254, 1280, 1778, 4774, 2345, 2671, 1368, 4181, 1935, 2539, 1456, 3278, 1888, 2092, 2160, 3332, 1475, 1312, 2158, 1685, 2080, 4239, 3026, 1307, 2672, 1873, 3609, 1309, 2368, 1052, 1209, 2197, 1867, 983, 1710, 2243, 2136, 4454, 898, 685, 1065, 1342, 1971, 2656, 2768, 2502, 2106, 1039, 2323, 1268, 2421, 706, 1862, 1544, 841, 5207, 1072, 3412, 1042, 1283, 1055, 1431, 379, 1702, 4243, 2491, 2199, 581, 3369, 3935, 1477, 4635, 651, 2557, 2535, 867, 3652, 1179, 1325, 1210, 1307, 3131, 925, 3110, 2306, 1841, 1786)
(14, 46): Mean: 2163.132, median: 1953.5, std: 1080.326, percent: 2171.74, B: 136, W: 114, 
	(1787, 1104, 1462, 2677, 2784, 2165, 1820, 3213, 1756, 2835, 2422, 3450, 3003, 1719, 1099, 1947, 3852, 2408, 4120, 1852, 1210, 2145, 1060, 1863, 1270, 1107, 2680, 1225, 834, 2323, 3956, 2071, 1660, 667, 1177, 3013, 1988, 1427, 2634, 1752, 1790, 1111, 368, 2194, 2389, 1387, 2433, 1825, 1830, 2178, 2170, 3257, 1431, 2234, 3131, 3173, 1177, 2812, 4057, 3126, 1905, 2401, 3832, 1551, 2565, 2635, 2632, 835, 5891, 1570, 1816, 765, 4417, 2039, 2796, 6063, 2442, 2688, 2204, 1754, 2270, 1887, 2085, 3921, 1735, 1988, 3473, 900, 1790, 3335, 2864, 1727, 4409, 1312, 1538, 2579, 971, 2355, 1670, 2380, 471, 1332, 729, 2126, 1520, 2093, 1170, 1260, 3060, 1535, 2686, 3166, 1547, 4557, 1909, 3865, 2361, 1196, 2251, 5129, 1896, 1552, 1683, 2566, 3818, 2644, 4355, 2221, 5244, 2374, 1647, 741, 1348, 1398, 1872, 1073, 1978, 803, 2173, 1443, 1535, 3339, 1988, 2323, 4209, 2704, 2476, 1908, 1789, 588, 1540, 1381, 1274, 2108, 2302, 1300, 1722, 1845, 2000, 1149, 2800, 1261, 1157, 2285, 1246, 1705, 4255, 2197, 3656, 1555, 5092, 1507, 2204, 1551, 3767, 1989, 2128, 2091, 3295, 1523, 1497, 2165, 1833, 2190, 5787, 3449, 1149, 2145, 1817, 3651, 1230, 2534, 927, 1173, 1960, 1710, 824, 1625, 2484, 2531, 4135, 829, 546, 1000, 1397, 1834, 2388, 2398, 3090, 2247, 951, 2167, 1541, 2338, 616, 1768, 1942, 865, 4902, 1210, 4094, 1132, 1078, 1131, 1510, 373, 1495, 4342, 2821, 2218, 513, 2775, 4295, 1220, 4388, 668, 2251, 2697, 830, 3614, 1089, 1361, 1346, 1190, 3308, 872, 3058, 1947, 1658, 1528)
(15, 47): Mean: 1913.28, median: 1754.0, std: 913.513, percent: 1923.24, B: 219, W: 31, 
	(1429, 1139, 1235, 2236, 2701, 1867, 1646, 3104, 1707, 2331, 2365, 3181, 2624, 1650, 923, 1719, 2888, 2588, 3335, 1769, 1048, 1673, 844, 1845, 1087, 891, 2440, 1047, 738, 1977, 2980, 1991, 1541, 541, 901, 2832, 1860, 1284, 1951, 1531, 1791, 1026, 431, 1767, 2019, 1573, 2019, 1616, 1628, 1705, 1872, 2978, 1452, 2199, 2795, 2881, 1179, 2352, 3594, 3270, 1838, 2869, 3287, 1335, 2359, 2518, 2087, 731, 6050, 1543, 1747, 698, 3473, 1907, 2788, 5106, 1955, 2067, 1889, 1469, 2530, 1815, 2175, 3491, 1536, 1700, 2177, 693, 1816, 2452, 2289, 1642, 2733, 1070, 1491, 2371, 934, 2223, 1581, 2172, 398, 1236, 654, 1628, 1653, 1756, 889, 1137, 2255, 1463, 2056, 2346, 1735, 3592, 1611, 3553, 2010, 1011, 1717, 4046, 1740, 1399, 1391, 2106, 3700, 2226, 3976, 2003, 4358, 2095, 1468, 719, 1165, 1264, 1634, 938, 1822, 898, 2019, 1387, 1579, 2906, 1858, 2060, 3056, 2363, 2318, 2095, 1609, 526, 1159, 1408, 1268, 2351, 2031, 1266, 1702, 1348, 1919, 1105, 2336, 1319, 937, 2168, 1037, 1488, 4202, 2132, 2340, 1218, 3695, 1460, 2491, 1374, 3432, 1647, 1748, 2062, 2977, 1433, 1336, 2080, 1386, 1755, 4326, 2850, 1220, 2323, 1756, 2746, 1084, 1967, 848, 1121, 1753, 1467, 791, 1404, 2115, 2472, 3684, 770, 483, 957, 1108, 1646, 2333, 2659, 2300, 1581, 891, 2154, 1183, 2152, 573, 1546, 1374, 707, 4511, 1018, 3041, 1038, 1002, 1010, 1305, 408, 1541, 3764, 2028, 2105, 394, 3243, 3359, 1312, 4093, 631, 2512, 2048, 765, 3272, 991, 1260, 1282, 1131, 3012, 836, 2952, 2005, 1504, 1376)
(17, 55): Mean: 1937.064, median: 1786.0, std: 934.078, percent: 1857.42, B: 106, W: 144, 
	(1818, 1070, 1180, 2154, 2443, 2103, 1552, 2480, 1534, 2451, 2278, 2862, 2428, 1752, 891, 1732, 2644, 2450, 3743, 1719, 1103, 1986, 911, 1745, 1176, 904, 2505, 1082, 858, 2007, 3415, 1939, 1567, 595, 951, 2560, 1978, 1412, 2071, 1568, 1773, 1111, 392, 1730, 2060, 1400, 2020, 2143, 1509, 1801, 1842, 3065, 1331, 2139, 2888, 2494, 1218, 2152, 3526, 3034, 1700, 2568, 3088, 1319, 2350, 2165, 2124, 744, 4634, 1479, 1581, 730, 4104, 1852, 3038, 4768, 2100, 2082, 1815, 1318, 2125, 1736, 2178, 3517, 1646, 1745, 2481, 741, 1837, 2633, 2328, 1695, 2790, 1114, 1411, 2259, 874, 2194, 1322, 2200, 488, 1192, 528, 1737, 1857, 1955, 970, 1173, 2571, 1489, 2122, 2111, 1749, 3859, 1578, 2989, 2250, 810, 2167, 5062, 1684, 1370, 1464, 2044, 3283, 2180, 5489, 2423, 4610, 2119, 1588, 581, 1192, 1201, 1795, 911, 1731, 901, 2025, 1383, 1777, 3433, 1640, 1879, 3541, 2432, 2213, 2189, 1636, 523, 1443, 1350, 1069, 2328, 2092, 1240, 1662, 1553, 1719, 1348, 2335, 1051, 992, 1913, 1104, 1536, 4373, 1993, 3045, 1475, 4222, 1542, 2122, 1326, 3059, 1740, 2022, 2271, 2714, 1464, 1318, 2039, 1476, 1679, 5255, 2861, 1287, 2581, 1815, 3036, 1215, 2177, 866, 1128, 1986, 1627, 906, 1673, 2117, 2016, 3428, 827, 486, 922, 1181, 1607, 2502, 2259, 2587, 1656, 973, 2213, 1132, 2232, 619, 1926, 1361, 683, 4701, 1070, 3523, 1094, 1039, 837, 1335, 462, 1693, 3810, 2559, 2128, 427, 3050, 3299, 1310, 3795, 574, 2457, 1846, 784, 3201, 992, 1320, 1294, 1291, 2335, 875, 3135, 1804, 1454, 1493)
(18, 61): Mean: 1910.044, median: 1781.5, std: 904.57, percent: 1894.68, B: 146, W: 103, 
	(1880, 1016, 1200, 2079, 2492, 1943, 1443, 2153, 1689, 2331, 2179, 3566, 2815, 1550, 850, 1916, 2724, 2525, 3361, 1672, 1177, 1826, 966, 1780, 1113, 810, 2297, 1022, 901, 2020, 3292, 1999, 1564, 594, 978, 2578, 1996, 1283, 2067, 1665, 1783, 1106, 378, 1715, 2415, 1359, 1919, 1731, 1445, 1665, 1784, 2808, 1462, 1980, 2829, 2919, 1139, 2332, 3352, 2710, 1505, 2186, 3345, 1473, 2226, 2473, 2389, 781, 4594, 1502, 1608, 738, 3740, 1721, 2761, 5219, 2215, 2214, 1910, 1579, 2036, 2072, 2043, 3292, 1533, 1821, 2334, 638, 1650, 2433, 2093, 1538, 3063, 1272, 1490, 2012, 902, 2280, 1439, 2159, 428, 1166, 565, 1679, 1820, 1873, 940, 1154, 2707, 1444, 1966, 2416, 1525, 3354, 1794, 3120, 2038, 924, 1973, 3939, 1603, 1582, 1568, 2062, 3488, 2290, 4428, 2491, 3983, 2383, 1469, 604, 1292, 1197, 1752, 949, 1691, 864, 1802, 1455, 1662, 3752, 1719, 2109, 3533, 2706, 2260, 1923, 1584, 512, 1091, 1382, 1297, 2024, 2251, 1359, 1656, 1501, 1787, 1161, 2535, 1177, 983, 2156, 1076, 1536, 3786, 1991, 2571, 1267, 3875, 1517, 1958, 1385, 4031, 1564, 1788, 2039, 2761, 1491, 1545, 1890, 1266, 1731, 5244, 2675, 1119, 2168, 1897, 2887, 1212, 2297, 755, 1094, 1716, 1482, 810, 1367, 1976, 1960, 3406, 808, 520, 965, 1132, 1568, 2034, 2779, 2519, 1783, 910, 1812, 1232, 2258, 524, 1709, 1346, 666, 4568, 1019, 3248, 1083, 1008, 920, 1282, 453, 1652, 4407, 2397, 2091, 459, 2784, 3664, 1318, 3124, 575, 2559, 2118, 810, 4017, 969, 1273, 1291, 1309, 2505, 925, 2532, 2202, 1451, 1480)
(20, 69): Mean: 1874.164, median: 1738.0, std: 923.125, percent: 1853.76, B: 151, W: 97, 
	(1881, 1041, 1265, 1967, 2815, 2066, 1541, 2635, 1467, 2106, 1779, 2589, 2788, 1743, 859, 1721, 2929, 2348, 3983, 1594, 1044, 1880, 901, 1748, 1267, 865, 2193, 1168, 785, 1847, 3401, 1783, 1668, 508, 845, 3199, 1729, 1270, 2013, 1511, 1682, 860, 323, 1767, 2026, 1466, 2145, 1423, 1451, 1642, 2017, 3124, 1356, 2039, 2815, 2848, 1162, 2305, 3626, 3355, 1400, 1924, 2982, 1371, 2476, 2638, 1991, 812, 4739, 1548, 1825, 710, 3532, 1494, 2590, 4471, 1876, 2267, 1889, 1555, 1795, 1768, 2006, 3139, 1538, 1828, 2313, 689, 1799, 2530, 2321, 1663, 2734, 1094, 1372, 2134, 875, 2302, 1423, 1870, 472, 1237, 560, 1839, 1709, 1665, 940, 1093, 2503, 1345, 1803, 2599, 1477, 3492, 1425, 2943, 2015, 848, 1692, 3884, 1796, 1273, 1537, 1876, 3222, 2381, 5025, 2014, 4753, 2171, 1335, 542, 1205, 1267, 1717, 958, 1487, 822, 2037, 1165, 1440, 3473, 1721, 1934, 3458, 2298, 2205, 2124, 1737, 435, 1127, 1407, 1062, 2046, 2070, 1235, 1589, 1486, 1782, 1133, 2603, 1139, 975, 2286, 1127, 1420, 4124, 2054, 2996, 1214, 3992, 1449, 2021, 1421, 3675, 1472, 1737, 1996, 2817, 1298, 1358, 2095, 1280, 1777, 4893, 2624, 1089, 1911, 1713, 3318, 1212, 2082, 765, 1139, 1451, 1367, 762, 1761, 1929, 1801, 3745, 765, 569, 977, 1051, 1696, 2269, 2205, 2456, 1644, 809, 2099, 1188, 2236, 549, 1739, 1295, 694, 4615, 960, 2852, 1100, 1080, 780, 1242, 446, 1502, 3989, 2095, 2142, 446, 2550, 3397, 1076, 4354, 606, 2217, 1896, 682, 3587, 934, 1117, 1166, 1211, 2608, 831, 2696, 1904, 1545, 1443)
(21, 75): Mean: 1841.0, median: 1713.5, std: 884.27, percent: 1830.12, B: 141, W: 108, 
	(1691, 1024, 1201, 1929, 2358, 1821, 1537, 2896, 1536, 2477, 2010, 2881, 2588, 1754, 848, 1744, 3204, 2281, 3693, 1468, 943, 1951, 925, 1809, 978, 817, 2285, 1026, 782, 1900, 3008, 1790, 1592, 495, 912, 2817, 2044, 1156, 2062, 1885, 1764, 988, 382, 1569, 1784, 1447, 2014, 1383, 1530, 1651, 1905, 3221, 1506, 1751, 2901, 2737, 1189, 2340, 3268, 3131, 1275, 2253, 3378, 1304, 2368, 2374, 2018, 808, 5069, 1485, 1688, 637, 3526, 1722, 2430, 4342, 2018, 1940, 1648, 1369, 1991, 1711, 1964, 3180, 1478, 1714, 2458, 678, 1753, 2093, 2075, 1685, 2548, 1131, 1368, 2224, 879, 2311, 1451, 2011, 393, 1170, 623, 1566, 1584, 1715, 888, 1112, 2655, 1312, 1863, 2597, 1360, 3810, 1389, 3432, 2064, 833, 1747, 4132, 1499, 1348, 1517, 1816, 3011, 2028, 4693, 2152, 3835, 1997, 1280, 555, 1181, 1324, 1670, 996, 1541, 771, 2042, 1200, 1452, 3167, 1588, 2080, 3137, 2452, 2086, 1999, 1601, 437, 1194, 1278, 1157, 2052, 2063, 1230, 1498, 1500, 1784, 1179, 2496, 1222, 927, 2183, 1156, 1430, 4401, 1852, 2774, 1144, 3861, 1456, 1766, 1394, 3033, 1392, 1595, 1860, 2719, 1537, 1402, 1945, 1317, 1866, 4069, 2638, 1099, 2347, 1587, 3019, 1109, 2109, 771, 1077, 1739, 1446, 835, 1580, 2021, 1777, 3694, 763, 518, 971, 1127, 1647, 2346, 1948, 2450, 1877, 827, 2042, 1220, 2245, 537, 1713, 1372, 630, 4108, 1089, 2571, 920, 976, 748, 1228, 394, 1527, 4341, 2367, 2119, 420, 2921, 3239, 1096, 3674, 579, 2262, 2064, 759, 3273, 910, 1168, 1149, 1158, 2608, 797, 2754, 1811, 1340, 1433)
(23, 85): Mean: 1952.404, median: 1737.0, std: 939.605, percent: 1920.3, B: 58, W: 192, 
	(1726, 1100, 1190, 2426, 2560, 2356, 1630, 2538, 1599, 2506, 1960, 3338, 2618, 1753, 1031, 1707, 2746, 2561, 3774, 1921, 1049, 1966, 894, 1777, 1124, 978, 2408, 1061, 814, 2061, 3314, 2086, 1737, 525, 938, 3377, 1937, 1332, 2215, 1545, 1486, 1121, 416, 1749, 2037, 1493, 2053, 1542, 1572, 1622, 2026, 3044, 1329, 2038, 3245, 2883, 1192, 2331, 3052, 3274, 1586, 2381, 3637, 1419, 2566, 2296, 1867, 839, 5118, 1436, 1631, 786, 4113, 2016, 2829, 4852, 2263, 2389, 1650, 1327, 1866, 1864, 1936, 3870, 1709, 1680, 2426, 827, 1716, 2310, 2457, 1669, 3310, 1221, 1385, 2011, 1001, 2435, 1640, 2076, 450, 1252, 554, 1936, 1636, 1828, 929, 1163, 2500, 1474, 2278, 2342, 1431, 3549, 1701, 3181, 2074, 872, 1873, 3619, 1639, 1477, 1486, 2271, 3297, 2237, 4844, 2092, 4480, 2270, 1599, 589, 1272, 1240, 1761, 995, 1689, 862, 2130, 1449, 1481, 3580, 1721, 2192, 3848, 2429, 2677, 1906, 1633, 557, 1384, 1468, 1159, 2255, 2154, 1240, 1671, 1535, 1823, 1269, 2649, 1298, 980, 1956, 1236, 1607, 4085, 1888, 2683, 1300, 4445, 1663, 2011, 1521, 3797, 1663, 1679, 1842, 2805, 1494, 1486, 2170, 1531, 1921, 4659, 2779, 1334, 2601, 1712, 3413, 1199, 1937, 792, 1103, 1610, 1457, 890, 1737, 2239, 1819, 3757, 803, 527, 1010, 1153, 1660, 2001, 2713, 2714, 1893, 877, 2245, 1180, 1996, 595, 1604, 1570, 602, 4601, 916, 2714, 992, 1082, 852, 1320, 461, 1499, 4183, 2842, 2249, 444, 2450, 3931, 1365, 3988, 552, 2386, 2179, 716, 3725, 1008, 1406, 1311, 1284, 2743, 890, 2790, 2084, 1413, 1438)
(25, 94): Mean: 1871.388, median: 1713.5, std: 925.407, percent: 1829.24, B: 180, W: 70, 
	(1603, 1003, 1162, 2129, 2446, 1954, 1580, 2713, 1432, 2353, 2234, 3064, 2501, 1646, 811, 1586, 2549, 2235, 3482, 1521, 1028, 1917, 889, 1939, 1267, 798, 2259, 931, 750, 1868, 3179, 1802, 1710, 532, 961, 2874, 1897, 1274, 2229, 1705, 1683, 1033, 394, 1880, 1973, 1561, 1976, 1498, 1592, 1571, 1720, 2860, 1240, 2077, 3071, 2553, 1157, 2037, 3625, 3215, 1415, 2158, 3221, 1279, 2120, 2420, 1847, 732, 4520, 1401, 1573, 745, 3545, 2036, 2718, 4832, 2231, 1973, 1861, 1470, 2055, 1859, 1898, 3650, 1620, 1582, 1988, 731, 1604, 2640, 2200, 1662, 2748, 1137, 1452, 2082, 884, 2095, 1750, 1885, 420, 1100, 534, 1652, 1692, 1738, 875, 1125, 2402, 1528, 2115, 2339, 1447, 4284, 1659, 2872, 2205, 958, 2166, 3673, 1544, 1268, 1424, 1943, 2754, 2205, 4997, 2553, 4144, 1945, 1414, 512, 1208, 1376, 1601, 1029, 1538, 869, 1838, 1287, 1319, 3193, 1717, 1838, 3677, 2505, 2291, 1793, 1746, 462, 879, 1399, 1124, 2081, 2029, 1180, 1538, 1348, 1769, 1151, 2207, 1073, 933, 2112, 1098, 1491, 5013, 1997, 2359, 1188, 3430, 1426, 2022, 1325, 4204, 1678, 1813, 1924, 2700, 1437, 1385, 1789, 1225, 1895, 4881, 2390, 1140, 1983, 1666, 3223, 1110, 2413, 800, 1051, 1454, 1423, 818, 1557, 2139, 1841, 3838, 779, 489, 1004, 1084, 1470, 2185, 2136, 2471, 1751, 787, 2070, 1220, 2315, 597, 1515, 1307, 669, 4643, 980, 2931, 1020, 1021, 880, 1462, 454, 1560, 4067, 2328, 2036, 375, 2630, 3386, 1233, 4056, 553, 2328, 2140, 764, 3963, 981, 1297, 1089, 1230, 2652, 884, 3171, 2061, 1529, 1423)
(26, 100): Mean: 1815.276, median: 1643.5, std: 889.347, percent: 1823.46, B: 153, W: 96, 
	(1598, 904, 1156, 1967, 2385, 1820, 1455, 2389, 1270, 2328, 1883, 2936, 2483, 1540, 936, 1513, 2980, 2513, 3255, 1473, 1026, 1653, 916, 1836, 1197, 828, 2471, 1000, 779, 1951, 2871, 1833, 1509, 515, 992, 2556, 1820, 1154, 1922, 1614, 1642, 997, 406, 1774, 1984, 1407, 2060, 1401, 1370, 1585, 1845, 3097, 1474, 2025, 2722, 2448, 1089, 2541, 3395, 3179, 1469, 2379, 2965, 1324, 1997, 2107, 1938, 788, 5172, 1624, 1546, 669, 3623, 1606, 2872, 4737, 1923, 1857, 1618, 1323, 2004, 1615, 1723, 3978, 1552, 1622, 2020, 780, 1836, 2109, 2081, 1522, 2807, 1044, 1300, 1931, 851, 1991, 1409, 1818, 397, 1139, 603, 1702, 1505, 1777, 880, 1053, 2303, 1389, 1772, 2339, 1479, 3509, 1577, 2958, 1813, 922, 1710, 4170, 1551, 1289, 1386, 1894, 3375, 2231, 4953, 2026, 3874, 2217, 1338, 646, 1194, 1207, 1556, 888, 1588, 803, 2149, 1196, 1586, 2790, 1810, 1880, 3084, 2420, 2084, 1879, 1541, 438, 1017, 1274, 1095, 2014, 2034, 1252, 1535, 1402, 1853, 944, 2256, 1047, 859, 2067, 1111, 1341, 3428, 2050, 3207, 1209, 3912, 1463, 1955, 1177, 3654, 1541, 1645, 1663, 2657, 1323, 1256, 2045, 1327, 1996, 4151, 2643, 1105, 2262, 1866, 2933, 1261, 1912, 804, 1024, 1760, 1401, 737, 1438, 1816, 1908, 3129, 693, 502, 1009, 1118, 1607, 1939, 2209, 2611, 1835, 911, 2104, 1053, 1948, 527, 1567, 1381, 617, 5073, 1002, 2990, 932, 971, 851, 1203, 395, 1493, 4024, 2267, 1718, 403, 2658, 3240, 1125, 3327, 514, 2226, 1829, 689, 3244, 950, 1184, 1161, 1152, 2894, 797, 2939, 1942, 1692, 1476)
(27, 105): Mean: 1798.944, median: 1714.0, std: 848.935, percent: 1742.96, B: 140, W: 109, 
	(1819, 1059, 1123, 2034, 2187, 2079, 1586, 2467, 1323, 2262, 1964, 3703, 2357, 1434, 932, 1704, 2399, 2572, 3160, 1429, 1136, 1675, 808, 1728, 1062, 796, 2317, 931, 793, 2054, 2747, 1799, 1496, 572, 897, 2207, 1803, 1308, 2000, 1698, 1769, 960, 313, 1593, 1935, 1400, 2176, 1519, 1569, 1502, 1797, 2767, 1242, 2016, 2890, 2325, 1123, 1982, 2870, 3090, 1524, 2134, 3173, 1392, 1937, 2440, 1858, 748, 4961, 1462, 1645, 727, 3520, 1815, 2800, 4783, 1963, 1758, 1932, 1290, 1862, 1834, 1867, 3898, 1767, 1489, 2391, 708, 1616, 2410, 1896, 1616, 2924, 1002, 1462, 2222, 836, 2157, 1442, 1891, 350, 1191, 474, 1685, 1664, 1807, 975, 1147, 2521, 1293, 2060, 2395, 1405, 3369, 1557, 2788, 1931, 833, 1673, 4104, 1607, 1480, 1533, 2037, 3153, 2123, 4095, 2218, 3617, 1905, 1414, 543, 1083, 1258, 1724, 878, 1603, 921, 2084, 1210, 1319, 3177, 1840, 2259, 3072, 2065, 2428, 1802, 1450, 466, 955, 1165, 952, 2137, 2069, 1123, 1373, 1307, 1648, 1077, 2365, 1075, 978, 1901, 1111, 1424, 3202, 1871, 2653, 1165, 3382, 1375, 2149, 1381, 3380, 1533, 1800, 1754, 2921, 1228, 1187, 1905, 1301, 1758, 4478, 2402, 1088, 2170, 1778, 2697, 1154, 2100, 799, 1022, 1537, 1306, 773, 1388, 1846, 1975, 3437, 784, 461, 1028, 1047, 1891, 2011, 2069, 2433, 1754, 917, 2161, 1042, 2056, 495, 1547, 1365, 847, 4099, 957, 2683, 904, 927, 810, 1339, 388, 1465, 3724, 2153, 1781, 409, 2568, 3490, 1093, 3490, 586, 2161, 2049, 698, 3459, 924, 1172, 1148, 1154, 2506, 813, 2688, 1872, 1411, 1356)
(29, 117): Mean: 1795.512, median: 1652.0, std: 874.655, percent: 1816.78, B: 141, W: 109, 
	(1514, 927, 1099, 2368, 2154, 1905, 1628, 2354, 1393, 2457, 1827, 3263, 2396, 1507, 919, 1707, 3110, 2500, 3868, 1564, 1040, 1763, 786, 1706, 1055, 794, 2154, 908, 797, 2094, 2929, 1732, 1511, 627, 943, 2450, 1879, 1154, 1810, 1569, 1621, 921, 434, 1638, 1842, 1475, 2122, 1414, 1265, 1630, 1751, 3010, 1357, 1844, 2688, 2567, 1134, 2143, 3047, 2884, 1436, 2079, 2754, 1148, 1966, 2307, 1683, 727, 4428, 1321, 1469, 672, 3278, 1826, 2648, 4932, 1821, 1692, 1751, 1267, 1873, 1658, 2221, 3047, 1894, 1684, 2076, 662, 1696, 2542, 1973, 1552, 2670, 927, 1330, 2225, 919, 2234, 1326, 1828, 422, 1263, 551, 1589, 1549, 1686, 1005, 1087, 2500, 1440, 2128, 2279, 1425, 3581, 1640, 3139, 1858, 879, 1646, 3887, 1559, 1312, 1412, 1769, 2718, 1923, 4301, 2173, 4274, 2319, 1413, 576, 1069, 1256, 1627, 867, 1706, 818, 1728, 1220, 1357, 3131, 1631, 2031, 2925, 2468, 2215, 1924, 1463, 414, 885, 1137, 1137, 1977, 2047, 1282, 1455, 1375, 1577, 1149, 2106, 1057, 811, 1981, 1168, 1328, 4114, 2134, 2867, 1245, 3754, 1403, 1993, 1100, 3288, 1450, 1748, 2047, 2451, 1232, 1209, 2160, 1071, 1909, 4072, 2722, 1024, 2019, 1756, 2992, 1092, 2079, 736, 1141, 1323, 1428, 817, 1333, 1923, 1664, 4098, 760, 391, 997, 1032, 1705, 2100, 2040, 2610, 1620, 803, 2111, 983, 1920, 548, 1615, 1336, 616, 3516, 944, 2857, 1037, 892, 821, 1170, 408, 1445, 3893, 2714, 1881, 358, 2810, 3970, 1067, 3786, 524, 2982, 1895, 735, 3346, 977, 1134, 1198, 1077, 2559, 732, 2849, 1826, 1289, 1490)
(30, 120): Mean: 1747.156, median: 1627.5, std: 831.193, percent: 1707.46, B: 150, W: 99, 
	(1675, 977, 1102, 2091, 2270, 1902, 1470, 2967, 1380, 2409, 1768, 2399, 2324, 1528, 955, 1586, 2564, 2748, 3452, 1440, 983, 1690, 797, 1763, 1041, 750, 2214, 1016, 740, 1920, 2727, 1548, 1446, 541, 828, 2650, 1827, 1329, 1854, 1563, 1482, 1003, 356, 1625, 1654, 1254, 2141, 1688, 1363, 1611, 1604, 2271, 1374, 2025, 2306, 2531, 1076, 2263, 2967, 3420, 1464, 2056, 3018, 1311, 2066, 2109, 1762, 679, 5097, 1417, 1425, 675, 3414, 1837, 2274, 4656, 1703, 1956, 1810, 1292, 1737, 1712, 1982, 2913, 1550, 1829, 2067, 707, 1544, 2162, 1961, 1590, 2905, 959, 1290, 2442, 910, 2077, 1376, 1665, 412, 1159, 616, 1640, 1541, 1619, 896, 961, 2249, 1243, 2046, 2488, 1273, 3139, 1421, 2860, 1934, 755, 1671, 3585, 1540, 1165, 1325, 1780, 3301, 2223, 4231, 2176, 3594, 2108, 1209, 605, 1154, 1076, 1575, 844, 1576, 816, 1702, 1224, 1581, 2804, 1685, 1715, 3396, 2427, 2049, 1828, 1578, 388, 1091, 1234, 1019, 1750, 1857, 1099, 1598, 1258, 1748, 1088, 2333, 1180, 888, 1872, 1035, 1419, 3424, 1878, 2450, 1245, 3413, 1355, 1875, 1359, 3037, 1678, 1560, 1979, 2809, 1290, 1070, 1589, 1320, 1864, 3837, 2753, 946, 2163, 1645, 2681, 991, 1969, 808, 1045, 1481, 1375, 759, 1426, 1846, 1887, 3021, 746, 447, 928, 958, 1631, 2013, 2258, 2492, 1650, 896, 1901, 1170, 2036, 580, 1630, 1266, 628, 4350, 882, 2912, 901, 857, 918, 1254, 356, 1396, 4461, 2167, 1767, 388, 2595, 2932, 1024, 3566, 557, 2092, 1795, 741, 2980, 923, 1248, 1101, 1021, 2370, 872, 2438, 1728, 1418, 1422)
(31, 124): Mean: 1706.92, median: 1563.5, std: 827.069, percent: 1674.24, B: 149, W: 101, 
	(1355, 1015, 999, 1977, 2110, 1904, 1456, 2578, 1302, 2135, 1725, 2372, 2387, 1512, 744, 1692, 2419, 2244, 3558, 1529, 953, 1582, 683, 1607, 1170, 786, 2169, 902, 713, 1940, 2570, 1710, 1474, 537, 869, 2468, 1810, 1081, 1761, 1293, 1370, 902, 320, 1746, 1828, 1229, 1971, 1388, 1347, 1494, 1698, 2481, 1426, 1891, 2528, 2038, 1046, 1898, 3180, 2911, 1256, 2154, 3118, 1348, 1809, 2412, 1962, 708, 4711, 1327, 1480, 666, 3115, 1707, 2910, 4594, 1586, 1829, 1670, 1296, 1925, 1548, 1721, 4045, 1524, 1342, 1787, 706, 1424, 2296, 1913, 1455, 2276, 961, 1201, 2085, 870, 2102, 1368, 1873, 393, 1232, 437, 1567, 1539, 1774, 799, 1035, 2393, 1283, 1957, 2216, 1334, 3212, 1450, 2573, 1691, 816, 1631, 3736, 1460, 1296, 1333, 1803, 2651, 1963, 4302, 1960, 3619, 1939, 1360, 537, 1063, 1064, 1448, 768, 1528, 718, 1775, 1143, 1480, 2984, 1663, 1651, 3037, 2219, 2142, 2132, 1591, 550, 1221, 1260, 1081, 1917, 1777, 1126, 1461, 1251, 1569, 1125, 2109, 1184, 910, 1966, 1123, 1316, 3678, 1874, 2564, 1234, 3457, 1198, 1772, 1133, 2948, 1478, 1470, 1710, 2604, 1267, 1159, 2016, 1271, 1736, 3696, 2317, 980, 1787, 1700, 3109, 1123, 1875, 700, 1084, 1292, 1404, 763, 1323, 1646, 1618, 3033, 817, 455, 1000, 1059, 1560, 1858, 2076, 2296, 1642, 761, 2288, 1066, 2040, 543, 1523, 1360, 595, 4468, 937, 2552, 873, 856, 741, 1173, 399, 1500, 4308, 1928, 1726, 515, 2956, 3172, 1131, 3763, 494, 2182, 1792, 673, 2997, 958, 1129, 1063, 1090, 2321, 815, 2321, 1741, 1255, 1437)
(32, 130): Mean: 1703.408, median: 1590.5, std: 816.486, percent: 1672.26, B: 129, W: 121, 
	(1661, 989, 1061, 1864, 2276, 1773, 1420, 2560, 1309, 2277, 1702, 2798, 2310, 1490, 753, 1533, 2788, 2151, 3183, 1414, 934, 1762, 706, 1647, 1091, 792, 2105, 952, 739, 1859, 2520, 1856, 1352, 514, 858, 2581, 1858, 1137, 1739, 1341, 1483, 981, 343, 1472, 1713, 1247, 2084, 1392, 1355, 1598, 1978, 2371, 1366, 1828, 2592, 2397, 1008, 2284, 3218, 2850, 1429, 1901, 3036, 1173, 1956, 2325, 1780, 698, 4474, 1320, 1483, 697, 3142, 1832, 2148, 4721, 1897, 1802, 1817, 1497, 1876, 1617, 1830, 2999, 1418, 1612, 2015, 663, 1547, 2379, 1971, 1502, 2352, 903, 1324, 2044, 777, 2097, 1307, 1840, 377, 1118, 463, 1484, 1491, 1675, 869, 1042, 2318, 1206, 1701, 2557, 1257, 2996, 1601, 3005, 2021, 944, 1559, 3719, 1324, 1309, 1377, 1992, 2845, 2050, 3596, 1837, 3620, 2133, 1256, 475, 1177, 1287, 1553, 750, 1686, 771, 1583, 1133, 1433, 2690, 1754, 1779, 2880, 2062, 2056, 1667, 1493, 393, 1035, 1072, 1001, 2115, 1719, 1063, 1306, 1283, 1748, 1079, 2038, 1063, 859, 1841, 1017, 1393, 3810, 1818, 2626, 1082, 3842, 1520, 2086, 1175, 2831, 1432, 1572, 1825, 2511, 1410, 1113, 1763, 1277, 1712, 4225, 2385, 1039, 2071, 1629, 2564, 924, 1715, 845, 1038, 1302, 1348, 780, 1294, 1720, 1676, 2852, 736, 530, 937, 992, 1580, 2135, 2090, 2592, 1625, 750, 1832, 1089, 1907, 500, 1393, 1234, 572, 4118, 933, 2653, 883, 899, 802, 1258, 377, 1539, 4017, 2126, 1633, 402, 2426, 4080, 1025, 3316, 514, 2012, 1638, 689, 3550, 908, 1161, 1103, 1093, 2338, 744, 2437, 1791, 1277, 1392)
(34, 141): Mean: 1716.484, median: 1592.5, std: 831.615, percent: 1694.8, B: 124, W: 124, 
	(1523, 886, 1118, 1905, 2167, 1961, 1582, 2761, 1269, 2435, 1596, 2572, 2064, 1481, 756, 1586, 2651, 2342, 3674, 1363, 975, 1626, 758, 1501, 1145, 747, 2044, 916, 693, 2032, 2876, 1643, 1551, 468, 841, 2550, 1651, 1097, 1902, 1417, 1557, 966, 308, 1456, 1590, 1387, 2038, 1512, 1306, 1450, 1777, 3178, 1321, 1880, 2430, 2290, 1022, 1861, 2934, 2883, 1412, 1924, 2958, 1243, 2441, 2268, 1974, 707, 4598, 1410, 1442, 617, 3281, 1767, 2512, 4727, 1853, 1740, 1957, 1448, 1888, 1648, 1704, 3296, 1807, 1682, 2065, 714, 1595, 2004, 2115, 1502, 2882, 984, 1369, 1945, 810, 2105, 1446, 1713, 330, 1134, 525, 1767, 1324, 1605, 993, 1036, 2426, 1316, 1900, 2290, 1236, 3534, 1659, 2246, 1900, 783, 1754, 3438, 1436, 1310, 1374, 2083, 2861, 1928, 4319, 2029, 4179, 1999, 1231, 483, 1270, 1147, 1429, 705, 1621, 664, 1671, 1046, 1572, 2776, 1555, 1630, 3354, 2305, 1992, 1950, 1431, 427, 857, 1139, 1012, 1921, 2183, 1040, 1442, 1234, 1628, 1066, 2326, 1066, 844, 1895, 1036, 1360, 3692, 1806, 2306, 1187, 3732, 1461, 2031, 1290, 2744, 1357, 1637, 1684, 2280, 1340, 1131, 1937, 1267, 1695, 3898, 2475, 930, 1960, 1938, 2912, 1065, 1751, 693, 1066, 1311, 1409, 780, 1357, 1829, 1723, 2883, 740, 496, 912, 1088, 1705, 2182, 1971, 2564, 1523, 836, 2074, 1057, 2071, 480, 1406, 1330, 569, 4203, 947, 2397, 982, 889, 777, 1220, 358, 1493, 3256, 2029, 1533, 392, 2543, 4224, 1059, 3198, 526, 2334, 2029, 679, 2908, 850, 1137, 992, 1067, 2361, 760, 2148, 1683, 1313, 1427)
(37, 156): Mean: 1713.496, median: 1598.0, std: 820.908, percent: 1712.16, B: 133, W: 115, 
	(1580, 998, 1019, 1868, 2504, 1950, 1419, 2629, 1338, 2371, 1669, 2460, 2166, 1454, 892, 1700, 2581, 2006, 3355, 1446, 934, 1750, 706, 1528, 1017, 711, 1962, 1030, 829, 1832, 2827, 1658, 1396, 439, 773, 2504, 1679, 1164, 1738, 1532, 1540, 939, 367, 1965, 1845, 1200, 2080, 1327, 1331, 1486, 1693, 2606, 1509, 1843, 2610, 2382, 996, 2100, 3464, 2649, 1434, 2079, 2750, 1203, 1830, 2605, 1848, 712, 4468, 1435, 1476, 637, 3010, 1791, 2487, 4378, 1858, 2034, 1698, 1279, 1748, 1570, 1772, 2768, 1486, 1544, 2181, 623, 1489, 2246, 1984, 1428, 3024, 1003, 1297, 2110, 853, 2239, 1382, 1758, 397, 1091, 538, 1686, 1629, 1521, 926, 1179, 2179, 1247, 1785, 2546, 1307, 3996, 1264, 2264, 1990, 751, 1551, 3376, 1451, 1208, 1374, 1984, 3039, 1946, 3699, 2067, 4004, 1930, 1265, 476, 1235, 1174, 1670, 864, 1741, 787, 1835, 1041, 1410, 3075, 1577, 1847, 3540, 2305, 1979, 1638, 1624, 387, 1098, 1296, 1039, 1920, 2121, 1115, 1364, 1319, 1600, 1295, 2121, 1055, 866, 1847, 969, 1438, 4119, 1836, 2888, 1138, 3363, 1352, 1755, 1165, 3326, 1268, 1625, 1838, 2397, 1306, 1135, 2072, 1099, 1656, 3999, 2414, 999, 2060, 1706, 2558, 1054, 2003, 722, 1070, 1433, 1301, 778, 1423, 1889, 1934, 3458, 719, 510, 909, 992, 1596, 1978, 1913, 2609, 1699, 752, 2251, 1033, 2003, 469, 1428, 1354, 589, 3979, 889, 3089, 911, 869, 764, 1098, 327, 1552, 3272, 2012, 1927, 440, 2410, 4051, 1007, 2683, 519, 2223, 1977, 675, 2786, 931, 1072, 1090, 964, 2228, 782, 2179, 1679, 1142, 1183)
(38, 162): Mean: 1686.792, median: 1569.5, std: 788.201, percent: 1689.7, B: 134, W: 114, 
	(1518, 863, 1111, 1813, 2282, 1622, 1291, 2769, 1388, 2377, 1857, 2405, 2155, 1589, 749, 1685, 2809, 2196, 2885, 1511, 977, 1563, 754, 1639, 1027, 785, 2070, 971, 724, 1794, 2817, 1625, 1466, 562, 799, 2401, 1665, 1205, 2137, 1418, 1365, 909, 334, 1533, 2038, 1310, 2035, 1448, 1380, 1526, 1766, 2415, 1348, 1666, 2272, 2220, 1049, 2192, 2725, 2951, 1414, 2276, 2794, 1376, 1926, 2185, 2126, 725, 4702, 1229, 1484, 603, 3106, 1571, 2464, 4259, 1784, 1956, 1792, 1400, 1778, 1486, 1772, 3683, 1638, 1630, 1827, 693, 1724, 2164, 2041, 1455, 2639, 1030, 1171, 2232, 778, 1975, 1347, 1868, 384, 1100, 510, 1568, 1580, 1545, 892, 1050, 2427, 1289, 2410, 2119, 1260, 3388, 1396, 2604, 1882, 763, 1578, 2960, 1496, 1240, 1298, 2003, 2955, 2019, 3788, 2137, 3703, 1765, 1218, 526, 1101, 1206, 1411, 787, 1600, 733, 1884, 1080, 1261, 3054, 1538, 1678, 2769, 2304, 2188, 1876, 1554, 401, 997, 1317, 1012, 1941, 2119, 1091, 1376, 1249, 1666, 1094, 2232, 1004, 855, 1885, 992, 1311, 3506, 1836, 2619, 1111, 3177, 1452, 1853, 1406, 2883, 1293, 1495, 1800, 2569, 1240, 1023, 1755, 1466, 1745, 4005, 2619, 996, 1981, 1623, 2656, 1068, 1948, 707, 1049, 1226, 1280, 716, 1457, 1664, 1848, 2846, 691, 465, 956, 1039, 1574, 2046, 1953, 2555, 1560, 749, 1836, 1128, 2176, 532, 1229, 1352, 560, 4330, 927, 2649, 878, 811, 760, 1240, 373, 1362, 3616, 1966, 1652, 416, 2476, 2893, 1068, 3029, 508, 2324, 1812, 661, 2935, 874, 1118, 1018, 1001, 2194, 686, 2236, 1577, 1262, 1449)
(41, 179): Mean: 1703.496, median: 1563.5, std: 814.134, percent: 1690.46, B: 123, W: 126, 
	(1564, 1004, 1069, 2010, 2132, 1963, 1331, 2636, 1183, 2477, 1636, 2536, 2183, 1393, 793, 1679, 2598, 2115, 3326, 1471, 1005, 1671, 788, 1462, 930, 752, 2199, 982, 706, 2055, 2668, 1734, 1505, 481, 836, 2326, 1656, 1057, 1795, 1402, 1343, 890, 328, 1555, 1813, 1332, 2037, 1356, 1194, 1466, 1604, 2741, 1223, 1867, 2419, 2506, 1051, 2084, 3063, 3211, 1257, 1988, 2712, 1152, 1849, 2353, 1829, 709, 5066, 1378, 1402, 612, 3060, 1665, 2301, 4051, 2072, 1884, 1675, 1350, 1821, 1764, 1675, 2651, 1605, 1332, 2284, 754, 1599, 2262, 1927, 1467, 2573, 975, 1314, 2372, 872, 1899, 1371, 1915, 305, 1081, 466, 1665, 1423, 1597, 877, 1084, 2349, 1217, 2088, 2174, 1369, 3474, 1475, 2333, 1873, 691, 1492, 3532, 1478, 1203, 1415, 1995, 3106, 1825, 3876, 2273, 3844, 2077, 1195, 479, 1113, 1126, 1539, 837, 1525, 805, 1746, 1255, 1207, 3002, 1765, 1995, 3219, 2085, 1973, 1839, 1726, 443, 811, 1181, 982, 1992, 2178, 1089, 1276, 1211, 1583, 1035, 2416, 1067, 798, 2048, 1103, 1275, 4050, 1859, 2759, 1139, 3566, 1505, 1829, 1254, 3394, 1502, 1563, 1869, 2697, 1273, 1165, 2322, 1282, 1672, 3773, 2112, 943, 2177, 1623, 2762, 1123, 1842, 657, 1074, 1502, 1338, 787, 1422, 1928, 1764, 2866, 759, 379, 998, 1016, 1486, 2315, 2222, 2500, 1562, 868, 1879, 1053, 1890, 541, 1553, 1395, 512, 4056, 905, 2629, 927, 956, 783, 1300, 358, 1422, 3620, 2476, 1958, 356, 2468, 3064, 993, 3386, 475, 2023, 2046, 630, 2782, 944, 1134, 1041, 1013, 2123, 786, 2190, 1616, 1215, 1313)
(42, 183): Mean: 1704.936, median: 1569.0, std: 833.567, percent: 1662.94, B: 124, W: 123, 
	(1458, 935, 1079, 2044, 2229, 1877, 1446, 2965, 1261, 2474, 1822, 2552, 1949, 1399, 791, 1577, 2455, 2391, 3542, 1399, 867, 1949, 783, 1591, 972, 751, 2199, 892, 739, 2093, 2824, 1547, 1322, 458, 821, 2191, 1766, 1111, 1819, 1374, 1490, 941, 314, 1441, 1672, 1302, 1825, 1293, 1231, 1497, 1633, 2784, 1137, 1743, 2277, 2247, 1059, 1998, 2955, 3543, 1301, 1989, 2948, 1044, 1909, 2402, 1675, 763, 4690, 1278, 1361, 718, 3115, 1521, 2355, 4208, 1848, 1967, 1802, 1230, 1942, 1673, 1649, 3780, 1584, 1575, 2311, 669, 1554, 2330, 2013, 1566, 2621, 975, 1391, 2159, 848, 2057, 1444, 1902, 392, 1108, 480, 1468, 1501, 1636, 899, 998, 2133, 1305, 1922, 2023, 1265, 3029, 1479, 2672, 1965, 763, 1693, 3793, 1496, 1325, 1366, 1821, 3261, 2254, 4072, 2045, 3369, 2124, 1301, 519, 1211, 1101, 1509, 721, 1576, 684, 1902, 1184, 1376, 2682, 1739, 1754, 3205, 2014, 1784, 1759, 1511, 463, 1022, 1121, 1022, 1900, 1972, 1081, 1383, 1187, 1618, 974, 1976, 1146, 798, 1855, 967, 1270, 3610, 1877, 2566, 966, 3493, 1360, 2223, 1317, 3435, 1552, 1474, 1821, 2226, 1472, 1073, 1917, 1254, 1709, 4008, 2432, 977, 1972, 1585, 2598, 975, 1975, 719, 977, 1393, 1302, 778, 1561, 1717, 1686, 2997, 707, 439, 888, 1017, 1749, 1932, 2308, 2392, 1744, 808, 1883, 1164, 2024, 497, 1354, 1254, 642, 4603, 855, 2659, 902, 806, 885, 1232, 352, 1502, 3737, 2253, 1812, 377, 2905, 3622, 1076, 3600, 521, 1965, 1973, 637, 3184, 918, 1041, 1080, 1038, 2483, 816, 2139, 1572, 1381, 1302)
(45, 200): Mean: 1704.54, median: 1592.5, std: 831.686, percent: 1718.76, B: 131, W: 119, 
	(1520, 921, 1032, 1786, 2648, 1966, 1431, 2842, 1205, 2180, 1697, 2291, 2006, 1343, 690, 1554, 2656, 2543, 3098, 1287, 951, 1747, 753, 1524, 960, 728, 2444, 942, 720, 1848, 2819, 1653, 1397, 461, 888, 2290, 1736, 1094, 2010, 1350, 1417, 1046, 359, 1454, 1830, 1223, 1978, 1513, 1212, 1698, 1618, 2748, 1109, 1726, 2334, 2487, 1110, 1784, 4105, 2910, 1279, 2057, 2749, 1228, 2235, 2183, 1816, 711, 4848, 1156, 1492, 641, 3213, 1688, 2282, 4876, 1907, 1850, 1637, 1474, 1769, 1783, 1828, 2567, 1355, 1432, 1846, 531, 1670, 2065, 2021, 1594, 2749, 938, 1228, 2066, 821, 1966, 1316, 1979, 371, 1130, 470, 1601, 1582, 1608, 867, 1096, 2583, 1214, 1903, 2456, 1353, 4264, 1595, 2575, 1952, 751, 1613, 3196, 1471, 1367, 1330, 1851, 2678, 2221, 3814, 2010, 3290, 2003, 1397, 439, 1090, 1078, 1447, 848, 1573, 740, 1743, 1182, 1494, 2937, 1524, 1807, 3263, 1993, 2267, 1681, 1616, 426, 1068, 1140, 1008, 2032, 2022, 1139, 1391, 1301, 1649, 1020, 2116, 1028, 876, 1761, 1044, 1418, 3701, 1842, 2581, 1112, 3589, 1362, 2041, 1270, 2755, 1384, 1686, 1835, 2673, 1270, 1136, 1770, 1146, 1589, 4403, 2196, 982, 2189, 1736, 3212, 1074, 1905, 771, 1064, 1468, 1349, 752, 1314, 1728, 1890, 3031, 660, 469, 983, 981, 1591, 1886, 2347, 2261, 1580, 816, 2053, 1006, 2016, 491, 1414, 1284, 635, 3265, 906, 2646, 918, 815, 806, 1163, 391, 1457, 3525, 2019, 1794, 402, 2543, 3832, 965, 3489, 565, 2311, 1999, 645, 3121, 910, 1188, 1026, 995, 2301, 789, 2493, 1705, 1309, 1272)
(47, 212): Mean: 1711.808, median: 1550.5, std: 835.992, percent: 1708.52, B: 126, W: 124, 
	(1484, 917, 1131, 1930, 2082, 2042, 1420, 2380, 1353, 2047, 1713, 2860, 2396, 1561, 781, 1600, 2618, 2169, 3611, 1329, 982, 1735, 781, 1575, 992, 785, 2181, 950, 734, 1945, 2790, 1626, 1484, 504, 844, 2359, 1658, 1196, 1723, 1469, 1499, 963, 352, 1493, 1854, 1256, 1930, 1324, 1372, 1437, 1888, 2584, 1246, 1714, 2348, 2564, 1066, 2238, 3223, 2807, 1437, 2182, 2668, 1261, 2211, 2092, 1799, 647, 5013, 1221, 1408, 648, 3515, 1729, 2737, 4227, 1805, 1954, 1575, 1289, 1891, 2086, 1754, 3405, 1524, 1400, 2549, 623, 1533, 2156, 1801, 1401, 2773, 950, 1219, 1965, 855, 2224, 1161, 1849, 327, 1124, 465, 1667, 1504, 1479, 915, 1069, 2332, 1320, 1747, 2150, 1342, 3597, 1415, 2562, 1811, 735, 1625, 3911, 1373, 1316, 1454, 1976, 2755, 1995, 4573, 1912, 3425, 1930, 1292, 585, 1018, 1156, 1467, 794, 1540, 782, 1678, 1143, 1500, 3004, 1600, 1894, 2937, 1910, 1932, 1829, 1495, 470, 907, 1231, 1096, 1855, 1954, 1047, 1399, 1302, 1755, 1209, 2299, 1037, 893, 1806, 1022, 1395, 3313, 1827, 2725, 1199, 3593, 1359, 1818, 1324, 2708, 1522, 1540, 1614, 2452, 1310, 1104, 2139, 1281, 1746, 4345, 2134, 891, 2213, 1618, 3005, 1130, 1814, 688, 1036, 1339, 1335, 757, 1534, 1945, 1709, 2944, 783, 447, 949, 986, 1574, 1838, 2196, 2693, 1665, 780, 1977, 1224, 2102, 529, 1523, 1282, 568, 4166, 988, 2924, 980, 853, 703, 1188, 389, 1415, 3891, 2152, 1701, 386, 2652, 3559, 1119, 3573, 555, 2063, 1653, 626, 3068, 895, 1093, 1029, 1057, 2114, 696, 2546, 1738, 1355, 1227)
(51, 233): Mean: 1694.736, median: 1570.0, std: 820.398, percent: 1667.64, B: 139, W: 111, 
	(1459, 907, 1068, 2021, 2152, 2039, 1380, 1948, 1247, 2285, 1662, 2423, 2101, 1433, 852, 1512, 2640, 2261, 3623, 1461, 978, 1734, 775, 1754, 986, 801, 2381, 941, 793, 2133, 2780, 1554, 1446, 489, 796, 2397, 1722, 1115, 1792, 1403, 1395, 890, 328, 1740, 1824, 1324, 2081, 1262, 1363, 1391, 1685, 2609, 1243, 1844, 2418, 2277, 1048, 2098, 2815, 2776, 1258, 2056, 2940, 1180, 1886, 2132, 1962, 737, 5169, 1227, 1687, 767, 2932, 1658, 2440, 4790, 1605, 1908, 1611, 1430, 1738, 1986, 1867, 3430, 1507, 1487, 1874, 634, 1537, 2675, 1996, 1389, 2543, 945, 1265, 1941, 840, 2150, 1362, 1904, 345, 1049, 449, 1459, 1288, 1633, 864, 1053, 2304, 1270, 1787, 2573, 1332, 3061, 1586, 2413, 2023, 819, 1482, 3784, 1443, 1192, 1492, 1744, 3211, 2209, 3663, 1878, 3606, 1973, 1166, 493, 1090, 1111, 1442, 838, 1764, 828, 1843, 1145, 1494, 3211, 1690, 1697, 3324, 2028, 1822, 2022, 1627, 473, 908, 1124, 1041, 1854, 1815, 1267, 1320, 1252, 1770, 1057, 2128, 1156, 831, 1765, 1043, 1196, 3048, 2116, 2360, 1131, 3674, 1280, 1819, 1199, 2526, 1444, 1413, 1813, 3132, 1157, 1140, 1867, 975, 1702, 4076, 2214, 996, 2089, 1714, 3207, 998, 1932, 703, 1002, 1349, 1357, 776, 1397, 1920, 1607, 2743, 758, 431, 905, 996, 1594, 1948, 2128, 2319, 1712, 750, 1968, 1021, 1920, 507, 1590, 1273, 616, 4383, 894, 2930, 971, 888, 808, 1350, 385, 1503, 3834, 2144, 1516, 384, 2521, 3369, 1038, 2912, 556, 1887, 1509, 677, 2865, 900, 1180, 1137, 1038, 2132, 774, 2620, 1883, 1304, 1360)
(52, 237): Mean: 1707.056, median: 1596.0, std: 822.503, percent: 1711.84, B: 125, W: 125, 
	(1377, 964, 1073, 1957, 2328, 1957, 1582, 2583, 1181, 2132, 1879, 2768, 2442, 1623, 709, 1700, 2363, 2542, 3255, 1419, 965, 1689, 717, 1618, 1096, 772, 2038, 961, 736, 2165, 2586, 1839, 1549, 503, 854, 2865, 1642, 1140, 1743, 1394, 1540, 979, 311, 1520, 1647, 1437, 1878, 1454, 1314, 1426, 1735, 2569, 1241, 1968, 2293, 2463, 1088, 2011, 2855, 2955, 1360, 1878, 3052, 1224, 1905, 2112, 2054, 707, 5210, 1251, 1553, 639, 3262, 1694, 2771, 4392, 1828, 1919, 1808, 1346, 1875, 1615, 1690, 2911, 1574, 1485, 2130, 574, 1481, 2141, 1858, 1555, 2180, 974, 1218, 2016, 827, 2280, 1341, 1828, 378, 1171, 494, 1451, 1401, 1549, 931, 1077, 2211, 1329, 2084, 2183, 1302, 3308, 1255, 2507, 1834, 758, 1666, 3411, 1642, 1379, 1345, 1658, 2953, 2104, 3919, 2001, 3430, 1953, 1339, 609, 1098, 1153, 1542, 808, 1673, 718, 1672, 1105, 1437, 3126, 1515, 1771, 3778, 2102, 1963, 1682, 1582, 447, 1143, 1083, 1011, 1876, 1873, 1130, 1219, 1386, 1614, 1186, 2227, 1109, 900, 1873, 1064, 1355, 3138, 1925, 2398, 1114, 3521, 1262, 1760, 1129, 2517, 1432, 1610, 1684, 3048, 1368, 1151, 1700, 1272, 1650, 4251, 2457, 977, 1731, 1657, 3557, 1023, 1825, 707, 972, 1301, 1298, 784, 1374, 1798, 1722, 2696, 665, 445, 974, 1008, 1494, 1830, 2449, 2460, 1723, 755, 1729, 1030, 2192, 504, 1429, 1449, 718, 3975, 918, 3119, 856, 815, 744, 1174, 342, 1394, 3607, 2276, 1991, 374, 2763, 3591, 1043, 3290, 651, 2222, 1801, 652, 3374, 877, 1135, 1076, 1089, 2249, 762, 2452, 2046, 1409, 1273)
(53, 241): Mean: 1730.736, median: 1596.5, std: 848.073, percent: 1688.5, B: 107, W: 143, 
	(1404, 935, 1049, 2054, 2158, 2171, 1443, 2893, 1370, 2081, 2070, 2538, 1992, 1547, 774, 1649, 2441, 2067, 3716, 1610, 936, 1749, 760, 1605, 1090, 784, 2071, 1031, 734, 1834, 3193, 1781, 1397, 472, 838, 2256, 1694, 1089, 1767, 1459, 1462, 966, 371, 1461, 1903, 1323, 1979, 1420, 1307, 1588, 1720, 2788, 1250, 1787, 2530, 2646, 1022, 2204, 3197, 3058, 1251, 2046, 2985, 1244, 1983, 2191, 1805, 748, 4678, 1309, 1477, 708, 3389, 1629, 2239, 4620, 1962, 1867, 1654, 1190, 1893, 1916, 1694, 3295, 1585, 1576, 2321, 640, 1516, 2286, 1876, 1553, 2411, 1068, 1251, 2201, 846, 1979, 1504, 1962, 415, 1207, 553, 1536, 1419, 1785, 874, 1029, 2304, 1365, 1791, 2147, 1372, 3070, 1501, 2547, 1963, 640, 1721, 3794, 1316, 1301, 1315, 2236, 3395, 1895, 4526, 2119, 3752, 1899, 1208, 514, 1126, 1223, 1587, 811, 1628, 765, 1976, 1134, 1290, 2962, 1624, 1703, 3204, 1810, 2173, 1705, 1542, 392, 1005, 1065, 1004, 1936, 2125, 1205, 1361, 1332, 1773, 1052, 2396, 994, 929, 1917, 1076, 1418, 3407, 1877, 2643, 1206, 3389, 1400, 2067, 1229, 2903, 1427, 1498, 1853, 2750, 1333, 1095, 2158, 1104, 1622, 4499, 2478, 1010, 2196, 1648, 2693, 1031, 1842, 631, 985, 1325, 1347, 734, 1320, 1714, 1752, 3133, 832, 405, 910, 930, 1451, 1968, 2299, 2253, 1729, 818, 1926, 1162, 2171, 500, 1444, 1313, 732, 4242, 917, 2626, 940, 818, 689, 1212, 372, 1545, 3767, 2277, 2119, 400, 2595, 3276, 1066, 3612, 551, 2118, 1669, 745, 3848, 898, 1026, 1107, 1049, 2781, 743, 2437, 1683, 1392, 1438)
(55, 253): Mean: 1737.616, median: 1621.5, std: 851.126, percent: 1719.34, B: 122, W: 127, 
	(1580, 941, 1090, 2269, 2357, 1895, 1364, 2465, 1291, 2235, 1922, 2811, 2280, 1553, 803, 1582, 2331, 2523, 3399, 1458, 983, 1699, 820, 1472, 1020, 825, 2022, 991, 712, 1912, 2764, 1643, 1382, 492, 829, 2655, 2029, 1225, 1907, 1619, 1505, 930, 364, 1624, 1715, 1286, 1759, 1286, 1429, 1802, 1814, 2691, 1163, 1941, 2440, 2972, 986, 2285, 2923, 3244, 1333, 2393, 3576, 1184, 2015, 2104, 1980, 681, 4456, 1497, 1541, 642, 3025, 1601, 2421, 4533, 1832, 1793, 1791, 1212, 1796, 1473, 1747, 3441, 1583, 1426, 1996, 614, 1776, 2149, 1930, 1495, 2673, 956, 1239, 2167, 840, 2464, 1312, 1991, 286, 1196, 457, 1650, 1323, 1632, 842, 1042, 2175, 1335, 1770, 2627, 1329, 3332, 1519, 3068, 1714, 814, 1655, 3424, 1512, 1278, 1454, 1956, 2974, 1877, 4313, 2085, 3600, 2117, 1229, 529, 1235, 1114, 1649, 786, 1596, 823, 1607, 1241, 1316, 2572, 1594, 1743, 3767, 2309, 2023, 1872, 1595, 422, 827, 1064, 999, 2007, 1860, 1180, 1331, 1361, 1624, 1073, 2047, 1142, 827, 1796, 1039, 1418, 3432, 1921, 2719, 1120, 3528, 1664, 1766, 1292, 3179, 1534, 1671, 1836, 2668, 1268, 1155, 1763, 1206, 1670, 5008, 2429, 996, 2113, 1681, 2887, 1068, 2096, 740, 1060, 1471, 1315, 752, 1479, 1933, 1913, 2862, 751, 460, 968, 976, 1490, 2139, 2237, 2376, 1671, 871, 1856, 1015, 2183, 510, 1624, 1252, 507, 3640, 966, 2832, 875, 889, 768, 1198, 384, 1427, 4477, 2120, 1792, 418, 2532, 3200, 1134, 4068, 555, 2391, 1843, 704, 2812, 781, 1143, 1108, 1094, 2371, 814, 2570, 1831, 1168, 1458)
(56, 258): Mean: 1743.372, median: 1611.0, std: 827.705, percent: 1723.4, B: 125, W: 124, 
	(1569, 944, 1057, 2033, 2555, 1782, 1455, 2844, 1468, 2491, 1914, 2665, 2250, 1537, 716, 1535, 2342, 2440, 4041, 1342, 962, 1635, 785, 1465, 1181, 713, 2232, 860, 797, 1981, 2751, 1750, 1395, 499, 857, 2434, 1818, 1133, 2352, 1578, 1551, 1020, 314, 1755, 1758, 1374, 2028, 1485, 1222, 1559, 1683, 2498, 1345, 1856, 2340, 2818, 1055, 1821, 3072, 2847, 1301, 2338, 2758, 1274, 2088, 2092, 1937, 702, 4339, 1294, 1617, 621, 3240, 1606, 2922, 4577, 1933, 1844, 1621, 1516, 2011, 1547, 1868, 3240, 1494, 1689, 2073, 724, 1612, 2100, 1913, 1738, 2735, 1023, 1247, 2335, 877, 2227, 1605, 1715, 374, 1131, 525, 1538, 1423, 1799, 860, 979, 2544, 1291, 2084, 2468, 1306, 2996, 1559, 2788, 2036, 769, 1518, 3772, 1548, 1283, 1466, 1810, 3290, 1958, 3347, 2253, 3714, 2016, 1139, 541, 1183, 1236, 1586, 816, 1666, 819, 2052, 1159, 1554, 3070, 1587, 2093, 3140, 2029, 1983, 1694, 1657, 442, 827, 1162, 1125, 1994, 1850, 1096, 1313, 1219, 1623, 1120, 2365, 1001, 853, 1943, 1088, 1461, 3613, 1882, 2734, 1117, 3738, 1410, 1949, 1301, 2684, 1373, 1660, 1628, 2807, 1162, 1170, 1710, 1322, 1669, 4166, 2471, 952, 1961, 1610, 2794, 1263, 2037, 789, 1021, 1391, 1277, 802, 1285, 1827, 1792, 3096, 730, 426, 858, 1087, 1624, 1992, 2459, 2646, 1744, 829, 1793, 1041, 2238, 507, 1386, 1367, 865, 4218, 918, 2693, 833, 876, 799, 1210, 367, 1518, 3906, 2363, 2000, 365, 2760, 3407, 1071, 3415, 549, 2256, 1815, 724, 3201, 829, 1057, 1079, 1163, 2389, 928, 2491, 1976, 1406, 1323)
(60, 277): Mean: 1722.16, median: 1587.0, std: 827.416, percent: 1749.24, B: 144, W: 104, 
	(1424, 897, 1066, 2227, 2552, 1909, 1414, 2637, 1216, 2596, 1854, 3364, 1919, 1492, 812, 1685, 2611, 2192, 3398, 1446, 991, 1697, 835, 1512, 1137, 824, 2168, 932, 725, 1945, 2740, 1785, 1343, 471, 814, 2461, 1820, 1094, 1925, 1390, 1465, 885, 338, 1540, 1825, 1305, 1952, 1415, 1393, 1698, 1713, 2651, 1244, 1784, 2377, 2549, 1030, 2341, 3170, 3261, 1489, 1947, 2939, 1185, 1956, 2163, 1751, 723, 3686, 1362, 1566, 616, 3149, 1489, 2364, 5178, 1824, 1961, 1686, 1253, 1637, 1806, 1667, 3328, 1664, 1491, 2497, 628, 1634, 2100, 1972, 1419, 2796, 1011, 1237, 2029, 896, 2284, 1352, 1657, 304, 1135, 510, 1441, 1367, 1633, 844, 1098, 2188, 1347, 1627, 2484, 1399, 2866, 1374, 2794, 1889, 844, 1677, 3569, 1352, 1225, 1415, 1795, 2916, 2349, 4342, 2132, 3803, 1830, 1175, 494, 1152, 1104, 1638, 807, 1414, 767, 1922, 1187, 1439, 2869, 1690, 1942, 3014, 2228, 2304, 1729, 1501, 500, 1126, 1185, 1049, 1877, 1627, 1043, 1386, 1380, 1709, 1406, 2374, 1177, 870, 1884, 1002, 1444, 3405, 2054, 2563, 1060, 3864, 1544, 1779, 1432, 2897, 1359, 1632, 1818, 2589, 1315, 1269, 1795, 1245, 1575, 4095, 2477, 938, 2280, 1566, 2805, 1206, 1817, 754, 969, 1310, 1477, 731, 1403, 2039, 1605, 3607, 741, 439, 949, 1054, 1767, 1780, 2086, 2585, 1599, 843, 1759, 1041, 1893, 506, 1446, 1261, 680, 4079, 949, 2636, 970, 859, 752, 1141, 359, 1398, 3548, 2055, 1926, 430, 2728, 3312, 1026, 3677, 489, 2264, 1733, 668, 2836, 811, 1190, 1223, 1084, 2506, 750, 2251, 1901, 1247, 1427)
(63, 292): Mean: 1960.476, median: 1826.5, std: 980.437, percent: 1996.52, B: 31, W: 218, 
	(1549, 1244, 1144, 2332, 2710, 1954, 1485, 2584, 1564, 3090, 2128, 3301, 2471, 1687, 979, 1913, 3149, 2958, 3576, 1679, 1160, 1921, 814, 1752, 1050, 766, 2588, 1064, 827, 2015, 3119, 2015, 1711, 617, 900, 2801, 1846, 1161, 2052, 1847, 1691, 1000, 359, 1797, 1992, 1436, 2277, 1539, 1399, 1475, 1875, 3389, 1523, 2198, 2878, 2977, 1096, 2294, 3555, 3450, 1553, 2242, 3786, 1319, 2087, 2322, 2115, 804, 5102, 1437, 1703, 725, 3610, 1627, 2796, 5174, 2244, 1910, 2060, 1386, 2139, 1927, 2171, 4038, 1815, 2002, 2392, 727, 1684, 2763, 2159, 1597, 2724, 1189, 1616, 2264, 959, 2136, 1804, 2189, 424, 1185, 511, 1833, 1583, 1820, 934, 1172, 2962, 1376, 1957, 2460, 1488, 4169, 1642, 3003, 2192, 1046, 1928, 3632, 1591, 1604, 1588, 2252, 3383, 2319, 4759, 2235, 3896, 2447, 1416, 564, 1167, 1400, 1538, 862, 1922, 808, 2031, 1253, 1612, 3207, 1865, 1952, 4499, 3140, 2269, 2313, 1944, 444, 1212, 1262, 1131, 2296, 2294, 1171, 1668, 1337, 1910, 1197, 2374, 1051, 948, 2178, 1167, 1586, 4920, 1869, 3304, 1319, 4670, 1708, 1872, 1485, 3202, 1590, 1781, 2416, 3147, 1563, 1279, 2260, 1564, 1811, 4656, 3123, 1080, 2085, 1882, 3007, 1133, 2099, 785, 1228, 1680, 1443, 872, 1380, 1988, 1852, 4231, 787, 546, 985, 1052, 2073, 2138, 2529, 2699, 1913, 855, 2275, 1279, 2119, 564, 1581, 1370, 597, 4359, 1037, 3424, 972, 1059, 832, 1442, 423, 1492, 5110, 2317, 1870, 434, 2849, 3865, 1192, 3678, 705, 2233, 2016, 798, 3703, 1049, 1415, 1191, 1211, 2774, 808, 2938, 2052, 1361, 1465)
(64, 297): Mean: 1871.904, median: 1696.5, std: 927.496, percent: 1871.98, B: 164, W: 83, 
	(1906, 1086, 1094, 2058, 2556, 2051, 1434, 2640, 1331, 2586, 2231, 2868, 2636, 1372, 911, 1700, 2853, 2378, 3802, 1553, 1064, 1947, 895, 1683, 1161, 823, 2372, 1013, 796, 2106, 2771, 1986, 1493, 542, 848, 2564, 1694, 1097, 2122, 1650, 1693, 1002, 403, 1479, 1732, 1436, 2292, 1408, 1357, 1430, 1905, 2768, 1473, 1776, 2437, 2694, 1089, 2323, 3574, 3224, 1383, 2065, 3339, 1206, 2267, 2252, 2120, 797, 5943, 1402, 1657, 786, 3030, 1894, 2564, 5093, 2142, 1768, 2058, 1455, 2020, 1875, 2076, 4110, 1630, 1586, 2270, 721, 1937, 2205, 1947, 1529, 3025, 1103, 1487, 2398, 848, 2296, 1430, 2092, 378, 1077, 518, 1699, 1574, 1701, 953, 1147, 2798, 1445, 1711, 2969, 1415, 4383, 1600, 2606, 2174, 996, 1509, 3999, 1378, 1340, 1526, 2133, 2877, 2489, 4735, 2300, 3705, 2272, 1396, 546, 1308, 1272, 1608, 891, 1720, 848, 2089, 1350, 1644, 3083, 2047, 2015, 3277, 2179, 1926, 1825, 1585, 457, 1196, 1156, 1039, 1989, 2077, 1326, 1469, 1333, 1745, 1100, 2710, 1232, 1000, 1924, 1091, 1339, 3486, 1901, 2725, 1247, 4561, 1475, 2152, 1496, 3404, 1488, 1668, 1855, 2809, 1347, 1231, 2089, 1324, 1709, 4338, 2681, 1102, 2354, 1931, 3004, 1142, 2198, 763, 1203, 1526, 1428, 762, 1670, 1908, 2054, 3795, 787, 585, 1049, 1110, 1780, 2149, 2223, 2728, 1984, 864, 2238, 1120, 2272, 564, 1675, 1361, 704, 4328, 969, 3044, 934, 978, 956, 1306, 389, 1601, 3833, 2282, 1730, 425, 3370, 3758, 1076, 3677, 598, 2302, 2059, 706, 3852, 1001, 1194, 1142, 1116, 2826, 826, 2660, 1954, 1377, 1515)
(65, 300): Mean: 1795.396, median: 1659.5, std: 875.155, percent: 1785.86, B: 168, W: 81, 
	(1678, 1031, 1087, 1977, 2616, 1974, 1405, 2570, 1444, 2561, 1665, 2723, 2024, 1610, 844, 1538, 3313, 2224, 3169, 1486, 995, 1795, 780, 1791, 1082, 756, 2332, 991, 741, 2120, 3133, 1885, 1403, 542, 926, 2442, 1768, 1274, 2064, 1639, 1627, 1005, 351, 1823, 2093, 1410, 1789, 1486, 1395, 1471, 1732, 2738, 1455, 2205, 2452, 2291, 1044, 1975, 3012, 3135, 1392, 2327, 2683, 1310, 2127, 2356, 2102, 823, 4783, 1478, 1712, 835, 3366, 1700, 2511, 4710, 2025, 1796, 1829, 1499, 1886, 1822, 1842, 4259, 1612, 1648, 2016, 706, 1801, 2161, 2034, 1467, 2956, 944, 1609, 2207, 781, 2322, 1457, 1845, 450, 1123, 439, 1735, 1474, 1578, 911, 1180, 2434, 1408, 1765, 2956, 1245, 3448, 1538, 2872, 2186, 840, 1684, 3465, 1425, 1398, 1595, 1921, 3208, 2225, 4205, 1857, 3989, 1850, 1162, 555, 1138, 1164, 1560, 886, 1654, 829, 1919, 1151, 1459, 3239, 1705, 1731, 2991, 1993, 2391, 2053, 1645, 426, 1023, 1170, 1116, 1959, 1882, 1169, 1552, 1303, 1748, 1163, 2430, 1021, 872, 2001, 1156, 1360, 3992, 1898, 2731, 1105, 4616, 1477, 1986, 1125, 3052, 1458, 1750, 1790, 2808, 1273, 1078, 1907, 1288, 1956, 4179, 2641, 1079, 1901, 1495, 2692, 1094, 2029, 725, 1225, 1441, 1600, 757, 1456, 1792, 1824, 2987, 746, 471, 953, 1043, 1595, 1820, 2225, 2781, 1854, 882, 1861, 1111, 2152, 570, 1567, 1281, 672, 4547, 958, 2550, 914, 895, 762, 1197, 349, 1475, 4160, 2410, 1644, 390, 3017, 3648, 1125, 3584, 559, 2337, 1896, 673, 3344, 937, 1164, 1194, 1036, 2431, 784, 2694, 1884, 1478, 1416)
(66, 306): Mean: 1757.824, median: 1655.5, std: 825.684, percent: 1705.06, B: 144, W: 104, 
	(1737, 945, 1093, 1909, 2385, 1864, 1513, 2332, 1349, 2296, 2040, 2450, 2438, 1562, 833, 1875, 2462, 2351, 2986, 1477, 980, 1882, 744, 1612, 1083, 786, 2145, 1017, 781, 1979, 3047, 1644, 1464, 555, 842, 2089, 1828, 1185, 2297, 1515, 1461, 940, 339, 1854, 1946, 1288, 2091, 1470, 1418, 1444, 1610, 2582, 1204, 1913, 2425, 2192, 1094, 2104, 3249, 2938, 1431, 2228, 3048, 1100, 2087, 2349, 1724, 780, 4459, 1336, 1817, 703, 3245, 1644, 2727, 4575, 1893, 2010, 1795, 1470, 2238, 1760, 1843, 3392, 1632, 1445, 1873, 696, 1621, 2159, 2172, 1508, 2314, 966, 1317, 1918, 799, 2110, 1656, 1940, 416, 1196, 487, 1617, 1492, 1655, 872, 1048, 2322, 1422, 1765, 2230, 1255, 2869, 1625, 2830, 2094, 711, 1502, 3889, 1483, 1310, 1497, 1896, 3272, 2224, 3582, 2060, 4002, 2216, 1199, 538, 1044, 1239, 1567, 811, 1637, 880, 1750, 1233, 1311, 2698, 1732, 1749, 3326, 2397, 1995, 1786, 1594, 465, 872, 1173, 1101, 2023, 2027, 1155, 1302, 1317, 1808, 1151, 2332, 1173, 923, 1957, 1105, 1330, 3712, 1912, 2737, 1205, 3727, 1352, 1825, 1337, 2747, 1537, 1698, 1761, 2794, 1325, 1126, 1852, 1177, 1907, 3858, 2601, 936, 2290, 1846, 2681, 1137, 1835, 693, 1056, 1855, 1477, 753, 1516, 1793, 1704, 3316, 880, 471, 954, 1075, 1803, 2138, 2080, 2514, 1730, 809, 2062, 1121, 2119, 572, 1368, 1313, 560, 4055, 919, 3002, 969, 959, 787, 1225, 364, 1675, 3977, 2242, 1863, 397, 2833, 3817, 1051, 3824, 605, 2703, 1809, 659, 3205, 931, 1077, 1095, 1100, 2518, 751, 2648, 1698, 1448, 1350)
(68, 317): Mean: 1764.912, median: 1659.0, std: 875.302, percent: 1756.1, B: 128, W: 121, 
	(1479, 998, 1129, 1943, 2515, 2153, 1380, 2635, 1323, 2482, 1893, 2439, 2523, 1491, 933, 1703, 2733, 2371, 3049, 1665, 1015, 2048, 821, 1586, 1138, 808, 2146, 1015, 733, 1902, 2916, 1693, 1458, 501, 852, 2553, 1793, 1162, 1919, 1748, 1541, 931, 362, 1512, 1771, 1246, 1857, 1587, 1513, 1607, 1727, 2623, 1183, 1900, 2510, 2358, 1107, 2261, 3200, 2838, 1262, 2151, 3149, 1161, 2009, 2506, 1977, 723, 5210, 1327, 1560, 703, 2848, 1679, 2559, 4213, 1743, 1950, 1712, 1351, 2046, 1526, 2113, 3214, 1847, 1415, 2311, 622, 1548, 2228, 2069, 1495, 2490, 1022, 1469, 2022, 792, 2119, 1399, 1920, 331, 1130, 516, 1560, 1742, 1809, 926, 1137, 2677, 1386, 2047, 2343, 1253, 3564, 1453, 3191, 2045, 735, 1562, 3549, 1419, 1349, 1404, 2056, 3265, 2270, 6127, 2145, 3951, 1963, 1251, 601, 1098, 1131, 1562, 799, 1712, 675, 1852, 1265, 1516, 3048, 1770, 1747, 3331, 2164, 2138, 1977, 1557, 426, 1028, 1137, 1065, 2120, 2052, 1199, 1330, 1308, 1696, 1097, 2072, 1294, 843, 1848, 1058, 1416, 3698, 1797, 2390, 1129, 3897, 1473, 1829, 1110, 2701, 1583, 1813, 1713, 2526, 1400, 1187, 1813, 1319, 1764, 4560, 2290, 959, 2036, 1551, 2747, 1029, 2144, 710, 958, 1368, 1307, 809, 1533, 1883, 1774, 3559, 679, 470, 984, 1129, 1764, 2182, 2096, 2274, 1653, 738, 1949, 1082, 1948, 582, 1435, 1374, 551, 4320, 1003, 2850, 955, 921, 841, 1192, 353, 1456, 3756, 2185, 1776, 336, 2560, 3651, 1095, 3039, 509, 2521, 1713, 693, 3185, 987, 1068, 1116, 1051, 2627, 816, 2178, 1799, 1237, 1364)
(70, 324): Mean: 1768.728, median: 1625.5, std: 856.009, percent: 1755.52, B: 120, W: 129, 
	(1719, 1087, 1081, 2296, 2711, 2023, 1483, 2697, 1352, 2300, 1611, 2552, 2215, 1666, 996, 1522, 2815, 2226, 3615, 1613, 999, 1903, 815, 1490, 1085, 741, 2167, 954, 705, 2028, 2735, 2036, 1491, 479, 831, 2252, 1951, 1339, 2153, 1458, 1442, 983, 310, 1579, 1964, 1294, 2073, 1162, 1360, 1556, 1724, 2693, 1157, 1678, 2779, 2105, 1101, 2256, 3357, 2664, 1490, 2250, 2646, 1137, 1949, 2049, 1924, 764, 4357, 1525, 1510, 715, 2858, 1579, 2667, 5271, 1920, 1868, 1824, 1346, 2233, 1646, 2223, 3517, 1863, 1830, 2335, 679, 1564, 2147, 2047, 1558, 2480, 1095, 1347, 2313, 863, 1967, 1478, 1773, 300, 1150, 516, 1553, 1602, 1891, 864, 1149, 2466, 1375, 1873, 2355, 1305, 3779, 1477, 3395, 1862, 859, 1598, 3209, 1485, 1272, 1495, 1962, 2996, 2295, 4015, 2339, 3930, 1981, 1309, 532, 1099, 1231, 1459, 774, 1814, 862, 1861, 1117, 1481, 2914, 1655, 1711, 3229, 2002, 2311, 1855, 1628, 446, 881, 1055, 1088, 2073, 1944, 1141, 1351, 1252, 1616, 1164, 2208, 1185, 949, 1725, 1131, 1317, 3169, 1926, 2844, 1121, 4333, 1578, 2012, 1383, 3033, 1485, 1647, 1750, 2741, 1363, 1185, 1692, 1014, 1941, 4908, 2418, 1017, 2192, 1678, 2617, 1140, 1865, 751, 1076, 1355, 1336, 776, 1555, 1994, 1700, 3308, 708, 421, 1000, 1039, 1643, 2011, 2025, 2432, 1821, 765, 2153, 1201, 1942, 519, 1511, 1383, 571, 3825, 1002, 3024, 912, 917, 853, 1233, 427, 1623, 3655, 2018, 1700, 434, 2650, 3859, 949, 3703, 619, 2308, 1740, 662, 3367, 903, 1175, 1163, 1031, 2505, 798, 2767, 1731, 1366, 1461)
(71, 329): Mean: 1747.696, median: 1642.0, std: 829.233, percent: 1788.32, B: 135, W: 115, 
	(1601, 982, 1113, 1967, 2590, 1871, 1529, 2359, 1232, 2413, 1945, 2878, 2470, 1453, 793, 1701, 2500, 2795, 3166, 1386, 984, 1872, 866, 1870, 1032, 752, 2290, 1068, 866, 1844, 2783, 1718, 1433, 545, 902, 2354, 1736, 1064, 2149, 1570, 1628, 977, 341, 1671, 1847, 1213, 2155, 1348, 1217, 1632, 1708, 2846, 1354, 1860, 2763, 2752, 1048, 2247, 3021, 3152, 1242, 2078, 3160, 1119, 1957, 2222, 1940, 691, 5319, 1437, 1696, 679, 3247, 1699, 2394, 4668, 1715, 1995, 1712, 1247, 1853, 1602, 1853, 3436, 1475, 1330, 1964, 631, 1501, 2255, 2192, 1496, 2459, 1066, 1304, 2532, 842, 2254, 1403, 1755, 354, 1257, 461, 1584, 1511, 1833, 874, 1126, 2349, 1319, 2101, 2156, 1330, 3048, 1504, 2802, 1905, 823, 1582, 3458, 1438, 1278, 1310, 1768, 3289, 2211, 4242, 2365, 3480, 1769, 1283, 480, 1227, 1307, 1626, 785, 1727, 717, 1825, 1095, 1593, 3224, 1721, 1716, 3095, 2151, 2383, 1949, 1698, 453, 1000, 1216, 1105, 1866, 2051, 1072, 1319, 1338, 1652, 1120, 2243, 1228, 947, 1937, 1195, 1438, 3520, 1950, 2808, 1259, 3449, 1302, 1974, 1240, 3131, 1414, 1673, 1818, 2683, 1405, 1113, 1835, 1412, 1678, 3931, 2676, 938, 1995, 1517, 2686, 1231, 1840, 700, 1055, 1440, 1426, 839, 1449, 1842, 1877, 3144, 766, 499, 928, 1056, 1790, 2008, 2121, 2624, 1674, 843, 2163, 1002, 1914, 535, 1522, 1231, 674, 3811, 959, 2752, 889, 885, 781, 1114, 358, 1385, 3844, 2077, 1783, 428, 2644, 3053, 1153, 3353, 568, 2096, 1909, 656, 2744, 828, 1089, 1083, 1072, 2656, 720, 2427, 1484, 1307, 1465)
(72, 333): Mean: 1692.74, median: 1548.0, std: 816.476, percent: 1687.78, B: 158, W: 92, 
	(1466, 910, 997, 1918, 2281, 1965, 1488, 2695, 1285, 2221, 1716, 2669, 2560, 1435, 851, 1637, 2590, 2353, 3133, 1496, 966, 1541, 790, 1489, 995, 773, 1909, 954, 717, 1961, 2653, 1567, 1673, 450, 849, 2357, 1622, 1316, 1777, 1458, 1367, 960, 346, 1529, 1767, 1288, 2015, 1547, 1255, 1508, 1681, 2423, 1158, 1810, 2408, 2446, 970, 2282, 2698, 3394, 1373, 1805, 2845, 1237, 1786, 2254, 1844, 674, 4676, 1220, 1455, 623, 3603, 1641, 2315, 4258, 2197, 1879, 1811, 1295, 1708, 1694, 1767, 2641, 1557, 1575, 2114, 666, 1558, 2383, 1941, 1471, 2665, 999, 1294, 2135, 803, 1980, 1291, 1926, 317, 1107, 482, 1415, 1598, 1563, 938, 950, 2504, 1201, 2021, 2361, 1292, 3683, 1259, 2365, 1715, 682, 1734, 3480, 1530, 1201, 1269, 1828, 3092, 2166, 3584, 2001, 3995, 1907, 1364, 489, 1102, 1156, 1523, 775, 1659, 795, 1585, 1092, 1241, 3041, 1718, 1620, 2637, 1947, 1907, 1737, 1526, 414, 1113, 1196, 1112, 1959, 1812, 1058, 1279, 1255, 1662, 1180, 2507, 936, 851, 1814, 1009, 1291, 3997, 1721, 2625, 1091, 3951, 1287, 1729, 1264, 2685, 1354, 1498, 1933, 2723, 1265, 1051, 2024, 1351, 1549, 4105, 2400, 974, 1937, 1458, 2644, 1004, 1881, 669, 1054, 1510, 1444, 748, 1408, 1765, 1534, 2796, 753, 509, 878, 1086, 1650, 1865, 1982, 2873, 1526, 841, 1849, 1093, 2174, 475, 1472, 1065, 576, 4057, 841, 2776, 943, 910, 802, 1124, 373, 1481, 3474, 1873, 2035, 395, 2790, 3292, 1080, 3566, 510, 1880, 1847, 686, 3265, 852, 1161, 1124, 1100, 2392, 784, 2204, 1721, 1480, 1375)
(77, 362): Mean: 1668.88, median: 1562.0, std: 797.846, percent: 1663.58, B: 134, W: 116, 
	(1436, 984, 965, 2045, 2230, 2087, 1497, 2466, 1172, 2234, 1627, 2554, 2105, 1517, 781, 1660, 2595, 2396, 3319, 1389, 924, 1516, 831, 1570, 980, 725, 2266, 949, 735, 1786, 2417, 1581, 1439, 440, 838, 2442, 1588, 1164, 1856, 1401, 1575, 912, 321, 1534, 1730, 1225, 1870, 1389, 1360, 1377, 1725, 2502, 1312, 1882, 2124, 2542, 1085, 1849, 3173, 2846, 1432, 2152, 2650, 1225, 1816, 2236, 1638, 718, 3889, 1361, 1613, 629, 2891, 1921, 2325, 4561, 1730, 1719, 1869, 1213, 1951, 1571, 1763, 2894, 1414, 1618, 1978, 665, 1726, 2395, 1636, 1411, 2508, 998, 1269, 1967, 741, 1870, 1367, 1838, 286, 1140, 414, 1462, 1467, 1570, 944, 1150, 2010, 1229, 2008, 2109, 1259, 4118, 1248, 2448, 1688, 742, 1617, 3705, 1328, 1231, 1405, 1820, 2752, 1982, 3884, 1922, 3594, 1855, 1211, 557, 1187, 1119, 1541, 814, 1673, 805, 1653, 1090, 1672, 2927, 1500, 1753, 2697, 2157, 2175, 1772, 1532, 431, 932, 1125, 973, 1758, 1679, 1157, 1391, 1152, 1732, 1077, 1961, 1179, 830, 1766, 959, 1332, 3822, 1818, 2957, 1118, 3800, 1485, 1836, 1184, 2585, 1475, 1456, 1490, 2833, 1396, 1078, 1584, 1455, 1577, 4441, 2512, 932, 2115, 1512, 2355, 1055, 1911, 771, 1045, 1373, 1266, 713, 1550, 1685, 1589, 2882, 772, 447, 865, 999, 1626, 1957, 2302, 2304, 1554, 809, 1664, 1022, 1930, 583, 1449, 1317, 742, 3779, 876, 2760, 859, 889, 776, 1172, 325, 1339, 4260, 2150, 1839, 391, 2573, 3346, 968, 3076, 513, 2088, 1762, 693, 2667, 847, 1196, 1042, 1000, 2152, 811, 2260, 1655, 1294, 1200)
(82, 387): Mean: 1665.156, median: 1546.5, std: 790.674, percent: 1678.32, B: 125, W: 122, 
	(1397, 990, 1012, 2274, 2217, 1850, 1448, 2530, 1216, 2339, 1513, 3028, 2484, 1508, 830, 1573, 2387, 2393, 2603, 1457, 969, 1547, 799, 1504, 980, 775, 2038, 961, 674, 1940, 2442, 1581, 1400, 497, 794, 2480, 1753, 1157, 1800, 1451, 1346, 923, 349, 1722, 1567, 1208, 1876, 1629, 1240, 1503, 1546, 2473, 1223, 2105, 2578, 2300, 1006, 1946, 3007, 3185, 1214, 1952, 3066, 1143, 1877, 1990, 1883, 692, 4592, 1328, 1447, 656, 3111, 1508, 2399, 4785, 1611, 1635, 1646, 1316, 1851, 1570, 1717, 2925, 1646, 1768, 2039, 754, 1694, 2188, 1937, 1462, 2577, 887, 1094, 2128, 823, 1859, 1327, 1680, 379, 1112, 459, 1440, 1390, 1663, 836, 1059, 2216, 1218, 1868, 2282, 1286, 2928, 1449, 2291, 1826, 703, 1497, 3343, 1325, 1291, 1287, 1995, 2822, 2040, 3858, 2070, 3874, 1929, 1135, 493, 1100, 1157, 1677, 860, 1622, 748, 1863, 1036, 1423, 2921, 1814, 1738, 2782, 2264, 2047, 1700, 1479, 436, 800, 1083, 1053, 1908, 1836, 1016, 1240, 1196, 1700, 1110, 2351, 1113, 860, 1828, 979, 1391, 3493, 1818, 2427, 1223, 3693, 1359, 1603, 1242, 2927, 1402, 1434, 1770, 2783, 1238, 1110, 1835, 1326, 1521, 3608, 2260, 1025, 2300, 1740, 3153, 1091, 1876, 729, 1017, 1351, 1354, 761, 1309, 1916, 1680, 3066, 688, 456, 884, 986, 1698, 2114, 1813, 2419, 1557, 863, 1727, 1005, 1805, 504, 1415, 1214, 594, 4335, 942, 2640, 1017, 911, 733, 1182, 345, 1402, 3483, 2131, 1758, 392, 2481, 2825, 1051, 2885, 471, 1617, 1639, 702, 2996, 963, 1037, 1165, 1035, 2202, 783, 2100, 1810, 1284, 1195)
(84, 395): Mean: 1644.048, median: 1542.5, std: 750.082, percent: 1656.18, B: 131, W: 117, 
	(1381, 864, 1038, 1944, 2672, 2135, 1366, 2856, 1192, 2144, 1622, 2606, 2029, 1478, 763, 1537, 2411, 1989, 3091, 1452, 884, 1703, 799, 1552, 1036, 647, 2064, 883, 659, 1791, 2494, 1479, 1405, 480, 799, 2417, 1697, 1056, 1828, 1441, 1447, 1032, 328, 1553, 1815, 1309, 1881, 1329, 1308, 1444, 1583, 2454, 1332, 1864, 2292, 2072, 1067, 2139, 3059, 3014, 1406, 2008, 2611, 1219, 1659, 2186, 1743, 781, 4213, 1330, 1431, 676, 2708, 1641, 2493, 3903, 1812, 1671, 1633, 1177, 1984, 1441, 1670, 2886, 1680, 1368, 1750, 666, 1605, 2274, 1964, 1606, 2211, 1002, 1313, 2012, 855, 2110, 1270, 2129, 302, 1105, 515, 1658, 1224, 1684, 823, 966, 1856, 1238, 1618, 2523, 1202, 3079, 1548, 2318, 1761, 796, 1681, 3402, 1420, 1229, 1331, 1876, 2581, 2154, 3686, 1986, 3154, 1831, 1145, 535, 1150, 1152, 1630, 734, 1623, 898, 1551, 1230, 1507, 2805, 1585, 1713, 3168, 2124, 2264, 1744, 1399, 473, 925, 1076, 1107, 2035, 1600, 1109, 1174, 1306, 1760, 1200, 1970, 1085, 867, 1919, 959, 1377, 3302, 1906, 2784, 1173, 3538, 1286, 1948, 1237, 2908, 1444, 1454, 1765, 2670, 1218, 1032, 1781, 1139, 1469, 3367, 2229, 969, 1899, 1568, 2662, 936, 1972, 679, 980, 1343, 1417, 767, 1397, 1674, 1697, 2987, 698, 390, 907, 1005, 1502, 2013, 2004, 2754, 1487, 753, 1783, 1031, 2077, 550, 1527, 1284, 715, 3832, 883, 2406, 838, 816, 731, 1184, 354, 1435, 3392, 2238, 1527, 411, 2456, 3272, 967, 3040, 551, 1900, 1697, 672, 2962, 836, 1132, 995, 1016, 2332, 731, 2453, 1746, 1284, 1297)
(85, 400): Mean: 1654.644, median: 1543.0, std: 777.669, percent: 1651.92, B: 126, W: 123, 
	(1316, 925, 984, 2236, 2372, 1896, 1379, 2480, 1252, 2032, 1618, 2429, 1955, 1507, 781, 1444, 2709, 2300, 2991, 1467, 997, 1490, 759, 1560, 994, 703, 2013, 872, 646, 1795, 2667, 1736, 1599, 479, 848, 2282, 1570, 1146, 1691, 1435, 1437, 928, 321, 1534, 1875, 1185, 1811, 1486, 1350, 1525, 1796, 2506, 1186, 1741, 2101, 2057, 994, 2007, 3368, 2841, 1385, 1813, 2688, 1239, 1821, 2668, 1736, 744, 5158, 1319, 1383, 653, 3107, 1736, 2403, 4748, 1734, 1740, 1701, 1237, 2002, 1521, 1674, 3416, 1588, 1397, 1921, 617, 1599, 2062, 1752, 1349, 2514, 873, 1355, 1982, 838, 2107, 1483, 2031, 432, 1039, 461, 1541, 1379, 1542, 889, 991, 2336, 1244, 1839, 2228, 1331, 2738, 1342, 2281, 1841, 849, 1658, 3076, 1312, 1190, 1284, 1786, 3031, 2188, 3714, 2077, 3129, 1809, 1264, 507, 1066, 1211, 1455, 749, 1620, 751, 1912, 1112, 1256, 2778, 1593, 1587, 2933, 1908, 1914, 1753, 1400, 456, 903, 1119, 1024, 1870, 1786, 1040, 1376, 1197, 1538, 1103, 2282, 1007, 954, 1826, 1110, 1584, 3258, 1696, 2929, 1177, 2982, 1368, 1907, 1145, 2540, 1374, 1573, 1760, 2652, 1256, 1096, 1803, 1237, 1565, 3744, 2522, 1042, 1859, 1576, 2513, 1037, 1715, 713, 1031, 1422, 1344, 683, 1417, 1699, 1786, 3438, 764, 448, 870, 1006, 1707, 1996, 1937, 2399, 1492, 759, 1914, 1120, 1971, 485, 1582, 1164, 821, 3623, 871, 2644, 939, 878, 778, 1158, 319, 1363, 3293, 2327, 1544, 434, 2676, 3135, 1047, 3217, 546, 1933, 1911, 741, 3322, 856, 1083, 996, 1116, 2332, 674, 2176, 1677, 1344, 1415)
(104, 514): Mean: 1656.24, median: 1565.0, std: 773.864, percent: 1590.86, B: 119, W: 131, 
	(1464, 992, 1045, 2006, 2111, 1909, 1583, 2441, 1183, 2102, 1726, 2943, 1966, 1466, 795, 1674, 2421, 1948, 3196, 1472, 922, 1583, 724, 1598, 928, 741, 2240, 903, 658, 1914, 2449, 1589, 1515, 480, 823, 2440, 1654, 1166, 1912, 1516, 1363, 970, 341, 1712, 1661, 1306, 1861, 1339, 1491, 1392, 1856, 2675, 1384, 1773, 2032, 2216, 973, 2096, 3323, 3077, 1215, 2172, 2576, 1063, 1759, 2065, 1894, 701, 4901, 1377, 1538, 619, 3175, 1836, 2148, 4443, 1774, 1721, 1664, 1475, 2014, 1590, 2028, 3332, 1571, 1434, 1809, 701, 1671, 2308, 1911, 1374, 2876, 886, 1352, 2037, 829, 2047, 1667, 2192, 366, 1106, 448, 1426, 1427, 1526, 835, 1086, 1973, 1253, 1605, 2192, 1174, 2985, 1444, 2358, 1702, 774, 1451, 3422, 1326, 1282, 1361, 1938, 2795, 2034, 3381, 2128, 3598, 1902, 1158, 521, 1067, 1216, 1445, 815, 1541, 805, 1828, 1091, 1402, 2840, 1892, 1711, 2664, 1896, 2055, 1675, 1546, 521, 1098, 1096, 1011, 2017, 2052, 1019, 1337, 1332, 1667, 1069, 2092, 1107, 827, 1786, 952, 1282, 3210, 1913, 2546, 1104, 3056, 1258, 1843, 1197, 2410, 1484, 1421, 1696, 2295, 1247, 1125, 2030, 1209, 1662, 4098, 2252, 1089, 2035, 1708, 2604, 1039, 2037, 723, 987, 1271, 1396, 700, 1495, 1640, 1559, 2624, 718, 468, 874, 962, 1556, 1816, 2233, 2460, 1599, 755, 1800, 968, 2052, 492, 1490, 1201, 663, 3507, 911, 2658, 923, 778, 779, 1068, 391, 1344, 4097, 2122, 1658, 388, 2504, 3126, 946, 3246, 581, 1876, 1756, 658, 2964, 812, 1020, 1031, 1029, 2123, 776, 2147, 1803, 1294, 1159)
(114, 570): Mean: 1656.72, median: 1531.5, std: 789.834, percent: 1633.4, B: 125, W: 125, 
	(1387, 989, 1080, 1837, 2034, 1928, 1342, 2315, 1299, 2236, 1816, 2748, 2257, 1404, 815, 1686, 2302, 2352, 3091, 1464, 1039, 1732, 750, 1434, 983, 723, 2031, 908, 686, 1753, 2584, 1554, 1476, 417, 838, 2261, 1663, 1019, 1735, 1484, 1314, 912, 321, 1526, 1621, 1442, 1747, 1410, 1269, 1512, 1543, 2306, 1213, 2019, 2464, 2685, 1037, 1913, 2983, 3000, 1228, 1923, 2723, 1089, 1717, 2247, 1555, 681, 4176, 1220, 1421, 678, 3015, 1697, 2858, 4133, 1750, 1837, 1778, 1330, 1684, 1643, 1658, 2873, 1616, 1421, 2008, 666, 1660, 2197, 2092, 1546, 2678, 967, 1359, 1870, 788, 2074, 1364, 1677, 414, 1083, 475, 1540, 1352, 1407, 867, 1099, 2226, 1278, 1917, 2170, 1175, 3058, 1337, 2745, 1737, 677, 1418, 3907, 1307, 1302, 1314, 1883, 2979, 2244, 3528, 1969, 3243, 1952, 1262, 563, 1034, 1102, 1349, 839, 1431, 708, 1676, 1043, 1447, 3082, 1537, 1742, 2952, 2224, 2078, 1893, 1566, 415, 1075, 1214, 985, 1960, 1780, 1057, 1248, 1379, 1619, 1061, 1963, 988, 902, 1902, 928, 1387, 3525, 1525, 2547, 1094, 3249, 1275, 1746, 1232, 2661, 1485, 1470, 1743, 2848, 1152, 1083, 1886, 1319, 1677, 4994, 2488, 957, 2368, 1621, 2664, 1038, 1760, 660, 993, 1355, 1270, 781, 1482, 1584, 1761, 2446, 706, 507, 884, 1025, 1585, 1959, 2044, 2272, 1734, 827, 1813, 1079, 1868, 515, 1340, 1277, 625, 4303, 940, 2580, 947, 882, 775, 1110, 379, 1437, 3817, 2082, 1623, 408, 2939, 3058, 1089, 3327, 580, 2019, 1776, 639, 2942, 895, 1041, 1079, 1070, 2062, 886, 1943, 1729, 1195, 1249)
(117, 585): Mean: 1644.26, median: 1542.5, std: 758.351, percent: 1622.5, B: 127, W: 122, 
	(1450, 901, 997, 1760, 2356, 1766, 1318, 2324, 1301, 1981, 1761, 2245, 2257, 1551, 671, 1730, 2383, 2232, 3532, 1471, 930, 1513, 767, 1441, 1086, 721, 1902, 984, 716, 1824, 2626, 1744, 1497, 550, 803, 2532, 1657, 1088, 1820, 1416, 1415, 1041, 336, 1495, 1934, 1433, 1887, 1369, 1305, 1513, 1619, 2364, 1322, 1874, 2542, 2260, 920, 2054, 2939, 2864, 1272, 1754, 2919, 1135, 1930, 2124, 1874, 667, 4113, 1386, 1321, 649, 2794, 1616, 2538, 3716, 1530, 1913, 1688, 1354, 1741, 1690, 1577, 3471, 1679, 1611, 1952, 663, 1545, 1988, 1796, 1440, 2717, 908, 1269, 1731, 852, 1830, 1323, 1948, 290, 1193, 497, 1559, 1492, 1503, 872, 1180, 2036, 1221, 1820, 2229, 1271, 3505, 1481, 2754, 1635, 795, 1445, 3398, 1542, 1183, 1251, 1992, 2985, 2110, 3450, 2070, 3275, 1908, 1213, 439, 1081, 1184, 1433, 740, 1613, 690, 1702, 1117, 1231, 2838, 1543, 1685, 3236, 2117, 1887, 1753, 1436, 432, 1099, 1072, 1015, 1907, 1854, 1039, 1282, 1256, 1698, 1188, 2210, 1130, 862, 1619, 1035, 1355, 3382, 1665, 2218, 1226, 3434, 1414, 1834, 1152, 2891, 1339, 1674, 1626, 2589, 1287, 1076, 1784, 1179, 1513, 3501, 2514, 981, 2108, 1807, 2628, 1101, 1847, 755, 1013, 1180, 1235, 703, 1464, 1570, 1677, 2713, 714, 439, 910, 917, 1736, 1823, 1723, 2658, 1615, 813, 2054, 1021, 1915, 480, 1505, 1301, 659, 3873, 903, 3102, 906, 872, 751, 1134, 327, 1356, 3752, 1960, 1631, 379, 2552, 2949, 1051, 3050, 517, 1824, 1747, 700, 3061, 871, 1069, 1100, 1008, 2014, 732, 2115, 1759, 1445, 1145)
(139, 716): Mean: 1722.348, median: 1571.5, std: 810.475, percent: 1727.66, B: 80, W: 170, 
	(1396, 955, 1016, 1871, 2320, 1924, 1620, 2925, 1224, 2233, 1810, 2805, 2005, 1671, 901, 1687, 2489, 2301, 3175, 1566, 940, 1524, 790, 1607, 1060, 775, 2072, 994, 680, 2079, 2515, 1691, 1306, 515, 957, 2410, 1725, 1083, 1824, 1650, 1402, 891, 324, 1624, 1838, 1382, 1884, 1510, 1475, 1418, 1814, 2555, 1334, 1917, 2519, 2680, 1254, 2146, 3373, 3407, 1326, 2257, 2939, 1185, 1962, 2102, 2145, 711, 5118, 1277, 1530, 681, 2927, 1705, 2599, 4489, 1694, 1881, 2012, 1287, 1595, 1782, 1884, 3076, 1541, 1598, 2108, 618, 1561, 2497, 2043, 1461, 2798, 972, 1384, 2331, 829, 2366, 1508, 1915, 354, 1255, 532, 1522, 1566, 1577, 893, 1058, 2428, 1264, 1640, 2126, 1318, 3145, 1544, 2524, 1716, 831, 1495, 3856, 1374, 1158, 1410, 1935, 2870, 2115, 3907, 2332, 3434, 1806, 1114, 488, 1066, 1132, 1548, 825, 1562, 773, 1771, 1118, 1410, 3113, 1591, 2034, 3040, 2165, 2220, 1754, 1448, 426, 1042, 1115, 1176, 1957, 2289, 1137, 1312, 1286, 1746, 1063, 2164, 1025, 925, 1927, 1055, 1472, 3355, 2005, 2337, 1096, 3771, 1253, 1794, 1211, 2615, 1383, 1796, 1672, 2552, 1299, 1251, 1885, 1213, 1607, 3566, 2532, 1060, 2103, 1532, 3088, 1078, 1778, 783, 960, 1429, 1290, 775, 1382, 1807, 1791, 3282, 713, 468, 961, 1027, 1529, 2133, 2202, 2494, 1510, 805, 2186, 1034, 2082, 554, 1551, 1279, 628, 3934, 1000, 2758, 895, 836, 772, 1521, 426, 1490, 3617, 2106, 1743, 398, 2591, 3172, 1048, 3170, 543, 2244, 1821, 696, 3281, 833, 1108, 1254, 1061, 2377, 769, 2123, 1821, 1495, 1391)
(143, 739): Mean: 1726.384, median: 1602.0, std: 825.285, percent: 1718.5, B: 125, W: 125, 
	(1596, 1067, 1061, 1999, 2140, 2414, 1382, 2314, 1253, 2043, 2168, 2752, 2052, 1474, 866, 1655, 2632, 2484, 3359, 1410, 1054, 1840, 843, 1722, 1012, 646, 2094, 990, 713, 1935, 2449, 1664, 1467, 507, 861, 2414, 1820, 1074, 1680, 1522, 1314, 898, 298, 1782, 1889, 1459, 1715, 1409, 1430, 1437, 1723, 2469, 1453, 1872, 2520, 2503, 1084, 2167, 3434, 3316, 1375, 2423, 2770, 1181, 1824, 2133, 1822, 798, 4458, 1356, 1536, 607, 2887, 1528, 2356, 4488, 1966, 1779, 1481, 1216, 1798, 1768, 1796, 3677, 1921, 1499, 1983, 687, 1479, 2228, 1923, 1585, 2642, 931, 1474, 1804, 818, 2156, 1320, 1846, 339, 1143, 542, 1580, 1368, 1575, 960, 1093, 2628, 1305, 1556, 2433, 1282, 3445, 1465, 2661, 1974, 836, 1642, 3899, 1522, 1186, 1413, 1739, 3222, 2320, 3754, 2284, 3816, 2215, 1136, 478, 1056, 1109, 1608, 886, 1690, 746, 1893, 1210, 1373, 2556, 1536, 1850, 3563, 2174, 2009, 1944, 1627, 437, 981, 1169, 1067, 2157, 1898, 1157, 1347, 1273, 1631, 1179, 2471, 1144, 858, 1699, 1099, 1368, 3320, 1794, 2593, 1137, 3814, 1340, 1999, 1162, 2676, 1427, 1624, 1731, 2121, 1269, 1227, 1956, 1289, 1628, 3652, 2174, 1030, 2009, 1647, 3148, 1148, 2205, 809, 1057, 1608, 1257, 763, 1541, 1697, 1733, 3364, 671, 429, 901, 1032, 1579, 1958, 2330, 2293, 1797, 867, 1836, 1075, 1982, 549, 1425, 1259, 600, 3898, 988, 2234, 878, 943, 813, 1174, 343, 1401, 4386, 2059, 1784, 410, 2753, 3494, 1159, 3776, 509, 2246, 1807, 662, 3172, 850, 1141, 1099, 1136, 2456, 828, 2559, 1783, 1242, 1586)
(148, 768): Mean: 1716.892, median: 1588.0, std: 808.991, percent: 1686.74, B: 132, W: 116, 
	(1441, 998, 1019, 1963, 2392, 1948, 1419, 2267, 1557, 2086, 1932, 2799, 2107, 1509, 833, 1483, 2413, 2439, 3188, 1424, 1012, 1614, 724, 1568, 1025, 726, 2146, 894, 735, 2020, 2673, 1626, 1411, 479, 841, 2184, 1785, 1071, 1790, 1448, 1394, 919, 362, 1675, 1972, 1267, 1962, 1451, 1310, 1601, 1903, 2685, 1434, 1810, 2300, 2584, 1116, 2088, 3099, 3067, 1332, 1894, 2828, 1243, 1825, 2306, 1768, 736, 5139, 1333, 1474, 647, 3195, 1503, 2610, 4468, 1597, 1833, 1777, 1371, 1968, 1632, 1873, 3060, 1691, 1569, 1877, 658, 1629, 2260, 1979, 1530, 2405, 1000, 1325, 2270, 868, 2252, 1211, 1790, 390, 1147, 495, 1433, 1438, 1719, 905, 1021, 2273, 1296, 2154, 2148, 1236, 3176, 1525, 2729, 1809, 806, 1556, 3645, 1386, 1329, 1382, 1990, 2861, 1939, 4109, 2088, 3546, 1734, 1358, 517, 1130, 1222, 1576, 816, 1701, 756, 1837, 1243, 1414, 2647, 1907, 1985, 3035, 2360, 2152, 1779, 1480, 422, 1075, 1157, 973, 1963, 1962, 1083, 1306, 1266, 1540, 1222, 2380, 1130, 948, 1720, 1085, 1368, 3294, 1978, 2479, 1136, 3620, 1356, 2433, 1285, 2660, 1281, 1476, 1932, 2704, 1284, 1105, 1903, 1166, 1746, 4238, 2476, 932, 2155, 1619, 2746, 1054, 2127, 689, 1052, 1624, 1474, 755, 1612, 1927, 1655, 3061, 764, 497, 943, 1111, 1596, 2025, 2095, 2425, 1580, 764, 1961, 1093, 2110, 518, 1529, 1268, 603, 3867, 923, 2823, 927, 943, 702, 1182, 326, 1447, 3808, 2029, 1946, 398, 3119, 3516, 1042, 3188, 608, 2062, 1793, 762, 2792, 942, 1091, 1081, 1021, 2278, 794, 2651, 1996, 1315, 1441)
(149, 769): Mean: 1726.336, median: 1622.0, std: 847.236, percent: 1684.14, B: 126, W: 124, 
	(1502, 960, 1149, 1723, 2288, 1790, 1647, 2406, 1193, 2146, 1818, 2923, 2217, 1455, 845, 1577, 2766, 2075, 4098, 1324, 996, 1769, 699, 1501, 1027, 730, 2330, 872, 734, 1851, 2669, 1860, 1432, 492, 863, 2350, 1735, 1040, 2098, 1508, 1533, 874, 373, 1619, 1752, 1389, 1945, 1340, 1338, 1520, 1729, 2538, 1313, 1854, 2451, 2385, 1036, 2007, 3115, 3116, 1151, 1825, 2633, 1253, 1903, 2080, 1919, 700, 5305, 1347, 1651, 654, 2994, 1697, 2512, 4637, 1881, 1828, 2035, 1255, 1689, 1857, 1717, 3357, 1840, 1497, 1918, 713, 1625, 2244, 2271, 1336, 2835, 995, 1277, 2087, 757, 2361, 1487, 1824, 393, 1161, 482, 1606, 1670, 1542, 901, 1038, 2428, 1246, 1837, 2281, 1290, 3306, 1590, 2665, 1877, 1023, 1702, 3474, 1427, 1387, 1419, 1910, 3018, 2176, 4201, 2083, 3647, 1867, 1291, 590, 1228, 1125, 1572, 755, 1679, 747, 1774, 1218, 1411, 2457, 1565, 1916, 3140, 2318, 1970, 1860, 1426, 399, 860, 1220, 1067, 1805, 1951, 1159, 1344, 1155, 1468, 1139, 2298, 1101, 829, 1799, 1114, 1381, 3123, 1746, 2855, 1102, 3829, 1389, 2032, 1168, 2730, 1532, 1555, 1701, 2581, 1216, 1153, 1916, 1205, 1743, 3267, 2301, 888, 1850, 1736, 3039, 1116, 1828, 739, 1122, 1396, 1464, 778, 1508, 1721, 1677, 3196, 779, 507, 939, 1029, 1566, 2029, 1942, 2814, 1779, 852, 1874, 1026, 2168, 540, 1654, 1241, 632, 3955, 916, 3033, 976, 857, 779, 1178, 361, 1368, 4172, 2267, 1684, 342, 3155, 4478, 1014, 3567, 532, 1868, 2188, 692, 3261, 924, 1112, 1023, 918, 2611, 733, 2209, 1886, 1249, 1293)
(150, 775): Mean: 1723.92, median: 1592.0, std: 839.341, percent: 1722.52, B: 131, W: 118, 
	(1512, 889, 979, 1896, 2580, 1820, 1490, 2925, 1550, 2212, 1877, 2632, 2113, 1376, 885, 1814, 2511, 2409, 3454, 1518, 1027, 1717, 816, 1639, 1024, 708, 2214, 876, 724, 1847, 2645, 1727, 1519, 559, 784, 2403, 1736, 1240, 1604, 1498, 1487, 929, 338, 1603, 1840, 1287, 2175, 1324, 1238, 1429, 1618, 2574, 1206, 1874, 2181, 2633, 1051, 1790, 3354, 2786, 1395, 2090, 2744, 1109, 1904, 2325, 1686, 692, 4957, 1355, 1502, 669, 3463, 1683, 2404, 3918, 1842, 2184, 1960, 1219, 1802, 1805, 1741, 3662, 1630, 1478, 1849, 612, 1559, 2171, 1930, 1410, 2542, 951, 1203, 2268, 842, 2124, 1515, 1786, 376, 1174, 433, 1443, 1569, 1795, 902, 1109, 2538, 1273, 1863, 2356, 1300, 3643, 1526, 2962, 1692, 870, 1619, 4126, 1452, 1153, 1477, 1668, 2965, 2240, 4019, 2149, 3793, 2217, 1299, 518, 1194, 1129, 1423, 783, 1712, 736, 1722, 1210, 1373, 3021, 1775, 2009, 3306, 1957, 1879, 1810, 1708, 410, 857, 1038, 1050, 1865, 1903, 1321, 1326, 1306, 1615, 1181, 2609, 1046, 944, 2029, 1006, 1374, 3354, 1863, 2948, 1216, 3482, 1403, 1839, 1216, 2838, 1366, 1528, 1735, 2540, 1313, 1150, 1939, 1188, 1525, 4105, 2387, 890, 2296, 1618, 3010, 1018, 2404, 708, 1028, 1303, 1258, 724, 1460, 1818, 1850, 3164, 707, 494, 923, 1057, 1589, 1767, 1849, 2479, 1595, 816, 1927, 1209, 1939, 549, 1478, 1311, 606, 4391, 863, 2753, 948, 871, 745, 1237, 358, 1368, 3815, 2206, 1494, 367, 2600, 3692, 1069, 3101, 545, 2297, 1740, 664, 3015, 855, 1214, 1082, 1078, 2513, 797, 2349, 2034, 1291, 1256)
(152, 786): Mean: 1674.324, median: 1535.5, std: 800.237, percent: 1725.28, B: 148, W: 102, 
	(1590, 1036, 1058, 1950, 2336, 1857, 1331, 3036, 1218, 2149, 1684, 2423, 2164, 1409, 823, 1623, 2573, 2611, 2927, 1468, 988, 1641, 761, 1657, 1018, 733, 2173, 899, 710, 1718, 2869, 1508, 1328, 496, 777, 2116, 1517, 1142, 1662, 1442, 1287, 894, 365, 1627, 1625, 1301, 2082, 1359, 1386, 1475, 1656, 2591, 1291, 2116, 2325, 2285, 1008, 1943, 3062, 3391, 1226, 1862, 2754, 1208, 1797, 2626, 1692, 750, 4649, 1333, 1566, 675, 3251, 1535, 2903, 4114, 1953, 1916, 1879, 1475, 1823, 1555, 1666, 2996, 1489, 1583, 1967, 651, 1644, 2259, 1897, 1260, 3017, 963, 1343, 1949, 786, 2092, 1340, 1561, 300, 1206, 541, 1743, 1372, 1540, 861, 1060, 2358, 1246, 1854, 2177, 1220, 2636, 1554, 2803, 1910, 692, 1324, 3738, 1457, 1237, 1363, 2018, 2677, 2249, 3421, 1991, 3522, 2199, 1205, 439, 966, 1137, 1466, 882, 1573, 658, 1684, 1227, 1237, 2815, 1534, 1699, 2827, 1918, 2169, 1738, 1440, 488, 1040, 1174, 999, 1692, 1787, 1145, 1275, 1328, 1843, 1091, 1958, 1039, 863, 1920, 1013, 1305, 3714, 1747, 2967, 1087, 3880, 1352, 1813, 1187, 2739, 1323, 1487, 1923, 2217, 1265, 1081, 1905, 1311, 1541, 4284, 2543, 1039, 2015, 1631, 2693, 1104, 1927, 733, 1011, 1401, 1297, 788, 1397, 1626, 1561, 2890, 797, 434, 1047, 1025, 1597, 1897, 2055, 2501, 1507, 758, 1867, 1059, 1991, 490, 1374, 1226, 575, 3661, 865, 2601, 864, 858, 763, 1084, 324, 1435, 3620, 2155, 1536, 442, 2814, 3001, 1114, 3645, 511, 2076, 2026, 622, 3122, 850, 1166, 1083, 979, 2140, 747, 2482, 1449, 1276, 1253)
(153, 791): Mean: 1672.652, median: 1554.5, std: 802.869, percent: 1669.74, B: 125, W: 124, 
	(1497, 848, 1093, 1783, 2467, 1893, 1429, 2360, 1233, 2156, 1634, 2499, 2067, 1508, 715, 1577, 2685, 2161, 3344, 1373, 898, 1545, 767, 1594, 957, 678, 2209, 985, 756, 1867, 2583, 1730, 1406, 477, 836, 2686, 1595, 1210, 1593, 1638, 1347, 909, 273, 1521, 1662, 1389, 1793, 1180, 1248, 1421, 1751, 2524, 1323, 1823, 2358, 2318, 1011, 1907, 3064, 3197, 1281, 1732, 2672, 1150, 1755, 2482, 1878, 715, 4611, 1334, 1409, 648, 2855, 1620, 2705, 4343, 1776, 1779, 1671, 1225, 1715, 1544, 1745, 4006, 1495, 1765, 2040, 628, 1612, 2341, 2001, 1522, 2745, 925, 1313, 2012, 883, 2051, 1318, 1933, 296, 1138, 531, 1453, 1429, 1668, 811, 977, 2439, 1315, 1731, 2197, 1333, 3172, 1462, 2378, 1656, 802, 1566, 3844, 1377, 1153, 1383, 1742, 2960, 2049, 3788, 2056, 3668, 1887, 1228, 525, 1146, 1071, 1466, 826, 1728, 643, 1832, 1141, 1495, 2857, 1487, 1836, 3137, 2227, 2166, 1816, 1402, 381, 1066, 1177, 1054, 1827, 2047, 1121, 1271, 1234, 1619, 1098, 2143, 1037, 843, 1725, 1014, 1521, 3528, 1846, 2767, 1128, 3374, 1294, 1956, 1120, 2836, 1568, 1564, 1976, 2572, 1277, 1021, 1741, 1208, 1577, 3286, 2771, 1012, 1948, 1749, 2410, 1091, 1865, 653, 963, 1444, 1227, 786, 1389, 1685, 1575, 3486, 724, 397, 924, 1019, 1610, 1988, 2057, 2468, 1655, 713, 2028, 1144, 1938, 496, 1431, 1214, 585, 3993, 970, 2881, 862, 865, 736, 1189, 348, 1352, 3841, 2030, 1507, 416, 2320, 3199, 1125, 3024, 453, 2055, 1898, 715, 2979, 861, 1191, 1087, 969, 1976, 850, 2223, 1475, 1384, 1251)
(154, 794): Mean: 1665.116, median: 1563.5, std: 790.59, percent: 1644.42, B: 127, W: 120, 
	(1498, 1007, 951, 1876, 2335, 1726, 1417, 2415, 1283, 2221, 1512, 2206, 2317, 1476, 790, 1504, 2507, 2318, 3085, 1499, 1007, 1801, 769, 1519, 1173, 722, 2116, 991, 700, 1894, 2630, 1745, 1407, 463, 880, 2353, 1558, 1002, 1686, 1331, 1473, 895, 361, 1702, 1736, 1409, 1705, 1216, 1171, 1586, 1581, 2565, 1231, 1734, 2068, 2584, 970, 2080, 2946, 2749, 1444, 2020, 3008, 1182, 1914, 2009, 1834, 715, 4714, 1141, 1376, 636, 2879, 1600, 2496, 4320, 1961, 1976, 1583, 1236, 1728, 1711, 1694, 3625, 1534, 1537, 1970, 589, 1551, 2269, 1837, 1467, 2643, 981, 1373, 1932, 804, 1982, 1267, 1738, 299, 1197, 482, 1652, 1390, 1539, 913, 1097, 2393, 1316, 1805, 2011, 1193, 3476, 1398, 2475, 1719, 752, 1605, 2994, 1377, 1139, 1309, 1780, 2960, 2044, 4538, 2135, 3763, 1810, 1199, 508, 1136, 1158, 1723, 807, 1672, 738, 1778, 1213, 1446, 3041, 1578, 1736, 2950, 1887, 1939, 1795, 1412, 434, 1035, 1388, 1032, 1897, 1746, 1254, 1422, 1336, 1747, 1069, 2325, 993, 856, 1926, 1059, 1569, 3186, 2087, 2759, 1148, 3046, 1331, 1606, 1165, 2638, 1438, 1474, 1642, 2247, 1207, 1102, 1715, 1424, 1655, 3177, 2000, 972, 2157, 1569, 2521, 1050, 2126, 731, 983, 1351, 1505, 741, 1319, 1714, 1822, 3482, 719, 480, 887, 953, 1627, 1974, 2162, 2307, 1640, 735, 1755, 1062, 1972, 514, 1385, 1218, 546, 4448, 981, 2605, 933, 843, 881, 1310, 343, 1413, 4113, 2120, 1602, 345, 2291, 3067, 987, 3344, 549, 1820, 1693, 670, 2815, 938, 1018, 1191, 964, 2243, 741, 2423, 1862, 1310, 1297)
(158, 813): Mean: 1663.144, median: 1536.0, std: 789.833, percent: 1632.64, B: 134, W: 115, 
	(1323, 866, 1002, 1844, 2317, 1795, 1372, 2475, 1262, 2157, 1712, 2574, 2181, 1427, 752, 1679, 2480, 2061, 2895, 1406, 1015, 1464, 769, 1501, 913, 727, 2157, 906, 698, 1859, 2366, 1583, 1578, 472, 724, 2596, 1664, 1099, 1751, 1479, 1505, 966, 330, 1435, 1832, 1321, 1818, 1490, 1325, 1489, 1669, 2395, 1277, 1596, 2261, 2222, 959, 1894, 3323, 3155, 1285, 2093, 2665, 1197, 1852, 2351, 1685, 723, 3798, 1222, 1395, 617, 3580, 1591, 2526, 4592, 1899, 2034, 1700, 1179, 1761, 1558, 1771, 3334, 1427, 1529, 1877, 588, 1434, 1944, 1760, 1349, 2781, 970, 1223, 2183, 805, 2192, 1479, 1617, 379, 1099, 513, 1645, 1387, 1606, 869, 1028, 2344, 1179, 1993, 2116, 1161, 3454, 1473, 2460, 1768, 751, 1321, 3351, 1420, 1100, 1339, 2124, 2973, 2316, 3675, 2168, 3144, 1902, 1276, 487, 1072, 1090, 1455, 831, 1410, 750, 1687, 1056, 1442, 2913, 1646, 1693, 2818, 2036, 2089, 1705, 1473, 383, 933, 1266, 996, 1846, 1937, 1059, 1360, 1250, 1711, 1054, 1990, 1037, 857, 1817, 1096, 1287, 3854, 2023, 2753, 1206, 3617, 1259, 1911, 1254, 3119, 1403, 1399, 1746, 2780, 1275, 1077, 1576, 1419, 1632, 3396, 2520, 962, 2212, 1658, 2768, 1052, 2078, 688, 962, 1316, 1332, 748, 1573, 1607, 1651, 3050, 770, 488, 854, 989, 1672, 2113, 2213, 2282, 1660, 826, 1939, 1008, 1914, 438, 1543, 1222, 652, 4205, 894, 3011, 850, 833, 778, 1143, 368, 1453, 3671, 2088, 1981, 422, 2849, 3288, 1166, 2705, 483, 1904, 1736, 659, 2803, 897, 1011, 1005, 1034, 2340, 749, 2030, 1636, 1315, 1425)
(166, 858): Mean: 1668.556, median: 1565.5, std: 804.535, percent: 1642.18, B: 132, W: 118, 
	(1467, 889, 1088, 1784, 2304, 1764, 1522, 2350, 1195, 1943, 1618, 2534, 2009, 1533, 709, 1707, 2424, 2186, 3351, 1563, 933, 1552, 711, 1418, 1131, 711, 2065, 808, 721, 1709, 2321, 1591, 1613, 490, 804, 2716, 1889, 1136, 1686, 1466, 1379, 892, 359, 1732, 1704, 1319, 1779, 1237, 1270, 1477, 1751, 2381, 1351, 1708, 2421, 2254, 1067, 2004, 3449, 2797, 1706, 2208, 2839, 1006, 1755, 2536, 1797, 711, 5145, 1340, 1501, 688, 3019, 1740, 2346, 4274, 1851, 1788, 1751, 1202, 1874, 1687, 1824, 3822, 1812, 1327, 2098, 595, 1721, 1940, 1644, 1444, 2300, 1015, 1354, 1874, 820, 1968, 1140, 1723, 344, 1074, 449, 1551, 1371, 1727, 840, 1050, 2523, 1166, 1626, 2277, 1310, 3096, 1361, 2299, 1756, 762, 1554, 4065, 1428, 1124, 1375, 1772, 3033, 2087, 3898, 1898, 3444, 2032, 1210, 550, 1121, 1194, 1518, 822, 1498, 735, 1682, 1055, 1353, 2819, 1499, 1709, 3194, 2059, 1924, 1694, 1535, 424, 892, 1031, 947, 1929, 2163, 1046, 1341, 1277, 1706, 1157, 2203, 1155, 816, 2007, 968, 1421, 3490, 1862, 2778, 1054, 3162, 1227, 2055, 1225, 2562, 1568, 1592, 1741, 2653, 1257, 960, 1985, 1295, 1696, 3631, 2365, 923, 1950, 1666, 2511, 1044, 2014, 678, 916, 1232, 1325, 730, 1542, 1625, 1642, 2983, 715, 494, 831, 1017, 1503, 2042, 2026, 2397, 1633, 813, 1840, 1103, 2092, 497, 1405, 1282, 566, 4055, 938, 2950, 930, 949, 733, 1396, 427, 1477, 3377, 2362, 1616, 403, 2623, 3273, 1043, 3225, 490, 2003, 1727, 615, 3226, 845, 997, 1113, 923, 2375, 764, 2133, 1512, 1294, 1277)
(167, 860): Mean: 1665.492, median: 1554.5, std: 790.684, percent: 1678.7, B: 126, W: 123, 
	(1332, 899, 995, 1945, 2457, 1942, 1327, 2477, 1401, 2438, 1661, 2414, 2492, 1605, 711, 1581, 2744, 2133, 3684, 1610, 950, 1467, 913, 1457, 1041, 759, 2004, 871, 701, 1841, 2843, 1602, 1364, 491, 792, 2403, 1593, 1114, 1889, 1544, 1382, 1025, 372, 1514, 1720, 1303, 1840, 1725, 1182, 1550, 1885, 2682, 1253, 1878, 2412, 2393, 983, 1952, 3148, 2760, 1208, 1869, 2553, 1146, 1725, 2264, 1721, 715, 4488, 1229, 1611, 670, 2982, 1697, 2231, 4495, 1621, 1738, 1569, 1338, 1738, 1577, 1711, 2626, 1615, 1564, 2269, 616, 1532, 2145, 1933, 1376, 2633, 985, 1222, 2081, 801, 2086, 1288, 1838, 388, 1178, 507, 1738, 1347, 1501, 903, 1053, 2324, 1215, 1969, 2574, 1267, 3600, 1369, 2839, 1588, 806, 1492, 3600, 1299, 1170, 1209, 2078, 2918, 2197, 3318, 2381, 3154, 1839, 1253, 518, 1036, 1123, 1476, 841, 1758, 672, 1736, 1182, 1273, 3108, 1642, 1649, 2868, 1896, 2052, 1798, 1462, 424, 947, 1158, 1110, 2056, 1894, 1254, 1338, 1334, 1681, 999, 2620, 1119, 867, 1765, 1014, 1342, 3334, 1872, 2406, 1129, 3448, 1258, 1706, 1240, 2905, 1345, 1401, 1972, 2255, 1310, 1125, 1779, 1335, 1713, 3484, 2088, 966, 1889, 1521, 2649, 1132, 1821, 683, 1100, 1216, 1259, 725, 1437, 1694, 1949, 2846, 720, 406, 889, 927, 1456, 1820, 2098, 2406, 1437, 781, 1845, 1043, 1963, 496, 1454, 1229, 559, 4671, 867, 2454, 875, 935, 991, 1094, 331, 1343, 4020, 2070, 1932, 382, 2476, 3189, 1173, 3087, 530, 1906, 1608, 674, 2983, 872, 1100, 1066, 991, 2121, 762, 2246, 1559, 1220, 1286)
(178, 925): Mean: 1706.188, median: 1538.0, std: 815.745, percent: 1709.22, B: 105, W: 143, 
	(1461, 1001, 1208, 1916, 2234, 1674, 1346, 2719, 1309, 2132, 1683, 2825, 2442, 1464, 912, 1677, 2568, 2122, 3197, 1551, 986, 1751, 725, 1735, 1032, 779, 1955, 887, 699, 1855, 2798, 1743, 1509, 505, 784, 2442, 1734, 1231, 1652, 1464, 1258, 975, 324, 1420, 1683, 1408, 2211, 1389, 1216, 1425, 1653, 2762, 1385, 1756, 2571, 2823, 1082, 1729, 2942, 3266, 1435, 1910, 2727, 1340, 2091, 2915, 1711, 755, 4703, 1343, 1444, 652, 3339, 1623, 2337, 4342, 1964, 2315, 1766, 1363, 1759, 1523, 1902, 3562, 1391, 1782, 2407, 674, 1617, 2160, 1819, 1457, 2765, 973, 1320, 2217, 798, 1979, 1445, 1805, 365, 1137, 521, 1538, 1392, 1512, 817, 1008, 2479, 1301, 1800, 2365, 1320, 3056, 1375, 2533, 1807, 779, 1490, 3917, 1356, 1190, 1411, 2004, 2855, 2144, 3725, 2179, 3814, 1696, 1270, 619, 1033, 1096, 1471, 748, 1538, 761, 1868, 1153, 1408, 3074, 1496, 2009, 2700, 1997, 1907, 1971, 1672, 446, 1109, 1220, 1042, 1718, 2068, 1107, 1428, 1232, 1573, 1048, 2161, 1120, 935, 1925, 981, 1244, 3788, 1775, 2214, 1146, 4029, 1294, 1975, 1285, 2453, 1411, 1592, 1898, 2608, 1245, 985, 1757, 1328, 1614, 3581, 2066, 1076, 2188, 1490, 2566, 1154, 2178, 717, 1089, 1402, 1285, 686, 1341, 1611, 1845, 3456, 717, 530, 901, 1012, 1674, 2057, 2112, 2306, 1692, 808, 1990, 1039, 2106, 520, 1405, 1453, 688, 3848, 943, 2630, 945, 930, 669, 1320, 332, 1343, 4115, 2191, 1677, 385, 2478, 3194, 1071, 3276, 524, 1925, 2189, 652, 3268, 916, 1100, 1099, 1033, 2397, 819, 2378, 1678, 1469, 1166)
(182, 947): Mean: 1716.312, median: 1609.5, std: 826.214, percent: 1693.64, B: 127, W: 122, 
	(1543, 904, 1081, 2026, 2412, 1727, 1584, 2609, 1298, 2410, 1621, 2760, 2267, 1642, 777, 1783, 2779, 2320, 2968, 1491, 916, 1575, 828, 1599, 1090, 772, 2328, 955, 686, 1973, 2440, 1620, 1424, 483, 785, 2383, 1636, 1109, 2065, 1437, 1449, 1032, 325, 1510, 1903, 1232, 2287, 1420, 1348, 1638, 1767, 2604, 1220, 1572, 2352, 2491, 1000, 2344, 2882, 3421, 1210, 1885, 2903, 1217, 2371, 2373, 1701, 734, 4327, 1305, 1448, 701, 3211, 1696, 2579, 4454, 1877, 2103, 1714, 1341, 1906, 1748, 1699, 2659, 1562, 1792, 2110, 718, 1556, 2209, 1759, 1598, 2742, 949, 1164, 1946, 815, 2067, 1293, 1716, 363, 1099, 487, 1648, 1321, 1560, 843, 1013, 2688, 1350, 1923, 2233, 1304, 3273, 1722, 2905, 1757, 815, 1499, 3690, 1380, 1218, 1407, 2000, 2683, 2442, 3882, 1968, 4403, 1882, 1170, 498, 1223, 1200, 1640, 831, 1386, 743, 1717, 1180, 1465, 2968, 1639, 1835, 2919, 2049, 1958, 1710, 1585, 451, 913, 1210, 998, 1667, 1826, 1245, 1283, 1295, 1654, 1180, 2386, 1016, 882, 1859, 940, 1375, 3640, 1761, 2832, 1154, 3952, 1470, 1863, 1129, 2660, 1716, 1476, 2089, 2787, 1280, 1117, 1729, 1364, 1903, 4344, 2516, 1022, 2201, 1691, 2325, 1041, 2024, 777, 1041, 1291, 1246, 771, 1400, 1698, 1783, 3271, 748, 503, 873, 984, 1525, 1845, 2112, 2709, 1627, 897, 1878, 1141, 2021, 498, 1485, 1261, 632, 4419, 952, 2476, 892, 974, 839, 1286, 387, 1540, 3579, 2164, 1811, 456, 2542, 3555, 1019, 3651, 536, 2077, 1710, 686, 3199, 909, 1108, 939, 1035, 2131, 778, 2112, 1770, 1393, 1335)
(184, 956): Mean: 1686.408, median: 1552.0, std: 795.85, percent: 1676.8, B: 139, W: 111, 
	(1427, 1057, 998, 2147, 2617, 1581, 1373, 2632, 1225, 2620, 1637, 2570, 2426, 1500, 883, 1588, 2391, 2434, 3014, 1373, 1005, 1933, 855, 1565, 1029, 685, 2129, 941, 713, 1764, 2952, 1544, 1556, 519, 771, 2298, 1698, 1099, 2057, 1438, 1557, 1007, 360, 1633, 1723, 1287, 1975, 1389, 1431, 1411, 1743, 2518, 1419, 1747, 2211, 2134, 1031, 1823, 3011, 3596, 1338, 1835, 2651, 1099, 1885, 2330, 1876, 749, 4294, 1374, 1397, 674, 2484, 1634, 2381, 4363, 1780, 1797, 1979, 1304, 1623, 1406, 1693, 3064, 1614, 1391, 1889, 621, 1693, 2531, 1894, 1380, 2375, 1042, 1208, 2255, 878, 1987, 1175, 1694, 307, 1180, 482, 1724, 1424, 1542, 837, 1098, 2207, 1299, 1976, 2295, 1227, 3238, 2019, 2546, 1815, 798, 1378, 3786, 1332, 1373, 1360, 1716, 3134, 2203, 3443, 2190, 3746, 1780, 1198, 475, 1178, 1150, 1433, 971, 1548, 834, 1730, 1168, 1409, 2995, 1576, 1522, 3504, 2310, 1887, 1898, 1524, 487, 909, 1014, 1091, 1825, 1928, 1044, 1408, 1366, 1673, 1210, 2075, 1134, 866, 1734, 971, 1455, 3230, 1646, 2502, 1117, 3642, 1493, 1839, 1161, 2325, 1527, 1479, 1989, 2869, 1265, 1036, 1833, 1221, 1366, 4392, 2510, 1018, 2082, 1695, 2359, 1160, 1906, 742, 1036, 1324, 1223, 805, 1488, 1583, 1862, 3298, 762, 414, 868, 1050, 1721, 1881, 1991, 2347, 1581, 948, 2099, 1077, 1904, 570, 1522, 1279, 704, 4114, 871, 2561, 1014, 850, 826, 1226, 353, 1363, 3253, 2077, 1672, 360, 2582, 3148, 987, 3879, 551, 1996, 2032, 718, 3138, 880, 1105, 964, 1073, 2169, 747, 2327, 1855, 1270, 1258)
(187, 972): Mean: 1671.884, median: 1560.5, std: 776.827, percent: 1688.64, B: 130, W: 119, 
	(1716, 968, 1071, 1979, 2013, 1806, 1366, 3295, 1285, 2365, 1606, 2843, 2160, 1451, 866, 1853, 2421, 2292, 2678, 1494, 973, 1569, 735, 1462, 985, 756, 2172, 889, 700, 1888, 2819, 1678, 1559, 496, 712, 2332, 1737, 1055, 1761, 1343, 1562, 1012, 339, 1604, 1838, 1405, 2166, 1512, 1266, 1503, 1552, 2583, 1298, 1666, 2256, 2698, 1016, 2033, 3078, 3366, 1276, 1947, 2729, 1183, 1956, 2457, 1880, 701, 4403, 1163, 1468, 690, 2836, 1770, 2455, 4270, 1752, 1819, 1930, 1243, 1754, 1611, 1951, 3254, 1607, 1761, 1909, 659, 1693, 2397, 1748, 1433, 2372, 886, 1391, 2319, 769, 1861, 1324, 1636, 431, 1167, 525, 1475, 1492, 1650, 738, 1089, 2294, 1323, 1820, 2108, 1172, 3494, 1261, 3009, 1612, 670, 1368, 3224, 1346, 1237, 1385, 1772, 2822, 2193, 3210, 1936, 2938, 1901, 1216, 592, 1112, 1208, 1526, 836, 1453, 728, 1811, 1097, 1446, 3046, 1683, 2124, 3341, 2159, 2085, 1781, 1470, 448, 963, 1154, 1007, 1861, 1959, 1122, 1310, 1158, 1583, 1154, 1966, 989, 829, 1827, 998, 1294, 3508, 1790, 2961, 1161, 3670, 1417, 1949, 1072, 2413, 1723, 1392, 1757, 2683, 1344, 1076, 1712, 1277, 1601, 3743, 2552, 995, 1893, 1629, 2726, 1187, 1972, 728, 1028, 1233, 1346, 721, 1433, 1576, 1665, 3203, 791, 481, 863, 974, 1445, 1989, 2021, 2503, 1509, 727, 1748, 1055, 2065, 528, 1318, 1199, 701, 3622, 906, 2691, 922, 897, 780, 1288, 327, 1359, 3369, 2056, 1754, 378, 2462, 3374, 1008, 3027, 529, 2232, 1887, 667, 2716, 963, 1210, 993, 1048, 2084, 816, 2291, 1557, 1341, 1201)
(191, 995): Mean: 1692.372, median: 1576.5, std: 794.743, percent: 1689.92, B: 117, W: 133, 
	(1561, 967, 997, 1989, 2494, 1745, 1545, 2636, 1443, 2139, 1664, 2529, 2394, 1412, 924, 1647, 2543, 2337, 3108, 1526, 1121, 1594, 743, 1453, 1026, 681, 2004, 1022, 673, 1716, 2508, 1791, 1633, 514, 849, 2074, 1714, 1078, 1710, 1331, 1493, 1033, 403, 1562, 2148, 1191, 2226, 1415, 1336, 1477, 1710, 2754, 1361, 1842, 2348, 2346, 977, 2093, 2843, 2983, 1399, 1737, 2731, 1212, 2047, 2297, 1902, 693, 4886, 1389, 1653, 636, 3039, 1868, 2293, 3720, 2100, 1767, 1696, 1308, 1887, 1665, 1815, 3151, 1464, 1520, 2507, 683, 1568, 2272, 1746, 1390, 2329, 1020, 1424, 1947, 836, 1900, 1238, 2039, 336, 1213, 458, 1543, 1510, 1585, 813, 1054, 2421, 1379, 1781, 2320, 1311, 3023, 1624, 2898, 1606, 809, 1447, 3924, 1334, 1225, 1445, 1777, 3120, 2182, 4091, 2028, 3631, 2165, 1272, 484, 1086, 1138, 1513, 913, 1590, 749, 1775, 1096, 1440, 2674, 1513, 1651, 3660, 2150, 2113, 1789, 1538, 409, 966, 1195, 1014, 1955, 1843, 1071, 1224, 1456, 1726, 1059, 2005, 996, 870, 1895, 969, 1401, 3151, 1753, 2522, 1062, 3102, 1344, 2187, 1260, 2910, 1505, 1446, 1889, 2726, 1391, 1055, 1790, 1307, 1652, 3816, 2231, 935, 2115, 1930, 2586, 1172, 1801, 689, 975, 1168, 1371, 779, 1451, 1594, 1628, 2645, 751, 480, 844, 937, 1835, 1917, 2418, 2545, 1700, 799, 2130, 983, 1818, 527, 1415, 1276, 713, 4650, 877, 3019, 887, 885, 892, 1199, 368, 1347, 3079, 2149, 1685, 335, 2575, 3516, 1085, 3317, 616, 1990, 1845, 745, 3105, 931, 1120, 1015, 978, 2198, 806, 2236, 1711, 1303, 1202)
(192, 996): Mean: 1678.464, median: 1588.0, std: 780.93, percent: 1662.26, B: 129, W: 121, 
	(1437, 949, 1023, 1807, 2517, 1777, 1553, 2627, 1251, 2223, 1533, 3041, 2184, 1426, 748, 1682, 2428, 2493, 3453, 1589, 1056, 1736, 811, 1513, 1041, 730, 2019, 887, 704, 1724, 2556, 1671, 1510, 529, 839, 2343, 1545, 1075, 1804, 1500, 1537, 1172, 316, 1661, 1955, 1394, 2040, 1418, 1468, 1533, 1683, 2352, 1257, 1898, 2021, 2569, 1135, 2075, 3189, 2571, 1455, 1920, 2494, 1230, 1904, 2734, 1839, 683, 5008, 1303, 1594, 720, 2952, 1628, 2501, 4574, 1685, 1717, 1818, 1381, 1720, 1711, 2002, 2966, 1666, 1437, 2034, 625, 1724, 2286, 1865, 1455, 2334, 1018, 1237, 2394, 808, 2099, 1542, 1741, 429, 1173, 475, 1822, 1503, 1481, 862, 1049, 2470, 1169, 1693, 3162, 1288, 3057, 1555, 2553, 2031, 797, 1428, 3284, 1316, 1343, 1330, 1740, 3293, 2068, 3574, 1859, 3164, 1808, 1173, 487, 1139, 1083, 1390, 818, 1621, 695, 1552, 1132, 1268, 2842, 1592, 2022, 3084, 2368, 2290, 1755, 1587, 384, 922, 1210, 966, 1962, 1868, 1124, 1211, 1517, 1927, 1137, 2088, 1039, 897, 1857, 1086, 1279, 2969, 1594, 2602, 1260, 3726, 1329, 1902, 1163, 2367, 1361, 1722, 1905, 2556, 1374, 1110, 1631, 1158, 1601, 3931, 2200, 998, 1938, 1610, 2232, 1117, 1757, 670, 1016, 1214, 1357, 791, 1442, 1649, 1748, 3431, 729, 422, 924, 969, 1642, 1642, 2062, 2343, 1628, 797, 1761, 1078, 1984, 462, 1360, 1313, 596, 3482, 909, 2937, 953, 884, 837, 1459, 362, 1368, 3227, 2185, 1567, 390, 2344, 3315, 1009, 3095, 585, 2204, 1957, 771, 3143, 845, 1144, 1058, 996, 1994, 785, 2003, 1615, 1234, 1286)
(193, 1002): Mean: 1685.764, median: 1590.0, std: 771.288, percent: 1705.28, B: 115, W: 134, 
	(1317, 1055, 1060, 2069, 2871, 1706, 1524, 2879, 1200, 2042, 1719, 2658, 2432, 1440, 759, 1806, 2341, 1931, 3142, 1467, 1217, 1693, 735, 1496, 1052, 734, 2140, 936, 723, 1855, 2508, 1678, 1400, 489, 874, 2437, 1633, 1140, 1818, 1437, 1434, 1071, 303, 1605, 1730, 1334, 1838, 1353, 1601, 1615, 1743, 2279, 1330, 1676, 2343, 2285, 1006, 1975, 2924, 2948, 1416, 1899, 2696, 1292, 2100, 2746, 1826, 633, 4455, 1325, 1739, 648, 2822, 1809, 2326, 4684, 2083, 1897, 1911, 1237, 1781, 1736, 1770, 2890, 1523, 1522, 2311, 730, 1673, 2265, 1853, 1389, 2946, 984, 1404, 1748, 810, 2145, 1335, 1804, 402, 1147, 517, 1724, 1315, 1466, 804, 1103, 2374, 1220, 1716, 2196, 1234, 3191, 1508, 2333, 1793, 777, 1591, 3607, 1387, 1269, 1420, 1915, 2829, 2160, 3284, 2042, 3202, 1968, 1216, 444, 1104, 1192, 1357, 931, 1621, 710, 1700, 1099, 1403, 2990, 1470, 1742, 3059, 2179, 2170, 1752, 1475, 548, 1059, 1130, 1064, 1999, 1887, 1371, 1413, 1263, 1587, 1096, 2241, 1076, 879, 1777, 1089, 1174, 3346, 1667, 2393, 1146, 3582, 1230, 1957, 1240, 2685, 1507, 1658, 1786, 2478, 1353, 1075, 1880, 1433, 1469, 3415, 2514, 1028, 2168, 1606, 2687, 1128, 2481, 721, 1052, 1224, 1261, 817, 1561, 1692, 1788, 3322, 737, 458, 915, 1020, 1589, 1743, 2138, 2646, 1486, 783, 1906, 1021, 1952, 514, 1513, 1346, 601, 4032, 945, 2454, 886, 906, 863, 1337, 335, 1455, 3431, 2493, 1749, 394, 2556, 3028, 1074, 3153, 517, 2040, 1693, 664, 3220, 906, 1180, 1065, 945, 2203, 825, 2404, 1733, 1264, 1243)
(195, 1014): Mean: 1699.488, median: 1568.5, std: 824.785, percent: 1697.7, B: 132, W: 116, 
	(1441, 957, 997, 1846, 2670, 1827, 1346, 2791, 1203, 2383, 1543, 2777, 2500, 1511, 841, 1702, 2867, 2201, 3130, 1412, 1010, 1767, 734, 1648, 998, 703, 2247, 1002, 677, 1868, 2619, 1863, 1486, 492, 768, 2288, 1625, 1018, 1840, 1328, 1430, 994, 329, 1629, 1894, 1225, 1989, 1439, 1336, 1661, 1862, 2310, 1267, 2001, 2507, 2813, 937, 2140, 2911, 3015, 1524, 2073, 3189, 1171, 1953, 2265, 1688, 706, 4259, 1143, 1326, 690, 3165, 1555, 3111, 3886, 2032, 1732, 1767, 1303, 1853, 1736, 1763, 3390, 1553, 1660, 2284, 620, 1584, 2448, 1730, 1549, 3073, 936, 1407, 2220, 915, 2186, 1401, 1781, 301, 1080, 493, 1523, 1382, 1415, 878, 1193, 2233, 1140, 2024, 2224, 1306, 3320, 1463, 2999, 1836, 775, 1499, 3594, 1291, 1274, 1405, 1803, 2673, 2181, 3769, 1940, 3505, 1748, 1277, 476, 1133, 1218, 1552, 901, 1597, 862, 1822, 1146, 1442, 3218, 1589, 1574, 2959, 2255, 2224, 1898, 1491, 445, 868, 1211, 935, 1780, 1915, 1090, 1297, 1262, 1572, 1097, 2154, 1089, 799, 2208, 1033, 1273, 3453, 1561, 2320, 1094, 3851, 1347, 1948, 1194, 2518, 1572, 1600, 1893, 2220, 1211, 1074, 1883, 1275, 1527, 4974, 2494, 1026, 1935, 1565, 2718, 1111, 2041, 718, 968, 1591, 1166, 801, 1294, 1586, 1595, 2665, 685, 483, 844, 1006, 1682, 2048, 2425, 2547, 1642, 821, 1800, 1090, 2096, 487, 1399, 1405, 698, 4234, 905, 2821, 854, 864, 707, 1278, 353, 1391, 3972, 2109, 1613, 391, 2392, 3389, 1040, 3153, 543, 1922, 1662, 687, 3164, 839, 1003, 968, 972, 2453, 752, 2217, 1696, 1239, 1171)
(196, 1019): Mean: 1670.852, median: 1554.0, std: 781.194, percent: 1660.66, B: 127, W: 123, 
	(1323, 922, 1084, 1927, 2498, 1766, 1398, 2614, 1213, 2367, 1530, 2833, 2123, 1427, 826, 1545, 2450, 2154, 3227, 1569, 927, 1707, 768, 1496, 990, 712, 2194, 924, 643, 1761, 2515, 1613, 1447, 508, 830, 2307, 1670, 1135, 1783, 1359, 1555, 1008, 342, 1742, 1747, 1305, 1915, 1323, 1394, 1456, 1668, 2401, 1312, 1800, 1988, 2430, 950, 1917, 2969, 3081, 1214, 1684, 2877, 1289, 1901, 2380, 1604, 684, 4472, 1186, 1405, 684, 2995, 1897, 2364, 4541, 1868, 1881, 1636, 1308, 1951, 1726, 1752, 2710, 1507, 1565, 2219, 697, 1671, 2521, 1967, 1311, 2656, 1164, 1281, 2102, 840, 2260, 1553, 1641, 391, 1151, 478, 1553, 1393, 1550, 826, 1089, 2393, 1207, 1810, 2527, 1278, 2915, 1637, 2606, 1890, 863, 1469, 3262, 1366, 1239, 1378, 1706, 2794, 2234, 3410, 1904, 3813, 1715, 1224, 508, 1230, 1149, 1407, 774, 1674, 713, 1591, 1227, 1401, 3059, 1531, 1673, 3350, 1892, 2266, 2143, 1471, 351, 999, 1099, 941, 1950, 1981, 1109, 1200, 1213, 1632, 1108, 2320, 1074, 816, 1677, 1019, 1239, 2999, 1568, 2471, 1134, 3682, 1373, 2137, 1197, 2285, 1471, 1551, 1743, 2342, 1236, 1016, 1608, 1168, 1596, 3998, 2310, 993, 2332, 1576, 2423, 1182, 1819, 724, 1016, 1400, 1407, 741, 1440, 1677, 1893, 3189, 727, 429, 905, 1026, 1560, 1789, 2032, 2301, 1617, 829, 1762, 1047, 1993, 532, 1419, 1279, 678, 3826, 1000, 2791, 905, 903, 752, 1384, 397, 1549, 3497, 2072, 1598, 451, 2879, 3513, 1100, 3446, 591, 1837, 1920, 697, 3203, 930, 1116, 1074, 1035, 2144, 740, 2153, 1850, 1280, 1248)

Test:
No precond: Mean: 2672.772, median: 2441.0, std: 1328.452, percent: 2599.4, flag: 0 
	(2732, 1722, 2896, 6703, 1263, 687, 4519, 1196, 1214, 2257, 1636, 3135, 1148, 2438, 987, 2178, 2570, 2254, 2014, 2444, 1991, 2088, 2134, 2382, 2218, 868, 2182, 3218, 1219, 2008, 3407, 2246, 1203, 4618, 2022, 1618, 1504, 1778, 1968, 4965, 2198, 2292, 2342, 2682, 2127, 4125, 116, 2057, 902, 1557, 6323, 1922, 2322, 669, 481, 2490, 5504, 2080, 3458, 2573, 3341, 2994, 1888, 2050, 1387, 1391, 2387, 3298, 3614, 1684, 3098, 3118, 4464, 2592, 3866, 1797, 1981, 3499, 2273, 3253, 1323, 3153, 6059, 966, 3170, 5799, 5113, 5496, 3340, 2744, 2820, 3977, 3408, 5672, 2096, 1793, 4208, 3067, 1774, 4401, 1070, 2213, 3325, 2189, 1008, 2444, 4028, 1978, 1750, 3565, 2784, 3991, 2663, 2116, 3048, 4220, 2725, 2296, 2839, 2945, 2677, 2762, 3101, 1310, 1820, 1505, 3077, 1109, 1571, 4558, 336, 3214, 3399, 3984, 1498, 3185, 2949, 7460, 2913, 2708, 3603, 1702, 1714, 3044, 5088, 1978, 1501, 2803, 1265, 4648, 5189, 3450, 3232, 2691, 1878, 2840, 872, 1891, 3314, 1379, 2210, 3947, 929, 1336, 1542, 2928, 2412, 1326, 2491, 1833, 1338, 2562, 2919, 2052, 2082, 2489, 3746, 5866, 3049, 1273, 2993, 1275, 3425, 6333, 2217, 2252, 996, 1935, 2942, 3295, 2229, 2084, 8781, 3569, 3803, 2957, 1800, 2928, 1130, 3008, 1029, 2696, 3562, 1757, 4629, 1127, 2829, 1217, 4062, 4161, 2116, 1422, 4084, 1838, 2941, 577, 3148, 5144, 2884, 1132, 1309, 1212, 2450, 5948, 2031, 4191, 2686, 1828, 2057, 1766, 1347, 1945, 4401, 5568, 2142, 2128, 3510, 2437, 1763, 1883, 2842, 2343, 1301, 2928, 2177, 3078, 3557, 2609, 2563, 4937)

Jacobi: Mean: 2243.404, median: 2011.0, std: 1292.295, percent: 2166.82, BvN: 227, WvN: 23, flag: 0 
	(2492, 1157, 2356, 6959, 839, 487, 3002, 866, 976, 1907, 1273, 2669, 863, 2145, 660, 1762, 2341, 1909, 1489, 2055, 1726, 1569, 1796, 1748, 1978, 617, 1540, 2433, 844, 1703, 2400, 2273, 872, 4214, 2070, 1366, 1364, 1487, 1987, 5940, 1541, 2451, 1896, 1937, 1609, 3424, 88, 2065, 540, 975, 3808, 1498, 1945, 508, 374, 2066, 5962, 1647, 3177, 2004, 2980, 3540, 1246, 1741, 1252, 1334, 2280, 2018, 2500, 1211, 2806, 2049, 4025, 1813, 3192, 1519, 1512, 2859, 1472, 2369, 971, 2310, 5160, 683, 2900, 6209, 7128, 4441, 1815, 1701, 2381, 3524, 2637, 4538, 1510, 1334, 3708, 3033, 1551, 3129, 945, 1675, 2151, 1579, 758, 2059, 3928, 1515, 1347, 3055, 2266, 3521, 2367, 1736, 1860, 4665, 3485, 1968, 2768, 2071, 1862, 2524, 2886, 1228, 1155, 1323, 2413, 872, 1273, 4708, 227, 2466, 2340, 4785, 1306, 2140, 2287, 6406, 2701, 2301, 2515, 1200, 1670, 2718, 4346, 2046, 1027, 2217, 881, 3775, 4505, 3090, 3659, 2056, 1366, 2563, 589, 1380, 3454, 1003, 2345, 3067, 626, 1129, 1520, 1945, 2024, 946, 2029, 1966, 1178, 2286, 2628, 1827, 1914, 1958, 3726, 4679, 1491, 1014, 2296, 1057, 2937, 5225, 1895, 1896, 671, 1608, 2321, 2576, 2065, 2083, 8292, 2858, 2935, 2489, 1157, 2775, 952, 2358, 819, 2125, 2069, 1470, 4796, 736, 2054, 928, 2777, 2872, 2193, 1157, 3360, 1295, 2589, 371, 2247, 3920, 2346, 805, 1027, 1055, 1952, 5053, 1925, 3781, 2298, 1529, 1614, 1351, 846, 1516, 3827, 5367, 1832, 1800, 3171, 1858, 996, 1525, 2187, 2083, 1011, 3343, 1871, 2750, 3155, 1910, 1242, 4291)

Last: Mean: 1801.148, median: 1605.5, std: 1042.102, percent: 1702.22, BvN: 249, WvN: 1, BvJ: 247, WvJ: 3, flag: 0 
	(1671, 913, 1733, 5991, 764, 403, 2331, 727, 837, 1708, 1009, 1970, 735, 1602, 583, 1419, 1709, 1558, 1253, 1446, 1220, 1005, 1509, 1577, 1724, 590, 1319, 1940, 801, 1286, 1949, 1867, 678, 4187, 1573, 1247, 1126, 1044, 1239, 3603, 1240, 1684, 1577, 1643, 1294, 2619, 86, 1537, 476, 896, 3929, 994, 1539, 426, 305, 1865, 4727, 1393, 2595, 1640, 2235, 2229, 1012, 1315, 1015, 1002, 1481, 1932, 2239, 1122, 2208, 1667, 3053, 1486, 2341, 1360, 1350, 2302, 1358, 2114, 831, 1759, 4036, 576, 2043, 5664, 5543, 3560, 1673, 1378, 1863, 2969, 2000, 3692, 1300, 1022, 2808, 2163, 1125, 2404, 710, 1183, 1917, 1374, 668, 1607, 2900, 1320, 1006, 2764, 1766, 2902, 1796, 1485, 1740, 3284, 2140, 1493, 2183, 2031, 1697, 1988, 2076, 908, 1115, 972, 1950, 650, 855, 3519, 188, 2297, 1915, 3930, 877, 2033, 1631, 4764, 2099, 1817, 2284, 1002, 1262, 2014, 3495, 1379, 958, 1649, 707, 3094, 4341, 2248, 2979, 1942, 1030, 1808, 518, 1150, 2419, 923, 1833, 2453, 587, 795, 1106, 1563, 1534, 739, 1778, 1553, 836, 2162, 2403, 1481, 1452, 1936, 3159, 3530, 1453, 760, 1573, 845, 1984, 4326, 1382, 1592, 572, 1108, 1942, 2029, 1661, 1623, 6984, 2472, 2452, 1604, 859, 2237, 613, 1778, 681, 1864, 2109, 1228, 3486, 629, 1758, 802, 2136, 2518, 1516, 850, 2977, 1185, 2111, 328, 2122, 3023, 1729, 682, 827, 766, 1743, 3881, 1381, 3099, 1968, 1295, 1284, 976, 756, 1286, 2787, 4108, 1234, 1270, 2617, 1575, 1042, 1210, 1948, 1779, 977, 2875, 1651, 2213, 2368, 1573, 1200, 3822)

Best: Mean: 1801.948, median: 1653.5, std: 1031.59, percent: 1738.42, BvN: 249, WvN: 1, BvJ: 246, WvJ: 4, flag: 0 
	(1716, 1048, 1670, 6357, 664, 401, 2411, 712, 772, 1731, 1000, 1985, 815, 1976, 545, 1653, 1423, 1543, 1242, 1539, 1280, 1013, 1466, 1737, 1643, 497, 1286, 1750, 782, 1529, 1689, 1914, 677, 3189, 1930, 1105, 1143, 1139, 1287, 3567, 1174, 1747, 1558, 1717, 1391, 2764, 77, 1541, 495, 815, 3313, 1015, 1563, 404, 291, 1734, 4589, 1427, 2977, 1825, 1984, 2182, 1113, 1177, 941, 934, 1756, 1815, 2288, 1215, 2125, 1880, 3202, 1244, 2514, 1184, 1511, 2160, 1448, 2091, 843, 1912, 4079, 655, 1977, 4753, 6106, 3640, 1626, 1491, 1812, 2835, 1963, 3482, 1462, 1117, 3414, 2336, 1177, 2408, 701, 1301, 1955, 1322, 640, 1529, 3001, 1375, 1066, 2563, 1871, 3717, 1969, 1422, 1695, 3240, 1889, 1677, 2021, 1884, 1354, 1788, 2446, 947, 1037, 949, 2089, 662, 892, 3117, 236, 2200, 1830, 3528, 936, 1757, 1787, 5324, 2118, 1899, 2148, 974, 1408, 2297, 3671, 1487, 897, 1703, 796, 3376, 3683, 2166, 2915, 1792, 1236, 1859, 497, 1170, 2581, 865, 1989, 2256, 536, 906, 1042, 1492, 1654, 776, 1888, 1399, 768, 1916, 2003, 1543, 1604, 1672, 3612, 3995, 1208, 743, 1815, 968, 2391, 4483, 1362, 1515, 600, 1187, 1798, 1825, 1514, 1578, 5947, 2716, 2265, 1609, 803, 2173, 668, 1755, 729, 1632, 2181, 1196, 3181, 544, 1882, 771, 2704, 2250, 1850, 815, 2315, 1229, 1925, 358, 2031, 3653, 1792, 674, 832, 738, 1661, 4270, 1375, 2767, 1899, 1201, 1232, 976, 688, 1225, 2632, 4302, 1463, 1239, 2830, 1572, 904, 1221, 2166, 1802, 785, 2757, 1580, 2441, 2402, 1697, 1183, 3611)

Last Coef List
{1: array([-0.06128272]), -1: array([-0.06162607]), 2: array([-0.01359281]), -2: array([-0.01385659]), 3: array([-0.00701755]), -3: array([-0.0179491])}

Best Coef List
{1: array([-0.05180068]), -1: array([-0.05083502]), 2: array([-0.03166634]), -2: array([-0.02680148]), 3: array([0.00360604]), -3: array([0.00584911])}

13/04/2026, 18:02:10
Config file: ./config/config_sign_1_diags_4.ini
Data:
	1d_laplace_size: 45
	amount: 250
	params: 1 0.3
	seed: 1
	dim: 2025
Solver:
	tol: 1e-10
	max_iteration: None
Learn:
	iteration_count: 200
	step_range: 0.1
	method: sign
	seed: 1
	change_scales: 1 0.5 0.25
	allow_disimprovement: True
	median_best_scale: 0.5
	mean_best_scale: 0.5
Precondition:
	par_list: 1 1 1 1 1 1 1 1
	diag_list: 1 -1 2 -2 3 -3 4 -4
	num_coef: 8
	type: diag_shift
	diag: jacobi

Train:
(20, 124): Mean: 7700.74, median: 6843.0, std: 4001.019, percent: 7830.44, B: 250, W: 0, 
	(6435, 4423, 5594, 11340, 9622, 6294, 7114, 10112, 7015, 10251, 7739, 10375, 11048, 5766, 4864, 7888, 14036, 7625, 16473, 5925, 5545, 4627, 4071, 6392, 6720, 4379, 10013, 3513, 2682, 7608, 12568, 7347, 7117, 3014, 3775, 7730, 5486, 4515, 8894, 6021, 7651, 6334, 1479, 5825, 6475, 4908, 9769, 8696, 10707, 6893, 9121, 9912, 4744, 7620, 11921, 8422, 3912, 9139, 11992, 12030, 10552, 6746, 11543, 4503, 7540, 6816, 8259, 3047, 18036, 5195, 7230, 2548, 16724, 5206, 12851, 19559, 6099, 6985, 8460, 4524, 7206, 7639, 7428, 15475, 5183, 7478, 11288, 3075, 6410, 16041, 10051, 5451, 13388, 5735, 6063, 8418, 3184, 5676, 5575, 9518, 1674, 4642, 2649, 8390, 7104, 7531, 2985, 5298, 11283, 5434, 7820, 8793, 4860, 18530, 6281, 13096, 6211, 5672, 6380, 15952, 5546, 4900, 4759, 7779, 15145, 8023, 18491, 8787, 16781, 8764, 5983, 4518, 7113, 3787, 5011, 4461, 14433, 2647, 10583, 5061, 6124, 10011, 6277, 6960, 11259, 12366, 11570, 7397, 4316, 2925, 7800, 7438, 4367, 6391, 7726, 5939, 6109, 6031, 5313, 5381, 10491, 7438, 4482, 7585, 4052, 6256, 26869, 7084, 10016, 3774, 14139, 4933, 11241, 6716, 8084, 5364, 5417, 6855, 10996, 5207, 3946, 6122, 16586, 6785, 20469, 8559, 5015, 7627, 7006, 12152, 5202, 7176, 2491, 4334, 5952, 5692, 3636, 6831, 7974, 8241, 17351, 2417, 1779, 3144, 4534, 7233, 7999, 10526, 13571, 6227, 4270, 8620, 5336, 6985, 2057, 6143, 6036, 3623, 16590, 3309, 13424, 5765, 4346, 5529, 8017, 1616, 4379, 16612, 13212, 10696, 2383, 7916, 14399, 5450, 17484, 2122, 6760, 8498, 3410, 12581, 4208, 7081, 4394, 3757, 10415, 3185, 14683, 8232, 6148, 4870)
(21, 127): Mean: 6656.664, median: 5993.0, std: 3337.143, percent: 6592.28, B: 205, W: 44, 
	(5608, 3649, 4976, 11464, 8035, 6153, 6102, 9485, 5573, 8321, 7477, 8040, 12168, 4076, 3672, 6190, 12878, 8191, 12732, 5173, 6331, 4856, 3975, 5728, 5850, 3404, 10013, 3557, 2389, 6602, 12897, 6078, 4330, 2667, 3545, 7866, 5274, 3398, 8658, 5240, 7722, 4417, 1346, 5377, 6142, 4377, 8496, 8281, 7899, 5954, 7094, 10102, 4640, 6551, 9154, 7690, 4179, 9997, 9978, 9190, 6697, 6254, 9927, 3989, 7646, 5999, 7204, 2362, 14047, 4126, 6173, 2417, 16071, 5993, 9555, 15547, 4936, 7244, 5927, 4064, 7355, 6102, 5183, 12240, 3909, 6973, 8555, 2979, 5520, 11567, 8547, 4260, 12119, 4464, 4730, 7006, 3304, 6374, 4958, 9083, 1481, 3962, 2464, 6999, 5209, 7654, 2806, 4535, 8875, 4126, 7413, 9624, 4315, 13960, 5792, 10854, 6519, 4118, 6148, 18625, 5818, 3978, 4785, 5288, 14018, 8681, 14891, 6205, 16083, 8287, 5113, 3800, 6083, 3249, 4292, 3534, 17671, 2933, 5683, 6025, 5161, 9722, 5330, 5167, 13064, 10333, 6683, 6300, 3887, 2231, 7442, 5338, 4575, 5124, 6381, 3685, 5755, 5479, 5689, 4446, 8078, 5397, 3123, 7475, 3716, 5163, 15701, 6173, 10303, 4030, 11429, 4932, 9313, 5839, 7898, 4750, 4964, 6393, 8258, 6377, 3229, 5856, 7092, 5425, 16520, 7964, 3549, 7511, 5999, 9348, 3847, 5228, 2921, 3683, 6186, 4382, 3282, 4930, 6339, 9083, 13626, 2323, 1955, 2981, 3732, 5401, 7347, 8451, 10945, 5694, 3407, 7594, 4952, 7393, 1917, 7240, 5993, 4344, 14140, 3370, 9006, 3616, 3771, 5371, 5714, 1367, 3953, 12643, 13103, 6808, 1502, 7232, 12023, 3773, 16649, 2390, 6673, 7384, 2542, 12308, 2982, 6540, 3929, 3689, 8972, 2822, 8829, 6835, 5676, 5272)
(23, 134): Mean: 6556.268, median: 5870.5, std: 3163.16, percent: 6597.92, B: 127, W: 123, 
	(4467, 3718, 4543, 9016, 8320, 6514, 5712, 8893, 6846, 8813, 7595, 8317, 9671, 4741, 5021, 6648, 9141, 5950, 12751, 4920, 5436, 4823, 3195, 5062, 4612, 3828, 10367, 3717, 2280, 5813, 11372, 4815, 4263, 2824, 3275, 7773, 6033, 3484, 8275, 5001, 6650, 6129, 1590, 6095, 6151, 4045, 8886, 12514, 7710, 5015, 6042, 10777, 4587, 6792, 10730, 8757, 3393, 9190, 9682, 13444, 8721, 5419, 10847, 4285, 6783, 5890, 8353, 2465, 15249, 4661, 5976, 2257, 13944, 5915, 10158, 16752, 4468, 7787, 6664, 4195, 7151, 5634, 6190, 10859, 4426, 7678, 6661, 3301, 4910, 9523, 8247, 5181, 9804, 4931, 4918, 7357, 3038, 5676, 4371, 7889, 1739, 3651, 2678, 8333, 5284, 5501, 3007, 4722, 9351, 4498, 7615, 9483, 5148, 12811, 5949, 11339, 6306, 5016, 6229, 13487, 4701, 4357, 4606, 6603, 12460, 8990, 16898, 5394, 13934, 7062, 5082, 3135, 5081, 3285, 4336, 3515, 11375, 2364, 6708, 5324, 5421, 8474, 5346, 5461, 10565, 12705, 7866, 6085, 3791, 2873, 5408, 6650, 3930, 5234, 6574, 4583, 5862, 4765, 5490, 4631, 11232, 5976, 3916, 8418, 3148, 4520, 16611, 7030, 6258, 4550, 11155, 4609, 7165, 6429, 8250, 5031, 5350, 6059, 8298, 5663, 3648, 5331, 11268, 6018, 15674, 7119, 3404, 7619, 5879, 12342, 3806, 6256, 2463, 3587, 5029, 4679, 2674, 5155, 6893, 9341, 15714, 2148, 1809, 2886, 3911, 5632, 5988, 7724, 10560, 5344, 4492, 7138, 4418, 6034, 1972, 7097, 5342, 2884, 15037, 3015, 8886, 4770, 3403, 4934, 5522, 1682, 3749, 13111, 8912, 7332, 2051, 7574, 9347, 3605, 13496, 2301, 6547, 8030, 2844, 11289, 4133, 6604, 4431, 3109, 10841, 3051, 10135, 6746, 5280, 4725)
(24, 137): Mean: 5332.488, median: 4880.0, std: 2420.068, percent: 5392.5, B: 224, W: 26, 
	(3871, 3093, 3604, 6231, 5910, 5469, 4729, 7625, 4636, 6302, 5109, 7176, 7774, 4219, 4423, 5187, 10613, 6116, 10318, 4087, 3983, 3799, 4171, 4708, 5705, 2741, 8112, 2367, 2490, 4793, 8925, 4579, 3813, 2263, 2848, 6866, 5410, 3500, 8313, 3927, 5814, 3627, 1284, 4647, 4935, 3488, 6319, 5945, 5953, 4135, 6014, 8812, 3853, 5571, 7619, 8420, 3312, 7096, 8364, 9589, 5532, 5574, 9157, 3541, 5579, 4302, 5822, 2148, 12738, 4527, 6134, 2661, 8921, 5018, 8687, 11843, 5069, 5940, 5752, 3212, 5273, 5021, 4821, 8787, 4186, 5976, 7141, 2264, 4238, 7102, 6136, 4149, 9616, 2905, 3815, 5698, 2326, 5150, 4552, 5845, 1959, 3083, 2326, 5043, 5246, 4669, 2704, 3285, 7282, 3754, 5924, 7150, 3671, 11902, 4608, 8627, 5075, 5051, 4384, 11651, 4347, 2993, 4516, 5497, 10589, 5596, 13070, 6115, 10404, 5698, 3793, 2671, 3336, 3261, 4208, 3582, 6143, 2793, 5339, 4132, 4559, 7451, 4190, 4539, 9419, 6904, 5776, 5166, 3647, 2227, 5278, 5467, 3223, 4896, 5003, 3627, 4696, 4424, 4925, 3808, 5995, 4184, 2484, 5637, 2575, 3697, 12641, 6326, 7047, 3437, 10741, 4605, 9458, 4478, 7002, 3937, 4296, 5009, 8060, 3819, 2738, 4704, 7695, 4877, 11967, 6622, 3240, 5371, 4883, 9257, 3159, 5177, 2253, 2607, 4440, 3926, 2286, 4963, 5805, 5900, 10973, 1870, 1751, 2625, 3489, 4397, 7106, 6104, 8310, 4499, 2665, 5782, 3240, 5191, 1528, 4760, 3934, 3091, 10060, 2549, 7658, 4089, 3423, 3711, 4486, 1153, 3165, 10025, 6255, 6398, 1247, 6897, 10094, 3917, 12118, 2235, 6439, 5443, 2432, 8592, 3058, 4458, 3481, 3127, 7817, 2079, 7626, 5629, 4539, 3847)
(25, 141): Mean: 5223.924, median: 4691.5, std: 2486.65, percent: 5207.18, B: 143, W: 107, 
	(4544, 3774, 3744, 8043, 6627, 4807, 4791, 6756, 4683, 7161, 4665, 6243, 8897, 4233, 3181, 4702, 9641, 6351, 10057, 4242, 3858, 3933, 2991, 4318, 4129, 2258, 7605, 2682, 2198, 5042, 9639, 5222, 4151, 2052, 2644, 6011, 4222, 3257, 5421, 4588, 5320, 4119, 1136, 5002, 4506, 3091, 7082, 4309, 6177, 4079, 6343, 7462, 3521, 4905, 7710, 6838, 2744, 7077, 8501, 9303, 6602, 5471, 8774, 3003, 5571, 4969, 5162, 2256, 13296, 4245, 4986, 2308, 10930, 4700, 8764, 12613, 4671, 6077, 4606, 3175, 5208, 4806, 5685, 9648, 4304, 5789, 6463, 2123, 4377, 8357, 6150, 4130, 7785, 3658, 3806, 5899, 2172, 4845, 4268, 5358, 1750, 3262, 2096, 5348, 4384, 5448, 2150, 3391, 6697, 4201, 5546, 6509, 3424, 11325, 4715, 8291, 5932, 3812, 5482, 14717, 4702, 3698, 3756, 4373, 11888, 5932, 11830, 5539, 11095, 5896, 4059, 1995, 4502, 2954, 3831, 2731, 7404, 2334, 4842, 4988, 4713, 7802, 3952, 4796, 10114, 7646, 7992, 5602, 3610, 2181, 6278, 4595, 3663, 4877, 5165, 3129, 4075, 4125, 4373, 3269, 6533, 3195, 2908, 5195, 2918, 4140, 12638, 5705, 7024, 3322, 8315, 4294, 6615, 4681, 7115, 3682, 4271, 4538, 7318, 3727, 2962, 5059, 5855, 4321, 12341, 5684, 3424, 4922, 5836, 10369, 2876, 5656, 2315, 2901, 4050, 3499, 3150, 4990, 4568, 5274, 11122, 1994, 1855, 2243, 3204, 3573, 5315, 5976, 7359, 4591, 2529, 5303, 3767, 5571, 1432, 4665, 4528, 2404, 11058, 2595, 6688, 2973, 3265, 2644, 4404, 1178, 3234, 8270, 8672, 5451, 1443, 7385, 8901, 3057, 11771, 1612, 4859, 6459, 2387, 9156, 3256, 4348, 3180, 3019, 6780, 2365, 7886, 5499, 4496, 3689)
(27, 149): Mean: 3398.656, median: 3114.0, std: 1585.768, percent: 3431.34, B: 250, W: 0, 
	(2766, 2151, 2595, 4063, 4934, 3232, 3036, 5285, 2258, 4344, 3729, 4743, 4822, 2594, 1607, 2884, 4666, 4120, 6987, 2671, 2071, 3097, 1670, 3281, 2465, 1415, 4381, 1693, 1417, 3847, 5762, 3438, 2867, 1518, 1729, 4857, 3211, 1894, 4307, 3013, 2774, 2283, 626, 2648, 3532, 2233, 4036, 3086, 3092, 2811, 3418, 5396, 2490, 2925, 4597, 4481, 1972, 4403, 6590, 5419, 2588, 3505, 5066, 2272, 3269, 3618, 4034, 1461, 7152, 3054, 3678, 1851, 6164, 3169, 4545, 7443, 3786, 4308, 4137, 2375, 3850, 3231, 3444, 6043, 2751, 3590, 3815, 1421, 2803, 4378, 4401, 2651, 4927, 1940, 2315, 3923, 1532, 3198, 2682, 3754, 1331, 2038, 1052, 3387, 3388, 3221, 1588, 2109, 4370, 2330, 3985, 4416, 2273, 6103, 3166, 5692, 3672, 2119, 2903, 8959, 2881, 2447, 2882, 3329, 6634, 4009, 8287, 4130, 6510, 3866, 2243, 1377, 3313, 2064, 2789, 2218, 3643, 1657, 3621, 2990, 2925, 4665, 2666, 3972, 5364, 4860, 5147, 3273, 2568, 1196, 2233, 2359, 2134, 2865, 3978, 2149, 2583, 2856, 3074, 2170, 3952, 2476, 2010, 3248, 1980, 2595, 8492, 3789, 4500, 2161, 5860, 3055, 4297, 2458, 4224, 2717, 2708, 3055, 4886, 2852, 1622, 3417, 2708, 3258, 7646, 5191, 1902, 3485, 3336, 5824, 1799, 4181, 1445, 2079, 3274, 2319, 1529, 2774, 3321, 4096, 7209, 1298, 1239, 1527, 2053, 3194, 3308, 4407, 5246, 3663, 1653, 4344, 2181, 3323, 966, 3131, 2500, 1551, 8413, 1893, 5083, 2209, 2063, 2064, 3021, 658, 2270, 7034, 5327, 3546, 727, 5418, 5618, 2131, 8995, 1224, 4649, 4658, 1160, 6117, 2325, 2413, 2107, 1897, 5196, 1642, 5210, 3893, 2721, 2283)
(28, 155): Mean: 3654.772, median: 3323.0, std: 1773.474, percent: 3626.88, B: 65, W: 184, 
	(2744, 2215, 2678, 5129, 3952, 3779, 3438, 4347, 2462, 5148, 3259, 5604, 5919, 2743, 1860, 3170, 6156, 4369, 6810, 2747, 2187, 2954, 2001, 3292, 2566, 1417, 4381, 1644, 1433, 3971, 7334, 3439, 2741, 1441, 1784, 5619, 3153, 2014, 4198, 2934, 3212, 2669, 791, 2993, 4185, 2738, 5571, 3101, 3513, 2832, 4290, 5975, 2355, 3077, 6006, 4891, 1983, 4864, 6348, 6285, 3177, 3377, 5516, 2685, 3297, 3343, 4643, 1577, 11054, 3138, 4127, 1692, 5691, 3584, 5545, 8024, 3436, 4306, 4555, 2288, 4053, 3479, 4678, 6113, 3113, 3997, 4991, 1417, 3428, 4684, 4528, 2340, 5186, 2096, 2743, 4668, 1468, 3514, 3257, 3823, 837, 2219, 1375, 4128, 3579, 3192, 1629, 2272, 5749, 2377, 4418, 5001, 2111, 7935, 3142, 5945, 4290, 2185, 3532, 8305, 2916, 2682, 2653, 3090, 7256, 4555, 10781, 4179, 6682, 4103, 2522, 1752, 3623, 2562, 2622, 2076, 3704, 1703, 4261, 2360, 3170, 4879, 3038, 3341, 6163, 4390, 4525, 3889, 2867, 1050, 2796, 2444, 1982, 3443, 4506, 2175, 2594, 3033, 3573, 2494, 4020, 2717, 1996, 3275, 1805, 3031, 7907, 3373, 5149, 2152, 7588, 3102, 4636, 2586, 4357, 3160, 2765, 4143, 4447, 3227, 2022, 4066, 4555, 3458, 8055, 5324, 1729, 3927, 3317, 7566, 2112, 4351, 1817, 2062, 3699, 2393, 1649, 3523, 3662, 3663, 9220, 1656, 1283, 1586, 2262, 3842, 4503, 4552, 5050, 3571, 1741, 4696, 2081, 3758, 1025, 3329, 2159, 1200, 8811, 1977, 5338, 2791, 2105, 1902, 2967, 852, 2494, 6871, 5351, 3525, 847, 5984, 6021, 2614, 7537, 1194, 4541, 3721, 1514, 6269, 2228, 2348, 2301, 2192, 4789, 1915, 5262, 4057, 2925, 2553)
(30, 162): Mean: 3128.868, median: 2807.5, std: 1509.972, percent: 3103.16, B: 226, W: 24, 
	(2556, 2101, 2198, 3525, 3782, 3288, 2967, 4073, 2200, 3841, 3653, 4865, 4303, 2386, 1896, 2540, 4383, 4691, 6268, 2473, 1937, 2770, 1783, 3187, 2431, 1277, 3912, 1525, 1169, 3389, 6044, 3000, 2640, 1047, 1470, 4213, 3192, 1644, 3427, 2498, 2622, 1857, 742, 2505, 3421, 2586, 4366, 3427, 3290, 2264, 3620, 4676, 2570, 3245, 4341, 4306, 1828, 4566, 5687, 5203, 2668, 3225, 4793, 2141, 3418, 3549, 3674, 1453, 8510, 2392, 3368, 1607, 5269, 2739, 4287, 6889, 3040, 2992, 3556, 2017, 3703, 3188, 2838, 5978, 2681, 3288, 3039, 1292, 3197, 5124, 3344, 2384, 4641, 1910, 2416, 3480, 1458, 2950, 2586, 3171, 893, 2069, 1078, 2847, 2777, 3359, 1455, 1957, 4583, 2160, 3660, 4371, 2153, 6685, 2479, 5148, 3981, 1919, 2736, 8938, 2562, 2447, 2581, 2775, 6106, 3343, 8525, 3644, 6662, 3828, 2307, 1481, 2438, 2370, 2219, 1614, 3458, 1280, 2995, 2133, 2598, 3665, 2260, 3623, 5538, 3964, 3601, 2725, 2376, 870, 1959, 2203, 1902, 3018, 3888, 2094, 2424, 2628, 2989, 1816, 4045, 2159, 1976, 3237, 1801, 2185, 8320, 2939, 4191, 2081, 5039, 2527, 3681, 2641, 4380, 2592, 2665, 2884, 4557, 2370, 1667, 3502, 2611, 3234, 6823, 4222, 1763, 3801, 2952, 5811, 1749, 3106, 1303, 2042, 2710, 2159, 1583, 2474, 2963, 3083, 6192, 1176, 1052, 1523, 1992, 2461, 3071, 4111, 3787, 2713, 1621, 3388, 2023, 3151, 932, 2888, 2605, 1153, 8648, 1649, 5061, 2455, 1594, 1835, 2649, 565, 2121, 6097, 4986, 3349, 874, 4948, 5516, 2001, 6864, 1086, 4044, 2841, 1367, 5076, 1929, 2120, 2102, 1884, 4280, 1423, 4781, 3122, 2912, 2293)
(31, 168): Mean: 3058.0, median: 2832.5, std: 1432.032, percent: 3088.64, B: 152, W: 98, 
	(2529, 2071, 1876, 4029, 3418, 3057, 2427, 3497, 2313, 4141, 3267, 4517, 3975, 2536, 1553, 2490, 4519, 3666, 5747, 2634, 1829, 2754, 1842, 2539, 2225, 1854, 4353, 1559, 1193, 3138, 5693, 2836, 2454, 1173, 1555, 3980, 2690, 1908, 3829, 2422, 2783, 2119, 629, 2522, 3900, 2347, 3882, 3335, 3756, 2500, 3332, 5481, 2290, 2616, 4014, 3829, 2017, 4108, 5307, 5219, 2728, 2871, 5063, 2071, 3117, 3417, 3377, 1252, 7936, 2337, 3320, 1276, 5109, 2560, 4033, 7257, 3202, 2964, 3039, 2022, 3418, 2967, 3458, 4875, 2348, 2962, 3359, 1353, 3068, 4969, 3873, 2273, 5439, 1647, 2277, 3950, 1405, 3163, 2319, 2938, 815, 1723, 1107, 2965, 2656, 3292, 1308, 1794, 4426, 2201, 3248, 4742, 2171, 5809, 2428, 4414, 3954, 1945, 2971, 7518, 2737, 2024, 2526, 3227, 6680, 3537, 7455, 3385, 5328, 3330, 2257, 1278, 3012, 2098, 2358, 1819, 3078, 1867, 3246, 2938, 2614, 4202, 2579, 2908, 4632, 3461, 3998, 3739, 2312, 787, 1879, 2286, 1877, 2829, 3854, 2104, 2701, 2523, 2990, 2108, 3454, 2258, 1638, 3015, 1792, 2637, 6371, 3254, 4766, 1967, 6158, 2535, 3756, 2365, 4489, 2603, 2354, 2861, 4407, 2200, 2111, 3582, 2631, 3096, 6323, 4002, 1696, 3499, 2887, 4674, 1546, 3186, 1476, 1736, 3138, 2341, 1406, 2486, 2896, 3466, 7804, 1170, 1011, 1359, 1844, 2863, 3008, 4110, 4921, 2646, 1503, 3394, 1883, 3150, 943, 2290, 2262, 1433, 7590, 1608, 4931, 2023, 1635, 1575, 2662, 676, 2058, 7011, 4553, 3115, 659, 4699, 5023, 1989, 7319, 1123, 3753, 3262, 1160, 5277, 2009, 2060, 2045, 1798, 4316, 1228, 3821, 3233, 2391, 2110)
(32, 170): Mean: 3056.784, median: 2776.0, std: 1499.881, percent: 3024.98, B: 125, W: 125, 
	(2535, 1816, 2108, 3918, 3637, 3044, 2964, 3804, 2121, 3786, 3110, 4375, 4703, 2228, 1784, 2458, 4721, 3827, 6016, 2627, 1591, 2505, 1856, 2948, 2287, 1397, 4767, 1304, 1391, 3092, 5639, 3147, 2328, 1082, 1556, 3707, 3036, 1635, 3438, 2668, 2674, 1935, 542, 2583, 3339, 2122, 3526, 2355, 3509, 2674, 3492, 4828, 2116, 2858, 4256, 4246, 1785, 3742, 5908, 5419, 2581, 3163, 4276, 2120, 3241, 2914, 3593, 1223, 9815, 2530, 3787, 1164, 4999, 2690, 4841, 8559, 2932, 3500, 3195, 1949, 3571, 2802, 2826, 5287, 2725, 3138, 3526, 1232, 2623, 4005, 3797, 2460, 4717, 1872, 2202, 3312, 1283, 2984, 2366, 3352, 941, 1851, 775, 2533, 2639, 2924, 1356, 1853, 3991, 2277, 3765, 4342, 1824, 6849, 2670, 5547, 3693, 2139, 2772, 7971, 2665, 2213, 2356, 3057, 5953, 3496, 7526, 3876, 5635, 4300, 2322, 1338, 2833, 1657, 2443, 1678, 2863, 1394, 3532, 2687, 2984, 4274, 2782, 3181, 4851, 3804, 3418, 3104, 2418, 922, 1861, 2300, 1946, 2806, 3369, 2028, 2315, 2367, 2557, 2243, 3616, 2270, 1461, 2987, 1623, 2653, 8053, 2803, 4623, 1929, 5967, 2746, 3901, 2420, 3671, 2407, 2619, 2536, 4474, 2536, 1939, 2780, 2787, 2945, 6596, 3716, 1781, 3117, 3223, 5058, 1793, 3139, 1410, 1838, 2743, 2188, 1482, 2636, 2949, 4174, 6928, 1124, 942, 1381, 2052, 2742, 3225, 4082, 4172, 3086, 1947, 3366, 2017, 3149, 892, 2672, 2137, 1379, 7384, 1433, 4119, 1927, 1663, 1934, 2429, 582, 2048, 6031, 3790, 3127, 806, 4149, 5102, 1994, 8251, 1138, 4270, 3272, 1197, 4691, 1920, 2174, 2115, 1761, 4083, 1323, 4324, 3268, 2407, 2519)
(33, 171): Mean: 3112.86, median: 2858.0, std: 1486.851, percent: 3149.26, B: 108, W: 142, 
	(2671, 2035, 2242, 3945, 4158, 3513, 2648, 3400, 2168, 3981, 2946, 3958, 4594, 2282, 1893, 3009, 4081, 3765, 5815, 2589, 1814, 2935, 1659, 3016, 2206, 1299, 3588, 1425, 1242, 3422, 5602, 3130, 2613, 1382, 1593, 3738, 3315, 1983, 3310, 2718, 3041, 1807, 588, 2677, 3281, 2135, 4570, 2951, 2990, 2710, 3987, 5399, 2032, 3116, 3954, 3952, 1817, 3777, 5896, 5165, 2442, 3013, 4829, 2154, 3113, 3176, 3499, 1469, 7418, 2080, 3218, 1315, 5065, 2887, 4865, 6556, 2830, 3238, 3460, 2013, 3302, 3396, 3454, 5033, 2588, 2848, 2798, 1453, 2921, 4178, 3828, 2428, 5876, 2154, 2243, 4033, 1449, 3292, 2838, 3563, 868, 1999, 986, 2497, 3076, 3212, 1543, 1914, 4736, 2440, 3761, 4565, 2237, 6891, 2653, 4655, 3875, 2133, 2731, 9336, 2558, 2165, 2514, 2885, 6231, 3858, 7935, 4477, 6641, 3312, 2050, 1620, 2545, 1882, 2570, 1600, 3369, 1415, 3062, 2488, 2876, 4736, 2554, 3105, 4648, 3772, 3359, 3658, 2658, 715, 2335, 2525, 1904, 2923, 3768, 1815, 2554, 2565, 2826, 2060, 3650, 2374, 1739, 3384, 1755, 2422, 7194, 3109, 4565, 1888, 6002, 2692, 4244, 2863, 4152, 2646, 2557, 2614, 4240, 2572, 1674, 2832, 2840, 3061, 6859, 3722, 1833, 2927, 3072, 6308, 1600, 3221, 1300, 1780, 2963, 2299, 1489, 2498, 2853, 3400, 8247, 1219, 914, 1684, 2140, 2914, 3168, 4160, 4859, 2538, 1855, 3185, 1854, 3124, 927, 2762, 2058, 1170, 7341, 1488, 5599, 1859, 1654, 1887, 2306, 643, 2620, 5854, 4531, 2983, 674, 5364, 5779, 2052, 6462, 1078, 3111, 3480, 1085, 5404, 1721, 2251, 2080, 1757, 4264, 1388, 4539, 3645, 2739, 2122)
(34, 176): Mean: 3034.744, median: 2832.0, std: 1438.455, percent: 3024.74, B: 157, W: 93, 
	(2378, 1758, 2165, 3882, 3580, 3285, 2634, 3832, 2437, 3221, 2619, 4187, 4382, 2401, 1864, 2775, 4391, 3770, 5939, 2871, 1813, 2931, 1590, 2970, 2076, 1268, 4537, 1322, 1213, 3307, 5079, 3033, 2387, 1113, 1572, 4126, 2926, 1812, 3635, 2580, 2860, 1696, 542, 2504, 3202, 2605, 3485, 2881, 2375, 3044, 3602, 4944, 2277, 3171, 4776, 4047, 1865, 3842, 5894, 6031, 2311, 3041, 4865, 2014, 3612, 3127, 3524, 1317, 6990, 2380, 2951, 1356, 5746, 2724, 5094, 7050, 2727, 3505, 3559, 2105, 3952, 2820, 3229, 7249, 2178, 2669, 3685, 1232, 2844, 4261, 3763, 2322, 4194, 1866, 2074, 3065, 1328, 3551, 2378, 3485, 927, 1888, 980, 2598, 2639, 2987, 1334, 1947, 4407, 2404, 3164, 4729, 2127, 6998, 2340, 4335, 3143, 2120, 3150, 6663, 3119, 2068, 2260, 2944, 5774, 3282, 6570, 3509, 5941, 3808, 2320, 1190, 2158, 1842, 2690, 1482, 3094, 1292, 3275, 2302, 2659, 4818, 2565, 3233, 5653, 4118, 3307, 2993, 2229, 1041, 3046, 2522, 2008, 3025, 3443, 1860, 2490, 2308, 2592, 1822, 3629, 2099, 1549, 2904, 1651, 2342, 7903, 3042, 4391, 1925, 5514, 2596, 4006, 2233, 3777, 2472, 2520, 3147, 4525, 2206, 1659, 3323, 2614, 2691, 7667, 4851, 1717, 3742, 3178, 5376, 1520, 3082, 1499, 1603, 2878, 1941, 1490, 2566, 3515, 3537, 5324, 1117, 1097, 1484, 1862, 2343, 3079, 3749, 3983, 2894, 1467, 3533, 1900, 3699, 817, 2589, 2300, 1296, 7508, 1861, 4174, 2209, 2028, 1741, 2276, 549, 1928, 5920, 4679, 3338, 670, 4582, 5287, 2143, 6926, 1058, 3345, 3060, 1279, 5694, 1560, 1858, 1967, 1664, 3369, 1374, 4308, 3299, 2333, 2307)
(35, 181): Mean: 2887.764, median: 2674.0, std: 1341.003, percent: 2892.86, B: 163, W: 87, 
	(2257, 1869, 2050, 3439, 3104, 3542, 2490, 4018, 2333, 3240, 2832, 3825, 4695, 2050, 1450, 2670, 4299, 3663, 5775, 2417, 2080, 2732, 1577, 2374, 1988, 1355, 4142, 1384, 1349, 3163, 4295, 2741, 2239, 1108, 1335, 3820, 2869, 1788, 4071, 2156, 2488, 1531, 573, 2396, 2935, 2502, 3683, 2729, 2495, 2177, 3126, 4736, 1887, 2861, 3731, 3855, 1679, 3518, 4769, 4692, 2556, 3286, 4104, 1734, 2887, 3063, 3241, 1396, 5827, 2744, 2779, 1247, 5279, 2975, 4348, 6043, 2839, 3038, 3258, 1850, 3120, 2631, 2938, 5797, 2303, 2674, 2936, 1085, 2648, 3596, 4012, 2207, 4093, 1926, 2078, 3092, 1303, 2970, 2437, 2500, 890, 1892, 975, 2431, 2307, 2858, 1338, 1796, 4243, 2187, 3432, 3998, 2086, 5817, 2547, 4656, 3384, 2054, 2624, 6526, 2680, 2234, 2292, 2783, 5559, 3727, 8181, 3074, 5988, 3210, 2325, 1214, 2114, 1969, 2472, 1664, 3042, 1150, 2692, 2252, 3135, 4138, 2263, 3754, 6091, 3667, 4561, 2847, 2492, 912, 2238, 2158, 1685, 3095, 3134, 1874, 2373, 2395, 2674, 1924, 3203, 2304, 1669, 2579, 1642, 2216, 6512, 2807, 5167, 1869, 5559, 2262, 3772, 2450, 4419, 2600, 2379, 2761, 4135, 2117, 1831, 2985, 2725, 2694, 6878, 4304, 1715, 3310, 2985, 5989, 1522, 2806, 1200, 1645, 2639, 2033, 1497, 2306, 3017, 2972, 6275, 1079, 852, 1541, 1710, 2740, 3548, 3545, 4175, 2830, 1418, 3066, 1744, 3007, 831, 2797, 2151, 1158, 6199, 1543, 4215, 1875, 1675, 1620, 2261, 662, 2082, 6340, 3599, 3166, 725, 3936, 5015, 2295, 6723, 1029, 3570, 3300, 1293, 5132, 1739, 1706, 1935, 1847, 3656, 1109, 4125, 3204, 2412, 2151)
(37, 190): Mean: 3017.604, median: 2759.5, std: 1405.389, percent: 3033.56, B: 78, W: 171, 
	(2332, 1930, 1879, 3969, 3392, 2927, 2386, 3559, 2356, 3474, 3450, 4410, 4715, 2419, 1670, 2761, 4590, 4153, 5494, 2296, 1967, 2904, 1710, 2561, 2167, 1389, 3569, 1322, 1371, 3551, 5314, 2758, 2273, 1273, 1429, 3545, 2761, 1921, 4126, 2536, 3142, 1791, 642, 2744, 2539, 1990, 3788, 2425, 2310, 2676, 3170, 4860, 2258, 3029, 4689, 3802, 1783, 3674, 5434, 4635, 2612, 3621, 4479, 1916, 2666, 3138, 3919, 1441, 7410, 2083, 2858, 1290, 5671, 2709, 4602, 7375, 2806, 3047, 3173, 2029, 3642, 3111, 3278, 4986, 2581, 3093, 3361, 1126, 2607, 3468, 4443, 2273, 4706, 1832, 2049, 3878, 1378, 2950, 2391, 3252, 943, 1743, 1042, 2821, 2826, 2764, 1347, 1649, 4258, 2301, 2947, 3227, 2136, 7041, 2586, 4332, 3114, 1804, 3083, 6312, 2445, 2123, 2595, 2807, 6068, 3465, 8246, 3234, 6296, 3022, 2033, 1569, 2484, 1805, 2620, 1945, 3839, 2003, 3180, 2328, 3287, 4817, 2960, 3330, 4954, 3377, 3579, 2875, 2522, 1148, 2478, 2379, 1968, 3205, 3186, 1955, 2289, 2857, 2549, 2222, 3808, 2091, 1765, 3836, 1740, 2416, 7086, 3831, 4589, 1847, 5831, 2789, 3885, 2986, 4267, 2372, 2707, 2805, 4169, 2410, 1750, 2942, 2614, 2657, 7650, 3956, 1793, 3130, 3020, 6367, 1642, 3131, 1282, 1776, 2970, 2242, 1265, 2385, 3444, 3122, 6015, 1126, 1052, 1596, 1905, 2533, 3219, 3794, 4637, 2664, 1627, 2704, 1933, 3219, 876, 2745, 2136, 1650, 6178, 1636, 4715, 1913, 1988, 1876, 2190, 613, 2084, 6145, 3925, 2866, 906, 5107, 5015, 1902, 7098, 1050, 3963, 3110, 1317, 5678, 1612, 2140, 1969, 2023, 3861, 1389, 4477, 3642, 2396, 2258)
(38, 193): Mean: 3016.448, median: 2742.0, std: 1415.378, percent: 3003.28, B: 130, W: 120, 
	(2678, 1886, 2136, 3374, 3510, 3337, 2399, 3825, 2041, 3283, 3011, 4182, 4265, 2228, 1867, 3336, 5371, 3563, 6451, 2690, 1851, 2809, 2084, 2989, 2217, 1428, 4368, 1349, 1329, 3527, 4994, 2590, 2297, 1208, 1552, 3598, 3172, 1609, 4286, 2551, 2838, 1745, 609, 2753, 2937, 2100, 3482, 2714, 2550, 2418, 2816, 5280, 2278, 3714, 4520, 4302, 1729, 3478, 5047, 6667, 2446, 3231, 4862, 1816, 3208, 3261, 3395, 1414, 7295, 2198, 2816, 1491, 5791, 2613, 4979, 6911, 2687, 3045, 2950, 1900, 3438, 2914, 3358, 6338, 2191, 3015, 3233, 1308, 3067, 4003, 3912, 2572, 3954, 1822, 2358, 3320, 1448, 2959, 2527, 3264, 874, 1684, 1188, 2931, 2564, 2674, 1505, 1734, 5170, 1946, 3281, 4201, 2169, 6472, 2216, 4874, 3187, 1998, 2839, 7212, 2716, 1854, 2217, 3289, 5703, 4448, 6583, 3282, 6735, 3649, 2440, 1555, 2215, 1861, 2515, 1510, 3201, 1561, 2899, 2173, 2479, 4120, 2814, 3461, 5125, 3543, 3419, 3040, 2155, 906, 2641, 2527, 1910, 3176, 3096, 1968, 2379, 2670, 2644, 1954, 3413, 2547, 1428, 3014, 1746, 2338, 7076, 2952, 4158, 2005, 5275, 2663, 3936, 2069, 3543, 2905, 2634, 2679, 4134, 2458, 1610, 2758, 2963, 2731, 7731, 4255, 1851, 3394, 2663, 5395, 1906, 2903, 1478, 1647, 2960, 2027, 1476, 2208, 3126, 3089, 7214, 1219, 991, 1526, 1955, 2587, 3057, 3677, 4493, 2784, 1546, 3608, 1886, 3278, 874, 2484, 2284, 1708, 6615, 1398, 4392, 1911, 1728, 1739, 2626, 748, 2262, 5292, 4381, 3240, 755, 4639, 5511, 1971, 6663, 1078, 4074, 3089, 1333, 5236, 1634, 1973, 1797, 1740, 4308, 1386, 3896, 3727, 2414, 2561)
(39, 196): Mean: 2934.368, median: 2702.0, std: 1376.057, percent: 2862.72, B: 143, W: 106, 
	(2361, 1905, 1954, 3930, 3709, 3114, 2507, 3624, 2679, 3739, 3083, 3816, 3924, 2356, 1624, 2732, 3493, 3917, 5649, 2570, 1839, 2629, 1509, 2551, 2379, 1307, 3928, 1357, 1140, 3078, 5036, 2858, 2499, 1101, 1415, 3289, 2904, 1778, 3857, 2662, 2630, 1851, 619, 2588, 3199, 2237, 3453, 2685, 2865, 3003, 3121, 5301, 1959, 3382, 3940, 3213, 1766, 3386, 5554, 5807, 2527, 3407, 4406, 1934, 3098, 2866, 3547, 1370, 6171, 2260, 2450, 1267, 5591, 2795, 4731, 7442, 3070, 2901, 2807, 2181, 3060, 2731, 2955, 5425, 2575, 3034, 3091, 1149, 3103, 3982, 3589, 2023, 4822, 1561, 2010, 3832, 1316, 3368, 2304, 3329, 967, 1732, 893, 2343, 2288, 2935, 1399, 1742, 4411, 2184, 3019, 3733, 2332, 6764, 2540, 4330, 3650, 1483, 3088, 6612, 2495, 2271, 2108, 3548, 5274, 3269, 6756, 3263, 6218, 3349, 1894, 1251, 1956, 1632, 2222, 1475, 2862, 1352, 3317, 2478, 2485, 4307, 2384, 3176, 4913, 4185, 3170, 2832, 2260, 1108, 2469, 2290, 1609, 2918, 3280, 2105, 2213, 2403, 2747, 1870, 3790, 2105, 1543, 3173, 1670, 2015, 6967, 3210, 5061, 1939, 5383, 2477, 3244, 2142, 3752, 2590, 2295, 2683, 4265, 2076, 1381, 3184, 2744, 2652, 7708, 4494, 1840, 3470, 2719, 4753, 1521, 2494, 1406, 1734, 3027, 2073, 1323, 2173, 3309, 2905, 6307, 1085, 991, 1390, 1756, 2584, 3151, 3612, 4038, 2783, 1577, 3249, 1846, 3105, 908, 2863, 1850, 1234, 6842, 1732, 4420, 1793, 1454, 1827, 2190, 618, 1982, 6076, 4545, 3029, 803, 5050, 6043, 2181, 5426, 1182, 3361, 3200, 1305, 5619, 1779, 2213, 1918, 1861, 4305, 1371, 4724, 3560, 2330, 2634)
(42, 213): Mean: 2883.084, median: 2677.0, std: 1393.673, percent: 2896.94, B: 146, W: 103, 
	(2140, 1988, 1923, 3444, 3345, 3441, 2656, 3563, 2387, 3409, 2572, 3274, 3448, 2125, 1635, 2693, 4918, 3331, 5649, 2106, 1835, 2543, 1678, 2421, 2131, 1356, 4121, 1166, 1141, 3353, 5244, 2828, 2324, 1106, 1318, 3629, 3072, 1613, 3855, 2512, 2243, 1518, 476, 2183, 3487, 1959, 3349, 3126, 2808, 2788, 2966, 4629, 2150, 3335, 4328, 3817, 1779, 3496, 4991, 5591, 2517, 2854, 4174, 2043, 2833, 3113, 3518, 1349, 6934, 2114, 2955, 1399, 4859, 2925, 4598, 7282, 2469, 2970, 3129, 2123, 2785, 2683, 2609, 6519, 2488, 2892, 3840, 1232, 2553, 4619, 3771, 2503, 4288, 1825, 1996, 3693, 1274, 2776, 2154, 3077, 848, 1714, 980, 2315, 2475, 2862, 1506, 1692, 4515, 1890, 3139, 3418, 1952, 5987, 2561, 6009, 2930, 1761, 2884, 6283, 2311, 1951, 2205, 2733, 5636, 2976, 8048, 3025, 5894, 3016, 1896, 1011, 2085, 1659, 2706, 1342, 3179, 1364, 3006, 2527, 2280, 4456, 2483, 3068, 5215, 3635, 3586, 2752, 2198, 1073, 2714, 2373, 1636, 2749, 3047, 1967, 2095, 2153, 2486, 1742, 3947, 1863, 1516, 3235, 1758, 2352, 5297, 2946, 4494, 1961, 4489, 2730, 3578, 2602, 3468, 2476, 2590, 2616, 4288, 2539, 1612, 2897, 2694, 2671, 7174, 4149, 1858, 3177, 3024, 4795, 1562, 3044, 1329, 1843, 2844, 2140, 1502, 2177, 2931, 3025, 5990, 1093, 1102, 1375, 1669, 2328, 3295, 2893, 4608, 2824, 1251, 3417, 1930, 2994, 889, 2354, 2106, 1308, 8414, 1498, 4155, 2133, 1575, 1593, 2196, 525, 1834, 5573, 4322, 2910, 858, 4015, 5078, 1799, 7331, 1244, 3087, 3265, 1025, 5291, 1510, 1839, 1972, 1819, 4708, 1216, 4218, 2755, 2080, 2268)
(44, 220): Mean: 2663.388, median: 2436.0, std: 1247.464, percent: 2598.18, B: 177, W: 71, 
	(2042, 1566, 1957, 3279, 3345, 3195, 2160, 3380, 1936, 3291, 2775, 3372, 4127, 2183, 1437, 2608, 4207, 3213, 5436, 2549, 1816, 2821, 1305, 2215, 1769, 1429, 3007, 1236, 1134, 3141, 5113, 2817, 2254, 924, 1418, 3313, 2596, 1661, 2899, 2250, 2436, 1499, 457, 2415, 3096, 2030, 3149, 2556, 2176, 2673, 2984, 4183, 1771, 2901, 3921, 3254, 1466, 3386, 4183, 4207, 2172, 2879, 3771, 1755, 2833, 2927, 3143, 1230, 6267, 1865, 2630, 1190, 4324, 2560, 3792, 6451, 2583, 2630, 2333, 1944, 2993, 2268, 2563, 5825, 2071, 2615, 2805, 978, 2232, 3495, 3979, 2237, 3914, 1506, 2183, 3594, 1291, 2635, 2427, 2726, 940, 1733, 938, 2438, 2234, 2539, 1536, 1735, 3430, 2101, 2766, 4240, 2045, 5896, 2415, 4591, 3165, 1500, 2359, 4975, 2381, 1973, 2565, 2737, 4644, 2985, 6022, 3146, 5808, 2759, 1800, 1234, 2332, 1552, 2217, 1413, 2635, 1068, 2912, 2168, 2183, 3898, 2217, 3038, 3978, 3453, 3119, 3075, 1834, 589, 1976, 1698, 1673, 2888, 3276, 1737, 2210, 2329, 2436, 1787, 3028, 2128, 1488, 2907, 1580, 1785, 7826, 3098, 4040, 1822, 4823, 2160, 3477, 2156, 3022, 2086, 2301, 2549, 3396, 2123, 1367, 2594, 2036, 2268, 6465, 3645, 1734, 3128, 2541, 5344, 1604, 2683, 1325, 1600, 2728, 1758, 1431, 2191, 2664, 2838, 6186, 1023, 955, 1439, 1648, 2251, 2548, 3065, 3466, 2393, 1281, 3328, 1824, 2749, 895, 2140, 2271, 1325, 6946, 1431, 4000, 1704, 1496, 1565, 2120, 577, 2144, 5234, 3798, 2968, 864, 3931, 4909, 1667, 5909, 885, 3379, 2709, 1104, 4231, 1417, 1886, 1857, 1704, 3350, 1158, 4652, 2848, 2084, 1938)
(48, 240): Mean: 2672.132, median: 2427.5, std: 1269.149, percent: 2615.9, B: 133, W: 117, 
	(2033, 1950, 2010, 3095, 3006, 2863, 2311, 3039, 2220, 2764, 2607, 3302, 3726, 2153, 1587, 2130, 4004, 3785, 5455, 2155, 1780, 2708, 1458, 2139, 1865, 1268, 3690, 1215, 1074, 3120, 4235, 2694, 2027, 978, 1356, 3171, 3139, 1489, 2723, 2209, 2217, 1340, 482, 2784, 2682, 2274, 3261, 2416, 2359, 1980, 2796, 4685, 2208, 2916, 3464, 3191, 1561, 2992, 4572, 4545, 2223, 2917, 3605, 1539, 3006, 3058, 3845, 1255, 6787, 2043, 2693, 1144, 5249, 2435, 4396, 7291, 2672, 2521, 2654, 1849, 3061, 2619, 2553, 5084, 2168, 2522, 3160, 1027, 2539, 4179, 3470, 2201, 3646, 1673, 2052, 2546, 1351, 2849, 2302, 3144, 615, 1829, 846, 2490, 2370, 2500, 1224, 1699, 4154, 1879, 2942, 3788, 2049, 5931, 2199, 4349, 2951, 1524, 2420, 6470, 2300, 1927, 2381, 2953, 4553, 3052, 7229, 3194, 5675, 3302, 1852, 1024, 2189, 1453, 2390, 1174, 2398, 1125, 2886, 2210, 2143, 4308, 2472, 2929, 4842, 3814, 3050, 2875, 1901, 691, 1781, 1887, 1480, 2859, 3160, 2012, 2358, 2218, 2339, 1719, 3328, 2061, 1497, 2995, 1557, 2093, 5962, 2776, 3617, 1645, 4927, 1992, 3147, 2457, 3386, 1977, 2114, 3042, 3654, 2202, 1594, 2928, 2288, 2362, 7188, 3702, 1597, 3227, 2689, 5290, 1570, 2557, 1299, 1503, 2403, 1954, 1369, 2163, 2919, 2680, 5050, 1007, 845, 1391, 1437, 2319, 2863, 2851, 3223, 2578, 1493, 3078, 1789, 2930, 758, 2622, 2011, 1273, 5231, 1459, 3991, 1459, 1708, 1362, 2034, 744, 2250, 5776, 4026, 2720, 590, 3845, 5104, 1630, 5684, 832, 3487, 3257, 1231, 4488, 1493, 1667, 1761, 1555, 4027, 1086, 4183, 2957, 1974, 2273)
(52, 261): Mean: 2609.54, median: 2421.5, std: 1268.01, percent: 2571.54, B: 144, W: 105, 
	(1838, 1389, 1838, 3005, 3121, 2861, 1964, 3368, 2040, 2911, 2556, 3750, 3658, 1964, 1305, 2405, 3591, 3089, 6086, 2122, 1840, 2652, 1305, 2190, 1918, 1030, 4132, 1205, 1048, 3080, 4457, 2571, 2158, 967, 1363, 4047, 2466, 1437, 2775, 2217, 2446, 1513, 537, 2733, 2764, 1925, 2996, 2094, 2552, 1997, 2921, 4919, 1884, 3253, 3158, 3265, 1646, 3137, 5033, 4227, 2256, 3574, 3820, 1728, 2920, 2777, 2748, 1251, 6912, 2019, 2650, 1249, 4380, 2519, 4474, 7396, 2788, 2517, 2549, 1986, 3025, 2473, 2508, 5218, 2234, 2522, 2737, 927, 2363, 3658, 2985, 2074, 3471, 1508, 2089, 2776, 1188, 3043, 1849, 2652, 612, 1652, 805, 2240, 2196, 2495, 1298, 1487, 3959, 2174, 2850, 3577, 1993, 6323, 2575, 4371, 3246, 1590, 2469, 5312, 2265, 1765, 2239, 2494, 5061, 2929, 6116, 2682, 5880, 3404, 1718, 1025, 1979, 1616, 2388, 1298, 2985, 1122, 2249, 2149, 2151, 3994, 2379, 2760, 3853, 3224, 3106, 2748, 1739, 767, 1915, 1696, 1441, 2735, 3158, 1602, 2124, 2151, 2268, 1671, 3683, 1700, 1271, 3108, 1426, 1819, 7487, 2438, 2997, 1677, 4601, 2068, 3580, 1868, 3230, 2159, 2595, 2195, 4209, 2069, 1499, 2473, 2354, 2195, 6372, 4372, 1562, 2840, 2448, 4167, 1763, 2867, 1077, 1509, 2700, 2145, 1212, 2135, 3252, 2729, 6014, 1020, 889, 1369, 1700, 2393, 2877, 2730, 3379, 2658, 1281, 2572, 1722, 2932, 728, 2574, 2029, 922, 5880, 1475, 4249, 1716, 1530, 1350, 2262, 619, 1911, 4653, 3636, 2181, 557, 3781, 5193, 1646, 4851, 888, 3330, 2956, 1013, 4187, 1358, 1657, 1601, 1723, 3383, 1130, 4186, 3114, 1980, 2147)
(54, 272): Mean: 2547.732, median: 2404.5, std: 1172.96, percent: 2532.22, B: 143, W: 107, 
	(1898, 1577, 1748, 3128, 3600, 2684, 2158, 4074, 1983, 2728, 2717, 3482, 3694, 2266, 1502, 1842, 4108, 3005, 4981, 2570, 1435, 2380, 1271, 2653, 1995, 1239, 3369, 1233, 1092, 2440, 4031, 2422, 2635, 926, 1224, 3401, 2411, 1506, 2786, 2424, 2273, 1389, 517, 2642, 2672, 1849, 3181, 2275, 2236, 2308, 2928, 4324, 1772, 2583, 3194, 3155, 1808, 2660, 4608, 3966, 2197, 2760, 3576, 1817, 2871, 2401, 2974, 1037, 6480, 1975, 2730, 1105, 4274, 2406, 3678, 5741, 2638, 2880, 2876, 1845, 2942, 2600, 2464, 4209, 2244, 2379, 2779, 1057, 2619, 3234, 3437, 1944, 3759, 1592, 1953, 2748, 1151, 2850, 1828, 2733, 668, 1555, 859, 2148, 2216, 2285, 1188, 1645, 4146, 1778, 2684, 3348, 1892, 4938, 2420, 4284, 2439, 1918, 2617, 5116, 2227, 1845, 1927, 2451, 5038, 3133, 6934, 2694, 5363, 2662, 1900, 1035, 2640, 1471, 2129, 1256, 3193, 1074, 2585, 1858, 1989, 3533, 2321, 3018, 4477, 3394, 3124, 2727, 1971, 725, 1496, 1549, 1460, 2489, 2701, 1846, 2164, 2140, 2259, 1638, 3091, 1938, 1420, 2859, 1644, 1951, 4906, 2870, 3564, 1709, 5168, 2222, 3205, 1985, 3393, 2002, 2295, 2265, 3826, 2154, 1391, 2758, 2429, 2418, 6530, 3829, 1521, 2767, 2403, 5505, 1619, 2471, 1203, 1548, 2585, 1887, 1189, 2110, 2655, 2758, 5453, 1018, 796, 1223, 1582, 2151, 2612, 2826, 3338, 2358, 1201, 2894, 1499, 2800, 774, 2400, 2015, 1094, 5787, 1354, 4085, 1788, 1617, 1566, 1902, 502, 1785, 5116, 3735, 2672, 696, 5016, 4591, 1835, 4891, 933, 2786, 2826, 1064, 4869, 1397, 1775, 1736, 1596, 3285, 1108, 3615, 2745, 2048, 1814)
(55, 275): Mean: 2511.856, median: 2317.0, std: 1198.906, percent: 2497.28, B: 141, W: 109, 
	(2175, 1428, 1753, 3476, 3277, 2599, 2203, 3820, 2130, 2916, 2414, 3815, 3542, 2043, 1325, 2163, 3710, 3344, 4646, 2100, 1600, 2111, 1348, 2536, 1814, 1148, 3535, 1187, 1063, 2604, 3726, 2424, 2342, 938, 1348, 3199, 2390, 1639, 2833, 2163, 2116, 1462, 507, 1909, 2289, 1740, 2896, 2233, 2348, 2776, 2779, 4429, 1835, 2532, 3364, 2885, 1473, 2652, 3958, 3776, 1974, 2822, 3767, 1557, 2775, 3102, 3000, 1058, 6983, 1866, 2515, 1076, 4500, 2350, 4379, 6034, 2172, 2909, 2388, 2042, 2556, 2635, 2479, 5319, 1909, 2288, 2830, 999, 2499, 3150, 2991, 1690, 4200, 1618, 1732, 2821, 1178, 2858, 2023, 2607, 766, 1628, 727, 2527, 1930, 2426, 1360, 1646, 3963, 2134, 2821, 3643, 1784, 4236, 2780, 3979, 3044, 1331, 2324, 5026, 2206, 1710, 1843, 2163, 4339, 2965, 6556, 2798, 5357, 2617, 1817, 760, 1690, 1415, 2275, 1364, 2932, 983, 2366, 2065, 2294, 3070, 2298, 2880, 5009, 3336, 2700, 2429, 2114, 728, 1804, 1617, 1654, 2349, 3054, 1884, 1968, 2192, 2529, 1418, 2767, 1835, 1403, 2528, 1379, 1773, 6224, 2625, 3708, 1614, 4889, 2083, 3491, 1788, 3982, 1961, 2528, 2323, 3425, 1933, 1489, 2311, 2152, 2548, 5656, 3731, 1586, 3030, 2480, 5427, 1464, 2260, 1174, 1598, 2782, 1861, 1417, 1897, 2793, 2846, 5081, 956, 732, 1239, 1615, 2165, 3272, 2996, 3002, 2753, 1317, 3001, 1471, 2493, 732, 2148, 1871, 858, 5847, 1298, 4204, 1500, 1531, 1135, 2138, 543, 1629, 5332, 3298, 3011, 607, 4260, 4725, 1542, 5696, 785, 2839, 2490, 960, 4406, 1438, 1551, 1557, 1501, 3397, 967, 4826, 2355, 2126, 1947)
(57, 284): Mean: 2388.74, median: 2191.0, std: 1143.729, percent: 2347.88, B: 172, W: 78, 
	(2155, 1466, 1542, 2777, 2758, 2683, 2093, 3466, 2126, 2740, 2470, 3453, 2882, 1755, 1436, 2071, 3689, 3036, 4297, 2078, 1483, 2392, 1248, 2149, 1664, 1006, 3014, 1219, 981, 2434, 3293, 2434, 1990, 821, 1252, 2883, 2222, 1424, 2656, 2142, 2174, 1436, 409, 2238, 2561, 1730, 2640, 2091, 1968, 2116, 2665, 4398, 1621, 2807, 3131, 2949, 1680, 2801, 4560, 4264, 2360, 2854, 3224, 1509, 2634, 2747, 2784, 1033, 6088, 1777, 2239, 997, 4209, 2234, 3598, 5504, 2398, 2972, 2547, 1773, 2559, 2133, 2584, 4368, 2128, 2174, 2984, 978, 2577, 2920, 2670, 1777, 4215, 1529, 1620, 2690, 1167, 2545, 1982, 2553, 573, 1649, 693, 2181, 2486, 2238, 1171, 1478, 3620, 1898, 2719, 3286, 1593, 4179, 2127, 3507, 2742, 1374, 2381, 5955, 2108, 1744, 2053, 2675, 4390, 3086, 6809, 2830, 5620, 2584, 1826, 806, 1560, 1511, 2114, 1183, 2304, 911, 2572, 1667, 1927, 3487, 2100, 2611, 4434, 3274, 2885, 2216, 1866, 756, 1700, 1905, 1480, 2552, 2584, 1475, 1757, 2020, 2300, 1543, 3207, 1721, 1105, 2348, 1435, 1740, 4848, 2247, 3298, 1531, 4864, 2041, 3025, 1928, 4374, 1773, 2302, 2198, 3402, 1876, 1392, 2208, 2150, 2198, 5819, 3191, 1393, 2926, 2473, 4436, 1493, 2653, 1010, 1432, 2184, 1771, 1132, 1739, 2540, 2519, 5097, 960, 648, 1220, 1642, 1931, 2882, 2634, 2883, 2127, 1324, 2525, 1547, 2540, 708, 2139, 1813, 917, 4895, 1297, 3482, 1584, 1214, 1234, 1725, 493, 1659, 6223, 3090, 2512, 473, 4376, 4218, 1589, 5367, 791, 3076, 2489, 975, 4836, 1398, 1502, 1558, 1280, 3581, 1009, 3070, 2232, 2000, 1870)
(58, 290): Mean: 2389.436, median: 2200.0, std: 1134.673, percent: 2412.82, B: 130, W: 120, 
	(1977, 1468, 1509, 2617, 2884, 2446, 2064, 3093, 1887, 3073, 2725, 3568, 3075, 1929, 1517, 2330, 3952, 2944, 4343, 2308, 1446, 2216, 1227, 2042, 1695, 983, 3026, 1192, 1121, 2564, 3604, 2533, 2090, 922, 1222, 3575, 2400, 1463, 2882, 2006, 2134, 1160, 475, 2251, 2555, 1856, 3005, 2011, 1858, 2196, 2633, 4080, 1668, 2575, 3432, 2654, 1495, 3173, 4483, 4489, 1994, 2730, 3917, 1696, 2568, 2698, 2565, 997, 6822, 1964, 2024, 926, 4101, 2559, 4148, 5583, 2641, 2543, 2326, 1665, 2424, 2136, 2646, 4110, 1976, 2246, 3047, 996, 2136, 3549, 3101, 1872, 3626, 1607, 1738, 2492, 1148, 2477, 1844, 2734, 761, 1423, 816, 2371, 2002, 2204, 1206, 1407, 3394, 1702, 2506, 3098, 1908, 4066, 2358, 3450, 2841, 1315, 2274, 5012, 2028, 1839, 1929, 2554, 4018, 2811, 5892, 3148, 5095, 2577, 1730, 789, 2012, 1550, 1901, 1209, 2425, 1010, 2326, 1742, 2003, 3944, 1987, 2391, 4608, 2662, 3020, 2667, 1832, 731, 1895, 1861, 1476, 2548, 2564, 1578, 1869, 1979, 2043, 1460, 2936, 1814, 1257, 2392, 1377, 1804, 4653, 2419, 3436, 1456, 4393, 2088, 2879, 1704, 3669, 1926, 1894, 2193, 3547, 1727, 1526, 2438, 1862, 2277, 5536, 3393, 1441, 2781, 2881, 4202, 1567, 2626, 1116, 1413, 2278, 1716, 1090, 1777, 2477, 2638, 4763, 927, 686, 1157, 1296, 2011, 2717, 2487, 2975, 2369, 1181, 2875, 1502, 2710, 788, 2047, 1763, 854, 6100, 1301, 3418, 1737, 1487, 1186, 1573, 506, 1771, 6373, 3174, 2455, 481, 3621, 4522, 1492, 6116, 759, 3145, 2451, 968, 4245, 1279, 1514, 1523, 1397, 3248, 1071, 4034, 2547, 1916, 1952)
(61, 307): Mean: 2373.2, median: 2212.0, std: 1148.33, percent: 2316.54, B: 137, W: 113, 
	(2077, 1421, 1564, 2477, 2576, 3016, 1869, 3464, 1986, 2602, 3056, 2983, 3517, 1924, 1172, 2025, 3370, 2865, 4356, 1948, 1382, 2354, 1045, 2263, 1478, 1002, 2826, 1128, 943, 2754, 3736, 2330, 2121, 717, 1313, 2911, 2453, 1455, 2684, 2062, 2269, 1254, 512, 2093, 2984, 1755, 2905, 1948, 2479, 2114, 2541, 4521, 1771, 2302, 3262, 2780, 1606, 3216, 4096, 4421, 1806, 2706, 3541, 1542, 2804, 2668, 2551, 966, 6237, 1860, 1994, 1135, 4900, 2140, 4136, 7029, 2469, 2619, 2494, 1638, 2524, 2099, 2753, 3983, 2348, 2220, 2556, 1071, 2331, 3310, 2645, 1737, 3610, 1503, 1912, 2315, 1046, 2635, 1891, 2604, 653, 1607, 942, 2068, 2237, 2279, 1186, 1448, 3949, 1791, 2510, 3871, 1976, 4975, 2300, 3435, 2875, 1282, 2036, 4931, 1888, 1950, 2033, 2475, 4601, 2889, 6043, 2590, 5325, 2658, 1719, 691, 1845, 1513, 2148, 1095, 2747, 934, 2256, 1802, 1713, 4093, 2124, 2758, 3975, 3037, 2769, 2452, 1852, 657, 1453, 1554, 1394, 2618, 2583, 1544, 1912, 1933, 2382, 1451, 2749, 1409, 1409, 2445, 1361, 1597, 5561, 2551, 3096, 1503, 5097, 1963, 3220, 1809, 3070, 1928, 2116, 2300, 3590, 1671, 1518, 2431, 2110, 2419, 5333, 3248, 1371, 3051, 2299, 4483, 1504, 2681, 1097, 1386, 2435, 2015, 1149, 1669, 2617, 2799, 4030, 969, 625, 1164, 1299, 1924, 2877, 2796, 2963, 2191, 1117, 2540, 1343, 2204, 725, 2116, 1863, 814, 5622, 1165, 3301, 1237, 1334, 1264, 1690, 572, 1828, 5347, 2869, 2452, 470, 3769, 4150, 1505, 4389, 749, 2852, 2663, 852, 5275, 1132, 1427, 1424, 1252, 3542, 1120, 3843, 2661, 1754, 1981)
(62, 308): Mean: 2377.952, median: 2196.5, std: 1149.116, percent: 2290.0, B: 126, W: 122, 
	(2075, 1426, 1695, 2942, 3108, 2766, 1816, 3016, 1902, 3222, 3014, 3976, 3233, 1768, 1297, 2319, 3450, 3094, 4046, 1964, 1382, 2159, 1223, 2421, 1543, 974, 2880, 1073, 1099, 2457, 4265, 2391, 2058, 830, 1180, 3368, 2637, 1588, 2535, 2039, 1951, 1182, 511, 1899, 3046, 1560, 2856, 2056, 2385, 2189, 2580, 3949, 1718, 2537, 3221, 3088, 1393, 2756, 4329, 4831, 2017, 2353, 3290, 1587, 2685, 2382, 2668, 983, 7203, 1737, 2154, 1055, 4436, 2253, 3237, 6544, 2690, 2388, 2293, 1828, 2763, 1995, 2638, 4144, 1869, 2160, 3043, 938, 2362, 3324, 2649, 1937, 3175, 1382, 1894, 2677, 1129, 2434, 1754, 2456, 764, 1597, 795, 2225, 2094, 2192, 1226, 1337, 3387, 1791, 2532, 3454, 1700, 4339, 2295, 3150, 2497, 1346, 1985, 5180, 1851, 1681, 1932, 2424, 4604, 3275, 5823, 2846, 5459, 2643, 1711, 693, 2201, 1526, 1861, 1060, 2802, 917, 2600, 1856, 1828, 3673, 2135, 2613, 4187, 2582, 2662, 2859, 1734, 593, 2328, 1703, 1494, 2564, 2548, 1468, 1959, 1967, 2242, 1420, 3033, 1764, 1277, 2427, 1336, 1684, 4671, 2262, 3243, 1490, 4922, 1881, 2968, 1971, 4174, 2061, 2138, 2228, 3470, 1878, 1574, 2613, 2032, 2124, 6015, 3177, 1566, 2856, 2472, 4618, 1501, 2434, 1149, 1357, 2338, 1806, 1038, 1799, 2517, 2728, 5275, 1032, 698, 1244, 1427, 2001, 2474, 2670, 2826, 2297, 1103, 2875, 1661, 2624, 757, 1762, 1743, 784, 5509, 1229, 3235, 1269, 1343, 1110, 1673, 547, 1638, 5468, 3092, 2586, 547, 4126, 4377, 1571, 5043, 767, 2915, 2357, 983, 3575, 1168, 1470, 1515, 1492, 3720, 1017, 3985, 2448, 2139, 1745)
(63, 311): Mean: 2357.7, median: 2241.5, std: 1090.55, percent: 2299.54, B: 129, W: 121, 
	(1902, 1375, 1401, 2493, 2787, 2829, 2121, 3036, 1603, 2684, 2690, 3143, 3076, 1836, 1476, 1974, 3493, 2721, 4177, 2138, 1500, 2239, 1250, 2368, 1555, 915, 3373, 1083, 899, 2688, 3505, 2268, 1954, 861, 1266, 2810, 2606, 1358, 2643, 2415, 1991, 1175, 507, 2039, 2439, 1719, 2365, 1985, 2062, 2224, 2881, 4321, 1808, 2508, 3507, 3226, 1379, 3110, 4012, 3378, 1986, 2426, 3519, 1644, 2556, 2843, 2626, 1030, 5310, 1718, 2099, 939, 4150, 2369, 3502, 5576, 2535, 2542, 2362, 1696, 2594, 2295, 2539, 4017, 2224, 2345, 2780, 937, 2084, 3003, 2761, 1739, 3479, 1514, 1614, 2382, 1141, 2325, 2250, 2386, 746, 1477, 715, 2161, 1722, 2199, 1161, 1382, 3990, 1974, 2904, 3077, 1896, 4686, 2113, 3455, 2695, 1324, 2349, 4080, 2218, 1792, 1937, 2709, 5000, 3054, 5411, 2587, 4971, 2368, 1813, 892, 1675, 1480, 2070, 1255, 2585, 993, 2471, 1602, 1909, 3237, 2223, 2638, 4691, 3227, 2693, 2582, 1865, 803, 1680, 1947, 1544, 2283, 2765, 1620, 2193, 1922, 2250, 1567, 3186, 1684, 1196, 2234, 1392, 1551, 6214, 2892, 3002, 1402, 4225, 2244, 2475, 1793, 4475, 1963, 2236, 2538, 3057, 1877, 1315, 2411, 1684, 2457, 5714, 3132, 1414, 2781, 2332, 5069, 1546, 2767, 1138, 1354, 2249, 1720, 1094, 1881, 2474, 2690, 4467, 930, 621, 1189, 1464, 1854, 2741, 2609, 3149, 2323, 1362, 2943, 1625, 2664, 718, 2089, 1698, 869, 5914, 1232, 4473, 1514, 1306, 1193, 1771, 521, 1840, 4957, 3023, 2489, 610, 3968, 4273, 1395, 4273, 719, 2978, 2664, 936, 4412, 1428, 1516, 1538, 1463, 3358, 1071, 4389, 2433, 1695, 2288)
(68, 336): Mean: 2067.048, median: 1860.0, std: 1004.037, percent: 2061.7, B: 218, W: 32, 
	(1834, 1356, 1355, 2736, 3029, 2046, 1606, 2952, 1761, 2351, 2198, 2862, 2652, 1688, 1070, 2212, 2988, 2632, 3674, 1841, 1190, 1891, 852, 2110, 1249, 1027, 2230, 1124, 929, 2325, 3502, 2278, 1797, 706, 1032, 3164, 2016, 1300, 2315, 1805, 1693, 1059, 386, 1796, 2341, 1570, 2726, 1830, 2093, 1825, 1939, 3463, 1368, 2081, 3388, 2581, 1238, 2600, 3761, 4011, 1832, 2208, 3393, 1493, 2397, 2343, 1969, 779, 5454, 1537, 1846, 756, 3681, 1845, 3145, 5287, 2241, 2291, 2017, 1489, 2188, 1729, 2072, 4330, 1741, 1860, 2427, 965, 1756, 2925, 2510, 1591, 3951, 1296, 1656, 2525, 1015, 2244, 1590, 2152, 484, 1483, 718, 2003, 1981, 1802, 1013, 1299, 2710, 1628, 2218, 2625, 1708, 4228, 1771, 3365, 2608, 1080, 1947, 4293, 1969, 1502, 1688, 2292, 4055, 2373, 4658, 2836, 5095, 2205, 1509, 721, 1335, 1317, 2043, 1030, 2355, 983, 1960, 1285, 1691, 3411, 1908, 2032, 3934, 2647, 2374, 1894, 1785, 583, 1284, 1524, 1177, 2103, 2207, 1329, 1652, 1671, 1738, 1271, 3009, 1307, 1113, 2137, 1182, 1500, 4430, 2132, 3174, 1414, 4411, 1597, 2130, 1445, 3683, 1821, 1860, 1964, 3089, 1490, 1364, 1958, 1559, 2053, 5651, 2888, 1400, 2414, 1794, 3678, 1309, 1995, 886, 1294, 1871, 1617, 993, 1377, 2229, 2075, 4095, 843, 561, 1126, 1181, 1802, 2268, 2256, 2989, 1747, 888, 2177, 1455, 2098, 632, 1686, 1497, 790, 5192, 1083, 2968, 1104, 1096, 886, 1531, 474, 1427, 3908, 2727, 2826, 528, 2654, 4572, 1337, 3849, 568, 2495, 1944, 814, 3717, 1000, 1365, 1410, 1357, 2788, 861, 2910, 2373, 1627, 1637)
(69, 341): Mean: 2095.664, median: 1843.5, std: 1034.912, percent: 2055.52, B: 115, W: 133, 
	(1710, 1315, 1355, 2579, 2710, 2143, 1782, 2953, 1767, 2276, 2011, 3389, 2575, 2249, 953, 1981, 3391, 2750, 3522, 1809, 1143, 1935, 1092, 1731, 1240, 1023, 2514, 1191, 957, 2391, 3596, 2082, 1674, 592, 1128, 3058, 2186, 1254, 2310, 1803, 1728, 1086, 361, 1760, 2826, 1770, 2580, 1642, 1755, 1964, 2059, 3544, 1475, 2097, 2623, 2783, 1340, 2556, 3821, 3533, 1472, 2450, 4068, 1434, 2724, 2625, 2218, 854, 4853, 1452, 1771, 790, 3781, 2050, 3311, 5659, 2557, 2335, 1916, 1551, 2164, 1813, 2297, 3947, 1615, 2002, 2350, 689, 1621, 3450, 2380, 1923, 3065, 1317, 1829, 2198, 958, 2330, 1745, 2518, 400, 1380, 666, 2106, 1649, 1722, 1021, 1158, 2735, 1631, 2307, 2391, 1932, 4871, 1757, 3589, 2434, 1051, 2380, 4423, 1809, 1341, 1539, 2356, 3829, 2533, 4787, 2280, 4887, 2542, 1430, 662, 1399, 1412, 1810, 1061, 1840, 906, 2102, 1524, 1641, 3893, 1773, 2037, 3496, 2788, 2827, 1896, 1736, 616, 1146, 1522, 1335, 2247, 2190, 1513, 1669, 1757, 2150, 1288, 2493, 1375, 1032, 2375, 1295, 1444, 4691, 2124, 3048, 1362, 4193, 1650, 1914, 1555, 4115, 1587, 1884, 1847, 3192, 1698, 1378, 2121, 1571, 1789, 5279, 2813, 1167, 2646, 1948, 3107, 1309, 2248, 893, 1137, 1813, 1573, 917, 1803, 2172, 2073, 4183, 960, 533, 1042, 1293, 1786, 2349, 2844, 2560, 1723, 961, 2526, 1308, 2363, 674, 1903, 1602, 931, 5752, 1136, 3310, 1065, 1093, 1142, 1373, 434, 1630, 4917, 3732, 2242, 468, 2638, 5001, 1312, 4222, 618, 2553, 2354, 764, 3828, 1022, 1322, 1268, 1416, 3217, 996, 2755, 2151, 1519, 1817)
(70, 344): Mean: 2055.116, median: 1878.5, std: 1010.853, percent: 2006.24, B: 136, W: 114, 
	(1858, 1202, 1322, 2344, 2828, 1879, 1798, 2821, 1880, 2803, 1878, 2839, 2596, 1835, 976, 2049, 3106, 2495, 4532, 1958, 1278, 2261, 960, 1925, 1272, 981, 2410, 1120, 908, 2159, 3511, 2002, 1950, 581, 996, 2638, 1960, 1341, 2505, 1899, 1839, 1196, 373, 1911, 2128, 1588, 2281, 1767, 1805, 1758, 1933, 3411, 1405, 2233, 2779, 2709, 1256, 2448, 3943, 3722, 1556, 2315, 3214, 1327, 2461, 2522, 2108, 846, 5738, 1484, 1674, 903, 3493, 2059, 3062, 5931, 2029, 2259, 2069, 1485, 2457, 1718, 2081, 4593, 1679, 1648, 2290, 765, 1862, 2916, 2062, 1746, 2930, 1191, 1442, 2063, 1025, 2459, 1614, 2146, 484, 1277, 621, 1810, 1667, 1882, 965, 1289, 3012, 1484, 2057, 2531, 1545, 4906, 1828, 2870, 2692, 1090, 2124, 3564, 1771, 1576, 1693, 2353, 3867, 2226, 5248, 2765, 4448, 2247, 1549, 759, 1477, 1473, 1816, 961, 2221, 849, 2044, 1415, 1722, 3244, 1931, 2242, 3776, 2342, 2167, 2085, 1663, 573, 1194, 1322, 1407, 2034, 2665, 1243, 1738, 1739, 1933, 1177, 2722, 1326, 1102, 2553, 1316, 1515, 4633, 2097, 2719, 1387, 4483, 1666, 2242, 1415, 2875, 1856, 1657, 2000, 3196, 1540, 1375, 2159, 1532, 2181, 5644, 2863, 1132, 2513, 1840, 3649, 1105, 2169, 960, 1343, 1804, 1472, 919, 1590, 2185, 2298, 3828, 863, 532, 1091, 1141, 1805, 2583, 2895, 2920, 1862, 953, 2403, 1309, 2262, 643, 1822, 1691, 716, 5057, 1084, 2975, 1178, 1145, 969, 1515, 436, 1528, 4406, 2724, 2178, 459, 3087, 3641, 1265, 4227, 549, 2533, 2276, 747, 4116, 1149, 1327, 1314, 1394, 3003, 876, 2850, 2047, 1826, 1530)
(71, 349): Mean: 2055.208, median: 1918.5, std: 982.361, percent: 2047.68, B: 128, W: 122, 
	(1854, 1136, 1336, 2614, 3165, 2029, 1581, 3042, 1751, 2706, 2567, 2847, 2634, 1958, 997, 2077, 2982, 2324, 4353, 1824, 1185, 2007, 937, 1887, 1232, 845, 2743, 1206, 949, 2232, 3799, 2014, 1617, 631, 995, 2621, 2041, 1159, 2617, 1725, 1999, 1122, 371, 1858, 2592, 1552, 2380, 2045, 1825, 1861, 2109, 2907, 1501, 1916, 3337, 2666, 1286, 2340, 3709, 3754, 1526, 2471, 3220, 1350, 2218, 2348, 2354, 837, 5484, 1451, 1652, 801, 4348, 1976, 3223, 5492, 2016, 2112, 1897, 1537, 2002, 1927, 2135, 4020, 1702, 1921, 2345, 794, 1859, 2479, 2317, 1760, 3039, 1370, 1582, 2372, 984, 2317, 1548, 2237, 551, 1398, 566, 1901, 1651, 1729, 1064, 1336, 2938, 1616, 1980, 3255, 1695, 4071, 1773, 3131, 2297, 1226, 2070, 4530, 1728, 1533, 1653, 2305, 4204, 2266, 5307, 2405, 4892, 2209, 1527, 738, 1599, 1449, 1773, 1223, 2097, 899, 2116, 1462, 1565, 3435, 1928, 2086, 4013, 2335, 2639, 2019, 1699, 547, 1261, 1539, 1408, 2151, 2140, 1409, 1923, 1589, 1931, 1368, 2730, 1195, 1033, 2130, 1259, 1688, 4967, 2067, 3049, 1248, 3958, 1585, 2306, 1487, 3342, 1858, 1824, 2020, 2964, 1480, 1384, 1986, 1673, 2114, 4558, 2845, 1227, 2237, 2052, 3426, 1358, 2328, 898, 1249, 1780, 1612, 862, 1636, 2057, 2223, 4200, 854, 659, 1066, 1258, 1784, 2205, 2717, 2901, 2061, 1032, 2134, 1197, 2439, 553, 1906, 1531, 606, 4241, 1109, 2798, 1102, 1174, 992, 1457, 453, 1728, 4428, 2356, 2253, 472, 2861, 3609, 1395, 4219, 712, 2507, 2356, 857, 3482, 1067, 1370, 1240, 1286, 2976, 970, 2711, 1951, 1557, 1795)
(72, 351): Mean: 2031.736, median: 1872.5, std: 976.493, percent: 2016.4, B: 144, W: 105, 
	(2072, 1144, 1265, 2176, 2620, 2189, 1623, 3127, 1630, 2750, 2397, 3342, 2638, 1626, 1008, 1948, 2823, 2658, 3820, 1673, 1172, 1962, 899, 1764, 1451, 935, 2826, 1234, 862, 2144, 3122, 2111, 1718, 580, 1084, 3068, 2122, 1450, 2298, 1852, 1832, 1053, 424, 1873, 2278, 1627, 2275, 1734, 1817, 2034, 2045, 3092, 1553, 2032, 3113, 2760, 1285, 2571, 3203, 3569, 1677, 2647, 3647, 1342, 2348, 2324, 2142, 827, 5593, 1454, 2005, 825, 3824, 1928, 3304, 5187, 2146, 2156, 1866, 1554, 2030, 1926, 2252, 3773, 1670, 2022, 2045, 797, 1666, 2712, 2300, 1671, 2844, 1276, 1517, 2445, 1011, 2514, 1585, 2126, 583, 1305, 540, 1932, 1662, 1996, 1059, 1192, 2934, 1518, 2175, 3044, 1685, 3907, 1685, 3476, 2443, 975, 2058, 3401, 1866, 1395, 1631, 2175, 4041, 2238, 4255, 2261, 4688, 2272, 1422, 741, 1327, 1406, 1871, 1004, 2018, 988, 1827, 1497, 1595, 3146, 1723, 2129, 3670, 2806, 2486, 1985, 1687, 525, 1094, 1524, 1313, 2118, 2051, 1430, 1794, 1609, 2055, 1301, 2378, 1274, 1011, 2273, 1223, 1461, 5034, 2067, 3136, 1218, 4248, 1823, 2449, 1499, 3893, 1680, 1914, 1829, 3216, 1455, 1385, 1993, 1530, 1900, 4708, 2781, 1250, 2376, 1923, 4187, 1156, 2122, 833, 1229, 1431, 1553, 928, 1812, 1872, 2158, 4844, 786, 566, 1043, 1169, 1634, 2494, 2321, 2727, 1973, 823, 2245, 1296, 2350, 621, 1781, 1517, 793, 4602, 957, 2901, 994, 1072, 924, 1437, 487, 1570, 4278, 2755, 2036, 444, 2829, 3787, 1247, 4143, 601, 2872, 2139, 828, 3883, 1056, 1322, 1235, 1166, 2896, 873, 3266, 2051, 1626, 1601)
(75, 367): Mean: 2017.748, median: 1836.5, std: 968.993, percent: 1992.38, B: 135, W: 115, 
	(1793, 1138, 1253, 2277, 2453, 1877, 1668, 2761, 1620, 2494, 2182, 3617, 3029, 1890, 964, 1758, 2803, 2668, 3384, 1744, 1194, 1743, 945, 1712, 1190, 897, 2653, 1141, 917, 2167, 3369, 2080, 1686, 539, 1117, 3033, 1949, 1249, 2258, 1765, 1759, 1137, 426, 1800, 2559, 1518, 2132, 1946, 1595, 1999, 1901, 3037, 1465, 2111, 2828, 3322, 1328, 2277, 3153, 3617, 1532, 2361, 3385, 1468, 2479, 2184, 2384, 830, 5711, 1477, 1837, 792, 4240, 1804, 3260, 5599, 2462, 2151, 1876, 1655, 2182, 1767, 2207, 2831, 1693, 1832, 2111, 738, 1866, 2999, 2597, 1745, 2718, 1144, 1639, 2293, 880, 2613, 1848, 2157, 556, 1261, 714, 2005, 1741, 1695, 1001, 1214, 2676, 1520, 2123, 3182, 1722, 4286, 1836, 3293, 2595, 880, 1996, 4155, 1601, 1355, 1721, 2433, 4045, 2410, 4181, 2323, 4684, 2332, 1465, 628, 1257, 1254, 1812, 1207, 1796, 948, 1843, 1280, 1662, 3176, 1876, 2112, 3642, 2433, 2266, 2127, 1624, 562, 1193, 1450, 1226, 2233, 2047, 1401, 1661, 1594, 2133, 1265, 2432, 1310, 995, 2133, 1200, 1588, 4498, 2225, 2700, 1317, 3882, 1429, 2322, 1480, 3719, 1718, 2075, 2140, 3386, 1384, 1271, 1901, 1649, 1997, 4989, 2839, 1238, 2543, 1904, 3531, 1365, 2049, 907, 1192, 1712, 1616, 913, 1563, 2082, 1964, 3489, 743, 543, 1044, 1126, 1729, 2357, 2873, 2853, 1915, 1003, 2402, 1241, 2378, 616, 1524, 1444, 710, 4261, 1137, 3116, 1089, 1312, 1076, 1478, 404, 1575, 5007, 2540, 2318, 475, 2925, 3486, 1277, 4518, 574, 2462, 2021, 811, 3894, 1044, 1352, 1196, 1290, 2695, 852, 2483, 2394, 1619, 1665)
(81, 401): Mean: 2000.104, median: 1842.5, std: 947.818, percent: 1949.34, B: 140, W: 110, 
	(1954, 1100, 1336, 2254, 2716, 2168, 1518, 2262, 1639, 2461, 2594, 3478, 2442, 1762, 946, 1901, 3131, 2501, 3185, 1674, 1158, 1832, 889, 1995, 1247, 855, 2594, 1149, 846, 2221, 3141, 1991, 1636, 538, 1053, 2705, 1945, 1303, 2181, 1902, 1757, 1176, 374, 1841, 1929, 1655, 2263, 1579, 1556, 1731, 2082, 2796, 1390, 2022, 3082, 3147, 1352, 2514, 3846, 3262, 1898, 2672, 3510, 1466, 2281, 2736, 2212, 800, 5458, 1639, 1671, 747, 3964, 1977, 3201, 4957, 2146, 2416, 1966, 1519, 2544, 1781, 2145, 3318, 1937, 1807, 2699, 758, 1690, 2542, 2179, 1827, 3235, 1310, 1449, 2325, 1026, 2385, 1666, 1965, 407, 1239, 593, 1926, 2039, 1794, 939, 1330, 2857, 1486, 2289, 2691, 1631, 3553, 1714, 3074, 2568, 947, 1770, 3361, 1563, 1580, 1866, 2184, 3227, 2248, 4123, 2203, 4870, 2553, 1481, 632, 1222, 1461, 1761, 870, 1747, 899, 2046, 1346, 1388, 3615, 1844, 2051, 4330, 2674, 2509, 2030, 1702, 563, 984, 1520, 1198, 2294, 2555, 1328, 1535, 1500, 1761, 1283, 2350, 1158, 1039, 2341, 1179, 1580, 4228, 2234, 2973, 1360, 3876, 1481, 2043, 1393, 3388, 1797, 1946, 2270, 3234, 1505, 1418, 2142, 1558, 1860, 5199, 2573, 1266, 2142, 1897, 3473, 1086, 2259, 897, 1150, 1800, 1518, 896, 1491, 2306, 2135, 3573, 745, 521, 1035, 1191, 1773, 2356, 2091, 2624, 2136, 936, 2445, 1264, 2450, 562, 1786, 1501, 696, 5216, 992, 3118, 991, 1103, 927, 1579, 406, 1640, 4344, 2797, 2205, 439, 2616, 3957, 1224, 3736, 644, 2579, 2317, 780, 3690, 1080, 1384, 1441, 1193, 2638, 844, 2912, 1779, 1680, 1514)
(82, 407): Mean: 2009.732, median: 1886.5, std: 954.058, percent: 1956.04, B: 117, W: 132, 
	(1709, 1194, 1257, 2674, 2708, 2078, 1585, 2851, 1708, 2725, 2146, 2960, 2918, 1718, 846, 2056, 2944, 2624, 3090, 1852, 1226, 2068, 955, 1628, 1262, 908, 2588, 1107, 904, 1936, 3390, 2039, 1628, 618, 1053, 2566, 2126, 1561, 2245, 1560, 1894, 1023, 400, 1893, 1940, 1555, 2235, 1666, 1705, 1944, 1989, 3257, 1464, 2152, 3023, 2687, 1211, 2427, 3481, 3857, 1474, 2451, 3329, 1316, 2384, 2278, 2074, 806, 6209, 1420, 1748, 801, 3984, 2043, 2587, 5177, 2135, 2544, 2285, 1569, 2091, 1799, 2210, 3842, 1734, 1933, 2497, 739, 1842, 2693, 2395, 1567, 2751, 1151, 1769, 2208, 843, 2157, 1805, 2107, 561, 1256, 646, 1880, 1801, 2072, 969, 1228, 2672, 1524, 2198, 3067, 1534, 3924, 1428, 3022, 2565, 1025, 2127, 4303, 1689, 1416, 1676, 2337, 3558, 2388, 4593, 2335, 4276, 2312, 1614, 564, 1240, 1455, 1902, 848, 2229, 896, 2058, 1373, 1598, 3542, 1663, 2299, 3572, 2497, 2208, 2142, 1857, 591, 1209, 1449, 1228, 2306, 2124, 1301, 1567, 1610, 1827, 1310, 2638, 1133, 1040, 2023, 1114, 1588, 4174, 2094, 2923, 1257, 3790, 1587, 1974, 1707, 3442, 1620, 1942, 2446, 2734, 1541, 1442, 2042, 1333, 2302, 5584, 3094, 1168, 2454, 1848, 3426, 1486, 2396, 805, 1149, 1769, 1544, 836, 1654, 2335, 2028, 3408, 818, 540, 1064, 1185, 1744, 2281, 2491, 2565, 1927, 919, 2286, 1265, 2500, 651, 1746, 1534, 747, 4214, 993, 3553, 1057, 1131, 887, 1439, 423, 1586, 4055, 2532, 2417, 529, 3153, 3765, 1346, 3715, 653, 2492, 2180, 822, 3644, 1026, 1286, 1259, 1222, 2771, 865, 3138, 2165, 1473, 1487)
(83, 412): Mean: 2042.16, median: 1873.5, std: 995.52, percent: 1999.16, B: 126, W: 124, 
	(1767, 1174, 1213, 2209, 2789, 2641, 1484, 2734, 1537, 2754, 2350, 3116, 2849, 1971, 853, 2017, 2838, 2970, 3786, 1715, 1183, 2065, 921, 1877, 1422, 845, 2288, 1088, 905, 2281, 2943, 1843, 1978, 558, 935, 2790, 2184, 1481, 2429, 1636, 1892, 1061, 471, 1752, 1972, 1497, 2352, 1523, 1624, 1692, 1978, 3284, 1575, 2037, 2800, 3254, 1280, 2405, 3635, 3562, 1669, 2755, 4033, 1343, 2281, 2418, 2631, 851, 4841, 1566, 1763, 820, 3749, 2218, 3571, 5510, 2351, 2159, 2245, 1598, 2066, 2093, 2229, 3578, 1689, 1899, 2536, 804, 1782, 2318, 2230, 1831, 3324, 1120, 1527, 2639, 990, 2359, 1792, 2231, 484, 1382, 595, 1868, 1794, 1932, 1146, 1270, 2605, 1764, 2567, 3158, 1571, 3951, 1547, 3341, 2355, 886, 2053, 3931, 1626, 1406, 1754, 2169, 3654, 2521, 5228, 2504, 4907, 2241, 1345, 706, 1202, 1374, 1837, 1072, 2104, 825, 2435, 1237, 1583, 3566, 1569, 2066, 3829, 2460, 2351, 1909, 1869, 483, 1191, 1629, 1287, 2259, 2109, 1320, 1636, 1613, 2149, 1256, 2981, 1339, 1135, 2318, 1220, 1414, 4427, 2080, 2855, 1403, 4993, 1401, 2389, 1736, 3615, 1838, 1794, 2428, 3069, 1563, 1338, 1999, 1738, 2087, 5195, 2412, 1188, 2349, 2025, 3120, 1185, 1921, 814, 1043, 1742, 1755, 860, 1774, 2142, 2344, 4316, 838, 532, 978, 1158, 1728, 2128, 2196, 2783, 1870, 989, 2030, 1173, 2233, 579, 1697, 1511, 633, 4504, 1019, 3348, 1046, 1061, 1015, 1501, 428, 1700, 3664, 2613, 2259, 495, 3015, 3894, 1311, 5069, 574, 2487, 2081, 716, 4050, 1050, 1323, 1294, 1207, 2406, 788, 2922, 2231, 1537, 1576)
(87, 432): Mean: 1982.936, median: 1823.0, std: 960.441, percent: 1959.54, B: 148, W: 101, 
	(1766, 1149, 1296, 2188, 2639, 1964, 1443, 2248, 1871, 2382, 2234, 3007, 3294, 1615, 830, 1821, 2841, 2323, 3658, 1763, 1093, 1842, 834, 1963, 1222, 916, 2544, 1013, 885, 2350, 3246, 1962, 1601, 575, 972, 2759, 2008, 1217, 2232, 1741, 1741, 1068, 368, 1988, 2547, 1493, 2138, 1541, 1694, 1777, 1805, 3119, 1382, 2215, 3069, 2738, 1243, 2491, 4000, 3744, 1448, 2673, 3671, 1364, 2490, 2585, 1984, 789, 5745, 1397, 1678, 776, 3758, 1950, 2887, 4522, 2061, 1962, 1923, 1502, 2247, 1918, 2315, 3615, 1594, 1927, 2467, 874, 1825, 2635, 2436, 1610, 3153, 1137, 1490, 2618, 947, 2368, 1575, 2041, 406, 1334, 608, 1853, 1610, 1894, 987, 1205, 2570, 1412, 2269, 2651, 1471, 3752, 1692, 2787, 2503, 946, 1792, 4519, 1626, 1423, 1471, 2343, 3570, 2355, 4478, 2328, 4221, 2257, 1483, 630, 1339, 1358, 1682, 911, 1771, 862, 2356, 1354, 1608, 3459, 1858, 2143, 3919, 2674, 2758, 2086, 1644, 493, 1154, 1436, 1249, 2219, 2211, 1269, 1456, 1402, 1874, 1167, 2886, 1345, 969, 2256, 1202, 1472, 4244, 2268, 3038, 1408, 4027, 1565, 2440, 1352, 3311, 1702, 1861, 2050, 3148, 1463, 1253, 1915, 1366, 2130, 4906, 2828, 1225, 1993, 1826, 3448, 1249, 1985, 865, 1204, 1568, 1514, 821, 1684, 2247, 2028, 3596, 811, 649, 1042, 1242, 1705, 2270, 2425, 2515, 1743, 956, 2263, 1268, 2086, 656, 1625, 1420, 656, 4637, 1017, 3429, 978, 1044, 886, 1524, 399, 1595, 4442, 2389, 2162, 401, 2935, 3988, 1366, 3824, 597, 2350, 2016, 753, 3993, 977, 1275, 1196, 1248, 2768, 805, 3030, 2083, 1465, 1589)
(91, 453): Mean: 1976.912, median: 1802.5, std: 967.151, percent: 1984.3, B: 128, W: 122, 
	(1762, 1160, 1243, 2575, 2786, 1900, 1522, 2543, 1597, 2645, 2216, 3299, 2421, 1680, 969, 1743, 2923, 2985, 3798, 1918, 1155, 1999, 922, 1806, 1171, 957, 2674, 1025, 900, 2477, 3025, 1792, 1694, 567, 905, 2612, 2029, 1378, 2346, 1582, 1706, 1121, 343, 1789, 1935, 1336, 2180, 1613, 1499, 1799, 1896, 3058, 1481, 2252, 2869, 2619, 1318, 2451, 3641, 3554, 1479, 2238, 3469, 1347, 2306, 2346, 2078, 794, 4879, 1373, 1843, 777, 3339, 1941, 2929, 5043, 2404, 2263, 1931, 1465, 2155, 1635, 2008, 3593, 1711, 1871, 2265, 847, 1834, 2481, 2440, 1700, 2894, 1213, 1473, 2061, 881, 2223, 1660, 2190, 505, 1293, 657, 1859, 1882, 1906, 995, 1204, 2795, 1469, 2062, 2803, 1437, 3848, 1522, 3319, 2141, 862, 1945, 4501, 1955, 1400, 1569, 2021, 4018, 2249, 4156, 2545, 4860, 2298, 1456, 629, 1201, 1391, 1708, 937, 1754, 840, 2157, 1201, 1553, 3211, 1776, 1914, 3960, 2529, 3016, 1990, 1770, 496, 1144, 1354, 1098, 2133, 1977, 1215, 1557, 1492, 1798, 1250, 2743, 1126, 998, 2217, 1240, 1643, 4146, 2178, 3141, 1281, 4799, 1467, 2177, 1275, 3752, 1764, 1662, 2104, 3263, 1447, 1366, 2108, 1286, 2033, 5235, 3177, 1141, 2713, 1859, 3104, 1193, 2064, 829, 1083, 1625, 1668, 834, 1593, 2180, 1955, 3855, 859, 492, 1036, 1179, 1673, 2084, 2559, 2598, 2090, 843, 2145, 1291, 2312, 580, 1728, 1480, 643, 4770, 1011, 2910, 1057, 1040, 828, 1391, 432, 1723, 4726, 2483, 2118, 444, 2495, 3778, 1239, 3561, 531, 2693, 2064, 857, 3545, 1034, 1330, 1321, 1180, 2748, 893, 3311, 1820, 1493, 1363)
(92, 459): Mean: 1987.036, median: 1778.0, std: 992.535, percent: 1971.46, B: 126, W: 123, 
	(1552, 1251, 1265, 2259, 2925, 2155, 1527, 2505, 1605, 2944, 2200, 3036, 2664, 1661, 942, 1717, 2620, 2422, 4114, 1807, 1049, 1804, 868, 1789, 1118, 902, 2805, 1071, 833, 2094, 3182, 1908, 1614, 570, 944, 2489, 2106, 1389, 2159, 1676, 1699, 1099, 425, 2010, 1921, 1608, 2062, 1744, 1777, 1714, 2047, 3632, 1422, 2226, 3644, 2387, 1304, 2604, 4184, 3130, 1326, 2265, 3410, 1366, 2100, 2403, 2239, 875, 5858, 1477, 1571, 778, 3587, 2216, 2996, 4800, 1863, 2424, 1825, 1430, 2633, 1526, 2104, 3344, 1545, 1913, 2497, 730, 1650, 2477, 2193, 1568, 3265, 1127, 1450, 2427, 977, 2534, 1728, 2322, 494, 1257, 548, 1828, 1669, 1779, 1038, 1190, 2789, 1490, 2181, 2864, 1631, 3605, 1776, 3036, 2260, 889, 1759, 3977, 1833, 1557, 1561, 2005, 3739, 2353, 4419, 2354, 4780, 2252, 1470, 576, 1282, 1385, 1701, 992, 1750, 764, 1968, 1295, 1517, 3592, 1780, 1997, 4541, 2630, 2193, 2024, 1633, 440, 1266, 1226, 1124, 2044, 2102, 1304, 1450, 1442, 1694, 1175, 2546, 1240, 1028, 2326, 1131, 1435, 4723, 1998, 3003, 1501, 4837, 1562, 2351, 1232, 3425, 1630, 1687, 2032, 2778, 1495, 1376, 2191, 1240, 1947, 4951, 2623, 1055, 2536, 1884, 3429, 1098, 2045, 884, 1199, 1770, 1536, 852, 1581, 2121, 1877, 3707, 779, 550, 1026, 1136, 1732, 2342, 2173, 2903, 2022, 874, 2293, 1320, 2266, 622, 1970, 1482, 695, 4938, 1073, 3383, 1070, 1071, 987, 1328, 373, 1708, 4729, 2575, 2060, 393, 2760, 4251, 1340, 3636, 675, 2548, 2308, 793, 3467, 1034, 1328, 1234, 1287, 2952, 907, 3269, 2032, 1465, 1469)
(103, 521): Mean: 1912.072, median: 1720.5, std: 960.429, percent: 1881.06, B: 167, W: 83, 
	(1582, 1058, 1063, 2527, 3168, 2103, 1557, 2665, 1464, 2744, 2188, 3310, 2698, 1653, 906, 1901, 2852, 2768, 3409, 1521, 993, 1961, 972, 1875, 1256, 785, 2211, 1061, 816, 2318, 2712, 2030, 1525, 548, 868, 3232, 1779, 1308, 2141, 1539, 1693, 1078, 315, 1743, 2090, 1472, 2051, 1489, 1519, 1595, 1694, 2711, 1376, 1953, 3045, 2559, 1258, 2440, 3680, 2924, 1325, 2302, 3927, 1200, 2259, 2639, 2021, 725, 5991, 1323, 1589, 698, 3670, 1802, 2731, 4273, 2337, 2078, 1902, 1338, 2080, 1640, 1869, 3452, 1744, 1595, 2421, 684, 1630, 2646, 2554, 1603, 3161, 1139, 1510, 2349, 894, 2002, 1759, 2079, 340, 1328, 528, 1619, 1612, 2019, 995, 1131, 2687, 1442, 2024, 2690, 1444, 3735, 1571, 3089, 2188, 885, 1804, 3470, 1771, 1406, 1441, 2060, 3220, 2237, 4386, 2642, 4266, 2062, 1358, 523, 1185, 1222, 1876, 914, 1651, 788, 1879, 1185, 1618, 3099, 1634, 2243, 3802, 2359, 2370, 1942, 1718, 466, 1063, 1258, 1163, 2249, 2143, 1326, 1648, 1589, 1786, 1173, 2357, 1162, 1014, 2071, 1265, 1256, 4119, 2125, 2546, 1378, 4069, 1470, 2034, 1452, 3233, 1628, 1932, 1825, 2511, 1303, 1397, 2062, 1198, 1971, 5107, 2845, 998, 2182, 1723, 3134, 1197, 1933, 756, 1076, 1655, 1450, 793, 1681, 1849, 1648, 3510, 833, 558, 1013, 1076, 1910, 2056, 2205, 2508, 1707, 921, 2165, 1235, 2056, 542, 1586, 1379, 589, 4969, 993, 2699, 957, 942, 885, 1316, 389, 1544, 4912, 2578, 2005, 466, 3526, 4108, 1159, 4111, 558, 2296, 1984, 731, 4007, 959, 1267, 1152, 1153, 2708, 798, 2960, 1849, 1297, 1471)
(105, 531): Mean: 2000.24, median: 1854.5, std: 980.267, percent: 2014.4, B: 76, W: 174, 
	(1729, 1201, 1247, 1981, 2478, 2369, 1626, 2407, 1467, 2564, 2300, 3431, 3049, 1720, 1051, 1996, 2800, 3396, 4050, 1750, 1148, 1813, 996, 1647, 1179, 857, 2597, 948, 909, 2310, 3341, 2060, 1768, 601, 857, 2567, 1882, 1394, 2169, 1656, 1814, 1023, 405, 1783, 2265, 1651, 2197, 1454, 1836, 1619, 1905, 2999, 1514, 2146, 2749, 2702, 1237, 2156, 3601, 3340, 1575, 2594, 3132, 1651, 2492, 2606, 2344, 877, 6214, 1410, 1730, 851, 3374, 1895, 2922, 4921, 1900, 2293, 2104, 1627, 2199, 1904, 2197, 3348, 1985, 1905, 2321, 798, 2142, 2455, 2340, 1701, 2975, 1145, 1346, 2193, 967, 2248, 1542, 2240, 385, 1367, 583, 2072, 1865, 1957, 1005, 1191, 3092, 1505, 2287, 2770, 1502, 3726, 1557, 3320, 2179, 1067, 1594, 5121, 1638, 1440, 1571, 2116, 3250, 2691, 4843, 2331, 4013, 2252, 1500, 800, 1154, 1397, 1635, 936, 1855, 885, 2113, 1377, 1584, 3155, 1861, 2337, 4148, 2202, 2714, 2127, 1678, 531, 1124, 1443, 1118, 2257, 2048, 1289, 1528, 1465, 1793, 1295, 2809, 1115, 1078, 2043, 1130, 1845, 3841, 2074, 3071, 1224, 4015, 1515, 2095, 1526, 3856, 1716, 1703, 2065, 2959, 1512, 1334, 2018, 1489, 1854, 4997, 2994, 1095, 2746, 1856, 3402, 1399, 2263, 866, 1145, 1735, 1590, 919, 1700, 2002, 2004, 3543, 812, 586, 1071, 1212, 1867, 2431, 2406, 2838, 1964, 895, 2350, 1136, 2417, 516, 1677, 1409, 762, 5195, 1007, 2974, 986, 1102, 881, 1374, 439, 1558, 4763, 2517, 1883, 451, 3047, 3843, 1178, 4262, 547, 2293, 2201, 779, 3675, 1006, 1234, 1230, 1337, 2905, 850, 3080, 2063, 1602, 1497)
(106, 536): Mean: 1949.396, median: 1847.0, std: 951.652, percent: 1919.3, B: 150, W: 99, 
	(1520, 1208, 1215, 2189, 2553, 2114, 1485, 2389, 1435, 2375, 2255, 2989, 2423, 1704, 836, 1644, 3107, 2294, 3257, 1678, 1126, 1983, 881, 1621, 1255, 867, 2314, 1021, 860, 2110, 3181, 2100, 1596, 578, 961, 2733, 2179, 1374, 2104, 1822, 1654, 993, 364, 1896, 2262, 1494, 2243, 1474, 1535, 1798, 1927, 3114, 1554, 2026, 2699, 2794, 1134, 2797, 3696, 3531, 1608, 2435, 3296, 1264, 2301, 2378, 2182, 886, 5181, 1479, 1828, 836, 3678, 2045, 2954, 4652, 1995, 2404, 2043, 1319, 2134, 1887, 2351, 3343, 1860, 1901, 2298, 661, 1986, 2431, 2028, 1791, 2911, 1120, 1353, 2346, 836, 2446, 1554, 2051, 341, 1231, 515, 1938, 1559, 1847, 1029, 1231, 2809, 1360, 1813, 2320, 1470, 3362, 1948, 2732, 1971, 1099, 1887, 4543, 1577, 1521, 1539, 2088, 3175, 2259, 4792, 2419, 4425, 2041, 1442, 606, 1214, 1302, 1625, 972, 1996, 830, 2108, 1378, 1542, 2675, 1890, 2254, 4105, 2259, 2168, 2262, 1556, 416, 1173, 1118, 1117, 2228, 1991, 1298, 1550, 1554, 1820, 1226, 2770, 1331, 1078, 2126, 1201, 1381, 4281, 2072, 2988, 1325, 3931, 1559, 2044, 1374, 3397, 1655, 1772, 2434, 2781, 1395, 1379, 2292, 1568, 1685, 5090, 2554, 1136, 2282, 1888, 3368, 1203, 2242, 979, 1062, 1737, 1600, 866, 1854, 1964, 1937, 3961, 738, 524, 1059, 1229, 1628, 2295, 2585, 2615, 1847, 968, 1950, 1193, 2139, 625, 1622, 1342, 699, 4624, 1047, 3014, 999, 1100, 947, 1366, 384, 1654, 4526, 2769, 2127, 446, 2717, 5341, 1174, 4464, 666, 2126, 1858, 815, 3333, 1027, 1177, 1185, 1207, 3102, 879, 2727, 2098, 1473, 1488)
(109, 553): Mean: 1961.656, median: 1813.5, std: 934.875, percent: 1918.14, B: 109, W: 139, 
	(1535, 1234, 1233, 2309, 2311, 2302, 1607, 2471, 1516, 2878, 2183, 3193, 2597, 1647, 908, 1823, 2904, 2524, 3471, 1739, 1108, 2026, 875, 1965, 1160, 837, 2535, 1055, 832, 2185, 2800, 1978, 1839, 608, 998, 2479, 1893, 1346, 2150, 1588, 2008, 1041, 403, 1798, 2339, 1415, 2228, 1804, 1421, 1724, 1984, 3289, 1494, 2028, 2757, 2385, 1330, 2213, 3073, 3048, 1750, 2607, 3239, 1341, 2381, 2425, 2293, 850, 6255, 1572, 1675, 828, 3542, 2077, 3111, 5038, 2287, 2400, 2008, 1395, 2573, 1929, 2402, 3074, 1873, 1922, 2460, 767, 1620, 2070, 2379, 1663, 3161, 1259, 1666, 2349, 953, 2655, 1566, 1891, 393, 1312, 508, 1772, 1760, 2048, 1021, 1150, 2792, 1444, 2284, 2555, 1359, 3363, 1712, 3543, 2267, 1014, 1696, 4023, 1681, 1439, 1434, 2152, 3653, 2352, 4613, 2546, 4255, 1859, 1482, 602, 1425, 1384, 1636, 863, 2153, 794, 2194, 1391, 1606, 3081, 1665, 2103, 4052, 2478, 2385, 1938, 1725, 627, 1103, 1459, 1245, 2280, 1991, 1349, 1616, 1436, 1741, 1328, 2294, 1275, 1023, 2046, 1194, 1437, 3669, 2089, 3055, 1436, 4283, 1553, 2046, 1485, 3075, 1613, 1652, 2087, 2746, 1481, 1318, 2194, 1441, 2092, 4664, 2557, 1209, 2282, 1716, 3200, 1182, 2091, 806, 1072, 1742, 1589, 902, 1488, 2100, 2004, 3805, 741, 552, 1049, 1089, 1844, 2293, 2959, 2570, 1843, 880, 2198, 1272, 2326, 543, 1762, 1502, 701, 4628, 1086, 2845, 1012, 1177, 902, 1330, 448, 1745, 4606, 2257, 2039, 381, 2554, 4260, 1366, 4070, 589, 2391, 2164, 803, 3621, 997, 1147, 1276, 1255, 2777, 872, 2741, 2048, 1527, 1521)
(119, 613): Mean: 1937.092, median: 1765.0, std: 930.141, percent: 1905.98, B: 137, W: 113, 
	(1680, 1241, 1181, 2276, 2551, 2347, 1344, 2586, 1425, 2618, 2055, 2761, 2362, 1606, 946, 1818, 2655, 2549, 3935, 1527, 1090, 1740, 872, 1575, 1200, 791, 2315, 998, 855, 2003, 3289, 1944, 1752, 641, 866, 2642, 1944, 1132, 3266, 1741, 1768, 1149, 374, 2018, 2114, 1582, 2211, 1462, 1499, 1607, 1963, 3175, 1474, 2422, 2747, 2240, 1216, 2130, 3714, 3323, 1419, 2358, 3186, 1243, 2423, 2489, 2216, 844, 5348, 1379, 1623, 804, 3557, 1944, 2693, 4370, 1996, 2431, 1813, 1398, 1898, 1819, 2014, 3668, 1710, 1925, 2064, 723, 2023, 2322, 2313, 1715, 3000, 1178, 1349, 2211, 900, 2275, 1744, 2155, 602, 1289, 520, 1740, 1877, 1747, 979, 1133, 2648, 1505, 1811, 2575, 1398, 3508, 1536, 2940, 2162, 877, 1762, 4216, 1710, 1484, 1616, 2256, 3834, 2729, 4239, 2396, 4220, 2114, 1445, 688, 1343, 1231, 1687, 1023, 1860, 767, 1980, 1369, 1601, 3308, 1717, 2013, 3232, 2499, 2313, 2057, 1759, 501, 1189, 1269, 1099, 2103, 2361, 1269, 1407, 1472, 1795, 1218, 2302, 1210, 1081, 1978, 1050, 1503, 3807, 1976, 3308, 1185, 4289, 1628, 2185, 1623, 2940, 1525, 1713, 2098, 2970, 1513, 1277, 2158, 1236, 2067, 4790, 2736, 1171, 2324, 1779, 3278, 1243, 2179, 865, 1082, 1824, 1579, 917, 1495, 2143, 1946, 3896, 761, 547, 1069, 1116, 1745, 2077, 2423, 2602, 1789, 848, 2265, 1145, 2612, 616, 1557, 1563, 657, 4579, 988, 3056, 1043, 1072, 943, 1382, 406, 1553, 4740, 2347, 2117, 461, 3106, 4201, 1192, 3808, 708, 2267, 1986, 789, 3911, 957, 1268, 1207, 1205, 3251, 855, 2810, 1956, 1429, 1574)
(121, 622): Mean: 1908.108, median: 1728.0, std: 938.041, percent: 1896.8, B: 145, W: 105, 
	(1779, 1026, 1141, 2075, 2862, 2178, 1610, 2892, 1507, 2648, 2153, 3105, 2529, 1649, 852, 1723, 3173, 2497, 3462, 1605, 1049, 1841, 861, 1671, 1150, 785, 2255, 1000, 909, 2168, 2846, 1773, 1643, 542, 973, 2721, 2171, 1222, 1911, 1662, 1642, 1042, 342, 1584, 2079, 1426, 2087, 1559, 1393, 1723, 2019, 2776, 1311, 2075, 2642, 2680, 1158, 2452, 2822, 2967, 1749, 2520, 3483, 1340, 2041, 2279, 2177, 784, 4692, 1238, 1622, 676, 3511, 1990, 2762, 4880, 1988, 2201, 1909, 1378, 2304, 1675, 2016, 3804, 1911, 1622, 2053, 767, 1620, 2626, 2066, 1740, 3214, 1129, 1432, 2482, 871, 2225, 1488, 1838, 412, 1375, 597, 1611, 1569, 1860, 957, 1075, 2879, 1365, 2088, 2340, 1419, 4056, 1733, 3079, 2317, 847, 1592, 4129, 1556, 1266, 1621, 2275, 3526, 2652, 3955, 2399, 4987, 2464, 1392, 579, 1181, 1290, 1650, 1017, 1713, 794, 1966, 1209, 1512, 3303, 1829, 2218, 3647, 2242, 2319, 1768, 1772, 511, 1051, 1247, 1180, 2145, 2001, 1236, 1459, 1315, 1792, 1214, 2760, 1256, 934, 2023, 1177, 1390, 4362, 2180, 2716, 1181, 4204, 1508, 2138, 1453, 3852, 1421, 1847, 1916, 2717, 1420, 1486, 1962, 1348, 1871, 4591, 2743, 1173, 1891, 1651, 3387, 1353, 2041, 819, 1138, 1658, 1433, 826, 1497, 1978, 1847, 3488, 704, 539, 1000, 1142, 1617, 2304, 2344, 2786, 1752, 839, 2471, 1190, 2042, 584, 1540, 1433, 759, 4961, 969, 2897, 990, 1102, 812, 1175, 377, 1549, 4804, 2402, 1789, 418, 2708, 3752, 1296, 3786, 563, 2304, 2046, 761, 3674, 1007, 1314, 1268, 1200, 2487, 822, 2949, 2045, 1559, 1505)
(123, 630): Mean: 1902.312, median: 1725.5, std: 924.497, percent: 1883.04, B: 125, W: 124, 
	(1517, 1196, 1228, 2121, 2883, 2047, 1657, 2315, 1597, 2961, 2047, 3102, 2236, 1558, 1009, 1601, 2917, 2613, 3514, 1542, 1062, 1664, 799, 1864, 1002, 788, 2564, 1077, 868, 2029, 3042, 2031, 1532, 554, 1025, 2596, 2006, 1341, 2141, 1479, 1508, 1010, 378, 1624, 1932, 1372, 2017, 1346, 1724, 1754, 1925, 2742, 1349, 2051, 2442, 2348, 1109, 2326, 3789, 3054, 1628, 2075, 3309, 1342, 2061, 2510, 2090, 854, 5377, 1563, 1681, 759, 3665, 1774, 2834, 5879, 2304, 2454, 2126, 1458, 2268, 1961, 1878, 3158, 1861, 1907, 2342, 722, 1626, 2768, 2405, 1935, 3246, 1073, 1478, 2380, 920, 2678, 1716, 2372, 295, 1129, 613, 1727, 1842, 1729, 1013, 1199, 2468, 1461, 2155, 2574, 1461, 3512, 1613, 2709, 2310, 1024, 1651, 3913, 1588, 1440, 1667, 2496, 3092, 2150, 4346, 2263, 4308, 2706, 1451, 541, 1218, 1410, 1569, 772, 1722, 804, 2197, 1255, 1392, 3084, 1710, 1929, 3756, 2242, 2074, 1869, 1648, 555, 847, 1180, 1145, 2042, 2049, 1205, 1529, 1473, 1900, 1136, 2256, 1249, 954, 2367, 1115, 1348, 3846, 2062, 2986, 1125, 4115, 1431, 1922, 1634, 3192, 1558, 1901, 1922, 2953, 1395, 1347, 1955, 1287, 1864, 4488, 2505, 1104, 2583, 1920, 3447, 1083, 1995, 782, 1128, 1661, 1368, 832, 1508, 2138, 1938, 3506, 749, 568, 1066, 1141, 1597, 2203, 2557, 2625, 1873, 817, 2226, 1169, 2230, 540, 1614, 1512, 822, 4274, 951, 2746, 1047, 957, 861, 1181, 414, 1539, 4120, 2368, 1982, 437, 2803, 3848, 1205, 3998, 560, 2180, 1665, 759, 3662, 906, 1344, 1164, 1079, 2623, 793, 2646, 1917, 1548, 1402)
(131, 675): Mean: 1895.26, median: 1713.5, std: 895.768, percent: 1887.18, B: 120, W: 128, 
	(1707, 1028, 1223, 2235, 3071, 2087, 1539, 2552, 1434, 2778, 2146, 2641, 2462, 1808, 944, 1922, 3060, 2342, 3376, 1737, 1035, 1720, 908, 1652, 1107, 842, 2421, 1026, 811, 2108, 2882, 1855, 1556, 558, 944, 2820, 2146, 1199, 2052, 1684, 1595, 1087, 418, 1658, 2336, 1312, 2263, 1591, 1476, 1694, 1816, 2986, 1385, 2371, 2485, 2955, 1093, 2297, 3318, 3347, 1535, 2333, 2720, 1212, 2189, 2324, 1967, 872, 4902, 1395, 1659, 816, 3406, 1624, 2672, 5048, 2552, 2372, 2069, 1490, 2022, 1699, 1952, 3474, 1592, 1698, 2428, 790, 1721, 2502, 2272, 1679, 3155, 1057, 1331, 2615, 901, 2204, 1664, 2137, 436, 1311, 691, 1709, 1600, 1618, 967, 1071, 2504, 1452, 1989, 2437, 1552, 3626, 1535, 2888, 2143, 894, 2007, 3633, 1572, 1292, 1468, 2174, 3293, 2224, 3548, 2297, 4621, 2091, 1403, 554, 1216, 1261, 1880, 915, 1830, 825, 1877, 1184, 1454, 3295, 1578, 1815, 3523, 2521, 2169, 1856, 1718, 526, 903, 1339, 1149, 2167, 1989, 1264, 1634, 1433, 1807, 1138, 2294, 1058, 965, 2315, 1120, 1388, 3809, 2095, 2791, 1254, 3993, 1432, 2103, 1551, 3357, 1657, 1676, 2049, 2902, 1475, 1382, 2002, 1399, 2041, 4526, 2626, 1235, 1941, 1757, 3196, 1070, 2006, 845, 1145, 1389, 1496, 873, 1547, 1878, 1853, 3448, 738, 553, 961, 1047, 1582, 2157, 2318, 2798, 1893, 834, 2464, 1144, 2200, 612, 1890, 1338, 681, 4627, 1075, 3260, 1030, 1058, 1033, 1350, 414, 1539, 4069, 2327, 2160, 449, 2980, 4141, 1248, 3847, 556, 2454, 2144, 768, 3586, 1014, 1187, 1199, 1106, 2330, 834, 2903, 2001, 1564, 1596)
(133, 683): Mean: 1757.932, median: 1627.0, std: 835.587, percent: 1774.92, B: 202, W: 48, 
	(1530, 1076, 1063, 1996, 2664, 1961, 1389, 2568, 1332, 2061, 1838, 2526, 2340, 1447, 805, 1811, 2534, 2631, 3275, 1386, 957, 1774, 926, 1518, 1132, 780, 2242, 976, 781, 1971, 3044, 1781, 1613, 576, 873, 2191, 1837, 1085, 1803, 1599, 1449, 954, 391, 1622, 1686, 1446, 2036, 1303, 1355, 1387, 1737, 2714, 1381, 1744, 2415, 2379, 1186, 2183, 3005, 2962, 1629, 2075, 2970, 1106, 1762, 2227, 2091, 720, 4851, 1383, 1443, 670, 2807, 1926, 2711, 4352, 1786, 1860, 2015, 1410, 1888, 1581, 1825, 3623, 1881, 1469, 2349, 649, 1862, 1859, 2030, 1530, 2909, 982, 1296, 2039, 853, 2149, 1533, 1633, 417, 1136, 482, 1620, 1551, 1712, 919, 1132, 2472, 1323, 1620, 2610, 1337, 3372, 1792, 2728, 2097, 821, 1827, 3527, 1445, 1246, 1353, 1906, 3136, 2179, 3928, 2146, 4231, 1958, 1261, 552, 1239, 1125, 1739, 787, 1914, 814, 2021, 1142, 1561, 3246, 1628, 1987, 3572, 2220, 2114, 1797, 1469, 388, 1023, 1033, 1126, 1906, 1771, 1198, 1323, 1374, 1680, 1300, 2189, 1060, 921, 2224, 1084, 1296, 3419, 1867, 2953, 1205, 3447, 1334, 1977, 1276, 3262, 1366, 1611, 2172, 2435, 1370, 1238, 1584, 1159, 1787, 4226, 2629, 1009, 2222, 1626, 2942, 1077, 2055, 718, 1074, 1652, 1367, 819, 1236, 1835, 2011, 3461, 712, 499, 938, 997, 1663, 2043, 2018, 2734, 1582, 745, 1851, 1051, 1921, 549, 1348, 1295, 746, 3839, 965, 2573, 946, 1063, 819, 1161, 385, 1445, 3880, 2207, 1800, 388, 2684, 3222, 1084, 3900, 509, 2156, 1758, 698, 3285, 883, 1139, 1149, 1027, 2348, 805, 2675, 1956, 1336, 1417)
(134, 687): Mean: 1758.512, median: 1622.5, std: 848.35, percent: 1718.92, B: 129, W: 120, 
	(1457, 979, 1008, 1859, 2525, 1768, 1442, 2816, 1449, 2164, 1843, 2330, 2140, 1611, 872, 1742, 2775, 2368, 3429, 1456, 993, 1687, 812, 1600, 1102, 689, 2253, 971, 782, 1908, 2365, 1674, 1467, 548, 855, 2426, 1816, 1182, 2323, 1547, 1548, 1063, 340, 1543, 1759, 1383, 1784, 1452, 1378, 1663, 1739, 2416, 1247, 1823, 2418, 2497, 1009, 2361, 3468, 2846, 1515, 2031, 2691, 1128, 1924, 2479, 1820, 762, 4623, 1317, 1493, 641, 3099, 1742, 2423, 4188, 1741, 1930, 1760, 1425, 2058, 1783, 1997, 3731, 1651, 1711, 2357, 707, 1567, 2549, 2087, 1442, 2898, 996, 1381, 2388, 843, 1859, 1380, 1793, 369, 1263, 478, 1580, 1583, 1596, 895, 1081, 2446, 1367, 2114, 2670, 1383, 3720, 1588, 2289, 2144, 909, 1536, 4111, 1647, 1226, 1455, 2044, 3400, 2130, 3609, 2307, 4313, 2026, 1243, 523, 1178, 1247, 1637, 810, 1492, 811, 1744, 1170, 1502, 2829, 1673, 1896, 3209, 2059, 2183, 1860, 1486, 538, 1135, 1094, 973, 1977, 2031, 1077, 1444, 1269, 1739, 978, 2103, 1038, 875, 1957, 1066, 1242, 3909, 1933, 2585, 1216, 4218, 1465, 1965, 1277, 2927, 1457, 1538, 1907, 2560, 1386, 1128, 2203, 1424, 1680, 3751, 2498, 1076, 2179, 1582, 2983, 1040, 1946, 675, 1065, 1567, 1339, 760, 1489, 1862, 1669, 3553, 794, 426, 988, 1012, 1576, 1920, 1978, 2391, 1634, 847, 1894, 1092, 1828, 540, 1531, 1379, 612, 3599, 944, 2620, 991, 944, 722, 1234, 375, 1696, 4135, 2068, 1929, 375, 2749, 3895, 1132, 4021, 566, 2109, 1739, 692, 3559, 910, 1124, 1081, 1027, 2579, 715, 2325, 1815, 1325, 1332)
(135, 690): Mean: 1772.58, median: 1652.5, std: 849.645, percent: 1766.92, B: 125, W: 123, 
	(1409, 1017, 979, 2084, 2879, 1945, 1431, 2671, 1244, 2453, 1945, 2789, 2450, 1571, 919, 1597, 2579, 2313, 3236, 1403, 1010, 1877, 851, 1707, 1152, 671, 2259, 999, 772, 2101, 3437, 1713, 1526, 498, 818, 2566, 1816, 1224, 1925, 1832, 1482, 986, 347, 1743, 1932, 1340, 2072, 1420, 1376, 1580, 1823, 2506, 1484, 1880, 2235, 2326, 1043, 2327, 3314, 2997, 1422, 2041, 2914, 1316, 2189, 2304, 1990, 770, 4313, 1202, 1441, 724, 3392, 1651, 3244, 4244, 1711, 1917, 1700, 1395, 2063, 1664, 1857, 3672, 1802, 1462, 2029, 745, 1605, 2261, 2048, 1484, 2525, 947, 1462, 2235, 842, 2066, 1540, 1743, 351, 1152, 563, 1671, 1583, 1792, 1029, 1097, 2550, 1352, 1950, 2290, 1396, 2805, 1839, 2747, 1939, 793, 1751, 3787, 1516, 1275, 1382, 2193, 3321, 2312, 3582, 2097, 4327, 1987, 1351, 561, 1150, 1169, 1752, 730, 1590, 668, 2104, 1184, 1328, 2945, 1556, 2011, 2940, 1878, 2033, 2010, 1554, 471, 1051, 1179, 1120, 1959, 1969, 1180, 1368, 1273, 1654, 1226, 2194, 1220, 998, 2146, 1017, 1341, 3638, 1972, 2498, 1222, 4393, 1384, 1904, 1408, 3160, 1460, 1643, 1980, 2866, 1317, 1102, 2155, 1296, 1776, 4649, 2236, 1023, 1827, 1647, 3245, 1099, 1835, 822, 1001, 1454, 1335, 770, 1483, 1830, 1924, 3512, 732, 489, 921, 1071, 1538, 1765, 1961, 2474, 1754, 784, 2220, 1009, 1953, 553, 1553, 1287, 566, 3969, 957, 2536, 1033, 913, 787, 1115, 370, 1574, 4076, 2547, 1884, 482, 2684, 3778, 943, 3522, 501, 1889, 1834, 646, 2886, 874, 1177, 1130, 984, 2567, 783, 2552, 1736, 1398, 1400)
(137, 698): Mean: 1757.892, median: 1623.5, std: 860.338, percent: 1742.92, B: 143, W: 107, 
	(1470, 981, 1095, 1916, 2068, 1751, 1371, 2563, 1327, 2306, 1855, 3528, 1999, 1427, 879, 2027, 2541, 2398, 3409, 1434, 977, 1779, 705, 1648, 1061, 678, 2120, 886, 766, 2064, 2950, 1565, 1628, 495, 837, 2495, 1711, 1161, 1988, 1572, 1526, 959, 310, 1792, 1757, 1368, 1871, 1230, 1289, 1622, 1909, 2586, 1191, 2074, 2541, 2577, 1082, 2136, 3383, 3451, 1348, 2153, 3111, 1113, 1961, 2479, 1780, 715, 4751, 1311, 1404, 681, 3353, 1694, 2446, 5231, 2012, 2080, 1833, 1475, 2001, 1816, 1847, 3294, 1687, 1583, 2245, 652, 1638, 2348, 1973, 1499, 2703, 943, 1411, 2237, 882, 2142, 1472, 1979, 396, 1186, 481, 1598, 1421, 1625, 907, 1075, 2336, 1605, 1819, 2569, 1333, 3439, 1412, 2677, 1751, 753, 1559, 3521, 1497, 1278, 1619, 2153, 3222, 2175, 4806, 2026, 3906, 2027, 1306, 554, 1106, 1193, 1571, 775, 1640, 752, 1643, 1219, 1471, 2616, 1533, 1724, 3208, 2206, 2079, 1776, 1328, 525, 1106, 1113, 1081, 1921, 2273, 1114, 1353, 1438, 1546, 1207, 2289, 962, 819, 1828, 1119, 1333, 3866, 1816, 2338, 1218, 4076, 1578, 1880, 1393, 2805, 1459, 1697, 1934, 2524, 1290, 1168, 2042, 1235, 1848, 3894, 2682, 958, 2115, 1630, 3018, 1035, 1986, 718, 1006, 1406, 1454, 751, 1575, 1913, 1900, 3265, 735, 448, 939, 1106, 1639, 1761, 2115, 2515, 1656, 826, 2060, 1118, 1761, 525, 1486, 1316, 624, 3614, 853, 2786, 1030, 877, 825, 1199, 371, 1456, 3226, 2211, 1890, 441, 2825, 3700, 1257, 3914, 575, 2331, 1519, 667, 3107, 986, 1130, 1078, 985, 2526, 755, 2459, 1840, 1367, 1303)
(142, 724): Mean: 1742.784, median: 1641.0, std: 838.149, percent: 1734.32, B: 130, W: 120, 
	(1570, 948, 1063, 2220, 2115, 1802, 1419, 2624, 1353, 2286, 1660, 2561, 2097, 1419, 797, 1625, 2904, 2072, 3435, 1402, 1025, 1705, 824, 1650, 1041, 734, 2369, 952, 733, 1870, 2442, 1633, 1411, 494, 847, 2705, 1816, 1181, 1946, 1590, 1354, 980, 393, 1527, 1910, 1388, 1964, 1734, 1288, 1665, 1718, 2662, 1482, 1767, 2348, 2357, 1090, 2302, 3125, 3052, 1340, 2129, 3165, 1194, 1956, 2162, 1836, 704, 4581, 1292, 1722, 657, 3229, 1753, 2648, 4913, 1898, 1840, 1691, 1181, 1843, 1778, 1901, 3376, 1745, 1576, 1972, 670, 1780, 2184, 1901, 1402, 3055, 964, 1341, 2264, 880, 1933, 1476, 1749, 289, 1230, 485, 1565, 1647, 1617, 891, 1107, 2373, 1332, 1891, 2513, 1379, 3492, 1635, 2485, 1947, 797, 1532, 3538, 1471, 1354, 1433, 1900, 2958, 2562, 3985, 2172, 3905, 1828, 1217, 546, 1074, 1257, 1554, 791, 1711, 728, 1695, 1203, 1477, 2482, 1711, 1809, 2821, 2285, 2364, 1938, 1765, 501, 822, 1229, 1029, 2097, 2062, 1191, 1337, 1229, 1733, 1074, 2271, 1210, 906, 1868, 1117, 1314, 3486, 1945, 2728, 1113, 4018, 1541, 2028, 1339, 3058, 1376, 1622, 1869, 2627, 1261, 1119, 1693, 1262, 1836, 4491, 2634, 938, 1633, 1583, 2880, 1107, 1926, 840, 1036, 1499, 1528, 718, 1368, 1718, 1729, 2951, 768, 394, 930, 1141, 1501, 1852, 2152, 2569, 1746, 737, 2171, 1123, 1923, 527, 1525, 1427, 752, 4287, 986, 2947, 955, 948, 723, 1165, 365, 1433, 3669, 1956, 1964, 399, 2520, 4074, 1019, 3216, 558, 2064, 1795, 683, 3012, 940, 1165, 1151, 1071, 2326, 764, 2684, 1717, 1349, 1195)
(143, 729): Mean: 1740.976, median: 1608.0, std: 850.379, percent: 1719.18, B: 128, W: 121, 
	(1538, 957, 1058, 2136, 2095, 2034, 1366, 2559, 1330, 2384, 1745, 2715, 2375, 1589, 742, 1775, 2294, 2305, 3280, 1454, 1001, 1770, 817, 1640, 1130, 740, 2296, 947, 735, 1945, 2792, 1809, 1427, 448, 842, 2463, 1759, 1413, 1894, 1465, 1461, 970, 306, 1613, 1776, 1374, 2027, 1385, 1326, 1432, 1646, 2762, 1364, 1831, 2671, 2573, 1091, 2532, 3357, 2867, 1234, 1889, 3139, 1271, 2119, 2152, 1746, 777, 5145, 1439, 1577, 641, 3160, 1808, 2406, 5537, 1740, 1962, 1559, 1383, 1766, 1803, 1849, 3006, 1632, 1567, 2307, 679, 1684, 2414, 2037, 1579, 2735, 970, 1388, 1785, 917, 2234, 1448, 1746, 311, 1204, 476, 1554, 1499, 1582, 819, 1116, 2391, 1396, 1853, 2433, 1375, 3280, 1876, 2484, 2010, 709, 1542, 3581, 1425, 1360, 1593, 1709, 3554, 2377, 3401, 2387, 3640, 1868, 1265, 528, 1144, 1208, 1709, 876, 1755, 754, 1596, 1129, 1445, 3126, 1706, 1814, 3460, 2089, 1940, 2084, 1494, 394, 1015, 1106, 991, 1825, 2134, 1069, 1270, 1308, 1558, 1235, 2069, 1171, 908, 2019, 1132, 1311, 3223, 1810, 2882, 1178, 3941, 1415, 1974, 1155, 2598, 1504, 1647, 1709, 2403, 1287, 1168, 1935, 1165, 1758, 4496, 2473, 971, 2035, 1670, 2689, 1105, 1952, 773, 1077, 1307, 1418, 772, 1371, 1786, 1815, 3137, 783, 444, 946, 1072, 1686, 1949, 1989, 2570, 1603, 799, 1754, 966, 1870, 564, 1487, 1260, 557, 3802, 940, 2478, 836, 915, 703, 1264, 372, 1456, 3691, 2433, 1768, 377, 2900, 4109, 1050, 2912, 495, 1917, 2037, 683, 3564, 858, 1081, 1169, 1090, 2434, 737, 2712, 1834, 1288, 1341)
(144, 733): Mean: 1741.536, median: 1581.5, std: 838.345, percent: 1759.08, B: 127, W: 123, 
	(1522, 1004, 1061, 1950, 2477, 1883, 1540, 2803, 1300, 2018, 1851, 2799, 2581, 1486, 824, 1546, 2564, 2292, 3195, 1337, 945, 1937, 904, 1530, 1058, 751, 2057, 902, 714, 2022, 2691, 1941, 1278, 444, 820, 2122, 1854, 1270, 1833, 1308, 1476, 893, 331, 1730, 1773, 1324, 1846, 1451, 1423, 1584, 1746, 3022, 1276, 2055, 2503, 2205, 1117, 2065, 3159, 3081, 1308, 2075, 2946, 1147, 1984, 2222, 1887, 750, 5090, 1265, 1702, 669, 3218, 1741, 2705, 4817, 1879, 1769, 1756, 1357, 1730, 1543, 1833, 3298, 1534, 1493, 1956, 645, 1586, 2290, 2024, 1675, 2978, 998, 1451, 1944, 783, 2367, 1436, 1828, 360, 1182, 563, 1579, 1530, 1573, 965, 1129, 2426, 1370, 1656, 2656, 1389, 3237, 1598, 2781, 1878, 869, 1603, 3605, 1451, 1270, 1538, 1908, 2968, 2241, 3579, 2357, 3894, 2304, 1300, 582, 1202, 1163, 1637, 843, 1600, 815, 1864, 1185, 1455, 3091, 1901, 1973, 3424, 2138, 2217, 1632, 1540, 391, 910, 1029, 1048, 1921, 1936, 1240, 1389, 1254, 1509, 1139, 2464, 1093, 856, 1946, 960, 1267, 3209, 1729, 2384, 1164, 3949, 1278, 1883, 1399, 3670, 1420, 1402, 1845, 2559, 1275, 1274, 1725, 1351, 1599, 3675, 2571, 1086, 2066, 1668, 2947, 1089, 1797, 737, 1147, 1315, 1322, 767, 1331, 1960, 1521, 2973, 668, 485, 1026, 1042, 1467, 1994, 2040, 2467, 1651, 856, 1949, 1124, 2122, 552, 1424, 1294, 730, 4163, 936, 2855, 1032, 884, 795, 1115, 410, 1505, 4009, 2215, 1882, 394, 2553, 3875, 971, 3215, 542, 2132, 2014, 700, 2969, 787, 1036, 1262, 1025, 2523, 854, 2624, 1794, 1331, 1478)
(149, 763): Mean: 1714.132, median: 1608.0, std: 854.008, percent: 1682.48, B: 154, W: 96, 
	(1628, 980, 1027, 1914, 2111, 1708, 1385, 2619, 1269, 2454, 1642, 2380, 2353, 1370, 770, 1558, 2615, 2279, 3192, 1525, 996, 1722, 775, 1795, 937, 816, 2222, 956, 743, 1852, 2469, 1975, 1555, 489, 862, 2211, 1738, 1127, 1904, 1462, 1387, 1001, 319, 1624, 1975, 1426, 2036, 1372, 1203, 1552, 1828, 2275, 1189, 1898, 2564, 2811, 1017, 1892, 2842, 3100, 1228, 1808, 2843, 1295, 1841, 2199, 1765, 700, 5005, 1235, 1610, 671, 2708, 1636, 2409, 3634, 1944, 1792, 1684, 1295, 1919, 1707, 2044, 2779, 1389, 1646, 2144, 674, 1516, 2154, 1778, 1391, 2642, 893, 1346, 1905, 899, 1874, 1484, 1908, 289, 1101, 496, 1500, 1314, 1755, 835, 1206, 2526, 1251, 1961, 2295, 1372, 3612, 1648, 3023, 1752, 929, 1724, 4276, 1549, 1132, 1333, 1893, 3343, 2234, 6122, 2113, 3561, 1905, 1155, 499, 1144, 1188, 1576, 810, 1650, 742, 1730, 1026, 1442, 3241, 1822, 1602, 3296, 2194, 2070, 1901, 1602, 429, 887, 1069, 1080, 1894, 1855, 1112, 1356, 1263, 1600, 1072, 2145, 1189, 895, 1871, 1042, 1217, 3912, 1932, 2921, 1133, 3778, 1318, 1723, 1281, 2778, 1699, 1599, 1796, 2523, 1179, 1155, 2070, 1204, 1747, 3939, 2325, 1058, 1936, 1654, 2781, 985, 1943, 724, 1109, 1228, 1493, 742, 1380, 1881, 1524, 2727, 752, 478, 998, 953, 1606, 2008, 1869, 2362, 1476, 788, 1924, 1151, 1892, 481, 1399, 1376, 671, 4050, 877, 2827, 920, 858, 775, 1070, 385, 1396, 4108, 2317, 1957, 413, 2574, 3576, 1025, 3257, 555, 2313, 1726, 654, 2779, 874, 1213, 1070, 951, 2533, 750, 2328, 1779, 1221, 1235)
(151, 775): Mean: 1690.476, median: 1566.0, std: 799.275, percent: 1685.88, B: 141, W: 108, 
	(1867, 912, 1039, 1975, 2308, 1904, 1378, 2667, 1212, 1900, 1658, 2924, 2146, 1447, 755, 1550, 2369, 2459, 3124, 1515, 977, 1799, 726, 1454, 1085, 699, 2349, 923, 714, 1782, 2855, 1705, 1495, 479, 807, 2674, 1593, 1143, 1840, 1482, 1301, 872, 320, 1657, 1778, 1377, 1789, 1320, 1413, 1361, 1712, 3072, 1307, 1981, 2320, 2322, 1067, 2133, 3028, 3231, 1414, 1953, 2837, 1132, 1891, 2400, 1765, 772, 4525, 1258, 1341, 643, 3173, 1772, 2587, 4172, 1724, 1791, 1848, 1406, 1806, 1611, 1871, 2835, 1678, 1633, 2470, 672, 1569, 1962, 1782, 1315, 2312, 949, 1408, 2536, 805, 2060, 1473, 1936, 345, 1168, 530, 1661, 1297, 1765, 905, 1025, 2117, 1232, 1765, 2447, 1250, 3034, 1543, 3077, 2116, 809, 1339, 3619, 1428, 1221, 1529, 1799, 2926, 2300, 4205, 2273, 3334, 1796, 1233, 602, 1106, 1123, 1461, 758, 1406, 665, 1717, 1086, 1373, 2645, 1846, 1721, 3137, 2005, 1971, 1791, 1416, 390, 817, 1045, 925, 1822, 1728, 1172, 1353, 1275, 1680, 1041, 1965, 1256, 812, 1806, 984, 1275, 3587, 2012, 2815, 1092, 3419, 1286, 2028, 1189, 2763, 1339, 1490, 2037, 2262, 1290, 1071, 1931, 1326, 1537, 3699, 2270, 945, 1929, 1645, 2606, 1086, 1837, 737, 1024, 1402, 1305, 780, 1417, 1860, 2076, 3232, 733, 466, 922, 1029, 1563, 1759, 2141, 2420, 1623, 784, 1931, 1183, 1727, 530, 1509, 1385, 660, 3650, 840, 2766, 870, 981, 784, 1152, 361, 1484, 3889, 2507, 1701, 388, 2732, 3363, 1053, 3398, 544, 1952, 1886, 740, 3025, 905, 1060, 997, 1023, 2358, 724, 2014, 1632, 1360, 1390)
(154, 793): Mean: 1689.28, median: 1538.5, std: 816.841, percent: 1665.86, B: 127, W: 123, 
	(1461, 987, 996, 2174, 2652, 1863, 1303, 2744, 1217, 2130, 1791, 2402, 2098, 1454, 779, 1605, 2724, 2369, 3833, 1630, 983, 2040, 709, 1418, 1080, 665, 2095, 908, 683, 1946, 2844, 1658, 1416, 426, 737, 2397, 1663, 1062, 1787, 1260, 1470, 974, 357, 1633, 2108, 1332, 2129, 1365, 1289, 1471, 1763, 2460, 1263, 1787, 2127, 2243, 1057, 2046, 3386, 3452, 1386, 1966, 2870, 1156, 1869, 2313, 1833, 738, 4670, 1341, 1462, 731, 3142, 1773, 2480, 4490, 1804, 1699, 2002, 1298, 1766, 1525, 1901, 2747, 1626, 1312, 1849, 614, 1474, 2336, 1822, 1552, 2318, 997, 1180, 2206, 817, 2190, 1407, 1673, 374, 1281, 490, 1495, 1425, 1581, 870, 1091, 2276, 1285, 1943, 2368, 1255, 3497, 1790, 2667, 1730, 808, 1299, 3774, 1350, 1212, 1390, 1623, 3209, 2030, 3536, 2135, 3362, 2332, 1192, 422, 1146, 1150, 1459, 724, 1371, 723, 1732, 1093, 1452, 2997, 1624, 1861, 3004, 2279, 1913, 1974, 1422, 505, 1145, 1050, 1013, 1919, 1804, 1061, 1477, 1252, 1698, 1030, 2001, 1030, 830, 1893, 1029, 1172, 3302, 1901, 2497, 1057, 3495, 1493, 1827, 1229, 3007, 1433, 1501, 1756, 2334, 1263, 1090, 1820, 1058, 1519, 5030, 2640, 993, 2038, 1610, 2539, 1192, 2256, 727, 1064, 1311, 1341, 712, 1436, 1741, 1705, 3250, 680, 492, 914, 960, 1688, 1870, 2069, 2490, 1601, 853, 1838, 1065, 1878, 525, 1496, 1345, 520, 3726, 927, 2700, 940, 874, 735, 1273, 421, 1322, 3219, 2149, 1838, 414, 2363, 3307, 979, 3044, 564, 2003, 1871, 710, 3050, 898, 1146, 1047, 949, 2444, 755, 2039, 1571, 1303, 1327)
(157, 808): Mean: 1694.944, median: 1593.0, std: 800.941, percent: 1691.74, B: 125, W: 123, 
	(1426, 953, 1062, 2140, 2078, 1807, 1396, 2909, 1281, 2666, 1745, 2656, 2110, 1629, 824, 1832, 2724, 1993, 3346, 1530, 1008, 1829, 690, 1672, 949, 692, 2081, 1106, 742, 1935, 2336, 1589, 1544, 454, 799, 2388, 1680, 1207, 1861, 1405, 1381, 1167, 382, 1582, 1737, 1326, 1963, 1381, 1241, 1422, 1781, 2687, 1375, 1803, 2034, 2499, 954, 2090, 2846, 3383, 1355, 2131, 2983, 1213, 1846, 2498, 2245, 705, 4278, 1247, 1429, 696, 3032, 1729, 2707, 4232, 2176, 1773, 2011, 1516, 1907, 1626, 1829, 3272, 1725, 1352, 2201, 739, 1785, 2478, 1913, 1548, 2711, 979, 1392, 2010, 814, 1944, 1192, 1652, 279, 1097, 482, 1597, 1352, 1636, 812, 1058, 2348, 1262, 1945, 2265, 1349, 3291, 1663, 3083, 1855, 753, 1584, 3603, 1375, 1205, 1368, 1803, 2903, 2326, 4445, 1883, 3545, 1855, 1405, 601, 1128, 1206, 1427, 821, 1566, 776, 1779, 1038, 1316, 2940, 1577, 1828, 2957, 1985, 1968, 1961, 1448, 446, 962, 1088, 984, 1876, 1971, 1235, 1415, 1226, 1756, 1044, 2077, 1030, 890, 1905, 1048, 1246, 3230, 1768, 2831, 1070, 3601, 1220, 1812, 1252, 2441, 1398, 1780, 1747, 2438, 1238, 1040, 1830, 1197, 1544, 3770, 2358, 903, 1993, 1574, 2746, 892, 1759, 763, 1075, 1261, 1280, 787, 1432, 1621, 1587, 3443, 740, 433, 895, 1008, 1734, 1847, 2232, 2580, 1857, 770, 1984, 1057, 1996, 499, 1600, 1323, 620, 3239, 906, 2285, 924, 836, 751, 1287, 361, 1287, 3907, 2096, 1691, 387, 2409, 3766, 996, 3110, 482, 2037, 1839, 670, 2799, 917, 1177, 995, 960, 2230, 750, 2496, 1823, 1330, 1210)
(163, 843): Mean: 1695.284, median: 1574.5, std: 813.013, percent: 1690.9, B: 121, W: 128, 
	(1377, 1016, 985, 1937, 2255, 1722, 1379, 2773, 1244, 2362, 1589, 2691, 2032, 1386, 775, 1568, 2477, 2285, 3127, 1574, 1049, 1693, 836, 1613, 1005, 746, 2210, 920, 764, 1950, 2494, 1725, 1425, 493, 794, 2539, 1796, 1245, 1617, 1476, 1353, 869, 307, 1572, 1926, 1336, 1906, 1497, 1369, 1608, 1826, 2504, 1245, 1927, 2349, 2310, 1026, 1918, 2857, 2935, 1251, 1844, 2995, 1245, 1803, 2302, 1750, 706, 4514, 1282, 1659, 640, 2768, 1496, 2396, 4817, 1808, 1994, 1717, 1399, 1831, 1550, 1678, 3238, 1591, 1551, 2144, 739, 1661, 2139, 1806, 1435, 2884, 946, 1348, 2231, 818, 2099, 1238, 1879, 373, 1133, 453, 1698, 1404, 1574, 794, 1078, 2461, 1196, 1801, 2284, 1242, 3136, 1609, 2943, 1597, 800, 1581, 4136, 1336, 1250, 1429, 1941, 2471, 2239, 3917, 1997, 3367, 1837, 1322, 492, 1222, 1085, 1439, 788, 1489, 769, 1589, 1047, 1359, 2861, 1609, 1932, 3555, 1831, 2148, 1794, 1433, 455, 1052, 1240, 1019, 1660, 1915, 1303, 1389, 1427, 1705, 1132, 2125, 1074, 941, 1643, 1050, 1355, 3131, 1978, 2431, 1224, 3625, 1311, 2117, 1214, 2467, 1494, 1575, 1905, 2911, 1242, 1046, 1720, 1217, 1752, 4194, 2653, 1039, 2323, 1549, 2621, 984, 2131, 757, 982, 1462, 1321, 775, 1419, 1683, 1626, 3076, 806, 445, 878, 921, 1693, 1809, 2072, 2334, 1618, 830, 2084, 1044, 1963, 522, 1494, 1373, 676, 4440, 946, 2481, 929, 881, 794, 1196, 378, 1416, 3198, 2643, 1530, 409, 2514, 3482, 1059, 3850, 531, 1928, 1915, 620, 3426, 1024, 1091, 1097, 1036, 2178, 788, 2270, 1673, 1189, 1290)
(165, 854): Mean: 1761.292, median: 1628.0, std: 859.372, percent: 1790.94, B: 85, W: 165, 
	(1516, 1182, 1052, 2036, 2331, 1796, 1466, 3400, 1270, 2165, 1786, 2603, 2300, 1327, 787, 1636, 2936, 2658, 3275, 1482, 1041, 1746, 791, 1605, 1016, 756, 2499, 993, 747, 2115, 2778, 1832, 1443, 515, 811, 2585, 1689, 1095, 1796, 1451, 1771, 936, 350, 1607, 1674, 1515, 2334, 1486, 1332, 1487, 1745, 2625, 1474, 1791, 2738, 2451, 980, 2259, 3210, 2707, 1529, 2145, 2700, 1343, 1768, 2196, 1837, 758, 5323, 1320, 1731, 749, 2967, 1669, 2603, 5078, 2251, 1889, 1930, 1362, 1760, 1701, 1757, 3202, 1523, 1627, 1942, 679, 1763, 2095, 2000, 1512, 3301, 988, 1184, 2276, 848, 2148, 1227, 1939, 348, 1229, 492, 1694, 1391, 1585, 938, 1066, 2673, 1291, 2130, 2671, 1253, 3156, 1699, 3156, 1839, 736, 1403, 3654, 1342, 1221, 1370, 2007, 3013, 2408, 3775, 2067, 3957, 1876, 1158, 573, 1282, 1146, 1580, 848, 1718, 788, 1814, 1173, 1469, 2713, 1607, 1792, 3160, 2333, 2247, 1927, 1629, 411, 951, 1142, 1140, 1883, 2101, 1195, 1445, 1290, 1760, 1285, 2045, 1100, 835, 2184, 1033, 1407, 3311, 1951, 2882, 1114, 3732, 1529, 1914, 1089, 2528, 1540, 1504, 1961, 2873, 1566, 1074, 1787, 1155, 1775, 4384, 2314, 993, 1980, 1554, 2742, 1130, 2172, 796, 1044, 1512, 1423, 796, 1458, 1656, 1650, 3172, 717, 509, 887, 1194, 1782, 1862, 2094, 2761, 1623, 771, 2569, 1216, 1947, 492, 1520, 1187, 636, 4329, 973, 2358, 1033, 853, 692, 1279, 388, 1528, 4104, 2227, 1761, 376, 2873, 3829, 1136, 3556, 558, 1905, 1786, 799, 2910, 890, 1192, 1142, 964, 2451, 811, 2582, 1674, 1266, 1266)
(166, 857): Mean: 1730.812, median: 1661.5, std: 821.816, percent: 1726.16, B: 140, W: 109, 
	(1849, 1062, 1122, 2120, 2193, 1830, 1434, 2381, 1242, 2406, 1761, 2511, 2347, 1468, 939, 1714, 2858, 2473, 2874, 1399, 1011, 1657, 794, 1627, 998, 703, 2424, 908, 717, 2074, 2478, 1604, 1509, 474, 777, 2197, 1666, 1032, 1982, 1398, 1436, 944, 296, 1634, 1977, 1426, 1812, 1668, 1371, 1669, 1773, 2603, 1392, 1701, 2696, 2534, 1131, 2211, 3256, 2964, 1392, 1933, 2671, 1274, 1757, 2124, 1764, 705, 5274, 1403, 1481, 704, 3317, 1906, 3548, 3944, 1838, 1919, 1898, 1377, 1917, 1549, 1684, 2952, 1684, 1496, 2022, 648, 1729, 2216, 2013, 1424, 2507, 1105, 1235, 2470, 778, 1890, 1335, 1786, 363, 1134, 526, 1634, 1495, 1634, 938, 1173, 2384, 1298, 1874, 2430, 1358, 3203, 1480, 2934, 1947, 895, 1516, 3503, 1319, 1219, 1344, 2034, 2651, 1946, 3422, 1931, 3708, 2049, 1227, 515, 1149, 1246, 1471, 904, 1698, 747, 1775, 1108, 1705, 2703, 1698, 2070, 3365, 2042, 2195, 1868, 1420, 459, 990, 1144, 1092, 1863, 1981, 1183, 1320, 1292, 1677, 1051, 2392, 976, 885, 1766, 1032, 1316, 3058, 1764, 2920, 1085, 3538, 1578, 1975, 1100, 3126, 1397, 1466, 2028, 2727, 1466, 1084, 2092, 1215, 1811, 4642, 2686, 968, 2017, 1934, 2792, 1146, 2063, 775, 1042, 1318, 1288, 758, 1669, 2022, 1739, 3611, 681, 519, 886, 979, 1529, 1943, 2251, 2685, 1817, 821, 1800, 1035, 2081, 548, 1559, 1402, 666, 4695, 990, 2178, 896, 893, 655, 1243, 366, 1447, 3454, 2290, 1672, 331, 2260, 3248, 1089, 3264, 562, 2093, 1837, 723, 2921, 984, 1148, 1083, 1029, 2373, 752, 2666, 1831, 1386, 1399)
(168, 867): Mean: 1923.404, median: 1784.0, std: 922.991, percent: 1917.98, B: 38, W: 212, 
	(1482, 1026, 1074, 2042, 2603, 2365, 1695, 3006, 1370, 2488, 1839, 2803, 2670, 1566, 849, 1889, 2762, 2732, 4158, 1552, 1098, 1912, 836, 1799, 1265, 718, 2542, 1027, 765, 2377, 2902, 2114, 1481, 608, 886, 3096, 1863, 1313, 2316, 1630, 1667, 1181, 391, 1910, 2119, 1353, 2512, 1628, 1519, 1645, 1857, 2860, 1484, 2102, 2708, 2801, 1236, 2559, 3504, 3239, 1747, 2231, 2914, 1309, 1982, 2546, 1992, 776, 5546, 1588, 1892, 787, 2891, 1881, 3152, 4192, 1868, 2199, 1785, 1343, 2076, 1927, 2266, 3412, 1761, 1614, 2372, 788, 2000, 2542, 2214, 1494, 2775, 1028, 1421, 2322, 919, 2559, 1464, 1868, 509, 1167, 643, 1832, 1692, 1729, 984, 1182, 2766, 1432, 1901, 2959, 1457, 4087, 1663, 3309, 1915, 938, 1824, 4382, 1547, 1414, 1509, 2201, 3318, 2284, 4383, 2243, 3846, 2057, 1552, 647, 1177, 1292, 1610, 954, 2315, 848, 2031, 1296, 1438, 3026, 1578, 1910, 3286, 2140, 2565, 2269, 1568, 525, 1002, 1364, 1182, 2018, 2300, 1249, 1502, 1507, 1942, 1098, 2542, 1268, 942, 1986, 1232, 1737, 4101, 2140, 3128, 1184, 4642, 1569, 2366, 1490, 2686, 1419, 1683, 1945, 2563, 1472, 1116, 2162, 1202, 2095, 4500, 2739, 1103, 2327, 1855, 2886, 1209, 2232, 759, 1161, 1609, 1368, 887, 1769, 1923, 2067, 3572, 707, 529, 1038, 1129, 1752, 2323, 2285, 2984, 1977, 859, 2581, 1192, 2564, 592, 1532, 1339, 791, 5087, 1066, 3085, 1119, 1040, 887, 1570, 369, 1482, 4127, 2264, 1783, 454, 2919, 4019, 1268, 3401, 677, 2178, 1827, 706, 3800, 1069, 1316, 1235, 1129, 2630, 838, 2924, 2192, 1587, 1392)
(169, 868): Mean: 1892.076, median: 1743.5, std: 885.529, percent: 1902.58, B: 136, W: 112, 
	(1513, 1092, 1194, 2111, 2328, 2008, 1506, 3113, 1390, 2577, 1806, 2295, 2347, 1789, 986, 1666, 2820, 2684, 3892, 1386, 1211, 2053, 888, 1736, 1289, 802, 2411, 933, 824, 1976, 3125, 2004, 1577, 585, 890, 2348, 2004, 1191, 2005, 1745, 1657, 1148, 343, 1853, 2389, 1445, 2273, 1874, 1691, 1665, 2162, 2779, 1637, 2008, 2520, 2787, 1172, 2578, 3635, 2674, 1452, 2293, 2739, 1352, 1956, 2641, 2030, 828, 5110, 1585, 1819, 767, 3185, 2016, 3446, 4438, 2009, 2224, 2293, 1419, 2042, 1716, 2258, 4333, 1728, 1838, 2295, 684, 1844, 2339, 2021, 1673, 3078, 1057, 1425, 2419, 963, 2135, 1459, 2008, 507, 1277, 507, 1742, 1725, 1856, 920, 1141, 2611, 1489, 2573, 3527, 1386, 3844, 1687, 2780, 1747, 920, 1632, 3635, 1453, 1251, 1579, 1865, 3109, 2284, 3645, 2317, 3456, 2289, 1317, 616, 1177, 1349, 1478, 904, 1665, 741, 1961, 1282, 1572, 2932, 1553, 1866, 3151, 2395, 2316, 2265, 1761, 500, 1293, 1283, 1204, 1968, 2546, 1227, 1562, 1663, 1897, 1174, 2473, 1144, 1005, 1917, 1153, 1527, 3752, 1891, 3163, 1272, 3937, 1483, 2229, 1593, 2759, 1542, 1721, 1942, 2714, 1480, 1179, 1774, 1391, 2025, 4363, 2607, 1138, 2236, 1679, 2917, 1129, 2014, 801, 1128, 1608, 1556, 861, 1811, 1831, 1923, 3568, 721, 489, 1040, 1166, 1706, 2157, 2356, 2745, 1749, 897, 2116, 1187, 2244, 612, 1697, 1392, 863, 4698, 1121, 3199, 1030, 954, 778, 1402, 343, 1634, 4262, 2457, 1821, 437, 3179, 4271, 1200, 3728, 563, 2302, 2131, 758, 3362, 996, 1218, 1186, 1199, 2491, 775, 2941, 1706, 1391, 1434)
(172, 885): Mean: 1857.324, median: 1689.5, std: 889.364, percent: 1886.72, B: 151, W: 99, 
	(1709, 1116, 1180, 2202, 2453, 1828, 1583, 3293, 1454, 2237, 1833, 3149, 2341, 1629, 837, 2131, 3024, 2738, 4213, 1510, 1095, 1800, 815, 1878, 1096, 798, 2174, 1031, 814, 2025, 2991, 1712, 1638, 522, 903, 2499, 1924, 1451, 1942, 1590, 1655, 1101, 344, 1492, 2128, 1380, 2028, 1627, 1615, 1811, 2005, 2527, 1477, 1944, 2584, 2522, 1101, 2124, 3179, 3278, 1726, 2459, 2995, 1374, 2266, 2335, 1939, 815, 4905, 1303, 1832, 699, 3858, 1699, 3050, 4644, 1775, 2155, 1992, 1380, 2186, 1630, 1905, 3594, 1808, 1565, 2343, 743, 1903, 2780, 2012, 1501, 3192, 1043, 1265, 2251, 842, 2048, 1456, 2043, 353, 1205, 606, 1642, 1661, 1840, 903, 1219, 2498, 1304, 2211, 2295, 1368, 4463, 1470, 2752, 1874, 876, 1513, 4048, 1386, 1396, 1501, 2061, 2800, 2118, 4592, 2167, 3470, 1757, 1332, 575, 1369, 1233, 1547, 1019, 1810, 798, 2107, 1168, 1522, 3201, 1483, 2052, 3213, 2824, 2552, 1964, 1638, 544, 1207, 1267, 1126, 1948, 2242, 1224, 1523, 1521, 1788, 1236, 2376, 1057, 942, 2204, 1121, 1431, 3375, 1954, 3113, 1136, 3760, 1409, 2008, 1477, 3241, 1415, 1680, 1856, 2715, 1483, 1182, 1733, 1306, 1594, 4122, 2300, 1142, 2060, 1745, 2693, 1101, 1998, 816, 1143, 1416, 1312, 808, 1680, 1968, 1854, 3630, 740, 511, 956, 1108, 1586, 1934, 2416, 2869, 1671, 1035, 2517, 1270, 2070, 553, 1534, 1364, 677, 4347, 1039, 3018, 1034, 971, 866, 1486, 389, 1576, 3919, 2501, 1707, 477, 3197, 3168, 1159, 4302, 569, 2379, 2058, 701, 3208, 986, 1189, 1282, 1183, 2807, 873, 2433, 1860, 1418, 1289)
(175, 901): Mean: 1766.66, median: 1618.0, std: 847.249, percent: 1763.64, B: 173, W: 77, 
	(1586, 983, 1043, 2217, 2520, 1873, 1482, 3111, 1364, 2618, 1819, 2947, 2105, 1551, 877, 1871, 2730, 2420, 3225, 1433, 1136, 1816, 740, 1625, 1075, 817, 2285, 994, 769, 2209, 3178, 1508, 1332, 611, 858, 2159, 1726, 1111, 2062, 1492, 1545, 1079, 347, 1532, 2008, 1294, 1900, 1707, 2162, 1468, 1810, 2540, 1290, 1900, 2737, 2435, 1193, 2070, 2869, 3022, 1394, 2078, 2912, 1306, 2011, 2401, 1681, 694, 5144, 1415, 1558, 694, 2786, 1648, 2594, 5240, 2077, 1784, 1990, 1289, 2160, 1676, 1775, 3357, 1600, 1625, 1858, 819, 1572, 2440, 1783, 1353, 2837, 993, 1263, 2130, 781, 1915, 1225, 2023, 364, 1159, 630, 2461, 1578, 1551, 857, 1072, 2466, 1292, 1744, 2404, 1227, 3336, 1650, 2855, 1703, 790, 1436, 3730, 1545, 1257, 1288, 1912, 2946, 2378, 4164, 2310, 3829, 1848, 1224, 645, 1125, 1132, 1496, 812, 1954, 717, 1930, 1160, 1508, 2551, 1841, 1780, 3087, 2787, 2231, 1877, 1585, 496, 1039, 1277, 1045, 2022, 2151, 1152, 1290, 1413, 1504, 1074, 2285, 978, 858, 1885, 1021, 1257, 3378, 1867, 2938, 1164, 3549, 1416, 1847, 1546, 2698, 1461, 1751, 1747, 2699, 1530, 1121, 1872, 1231, 1755, 4072, 2330, 1064, 2053, 1489, 2387, 1120, 2202, 732, 1040, 1378, 1245, 960, 1611, 1705, 1789, 3473, 744, 530, 1011, 1139, 1681, 1839, 2143, 2887, 1565, 829, 2096, 1210, 1920, 530, 1542, 1330, 670, 4575, 967, 2211, 868, 1006, 885, 1330, 395, 1396, 3956, 2300, 1746, 437, 2927, 3371, 1044, 3592, 612, 2112, 1692, 750, 3301, 969, 1478, 1105, 1037, 2293, 863, 2161, 1713, 1310, 1339)
(176, 906): Mean: 1736.448, median: 1601.5, std: 821.716, percent: 1761.0, B: 145, W: 104, 
	(1510, 1007, 1088, 2053, 2645, 1705, 1424, 2844, 1293, 2358, 1674, 2306, 2073, 1465, 892, 1685, 2716, 2486, 4012, 1428, 1362, 1683, 971, 1485, 924, 750, 2443, 983, 742, 1991, 2428, 1612, 1485, 452, 834, 2539, 1796, 1088, 1870, 1526, 1587, 1034, 349, 1679, 1849, 1290, 1872, 1483, 1655, 1685, 1884, 2621, 1529, 1988, 2477, 2586, 1022, 2487, 2730, 2882, 1386, 1913, 2702, 1219, 2101, 2679, 1863, 768, 4825, 1230, 1548, 652, 3168, 1689, 2681, 4505, 1713, 1778, 1708, 1350, 1786, 1716, 1953, 3235, 1454, 1577, 2227, 697, 1629, 2398, 1905, 1309, 2551, 950, 1242, 2185, 840, 2064, 1515, 2033, 314, 1090, 630, 1599, 1369, 1489, 852, 1150, 2281, 1352, 1895, 2847, 1285, 2635, 1504, 2650, 1909, 835, 1366, 4652, 1481, 1206, 1365, 1981, 2682, 2291, 3098, 2336, 3279, 1821, 1237, 544, 1055, 1366, 1683, 823, 1604, 729, 1814, 1251, 1442, 2845, 1535, 1647, 3167, 2260, 2168, 1787, 1632, 435, 929, 1186, 1035, 1984, 2058, 1216, 1237, 1396, 1652, 1143, 2427, 1166, 903, 1825, 1046, 1471, 3450, 1827, 2790, 1146, 3590, 1354, 1812, 1481, 2832, 1441, 1584, 2114, 3047, 1293, 1096, 1733, 1365, 1596, 4657, 2641, 1038, 2042, 1824, 2443, 1083, 1934, 699, 1199, 1483, 1513, 727, 1437, 1737, 1740, 2949, 759, 570, 903, 1031, 1738, 1889, 2226, 2326, 1486, 760, 1808, 1153, 1977, 507, 1372, 1385, 722, 4094, 1003, 2680, 987, 891, 805, 1287, 355, 1552, 3773, 2195, 1743, 419, 2628, 3323, 1085, 3745, 518, 2102, 1828, 738, 3017, 855, 1244, 1182, 957, 2397, 796, 2269, 1745, 1361, 1226)
(177, 910): Mean: 1711.604, median: 1573.5, std: 804.118, percent: 1653.24, B: 138, W: 112, 
	(1471, 1036, 991, 1979, 2171, 2034, 1333, 2595, 1267, 2221, 1825, 2510, 1957, 1625, 852, 1933, 2518, 2311, 3338, 1342, 1213, 1780, 820, 1697, 1036, 753, 2086, 952, 744, 1771, 2631, 1703, 1549, 507, 854, 2274, 1824, 1191, 2097, 1523, 1493, 920, 348, 1413, 1855, 1387, 2100, 1404, 1449, 1480, 1872, 2597, 1392, 1820, 2279, 2585, 1147, 2148, 3363, 3024, 1459, 2344, 2428, 1038, 1885, 2163, 1929, 765, 4851, 1386, 1560, 670, 2731, 1758, 2808, 4932, 2088, 1929, 1765, 1283, 1824, 1602, 1719, 3197, 1538, 1781, 2153, 747, 1605, 2198, 1844, 1398, 2349, 940, 1228, 2045, 897, 2100, 1189, 1889, 422, 1146, 473, 1679, 1483, 1651, 984, 1030, 2367, 1370, 1966, 2671, 1445, 2970, 1420, 2908, 1660, 782, 1408, 3131, 1424, 1242, 1447, 1952, 2860, 2182, 4441, 2173, 4361, 1704, 1272, 583, 1038, 1177, 1510, 897, 1572, 733, 1648, 1133, 1489, 2806, 1528, 1902, 2768, 2017, 1929, 2004, 1575, 504, 894, 1218, 1011, 1817, 1852, 1152, 1293, 1230, 1722, 1249, 2080, 1077, 902, 1815, 1068, 1535, 3579, 1820, 2247, 1130, 3639, 1393, 1815, 1238, 2797, 1481, 1502, 1977, 2682, 1397, 1172, 1504, 1206, 1624, 4335, 2422, 1106, 1969, 1538, 2671, 1070, 2087, 720, 1089, 1482, 1260, 773, 1447, 1742, 2074, 2772, 712, 516, 927, 976, 1644, 1845, 2312, 2592, 1699, 770, 2018, 1106, 1990, 592, 1436, 1250, 654, 3750, 948, 2285, 957, 851, 833, 1344, 333, 1458, 3759, 2139, 1832, 418, 2295, 2913, 1168, 3531, 527, 1961, 2175, 687, 2806, 878, 1138, 1091, 1063, 2115, 763, 2357, 1525, 1215, 1830)
(179, 922): Mean: 1694.844, median: 1564.5, std: 801.673, percent: 1716.0, B: 142, W: 106, 
	(1578, 999, 1026, 1954, 2102, 1686, 1343, 3430, 1370, 2180, 1540, 2555, 2363, 1519, 815, 1474, 2744, 2554, 3258, 1413, 971, 1643, 777, 1491, 975, 697, 2290, 965, 716, 1826, 2904, 1639, 1565, 471, 817, 2456, 1687, 1152, 1759, 1356, 1564, 1054, 388, 1601, 2119, 1301, 1929, 1458, 1420, 1549, 1648, 2715, 1316, 1775, 2147, 2249, 991, 1799, 2759, 3168, 1316, 2012, 2981, 1058, 2020, 2230, 1791, 788, 4732, 1372, 1401, 642, 2963, 1713, 2259, 4225, 1996, 1779, 1858, 1346, 2079, 1600, 1657, 3537, 1665, 1631, 1821, 660, 1580, 2060, 1833, 1301, 2506, 985, 1288, 1996, 801, 2007, 1434, 1710, 338, 1141, 461, 1556, 1466, 1651, 992, 1079, 2465, 1217, 2000, 2418, 1292, 2854, 1526, 2631, 2036, 861, 1342, 3727, 1337, 1229, 1349, 2157, 3174, 2254, 4059, 2041, 3567, 1806, 1311, 600, 1126, 1118, 1406, 805, 1837, 674, 1755, 1102, 1297, 2502, 1487, 1651, 2781, 2075, 2061, 1851, 1613, 439, 1124, 1242, 1146, 1710, 1771, 1108, 1512, 1471, 1782, 1102, 2389, 1038, 835, 1804, 1166, 1252, 3276, 1623, 2579, 1209, 3482, 1347, 1985, 1118, 2798, 1361, 1521, 1661, 2762, 1244, 1016, 1810, 1313, 1696, 4231, 2333, 1120, 2400, 1536, 2481, 1112, 1948, 704, 1067, 1464, 1306, 717, 1424, 1633, 1738, 3404, 727, 505, 921, 976, 1530, 1684, 1978, 2447, 1730, 806, 1957, 1121, 1893, 542, 1433, 1244, 690, 3583, 974, 2657, 960, 991, 687, 1167, 342, 1347, 3265, 2189, 1597, 500, 2582, 3947, 1016, 3345, 558, 2277, 1858, 685, 3191, 771, 1156, 1062, 1070, 2320, 771, 2212, 1801, 1360, 1255)
(183, 943): Mean: 1667.208, median: 1561.0, std: 786.748, percent: 1660.16, B: 137, W: 113, 
	(1579, 872, 955, 1852, 2201, 1648, 1371, 2776, 1242, 1961, 1565, 2632, 2184, 1587, 825, 1756, 2658, 2145, 3090, 1330, 975, 1667, 801, 1501, 1037, 720, 2125, 911, 749, 1775, 2750, 1664, 1531, 439, 772, 2471, 1713, 1011, 1677, 1382, 1341, 1015, 306, 1522, 1990, 1140, 2050, 1396, 1233, 1492, 1584, 2576, 1307, 1802, 2350, 2447, 1018, 1759, 2938, 2933, 1276, 1940, 2577, 1304, 1900, 2457, 1713, 699, 4647, 1431, 1425, 608, 2793, 1936, 2364, 4528, 2142, 1951, 1628, 1340, 1999, 1517, 1958, 2486, 1505, 1606, 2185, 681, 1550, 1934, 1760, 1278, 2721, 975, 1294, 2090, 774, 1763, 1240, 1637, 332, 1032, 587, 1688, 1498, 1598, 908, 1037, 2300, 1346, 1828, 2264, 1187, 2844, 1485, 3175, 1824, 724, 1408, 4292, 1515, 1173, 1372, 1783, 2638, 1833, 3529, 1838, 3109, 1777, 1245, 464, 1131, 1176, 1358, 855, 1613, 730, 1617, 1201, 1474, 2883, 1512, 1816, 3436, 2140, 1857, 1844, 1557, 413, 1014, 1116, 916, 1953, 1902, 1167, 1295, 1209, 1620, 1109, 2171, 1065, 847, 1796, 1010, 1338, 3113, 1828, 2411, 1312, 3397, 1303, 2016, 1135, 3025, 1329, 1376, 1722, 2500, 1226, 1171, 2020, 1238, 1720, 3954, 2415, 985, 2003, 1670, 2404, 1266, 1784, 764, 1083, 1337, 1272, 784, 1632, 1701, 1582, 3624, 687, 468, 910, 1061, 1590, 2006, 2117, 2812, 1554, 830, 1992, 1233, 1902, 516, 1450, 1294, 536, 4023, 899, 2404, 867, 842, 713, 1278, 368, 1386, 3312, 2230, 1639, 440, 2683, 3370, 945, 3410, 532, 2304, 1715, 749, 2570, 849, 1250, 1022, 967, 2044, 825, 2261, 1793, 1374, 1193)

Test:
No precond: Mean: 2672.772, median: 2441.0, std: 1328.452, percent: 2599.4, flag: 0 
	(2732, 1722, 2896, 6703, 1263, 687, 4519, 1196, 1214, 2257, 1636, 3135, 1148, 2438, 987, 2178, 2570, 2254, 2014, 2444, 1991, 2088, 2134, 2382, 2218, 868, 2182, 3218, 1219, 2008, 3407, 2246, 1203, 4618, 2022, 1618, 1504, 1778, 1968, 4965, 2198, 2292, 2342, 2682, 2127, 4125, 116, 2057, 902, 1557, 6323, 1922, 2322, 669, 481, 2490, 5504, 2080, 3458, 2573, 3341, 2994, 1888, 2050, 1387, 1391, 2387, 3298, 3614, 1684, 3098, 3118, 4464, 2592, 3866, 1797, 1981, 3499, 2273, 3253, 1323, 3153, 6059, 966, 3170, 5799, 5113, 5496, 3340, 2744, 2820, 3977, 3408, 5672, 2096, 1793, 4208, 3067, 1774, 4401, 1070, 2213, 3325, 2189, 1008, 2444, 4028, 1978, 1750, 3565, 2784, 3991, 2663, 2116, 3048, 4220, 2725, 2296, 2839, 2945, 2677, 2762, 3101, 1310, 1820, 1505, 3077, 1109, 1571, 4558, 336, 3214, 3399, 3984, 1498, 3185, 2949, 7460, 2913, 2708, 3603, 1702, 1714, 3044, 5088, 1978, 1501, 2803, 1265, 4648, 5189, 3450, 3232, 2691, 1878, 2840, 872, 1891, 3314, 1379, 2210, 3947, 929, 1336, 1542, 2928, 2412, 1326, 2491, 1833, 1338, 2562, 2919, 2052, 2082, 2489, 3746, 5866, 3049, 1273, 2993, 1275, 3425, 6333, 2217, 2252, 996, 1935, 2942, 3295, 2229, 2084, 8781, 3569, 3803, 2957, 1800, 2928, 1130, 3008, 1029, 2696, 3562, 1757, 4629, 1127, 2829, 1217, 4062, 4161, 2116, 1422, 4084, 1838, 2941, 577, 3148, 5144, 2884, 1132, 1309, 1212, 2450, 5948, 2031, 4191, 2686, 1828, 2057, 1766, 1347, 1945, 4401, 5568, 2142, 2128, 3510, 2437, 1763, 1883, 2842, 2343, 1301, 2928, 2177, 3078, 3557, 2609, 2563, 4937)

Jacobi: Mean: 2243.404, median: 2011.0, std: 1292.295, percent: 2166.82, BvN: 227, WvN: 23, flag: 0 
	(2492, 1157, 2356, 6959, 839, 487, 3002, 866, 976, 1907, 1273, 2669, 863, 2145, 660, 1762, 2341, 1909, 1489, 2055, 1726, 1569, 1796, 1748, 1978, 617, 1540, 2433, 844, 1703, 2400, 2273, 872, 4214, 2070, 1366, 1364, 1487, 1987, 5940, 1541, 2451, 1896, 1937, 1609, 3424, 88, 2065, 540, 975, 3808, 1498, 1945, 508, 374, 2066, 5962, 1647, 3177, 2004, 2980, 3540, 1246, 1741, 1252, 1334, 2280, 2018, 2500, 1211, 2806, 2049, 4025, 1813, 3192, 1519, 1512, 2859, 1472, 2369, 971, 2310, 5160, 683, 2900, 6209, 7128, 4441, 1815, 1701, 2381, 3524, 2637, 4538, 1510, 1334, 3708, 3033, 1551, 3129, 945, 1675, 2151, 1579, 758, 2059, 3928, 1515, 1347, 3055, 2266, 3521, 2367, 1736, 1860, 4665, 3485, 1968, 2768, 2071, 1862, 2524, 2886, 1228, 1155, 1323, 2413, 872, 1273, 4708, 227, 2466, 2340, 4785, 1306, 2140, 2287, 6406, 2701, 2301, 2515, 1200, 1670, 2718, 4346, 2046, 1027, 2217, 881, 3775, 4505, 3090, 3659, 2056, 1366, 2563, 589, 1380, 3454, 1003, 2345, 3067, 626, 1129, 1520, 1945, 2024, 946, 2029, 1966, 1178, 2286, 2628, 1827, 1914, 1958, 3726, 4679, 1491, 1014, 2296, 1057, 2937, 5225, 1895, 1896, 671, 1608, 2321, 2576, 2065, 2083, 8292, 2858, 2935, 2489, 1157, 2775, 952, 2358, 819, 2125, 2069, 1470, 4796, 736, 2054, 928, 2777, 2872, 2193, 1157, 3360, 1295, 2589, 371, 2247, 3920, 2346, 805, 1027, 1055, 1952, 5053, 1925, 3781, 2298, 1529, 1614, 1351, 846, 1516, 3827, 5367, 1832, 1800, 3171, 1858, 996, 1525, 2187, 2083, 1011, 3343, 1871, 2750, 3155, 1910, 1242, 4291)

Last: Mean: 1809.176, median: 1632.5, std: 1038.456, percent: 1699.92, BvN: 249, WvN: 1, BvJ: 246, WvJ: 3, flag: 0 
	(2001, 1017, 1722, 6706, 660, 376, 2315, 835, 820, 1786, 965, 1994, 781, 1847, 511, 1495, 1484, 1710, 1343, 1623, 1357, 1131, 1779, 1663, 1817, 550, 1299, 2144, 689, 1455, 1921, 1914, 697, 4061, 1537, 1020, 1110, 1212, 1454, 3772, 1250, 1769, 1577, 1566, 1183, 3246, 83, 1602, 530, 838, 3561, 1077, 1598, 461, 319, 1791, 4635, 1460, 2974, 1748, 2126, 2176, 1001, 1195, 1008, 999, 1495, 1904, 2304, 998, 2105, 1888, 2792, 1346, 2442, 1388, 1390, 2163, 1399, 2111, 857, 1756, 4020, 593, 2244, 5351, 5063, 3644, 1466, 1605, 1732, 2739, 1918, 3877, 1431, 1309, 2672, 1920, 1205, 2493, 729, 1143, 1841, 1327, 698, 1556, 2832, 1386, 1174, 2316, 1871, 3232, 2025, 1376, 1668, 3011, 1854, 1512, 2035, 2089, 1574, 2200, 2313, 883, 989, 930, 1849, 619, 1020, 3423, 227, 2030, 1908, 3950, 825, 2023, 1823, 4803, 2263, 1679, 1978, 1035, 1150, 2411, 3597, 1402, 908, 1541, 889, 3295, 4367, 1900, 2618, 1836, 1104, 1886, 474, 1376, 2331, 910, 1930, 2673, 595, 844, 1086, 1489, 1811, 683, 1796, 1562, 855, 2084, 2083, 1408, 1405, 1689, 3405, 3873, 1399, 768, 1646, 1002, 2198, 4108, 1371, 1498, 552, 1101, 2098, 2041, 1459, 1648, 6687, 2832, 2649, 1668, 827, 1936, 695, 1642, 698, 1885, 1785, 1175, 3588, 575, 1995, 841, 2110, 2318, 1706, 896, 2432, 1211, 1998, 291, 2016, 3351, 1966, 719, 834, 765, 1721, 4011, 1422, 2983, 2171, 1297, 1272, 1038, 692, 1288, 2882, 4506, 1355, 1293, 2804, 1303, 886, 1437, 1761, 1933, 887, 2439, 1586, 2290, 2328, 1583, 1440, 3455)

Best: Mean: 1826.164, median: 1611.0, std: 1050.579, percent: 1746.24, BvN: 246, WvN: 4, BvJ: 243, WvJ: 6, flag: 0 
	(1833, 997, 1670, 6882, 743, 434, 2517, 700, 773, 1773, 943, 2155, 863, 1844, 515, 1432, 1555, 1541, 1310, 1443, 1273, 998, 1509, 1550, 1576, 506, 1285, 2169, 650, 1387, 1931, 1754, 643, 3666, 1693, 1186, 1081, 1011, 1289, 3432, 1343, 1875, 1646, 1729, 1256, 2608, 80, 1727, 509, 771, 3589, 1153, 1580, 408, 282, 1597, 4005, 1425, 3125, 1665, 2288, 2334, 970, 1278, 959, 1009, 1652, 1804, 2199, 1051, 2177, 1932, 3257, 1414, 2579, 1172, 1194, 2269, 1395, 1997, 875, 2017, 4133, 576, 2163, 5712, 5286, 3595, 1557, 1461, 1966, 3180, 2261, 4127, 1313, 1165, 3280, 1906, 1142, 2383, 683, 1272, 2208, 1301, 666, 1524, 3314, 1288, 1134, 2605, 1897, 3174, 2077, 1410, 1623, 3168, 1962, 1577, 1957, 1868, 1417, 1944, 2282, 893, 1089, 1186, 1990, 657, 959, 3537, 190, 2236, 1863, 3321, 814, 1822, 1899, 5307, 2200, 1972, 1839, 951, 1295, 2346, 3258, 1633, 989, 1613, 796, 2782, 4015, 2421, 3433, 1965, 1014, 2059, 461, 1124, 2569, 929, 1840, 2508, 612, 812, 1119, 1362, 1594, 751, 1766, 1567, 804, 1710, 2264, 1527, 1558, 1922, 3217, 4039, 1469, 812, 1636, 944, 2101, 4290, 1313, 1574, 587, 1163, 2090, 2051, 1516, 1609, 6048, 2898, 2447, 1897, 846, 2117, 706, 1856, 746, 1999, 1923, 1503, 3451, 637, 1908, 726, 2480, 2451, 1598, 957, 2713, 1300, 2016, 339, 2119, 3570, 1786, 644, 833, 796, 1624, 4083, 1525, 2472, 1916, 1478, 1404, 1042, 726, 1132, 2661, 4694, 1480, 1396, 3116, 1478, 887, 1258, 1968, 1955, 887, 2831, 1654, 3114, 2197, 1579, 1308, 3548)

Last Coef List
{1: array([-0.05487849]), -1: array([-0.0570481]), 2: array([-0.03407803]), -2: array([-0.03698486]), 3: array([-0.0117971]), -3: array([-0.0165363]), 4: array([0.01147236]), -4: array([0.01109254])}

Best Coef List
{1: array([-0.04538332]), -1: array([-0.0570481]), 2: array([-0.01245827]), -2: array([-0.02338553]), 3: array([-0.0117971]), -3: array([-0.0188394]), 4: array([0.00568406]), -4: array([0.00609577])}
