11/03/2026, 11:49:11
Config file: ./config/config_sign_0.ini
Data:
	1d_laplace_size: 45
	amount: 250
	params: 1 0.3
	seed: 0
	dim: 2025
Solver:
	tol: 1e-10
	max_iteration: None
Learn:
	iteration_count: 500
	step_range: 0.1
	method: sign
	seed: 0
	scale: 1 0.5 0.25
Precondition:
	num_coef: 10
	type: par_shift_jacobi

Train:
(0, 1): Mean: 2856.088, median: 2517.0, std: 1771.024, percent: 2663.9, B: 250, W: 0, 
	(4190, 1649, 2034, 13535, 3780, 2699, 1571, 2336, 1555, 2898, 1924, 2840, 1572, 3072, 4725, 1310, 4418, 5027, 3026, 3550, 1941, 1196, 2311, 1332, 2461, 2702, 1434, 2831, 2418, 2376, 3535, 3016, 3716, 1529, 1265, 2625, 1920, 2130, 2647, 2582, 1492, 3188, 1840, 2506, 2127, 3200, 1853, 1296, 9939, 2603, 1345, 2264, 1489, 552, 1903, 6811, 932, 1046, 4807, 3500, 2920, 4258, 3314, 2878, 3075, 7059, 2527, 1139, 878, 2851, 1625, 4957, 2703, 2358, 1855, 2760, 1404, 1457, 2543, 1650, 1801, 1177, 3554, 1514, 2058, 1896, 1499, 808, 1820, 2142, 1780, 1290, 2892, 2352, 5070, 4062, 1430, 1432, 2412, 1139, 2804, 3979, 1700, 3279, 2851, 2623, 1047, 627, 2190, 4240, 3555, 1725, 2762, 1595, 1295, 1889, 2614, 2462, 1449, 2806, 5838, 2238, 2842, 1009, 3597, 2118, 3757, 2335, 1506, 2898, 1591, 3051, 2238, 7085, 2589, 2067, 4415, 2503, 2624, 2384, 3498, 7326, 3274, 1908, 2812, 2810, 4304, 2662, 4505, 3754, 1882, 3235, 2215, 3102, 1878, 1218, 4970, 2980, 10328, 2647, 4985, 3415, 2169, 2236, 1320, 3751, 3364, 2507, 2162, 4278, 703, 2990, 982, 1263, 2835, 1824, 2833, 1588, 1320, 4941, 5280, 1859, 2228, 2259, 3765, 1515, 1292, 10750, 2386, 3973, 2262, 2249, 1107, 3303, 2623, 2829, 3777, 1773, 3734, 3871, 2248, 5990, 1822, 1865, 3490, 1253, 3043, 3344, 2740, 531, 3437, 3105, 2582, 1631, 1746, 1028, 3969, 2531, 1588, 3452, 2137, 5606, 4530, 1925, 3840, 2335, 7941, 1899, 3494, 2792, 1838, 11293, 3828, 2160, 7802, 2235, 2044, 2015, 2334, 1346, 1407, 2725, 3729, 1701, 6025, 2819, 4410, 3612, 3107, 3202)
(1, 4): Mean: 2861.416, median: 2468.5, std: 1748.907, percent: 2692.94, B: 128, W: 122, 
	(4601, 1734, 2013, 12304, 3845, 2663, 1594, 2584, 1542, 2842, 2019, 2342, 1730, 3285, 3793, 1439, 4424, 5405, 2637, 3893, 2125, 1216, 2451, 1361, 2485, 2329, 1490, 3097, 2082, 2665, 4666, 2832, 3807, 1462, 1237, 2375, 1905, 3001, 2803, 2629, 1377, 3062, 2001, 3043, 1769, 3882, 1752, 1372, 10540, 2375, 1256, 2354, 1723, 568, 2009, 7228, 906, 1145, 4326, 3544, 2838, 4279, 5615, 2567, 3581, 6165, 2796, 1169, 736, 3210, 1619, 3910, 3478, 2092, 2125, 2737, 1629, 1439, 2335, 1455, 1916, 1151, 3381, 1372, 1924, 2027, 1640, 944, 1964, 1963, 1806, 1257, 3270, 2357, 6479, 3689, 1387, 1394, 2350, 1020, 3061, 4919, 1658, 2819, 2805, 2264, 964, 552, 2441, 4753, 4463, 1705, 2546, 1414, 1352, 2068, 2446, 2590, 1448, 2663, 6279, 2148, 2654, 699, 3432, 1755, 3658, 2181, 1496, 3231, 1674, 2893, 2194, 6999, 2561, 1882, 4484, 2534, 2650, 2517, 2683, 7185, 3740, 1698, 2914, 3181, 4649, 2327, 4055, 3604, 1857, 3918, 1992, 2558, 1758, 1083, 4868, 3143, 8630, 2588, 5339, 2979, 2162, 2334, 1298, 3408, 3765, 2485, 2351, 3834, 715, 3371, 1055, 1101, 2739, 1946, 2562, 1768, 1386, 4597, 5266, 1929, 2301, 1982, 3367, 1594, 1325, 11066, 2448, 3825, 2163, 2092, 1150, 3875, 2755, 2764, 5121, 1558, 3881, 3365, 2452, 6206, 2047, 1821, 2816, 1364, 3303, 4105, 2635, 432, 2956, 3294, 2721, 1477, 1811, 844, 3629, 2556, 1575, 4312, 2445, 5289, 4546, 1701, 4062, 2237, 7382, 1947, 3264, 3010, 1953, 10803, 3304, 2204, 7537, 2267, 1905, 1600, 2135, 1564, 1462, 2738, 3372, 1618, 5881, 2654, 4533, 3768, 2289, 3218)
(2, 8): Mean: 2859.516, median: 2505.0, std: 1845.313, percent: 2703.28, B: 132, W: 118, 
	(4954, 1516, 2152, 14763, 2890, 2594, 1520, 2525, 1409, 2706, 1802, 2352, 1559, 2575, 4107, 1527, 4067, 5906, 2769, 3755, 1751, 1253, 2526, 1244, 2362, 2349, 1349, 3246, 2311, 2490, 4598, 2575, 4288, 1385, 1149, 2689, 1935, 2285, 3030, 2568, 1452, 3374, 1670, 2767, 1551, 3907, 2016, 1280, 10868, 2834, 1309, 2483, 1866, 481, 2107, 7317, 841, 1038, 4355, 3522, 2296, 4253, 4172, 2716, 3403, 7093, 2439, 1369, 791, 3003, 1517, 4171, 3309, 2567, 2012, 2306, 1474, 1432, 2225, 1740, 1880, 1180, 3438, 1457, 1751, 2003, 1470, 810, 1914, 1905, 1842, 1178, 2707, 2531, 5364, 3552, 1386, 1203, 2540, 1082, 2882, 4462, 1868, 3282, 2946, 2187, 1028, 687, 2226, 4022, 3500, 1712, 2512, 1789, 1364, 2006, 2397, 2524, 1476, 2682, 5299, 2733, 2671, 1127, 3093, 1973, 3405, 2391, 1628, 2703, 1545, 2857, 1971, 6900, 2346, 2127, 5647, 2576, 3125, 2429, 2976, 7431, 2926, 1796, 2739, 2484, 5206, 2407, 3918, 3550, 1826, 3725, 2498, 2676, 1727, 1152, 5501, 3668, 8842, 2480, 4703, 2864, 1991, 2572, 1090, 4243, 3488, 3148, 2682, 3529, 696, 3182, 887, 1050, 2884, 1727, 2529, 1645, 1187, 4355, 5743, 2152, 2245, 2281, 3369, 1522, 1273, 11872, 2171, 3337, 2224, 2275, 1102, 4013, 2882, 2428, 4616, 1765, 3533, 3199, 2524, 6726, 1921, 1856, 3040, 1287, 2772, 4085, 2667, 517, 3442, 3595, 2626, 1516, 1930, 803, 3895, 2637, 1431, 4099, 2458, 4898, 4260, 1609, 3572, 2172, 7136, 2404, 3340, 3602, 2060, 10900, 3798, 2074, 9468, 2244, 1964, 1634, 2338, 1446, 1541, 2755, 3446, 1638, 5361, 2637, 3879, 3405, 2683, 3358)
(3, 14): Mean: 2850.66, median: 2481.0, std: 1770.86, percent: 2749.86, B: 127, W: 122, 
	(4173, 1578, 2200, 11600, 3073, 2659, 1425, 2285, 1380, 3012, 1895, 2538, 1563, 3293, 4889, 1456, 4064, 6084, 2600, 4194, 2270, 1144, 2517, 1587, 2302, 2317, 1469, 3096, 2241, 2664, 4429, 3237, 4743, 1526, 1511, 2731, 1864, 2386, 2698, 2955, 1558, 3307, 2000, 2617, 1675, 3527, 1727, 1399, 10958, 2587, 1262, 2456, 1694, 536, 2131, 6318, 956, 934, 4365, 3452, 3066, 5296, 4074, 2562, 3303, 7152, 2285, 1242, 768, 3393, 1439, 4384, 2900, 2474, 2183, 3006, 1424, 1436, 2652, 1669, 1655, 1283, 3847, 1401, 1879, 1898, 1520, 849, 1738, 1903, 1827, 951, 2999, 2394, 5358, 3548, 1450, 1426, 2362, 1020, 2931, 4269, 1710, 3064, 3114, 2172, 1053, 793, 2315, 4482, 3684, 1767, 2551, 1436, 1314, 1850, 2386, 2523, 1559, 2810, 5826, 2411, 2886, 892, 2857, 1901, 3287, 2185, 1666, 2690, 1711, 3068, 2225, 6670, 2307, 1944, 4862, 2524, 3125, 2929, 3368, 7487, 3383, 1815, 2986, 2650, 4639, 2776, 3798, 4184, 1934, 3883, 2278, 2450, 1917, 1216, 5026, 3378, 10512, 2535, 5123, 3092, 2016, 2595, 1292, 3464, 3366, 2570, 2392, 3490, 754, 2881, 961, 996, 2855, 1968, 2277, 1913, 1285, 3984, 4523, 2041, 2060, 2175, 3324, 1471, 1270, 11430, 2253, 4316, 2288, 1847, 1165, 3302, 2749, 2311, 4977, 1671, 3215, 3205, 2182, 7090, 1949, 1753, 3392, 1399, 2901, 4231, 2488, 508, 3420, 3535, 2512, 1700, 1836, 885, 3333, 2739, 1571, 3916, 2510, 4594, 4620, 1680, 4139, 2322, 7716, 1963, 3269, 2864, 1863, 11871, 3568, 2132, 6656, 1919, 1973, 1368, 2304, 1509, 1607, 2930, 3440, 1810, 5177, 2610, 3318, 3822, 2425, 3392)
(4, 18): Mean: 2903.576, median: 2485.0, std: 1906.963, percent: 2755.68, B: 127, W: 122, 
	(4775, 1673, 2100, 14347, 3142, 2561, 1366, 2147, 1522, 2633, 1708, 2398, 1419, 2797, 5031, 1389, 4908, 5726, 2811, 3469, 2133, 1237, 3045, 1525, 2721, 2221, 1841, 3084, 2212, 2917, 4483, 3483, 5316, 1454, 1343, 2858, 1808, 2570, 3365, 3150, 1397, 3195, 1848, 3047, 1560, 3437, 1819, 1383, 8970, 2352, 1174, 2541, 1672, 606, 1876, 7275, 869, 1096, 4243, 3365, 2694, 4451, 4208, 2954, 3643, 7693, 2358, 1179, 826, 3098, 1675, 3874, 2877, 2435, 1975, 2516, 1516, 1465, 2502, 1645, 1863, 1195, 3595, 1432, 1915, 1826, 1496, 864, 1851, 2043, 1671, 1315, 3361, 2402, 6217, 3961, 1417, 1255, 2333, 1263, 2973, 4083, 1602, 3498, 2769, 1873, 962, 586, 2208, 4054, 4180, 1589, 2686, 1544, 1304, 1955, 2273, 2434, 1390, 2629, 5606, 2297, 2977, 823, 2695, 1974, 3176, 2049, 1569, 2899, 1607, 2954, 2096, 7583, 2286, 2316, 4917, 2533, 3177, 2463, 2811, 8215, 3225, 1640, 3219, 2938, 5420, 2580, 3590, 4073, 2005, 3412, 2287, 2712, 2115, 1027, 5055, 3737, 11335, 3069, 4255, 3347, 1923, 2368, 1120, 3182, 3200, 2541, 2867, 3240, 801, 3305, 979, 1177, 2465, 2184, 2453, 1651, 1343, 4691, 5210, 2109, 2344, 2611, 3866, 1381, 1192, 11491, 2684, 3549, 2344, 2200, 1039, 3828, 2986, 2424, 5128, 1663, 3930, 3878, 2216, 8188, 1917, 1771, 2811, 1319, 3196, 4047, 2382, 432, 3127, 4339, 3091, 1567, 1793, 849, 3405, 2814, 1608, 4389, 2881, 4101, 4593, 1648, 2996, 2468, 6779, 1963, 3037, 2676, 2063, 13463, 3553, 2249, 7260, 2112, 1951, 1553, 2279, 1311, 1444, 2928, 4219, 1527, 5837, 3160, 3760, 3842, 2438, 3267)
(5, 19): Mean: 2824.124, median: 2501.0, std: 1762.242, percent: 2654.98, B: 131, W: 119, 
	(3685, 1778, 2161, 14384, 3551, 2483, 1599, 2246, 1495, 3006, 1918, 2609, 1310, 2733, 4340, 1523, 4863, 6091, 2392, 4630, 2044, 1234, 2700, 1446, 2271, 2270, 1606, 2936, 2331, 2734, 4321, 3418, 4846, 1360, 1209, 2455, 1923, 2574, 2572, 2770, 1513, 2876, 2173, 2822, 1606, 3310, 1716, 1272, 9812, 2658, 1329, 2698, 1656, 529, 1899, 6269, 912, 963, 4549, 3459, 2584, 4503, 3873, 2661, 3676, 6765, 2406, 1265, 867, 3211, 1447, 4224, 3378, 2700, 2217, 2502, 1542, 1479, 2160, 1446, 1756, 1245, 3800, 1368, 1947, 1793, 1543, 865, 1872, 2026, 1730, 1078, 2623, 2508, 6519, 3383, 1606, 1325, 2164, 1194, 2752, 4208, 1736, 3801, 2961, 1923, 1054, 446, 2252, 4061, 3790, 1536, 2415, 1625, 1385, 2004, 2257, 2692, 1240, 3140, 5412, 2082, 2713, 1002, 3270, 2031, 2975, 2112, 1453, 3308, 1786, 3138, 2251, 6385, 2491, 2077, 5622, 2707, 2672, 2745, 3345, 6682, 3578, 1877, 3099, 2534, 4485, 2659, 3418, 3422, 1904, 4672, 2071, 2612, 1669, 1033, 5264, 3407, 10425, 2955, 5596, 3043, 1911, 2347, 1235, 3830, 3104, 2657, 2458, 3940, 826, 3159, 842, 1149, 2542, 1852, 2467, 1697, 1330, 4041, 4938, 2225, 2053, 2026, 3391, 1552, 1144, 9785, 2693, 3317, 2105, 1952, 1090, 3136, 2631, 2665, 4443, 1610, 3993, 3853, 2471, 5447, 1942, 1767, 3517, 1154, 2996, 3646, 2702, 493, 3485, 2909, 2979, 1578, 1752, 749, 3164, 2543, 1410, 3149, 2351, 4839, 4577, 1651, 3137, 2276, 7670, 2075, 2944, 2975, 1815, 10859, 3216, 2381, 7384, 2274, 2027, 1524, 2338, 1462, 1514, 2568, 3228, 1430, 5806, 2563, 3448, 3664, 2500, 3344)
(8, 35): Mean: 2841.928, median: 2424.5, std: 1792.52, percent: 2633.86, B: 130, W: 120, 
	(3628, 1486, 1888, 11934, 3045, 2366, 1429, 2166, 1235, 3076, 2087, 2349, 1652, 2783, 4322, 1378, 4673, 5353, 2422, 4128, 2253, 1166, 2818, 1361, 2427, 2142, 1366, 3443, 2314, 2353, 4564, 2989, 4555, 1313, 1206, 2326, 1863, 2804, 2531, 2307, 1525, 3429, 1789, 2933, 1658, 3447, 1705, 1202, 8957, 2601, 1232, 2506, 1687, 533, 2134, 7950, 957, 1077, 5248, 3347, 2651, 4204, 3588, 2464, 3721, 6310, 2372, 1170, 716, 2904, 1824, 3734, 3332, 2006, 1939, 2914, 1608, 1654, 2249, 1619, 1742, 1206, 3685, 1503, 2033, 1978, 1535, 797, 1942, 2178, 1785, 1025, 3339, 2598, 6950, 3542, 1351, 1314, 2434, 1083, 3027, 4885, 1817, 3869, 2862, 2236, 1133, 525, 2164, 3656, 3373, 1563, 2465, 1904, 1236, 1912, 2707, 2164, 1353, 2955, 5630, 2732, 3006, 779, 2754, 2096, 2865, 2064, 1364, 2989, 1697, 2894, 2152, 6939, 2398, 2171, 5796, 2974, 3143, 2464, 2827, 8119, 3247, 1895, 2776, 3107, 4472, 2464, 3869, 3654, 1807, 4354, 2067, 2606, 1797, 1099, 4982, 3706, 11288, 2765, 4488, 2877, 2033, 2317, 1213, 3958, 3216, 2663, 2289, 3670, 772, 3015, 909, 1067, 2530, 1757, 2644, 1785, 1150, 4770, 5257, 2393, 1983, 2224, 3268, 1361, 1331, 11021, 2310, 3594, 2053, 2168, 1173, 3573, 2796, 2294, 4589, 1643, 3405, 3337, 2270, 6977, 1834, 1742, 3836, 1322, 2614, 3710, 2682, 592, 3684, 3116, 2687, 1614, 1853, 862, 4247, 2400, 1509, 4016, 2293, 4951, 4378, 1779, 3580, 2390, 7621, 1988, 3712, 2690, 1900, 11645, 3126, 2093, 7536, 2518, 2051, 1520, 1983, 1391, 1413, 2440, 3669, 1702, 5549, 2694, 4510, 3181, 2600, 3085)
(9, 37): Mean: 2666.056, median: 2307.5, std: 1587.091, percent: 2586.36, B: 178, W: 72, 
	(3058, 1414, 1931, 11164, 3055, 2384, 1407, 2175, 1530, 2761, 1601, 2332, 1284, 3017, 4385, 1286, 4159, 4895, 2255, 4012, 1860, 1049, 2467, 1356, 2265, 2194, 1428, 3259, 2273, 2074, 4352, 3034, 4357, 1296, 1224, 2435, 1982, 2150, 2618, 2688, 1350, 3068, 1889, 2661, 1766, 3474, 1616, 1221, 8262, 2290, 1193, 2248, 1514, 557, 1865, 6288, 847, 864, 4131, 3450, 2554, 4779, 3415, 2562, 3755, 5997, 2627, 1175, 816, 2671, 1572, 5203, 2566, 1942, 2409, 2557, 1465, 1213, 2210, 1532, 1666, 1062, 4260, 1419, 1866, 1898, 1498, 850, 1568, 1886, 1584, 1014, 2915, 2187, 4692, 3909, 1316, 1226, 2147, 1055, 2493, 4557, 1506, 3780, 2823, 2018, 955, 650, 2088, 3871, 3268, 1501, 2800, 1494, 1347, 2150, 2108, 2077, 1271, 2648, 4966, 2238, 2586, 1075, 3074, 1803, 2592, 2040, 1301, 2466, 1552, 3202, 1909, 6839, 2248, 1601, 5116, 2487, 2916, 2404, 2811, 7073, 2990, 1788, 2385, 2709, 4234, 2416, 3659, 3131, 1790, 3877, 2155, 2255, 1746, 880, 5142, 3383, 9863, 2974, 3830, 2411, 2000, 2140, 1117, 3149, 2606, 2258, 2556, 3556, 807, 3110, 843, 918, 2427, 1602, 2378, 1736, 1351, 5744, 4320, 1704, 2198, 2389, 3308, 1312, 1209, 10255, 2167, 3272, 2309, 1912, 1013, 3332, 2870, 2688, 3888, 1558, 3702, 3219, 2173, 5496, 1712, 1756, 2556, 1083, 3099, 3399, 2517, 446, 3020, 3704, 2541, 1636, 1718, 879, 3175, 2257, 1444, 3756, 2183, 4528, 4773, 1734, 3478, 2250, 6755, 1893, 2758, 2640, 1743, 8162, 3202, 2306, 6574, 1927, 1990, 1604, 2345, 1548, 1468, 2437, 3642, 1454, 5763, 2531, 4724, 3356, 2728, 3348)
(10, 39): Mean: 2521.388, median: 2195.0, std: 1524.616, percent: 2404.62, B: 174, W: 76, 
	(3374, 1576, 1925, 11871, 3039, 2151, 1368, 1853, 1309, 2559, 1966, 2201, 1346, 2143, 4618, 1251, 4173, 4677, 2256, 3660, 2040, 1109, 2405, 1296, 2157, 2066, 1187, 2431, 2205, 1938, 3311, 2716, 3512, 1490, 1175, 2611, 1789, 2120, 2856, 2419, 1321, 2634, 1741, 2656, 1591, 3133, 1579, 1043, 6433, 1974, 1195, 2173, 1505, 510, 2095, 5904, 712, 845, 4050, 3516, 2617, 4295, 3343, 2169, 3138, 5792, 2518, 1025, 672, 2908, 1356, 4322, 2806, 2023, 2170, 2267, 1521, 1169, 1743, 1315, 1789, 984, 3546, 1363, 1679, 1779, 1268, 845, 1618, 1719, 1572, 1203, 2637, 2432, 4737, 3277, 1352, 1295, 2193, 983, 2442, 3996, 1583, 3129, 2615, 2077, 929, 479, 2151, 3001, 3344, 1326, 2420, 1323, 1419, 1573, 2318, 2131, 1352, 2621, 4749, 2159, 2544, 867, 3144, 1931, 2730, 1764, 1304, 2754, 1348, 3168, 1716, 6548, 2301, 1652, 4542, 2161, 2683, 2197, 3118, 6321, 2866, 1592, 2683, 2660, 4041, 2689, 3138, 3171, 1636, 3600, 2361, 2502, 1622, 932, 4491, 2954, 8671, 2797, 4035, 2593, 1723, 1919, 1078, 2716, 3118, 1997, 2087, 3470, 649, 2873, 919, 939, 2276, 1774, 2161, 1485, 1364, 3972, 4321, 1576, 2013, 1954, 3239, 1197, 1064, 9959, 2229, 3283, 2191, 1962, 984, 2747, 2572, 2202, 3855, 1634, 3464, 3172, 2201, 6198, 1786, 1660, 2512, 1015, 2883, 3494, 2252, 364, 2912, 2694, 2312, 1436, 1794, 710, 3101, 2495, 1337, 3751, 2036, 4699, 3668, 1524, 2943, 2020, 5511, 1739, 2930, 2474, 1575, 9727, 3494, 1791, 7209, 2033, 1837, 1429, 1997, 1442, 1327, 2277, 2617, 1341, 5327, 2809, 3615, 3044, 2484, 3220)
(11, 43): Mean: 2532.584, median: 2199.5, std: 1572.227, percent: 2388.56, B: 128, W: 122, 
	(3053, 1449, 1890, 11000, 2749, 2209, 1248, 2101, 1370, 2571, 1914, 2247, 1485, 2460, 4041, 1339, 4217, 4256, 2020, 3007, 1820, 1296, 2557, 1345, 1937, 2131, 1318, 2699, 1965, 1815, 3928, 2759, 4239, 1434, 981, 2323, 1719, 2065, 2662, 2275, 1343, 2760, 1688, 2648, 1308, 2976, 1547, 1289, 7590, 2319, 1000, 2028, 1496, 520, 1877, 7504, 767, 1007, 4661, 3927, 2729, 4130, 2823, 2414, 2701, 7560, 2013, 979, 741, 3300, 1406, 4345, 3061, 2089, 1976, 2255, 1431, 1162, 2421, 1388, 1637, 1018, 2922, 1260, 1579, 1631, 1232, 835, 1749, 1674, 1460, 947, 2728, 2304, 4590, 2723, 1331, 1155, 2113, 897, 2499, 3857, 1354, 3251, 2667, 2006, 932, 457, 1993, 3453, 3799, 1387, 2459, 1319, 1238, 2088, 2038, 1962, 1253, 2957, 5683, 2000, 2871, 748, 3194, 1845, 2809, 2079, 1215, 2364, 1292, 3250, 1924, 5931, 2341, 1642, 4861, 2205, 2818, 2588, 2638, 5548, 3028, 1661, 2280, 2588, 4062, 2078, 3246, 3282, 1693, 2993, 1792, 2196, 1546, 1045, 4177, 3412, 9507, 2576, 4153, 2501, 1799, 2361, 1022, 2947, 3336, 1991, 2270, 3685, 675, 2729, 1007, 849, 2349, 1624, 2422, 1472, 1192, 3492, 4060, 1916, 1836, 2025, 3300, 1257, 1092, 10001, 2156, 2969, 2432, 1782, 907, 3164, 2887, 2086, 4046, 1487, 3701, 3486, 1995, 5890, 1661, 1771, 2583, 1023, 2942, 3351, 2444, 393, 2826, 2779, 2223, 1409, 1612, 669, 3202, 2466, 1424, 3230, 2193, 4014, 4002, 1492, 3797, 1935, 6661, 1637, 3124, 2930, 1580, 9773, 2971, 1784, 6335, 1931, 1966, 1507, 2538, 1618, 1352, 2203, 3343, 1291, 5977, 2721, 3676, 2850, 2054, 2697)
(12, 46): Mean: 2506.248, median: 2182.0, std: 1554.039, percent: 2339.88, B: 134, W: 116, 
	(3219, 1448, 1714, 13454, 2996, 2021, 1324, 2206, 1255, 2476, 1804, 2053, 1455, 2375, 4338, 1300, 4502, 4377, 2354, 3376, 1715, 1003, 2476, 1290, 2261, 2032, 1272, 2774, 1805, 1966, 4107, 2974, 3830, 1359, 1105, 2302, 1811, 2236, 2673, 2384, 1315, 2972, 1804, 2703, 1289, 3359, 1513, 1195, 6812, 2093, 1095, 2387, 1502, 380, 1905, 6307, 686, 1021, 3794, 3027, 2298, 3566, 3565, 2185, 3015, 6280, 2018, 1085, 604, 2815, 1224, 4075, 2645, 1972, 1949, 2151, 1507, 1213, 2133, 1399, 1516, 1008, 3154, 1269, 1578, 2066, 1160, 787, 1677, 1705, 1663, 863, 2580, 2200, 4653, 3174, 1254, 1265, 2147, 1041, 2850, 4015, 1535, 3306, 2774, 2138, 1014, 515, 2112, 3804, 3987, 1315, 2503, 1302, 1106, 2135, 2181, 2126, 1358, 2452, 4492, 1983, 2257, 962, 2703, 1723, 2229, 1911, 1221, 2584, 1566, 2990, 1838, 5894, 2655, 1608, 4187, 1953, 2637, 2845, 2578, 5922, 2917, 1734, 2935, 2386, 5040, 2289, 3388, 3400, 1640, 3643, 2018, 2303, 1424, 966, 3876, 3505, 8721, 2511, 4236, 2556, 1549, 2021, 1136, 3202, 2756, 2034, 2478, 3190, 643, 3072, 875, 812, 2147, 1507, 2312, 1718, 1267, 3262, 4250, 1679, 1883, 1932, 3223, 1421, 1088, 9507, 2189, 3261, 2298, 1973, 858, 3023, 2452, 2472, 4723, 1518, 3128, 2823, 1764, 5931, 1576, 1597, 2941, 974, 2603, 3214, 2710, 421, 2830, 2926, 2035, 1308, 1603, 626, 2922, 2051, 1698, 3359, 2141, 4176, 4652, 1450, 3528, 1884, 6163, 1868, 2521, 3121, 1399, 9241, 3234, 2052, 6237, 1912, 1664, 1270, 2183, 1346, 1204, 2335, 3173, 1415, 4966, 2682, 3644, 3205, 2239, 3092)
(13, 48): Mean: 2430.628, median: 2113.5, std: 1583.592, percent: 2246.26, B: 160, W: 90, 
	(2955, 1361, 1767, 12164, 3594, 2355, 1403, 1879, 1169, 2088, 1583, 2177, 1424, 2087, 3875, 1457, 4082, 4538, 2521, 3316, 1492, 933, 2180, 1154, 1950, 2126, 1094, 2637, 2016, 1874, 4241, 2643, 3588, 1374, 1075, 2451, 1790, 1967, 2957, 2197, 1223, 3140, 1604, 2648, 1359, 2732, 1382, 1193, 6615, 2095, 889, 2112, 1433, 383, 1883, 6742, 717, 752, 4230, 3065, 2248, 4241, 2800, 2169, 3142, 5742, 2322, 1010, 713, 2509, 1276, 4728, 2664, 1774, 1934, 2343, 1735, 1122, 2223, 1304, 1395, 945, 3140, 1431, 1722, 1644, 1212, 748, 1528, 1615, 1576, 943, 2742, 1941, 5725, 3068, 1286, 1201, 1970, 868, 2413, 4502, 1382, 3031, 2737, 1959, 892, 432, 2098, 3158, 3073, 1351, 2391, 1144, 1085, 1729, 2231, 2247, 1097, 2314, 4937, 1855, 2274, 696, 2410, 1721, 2190, 1668, 1261, 2115, 1389, 2647, 1533, 7560, 2658, 1655, 4307, 1943, 2450, 2462, 2225, 5449, 2378, 1652, 2660, 2595, 4071, 1839, 3701, 2968, 1528, 3203, 2122, 2261, 1442, 884, 3938, 3046, 9914, 2245, 4171, 2484, 1593, 2045, 1097, 2853, 2359, 2091, 1847, 2793, 730, 2915, 827, 948, 2292, 1533, 1916, 1539, 1335, 4188, 3803, 1796, 1917, 2149, 2990, 1107, 1003, 8474, 1882, 2623, 2176, 1843, 970, 2991, 2243, 2193, 4110, 1489, 3040, 3516, 1712, 5368, 1508, 1571, 2781, 1069, 2937, 3715, 1905, 383, 2642, 3021, 2067, 1384, 1441, 518, 3235, 2247, 1445, 2998, 1913, 3374, 3929, 1474, 2958, 1754, 6850, 1709, 2619, 2706, 1437, 11478, 4029, 1849, 5081, 1834, 1704, 1531, 2285, 1369, 1138, 2156, 2948, 1300, 4866, 2699, 2976, 2823, 2483, 3019)
(14, 52): Mean: 2396.812, median: 2050.5, std: 1479.294, percent: 2352.72, B: 133, W: 117, 
	(3622, 1276, 2036, 11856, 3666, 2273, 1313, 1974, 1384, 2430, 1591, 2049, 1246, 2266, 3636, 1291, 4140, 4227, 2281, 2966, 1515, 980, 2446, 1214, 2103, 1961, 1100, 2728, 1954, 2027, 3803, 2517, 3637, 1355, 981, 2315, 1634, 2094, 2911, 2116, 1192, 2864, 1528, 2641, 1320, 2765, 1542, 1117, 7475, 1997, 957, 1920, 1661, 407, 1815, 5442, 663, 817, 4232, 3591, 2382, 4087, 2603, 2317, 2514, 4817, 1957, 1125, 674, 2782, 1304, 3826, 2570, 1910, 1841, 2144, 1284, 1245, 2122, 1354, 1594, 983, 2876, 1348, 1566, 1756, 1295, 769, 1495, 1517, 1521, 1028, 2745, 2013, 5102, 3364, 1334, 1246, 1849, 884, 2261, 4256, 1459, 2969, 2697, 1848, 895, 601, 1814, 3390, 3076, 1273, 2091, 1183, 1258, 1649, 1991, 2553, 1332, 2705, 3862, 1957, 2248, 605, 2401, 1771, 2552, 1685, 1275, 2416, 1282, 2906, 1820, 6183, 2356, 1671, 3882, 2264, 2863, 2344, 2591, 6180, 2705, 1410, 2572, 2312, 4136, 1978, 3662, 2738, 1650, 3437, 2130, 2236, 1434, 770, 4047, 2886, 9095, 2200, 3904, 2238, 1604, 2034, 1020, 3169, 2656, 2014, 2230, 3228, 723, 2382, 811, 916, 2336, 1607, 2006, 1515, 1081, 4105, 3682, 1861, 1625, 1938, 2970, 1151, 1123, 8538, 2261, 3183, 2001, 1623, 939, 2986, 2350, 2070, 4824, 1457, 2771, 3027, 1825, 5478, 1612, 1728, 2308, 988, 2610, 3442, 1895, 438, 2635, 3018, 2324, 1491, 1457, 662, 3386, 2266, 1363, 3422, 1723, 3921, 3774, 1400, 3010, 1581, 5707, 1445, 3179, 2548, 1684, 9509, 2982, 1816, 5535, 1919, 1687, 1375, 1986, 1328, 1305, 1864, 3070, 1155, 5083, 2642, 3680, 3144, 2052, 2976)
(15, 57): Mean: 2408.704, median: 2055.0, std: 1549.525, percent: 2280.42, B: 130, W: 120, 
	(3134, 1326, 1634, 13297, 3588, 1990, 1236, 2048, 1359, 2227, 1717, 1950, 1206, 2370, 3830, 1437, 3553, 4625, 1944, 3108, 1662, 1094, 2376, 1220, 1915, 1977, 1273, 2374, 1867, 2140, 4056, 2649, 4217, 1351, 952, 2186, 1752, 2047, 3102, 2232, 1113, 2455, 1592, 2799, 1278, 3004, 1433, 1042, 7367, 2101, 926, 1956, 1313, 416, 1880, 6987, 679, 955, 4033, 3294, 2143, 3507, 3077, 2168, 3417, 5928, 1968, 1102, 643, 2602, 1393, 4125, 2561, 1996, 1867, 2211, 1401, 1189, 1960, 1282, 1537, 989, 3104, 1390, 1650, 1585, 1205, 708, 1473, 1649, 1634, 867, 2620, 2215, 6400, 2770, 1366, 1144, 2098, 855, 2214, 3560, 1425, 2775, 2532, 1820, 804, 417, 1941, 3253, 2660, 1300, 2471, 1211, 1145, 1949, 2062, 1960, 1197, 2633, 4023, 2024, 2158, 841, 2669, 1581, 2391, 1600, 1255, 2493, 1490, 3173, 1719, 6868, 2400, 1555, 4516, 1969, 2740, 2392, 2911, 5745, 2326, 1532, 2352, 2397, 3605, 1923, 3321, 2820, 1625, 3122, 1829, 2297, 1416, 940, 4304, 2816, 8509, 2240, 4061, 2194, 1560, 2555, 1130, 2666, 2800, 2042, 1932, 3131, 713, 2690, 853, 864, 2611, 1799, 2106, 1521, 1163, 3729, 3998, 1763, 1716, 1831, 2568, 1216, 917, 8279, 2166, 3346, 2088, 1658, 937, 2650, 2277, 2192, 4617, 1318, 2889, 2998, 1815, 5207, 1513, 1807, 2439, 1130, 2942, 3852, 2290, 345, 2748, 2701, 2037, 1371, 1684, 613, 3465, 2195, 1514, 3387, 1772, 3719, 4229, 1530, 2998, 1709, 6791, 1704, 2774, 2660, 1632, 9243, 2644, 1990, 5547, 1694, 1646, 1352, 2048, 1122, 1235, 2108, 2821, 1153, 5708, 2576, 3576, 2739, 2110, 3088)
(16, 61): Mean: 2404.98, median: 2071.0, std: 1578.93, percent: 2230.84, B: 131, W: 118, 
	(3390, 1336, 2032, 13992, 3404, 2266, 1260, 1898, 1208, 2472, 1731, 2014, 1189, 2275, 3198, 1144, 3364, 4364, 2321, 2869, 1832, 984, 2187, 1367, 1990, 1874, 1082, 2409, 1819, 1987, 3360, 2327, 4316, 1323, 1030, 2371, 1523, 2393, 2581, 2285, 1124, 2699, 1578, 2475, 1061, 3133, 1433, 1169, 7906, 2008, 979, 2026, 1439, 383, 1753, 6256, 622, 814, 3064, 2709, 2565, 4664, 3042, 2083, 3549, 4713, 2070, 1094, 673, 2824, 1330, 3421, 2767, 1937, 1700, 2029, 1383, 1040, 1768, 1309, 1285, 1025, 3256, 1322, 1652, 1655, 1180, 693, 1487, 1513, 1707, 978, 2743, 2167, 5149, 2989, 1246, 1256, 2168, 794, 2824, 3841, 1314, 2792, 2398, 2037, 740, 402, 1817, 2960, 3165, 1295, 2289, 1257, 1096, 1863, 2160, 2158, 1103, 2399, 4288, 1741, 2695, 634, 2765, 2000, 2763, 1996, 1272, 2725, 1461, 3039, 1699, 5787, 2175, 1879, 4289, 1792, 2754, 2288, 2708, 6018, 3019, 1709, 2542, 2274, 4302, 2156, 3043, 2876, 1792, 2976, 2199, 2314, 1601, 868, 3835, 2707, 10882, 2254, 3837, 2123, 1953, 1960, 1057, 2788, 2532, 2277, 1948, 3446, 674, 3023, 851, 901, 2211, 1448, 1919, 1462, 1132, 3764, 3896, 1884, 1791, 1773, 2512, 1229, 1053, 9047, 2374, 3090, 1911, 2072, 894, 2616, 2524, 2086, 4553, 1497, 2656, 3079, 1708, 5847, 1520, 1703, 2270, 1084, 3049, 3721, 1881, 445, 2551, 2733, 2501, 1426, 1608, 663, 2891, 2142, 1371, 3689, 1918, 3612, 3189, 1518, 3042, 1731, 5945, 1583, 2762, 2594, 1661, 8940, 3349, 2029, 5518, 1765, 1706, 1587, 1964, 1373, 1352, 2035, 3379, 1242, 5444, 2374, 3957, 2609, 2034, 2736)
(18, 73): Mean: 2393.876, median: 2083.5, std: 1542.957, percent: 2262.12, B: 134, W: 114, 
	(3727, 1344, 1665, 12063, 3147, 2072, 1346, 2084, 1271, 2336, 1673, 2192, 1163, 2170, 3954, 1268, 3518, 4719, 2415, 2615, 1696, 961, 2130, 1112, 2046, 1836, 1289, 2532, 1674, 2018, 3982, 3176, 3473, 1315, 977, 2254, 1675, 2067, 2717, 2102, 1270, 2658, 1724, 2538, 1304, 3036, 1405, 1062, 6069, 1938, 1012, 1997, 1443, 392, 1752, 6531, 886, 787, 3948, 2659, 2182, 3673, 3119, 2247, 2535, 5669, 2089, 1049, 655, 2914, 1330, 3922, 2722, 1786, 1660, 1940, 1562, 1247, 1879, 1458, 1378, 937, 3100, 1350, 1641, 1500, 1426, 831, 1506, 1627, 1617, 955, 2936, 2115, 5745, 2911, 1208, 1209, 1965, 861, 2340, 3854, 1418, 3073, 2539, 1731, 872, 569, 1701, 3057, 3182, 1279, 2187, 1135, 1149, 1608, 1950, 1974, 1059, 2590, 4197, 1964, 2165, 708, 2722, 1775, 2319, 1922, 1312, 2547, 1320, 2791, 1595, 5934, 2231, 1580, 4422, 2107, 2655, 2144, 2395, 5376, 2263, 1596, 2148, 2397, 4648, 2083, 3748, 2647, 1638, 3373, 2011, 2397, 1570, 871, 4019, 2957, 10092, 2449, 3772, 2172, 1670, 2151, 1094, 2624, 2273, 2173, 1858, 3914, 691, 2592, 808, 798, 2105, 1513, 1807, 1548, 1167, 4200, 4452, 1466, 1746, 1923, 2756, 1100, 985, 9650, 1983, 3056, 2055, 1838, 899, 2811, 2244, 2437, 3464, 1445, 3252, 3064, 2048, 5776, 1539, 1411, 2272, 1082, 2692, 3634, 2357, 389, 2934, 2936, 2182, 1260, 1624, 663, 3003, 2049, 1334, 3212, 1887, 3720, 4326, 1488, 3035, 1777, 7248, 1837, 2524, 2474, 1428, 9442, 3268, 1966, 5435, 2117, 1638, 1464, 2331, 1420, 1190, 2322, 2931, 1251, 5495, 2152, 4176, 2450, 2104, 2624)
(20, 80): Mean: 2339.848, median: 2066.5, std: 1405.635, percent: 2298.3, B: 148, W: 102, 
	(3423, 1291, 1842, 11376, 3182, 2203, 1270, 1925, 1332, 2231, 1701, 2036, 1289, 2491, 3938, 1213, 3695, 4300, 1982, 2900, 1832, 953, 2132, 1287, 2249, 1869, 1020, 2510, 1908, 2086, 3131, 2589, 3669, 1256, 1095, 2257, 1635, 2040, 2664, 2290, 1052, 2388, 1492, 2410, 1198, 2611, 1420, 1158, 6222, 1863, 891, 1986, 1299, 374, 1656, 6556, 788, 815, 4050, 3008, 2187, 3198, 2848, 2056, 2893, 6126, 2098, 1112, 623, 2819, 1261, 3441, 2651, 1942, 1757, 2136, 1195, 1235, 1856, 1224, 1572, 953, 3518, 1292, 1609, 1696, 1245, 753, 1508, 1433, 1554, 954, 2773, 1987, 5181, 3280, 1363, 1135, 1884, 817, 2327, 4124, 1329, 2701, 2482, 2037, 830, 497, 1834, 3185, 3035, 1171, 2170, 1113, 1168, 1937, 2111, 1892, 1191, 2384, 4305, 2121, 2457, 828, 2091, 1677, 2394, 1699, 1190, 2706, 1524, 2500, 1847, 4932, 2389, 1597, 4116, 2259, 2218, 2701, 2744, 5260, 2748, 1481, 1976, 2517, 3804, 2042, 3114, 2841, 1507, 3519, 2118, 2274, 1471, 692, 3638, 3413, 7766, 2400, 4257, 2072, 1773, 1729, 945, 2920, 2206, 1915, 1995, 2930, 647, 2435, 789, 786, 2232, 1414, 2030, 1507, 1026, 3872, 4036, 1654, 1733, 1889, 3367, 1282, 976, 8304, 2303, 2830, 1881, 2051, 800, 2744, 2360, 2248, 3885, 1386, 3176, 2643, 1856, 5901, 1488, 1414, 2511, 1011, 2852, 3697, 2167, 347, 2633, 2458, 2061, 1554, 1531, 652, 3022, 2340, 1141, 3446, 1610, 3739, 3839, 1476, 3526, 2097, 6261, 1751, 3413, 2392, 1420, 8212, 2954, 1752, 5171, 2053, 1689, 1631, 2085, 1285, 1202, 2152, 2738, 1226, 5322, 2497, 3611, 2592, 2412, 2856)
(22, 87): Mean: 2348.22, median: 1956.0, std: 1492.395, percent: 2257.08, B: 137, W: 112, 
	(2931, 1258, 1883, 10875, 3029, 1889, 1210, 1722, 1151, 2237, 1705, 2134, 1228, 2202, 3837, 1274, 3220, 4806, 2186, 2928, 1748, 883, 2180, 1235, 2011, 1666, 1120, 2382, 1769, 1952, 3711, 2625, 3623, 1246, 995, 2419, 1613, 2097, 2363, 2207, 1136, 2274, 1389, 2418, 1178, 2846, 1637, 1167, 7246, 2057, 928, 1848, 1563, 340, 1882, 6464, 744, 960, 4218, 2995, 2186, 3959, 3279, 2077, 2809, 5297, 2298, 1046, 656, 3065, 1153, 3541, 2896, 1911, 1884, 1835, 1277, 1105, 1874, 1440, 1600, 1053, 3444, 1260, 1415, 1618, 1211, 643, 1459, 1435, 1448, 1277, 3097, 2170, 4550, 2556, 1296, 1029, 1958, 1014, 2149, 3639, 1253, 2580, 2370, 1734, 794, 496, 1810, 3357, 2605, 1320, 2275, 1150, 1263, 1710, 1930, 1914, 1149, 2544, 4852, 1852, 2335, 655, 2207, 1766, 2596, 1793, 1279, 2379, 1416, 2499, 1808, 6593, 1982, 1588, 4515, 1954, 2470, 2458, 2258, 6391, 2356, 1461, 2310, 2246, 5310, 1850, 3733, 3457, 1516, 3051, 1910, 2138, 1315, 779, 3577, 2835, 7179, 1906, 4400, 2140, 1763, 1802, 1037, 3183, 2500, 2037, 1914, 3019, 732, 2758, 743, 825, 1894, 1636, 1837, 1521, 1144, 3512, 3110, 1713, 1755, 1740, 3007, 1143, 914, 10397, 2260, 3026, 2220, 1718, 982, 2629, 2317, 2140, 4264, 1358, 2949, 2764, 1846, 7635, 1623, 1535, 2676, 1016, 3430, 3600, 2196, 344, 2474, 2469, 1884, 1258, 1597, 608, 2937, 2307, 1287, 3230, 1827, 3521, 3287, 1320, 2917, 1765, 5458, 1607, 2933, 2323, 1317, 8120, 3493, 1875, 5987, 1786, 1804, 1484, 2060, 1342, 1202, 2184, 3398, 1300, 5970, 2375, 3497, 2780, 1982, 2808)
(24, 94): Mean: 2263.76, median: 1953.0, std: 1384.812, percent: 2144.84, B: 160, W: 89, 
	(3081, 1329, 1551, 8836, 2714, 2082, 1139, 1771, 1138, 2453, 1530, 2034, 1152, 1985, 4122, 1295, 4514, 4199, 2094, 2754, 1399, 1098, 2038, 1070, 1983, 1918, 1152, 2324, 1934, 1731, 3546, 2611, 3147, 1198, 1007, 2244, 1578, 2137, 2160, 1961, 1085, 2149, 1447, 2264, 1439, 2524, 1528, 1016, 6568, 1739, 936, 1864, 1248, 387, 1775, 6059, 738, 849, 3841, 3394, 2623, 3666, 2671, 2358, 2810, 5818, 1945, 983, 619, 2675, 1098, 3579, 2780, 1820, 1731, 2172, 1386, 1065, 2302, 1472, 1374, 926, 2767, 1204, 1452, 1833, 1234, 671, 1459, 1373, 1471, 1007, 2839, 1858, 5340, 3208, 1116, 1141, 1926, 805, 2289, 3759, 1215, 2590, 2221, 1675, 813, 354, 1841, 3336, 2675, 1211, 2014, 1107, 1060, 1562, 1757, 1633, 1076, 2523, 4735, 2086, 2323, 748, 2395, 1610, 2594, 1674, 1224, 2196, 1277, 2455, 1593, 5675, 2184, 1436, 3661, 2092, 2354, 2062, 2390, 6182, 2880, 1552, 2267, 2030, 3946, 2050, 2707, 2781, 1489, 3720, 1986, 1972, 1335, 849, 4028, 2637, 8444, 2031, 3647, 2010, 1633, 1826, 994, 2908, 2511, 1775, 1712, 3193, 635, 2675, 845, 778, 1798, 1444, 1754, 1482, 1066, 4092, 3727, 1630, 1986, 1739, 2687, 963, 854, 7744, 1854, 3131, 2006, 1870, 973, 2497, 2360, 2332, 4164, 1390, 2486, 2389, 1929, 5776, 1439, 1450, 2467, 910, 2850, 2905, 1880, 362, 2552, 2382, 1787, 1208, 1643, 506, 2933, 2088, 1216, 2993, 1970, 3553, 3345, 1331, 3138, 1872, 6141, 1701, 2679, 2657, 1351, 9088, 3441, 1697, 5825, 1808, 1802, 1478, 1924, 1295, 1132, 1930, 2949, 1232, 4832, 2444, 3286, 2774, 1816, 2816)
(26, 106): Mean: 2256.556, median: 1919.0, std: 1450.175, percent: 2152.5, B: 128, W: 122, 
	(3052, 1359, 1698, 13057, 2433, 1915, 1254, 1877, 1036, 2621, 1531, 1908, 1110, 2032, 3708, 1221, 4042, 3789, 2386, 2973, 1585, 945, 2243, 1190, 1886, 1742, 1096, 2204, 1945, 1796, 3454, 2437, 3815, 1243, 1019, 2147, 1697, 1851, 2273, 2250, 1093, 2190, 1500, 2414, 1431, 2755, 1378, 1011, 6566, 1753, 931, 1637, 1384, 383, 1770, 6785, 722, 740, 3744, 2761, 2214, 3314, 2855, 2313, 2741, 4506, 1814, 977, 628, 2409, 1187, 4186, 2916, 1704, 1825, 2443, 1324, 1068, 2013, 1147, 1546, 1025, 2806, 1297, 1462, 1544, 1083, 686, 1276, 1421, 1417, 952, 2776, 2085, 4831, 2950, 1235, 1164, 1729, 890, 2195, 3564, 1207, 2606, 2109, 1738, 728, 397, 1840, 3355, 2924, 1083, 2171, 1204, 1152, 1521, 1735, 1629, 1019, 2510, 4179, 1915, 2127, 708, 2445, 1706, 2360, 1603, 1113, 2340, 1521, 2573, 1600, 6305, 2270, 1440, 3752, 1923, 2484, 1909, 2256, 5157, 2142, 1765, 2421, 2073, 3508, 1778, 3328, 2617, 1532, 3588, 2010, 1990, 1334, 929, 4083, 2690, 7252, 2109, 4161, 2174, 1413, 1488, 954, 3142, 2522, 1905, 2085, 3136, 677, 2743, 830, 829, 1811, 1396, 2043, 1429, 1053, 3912, 3277, 1671, 1802, 1794, 2597, 1037, 991, 8121, 2246, 3329, 2146, 1685, 890, 2751, 2354, 2177, 3933, 1587, 2674, 2586, 1574, 5802, 1498, 1626, 2938, 1027, 2536, 3213, 1956, 401, 2799, 2575, 1937, 1484, 1397, 547, 2898, 2022, 1160, 3342, 1792, 3873, 3200, 1273, 2832, 1651, 4684, 1694, 2533, 2591, 1315, 9530, 2770, 1525, 5321, 1716, 1571, 1222, 1972, 1286, 1099, 1849, 3302, 1134, 4659, 2406, 3111, 3145, 1991, 2960)
(29, 123): Mean: 2272.476, median: 1955.0, std: 1515.328, percent: 2145.72, B: 127, W: 123, 
	(3158, 1176, 1682, 11631, 3129, 2006, 1183, 1844, 1049, 2318, 1654, 1930, 1345, 2018, 2920, 1286, 3514, 3568, 1967, 3139, 1495, 944, 2141, 1161, 1862, 1982, 1059, 2146, 1765, 1959, 3555, 2386, 4027, 1397, 965, 2055, 1542, 1941, 2233, 2159, 1180, 2329, 1557, 2372, 1268, 2857, 1500, 1090, 7919, 1809, 862, 1749, 1381, 407, 1744, 5076, 817, 888, 3637, 2936, 2427, 3828, 2814, 2093, 3044, 5119, 2171, 943, 576, 2181, 1089, 3672, 2804, 1737, 1661, 2286, 1308, 977, 1975, 1227, 1522, 1023, 2836, 1347, 1478, 1570, 1160, 780, 1698, 1427, 1439, 832, 2378, 1888, 4399, 2655, 1100, 1088, 1980, 903, 2354, 4692, 1287, 2762, 2402, 2122, 769, 530, 1827, 3319, 2810, 1354, 2014, 996, 1131, 1881, 1772, 1740, 1056, 2312, 4963, 1913, 2119, 739, 2284, 1670, 2443, 2611, 1199, 2127, 1294, 2510, 1620, 5682, 2215, 1443, 3724, 1895, 2546, 2338, 2599, 5951, 2197, 1396, 2107, 2169, 4371, 1830, 2803, 2685, 1623, 3341, 1778, 2144, 1335, 791, 4385, 2575, 11498, 2005, 3406, 2149, 1558, 1632, 924, 2846, 2166, 1951, 1764, 3147, 643, 2394, 847, 803, 1916, 1421, 1689, 1471, 1079, 3969, 3174, 1308, 1941, 1696, 2690, 1047, 945, 7868, 1871, 3301, 2254, 1754, 912, 2452, 2236, 2004, 4170, 1418, 3212, 3094, 1665, 5728, 1508, 1512, 2505, 987, 2375, 3318, 2009, 291, 2667, 2490, 1940, 1239, 1431, 693, 3113, 2087, 1110, 3100, 1740, 3785, 2838, 1334, 2825, 1733, 6150, 1903, 2688, 2308, 1312, 9468, 2912, 1501, 5746, 1551, 1678, 1344, 1930, 1118, 1202, 2001, 2603, 1310, 5470, 2130, 3251, 2410, 2287, 2549)
(31, 135): Mean: 2275.644, median: 1912.0, std: 1497.484, percent: 2143.14, B: 131, W: 119, 
	(3054, 1219, 1640, 11817, 2975, 1878, 1261, 1821, 1058, 2295, 1640, 1729, 1209, 2123, 3526, 1360, 3603, 3806, 2266, 3166, 1417, 1043, 2319, 1143, 2068, 1834, 970, 2409, 1851, 1751, 3782, 2297, 3906, 1162, 1046, 2438, 1607, 2023, 2476, 2060, 1158, 2560, 1494, 2432, 1189, 2528, 1397, 954, 7211, 1682, 893, 1769, 1302, 324, 1675, 5253, 693, 784, 3694, 2807, 2007, 3774, 2616, 2074, 2594, 4867, 1850, 1004, 583, 2599, 1077, 4293, 2700, 1731, 1758, 2261, 1183, 1120, 1894, 1218, 1537, 955, 3229, 1174, 1426, 1543, 1120, 672, 1407, 1439, 1361, 932, 2589, 1953, 5819, 3090, 1135, 1148, 1938, 904, 2009, 3460, 1253, 2960, 2169, 1766, 898, 469, 1670, 2903, 3322, 1091, 2008, 1187, 1121, 1666, 2088, 1728, 1006, 2290, 4372, 1803, 2228, 649, 2298, 1515, 2206, 1678, 1206, 2290, 1312, 2486, 1565, 5805, 1930, 1572, 3972, 1814, 2425, 2548, 2548, 6363, 2230, 1425, 2285, 2177, 4052, 1773, 3184, 2519, 1480, 3182, 1741, 2249, 1306, 885, 4007, 2562, 9076, 1983, 3856, 2045, 1425, 1670, 1016, 2836, 2336, 1938, 1690, 3059, 661, 2924, 796, 795, 1708, 1445, 1935, 1417, 985, 3772, 4087, 1707, 1823, 1972, 2762, 1069, 872, 8365, 1939, 2721, 2152, 1667, 1088, 2707, 2411, 2555, 4386, 1421, 3123, 2618, 1690, 7315, 1579, 1472, 2410, 964, 2561, 2767, 2063, 377, 2451, 2687, 1960, 1165, 1770, 520, 2851, 1881, 1168, 3324, 1874, 3973, 2826, 1333, 2861, 1635, 6506, 1720, 3325, 2546, 1422, 8819, 3112, 1845, 6025, 1799, 1719, 1229, 1961, 1218, 1116, 1796, 3010, 1327, 5092, 2331, 3545, 2524, 1847, 2660)
(32, 139): Mean: 2293.972, median: 1912.5, std: 1494.937, percent: 2150.0, B: 126, W: 123, 
	(3198, 1352, 1574, 11704, 3406, 1892, 1157, 1672, 1057, 2846, 1581, 2124, 1125, 2654, 3838, 1232, 3474, 4046, 2186, 2952, 1411, 924, 2202, 1255, 1892, 1819, 1158, 2266, 1897, 1684, 3196, 2759, 4186, 1329, 1035, 2093, 1534, 1866, 2094, 2125, 1077, 2758, 1530, 2221, 1275, 2783, 1444, 984, 7325, 2140, 840, 2155, 1247, 515, 1724, 6323, 778, 771, 3350, 3166, 2200, 3326, 2832, 1948, 2838, 5172, 2117, 1006, 607, 2459, 1207, 4057, 2801, 1763, 1629, 1913, 1248, 1134, 1878, 1115, 1385, 920, 3048, 1221, 1463, 1780, 1468, 647, 1392, 1435, 1262, 981, 2364, 1912, 5503, 3233, 1124, 1089, 1839, 834, 2332, 3758, 1285, 2922, 2266, 1729, 842, 365, 1781, 3529, 2927, 1290, 2074, 1124, 1116, 1560, 1681, 1757, 1095, 2340, 4430, 2349, 2018, 810, 2277, 2097, 2447, 1644, 1140, 2307, 1244, 2696, 1831, 5734, 2190, 1530, 4709, 1886, 2739, 2219, 2558, 5299, 2756, 1443, 2756, 2130, 3729, 1903, 2831, 2600, 1474, 3430, 1842, 1893, 1374, 800, 3995, 2648, 9248, 2033, 3723, 1941, 1717, 1951, 942, 3160, 2573, 1959, 1873, 3363, 634, 2489, 816, 933, 1983, 1466, 1809, 1515, 1121, 3743, 3975, 1723, 1865, 1698, 2457, 1101, 868, 8175, 1909, 3154, 1844, 1509, 902, 2414, 2344, 1983, 4396, 1401, 2976, 2528, 2168, 7121, 1504, 1475, 2447, 920, 2693, 2962, 2036, 355, 3156, 2613, 1885, 1303, 1490, 610, 2791, 2318, 1008, 3350, 1839, 3891, 3070, 1432, 3147, 1621, 5238, 1537, 2651, 2362, 1323, 9994, 3080, 1651, 4962, 1809, 1591, 1315, 2104, 1074, 1187, 2052, 3010, 1224, 4957, 2377, 2903, 3104, 1759, 2928)
(33, 143): Mean: 2285.452, median: 1946.0, std: 1515.77, percent: 2189.68, B: 129, W: 121, 
	(3019, 1222, 1606, 13818, 3286, 2369, 1144, 2047, 1168, 2602, 1450, 2023, 1062, 2257, 3530, 1161, 3128, 4330, 1882, 2848, 1493, 1008, 2087, 1253, 1995, 1943, 1059, 2124, 1942, 1826, 3508, 2542, 4244, 1232, 1066, 2505, 1538, 1645, 2340, 1812, 1197, 2574, 1489, 2171, 1314, 3142, 1386, 1044, 7356, 1694, 833, 1915, 1341, 424, 1780, 4770, 728, 888, 3543, 3079, 2192, 3678, 2716, 2029, 3494, 5205, 2105, 1021, 640, 2632, 1137, 3830, 3017, 1748, 1531, 2061, 1175, 1135, 1819, 1229, 1405, 909, 2777, 1171, 1423, 1461, 1337, 682, 1502, 1547, 1357, 846, 2428, 2159, 5670, 3062, 1087, 1125, 1903, 849, 2589, 3384, 1173, 2490, 2079, 1676, 775, 441, 1708, 3176, 2814, 1260, 2012, 1078, 1063, 1604, 2177, 1739, 1091, 2875, 4067, 2068, 2044, 694, 2665, 1674, 2584, 1801, 1236, 2124, 1276, 2601, 1654, 4319, 2249, 1715, 4497, 2165, 2709, 2308, 2672, 5397, 2847, 1353, 2670, 2094, 3763, 1871, 3215, 2685, 1503, 3281, 1768, 2026, 1517, 832, 3524, 2982, 9140, 1949, 3296, 2158, 1529, 1765, 992, 3212, 2271, 1892, 1953, 2672, 627, 3124, 814, 837, 1932, 1470, 1839, 1354, 1260, 3960, 3652, 1663, 1941, 1592, 2782, 1061, 1001, 7983, 2176, 3444, 1924, 1696, 798, 2784, 2218, 2290, 3842, 1387, 2759, 3162, 1711, 8683, 1493, 1529, 2456, 928, 2508, 2989, 2088, 397, 3248, 2640, 2150, 1213, 1598, 425, 2883, 2077, 1072, 3435, 1797, 3648, 3313, 1319, 3905, 1667, 5298, 1676, 2962, 2425, 1427, 7651, 2793, 1458, 6140, 1689, 1702, 1238, 1796, 1232, 1076, 1797, 2669, 1245, 4813, 2089, 2877, 2897, 2011, 2499)
(34, 145): Mean: 2232.792, median: 1920.0, std: 1407.892, percent: 2134.56, B: 134, W: 115, 
	(2825, 1164, 1574, 11518, 3132, 2179, 1208, 1784, 921, 2196, 1563, 1903, 1209, 2186, 3944, 1192, 3494, 4668, 2097, 3069, 1734, 1021, 2120, 1065, 1958, 1692, 1130, 2254, 1875, 1662, 3650, 2624, 3738, 1307, 1020, 2458, 1475, 2060, 2197, 2176, 1176, 2531, 1361, 2442, 1492, 2750, 1412, 1152, 7124, 1887, 938, 1885, 1467, 416, 1685, 5118, 707, 834, 3735, 2715, 2095, 4416, 2502, 2133, 2880, 4820, 1925, 1019, 651, 2204, 1167, 4101, 2585, 2165, 1736, 1949, 1428, 1170, 1773, 1243, 1322, 916, 3097, 1126, 1504, 1549, 1210, 718, 1291, 1486, 1569, 878, 2411, 1919, 5491, 2525, 1105, 1141, 1981, 825, 2164, 3674, 1230, 2706, 2422, 1501, 817, 568, 1698, 3389, 2631, 1049, 2255, 1103, 1053, 1845, 1919, 1800, 1136, 2738, 3687, 1992, 1892, 712, 2403, 1576, 2273, 1655, 1309, 2131, 1264, 2205, 1720, 5953, 2107, 1622, 5060, 1757, 2471, 2127, 2383, 5432, 2352, 1388, 2403, 2247, 3928, 1921, 3254, 2702, 1493, 3694, 1879, 1923, 1504, 661, 4045, 2660, 8512, 2015, 3382, 1844, 1830, 1797, 976, 2733, 2252, 2262, 1717, 2754, 719, 2751, 785, 869, 2060, 1516, 1965, 1396, 1079, 3437, 3309, 1603, 1444, 1684, 2833, 1002, 926, 7981, 2060, 2648, 1864, 1381, 820, 2347, 2218, 2096, 4351, 1274, 2740, 2634, 1816, 4446, 1515, 1437, 2285, 917, 2374, 3367, 2176, 358, 2359, 2113, 1891, 1216, 1521, 616, 3248, 2001, 1135, 3003, 1684, 3441, 3340, 1260, 2705, 1523, 5457, 1642, 2618, 2303, 1327, 8241, 3041, 1731, 5624, 1866, 1703, 1233, 1975, 1223, 1178, 1906, 3322, 1371, 5505, 2072, 2901, 2379, 1866, 2723)
(35, 148): Mean: 2239.768, median: 1918.0, std: 1434.007, percent: 2085.36, B: 134, W: 116, 
	(2996, 1258, 1642, 10584, 2751, 1883, 1297, 1704, 1058, 2640, 1559, 1700, 1236, 2431, 4219, 1185, 3663, 4182, 2219, 2900, 1555, 1090, 2197, 994, 1846, 1917, 1002, 2537, 1896, 1667, 3463, 2912, 3195, 1366, 981, 2417, 1601, 2050, 2284, 2298, 1168, 2726, 1547, 2415, 1050, 2726, 1332, 1102, 9209, 1722, 866, 1830, 1314, 369, 1638, 5938, 701, 649, 3273, 2382, 2060, 3699, 2902, 2062, 2800, 4790, 1945, 1091, 648, 2460, 1202, 4519, 2609, 2057, 1919, 2425, 1430, 1125, 1717, 1153, 1330, 919, 2993, 1260, 1409, 1532, 1621, 644, 1492, 1626, 1409, 1038, 2136, 2113, 4471, 2792, 1094, 1126, 1928, 755, 2380, 3448, 1310, 2417, 2335, 1616, 807, 387, 1861, 3247, 2639, 1250, 2004, 1187, 1188, 2088, 1905, 1855, 1008, 2277, 3676, 1755, 1813, 667, 2150, 1693, 2493, 1524, 1172, 1984, 1533, 2443, 1573, 5106, 1928, 1414, 4826, 1729, 2576, 2167, 2823, 5636, 2433, 1363, 2603, 2311, 3974, 1802, 3366, 2679, 1689, 3286, 1856, 2019, 1398, 735, 3958, 2598, 7902, 1874, 3122, 2008, 1723, 1743, 881, 2921, 2500, 1879, 1855, 2802, 697, 2449, 885, 768, 2289, 1496, 1874, 1299, 952, 3017, 3364, 1608, 1943, 1622, 2521, 1043, 869, 8462, 2056, 2714, 1963, 1474, 707, 2359, 2124, 2170, 3823, 1393, 3384, 2635, 1660, 5243, 1453, 1530, 2141, 991, 2329, 2685, 2126, 347, 2168, 2092, 1894, 1262, 1470, 713, 2926, 2781, 1128, 3154, 1835, 4195, 3452, 1277, 2948, 1642, 4928, 1626, 2449, 2725, 1226, 9791, 3353, 1719, 5911, 1685, 1550, 1362, 1829, 1242, 1131, 2001, 2673, 1180, 5240, 2460, 3084, 2365, 2302, 2905)
(36, 153): Mean: 2247.972, median: 1898.5, std: 1459.679, percent: 2151.06, B: 126, W: 124, 
	(3309, 1260, 1582, 9358, 2659, 1959, 1225, 1770, 1019, 2433, 1593, 1877, 1146, 1900, 3651, 1180, 4202, 3916, 2154, 2933, 1681, 966, 2149, 1023, 2118, 1670, 1115, 2789, 1908, 1769, 4006, 2434, 3591, 1239, 1086, 2047, 1580, 1746, 2309, 1814, 1116, 2691, 1404, 2302, 1136, 3289, 1421, 1033, 9076, 1828, 853, 1865, 1327, 483, 1657, 5354, 654, 762, 3361, 2734, 2221, 3855, 2867, 2041, 2439, 4882, 1758, 1134, 539, 2285, 1080, 3384, 2350, 2050, 1737, 2043, 1342, 1059, 1737, 1098, 1380, 932, 3160, 1239, 1356, 1647, 1189, 711, 1536, 1521, 1382, 818, 2585, 2179, 5721, 2994, 1224, 1115, 2016, 984, 1934, 3946, 1354, 2741, 2263, 1501, 780, 485, 1736, 3490, 2840, 1203, 2125, 1110, 1108, 2420, 1774, 2024, 1007, 2188, 4378, 1798, 2234, 676, 2633, 1460, 2758, 1639, 1251, 1908, 1177, 2578, 1537, 5939, 2231, 1431, 4824, 1843, 2392, 1973, 2184, 6315, 2203, 1555, 2813, 2412, 4125, 1894, 3092, 2669, 1643, 3689, 2162, 1973, 1331, 711, 4351, 2556, 7727, 1872, 3373, 2350, 1785, 1827, 931, 2779, 2438, 1890, 1606, 2476, 806, 2753, 742, 770, 2059, 1384, 1781, 1369, 1028, 3368, 3113, 1686, 1918, 1683, 2909, 975, 852, 8889, 1984, 3193, 1807, 1496, 822, 2300, 2186, 2082, 3511, 1318, 3396, 2601, 1743, 5103, 1534, 1358, 2528, 1032, 2254, 2730, 2030, 343, 2545, 1962, 1825, 1305, 1567, 577, 2626, 2506, 1251, 3339, 1748, 3927, 2763, 1353, 2829, 1641, 5147, 1718, 2437, 2351, 1287, 10885, 3697, 1733, 5635, 1673, 1552, 1198, 1970, 1390, 1137, 1897, 3209, 1396, 4760, 1923, 2645, 3072, 1773, 2785)
(37, 157): Mean: 2217.524, median: 1917.0, std: 1372.535, percent: 2054.28, B: 126, W: 124, 
	(2776, 1218, 1579, 9529, 2740, 1769, 1135, 1732, 940, 2408, 1612, 1760, 1209, 1790, 3337, 1399, 4078, 3765, 2069, 2894, 1584, 892, 1955, 1082, 2010, 1736, 1065, 2548, 1841, 1687, 3400, 2766, 3644, 1309, 1066, 2069, 1684, 1973, 2118, 2075, 1134, 2286, 1398, 2245, 1116, 2483, 1334, 1073, 6442, 1754, 966, 2100, 1558, 372, 1701, 5239, 724, 714, 3472, 2787, 2423, 3860, 3021, 2500, 3313, 5022, 1970, 1038, 596, 2556, 1381, 4033, 2504, 1679, 1930, 1932, 1193, 1142, 1722, 1104, 1284, 969, 3198, 1224, 1549, 1473, 1416, 699, 1337, 1625, 1388, 868, 2202, 1947, 5013, 2883, 1271, 1052, 1734, 809, 2174, 3827, 1294, 2782, 2809, 1672, 831, 503, 1878, 3174, 2830, 1053, 2087, 1205, 1141, 1805, 1757, 2107, 967, 2436, 4236, 1805, 2136, 792, 2221, 1645, 2433, 1596, 1276, 2005, 1277, 2508, 1730, 5466, 2143, 1417, 4887, 1695, 2603, 2149, 2632, 5776, 2323, 1496, 2462, 2049, 3850, 1916, 3417, 2920, 1516, 2839, 1984, 2361, 1517, 768, 3589, 2892, 7487, 2074, 3443, 1869, 1702, 1677, 907, 2758, 2423, 1918, 1735, 2853, 648, 2419, 745, 942, 2120, 1531, 1816, 1290, 1012, 3404, 3346, 1716, 2013, 1731, 2668, 1066, 856, 9442, 1888, 2681, 2018, 1565, 852, 2658, 2683, 1855, 4021, 1310, 3541, 2443, 1693, 4441, 1510, 1434, 2168, 971, 2560, 2534, 1898, 356, 2365, 1995, 1878, 1236, 1505, 475, 2932, 1935, 1093, 2981, 1676, 3778, 3189, 1372, 2776, 1886, 5958, 1856, 2318, 2390, 1356, 9226, 2964, 1734, 6188, 1647, 1651, 1273, 1942, 1292, 1189, 1965, 2892, 1149, 5038, 2064, 2724, 2384, 1994, 2764)
(38, 160): Mean: 2186.116, median: 1911.0, std: 1373.212, percent: 2057.44, B: 130, W: 120, 
	(3116, 1246, 1509, 12219, 2747, 2105, 1083, 1617, 1048, 2496, 1606, 1763, 1016, 1972, 3706, 1378, 3439, 3916, 2025, 2908, 1593, 960, 2151, 1139, 1912, 1671, 1106, 2357, 1964, 1748, 3540, 2972, 3171, 1165, 996, 2079, 1496, 2168, 2419, 1990, 1118, 2652, 1411, 2076, 1221, 2694, 1376, 1087, 5679, 1864, 863, 1940, 1375, 359, 1597, 5256, 640, 749, 3148, 2780, 2103, 4112, 2730, 1988, 3335, 4456, 1986, 1065, 531, 2496, 1330, 4206, 2484, 1817, 1651, 2102, 1418, 1117, 1728, 1183, 1289, 979, 3148, 1202, 1528, 1496, 1247, 718, 1474, 1384, 1462, 831, 2219, 1786, 4593, 2521, 1155, 1124, 1836, 825, 2423, 3626, 1317, 2536, 2176, 1567, 795, 381, 1611, 3522, 2859, 1095, 2104, 1177, 1174, 2044, 1885, 1717, 1069, 2332, 3744, 1782, 2123, 744, 2279, 1573, 2460, 1688, 1204, 1773, 1165, 2435, 1588, 4685, 2015, 1503, 4000, 1790, 2396, 1787, 2286, 5325, 2474, 1335, 2304, 2300, 3977, 1817, 3199, 2247, 1467, 3442, 1628, 2072, 1430, 808, 4021, 2643, 8482, 1910, 3454, 1975, 1794, 1749, 923, 2610, 2134, 1951, 1726, 2831, 687, 2713, 780, 772, 2192, 1525, 1732, 1321, 1033, 2969, 3067, 1627, 1954, 1645, 2763, 917, 885, 8225, 1916, 2903, 1746, 1503, 813, 2518, 2314, 2251, 3399, 1386, 2885, 2724, 1579, 4484, 1457, 1437, 2342, 972, 2524, 2649, 1958, 367, 2765, 2799, 2124, 1097, 1422, 651, 2909, 1985, 1128, 2773, 2026, 3930, 3135, 1353, 2612, 1758, 5306, 1620, 2507, 2308, 1262, 8730, 3488, 1791, 5434, 1590, 1672, 1284, 1887, 1357, 1126, 1851, 2859, 1059, 4199, 2297, 2784, 3108, 2152, 2947)
(39, 163): Mean: 2174.764, median: 1877.5, std: 1402.226, percent: 2077.66, B: 142, W: 108, 
	(2641, 1199, 1467, 11771, 2580, 2012, 1184, 1634, 1209, 2178, 1457, 1869, 1221, 2137, 3693, 1073, 3504, 4127, 2046, 2971, 1485, 912, 2089, 1097, 2074, 1678, 1067, 2444, 1838, 1648, 3061, 2557, 3792, 1192, 1226, 2262, 1663, 1874, 2378, 2236, 1157, 2587, 1417, 1983, 1541, 2613, 1551, 1063, 8069, 1750, 783, 1780, 1204, 402, 1641, 5797, 630, 679, 3813, 2746, 2035, 3401, 2484, 1946, 2785, 4533, 2035, 948, 542, 2302, 1184, 3889, 2470, 1814, 1637, 2035, 1243, 986, 1778, 1259, 1313, 917, 3000, 1246, 1385, 1359, 1148, 667, 1277, 1426, 1277, 898, 2447, 1860, 4203, 2831, 1090, 1095, 1865, 750, 2131, 3603, 1321, 2882, 2060, 1633, 813, 397, 1985, 3305, 2590, 1186, 2145, 1116, 1066, 1464, 1883, 1593, 931, 2172, 3782, 1964, 2034, 693, 2004, 1972, 2320, 1482, 1210, 1926, 1194, 2643, 1593, 6089, 2045, 1418, 4122, 1618, 2585, 2194, 2369, 4753, 2522, 1281, 2002, 2438, 3670, 1729, 2663, 2385, 1332, 3078, 1825, 1803, 1342, 772, 3885, 2619, 8827, 1696, 3401, 2230, 1594, 1633, 876, 2541, 2520, 2244, 1623, 2829, 660, 2683, 695, 827, 1972, 1393, 1867, 1294, 971, 3231, 3535, 1835, 1727, 1535, 2697, 1065, 879, 8396, 1946, 2579, 2049, 1440, 765, 2638, 2280, 2423, 4183, 1223, 2901, 2504, 1514, 4638, 1471, 1510, 2076, 951, 2791, 2939, 1985, 357, 2152, 2230, 1893, 1184, 1501, 499, 2797, 1881, 1046, 3202, 1710, 3581, 3440, 1248, 3214, 1696, 5335, 1680, 2887, 2571, 1291, 7256, 2870, 1884, 5495, 1747, 1590, 1215, 1715, 1209, 1221, 1917, 2611, 1049, 4971, 1867, 3297, 2621, 1782, 3153)
(40, 168): Mean: 2111.828, median: 1837.0, std: 1292.911, percent: 1999.34, B: 142, W: 108, 
	(2593, 1202, 1529, 10745, 2507, 1931, 1115, 1499, 1065, 2087, 1471, 1624, 1127, 1717, 3267, 1115, 3132, 3719, 1851, 2587, 1441, 904, 1964, 1290, 2085, 1575, 963, 1877, 1802, 1665, 3791, 2274, 3392, 1262, 951, 2106, 1515, 1860, 2326, 2016, 1079, 2233, 1317, 2183, 1043, 2632, 1215, 937, 6897, 1721, 833, 1897, 1232, 353, 1712, 5182, 618, 756, 2981, 2637, 2070, 3771, 2439, 2030, 2757, 4445, 2033, 962, 557, 2787, 1172, 3666, 2394, 1689, 1674, 2190, 1332, 1054, 1655, 1206, 1305, 993, 2344, 1101, 1393, 1443, 1199, 692, 1280, 1599, 1390, 856, 2275, 1785, 5135, 2737, 1046, 1041, 1890, 974, 1812, 3006, 1245, 2565, 2195, 1720, 831, 493, 1742, 3462, 2622, 1109, 1937, 1239, 1114, 1484, 1872, 1710, 957, 2454, 3661, 1814, 2172, 639, 2021, 1498, 2284, 1538, 1441, 1865, 1373, 2254, 1592, 5265, 2259, 1564, 3769, 1723, 2394, 1941, 2289, 4992, 2542, 1275, 2429, 2188, 3864, 1709, 2860, 2596, 1557, 2800, 1848, 1826, 1410, 667, 3320, 2664, 7593, 2011, 3766, 1975, 1386, 1922, 851, 2710, 2289, 1692, 1815, 2969, 557, 2460, 709, 809, 1883, 1479, 1689, 1343, 1082, 3419, 2993, 1575, 1667, 1475, 2631, 986, 913, 6932, 1929, 3351, 1825, 1638, 798, 2353, 2358, 2218, 3910, 1219, 2872, 2534, 1588, 4544, 1525, 1393, 2016, 1020, 2538, 3006, 1912, 373, 2114, 1975, 2172, 1217, 1568, 497, 2669, 2051, 1276, 2963, 1735, 3511, 2564, 1277, 2751, 1531, 5512, 1542, 2529, 2363, 1496, 8019, 2946, 1499, 5530, 1666, 1548, 1248, 1946, 1392, 1097, 1855, 2648, 1315, 4520, 1812, 3238, 2550, 2098, 2983)
(42, 177): Mean: 2148.2, median: 1845.5, std: 1426.639, percent: 2093.88, B: 132, W: 118, 
	(3087, 1153, 1557, 12228, 3173, 1774, 1101, 1638, 982, 2324, 1476, 1805, 1215, 1915, 3537, 1138, 3314, 3522, 1954, 3478, 1393, 948, 1876, 1095, 1957, 1877, 1041, 2218, 1777, 1701, 3700, 2473, 3300, 1086, 1006, 2127, 1493, 2034, 2258, 1953, 1016, 2382, 1328, 2138, 1199, 2637, 1331, 944, 7105, 1743, 844, 1813, 1356, 381, 1539, 5432, 614, 647, 3951, 3190, 1983, 3597, 2432, 2012, 3061, 4494, 1918, 999, 531, 2407, 1199, 3406, 2229, 1816, 1724, 1966, 1176, 959, 1841, 1087, 1234, 938, 2741, 1162, 1496, 1527, 1150, 672, 1374, 1410, 1357, 755, 2458, 1688, 4718, 3075, 1174, 1035, 2059, 790, 2313, 3202, 1178, 2476, 2212, 1587, 850, 405, 1603, 3124, 2250, 1027, 2157, 1161, 1096, 1495, 1724, 1882, 934, 2168, 4352, 1796, 1764, 640, 1942, 1637, 2619, 1523, 1178, 1900, 1233, 2449, 1548, 5732, 2043, 1453, 3908, 1776, 2446, 2196, 1982, 6322, 1972, 1282, 2110, 2090, 3618, 1858, 2799, 2678, 1495, 3510, 1797, 2116, 1366, 756, 4393, 2505, 7309, 1909, 3178, 1903, 1506, 1645, 884, 2597, 2098, 1701, 1767, 3051, 548, 2530, 813, 737, 1980, 1451, 1871, 1219, 993, 3153, 3425, 1547, 1603, 1878, 2781, 984, 886, 8936, 1895, 3174, 1979, 1473, 776, 2730, 2179, 1823, 3704, 1322, 3063, 2190, 1594, 4238, 1541, 1508, 2141, 961, 2825, 2949, 1992, 318, 2155, 2036, 1850, 1207, 1529, 503, 2744, 1758, 1040, 3159, 1838, 3845, 2761, 1248, 2642, 1669, 5505, 1455, 2445, 2427, 1209, 9281, 2779, 1489, 4783, 1607, 1637, 1145, 1834, 1259, 1045, 1730, 2798, 1094, 4700, 2223, 3150, 2716, 1971, 2974)
(65, 315): Mean: 2158.588, median: 1817.0, std: 1452.159, percent: 2082.44, B: 126, W: 123, 
	(2765, 1302, 1665, 12946, 2911, 2023, 1070, 1719, 904, 1905, 1601, 1794, 1212, 2019, 3807, 1182, 3849, 3541, 1811, 2588, 1520, 936, 2190, 1006, 1954, 1804, 973, 2236, 1777, 1539, 3394, 2699, 3645, 1195, 1051, 2336, 1614, 2001, 2021, 2130, 1223, 2497, 1426, 2106, 1031, 2614, 1343, 1055, 6468, 2112, 825, 1715, 1327, 383, 1558, 4992, 596, 715, 3451, 3061, 1846, 3930, 2321, 1813, 2843, 5008, 1821, 1075, 548, 2143, 1059, 4134, 2687, 1702, 1506, 1771, 1266, 1068, 1708, 1218, 1369, 891, 2570, 1105, 1462, 1435, 1204, 610, 1520, 1417, 1331, 739, 2413, 1955, 6048, 3230, 1052, 1094, 2047, 812, 1984, 3563, 1377, 2493, 2234, 1697, 807, 334, 1739, 3455, 2592, 994, 2117, 1058, 1193, 1400, 1784, 1584, 1045, 2381, 4589, 1611, 2152, 687, 2025, 1664, 2254, 1507, 1171, 1949, 1272, 2124, 1549, 4821, 1905, 1266, 4158, 1691, 2272, 1924, 2133, 5334, 2399, 1347, 1980, 2149, 3464, 1767, 3242, 2592, 1472, 3806, 1949, 1903, 1369, 647, 3483, 2550, 9102, 1935, 3322, 2165, 1534, 1561, 948, 3065, 2520, 1661, 1811, 2689, 564, 2453, 782, 763, 1722, 1395, 1898, 1325, 913, 3253, 3223, 1588, 1902, 1656, 2559, 858, 837, 7736, 1767, 2834, 1929, 1580, 833, 2291, 2146, 1791, 4191, 1267, 2830, 2416, 1464, 5316, 1377, 1253, 2317, 930, 2752, 2993, 1990, 297, 2429, 2054, 1887, 1169, 1432, 499, 3015, 2078, 1127, 3167, 1622, 3592, 3124, 1294, 2923, 1553, 5389, 1653, 2390, 2277, 1333, 9107, 2861, 1845, 4987, 1692, 1621, 1155, 2031, 1115, 1208, 1782, 3095, 1136, 4690, 2151, 2845, 2419, 1947, 2737)
(66, 321): Mean: 2149.488, median: 1875.5, std: 1376.825, percent: 2040.7, B: 133, W: 117, 
	(2703, 1225, 1476, 11170, 2863, 1970, 1086, 1575, 1036, 2110, 1571, 1701, 1052, 1921, 3680, 1168, 4037, 3632, 2000, 2379, 1448, 867, 2103, 1038, 1926, 1716, 978, 2234, 1769, 1814, 3332, 2638, 3570, 1254, 964, 1925, 1602, 1683, 2196, 2229, 1003, 2380, 1410, 1891, 1113, 2804, 1420, 1101, 7001, 1729, 758, 1789, 1241, 398, 1793, 5253, 603, 852, 3250, 3122, 2021, 3638, 2972, 2059, 2772, 4663, 1779, 1124, 597, 2382, 1027, 3870, 2284, 1574, 1559, 2072, 1276, 1041, 1749, 1181, 1394, 888, 3107, 1220, 1377, 1423, 1310, 719, 1340, 1354, 1270, 829, 2235, 1740, 5277, 2638, 1043, 1067, 1997, 763, 1935, 3068, 1297, 2542, 2281, 1505, 759, 330, 1917, 3426, 2452, 950, 1923, 1131, 1002, 1540, 1725, 1710, 1019, 2433, 4119, 1585, 2026, 575, 2063, 1653, 2297, 1489, 1111, 2012, 1360, 2283, 1636, 5966, 2025, 1438, 4416, 1719, 2259, 2124, 2041, 4915, 2290, 1260, 2295, 2398, 4240, 1927, 2959, 2688, 1473, 3067, 1942, 1973, 1187, 838, 3807, 2829, 7261, 1889, 3398, 2122, 1581, 1520, 879, 2841, 2623, 1875, 1680, 2803, 567, 2972, 739, 736, 2292, 1474, 1663, 1317, 1009, 3422, 2626, 1567, 1814, 1616, 2832, 876, 889, 7517, 2183, 2967, 1795, 1659, 692, 2211, 2011, 1932, 3995, 1229, 2874, 2383, 1549, 4862, 1438, 1318, 2128, 912, 2957, 2998, 1734, 342, 2520, 2460, 2126, 1293, 1371, 565, 2833, 2011, 1132, 3385, 1957, 3720, 3366, 1341, 2629, 1760, 5313, 1510, 2523, 2147, 1260, 9290, 3278, 1767, 5604, 1675, 1552, 1222, 1895, 1195, 1152, 1850, 2573, 1188, 4821, 1905, 2757, 2699, 1876, 2869)
(86, 436): Mean: 2150.728, median: 1838.5, std: 1376.881, percent: 2067.42, B: 128, W: 122, 
	(2737, 1195, 1445, 9804, 2373, 2006, 1064, 1757, 974, 2279, 1498, 1798, 1176, 1812, 3423, 1215, 3226, 4157, 1967, 3071, 1418, 978, 2095, 1051, 2085, 1657, 988, 2063, 1707, 1733, 3213, 2695, 3432, 1121, 1061, 1987, 1526, 1970, 2084, 1939, 1060, 2457, 1474, 2110, 992, 2843, 1222, 1137, 6455, 1677, 836, 2039, 1378, 412, 1709, 6284, 573, 647, 3406, 3057, 2068, 3399, 2882, 1740, 3909, 4153, 2023, 1094, 526, 2281, 1299, 4275, 2437, 1759, 1631, 2158, 1330, 941, 1860, 1123, 1221, 979, 2948, 1128, 1367, 1424, 1108, 639, 1328, 1383, 1269, 778, 2396, 1830, 4804, 3147, 1070, 1162, 2021, 900, 1970, 3650, 1237, 2601, 2169, 1544, 928, 396, 1623, 3112, 2615, 1044, 2065, 1092, 1053, 1466, 1820, 1698, 949, 2500, 4552, 1623, 1951, 779, 2143, 1601, 2136, 1643, 1268, 1941, 1179, 2349, 1540, 5398, 2024, 1579, 3636, 1869, 2888, 2176, 2236, 4538, 2136, 1241, 2148, 1921, 4093, 1822, 3404, 2323, 1653, 3077, 1894, 2083, 1200, 749, 3467, 2759, 9509, 1871, 3943, 1896, 1574, 1551, 922, 2470, 2302, 1790, 1767, 2977, 663, 2313, 689, 819, 1947, 1449, 1626, 1439, 1019, 3777, 3655, 1736, 1833, 1585, 2415, 970, 813, 7825, 1786, 2722, 1823, 1471, 731, 2304, 2395, 1935, 3652, 1259, 2762, 2715, 1705, 5464, 1444, 1402, 2329, 902, 2255, 2874, 1830, 320, 2633, 1980, 2025, 1118, 1441, 510, 2655, 1997, 1077, 3381, 1713, 3043, 2936, 1396, 3272, 1753, 6576, 1608, 2514, 2156, 1298, 8594, 3014, 1712, 5008, 1646, 1618, 1098, 1880, 1210, 1041, 1844, 2805, 1061, 4741, 2083, 2908, 2489, 1944, 2790)
(88, 447): Mean: 2126.248, median: 1835.0, std: 1354.499, percent: 2056.5, B: 137, W: 112, 
	(2583, 1119, 1565, 10730, 2555, 1915, 1048, 1701, 934, 2179, 1472, 1661, 1152, 1946, 3738, 1320, 3360, 3513, 1953, 2747, 1513, 984, 2026, 1196, 2145, 1659, 1002, 1860, 1641, 1516, 3667, 2589, 3658, 1155, 1026, 2405, 1439, 1995, 2214, 1947, 1029, 2356, 1425, 2046, 1030, 2610, 1344, 1030, 5953, 1677, 777, 1763, 1419, 390, 1627, 5380, 507, 705, 3369, 2865, 2143, 3602, 2607, 1987, 2561, 5053, 1895, 976, 628, 2553, 1224, 4198, 2703, 1701, 1550, 2154, 1153, 988, 1798, 1203, 1362, 977, 2504, 1171, 1501, 1469, 1133, 776, 1364, 1453, 1231, 882, 2359, 1952, 5415, 3040, 1048, 1020, 1855, 748, 1985, 3804, 1182, 2783, 2123, 1532, 814, 349, 1792, 3388, 2745, 1027, 2147, 1065, 1094, 1286, 1716, 1617, 1101, 2281, 3706, 1743, 1971, 758, 1962, 1453, 2162, 1564, 1170, 2205, 1231, 2850, 1662, 5890, 2048, 1459, 4394, 1818, 2138, 2063, 2080, 4533, 1916, 1334, 2280, 2045, 3656, 1727, 3239, 2636, 1357, 3155, 1865, 2072, 1447, 739, 3924, 3170, 8703, 1944, 3766, 1888, 1480, 1688, 996, 2678, 2222, 1652, 1692, 2487, 555, 2355, 669, 660, 1984, 1376, 1707, 1387, 977, 3321, 3363, 1523, 1790, 1848, 2671, 985, 815, 7069, 1867, 2703, 1391, 1756, 787, 2419, 2088, 2133, 3905, 1354, 2587, 2561, 1471, 4567, 1340, 1322, 2382, 941, 2501, 2555, 1594, 362, 1960, 1884, 1933, 1155, 1484, 487, 3166, 1925, 1104, 3356, 1776, 3494, 3008, 1232, 2995, 1534, 5295, 1418, 2588, 2111, 1290, 8664, 2761, 1756, 5547, 1817, 1521, 1238, 1866, 1158, 1087, 2104, 2548, 1209, 4899, 1822, 3153, 2636, 1795, 2629)
(89, 453): Mean: 2151.532, median: 1821.5, std: 1381.564, percent: 2043.38, B: 127, W: 122, 
	(3107, 1200, 1461, 10907, 2433, 2030, 978, 1739, 956, 2363, 1491, 1540, 1146, 1884, 3556, 1273, 3899, 3493, 1749, 2781, 1551, 983, 1824, 1080, 1959, 1969, 1046, 2269, 1804, 1745, 3416, 2573, 3110, 1167, 907, 2020, 1511, 1817, 2211, 2143, 1085, 2541, 1320, 2243, 1003, 2552, 1456, 1069, 7288, 1807, 749, 1809, 1283, 382, 1831, 4844, 615, 673, 3455, 3443, 1957, 4478, 2691, 2053, 2921, 4512, 1773, 1002, 569, 2356, 1167, 3464, 2444, 1923, 1441, 1960, 1169, 993, 2095, 1154, 1412, 931, 2835, 1191, 1540, 1360, 1172, 700, 1352, 1410, 1237, 850, 2238, 1715, 6341, 2836, 915, 1099, 1995, 856, 1904, 3430, 1228, 2699, 2263, 1476, 833, 475, 1554, 3884, 2663, 991, 2197, 1039, 1005, 1529, 1765, 1931, 1037, 2099, 3492, 1889, 2013, 739, 2327, 1607, 2533, 1607, 1205, 2183, 1186, 2461, 1601, 5219, 1874, 1455, 3917, 1652, 2713, 2198, 2200, 5349, 2452, 1237, 2101, 2455, 3404, 1819, 2775, 2790, 1436, 3285, 2009, 2063, 1341, 688, 4776, 2464, 7951, 1794, 3615, 2081, 1470, 1612, 950, 2548, 2358, 1775, 1587, 2728, 592, 2331, 715, 724, 1984, 1463, 1754, 1360, 1056, 3475, 3271, 1542, 1663, 1531, 2459, 976, 949, 7598, 2097, 2470, 1673, 1444, 782, 2488, 2685, 2074, 4239, 1225, 2929, 2344, 1697, 5102, 1512, 1524, 2360, 918, 2285, 2850, 1701, 319, 2693, 1807, 1829, 1097, 1449, 558, 3155, 2108, 1034, 2763, 1604, 4016, 3230, 1293, 2578, 1662, 4932, 1601, 2325, 2080, 1197, 8257, 3255, 1666, 6472, 1870, 1556, 1249, 1760, 1142, 1107, 1887, 2625, 1069, 4680, 1903, 3027, 2836, 1713, 3005)
(92, 471): Mean: 2125.012, median: 1846.5, std: 1311.095, percent: 2001.68, B: 128, W: 122, 
	(2608, 1154, 1426, 10066, 2688, 2212, 1018, 1653, 924, 2059, 1434, 1564, 1128, 1905, 3429, 1092, 3183, 3930, 1918, 2748, 1409, 969, 2063, 1133, 1710, 1816, 982, 1895, 1722, 1556, 3402, 2493, 3706, 1191, 877, 1927, 1599, 1970, 2029, 2084, 1021, 2634, 1322, 2288, 989, 2485, 1198, 990, 6585, 1714, 804, 1768, 1286, 340, 1654, 4988, 646, 717, 3553, 3439, 2112, 3313, 2717, 2015, 2507, 4574, 1822, 907, 537, 2553, 1213, 3496, 2715, 2069, 1535, 2068, 1379, 1137, 2273, 1170, 1341, 984, 2900, 1127, 1366, 1418, 1265, 631, 1238, 1347, 1227, 789, 2221, 1946, 5580, 2898, 1042, 1075, 2092, 809, 1951, 3883, 1233, 2908, 2597, 1493, 822, 425, 1708, 2866, 2300, 1101, 2123, 1018, 1041, 1366, 1841, 1710, 945, 2302, 4014, 1816, 2119, 622, 1801, 1496, 2261, 1473, 1163, 1876, 1136, 2340, 1519, 5769, 1989, 1461, 3887, 1635, 2434, 2061, 2215, 5643, 2017, 1377, 2174, 2351, 3969, 1852, 3105, 2566, 1499, 2943, 1910, 1950, 1282, 766, 3873, 2616, 7960, 1816, 3287, 2013, 1569, 1560, 1007, 2725, 2858, 1806, 1697, 3041, 664, 2567, 716, 716, 1892, 1343, 1712, 1380, 969, 3726, 3040, 1694, 2131, 1673, 2564, 963, 1021, 6677, 2325, 3167, 1744, 1547, 826, 2885, 2142, 1947, 4675, 1268, 2696, 2709, 1664, 4533, 1435, 1665, 2126, 936, 2600, 2543, 1695, 372, 2033, 2116, 1907, 1017, 1474, 462, 2900, 2104, 1196, 2709, 1803, 3557, 3136, 1284, 3028, 1646, 5123, 1407, 2448, 2154, 1337, 8207, 2589, 1690, 5220, 1796, 1598, 1212, 1905, 1179, 1100, 1907, 2697, 1151, 4398, 2236, 2815, 2904, 1688, 2719)
(95, 486): Mean: 2138.136, median: 1825.0, std: 1410.077, percent: 1958.94, B: 126, W: 124, 
	(2523, 1140, 1457, 11762, 2764, 1934, 1019, 1933, 894, 2469, 1394, 1763, 1075, 2032, 3740, 1098, 3670, 4494, 1766, 2635, 1439, 957, 2005, 1066, 1959, 1640, 1057, 2224, 1865, 1505, 3354, 2585, 4122, 1163, 994, 2084, 1643, 1916, 2296, 1919, 1050, 2373, 1525, 2277, 997, 2512, 1246, 1088, 5878, 1878, 769, 1772, 1258, 310, 1831, 6070, 588, 604, 3110, 2897, 2225, 3789, 2585, 1737, 2743, 4545, 1969, 998, 548, 2217, 1080, 4053, 2235, 1952, 1655, 1883, 1166, 993, 1550, 1162, 1210, 890, 2832, 1148, 1536, 1510, 1195, 715, 1222, 1406, 1248, 848, 2688, 1860, 5240, 2617, 1065, 1160, 1932, 838, 1826, 3658, 1213, 2291, 1913, 1589, 845, 467, 1691, 3783, 2414, 1045, 2127, 1120, 1016, 1400, 1807, 1762, 1032, 2320, 3312, 1781, 2134, 610, 2231, 1504, 2515, 1509, 1195, 1837, 1271, 2290, 1582, 4858, 2211, 1473, 4459, 1879, 2552, 1923, 2299, 5270, 2317, 1274, 2429, 2140, 3574, 1757, 2831, 2501, 1521, 2773, 1913, 1986, 1244, 798, 3589, 2563, 9127, 1932, 3241, 1818, 1393, 1692, 947, 2528, 2333, 1704, 1499, 2717, 587, 2728, 704, 723, 1824, 1440, 1759, 1527, 1111, 3727, 3678, 1735, 1708, 1878, 2771, 978, 877, 7606, 1750, 2730, 1737, 1391, 766, 2485, 2170, 1981, 4418, 1093, 2684, 2404, 1543, 4898, 1350, 1405, 2440, 916, 2870, 3125, 1809, 316, 2506, 2288, 1902, 1177, 1424, 528, 2485, 1973, 1186, 2706, 1718, 3724, 2909, 1380, 2752, 1615, 5932, 1423, 2449, 2447, 1335, 8880, 2877, 1558, 5521, 1759, 1635, 1178, 1720, 1181, 1045, 1672, 2487, 1128, 4497, 2199, 3004, 2592, 1793, 2519)
(101, 520): Mean: 2149.368, median: 1829.5, std: 1467.78, percent: 2104.18, B: 127, W: 123, 
	(2674, 1328, 1366, 13996, 2828, 2002, 1060, 1796, 893, 2153, 1426, 1558, 1136, 2096, 3385, 1185, 3433, 3123, 1971, 2896, 1633, 986, 1869, 1030, 1830, 1635, 1005, 2210, 1709, 1643, 3260, 2343, 3681, 1107, 956, 2098, 1624, 1611, 2233, 1940, 1082, 2405, 1268, 2273, 938, 2676, 1421, 1019, 6799, 1733, 859, 1850, 1275, 343, 1698, 5542, 656, 672, 3298, 2785, 2051, 3460, 2419, 2055, 2288, 4885, 1993, 979, 522, 1964, 1087, 3952, 2412, 1831, 1773, 1825, 1157, 1013, 1786, 1181, 1155, 983, 2783, 1142, 1385, 1434, 1139, 649, 1290, 1494, 1312, 782, 2265, 1951, 6447, 3144, 1099, 1054, 1853, 807, 1809, 4110, 1159, 2982, 2203, 1539, 819, 335, 1729, 3183, 2583, 1079, 1939, 1031, 1012, 1308, 1898, 1715, 1096, 2342, 4305, 1837, 2050, 640, 2312, 1589, 2381, 1551, 1220, 2019, 1107, 2512, 1667, 6061, 1955, 1434, 3784, 1693, 2251, 2028, 2214, 4218, 2260, 1273, 2232, 2034, 3863, 1707, 3293, 2804, 1500, 3154, 1829, 1987, 1342, 729, 4127, 2408, 7987, 2014, 3291, 1822, 1555, 1688, 970, 2497, 2731, 1920, 1716, 2925, 547, 2617, 767, 852, 1657, 1395, 1645, 1373, 1023, 3200, 3225, 1669, 1744, 1906, 2487, 1021, 946, 6892, 1653, 3182, 1670, 1360, 794, 2620, 2251, 1950, 3656, 1238, 2657, 2178, 1822, 4310, 1386, 1451, 2073, 959, 2323, 3122, 1856, 326, 2382, 2168, 1887, 1163, 1497, 562, 3199, 2047, 1118, 3095, 1775, 3552, 3463, 1245, 3248, 1586, 6448, 1696, 2807, 2424, 1402, 8865, 2976, 1683, 5773, 1899, 1618, 1124, 1805, 1076, 1103, 2193, 2513, 1158, 4830, 2103, 2701, 2574, 1743, 2580)
(102, 524): Mean: 2146.152, median: 1837.5, std: 1457.885, percent: 2009.3, B: 142, W: 108, 
	(2338, 1164, 1628, 11504, 3053, 2063, 1089, 1601, 1011, 2694, 1430, 1599, 1072, 1737, 3370, 1130, 3362, 3864, 1869, 2780, 1730, 1049, 1958, 1041, 1821, 1750, 1007, 1869, 1695, 1552, 3606, 2481, 3968, 1198, 935, 2118, 1855, 1745, 2146, 1881, 1159, 2212, 1371, 1964, 922, 2406, 1251, 1024, 7708, 1739, 845, 1848, 1300, 400, 1576, 5457, 602, 709, 3719, 2979, 2263, 3581, 2547, 1976, 2363, 4297, 1980, 912, 525, 2330, 1078, 3454, 2401, 1651, 1641, 1662, 1294, 936, 1579, 1122, 1189, 936, 2623, 1069, 1496, 1460, 1126, 606, 1376, 1431, 1281, 666, 2679, 1877, 5200, 2683, 910, 1034, 2119, 902, 1917, 3998, 1202, 2508, 2194, 1499, 806, 328, 1687, 3168, 2559, 1075, 1932, 1002, 1026, 1347, 1676, 1813, 1066, 2121, 3920, 1643, 2208, 678, 2227, 1456, 2327, 1809, 1107, 1865, 1209, 2338, 1500, 5657, 2183, 1335, 3867, 1677, 2553, 2099, 2481, 5286, 2045, 1262, 2119, 2022, 3729, 1861, 2831, 2808, 1579, 2781, 1848, 2031, 1180, 764, 4005, 2624, 10660, 1827, 3562, 2036, 1470, 1623, 926, 2888, 2460, 1905, 1767, 2846, 636, 2287, 754, 823, 2024, 1357, 1842, 1448, 953, 3044, 3936, 1507, 1785, 2028, 2692, 829, 962, 8273, 1915, 2638, 1833, 1316, 861, 2465, 2127, 1680, 3596, 1162, 3033, 2843, 1558, 5063, 1453, 1514, 2138, 954, 2894, 3015, 1775, 322, 2194, 2397, 1716, 1115, 1583, 470, 2667, 2079, 1201, 3394, 1774, 3416, 3040, 1295, 3003, 1569, 5502, 1620, 2752, 2125, 1259, 8733, 2941, 1648, 5473, 1497, 1544, 1215, 1954, 1262, 1190, 2177, 2665, 1051, 4462, 2118, 2760, 2488, 1948, 2889)
(103, 530): Mean: 2118.804, median: 1812.0, std: 1383.746, percent: 1988.24, B: 125, W: 123, 
	(2696, 1164, 1430, 11105, 2855, 1940, 1126, 1610, 904, 2340, 1525, 1708, 1145, 1769, 3766, 1244, 3095, 3873, 2057, 2977, 1450, 881, 1964, 1152, 1975, 1686, 915, 2074, 1623, 1542, 3177, 2523, 3431, 1178, 977, 2003, 1632, 1624, 2225, 1969, 990, 2436, 1398, 1832, 997, 2408, 1318, 1066, 7395, 1813, 887, 1737, 1178, 355, 1670, 5957, 659, 781, 3672, 2752, 2216, 3194, 2400, 2055, 2598, 4271, 1854, 1023, 557, 2171, 1055, 3562, 2538, 1758, 1684, 1927, 1162, 995, 1639, 1079, 1321, 880, 2642, 1163, 1344, 1499, 1119, 700, 1244, 1351, 1294, 828, 2558, 1912, 4984, 2869, 1010, 1094, 1829, 712, 1894, 3643, 1211, 2265, 2114, 1535, 856, 475, 1509, 3256, 2358, 970, 1908, 1140, 1050, 1486, 1917, 1578, 999, 2123, 3467, 1774, 1893, 758, 2068, 1707, 2311, 1498, 1170, 2208, 1099, 2458, 1506, 5584, 2089, 1490, 4259, 1764, 2396, 2050, 2136, 5336, 2213, 1290, 2359, 2104, 3314, 1898, 3144, 2499, 1352, 3306, 1981, 1943, 1237, 695, 3934, 2812, 8193, 1903, 3394, 1966, 1434, 1662, 973, 2203, 2613, 1807, 1620, 2790, 569, 2784, 754, 800, 1968, 1604, 1662, 1338, 871, 3306, 3324, 1626, 1673, 1928, 2723, 875, 800, 7804, 1854, 2669, 1791, 1545, 736, 2861, 2448, 1924, 3764, 1165, 2842, 2422, 1540, 4756, 1399, 1411, 2068, 981, 2643, 2726, 1616, 343, 1873, 2578, 1908, 1116, 1518, 551, 3309, 2059, 1063, 2893, 1806, 3221, 3689, 1394, 2396, 1574, 6805, 1476, 2464, 2150, 1283, 8346, 2752, 1675, 4763, 1608, 1537, 1231, 1811, 1182, 1084, 1764, 2397, 1046, 4910, 1955, 3623, 2652, 1723, 2934)
(117, 613): Mean: 2117.816, median: 1847.0, std: 1335.06, percent: 2013.42, B: 127, W: 123, 
	(2799, 1152, 1604, 9246, 3039, 1865, 1054, 1616, 916, 2439, 1464, 1767, 1070, 1859, 3593, 1084, 3125, 3567, 1694, 2670, 1340, 942, 2024, 947, 1902, 1792, 995, 2339, 1569, 1633, 3283, 2501, 3405, 1167, 957, 2162, 1361, 2056, 2157, 1893, 1078, 2370, 1308, 2027, 1063, 2611, 1395, 1056, 4947, 1682, 838, 1952, 1268, 389, 1967, 6137, 645, 732, 3152, 2931, 2027, 3528, 2474, 2206, 3475, 3978, 1907, 960, 595, 2186, 1073, 3476, 2506, 1741, 1450, 1971, 1363, 976, 1696, 1044, 1311, 864, 2329, 1058, 1485, 1645, 1203, 619, 1268, 1584, 1244, 772, 2248, 1657, 5000, 2721, 997, 1004, 1772, 781, 2104, 3250, 1276, 2970, 2181, 1388, 797, 339, 1677, 3839, 2292, 1054, 2121, 1044, 1135, 1275, 1824, 1653, 1030, 2233, 4320, 1841, 2266, 757, 1975, 1646, 2299, 1405, 1183, 1961, 1299, 2350, 1635, 6857, 2014, 1400, 3908, 1751, 2483, 2184, 2402, 4667, 2146, 1360, 2486, 2233, 3498, 1807, 2959, 2446, 1349, 3843, 1945, 2199, 1363, 739, 3733, 2449, 8197, 2360, 2969, 2106, 1390, 1797, 855, 2373, 2475, 1853, 1892, 2627, 593, 2492, 680, 728, 1820, 1406, 1759, 1536, 924, 3556, 3524, 1659, 1798, 2307, 2342, 892, 871, 7605, 1741, 3128, 1873, 1344, 811, 2681, 2201, 2029, 3211, 1338, 2620, 2614, 1582, 4947, 1384, 1408, 2367, 962, 2577, 3206, 1488, 346, 2539, 2065, 1607, 1194, 1517, 577, 2617, 1954, 1219, 2877, 1724, 3112, 3343, 1313, 2765, 1566, 5357, 1579, 2368, 2147, 1238, 9718, 3042, 1565, 5467, 1705, 1514, 1168, 1853, 1254, 1062, 1895, 2737, 1027, 5042, 2139, 2795, 2812, 1707, 2600)
(119, 624): Mean: 2132.42, median: 1811.5, std: 1319.653, percent: 2000.96, B: 125, W: 123, 
	(2921, 1086, 1560, 9590, 2803, 1778, 1038, 1702, 1047, 2198, 1419, 1606, 1033, 1670, 3577, 1262, 3950, 3560, 1818, 2918, 1443, 976, 1976, 979, 1798, 1627, 959, 2144, 1886, 1428, 2872, 2649, 3931, 1094, 905, 2217, 1554, 1970, 2229, 2022, 1040, 2768, 1520, 2083, 1090, 2909, 1346, 1007, 7239, 1763, 779, 1868, 1318, 447, 1559, 5274, 601, 771, 3953, 2450, 2260, 4041, 2633, 1901, 3570, 4571, 1805, 1036, 544, 2495, 1098, 3167, 2502, 1756, 1638, 1965, 1238, 1145, 1790, 1207, 1321, 979, 2735, 1117, 1369, 1363, 1156, 601, 1200, 1584, 1241, 679, 2495, 1713, 4581, 2810, 1125, 1151, 1771, 776, 1872, 4032, 1342, 2507, 2107, 1668, 811, 339, 1740, 3457, 2774, 1050, 2024, 1089, 1197, 1480, 1861, 1628, 1009, 2102, 4366, 1857, 1895, 818, 2008, 1635, 2420, 1696, 1056, 1742, 1233, 2229, 1571, 5250, 1949, 1360, 3787, 1915, 2258, 2055, 2400, 5656, 2074, 1301, 2383, 2069, 3719, 1718, 2547, 2417, 1699, 3570, 2004, 2030, 1359, 677, 4222, 2511, 7690, 2172, 3403, 2091, 1676, 1842, 976, 2649, 2255, 1716, 1620, 2619, 651, 2790, 695, 687, 1933, 1525, 1689, 1393, 926, 3609, 3221, 1465, 1748, 1949, 2671, 908, 888, 7628, 1905, 2763, 1871, 1568, 857, 2552, 2261, 1952, 3631, 1314, 3069, 2500, 1772, 4742, 1458, 1438, 1881, 951, 2903, 2749, 1769, 345, 2130, 2143, 1970, 1055, 1515, 565, 2848, 2114, 1070, 2902, 1730, 3721, 3297, 1399, 2556, 1656, 4894, 1586, 2425, 2063, 1335, 8286, 3168, 1555, 5355, 1468, 1597, 1335, 1736, 1290, 1065, 1654, 2695, 1243, 4775, 1980, 3211, 3098, 1824, 2806)
(120, 627): Mean: 2117.076, median: 1833.0, std: 1360.038, percent: 2041.32, B: 130, W: 119, 
	(2840, 1202, 1484, 11229, 2897, 1886, 1062, 1615, 889, 2610, 1486, 1750, 1114, 1815, 3150, 1178, 3311, 4199, 1981, 2618, 1284, 944, 1961, 1045, 1970, 1743, 1012, 2176, 1887, 1684, 3292, 2661, 3722, 1198, 1017, 1940, 1567, 1481, 2098, 2004, 1011, 2253, 1462, 2251, 1125, 2831, 1263, 925, 6918, 1900, 842, 1760, 1186, 394, 1735, 5938, 635, 685, 3416, 2481, 2267, 3472, 2642, 2123, 2697, 4534, 1892, 921, 561, 2557, 1215, 3328, 2152, 1935, 1587, 2068, 1247, 997, 1761, 1147, 1237, 838, 2872, 1159, 1534, 1376, 1105, 633, 1326, 1298, 1242, 779, 2289, 1784, 3943, 3001, 973, 1046, 1805, 786, 1941, 3694, 1140, 2560, 2234, 1474, 829, 328, 1541, 3225, 3142, 1152, 2031, 984, 1108, 1411, 1731, 1801, 964, 2102, 3762, 1691, 1745, 662, 1877, 1658, 2383, 1613, 1052, 1708, 1145, 2304, 1534, 6071, 2288, 1453, 3876, 1843, 2342, 1954, 1977, 5068, 2220, 1349, 1905, 2193, 3854, 1882, 2936, 2332, 1396, 3174, 1925, 1915, 1362, 761, 4784, 2362, 8014, 1969, 3045, 2066, 1433, 1562, 891, 2772, 2301, 1790, 1610, 3183, 702, 2590, 751, 858, 1847, 1607, 1864, 1528, 970, 3492, 3289, 1754, 1940, 1703, 2566, 929, 830, 7190, 1895, 2578, 1696, 1269, 836, 2362, 2144, 2080, 3731, 1278, 2863, 2728, 1479, 3823, 1393, 1397, 2079, 953, 2342, 3199, 1951, 327, 2419, 1793, 1936, 1077, 1376, 474, 2815, 2138, 1202, 3333, 1646, 4271, 3076, 1316, 2449, 1511, 5933, 1653, 2681, 2332, 1287, 7998, 2981, 1460, 5685, 1514, 1546, 1258, 2026, 1225, 1199, 1823, 2413, 1035, 4820, 1930, 3321, 2474, 1788, 2716)
(126, 662): Mean: 2109.908, median: 1841.5, std: 1370.263, percent: 1980.0, B: 137, W: 113, 
	(2372, 1180, 1764, 11215, 2754, 1854, 1027, 1631, 985, 2272, 1518, 1681, 1180, 2021, 3181, 1143, 3002, 3456, 1815, 2470, 1386, 899, 2232, 1020, 2084, 1821, 1056, 2386, 1697, 1561, 3068, 2513, 3521, 1251, 839, 2157, 1550, 2052, 2201, 1929, 1079, 2453, 1418, 1945, 1096, 2523, 1210, 982, 5621, 1876, 876, 1784, 1163, 355, 1705, 5225, 604, 837, 3324, 2514, 1883, 3521, 2470, 2062, 2526, 4586, 1828, 917, 583, 2303, 1084, 3811, 2339, 1892, 1619, 1953, 1299, 924, 1818, 987, 1306, 956, 2718, 1017, 1357, 1460, 1155, 530, 1457, 1615, 1289, 733, 2221, 1738, 4997, 2807, 1076, 1043, 1744, 838, 1998, 3981, 1223, 2354, 2075, 1601, 784, 478, 1452, 3338, 2542, 974, 1914, 1070, 1124, 1344, 1693, 1759, 993, 2228, 3529, 1844, 1864, 827, 2077, 1566, 2411, 1512, 1083, 1893, 1079, 2785, 1478, 6548, 1925, 1488, 3816, 1729, 2369, 2228, 1960, 5332, 2178, 1326, 2410, 2080, 3668, 1840, 2829, 2399, 1409, 3177, 2228, 1856, 1400, 700, 4275, 2578, 9100, 1911, 3016, 1966, 1630, 1536, 876, 2474, 2100, 1909, 1550, 2530, 639, 2563, 745, 799, 2128, 1461, 1733, 1566, 985, 3809, 3057, 1687, 1923, 1776, 2517, 919, 806, 8851, 1795, 2756, 1938, 1514, 778, 2438, 2366, 1843, 3338, 1282, 2763, 2519, 1659, 4386, 1446, 1445, 2171, 952, 3029, 2605, 1632, 312, 2208, 1982, 1611, 1172, 1682, 637, 3463, 1881, 1062, 2884, 1575, 3548, 2903, 1350, 2575, 1762, 5149, 1520, 2306, 2560, 1245, 8198, 2975, 1499, 4919, 1832, 1602, 1272, 1785, 1128, 1086, 1962, 2726, 1224, 4687, 1919, 2966, 2890, 1915, 2871)
(133, 704): Mean: 2095.468, median: 1824.5, std: 1274.614, percent: 1989.32, B: 136, W: 112, 
	(2286, 1089, 1612, 8375, 2676, 1773, 1173, 1541, 914, 2643, 1467, 1549, 1075, 1810, 3777, 1172, 3423, 4416, 1942, 2959, 1379, 880, 2061, 1020, 1852, 1962, 1048, 2175, 1610, 1638, 3869, 2478, 3575, 1115, 993, 2006, 1831, 1874, 2190, 2047, 1072, 2257, 1379, 2196, 923, 2503, 1366, 975, 6761, 1844, 781, 1764, 1209, 324, 1710, 5716, 635, 773, 3268, 2845, 2174, 2935, 2190, 1882, 2613, 4350, 1685, 968, 532, 2251, 1158, 3584, 2499, 1711, 1699, 1701, 1240, 919, 1627, 1062, 1258, 936, 2806, 1216, 1385, 1462, 1260, 645, 1368, 1312, 1245, 1009, 2190, 1637, 4450, 2689, 1007, 1052, 1828, 777, 1821, 3462, 1229, 2386, 2058, 1622, 848, 348, 1629, 3482, 2430, 1011, 1807, 1047, 1002, 1166, 1793, 1676, 955, 2224, 3695, 1960, 1922, 621, 2011, 1596, 2623, 1427, 1105, 1905, 1114, 2337, 1440, 5608, 2027, 1367, 3776, 1595, 2808, 2036, 2113, 5165, 1962, 1414, 1972, 2380, 3455, 1832, 3030, 2456, 1422, 3346, 2060, 2118, 1289, 773, 3918, 2557, 7836, 1691, 3369, 2222, 1411, 1666, 945, 2528, 2025, 1903, 1820, 2606, 632, 2483, 680, 743, 1773, 1354, 1928, 1333, 1080, 3197, 3404, 1658, 1699, 1793, 2326, 876, 824, 7583, 1929, 2963, 1909, 1425, 867, 2630, 2062, 1755, 4054, 1274, 2874, 2149, 1821, 4499, 1427, 1386, 2148, 936, 2670, 2723, 2033, 350, 2246, 2034, 2152, 1231, 1613, 650, 3091, 2049, 1105, 2614, 1846, 3774, 3109, 1408, 3086, 1693, 4405, 1685, 2494, 2391, 1351, 8198, 2902, 1784, 5800, 1712, 1656, 1320, 2197, 1156, 1068, 1923, 2473, 1080, 5038, 2021, 2868, 2574, 1809, 2870)
(138, 734): Mean: 2110.736, median: 1841.5, std: 1328.679, percent: 2043.08, B: 128, W: 122, 
	(2548, 1162, 1496, 10094, 2657, 1732, 1150, 1658, 847, 2195, 1429, 1670, 1052, 1796, 3418, 1152, 3637, 4089, 2096, 2844, 1453, 953, 1834, 925, 2101, 1696, 914, 2403, 1753, 1754, 3912, 2375, 3767, 1253, 958, 2298, 1432, 1797, 1988, 2027, 1023, 2785, 1479, 1938, 1118, 2641, 1241, 962, 6329, 1822, 851, 1854, 1338, 379, 1554, 4635, 628, 786, 3338, 2657, 2077, 3198, 2548, 2044, 2316, 4216, 1772, 922, 655, 2097, 1079, 3651, 2561, 1702, 1619, 1837, 1310, 963, 1902, 1105, 1380, 863, 2434, 1148, 1410, 1452, 1137, 650, 1308, 1379, 1271, 778, 2635, 1675, 4279, 2860, 995, 1002, 1704, 732, 2326, 3177, 1167, 3055, 2255, 1525, 804, 364, 1621, 3170, 2580, 1066, 1868, 1089, 1003, 1558, 1970, 1554, 1036, 2329, 4071, 1872, 2175, 697, 2169, 1395, 2246, 1455, 1075, 1849, 1109, 2422, 1413, 4570, 1886, 1266, 3864, 2046, 3170, 2145, 2527, 4589, 2148, 1342, 1961, 2221, 3879, 1994, 2613, 2610, 1438, 3074, 1846, 1846, 1235, 696, 4365, 2380, 8869, 2018, 3312, 2012, 1316, 1744, 848, 2390, 2184, 1818, 1557, 2626, 709, 2653, 669, 730, 1891, 1431, 1664, 1250, 1078, 3272, 3343, 1661, 1615, 1868, 2424, 961, 871, 7164, 1694, 2834, 1735, 1525, 795, 3582, 2143, 2080, 3873, 1327, 3150, 2550, 1853, 4084, 1378, 1509, 2270, 964, 2576, 2935, 2225, 324, 2308, 2119, 1865, 1056, 1412, 519, 2658, 1881, 1114, 3012, 1678, 3008, 3061, 1378, 2865, 1533, 5561, 1609, 2959, 2202, 1191, 8682, 2644, 1582, 6191, 1783, 1605, 1348, 1929, 1158, 1088, 1891, 2616, 1175, 5518, 2138, 3550, 2469, 1744, 2715)
(139, 740): Mean: 2122.792, median: 1847.5, std: 1336.534, percent: 2007.22, B: 129, W: 119, 
	(2619, 1123, 1463, 8913, 2483, 1905, 1135, 1649, 927, 2223, 1489, 1955, 979, 1873, 4233, 1102, 2923, 4097, 1954, 2826, 1290, 904, 1959, 1045, 1844, 1565, 934, 1997, 1733, 1677, 3325, 2105, 3738, 1150, 874, 2249, 1560, 1797, 2316, 1814, 1039, 2424, 1472, 2101, 1013, 2659, 1318, 985, 8259, 1715, 792, 1850, 1113, 341, 1845, 5441, 661, 698, 3559, 3336, 2039, 3606, 2675, 1934, 2799, 4477, 1665, 953, 536, 2597, 1082, 3392, 2381, 2066, 1571, 2151, 1254, 944, 1791, 1226, 1251, 921, 2810, 1043, 1325, 1302, 1277, 635, 1237, 1375, 1346, 861, 2193, 1682, 5184, 2710, 987, 996, 1876, 766, 2258, 3729, 1269, 2883, 2182, 1589, 898, 293, 1547, 3295, 2494, 1066, 2045, 1108, 1032, 1707, 1763, 1712, 981, 2033, 3730, 1685, 1801, 658, 2012, 1704, 2416, 1429, 1086, 1937, 1155, 2438, 1467, 5604, 2001, 1454, 4186, 1790, 2420, 2189, 2260, 5659, 2215, 1470, 2292, 2135, 3676, 1753, 3037, 2817, 1617, 3066, 2191, 1914, 1272, 739, 4241, 2538, 8505, 2020, 3424, 1746, 1506, 1609, 899, 2406, 2295, 1859, 1536, 2826, 611, 2413, 672, 654, 1876, 1501, 1636, 1541, 1131, 3241, 3124, 1560, 1876, 1965, 2855, 915, 834, 7976, 1990, 2893, 1625, 1589, 777, 2199, 2249, 2072, 3169, 1186, 2943, 2453, 1755, 4107, 1339, 1467, 2206, 959, 3216, 2865, 1991, 325, 2519, 2108, 1855, 1222, 1571, 406, 2792, 1991, 1061, 3195, 1816, 3665, 3367, 1285, 2734, 1609, 5246, 1591, 2757, 2267, 1265, 7957, 2982, 1539, 4987, 1841, 1507, 1216, 1851, 1243, 1086, 1918, 2494, 1212, 4589, 2133, 3394, 2443, 1788, 2587)
(144, 769): Mean: 2105.452, median: 1833.0, std: 1350.801, percent: 2053.26, B: 133, W: 117, 
	(2591, 1089, 1611, 10921, 2679, 1832, 1042, 1658, 923, 2000, 1507, 1741, 1121, 1804, 3541, 1139, 3736, 3928, 2280, 3136, 1470, 977, 2114, 1027, 1827, 1680, 915, 2090, 1727, 1620, 3487, 2197, 3295, 1172, 967, 2030, 1552, 1572, 2258, 1927, 1055, 2540, 1582, 2067, 1056, 2648, 1251, 961, 7202, 1924, 787, 1815, 1295, 353, 1644, 5664, 636, 579, 3156, 2561, 1954, 3605, 2614, 1803, 2882, 4658, 1908, 880, 516, 2047, 1118, 3187, 2259, 1732, 1559, 1976, 1219, 1051, 1685, 1200, 1364, 936, 2843, 1135, 1328, 1440, 1257, 668, 1287, 1415, 1266, 862, 2288, 1802, 4248, 2915, 1102, 1023, 2081, 820, 2059, 3882, 1216, 2676, 2228, 1706, 758, 359, 1553, 3569, 2288, 1050, 1962, 1005, 1092, 1391, 1671, 1868, 1006, 2145, 3690, 1873, 2038, 670, 2029, 1501, 2284, 1641, 1122, 2036, 1188, 2294, 1512, 6565, 2057, 1390, 3616, 1880, 2588, 1993, 2272, 5120, 2177, 1313, 2240, 2056, 3658, 1857, 2736, 2596, 1549, 3652, 1665, 1947, 1265, 789, 3520, 2493, 8926, 1901, 3227, 1899, 1343, 1654, 856, 2627, 2429, 1856, 1689, 2915, 568, 2383, 691, 632, 1850, 1403, 1547, 1410, 979, 3161, 3178, 1629, 1959, 1889, 2499, 880, 861, 7051, 1864, 2573, 1631, 1329, 816, 2639, 2233, 1959, 3189, 1297, 3089, 2412, 1673, 4984, 1429, 1414, 1964, 920, 2585, 2727, 1753, 367, 2244, 2162, 1768, 1185, 1426, 493, 3348, 1986, 1129, 3042, 1509, 3180, 3279, 1457, 2565, 1731, 4454, 1587, 2674, 2134, 1317, 7999, 3018, 1537, 5214, 1614, 1605, 1308, 1827, 1219, 1062, 2062, 2593, 1122, 4798, 2072, 3260, 2896, 1834, 2666)
(147, 783): Mean: 2118.016, median: 1861.0, std: 1341.437, percent: 2051.58, B: 125, W: 122, 
	(2604, 1249, 1593, 10858, 2792, 1826, 1117, 1634, 976, 2028, 1566, 1725, 1152, 1951, 3256, 1112, 3633, 4173, 2112, 2649, 1416, 912, 2114, 1033, 1803, 1749, 942, 2028, 2052, 1647, 4042, 2271, 3201, 1144, 965, 2045, 1625, 1698, 2081, 1889, 1135, 2644, 1388, 2108, 1080, 2742, 1349, 952, 6722, 1697, 825, 1773, 1258, 375, 1486, 5918, 659, 794, 3359, 2527, 1917, 3260, 2375, 1714, 2768, 4392, 1903, 913, 566, 2537, 1174, 3565, 2374, 1656, 1559, 2056, 1491, 1000, 1880, 1132, 1330, 925, 2807, 1093, 1435, 1403, 1121, 635, 1266, 1280, 1219, 766, 2048, 1794, 5295, 2989, 1011, 1020, 1978, 996, 1979, 3718, 1245, 2669, 2258, 1562, 789, 413, 1684, 3172, 2389, 1102, 1946, 1085, 1060, 1401, 1686, 1997, 950, 2497, 3697, 1939, 2109, 699, 2020, 1647, 2350, 1340, 1154, 1935, 1111, 2241, 1476, 5304, 1928, 1332, 4084, 1703, 2511, 1985, 2378, 4741, 2346, 1289, 2154, 2226, 3790, 1637, 3121, 2465, 1443, 3188, 2118, 2099, 1283, 702, 3207, 2363, 7856, 1898, 3048, 2221, 1404, 1654, 912, 3222, 2447, 1922, 1632, 3176, 581, 2372, 669, 707, 1918, 1499, 1609, 1558, 914, 3304, 3906, 1733, 1740, 1621, 2993, 868, 1027, 7587, 2098, 2596, 1895, 1503, 823, 2582, 2570, 1742, 3526, 1326, 2833, 2320, 1553, 4611, 1339, 1418, 2190, 898, 2563, 2433, 1768, 386, 2155, 2347, 1907, 1156, 1671, 457, 2907, 2243, 1113, 2750, 1501, 3677, 3205, 1257, 3111, 1852, 4761, 1531, 2507, 2116, 1384, 8475, 2923, 1625, 5825, 1682, 1678, 1165, 1893, 1193, 1098, 1829, 2341, 1114, 4717, 2005, 3663, 2438, 1870, 2577)
(151, 807): Mean: 2112.52, median: 1834.0, std: 1304.886, percent: 1967.44, B: 128, W: 121, 
	(2820, 1160, 1570, 9743, 2699, 1847, 1095, 1697, 977, 2193, 1528, 1750, 1023, 2072, 3611, 1149, 3998, 3899, 2056, 2738, 1412, 889, 1729, 1092, 1825, 1719, 1031, 2060, 1929, 1663, 2992, 2336, 3885, 1145, 904, 2073, 1531, 1647, 2237, 2072, 1017, 2386, 1346, 1935, 1030, 2495, 1262, 1062, 6957, 1843, 882, 1764, 1275, 335, 1594, 5361, 662, 710, 3281, 2761, 2143, 3781, 2637, 1855, 2539, 4644, 2102, 950, 581, 2081, 1069, 3332, 2071, 1876, 1539, 2330, 1218, 939, 1651, 1028, 1273, 930, 2844, 1165, 1382, 1370, 1044, 660, 1182, 1693, 1321, 832, 2364, 1779, 4330, 2653, 1079, 1140, 1889, 916, 1871, 3383, 1174, 2990, 2080, 1550, 816, 469, 1512, 3589, 2867, 1140, 2107, 1062, 1033, 1525, 1941, 1589, 997, 2413, 3441, 1773, 2268, 687, 1894, 1709, 2366, 1507, 1171, 1968, 1252, 2219, 1431, 5731, 1893, 1645, 3950, 1732, 2418, 1953, 2370, 4350, 2278, 1676, 2321, 2181, 3442, 2015, 2774, 2370, 1443, 3289, 1672, 1772, 1229, 727, 4115, 2815, 7989, 1691, 3392, 2523, 1656, 1863, 932, 2609, 2513, 1746, 1544, 2742, 630, 2312, 691, 683, 1818, 1450, 1959, 1406, 988, 3052, 3092, 1641, 1727, 2087, 2256, 885, 935, 8059, 1928, 2867, 1999, 1487, 799, 2258, 2039, 2083, 4369, 1152, 2586, 2799, 1735, 4939, 1426, 1369, 2368, 1014, 2537, 2956, 1730, 381, 2539, 1993, 1906, 1222, 1518, 599, 2928, 1821, 1087, 3056, 1906, 3926, 3075, 1290, 2754, 1521, 5971, 1516, 2369, 2213, 1355, 7428, 2545, 1817, 4880, 1719, 1543, 1346, 1771, 1237, 1074, 1954, 2548, 1056, 5164, 2192, 2754, 2675, 1757, 2492)
(156, 837): Mean: 2100.2, median: 1790.5, std: 1298.979, percent: 2008.0, B: 137, W: 112, 
	(2520, 1147, 1495, 9790, 2710, 2109, 1112, 1575, 1050, 2318, 1631, 1757, 1117, 1985, 3561, 1168, 3308, 4332, 1996, 2856, 1411, 919, 1988, 1111, 1942, 1607, 1098, 2409, 1856, 1679, 3513, 2617, 3365, 1158, 990, 2149, 1462, 1742, 2184, 1927, 1006, 2356, 1431, 2043, 1029, 2575, 1287, 939, 6025, 1697, 793, 1834, 1194, 393, 1461, 5941, 597, 769, 3468, 2755, 2086, 3066, 2490, 1894, 2575, 4260, 1718, 934, 546, 2201, 1082, 4150, 2634, 1858, 1664, 1998, 1300, 946, 1601, 1157, 1207, 1036, 2673, 1173, 1320, 1396, 1155, 671, 1298, 1302, 1260, 831, 2163, 1693, 4155, 2567, 1044, 1052, 1958, 855, 1978, 3738, 1238, 2332, 2492, 1718, 816, 453, 1817, 3146, 2508, 1158, 1985, 1031, 1106, 1248, 1930, 1524, 966, 1967, 4672, 1737, 2422, 761, 1868, 1485, 2239, 1487, 1162, 1953, 1301, 2597, 1577, 5313, 1941, 1502, 4740, 1659, 2401, 1915, 2688, 4788, 2138, 1386, 2160, 2279, 3890, 1880, 3027, 2871, 1329, 2979, 1779, 1912, 1310, 733, 3570, 2397, 8993, 1683, 3265, 2101, 1332, 1737, 867, 3108, 2232, 1866, 1719, 2708, 628, 2842, 732, 678, 2040, 1340, 1580, 1510, 1059, 2976, 3403, 1517, 1668, 1659, 2902, 872, 779, 6477, 1712, 2638, 1802, 1534, 774, 2140, 2383, 1826, 3649, 1393, 2826, 2492, 1423, 4218, 1390, 1497, 2306, 971, 2436, 3409, 1670, 343, 2404, 1964, 2122, 1200, 1439, 500, 2999, 1954, 1322, 2809, 1640, 3391, 3069, 1390, 2800, 1626, 4955, 1582, 2509, 2547, 1264, 8298, 2960, 1582, 4725, 1614, 1542, 1277, 1714, 1252, 1086, 1675, 2668, 1092, 5057, 2083, 2874, 2375, 1643, 2717)
(214, 1182): Mean: 2097.288, median: 1841.5, std: 1258.786, percent: 1999.26, B: 126, W: 124, 
	(3075, 1231, 1510, 8220, 3179, 1854, 1077, 1659, 908, 2138, 1538, 1654, 1049, 2115, 3708, 1097, 3682, 3523, 1908, 2615, 1436, 962, 2231, 1001, 1880, 1820, 1006, 2050, 1896, 1684, 3984, 2263, 3321, 1266, 1037, 2069, 1599, 1687, 2040, 1868, 1041, 2408, 1421, 2082, 1043, 2499, 1441, 1121, 6470, 1926, 774, 1753, 1174, 396, 1514, 4752, 680, 685, 3452, 2993, 2073, 2986, 2784, 1859, 2291, 4543, 1971, 988, 583, 2409, 1174, 4061, 2209, 1831, 1709, 1931, 1233, 1003, 1773, 1109, 1311, 903, 2613, 1212, 1322, 1228, 1090, 688, 1372, 1473, 1217, 815, 2422, 1689, 4890, 2735, 1137, 1118, 1772, 759, 2036, 3600, 1303, 2667, 2296, 1676, 860, 427, 1441, 3502, 2480, 1040, 1814, 1000, 1041, 1299, 1598, 1544, 1014, 2165, 4094, 1705, 2090, 738, 2151, 1535, 2414, 1589, 1136, 1843, 1202, 2280, 1475, 5799, 2087, 1361, 3866, 1564, 2557, 2031, 2733, 5298, 2303, 1500, 2145, 1971, 3681, 1869, 2911, 2670, 1484, 3311, 1885, 1915, 1295, 693, 3438, 2573, 7391, 1657, 3642, 2236, 1482, 1556, 861, 2573, 2418, 1847, 1549, 2551, 660, 2590, 714, 634, 2202, 1597, 1641, 1513, 953, 3402, 3690, 1516, 1562, 1637, 2914, 947, 833, 7690, 1857, 2642, 1689, 1488, 923, 2419, 1984, 1876, 3507, 1315, 2565, 2277, 1683, 4390, 1467, 1365, 2684, 938, 2508, 2965, 2027, 379, 2371, 2088, 1990, 1149, 1372, 502, 2546, 2047, 1127, 2776, 1795, 3634, 3227, 1206, 2324, 1542, 5763, 1594, 2547, 2148, 1443, 7717, 2697, 1598, 5595, 1606, 1561, 1406, 1851, 1328, 1073, 1946, 3037, 980, 4737, 2002, 2764, 2648, 1840, 2593)
(245, 1364): Mean: 2094.176, median: 1822.0, std: 1282.065, percent: 1972.54, B: 128, W: 120, 
	(2317, 1115, 1484, 9830, 2669, 2050, 1088, 1598, 906, 2242, 1562, 1657, 1118, 1952, 3228, 1140, 3073, 3848, 2088, 3247, 1516, 827, 2279, 986, 1834, 1827, 1071, 2066, 1780, 1640, 3601, 2367, 3431, 1097, 969, 2185, 1464, 1807, 2188, 1853, 1008, 2589, 1388, 2247, 912, 2609, 1335, 984, 6836, 1890, 825, 1978, 1301, 384, 1611, 4919, 609, 831, 3575, 2533, 2142, 3173, 2451, 1965, 3013, 3854, 1729, 961, 579, 2170, 1210, 3331, 2148, 1733, 1716, 1849, 1359, 930, 1816, 1128, 1264, 886, 2678, 1198, 1384, 1413, 1130, 751, 1361, 1532, 1316, 802, 2339, 1636, 5195, 2720, 1061, 1032, 1839, 836, 1839, 3586, 1222, 2506, 2200, 1439, 819, 361, 1639, 3181, 2638, 1040, 1816, 1043, 972, 1488, 1783, 1628, 1059, 2506, 3793, 1691, 1883, 670, 1959, 1578, 2224, 1722, 1250, 1815, 1199, 2152, 1484, 6406, 2000, 1415, 3562, 1829, 2796, 2086, 2245, 6011, 1969, 1391, 2206, 2026, 3980, 1820, 2811, 2392, 1602, 2850, 2039, 2082, 1263, 730, 3953, 2316, 6898, 1961, 3707, 2170, 1479, 1513, 988, 2607, 2442, 1769, 1636, 2950, 609, 2467, 677, 605, 1824, 1744, 1697, 1480, 1157, 3270, 3505, 1484, 1693, 1889, 2755, 967, 907, 7247, 2012, 2691, 1876, 1488, 783, 2707, 2181, 1885, 3365, 1230, 2791, 2660, 1699, 4522, 1412, 1376, 2108, 891, 2406, 3107, 1860, 308, 2088, 2241, 1788, 1211, 1517, 455, 2655, 2104, 1105, 3480, 1679, 3289, 2863, 1339, 2634, 1507, 5488, 1473, 2361, 2154, 1282, 7775, 2906, 1422, 4961, 1587, 1543, 1220, 1718, 1178, 1070, 1841, 2589, 1076, 4694, 2485, 2922, 2813, 1811, 2806)
(311, 1756): Mean: 2116.588, median: 1804.0, std: 1384.346, percent: 2021.9, B: 127, W: 122, 
	(2393, 1125, 1678, 11728, 2477, 1959, 1049, 1760, 880, 1724, 1613, 1859, 1016, 1887, 3801, 1126, 3577, 3725, 1803, 2569, 1465, 993, 2085, 1196, 1786, 1784, 1065, 2272, 1635, 1638, 3397, 2508, 3486, 1240, 1021, 2539, 1593, 2133, 2107, 2045, 1073, 2454, 1593, 2203, 1086, 2903, 1259, 1005, 5936, 1915, 912, 1763, 1364, 306, 1525, 6159, 650, 813, 3007, 3009, 2081, 3729, 2643, 1877, 2856, 4240, 1863, 974, 543, 2055, 1182, 3768, 2261, 1726, 1706, 2016, 1177, 941, 1805, 1170, 1288, 925, 2752, 1083, 1419, 1365, 1040, 612, 1335, 1313, 1429, 695, 2236, 1769, 4940, 2949, 1146, 1147, 1933, 836, 2052, 3481, 1366, 2597, 2003, 1527, 679, 374, 1681, 3091, 2329, 1041, 1767, 1042, 1111, 1330, 1672, 1859, 1112, 2366, 3263, 1898, 2027, 661, 1986, 1455, 2342, 1485, 1205, 2132, 1135, 2706, 1575, 5837, 2055, 1378, 3913, 1807, 2445, 1955, 2247, 4763, 2255, 1385, 2063, 2118, 3564, 1732, 2757, 2463, 1451, 3045, 1980, 1846, 1362, 818, 4346, 2565, 10115, 1742, 3360, 2058, 1490, 1642, 958, 2652, 2340, 1850, 1769, 2944, 635, 2601, 664, 717, 1798, 1367, 1705, 1333, 1029, 3026, 3466, 1386, 1599, 1852, 2940, 953, 865, 7975, 1570, 2663, 1793, 1312, 796, 2319, 2101, 2155, 3689, 1326, 3089, 2643, 1644, 3304, 1371, 1596, 2096, 940, 2293, 2888, 1946, 369, 2112, 2074, 1880, 1055, 1406, 585, 2919, 1861, 950, 3454, 1659, 3608, 3022, 1231, 2666, 1455, 5240, 1499, 2331, 2151, 1392, 7411, 3222, 1394, 5686, 1730, 1559, 1498, 1768, 1201, 1175, 1763, 2825, 1203, 4271, 1993, 3620, 2875, 1909, 2763)
(314, 1773): Mean: 2127.708, median: 1811.5, std: 1320.202, percent: 2025.58, B: 126, W: 124, 
	(2676, 1156, 1602, 10075, 2696, 1888, 1098, 1681, 976, 2316, 1443, 1597, 1022, 1835, 3407, 1102, 3444, 3801, 1995, 3260, 1469, 1007, 1962, 1168, 1898, 1720, 1021, 2034, 1857, 1498, 3328, 2530, 4181, 1161, 1080, 2150, 1547, 1787, 2339, 1846, 1075, 2313, 1499, 2148, 1208, 2616, 1384, 991, 7547, 1774, 802, 1941, 1265, 404, 1496, 5258, 589, 816, 3100, 2615, 1988, 3809, 2832, 2088, 2540, 4262, 1884, 961, 575, 2918, 1158, 3697, 2582, 1672, 1605, 2040, 1309, 1007, 1709, 1234, 1445, 844, 2489, 1146, 1264, 1403, 1118, 684, 1399, 1362, 1276, 846, 2193, 1843, 4333, 2542, 1065, 991, 1749, 843, 1910, 3913, 1203, 2241, 2486, 1489, 865, 472, 1581, 3266, 2675, 987, 2077, 1086, 973, 1351, 1807, 1799, 998, 2274, 4495, 1791, 1990, 673, 2175, 1534, 2288, 1754, 1167, 1795, 1241, 2304, 1378, 5389, 1870, 1490, 4277, 1864, 2458, 1959, 2441, 5017, 3018, 1313, 2047, 2084, 3952, 1800, 3144, 2632, 1518, 2909, 1810, 1837, 1311, 680, 4379, 2692, 8228, 1664, 2966, 2193, 1437, 1483, 886, 2760, 2385, 1835, 1704, 2908, 587, 2464, 666, 701, 2088, 1437, 2027, 1311, 1049, 3001, 3835, 1748, 1631, 1813, 2514, 930, 887, 8011, 1841, 2606, 2060, 1469, 814, 2207, 2188, 2157, 4104, 1274, 2751, 2793, 1494, 5126, 1649, 1677, 2198, 1029, 2979, 2668, 1790, 411, 2488, 1803, 1589, 1116, 1676, 533, 2789, 2018, 1046, 2854, 1686, 3426, 3383, 1334, 2684, 1747, 5151, 1556, 2475, 2031, 1388, 6677, 2962, 1696, 5316, 1691, 1505, 1406, 2002, 1162, 1097, 1761, 3001, 1089, 4656, 2048, 3216, 2792, 1829, 2686)
(315, 1775): Mean: 2138.812, median: 1849.0, std: 1394.286, percent: 2019.08, B: 129, W: 120, 
	(2717, 1188, 1473, 12261, 2393, 1921, 1201, 1825, 998, 2399, 1445, 1694, 1082, 2137, 3502, 1064, 3408, 3407, 1904, 2547, 1362, 926, 2171, 1198, 1814, 1608, 931, 2299, 1912, 1638, 3192, 2614, 3273, 1081, 997, 2321, 1544, 1565, 2206, 1964, 1111, 2473, 1397, 2325, 1169, 2946, 1297, 992, 6348, 1751, 891, 1943, 1216, 366, 1574, 5179, 575, 751, 3473, 3050, 2134, 4045, 2366, 1849, 3084, 4028, 1988, 1045, 561, 2292, 1250, 3428, 2297, 1758, 1657, 1860, 1253, 968, 1669, 1163, 1392, 894, 2596, 1020, 1414, 1469, 1089, 666, 1374, 1392, 1337, 796, 2286, 1755, 5447, 2516, 1210, 1084, 1708, 1045, 2327, 3746, 1364, 2515, 2067, 1696, 794, 420, 1522, 3666, 2955, 1083, 1913, 1102, 1015, 1351, 1709, 1594, 979, 2387, 3557, 1715, 1965, 643, 2178, 1670, 2212, 1469, 1194, 2395, 1119, 2597, 1599, 7462, 2059, 1474, 4008, 1778, 2318, 1891, 2198, 5822, 2047, 1518, 2168, 2068, 3713, 1692, 3029, 2507, 1559, 3188, 1946, 1885, 1365, 728, 4523, 2631, 7952, 2018, 3425, 2004, 1534, 1661, 947, 2608, 2451, 1825, 1747, 2699, 590, 2477, 762, 660, 1871, 1537, 1630, 1381, 1012, 3303, 3527, 1745, 2017, 1685, 2483, 915, 894, 7458, 2095, 2462, 1785, 1535, 779, 2414, 2302, 1998, 3878, 1281, 2954, 2732, 1849, 4602, 1495, 1525, 2414, 955, 2409, 2945, 1798, 332, 2507, 2183, 1853, 1084, 1536, 535, 2952, 1882, 1163, 2899, 1494, 3351, 3095, 1288, 2639, 1548, 5546, 1538, 2420, 2351, 1328, 8290, 2734, 1900, 5393, 1597, 1462, 1278, 1844, 1234, 1104, 1961, 2617, 1059, 4162, 2059, 3119, 2698, 1918, 2436)
(316, 1778): Mean: 2133.904, median: 1848.0, std: 1346.535, percent: 1975.78, B: 131, W: 118, 
	(3078, 1166, 1693, 11057, 2340, 1954, 1099, 1815, 881, 2066, 1374, 1798, 1080, 2099, 3004, 1197, 3392, 3894, 1894, 3087, 1388, 867, 1933, 1113, 1836, 1631, 1166, 2137, 1781, 1550, 2821, 2205, 2984, 1188, 973, 2069, 1546, 1842, 2239, 1819, 1028, 2294, 1477, 2113, 1065, 2780, 1405, 969, 6756, 1812, 808, 1816, 1298, 362, 1701, 4627, 699, 834, 3361, 2780, 2075, 4028, 2533, 2067, 2683, 4466, 2013, 984, 574, 2372, 1139, 3893, 2298, 1872, 1637, 1946, 1327, 974, 1871, 1260, 1342, 949, 2294, 1128, 1526, 1420, 1124, 664, 1297, 1545, 1274, 711, 2689, 1565, 4137, 2752, 1126, 1023, 2087, 741, 1927, 3766, 1323, 2576, 2100, 1678, 694, 318, 1804, 3272, 2461, 1125, 2055, 1171, 1061, 1426, 1681, 1704, 958, 2474, 3544, 1645, 1831, 721, 2543, 1907, 2169, 1679, 1241, 1917, 1131, 2584, 1553, 5842, 1963, 1529, 4744, 1658, 2755, 2218, 2251, 4598, 2437, 1524, 2169, 2290, 3623, 1863, 2940, 2508, 1484, 3266, 1831, 1953, 1330, 741, 4429, 2535, 8885, 1899, 3036, 2097, 1621, 1853, 879, 2926, 2601, 1807, 1731, 2557, 590, 2346, 708, 722, 2099, 1547, 1783, 1352, 1007, 3259, 3195, 1560, 2020, 2116, 2706, 1079, 836, 7390, 1749, 2460, 2047, 1414, 831, 2449, 2309, 1843, 3891, 1189, 2780, 2428, 1692, 5064, 1456, 1392, 2665, 946, 2790, 2637, 1891, 400, 2450, 2411, 1696, 1124, 1470, 521, 2786, 2157, 1108, 2700, 1682, 3672, 3079, 1325, 2587, 1590, 5473, 1477, 2862, 2258, 1449, 8074, 2596, 1750, 5934, 1725, 1445, 1275, 2017, 1128, 1161, 2140, 2524, 1232, 4797, 1994, 3340, 2651, 1819, 2500)
(319, 1794): Mean: 2145.876, median: 1857.0, std: 1398.817, percent: 2028.14, B: 129, W: 121, 
	(2782, 1199, 1663, 10960, 2856, 1823, 1191, 1893, 954, 2116, 1525, 1627, 1123, 2076, 3433, 1175, 3188, 3816, 2008, 2889, 1424, 942, 1970, 1160, 1786, 1618, 921, 2085, 2003, 1873, 3535, 2165, 3365, 1207, 986, 2038, 1552, 1872, 2074, 1867, 962, 2507, 1369, 2029, 1139, 2980, 1349, 1054, 7575, 2024, 884, 1714, 1287, 365, 1657, 5798, 582, 736, 3303, 2619, 1808, 3494, 2539, 1814, 2621, 4572, 2176, 1021, 552, 2144, 1226, 3626, 2429, 1999, 1456, 1972, 1283, 990, 1786, 1205, 1259, 904, 2297, 1106, 1367, 1346, 1168, 695, 1399, 1360, 1311, 823, 2446, 1847, 4390, 2738, 1083, 1110, 2015, 788, 2169, 3577, 1306, 2623, 2192, 1485, 785, 442, 1594, 3318, 2646, 1077, 2138, 1117, 1057, 1436, 1898, 1821, 900, 2355, 3966, 1700, 1932, 664, 2227, 1847, 2154, 1510, 1064, 2013, 1210, 2471, 1495, 6102, 1994, 1388, 4098, 1820, 2711, 1912, 2644, 5352, 2349, 1379, 2271, 2199, 3183, 1788, 2849, 2328, 1511, 3200, 2083, 1969, 1342, 753, 4597, 2866, 8469, 1947, 3148, 2051, 1504, 1602, 915, 2683, 2419, 1761, 1554, 3087, 597, 2563, 658, 717, 1920, 1357, 1797, 1417, 1051, 3205, 3385, 1506, 1808, 1706, 2470, 938, 983, 8203, 1727, 2484, 1988, 1353, 803, 2426, 2165, 2371, 4424, 1208, 2750, 2684, 1734, 4671, 1428, 1488, 2332, 922, 2531, 3320, 1914, 361, 2275, 2292, 1929, 1142, 1555, 552, 2908, 2001, 1026, 3302, 1773, 3422, 2981, 1212, 2657, 1660, 4821, 1493, 2586, 2255, 1466, 9256, 2759, 1483, 5925, 1670, 1479, 1358, 1843, 1219, 1075, 1801, 2537, 1068, 4416, 2317, 3129, 2949, 1728, 2929)
(321, 1801): Mean: 2137.296, median: 1847.0, std: 1352.58, percent: 1994.76, B: 128, W: 121, 
	(2656, 1321, 1565, 10725, 2622, 1821, 1034, 1863, 985, 1965, 1480, 1601, 1224, 1842, 3199, 1209, 3391, 4267, 1824, 2749, 1478, 893, 2027, 1135, 1773, 1711, 1133, 2342, 1581, 1727, 3417, 2163, 3719, 1301, 916, 2223, 1576, 1614, 2129, 2100, 1003, 2059, 1417, 2359, 1003, 2645, 1440, 984, 7002, 2145, 777, 1952, 1325, 440, 1565, 5095, 653, 794, 3369, 3556, 2163, 3324, 2265, 1956, 2696, 4706, 1774, 1048, 571, 2072, 1094, 3599, 2663, 1868, 1593, 1773, 1177, 913, 1795, 1396, 1238, 1087, 2515, 1078, 1522, 1373, 1062, 644, 1376, 1460, 1334, 849, 2264, 1953, 4533, 3086, 1101, 1059, 2041, 844, 2209, 3834, 1321, 2658, 2092, 1498, 866, 344, 1495, 3322, 2379, 1137, 2250, 1193, 1023, 1421, 2010, 1665, 997, 2422, 3497, 1809, 2121, 595, 2141, 1619, 2174, 1638, 1076, 1810, 1129, 2774, 1490, 6419, 1826, 1309, 3838, 1852, 2352, 1885, 2160, 4635, 2011, 1292, 2245, 2164, 4227, 1809, 2672, 2616, 1407, 2972, 1887, 1904, 1481, 726, 4705, 2675, 8105, 1875, 2861, 1924, 1606, 1876, 896, 2700, 2418, 1773, 1820, 2437, 624, 2881, 725, 773, 2043, 1413, 2041, 1308, 1000, 3673, 3673, 1590, 1808, 1965, 2348, 921, 834, 7729, 1691, 2457, 1896, 1586, 777, 2758, 2668, 2219, 4335, 1164, 2935, 2400, 1693, 5846, 1479, 1334, 2075, 951, 2489, 2663, 1854, 366, 2228, 1987, 1780, 1283, 1398, 415, 3342, 1999, 1108, 3055, 1478, 3676, 2879, 1424, 2841, 1673, 5016, 1589, 2709, 2213, 1289, 7754, 2994, 1619, 5403, 1906, 1450, 1279, 1852, 1134, 1166, 1749, 2847, 1200, 4839, 2167, 3066, 2872, 1742, 2800)
(325, 1820): Mean: 2142.192, median: 1856.0, std: 1360.481, percent: 2008.8, B: 131, W: 119, 
	(2517, 1100, 1575, 8974, 2724, 1756, 1181, 1813, 1106, 2623, 1401, 1860, 1100, 1883, 3211, 1124, 3927, 3869, 1880, 3137, 1281, 993, 2101, 1068, 1943, 1695, 985, 2258, 2688, 1543, 2924, 2591, 3729, 1160, 944, 2175, 1472, 1701, 2200, 1962, 1081, 2470, 1339, 2132, 995, 2682, 1306, 1059, 7682, 1939, 885, 1751, 1144, 420, 1562, 5352, 640, 678, 3064, 2597, 2094, 3788, 3372, 1799, 2629, 5286, 1899, 952, 501, 2434, 1114, 4003, 2541, 1704, 1594, 1982, 1162, 1052, 1815, 1133, 1536, 863, 2977, 1155, 1354, 1495, 1106, 621, 1340, 1491, 1320, 855, 2015, 1597, 5418, 3133, 1049, 1049, 1801, 769, 2164, 3748, 1385, 2616, 2169, 1622, 784, 486, 1579, 2920, 2583, 1058, 1856, 1206, 1066, 1517, 1798, 1856, 982, 2394, 4457, 2068, 2029, 715, 2419, 1631, 2452, 1628, 1054, 2241, 1118, 2014, 1784, 6464, 1952, 1505, 4583, 1765, 2112, 2180, 2526, 5594, 2176, 1440, 2212, 2169, 3469, 1894, 2641, 2537, 1342, 3150, 1863, 2039, 1288, 682, 4056, 2531, 7869, 1777, 3034, 1994, 1480, 1786, 901, 2769, 2339, 1584, 1622, 2823, 607, 2565, 657, 719, 1780, 1653, 1724, 1334, 971, 3789, 3703, 1575, 1917, 1917, 2591, 1100, 850, 9361, 1795, 2605, 1881, 1420, 790, 2890, 2077, 2048, 3254, 1250, 2730, 2433, 1584, 4125, 1475, 1313, 2284, 949, 2532, 2880, 2028, 380, 2333, 2490, 1846, 1191, 1423, 615, 2729, 1969, 1056, 2967, 1651, 3292, 3198, 1353, 2357, 1491, 5643, 1511, 2452, 2271, 1225, 7494, 2816, 1640, 5721, 1579, 1540, 1276, 1769, 1198, 1053, 1946, 2569, 1141, 4676, 2131, 3090, 2550, 1933, 2530)
(327, 1831): Mean: 2139.376, median: 1812.0, std: 1346.225, percent: 2044.72, B: 126, W: 123, 
	(2842, 1172, 1483, 9838, 2621, 1790, 1080, 1693, 1067, 2312, 1471, 1668, 1044, 2161, 3213, 1096, 3558, 3998, 1877, 3222, 1678, 973, 2026, 1035, 2119, 1813, 973, 2210, 1735, 1670, 2875, 2603, 3197, 1267, 936, 2159, 1671, 1745, 2151, 1713, 1095, 2372, 1641, 2412, 1224, 3128, 1336, 891, 6499, 1867, 831, 1743, 1289, 369, 1613, 5558, 703, 741, 3337, 2680, 2057, 3838, 2672, 1959, 3306, 4490, 1876, 941, 589, 2211, 1117, 4007, 2208, 1796, 1553, 1774, 1122, 1007, 1610, 1223, 1248, 905, 2637, 1102, 1358, 1485, 1067, 656, 1286, 1347, 1346, 721, 2383, 1924, 4434, 3306, 990, 1097, 2106, 880, 1906, 3743, 1365, 2733, 2240, 1647, 780, 381, 1776, 3602, 2498, 1065, 1876, 1036, 1134, 1550, 1765, 1811, 991, 2494, 3644, 2089, 1850, 697, 2268, 1644, 2738, 1643, 1137, 2086, 1238, 2340, 1684, 6440, 2003, 1479, 4704, 1756, 2528, 2052, 2208, 4828, 2102, 1440, 2163, 2246, 3683, 1873, 2808, 2720, 1369, 3481, 1908, 1984, 1260, 627, 3986, 2630, 8446, 1954, 3171, 2005, 1529, 1554, 965, 2407, 2553, 1891, 1636, 2505, 561, 2690, 661, 783, 2156, 1524, 1542, 1412, 933, 3681, 3226, 1605, 1817, 1762, 2560, 955, 876, 8494, 1771, 2695, 1803, 1467, 794, 2167, 2110, 2142, 3834, 1204, 2898, 2265, 1497, 4665, 1407, 1442, 2234, 905, 2576, 2824, 1807, 343, 2124, 2477, 1823, 1276, 1591, 465, 3145, 2061, 1170, 2979, 1573, 3802, 3044, 1246, 2492, 1664, 5182, 1478, 2601, 2162, 1303, 8319, 2626, 1797, 5453, 1552, 1533, 1457, 1894, 1342, 1202, 1717, 2702, 1137, 4494, 2007, 2984, 3294, 1785, 2740)
(328, 1837): Mean: 2143.372, median: 1843.0, std: 1413.681, percent: 2014.6, B: 126, W: 124, 
	(3240, 1141, 1605, 10659, 2520, 1757, 1103, 1888, 998, 2475, 1509, 1868, 1020, 2305, 3267, 1253, 3376, 4535, 2204, 2793, 1498, 1002, 1908, 1165, 1818, 1946, 1063, 2513, 2019, 1697, 3392, 2636, 3282, 1264, 956, 1979, 1532, 1947, 2045, 1867, 1036, 2482, 1475, 2167, 1030, 2512, 1370, 931, 7006, 1769, 731, 1814, 1317, 341, 1733, 5131, 607, 775, 3163, 2836, 1988, 3782, 2548, 1855, 2644, 4640, 1629, 962, 543, 2326, 1317, 3627, 2363, 1662, 1631, 2074, 1305, 933, 1708, 1101, 1325, 926, 2533, 1094, 1407, 1575, 1114, 600, 1374, 1424, 1361, 824, 2556, 1774, 4402, 2884, 943, 1058, 1873, 749, 1879, 3557, 1272, 2810, 2176, 1665, 955, 359, 1485, 3332, 2464, 1189, 2067, 1145, 1170, 1580, 2005, 1778, 1060, 2179, 4009, 1857, 2136, 557, 2288, 1569, 2329, 1524, 1288, 2085, 1206, 2372, 1402, 6011, 1950, 1330, 4742, 1714, 2567, 2145, 1985, 5123, 2292, 1498, 2146, 2301, 3313, 1821, 3320, 2648, 1479, 3294, 1749, 1938, 1322, 753, 3650, 2539, 7374, 2179, 2970, 2213, 1848, 1558, 874, 2441, 2728, 1779, 1782, 2921, 592, 2651, 699, 714, 1942, 1459, 1735, 1330, 944, 3162, 3311, 1466, 1794, 1863, 2727, 1028, 811, 12040, 1736, 2844, 1896, 1302, 846, 2417, 2072, 1904, 4295, 1231, 3130, 2552, 1674, 3824, 1521, 1404, 2313, 902, 2500, 2664, 1747, 438, 2093, 2053, 1764, 1097, 1468, 424, 2832, 1966, 1130, 2983, 1687, 3513, 2786, 1274, 2523, 1722, 4948, 1458, 2299, 2229, 1518, 7323, 3439, 1607, 5591, 1685, 1631, 1218, 1838, 1200, 1125, 1831, 3254, 1097, 5486, 1985, 2484, 2550, 1709, 2792)
(333, 1863): Mean: 2126.364, median: 1834.0, std: 1377.793, percent: 1987.04, B: 125, W: 124, 
	(2689, 1097, 1506, 10877, 2838, 1993, 1063, 1668, 1134, 2297, 1373, 1800, 1089, 2112, 3269, 1166, 3038, 3238, 1788, 2457, 1294, 950, 1973, 1137, 1968, 1750, 1083, 2513, 1764, 1476, 3359, 2541, 3564, 1196, 1084, 1982, 1486, 1661, 2273, 1914, 1067, 2480, 1320, 2140, 1234, 2609, 1316, 965, 7384, 2030, 782, 1899, 1306, 331, 1523, 4688, 598, 670, 3465, 2550, 2214, 3328, 2650, 2001, 2716, 4825, 1811, 982, 579, 2321, 1130, 3354, 2582, 2055, 1599, 1759, 1246, 984, 1611, 1115, 1330, 858, 2810, 1093, 1321, 1404, 1110, 724, 1292, 1344, 1397, 874, 2363, 1817, 5499, 2604, 1055, 1080, 1963, 783, 2248, 3699, 1364, 2192, 2119, 1583, 800, 387, 1596, 3324, 2396, 1224, 1996, 1192, 1064, 1367, 1766, 1783, 977, 2432, 3643, 1671, 2115, 680, 2098, 1519, 2456, 1628, 1156, 1831, 1106, 2274, 1489, 5287, 1923, 1386, 4278, 1837, 2477, 1854, 2201, 4866, 1908, 1323, 2218, 2051, 3446, 1806, 3073, 2609, 1586, 3485, 1853, 2101, 1238, 644, 4282, 2590, 9532, 1945, 3142, 1858, 1700, 1760, 933, 2448, 2251, 1724, 1683, 2624, 576, 2458, 703, 776, 1960, 1339, 1741, 1418, 985, 3561, 3788, 1633, 1705, 1984, 2445, 910, 905, 7055, 1699, 2796, 1779, 1457, 798, 2657, 2442, 1976, 3872, 1240, 3035, 2544, 2094, 4824, 1473, 1500, 2600, 934, 2572, 3084, 1923, 361, 2176, 2235, 1876, 1068, 1427, 587, 2737, 2303, 1278, 3067, 1693, 3579, 2835, 1280, 2531, 1627, 5567, 1434, 2265, 2076, 1279, 9186, 3462, 1757, 5257, 1653, 1504, 1369, 1898, 1154, 1151, 1855, 2722, 1139, 4240, 2104, 2779, 3093, 1779, 2470)
(340, 1900): Mean: 2118.064, median: 1831.5, std: 1349.182, percent: 2023.74, B: 128, W: 121, 
	(2616, 1135, 1576, 11353, 2502, 2028, 1083, 1699, 988, 2156, 1424, 1801, 1059, 1896, 3317, 1265, 3446, 3572, 2037, 2799, 1509, 948, 1731, 1054, 1976, 1698, 871, 2297, 1823, 1565, 3096, 2540, 3707, 1221, 1078, 2046, 1519, 1701, 2326, 1999, 1111, 2362, 1425, 2089, 961, 2581, 1270, 1007, 6905, 1647, 872, 1838, 1381, 394, 1630, 4960, 603, 702, 3524, 2887, 2113, 3819, 2420, 1887, 2506, 5059, 1876, 1005, 543, 2307, 1131, 3710, 2778, 1712, 1536, 1935, 1184, 1026, 1843, 1109, 1362, 868, 2375, 1155, 1525, 1552, 1265, 696, 1236, 1433, 1389, 713, 2577, 1724, 4559, 2582, 976, 1077, 1886, 800, 2291, 3783, 1365, 2787, 2175, 1554, 791, 438, 1510, 3558, 2581, 1198, 1975, 1148, 974, 1500, 1830, 1623, 1148, 2460, 3624, 1759, 1988, 586, 1957, 1469, 2288, 1420, 1246, 1826, 1162, 2423, 1578, 5975, 1952, 1491, 3816, 1833, 2549, 2152, 2531, 5544, 1886, 1239, 2136, 2152, 3802, 1769, 3002, 2516, 1429, 3468, 1646, 1826, 1336, 690, 3748, 2510, 7989, 1936, 3387, 2199, 1504, 1760, 899, 2689, 2305, 1682, 1509, 2700, 639, 2739, 701, 722, 1852, 1390, 1811, 1410, 949, 3271, 3454, 1607, 1812, 1861, 2682, 985, 865, 7877, 2077, 2683, 1875, 1471, 807, 2623, 2176, 1903, 4087, 1173, 3402, 2421, 1646, 4052, 1452, 1423, 2113, 969, 2539, 3075, 1930, 378, 2474, 1903, 1940, 1141, 1537, 441, 2960, 1998, 1124, 2942, 1501, 3563, 2747, 1258, 2472, 1599, 5819, 1453, 2809, 2532, 1405, 8031, 2946, 1520, 4240, 1943, 1433, 1312, 1802, 1149, 1044, 1948, 2615, 1056, 4323, 1887, 2753, 2965, 1808, 2794)
(342, 1912): Mean: 2098.828, median: 1826.5, std: 1252.772, percent: 2051.5, B: 126, W: 124, 
	(2766, 1179, 1538, 8526, 2488, 2067, 1105, 1669, 1034, 2077, 1441, 1693, 1061, 1800, 3562, 1226, 3591, 4025, 1866, 2731, 1446, 869, 1922, 899, 1972, 1799, 1081, 2159, 1915, 1749, 3219, 2343, 3146, 1157, 1057, 2007, 1697, 1773, 2274, 1914, 1164, 2161, 1303, 2096, 1033, 2871, 1398, 981, 8101, 1811, 803, 1773, 1291, 335, 1514, 4817, 512, 655, 3301, 2975, 2083, 3297, 2839, 2003, 2699, 4239, 1741, 1048, 540, 2133, 1210, 3485, 2460, 1917, 1741, 2036, 1188, 1023, 1708, 1151, 1333, 938, 2819, 1189, 1324, 1424, 1398, 703, 1359, 1529, 1286, 869, 2391, 1741, 4138, 2620, 1079, 1008, 1654, 832, 2355, 3493, 1163, 2316, 2071, 1618, 845, 442, 1545, 3026, 2551, 1046, 1958, 1175, 1165, 1566, 1791, 1649, 950, 2613, 3915, 1588, 1844, 661, 2098, 1369, 2583, 1338, 1165, 1904, 1171, 2288, 1470, 5877, 1948, 1589, 4351, 1619, 2317, 1977, 2337, 5125, 2334, 1361, 2128, 2300, 4226, 1864, 3049, 2771, 1416, 2973, 1853, 1871, 1461, 681, 4193, 2728, 7388, 1856, 3390, 1900, 1391, 1754, 866, 2450, 2115, 1757, 1675, 2785, 653, 2698, 647, 645, 1898, 1534, 1737, 1396, 998, 3311, 3596, 1663, 1769, 2493, 2376, 993, 803, 6816, 1735, 2449, 1876, 1436, 797, 3128, 2154, 2031, 3128, 1398, 3013, 2181, 1612, 4959, 1549, 1366, 2348, 964, 2548, 2977, 1964, 345, 2034, 2346, 1872, 1093, 1505, 485, 3320, 1872, 1132, 2529, 1638, 3094, 3031, 1301, 2346, 1611, 5106, 1605, 2700, 2200, 1420, 7068, 3040, 1598, 5602, 1686, 1524, 1406, 1758, 1354, 1136, 2093, 2917, 1145, 4940, 2133, 2514, 2604, 1842, 2802)
(349, 1954): Mean: 2110.768, median: 1802.5, std: 1328.256, percent: 1983.74, B: 130, W: 120, 
	(2749, 1085, 1655, 9433, 2626, 2163, 1125, 1785, 1022, 2418, 1402, 1613, 1109, 1938, 3480, 1255, 3982, 3695, 1954, 3308, 1479, 889, 2194, 1071, 1862, 1671, 906, 2156, 1804, 1769, 3508, 2467, 3506, 1257, 971, 2241, 1533, 1745, 1981, 1801, 1089, 2510, 1410, 2179, 966, 2573, 1254, 983, 7677, 1947, 778, 1661, 1269, 407, 1509, 4915, 566, 679, 2928, 2733, 2179, 3630, 2971, 2168, 2639, 4324, 1652, 905, 549, 2480, 1099, 3543, 2218, 1877, 1731, 1939, 1296, 979, 1772, 1173, 1251, 871, 2856, 1151, 1415, 1404, 1116, 655, 1281, 1372, 1215, 918, 2372, 1677, 4862, 2747, 1013, 1017, 1738, 805, 2078, 3627, 1273, 2629, 2442, 1856, 763, 410, 1448, 3329, 2760, 1173, 2224, 1139, 1081, 1536, 1714, 1486, 1082, 2289, 3899, 1758, 2244, 583, 2211, 1918, 2435, 1721, 1287, 1987, 1295, 2232, 1599, 6644, 2109, 1471, 4105, 1784, 2416, 1903, 2137, 5365, 1973, 1394, 2131, 2276, 3679, 1826, 2708, 2700, 1325, 3332, 1584, 2231, 1229, 727, 4060, 2793, 7951, 1895, 3502, 2156, 1558, 1714, 923, 2485, 2210, 1717, 1651, 2462, 628, 2785, 717, 843, 1919, 1460, 1559, 1368, 979, 3291, 2892, 1464, 1678, 1876, 2538, 974, 919, 8579, 1535, 2528, 1719, 1488, 706, 2192, 2165, 1688, 4093, 1275, 2957, 2464, 1490, 4233, 1500, 1398, 2127, 909, 2422, 2794, 1866, 308, 2323, 2107, 1818, 1107, 1416, 599, 2493, 2105, 1174, 2907, 1552, 3164, 3040, 1222, 2442, 1646, 4977, 1423, 2528, 2477, 1374, 8213, 2641, 1680, 4988, 1755, 1437, 1303, 1679, 1177, 1172, 1980, 2695, 1195, 4342, 1930, 2974, 2825, 1973, 2378)
(350, 1959): Mean: 2131.468, median: 1807.0, std: 1385.658, percent: 2046.68, B: 126, W: 121, 
	(2691, 1144, 1543, 10812, 3194, 1998, 1086, 1719, 1019, 2225, 1453, 1605, 1193, 1853, 3678, 1213, 3856, 3884, 1983, 2848, 1434, 922, 2083, 1055, 2020, 1639, 980, 2124, 1759, 1769, 3794, 2562, 3696, 1215, 925, 2126, 1524, 1688, 2293, 1893, 1028, 2416, 1520, 2389, 1024, 2987, 1223, 979, 6050, 1899, 831, 1766, 1173, 401, 1493, 4957, 573, 765, 3151, 2736, 2150, 3440, 2669, 1923, 2499, 4310, 1803, 944, 565, 2523, 1201, 3507, 2418, 1675, 1651, 1932, 1285, 935, 1786, 1149, 1395, 880, 2595, 1075, 1387, 1476, 1143, 655, 1384, 1325, 1215, 935, 2295, 1951, 4729, 2832, 1059, 1101, 1829, 802, 1912, 4001, 1241, 2326, 2252, 1625, 767, 434, 1700, 3574, 2519, 1090, 2107, 1169, 1090, 1521, 1690, 1765, 963, 2390, 4019, 1633, 1898, 747, 2090, 1543, 2136, 1510, 1122, 1911, 1159, 2146, 1517, 6372, 2108, 1410, 4027, 1781, 2524, 2170, 2482, 5048, 2452, 1471, 2314, 1939, 3661, 1715, 3307, 2521, 1378, 3111, 1600, 2245, 1266, 787, 3817, 2432, 9353, 1950, 3439, 1986, 1416, 1670, 979, 2634, 2159, 1979, 1577, 2659, 608, 2445, 680, 719, 1747, 1446, 1694, 1443, 984, 3600, 3443, 1476, 1725, 1811, 2549, 912, 813, 7216, 1913, 2194, 1950, 1295, 824, 2879, 2250, 1844, 3482, 1253, 3021, 2429, 1449, 4256, 1532, 1241, 2438, 902, 2526, 2706, 1660, 354, 2592, 2144, 1747, 1249, 1454, 530, 3154, 2150, 1131, 3000, 1625, 3276, 2951, 1260, 2858, 1702, 5693, 1659, 2519, 2204, 1316, 9842, 3164, 1800, 5256, 1741, 1574, 1350, 1874, 1187, 1094, 1885, 2583, 1057, 4462, 1912, 3120, 2939, 2092, 2419)
(351, 1961): Mean: 2114.84, median: 1834.0, std: 1314.985, percent: 1996.74, B: 130, W: 120, 
	(3076, 1076, 1704, 9755, 2637, 1814, 1187, 1796, 921, 2152, 1468, 1547, 1057, 2097, 3211, 1056, 3519, 3147, 1822, 2914, 1472, 945, 2073, 1035, 1977, 2021, 998, 2293, 1806, 1620, 3845, 2253, 3534, 1159, 1065, 2043, 1548, 1540, 2262, 2048, 1029, 2447, 1441, 2205, 901, 2711, 1378, 972, 6231, 1901, 766, 1777, 1266, 377, 1638, 5083, 615, 760, 2881, 2890, 1918, 3421, 2757, 2028, 2560, 4442, 1847, 966, 568, 2205, 1184, 4108, 2314, 1525, 1468, 2096, 1258, 1050, 1717, 1123, 1357, 884, 2799, 1048, 1465, 1398, 1086, 690, 1365, 1452, 1320, 702, 2406, 1970, 5107, 2741, 1019, 1015, 1869, 796, 2152, 3607, 1321, 2734, 2476, 1800, 793, 430, 1585, 3590, 2629, 1033, 2020, 1145, 990, 1319, 1661, 1506, 1121, 2187, 3516, 1707, 2084, 693, 2091, 1593, 2475, 1475, 1151, 2055, 1153, 2290, 1556, 5406, 2010, 1717, 4221, 1599, 2574, 2043, 2173, 5096, 2041, 1272, 2249, 2216, 3899, 1853, 2636, 2493, 1498, 2968, 1888, 1881, 1345, 756, 3464, 2579, 8302, 1846, 3419, 1691, 1535, 1469, 844, 2782, 2507, 1725, 1923, 2781, 646, 2661, 645, 702, 2178, 1381, 1793, 1311, 941, 3646, 3122, 1594, 1703, 1982, 2665, 991, 861, 7172, 1713, 2369, 1806, 1409, 811, 2468, 2276, 2019, 4181, 1207, 3157, 2445, 1642, 4412, 1465, 1630, 2331, 978, 2279, 2838, 1647, 400, 2493, 2130, 1870, 1054, 1394, 534, 2915, 2219, 1021, 3079, 1624, 3420, 3186, 1153, 2544, 1647, 5645, 1551, 2559, 2287, 1281, 8745, 3075, 1484, 5669, 1630, 1481, 1282, 1793, 1171, 1093, 2299, 2963, 1121, 4695, 2066, 3079, 2933, 1957, 2646)
(354, 1979): Mean: 2120.4, median: 1810.5, std: 1360.839, percent: 1989.0, B: 129, W: 120, 
	(2634, 1098, 1504, 11113, 2532, 1842, 1275, 1648, 1007, 2018, 1583, 1603, 1200, 1926, 3641, 1151, 3525, 3782, 1719, 2895, 1498, 922, 2023, 1052, 1990, 1797, 1057, 2247, 1684, 1721, 3788, 2805, 3697, 1253, 1040, 1935, 1507, 2069, 2219, 1754, 1091, 2414, 1384, 2573, 1077, 2716, 1326, 1028, 6092, 1873, 849, 1695, 1277, 414, 1545, 5397, 566, 670, 3553, 2708, 1953, 3702, 2600, 1830, 2687, 4437, 1799, 933, 558, 2095, 1064, 3690, 2315, 2031, 1526, 1985, 1417, 1057, 1673, 1133, 1341, 891, 2859, 1083, 1457, 1378, 1201, 659, 1306, 1565, 1194, 775, 2369, 1788, 4189, 2510, 1032, 1022, 1900, 741, 2046, 3755, 1234, 2628, 2425, 1492, 811, 387, 1644, 3384, 2881, 1066, 2072, 1114, 1107, 1440, 1717, 1815, 1010, 2371, 4063, 1814, 2213, 723, 2224, 1645, 2133, 1555, 1025, 1939, 1153, 2318, 1541, 5625, 2178, 1375, 3762, 1633, 2457, 2122, 2055, 5071, 2145, 1382, 2113, 2136, 3390, 1580, 3217, 2353, 1454, 2967, 1848, 1888, 1314, 711, 4194, 2382, 8991, 1807, 3544, 2352, 1670, 1723, 950, 2844, 2427, 1780, 1673, 2867, 616, 2561, 665, 749, 1987, 1456, 1732, 1444, 980, 2930, 3169, 1786, 1625, 1803, 2420, 961, 771, 8599, 1617, 2571, 1786, 1440, 741, 2346, 2297, 1946, 4074, 1237, 2732, 2626, 1519, 4299, 1376, 1333, 2099, 879, 2616, 2812, 1876, 346, 2305, 2067, 1922, 1157, 1366, 453, 2812, 2067, 1168, 2965, 1687, 3498, 2887, 1138, 2664, 1691, 5618, 1555, 2569, 2175, 1345, 8045, 3063, 1499, 4636, 1798, 1651, 1453, 1836, 1105, 1197, 1892, 2787, 1161, 4637, 1963, 3450, 2512, 1908, 3104)
(360, 2014): Mean: 2109.636, median: 1817.5, std: 1266.06, percent: 2019.06, B: 126, W: 124, 
	(2802, 1169, 1472, 7918, 2952, 1813, 1209, 1671, 990, 2770, 1441, 1698, 1166, 2198, 3277, 1179, 4133, 3616, 1882, 2697, 1343, 1011, 2010, 1014, 1825, 1682, 1039, 2120, 1816, 1564, 3839, 2881, 3484, 1251, 989, 2373, 1559, 1773, 2202, 1944, 968, 2316, 1416, 2195, 1085, 2371, 1280, 1025, 7321, 1768, 774, 1776, 1191, 400, 1591, 4698, 602, 667, 3412, 2729, 2072, 3716, 2659, 1850, 2581, 5258, 1841, 956, 507, 2414, 1174, 3809, 2785, 1628, 1642, 1973, 1341, 1027, 1825, 1213, 1242, 890, 2747, 1109, 1359, 1533, 1059, 656, 1355, 1347, 1315, 795, 2249, 1793, 4868, 3051, 1039, 1157, 1614, 864, 2043, 3726, 1236, 2971, 2427, 1787, 723, 434, 1655, 3529, 2457, 1012, 2082, 1090, 1025, 1544, 1714, 1634, 1073, 2837, 3469, 1599, 1802, 663, 2199, 1619, 2384, 1661, 1353, 1819, 1280, 2306, 1520, 5703, 2158, 1364, 3848, 1724, 2394, 1843, 2271, 4507, 2014, 1348, 2270, 2167, 4347, 1867, 3037, 2490, 1351, 2884, 1858, 1933, 1407, 771, 3444, 2522, 7708, 1824, 3684, 1853, 1478, 1544, 870, 2398, 2139, 1725, 1550, 2987, 630, 2386, 753, 728, 1882, 1457, 1753, 1330, 952, 3023, 4261, 1409, 1637, 1866, 2493, 914, 895, 7579, 1903, 2654, 1826, 1308, 805, 2734, 2327, 1969, 3925, 1231, 3178, 2542, 1593, 4539, 1437, 1287, 2093, 915, 2804, 2811, 1853, 371, 2164, 2243, 1985, 1340, 1399, 427, 2740, 1959, 1041, 2535, 1503, 3501, 3530, 1304, 2912, 1675, 5315, 1746, 2306, 2191, 1384, 7377, 2896, 1687, 4760, 1683, 1495, 1336, 1832, 1204, 1016, 1989, 2561, 1175, 5234, 2068, 3078, 2857, 1794, 2489)
(362, 2026): Mean: 2116.336, median: 1832.5, std: 1300.845, percent: 1995.08, B: 129, W: 120, 
	(2339, 1157, 1719, 9310, 2679, 1899, 1088, 1542, 1020, 2334, 1655, 1540, 1071, 1873, 3070, 1164, 3600, 4595, 2038, 2824, 1552, 1096, 2087, 989, 1963, 1751, 882, 2315, 1775, 1911, 3081, 2535, 3243, 1301, 898, 2155, 1480, 1646, 2134, 1786, 1115, 2373, 1372, 2086, 997, 2655, 1278, 958, 6857, 1961, 755, 1939, 1248, 400, 1574, 6363, 617, 755, 3404, 2578, 1995, 4005, 2491, 1835, 3404, 4678, 1715, 1005, 582, 2532, 1416, 3429, 2327, 1869, 1739, 2045, 1457, 868, 2046, 1200, 1270, 874, 2912, 1090, 1309, 1562, 1115, 595, 1193, 1295, 1310, 939, 2425, 1997, 4086, 2789, 1057, 1100, 1894, 777, 2207, 3712, 1256, 2805, 2424, 1638, 862, 491, 1524, 4004, 2435, 1028, 1923, 1121, 1141, 1576, 1722, 1743, 1039, 2423, 3910, 1810, 2246, 622, 2192, 1669, 2301, 1591, 1294, 1825, 1216, 2284, 1475, 5477, 1890, 1461, 4084, 1588, 2418, 2088, 2433, 5631, 2100, 1288, 2024, 2009, 4182, 1753, 2724, 2542, 1433, 3034, 1877, 1945, 1419, 750, 3781, 2692, 8210, 1798, 3174, 1910, 1405, 1734, 927, 2390, 2043, 1978, 1659, 2762, 608, 2518, 716, 773, 1790, 1395, 1585, 1345, 980, 3435, 4032, 1594, 1725, 1712, 2370, 993, 898, 7458, 1904, 2441, 1729, 1499, 716, 2334, 2134, 1842, 3479, 1261, 2836, 2399, 1591, 4308, 1438, 1564, 2474, 907, 2292, 3386, 1875, 413, 2239, 2191, 2052, 1101, 1513, 575, 2875, 1743, 1116, 2668, 1665, 3372, 3096, 1445, 2614, 1659, 5149, 1523, 2502, 2061, 1308, 7753, 2885, 1700, 5076, 1732, 1555, 1280, 1844, 1156, 1123, 1830, 2921, 1156, 4665, 2025, 2855, 2722, 1913, 2946)
(363, 2032): Mean: 2112.488, median: 1837.0, std: 1356.339, percent: 2000.82, B: 130, W: 120, 
	(3081, 1230, 1566, 10703, 3307, 2048, 1092, 1617, 979, 2233, 1376, 1620, 1095, 2001, 3311, 1148, 3883, 3590, 1862, 2936, 1498, 884, 2107, 997, 1798, 1694, 923, 2008, 1732, 1849, 3717, 2539, 2932, 1158, 1021, 2005, 1544, 1930, 2097, 1727, 1069, 2536, 1415, 2015, 930, 2379, 1303, 1001, 7590, 1696, 814, 1936, 1210, 351, 1731, 4374, 610, 665, 3243, 2673, 2213, 3460, 2423, 1920, 2656, 4401, 1747, 944, 588, 2215, 1117, 3673, 2170, 1685, 1512, 1972, 1265, 1012, 1605, 1178, 1176, 944, 2693, 1020, 1435, 1634, 1105, 722, 1312, 1297, 1302, 768, 2202, 1704, 4958, 2406, 963, 954, 1741, 914, 2156, 3585, 1395, 2228, 2294, 1611, 733, 332, 1442, 3506, 2743, 1111, 2006, 1088, 1066, 1515, 1872, 1787, 1031, 2520, 3968, 1907, 2089, 616, 2308, 1620, 2366, 1566, 1139, 1946, 1240, 2151, 1666, 5547, 2109, 1506, 4200, 1839, 2402, 2152, 2084, 5020, 2091, 1409, 2330, 1982, 4221, 1902, 2649, 2478, 1436, 3025, 1553, 2026, 1302, 689, 3672, 2721, 8342, 1874, 3670, 2059, 1419, 1962, 911, 2456, 2390, 1868, 1615, 2617, 626, 2326, 696, 756, 1822, 1437, 1704, 1408, 1060, 3220, 3123, 1560, 1896, 2047, 2441, 951, 849, 8122, 1571, 2828, 1634, 1528, 711, 2491, 2412, 1971, 3653, 1374, 3073, 2327, 1578, 4117, 1357, 1285, 2223, 871, 2915, 2758, 1804, 342, 2266, 1860, 1835, 1116, 1435, 669, 3072, 2218, 1079, 2945, 1712, 4057, 2801, 1335, 2390, 1667, 5308, 1596, 2407, 2496, 1320, 8460, 2681, 1661, 5306, 1592, 1579, 1411, 1977, 1180, 1049, 1797, 2628, 1069, 5025, 2107, 3307, 2795, 1757, 2774)
(364, 2037): Mean: 2118.696, median: 1812.0, std: 1370.648, percent: 1984.94, B: 129, W: 121, 
	(2909, 1171, 1468, 11215, 2509, 1791, 1083, 1795, 1020, 2606, 1429, 1527, 1040, 2106, 3145, 1134, 3580, 3515, 1825, 2701, 1607, 925, 1976, 970, 1957, 1605, 1013, 2164, 1681, 1808, 3578, 2331, 3336, 1273, 930, 2090, 1523, 1663, 2309, 1894, 1027, 2284, 1409, 2206, 1149, 2213, 1223, 1028, 7416, 1816, 855, 1916, 1400, 416, 1543, 5927, 615, 660, 3043, 2646, 2152, 3209, 2893, 1931, 2766, 4852, 1855, 1027, 540, 2149, 1104, 4101, 2391, 1823, 1516, 2094, 1347, 1031, 1640, 1189, 1415, 866, 2514, 1061, 1350, 1417, 1139, 604, 1366, 1404, 1244, 792, 2346, 1928, 4860, 2698, 1019, 1022, 1972, 908, 1887, 3781, 1279, 2813, 2139, 1560, 824, 390, 1723, 3566, 2678, 1026, 1988, 1170, 1007, 1385, 1763, 1801, 1024, 2384, 4448, 1786, 2153, 675, 1899, 1860, 2499, 1572, 1099, 1808, 1135, 2134, 1460, 5851, 2017, 1567, 4218, 1623, 2294, 2034, 2406, 4292, 2213, 1422, 2186, 2184, 4277, 1828, 2843, 2486, 1452, 3125, 1715, 1975, 1321, 680, 3763, 2790, 8757, 1823, 3296, 1971, 1521, 1725, 977, 2749, 2268, 1777, 1576, 2480, 707, 2796, 695, 722, 1792, 1406, 1692, 1429, 945, 3417, 3321, 1468, 1584, 1820, 2666, 1011, 893, 7903, 1639, 2387, 1807, 1385, 708, 2664, 1977, 1867, 3334, 1275, 3383, 2265, 1406, 5215, 1402, 1516, 2270, 889, 2497, 2953, 1770, 335, 2292, 2321, 1741, 1120, 1548, 580, 2748, 1940, 1135, 3007, 1507, 3455, 2910, 1333, 2455, 1632, 4550, 1740, 2580, 2404, 1244, 7654, 3291, 1554, 5238, 1680, 1562, 1373, 1816, 1108, 1040, 1951, 2987, 1136, 4793, 2102, 2924, 2682, 1826, 2777)
(373, 2088): Mean: 2105.8, median: 1816.5, std: 1267.936, percent: 2015.06, B: 128, W: 122, 
	(2827, 1113, 1568, 9101, 2682, 2045, 1069, 1539, 914, 2488, 1439, 1577, 1116, 1965, 3199, 1266, 3284, 4249, 1817, 2873, 1430, 980, 1902, 929, 1782, 1548, 930, 2339, 1716, 1702, 3714, 2704, 3865, 1198, 1008, 2171, 1568, 1852, 2199, 1816, 1009, 2195, 1323, 2062, 1020, 2949, 1384, 1001, 6349, 1866, 823, 2028, 1292, 384, 1825, 5133, 578, 811, 3554, 2722, 2111, 3022, 2421, 1929, 2727, 4425, 2034, 989, 622, 2329, 1205, 3837, 2300, 1764, 1740, 1764, 1242, 1010, 1794, 1259, 1248, 922, 2681, 1124, 1324, 1312, 1213, 658, 1429, 1362, 1355, 831, 2115, 1515, 4455, 3158, 1014, 1052, 1711, 846, 2080, 3655, 1220, 2950, 2177, 1671, 717, 423, 1556, 3732, 2319, 1060, 1953, 1124, 1078, 1515, 1694, 1943, 936, 2211, 4114, 1878, 2215, 664, 2123, 1544, 2361, 1594, 1303, 1922, 1177, 2116, 1474, 4810, 2075, 1534, 4081, 1694, 2328, 1999, 2358, 4698, 2104, 1367, 2284, 2131, 3354, 1746, 2937, 2272, 1395, 3370, 1938, 2307, 1298, 704, 3972, 2976, 8677, 2024, 3166, 1988, 1481, 1866, 903, 2836, 2211, 1874, 1745, 2867, 643, 2286, 757, 716, 1978, 1397, 1857, 1325, 999, 3244, 3085, 1491, 1740, 1598, 2749, 951, 961, 6502, 1715, 2751, 1669, 1435, 806, 2578, 2295, 2014, 3318, 1155, 2960, 2672, 1524, 4719, 1457, 1313, 1942, 881, 2739, 2736, 1809, 386, 2691, 2401, 1756, 1270, 1494, 526, 2908, 2196, 1022, 3317, 1531, 3378, 3264, 1273, 2558, 1568, 5783, 1609, 2433, 2267, 1247, 8015, 2907, 1801, 4476, 1556, 1460, 1393, 1774, 1356, 1035, 2188, 3010, 1107, 4917, 1861, 2848, 3037, 1803, 2751)
(376, 2105): Mean: 2118.468, median: 1835.0, std: 1326.898, percent: 2031.16, B: 129, W: 121, 
	(2777, 1120, 1524, 10117, 2935, 2018, 1172, 1865, 1066, 2479, 1464, 1900, 1039, 1731, 3797, 1158, 3586, 3964, 1935, 3107, 1472, 970, 2006, 978, 1988, 1725, 967, 2087, 1747, 1489, 3102, 2454, 3542, 1157, 932, 2297, 1509, 1818, 2118, 1736, 1038, 2419, 1353, 2035, 1057, 2610, 1285, 939, 7534, 1756, 896, 1735, 1307, 342, 1608, 4475, 569, 743, 3131, 2498, 2410, 3589, 2552, 1872, 2501, 5218, 2112, 906, 564, 2592, 1141, 3807, 2082, 1781, 1580, 1841, 1250, 973, 2037, 1144, 1307, 858, 2602, 1094, 1306, 1383, 1272, 737, 1239, 1445, 1307, 754, 2510, 1739, 4278, 2809, 1081, 963, 1959, 856, 2123, 3691, 1171, 2494, 2151, 1552, 855, 347, 1546, 3131, 2557, 1062, 1963, 1148, 1052, 1278, 1819, 1646, 1007, 2250, 3886, 1794, 2107, 662, 2646, 1800, 2447, 1571, 1069, 1912, 1220, 2197, 1537, 5353, 2242, 1477, 3865, 1785, 2702, 2240, 2022, 5091, 2178, 1232, 2086, 2130, 3230, 1897, 3117, 2283, 1399, 3037, 1829, 2054, 1448, 700, 4252, 2302, 8056, 1756, 3134, 2273, 1478, 1941, 902, 2539, 2372, 1815, 1713, 2671, 700, 2769, 634, 719, 2018, 1413, 1695, 1374, 918, 3978, 3039, 1516, 1775, 1740, 2800, 930, 832, 8354, 1585, 2560, 1845, 1588, 772, 3637, 2128, 2114, 3215, 1172, 2686, 2532, 1532, 3295, 1417, 1369, 2143, 955, 2481, 2973, 1689, 368, 2422, 2220, 2002, 1132, 1536, 470, 2508, 2123, 1246, 3107, 1882, 3309, 3192, 1524, 2803, 1722, 6135, 1588, 2754, 2491, 1290, 7689, 2695, 1743, 5032, 1699, 1467, 1341, 1869, 1155, 1083, 1913, 2732, 1103, 4983, 2097, 2895, 2620, 1796, 3068)
(378, 2116): Mean: 2102.9, median: 1824.0, std: 1333.229, percent: 2029.82, B: 138, W: 112, 
	(2717, 1181, 1525, 10156, 3164, 1861, 1110, 1845, 970, 1882, 1531, 1675, 980, 1904, 3047, 1101, 3476, 4107, 1999, 2693, 1535, 871, 2098, 1161, 1982, 1591, 991, 2252, 1839, 1464, 3520, 2923, 3448, 1276, 959, 1970, 1682, 1883, 2248, 2073, 1030, 2242, 1329, 2296, 1045, 2664, 1320, 990, 6769, 1653, 808, 1841, 1219, 392, 1612, 5757, 646, 667, 3180, 2781, 2184, 3231, 2970, 1924, 2972, 4779, 1897, 1006, 578, 2580, 1101, 3570, 2593, 1793, 1541, 2141, 1310, 992, 1757, 1046, 1169, 947, 2606, 1239, 1329, 1380, 1191, 656, 1269, 1348, 1319, 827, 2329, 1814, 6012, 2817, 984, 1049, 1894, 763, 2157, 3978, 1150, 2501, 2237, 1445, 821, 417, 1437, 3018, 2541, 987, 1931, 1128, 1117, 1458, 1829, 1573, 993, 2007, 3545, 1790, 2156, 680, 2216, 1762, 2368, 1477, 1153, 2054, 1120, 2170, 1533, 5389, 1967, 1341, 3572, 1662, 2217, 1970, 3150, 5207, 2142, 1344, 2075, 1949, 3074, 1731, 2814, 2322, 1332, 2843, 2098, 2042, 1320, 796, 3934, 2353, 9213, 2037, 3107, 2216, 1396, 2437, 883, 2641, 2025, 1707, 1661, 2510, 657, 2272, 747, 641, 1819, 1407, 1583, 1406, 916, 3120, 4125, 1615, 1603, 1934, 2456, 1010, 945, 7274, 1586, 2825, 1656, 1581, 780, 2467, 2290, 2132, 3640, 1104, 2637, 2543, 1447, 4355, 1457, 1331, 2263, 895, 3030, 2618, 1737, 384, 2213, 2088, 2316, 1166, 1579, 447, 3031, 1816, 1097, 2969, 1547, 2972, 2966, 1245, 2650, 1539, 5056, 1591, 2490, 2190, 1295, 8245, 3156, 1518, 4482, 1761, 1747, 1223, 1791, 1145, 1148, 1774, 2761, 1042, 4138, 1941, 3066, 2853, 1774, 2545)
(379, 2121): Mean: 2093.184, median: 1808.0, std: 1280.272, percent: 1982.76, B: 126, W: 124, 
	(2648, 1182, 1574, 9638, 2578, 1841, 1174, 1851, 1002, 2179, 1551, 1570, 1028, 1888, 3516, 1112, 3499, 3376, 1632, 2855, 1384, 938, 1935, 1071, 2047, 1704, 1043, 2057, 1851, 1399, 3350, 2766, 3255, 1280, 942, 2391, 1602, 1751, 2187, 1924, 1012, 2232, 1342, 1999, 1075, 2600, 1417, 920, 7671, 1719, 797, 1652, 1226, 381, 1628, 4970, 613, 723, 3443, 2769, 1800, 3128, 2598, 1998, 3212, 4713, 1742, 909, 601, 2130, 1088, 3746, 2420, 1728, 1530, 1940, 1289, 957, 1825, 1044, 1238, 917, 2689, 1225, 1471, 1336, 1276, 669, 1279, 1496, 1240, 728, 2485, 1822, 4406, 2705, 975, 985, 2066, 730, 2012, 4441, 1296, 2297, 2287, 1595, 806, 435, 1855, 3545, 2695, 1036, 1995, 1096, 1066, 1400, 1918, 1768, 1014, 2158, 3712, 1737, 1944, 611, 2155, 1490, 2315, 1453, 1380, 1918, 1112, 2669, 1506, 5470, 1885, 1420, 3672, 1773, 2778, 2079, 2305, 4751, 2193, 1434, 2158, 2222, 4368, 1643, 2735, 2776, 1538, 3193, 2141, 1720, 1400, 702, 4055, 2760, 8213, 1718, 2876, 2056, 1782, 1580, 947, 2891, 2126, 1816, 1580, 2694, 564, 2778, 651, 700, 1787, 1307, 1564, 1497, 956, 3270, 3193, 1782, 1905, 1793, 2618, 958, 774, 7081, 1938, 2621, 1713, 1308, 804, 2599, 2109, 1779, 3538, 1238, 2932, 2531, 1588, 3943, 1435, 1391, 2086, 979, 2410, 2607, 1506, 375, 2052, 2145, 1866, 1121, 1497, 609, 2892, 1966, 1257, 3085, 1546, 3749, 3284, 1348, 2726, 1651, 5000, 1511, 2496, 2528, 1231, 7585, 3019, 1915, 4892, 1797, 1525, 1220, 1534, 1257, 1134, 1924, 2850, 1163, 3852, 2037, 3137, 2675, 1849, 2700)
(381, 2132): Mean: 2121.792, median: 1803.0, std: 1365.637, percent: 2027.9, B: 128, W: 122, 
	(2640, 1134, 1442, 11233, 3077, 1807, 1101, 1838, 884, 2185, 1499, 1738, 1159, 1802, 3223, 1110, 3503, 3474, 1926, 2885, 1453, 937, 1840, 1059, 2014, 1687, 1041, 2211, 1692, 1439, 3274, 2434, 3422, 1222, 1006, 1951, 1637, 1771, 2212, 1994, 968, 2664, 1440, 2228, 1019, 2561, 1371, 1109, 6230, 1835, 825, 1723, 1247, 365, 1623, 4944, 594, 676, 3043, 2891, 2098, 3244, 2744, 2077, 2963, 4689, 1792, 937, 566, 2165, 1286, 3945, 2382, 1932, 1709, 2093, 1333, 1011, 1893, 1062, 1177, 945, 2570, 1081, 1330, 1411, 1240, 636, 1297, 1494, 1211, 811, 2307, 1873, 4322, 2677, 1014, 1058, 1954, 797, 1996, 4359, 1198, 2687, 2114, 1715, 797, 303, 1547, 2918, 2586, 1165, 2142, 1081, 1137, 1396, 1788, 1668, 1079, 2638, 4018, 1764, 2330, 720, 2122, 1527, 2076, 1565, 1152, 1729, 1299, 2545, 1493, 6114, 2181, 1304, 4904, 1728, 2381, 2040, 2229, 5636, 2224, 1382, 2103, 2328, 3742, 1688, 2770, 2476, 1537, 3385, 1804, 1964, 1348, 718, 4400, 2448, 8338, 1740, 3607, 1972, 1412, 1520, 971, 2806, 2447, 1763, 1685, 3015, 640, 2518, 715, 751, 1952, 1429, 1686, 1496, 1042, 3325, 3405, 1600, 1643, 1713, 2513, 903, 815, 6754, 1995, 2765, 1820, 1415, 784, 2529, 2056, 2103, 3833, 1406, 2718, 2437, 1478, 4527, 1549, 1330, 2352, 972, 2429, 2885, 1903, 290, 2225, 2069, 1858, 1088, 1464, 515, 2704, 1835, 1159, 2899, 1590, 3221, 3163, 1382, 3000, 1550, 4596, 1465, 2752, 2423, 1414, 9359, 3138, 1526, 5588, 1552, 1617, 1148, 1677, 1117, 1128, 1805, 2691, 1034, 4598, 2091, 3248, 2388, 1650, 3043)
(382, 2138): Mean: 2121.32, median: 1802.5, std: 1386.532, percent: 2032.66, B: 130, W: 120, 
	(2384, 1115, 1555, 10867, 2315, 1806, 1155, 1579, 988, 2426, 1445, 1668, 1079, 1870, 3079, 1023, 3209, 4395, 2192, 2746, 1497, 879, 1978, 959, 1985, 1761, 1167, 2373, 1624, 1718, 3686, 2424, 3499, 1081, 911, 2154, 1593, 1900, 2207, 1909, 1027, 2353, 1371, 1906, 1015, 2454, 1410, 1106, 8215, 1686, 806, 1825, 1363, 323, 1527, 5293, 625, 707, 2986, 2494, 2053, 4258, 2684, 2060, 2736, 5050, 1770, 1047, 614, 2331, 948, 3672, 2576, 1953, 1405, 2081, 1356, 997, 1689, 1019, 1202, 1007, 2656, 1073, 1378, 1473, 1178, 661, 1246, 1189, 1251, 859, 2336, 1794, 4899, 2657, 1047, 1037, 1663, 787, 1930, 3655, 1372, 2662, 2168, 1476, 751, 372, 1571, 3216, 2631, 1198, 1864, 1228, 1028, 1377, 1602, 1689, 929, 2132, 3895, 1765, 2238, 664, 2178, 1659, 2187, 1558, 1117, 1863, 1156, 2455, 1487, 5859, 1894, 1364, 3980, 1777, 2387, 2190, 2225, 5775, 1910, 1337, 2155, 2163, 3211, 1605, 2967, 2226, 1434, 2994, 1811, 1872, 1434, 692, 4046, 2761, 8155, 1697, 3740, 2051, 1462, 1698, 920, 2370, 2152, 1939, 1661, 2603, 569, 2451, 834, 693, 2201, 1346, 1754, 1297, 1046, 3418, 3136, 1572, 1773, 1744, 2711, 945, 798, 8967, 1806, 2518, 1911, 1464, 729, 2928, 2309, 1799, 3333, 1269, 2833, 2332, 1695, 4745, 1467, 1412, 2055, 878, 2307, 3087, 2083, 334, 2386, 2223, 1758, 1156, 1562, 645, 3057, 1955, 1156, 3141, 1916, 3150, 3143, 1308, 2500, 1592, 5126, 1721, 2609, 2528, 1280, 7460, 3013, 1547, 5314, 1767, 1532, 1297, 1836, 1255, 1210, 1812, 2565, 1098, 4672, 2329, 3441, 3017, 1765, 2964)
(388, 2170): Mean: 2116.124, median: 1809.5, std: 1320.542, percent: 1938.14, B: 126, W: 123, 
	(2595, 1104, 1737, 9634, 2698, 1806, 1063, 2170, 920, 2388, 1536, 1739, 1021, 1886, 3633, 1277, 3521, 3955, 1688, 2903, 1434, 1043, 1968, 989, 1933, 1777, 929, 2202, 1637, 1571, 3481, 2798, 3402, 1248, 1062, 2196, 1526, 1886, 2450, 1993, 1128, 2649, 1350, 1806, 968, 2355, 1397, 968, 7208, 1901, 848, 1763, 1338, 325, 1522, 6263, 568, 727, 3346, 2660, 2151, 3810, 2477, 1976, 2497, 4434, 1841, 978, 530, 2105, 1176, 3589, 2449, 1976, 1743, 2023, 1310, 948, 1842, 1143, 1190, 890, 2330, 1082, 1308, 1533, 1300, 596, 1255, 1451, 1325, 739, 2497, 1765, 5633, 2620, 945, 984, 1819, 925, 2002, 3842, 1331, 2505, 2117, 1661, 703, 353, 1776, 3297, 2452, 1135, 2149, 1049, 1081, 1582, 1750, 1679, 1025, 2238, 4324, 1747, 1830, 710, 2382, 1654, 2522, 1539, 1128, 2207, 1298, 2292, 1541, 5298, 1920, 1414, 4131, 1744, 2457, 1988, 2064, 5170, 1950, 1315, 2212, 2166, 3146, 1723, 2698, 2215, 1592, 3124, 2109, 1926, 1371, 713, 3611, 2470, 7708, 1784, 3388, 2231, 1721, 1723, 964, 2806, 2285, 1671, 1656, 2680, 711, 2402, 701, 820, 1906, 1573, 1751, 1366, 974, 3249, 3864, 1672, 1982, 1846, 2558, 905, 883, 7051, 1663, 2881, 1811, 1504, 774, 2555, 2219, 1789, 3697, 1196, 2812, 2448, 1430, 3881, 1502, 1532, 2218, 1009, 2468, 2527, 1689, 325, 2260, 2058, 1816, 1056, 1509, 605, 2795, 1960, 1033, 2938, 1720, 3642, 3647, 1350, 2735, 1641, 5538, 1636, 2318, 2307, 1281, 9093, 3144, 1528, 5337, 1680, 1507, 1363, 1808, 1236, 1182, 2096, 2687, 1116, 3987, 2059, 2706, 2821, 1860, 2713)
(389, 2175): Mean: 2138.636, median: 1864.0, std: 1414.589, percent: 1990.44, B: 129, W: 120, 
	(2507, 1292, 1531, 12241, 2746, 1952, 1090, 1552, 908, 2446, 1538, 1626, 999, 2045, 3727, 1133, 3780, 3599, 2325, 3601, 1500, 970, 2260, 1028, 1901, 1608, 1037, 2031, 1717, 1562, 3409, 2682, 3385, 1144, 981, 2144, 1572, 1907, 2558, 2149, 1071, 2428, 1369, 2141, 1139, 3430, 1376, 960, 6984, 1737, 849, 1774, 1154, 347, 1557, 4707, 615, 603, 3061, 2618, 1992, 3906, 2294, 1884, 2869, 4374, 1881, 968, 573, 2418, 1235, 3421, 2344, 1869, 1714, 1844, 1157, 941, 1783, 1169, 1434, 909, 2550, 1214, 1371, 1444, 1217, 539, 1220, 1413, 1297, 850, 2296, 1749, 4374, 2896, 1150, 1015, 1822, 827, 1952, 3860, 1326, 2818, 2153, 1551, 755, 415, 1589, 3776, 2162, 1051, 2024, 1004, 1062, 1555, 1891, 1702, 1029, 2240, 4152, 1812, 1952, 690, 1996, 1612, 2403, 1523, 1214, 2109, 1105, 2671, 1452, 6233, 2082, 1536, 4314, 1875, 2134, 1975, 2215, 6221, 1941, 1411, 2176, 2205, 3757, 1792, 2879, 2479, 1414, 3204, 1952, 1926, 1309, 739, 3911, 2676, 8266, 1887, 3616, 2117, 1409, 1614, 1077, 2781, 2466, 1876, 1672, 2474, 720, 2464, 653, 729, 1913, 1591, 1928, 1348, 996, 3389, 3043, 1636, 1547, 1696, 2695, 985, 814, 7788, 1792, 3004, 2071, 1566, 779, 2309, 2194, 1961, 3650, 1367, 2567, 2397, 1644, 4625, 1396, 1307, 2165, 958, 2370, 2887, 1616, 386, 2036, 2241, 1913, 1136, 1579, 558, 2717, 2111, 1079, 2795, 1563, 3466, 3554, 1398, 3161, 1669, 5452, 1518, 2892, 2233, 1202, 8987, 2809, 1500, 5327, 1599, 1585, 1247, 1859, 1141, 1141, 1848, 2546, 1106, 4502, 2040, 2669, 2522, 1724, 2745)
(390, 2181): Mean: 2133.396, median: 1849.0, std: 1408.746, percent: 1956.88, B: 130, W: 120, 
	(2713, 1265, 1561, 9899, 2753, 1934, 1204, 1488, 1029, 2330, 1445, 1880, 1015, 2010, 4280, 1013, 3221, 3926, 1851, 2594, 1385, 924, 1991, 1055, 2013, 1700, 994, 2230, 1766, 1591, 3500, 2676, 3233, 1148, 999, 2152, 1693, 2091, 2269, 2043, 1003, 2374, 1351, 2059, 1132, 2498, 1278, 945, 6444, 1945, 834, 1860, 1172, 348, 1579, 5014, 552, 671, 2939, 2868, 2145, 3565, 2616, 1997, 2845, 5074, 1796, 973, 557, 2190, 1108, 3493, 2095, 2046, 1684, 1966, 1229, 1011, 1725, 1048, 1253, 929, 2676, 1188, 1397, 1332, 1125, 691, 1317, 1267, 1222, 906, 2328, 1921, 4845, 2843, 1054, 1003, 1991, 814, 2496, 3381, 1398, 2586, 1970, 1407, 796, 367, 1702, 3076, 2534, 1108, 2082, 1066, 1073, 1440, 1736, 1669, 962, 2369, 3578, 1829, 1892, 691, 1995, 1570, 2137, 1458, 1217, 2232, 1187, 2315, 1473, 7815, 1975, 1441, 4049, 1726, 2139, 1821, 2433, 4822, 2305, 1341, 2206, 1914, 3539, 1827, 2753, 2558, 1331, 3268, 1791, 1872, 1248, 692, 4099, 2630, 7458, 1745, 2827, 2392, 1637, 1834, 957, 2604, 2381, 1847, 1533, 2964, 561, 2406, 712, 724, 1864, 1427, 1732, 1408, 987, 3496, 3742, 1484, 1567, 1814, 2531, 955, 870, 10940, 2037, 2931, 1754, 1661, 856, 2300, 2136, 2025, 3396, 1149, 2735, 2839, 1623, 4831, 1579, 1437, 2417, 879, 2762, 3587, 1613, 390, 2439, 2426, 1892, 1162, 1424, 496, 2965, 1873, 1136, 2697, 1718, 3201, 3094, 1233, 2631, 1550, 6078, 1660, 2513, 2240, 1250, 8192, 2846, 1930, 5617, 1588, 1518, 1374, 1978, 1137, 1106, 1739, 2605, 1041, 4891, 2139, 3266, 2509, 1727, 2750)
(394, 2204): Mean: 2120.624, median: 1781.5, std: 1360.019, percent: 1968.44, B: 128, W: 122, 
	(2514, 1206, 1548, 10819, 3405, 1992, 1065, 1710, 922, 1973, 1454, 1777, 1170, 1894, 2969, 1136, 2812, 3638, 2144, 3020, 1530, 835, 1799, 1011, 1950, 1630, 985, 2308, 1716, 1642, 3306, 2857, 3908, 1318, 897, 2179, 1590, 1752, 2294, 1929, 1094, 2275, 1488, 2086, 933, 2664, 1322, 947, 6445, 1740, 904, 1845, 1185, 337, 1614, 4630, 591, 658, 3492, 2732, 2292, 3630, 2746, 2015, 2487, 5033, 1958, 925, 511, 2228, 1254, 3849, 2796, 1794, 1707, 2016, 1203, 933, 1746, 1181, 1298, 927, 2824, 1190, 1402, 1448, 1108, 637, 1422, 1381, 1372, 877, 2362, 1862, 4959, 2700, 1006, 1013, 1923, 799, 1866, 3541, 1236, 2486, 2264, 1666, 734, 372, 1695, 3407, 2642, 1028, 2233, 1037, 1033, 1335, 1711, 1546, 1002, 2442, 4008, 1752, 1886, 594, 1994, 1586, 2262, 1506, 1221, 1967, 1199, 2497, 1694, 6080, 1852, 1534, 3798, 2019, 2293, 1922, 2465, 5399, 2252, 1399, 2159, 1906, 3664, 1742, 2871, 2550, 1356, 2850, 1786, 1905, 1430, 756, 3755, 2446, 8113, 2130, 3746, 1988, 1486, 1610, 944, 2558, 2114, 1675, 1743, 3150, 627, 2550, 699, 803, 1884, 1382, 1684, 1551, 1052, 3199, 3513, 1602, 1657, 1700, 2556, 972, 862, 8107, 1894, 2558, 2113, 1459, 854, 2450, 2467, 1889, 3601, 1140, 2915, 2568, 1671, 4874, 1372, 1251, 2414, 925, 2288, 3273, 1668, 268, 2262, 2435, 1672, 1151, 1412, 523, 2882, 1943, 976, 3793, 1661, 3686, 2947, 1437, 2367, 1540, 6003, 1551, 2530, 2306, 1337, 8370, 3285, 1706, 4776, 1599, 1507, 1248, 1710, 1167, 1012, 1673, 2451, 1147, 4831, 1961, 2816, 2734, 1604, 2545)
(395, 2208): Mean: 2122.744, median: 1851.5, std: 1378.373, percent: 1973.42, B: 127, W: 122, 
	(2810, 1224, 1477, 11107, 2857, 1913, 1026, 1637, 907, 2248, 1316, 1796, 1197, 2268, 3068, 1131, 3261, 3978, 2110, 2857, 1327, 926, 1886, 1045, 1847, 1680, 1070, 2073, 1606, 1514, 3418, 2251, 3897, 1231, 940, 2322, 1589, 2096, 2168, 2129, 1037, 2360, 1494, 2513, 958, 2870, 1233, 954, 6405, 1900, 780, 1856, 1216, 388, 1657, 4977, 689, 822, 3026, 2613, 2180, 3927, 2718, 1910, 2494, 4331, 1983, 890, 619, 2148, 1211, 3364, 2457, 1781, 1462, 2204, 1228, 923, 1662, 1084, 1306, 886, 2833, 1192, 1296, 1398, 1069, 633, 1316, 1438, 1272, 939, 2213, 1769, 4364, 3071, 1042, 1060, 1905, 756, 2119, 3270, 1236, 2533, 2137, 1892, 751, 396, 1675, 3660, 2590, 1117, 1914, 1035, 1019, 1393, 1778, 1707, 975, 2194, 4077, 1862, 1961, 642, 2057, 1633, 2642, 1630, 1085, 1794, 1129, 2325, 1363, 5599, 2172, 1365, 3619, 1811, 2671, 2122, 2111, 5173, 1920, 1347, 2117, 2247, 3763, 1747, 3248, 2645, 1699, 2838, 2003, 1975, 1319, 789, 3817, 2541, 9812, 1906, 3191, 1967, 1594, 1579, 933, 2647, 2592, 1837, 1586, 3015, 624, 2628, 695, 688, 1730, 1473, 1612, 1466, 1010, 3434, 3298, 1527, 1877, 1681, 2539, 933, 874, 7462, 2196, 2568, 1963, 1430, 834, 2202, 2144, 1999, 3388, 1478, 2851, 2828, 1566, 5865, 1379, 1460, 2037, 940, 2293, 2694, 1805, 350, 2104, 2018, 1982, 1140, 1449, 612, 2751, 1791, 1166, 3543, 1619, 3397, 2753, 1340, 2817, 1589, 6842, 1457, 2656, 2132, 1265, 7509, 2953, 1505, 4848, 1652, 1469, 1297, 1783, 1180, 1032, 2004, 2932, 1126, 5315, 1903, 2928, 2369, 1821, 2623)
(396, 2213): Mean: 2131.388, median: 1846.5, std: 1341.527, percent: 2027.76, B: 132, W: 118, 
	(2568, 1313, 1681, 8478, 2527, 2004, 1043, 1837, 1210, 2280, 1544, 1634, 1040, 2215, 3200, 1049, 3065, 5605, 1859, 2836, 1467, 893, 2065, 1073, 1792, 1626, 1096, 2121, 1712, 1468, 3461, 2612, 3734, 1199, 1027, 2009, 1535, 1810, 2472, 1900, 1028, 2405, 1423, 2280, 1302, 2644, 1269, 973, 7650, 1904, 874, 1780, 1230, 351, 1763, 6095, 589, 778, 3343, 2980, 1931, 3334, 2393, 1881, 2800, 4245, 1899, 965, 576, 1907, 1072, 3325, 2418, 1933, 1561, 2018, 1179, 949, 1604, 1179, 1216, 881, 2763, 1040, 1343, 1354, 1065, 688, 1255, 1378, 1214, 768, 2170, 2122, 4640, 3003, 1183, 1018, 1878, 872, 2059, 3968, 1230, 2428, 1975, 1617, 885, 315, 1807, 3400, 2532, 1071, 2249, 1084, 1021, 1346, 2026, 1559, 899, 2192, 3862, 1821, 2312, 669, 1846, 1798, 2258, 1543, 1092, 2149, 1211, 2288, 1513, 7153, 1930, 1435, 3886, 1644, 2578, 2056, 1934, 5499, 1845, 1322, 2364, 2171, 3724, 1698, 2890, 2841, 1642, 3209, 1710, 2094, 1447, 779, 3682, 2504, 7588, 1847, 2957, 2115, 1633, 1945, 1028, 2773, 2633, 1940, 1595, 2463, 607, 2463, 773, 633, 2026, 1394, 1561, 1590, 1034, 3062, 3480, 1711, 1737, 1826, 2713, 921, 782, 8234, 1559, 3037, 1900, 1402, 912, 2560, 2270, 2153, 4175, 1293, 2830, 2506, 1536, 5178, 1469, 1327, 2055, 892, 2760, 2692, 2046, 323, 2315, 2037, 2010, 1070, 1533, 493, 3042, 2121, 1090, 3517, 1795, 3062, 2674, 1437, 3070, 1619, 4979, 1331, 2466, 1987, 1403, 8406, 2623, 1504, 5249, 1580, 1546, 1327, 1769, 1265, 1207, 1840, 3083, 1198, 4967, 2091, 3047, 2430, 2109, 2813)
(397, 2219): Mean: 2140.152, median: 1844.5, std: 1376.783, percent: 2047.32, B: 128, W: 122, 
	(3030, 1151, 1569, 10114, 2523, 1932, 1243, 1551, 1071, 2270, 1364, 1531, 1115, 1912, 3135, 1074, 3998, 3911, 1972, 2609, 1298, 839, 1835, 1017, 2061, 2079, 927, 1962, 1615, 1694, 3949, 2162, 3787, 1159, 1010, 2379, 1486, 1669, 2132, 2213, 1042, 2213, 1337, 2382, 1088, 2525, 1283, 948, 7480, 1806, 813, 1685, 1292, 383, 1570, 5113, 607, 756, 3341, 2718, 2042, 3658, 2676, 1983, 2610, 4829, 1900, 948, 594, 2833, 1216, 3612, 2478, 1705, 1524, 2026, 1255, 981, 1945, 1116, 1344, 884, 2979, 1090, 1374, 1510, 1219, 565, 1299, 1381, 1198, 756, 2186, 1747, 4650, 2986, 1051, 1066, 2072, 695, 1861, 4126, 1306, 2790, 2207, 1388, 744, 394, 1593, 3668, 2530, 1151, 2009, 1082, 1120, 1515, 1759, 1761, 1014, 2151, 4046, 1903, 2013, 738, 2348, 1717, 2478, 1547, 1195, 1862, 1155, 2320, 1487, 6188, 1975, 1504, 3672, 1715, 2502, 2161, 2352, 4979, 1788, 1386, 2009, 2110, 3603, 1790, 2621, 2671, 1596, 3102, 1875, 2060, 1504, 812, 3593, 2662, 9500, 2056, 3280, 2206, 1481, 1566, 933, 2524, 2152, 1768, 1713, 2837, 707, 2625, 756, 721, 1936, 1645, 1592, 1492, 1084, 4199, 3010, 1481, 1619, 1892, 2386, 1001, 939, 7454, 1732, 2634, 1752, 1553, 739, 2421, 2100, 2058, 3629, 1175, 2551, 2999, 1568, 4459, 1534, 1247, 2307, 847, 2499, 3545, 1954, 341, 2280, 2344, 1748, 1249, 1488, 444, 3013, 2015, 1196, 3312, 1912, 3818, 3300, 1344, 2787, 1746, 4718, 1606, 2662, 2157, 1384, 8359, 3004, 1605, 5916, 1677, 1522, 1369, 1854, 1155, 1069, 1704, 2663, 1090, 5225, 2109, 3321, 2500, 1867, 2386)
(399, 2228): Mean: 2126.136, median: 1863.0, std: 1334.759, percent: 1994.7, B: 127, W: 122, 
	(2490, 1108, 1582, 9096, 3070, 1962, 1207, 1794, 895, 2139, 1580, 1758, 1051, 2157, 3196, 1140, 3421, 3470, 1918, 2749, 1518, 967, 2129, 1013, 1943, 1684, 996, 2229, 1758, 1700, 3367, 2604, 3256, 1193, 955, 2030, 1707, 2064, 2008, 2182, 1078, 2498, 1480, 2303, 986, 2737, 1258, 924, 7863, 1818, 899, 1891, 1229, 376, 1637, 5749, 618, 752, 3452, 2504, 2054, 3723, 2834, 2254, 2894, 4399, 2128, 970, 574, 2477, 1202, 3604, 2667, 1649, 1561, 1989, 1202, 995, 1559, 1059, 1234, 917, 2474, 1097, 1379, 1264, 1060, 601, 1381, 1473, 1199, 765, 2413, 2028, 5283, 2519, 1028, 1129, 1895, 835, 1907, 4044, 1171, 2455, 2180, 1574, 800, 357, 1525, 3518, 2353, 1216, 1963, 1124, 1013, 1402, 1737, 1685, 970, 2242, 4308, 1838, 2037, 760, 2076, 1537, 2359, 1546, 1112, 1917, 1117, 2546, 1704, 6183, 1897, 1359, 4376, 1920, 2568, 2081, 2591, 5095, 2162, 1366, 2268, 2111, 4030, 1573, 3014, 2562, 1454, 2871, 1731, 1992, 1310, 719, 3569, 2452, 7859, 1797, 3251, 1989, 1506, 1766, 988, 2617, 2354, 1853, 1701, 2502, 601, 2732, 806, 767, 1961, 1478, 1721, 1388, 1015, 3502, 3098, 1674, 1483, 1881, 2922, 946, 902, 8758, 1798, 2341, 1982, 1550, 781, 2741, 2324, 1893, 3863, 1308, 2635, 2308, 1480, 3975, 1456, 1348, 2383, 905, 2516, 3031, 1678, 371, 2133, 2643, 2001, 1131, 1459, 605, 2903, 2005, 1170, 2888, 1506, 3631, 3412, 1408, 2565, 1561, 5486, 1606, 2496, 2280, 1305, 7657, 2828, 1760, 5745, 1675, 1674, 1287, 1873, 1160, 1117, 1780, 2381, 1178, 4590, 1950, 3067, 2604, 1676, 2600)
(400, 2232): Mean: 2119.104, median: 1823.5, std: 1328.616, percent: 2047.3, B: 126, W: 124, 
	(3031, 1187, 1475, 10324, 3326, 1764, 1083, 1747, 1027, 2122, 1528, 1767, 1082, 2166, 3149, 977, 2936, 3959, 2159, 3039, 1506, 941, 1944, 1049, 1967, 1683, 1093, 2424, 1903, 1551, 3576, 2360, 3050, 1218, 938, 2085, 1602, 1997, 2194, 1933, 973, 2703, 1528, 2216, 1113, 2242, 1254, 977, 6488, 1687, 950, 1732, 1300, 301, 1592, 5843, 658, 696, 3621, 2954, 2344, 3036, 2667, 1792, 2434, 5412, 1830, 964, 577, 2187, 1116, 3235, 2167, 1475, 1528, 2003, 1135, 1001, 1696, 1042, 1245, 912, 2785, 1124, 1390, 1527, 1286, 734, 1367, 1586, 1344, 752, 2228, 1845, 4922, 3031, 958, 1056, 1965, 754, 2151, 3889, 1243, 2493, 2554, 1554, 732, 446, 1485, 3375, 2570, 1102, 1854, 1125, 1093, 1409, 1784, 1666, 928, 2272, 3523, 1684, 1935, 749, 2035, 1649, 2446, 1465, 1154, 1819, 1287, 2505, 1399, 5942, 2089, 1590, 3450, 1785, 2589, 1874, 2022, 4709, 1970, 1476, 2097, 2403, 3466, 1866, 2853, 2312, 1606, 3232, 1886, 2088, 1336, 731, 3055, 2693, 8135, 1607, 3861, 2061, 1486, 1814, 929, 2314, 2393, 1672, 1828, 2843, 625, 2852, 746, 696, 1760, 1320, 1811, 1367, 1076, 3360, 3550, 1781, 1883, 1936, 2484, 868, 802, 8026, 1707, 2554, 1625, 1481, 813, 2444, 2009, 1835, 3479, 1431, 2996, 2547, 1371, 4272, 1563, 1514, 2411, 931, 2629, 2922, 1833, 326, 2445, 2177, 1933, 1259, 1488, 631, 2881, 1976, 1243, 3135, 1708, 3170, 3577, 1461, 2435, 1582, 5930, 1748, 2428, 2258, 1425, 7699, 2469, 1619, 5051, 1559, 1546, 1233, 1872, 1214, 1093, 1881, 2811, 1118, 4791, 2191, 4506, 2495, 1742, 2780)
(403, 2250): Mean: 2125.476, median: 1844.0, std: 1350.028, percent: 1991.86, B: 125, W: 124, 
	(2965, 1112, 1568, 10155, 2783, 1907, 1011, 1807, 974, 2174, 1530, 1642, 1103, 2181, 2996, 1159, 3685, 3961, 1899, 2641, 1490, 942, 2111, 1022, 2063, 1819, 988, 2083, 1863, 1556, 3146, 2549, 3437, 1172, 980, 2206, 1884, 1977, 2205, 1964, 1097, 2264, 1469, 2057, 1029, 2372, 1363, 885, 7026, 1835, 869, 1831, 1251, 370, 1679, 6320, 632, 803, 3407, 2898, 2388, 3121, 2665, 1985, 2528, 4934, 1864, 912, 509, 2403, 1124, 3619, 2111, 1815, 1440, 1969, 1227, 1058, 1772, 1151, 1323, 955, 2760, 1095, 1409, 1219, 1169, 645, 1271, 1358, 1309, 726, 2486, 1884, 5431, 2873, 1068, 1033, 1803, 811, 2079, 3466, 1149, 2661, 2450, 1497, 770, 418, 1733, 3555, 2627, 1164, 2061, 1204, 1137, 1599, 1686, 1794, 997, 2125, 3793, 1963, 2224, 631, 1987, 1598, 2596, 1597, 1158, 2062, 1146, 2589, 1572, 6092, 2104, 1388, 3518, 1925, 2439, 2363, 2315, 5464, 2109, 1602, 2468, 2254, 3493, 1782, 2782, 2516, 1506, 3215, 1873, 1911, 1212, 782, 3201, 2489, 9282, 2003, 3369, 2207, 1561, 1744, 934, 2379, 2308, 1609, 1787, 2730, 564, 2290, 746, 608, 2059, 1463, 1701, 1416, 1015, 2947, 3222, 1694, 1845, 1765, 2436, 910, 827, 7102, 1624, 3087, 1938, 1385, 815, 2369, 2601, 1800, 4067, 1402, 2529, 2274, 1643, 3841, 1439, 1366, 2212, 872, 2584, 2874, 1843, 319, 2311, 2201, 1803, 1367, 1577, 392, 2611, 1765, 1126, 2701, 1881, 3382, 2890, 1398, 2835, 1663, 6499, 1587, 2476, 2184, 1418, 8150, 2870, 1468, 4630, 1682, 1626, 1387, 1817, 1164, 1187, 1834, 2642, 1199, 4584, 1993, 3182, 2683, 1799, 2717)
(405, 2260): Mean: 2138.664, median: 1804.0, std: 1355.202, percent: 2001.38, B: 128, W: 122, 
	(2605, 1119, 1500, 10647, 2865, 1879, 1010, 1655, 926, 2761, 1568, 1625, 1002, 1897, 3855, 1043, 3357, 4077, 1876, 2365, 1354, 975, 2016, 1145, 2022, 1727, 1113, 2313, 1682, 1584, 3495, 2289, 3554, 1157, 974, 1998, 1727, 2200, 2219, 1973, 1082, 2610, 1438, 2360, 1153, 2867, 1293, 1018, 6862, 1760, 915, 1899, 1315, 391, 1588, 4717, 644, 778, 3607, 2564, 1947, 3074, 2564, 1775, 2546, 5239, 1871, 1048, 613, 2207, 1092, 3574, 2602, 1793, 1613, 2038, 1166, 971, 1894, 1109, 1411, 892, 2590, 1110, 1363, 1397, 1161, 739, 1320, 1483, 1359, 991, 2602, 2008, 5131, 2625, 1028, 1051, 1680, 765, 1751, 3729, 1266, 2770, 2136, 1637, 698, 491, 1683, 3742, 2770, 1044, 2047, 1179, 1095, 1502, 1862, 1731, 1037, 2080, 3966, 1792, 2154, 634, 2021, 1554, 2383, 1503, 1304, 1826, 1289, 2316, 1467, 6491, 2165, 1434, 4434, 1861, 2941, 2020, 2304, 5302, 2360, 1426, 2397, 2131, 4177, 1672, 3004, 2689, 1429, 2770, 1655, 1809, 1313, 765, 3694, 3059, 6628, 1668, 3371, 1953, 1799, 1788, 903, 2277, 2173, 1834, 1480, 3357, 602, 2495, 710, 804, 1988, 1564, 1633, 1492, 1102, 3468, 3534, 1659, 1655, 1689, 2532, 936, 884, 8256, 1655, 2468, 2117, 1415, 790, 2482, 2240, 2168, 3696, 1238, 2976, 2459, 1579, 3703, 1460, 1343, 2213, 966, 2587, 2776, 1840, 388, 2507, 2094, 1789, 1130, 1398, 540, 2842, 2227, 1138, 2647, 1748, 3600, 3254, 1185, 3128, 1626, 5950, 1545, 2607, 2144, 1389, 8633, 2902, 1627, 5419, 1627, 1547, 1361, 1857, 1203, 1053, 1651, 2845, 1085, 5196, 2268, 2796, 2572, 2005, 2525)
(406, 2263): Mean: 2167.408, median: 1835.5, std: 1461.488, percent: 2051.14, B: 130, W: 120, 
	(3007, 1193, 1471, 10301, 2591, 1900, 1102, 1680, 1004, 2276, 1446, 1947, 1029, 2024, 3413, 1176, 3190, 3550, 2091, 2354, 1584, 895, 1951, 1176, 2020, 1811, 1007, 2506, 1745, 1622, 3484, 2938, 3182, 1236, 976, 2149, 1424, 1761, 2186, 1742, 979, 2448, 1526, 2234, 1253, 2456, 1291, 959, 6441, 1827, 820, 1826, 1293, 376, 1638, 5373, 684, 739, 3536, 2565, 2172, 4105, 2851, 2119, 2807, 5116, 2003, 991, 532, 2627, 1025, 4066, 2852, 1726, 1502, 1801, 1351, 937, 1744, 1084, 1164, 944, 2727, 1149, 1330, 1505, 1139, 676, 1422, 1593, 1449, 727, 2302, 1881, 4035, 2854, 1120, 1121, 1843, 768, 2049, 3856, 1337, 2754, 1988, 1905, 731, 389, 1566, 3019, 2695, 951, 1998, 1151, 1091, 1650, 1699, 1583, 873, 2280, 3825, 1980, 2129, 769, 1729, 1650, 2509, 1526, 1239, 1838, 1187, 2630, 1692, 4955, 2093, 1361, 3540, 1672, 2380, 1879, 2342, 6222, 1977, 1351, 2389, 2315, 3626, 1796, 3013, 2665, 1449, 3537, 1909, 2014, 1201, 792, 4069, 2822, 8539, 1865, 3417, 2109, 1530, 1711, 891, 2552, 2089, 1789, 1833, 3167, 632, 2681, 663, 788, 1975, 1434, 1593, 1423, 1057, 3079, 2931, 1773, 1703, 1847, 2322, 874, 802, 7976, 1819, 2676, 1869, 1510, 761, 2392, 2143, 1928, 3949, 1296, 3046, 2922, 1689, 4935, 1454, 1810, 2094, 1082, 2499, 2981, 1913, 339, 2480, 2120, 2015, 1260, 1490, 474, 3301, 1958, 1015, 2899, 1741, 3664, 3077, 1273, 2414, 1690, 10718, 1448, 2746, 2335, 1306, 9640, 3188, 1613, 5238, 1674, 1533, 1277, 1759, 1153, 1147, 1942, 2558, 1197, 5122, 1912, 2777, 2684, 1820, 2841)
(407, 2264): Mean: 2129.496, median: 1850.0, std: 1366.162, percent: 2074.3, B: 126, W: 123, 
	(3245, 1123, 1414, 11668, 3040, 1941, 1180, 1845, 905, 2273, 1391, 1843, 1027, 2024, 3839, 1141, 3023, 3621, 2160, 2471, 1490, 905, 1927, 1118, 2095, 1513, 967, 2258, 1898, 1604, 3773, 2201, 3177, 1257, 1031, 1920, 1467, 1669, 2502, 2027, 1053, 2127, 1429, 2071, 1212, 2793, 1328, 1045, 7086, 1760, 908, 1738, 1303, 324, 1675, 6061, 630, 684, 3205, 2205, 2025, 3999, 2564, 2251, 3052, 4660, 1871, 1024, 563, 2190, 1157, 4291, 2172, 1741, 1466, 2228, 1242, 979, 1639, 1178, 1325, 897, 2824, 1184, 1378, 1405, 1334, 660, 1456, 1324, 1371, 767, 2281, 1699, 4281, 3054, 1039, 1096, 1738, 914, 1959, 3573, 1340, 2342, 2102, 1730, 813, 423, 1626, 3911, 2363, 1035, 1937, 1180, 1107, 1483, 1796, 1855, 996, 2022, 4017, 1657, 1861, 720, 1923, 1729, 2520, 1653, 1158, 1913, 1124, 2093, 1584, 5591, 1966, 1459, 3863, 1775, 2295, 1945, 2233, 5065, 2347, 1340, 2234, 2022, 3619, 1791, 3049, 2781, 1490, 3261, 1819, 1696, 1346, 746, 3817, 2672, 7545, 1858, 3009, 2014, 1704, 2010, 914, 2639, 2160, 1773, 1623, 2769, 622, 2910, 698, 707, 2103, 1421, 1729, 1413, 1041, 3690, 3330, 1546, 1731, 1966, 2705, 950, 887, 7994, 1943, 2961, 1891, 1352, 776, 2299, 2311, 1955, 3137, 1370, 2847, 2628, 1649, 5466, 1582, 1474, 2195, 961, 2300, 3000, 1953, 356, 2018, 2234, 1811, 1153, 1468, 467, 2581, 1869, 1170, 3146, 1626, 2803, 3102, 1200, 3153, 1588, 5770, 1593, 2490, 2253, 1258, 8175, 3034, 1646, 4817, 1663, 1541, 1300, 1813, 1218, 1292, 2159, 2948, 1129, 4186, 2219, 2726, 2397, 1894, 2901)
(408, 2267): Mean: 2130.836, median: 1816.5, std: 1302.833, percent: 2019.46, B: 126, W: 124, 
	(2976, 1189, 1557, 10301, 2792, 1869, 1064, 1716, 970, 2307, 1422, 1673, 1059, 2171, 2886, 1232, 3965, 3843, 1911, 3113, 1500, 1032, 2136, 1033, 1772, 1779, 1022, 2094, 1668, 1669, 3672, 2779, 3109, 1246, 1029, 2156, 1605, 1896, 2249, 1871, 1093, 2225, 1346, 2270, 1031, 2586, 1218, 1035, 7101, 1817, 842, 1739, 1300, 396, 1644, 5414, 647, 669, 4245, 2464, 2072, 3254, 2558, 2017, 3038, 5256, 1858, 948, 523, 2166, 1198, 3553, 2202, 2325, 1624, 2036, 1243, 973, 1895, 1145, 1234, 978, 2715, 1135, 1415, 1622, 1185, 706, 1369, 1246, 1274, 948, 2383, 1804, 5203, 3101, 1043, 1053, 1839, 972, 2255, 3113, 1355, 2152, 1995, 1741, 888, 383, 1728, 3610, 2371, 1227, 1867, 1231, 1080, 1490, 1696, 1790, 911, 2188, 3872, 1707, 2232, 678, 2406, 1585, 2330, 1485, 1351, 1856, 1170, 2288, 1535, 5457, 2026, 1588, 3883, 1781, 2974, 1917, 2111, 5605, 2714, 1404, 2375, 2167, 3106, 2011, 3676, 2527, 1450, 2943, 1780, 2152, 1210, 796, 3987, 2474, 7432, 1761, 3476, 2459, 1510, 1669, 966, 2673, 2442, 1714, 1651, 2575, 537, 2851, 728, 669, 2102, 1604, 1643, 1360, 1019, 3381, 3511, 1539, 1580, 1978, 2785, 930, 779, 7614, 1819, 2852, 1653, 1368, 809, 1952, 2083, 1816, 3651, 1360, 2767, 2287, 1697, 4614, 1403, 1480, 2205, 997, 2957, 2892, 1933, 359, 2320, 2153, 2003, 1127, 1597, 400, 2722, 1902, 1017, 2796, 1686, 3819, 3361, 1487, 2510, 1686, 5205, 1712, 2247, 2373, 1557, 7100, 3280, 1809, 4542, 1764, 1583, 1164, 1783, 1253, 1343, 1740, 2605, 1075, 4865, 2033, 2797, 2872, 1833, 2492)
(409, 2270): Mean: 2168.72, median: 1876.0, std: 1436.119, percent: 2067.92, B: 126, W: 124, 
	(2839, 1191, 1520, 12440, 2526, 1873, 1142, 1733, 887, 1956, 1584, 1748, 1197, 1925, 3489, 1283, 3523, 3605, 1732, 2834, 1489, 901, 1965, 1006, 1953, 1571, 975, 2089, 1647, 1555, 3596, 2209, 3773, 1153, 1054, 2177, 1421, 1981, 2141, 2104, 1107, 2486, 1429, 2262, 1160, 2575, 1293, 1010, 6967, 1733, 867, 1726, 1202, 409, 1736, 5456, 657, 709, 4511, 2821, 2121, 3854, 2465, 1991, 2462, 4702, 1855, 942, 542, 2054, 1185, 3326, 2265, 2351, 1646, 2063, 1226, 1053, 1698, 1116, 1332, 965, 3040, 1248, 1541, 1408, 1198, 704, 1279, 1453, 1315, 848, 2402, 2012, 4660, 2788, 1072, 1066, 2122, 891, 2143, 3852, 1277, 2654, 2089, 1667, 717, 461, 1966, 3472, 3181, 1040, 1836, 1164, 1050, 1550, 1803, 1543, 1012, 2150, 3572, 1803, 1939, 730, 2481, 1779, 2517, 1481, 1273, 2268, 1220, 2207, 1644, 5357, 1883, 1305, 4049, 1879, 2704, 2240, 3085, 4574, 2233, 1369, 2300, 2385, 4108, 1755, 3012, 2371, 1490, 3175, 1947, 1914, 1407, 732, 4362, 2801, 10298, 1697, 3347, 2212, 1344, 1944, 882, 2722, 2364, 1886, 1551, 2913, 597, 2535, 810, 660, 1899, 1706, 1653, 1324, 921, 3294, 3014, 1644, 1748, 1850, 2400, 952, 975, 8817, 1747, 2706, 1992, 1433, 836, 2554, 2185, 2111, 3989, 1236, 2924, 2858, 1623, 4998, 1451, 1390, 2468, 923, 2580, 3237, 1994, 354, 2305, 1887, 1739, 1118, 1501, 499, 2721, 2128, 1085, 3240, 1629, 3488, 3326, 1379, 2722, 1592, 5283, 1526, 2448, 2551, 1242, 7023, 3269, 1736, 5282, 1774, 1520, 1329, 1901, 1199, 1220, 1920, 2820, 1122, 4538, 2246, 3007, 2675, 1728, 2772)
(410, 2275): Mean: 2163.332, median: 1887.0, std: 1397.902, percent: 2027.28, B: 128, W: 122, 
	(2763, 1296, 1485, 11803, 3140, 1794, 1023, 1637, 1007, 2652, 1426, 1807, 1028, 1918, 3408, 1109, 4160, 3727, 2028, 2872, 1509, 931, 2059, 1038, 2008, 1541, 1022, 2159, 1748, 1637, 4038, 2701, 3381, 1159, 984, 2299, 1508, 1669, 2097, 2065, 1104, 2559, 1409, 2078, 1159, 2623, 1458, 1082, 6973, 1699, 836, 1915, 1265, 380, 1648, 7540, 584, 682, 3529, 2844, 1991, 3468, 2595, 2038, 2823, 4531, 1939, 888, 483, 2783, 1165, 3604, 2090, 1694, 1547, 1883, 1328, 1012, 1756, 1181, 1243, 915, 3007, 1061, 1405, 1553, 1191, 677, 1317, 1404, 1383, 800, 2256, 1786, 5097, 2918, 1079, 1104, 2010, 690, 2120, 3803, 1278, 2614, 2080, 1700, 824, 537, 1857, 3008, 2600, 1032, 2032, 1161, 1054, 1614, 1891, 1825, 965, 2465, 4124, 1782, 2414, 672, 2086, 1569, 2376, 1555, 1166, 1950, 1238, 2305, 1611, 5108, 1980, 1464, 4124, 1708, 2581, 2225, 2623, 4897, 2563, 1232, 2107, 2074, 4021, 1965, 3057, 2347, 1333, 3124, 1734, 2130, 1381, 746, 3759, 2565, 8042, 1922, 3956, 2355, 1553, 1951, 842, 2758, 2207, 1729, 1645, 2838, 616, 2344, 732, 842, 1865, 1426, 1604, 1414, 1152, 3371, 3132, 1649, 1822, 1986, 2879, 1016, 929, 7884, 1834, 2902, 1937, 1412, 749, 2365, 2149, 2220, 2958, 1332, 3151, 2225, 1586, 4967, 1605, 1608, 2605, 984, 2237, 2623, 1989, 287, 2418, 2011, 1772, 1133, 1555, 681, 2571, 2153, 1073, 3525, 1683, 3716, 2676, 1364, 2662, 1803, 4384, 1534, 2285, 2341, 1276, 8310, 3227, 1614, 5739, 1932, 1759, 1261, 1993, 1071, 1090, 1861, 2756, 1107, 4654, 2247, 3140, 2792, 1924, 2700)
(411, 2276): Mean: 2130.688, median: 1841.0, std: 1316.749, percent: 1985.8, B: 136, W: 113, 
	(2566, 1210, 1755, 9099, 2410, 2119, 1046, 1674, 952, 1925, 1390, 1784, 1068, 2192, 3338, 1162, 3498, 3819, 1953, 2826, 1569, 983, 2078, 998, 1927, 1559, 1008, 2402, 1856, 1707, 3975, 2532, 3738, 1176, 936, 2477, 1515, 1918, 2222, 2016, 1080, 2335, 1352, 2376, 1235, 2581, 1477, 1034, 6530, 1918, 824, 1870, 1465, 405, 1678, 5990, 641, 727, 3520, 2728, 2096, 3461, 2592, 1842, 2596, 4441, 1800, 991, 575, 2469, 1175, 3604, 2128, 1823, 1586, 2104, 1218, 899, 1649, 1133, 1250, 968, 2651, 1183, 1421, 1594, 1132, 674, 1239, 1431, 1297, 839, 2365, 1718, 4920, 2678, 1139, 1150, 1793, 1085, 2255, 3598, 1268, 2790, 2079, 1665, 761, 433, 1546, 3536, 2819, 1167, 1890, 1255, 1074, 1401, 1780, 1738, 987, 2442, 3861, 1840, 2159, 650, 2071, 1547, 2421, 1488, 1228, 1799, 1161, 2483, 1402, 5252, 2017, 1490, 4075, 1768, 2441, 2028, 2307, 4874, 2150, 1350, 2277, 2152, 3401, 2009, 2812, 2554, 1522, 3095, 1840, 2093, 1222, 681, 3947, 2445, 7648, 1938, 3207, 2144, 1655, 1510, 872, 2396, 2330, 1869, 1733, 2534, 743, 2551, 785, 721, 1970, 1334, 1704, 1369, 944, 2961, 3125, 1673, 1649, 1968, 2674, 868, 1020, 7361, 1712, 2780, 1797, 1339, 783, 2530, 2194, 1951, 4017, 1288, 3341, 2559, 1637, 4728, 1486, 1541, 2253, 1002, 2514, 2819, 1650, 334, 2433, 2347, 1692, 1125, 1494, 516, 3108, 1881, 1040, 3052, 1598, 3109, 2527, 1411, 2796, 1746, 5620, 1490, 2918, 2354, 1421, 9930, 3088, 1732, 5523, 1628, 1533, 1252, 1869, 1239, 1249, 2143, 2460, 1087, 4867, 2216, 3265, 2590, 1890, 2673)
(412, 2282): Mean: 2132.944, median: 1839.0, std: 1365.629, percent: 1988.54, B: 135, W: 115, 
	(2822, 1138, 1732, 11530, 2510, 1855, 1108, 1725, 876, 2514, 1452, 1770, 1111, 1981, 3173, 1100, 3443, 3456, 1875, 2578, 1310, 1013, 1967, 1164, 1928, 1656, 1075, 2390, 1661, 1793, 3645, 2779, 3590, 1187, 1012, 2024, 1628, 1582, 2192, 2063, 1067, 2641, 1400, 2070, 926, 2787, 1254, 920, 6849, 1827, 785, 1693, 1292, 333, 1551, 5496, 628, 779, 3363, 2456, 2084, 3838, 2525, 1934, 2573, 4229, 1865, 960, 526, 2694, 1070, 4282, 2511, 2151, 1493, 2149, 1250, 1049, 1675, 1056, 1361, 914, 2728, 1131, 1301, 1361, 1163, 651, 1400, 1362, 1315, 846, 2259, 1716, 4782, 2626, 979, 1080, 1675, 775, 1864, 3871, 1242, 2411, 2258, 1851, 802, 396, 1802, 3228, 2486, 1146, 2097, 1091, 989, 1436, 1896, 1772, 1002, 2369, 3924, 1808, 1896, 691, 2214, 1589, 2182, 1566, 1123, 2064, 1228, 2361, 1405, 5809, 2260, 1421, 3494, 1822, 2823, 2067, 2077, 4856, 2045, 1380, 2152, 2112, 3261, 1805, 2737, 2466, 1419, 3559, 1762, 1933, 1378, 736, 3894, 2608, 7446, 1987, 3657, 2277, 1647, 1889, 906, 2688, 2149, 1711, 1516, 2868, 678, 2246, 740, 733, 1725, 1353, 1894, 1466, 926, 4044, 3910, 1518, 1739, 1792, 2627, 1001, 902, 7272, 1932, 2992, 1749, 1341, 761, 2637, 2259, 2082, 4136, 1294, 2998, 3006, 1616, 7760, 1398, 1403, 2568, 936, 2226, 2733, 1780, 372, 2060, 2013, 1917, 1139, 1646, 506, 2485, 2064, 1044, 3007, 1605, 3089, 2802, 1269, 2692, 1755, 5171, 1610, 2734, 2230, 1428, 7496, 3238, 1759, 4958, 1793, 1646, 1179, 1960, 1173, 1100, 2037, 2512, 1293, 4748, 1930, 3128, 2542, 1688, 2704)
(417, 2307): Mean: 2155.84, median: 1840.0, std: 1461.063, percent: 2023.14, B: 132, W: 118, 
	(2892, 1237, 1561, 11639, 2860, 1846, 1034, 1655, 963, 2288, 1566, 1628, 1033, 2123, 2922, 1055, 3707, 3595, 1889, 2710, 1583, 961, 2117, 1149, 1902, 1601, 983, 2452, 1909, 1676, 3792, 2721, 3298, 1136, 913, 2291, 1776, 1850, 2108, 1873, 1057, 2465, 1505, 2371, 1253, 2654, 1259, 1197, 7231, 1804, 835, 1705, 1338, 303, 1490, 5520, 652, 763, 3331, 2537, 2217, 3453, 2501, 1997, 2501, 5465, 2035, 1074, 555, 2750, 1116, 3433, 2297, 1950, 1476, 1937, 1233, 956, 1747, 1239, 1327, 945, 2654, 1149, 1376, 1522, 1159, 658, 1312, 1349, 1279, 814, 2546, 1713, 4992, 2760, 1096, 1030, 1761, 976, 1887, 3729, 1202, 2603, 2182, 1636, 854, 410, 1552, 3474, 2630, 1072, 2050, 1119, 1106, 1574, 2086, 1543, 1047, 2381, 3573, 1618, 1892, 785, 2199, 1494, 2360, 1572, 1211, 1826, 1173, 2278, 1545, 5412, 1925, 1450, 4205, 1675, 2567, 1918, 2413, 5585, 1962, 1356, 2357, 2052, 3493, 1778, 3530, 2757, 1359, 3097, 1899, 1780, 1363, 835, 3620, 2438, 7061, 1965, 3631, 1894, 1528, 1857, 877, 2645, 2403, 1789, 1505, 3097, 621, 2756, 697, 751, 2018, 1337, 1534, 1464, 970, 4291, 3439, 1595, 1948, 1758, 2635, 972, 876, 11104, 1728, 2958, 1834, 1435, 752, 2389, 2387, 1772, 3708, 1201, 2978, 2377, 1479, 5079, 1414, 1372, 2157, 861, 2546, 2963, 2280, 341, 2292, 2103, 1926, 1190, 1532, 507, 2715, 2015, 1127, 2859, 1647, 3176, 2903, 1319, 2666, 1691, 5659, 1535, 2206, 2340, 1328, 9062, 2672, 1726, 4897, 1591, 1527, 1251, 1873, 1126, 1158, 1876, 2407, 1150, 6022, 2199, 2978, 2333, 1833, 3111)
(419, 2317): Mean: 2125.332, median: 1825.0, std: 1333.801, percent: 2030.78, B: 129, W: 121, 
	(2496, 1201, 1517, 10762, 2639, 1813, 1117, 1629, 978, 2459, 1731, 1576, 1126, 1873, 3332, 1220, 2927, 3525, 2090, 2513, 1550, 927, 1930, 1112, 2252, 1840, 1027, 2609, 1714, 1926, 3424, 2172, 3656, 1141, 973, 2156, 1727, 1851, 2043, 2084, 1086, 2255, 1499, 2368, 1299, 2580, 1252, 1000, 6237, 1637, 830, 1822, 1203, 379, 1667, 4909, 649, 776, 3180, 2766, 2009, 4030, 2846, 1868, 2779, 4296, 1778, 968, 518, 2420, 1208, 3513, 2072, 1815, 1529, 1979, 1341, 969, 1706, 1256, 1424, 888, 2965, 1188, 1378, 1469, 1130, 688, 1397, 1575, 1267, 787, 2506, 2036, 4982, 3045, 1151, 1122, 1740, 960, 2182, 3496, 1280, 2530, 1951, 1559, 804, 456, 1575, 3537, 2485, 1057, 1885, 1175, 979, 1638, 1722, 1630, 1056, 2060, 3381, 1937, 1881, 743, 1954, 1595, 2463, 1454, 1114, 2092, 1208, 2141, 1656, 5395, 1787, 1420, 3551, 1694, 2668, 2095, 2272, 6131, 2181, 1440, 2225, 1995, 3836, 1770, 3196, 2632, 1392, 3230, 1897, 1895, 1376, 769, 3798, 2446, 8474, 1658, 3474, 2038, 1490, 1797, 899, 2611, 2095, 1917, 1555, 2690, 614, 2517, 756, 857, 1986, 1423, 1820, 1456, 988, 3613, 2921, 1405, 1780, 1781, 2516, 921, 875, 8074, 1810, 2579, 1956, 1309, 804, 2567, 2210, 2113, 3423, 1227, 3045, 2625, 1769, 4331, 1468, 1491, 2486, 1027, 2544, 2932, 1677, 332, 2104, 2294, 1993, 1204, 1508, 503, 2810, 1828, 1069, 3272, 1721, 3739, 2961, 1411, 2485, 1523, 5388, 1539, 2590, 2141, 1395, 8014, 3234, 1711, 5892, 1567, 1563, 1261, 2027, 1176, 1112, 1891, 2695, 1071, 4651, 2239, 2622, 3140, 1924, 2942)
(422, 2335): Mean: 2150.848, median: 1846.0, std: 1369.22, percent: 2045.84, B: 128, W: 121, 
	(2508, 1137, 1453, 10073, 2909, 1879, 1074, 1540, 981, 2331, 1740, 1782, 1124, 1764, 3988, 1188, 3287, 3948, 1960, 2862, 1586, 873, 1805, 975, 2150, 1638, 1095, 2412, 1899, 1629, 3881, 2358, 4039, 1241, 1016, 2231, 1809, 1495, 2167, 1834, 1116, 2634, 1435, 2029, 1120, 2531, 1306, 997, 7955, 1875, 809, 1871, 1432, 377, 1639, 5487, 615, 872, 3324, 2480, 1902, 3772, 2960, 1847, 2576, 5031, 1795, 932, 714, 2279, 1124, 3428, 2120, 2091, 1533, 1835, 1180, 973, 1793, 1183, 1332, 892, 3165, 1124, 1353, 1265, 1094, 699, 1341, 1434, 1313, 789, 2377, 1753, 5289, 2714, 1046, 1031, 1879, 777, 1845, 3264, 1350, 2759, 2060, 1557, 785, 369, 1538, 3535, 2547, 1088, 1874, 1063, 1120, 1422, 1750, 1896, 1198, 2094, 3995, 1795, 2227, 663, 2055, 1591, 2504, 1429, 1201, 1926, 1200, 2404, 1624, 6674, 1942, 1565, 4147, 1731, 2550, 1932, 2402, 4908, 2646, 1247, 2305, 2038, 4608, 1875, 3015, 2543, 1432, 3501, 2016, 2044, 1349, 743, 3798, 2332, 7631, 2135, 3839, 2215, 1592, 1721, 964, 2468, 2194, 1803, 1664, 2615, 681, 2702, 750, 654, 1958, 1319, 1850, 1475, 1053, 3409, 3613, 1542, 1546, 2052, 2438, 920, 841, 6775, 2120, 2946, 1752, 1305, 855, 2712, 2244, 1829, 3960, 1170, 2757, 2414, 1845, 4567, 1411, 1298, 2190, 989, 2249, 3000, 2140, 365, 2067, 2422, 2129, 1132, 1502, 414, 2693, 2108, 1122, 2977, 1799, 3450, 3309, 1385, 2976, 1810, 5697, 1501, 2350, 2490, 1351, 8834, 3080, 1629, 5628, 1543, 1544, 1296, 1894, 1225, 1032, 1946, 2248, 1113, 4918, 2073, 2956, 2631, 1711, 2819)
(423, 2340): Mean: 2141.528, median: 1829.0, std: 1359.745, percent: 2021.6, B: 131, W: 119, 
	(2261, 1289, 1447, 9585, 3225, 1933, 1017, 1738, 896, 2015, 1620, 2032, 1191, 1836, 3764, 1236, 3943, 4602, 2156, 3011, 1399, 1019, 2290, 1102, 2109, 1472, 899, 2090, 1696, 1589, 3725, 2648, 3448, 1251, 1118, 2216, 1660, 1893, 2323, 2109, 1010, 2412, 1577, 1891, 995, 2926, 1362, 1035, 6592, 1867, 761, 1827, 1161, 400, 1641, 5434, 660, 775, 3763, 2907, 2104, 3618, 2496, 1831, 2380, 4138, 1968, 960, 570, 2413, 1187, 3051, 2463, 1674, 1446, 2325, 1311, 1001, 1989, 1158, 1346, 921, 2587, 1172, 1347, 1346, 1126, 669, 1339, 1450, 1296, 822, 2293, 1904, 5677, 2832, 1082, 1109, 1671, 808, 1808, 4233, 1236, 2969, 2258, 1622, 881, 417, 1568, 3307, 2502, 980, 2181, 1234, 1062, 1526, 1877, 1677, 1017, 2680, 4491, 1708, 1813, 649, 2027, 1611, 2355, 1577, 1042, 1901, 1294, 2401, 1511, 5941, 2112, 1505, 3782, 1796, 2508, 1918, 2129, 4799, 2305, 1359, 2325, 2292, 3347, 1862, 2821, 2432, 1471, 4649, 1958, 1939, 1419, 663, 3792, 2325, 8532, 1806, 3153, 2117, 1483, 1701, 1007, 2799, 2201, 1753, 1618, 2802, 607, 2464, 732, 700, 1724, 1451, 1635, 1354, 1029, 3585, 3460, 1636, 1624, 1957, 2268, 912, 866, 9034, 1850, 3246, 1763, 1279, 805, 2305, 2150, 2135, 3373, 1287, 2700, 2520, 1479, 5719, 1480, 1394, 2441, 846, 2469, 2717, 2139, 294, 2436, 1911, 1941, 1249, 1492, 439, 2898, 1887, 1119, 3013, 1738, 3098, 2759, 1286, 2930, 1569, 6097, 1666, 2439, 2105, 1391, 7071, 2669, 1703, 5216, 1577, 1574, 1236, 1809, 1262, 1202, 1801, 2563, 1194, 5068, 1964, 2710, 2703, 1778, 2825)
(426, 2358): Mean: 2149.692, median: 1852.5, std: 1372.362, percent: 2050.1, B: 129, W: 121, 
	(2825, 1255, 1610, 10492, 2726, 1853, 1098, 1681, 983, 2045, 1595, 1855, 974, 1736, 3544, 1256, 3517, 3479, 2026, 3009, 1504, 1028, 2112, 1234, 2047, 1717, 1082, 2304, 1786, 1438, 3927, 2538, 3654, 1283, 1024, 2001, 1676, 1715, 2260, 1852, 1046, 2053, 1556, 2001, 964, 2862, 1252, 1064, 6953, 1837, 787, 1693, 1239, 301, 1645, 5897, 647, 761, 3716, 2935, 1960, 3902, 3394, 1893, 2692, 4675, 2014, 984, 587, 2611, 1010, 3243, 2206, 1689, 1664, 1917, 1250, 979, 1681, 1218, 1305, 866, 2747, 1248, 1328, 1441, 1182, 585, 1341, 1484, 1275, 807, 2285, 1794, 5679, 2750, 1233, 1009, 1710, 798, 2072, 3916, 1161, 2673, 2246, 1565, 813, 326, 1488, 2976, 2888, 1099, 1902, 1092, 1056, 1600, 1735, 1625, 1009, 2128, 4264, 1645, 2466, 648, 2115, 1585, 2496, 1409, 1113, 1925, 1239, 2394, 1495, 6086, 1919, 1398, 4045, 1848, 2460, 2068, 2216, 6603, 1954, 1393, 2232, 2417, 3796, 1872, 3112, 2744, 1534, 3464, 1708, 1926, 1321, 697, 4227, 2456, 7204, 2036, 3719, 2221, 1637, 2130, 899, 2620, 2301, 1643, 1480, 2693, 586, 2760, 685, 734, 1897, 1398, 1800, 1384, 1045, 3038, 3144, 1739, 1814, 1713, 2564, 909, 907, 7038, 1877, 2856, 1755, 1268, 786, 2580, 2087, 1973, 3453, 1266, 3166, 2451, 1963, 5274, 1400, 1469, 2047, 900, 2741, 3252, 1820, 340, 2260, 2629, 2097, 1188, 1566, 549, 2715, 1892, 1058, 2831, 1676, 3280, 3349, 1405, 3037, 1413, 4858, 1853, 2282, 2318, 1340, 9058, 2735, 1619, 5541, 1549, 1542, 1240, 1939, 1158, 1196, 1985, 2496, 1048, 4568, 1900, 2948, 2848, 1935, 3014)
(427, 2359): Mean: 2152.132, median: 1819.5, std: 1437.451, percent: 1973.76, B: 127, W: 123, 
	(2622, 1231, 1485, 11674, 2795, 1838, 1046, 1679, 957, 2481, 1654, 1766, 1143, 1953, 3529, 1384, 3203, 3693, 1839, 2833, 1424, 906, 2302, 1117, 2065, 1617, 973, 2285, 1751, 1486, 4246, 2584, 3445, 1193, 963, 1911, 1592, 1993, 2284, 2099, 1030, 2354, 1449, 2098, 877, 2490, 1404, 979, 5822, 1880, 846, 1880, 1311, 364, 1591, 6578, 519, 854, 3016, 2492, 2080, 3459, 2629, 1966, 2572, 4568, 1857, 911, 628, 2554, 1169, 3540, 2430, 1812, 1492, 1809, 1262, 1025, 1631, 1096, 1299, 841, 2479, 1237, 1296, 1463, 1055, 684, 1417, 1341, 1419, 767, 2144, 1800, 4979, 2731, 998, 1107, 1717, 687, 2108, 4198, 1314, 2302, 2146, 1603, 796, 422, 1564, 3413, 2823, 1046, 1854, 1030, 1083, 1604, 1676, 1738, 1109, 2123, 3864, 1766, 2131, 638, 2210, 1750, 2448, 1617, 1277, 1797, 1257, 2344, 1650, 7332, 1997, 1495, 4344, 1723, 2243, 2142, 2344, 5847, 2338, 1232, 1983, 2141, 3290, 1694, 3284, 2303, 1579, 3647, 1743, 1997, 1255, 717, 3535, 2537, 8735, 1845, 3520, 2024, 1573, 1630, 925, 2837, 2340, 1786, 1671, 2832, 592, 2559, 706, 721, 2082, 1326, 1860, 1356, 951, 5491, 3209, 1763, 1577, 1562, 2723, 977, 885, 7158, 1802, 2695, 1857, 1336, 831, 2566, 2083, 2201, 3341, 1205, 2870, 2458, 1605, 5425, 1482, 1241, 2105, 862, 2584, 2614, 1979, 314, 2304, 2060, 1910, 1251, 1516, 470, 2709, 2043, 1163, 3228, 1827, 3468, 3192, 1348, 2691, 1796, 5523, 1595, 2374, 2176, 1347, 9324, 2905, 1576, 4657, 1638, 1616, 1294, 1768, 1226, 1152, 1833, 2606, 1115, 5266, 2562, 3142, 2694, 1947, 2780)
(431, 2383): Mean: 2150.112, median: 1852.5, std: 1425.723, percent: 2040.58, B: 126, W: 124, 
	(2577, 1085, 1632, 11959, 2505, 1853, 1139, 1879, 941, 2427, 1740, 1855, 1112, 2342, 3521, 1255, 3209, 3660, 1887, 2906, 1545, 1034, 2157, 1090, 1852, 1540, 1104, 2057, 1673, 1718, 4037, 2203, 3193, 1202, 851, 1958, 1807, 1998, 2336, 1749, 1099, 2784, 1417, 2335, 951, 2788, 1350, 973, 7905, 1759, 829, 1814, 1225, 406, 1513, 4698, 637, 643, 3260, 2280, 2029, 3872, 2937, 2169, 2827, 5058, 1854, 1090, 649, 2288, 1087, 3294, 2471, 1758, 1673, 1784, 1227, 1043, 1666, 1219, 1287, 919, 2718, 1271, 1338, 1564, 1118, 667, 1239, 1509, 1302, 736, 2407, 2078, 4197, 2810, 997, 1024, 1908, 743, 2217, 3636, 1193, 2674, 2219, 1606, 895, 414, 1620, 3475, 2577, 1082, 2114, 1185, 1151, 1401, 1853, 2008, 1046, 2311, 3845, 1867, 2026, 650, 2230, 1502, 2525, 1556, 1101, 1918, 1139, 2036, 1609, 5439, 2147, 1474, 3855, 1629, 2513, 1985, 2483, 6054, 2163, 1282, 2482, 1979, 3638, 1744, 2924, 2352, 1417, 2919, 1704, 1758, 1178, 755, 3594, 2483, 8741, 2080, 3419, 2224, 1817, 1437, 951, 2518, 2321, 1717, 1589, 3032, 547, 2690, 679, 810, 2008, 1594, 1622, 1428, 971, 3362, 3188, 1420, 1922, 1692, 2815, 991, 872, 9084, 1973, 3020, 1753, 1512, 745, 2156, 2235, 1994, 3607, 1176, 2897, 2241, 1746, 4983, 1520, 1470, 2572, 950, 2426, 3013, 1868, 313, 2303, 2664, 1706, 1058, 1442, 490, 3296, 1773, 1123, 2983, 1757, 3370, 3553, 1391, 2392, 1642, 5349, 1501, 2701, 2300, 1294, 8069, 3123, 1849, 6076, 1507, 1544, 1266, 1896, 1166, 1108, 1933, 2851, 1102, 4274, 2081, 2980, 2690, 1828, 2673)
(432, 2387): Mean: 2150.212, median: 1847.5, std: 1381.972, percent: 2046.52, B: 128, W: 122, 
	(2815, 1301, 1613, 11346, 2476, 1976, 1177, 1635, 1022, 2393, 1514, 1672, 1135, 1862, 3913, 1333, 2843, 3456, 2025, 2950, 1585, 982, 1976, 1106, 2149, 1672, 965, 2214, 1888, 1689, 3865, 2465, 3730, 1178, 984, 2104, 1630, 1824, 2240, 1932, 1166, 2301, 1472, 2041, 1082, 2620, 1262, 991, 7262, 1701, 821, 2200, 1281, 423, 1668, 5745, 679, 766, 3204, 2688, 1949, 3129, 3424, 1940, 2709, 4042, 1901, 1059, 604, 2273, 1249, 3270, 2202, 1742, 1712, 1915, 1304, 1044, 1503, 1124, 1236, 889, 2992, 1096, 1413, 1689, 1065, 673, 1413, 1678, 1331, 784, 2270, 2152, 5065, 2584, 1130, 1058, 1690, 944, 2142, 3978, 1244, 2637, 2214, 1578, 841, 373, 1613, 3273, 2575, 1124, 1973, 1105, 982, 1541, 1833, 1808, 1058, 2211, 4080, 1752, 2295, 692, 2161, 1530, 2311, 1476, 1205, 2079, 1176, 2298, 1405, 5360, 2094, 1653, 3861, 1714, 2286, 2076, 2123, 6131, 2395, 1421, 2276, 2165, 3704, 1939, 3258, 2329, 1503, 3402, 1792, 2026, 1364, 696, 3435, 2578, 7404, 2078, 3312, 2196, 1559, 1564, 891, 2435, 2143, 1928, 1773, 3461, 612, 2970, 708, 690, 1968, 1512, 1696, 1343, 983, 3395, 2989, 1634, 1730, 1783, 2796, 961, 794, 8329, 1811, 2529, 1895, 1542, 740, 2490, 2359, 1804, 3447, 1490, 2974, 2591, 1633, 5649, 1449, 1395, 2226, 923, 2339, 2844, 1697, 292, 2171, 2079, 1799, 1260, 1519, 417, 3121, 2128, 1070, 2939, 1728, 3560, 3105, 1269, 2917, 1647, 5268, 1692, 2310, 2673, 1439, 8864, 3103, 1351, 5343, 1647, 1536, 1306, 1980, 1277, 1047, 1873, 2755, 1033, 4581, 2042, 2741, 3061, 1883, 2864)
(435, 2400): Mean: 2148.648, median: 1810.0, std: 1423.342, percent: 2027.24, B: 132, W: 118, 
	(2621, 1163, 1732, 11530, 2836, 1772, 1010, 1633, 983, 2557, 1572, 1622, 1141, 1911, 3186, 1125, 3493, 4270, 2406, 2729, 1486, 894, 1924, 1232, 2026, 1587, 1038, 2491, 1523, 1804, 3403, 2500, 3726, 1212, 934, 2075, 1548, 1615, 2146, 1902, 1112, 2464, 1378, 2230, 1332, 2922, 1280, 973, 6033, 1648, 765, 1884, 1213, 425, 1592, 4703, 648, 763, 3165, 2645, 2268, 3860, 3063, 2025, 2780, 4204, 1883, 981, 577, 2621, 1061, 3405, 2368, 1923, 1560, 2032, 1147, 1095, 1675, 1112, 1311, 903, 2705, 1108, 1378, 1428, 1186, 664, 1362, 1374, 1500, 1006, 2540, 1752, 4166, 2931, 971, 1094, 1692, 801, 1774, 3577, 1349, 2623, 2094, 1597, 778, 382, 1690, 3450, 2416, 1154, 2012, 1120, 1161, 1646, 1737, 1534, 1096, 2097, 4726, 1767, 2069, 650, 2263, 1420, 2241, 1726, 1179, 1897, 1194, 2074, 1695, 6059, 1925, 1364, 4161, 1719, 2598, 2085, 2490, 5385, 2375, 1306, 2296, 2067, 3501, 1707, 3679, 2280, 1622, 3374, 1739, 1869, 1298, 734, 3890, 2942, 9591, 1839, 3470, 1931, 1548, 1666, 890, 2945, 2320, 1865, 1629, 2678, 569, 2567, 724, 757, 2028, 1745, 1866, 1270, 979, 2996, 3318, 1571, 1555, 1638, 2298, 915, 838, 8858, 1678, 2818, 2043, 1446, 821, 2497, 2110, 1959, 3962, 1294, 2719, 2484, 1616, 5622, 1385, 1472, 2107, 1017, 2763, 2699, 1739, 311, 2177, 2293, 2024, 1129, 1533, 376, 2518, 1928, 1111, 2566, 1740, 3866, 2767, 1378, 2977, 1459, 6342, 1816, 2285, 2356, 1217, 8378, 3036, 1673, 5610, 1858, 1479, 1215, 1867, 1280, 1219, 2052, 2816, 1049, 4440, 2219, 2991, 2486, 1755, 2757)
(446, 2463): Mean: 2134.836, median: 1843.0, std: 1319.526, percent: 2111.34, B: 128, W: 122, 
	(2612, 1268, 1460, 8942, 2869, 1946, 1086, 1661, 1024, 2233, 1495, 1779, 1118, 2029, 3245, 1281, 3535, 3954, 1894, 2752, 1502, 823, 1860, 1036, 1934, 1675, 1048, 2423, 1784, 1689, 3490, 2223, 3127, 1382, 965, 1985, 1644, 1990, 2191, 1951, 1114, 2211, 1364, 2105, 1176, 3254, 1217, 1053, 6773, 1791, 801, 1731, 1168, 367, 1898, 5175, 618, 834, 3451, 2998, 1984, 3820, 3156, 1888, 2549, 5074, 2043, 1040, 553, 2064, 1121, 3686, 2535, 1703, 1564, 2042, 1224, 1058, 1728, 1083, 1260, 937, 2713, 1163, 1405, 1288, 1181, 706, 1303, 1573, 1336, 905, 2376, 1832, 4710, 2458, 1048, 1013, 1934, 854, 2316, 3558, 1196, 2544, 2354, 1465, 742, 401, 1642, 3468, 2753, 1113, 2032, 1006, 1098, 1470, 1775, 1854, 952, 2631, 3826, 1776, 2018, 708, 2061, 1636, 2329, 1678, 1139, 2036, 1311, 2343, 1510, 6199, 2133, 1383, 3563, 1659, 2405, 2100, 2320, 4660, 2060, 1304, 2115, 2449, 4331, 1714, 3382, 2468, 1520, 3554, 1944, 1794, 1255, 692, 3676, 2702, 8728, 2018, 3452, 2061, 1568, 1560, 883, 2816, 2312, 1781, 1599, 2621, 603, 2848, 660, 739, 1796, 1345, 1731, 1410, 1045, 3551, 3554, 1613, 1457, 1646, 2431, 852, 808, 7137, 1817, 2695, 1940, 1650, 751, 2401, 2107, 2208, 4046, 1326, 3388, 2364, 1666, 4203, 1364, 1454, 2214, 1012, 3168, 2965, 1945, 308, 2227, 2275, 1991, 1027, 1502, 422, 2868, 1995, 1074, 3403, 1557, 3242, 3332, 1304, 2935, 1545, 6348, 1669, 2905, 2096, 1240, 8208, 2502, 1808, 5345, 1585, 1460, 1307, 1926, 1180, 1131, 1858, 2666, 1092, 4527, 2056, 2868, 2796, 1738, 3045)
(448, 2474): Mean: 2131.088, median: 1804.0, std: 1383.98, percent: 2019.46, B: 127, W: 123, 
	(2692, 1209, 1520, 11768, 2942, 1783, 1182, 1545, 884, 2049, 1656, 1808, 1028, 1912, 3638, 1139, 3244, 4059, 1929, 2906, 1463, 927, 2028, 1230, 1785, 1650, 1002, 1988, 1894, 1739, 3323, 2852, 3256, 1124, 987, 2305, 1777, 1749, 2024, 1854, 1101, 2445, 1576, 2102, 1196, 2465, 1260, 1010, 7874, 1843, 857, 1709, 1440, 386, 1619, 5188, 686, 751, 2956, 2751, 1966, 3459, 2598, 1905, 2436, 5281, 1836, 960, 585, 2424, 1090, 3097, 2686, 1776, 1709, 2144, 1252, 954, 1882, 1096, 1385, 904, 2524, 1201, 1365, 1468, 1086, 697, 1456, 1416, 1395, 788, 2427, 1881, 4834, 2752, 1095, 1071, 1722, 880, 2078, 3484, 1141, 2672, 2057, 1595, 815, 408, 1740, 3075, 2905, 1107, 1986, 1184, 1070, 1567, 1880, 1685, 1059, 2121, 4137, 1800, 2058, 697, 2088, 1628, 1919, 1638, 1131, 2189, 1196, 2421, 1488, 6709, 1942, 1536, 4416, 1682, 2239, 2179, 2391, 6447, 2544, 1225, 2176, 1980, 3262, 1669, 2939, 2549, 1509, 3403, 1707, 1978, 1322, 718, 3277, 2489, 7819, 1878, 3939, 1949, 1427, 1780, 859, 2780, 2530, 1791, 1566, 2710, 648, 2699, 648, 712, 1897, 1405, 1665, 1405, 998, 3254, 3315, 1611, 1622, 1758, 2756, 907, 801, 7532, 1704, 3037, 1859, 1439, 841, 2878, 2344, 1997, 3466, 1317, 2761, 2385, 1480, 4298, 1507, 1414, 2069, 997, 2863, 3198, 1999, 324, 2255, 2133, 1841, 1029, 1445, 572, 2545, 2049, 1080, 2954, 1658, 3350, 2995, 1289, 2703, 1586, 6270, 1685, 2656, 2221, 1220, 7244, 3046, 1584, 5063, 1903, 1622, 1285, 1791, 1195, 1097, 1753, 2752, 1095, 4351, 1991, 2786, 2338, 1605, 3042)
(457, 2525): Mean: 2129.244, median: 1816.0, std: 1336.881, percent: 2062.54, B: 132, W: 117, 
	(2667, 1144, 1714, 9996, 2932, 2149, 1059, 1750, 919, 2243, 1552, 1725, 1034, 1778, 3051, 1074, 4723, 3683, 1990, 2450, 1512, 882, 1821, 1106, 1941, 1671, 1057, 2358, 1705, 1678, 3573, 2611, 3516, 1196, 1055, 2086, 1736, 1558, 2176, 1831, 1145, 2507, 1414, 2130, 921, 2941, 1338, 967, 6598, 1930, 819, 1813, 1253, 353, 1512, 5744, 747, 810, 2896, 2901, 2020, 3314, 2632, 1880, 3490, 5407, 2015, 944, 545, 2219, 1256, 3778, 2381, 1745, 1649, 1986, 1187, 1021, 1756, 1133, 1186, 926, 2665, 1092, 1359, 1365, 1161, 671, 1220, 1390, 1395, 821, 2103, 1581, 4532, 2779, 1028, 1049, 1813, 847, 2005, 3455, 1337, 2620, 2105, 1623, 933, 442, 1475, 3438, 2312, 1058, 1977, 1120, 1071, 1520, 1864, 1865, 1029, 2455, 3711, 1912, 1953, 600, 2068, 1696, 2427, 1438, 1135, 1963, 1174, 2709, 1531, 5806, 1861, 1556, 4615, 1819, 2245, 1972, 2595, 6127, 2150, 1275, 2529, 2274, 3930, 1698, 3177, 2435, 1530, 3519, 1773, 1767, 1386, 702, 3201, 3141, 7325, 1766, 3278, 2143, 1386, 1604, 958, 3001, 2218, 1707, 1684, 2635, 635, 2343, 722, 631, 1914, 1535, 1807, 1335, 932, 3208, 3648, 1499, 1490, 1940, 2660, 923, 849, 7888, 1872, 3007, 1893, 1377, 817, 2504, 2186, 1922, 3518, 1268, 2619, 2270, 1540, 3940, 1445, 1409, 2415, 904, 2679, 2990, 2085, 344, 2150, 2411, 1812, 1068, 1642, 536, 2661, 2063, 1100, 3328, 1664, 3564, 3098, 1467, 2379, 1575, 5766, 1570, 2553, 2198, 1257, 8154, 3398, 1555, 5253, 1675, 1449, 1221, 1658, 1253, 1054, 1848, 3275, 1052, 4522, 2011, 2651, 3202, 1919, 2745)
(461, 2548): Mean: 2134.448, median: 1820.0, std: 1343.317, percent: 2017.9, B: 127, W: 122, 
	(2637, 1266, 1635, 10852, 2863, 1987, 1047, 1614, 1050, 2115, 1516, 1747, 1179, 1734, 3213, 1077, 3532, 4083, 2081, 2488, 1383, 881, 2081, 1004, 1960, 1777, 1020, 2356, 1710, 1558, 3614, 2619, 3368, 1198, 903, 1985, 1615, 1978, 2211, 1805, 1118, 2254, 1420, 1965, 1080, 2724, 1224, 1053, 7070, 1866, 768, 1650, 1296, 354, 1493, 5143, 621, 722, 3205, 2479, 2095, 3677, 2925, 1951, 3020, 4731, 1910, 943, 648, 2239, 1253, 3767, 2423, 1703, 1675, 1979, 1210, 1047, 1922, 1174, 1456, 863, 2644, 1182, 1501, 1310, 1197, 617, 1366, 1520, 1244, 835, 2331, 2038, 4383, 2590, 1000, 993, 1716, 786, 1943, 3442, 1418, 2715, 2250, 1639, 850, 377, 1635, 3655, 2507, 1069, 1854, 1115, 1055, 1403, 1962, 1725, 1017, 2114, 3882, 1824, 2145, 694, 2158, 1610, 2261, 1556, 1324, 2042, 1087, 2037, 1563, 6505, 1927, 1530, 4582, 1697, 2563, 1816, 2589, 5236, 2667, 1307, 2054, 2194, 3611, 1686, 3092, 2420, 1422, 3499, 1749, 1849, 1302, 745, 3288, 2711, 7933, 1832, 2746, 1951, 1587, 1558, 966, 2507, 2608, 1800, 1575, 2943, 659, 2599, 691, 708, 2316, 1783, 1855, 1341, 1030, 3242, 3594, 1502, 1651, 1707, 2605, 856, 981, 6624, 2161, 2788, 1945, 1330, 878, 2464, 2600, 1966, 3219, 1280, 2823, 2516, 1623, 4562, 1442, 1414, 1893, 900, 2664, 2881, 3875, 312, 2096, 1938, 2137, 1224, 1673, 456, 2828, 1710, 1290, 2850, 1646, 3224, 2950, 1288, 3013, 1627, 5755, 1505, 2269, 2285, 1517, 8163, 3153, 1792, 5347, 1504, 1541, 1254, 1796, 1230, 1045, 1807, 2860, 1048, 5484, 2091, 3232, 2653, 1919, 3046)
(475, 2632): Mean: 2136.296, median: 1836.0, std: 1351.958, percent: 2007.44, B: 126, W: 123, 
	(2663, 1275, 1520, 10530, 2757, 1846, 1171, 1840, 1028, 2257, 1447, 1696, 1209, 1782, 3315, 1288, 3745, 3836, 1789, 2638, 1344, 951, 2280, 990, 1874, 1785, 1091, 2208, 2026, 1589, 3433, 2651, 3572, 1212, 918, 2200, 1545, 1801, 2376, 1953, 984, 2183, 1376, 2225, 1170, 2375, 1260, 1034, 7017, 2050, 983, 1838, 1217, 401, 1834, 4933, 579, 728, 3249, 2356, 1966, 3731, 2742, 2345, 3027, 4148, 1782, 998, 526, 2308, 1097, 4024, 2339, 1854, 1580, 1925, 1358, 958, 1606, 1142, 1255, 986, 2561, 1084, 1407, 1389, 1119, 657, 1308, 1372, 1287, 710, 2748, 1702, 4616, 2651, 1089, 1096, 2006, 814, 2017, 3357, 1366, 2696, 1909, 1627, 856, 401, 1822, 3578, 2332, 1055, 2004, 1086, 989, 1537, 1852, 1812, 935, 2433, 3915, 1753, 2108, 679, 2111, 1532, 2396, 1693, 1176, 1942, 1190, 2002, 1718, 6394, 2143, 1378, 4652, 1722, 2388, 1959, 2149, 5065, 2414, 1404, 2134, 2026, 3322, 1973, 2693, 2626, 1537, 3321, 1756, 2021, 1272, 807, 3703, 2741, 8345, 1731, 3389, 2041, 1410, 1598, 960, 2446, 2602, 1841, 1673, 2797, 616, 2775, 746, 778, 2256, 1423, 1651, 1275, 985, 3657, 3357, 1580, 1705, 1702, 2475, 994, 756, 8763, 1757, 3257, 2386, 1457, 810, 2195, 2484, 1890, 4288, 1260, 2855, 2485, 1614, 4547, 1526, 1364, 2167, 918, 2989, 2917, 1690, 299, 2458, 2217, 1863, 1190, 1405, 456, 2728, 2118, 1072, 3148, 1722, 3573, 2960, 1535, 2763, 1738, 5255, 1438, 2337, 2373, 1201, 7881, 2671, 1719, 4824, 1806, 1485, 1383, 1817, 1325, 1091, 2237, 2573, 1198, 4691, 1995, 3291, 2462, 1740, 2838)
(478, 2650): Mean: 2149.52, median: 1828.5, std: 1374.525, percent: 2034.6, B: 126, W: 124, 
	(2577, 1210, 1626, 9476, 2856, 1782, 1134, 1705, 968, 2543, 1396, 1675, 1088, 2026, 3102, 1104, 3539, 4285, 1923, 2825, 1484, 965, 2102, 1048, 1900, 1659, 1050, 2111, 1849, 1821, 3101, 2256, 3506, 1364, 930, 2321, 1832, 1824, 2338, 2010, 1126, 2344, 1314, 2183, 1095, 2572, 1363, 996, 8262, 1828, 817, 1765, 1234, 387, 1685, 5354, 590, 715, 3185, 2730, 2264, 4216, 2916, 1842, 2965, 4118, 1903, 1081, 598, 2337, 1277, 3843, 2363, 1799, 1738, 1955, 1309, 1012, 1788, 1085, 1243, 923, 2540, 1164, 1485, 1647, 1228, 671, 1344, 1457, 1239, 731, 2304, 2006, 4358, 2919, 1051, 1071, 2180, 799, 1937, 3367, 1399, 2705, 2131, 1493, 827, 436, 1595, 3398, 2696, 1099, 2037, 1037, 1055, 1571, 1842, 1809, 1008, 2038, 3773, 1887, 1736, 621, 2276, 1620, 2332, 1826, 1181, 1788, 1142, 2478, 1462, 4750, 2096, 1506, 3916, 1783, 2657, 1852, 2298, 6656, 2035, 1369, 2099, 1964, 3928, 1692, 3167, 2409, 1551, 3118, 1802, 1775, 1401, 697, 3530, 2807, 9470, 1764, 3924, 2132, 1319, 1576, 1023, 3294, 2208, 1955, 1693, 2643, 668, 2497, 764, 756, 1892, 1421, 1851, 1464, 1016, 3061, 3598, 1540, 1527, 1654, 2588, 895, 855, 8325, 2155, 2885, 2066, 1563, 813, 2359, 2246, 2061, 3889, 1247, 2841, 2482, 1654, 5319, 1543, 1565, 1993, 910, 2491, 2918, 1945, 293, 2340, 2052, 1941, 1152, 1475, 439, 2707, 1829, 1121, 3239, 1614, 3165, 4342, 1396, 2482, 1775, 5906, 1472, 2372, 2334, 1402, 7286, 3288, 1689, 5431, 1691, 1585, 1357, 1956, 1310, 1087, 1764, 2512, 1089, 4977, 2057, 3079, 2703, 1797, 2471)
(479, 2656): Mean: 2154.252, median: 1853.0, std: 1415.991, percent: 2016.76, B: 133, W: 116, 
	(2854, 1225, 1489, 10696, 2914, 1779, 1124, 1627, 1033, 2153, 1424, 1710, 1057, 1854, 3153, 1152, 3834, 4160, 1881, 2704, 1423, 873, 1963, 1043, 1868, 2020, 1038, 1922, 1755, 1496, 3732, 2532, 3359, 1169, 956, 2048, 1559, 1984, 2172, 1906, 1134, 2351, 1434, 1879, 1182, 2838, 1269, 975, 8651, 1795, 895, 1900, 1247, 392, 1701, 5055, 639, 885, 3798, 2857, 2063, 3936, 2836, 1966, 2449, 4202, 1942, 913, 657, 2199, 1165, 3831, 2484, 1646, 1824, 2081, 1208, 1034, 1775, 1239, 1431, 923, 2510, 1120, 1475, 1423, 1064, 611, 1305, 1322, 1290, 852, 2255, 2156, 5752, 3330, 1118, 1054, 1836, 788, 2037, 3861, 1344, 2914, 2620, 1477, 733, 388, 1532, 3860, 2513, 1061, 1988, 1115, 1028, 1547, 1808, 1874, 1065, 2334, 3658, 1874, 2061, 587, 2272, 1762, 2326, 1406, 1136, 1983, 1387, 2095, 1649, 6431, 1933, 1473, 3795, 1668, 2506, 2280, 2389, 5420, 2419, 1229, 2080, 2322, 3308, 1679, 2833, 2783, 1444, 3021, 1747, 1880, 1357, 668, 3202, 2771, 8594, 1931, 3996, 2073, 1419, 1563, 906, 2758, 2366, 1700, 1514, 2646, 613, 2559, 765, 699, 2289, 1427, 1633, 1292, 1055, 3468, 3274, 1565, 1695, 1651, 2536, 946, 810, 7429, 1700, 2910, 2270, 1561, 842, 2521, 2551, 1985, 3825, 1325, 3057, 2601, 1602, 3868, 1429, 1449, 1917, 908, 2416, 2813, 1852, 340, 2394, 2103, 1856, 1194, 1531, 395, 2637, 1968, 1136, 3111, 1548, 3611, 2866, 1437, 2646, 1778, 5239, 1542, 2430, 2359, 1345, 9354, 3292, 1693, 5839, 1711, 1459, 1206, 1829, 1108, 1090, 1815, 2800, 1106, 4763, 2187, 3305, 2452, 2010, 2988)
(483, 2680): Mean: 2137.748, median: 1856.5, std: 1372.24, percent: 1989.38, B: 126, W: 124, 
	(3126, 1223, 1716, 10668, 2860, 1819, 1159, 1636, 977, 1972, 1564, 1567, 1060, 1955, 3463, 1180, 3597, 4269, 1831, 2534, 1415, 945, 1860, 1020, 1864, 1742, 1080, 2086, 1817, 1757, 3250, 2326, 3309, 1233, 898, 2382, 1639, 1853, 2089, 1998, 1075, 2087, 1346, 1944, 1313, 2674, 1342, 1069, 6164, 1890, 952, 1930, 1322, 288, 1943, 5895, 607, 845, 3142, 2624, 2018, 3349, 2596, 2092, 2904, 4944, 1827, 916, 562, 2300, 1221, 3348, 2357, 1642, 1615, 1939, 1313, 951, 1737, 1144, 1250, 920, 2498, 1157, 1346, 1538, 1148, 624, 1357, 1456, 1368, 792, 2463, 1847, 5099, 2766, 1105, 1117, 1838, 901, 2125, 3773, 1268, 2339, 2177, 1598, 822, 376, 1547, 3662, 2358, 1102, 2059, 1021, 1019, 1528, 1775, 1564, 1019, 2192, 3985, 1921, 2424, 572, 2132, 1537, 2201, 1550, 1201, 1891, 1142, 1969, 1700, 5117, 1821, 1491, 3760, 1636, 2462, 2176, 2628, 5555, 2176, 1414, 2381, 2146, 4018, 1792, 3219, 2597, 1404, 3375, 1948, 1899, 1344, 695, 3378, 2435, 9466, 1968, 3168, 2269, 1610, 1634, 964, 2593, 2864, 1886, 1747, 2746, 659, 2412, 712, 714, 1898, 1390, 1794, 1368, 1109, 3256, 3487, 1370, 1887, 1691, 2553, 834, 855, 7828, 1802, 3206, 1916, 1569, 792, 2627, 2379, 1963, 3517, 1490, 2713, 2665, 1533, 5333, 1448, 1415, 2076, 910, 2267, 2774, 1749, 298, 2382, 1943, 1796, 1202, 1424, 537, 2714, 2009, 1088, 2861, 1819, 3410, 3377, 1484, 2789, 1898, 6145, 1489, 2720, 2450, 1294, 8296, 3064, 1935, 5239, 1574, 1520, 1278, 1759, 1170, 1016, 1951, 2655, 1191, 4561, 2092, 2692, 2604, 2086, 2777)
(484, 2684): Mean: 2156.728, median: 1811.5, std: 1429.956, percent: 2069.44, B: 126, W: 123, 
	(2966, 1167, 1548, 11123, 3158, 2060, 1015, 1605, 1183, 2218, 1374, 1818, 1156, 1749, 3027, 1150, 3664, 3867, 1907, 2739, 1532, 863, 2025, 970, 2006, 1705, 994, 2257, 1716, 1697, 3308, 2567, 2999, 1208, 832, 1900, 1619, 1698, 2356, 2021, 1061, 2140, 1398, 2355, 1063, 2330, 1332, 1068, 9520, 1933, 877, 1807, 1275, 444, 1665, 5182, 590, 764, 3615, 2353, 2155, 3629, 2602, 2118, 2155, 4940, 1779, 956, 563, 2471, 1247, 3824, 2170, 1727, 1718, 1906, 1153, 1011, 1533, 1381, 1286, 899, 2762, 1032, 1443, 1483, 1095, 662, 1249, 1382, 1283, 760, 2491, 1770, 4878, 3163, 1145, 1051, 1756, 958, 1939, 3720, 1227, 2593, 2163, 1541, 854, 339, 1778, 3852, 2890, 1164, 1992, 1062, 1065, 1532, 1737, 1810, 943, 2507, 3889, 1859, 1720, 666, 2458, 1456, 2096, 1552, 1288, 2037, 1188, 2050, 1440, 5891, 1918, 1463, 4145, 1543, 2621, 1829, 2318, 5896, 2089, 1572, 2329, 2093, 3600, 1603, 3201, 2662, 1427, 3438, 2061, 1835, 1333, 688, 3735, 2401, 9100, 1980, 3712, 2266, 1491, 1813, 907, 2950, 2378, 1835, 1565, 2803, 599, 2494, 789, 753, 1862, 1505, 1913, 1379, 973, 3168, 3428, 1537, 1717, 2062, 2416, 983, 786, 7215, 1666, 2734, 1880, 1680, 780, 2391, 2165, 1803, 3755, 1287, 2913, 2457, 1603, 5143, 1450, 1656, 2068, 905, 2413, 2934, 1804, 405, 2110, 2234, 1877, 1274, 1428, 552, 3017, 2177, 1235, 3308, 1749, 3390, 3259, 1420, 2850, 1716, 6102, 1526, 2757, 2391, 1390, 8036, 2939, 1656, 5447, 1695, 1574, 1370, 1810, 1341, 1156, 1873, 2710, 1191, 4992, 1892, 3124, 2789, 1828, 2503)
(485, 2690): Mean: 2137.732, median: 1840.0, std: 1337.9, percent: 2046.66, B: 127, W: 122, 
	(3014, 1188, 1584, 10320, 2785, 1850, 1156, 1670, 959, 2230, 1483, 1680, 1021, 1847, 3663, 1148, 4071, 3664, 2159, 2873, 1454, 941, 2251, 1069, 1851, 1608, 971, 1930, 1696, 1726, 3620, 2283, 3573, 1170, 962, 2133, 1551, 2122, 2084, 1800, 1023, 2409, 1594, 2020, 946, 3171, 1523, 1053, 6053, 1836, 931, 1825, 1201, 347, 1914, 6022, 601, 790, 3777, 2890, 2078, 3754, 2486, 1812, 2748, 4290, 1844, 1029, 557, 2270, 1137, 3782, 2285, 1724, 1566, 1911, 1280, 998, 1782, 1197, 1164, 902, 2593, 1099, 1489, 1612, 1356, 663, 1330, 1478, 1229, 1002, 2475, 2214, 4242, 3077, 1044, 1067, 2081, 878, 2311, 3577, 1204, 2529, 2009, 1541, 832, 392, 1822, 3253, 2371, 1018, 2018, 1059, 1063, 1462, 1872, 1638, 974, 2358, 4101, 1903, 1903, 716, 2124, 1637, 2339, 1598, 1090, 1779, 1266, 2122, 1686, 6295, 2124, 1469, 4690, 1825, 2294, 1876, 2455, 5257, 2223, 1282, 2198, 1959, 3558, 1810, 3070, 2621, 1442, 3858, 1753, 1848, 1302, 681, 3667, 2806, 7096, 2046, 2974, 2048, 1634, 1690, 905, 3138, 2194, 2002, 1587, 3155, 613, 2451, 688, 715, 1868, 1371, 1910, 1323, 1042, 3692, 3491, 1534, 1477, 1644, 2389, 980, 859, 7294, 1944, 2714, 1831, 1430, 802, 2468, 2240, 1791, 4087, 1284, 3016, 2608, 1546, 4110, 1381, 1464, 2131, 929, 2402, 2724, 1858, 319, 2287, 2022, 1716, 1250, 1492, 512, 2730, 2033, 1299, 2693, 1627, 3396, 2878, 1470, 2836, 1781, 6369, 1488, 2409, 2186, 1150, 8443, 3605, 1769, 5191, 1660, 1580, 1149, 1805, 1116, 1126, 1876, 2896, 1110, 5626, 2025, 3108, 2345, 2033, 2916)
(493, 2737): Mean: 2144.34, median: 1871.0, std: 1359.953, percent: 2084.24, B: 128, W: 122, 
	(2807, 1189, 1727, 8932, 2861, 1764, 1210, 1765, 835, 2413, 1586, 1672, 1113, 2066, 3185, 1138, 3940, 3821, 2051, 3084, 1293, 1017, 2138, 1042, 1975, 1652, 994, 2184, 1752, 1613, 3516, 2388, 3668, 1149, 1038, 2121, 1534, 1927, 2185, 1702, 1088, 2307, 1514, 2210, 1045, 2588, 1341, 1104, 6319, 1808, 920, 1688, 1253, 353, 1685, 5472, 622, 643, 3307, 2498, 2009, 3420, 2523, 1892, 2342, 4604, 1984, 1035, 527, 2210, 1265, 4001, 2345, 1718, 1724, 2111, 1239, 988, 1895, 1074, 1290, 1001, 2560, 1156, 1494, 1321, 1118, 600, 1395, 1246, 1212, 745, 2313, 1790, 5687, 3056, 1039, 1151, 2009, 836, 2082, 3879, 1358, 2457, 2456, 1554, 733, 358, 1543, 4156, 2609, 1201, 2002, 1045, 997, 1487, 1850, 1742, 980, 2242, 4106, 1962, 2092, 621, 2378, 1578, 2341, 1508, 1108, 2087, 1139, 2050, 1506, 5428, 1887, 1436, 4053, 1682, 2549, 1969, 2140, 5217, 2337, 1405, 2179, 2260, 3443, 2098, 3160, 2531, 1375, 3175, 1956, 1943, 1355, 787, 3630, 2536, 8632, 2064, 3100, 2077, 1437, 1682, 830, 2937, 2409, 1812, 1485, 2551, 663, 2448, 743, 783, 2116, 1428, 1594, 1270, 1039, 3133, 3538, 1416, 1705, 1687, 2369, 908, 801, 8964, 1794, 2665, 1721, 1556, 798, 2968, 2027, 1928, 3623, 1407, 3300, 2593, 1540, 4844, 1620, 1351, 2010, 932, 2401, 3008, 1932, 346, 2314, 2092, 1643, 1201, 1559, 578, 2899, 2025, 1195, 3479, 1701, 3749, 2693, 1402, 2494, 1952, 6339, 1616, 2816, 2306, 1479, 8329, 3119, 1548, 5871, 1697, 1456, 1166, 1855, 1269, 1117, 1919, 2956, 1108, 4995, 2002, 2685, 2718, 2010, 3273)
(494, 2742): Mean: 2128.216, median: 1833.5, std: 1329.902, percent: 2016.6, B: 131, W: 118, 
	(2859, 1150, 1616, 9985, 2542, 1855, 1108, 1630, 940, 2389, 1528, 1756, 1009, 1850, 3615, 1224, 3575, 3686, 1811, 2784, 1508, 928, 2052, 1068, 2033, 1659, 971, 1970, 1691, 1529, 3503, 2734, 3471, 1169, 887, 2107, 1584, 1845, 2098, 2078, 1179, 2302, 1488, 2020, 1275, 2357, 1405, 1085, 8724, 1930, 783, 1750, 1199, 337, 1628, 5159, 624, 628, 3307, 2490, 2057, 3480, 2620, 2001, 2564, 3977, 1837, 1014, 582, 2605, 1223, 3659, 2562, 1696, 1585, 1827, 1314, 952, 1825, 1095, 1370, 1044, 3045, 1037, 1320, 1448, 1100, 716, 1433, 1323, 1372, 905, 2453, 1660, 4505, 3015, 1133, 1093, 1896, 800, 1922, 3613, 1352, 2614, 2059, 1827, 737, 328, 1599, 3096, 2692, 984, 2145, 1060, 1018, 1339, 2038, 1815, 951, 2080, 3852, 1822, 2054, 691, 2193, 1693, 2433, 1752, 1137, 1980, 1246, 2325, 1491, 5016, 2039, 1549, 4045, 1622, 2366, 2013, 2363, 5509, 2668, 1290, 2431, 2267, 3969, 1827, 2848, 2534, 1499, 3377, 1941, 1885, 1572, 795, 4168, 2440, 8213, 2011, 2957, 2126, 1532, 1717, 989, 2508, 2519, 1818, 1735, 2537, 645, 2644, 726, 741, 2051, 1504, 1746, 1316, 910, 3768, 3415, 1588, 2064, 1688, 2160, 911, 808, 7771, 1799, 2542, 1776, 1510, 823, 2626, 2354, 2019, 3616, 1304, 2759, 2444, 1662, 4330, 1380, 1358, 2495, 877, 2750, 3026, 1609, 366, 2633, 2540, 2017, 1147, 1524, 468, 2771, 2024, 1042, 3100, 1834, 3559, 3101, 1426, 2976, 1614, 4882, 1564, 2662, 2362, 1359, 8229, 2646, 1739, 4860, 1482, 1518, 1377, 1902, 1275, 1169, 1833, 2935, 1099, 4614, 2090, 2405, 2674, 1903, 2575)
(496, 2754): Mean: 2147.428, median: 1862.5, std: 1371.568, percent: 2013.6, B: 127, W: 123, 
	(2662, 1248, 1688, 11233, 2643, 1800, 1254, 1680, 900, 1969, 1471, 1741, 1117, 1811, 3229, 1210, 3480, 3451, 2042, 2815, 1342, 931, 2011, 1036, 2056, 1772, 1027, 2227, 1869, 1557, 4053, 2341, 3324, 1229, 880, 2158, 1508, 1938, 2196, 1891, 1091, 2325, 1390, 2404, 974, 2375, 1409, 995, 7480, 1910, 824, 1803, 1276, 279, 1919, 5791, 620, 745, 3241, 2908, 2199, 3236, 2840, 1915, 2454, 4087, 1763, 1027, 578, 2732, 1267, 3700, 2488, 1863, 1626, 1956, 1225, 931, 1550, 1103, 1306, 891, 2783, 1119, 1404, 1554, 1186, 761, 1324, 1399, 1302, 723, 2386, 1825, 4790, 2706, 1037, 1089, 1980, 1036, 2035, 3337, 1249, 2783, 2222, 1503, 811, 305, 1661, 3746, 2793, 1055, 1952, 1099, 1056, 1503, 1892, 1620, 909, 2353, 4057, 1742, 1914, 615, 2184, 1647, 2338, 1503, 1160, 1939, 1212, 2456, 1616, 5296, 2327, 1529, 3590, 1625, 2433, 1977, 2473, 5366, 2403, 1275, 2040, 2441, 3877, 1879, 2865, 2616, 1507, 3037, 2136, 1970, 1334, 771, 3995, 2427, 7090, 1887, 3917, 1726, 1514, 1823, 963, 3411, 2477, 1901, 1830, 2613, 585, 2635, 700, 708, 2130, 1395, 1699, 1328, 1079, 3211, 3384, 1863, 1708, 1770, 2581, 1032, 779, 8114, 1734, 3149, 1829, 1478, 812, 2493, 2226, 2096, 4128, 1251, 2844, 2612, 1701, 4235, 1477, 1332, 2215, 937, 2721, 2909, 1846, 316, 2249, 2526, 1699, 1211, 1590, 472, 2731, 2012, 1102, 3063, 1789, 3364, 3438, 1331, 2700, 1504, 5412, 1662, 2656, 2213, 1328, 8830, 3480, 1559, 5599, 1654, 1520, 1046, 1893, 1217, 1148, 1862, 2739, 1288, 5210, 1964, 3174, 2814, 1817, 2651)
(497, 2759): Mean: 2120.136, median: 1800.0, std: 1364.756, percent: 1980.26, B: 143, W: 106, 
	(2540, 1181, 1507, 10540, 2655, 1947, 1087, 1743, 896, 2359, 1350, 1630, 1068, 1694, 3924, 1149, 3688, 3912, 1867, 2636, 1359, 971, 2293, 1177, 2065, 1661, 1031, 2219, 1766, 1511, 3816, 2295, 3645, 1079, 1037, 2108, 1510, 1637, 2283, 1981, 1102, 2375, 1552, 1964, 1217, 2589, 1397, 1035, 8007, 1739, 794, 1954, 1225, 388, 1555, 5535, 568, 636, 3853, 2709, 2034, 3582, 2776, 2199, 2544, 4919, 1803, 973, 578, 2369, 1156, 3974, 2309, 1843, 1601, 1924, 1207, 1009, 1696, 1098, 1236, 911, 2477, 1108, 1342, 1434, 1095, 597, 1343, 1325, 1252, 756, 2583, 1754, 4870, 2906, 1019, 1100, 1893, 867, 2135, 3619, 1176, 2569, 1968, 1507, 807, 410, 1648, 3398, 2467, 1146, 2105, 1081, 990, 1453, 1750, 1640, 921, 2498, 3570, 1644, 1885, 703, 2080, 1750, 2315, 1552, 1130, 2222, 1158, 2481, 1610, 6067, 2175, 1372, 3681, 1713, 2479, 1937, 2154, 5269, 2029, 1333, 1903, 2053, 3585, 1721, 3318, 2645, 1428, 3273, 2071, 1744, 1362, 792, 4241, 2648, 9091, 1855, 3505, 2004, 1471, 1508, 1000, 3132, 2354, 1797, 1611, 2689, 652, 2313, 724, 719, 2169, 1346, 1657, 1381, 1009, 3342, 2862, 1490, 2064, 1637, 2488, 973, 808, 7937, 1681, 2844, 1896, 1296, 798, 2761, 2173, 1861, 3343, 1260, 2764, 2567, 1614, 4471, 1309, 1373, 2013, 917, 2591, 2774, 2081, 311, 2135, 2220, 1738, 1280, 1534, 549, 2694, 2117, 1054, 3181, 1609, 3530, 2981, 1458, 2807, 1649, 4951, 1512, 2143, 2383, 1293, 7356, 3152, 1684, 4844, 1615, 1554, 1158, 1869, 1190, 1076, 1952, 2892, 1160, 4149, 2023, 2854, 2841, 1917, 2790)

Test:
No precond: Mean: 2497.244, median: 2230.5, std: 1214.669, percent: 2491.02, flag: 0 
	(950, 1877, 1941, 3744, 1247, 5987, 1591, 2381, 2752, 2719, 2593, 1137, 1253, 4091, 1708, 6313, 1086, 1351, 2778, 2363, 2458, 3768, 1766, 673, 2961, 2180, 1841, 2736, 5944, 3685, 3480, 2306, 2914, 2443, 1792, 2633, 2141, 4723, 964, 5409, 1415, 1365, 2197, 2119, 4040, 2732, 2921, 4361, 3014, 957, 2406, 2700, 1016, 2727, 1027, 2206, 4471, 5667, 1023, 2254, 1165, 1674, 3359, 1425, 1789, 2027, 2275, 3964, 2649, 2021, 4787, 1110, 2587, 2272, 1938, 2301, 5418, 2672, 1851, 975, 2245, 1659, 1756, 2166, 2142, 1639, 2126, 577, 1965, 3532, 3207, 1680, 1477, 2114, 2249, 1844, 6588, 3956, 3429, 1896, 2283, 2294, 1954, 1963, 5632, 2312, 1484, 5220, 3578, 1482, 1083, 1703, 2010, 1982, 2121, 1963, 1474, 3246, 3444, 1895, 1519, 1214, 1727, 3619, 2218, 2905, 1983, 1012, 3293, 1160, 4712, 3107, 2411, 2979, 3354, 1456, 2438, 1712, 1625, 2868, 1529, 2304, 1987, 1497, 3180, 721, 1195, 1917, 1328, 924, 3485, 814, 4130, 3147, 3932, 2682, 3182, 1594, 2130, 2582, 1685, 1483, 3374, 4695, 2891, 3307, 3968, 3869, 2384, 1420, 3376, 2724, 4297, 1429, 1424, 3804, 2088, 3379, 1458, 3026, 1638, 3871, 1794, 779, 5650, 893, 4333, 1585, 2784, 1212, 2860, 2502, 1756, 1301, 1700, 1520, 1457, 2108, 2847, 1731, 5055, 3275, 801, 1719, 2677, 3232, 2390, 1571, 1775, 1773, 5055, 2885, 1386, 2727, 1195, 3078, 5249, 2163, 1890, 1574, 3070, 1313, 3534, 2465, 1861, 6735, 3555, 3290, 1992, 2142, 4196, 414, 3297, 4340, 1567, 4321, 2878, 2612, 1249, 1405, 2994, 2379, 2402, 2623, 2127, 1920, 1607, 2076, 2243, 1334)

Jacobi: Mean: 2079.96, median: 1846.5, std: 1147.316, percent: 2054.8,, BvN: 230, WvN: 20, flag: 0 
	(743, 1369, 1195, 3231, 1009, 7387, 1727, 1614, 2239, 2554, 2275, 1024, 1025, 5804, 1392, 6411, 954, 1206, 2706, 1704, 2675, 2968, 1375, 575, 2623, 1668, 1803, 2268, 6098, 2546, 3110, 2118, 2038, 1593, 1423, 2732, 1976, 4085, 744, 6085, 1046, 1389, 1646, 1666, 2604, 1925, 2403, 3549, 2445, 862, 1575, 2241, 624, 2549, 759, 2428, 3182, 3671, 798, 1894, 1201, 1351, 2818, 1136, 1333, 1661, 1858, 4547, 1978, 1662, 3927, 766, 2296, 1997, 1257, 2321, 5079, 2090, 1426, 630, 1914, 1333, 1370, 1692, 1945, 1182, 1937, 385, 1552, 2907, 2769, 1315, 1330, 1709, 1746, 1488, 4297, 3849, 2967, 1630, 1962, 1618, 1884, 1519, 5188, 1964, 1223, 4390, 2857, 998, 753, 1422, 1762, 1366, 1818, 1835, 1100, 2322, 2520, 1718, 1195, 883, 1435, 2633, 2034, 2510, 1484, 787, 2648, 793, 4577, 2329, 1947, 2536, 2555, 1334, 1899, 1378, 1208, 1982, 1252, 1917, 1642, 1197, 3899, 524, 828, 1798, 948, 724, 3138, 538, 4350, 2747, 3355, 2293, 2085, 1131, 1862, 1436, 1299, 851, 2879, 3337, 2748, 2963, 2972, 3018, 2269, 1145, 3289, 1992, 3374, 1441, 1136, 3043, 1875, 2666, 1316, 2061, 1284, 3206, 1368, 568, 4790, 833, 2808, 1211, 3047, 830, 2581, 1833, 1583, 963, 1240, 1198, 1172, 1538, 2347, 1539, 3445, 2356, 499, 1474, 2228, 2595, 1739, 1293, 1298, 1665, 3433, 2055, 1090, 2758, 995, 2370, 5143, 1586, 1301, 1222, 2737, 994, 3193, 1869, 1662, 4635, 2344, 2330, 1485, 2023, 3689, 325, 4013, 2987, 1247, 4158, 2050, 1719, 893, 877, 2201, 2069, 2307, 1994, 1959, 1607, 1329, 1677, 2358, 1092)

Last: Mean: 2093.896, median: 1846.5, std: 1167.465, percent: 2094.8, BvN: 225, WvN: 25, BvJ: 116, WvJ: 133, flag: 0 
	(722, 1245, 1225, 3694, 897, 5644, 1439, 1843, 2489, 2264, 2247, 1035, 963, 5846, 1197, 6970, 868, 1239, 2831, 1868, 2418, 3192, 1366, 582, 2581, 1557, 1520, 2266, 5679, 2647, 3585, 2026, 1939, 1663, 1417, 2650, 1991, 4014, 705, 6822, 1051, 1394, 1420, 1646, 2637, 1859, 2200, 3090, 2032, 738, 1582, 2542, 702, 2716, 751, 2189, 3391, 4641, 794, 1769, 1152, 1238, 3033, 1086, 1484, 1764, 1769, 4117, 2005, 1522, 4270, 857, 2181, 1906, 1451, 2308, 5619, 2004, 1497, 662, 1892, 1246, 1595, 1652, 1732, 1409, 1889, 394, 1578, 3290, 2702, 1406, 1454, 1484, 1833, 1583, 4887, 4120, 2947, 1532, 1973, 1853, 1744, 1416, 4847, 1851, 1023, 4700, 3101, 1159, 771, 1395, 1980, 1371, 1695, 2063, 1257, 2359, 2520, 1725, 1113, 902, 1512, 2514, 2058, 2197, 1538, 725, 2662, 829, 4683, 2312, 1826, 2643, 2526, 1440, 2112, 1253, 1124, 1954, 1432, 1734, 1675, 1224, 4020, 519, 902, 2022, 932, 673, 3657, 496, 4364, 2507, 3787, 1916, 2047, 1222, 1823, 1493, 1308, 1118, 2653, 3027, 2749, 2546, 2575, 2942, 2439, 1205, 3684, 2078, 3306, 1351, 1161, 2942, 1886, 2713, 1289, 2181, 917, 3075, 1406, 684, 4977, 778, 3140, 1108, 3378, 767, 2273, 2063, 1517, 937, 1310, 1208, 1141, 1617, 2354, 1744, 2836, 2467, 494, 1410, 2814, 3167, 1602, 1301, 1428, 1543, 3688, 2003, 1002, 2177, 1023, 2917, 4651, 1628, 1330, 1363, 2903, 894, 3758, 1907, 1677, 4079, 2500, 2558, 1317, 1919, 4134, 329, 3799, 3414, 1277, 4181, 1961, 1770, 916, 1052, 2496, 2162, 1985, 1850, 2225, 1617, 1144, 1853, 2370, 1025)

[ 0.00262394 -0.0159545   0.00563263 -0.01373475 -0.02009171 -0.01446036
  0.00335614 -0.01901035 -0.01913425 -0.00468314]
