
10/04/2026, 11:48:18
Config file: config/config_sign_0_diags_1.ini
Data:
	1d_laplace_size: 45
	amount: 250
	params: 1 0.3
	seed: 0
	dim: 2025
Solver:
	tol: 1e-10
	max_iteration: None
Learn:
	iteration_count: 200
	step_range: 0.1
	method: sign
	seed: 0
	change_scales: 1 0.5 0.25
	allow_disimprovement: True
	median_best_scale: 0.5
	mean_best_scale: 0.5
Precondition:
	par_list: 1 1
	diag_list: 1 -1
	num_coef: 2
	type: diag_shift
	diag: jacobi

Train:
(0, 1): Mean: 3003.624, median: 2541.0, std: 1967.491, percent: 2897.98, B: 250, W: 0, 
	(4256, 1742, 2167, 16160, 4625, 2733, 1734, 2764, 1448, 3071, 2398, 2246, 1475, 3431, 4044, 1403, 4859, 5200, 3656, 3709, 2073, 1299, 2720, 1552, 2381, 2655, 1389, 2976, 2561, 2427, 5827, 3203, 4621, 1634, 1434, 2925, 1784, 2401, 3206, 2651, 1566, 3268, 1963, 2937, 1897, 3746, 1690, 1391, 9145, 2115, 1148, 2179, 1732, 473, 2268, 6269, 892, 1087, 5443, 4862, 3680, 3806, 4345, 2767, 3065, 7502, 2313, 1041, 765, 3911, 1312, 5356, 3744, 2265, 2696, 3052, 1998, 1277, 2848, 1669, 1864, 1335, 5044, 1590, 1655, 2223, 1738, 973, 1698, 1981, 1829, 1182, 2623, 2742, 8152, 3212, 1307, 1381, 2542, 1225, 3369, 4916, 2023, 3702, 3300, 2101, 980, 559, 2398, 4286, 3877, 1652, 2883, 1456, 1513, 2175, 2523, 2432, 1586, 3220, 6042, 2366, 2285, 901, 3807, 2095, 2578, 1911, 1516, 2820, 1735, 3695, 2170, 9763, 2820, 2065, 5450, 2577, 3482, 2418, 3220, 6902, 3707, 2228, 2664, 3048, 6700, 2347, 4312, 4301, 1770, 4695, 2486, 2540, 1741, 1028, 5612, 3550, 11159, 2594, 4279, 2685, 2296, 2055, 1232, 3857, 2520, 2440, 2305, 3829, 788, 3547, 818, 1225, 2259, 2088, 2047, 1880, 1538, 5486, 4509, 2143, 2083, 2710, 3690, 1438, 1161, 13105, 2359, 3708, 2559, 2217, 1412, 3479, 3443, 2571, 5414, 1739, 4503, 3576, 2177, 7957, 1671, 2019, 3310, 1191, 3368, 4264, 2984, 409, 3753, 2908, 3149, 1499, 2102, 934, 3828, 2899, 1515, 3995, 2636, 5027, 4421, 1795, 3449, 2110, 7612, 2020, 3530, 3040, 1834, 8630, 3290, 1985, 6633, 2211, 1753, 1638, 2430, 1522, 1370, 2857, 3350, 1581, 6622, 3092, 4554, 4023, 2644, 3652)
(1, 2): Mean: 2033.976, median: 1741.0, std: 1310.315, percent: 1988.64, B: 249, W: 0, 
	(2544, 1096, 1491, 10267, 2971, 1751, 989, 1731, 830, 2056, 1347, 1647, 945, 1842, 3196, 1076, 3350, 3494, 1887, 3106, 1446, 871, 2054, 1050, 1862, 1605, 903, 1929, 1543, 1579, 3554, 2158, 3825, 1069, 980, 2270, 1393, 1849, 1999, 1965, 950, 2296, 1280, 2160, 962, 2603, 1245, 1034, 5765, 1695, 749, 1706, 1303, 288, 1529, 5363, 596, 715, 3610, 2419, 2006, 3562, 2298, 1891, 2396, 4454, 1833, 903, 528, 2325, 1020, 3514, 2693, 1925, 1475, 1898, 1194, 928, 1814, 1090, 1299, 911, 2676, 1022, 1370, 1271, 1174, 662, 1257, 1170, 1176, 742, 2415, 1871, 4959, 2864, 1018, 954, 1526, 780, 1939, 3420, 1055, 2709, 2192, 1546, 809, 335, 1615, 3005, 2518, 1055, 1897, 1127, 1045, 1209, 1677, 1634, 855, 2208, 3490, 1502, 2285, 637, 2015, 1451, 2188, 1339, 1184, 1894, 1084, 2193, 1420, 4940, 1795, 1312, 3508, 1650, 2248, 1839, 2099, 5169, 1786, 1254, 2219, 1874, 3764, 1785, 2952, 2482, 1399, 2897, 1559, 1773, 1303, 633, 3196, 2447, 7702, 1821, 3673, 1887, 1553, 1422, 864, 2264, 2131, 1598, 1843, 2762, 630, 2784, 684, 709, 1853, 1220, 1578, 1166, 899, 4013, 3048, 1588, 1674, 1616, 2516, 828, 795, 7825, 1766, 2680, 1962, 1424, 648, 3087, 2219, 1947, 3425, 1298, 2444, 2206, 1351, 4451, 1390, 1244, 2150, 842, 2878, 2930, 1412, 347, 2304, 1878, 1707, 986, 1519, 524, 3097, 1890, 1076, 3235, 1575, 2988, 3111, 1348, 2482, 1675, 4887, 1528, 2816, 2074, 1248, 8480, 2659, 1596, 5746, 1691, 1515, 1148, 1706, 1203, 1024, 1714, 2663, 1103, 4193, 1820, 2962, 2713, 1719, 2777)
(2, 4): Mean: 1838.952, median: 1605.5, std: 1144.121, percent: 1753.34, B: 202, W: 47, 
	(2193, 1002, 1383, 6516, 2768, 1567, 817, 1442, 865, 1740, 1340, 1606, 985, 1698, 2985, 959, 3415, 3345, 1755, 2368, 1318, 746, 1595, 978, 1793, 1357, 857, 1610, 1565, 1438, 2955, 1878, 2839, 1087, 798, 1844, 1312, 1614, 1793, 1744, 870, 1968, 1268, 1722, 1060, 2117, 1129, 881, 6804, 1746, 692, 1505, 1035, 316, 1392, 4932, 555, 569, 2731, 2104, 1918, 3822, 2229, 1678, 2060, 4100, 1605, 851, 483, 2062, 1042, 2782, 1978, 1679, 1339, 1750, 990, 895, 1633, 962, 1208, 775, 2521, 977, 1155, 1226, 966, 560, 1132, 1137, 1205, 634, 1994, 1653, 3852, 2947, 850, 923, 1597, 579, 1653, 3175, 1051, 1938, 1734, 1364, 713, 413, 1408, 3179, 2117, 1037, 1657, 982, 890, 1295, 1520, 1514, 805, 2004, 3249, 1610, 1856, 604, 1878, 1240, 1875, 1253, 1009, 1814, 1106, 1981, 1250, 4823, 1990, 1124, 3360, 1388, 2142, 2038, 2146, 4969, 1994, 1260, 1990, 2037, 3053, 1471, 2469, 1985, 1195, 3097, 1653, 1704, 1145, 633, 4093, 2163, 7735, 1601, 2675, 1775, 1350, 1512, 732, 2482, 2066, 1573, 1256, 2352, 523, 2372, 526, 522, 1795, 1258, 1432, 1177, 866, 3024, 2921, 1638, 1669, 1612, 2367, 790, 781, 5353, 1388, 2312, 1509, 1256, 631, 2349, 2154, 1740, 3565, 1134, 2794, 2214, 1441, 3541, 1424, 1245, 2021, 831, 2242, 2721, 1510, 310, 2001, 1908, 1413, 1073, 1297, 376, 2508, 1728, 1110, 2374, 1463, 3209, 2514, 1175, 2361, 1479, 4807, 1348, 2067, 1824, 1110, 7519, 2654, 1360, 5573, 1521, 1402, 1118, 1696, 1019, 948, 1581, 2423, 1029, 4226, 1830, 2648, 2445, 1420, 2003)
(3, 6): Mean: 1838.448, median: 1573.5, std: 1137.785, percent: 1759.5, B: 129, W: 120, 
	(2437, 924, 1357, 7636, 2827, 1757, 847, 1471, 788, 1950, 1385, 1583, 916, 2152, 2892, 1067, 3082, 3566, 1738, 2464, 1400, 795, 1637, 962, 1652, 1522, 831, 1657, 1629, 1231, 3107, 2645, 2775, 995, 749, 1847, 1315, 1570, 2028, 1445, 810, 2022, 1201, 1995, 891, 2331, 1131, 872, 5746, 1650, 646, 1498, 1118, 308, 1183, 4678, 528, 511, 3857, 1986, 1763, 3572, 2372, 1517, 2238, 3899, 1780, 901, 388, 2135, 1016, 3171, 1987, 1515, 1405, 1645, 920, 878, 1458, 1006, 1095, 890, 2325, 971, 1314, 1244, 890, 588, 1070, 1217, 1145, 635, 2150, 1670, 3680, 2774, 833, 995, 1816, 747, 1556, 3541, 1233, 2102, 1888, 1413, 701, 331, 1443, 2495, 2316, 916, 1877, 963, 925, 1260, 1480, 1596, 844, 1853, 3662, 1365, 1739, 599, 1840, 1275, 1963, 1281, 929, 1620, 986, 1875, 1326, 4199, 1780, 1249, 3334, 1432, 2500, 1648, 2085, 5451, 1810, 1180, 2059, 1889, 3578, 1853, 2595, 2073, 1280, 3048, 1812, 1664, 1153, 631, 3379, 2555, 6896, 1577, 2970, 1652, 1500, 1470, 776, 2273, 2108, 1544, 1335, 2240, 547, 2360, 617, 594, 1541, 1101, 1553, 1103, 833, 2966, 3127, 1340, 1386, 1423, 2430, 809, 794, 6353, 1671, 2325, 1568, 1426, 613, 1979, 1996, 1858, 2895, 1179, 2649, 1980, 1286, 4433, 1404, 1088, 1877, 794, 2103, 2721, 1263, 287, 2090, 1997, 1631, 1082, 1448, 405, 2223, 1703, 866, 2252, 1396, 3329, 2363, 1230, 2468, 1427, 4319, 1393, 2032, 1855, 1215, 7142, 2717, 1522, 5385, 1493, 1414, 1038, 1611, 1155, 893, 1644, 2028, 956, 3830, 2015, 2369, 2690, 1536, 2199)
(4, 11): Mean: 1795.336, median: 1545.0, std: 1099.196, percent: 1684.14, B: 143, W: 105, 
	(2438, 983, 1273, 8685, 2465, 1534, 804, 1416, 815, 1869, 1389, 1713, 997, 1926, 2758, 869, 2773, 3156, 1741, 2152, 1177, 751, 1923, 931, 1688, 1622, 837, 1919, 1473, 1385, 3963, 2424, 2650, 1146, 859, 1793, 1279, 1491, 1914, 1479, 873, 1881, 1234, 1594, 877, 2351, 1120, 894, 4793, 1622, 704, 1392, 927, 333, 1341, 3848, 560, 612, 2911, 2061, 1800, 3515, 2436, 1556, 2385, 3933, 1596, 895, 554, 2080, 924, 2599, 2259, 1426, 1220, 1679, 1033, 832, 1420, 861, 1185, 819, 2386, 977, 1232, 1220, 861, 480, 1114, 1176, 1135, 684, 2184, 1743, 3856, 2300, 859, 912, 1527, 732, 1681, 3510, 1060, 2296, 1817, 1280, 695, 305, 1340, 2984, 2088, 830, 1882, 943, 877, 1296, 1435, 1489, 883, 1825, 3622, 1464, 1618, 610, 1663, 1392, 1949, 1292, 938, 1705, 945, 1939, 1234, 4928, 1616, 1141, 3715, 1350, 2135, 1648, 1842, 4610, 2097, 1163, 2043, 2131, 3328, 1500, 2681, 2082, 1201, 2727, 1435, 1649, 1106, 625, 3393, 2410, 6885, 1733, 2415, 1815, 1188, 1325, 776, 1898, 1924, 1430, 1571, 2739, 496, 2180, 593, 554, 1570, 1273, 1608, 1098, 831, 2572, 2534, 1461, 1387, 1442, 2443, 779, 742, 4895, 1685, 2276, 1474, 1340, 640, 2278, 2037, 1605, 2869, 1124, 2627, 2088, 1257, 3962, 1335, 1169, 1815, 831, 2170, 2434, 1389, 317, 2064, 1991, 1571, 992, 1263, 487, 2199, 1886, 953, 2721, 1418, 3033, 2410, 1097, 2333, 1377, 4799, 1270, 2381, 1909, 1060, 6807, 3058, 1445, 4624, 1345, 1417, 1121, 1561, 1175, 858, 1463, 1942, 1023, 3942, 1704, 2607, 2612, 1599, 2222)
(5, 17): Mean: 1757.592, median: 1485.5, std: 1095.801, percent: 1675.36, B: 146, W: 104, 
	(2096, 1032, 1328, 8549, 2144, 1443, 868, 1380, 718, 2078, 1324, 1364, 948, 1816, 2641, 896, 3217, 2879, 1453, 2323, 1143, 748, 1625, 924, 1684, 1405, 860, 1782, 1547, 1342, 3273, 2520, 2895, 1008, 812, 1897, 1206, 1727, 1809, 1452, 767, 2198, 1283, 1679, 883, 2418, 1144, 845, 4462, 1663, 705, 1431, 984, 328, 1262, 4194, 459, 580, 3069, 2133, 1790, 3028, 2251, 1612, 2009, 4150, 1779, 795, 431, 1948, 1027, 2660, 1731, 1456, 1291, 1640, 930, 799, 1481, 934, 974, 790, 2262, 1003, 1238, 1025, 793, 598, 1104, 1211, 1006, 589, 2052, 1453, 3463, 2482, 854, 920, 1492, 641, 1591, 3491, 1095, 2555, 1808, 1202, 639, 342, 1386, 2677, 2261, 971, 1755, 920, 871, 1245, 1548, 1261, 837, 1802, 3572, 1385, 1625, 702, 1745, 1410, 1761, 1197, 936, 1729, 1089, 1940, 1097, 5536, 1637, 1165, 3600, 1347, 1878, 1593, 1919, 4059, 1777, 1082, 1883, 1949, 2526, 1453, 2396, 1979, 1306, 3131, 1455, 1695, 1107, 627, 3256, 2181, 6784, 1333, 2593, 1721, 1494, 1327, 765, 2131, 2053, 1342, 1366, 2312, 507, 2351, 619, 559, 1447, 1217, 1612, 1151, 727, 2536, 2517, 1484, 1484, 1447, 1905, 817, 691, 5851, 1487, 2221, 1377, 1252, 676, 2219, 1803, 1565, 3105, 1090, 2309, 2071, 1216, 3904, 1381, 1126, 1826, 757, 2204, 2847, 1526, 319, 2011, 1940, 1521, 1045, 1226, 382, 2505, 1869, 898, 2427, 1470, 3011, 2404, 1113, 2452, 1459, 4295, 1333, 2079, 1778, 1065, 6439, 2562, 1336, 5753, 1333, 1326, 1147, 1621, 1103, 878, 1690, 2068, 846, 3404, 1606, 2186, 2294, 1552, 2230)
(8, 32): Mean: 1740.896, median: 1510.5, std: 1075.164, percent: 1633.98, B: 130, W: 120, 
	(2274, 950, 1412, 8860, 2191, 1503, 816, 1210, 786, 1773, 1245, 1449, 876, 1650, 2592, 925, 2945, 3008, 1702, 2497, 1377, 857, 1596, 943, 1641, 1458, 879, 1760, 1378, 1378, 3394, 1734, 2713, 997, 814, 1898, 1237, 1501, 1790, 1563, 844, 2345, 1278, 1623, 757, 2355, 1148, 819, 6202, 1505, 685, 1406, 1005, 295, 1300, 3250, 528, 551, 2666, 2001, 1671, 3745, 2313, 1560, 1781, 3838, 1669, 811, 455, 1990, 1000, 2404, 1584, 1393, 1326, 1565, 1086, 834, 1326, 998, 1045, 894, 1973, 956, 1160, 1097, 949, 535, 1074, 1282, 1077, 592, 1895, 1633, 4003, 2143, 890, 911, 1683, 621, 1594, 3629, 1140, 1999, 1820, 1185, 585, 391, 1578, 2454, 2216, 960, 1757, 830, 859, 1248, 1315, 1343, 868, 1636, 3049, 1342, 1654, 588, 1796, 1311, 1846, 1242, 864, 1896, 932, 2010, 1177, 5341, 1561, 1256, 3087, 1371, 2288, 1733, 1722, 5266, 1898, 1162, 1793, 1800, 3258, 1424, 2529, 1976, 1231, 3268, 1491, 1636, 1086, 604, 3309, 2044, 6352, 1418, 2369, 1679, 1508, 1479, 775, 1877, 2038, 1424, 1535, 2609, 542, 2112, 590, 580, 1594, 1323, 1430, 1229, 788, 2468, 2605, 1465, 1295, 1548, 2350, 780, 751, 4852, 1585, 2114, 1775, 1162, 609, 2201, 2105, 1786, 2542, 1072, 2313, 1978, 1475, 3680, 1338, 1089, 1577, 812, 1927, 2578, 1365, 294, 1739, 1861, 1621, 1141, 1241, 455, 2597, 1777, 941, 1982, 1382, 3434, 2241, 1111, 2341, 1322, 4163, 1359, 1897, 1994, 1005, 5818, 2533, 1346, 4364, 1341, 1354, 1044, 1509, 1118, 854, 1790, 2143, 981, 3476, 1564, 2007, 2984, 1512, 1995)
(9, 33): Mean: 1746.928, median: 1504.5, std: 1042.573, percent: 1671.52, B: 126, W: 123, 
	(2460, 956, 1227, 8098, 2309, 1432, 772, 1509, 816, 2013, 1205, 1594, 955, 1848, 2631, 876, 2913, 3208, 1466, 2218, 1383, 806, 1755, 913, 1555, 1434, 812, 1625, 1455, 1409, 3043, 2365, 3112, 969, 839, 1806, 1251, 1750, 1818, 1606, 821, 1873, 1325, 1581, 973, 2308, 1077, 876, 4752, 1683, 696, 1305, 1017, 285, 1319, 3559, 497, 567, 3068, 1956, 1657, 3863, 2448, 1555, 1727, 4170, 1500, 898, 453, 1790, 1094, 2855, 1818, 1556, 1215, 1780, 938, 879, 1491, 989, 1062, 823, 2311, 1005, 1263, 1326, 834, 495, 1143, 1206, 1080, 649, 1810, 1469, 3489, 2446, 861, 1027, 1754, 722, 1538, 4460, 1082, 1815, 1868, 1215, 651, 443, 1402, 2440, 2201, 921, 1786, 848, 890, 1208, 1388, 1308, 820, 1911, 3000, 1522, 1757, 574, 1729, 1243, 1831, 1264, 920, 1604, 993, 1957, 1157, 4762, 1524, 1188, 3145, 1332, 2153, 1783, 1996, 4191, 1596, 1245, 1989, 1571, 2728, 1690, 2546, 2081, 1269, 2902, 1409, 1614, 1182, 573, 3511, 2527, 6356, 1409, 2657, 1712, 1274, 1400, 717, 2032, 2012, 1408, 1474, 2969, 467, 2361, 598, 635, 1444, 1185, 1482, 1068, 735, 2326, 2521, 1373, 1399, 1397, 2172, 780, 827, 5634, 1683, 2606, 1419, 1377, 623, 1913, 1826, 1745, 2613, 1049, 2331, 2127, 1459, 4206, 1339, 1288, 1994, 738, 2272, 2558, 1579, 260, 1693, 1880, 1525, 960, 1223, 548, 2344, 1717, 870, 2315, 1455, 3207, 2356, 1181, 2280, 1407, 4956, 1249, 2277, 1786, 1004, 5325, 2610, 1247, 4269, 1223, 1378, 1038, 1404, 1104, 795, 1605, 2113, 1033, 3336, 1726, 2084, 2411, 1519, 1996)
(10, 36): Mean: 1737.292, median: 1484.5, std: 1026.631, percent: 1664.44, B: 132, W: 117, 
	(2242, 955, 1293, 7272, 2105, 1466, 814, 1357, 750, 1846, 1380, 1467, 892, 1674, 2531, 1017, 2972, 2780, 1472, 2137, 1423, 762, 1601, 1016, 1478, 1378, 841, 1889, 1543, 1468, 3103, 2309, 2938, 935, 860, 1686, 1102, 1337, 1880, 1576, 845, 2097, 1195, 1892, 948, 2113, 1103, 875, 4938, 1582, 728, 1311, 985, 321, 1449, 4585, 546, 561, 3031, 2006, 1624, 4002, 2539, 1629, 1795, 3827, 1478, 916, 505, 1821, 1066, 2529, 1828, 1480, 1238, 1522, 920, 807, 1663, 1048, 1121, 790, 2334, 945, 1289, 1064, 785, 471, 1097, 1152, 1073, 644, 1854, 1465, 4661, 2629, 816, 910, 1489, 643, 1567, 3123, 1109, 2240, 1808, 1192, 624, 368, 1265, 2560, 2414, 972, 1755, 866, 842, 1422, 1525, 1381, 805, 1987, 3012, 1336, 1556, 768, 1715, 1243, 1818, 1216, 902, 1684, 1040, 1844, 1128, 4796, 1796, 1217, 3194, 1341, 2278, 1817, 1821, 4142, 1834, 1152, 1883, 1783, 3384, 1494, 2337, 1977, 1326, 2654, 1377, 1345, 1001, 597, 3277, 2070, 5535, 1420, 2465, 1512, 1268, 1395, 799, 2398, 1934, 1368, 1361, 2619, 538, 2277, 593, 610, 1593, 1290, 1530, 1106, 745, 2406, 2658, 1219, 1236, 1511, 2107, 811, 723, 5270, 1675, 2409, 1732, 1352, 636, 3043, 1840, 1664, 2861, 1106, 2452, 1910, 1080, 3718, 1315, 1078, 1797, 735, 2403, 2424, 1452, 268, 1751, 1784, 1531, 1013, 1248, 458, 2541, 1590, 834, 2403, 1338, 3032, 2410, 1041, 2323, 1432, 4780, 1412, 2170, 1858, 1124, 6120, 2386, 1365, 4501, 1375, 1297, 1055, 1635, 1009, 827, 1595, 1931, 970, 3585, 1595, 2211, 2712, 1497, 2230)
(11, 41): Mean: 1726.548, median: 1506.5, std: 1024.497, percent: 1626.26, B: 131, W: 118, 
	(2190, 1054, 1326, 7007, 1994, 1447, 789, 1269, 716, 1638, 1259, 1509, 932, 1837, 2754, 1037, 3042, 3085, 1589, 2186, 1283, 707, 1649, 974, 1501, 1635, 795, 1609, 1475, 1254, 3045, 2101, 2870, 1016, 772, 1899, 1140, 1559, 2137, 1519, 782, 2002, 1230, 1735, 845, 2066, 1137, 791, 5773, 1602, 650, 1336, 978, 336, 1261, 4146, 506, 585, 2477, 1723, 1751, 3347, 2366, 1537, 2021, 3100, 1586, 853, 453, 1896, 977, 2659, 1740, 1433, 1303, 1734, 876, 864, 1452, 967, 1087, 855, 2219, 978, 1203, 1163, 852, 522, 1102, 1328, 1154, 740, 1826, 1578, 4202, 2326, 883, 933, 1588, 634, 1749, 3326, 1075, 1973, 1720, 1413, 683, 322, 1237, 2669, 2330, 903, 1884, 852, 831, 1324, 1459, 1448, 817, 1846, 2888, 1398, 1697, 627, 1586, 1335, 1812, 1216, 1091, 1615, 980, 1897, 1240, 4454, 1601, 1181, 3036, 1393, 1993, 1658, 1604, 4514, 1972, 1080, 1817, 1623, 3141, 1496, 2335, 2193, 1278, 3171, 1406, 1504, 1251, 571, 2983, 2208, 6661, 1560, 2591, 1738, 1450, 1322, 813, 2485, 2170, 1316, 1646, 2190, 575, 1994, 588, 604, 1579, 1203, 1495, 1039, 879, 2392, 2259, 1372, 1321, 1527, 2189, 775, 725, 6065, 1605, 2520, 1390, 1359, 648, 2016, 1875, 1726, 3316, 1061, 2129, 2226, 1282, 3884, 1266, 1165, 1747, 797, 2091, 2627, 1396, 295, 1824, 1711, 1537, 900, 1161, 613, 2160, 1538, 946, 2713, 1389, 2984, 2447, 1125, 2111, 1427, 4348, 1324, 1897, 2064, 1048, 5886, 2407, 1295, 4146, 1422, 1232, 1164, 1443, 1099, 859, 1647, 2121, 968, 3494, 1535, 2338, 2539, 1412, 2064)
(14, 59): Mean: 1720.28, median: 1512.5, std: 1052.798, percent: 1656.38, B: 144, W: 105, 
	(2148, 943, 1202, 8632, 1928, 1543, 784, 1352, 725, 1791, 1227, 1368, 942, 1634, 2535, 872, 2981, 2636, 1381, 2488, 1264, 691, 1716, 844, 1525, 1535, 751, 1682, 1557, 1341, 2693, 2292, 2748, 915, 932, 1742, 1162, 1548, 1730, 1466, 824, 2220, 1364, 1688, 1131, 2466, 1208, 841, 5317, 1775, 689, 1467, 962, 280, 1259, 3770, 500, 691, 2833, 1788, 1619, 3511, 2250, 1589, 1754, 4145, 1581, 814, 449, 1958, 971, 2642, 1967, 1304, 1164, 1606, 945, 886, 1593, 1013, 1106, 774, 2303, 907, 1253, 1062, 808, 476, 1087, 1141, 1065, 636, 1989, 1548, 4022, 2577, 922, 893, 1884, 596, 1689, 3952, 1083, 2391, 1700, 1211, 669, 343, 1374, 2491, 2052, 857, 1865, 916, 844, 1052, 1395, 1623, 796, 1765, 2835, 1341, 1512, 646, 1771, 1265, 1961, 1250, 959, 1504, 1037, 1622, 1209, 5271, 1584, 1347, 3158, 1281, 1953, 1513, 1880, 4113, 1657, 1161, 1817, 1822, 2852, 1473, 2605, 2032, 1299, 2806, 1540, 1575, 1007, 563, 3487, 2388, 6742, 1437, 2349, 1742, 1291, 1396, 768, 1776, 1903, 1369, 1546, 2267, 550, 1891, 583, 583, 1529, 1261, 1416, 1030, 688, 2747, 2657, 1333, 1394, 1418, 2281, 770, 739, 4330, 1481, 2019, 1746, 1107, 628, 2300, 1806, 1449, 2496, 1016, 2138, 2020, 1350, 4916, 1263, 1137, 1893, 756, 2404, 2469, 1288, 279, 2005, 2076, 1536, 1012, 1154, 566, 2100, 1622, 941, 2267, 1309, 2917, 2572, 1119, 2232, 1407, 4454, 1220, 2105, 2046, 1120, 5713, 2429, 1364, 3875, 1263, 1261, 1067, 1439, 1039, 879, 1736, 1826, 1033, 3364, 1789, 2195, 2103, 1665, 2210)
(16, 69): Mean: 1723.408, median: 1513.0, std: 1021.077, percent: 1680.8, B: 125, W: 123, 
	(2568, 896, 1297, 7443, 2193, 1480, 807, 1200, 777, 1762, 1184, 1425, 936, 1597, 2864, 799, 2489, 2612, 1607, 2476, 1204, 766, 1728, 914, 1732, 1405, 775, 1797, 1330, 1451, 2999, 2155, 2749, 1014, 828, 1700, 1226, 1687, 1765, 1512, 821, 2192, 1163, 1600, 995, 2165, 1172, 826, 4553, 1703, 688, 1386, 1039, 288, 1274, 4385, 564, 813, 2464, 1926, 1533, 3362, 2326, 1725, 1964, 3614, 1793, 836, 501, 1781, 953, 2619, 1751, 1543, 1364, 1546, 1062, 757, 1468, 960, 1011, 910, 2384, 902, 1253, 1218, 922, 608, 1115, 1288, 1099, 703, 1795, 1642, 3651, 2641, 844, 877, 1663, 704, 1549, 3714, 1156, 2208, 1621, 1301, 638, 312, 1291, 2800, 1973, 915, 1733, 776, 894, 991, 1416, 1586, 818, 1821, 2868, 1326, 1541, 567, 1666, 1386, 1914, 1161, 948, 1927, 911, 1866, 1173, 4657, 1490, 1206, 3835, 1371, 2164, 1613, 1858, 5083, 1662, 1209, 1783, 1746, 2962, 1438, 2408, 2174, 1275, 2861, 1567, 1514, 1109, 563, 2975, 2203, 6987, 1396, 2569, 1571, 1559, 1326, 756, 2101, 1920, 1455, 1414, 2588, 564, 2179, 571, 565, 1587, 1217, 1493, 979, 766, 2669, 2631, 1156, 1245, 1528, 2365, 757, 653, 4583, 1780, 2554, 1613, 1201, 665, 2212, 1852, 1484, 2730, 1026, 2296, 2004, 1200, 4419, 1272, 1213, 1729, 722, 2114, 2303, 1427, 318, 1829, 2149, 1628, 961, 1191, 426, 2347, 1703, 827, 2699, 1386, 3245, 2333, 1100, 2109, 1367, 4166, 1383, 2097, 1903, 1149, 5864, 2603, 1301, 4097, 1381, 1259, 1151, 1440, 1084, 808, 1527, 2007, 999, 3020, 1752, 1901, 2360, 1416, 2253)
(19, 82): Mean: 1732.476, median: 1467.5, std: 1044.683, percent: 1682.04, B: 125, W: 124, 
	(2207, 995, 1230, 7718, 2329, 1531, 811, 1418, 776, 1866, 1443, 1433, 953, 1580, 2582, 882, 2936, 2996, 1655, 2225, 1161, 712, 1678, 886, 1544, 1446, 758, 1561, 1386, 1323, 3134, 1925, 2887, 964, 784, 1870, 1170, 1461, 1799, 1560, 820, 2064, 1240, 1554, 1038, 2307, 1084, 832, 5109, 1528, 699, 1370, 939, 279, 1242, 4338, 490, 609, 3140, 2258, 1521, 3440, 2181, 1599, 1987, 3835, 1606, 850, 421, 1957, 1018, 2642, 1625, 1412, 1232, 1746, 1010, 879, 1587, 928, 987, 870, 2283, 994, 1221, 1179, 970, 529, 1190, 1123, 1085, 701, 1904, 1590, 3678, 2480, 862, 927, 1435, 676, 1414, 3547, 1080, 1881, 1834, 1173, 633, 319, 1406, 2677, 2464, 862, 1769, 943, 870, 1260, 1519, 1406, 890, 1781, 3125, 1295, 1641, 678, 1765, 1191, 1680, 1200, 931, 1947, 975, 1962, 1181, 5236, 1612, 1320, 3123, 1331, 2160, 1607, 1718, 4118, 2029, 1189, 1744, 1835, 2768, 1415, 2255, 1992, 1148, 2828, 1355, 1610, 1095, 635, 3434, 2149, 6862, 1499, 2324, 1456, 1439, 1392, 818, 2272, 2198, 1405, 1621, 2685, 462, 2227, 562, 573, 1489, 1243, 1460, 1141, 790, 2278, 3042, 1266, 1274, 1347, 2232, 822, 730, 5320, 1732, 2250, 1465, 1450, 609, 2361, 1994, 1658, 2693, 1030, 2524, 1877, 1270, 3551, 1217, 1251, 1829, 807, 1956, 2470, 1500, 318, 1945, 1862, 1470, 981, 1170, 381, 2516, 1692, 885, 2282, 1399, 3343, 2185, 1070, 2501, 1422, 4771, 1340, 1934, 1795, 1039, 5944, 2460, 1281, 4429, 1422, 1315, 1099, 1392, 1147, 906, 1589, 1962, 1038, 3068, 1691, 2211, 2688, 1500, 2273)
(25, 118): Mean: 1737.824, median: 1529.0, std: 1063.841, percent: 1634.84, B: 128, W: 122, 
	(2491, 983, 1279, 8081, 2223, 1575, 761, 1390, 923, 1731, 1296, 1417, 885, 1706, 2290, 960, 3297, 3256, 1550, 2580, 1148, 709, 1824, 972, 1563, 1386, 816, 1852, 1377, 1345, 3061, 1972, 2677, 920, 896, 1734, 1174, 1715, 1755, 1708, 782, 2427, 1252, 1610, 845, 2350, 1099, 859, 5158, 1928, 678, 1473, 911, 332, 1383, 4571, 562, 626, 2977, 1815, 1611, 3029, 2332, 1611, 1921, 4304, 1698, 875, 515, 1784, 964, 2670, 1852, 1613, 1194, 1629, 1072, 881, 1553, 915, 1107, 807, 2304, 967, 1162, 1166, 870, 478, 1103, 1124, 1088, 619, 1936, 1552, 3653, 2376, 880, 870, 1733, 638, 1557, 3408, 1150, 2147, 1682, 1316, 725, 308, 1390, 2353, 2166, 820, 1968, 892, 860, 1198, 1329, 1498, 750, 1661, 3800, 1400, 1703, 627, 1638, 1361, 1902, 1107, 957, 1729, 1011, 1907, 1252, 4699, 1601, 1222, 2721, 1422, 2060, 1572, 1700, 4664, 1739, 1368, 1790, 1751, 2569, 1403, 2466, 2359, 1329, 3087, 1219, 1545, 1157, 593, 3562, 2160, 6949, 1513, 2550, 1586, 1341, 1330, 776, 2241, 1785, 1445, 1404, 2374, 590, 2040, 610, 580, 1586, 1188, 1392, 1017, 831, 2467, 2233, 1323, 1273, 1392, 1953, 799, 775, 5664, 1564, 2320, 1550, 1115, 660, 2468, 1780, 1593, 2666, 1139, 2338, 1854, 1292, 4297, 1282, 1073, 1912, 794, 1921, 2365, 1444, 297, 1842, 1731, 1452, 1033, 1183, 450, 2239, 1606, 953, 2224, 1438, 3177, 2653, 1106, 2398, 1357, 5584, 1448, 2056, 2199, 1160, 4907, 2240, 1356, 4597, 1341, 1279, 1087, 1470, 1041, 940, 1786, 1869, 938, 3064, 1672, 2014, 2486, 1511, 2136)
(27, 125): Mean: 1745.164, median: 1531.5, std: 1078.914, percent: 1653.52, B: 135, W: 114, 
	(2437, 999, 1236, 8291, 2280, 1536, 851, 1282, 686, 1601, 1441, 1365, 949, 1655, 2256, 934, 3062, 2836, 1541, 2393, 1181, 702, 1686, 1007, 1436, 1549, 788, 1832, 1441, 1456, 3126, 2077, 2627, 951, 760, 1614, 1104, 1562, 1848, 1588, 831, 1802, 1248, 1491, 932, 2261, 1109, 869, 5289, 1872, 714, 1315, 968, 291, 1272, 3970, 493, 606, 2738, 1959, 1773, 3769, 2162, 1500, 1904, 3787, 1644, 858, 471, 2083, 979, 2728, 1807, 1527, 1235, 1574, 947, 788, 1662, 1019, 1141, 817, 2146, 1084, 1312, 1357, 838, 574, 1160, 1191, 1118, 654, 1926, 1653, 3913, 2484, 931, 935, 1586, 678, 1603, 3997, 1103, 2377, 1781, 1191, 657, 300, 1512, 2820, 2044, 937, 1838, 850, 854, 1188, 1590, 1274, 778, 1918, 3156, 1495, 1640, 595, 1726, 1267, 1691, 1323, 1007, 1688, 1108, 1843, 1110, 5365, 1579, 1102, 3689, 1484, 1923, 1729, 1826, 4103, 1954, 1056, 1633, 1873, 3214, 1520, 2626, 1996, 1182, 2669, 1435, 1425, 1156, 612, 3224, 1931, 6328, 1448, 2681, 1722, 1326, 1296, 755, 2037, 2133, 1383, 1571, 2582, 557, 1969, 543, 608, 1475, 1181, 1434, 1197, 809, 2599, 2558, 1230, 1344, 1529, 2373, 778, 727, 6133, 1534, 2096, 1661, 1157, 653, 3448, 1790, 1663, 2639, 1051, 2175, 2049, 1107, 3847, 1270, 1133, 2007, 791, 2259, 2310, 1362, 305, 1754, 1795, 1644, 948, 1237, 411, 2079, 1575, 881, 2258, 1632, 3032, 2188, 1215, 2040, 1622, 4849, 1348, 2079, 1777, 1250, 6080, 2775, 1316, 4548, 1226, 1366, 1015, 1419, 977, 909, 1546, 1931, 905, 3720, 1630, 2354, 2209, 1511, 2349)
(29, 134): Mean: 1737.804, median: 1512.5, std: 1037.342, percent: 1642.28, B: 127, W: 121, 
	(2299, 932, 1305, 7015, 2052, 1528, 814, 1310, 701, 1596, 1203, 1380, 888, 1632, 2775, 845, 2791, 2917, 1696, 2356, 1142, 799, 1637, 1007, 1584, 1356, 844, 1729, 1349, 1468, 2788, 2020, 2807, 999, 787, 1705, 1126, 1503, 1825, 1512, 840, 1843, 1285, 1616, 989, 2173, 1134, 905, 5267, 1781, 735, 1394, 991, 282, 1222, 3885, 521, 610, 3377, 1922, 1666, 3315, 2326, 1684, 1774, 3625, 1637, 773, 451, 1934, 980, 2612, 1802, 1515, 1303, 1706, 856, 845, 1428, 958, 993, 823, 2045, 1024, 1151, 1220, 986, 578, 1100, 1204, 1068, 724, 1963, 1644, 4671, 2253, 788, 952, 1513, 604, 1689, 3437, 1103, 2073, 1799, 1303, 619, 270, 1449, 2210, 2328, 844, 1898, 972, 930, 1187, 1478, 1434, 788, 1958, 3013, 1557, 1624, 565, 2031, 1268, 1774, 1184, 973, 1528, 1080, 1876, 1195, 4296, 1631, 1139, 3684, 1305, 2112, 1621, 1633, 4723, 1848, 1040, 1825, 1870, 2982, 1545, 2329, 1982, 1236, 3384, 1339, 1541, 1149, 620, 3568, 2139, 6229, 1503, 2417, 1623, 1413, 1366, 819, 2279, 1955, 1320, 1327, 2548, 499, 2121, 535, 576, 1435, 1227, 1465, 1139, 803, 2197, 2428, 1207, 1478, 1476, 2456, 757, 743, 6582, 1541, 2414, 1441, 1187, 684, 2448, 2022, 1744, 3185, 1093, 2300, 1889, 1402, 3900, 1310, 1186, 1720, 850, 2028, 2600, 1458, 254, 1821, 1690, 1480, 1074, 1212, 389, 2297, 1698, 1000, 2372, 1477, 4035, 2289, 1058, 2215, 1380, 4859, 1589, 1987, 2244, 1102, 5228, 2533, 1378, 4033, 1523, 1327, 1130, 1644, 1048, 883, 1618, 2225, 1024, 3429, 1672, 2258, 2688, 1470, 2227)
(30, 139): Mean: 1753.096, median: 1498.0, std: 1096.235, percent: 1682.38, B: 132, W: 117, 
	(2190, 914, 1352, 8768, 2206, 1418, 859, 1410, 760, 1961, 1391, 1361, 991, 1677, 2837, 889, 2770, 3165, 1690, 2675, 1310, 733, 1682, 992, 1583, 1433, 788, 1669, 1521, 1384, 2760, 1808, 2464, 966, 846, 1664, 1178, 1533, 1948, 1492, 842, 1997, 1244, 1669, 885, 2335, 1086, 853, 5796, 1463, 665, 1363, 1035, 260, 1255, 3824, 500, 677, 2939, 2208, 1666, 3203, 2241, 1654, 1906, 4206, 1670, 916, 466, 2115, 977, 2627, 1660, 1462, 1261, 1554, 972, 876, 1513, 955, 1130, 793, 2506, 980, 1320, 1158, 855, 559, 1122, 1038, 1110, 635, 1836, 1580, 4502, 2218, 863, 910, 1674, 640, 1479, 3637, 1000, 1880, 1744, 1264, 577, 320, 1372, 2528, 2352, 924, 2053, 881, 872, 1274, 1416, 1354, 862, 1702, 2865, 1507, 1500, 606, 1976, 1242, 1826, 1192, 924, 1490, 970, 2168, 1149, 4479, 1647, 1208, 3329, 1316, 2312, 1718, 2372, 4465, 1710, 1244, 1684, 2142, 2974, 1544, 2613, 1923, 1301, 3018, 1443, 1618, 1075, 611, 3874, 2041, 7199, 1627, 2457, 1584, 1400, 1151, 667, 2149, 2419, 1352, 1416, 2617, 548, 1888, 601, 569, 1494, 1186, 1496, 1191, 798, 2578, 2617, 1301, 1372, 1572, 2222, 749, 737, 6298, 1666, 2287, 1500, 1191, 672, 2310, 1853, 1530, 2600, 1026, 2126, 2067, 1347, 3440, 1254, 1210, 1878, 807, 2043, 2587, 1358, 321, 1689, 1939, 1528, 1028, 1156, 491, 2510, 1827, 910, 2447, 1359, 3936, 2225, 1092, 2289, 1397, 3847, 1434, 2066, 1846, 1031, 5778, 2439, 1341, 4470, 1294, 1420, 1126, 1494, 1128, 872, 1679, 2139, 950, 3330, 1732, 2388, 2591, 1702, 2196)
(31, 145): Mean: 1730.48, median: 1505.0, std: 1072.138, percent: 1636.06, B: 144, W: 106, 
	(2470, 886, 1311, 7154, 2020, 1483, 818, 1247, 820, 1894, 1325, 1456, 887, 1753, 2661, 939, 2575, 3292, 1450, 2370, 1279, 746, 1628, 966, 1580, 1329, 751, 1583, 1572, 1365, 3568, 2064, 2486, 1093, 841, 1748, 1215, 1580, 1775, 1625, 782, 2190, 1271, 1505, 825, 2204, 1154, 832, 4889, 1543, 664, 1377, 1016, 302, 1290, 3877, 512, 506, 2774, 1795, 1761, 3130, 2158, 1477, 2040, 3953, 1544, 821, 430, 1946, 973, 2571, 1597, 1613, 1190, 1713, 934, 783, 1380, 1084, 998, 767, 2090, 960, 1249, 1131, 838, 502, 1151, 1244, 1030, 718, 1920, 1477, 4614, 2349, 837, 892, 1421, 623, 1571, 3477, 1113, 1972, 1567, 1192, 637, 351, 1521, 2548, 2080, 884, 1889, 830, 829, 1303, 1592, 1411, 837, 1761, 3371, 1331, 1651, 648, 1718, 1126, 1866, 1205, 965, 1736, 996, 1645, 1268, 5082, 1543, 1235, 3203, 1348, 2502, 1619, 1934, 3993, 1923, 1122, 1788, 1706, 2879, 1490, 2280, 2275, 1334, 3281, 1553, 1595, 1103, 604, 3548, 2086, 7533, 1517, 2391, 1796, 1353, 1299, 787, 2065, 1808, 1434, 1241, 2395, 541, 2078, 592, 610, 1505, 1184, 1434, 1124, 862, 2607, 2403, 1342, 1560, 1425, 2154, 816, 668, 5831, 1681, 2167, 1485, 1186, 653, 2264, 1828, 1550, 2533, 1046, 2511, 1863, 1104, 4466, 1249, 1125, 2002, 818, 2089, 2353, 1247, 297, 1994, 1840, 1507, 1121, 1272, 405, 2103, 1555, 906, 2042, 1234, 3189, 2424, 1076, 2196, 1429, 4869, 1358, 2256, 1915, 1029, 6434, 2486, 1377, 4574, 1418, 1373, 983, 1459, 1064, 816, 1529, 1950, 1023, 3493, 1662, 2309, 2589, 1548, 2202)
(35, 165): Mean: 1733.664, median: 1504.5, std: 1080.782, percent: 1633.02, B: 127, W: 123, 
	(2358, 892, 1248, 8580, 2296, 1524, 795, 1489, 814, 1680, 1391, 1543, 915, 1952, 2449, 901, 2774, 3078, 1417, 2379, 1335, 738, 1844, 930, 1631, 1571, 856, 2065, 1523, 1340, 2967, 2211, 2401, 991, 858, 1706, 1230, 1531, 1960, 1468, 779, 1993, 1188, 1465, 920, 2030, 1222, 829, 5690, 1538, 676, 1406, 1042, 316, 1272, 4459, 533, 658, 3192, 2387, 1550, 3550, 2053, 1562, 1858, 3730, 1547, 871, 491, 1824, 987, 2515, 1941, 1371, 1160, 1666, 940, 836, 1419, 1068, 1067, 824, 2368, 1007, 1216, 1074, 868, 511, 1089, 1183, 1108, 611, 2020, 1595, 4027, 2761, 872, 911, 1591, 684, 1560, 3881, 1038, 2026, 1698, 1308, 667, 333, 1560, 2840, 2487, 908, 1677, 885, 848, 1461, 1337, 1336, 750, 1659, 3012, 1369, 1529, 595, 1725, 1172, 1728, 1249, 955, 1727, 1021, 2073, 1220, 4476, 1520, 1146, 2927, 1317, 2229, 1715, 1865, 4375, 1716, 1134, 1854, 1881, 3246, 1603, 2688, 1954, 1222, 2912, 1481, 1520, 1096, 590, 3132, 2158, 6462, 1529, 2334, 1694, 1455, 1263, 738, 2125, 1830, 1426, 1409, 2571, 564, 2284, 625, 554, 1461, 1151, 1463, 1054, 854, 2369, 2257, 1339, 1442, 1446, 2062, 759, 760, 5415, 1611, 2099, 1531, 1139, 641, 1964, 1707, 1548, 2506, 1096, 2239, 2062, 1105, 3597, 1342, 1177, 1808, 805, 2299, 2375, 1482, 311, 1707, 1921, 1399, 946, 1301, 403, 2150, 1711, 899, 2248, 1342, 3356, 2227, 1055, 2043, 1365, 4781, 1261, 2064, 1781, 1142, 6620, 2208, 1303, 5045, 1298, 1328, 1057, 1458, 1094, 887, 1577, 1945, 927, 3534, 1669, 2114, 2728, 1425, 2015)
(41, 200): Mean: 1748.14, median: 1477.5, std: 1049.907, percent: 1659.44, B: 108, W: 142, 
	(2232, 955, 1230, 6761, 2145, 1502, 852, 1454, 852, 1764, 1444, 1414, 925, 1870, 2459, 805, 2879, 3521, 1738, 2070, 1139, 761, 1792, 967, 1643, 1270, 875, 1627, 1506, 1529, 3299, 1835, 2818, 928, 802, 1905, 1224, 1371, 1768, 1419, 825, 2087, 1271, 1456, 1066, 2436, 1114, 843, 5112, 1621, 654, 1391, 1017, 269, 1347, 4587, 550, 627, 3061, 2216, 1677, 3278, 2159, 1502, 2068, 3725, 1717, 810, 482, 2143, 908, 2526, 1715, 1475, 1197, 1516, 813, 751, 1461, 950, 1076, 818, 2042, 896, 1226, 1262, 855, 492, 1162, 1218, 1099, 627, 2035, 1633, 3873, 2404, 848, 951, 1733, 710, 1470, 3424, 1113, 2078, 1673, 1275, 702, 360, 1377, 2720, 2006, 1015, 1718, 842, 880, 1244, 1456, 1443, 864, 1780, 2903, 1378, 1691, 636, 1601, 1408, 1742, 1245, 1009, 1671, 992, 1891, 1291, 4993, 1650, 1234, 3546, 1371, 2384, 1642, 2325, 4547, 1779, 1229, 1845, 1820, 3306, 1535, 2732, 2055, 1328, 2927, 1244, 1548, 1190, 579, 3346, 2207, 7520, 1383, 2469, 1640, 1198, 1300, 807, 2232, 1838, 1380, 1329, 2835, 494, 2198, 558, 602, 1540, 1288, 1552, 1114, 851, 2408, 2710, 1372, 1432, 1547, 1991, 787, 787, 4551, 1420, 2374, 1679, 1108, 648, 1993, 1849, 1752, 2899, 1010, 2414, 2032, 1352, 4059, 1334, 1152, 1801, 777, 2173, 2614, 1222, 284, 1787, 1778, 1478, 1043, 1318, 447, 2492, 1902, 840, 2463, 1382, 3420, 2365, 1124, 2753, 1477, 5020, 1382, 1931, 2058, 1094, 5888, 2542, 1319, 4672, 1381, 1348, 1099, 1496, 1184, 883, 1499, 1914, 917, 3474, 1725, 2383, 2416, 1447, 2242)
(47, 236): Mean: 1746.568, median: 1505.5, std: 1086.658, percent: 1656.42, B: 132, W: 116, 
	(2468, 903, 1219, 9563, 2331, 1394, 784, 1399, 772, 1587, 1495, 1396, 921, 1572, 2287, 901, 3210, 2841, 1683, 2086, 1279, 706, 1787, 979, 1662, 1380, 906, 1819, 1534, 1408, 2895, 2160, 2811, 1073, 851, 1685, 1216, 1740, 1784, 1512, 727, 2043, 1269, 1648, 984, 2491, 1095, 779, 5610, 1741, 699, 1335, 959, 278, 1302, 4410, 474, 719, 2855, 2030, 1567, 3514, 2409, 1498, 1971, 3722, 1531, 855, 432, 2010, 943, 2566, 1780, 1499, 1136, 1798, 1033, 849, 1610, 915, 1167, 768, 1961, 1068, 1156, 1196, 926, 591, 1097, 1283, 1129, 719, 1900, 1419, 4430, 2304, 822, 910, 1644, 671, 1530, 3358, 1121, 2159, 1791, 1382, 689, 329, 1372, 2624, 2102, 897, 1816, 915, 868, 1496, 1448, 1450, 895, 1616, 3325, 1264, 1732, 691, 1726, 1266, 1855, 1115, 983, 1890, 1048, 1877, 1371, 4281, 1635, 1274, 3650, 1448, 2116, 1690, 1837, 3845, 2065, 1302, 1668, 1835, 2758, 1325, 2321, 1941, 1170, 2826, 1272, 1548, 1169, 531, 3471, 2360, 6817, 1420, 2340, 1832, 1333, 1276, 751, 1944, 2100, 1458, 1492, 2566, 600, 2536, 617, 574, 1598, 1138, 1387, 1072, 723, 2620, 2302, 1367, 1580, 1637, 2172, 787, 737, 6377, 1543, 2256, 1562, 1177, 629, 2407, 1813, 1687, 2508, 1094, 2356, 1974, 1418, 4215, 1358, 1109, 2067, 759, 2290, 2475, 1339, 288, 1783, 1882, 1403, 990, 1187, 409, 2687, 1532, 882, 2211, 1422, 2914, 2534, 1064, 2395, 1476, 4193, 1432, 2043, 2033, 1098, 5027, 2466, 1371, 3833, 1269, 1221, 1043, 1575, 1042, 845, 1477, 2300, 1006, 3668, 1761, 2014, 2361, 1635, 2096)
(48, 242): Mean: 1737.536, median: 1516.0, std: 1075.245, percent: 1647.82, B: 132, W: 116, 
	(2311, 922, 1152, 8414, 2437, 1481, 856, 1477, 736, 1709, 1326, 1502, 943, 1490, 2439, 862, 2655, 2783, 1696, 2385, 1164, 716, 1762, 910, 1529, 1333, 785, 1944, 1440, 1363, 2885, 1879, 2696, 967, 848, 1804, 1144, 1341, 1769, 1440, 772, 2666, 1294, 1556, 982, 2268, 1104, 883, 5357, 1925, 788, 1565, 980, 296, 1244, 4159, 490, 537, 2733, 1775, 1695, 3275, 2036, 1716, 1867, 3432, 1555, 829, 477, 1665, 1029, 2748, 1914, 1501, 1255, 1763, 943, 821, 1367, 977, 1201, 816, 2375, 913, 1275, 1211, 824, 521, 1084, 1176, 1074, 772, 2082, 1391, 4958, 2522, 878, 825, 1681, 774, 1532, 3307, 1033, 2028, 1714, 1326, 673, 282, 1585, 2530, 2046, 929, 1763, 899, 819, 1390, 1351, 1325, 821, 1841, 3699, 1291, 1806, 671, 1983, 1412, 1911, 1128, 1051, 1625, 1001, 1796, 1295, 4829, 1635, 1203, 3604, 1431, 1765, 1530, 1611, 4422, 1788, 1097, 1828, 1745, 2794, 1579, 2332, 1988, 1209, 3083, 1443, 1506, 1192, 604, 3029, 2164, 7106, 1456, 2616, 1623, 1203, 1436, 765, 2181, 1907, 1628, 1415, 2195, 526, 1963, 611, 574, 1714, 1306, 1539, 1126, 711, 2381, 2596, 1336, 1507, 1525, 2126, 793, 673, 4595, 1725, 2548, 1593, 1251, 626, 1981, 1823, 1625, 3221, 1058, 2211, 1909, 1277, 4733, 1409, 1027, 1638, 813, 2107, 2583, 1184, 282, 1601, 1803, 1557, 1102, 1229, 403, 2096, 1761, 790, 2000, 1475, 3376, 2620, 1017, 2248, 1491, 4766, 1248, 2224, 1900, 1192, 5518, 2392, 1369, 5065, 1379, 1359, 1173, 1533, 1047, 960, 1563, 1798, 913, 3547, 1780, 2019, 2705, 1462, 1985)
(53, 271): Mean: 1739.324, median: 1506.5, std: 1087.062, percent: 1641.9, B: 127, W: 121, 
	(2280, 923, 1298, 8669, 1837, 1554, 803, 1351, 821, 2108, 1279, 1435, 912, 1622, 2369, 836, 3291, 2634, 1366, 2759, 1178, 707, 1714, 938, 1568, 1344, 772, 1627, 1383, 1325, 2905, 1825, 3482, 975, 748, 1774, 1219, 1506, 1783, 1604, 859, 2097, 1144, 1527, 872, 2203, 1153, 951, 6266, 1674, 715, 1502, 983, 329, 1290, 3981, 495, 625, 3133, 1871, 1695, 3605, 2302, 1604, 1776, 3501, 1579, 860, 472, 1877, 1143, 2710, 1743, 1378, 1328, 1662, 1050, 818, 1522, 931, 1155, 838, 2147, 998, 1151, 1149, 799, 540, 1117, 1085, 1109, 555, 1939, 1786, 4023, 2182, 819, 864, 1399, 625, 1403, 3896, 1131, 2084, 1780, 1261, 670, 305, 1570, 2750, 2177, 808, 1917, 885, 888, 1239, 1606, 1357, 784, 1936, 3402, 1432, 1596, 632, 1633, 1223, 1648, 1240, 911, 1625, 1060, 1998, 1180, 4398, 1650, 1183, 3369, 1335, 2078, 1675, 1917, 4707, 1697, 1190, 1596, 1741, 2600, 1427, 2315, 2171, 1150, 3233, 1458, 1488, 1181, 613, 3695, 2226, 6923, 1397, 2844, 1651, 1285, 1362, 758, 2244, 1939, 1531, 1519, 2821, 573, 2096, 562, 619, 1559, 1147, 1456, 1121, 770, 2454, 2650, 1242, 1342, 1388, 2249, 724, 718, 5785, 1716, 2390, 1567, 1341, 591, 2357, 1725, 1529, 3004, 1027, 2759, 1771, 1278, 3433, 1242, 1076, 1658, 795, 1775, 2625, 1319, 254, 2180, 1828, 1381, 1007, 1204, 522, 2219, 1858, 898, 2405, 1410, 3085, 2398, 1076, 2472, 1389, 4106, 1407, 2247, 2094, 1109, 5617, 2511, 1309, 4287, 1294, 1296, 1136, 1571, 1052, 883, 1507, 1976, 899, 3072, 1792, 2172, 2075, 1590, 2386)
(54, 273): Mean: 1739.684, median: 1481.5, std: 1072.78, percent: 1677.06, B: 127, W: 122, 
	(2306, 913, 1218, 8458, 2073, 1907, 903, 1326, 766, 1797, 1363, 1416, 907, 2006, 2924, 894, 2725, 3107, 1816, 2601, 1287, 751, 1738, 948, 1691, 1324, 855, 1824, 1384, 1333, 3098, 2074, 2809, 967, 945, 1846, 1133, 1706, 1696, 1537, 804, 2109, 1207, 1487, 938, 2481, 1130, 843, 5349, 1517, 696, 1400, 939, 320, 1442, 3825, 477, 558, 2707, 1784, 1612, 3182, 2265, 1681, 1834, 3850, 1469, 841, 463, 2169, 975, 2789, 2036, 1277, 1338, 1671, 985, 886, 1413, 965, 1044, 878, 2506, 952, 1285, 1251, 923, 588, 1076, 1234, 1089, 606, 1885, 1516, 3610, 2604, 824, 903, 1526, 637, 1719, 3469, 1147, 2245, 1820, 1283, 639, 308, 1528, 2691, 2279, 905, 1872, 833, 839, 1048, 1421, 1396, 844, 1862, 2897, 1355, 1522, 631, 1808, 1300, 1935, 1241, 953, 1626, 1051, 1808, 1263, 4234, 1506, 1180, 2951, 1414, 2019, 1662, 1971, 4231, 1628, 1085, 1860, 1903, 2972, 1402, 2380, 1794, 1255, 2838, 1511, 1500, 1120, 540, 3083, 2098, 6748, 1483, 2595, 1751, 1345, 1243, 815, 1946, 2009, 1327, 1442, 2268, 543, 1883, 587, 531, 1409, 1242, 1328, 1090, 764, 2457, 2663, 1368, 1345, 1443, 2156, 844, 690, 5785, 1480, 2576, 1610, 1220, 620, 2255, 1739, 1549, 2513, 1193, 2448, 2306, 1443, 4209, 1328, 1203, 1849, 761, 2416, 2158, 1505, 258, 1835, 1757, 1475, 975, 1238, 468, 1952, 1664, 892, 2222, 1370, 3299, 2217, 1072, 2329, 1317, 5294, 1283, 2281, 1979, 1042, 6114, 2506, 1303, 5057, 1468, 1294, 1080, 1643, 1127, 892, 1662, 2074, 939, 3867, 1587, 2059, 2266, 1453, 2132)
(55, 276): Mean: 1736.056, median: 1510.0, std: 1068.907, percent: 1694.84, B: 134, W: 116, 
	(2200, 879, 1291, 8681, 2515, 1466, 805, 1511, 812, 1839, 1265, 1437, 906, 1914, 2516, 986, 2969, 2989, 1541, 2487, 1247, 721, 1765, 963, 1547, 1227, 851, 1509, 1359, 1405, 2827, 1811, 2782, 925, 783, 1826, 1166, 1737, 1797, 1597, 827, 1977, 1268, 1422, 932, 2359, 1086, 915, 4498, 1535, 715, 1416, 889, 316, 1377, 4311, 494, 750, 2672, 2022, 1675, 3094, 2209, 1530, 1708, 3555, 1548, 828, 467, 1836, 1058, 2595, 1764, 1482, 1246, 1726, 941, 798, 1600, 976, 1213, 816, 2258, 919, 1229, 1076, 1013, 565, 1114, 1251, 1095, 623, 2004, 1477, 4059, 2238, 863, 856, 1727, 681, 1842, 3373, 1095, 2170, 1660, 1206, 718, 385, 1313, 2564, 2221, 914, 1948, 788, 894, 1182, 1485, 1947, 828, 1742, 3441, 1344, 1578, 608, 1682, 1226, 1703, 1312, 988, 1736, 997, 1945, 1237, 5594, 1713, 1165, 3148, 1335, 1840, 1665, 2345, 5277, 1743, 1219, 1820, 1790, 3108, 1407, 2879, 2149, 1245, 2982, 1489, 1553, 1203, 658, 2870, 2156, 7419, 1468, 2296, 1580, 1311, 1239, 786, 1989, 1894, 1511, 1278, 2557, 533, 1942, 605, 605, 1619, 1171, 1350, 1125, 850, 2243, 2577, 1256, 1446, 1615, 1972, 759, 899, 5420, 1645, 2322, 1596, 1388, 690, 2256, 1666, 1416, 2552, 1007, 2269, 2021, 1341, 3999, 1262, 1109, 2076, 876, 2337, 2341, 1435, 266, 1785, 1724, 1437, 928, 1176, 491, 2702, 1670, 845, 2577, 1544, 3184, 2827, 1120, 2394, 1415, 3946, 1335, 2093, 1693, 1079, 5476, 2297, 1297, 4220, 1321, 1201, 1026, 1460, 1084, 846, 1519, 1922, 952, 3028, 1709, 2041, 2594, 1531, 2567)
(60, 304): Mean: 1711.688, median: 1487.5, std: 1022.207, percent: 1614.7, B: 127, W: 120, 
	(2340, 913, 1357, 7609, 2021, 1673, 794, 1261, 822, 1910, 1410, 1283, 1076, 1583, 2603, 902, 3145, 3458, 1613, 2371, 1420, 809, 1597, 865, 1409, 1399, 880, 1805, 1401, 1316, 2831, 1863, 2897, 937, 818, 1709, 1198, 1504, 1791, 1581, 772, 2198, 1192, 1605, 939, 2428, 1082, 820, 5764, 1608, 673, 1442, 887, 304, 1329, 4115, 532, 592, 2600, 1839, 1629, 3085, 2123, 1690, 1856, 3691, 1509, 960, 394, 1925, 942, 2689, 1811, 1482, 1247, 1718, 867, 807, 1537, 1007, 986, 796, 2061, 960, 1108, 1108, 815, 483, 1205, 1104, 1041, 604, 1838, 1345, 3979, 2415, 864, 929, 1559, 622, 1564, 3656, 1088, 2184, 1788, 1298, 749, 279, 1369, 2365, 1983, 973, 2024, 864, 879, 1126, 1451, 1387, 852, 1624, 3221, 1512, 1619, 478, 1809, 1317, 1827, 1111, 972, 1579, 933, 2013, 1125, 5148, 1629, 1185, 2902, 1443, 2107, 1665, 2007, 4379, 1783, 1255, 1793, 1757, 2761, 1410, 2649, 2022, 1194, 3066, 1411, 1476, 1165, 674, 3282, 2362, 5933, 1598, 2477, 1572, 1234, 1334, 806, 2198, 1793, 1409, 1386, 2180, 515, 2236, 589, 580, 1439, 1155, 1404, 1199, 784, 2294, 2629, 1256, 1487, 1471, 2096, 775, 775, 4890, 1724, 2028, 1583, 1272, 746, 1787, 1625, 1553, 2876, 1113, 2186, 1912, 1193, 4140, 1274, 1214, 1897, 776, 2169, 2500, 1347, 269, 1942, 1625, 1488, 1063, 1285, 476, 2251, 1598, 899, 2000, 1481, 3157, 2203, 1172, 2084, 1362, 4369, 1264, 1784, 1812, 1191, 5554, 2260, 1279, 4913, 1404, 1262, 1051, 1500, 1126, 839, 1584, 2030, 1026, 3599, 1784, 1992, 2271, 1554, 2480)
(88, 470): Mean: 1722.548, median: 1488.0, std: 1018.466, percent: 1646.14, B: 124, W: 122, 
	(1930, 962, 1313, 7327, 2471, 1931, 831, 1261, 823, 1740, 1335, 1618, 949, 1773, 2452, 896, 2788, 3006, 1534, 2571, 1205, 758, 1587, 846, 1657, 1366, 859, 1936, 1347, 1319, 2702, 1904, 2836, 930, 839, 1875, 1111, 1509, 1903, 1577, 733, 2107, 1259, 1583, 886, 2529, 1170, 848, 5109, 1649, 802, 1334, 922, 321, 1257, 4617, 483, 557, 2403, 1887, 1587, 2728, 2342, 1730, 1757, 3898, 1650, 848, 477, 1931, 1013, 2572, 1901, 1399, 1241, 1919, 899, 772, 1466, 939, 1109, 807, 2102, 967, 1173, 1098, 854, 505, 1131, 1196, 1113, 640, 1906, 1481, 4500, 2282, 868, 884, 1680, 633, 1516, 3434, 1141, 2274, 1749, 1201, 697, 302, 1473, 2474, 2118, 899, 1760, 853, 868, 1285, 1451, 1900, 850, 1671, 3390, 1357, 1754, 705, 1658, 1365, 1657, 1106, 1048, 1730, 1060, 1860, 1240, 4849, 1629, 1444, 3291, 1314, 2076, 1760, 1759, 3920, 1726, 1184, 1824, 1821, 2670, 1499, 2454, 2143, 1229, 2858, 1364, 1452, 1119, 536, 3065, 2170, 6099, 1460, 2695, 1636, 1304, 1209, 782, 2138, 1795, 1394, 1418, 2168, 544, 2189, 561, 559, 1453, 1238, 1805, 1158, 786, 2849, 2838, 1173, 1495, 1376, 2250, 734, 750, 5372, 1781, 2160, 1629, 1333, 681, 2345, 1815, 1354, 2573, 1041, 2225, 1836, 1203, 4315, 1260, 1165, 1897, 772, 2008, 2550, 1290, 339, 1938, 1921, 1684, 952, 1144, 431, 2243, 1514, 920, 2511, 1353, 3580, 2607, 1080, 2127, 1441, 4210, 1429, 1991, 1971, 1149, 5572, 2308, 1478, 4959, 1299, 1240, 1075, 1434, 992, 842, 1581, 2028, 971, 3403, 1546, 2267, 2093, 1400, 2120)
(93, 500): Mean: 1708.444, median: 1480.0, std: 979.396, percent: 1623.78, B: 131, W: 118, 
	(2208, 902, 1174, 6756, 2274, 1512, 807, 1451, 734, 1705, 1294, 1400, 946, 1658, 2403, 860, 2606, 3195, 1605, 2207, 1322, 753, 1654, 985, 1615, 1314, 879, 1581, 1388, 1240, 2996, 1804, 2432, 951, 839, 1860, 1112, 1421, 1786, 1516, 823, 2076, 1295, 1614, 842, 1935, 1104, 936, 4219, 1590, 703, 1619, 1019, 288, 1256, 3450, 562, 662, 3219, 2068, 1608, 3334, 2444, 1516, 2041, 3896, 1666, 874, 474, 1874, 946, 2439, 1644, 1503, 1153, 1481, 978, 752, 1401, 1008, 1047, 909, 2175, 983, 1272, 1121, 822, 514, 1086, 1193, 1057, 650, 1897, 1442, 3636, 2645, 842, 1000, 1423, 650, 1529, 3482, 1064, 2270, 1692, 1313, 623, 355, 1405, 2846, 2163, 890, 1830, 822, 861, 1208, 1367, 1402, 851, 1868, 2607, 1311, 1690, 616, 1753, 1338, 1758, 1161, 914, 1602, 1082, 1780, 1287, 5078, 1570, 1252, 3295, 1336, 1789, 1778, 2178, 4553, 1542, 1103, 2021, 1812, 2967, 1525, 2543, 2237, 1317, 2902, 1346, 1490, 1085, 600, 3180, 2042, 6075, 1584, 2627, 1801, 1383, 1265, 808, 2080, 1914, 1334, 1476, 2186, 511, 2049, 609, 625, 1739, 1106, 1453, 1164, 829, 2613, 2260, 1236, 1415, 1442, 2297, 801, 743, 4871, 1648, 2028, 1684, 1206, 665, 2185, 1719, 1396, 3231, 1005, 2349, 1926, 1209, 4126, 1242, 1269, 1843, 794, 2240, 2531, 1479, 252, 1775, 1879, 1517, 921, 1281, 434, 2301, 1892, 858, 2331, 1410, 3148, 2437, 1012, 2558, 1396, 4853, 1423, 2325, 1777, 1128, 5505, 2321, 1405, 4069, 1428, 1287, 1020, 1462, 1108, 856, 1685, 1914, 936, 3558, 1668, 2204, 2723, 1530, 2351)
(94, 505): Mean: 1731.584, median: 1486.5, std: 1048.663, percent: 1653.16, B: 124, W: 122, 
	(2514, 964, 1237, 7476, 2181, 1563, 827, 1343, 822, 1923, 1306, 1359, 988, 1676, 2428, 875, 3381, 3249, 1885, 2172, 1266, 687, 1748, 977, 1590, 1315, 842, 1649, 1438, 1396, 2811, 2094, 2416, 860, 836, 1707, 1111, 1656, 1590, 1675, 787, 2009, 1335, 1523, 968, 2316, 1178, 844, 5731, 1786, 708, 1422, 1046, 274, 1234, 3721, 529, 658, 2666, 1870, 1564, 3082, 2536, 1632, 1911, 3953, 1577, 820, 488, 1983, 1053, 2927, 1775, 1542, 1182, 1654, 859, 853, 1381, 976, 1031, 801, 2293, 938, 1176, 1102, 875, 530, 1141, 1169, 1091, 659, 1889, 1375, 4633, 2516, 881, 846, 1459, 592, 1494, 3919, 1162, 2187, 1761, 1280, 703, 349, 1380, 2722, 2432, 1009, 1861, 874, 793, 1204, 1483, 1645, 812, 1787, 3601, 1402, 1529, 681, 1754, 1230, 1948, 1258, 931, 1618, 954, 1735, 1181, 5131, 1532, 1285, 3407, 1342, 1953, 1676, 1675, 4119, 1872, 1021, 1944, 1853, 2691, 1474, 2479, 2248, 1349, 3050, 1464, 1443, 1181, 723, 2905, 2235, 6258, 1424, 2464, 1703, 1397, 1270, 714, 2290, 1739, 1584, 1550, 2465, 511, 2042, 609, 574, 1526, 1224, 1454, 1128, 788, 2448, 2185, 1297, 1324, 1401, 2105, 761, 674, 5678, 1466, 2494, 1657, 1146, 668, 2154, 1827, 1490, 2822, 1005, 2492, 2008, 1201, 5001, 1265, 1224, 1734, 749, 1945, 2262, 1268, 352, 1788, 2222, 1548, 1061, 1222, 486, 2500, 1564, 838, 2331, 1412, 2877, 2252, 1120, 2182, 1453, 4133, 1363, 2147, 1856, 978, 5852, 2195, 1268, 4065, 1267, 1249, 1007, 1440, 1058, 830, 1501, 2276, 941, 3472, 1762, 2224, 2561, 1561, 2303)
(95, 508): Mean: 1732.652, median: 1493.0, std: 1102.378, percent: 1618.46, B: 127, W: 123, 
	(2117, 1017, 1215, 8695, 2068, 1514, 818, 1284, 794, 1652, 1237, 1529, 952, 1727, 2579, 908, 3010, 2932, 1478, 2349, 1163, 747, 1920, 902, 1506, 1392, 938, 1717, 1451, 1411, 3061, 1818, 2475, 978, 868, 1806, 1205, 1470, 1818, 1529, 767, 2197, 1344, 1647, 959, 2198, 1051, 807, 4737, 1614, 715, 1338, 981, 333, 1357, 4000, 484, 599, 3217, 1673, 1628, 3319, 2249, 1560, 1896, 3526, 1649, 942, 441, 1918, 1070, 2447, 1966, 1472, 1357, 1576, 883, 745, 1491, 945, 1008, 797, 2014, 964, 1098, 1155, 780, 547, 1086, 1135, 1089, 574, 1915, 1493, 4152, 2406, 873, 886, 1573, 573, 1521, 3513, 1213, 2085, 1940, 1309, 654, 332, 1389, 2656, 2085, 829, 1801, 790, 865, 1161, 1509, 1393, 791, 1741, 2821, 1314, 1550, 582, 1762, 1263, 1816, 1130, 950, 1589, 936, 2010, 1110, 5315, 1576, 1273, 3605, 1364, 2016, 1679, 1823, 4484, 1833, 1159, 1483, 1995, 2736, 1444, 2251, 2293, 1287, 2741, 1347, 1671, 1101, 592, 3574, 2125, 7462, 1559, 2645, 1696, 1184, 1321, 777, 2137, 2006, 1392, 1483, 2423, 531, 2188, 587, 554, 1652, 1169, 1358, 1129, 748, 2369, 2773, 1482, 1473, 1367, 1936, 765, 749, 6726, 1529, 2132, 1495, 1195, 619, 2224, 1874, 1604, 2872, 1060, 2118, 2219, 1226, 4336, 1255, 1239, 1585, 753, 2280, 2526, 1263, 273, 2092, 1733, 1534, 1071, 1238, 457, 2333, 1614, 922, 2137, 1381, 3048, 2665, 1107, 2293, 1355, 4562, 1431, 2140, 1910, 1077, 5952, 2312, 1473, 4028, 1399, 1194, 1012, 1547, 1151, 898, 1584, 1886, 1054, 3796, 1683, 2048, 2526, 1493, 2266)
(96, 513): Mean: 1724.416, median: 1489.5, std: 1039.444, percent: 1603.3, B: 120, W: 129, 
	(2129, 893, 1192, 7063, 1832, 1604, 765, 1284, 757, 1778, 1265, 1408, 987, 1793, 2544, 834, 2967, 2801, 1726, 2218, 1327, 710, 1532, 855, 1615, 1409, 1002, 1784, 1485, 1371, 2894, 2013, 2737, 930, 855, 1609, 1144, 1530, 1875, 1426, 813, 2025, 1304, 1473, 953, 2277, 1076, 924, 4598, 1604, 729, 1507, 1029, 305, 1236, 4750, 466, 591, 2496, 2059, 1540, 3432, 2512, 1474, 1855, 3733, 1572, 924, 476, 1848, 904, 2770, 1952, 1375, 1164, 1429, 988, 769, 1385, 928, 972, 807, 2094, 955, 1256, 1133, 824, 504, 1063, 1154, 1090, 718, 2088, 1617, 4500, 2490, 850, 922, 1587, 707, 1692, 3325, 1235, 1962, 1771, 1404, 694, 374, 1325, 2796, 2238, 873, 1763, 953, 859, 1239, 1534, 1399, 799, 1619, 2923, 1461, 1632, 554, 1725, 1293, 1755, 1182, 892, 1887, 984, 1921, 1172, 4501, 1469, 1285, 3325, 1344, 2275, 1764, 1667, 4733, 1749, 1115, 1701, 1743, 2999, 1431, 2226, 2167, 1284, 3416, 1535, 1510, 1072, 583, 3075, 2052, 7411, 1438, 2669, 1662, 1361, 1286, 807, 1990, 1938, 1460, 1361, 2418, 561, 1998, 567, 581, 1477, 1177, 1719, 1216, 815, 2209, 2290, 1292, 1523, 1417, 2077, 784, 695, 5024, 1636, 2271, 1600, 1296, 674, 2107, 1669, 1568, 2308, 1139, 2241, 2038, 1334, 4384, 1262, 1192, 1964, 717, 2197, 2733, 1377, 298, 1831, 1955, 1529, 1078, 1222, 428, 2441, 1684, 999, 2165, 1644, 3259, 2289, 1158, 2273, 1380, 4852, 1432, 1881, 1939, 992, 6138, 2227, 1305, 4133, 1434, 1362, 1051, 1489, 1055, 920, 1490, 2095, 921, 3549, 1749, 2160, 2588, 1550, 2454)
(100, 533): Mean: 1770.712, median: 1557.0, std: 1055.547, percent: 1643.02, B: 96, W: 152, 
	(2482, 862, 1212, 7584, 1936, 1557, 864, 1421, 787, 1717, 1317, 1391, 901, 1634, 2586, 985, 3155, 2946, 1505, 2663, 1347, 801, 1609, 1040, 1596, 1362, 860, 1950, 1426, 1557, 2634, 1877, 2401, 996, 832, 1784, 1291, 1680, 2103, 1659, 794, 2476, 1324, 1709, 947, 2202, 1125, 919, 5194, 1762, 710, 1552, 966, 277, 1222, 4270, 531, 881, 2964, 1637, 1696, 3796, 2243, 1758, 2224, 4500, 1669, 860, 477, 2009, 962, 2866, 2007, 1734, 1317, 1682, 883, 867, 1548, 1190, 1129, 767, 2252, 948, 1224, 1199, 919, 501, 1113, 1196, 1048, 672, 2059, 1537, 4132, 2285, 871, 908, 1669, 624, 1536, 3314, 1257, 2342, 1684, 1359, 1078, 350, 1404, 2574, 2327, 881, 2005, 897, 985, 1828, 1562, 1574, 876, 2067, 4042, 1445, 1572, 615, 1772, 1299, 1860, 1304, 1016, 1760, 1050, 1946, 1208, 4651, 1611, 1268, 3126, 1541, 1811, 1747, 1799, 4484, 1790, 1170, 1816, 1662, 3560, 1479, 2610, 2244, 1317, 2758, 1585, 1585, 1228, 693, 3259, 2169, 7081, 1529, 2603, 1719, 1257, 1496, 773, 2076, 1927, 1451, 1448, 2422, 595, 1849, 578, 635, 1537, 1334, 1526, 1051, 787, 2132, 2109, 1179, 1584, 1522, 2364, 829, 706, 5325, 1721, 2041, 1664, 1155, 743, 2024, 1853, 1574, 2959, 1079, 2306, 2062, 1220, 4431, 1294, 1036, 1775, 820, 2093, 2322, 1454, 349, 1902, 1844, 1733, 1057, 1226, 469, 2375, 1509, 891, 1981, 1346, 3458, 2883, 1278, 2293, 1416, 4584, 1264, 2048, 1887, 1178, 6309, 2915, 1358, 3915, 1348, 1330, 1143, 1513, 1069, 875, 1759, 2152, 976, 3026, 1749, 2157, 2648, 1550, 2000)
(101, 538): Mean: 1760.896, median: 1494.5, std: 1086.375, percent: 1699.28, B: 146, W: 104, 
	(2751, 942, 1152, 8277, 2515, 1566, 815, 1380, 871, 1763, 1364, 1540, 996, 1853, 2408, 900, 3010, 2953, 1666, 2666, 1320, 702, 1703, 996, 1528, 1361, 828, 1710, 1597, 1350, 2982, 1946, 2367, 991, 787, 1822, 1173, 1480, 1981, 1608, 776, 2818, 1242, 1577, 1034, 2566, 1177, 822, 5393, 1658, 725, 1462, 1060, 354, 1206, 4120, 538, 731, 2617, 1990, 1576, 3967, 2203, 1523, 1899, 3866, 1483, 825, 454, 1647, 1019, 2555, 1681, 1185, 1194, 1674, 922, 822, 1498, 989, 1035, 810, 2566, 1034, 1247, 1127, 861, 497, 1059, 1228, 1060, 763, 1951, 1561, 4181, 2491, 869, 842, 1406, 568, 1805, 3632, 1232, 2272, 1674, 1287, 690, 331, 1307, 2801, 2268, 972, 1783, 847, 978, 1464, 1376, 1524, 861, 1951, 3278, 1295, 1570, 598, 1791, 1291, 2104, 1201, 998, 1836, 1060, 1895, 1220, 4044, 1490, 1309, 3309, 1371, 2034, 1728, 2079, 4583, 1697, 1182, 1652, 1937, 3190, 1476, 2537, 2302, 1289, 3008, 1491, 1529, 1142, 577, 3501, 2125, 7411, 1475, 2280, 1695, 1355, 1219, 801, 2318, 1745, 1385, 1308, 2399, 517, 2186, 571, 569, 1455, 1269, 1378, 1206, 764, 2487, 2616, 1272, 1505, 1373, 2270, 868, 797, 5356, 1487, 2355, 1712, 1153, 749, 2058, 1851, 1501, 3053, 1228, 2282, 2248, 1209, 5393, 1397, 1151, 1817, 837, 2168, 2648, 1402, 307, 2060, 1740, 1559, 991, 1140, 478, 2138, 1752, 814, 2449, 1266, 2968, 2534, 1264, 1986, 1545, 5293, 1308, 2152, 2100, 1164, 5239, 2448, 1450, 4430, 1341, 1213, 1052, 1480, 1070, 913, 1794, 1885, 963, 3151, 1656, 1916, 2255, 1570, 2443)
(102, 540): Mean: 1750.288, median: 1509.0, std: 1051.072, percent: 1645.02, B: 127, W: 122, 
	(2325, 926, 1258, 7410, 2425, 1511, 855, 1362, 864, 1846, 1298, 1565, 908, 1891, 2352, 944, 3185, 2817, 1846, 2368, 1411, 685, 1715, 1016, 1367, 1419, 820, 1516, 1488, 1427, 3109, 2299, 3171, 988, 926, 1810, 1111, 1462, 1841, 1718, 768, 2706, 1263, 1537, 874, 2150, 1099, 838, 5046, 1692, 670, 1448, 909, 281, 1177, 4021, 502, 697, 2890, 2088, 1659, 3333, 2418, 1568, 1926, 3736, 1556, 772, 399, 1731, 1020, 3009, 1899, 1481, 1162, 1570, 943, 791, 1383, 948, 1093, 839, 2503, 956, 1311, 1098, 826, 554, 1181, 1197, 1056, 615, 2091, 1441, 4343, 2689, 830, 844, 1593, 659, 1566, 3641, 1241, 2353, 1704, 1294, 735, 399, 1386, 2697, 2022, 902, 1732, 872, 1020, 1495, 1400, 1860, 768, 1791, 3185, 1405, 1607, 589, 1716, 1342, 2078, 1167, 946, 1544, 1060, 1935, 1146, 4988, 1726, 1235, 2952, 1361, 1897, 1757, 1736, 4744, 1869, 1181, 1795, 1720, 2760, 1493, 2694, 2234, 1283, 3013, 1328, 1649, 1135, 631, 3271, 2020, 8086, 1391, 2581, 1751, 1613, 1292, 745, 2341, 2035, 1513, 1409, 2287, 537, 2126, 614, 613, 1643, 1226, 1349, 1123, 770, 2156, 2338, 1288, 1541, 1438, 2225, 955, 678, 4843, 1555, 2287, 1471, 1390, 716, 1963, 1909, 1507, 2629, 1073, 2367, 2160, 1320, 3955, 1251, 1125, 2068, 757, 2118, 2213, 1358, 322, 2121, 1843, 1597, 1277, 1247, 534, 2350, 1749, 970, 2342, 1391, 2818, 2297, 1213, 1955, 1459, 4395, 1306, 2073, 1738, 1254, 5616, 2467, 1375, 4329, 1431, 1302, 1142, 1374, 1078, 918, 1687, 1831, 915, 3330, 1662, 2363, 2457, 1571, 2770)
(103, 545): Mean: 1736.608, median: 1498.0, std: 1052.299, percent: 1636.96, B: 127, W: 122, 
	(2542, 916, 1381, 8400, 1959, 1425, 768, 1363, 891, 1606, 1369, 1509, 949, 1859, 2813, 870, 2624, 2934, 1603, 2319, 1364, 698, 1666, 886, 1567, 1450, 823, 1862, 1609, 1275, 2806, 1886, 2622, 1075, 790, 1952, 1196, 1942, 1837, 1569, 812, 2120, 1269, 1750, 934, 2592, 1075, 859, 5055, 1692, 651, 1359, 951, 294, 1366, 4023, 487, 661, 2656, 2107, 1734, 3042, 2601, 1495, 1685, 3539, 1624, 892, 445, 1946, 1001, 2510, 1716, 1571, 1171, 1399, 932, 837, 1422, 1006, 1004, 814, 2586, 996, 1165, 1150, 832, 504, 1102, 1328, 1140, 618, 1866, 1450, 4314, 2249, 907, 896, 1489, 665, 1803, 3579, 1148, 2253, 1813, 1297, 708, 379, 1368, 2727, 2412, 1015, 2000, 854, 911, 1213, 1353, 1491, 854, 1813, 3170, 1593, 1592, 618, 1801, 1316, 1803, 1144, 982, 1699, 949, 1759, 1161, 4460, 1543, 1058, 3086, 1500, 2095, 1665, 1684, 4615, 1590, 1363, 1765, 1817, 2744, 1498, 2315, 1931, 1173, 3185, 1597, 1473, 1171, 535, 3254, 2052, 6971, 1498, 2477, 1654, 1439, 1300, 795, 2069, 2143, 1464, 1331, 2309, 547, 2041, 545, 621, 1532, 1206, 1475, 1065, 806, 2474, 2779, 1418, 1387, 1443, 2330, 805, 811, 5505, 1747, 2330, 1617, 1262, 659, 2372, 1844, 1492, 2793, 1088, 2159, 1857, 1415, 4279, 1289, 1232, 1985, 764, 2209, 2617, 1291, 261, 1866, 1918, 1501, 870, 1212, 435, 2345, 1794, 925, 2346, 1335, 3418, 2252, 1159, 2083, 1420, 4180, 1432, 2128, 1943, 1145, 6018, 2280, 1443, 4344, 1399, 1207, 1046, 1654, 972, 893, 1432, 1861, 991, 3351, 1654, 2194, 2098, 1498, 2230)
(104, 548): Mean: 1722.692, median: 1483.0, std: 1054.184, percent: 1616.34, B: 134, W: 116, 
	(2341, 890, 1230, 7903, 2206, 1510, 821, 1446, 725, 1643, 1267, 1517, 920, 1579, 2414, 893, 2813, 2880, 1640, 2250, 1213, 739, 1608, 917, 1684, 1412, 873, 1580, 1448, 1448, 2851, 1918, 2662, 935, 734, 1712, 1156, 1376, 1680, 1486, 761, 2340, 1235, 1506, 982, 2318, 1264, 796, 5477, 1514, 699, 1374, 912, 325, 1221, 4339, 467, 647, 2661, 1895, 1487, 3415, 2314, 1749, 1844, 3663, 1685, 843, 422, 1845, 884, 3029, 1702, 1438, 1200, 1603, 879, 807, 1464, 1009, 1048, 844, 2403, 938, 1181, 1143, 825, 478, 1146, 1188, 1047, 667, 1844, 1432, 4483, 2286, 769, 903, 1665, 646, 1604, 3449, 1085, 2178, 1870, 1343, 703, 313, 1346, 2678, 2460, 897, 2002, 906, 916, 1357, 1338, 1496, 779, 1908, 3000, 1318, 1790, 583, 1862, 1273, 2192, 1099, 999, 1562, 1052, 1676, 1330, 4680, 1706, 1321, 3261, 1435, 2096, 1703, 1889, 4874, 1644, 1099, 1672, 1883, 2771, 1330, 2147, 2112, 1263, 3000, 1450, 1468, 1216, 661, 3644, 2185, 6242, 1391, 2468, 1522, 1388, 1276, 767, 1943, 1848, 1480, 1345, 2301, 524, 2205, 583, 628, 1459, 1272, 1537, 1050, 794, 2472, 2429, 1249, 1537, 1515, 2069, 816, 682, 5625, 1637, 2148, 1531, 1240, 656, 2138, 1665, 1470, 2570, 1092, 2154, 1871, 1268, 4796, 1353, 1122, 1867, 795, 1936, 2406, 1440, 290, 1893, 1968, 1400, 967, 1359, 393, 2247, 1704, 954, 2191, 1489, 3243, 2169, 1152, 2324, 1369, 4441, 1377, 2215, 2020, 1000, 5782, 2367, 1268, 4545, 1261, 1283, 1093, 1532, 1095, 822, 1685, 1901, 1025, 3542, 1553, 2215, 2473, 1410, 1939)
(115, 613): Mean: 1738.336, median: 1494.0, std: 1070.601, percent: 1672.08, B: 114, W: 135, 
	(2434, 924, 1270, 8090, 2411, 1647, 849, 1349, 744, 1856, 1282, 1367, 893, 1714, 2593, 931, 2659, 3233, 1583, 2500, 1166, 710, 1763, 945, 1525, 1438, 849, 1673, 1615, 1338, 3237, 1852, 2590, 946, 831, 1910, 1254, 1423, 1966, 1493, 785, 2388, 1283, 1496, 987, 2299, 1151, 823, 5005, 1634, 715, 1336, 1022, 263, 1186, 4067, 437, 565, 3110, 1820, 1784, 3330, 2338, 1583, 1691, 4527, 1484, 914, 478, 1908, 850, 2486, 1720, 1511, 1224, 1847, 976, 805, 1526, 911, 1041, 805, 2611, 1050, 1190, 1055, 920, 494, 1147, 1202, 1123, 651, 1918, 1435, 3832, 2430, 926, 873, 1563, 622, 1497, 3834, 1115, 2060, 1798, 1353, 703, 321, 1340, 2634, 2091, 995, 1919, 897, 776, 1169, 1366, 1316, 850, 1773, 3454, 1452, 1629, 587, 1627, 1255, 1893, 1281, 926, 1547, 1043, 1670, 1326, 4493, 1671, 1133, 3141, 1397, 2006, 1665, 1749, 4165, 2004, 1189, 1901, 1850, 2768, 1535, 2380, 2187, 1271, 3046, 1502, 1636, 1238, 624, 3336, 1984, 7435, 1506, 2542, 1653, 1329, 1385, 822, 1974, 1870, 1393, 1424, 2797, 548, 2091, 637, 686, 1379, 1331, 1464, 1136, 779, 2127, 2629, 1385, 1449, 1326, 2194, 793, 783, 5818, 1453, 2170, 1716, 1230, 591, 2080, 1891, 1644, 2559, 1073, 2564, 2380, 1332, 4052, 1389, 1133, 1706, 754, 2008, 2423, 1432, 258, 1780, 1720, 1457, 971, 1152, 506, 2734, 1770, 1011, 2485, 1395, 3649, 2069, 1050, 2067, 1365, 4538, 1295, 2208, 1689, 1051, 6015, 2340, 1349, 3940, 1445, 1404, 1019, 1495, 1099, 841, 1525, 1879, 936, 3579, 1658, 2292, 2341, 1591, 1977)
(117, 625): Mean: 1746.712, median: 1477.5, std: 1164.271, percent: 1633.12, B: 135, W: 113, 
	(2069, 939, 1239, 10655, 2403, 1572, 806, 1457, 796, 1714, 1238, 1526, 988, 1757, 2599, 876, 3341, 3065, 1441, 2339, 1086, 715, 1709, 854, 1467, 1361, 791, 1578, 1435, 1419, 3008, 1786, 2771, 995, 774, 1703, 1241, 1710, 1822, 1800, 821, 2135, 1237, 1545, 847, 2729, 1172, 791, 4750, 1453, 715, 1241, 882, 299, 1287, 3697, 561, 652, 2827, 1888, 1673, 3336, 2104, 1482, 1816, 3990, 1521, 813, 486, 1730, 945, 2828, 1785, 1486, 1249, 1629, 974, 836, 1576, 958, 942, 764, 2339, 921, 1181, 1179, 832, 507, 1129, 1297, 1082, 687, 1868, 1603, 4933, 2654, 800, 876, 1498, 622, 1639, 3172, 1125, 2237, 1737, 1346, 743, 430, 1349, 2679, 2082, 796, 1869, 869, 861, 1190, 1307, 1407, 755, 1798, 3348, 1454, 1723, 644, 1738, 1230, 1690, 1181, 905, 1493, 915, 1815, 1263, 5422, 1850, 1190, 3026, 1465, 2101, 1583, 1907, 4376, 1751, 1179, 1794, 1827, 3016, 1471, 2384, 2330, 1194, 2767, 1463, 1357, 1145, 555, 3690, 2019, 7185, 1484, 2456, 1632, 1312, 1253, 772, 2108, 1941, 1473, 1368, 2442, 506, 1898, 638, 562, 1327, 1306, 1506, 1137, 807, 2324, 2908, 1250, 1338, 1664, 2099, 776, 712, 6109, 1452, 2432, 1598, 1359, 635, 2154, 1778, 1465, 2638, 1148, 2103, 2134, 1204, 4698, 1262, 1130, 1909, 893, 2032, 2289, 1399, 249, 1824, 1817, 1543, 1140, 1179, 378, 2422, 1740, 854, 2544, 1289, 3130, 2377, 1071, 2001, 1522, 4886, 1332, 1894, 2024, 1126, 6013, 2593, 1266, 4409, 1313, 1245, 1018, 1462, 1111, 856, 1567, 1758, 959, 3541, 1876, 2270, 2224, 1531, 2362)
(119, 636): Mean: 1742.384, median: 1493.0, std: 1041.886, percent: 1657.52, B: 111, W: 137, 
	(2063, 958, 1371, 7954, 2076, 1467, 833, 1449, 832, 1612, 1381, 1563, 1089, 1996, 2382, 897, 2853, 2991, 1742, 2319, 1198, 682, 1749, 1076, 1421, 1232, 794, 1823, 1331, 1443, 3177, 1765, 2604, 1020, 733, 1781, 1240, 1297, 1925, 1379, 823, 2500, 1151, 1702, 962, 2276, 1157, 869, 5847, 1593, 673, 1537, 963, 314, 1249, 3557, 499, 758, 2698, 2093, 1781, 3391, 2353, 1669, 2049, 3403, 1479, 833, 402, 2162, 958, 2460, 1884, 1468, 1253, 1544, 982, 905, 1362, 993, 1211, 851, 2364, 970, 1181, 1128, 832, 485, 1124, 1080, 1015, 676, 1934, 1454, 3509, 2493, 779, 907, 1528, 593, 1594, 3196, 1394, 2485, 1755, 1187, 741, 365, 1467, 2626, 2373, 903, 1907, 939, 963, 1256, 1439, 1560, 794, 1989, 3664, 1382, 1618, 649, 1777, 1258, 2065, 1289, 1031, 1625, 1159, 1858, 1286, 4267, 1540, 1135, 4179, 1462, 2089, 1557, 1961, 4462, 1860, 1199, 1755, 1694, 2739, 1495, 2945, 2232, 1193, 2976, 1372, 1433, 1225, 591, 3297, 2267, 6273, 1444, 2409, 1642, 1521, 1294, 795, 2327, 1793, 1358, 1404, 2365, 530, 1963, 595, 554, 1546, 1189, 1612, 1123, 802, 2229, 2313, 1220, 1704, 1723, 1882, 774, 660, 6104, 1541, 2018, 1672, 1311, 907, 2166, 1898, 1478, 2696, 1078, 2369, 2227, 1237, 3980, 1243, 1135, 1880, 907, 2016, 2265, 1427, 336, 1846, 1875, 1520, 1004, 1240, 491, 2381, 1689, 945, 2511, 1601, 3081, 2594, 1143, 2346, 1347, 4507, 1491, 2306, 1914, 1196, 5065, 2627, 1249, 5446, 1231, 1322, 1179, 1348, 1014, 864, 1437, 1942, 1017, 3370, 1572, 2471, 2103, 1554, 2139)
(121, 648): Mean: 1752.948, median: 1500.5, std: 1080.358, percent: 1698.72, B: 129, W: 119, 
	(2051, 948, 1312, 8321, 2227, 1612, 833, 1237, 819, 1776, 1376, 1522, 902, 2091, 2745, 869, 2735, 3066, 1675, 2591, 1287, 780, 1909, 877, 1498, 1393, 845, 1693, 1393, 1342, 3037, 2255, 2637, 904, 820, 1966, 1114, 1344, 2054, 1510, 787, 2500, 1142, 1456, 882, 2346, 1234, 895, 4845, 1624, 659, 1555, 1037, 284, 1191, 3823, 557, 627, 2702, 2041, 1520, 3356, 2315, 1571, 1820, 3990, 1537, 939, 509, 1808, 1025, 3040, 1932, 1415, 1247, 1478, 1018, 797, 1503, 1033, 1087, 833, 2217, 983, 1193, 1102, 810, 523, 1183, 1230, 1139, 586, 2022, 1558, 4550, 2629, 834, 919, 1593, 674, 1737, 3577, 1098, 2101, 1859, 1285, 634, 291, 1407, 2684, 2308, 892, 1822, 842, 895, 1121, 1473, 1414, 818, 1901, 3028, 1346, 1777, 610, 1640, 1530, 1915, 1257, 1038, 1363, 1184, 1628, 1354, 4112, 1739, 1263, 3528, 1416, 2029, 1538, 2225, 4744, 1816, 1120, 1904, 1976, 3319, 1478, 2621, 2107, 1232, 2817, 1571, 1576, 1067, 540, 3338, 2207, 7207, 1425, 2828, 1690, 1372, 1338, 729, 2012, 1777, 1354, 1322, 2717, 601, 1889, 577, 593, 1626, 1166, 1332, 1057, 766, 2129, 2431, 1311, 1599, 1564, 2264, 803, 746, 5669, 1677, 2217, 1626, 1147, 636, 2216, 1904, 1467, 3012, 1027, 2684, 2186, 1284, 3784, 1301, 1014, 1787, 817, 1937, 2633, 1282, 251, 1838, 2180, 1327, 1076, 1269, 450, 2544, 1809, 875, 2025, 1469, 3337, 2430, 1038, 2289, 1404, 4188, 1304, 2032, 1799, 1021, 6487, 2806, 1360, 4393, 1396, 1310, 1052, 1571, 1164, 860, 1655, 1842, 1048, 3759, 1724, 2260, 2224, 1466, 2190)
(122, 651): Mean: 1729.004, median: 1515.0, std: 1028.792, percent: 1699.58, B: 128, W: 122, 
	(2058, 975, 1385, 8265, 2092, 1563, 793, 1332, 849, 1675, 1429, 1558, 976, 1757, 2518, 929, 2231, 2754, 1736, 2462, 1204, 735, 2014, 881, 1537, 1310, 855, 1678, 1432, 1462, 2741, 1936, 2665, 968, 875, 1803, 1240, 1473, 1828, 1572, 847, 2172, 1189, 1640, 936, 2600, 1203, 824, 4510, 1734, 752, 1316, 945, 258, 1182, 3529, 493, 720, 2824, 2028, 1632, 3330, 2183, 1535, 1680, 3425, 1753, 830, 443, 2092, 1046, 2752, 1939, 1500, 1250, 1533, 911, 832, 1423, 1086, 1095, 922, 2649, 942, 1257, 1198, 767, 486, 1079, 1144, 1050, 728, 1887, 1472, 4230, 2512, 833, 920, 1505, 613, 1614, 3511, 1039, 2027, 1653, 1443, 730, 347, 1210, 2681, 2255, 954, 1908, 962, 845, 1360, 1565, 1520, 768, 1605, 2690, 1380, 1498, 604, 1812, 1520, 1986, 1190, 929, 1487, 987, 1867, 1420, 4171, 1534, 1424, 2920, 1414, 2069, 1628, 1985, 4133, 1724, 1211, 1847, 1817, 2635, 1379, 2519, 2188, 1194, 2805, 1396, 1663, 1140, 640, 3099, 2195, 6999, 1397, 2468, 1480, 1242, 1435, 757, 1908, 1686, 1603, 1595, 2593, 547, 2029, 568, 557, 1535, 1254, 1517, 1061, 811, 2477, 2663, 1408, 1464, 1471, 2043, 754, 726, 6012, 1572, 2441, 1649, 1267, 682, 2339, 1867, 1513, 3315, 994, 2456, 2084, 1420, 4104, 1216, 1235, 1857, 767, 1956, 2605, 1314, 282, 1850, 1724, 1502, 935, 1140, 482, 2241, 1745, 886, 2480, 1458, 3173, 2472, 1124, 2326, 1442, 4443, 1319, 2034, 2057, 1155, 6013, 2625, 1497, 4069, 1527, 1255, 1180, 1546, 1061, 937, 1803, 1975, 1042, 2939, 1728, 1990, 2482, 1461, 2329)
(123, 654): Mean: 1727.044, median: 1452.5, std: 1070.921, percent: 1638.08, B: 140, W: 109, 
	(2113, 970, 1211, 8059, 2031, 1424, 793, 1415, 786, 1791, 1424, 1337, 841, 1740, 2432, 983, 2910, 3003, 1389, 2504, 1053, 709, 1633, 896, 1536, 1424, 763, 1584, 1548, 1280, 2620, 1790, 2617, 942, 846, 1835, 1231, 1416, 1699, 1609, 763, 2116, 1269, 1527, 852, 2101, 1172, 922, 5319, 1429, 727, 1357, 907, 358, 1291, 4228, 472, 588, 2747, 2122, 1672, 3006, 2082, 1546, 1810, 3731, 1459, 832, 493, 2113, 1000, 2887, 1756, 1694, 1263, 1755, 1096, 787, 1588, 935, 1019, 837, 2239, 1086, 1190, 1293, 810, 576, 1155, 1299, 1136, 621, 2014, 1424, 3583, 2461, 851, 951, 1428, 604, 1550, 3411, 1121, 2050, 1757, 1177, 678, 386, 1350, 2670, 2318, 853, 1612, 866, 910, 1171, 1436, 1305, 814, 1824, 4051, 1315, 1526, 561, 1722, 1306, 1890, 1199, 972, 1634, 965, 2083, 1179, 5089, 1619, 1265, 2872, 1412, 2152, 1550, 1735, 3979, 1767, 1128, 1940, 1775, 2920, 1448, 2432, 2152, 1380, 2975, 1759, 1525, 1174, 608, 3200, 1917, 7534, 1411, 2475, 1754, 1401, 1315, 774, 2032, 2117, 1374, 1358, 2502, 566, 1834, 604, 540, 1501, 1124, 1423, 1114, 727, 2205, 2261, 1276, 1272, 1720, 2198, 708, 673, 5455, 1520, 2434, 1639, 1304, 685, 2134, 1708, 1491, 2991, 1074, 2482, 2138, 1289, 3925, 1327, 1113, 2149, 722, 2038, 2548, 1362, 337, 1966, 1722, 1434, 955, 1269, 543, 2326, 1695, 882, 2312, 1477, 3421, 2514, 1197, 2266, 1410, 4515, 1274, 1902, 2026, 1099, 6399, 2390, 1431, 4581, 1457, 1329, 1044, 1517, 1054, 816, 1679, 1770, 993, 3444, 1759, 2298, 2266, 1395, 2305)
(129, 690): Mean: 1719.996, median: 1483.0, std: 1023.66, percent: 1646.84, B: 126, W: 123, 
	(2097, 943, 1295, 7618, 2391, 1519, 899, 1228, 752, 1643, 1318, 1418, 897, 1860, 2267, 897, 2562, 2844, 1445, 2549, 1220, 761, 1812, 848, 1681, 1394, 742, 1625, 1531, 1285, 3549, 2104, 2551, 1061, 839, 2049, 1083, 1607, 1822, 1641, 793, 2202, 1286, 1765, 871, 2267, 1128, 828, 4898, 1656, 630, 1326, 991, 252, 1319, 4142, 525, 552, 2945, 1984, 1537, 3107, 2283, 1589, 1922, 3663, 1665, 894, 475, 1658, 953, 2780, 1813, 1360, 1255, 1481, 1017, 735, 1452, 982, 1041, 783, 2342, 881, 1284, 1074, 865, 483, 1202, 1188, 1014, 749, 2054, 1542, 3339, 2348, 848, 843, 1439, 657, 1405, 3074, 1130, 2160, 1831, 1333, 680, 404, 1422, 2636, 2453, 867, 1601, 888, 877, 1019, 1479, 1285, 861, 1881, 3471, 1345, 1788, 621, 1831, 1266, 1773, 1134, 913, 1464, 938, 1845, 1128, 4905, 1658, 1292, 3195, 1366, 1947, 1563, 1871, 3721, 1748, 1011, 1615, 1610, 2723, 1741, 2596, 2104, 1356, 2964, 1470, 1462, 1085, 650, 3339, 2027, 6422, 1378, 3013, 1776, 1389, 1423, 749, 2067, 1741, 1350, 1647, 2669, 537, 2241, 558, 582, 1586, 1083, 1567, 1013, 884, 2535, 2546, 1240, 1488, 1444, 1866, 819, 670, 5995, 1724, 2347, 1485, 1403, 612, 2067, 1863, 1590, 2499, 1063, 2616, 1959, 1187, 4391, 1282, 1141, 1755, 828, 2160, 2644, 1346, 272, 1895, 1800, 1501, 1000, 1257, 514, 2251, 1644, 907, 2159, 1395, 3501, 2392, 1118, 2402, 1575, 4786, 1377, 2039, 1838, 1106, 5387, 2550, 1424, 4270, 1310, 1223, 1114, 1405, 1073, 805, 1790, 1972, 1025, 2968, 1728, 2233, 2266, 1720, 2341)
(132, 706): Mean: 1755.164, median: 1496.0, std: 1108.134, percent: 1680.24, B: 119, W: 130, 
	(2451, 931, 1233, 7307, 2533, 1497, 902, 1382, 748, 1780, 1238, 1509, 989, 1831, 2345, 908, 2838, 2940, 1452, 2434, 1082, 724, 1519, 990, 1626, 1391, 898, 1615, 1564, 1250, 3790, 2171, 2630, 988, 744, 1797, 1190, 1632, 1685, 1424, 877, 2055, 1209, 1522, 1134, 2245, 1162, 887, 5835, 1571, 679, 1428, 1069, 282, 1232, 3560, 463, 546, 2641, 1867, 1697, 3673, 2265, 1551, 1893, 3538, 1480, 872, 462, 1985, 939, 3028, 2066, 1421, 1301, 1506, 960, 849, 1657, 1032, 987, 805, 2346, 994, 1224, 1087, 1015, 536, 1038, 1176, 1127, 654, 1911, 1538, 3683, 2428, 831, 970, 1587, 602, 1503, 3833, 1147, 2197, 1716, 1185, 664, 333, 1438, 2884, 2118, 877, 1818, 868, 944, 1226, 1403, 1457, 896, 2145, 3459, 1343, 1673, 689, 1783, 1386, 1903, 1180, 991, 1736, 1012, 2008, 1351, 4539, 1674, 1191, 3329, 1295, 2341, 1783, 1697, 4356, 2007, 1157, 1727, 1798, 3204, 1481, 2419, 1999, 1240, 2884, 1539, 1659, 1145, 580, 3276, 2194, 7658, 1539, 2287, 1724, 1309, 1410, 747, 2122, 2014, 1570, 1270, 2600, 551, 2048, 597, 588, 1438, 1146, 1473, 988, 773, 2778, 2734, 1403, 1242, 1438, 2225, 766, 687, 7616, 1783, 2265, 1657, 1308, 708, 1998, 2030, 1482, 2872, 1054, 2059, 1979, 1240, 4623, 1266, 1082, 1727, 800, 1858, 2229, 1418, 256, 1838, 1582, 1418, 1029, 1242, 417, 2499, 1781, 1027, 2577, 1443, 2687, 2429, 1187, 2069, 1544, 3907, 1377, 2229, 1757, 1069, 6287, 2466, 1373, 4698, 1391, 1334, 1086, 1493, 1009, 867, 1624, 2052, 929, 3804, 1600, 2253, 2733, 1495, 2138)
(134, 716): Mean: 1739.1, median: 1520.0, std: 1038.03, percent: 1658.66, B: 131, W: 117, 
	(2344, 931, 1219, 7467, 2005, 1530, 856, 1378, 749, 1476, 1353, 1420, 925, 1833, 2458, 955, 3150, 3831, 1579, 2539, 1181, 772, 1689, 806, 1540, 1508, 889, 1522, 1461, 1684, 2959, 1948, 2711, 970, 796, 1705, 1188, 1409, 1816, 1431, 845, 2372, 1239, 1660, 870, 2197, 1070, 853, 5334, 1541, 716, 1424, 921, 305, 1195, 3908, 508, 615, 3289, 1902, 1594, 3496, 2585, 1633, 2045, 3725, 1537, 961, 495, 2291, 1067, 2587, 1979, 1527, 1274, 1619, 920, 882, 1468, 963, 1161, 828, 2440, 1046, 1133, 1289, 888, 491, 1129, 1216, 1065, 653, 1874, 1478, 5175, 2267, 812, 916, 1654, 560, 1584, 3389, 1109, 2192, 1744, 1528, 673, 345, 1363, 3016, 2180, 1009, 1784, 906, 884, 1188, 1561, 1497, 798, 1814, 2885, 1336, 1872, 618, 2042, 1334, 1696, 1165, 1021, 1619, 1005, 1736, 1231, 4340, 1560, 1497, 2956, 1354, 1867, 1671, 1713, 4586, 1621, 1142, 1686, 1924, 2858, 1520, 2588, 2165, 1241, 2661, 1520, 1495, 1059, 596, 3473, 2558, 6853, 1425, 2245, 1675, 1396, 1302, 772, 2133, 2092, 1233, 1470, 2045, 535, 2169, 575, 551, 1569, 1165, 1495, 1025, 786, 2378, 2549, 1232, 1377, 1311, 2097, 737, 687, 4841, 1569, 2370, 1577, 1211, 632, 2343, 1868, 1540, 3218, 1136, 2413, 1991, 1232, 4248, 1291, 1223, 1720, 728, 2154, 2377, 1355, 327, 1978, 1897, 1602, 1002, 1152, 405, 2513, 1825, 837, 2466, 1366, 3559, 2095, 1039, 2359, 1509, 5072, 1245, 2078, 2148, 1106, 4509, 2272, 1497, 4398, 1380, 1242, 1019, 1484, 1105, 913, 1545, 1999, 921, 3414, 1893, 2079, 2404, 1612, 2348)
(139, 743): Mean: 1730.968, median: 1495.5, std: 1057.399, percent: 1633.28, B: 132, W: 118, 
	(2342, 922, 1241, 8268, 2127, 1559, 922, 1455, 761, 1850, 1321, 1497, 1056, 1632, 2611, 844, 2575, 3192, 1802, 2241, 1383, 703, 1833, 848, 1456, 1488, 885, 1733, 1459, 1430, 2650, 2169, 2762, 1007, 801, 1854, 1201, 1308, 1667, 1571, 753, 2385, 1195, 1489, 980, 2308, 1090, 847, 5192, 1497, 674, 1333, 879, 285, 1272, 3883, 498, 631, 2902, 1999, 1642, 3030, 2217, 1645, 1983, 3871, 1494, 899, 485, 1833, 952, 2510, 1918, 1293, 1222, 1770, 1044, 843, 1604, 946, 1027, 824, 2334, 964, 1345, 1148, 861, 544, 1119, 1253, 1018, 639, 1961, 1517, 3452, 2227, 871, 876, 1498, 616, 1591, 3691, 1075, 2241, 1684, 1361, 687, 367, 1446, 2850, 2264, 854, 1680, 822, 910, 1144, 1484, 1454, 852, 1702, 3338, 1327, 1629, 589, 1740, 1241, 1646, 1202, 866, 1651, 949, 1852, 1258, 5459, 1658, 1268, 3201, 1443, 1772, 1637, 1868, 4363, 1619, 1180, 1779, 1485, 2895, 1550, 2495, 1971, 1248, 3004, 1306, 1466, 1130, 557, 3284, 2022, 6594, 1727, 2250, 1679, 1378, 1185, 750, 2005, 2104, 1614, 1546, 2321, 568, 1934, 629, 561, 1441, 1172, 1336, 1164, 771, 2543, 2539, 1276, 1334, 1605, 2026, 753, 731, 5530, 1632, 2352, 1625, 1385, 650, 2342, 1819, 1813, 2404, 1066, 2513, 1918, 1321, 3914, 1238, 1188, 1900, 810, 1981, 2264, 1544, 274, 1956, 2124, 1489, 1111, 1180, 390, 2490, 1852, 892, 2494, 1376, 2639, 2893, 992, 2203, 1373, 4634, 1313, 2180, 1677, 949, 6269, 2477, 1378, 4285, 1261, 1355, 1238, 1520, 1108, 845, 1646, 2069, 970, 3655, 1627, 2778, 2334, 1446, 2335)
(144, 772): Mean: 1741.772, median: 1488.5, std: 1110.623, percent: 1625.16, B: 130, W: 120, 
	(2220, 983, 1194, 8269, 2318, 1441, 824, 1360, 768, 2061, 1394, 1509, 907, 1770, 2399, 831, 2521, 2797, 1767, 2309, 1263, 749, 1696, 985, 1467, 1374, 791, 1622, 1578, 1323, 3016, 2350, 2600, 945, 803, 1693, 1163, 1366, 1958, 1623, 775, 2014, 1321, 1463, 838, 2653, 1125, 825, 5940, 1541, 709, 1306, 1011, 289, 1174, 4385, 516, 638, 2982, 2320, 1597, 3469, 2342, 1460, 1851, 3204, 1654, 886, 473, 1825, 925, 2812, 1911, 1384, 1280, 1552, 826, 791, 1555, 947, 1144, 874, 2238, 948, 1365, 1208, 886, 467, 1238, 1075, 1080, 630, 1844, 1548, 5361, 2455, 850, 861, 1539, 669, 1865, 3518, 1077, 1902, 1731, 1333, 676, 353, 1331, 2704, 2103, 921, 1847, 865, 891, 1477, 1507, 1315, 808, 1722, 3569, 1312, 1769, 834, 1736, 1342, 1772, 1174, 943, 1517, 1081, 1940, 1188, 4179, 1623, 1260, 3314, 1446, 2166, 1664, 1801, 4663, 1811, 1183, 1705, 1648, 2881, 1538, 2314, 2135, 1194, 3043, 1295, 1601, 1141, 644, 3087, 2114, 7599, 1465, 2700, 1570, 1329, 1288, 772, 1866, 2176, 1382, 1295, 2472, 469, 2106, 572, 602, 1629, 1234, 1456, 1047, 722, 2460, 2401, 1293, 1551, 1367, 2241, 755, 675, 5023, 1543, 2007, 1649, 1348, 700, 2000, 1963, 1620, 2817, 1007, 2324, 1872, 1193, 3837, 1356, 1134, 1842, 769, 1977, 2502, 1503, 255, 1739, 1738, 1500, 962, 1311, 391, 2191, 1476, 838, 2341, 1301, 3721, 2340, 1095, 2156, 1451, 5423, 1401, 2004, 1975, 1212, 6788, 2610, 1291, 4190, 1432, 1265, 1099, 1390, 1028, 930, 1510, 1799, 941, 3385, 1801, 2409, 2360, 1433, 2052)
(152, 819): Mean: 1722.164, median: 1488.0, std: 1049.113, percent: 1617.76, B: 125, W: 125, 
	(2342, 873, 1177, 8189, 2284, 1509, 847, 1329, 748, 1905, 1344, 1660, 955, 1554, 2799, 931, 2612, 3019, 1562, 2411, 1239, 740, 1969, 933, 1656, 1318, 867, 2023, 1347, 1306, 3093, 1966, 2690, 1012, 872, 1721, 1423, 1606, 1776, 1476, 763, 2119, 1226, 1541, 940, 2394, 1067, 852, 4743, 1643, 705, 1319, 930, 257, 1274, 4011, 505, 693, 2767, 1809, 1654, 3030, 2426, 1480, 1768, 3341, 1650, 908, 405, 1929, 883, 2999, 1769, 1484, 1193, 1556, 911, 760, 1492, 979, 1167, 883, 2336, 971, 1314, 1093, 835, 582, 1106, 1124, 1107, 636, 1897, 1434, 3773, 2260, 864, 900, 1703, 644, 1536, 3375, 1131, 2227, 1669, 1286, 683, 332, 1484, 2526, 2241, 901, 1756, 886, 871, 1316, 1529, 1415, 821, 1860, 3452, 1351, 1741, 529, 1715, 1304, 1813, 1210, 982, 1807, 912, 2091, 1088, 4324, 1509, 1212, 4039, 1513, 2084, 1823, 1730, 4526, 1736, 1107, 1570, 1619, 3157, 1401, 2152, 1885, 1361, 3051, 1461, 1451, 1290, 596, 3349, 2229, 7054, 1549, 2418, 1581, 1328, 1328, 831, 1942, 1874, 1473, 1406, 2291, 540, 2029, 612, 572, 1390, 1273, 1416, 1179, 796, 2398, 2539, 1200, 1331, 1347, 2056, 759, 797, 6288, 1536, 2126, 1588, 1137, 671, 2106, 1830, 1507, 2307, 1174, 2272, 1856, 1180, 3932, 1267, 1171, 1822, 799, 1819, 2720, 1478, 283, 2087, 1700, 1566, 980, 1192, 449, 2229, 1612, 991, 2321, 1393, 3163, 2006, 1135, 2148, 1420, 4755, 1397, 2048, 1913, 1173, 5494, 2356, 1447, 4178, 1450, 1342, 1128, 1523, 1081, 891, 1541, 1937, 916, 3647, 1772, 1884, 2446, 1465, 2285)
(155, 834): Mean: 1738.344, median: 1471.0, std: 1067.363, percent: 1676.04, B: 125, W: 123, 
	(2106, 903, 1266, 8025, 2567, 1642, 842, 1259, 754, 1757, 1321, 1443, 894, 1608, 2422, 1018, 3220, 3062, 1732, 2219, 1211, 757, 1910, 1039, 1647, 1401, 807, 1756, 1437, 1272, 2897, 2319, 2795, 958, 765, 1976, 1152, 1324, 1705, 1602, 724, 1875, 1219, 1623, 1225, 2181, 1124, 906, 5144, 1637, 671, 1314, 969, 313, 1377, 3778, 481, 751, 3076, 2159, 1657, 3589, 2469, 1590, 1969, 3556, 1650, 862, 449, 1857, 993, 2753, 1685, 1351, 1307, 1583, 1008, 943, 1404, 1016, 985, 782, 2293, 1059, 1223, 1087, 839, 552, 1115, 1101, 1007, 667, 1902, 1546, 4219, 2737, 909, 886, 1747, 624, 1438, 3197, 1119, 2378, 1840, 1294, 683, 374, 1333, 2614, 2157, 834, 1835, 824, 843, 1150, 1368, 1345, 789, 1763, 3262, 1438, 1677, 647, 1838, 1291, 2195, 1270, 928, 1527, 942, 2202, 1248, 4921, 1672, 1223, 2913, 1444, 2154, 1670, 1791, 4278, 1880, 1195, 1672, 1631, 2739, 1501, 2333, 1888, 1275, 2694, 1419, 1378, 1144, 564, 3061, 2254, 7217, 1365, 2438, 1836, 1474, 1397, 737, 1928, 2020, 1415, 1433, 2820, 523, 1877, 571, 587, 1559, 1142, 1383, 1168, 749, 2496, 3049, 1211, 1551, 1522, 1947, 749, 792, 5848, 1428, 2364, 1586, 1167, 610, 2268, 1811, 1404, 3043, 1081, 2276, 2243, 1280, 4061, 1232, 1096, 1876, 823, 2114, 2367, 1468, 294, 1868, 1769, 1540, 925, 1182, 400, 2200, 1748, 802, 2228, 1578, 2837, 2720, 1153, 2484, 1354, 4695, 1386, 2154, 1682, 1000, 6453, 2554, 1451, 3733, 1355, 1218, 1040, 1542, 1048, 886, 1715, 1957, 988, 3338, 1735, 2115, 2523, 1442, 2447)
(159, 857): Mean: 1736.024, median: 1506.5, std: 1065.977, percent: 1619.42, B: 119, W: 130, 
	(2212, 955, 1296, 7819, 2105, 1577, 786, 1339, 722, 1684, 1331, 1523, 871, 1621, 2659, 893, 2575, 2914, 1687, 2139, 1267, 690, 2002, 831, 1786, 1354, 874, 1829, 1516, 1371, 2986, 1817, 2791, 979, 738, 1951, 1161, 1428, 1747, 1522, 860, 2174, 1256, 1610, 906, 2263, 1154, 945, 5035, 1967, 737, 1307, 916, 314, 1288, 3838, 497, 690, 3160, 1804, 1649, 3046, 2573, 1538, 2119, 3786, 1738, 802, 430, 1917, 930, 2651, 1725, 1420, 1296, 1602, 1062, 751, 1534, 1026, 1100, 818, 2235, 1011, 1135, 1243, 813, 532, 1079, 1316, 1053, 684, 1863, 1508, 4819, 2371, 830, 960, 1556, 581, 1555, 3326, 1118, 2292, 1799, 1288, 718, 325, 1270, 2340, 2218, 770, 1741, 842, 844, 1200, 1460, 1447, 805, 1706, 3484, 1361, 1704, 667, 1844, 1591, 1647, 1296, 991, 1595, 998, 1944, 1239, 5004, 1789, 1262, 3259, 1323, 1866, 1762, 1764, 3930, 2109, 1247, 1766, 1955, 2750, 1492, 2364, 2211, 1217, 3272, 1381, 1507, 1114, 655, 3116, 2308, 7566, 1328, 2368, 1629, 1457, 1253, 754, 2157, 2060, 1494, 1370, 2637, 572, 2060, 561, 547, 1470, 1196, 1489, 1178, 778, 2173, 2560, 1261, 1386, 1506, 1955, 748, 768, 5133, 1522, 2451, 1469, 1359, 633, 2268, 1698, 1572, 2589, 1112, 2173, 1813, 1163, 4115, 1383, 1252, 1782, 797, 1949, 2626, 1460, 321, 1859, 2456, 1473, 1009, 1123, 469, 2414, 1818, 867, 2312, 1513, 2899, 2536, 1210, 2326, 1485, 6107, 1220, 2013, 1876, 1188, 5336, 2399, 1233, 4428, 1245, 1190, 1166, 1359, 1121, 857, 1535, 1919, 879, 3594, 1820, 1953, 2108, 1495, 2256)
(160, 863): Mean: 1826.748, median: 1583.5, std: 1041.546, percent: 1744.86, B: 83, W: 166, 
	(2785, 886, 1373, 8246, 2010, 1709, 887, 1472, 1021, 2149, 1234, 1330, 1114, 2111, 2124, 876, 2764, 2964, 1823, 2603, 1442, 723, 1846, 1208, 1512, 1453, 745, 1881, 1498, 1353, 3664, 2178, 3199, 982, 802, 1868, 1174, 1532, 2633, 1924, 775, 2757, 1199, 1557, 1087, 2449, 1152, 957, 5665, 1790, 853, 1425, 998, 532, 1311, 4306, 492, 906, 3439, 2189, 1622, 3481, 2334, 2031, 1978, 3814, 1582, 845, 506, 2036, 1005, 2623, 2136, 1453, 1326, 1677, 1099, 897, 1503, 1025, 1033, 854, 2263, 1028, 1392, 1156, 941, 487, 1310, 1217, 1178, 836, 1867, 1619, 4116, 2474, 905, 885, 1688, 619, 1585, 3428, 1347, 2044, 1938, 1185, 770, 484, 1579, 2694, 2316, 913, 1951, 836, 981, 1831, 1336, 2397, 873, 2061, 3703, 1436, 1655, 551, 1795, 1373, 1999, 1279, 1032, 1808, 1299, 1879, 1290, 4542, 1597, 1425, 3338, 1454, 2153, 1738, 1872, 4388, 1853, 1290, 1952, 1882, 3259, 1332, 3721, 2372, 1501, 3368, 1550, 1565, 1161, 735, 3079, 2169, 5857, 1430, 2534, 1609, 1436, 2380, 1289, 2117, 1857, 1494, 1779, 2255, 507, 1937, 602, 606, 1635, 1262, 1393, 1152, 854, 2512, 2575, 1579, 1707, 1681, 2199, 769, 736, 5647, 1930, 2322, 1668, 1255, 702, 2265, 1984, 1430, 3503, 1098, 2397, 2137, 1345, 3903, 1232, 1205, 1749, 837, 2032, 2248, 1213, 395, 1928, 1848, 1649, 1101, 1394, 589, 2542, 1703, 906, 2508, 1398, 3249, 3089, 1099, 2391, 1625, 4049, 1377, 2491, 1728, 1224, 5276, 2130, 1390, 4120, 1357, 1342, 1498, 1572, 1260, 888, 1550, 1891, 1107, 3565, 1871, 2608, 2572, 1625, 2215)
(161, 864): Mean: 1805.504, median: 1569.0, std: 1083.796, percent: 1716.02, B: 132, W: 117, 
	(2221, 1041, 1327, 8595, 2190, 1910, 870, 1379, 890, 2269, 1344, 1678, 939, 1766, 2850, 948, 3238, 3179, 1757, 2024, 1347, 724, 1959, 954, 1669, 1483, 865, 1640, 1397, 1288, 2922, 2086, 3270, 1065, 763, 1726, 1292, 1394, 1755, 1543, 895, 2329, 1136, 1715, 1016, 2337, 1347, 923, 4594, 1597, 734, 1301, 991, 276, 1367, 4194, 534, 618, 3213, 1964, 1593, 2846, 2271, 1619, 1848, 4062, 1747, 870, 501, 2487, 998, 3241, 2096, 1576, 1413, 1823, 985, 940, 1402, 966, 1158, 852, 2656, 968, 1279, 1118, 980, 558, 1253, 1234, 1127, 684, 1849, 1461, 4395, 2139, 863, 934, 1767, 776, 1845, 2919, 1097, 2316, 1831, 1276, 650, 354, 1362, 2829, 1939, 1017, 1855, 934, 972, 1346, 1489, 1441, 917, 1666, 3133, 1605, 1772, 711, 1795, 1316, 2060, 1470, 1035, 1448, 1029, 2400, 1379, 5458, 1590, 1199, 3787, 1590, 2160, 1853, 2047, 4598, 1876, 1188, 1819, 1868, 3495, 1574, 2226, 2110, 1314, 3235, 1538, 1529, 1323, 655, 3638, 2292, 6399, 1456, 2525, 1700, 1387, 1313, 758, 2398, 2066, 1553, 1456, 2938, 648, 1902, 628, 714, 1630, 1329, 1631, 1126, 831, 2487, 2395, 1521, 1440, 1508, 2336, 797, 686, 5532, 1739, 2531, 1788, 1393, 701, 2103, 2076, 1550, 2912, 1148, 2356, 1946, 1480, 4052, 1340, 1216, 1847, 789, 1940, 2526, 1245, 358, 1856, 1994, 1500, 911, 1172, 501, 2652, 1775, 1032, 2328, 1491, 2960, 2392, 1134, 2335, 1564, 4100, 1348, 2217, 1854, 1151, 6530, 2879, 1265, 4768, 1437, 1364, 1055, 1648, 1036, 814, 1603, 2102, 946, 3847, 1715, 2194, 2552, 1626, 2459)
(162, 866): Mean: 1809.5, median: 1535.0, std: 1155.518, percent: 1711.32, B: 136, W: 113, 
	(2363, 1031, 1300, 8283, 2367, 1626, 879, 1378, 714, 1776, 1563, 1445, 1004, 1712, 2451, 882, 2732, 3231, 1740, 2657, 1317, 722, 1664, 851, 1688, 1524, 858, 1644, 1546, 1337, 3057, 1941, 3251, 1089, 859, 1793, 1212, 1490, 1881, 1602, 880, 2138, 1215, 1523, 854, 2358, 1258, 921, 6361, 1566, 676, 1567, 1002, 319, 1506, 4658, 489, 504, 3604, 1833, 1946, 3209, 2395, 1590, 2206, 4521, 1487, 780, 492, 2033, 998, 2758, 1738, 1727, 1172, 1694, 973, 817, 1391, 991, 1083, 792, 2433, 977, 1413, 1308, 918, 544, 1126, 1086, 1134, 671, 1980, 1443, 4107, 2745, 910, 921, 1486, 715, 1585, 3859, 1170, 2198, 1721, 1399, 699, 444, 1403, 2775, 2166, 823, 1724, 901, 852, 1184, 1448, 1327, 784, 1841, 3063, 1361, 1652, 575, 1806, 1288, 1765, 1194, 1075, 1680, 1012, 1920, 1439, 4685, 1663, 1339, 3210, 1446, 2138, 1747, 2005, 4264, 1769, 1214, 1788, 2289, 2861, 1593, 2600, 1987, 1273, 3048, 1581, 1576, 1162, 591, 3254, 2192, 8193, 1470, 2651, 1824, 1478, 1382, 763, 2093, 2073, 1474, 1417, 2425, 546, 2376, 678, 579, 1709, 1300, 1392, 1110, 790, 2719, 2647, 1518, 1614, 1492, 2767, 808, 750, 5710, 1496, 2512, 1440, 1184, 660, 2070, 2000, 1912, 2874, 1003, 2313, 2286, 1240, 4244, 1306, 1201, 1826, 841, 2067, 2525, 1380, 335, 1777, 2015, 1505, 933, 1351, 559, 2168, 1819, 854, 2602, 1360, 3610, 2408, 1129, 2343, 1503, 4158, 1405, 2167, 2206, 1075, 7232, 2467, 1471, 4914, 1554, 1372, 994, 1512, 1061, 1021, 1835, 2293, 975, 4069, 1685, 2366, 2604, 1627, 2103)
(163, 867): Mean: 2731.164, median: 2282.0, std: 1799.596, percent: 2583.84, B: 0, W: 250, 
	(4556, 1430, 2092, 14690, 3958, 2359, 1448, 2372, 1192, 2573, 1904, 2149, 1399, 2550, 4112, 1490, 4298, 4182, 2688, 2998, 1877, 1064, 2695, 1256, 2201, 2266, 1270, 3224, 2233, 2156, 4914, 3249, 4566, 1547, 1285, 2732, 1929, 2993, 2540, 2506, 1432, 3074, 1795, 2530, 1576, 3438, 1464, 1192, 10261, 2137, 1115, 2357, 1861, 509, 2027, 7285, 684, 913, 5657, 3625, 2684, 3302, 3363, 2389, 3212, 5924, 2481, 1128, 736, 3359, 1373, 5082, 3040, 2309, 1947, 3132, 1676, 1323, 2147, 1403, 1650, 1121, 3508, 1404, 1783, 1702, 1500, 731, 1568, 1691, 1601, 1025, 3275, 2622, 5871, 3032, 1466, 1340, 2222, 1023, 3027, 4250, 1677, 3343, 2809, 2206, 1009, 510, 1967, 3881, 3518, 1364, 2943, 1391, 1471, 1821, 1956, 2281, 1172, 2791, 5359, 2693, 2211, 1044, 3038, 1844, 2641, 1899, 1558, 2532, 1467, 3045, 1932, 7020, 2482, 1871, 5229, 2393, 3757, 2450, 2826, 7922, 2590, 1644, 2931, 2411, 4092, 2257, 4165, 3598, 1923, 3673, 2600, 1989, 1981, 922, 5426, 3907, 9974, 2264, 4317, 2506, 1712, 2055, 1143, 3655, 3003, 2093, 1948, 3521, 787, 2625, 1011, 1000, 2521, 1723, 2150, 1584, 1319, 4160, 4107, 2139, 2469, 2251, 3125, 1173, 1177, 10996, 2166, 3313, 2234, 2302, 963, 3929, 2565, 2274, 4141, 1547, 3637, 3216, 2280, 6755, 1831, 1850, 2955, 1173, 3128, 3343, 2573, 410, 3165, 3600, 2255, 1606, 2007, 782, 3348, 2547, 1378, 3838, 2193, 4690, 4286, 1850, 3429, 1782, 8490, 1668, 3181, 2777, 1705, 9813, 3351, 1981, 5928, 2283, 1897, 1426, 2144, 1305, 1320, 2771, 3362, 1411, 5506, 2608, 4402, 3001, 2181, 3702)
(164, 869): Mean: 2582.744, median: 2270.0, std: 1654.507, percent: 2456.48, B: 170, W: 80, 
	(3666, 1348, 2116, 13932, 3445, 2436, 1670, 2169, 1304, 2592, 1830, 2208, 1366, 2289, 4243, 1399, 4873, 4366, 2295, 4150, 1721, 989, 2761, 1229, 2340, 2049, 1445, 2605, 2221, 2068, 3893, 2831, 4355, 1468, 1126, 2648, 2038, 2424, 2875, 2828, 1304, 3046, 1567, 3067, 1448, 3226, 1607, 1241, 7873, 2212, 1073, 2104, 1537, 397, 2113, 7526, 778, 920, 4811, 3473, 2608, 4404, 3275, 2345, 2975, 5328, 2275, 1094, 725, 2520, 1337, 3982, 2817, 2071, 2053, 2628, 1555, 1133, 2206, 1423, 1490, 1007, 2915, 1392, 1526, 1826, 1634, 938, 1676, 1664, 1613, 971, 3128, 2271, 5590, 3073, 1341, 1337, 2032, 1116, 2785, 4171, 1429, 2473, 2569, 1823, 1014, 459, 2009, 3817, 2556, 1365, 2433, 1390, 1373, 1828, 2206, 2116, 1248, 2593, 4402, 1920, 2708, 922, 2959, 1819, 2470, 1977, 1357, 2283, 1438, 2745, 1805, 6800, 2269, 1827, 4995, 2300, 2842, 2409, 2660, 5774, 2624, 1761, 2841, 2584, 4874, 2180, 3528, 3185, 1808, 3479, 2308, 2274, 1490, 982, 4069, 2918, 9261, 2404, 3891, 2478, 2070, 1958, 1024, 3052, 2649, 2045, 2025, 3223, 725, 3028, 858, 941, 2569, 1582, 2389, 1646, 1219, 3946, 4329, 2031, 2161, 2226, 3181, 1128, 1369, 10591, 1848, 3107, 2437, 1594, 1033, 3145, 2568, 2412, 5281, 1499, 3781, 2989, 1838, 6377, 1695, 1920, 2570, 1165, 2874, 3188, 2359, 426, 3030, 2956, 2360, 1699, 1819, 622, 3093, 2836, 1326, 3734, 1904, 4040, 3982, 1789, 3140, 1856, 6744, 1975, 2713, 2977, 1756, 10644, 3372, 1867, 5187, 2039, 1790, 1381, 2108, 1364, 1279, 2348, 4001, 1262, 4358, 2406, 3336, 3007, 2103, 3907)
(165, 871): Mean: 2269.516, median: 1896.5, std: 1519.646, percent: 2109.32, B: 226, W: 24, 
	(3355, 1241, 1551, 9821, 3080, 2188, 1036, 1787, 888, 2509, 1530, 1872, 1189, 2000, 3248, 1177, 3771, 4430, 1807, 3512, 1562, 993, 2175, 1283, 1956, 1891, 1085, 2429, 1877, 1737, 3276, 2207, 3722, 1235, 1105, 2367, 1602, 1665, 2169, 2262, 1116, 3024, 1436, 1894, 856, 2660, 1461, 1041, 8363, 1827, 814, 1845, 1208, 336, 1544, 5304, 729, 714, 3755, 2629, 2052, 3788, 2735, 2136, 2551, 4558, 1874, 1003, 571, 2438, 1227, 3843, 2847, 2136, 1671, 2163, 1432, 1138, 1676, 1193, 1193, 963, 2996, 1330, 1476, 1342, 1065, 715, 1452, 1534, 1416, 800, 2999, 2096, 5639, 3149, 983, 1128, 1936, 970, 2034, 3796, 1263, 2699, 2336, 1657, 885, 317, 1871, 4364, 2685, 1056, 2175, 1219, 1035, 1554, 1734, 1776, 1059, 2506, 3543, 1938, 2397, 650, 2263, 1749, 2724, 1734, 1235, 1941, 1242, 2495, 1460, 4973, 2118, 1558, 4041, 1899, 2780, 2080, 2565, 6626, 2451, 1523, 2293, 2527, 4354, 1841, 3065, 2786, 1558, 3668, 2143, 1993, 1406, 767, 4265, 2354, 11363, 1884, 3114, 2269, 1606, 1669, 951, 2579, 2464, 1986, 1834, 2958, 622, 2941, 761, 899, 2128, 1686, 2093, 1377, 1107, 3118, 3738, 1600, 1771, 1702, 2772, 1136, 984, 9608, 1825, 2882, 1725, 1547, 876, 2863, 2403, 2208, 3814, 1398, 3547, 3166, 1791, 5044, 1537, 1481, 2188, 1112, 2804, 2971, 2150, 309, 2403, 2315, 1859, 1217, 1657, 505, 2841, 2105, 1102, 2538, 1572, 3456, 2980, 1570, 3086, 1781, 5334, 1912, 2524, 2169, 1391, 9888, 3020, 1617, 6292, 1822, 1625, 1219, 1827, 1244, 1215, 2200, 2637, 1147, 5185, 2355, 2943, 2944, 2093, 3042)
(166, 874): Mean: 2116.264, median: 1774.0, std: 1369.582, percent: 2038.42, B: 181, W: 67, 
	(2531, 1206, 1551, 10447, 2936, 1892, 1080, 1695, 971, 2047, 1317, 1633, 1062, 1776, 3275, 1065, 3896, 3716, 1825, 3194, 1354, 955, 1875, 1020, 2007, 1511, 907, 2331, 1744, 1637, 3051, 2528, 3826, 1190, 1003, 1964, 1446, 1783, 2409, 2217, 1035, 2362, 1482, 2241, 989, 2997, 1236, 1057, 5769, 1668, 897, 1782, 1232, 368, 1624, 5659, 578, 780, 4137, 2901, 1888, 3428, 2451, 1772, 2510, 3862, 1659, 1046, 571, 2390, 1195, 3735, 2538, 2194, 1557, 1948, 1356, 981, 1937, 1088, 1244, 921, 2613, 1098, 1328, 1464, 1126, 680, 1368, 1322, 1331, 731, 2124, 1618, 5893, 2796, 1007, 1013, 1744, 822, 1864, 3965, 1373, 2711, 2076, 1846, 876, 331, 1617, 3242, 2328, 1052, 1843, 1083, 1142, 1760, 1658, 1719, 968, 2371, 4339, 1649, 1920, 688, 2376, 1612, 2188, 1566, 1202, 2165, 1204, 2287, 1572, 5780, 2024, 1341, 3855, 1761, 2397, 2034, 2323, 5651, 1991, 1255, 2300, 2124, 3597, 1839, 2919, 2316, 1430, 3627, 1597, 1862, 1465, 735, 3800, 2745, 8317, 1800, 3632, 2064, 1615, 1476, 901, 2502, 2055, 1670, 1541, 2965, 617, 2841, 709, 692, 1817, 1351, 1671, 1429, 932, 3129, 3079, 1505, 1765, 1636, 2489, 905, 840, 7887, 1662, 2783, 1810, 1449, 710, 2271, 2203, 2004, 3481, 1323, 3011, 2697, 1516, 4135, 1437, 1420, 2043, 980, 2243, 2783, 1886, 348, 2434, 2051, 1689, 1111, 1386, 371, 3132, 2315, 1154, 3130, 1543, 3267, 3475, 1484, 2649, 1604, 5568, 1534, 2178, 2251, 1256, 8627, 2481, 1718, 6213, 1627, 1548, 1159, 1897, 1203, 1135, 1762, 2610, 1106, 5012, 2221, 3202, 2974, 1856, 2729)
(167, 875): Mean: 2100.004, median: 1774.5, std: 1317.371, percent: 1970.44, B: 129, W: 120, 
	(2636, 1142, 1602, 9278, 2578, 2181, 1051, 1674, 1043, 2264, 1496, 1621, 1105, 1628, 3794, 1146, 3671, 3893, 2130, 2709, 1401, 876, 1936, 920, 2038, 1477, 921, 2121, 1743, 1502, 3361, 2281, 3275, 1242, 887, 2026, 1471, 1633, 2301, 1857, 1122, 2138, 1403, 2129, 1081, 2849, 1301, 949, 7702, 1801, 794, 1685, 1287, 401, 1734, 4796, 667, 758, 3378, 3094, 2080, 3862, 2509, 1905, 2775, 4570, 1956, 1024, 506, 2450, 1101, 3363, 2473, 2022, 1474, 1744, 1279, 1004, 1764, 1192, 1364, 896, 2753, 1095, 1467, 1220, 1157, 611, 1263, 1411, 1259, 858, 2421, 1719, 5147, 2792, 1135, 1039, 1668, 715, 2024, 3550, 1157, 2365, 2269, 1529, 736, 418, 1611, 3458, 2644, 996, 2025, 1022, 1052, 1348, 1725, 1740, 941, 2367, 4467, 1685, 2055, 694, 2085, 1677, 2256, 1597, 1289, 1851, 1175, 2140, 1544, 6031, 2160, 1366, 4156, 1577, 2591, 1952, 2396, 5575, 2331, 1424, 2096, 2012, 3254, 1770, 3012, 2427, 1552, 3049, 1994, 1980, 1351, 672, 3389, 2369, 8024, 1981, 3165, 2117, 1490, 1615, 913, 2721, 2210, 1741, 1511, 2665, 611, 2570, 656, 640, 1821, 1249, 1713, 1353, 935, 3943, 3653, 1496, 1646, 1790, 2609, 875, 896, 6702, 1637, 2557, 2000, 1561, 727, 2097, 2053, 1860, 4423, 1269, 2592, 2389, 1508, 3532, 1419, 1321, 2221, 843, 2596, 3517, 1615, 314, 2449, 2149, 1840, 1203, 1385, 527, 2791, 2102, 1117, 3162, 1714, 3495, 3040, 1323, 2854, 1542, 5903, 1779, 2496, 2355, 1257, 7793, 2581, 1595, 5300, 1825, 1672, 1145, 1851, 1203, 1093, 1983, 2515, 1058, 5485, 2275, 2829, 2556, 1684, 2712)
(169, 883): Mean: 2095.932, median: 1803.5, std: 1310.506, percent: 2022.44, B: 127, W: 122, 
	(2697, 1118, 1622, 9328, 2978, 2017, 1089, 1899, 896, 2775, 1694, 1585, 1103, 1776, 3885, 1250, 3444, 3452, 1655, 3154, 1225, 932, 2006, 1016, 2047, 1567, 945, 1918, 1825, 1461, 3238, 2168, 3402, 1127, 910, 2220, 1634, 1885, 2314, 1906, 1110, 2262, 1366, 2207, 1026, 2556, 1168, 1034, 6806, 1611, 884, 1666, 1155, 386, 1728, 4868, 599, 564, 3080, 2570, 2166, 3758, 2422, 1876, 2720, 4603, 2124, 962, 575, 2193, 1184, 3673, 2495, 1737, 1637, 2079, 1340, 967, 1864, 1188, 1361, 840, 2635, 1157, 1352, 1414, 1149, 626, 1304, 1373, 1400, 719, 2235, 1772, 5220, 2933, 1190, 1105, 1834, 798, 1911, 4129, 1160, 2593, 2246, 1507, 846, 418, 1692, 3423, 2478, 1039, 1849, 1142, 1009, 1446, 1695, 1660, 907, 2236, 4042, 1851, 2007, 722, 2068, 1614, 2577, 1495, 1114, 1867, 1170, 2202, 1440, 5486, 1911, 1424, 3981, 1612, 2655, 1767, 2354, 5830, 2185, 1295, 1945, 2063, 3787, 1658, 2605, 2670, 1386, 2816, 2090, 1853, 1381, 770, 3508, 2428, 8165, 1919, 2749, 2068, 1519, 1714, 907, 2666, 2133, 1835, 1536, 2812, 601, 2466, 671, 728, 1972, 1355, 1738, 1316, 1002, 3181, 3424, 1540, 1883, 1794, 2580, 927, 880, 7772, 1631, 2664, 1751, 1507, 664, 2451, 2092, 2090, 4352, 1223, 3100, 2049, 1374, 4180, 1378, 1265, 2159, 924, 2386, 3067, 1987, 320, 2228, 2101, 1780, 1108, 1495, 551, 2612, 2083, 1066, 2994, 1597, 3727, 2856, 1277, 2827, 1679, 5424, 1496, 2626, 1987, 1391, 8043, 3399, 1671, 4681, 1732, 1565, 1174, 1755, 1198, 1132, 1727, 2565, 1096, 5027, 2130, 3397, 2578, 1813, 3124)
(171, 893): Mean: 1962.26, median: 1674.5, std: 1277.719, percent: 1864.06, B: 191, W: 59, 
	(2792, 1027, 1448, 9811, 2256, 1628, 934, 1465, 880, 2013, 1457, 1553, 1026, 1775, 2968, 1117, 3296, 3342, 1609, 2497, 1426, 842, 1744, 994, 1762, 1518, 905, 1991, 1633, 1650, 3042, 2097, 2992, 1119, 918, 2028, 1463, 1649, 1941, 1552, 922, 2494, 1178, 1867, 984, 2466, 1251, 948, 6656, 1682, 822, 1521, 989, 315, 1503, 5493, 565, 591, 3071, 2231, 1876, 4484, 2605, 2152, 1944, 4259, 1629, 926, 557, 2133, 1115, 3871, 2051, 1731, 1370, 1662, 1049, 871, 1708, 1168, 1251, 920, 2652, 1054, 1437, 1254, 1084, 544, 1264, 1240, 1290, 671, 1983, 1442, 3834, 2722, 853, 942, 1854, 767, 1674, 3650, 1192, 2194, 1934, 1408, 822, 381, 1788, 3007, 2698, 1091, 1874, 1057, 782, 1137, 1538, 1721, 909, 2005, 3599, 1520, 1827, 589, 2229, 1484, 2131, 1459, 972, 1716, 1178, 2429, 1360, 5203, 1862, 1405, 3263, 1640, 2199, 1983, 2305, 4662, 2153, 1290, 2151, 2142, 3008, 1784, 3028, 2510, 1382, 3179, 1747, 1895, 1283, 633, 4368, 2479, 9057, 1869, 2827, 1888, 1402, 1546, 790, 2218, 2513, 1791, 1508, 2801, 579, 2397, 698, 625, 1753, 1221, 1519, 1216, 815, 3313, 2730, 1468, 1559, 1498, 2793, 848, 795, 6646, 1725, 2343, 1785, 1257, 801, 2303, 1941, 1737, 3760, 1178, 2552, 2556, 1409, 4732, 1346, 1306, 2163, 892, 2412, 2710, 1556, 284, 2105, 1829, 1554, 1053, 1431, 423, 3124, 1703, 948, 2978, 1733, 3087, 2463, 1387, 2560, 1634, 3815, 1403, 2376, 1926, 1241, 7785, 2569, 1393, 4723, 1432, 1437, 1172, 1625, 1046, 1015, 1684, 2348, 1037, 4706, 2020, 2720, 2871, 1675, 2266)
(172, 896): Mean: 1968.928, median: 1667.0, std: 1303.332, percent: 1892.02, B: 134, W: 115, 
	(2546, 981, 1402, 8876, 3150, 1761, 927, 1422, 856, 1996, 1521, 1610, 1059, 1971, 3114, 1043, 3330, 3332, 2007, 3043, 1272, 749, 1741, 955, 1879, 1616, 868, 1990, 1709, 1611, 3312, 2008, 2981, 1087, 849, 2027, 1348, 1515, 2049, 1738, 950, 2258, 1272, 1974, 968, 3080, 1152, 955, 6268, 1710, 803, 1798, 971, 338, 1743, 5015, 547, 657, 2984, 2260, 1940, 3505, 2434, 1858, 2185, 3760, 1713, 816, 567, 2192, 1096, 3644, 2378, 1621, 1476, 1806, 1071, 895, 1549, 1035, 1081, 867, 2750, 955, 1318, 1241, 891, 552, 1213, 1335, 1176, 703, 2100, 1629, 5076, 2850, 925, 967, 1666, 770, 1753, 3272, 1082, 2324, 2203, 1358, 787, 414, 1418, 3009, 2065, 945, 1846, 966, 975, 1296, 1587, 1700, 988, 1987, 4367, 1603, 2020, 642, 1845, 1430, 2149, 1292, 1106, 1607, 1040, 2355, 1412, 4490, 2066, 1227, 4231, 1740, 2228, 1717, 2259, 5543, 2119, 1175, 1959, 2052, 3304, 1590, 2643, 2214, 1352, 3307, 1647, 1704, 1294, 747, 3395, 2253, 7895, 1829, 3433, 1826, 1398, 1662, 768, 2250, 2051, 1664, 1599, 2556, 588, 2447, 721, 611, 1778, 1278, 1634, 1339, 924, 2821, 3032, 1684, 1633, 1635, 2486, 791, 837, 8482, 1668, 2270, 1570, 1478, 725, 2507, 1902, 1973, 3666, 1096, 2900, 2305, 1395, 5228, 1383, 1217, 1793, 860, 2153, 2696, 1599, 279, 1954, 1958, 1766, 1080, 1346, 459, 3054, 1661, 964, 2320, 1452, 3464, 2626, 1245, 2411, 1616, 4704, 1398, 2394, 2275, 1093, 8653, 2567, 1454, 6146, 1641, 1437, 1062, 1614, 1042, 943, 1839, 2401, 938, 3929, 1867, 2713, 2824, 1623, 2325)
(173, 900): Mean: 1962.22, median: 1679.0, std: 1280.748, percent: 1857.18, B: 126, W: 124, 
	(2691, 987, 1360, 10251, 2391, 1826, 974, 1532, 848, 2233, 1441, 1516, 1168, 2008, 2624, 970, 3648, 3111, 1758, 3110, 1404, 890, 1680, 984, 1953, 1489, 970, 1956, 1588, 1692, 3470, 2180, 2880, 1061, 980, 1865, 1411, 1732, 2016, 1881, 916, 2108, 1308, 1831, 1068, 2393, 1302, 874, 5937, 1772, 700, 1625, 1039, 374, 1384, 4751, 544, 663, 2897, 1989, 1868, 4277, 2861, 2021, 2140, 4430, 1609, 904, 520, 2397, 1055, 3274, 2585, 1570, 1324, 1722, 1103, 925, 1608, 1047, 1254, 881, 2727, 1062, 1463, 1418, 1082, 566, 1225, 1387, 1220, 741, 2168, 1563, 4867, 3122, 908, 984, 1678, 848, 1874, 3208, 1251, 2390, 1786, 1509, 750, 352, 1578, 3305, 2371, 1099, 1738, 931, 914, 1337, 1584, 1811, 957, 2126, 3403, 1581, 1966, 573, 2027, 1390, 2110, 1414, 1186, 1694, 1133, 2219, 1317, 4646, 1952, 1201, 3212, 1645, 2648, 1722, 1764, 4888, 2337, 1294, 1893, 1963, 3149, 1543, 2572, 2151, 1326, 3595, 1701, 1713, 1290, 739, 3854, 2237, 8755, 1852, 3164, 1803, 1468, 1798, 827, 2218, 2174, 1760, 1597, 2268, 529, 2385, 710, 698, 1688, 1164, 1511, 1277, 852, 2748, 2947, 1507, 1402, 1487, 2444, 836, 740, 6910, 1575, 2307, 1660, 1369, 661, 2074, 1903, 1908, 3193, 1254, 3178, 2085, 1513, 4898, 1422, 1243, 1937, 851, 2137, 2651, 1400, 314, 1929, 1959, 1598, 1238, 1312, 347, 3470, 1785, 1118, 3111, 1529, 3671, 2431, 1369, 2665, 1588, 4758, 1406, 2225, 2024, 1234, 7678, 2877, 1437, 5513, 1593, 1444, 1058, 1792, 1116, 1048, 1650, 2431, 974, 4614, 1911, 2675, 2532, 1879, 2187)
(174, 905): Mean: 1956.336, median: 1715.0, std: 1209.773, percent: 1898.72, B: 125, W: 124, 
	(2799, 1079, 1316, 7798, 2362, 1738, 951, 1559, 789, 1920, 1416, 1535, 958, 1744, 3028, 1127, 2986, 3010, 1665, 2453, 1246, 801, 1804, 951, 1810, 1590, 852, 1880, 1732, 1311, 3252, 2243, 2928, 1102, 960, 1795, 1421, 1535, 1900, 1989, 938, 2416, 1300, 1954, 1061, 2353, 1252, 867, 6622, 1652, 717, 1636, 1131, 349, 1626, 5455, 527, 666, 3210, 2346, 2070, 3725, 2593, 1804, 2310, 4120, 1719, 929, 615, 2126, 1089, 3580, 2276, 1692, 1412, 1895, 1166, 865, 1527, 1056, 1183, 892, 2592, 981, 1359, 1336, 1094, 564, 1211, 1318, 1299, 704, 2099, 1811, 5043, 2880, 961, 997, 1711, 979, 1843, 3468, 1161, 2508, 1929, 1509, 709, 339, 1758, 3099, 2268, 959, 1853, 1157, 892, 1580, 1565, 1600, 961, 2114, 3433, 1619, 1810, 563, 2094, 1515, 2177, 1683, 1027, 1655, 1050, 2491, 1485, 4490, 1740, 1196, 3338, 1503, 2414, 1753, 2048, 4311, 2154, 1194, 2111, 1880, 3517, 1737, 2664, 2424, 1284, 3043, 1759, 1887, 1282, 595, 3798, 2552, 8211, 1742, 3271, 1682, 1308, 1734, 810, 2271, 2222, 1950, 1642, 2725, 618, 2322, 660, 688, 1635, 1292, 1539, 1284, 881, 2995, 3005, 1404, 1577, 1745, 2288, 924, 821, 6746, 1781, 2044, 1676, 1298, 655, 3042, 2036, 2002, 3082, 1120, 2847, 1886, 1605, 3818, 1454, 1180, 2634, 873, 2420, 2811, 1677, 291, 2332, 1840, 1681, 1262, 1515, 453, 2669, 1968, 1038, 2607, 1508, 3550, 2948, 1207, 2557, 1465, 5073, 1323, 2172, 1893, 1324, 8027, 2887, 1480, 5097, 1602, 1461, 1044, 1808, 1193, 1013, 1842, 2308, 959, 4459, 2062, 2857, 2764, 1730, 2338)
(175, 910): Mean: 1977.988, median: 1690.0, std: 1263.428, percent: 1907.52, B: 134, W: 116, 
	(2870, 1008, 1407, 7762, 2560, 1635, 937, 1479, 858, 2306, 1377, 1445, 936, 1922, 3009, 1048, 3803, 3493, 1664, 2752, 1508, 830, 1771, 1067, 1841, 1423, 918, 1728, 1725, 1654, 3665, 2079, 3210, 1069, 946, 1846, 1354, 1549, 1855, 1875, 869, 2414, 1370, 1888, 960, 2284, 1164, 966, 6585, 1777, 757, 1614, 1056, 319, 1431, 5112, 584, 624, 3425, 2336, 2039, 3735, 2831, 1854, 1959, 4081, 1697, 894, 471, 2225, 1203, 3258, 2154, 1618, 1617, 1741, 953, 963, 1803, 1101, 1242, 839, 2576, 1072, 1309, 1435, 1042, 511, 1254, 1250, 1119, 721, 2411, 1665, 4577, 3358, 996, 1081, 1907, 670, 1686, 3746, 1133, 2548, 1967, 1550, 734, 309, 1764, 3285, 2489, 903, 1899, 960, 886, 1447, 1499, 1700, 954, 1996, 3206, 1476, 2032, 580, 2249, 1405, 2461, 1436, 1074, 1796, 1212, 2219, 1261, 6295, 1856, 1477, 4138, 1652, 2732, 1848, 1912, 4729, 2068, 1215, 2035, 2529, 3295, 1718, 2888, 2248, 1416, 3007, 1748, 1633, 1398, 792, 3666, 2522, 8644, 1642, 2844, 2101, 1629, 1350, 785, 2515, 2233, 1694, 1471, 2545, 509, 2410, 683, 610, 2058, 1283, 1462, 1152, 950, 2760, 3190, 1353, 1457, 1658, 3054, 873, 823, 6356, 1508, 2371, 1562, 1338, 753, 2337, 2132, 1855, 4145, 1129, 2910, 2210, 1389, 4592, 1296, 1219, 1940, 852, 2061, 2869, 1337, 364, 2159, 1987, 1668, 1174, 1440, 380, 2850, 1781, 1112, 2687, 1471, 3374, 2552, 1404, 2393, 1818, 4909, 1398, 2750, 2007, 1237, 8355, 2628, 1318, 5279, 1462, 1476, 1061, 1705, 1110, 985, 1940, 2244, 1058, 4645, 1852, 2786, 2381, 1732, 2036)
(176, 911): Mean: 1949.552, median: 1650.5, std: 1274.616, percent: 1859.36, B: 142, W: 107, 
	(2447, 1024, 1348, 9170, 2842, 1772, 905, 1437, 910, 1960, 1379, 1713, 960, 1966, 3469, 977, 3356, 3227, 1534, 3097, 1250, 881, 1682, 1000, 1724, 1561, 874, 2098, 1684, 1622, 3357, 2563, 3071, 1035, 893, 1993, 1485, 1417, 2156, 1777, 927, 2164, 1299, 2133, 1066, 2337, 1300, 872, 6880, 1631, 734, 1571, 1121, 269, 1505, 5361, 548, 548, 3393, 2212, 2023, 3988, 2263, 1893, 2272, 4326, 1648, 785, 502, 2525, 1131, 2784, 2150, 1555, 1466, 1653, 1044, 920, 1472, 1124, 1158, 813, 2429, 1037, 1331, 1203, 1141, 576, 1291, 1174, 1218, 709, 2009, 1607, 4634, 3039, 886, 970, 1805, 692, 1678, 3640, 1072, 1916, 1971, 1569, 759, 423, 1528, 3157, 2145, 959, 1824, 985, 927, 1365, 1580, 1806, 895, 2108, 3558, 1593, 1812, 577, 1955, 1339, 2213, 1409, 1044, 1797, 1158, 2194, 1318, 4122, 1886, 1294, 3648, 1583, 2612, 1763, 2149, 4869, 2573, 1161, 1972, 1983, 3550, 1757, 2789, 1943, 1381, 2880, 1763, 1738, 1372, 656, 3172, 2306, 7984, 1694, 2791, 2321, 1417, 1535, 818, 2444, 1980, 1486, 1624, 2545, 553, 2257, 642, 701, 1747, 1209, 1547, 1214, 899, 2712, 2931, 1456, 1556, 1476, 2742, 880, 751, 6959, 1598, 2487, 1540, 1226, 707, 2042, 1969, 2027, 3580, 1141, 2737, 2244, 1340, 4560, 1441, 1115, 1941, 784, 2027, 3331, 1765, 339, 1906, 1666, 1814, 961, 1371, 460, 2733, 1636, 970, 2423, 1653, 3180, 2710, 1247, 2572, 1470, 5108, 1510, 2350, 2121, 1211, 8807, 2638, 1552, 5580, 1451, 1491, 1108, 1706, 1107, 1065, 1803, 2438, 999, 3992, 1956, 2900, 2934, 1546, 2502)
(177, 915): Mean: 1847.696, median: 1586.5, std: 1130.89, percent: 1749.58, B: 171, W: 79, 
	(2349, 1006, 1369, 6994, 2344, 1595, 900, 1371, 862, 2127, 1325, 1600, 948, 1805, 3182, 873, 3552, 3039, 1499, 2575, 1313, 773, 1586, 929, 1953, 1659, 870, 1972, 1512, 1481, 3204, 2311, 2420, 1033, 786, 1886, 1162, 1480, 1839, 1775, 741, 2172, 1350, 1691, 1181, 2445, 1193, 857, 4581, 1606, 700, 1564, 1096, 318, 1295, 3850, 553, 644, 3069, 2097, 1921, 2873, 2100, 1682, 2334, 3804, 1620, 835, 487, 1987, 1018, 3505, 1875, 1401, 1535, 1656, 969, 827, 1626, 925, 1122, 872, 2506, 984, 1282, 1323, 1013, 532, 1109, 1284, 1116, 820, 2054, 1765, 3471, 2692, 1026, 962, 1489, 732, 1869, 3534, 1134, 2619, 1860, 1301, 645, 350, 1429, 3126, 2040, 896, 1676, 849, 882, 1563, 1571, 1581, 866, 1739, 3450, 1563, 1949, 761, 1851, 1405, 2156, 1334, 960, 1587, 1016, 2138, 1315, 6926, 1521, 1224, 3796, 1504, 2360, 1853, 1813, 4317, 2158, 1249, 1859, 2119, 3216, 1568, 2896, 2201, 1322, 2997, 1614, 1694, 1124, 626, 3417, 2448, 7608, 1598, 2827, 1605, 1390, 1394, 792, 2061, 2216, 1654, 1438, 2957, 571, 2256, 630, 571, 1581, 1259, 1650, 1153, 900, 3004, 2446, 1706, 1432, 1579, 2414, 859, 784, 5962, 1610, 2153, 1551, 1370, 669, 2148, 1996, 1712, 3311, 1106, 2451, 2084, 1303, 3370, 1230, 1218, 1808, 857, 2282, 2448, 1391, 283, 2042, 1978, 1560, 1014, 1223, 378, 2223, 1942, 960, 2551, 1545, 3588, 2570, 1113, 2531, 1454, 5289, 1331, 2416, 2104, 1192, 7421, 2826, 1502, 4682, 1512, 1419, 1044, 1920, 1135, 854, 1671, 2042, 972, 4325, 1731, 2602, 2595, 1509, 2277)
(178, 921): Mean: 1753.42, median: 1518.0, std: 1096.17, percent: 1632.68, B: 179, W: 70, 
	(2151, 928, 1291, 7394, 2245, 1527, 809, 1346, 706, 2050, 1270, 1395, 1004, 1727, 2741, 903, 2824, 3273, 1462, 2406, 1204, 729, 1695, 974, 1664, 1389, 851, 1625, 1483, 1366, 3361, 1926, 2591, 1042, 843, 1783, 1325, 1554, 1847, 1645, 802, 2161, 1281, 1614, 948, 2354, 1079, 814, 5350, 1611, 705, 1379, 990, 308, 1396, 4068, 455, 528, 2859, 1900, 1554, 3894, 2284, 1623, 2048, 4219, 1528, 941, 444, 1953, 997, 2675, 1869, 1528, 1256, 1594, 962, 819, 1463, 947, 1077, 884, 2043, 965, 1196, 1283, 870, 515, 1105, 1235, 1004, 647, 1887, 1446, 4897, 2749, 789, 883, 1588, 600, 1871, 3360, 1122, 2174, 1832, 1362, 673, 308, 1473, 2687, 2307, 918, 1668, 872, 863, 1265, 1378, 1375, 800, 1668, 2903, 1401, 1623, 630, 1760, 1324, 1684, 1178, 967, 1800, 993, 1752, 1135, 4645, 1554, 1175, 3346, 1397, 2214, 1681, 2101, 4633, 1904, 1105, 1900, 1966, 3016, 1471, 2259, 2124, 1194, 3190, 1498, 1654, 1177, 597, 3191, 1921, 7982, 1559, 2760, 1609, 1333, 1528, 844, 2126, 1783, 1477, 1329, 2686, 524, 2145, 632, 558, 1513, 1185, 1458, 1178, 766, 2327, 2504, 1355, 1393, 1454, 2359, 804, 764, 5567, 1523, 2076, 1440, 1174, 641, 1767, 1871, 1728, 2516, 1060, 2461, 2221, 1255, 4388, 1342, 1128, 1810, 777, 2147, 2587, 1391, 292, 1948, 1673, 1624, 1019, 1210, 465, 2163, 1775, 886, 2450, 1481, 3315, 2240, 1010, 2286, 1555, 4224, 1246, 2115, 1865, 1131, 6620, 2275, 1352, 4669, 1313, 1431, 1067, 1479, 992, 912, 1538, 2142, 980, 3557, 1686, 2124, 2351, 1578, 2260)
(181, 936): Mean: 1773.168, median: 1525.5, std: 1085.525, percent: 1648.24, B: 110, W: 140, 
	(2192, 988, 1289, 8284, 1936, 1541, 831, 1390, 749, 2064, 1295, 1569, 938, 2120, 2545, 997, 3388, 3195, 1529, 2409, 1223, 708, 1834, 1016, 1702, 1428, 835, 1768, 1596, 1260, 3339, 2024, 3199, 1113, 827, 1848, 1173, 1460, 1757, 1453, 812, 2245, 1371, 1674, 1174, 2277, 1091, 797, 5868, 1672, 743, 1417, 1010, 305, 1285, 3922, 511, 651, 2503, 1811, 1884, 3197, 2315, 1615, 2119, 4042, 1612, 943, 489, 1836, 984, 2873, 1963, 1487, 1367, 1746, 1020, 780, 1470, 1003, 968, 797, 2149, 959, 1133, 1148, 895, 502, 1052, 1260, 1095, 604, 1835, 1513, 4096, 2615, 890, 924, 1658, 668, 1620, 3535, 1209, 2342, 1887, 1441, 667, 346, 1386, 2630, 2008, 822, 1952, 853, 871, 1165, 1460, 1395, 842, 1821, 2845, 1469, 1840, 636, 1598, 1358, 1874, 1248, 905, 1546, 909, 1932, 1243, 4251, 1570, 1145, 3663, 1382, 2384, 1860, 1713, 4509, 2014, 1154, 1756, 1944, 2849, 1570, 2471, 2238, 1479, 2986, 1383, 1554, 1232, 639, 3292, 2235, 6318, 1510, 2418, 1611, 1515, 1339, 711, 1999, 1877, 1680, 1453, 2328, 501, 2266, 594, 629, 1601, 1153, 1446, 1149, 819, 2739, 2477, 1522, 1390, 1357, 2443, 792, 790, 6526, 1742, 2272, 1533, 1218, 593, 4266, 2081, 1675, 3246, 1099, 2307, 2044, 1398, 4295, 1248, 1200, 2106, 814, 2301, 2445, 1364, 287, 1952, 1982, 1485, 1037, 1252, 395, 2299, 1791, 835, 2301, 1533, 3105, 2315, 1077, 2259, 1393, 4486, 1338, 1981, 1873, 1060, 5543, 2159, 1428, 4855, 1310, 1371, 978, 1448, 1230, 815, 1423, 1889, 882, 3307, 1716, 2327, 2401, 1539, 2050)
(182, 940): Mean: 1738.744, median: 1517.0, std: 1074.531, percent: 1658.34, B: 141, W: 106, 
	(2087, 897, 1320, 8187, 1945, 1620, 864, 1427, 692, 1894, 1295, 1426, 874, 1631, 2216, 913, 2794, 2944, 1697, 2594, 1067, 745, 1708, 1028, 1693, 1393, 802, 1657, 1453, 1293, 3167, 1851, 2569, 980, 838, 1780, 1179, 1417, 1841, 1638, 748, 2048, 1166, 1710, 873, 2357, 1147, 939, 6076, 1554, 673, 1518, 1074, 274, 1289, 3442, 519, 605, 2524, 1793, 1645, 3201, 2232, 1650, 1680, 3820, 1551, 864, 440, 1841, 989, 3296, 1817, 1417, 1252, 1431, 1021, 763, 1542, 1006, 1075, 799, 2342, 910, 1246, 1214, 822, 502, 1085, 1187, 1047, 603, 1918, 1633, 4352, 2703, 895, 859, 1630, 647, 1471, 3299, 1058, 2015, 1819, 1367, 625, 394, 1459, 2441, 2314, 881, 1849, 858, 890, 1139, 1431, 1543, 774, 1708, 3201, 1328, 1707, 584, 1738, 1348, 2014, 1090, 950, 1691, 1041, 1784, 1221, 4778, 1655, 1321, 3323, 1400, 2416, 1718, 1957, 5100, 1765, 1184, 1922, 1753, 2558, 1412, 2436, 2173, 1144, 2832, 1276, 1551, 1133, 579, 3183, 2309, 7013, 1319, 2754, 1660, 1338, 1269, 750, 2096, 2023, 1289, 1492, 2558, 452, 2048, 576, 623, 1435, 1324, 1712, 1119, 712, 2199, 2700, 1390, 1548, 1413, 2288, 772, 756, 5918, 1678, 2107, 1612, 1378, 621, 2169, 1890, 1660, 2909, 1049, 2150, 1979, 1302, 4157, 1297, 1153, 1695, 855, 2076, 2526, 1485, 241, 1882, 2444, 1448, 937, 1157, 396, 2205, 1747, 914, 2789, 1491, 3420, 2182, 1088, 2459, 1622, 4147, 1516, 1911, 1767, 1060, 5440, 2453, 1358, 4475, 1342, 1404, 1036, 1584, 1054, 861, 1476, 2394, 862, 3424, 1761, 2168, 2172, 1472, 2251)
(185, 957): Mean: 1751.18, median: 1513.5, std: 1102.415, percent: 1639.78, B: 121, W: 128, 
	(2256, 941, 1295, 7932, 2302, 1528, 831, 1390, 780, 1720, 1271, 1530, 924, 1763, 2567, 873, 3016, 3159, 1576, 2243, 1321, 743, 1682, 952, 1720, 1416, 775, 1750, 1522, 1317, 3176, 1723, 2908, 1020, 887, 1791, 1211, 1648, 1771, 1460, 782, 2099, 1220, 1672, 992, 2169, 1122, 807, 5152, 1768, 757, 1301, 961, 253, 1274, 3513, 552, 542, 2699, 1936, 1723, 3499, 2194, 1820, 1761, 3500, 1523, 871, 459, 2190, 900, 3114, 1875, 1673, 1246, 1574, 1003, 761, 1489, 930, 1058, 861, 2119, 995, 1211, 1172, 846, 497, 1071, 1281, 1130, 671, 2109, 1331, 4714, 2406, 941, 986, 1397, 702, 1600, 3180, 1080, 2336, 1687, 1231, 737, 291, 1370, 2772, 2190, 903, 1895, 846, 826, 1405, 1343, 1522, 871, 1710, 3409, 1546, 1763, 673, 1502, 1180, 1825, 1087, 946, 1495, 1019, 2112, 1229, 5107, 1692, 1139, 3303, 1406, 2159, 1630, 1835, 3522, 1847, 1253, 1816, 1943, 2955, 1302, 2325, 2187, 1205, 3122, 1575, 1510, 1245, 574, 3094, 2393, 7724, 1440, 2394, 1756, 1321, 1312, 722, 1985, 1817, 1380, 1560, 2463, 516, 1903, 549, 652, 1438, 1256, 1453, 1212, 812, 2331, 2642, 1305, 1426, 1517, 2181, 714, 610, 5680, 1555, 2034, 1446, 1328, 590, 2295, 1764, 1798, 2875, 1099, 2374, 2199, 1323, 4846, 1229, 1197, 1826, 761, 1952, 2549, 1279, 302, 1876, 1999, 1630, 1006, 1228, 543, 2281, 1711, 967, 2795, 1545, 3185, 2473, 1175, 2145, 1442, 4352, 1341, 2271, 1961, 1101, 7375, 2436, 1358, 4631, 1327, 1262, 1043, 1463, 1089, 848, 1602, 2136, 983, 3401, 1641, 2280, 2125, 1402, 2090)
(187, 968): Mean: 1728.016, median: 1503.0, std: 1066.98, percent: 1630.7, B: 126, W: 123, 
	(2075, 920, 1257, 8666, 1968, 1563, 847, 1349, 671, 2144, 1274, 1431, 913, 1728, 2729, 975, 2743, 2898, 1603, 2167, 1221, 859, 1511, 893, 1551, 1472, 842, 1563, 1579, 1424, 3032, 2121, 2481, 1015, 865, 1660, 1189, 1525, 1756, 1597, 813, 2322, 1278, 1478, 964, 2231, 1166, 841, 5161, 1495, 793, 1356, 967, 303, 1364, 4186, 557, 552, 3234, 2064, 1602, 2915, 2264, 1495, 1871, 4150, 1603, 844, 499, 1817, 974, 2768, 1817, 1368, 1267, 1618, 1012, 807, 1629, 998, 1215, 780, 2265, 938, 1220, 1332, 751, 513, 1074, 1078, 997, 705, 1809, 1455, 4537, 2470, 816, 883, 1442, 595, 1537, 3198, 1113, 2274, 1697, 1377, 657, 336, 1302, 2752, 2135, 820, 1787, 811, 969, 1078, 1369, 1593, 841, 1626, 2842, 1453, 1720, 555, 1693, 1343, 1659, 1282, 943, 1749, 965, 1671, 1177, 4824, 1782, 1150, 3345, 1437, 2204, 1724, 1903, 4053, 1709, 1179, 1933, 1905, 3019, 1421, 2341, 1838, 1302, 2610, 1467, 1438, 1153, 615, 3270, 2141, 7107, 1572, 2599, 1965, 1209, 1250, 736, 1964, 2158, 1474, 1531, 2156, 578, 2082, 561, 592, 1436, 1204, 1440, 1102, 791, 2387, 2396, 1294, 1286, 1687, 2007, 824, 743, 4878, 1577, 2171, 1482, 1192, 650, 2366, 1921, 1551, 2697, 1046, 2105, 2204, 1282, 3982, 1365, 1088, 1943, 790, 1997, 2506, 1197, 228, 2096, 1813, 1577, 1001, 1170, 460, 2441, 1695, 887, 2423, 1455, 3132, 2028, 950, 2276, 1542, 4641, 1518, 2027, 1906, 1121, 5988, 2593, 1323, 4791, 1367, 1274, 1109, 1645, 1087, 969, 1539, 1896, 944, 3738, 1707, 2032, 2476, 1446, 2090)
(188, 971): Mean: 1734.14, median: 1481.0, std: 1091.274, percent: 1654.56, B: 123, W: 125, 
	(2287, 937, 1355, 8878, 1922, 1616, 778, 1258, 781, 1879, 1270, 1376, 926, 1650, 2272, 857, 2715, 2984, 1514, 2269, 1335, 671, 1686, 909, 1822, 1367, 803, 1790, 1401, 1352, 2992, 1926, 2393, 940, 804, 1969, 1170, 1416, 1947, 1545, 821, 2420, 1224, 1592, 1012, 2066, 1107, 909, 4854, 1680, 741, 1351, 999, 266, 1374, 3995, 501, 553, 2747, 2155, 1682, 3382, 2275, 1608, 2042, 3765, 1596, 874, 466, 1786, 997, 2828, 1847, 1480, 1230, 1692, 912, 816, 1441, 1012, 1043, 817, 2414, 1077, 1278, 1076, 801, 488, 1168, 1171, 989, 782, 1856, 1448, 4794, 2290, 881, 955, 1477, 616, 1431, 3796, 1111, 2178, 1775, 1389, 620, 393, 1269, 2434, 2195, 852, 1703, 820, 927, 1232, 1486, 1467, 802, 1793, 3131, 1322, 1628, 562, 2002, 1091, 1799, 1242, 932, 1547, 1021, 1886, 1316, 4627, 1540, 1249, 3131, 1250, 2047, 1735, 1798, 4806, 1714, 1192, 1655, 2012, 2725, 1491, 2534, 2060, 1384, 3186, 1457, 1505, 1221, 598, 3520, 2059, 8124, 1418, 2520, 1601, 1313, 1525, 734, 1891, 1814, 1461, 1332, 2489, 525, 2119, 583, 561, 1626, 1199, 1343, 1062, 840, 2635, 2749, 1222, 1458, 1399, 2208, 774, 858, 5873, 1519, 2617, 1482, 1192, 644, 1872, 1877, 1491, 2660, 1037, 2259, 2324, 1200, 3807, 1305, 1141, 1991, 828, 2073, 2468, 1381, 275, 1830, 1780, 1469, 1037, 1192, 395, 2333, 1674, 901, 2150, 1536, 3201, 2515, 1044, 2542, 1479, 4321, 1304, 1976, 1759, 1162, 4971, 2399, 1392, 4299, 1333, 1252, 1140, 1617, 1104, 863, 1645, 1903, 959, 3505, 1648, 2108, 2253, 1638, 2278)
(198, 1028): Mean: 1751.968, median: 1505.0, std: 1102.805, percent: 1658.7, B: 125, W: 124, 
	(2372, 939, 1294, 8575, 2417, 1722, 862, 1346, 755, 1793, 1365, 1563, 871, 1857, 2928, 890, 2487, 2948, 1572, 2361, 1219, 720, 1604, 961, 1563, 1490, 762, 1574, 1347, 1456, 3393, 2137, 2667, 1078, 805, 1787, 1197, 1483, 1924, 1554, 753, 2026, 1257, 1513, 868, 2040, 1149, 772, 4595, 1500, 746, 1550, 986, 311, 1207, 3909, 468, 571, 2897, 1954, 1707, 3597, 2302, 1697, 2058, 3902, 1550, 806, 487, 1996, 983, 2624, 1812, 1382, 1244, 1535, 1002, 803, 1374, 1005, 1049, 816, 2095, 890, 1220, 1277, 868, 519, 1057, 1244, 1121, 688, 2038, 1515, 4079, 2224, 848, 907, 1537, 738, 1535, 3660, 1149, 2011, 1748, 1326, 685, 373, 1320, 2684, 2188, 888, 1787, 976, 893, 1046, 1487, 1282, 823, 1803, 3047, 1359, 1653, 664, 1644, 1498, 1757, 1250, 924, 1400, 989, 1816, 1300, 5535, 1702, 1317, 3266, 1445, 1925, 1730, 2109, 5594, 1656, 1116, 1802, 1934, 3030, 1569, 2501, 2060, 1248, 2974, 1434, 1593, 1113, 602, 3247, 2310, 7505, 1486, 2651, 1558, 1558, 1341, 756, 2072, 2301, 1448, 1221, 2588, 474, 2228, 577, 595, 1482, 1154, 1672, 1114, 774, 2552, 2626, 1331, 1428, 1434, 2106, 766, 732, 4946, 1633, 2216, 1689, 1365, 679, 1880, 1850, 1606, 2610, 994, 2467, 2193, 1153, 3900, 1394, 1133, 1862, 803, 2423, 2375, 1507, 265, 1546, 1660, 1467, 1008, 1336, 417, 2547, 1699, 884, 2511, 1299, 3621, 2340, 1236, 2371, 1371, 4425, 1312, 2140, 2037, 1101, 6414, 2227, 1322, 4697, 1159, 1314, 1031, 1499, 1153, 829, 1503, 2239, 910, 3487, 1784, 2324, 2520, 1522, 2174)

Test:
No precond: Mean: 2497.244, median: 2230.5, std: 1214.669, percent: 2491.02, flag: 0 
	(950, 1877, 1941, 3744, 1247, 5987, 1591, 2381, 2752, 2719, 2593, 1137, 1253, 4091, 1708, 6313, 1086, 1351, 2778, 2363, 2458, 3768, 1766, 673, 2961, 2180, 1841, 2736, 5944, 3685, 3480, 2306, 2914, 2443, 1792, 2633, 2141, 4723, 964, 5409, 1415, 1365, 2197, 2119, 4040, 2732, 2921, 4361, 3014, 957, 2406, 2700, 1016, 2727, 1027, 2206, 4471, 5667, 1023, 2254, 1165, 1674, 3359, 1425, 1789, 2027, 2275, 3964, 2649, 2021, 4787, 1110, 2587, 2272, 1938, 2301, 5418, 2672, 1851, 975, 2245, 1659, 1756, 2166, 2142, 1639, 2126, 577, 1965, 3532, 3207, 1680, 1477, 2114, 2249, 1844, 6588, 3956, 3429, 1896, 2283, 2294, 1954, 1963, 5632, 2312, 1484, 5220, 3578, 1482, 1083, 1703, 2010, 1982, 2121, 1963, 1474, 3246, 3444, 1895, 1519, 1214, 1727, 3619, 2218, 2905, 1983, 1012, 3293, 1160, 4712, 3107, 2411, 2979, 3354, 1456, 2438, 1712, 1625, 2868, 1529, 2304, 1987, 1497, 3180, 721, 1195, 1917, 1328, 924, 3485, 814, 4130, 3147, 3932, 2682, 3182, 1594, 2130, 2582, 1685, 1483, 3374, 4695, 2891, 3307, 3968, 3869, 2384, 1420, 3376, 2724, 4297, 1429, 1424, 3804, 2088, 3379, 1458, 3026, 1638, 3871, 1794, 779, 5650, 893, 4333, 1585, 2784, 1212, 2860, 2502, 1756, 1301, 1700, 1520, 1457, 2108, 2847, 1731, 5055, 3275, 801, 1719, 2677, 3232, 2390, 1571, 1775, 1773, 5055, 2885, 1386, 2727, 1195, 3078, 5249, 2163, 1890, 1574, 3070, 1313, 3534, 2465, 1861, 6735, 3555, 3290, 1992, 2142, 4196, 414, 3297, 4340, 1567, 4321, 2878, 2612, 1249, 1405, 2994, 2379, 2402, 2623, 2127, 1920, 1607, 2076, 2243, 1334)

Jacobi: Mean: 2079.96, median: 1846.5, std: 1147.316, percent: 2054.8, BvN: 230, WvN: 20, flag: 0 
	(743, 1369, 1195, 3231, 1009, 7387, 1727, 1614, 2239, 2554, 2275, 1024, 1025, 5804, 1392, 6411, 954, 1206, 2706, 1704, 2675, 2968, 1375, 575, 2623, 1668, 1803, 2268, 6098, 2546, 3110, 2118, 2038, 1593, 1423, 2732, 1976, 4085, 744, 6085, 1046, 1389, 1646, 1666, 2604, 1925, 2403, 3549, 2445, 862, 1575, 2241, 624, 2549, 759, 2428, 3182, 3671, 798, 1894, 1201, 1351, 2818, 1136, 1333, 1661, 1858, 4547, 1978, 1662, 3927, 766, 2296, 1997, 1257, 2321, 5079, 2090, 1426, 630, 1914, 1333, 1370, 1692, 1945, 1182, 1937, 385, 1552, 2907, 2769, 1315, 1330, 1709, 1746, 1488, 4297, 3849, 2967, 1630, 1962, 1618, 1884, 1519, 5188, 1964, 1223, 4390, 2857, 998, 753, 1422, 1762, 1366, 1818, 1835, 1100, 2322, 2520, 1718, 1195, 883, 1435, 2633, 2034, 2510, 1484, 787, 2648, 793, 4577, 2329, 1947, 2536, 2555, 1334, 1899, 1378, 1208, 1982, 1252, 1917, 1642, 1197, 3899, 524, 828, 1798, 948, 724, 3138, 538, 4350, 2747, 3355, 2293, 2085, 1131, 1862, 1436, 1299, 851, 2879, 3337, 2748, 2963, 2972, 3018, 2269, 1145, 3289, 1992, 3374, 1441, 1136, 3043, 1875, 2666, 1316, 2061, 1284, 3206, 1368, 568, 4790, 833, 2808, 1211, 3047, 830, 2581, 1833, 1583, 963, 1240, 1198, 1172, 1538, 2347, 1539, 3445, 2356, 499, 1474, 2228, 2595, 1739, 1293, 1298, 1665, 3433, 2055, 1090, 2758, 995, 2370, 5143, 1586, 1301, 1222, 2737, 994, 3193, 1869, 1662, 4635, 2344, 2330, 1485, 2023, 3689, 325, 4013, 2987, 1247, 4158, 2050, 1719, 893, 877, 2201, 2069, 2307, 1994, 1959, 1607, 1329, 1677, 2358, 1092)

Last: Mean: 1693.604, median: 1491.0, std: 923.171, percent: 1674.7, BvN: 245, WvN: 5, BvJ: 244, WvJ: 6, flag: 0 
	(629, 992, 1067, 2644, 841, 4544, 1060, 1283, 1592, 1854, 1715, 832, 991, 4139, 1093, 5240, 778, 945, 2414, 1693, 1941, 1793, 1147, 493, 2132, 1470, 1270, 1898, 4266, 2154, 2792, 1805, 1597, 1377, 1128, 1726, 1549, 3545, 626, 5815, 808, 1280, 1305, 1343, 2139, 1415, 1871, 2480, 1837, 659, 1368, 2067, 556, 2370, 627, 1832, 2344, 3924, 563, 1718, 844, 1102, 2309, 847, 1191, 1404, 1637, 3793, 1620, 1279, 3668, 650, 1803, 1524, 1073, 1909, 4552, 1578, 1076, 629, 1494, 939, 1255, 1490, 1459, 1137, 1515, 349, 1169, 2711, 2069, 1072, 1336, 1181, 1482, 1256, 3788, 3491, 2525, 1206, 1682, 1377, 1472, 1199, 3480, 1724, 907, 3829, 2166, 928, 629, 1384, 1561, 1146, 1361, 1573, 927, 1830, 2133, 1609, 968, 798, 1255, 2241, 1540, 2171, 1349, 656, 2067, 659, 3009, 1820, 1660, 2256, 2173, 1020, 1644, 1090, 963, 1627, 960, 1330, 1410, 923, 3344, 488, 549, 1463, 793, 682, 2455, 381, 3175, 1806, 2723, 1554, 1671, 972, 1477, 1272, 1086, 770, 1951, 2576, 2220, 2259, 3031, 2398, 1953, 1044, 2429, 1699, 2622, 1047, 918, 4055, 1492, 2121, 1091, 1757, 866, 2559, 1111, 573, 3256, 605, 2088, 933, 2967, 733, 2043, 1771, 1278, 810, 1111, 957, 962, 1178, 1935, 1226, 3116, 1847, 496, 1134, 1839, 1964, 1349, 1094, 1180, 1337, 3057, 1737, 887, 1795, 725, 2046, 3599, 1479, 1086, 1109, 2281, 887, 2883, 1757, 1277, 3463, 1827, 1953, 1060, 1528, 3021, 347, 3117, 2792, 996, 3871, 1856, 1574, 704, 780, 1867, 1596, 1728, 1362, 1561, 1394, 1096, 1327, 2226, 814)

Best: Mean: 1676.1, median: 1439.0, std: 920.484, percent: 1684.8, BvN: 249, WvN: 1, BvJ: 247, WvJ: 3, flag: 0 
	(636, 1025, 965, 2557, 759, 3985, 1133, 1288, 1788, 1869, 1690, 873, 820, 4007, 1206, 5704, 762, 933, 2380, 1693, 1915, 2370, 1146, 461, 2169, 1333, 1260, 1799, 4022, 2256, 2507, 1726, 1563, 1410, 1150, 1535, 1311, 3569, 596, 6255, 815, 1186, 1282, 1297, 2103, 1449, 1680, 2972, 1706, 629, 1329, 1936, 578, 2060, 630, 1781, 2791, 4316, 609, 1576, 839, 1010, 2609, 827, 1074, 1297, 1438, 3277, 1334, 1267, 3375, 741, 1796, 1377, 1068, 1880, 4679, 1745, 1201, 524, 1651, 935, 1199, 1491, 1405, 1092, 1484, 340, 1375, 2804, 2107, 1051, 1131, 1492, 1496, 1296, 3890, 3514, 2367, 1342, 1952, 1392, 1396, 1267, 3756, 1592, 898, 3793, 2344, 855, 619, 1241, 1456, 1218, 1519, 1581, 940, 1769, 1968, 1428, 1123, 694, 1260, 2120, 1623, 2075, 1326, 645, 2505, 609, 3453, 1941, 1569, 2127, 2033, 1135, 1513, 1115, 1029, 1688, 975, 1309, 1396, 978, 2810, 559, 615, 1416, 788, 611, 2869, 463, 3325, 1755, 2589, 1511, 1740, 892, 1405, 1114, 1173, 845, 2193, 2561, 2185, 2264, 2143, 1973, 1742, 939, 2400, 1873, 3006, 1098, 1033, 2600, 1673, 2210, 1086, 1570, 858, 2099, 1157, 564, 2893, 599, 2489, 922, 2656, 715, 1868, 1649, 1145, 802, 1062, 952, 1055, 1168, 1821, 1148, 2797, 1868, 490, 1252, 1863, 2391, 1392, 1179, 1113, 1245, 2780, 1977, 851, 1844, 822, 2150, 4336, 1440, 998, 995, 2303, 879, 2732, 1540, 1239, 3151, 2249, 2099, 1099, 1379, 3080, 298, 2699, 2566, 993, 3507, 1430, 1600, 668, 861, 2037, 1627, 1627, 1600, 1483, 1251, 1025, 1402, 2172, 799)

Last Coef List
{1: array([-0.049092]), -1: array([-0.05317829])}

Best Coef List
{1: array([-0.05924795]), -1: array([-0.05483006])}

10/04/2026, 14:24:29
Config file: ./config/config_sign_0_diags_2.ini
Data:
	1d_laplace_size: 45
	amount: 250
	params: 1 0.3
	seed: 0
	dim: 2025
Solver:
	tol: 1e-10
	max_iteration: None
Learn:
	iteration_count: 200
	step_range: 0.1
	method: sign
	seed: 0
	change_scales: 1 0.5 0.25
	allow_disimprovement: True
	median_best_scale: 0.5
	mean_best_scale: 0.5
Precondition:
	par_list: 1 1 1 1
	diag_list: 1 -1 2 -2
	num_coef: 4
	type: diag_shift
	diag: jacobi

Train:
(0, 1): Mean: 6957.16, median: 5867.0, std: 4720.262, percent: 6529.76, B: 250, W: 0, 
	(12815, 3745, 4018, 40631, 6119, 5549, 4456, 7249, 3805, 6570, 4108, 6255, 3469, 7620, 9893, 3382, 10691, 11518, 7614, 11971, 5703, 2951, 4792, 3338, 4850, 6360, 3720, 8957, 5960, 6069, 10181, 6519, 10700, 3805, 2776, 5441, 4603, 8644, 7587, 9352, 3017, 10224, 3463, 6385, 4683, 8300, 3614, 3286, 26111, 6353, 3117, 6398, 4538, 1425, 3595, 13403, 2200, 3176, 12314, 5746, 4712, 10957, 9487, 7517, 9732, 14789, 4671, 2671, 2049, 7586, 3690, 11361, 6994, 8235, 4157, 5866, 4443, 3840, 5893, 3341, 4282, 2809, 8444, 3870, 5514, 5752, 3670, 2055, 4200, 3621, 3861, 3890, 8364, 6471, 18484, 7481, 2868, 2860, 5521, 2445, 6283, 8647, 3965, 7141, 6821, 5445, 2922, 1803, 6174, 10481, 8077, 4114, 7683, 3294, 2967, 9498, 5059, 8108, 4063, 6776, 11886, 5820, 5851, 2847, 9583, 3154, 8768, 6940, 3514, 5590, 4613, 7266, 4756, 19187, 4842, 4863, 12225, 5201, 6838, 5270, 5745, 22623, 6491, 5991, 8392, 7135, 11751, 4316, 13257, 9988, 4276, 9212, 5877, 5754, 4216, 2625, 10876, 8215, 28003, 6331, 9979, 7637, 4964, 5745, 3179, 8048, 11506, 5094, 6375, 7804, 1567, 6742, 2218, 3318, 5868, 3325, 6545, 4186, 3223, 8202, 14793, 4069, 5509, 5010, 8960, 4036, 3174, 19736, 6848, 7310, 5942, 3763, 3348, 7980, 9172, 5161, 14411, 3305, 7853, 7146, 5375, 16933, 4049, 5698, 7155, 2585, 7090, 9100, 6937, 1083, 9122, 5577, 7429, 3781, 3293, 3096, 7392, 7338, 3302, 7827, 7468, 13372, 8885, 4641, 7902, 5355, 17664, 4719, 8629, 6051, 4779, 27454, 5732, 4516, 22587, 4580, 4090, 4460, 5000, 4030, 3818, 6728, 8874, 3536, 15178, 6718, 10987, 9636, 6219, 5473)
(1, 5): Mean: 6787.188, median: 5811.0, std: 4519.636, percent: 6328.24, B: 133, W: 117, 
	(11567, 3529, 5059, 42172, 6825, 6680, 4029, 5753, 3736, 6441, 4075, 5871, 3240, 8600, 7154, 4452, 12790, 12194, 7021, 12073, 5431, 3059, 5027, 3127, 4699, 6762, 3113, 8414, 5258, 6991, 10356, 6924, 9616, 3291, 2676, 5636, 3991, 6478, 6329, 7337, 3042, 9237, 3946, 5193, 5880, 8609, 3866, 3167, 23471, 5548, 2622, 5771, 4445, 1320, 3718, 16708, 2165, 2481, 12339, 6967, 5402, 14751, 7295, 7250, 11041, 15026, 4842, 2203, 2109, 8070, 3601, 11378, 7814, 7084, 4327, 5485, 4913, 3800, 4803, 3217, 4756, 2939, 8816, 3362, 4882, 5970, 3659, 2350, 3474, 4143, 4176, 2504, 7016, 6132, 16927, 7658, 3821, 2626, 5696, 2791, 5703, 10506, 3336, 7834, 5798, 4541, 3328, 1937, 6255, 8276, 7980, 4522, 6954, 3313, 3097, 7399, 4483, 7262, 3537, 7510, 12648, 4760, 5845, 2903, 9050, 3867, 7519, 5778, 4575, 7178, 3930, 6332, 4009, 15524, 5188, 5193, 12532, 5923, 6316, 5438, 5526, 21282, 6349, 4897, 8615, 7272, 10817, 5855, 11907, 11896, 4621, 10991, 5455, 6577, 4239, 2918, 13998, 7228, 23340, 5752, 9309, 6214, 4250, 4907, 2899, 8033, 7285, 6872, 6954, 9323, 1660, 6026, 2232, 2828, 6187, 3351, 5968, 3464, 3583, 7809, 12830, 4090, 4832, 5824, 7740, 3641, 3360, 21466, 5907, 7451, 6406, 3663, 2934, 7998, 6502, 5342, 11685, 3559, 9174, 8341, 5600, 16422, 3794, 5202, 7392, 3045, 8031, 9558, 5869, 995, 8978, 5684, 7807, 4427, 3497, 2919, 7910, 6365, 3284, 7586, 5485, 12788, 10882, 4810, 7089, 5939, 20983, 4092, 8812, 5759, 5907, 21935, 7379, 4653, 19476, 5440, 4181, 4483, 4934, 3603, 3628, 5860, 7609, 3865, 12584, 6164, 9099, 7957, 6127, 5016)
(3, 13): Mean: 6754.244, median: 5688.0, std: 4720.552, percent: 6377.0, B: 142, W: 108, 
	(11103, 2968, 4365, 38259, 8548, 6036, 3338, 6034, 3365, 8937, 5357, 5080, 3583, 7207, 8797, 2888, 12246, 13095, 7850, 9985, 6135, 2892, 6067, 3932, 4961, 7297, 3807, 6141, 4928, 6190, 10704, 7796, 10361, 2502, 2820, 5469, 3989, 9403, 6517, 6876, 2872, 7308, 4312, 5573, 5016, 9550, 3840, 3131, 23078, 5404, 2407, 5437, 4050, 871, 4548, 17752, 1820, 2290, 17084, 7351, 6873, 11634, 11341, 6283, 9541, 15083, 4544, 2565, 1753, 7743, 3070, 10766, 7770, 5319, 4339, 6451, 4007, 2965, 5064, 3646, 4309, 2437, 7992, 3204, 4681, 4881, 3185, 1836, 4184, 4152, 3373, 2867, 6584, 5726, 17056, 8871, 3120, 2597, 6486, 2650, 6667, 12981, 3714, 7493, 6538, 5206, 3130, 1313, 6336, 10400, 10387, 3789, 6505, 3104, 3190, 4863, 4899, 6150, 3731, 5381, 14182, 5840, 6080, 1811, 6960, 3233, 7383, 4830, 3739, 6453, 3664, 6571, 4622, 15777, 5369, 4816, 9544, 6166, 6387, 5185, 6395, 17181, 8073, 5067, 8589, 5062, 11286, 5287, 9955, 10302, 4752, 11345, 5248, 5650, 3878, 2325, 15627, 7188, 29427, 7291, 9564, 6167, 4672, 5050, 2665, 10504, 7481, 5632, 5641, 9637, 1451, 6509, 2186, 2805, 5903, 3286, 6437, 3274, 2771, 8748, 12841, 4199, 4933, 5793, 7243, 3545, 3040, 26535, 5896, 7937, 5162, 4064, 2677, 8288, 6135, 5291, 10308, 3236, 9199, 9070, 3928, 22609, 3931, 4434, 7591, 2690, 7660, 7247, 5931, 715, 7160, 6390, 5771, 4040, 4110, 1575, 8363, 5185, 3057, 8027, 5779, 12432, 9188, 4326, 7643, 5205, 18968, 4039, 6968, 7241, 4607, 24790, 6510, 4185, 17340, 5635, 3822, 3368, 4661, 3178, 3385, 6632, 7198, 4512, 14519, 7140, 8891, 9905, 6740, 6778)
(4, 16): Mean: 6043.4, median: 5037.5, std: 4251.249, percent: 5781.26, B: 192, W: 58, 
	(8963, 3098, 3545, 35393, 6576, 4805, 4166, 5449, 3103, 6617, 3481, 4718, 3696, 8076, 7860, 3449, 11792, 10911, 6405, 8181, 5496, 2670, 4848, 3336, 3742, 5203, 3526, 6352, 4858, 5733, 8671, 6481, 9275, 2717, 2978, 5996, 3764, 7075, 6212, 6279, 3051, 9746, 3446, 4323, 4736, 6123, 3469, 2735, 17754, 5665, 2443, 3727, 3638, 894, 3268, 17127, 1558, 2159, 11099, 7120, 4879, 10990, 6961, 5974, 6238, 15164, 4185, 1986, 1852, 6783, 3797, 9387, 7248, 4430, 4433, 4537, 3727, 3763, 4841, 3160, 3580, 2228, 7967, 2807, 3664, 4826, 3253, 1690, 3204, 3266, 3424, 2335, 6248, 5137, 18416, 9203, 2657, 2660, 5023, 2619, 5609, 9102, 3452, 6070, 6196, 4143, 2524, 1273, 4828, 8483, 6822, 3657, 6456, 2928, 2970, 4911, 5276, 5469, 3302, 5210, 12463, 4233, 7116, 2046, 6772, 3265, 5870, 4325, 3082, 6019, 3779, 7236, 4494, 12003, 3999, 4434, 11465, 4990, 5548, 4734, 4661, 18181, 6011, 4027, 7302, 5529, 10292, 5016, 10151, 10546, 3699, 10487, 4655, 5068, 4016, 2318, 10874, 6444, 29260, 5225, 8974, 5714, 4632, 5156, 2435, 8401, 7773, 4668, 5096, 8274, 1373, 6262, 1865, 2540, 5202, 3411, 5727, 2994, 2731, 8456, 11609, 3962, 4934, 4814, 6865, 3011, 2301, 17902, 5591, 7818, 4952, 3649, 2566, 6394, 5774, 5150, 8787, 3132, 7585, 6706, 4710, 14442, 3418, 5052, 5594, 2842, 7837, 7794, 7035, 789, 8444, 5434, 6630, 3353, 3439, 2001, 6988, 4714, 2887, 6341, 4453, 10207, 9235, 4113, 6606, 5113, 22347, 3504, 6117, 5943, 4500, 24975, 5408, 3738, 17438, 4405, 4277, 3026, 4125, 3764, 3383, 5072, 6491, 3371, 11232, 5497, 9273, 9013, 5425, 5434)
(5, 17): Mean: 2088.576, median: 1755.0, std: 1287.31, percent: 2003.24, B: 250, W: 0, 
	(3201, 1122, 1502, 9133, 2767, 1900, 1146, 1711, 980, 2188, 1473, 1886, 1084, 2030, 2814, 1172, 3415, 3955, 1985, 3142, 1532, 884, 1870, 1045, 1892, 1618, 964, 2331, 1713, 1712, 3682, 2304, 3068, 1170, 1123, 2313, 1479, 1498, 2039, 2030, 1017, 2250, 1488, 2098, 1038, 2732, 1347, 950, 7214, 1679, 910, 1747, 1274, 305, 1650, 5012, 609, 711, 2939, 2825, 2065, 4224, 2862, 1770, 2710, 4392, 1782, 943, 510, 2333, 1300, 4436, 2249, 1728, 1572, 2211, 1296, 1048, 1633, 1044, 1306, 965, 2713, 1008, 1430, 1351, 1063, 698, 1272, 1410, 1231, 747, 2441, 1648, 4216, 2509, 1029, 1027, 1682, 799, 1750, 3737, 1261, 2312, 2160, 1571, 849, 362, 1587, 3354, 2872, 1066, 2071, 1193, 950, 1632, 1673, 1842, 1003, 2137, 3605, 1719, 1929, 596, 2253, 1653, 2383, 1628, 1128, 2110, 1084, 2171, 1702, 5959, 1997, 1439, 3571, 1797, 2331, 2290, 2088, 4666, 2059, 1347, 2151, 2131, 3022, 1686, 3038, 2582, 1424, 3292, 1712, 1851, 1364, 722, 3507, 2491, 8151, 1721, 3243, 1799, 1442, 1501, 939, 2578, 2198, 1652, 1698, 2904, 607, 2712, 689, 668, 1992, 1372, 1730, 1356, 965, 3313, 3528, 1582, 1828, 1562, 2879, 947, 881, 7420, 1702, 2480, 1750, 1485, 808, 2598, 2145, 2084, 3777, 1214, 2982, 2139, 1509, 4197, 1400, 1375, 2132, 841, 2420, 2884, 1761, 309, 2538, 2000, 1760, 1198, 1510, 487, 3340, 2262, 1039, 2479, 1680, 3407, 2804, 1533, 2546, 1852, 5210, 1332, 2713, 1990, 1419, 7946, 3146, 1663, 5495, 1567, 1528, 1309, 1797, 1247, 1137, 2021, 3054, 1105, 4862, 2151, 3088, 2520, 1859, 2520)
(9, 40): Mean: 2071.276, median: 1790.5, std: 1320.591, percent: 1931.12, B: 143, W: 107, 
	(2732, 1060, 1607, 9602, 2747, 1767, 964, 1671, 922, 2089, 1349, 1678, 1080, 2099, 3123, 1088, 3269, 3975, 1727, 2982, 1364, 893, 1788, 1075, 1862, 1415, 992, 2168, 1630, 1534, 3139, 2497, 3235, 1095, 1021, 2070, 1424, 1836, 2598, 1978, 869, 2554, 1476, 1883, 1014, 2761, 1305, 915, 7426, 1860, 716, 1780, 1244, 334, 1471, 5405, 673, 694, 3380, 2482, 2006, 3540, 2662, 1906, 2225, 4539, 1703, 875, 547, 2035, 1361, 3218, 2647, 1914, 1502, 1728, 1135, 940, 1762, 1170, 1207, 968, 2588, 1091, 1457, 1338, 1145, 603, 1328, 1385, 1187, 828, 2372, 1928, 4359, 3156, 913, 1138, 1671, 860, 1996, 3509, 1209, 2306, 1985, 1656, 799, 407, 1688, 3453, 2844, 1069, 1957, 1022, 1027, 1338, 1814, 1793, 976, 2346, 3921, 1647, 2132, 618, 2375, 1620, 2212, 1467, 1091, 1938, 1146, 2265, 1429, 5041, 1992, 1452, 4452, 1965, 2450, 1829, 2285, 6026, 2104, 1422, 2832, 2216, 3839, 1908, 2628, 2273, 1362, 3309, 1892, 1990, 1360, 694, 3894, 2745, 8808, 1859, 3408, 2106, 1452, 1691, 859, 2148, 2252, 1883, 1740, 2800, 580, 2447, 697, 738, 1820, 1196, 1640, 1324, 916, 2678, 2882, 1552, 1643, 1589, 2715, 959, 840, 6335, 1648, 2514, 1700, 1368, 794, 2494, 2088, 2032, 4012, 1135, 3224, 2535, 1405, 4170, 1505, 1409, 2012, 993, 2724, 3018, 1574, 312, 2281, 2026, 1668, 960, 1606, 470, 2795, 1831, 1158, 2774, 1635, 3692, 2728, 1378, 2507, 1891, 5442, 1483, 2624, 2141, 1161, 8303, 2595, 1520, 5884, 1506, 1472, 1186, 1726, 1042, 1073, 2006, 2681, 1097, 4331, 2074, 2483, 2929, 1819, 2279)
(12, 56): Mean: 1899.408, median: 1649.0, std: 1168.889, percent: 1799.92, B: 198, W: 50, 
	(2569, 1083, 1469, 8424, 2532, 1819, 965, 1592, 918, 1890, 1280, 1513, 958, 1825, 3292, 1021, 3221, 3076, 1924, 2539, 1273, 764, 1823, 937, 1725, 1583, 992, 1780, 1660, 1446, 3028, 2143, 2746, 1042, 875, 2070, 1325, 1628, 2110, 1709, 904, 2093, 1287, 1784, 1219, 2324, 1196, 962, 6908, 1747, 804, 1697, 1083, 312, 1402, 4572, 585, 594, 2609, 2062, 1744, 3717, 2429, 1702, 2140, 4586, 1643, 903, 463, 2074, 1012, 3493, 2150, 1585, 1356, 1709, 1016, 863, 1461, 967, 1209, 856, 2429, 1029, 1255, 1269, 896, 532, 1205, 1324, 1146, 702, 2339, 1620, 4450, 2886, 939, 977, 1483, 786, 1701, 3632, 1136, 2251, 1881, 1420, 876, 370, 1418, 2954, 2433, 940, 1935, 918, 923, 1302, 1509, 1499, 849, 1859, 3610, 1502, 1695, 735, 1832, 1452, 2061, 1458, 1046, 1809, 1080, 2071, 1310, 4501, 1786, 1294, 3529, 1507, 2059, 1802, 2163, 5414, 2465, 1092, 2380, 2119, 3269, 1686, 2623, 2109, 1249, 3076, 2028, 1662, 1367, 662, 3376, 2388, 6857, 1605, 2780, 1721, 1589, 1416, 792, 2170, 1905, 1557, 1337, 2442, 591, 2541, 687, 641, 1718, 1349, 1379, 1182, 993, 3212, 2848, 1682, 1332, 1532, 2570, 825, 729, 5037, 1730, 2560, 1564, 1237, 730, 2151, 1938, 1891, 3595, 1162, 2727, 2472, 1246, 4296, 1411, 1219, 1930, 873, 2378, 2812, 1655, 352, 2019, 1993, 1636, 1155, 1288, 466, 2511, 1639, 915, 2779, 1528, 3662, 2876, 1206, 2700, 1693, 4281, 1419, 2135, 1887, 1044, 7737, 2275, 1533, 4815, 1549, 1376, 1039, 1569, 1139, 895, 1731, 2253, 1005, 4551, 2026, 2879, 2456, 1725, 2388)
(14, 64): Mean: 1902.032, median: 1615.5, std: 1162.01, percent: 1807.12, B: 124, W: 126, 
	(2505, 1084, 1293, 8931, 2279, 1670, 1023, 1525, 901, 2106, 1347, 1765, 921, 1869, 2954, 1049, 3273, 3079, 1754, 2721, 1232, 841, 1828, 1063, 1721, 1427, 914, 1916, 1649, 1454, 3042, 2196, 2852, 1036, 952, 2071, 1332, 1655, 2018, 1650, 972, 2136, 1279, 1891, 1047, 2285, 1288, 830, 5986, 1626, 723, 1476, 1158, 270, 1554, 4670, 565, 627, 2615, 2457, 1770, 3597, 2522, 1613, 2210, 4276, 1595, 956, 552, 2166, 1085, 3527, 2106, 1561, 1302, 1792, 1111, 885, 1535, 927, 1193, 830, 2620, 1015, 1273, 1361, 1166, 542, 1236, 1301, 1072, 788, 2162, 1616, 4692, 2640, 906, 987, 1479, 705, 1752, 3276, 1085, 2045, 1899, 1293, 704, 343, 1489, 2923, 2213, 954, 1680, 910, 940, 1562, 1555, 1481, 957, 2062, 3838, 1527, 1693, 703, 1970, 1219, 1864, 1482, 1197, 1604, 1139, 2250, 1463, 4743, 1741, 1406, 3610, 1502, 2107, 2110, 2036, 4214, 1985, 1218, 2214, 2009, 3194, 1656, 2673, 2242, 1274, 3178, 1556, 1632, 1319, 734, 4303, 2567, 6632, 1635, 3375, 1976, 1494, 1314, 769, 2576, 1995, 1607, 1536, 2246, 479, 2167, 665, 676, 1696, 1279, 1725, 1202, 813, 2671, 3183, 1458, 1411, 1531, 2548, 810, 674, 5869, 1508, 2186, 1791, 1194, 694, 2311, 1950, 1733, 3766, 1205, 2883, 2420, 1600, 4881, 1343, 1119, 2313, 872, 2107, 2667, 1452, 318, 2021, 1937, 1615, 959, 1319, 524, 2275, 1834, 1056, 2433, 1467, 3686, 2970, 1221, 2601, 1425, 5434, 1402, 2448, 2595, 1190, 6688, 2708, 1554, 4891, 1371, 1504, 982, 1806, 1054, 1002, 1673, 2399, 940, 3495, 1931, 2597, 2754, 1724, 2378)
(15, 67): Mean: 1920.368, median: 1645.5, std: 1229.896, percent: 1822.52, B: 126, W: 124, 
	(2343, 1047, 1321, 8369, 2336, 1756, 893, 1532, 829, 2049, 1546, 1540, 994, 1977, 3263, 971, 3130, 3623, 1730, 2338, 1272, 813, 1772, 882, 2019, 1366, 854, 1839, 1716, 1484, 3660, 2557, 2575, 1039, 900, 1800, 1247, 1694, 1791, 1839, 891, 2106, 1302, 1761, 857, 2435, 1219, 891, 6270, 1700, 715, 1511, 1024, 330, 1446, 5540, 511, 583, 2755, 2149, 1756, 4304, 2440, 1756, 2598, 3703, 1726, 812, 446, 2095, 1072, 3125, 2005, 1647, 1294, 1740, 1166, 846, 1363, 1011, 1135, 831, 2501, 1007, 1283, 1212, 862, 553, 1183, 1184, 1233, 805, 2281, 1463, 4983, 2785, 893, 956, 1830, 821, 1723, 3719, 1092, 2523, 1822, 1374, 687, 396, 1351, 2952, 2480, 979, 1897, 1048, 1044, 1296, 1553, 1468, 775, 2289, 3286, 1644, 1886, 638, 1736, 1445, 1984, 1426, 1151, 1641, 1004, 2128, 1367, 4744, 1698, 1354, 3685, 1519, 2491, 1730, 2196, 5219, 1724, 1168, 2197, 1921, 3338, 1740, 2779, 2272, 1359, 3729, 1669, 1625, 1141, 619, 3220, 2356, 7663, 1620, 2727, 1917, 1329, 1477, 854, 2306, 1972, 1666, 1455, 2508, 652, 2415, 589, 653, 1769, 1290, 1467, 1214, 897, 2872, 2737, 1297, 1494, 1574, 2531, 857, 823, 6769, 1712, 2696, 1521, 1224, 620, 3204, 1989, 1739, 3601, 1185, 2965, 2216, 1469, 5460, 1461, 1198, 1794, 946, 2527, 2464, 1377, 292, 2074, 2014, 1563, 1025, 1360, 487, 2592, 1764, 890, 2495, 1481, 3381, 2609, 1179, 2734, 1501, 5124, 1666, 2376, 1854, 1151, 7680, 2787, 1472, 4490, 1602, 1618, 1066, 1627, 1080, 934, 2135, 2600, 909, 3852, 1742, 2796, 2447, 1561, 2615)
(16, 73): Mean: 1895.636, median: 1632.5, std: 1244.707, percent: 1769.08, B: 137, W: 112, 
	(2320, 1041, 1380, 8343, 2074, 1674, 990, 1568, 767, 2248, 1315, 1553, 994, 1849, 2935, 1051, 3412, 3330, 1644, 2298, 1154, 809, 1625, 909, 1715, 1459, 959, 1934, 1601, 1390, 3243, 2332, 2606, 1059, 850, 1904, 1316, 1563, 2065, 2012, 915, 1950, 1230, 3277, 955, 2035, 1175, 986, 5688, 1649, 828, 1561, 1060, 346, 1640, 4245, 572, 626, 2895, 2027, 1674, 3662, 2458, 1763, 2551, 4362, 1605, 804, 608, 2299, 969, 3007, 2059, 1798, 1298, 1700, 1110, 765, 1665, 1042, 1228, 830, 2477, 933, 1355, 1177, 877, 520, 1069, 1417, 1095, 658, 2085, 1557, 4260, 2580, 895, 862, 1569, 675, 1910, 3797, 1107, 2476, 1874, 1279, 769, 416, 1710, 2816, 2124, 972, 1765, 925, 969, 1293, 1447, 1545, 884, 2272, 3418, 1398, 1657, 568, 1751, 1453, 2074, 1249, 986, 1747, 1055, 1893, 1336, 5133, 1685, 1434, 3458, 1524, 2119, 1739, 2253, 5341, 2185, 1195, 1760, 1943, 3023, 1717, 2341, 2060, 1291, 2944, 1743, 1796, 1137, 626, 3566, 2189, 9902, 1814, 2789, 1840, 1354, 1481, 766, 2217, 2012, 1541, 1496, 2454, 609, 2315, 672, 637, 1645, 1206, 1470, 1240, 797, 3044, 3025, 1439, 1445, 1534, 2378, 864, 725, 6345, 1699, 2490, 1799, 1274, 640, 2090, 1999, 1987, 3650, 1180, 2583, 2162, 1392, 4679, 1342, 1250, 1930, 875, 2276, 2747, 1445, 264, 2085, 1797, 1651, 1042, 1292, 391, 2655, 1761, 932, 2446, 1539, 3553, 2933, 1324, 2519, 1430, 5496, 1327, 2349, 2215, 1127, 7877, 2460, 1449, 4452, 1436, 1596, 1065, 1601, 1064, 907, 1529, 2169, 892, 4101, 1717, 2882, 2858, 1552, 2223)
(18, 80): Mean: 1841.84, median: 1614.0, std: 1148.152, percent: 1747.36, B: 151, W: 99, 
	(2677, 1008, 1274, 7576, 2260, 1575, 951, 1409, 871, 1851, 1312, 1719, 976, 1682, 3033, 960, 3198, 3048, 1613, 3127, 1222, 761, 1615, 938, 1706, 1360, 792, 1776, 1660, 1565, 3106, 2255, 2949, 1033, 997, 1903, 1195, 1722, 2073, 1590, 868, 1941, 1227, 1651, 853, 2257, 1181, 872, 6186, 1559, 723, 1475, 1071, 301, 2044, 4123, 529, 574, 3007, 2276, 1916, 3234, 2226, 1755, 2260, 4378, 1676, 914, 525, 1879, 1062, 3109, 2061, 1482, 1383, 1849, 964, 820, 1808, 1029, 1136, 759, 2391, 1012, 1205, 1203, 927, 562, 1223, 1340, 1151, 614, 1990, 1624, 4054, 2703, 865, 933, 1539, 694, 1766, 3194, 1111, 1955, 1763, 1388, 778, 323, 1342, 3144, 2070, 973, 1662, 923, 875, 1175, 1519, 1454, 850, 2037, 3179, 1591, 1643, 533, 1980, 1320, 2131, 1331, 1032, 1738, 1136, 2246, 1368, 4680, 1830, 1201, 3988, 1380, 2175, 1876, 1926, 5042, 1923, 1147, 1867, 1810, 3124, 1813, 2497, 1978, 1197, 2680, 1679, 1667, 1105, 620, 3197, 2143, 6877, 1624, 2542, 1618, 1445, 1697, 771, 2383, 2138, 1606, 1322, 2397, 488, 2345, 618, 574, 1626, 1227, 1507, 1185, 950, 2676, 3200, 1368, 1361, 1455, 2398, 838, 737, 7648, 1514, 2461, 1531, 1269, 692, 2099, 1759, 1859, 3367, 1271, 2328, 1858, 1383, 4431, 1353, 1108, 2082, 850, 2282, 2602, 1291, 255, 2134, 1746, 1466, 1083, 1225, 520, 2353, 1626, 940, 2240, 1494, 3483, 2719, 1208, 2432, 1391, 5466, 1308, 2033, 1844, 1233, 6095, 2569, 1427, 5108, 1354, 1532, 915, 1649, 1002, 966, 1705, 2270, 990, 4181, 1929, 2519, 2794, 1502, 2357)
(19, 85): Mean: 1837.556, median: 1559.5, std: 1140.29, percent: 1756.42, B: 125, W: 123, 
	(2442, 1058, 1337, 8044, 2054, 1674, 908, 1351, 754, 1984, 1465, 1382, 950, 1837, 3179, 994, 3250, 3236, 1543, 2440, 1247, 780, 1518, 976, 1838, 1384, 833, 2060, 1535, 1323, 3271, 2280, 2963, 992, 902, 1845, 1331, 1433, 1868, 1692, 878, 1956, 1276, 1778, 1048, 2270, 1317, 898, 5137, 1447, 760, 1701, 1038, 356, 1381, 4212, 551, 610, 2394, 2606, 1764, 3679, 2732, 1674, 2127, 4135, 1598, 943, 501, 2168, 1013, 3336, 2243, 1457, 1388, 1572, 944, 935, 1431, 956, 1080, 847, 2412, 969, 1205, 1444, 1056, 506, 1102, 1247, 1048, 822, 2075, 1418, 3635, 2581, 917, 901, 1680, 688, 1880, 3745, 1029, 2158, 1814, 1355, 754, 285, 1462, 3097, 2419, 851, 1867, 1001, 979, 1224, 1570, 1617, 843, 2016, 3456, 1512, 1627, 784, 1926, 1319, 2178, 1390, 953, 1635, 957, 2213, 1187, 4832, 1810, 1138, 3543, 1461, 2277, 1683, 1741, 4363, 1938, 1158, 2143, 1837, 3347, 1617, 2736, 2194, 1318, 3054, 1482, 1739, 1126, 614, 3829, 2344, 5962, 1854, 2744, 1813, 1407, 1294, 785, 2095, 2098, 1503, 1365, 2256, 521, 2268, 652, 598, 1548, 1279, 1441, 1180, 814, 2841, 2784, 1327, 1469, 1564, 2408, 784, 780, 8861, 1633, 2179, 1531, 1234, 620, 1861, 1897, 1633, 3275, 1144, 2852, 2157, 1328, 4273, 1331, 1236, 1992, 820, 2173, 2593, 1360, 329, 1837, 2272, 1497, 1072, 1358, 474, 2221, 1591, 894, 2529, 1383, 3255, 2568, 1169, 2281, 1528, 4280, 1570, 2287, 1830, 1081, 6557, 2563, 1499, 4682, 1555, 1479, 1060, 1584, 1125, 952, 1620, 2389, 915, 3646, 1941, 2426, 2561, 1600, 2289)
(20, 91): Mean: 1826.548, median: 1564.0, std: 1139.744, percent: 1752.32, B: 140, W: 110, 
	(2756, 937, 1335, 7721, 1995, 1559, 891, 1402, 813, 1952, 1403, 1616, 933, 1560, 2981, 1012, 3199, 3079, 1830, 2398, 1248, 796, 1624, 1005, 1769, 1370, 852, 1750, 1619, 1435, 3096, 2326, 2850, 950, 838, 1816, 1294, 1534, 2060, 1596, 845, 2200, 1266, 1663, 966, 2208, 1258, 904, 5793, 1604, 708, 1374, 1042, 264, 1283, 4532, 555, 605, 2829, 1910, 1964, 3403, 2274, 1765, 2329, 3749, 1637, 767, 458, 2245, 1000, 3090, 2028, 1396, 1386, 1594, 1041, 900, 1472, 978, 1013, 826, 2479, 990, 1313, 1134, 902, 545, 1273, 1181, 1143, 733, 2098, 1568, 4013, 2568, 851, 935, 1671, 701, 1746, 3281, 1202, 2240, 1759, 1366, 707, 380, 1525, 2879, 1989, 894, 1744, 942, 858, 1193, 1448, 1477, 818, 1829, 2989, 1335, 1856, 614, 1940, 1316, 2258, 1181, 897, 1685, 1093, 2097, 1522, 4723, 1882, 1153, 3017, 1417, 1876, 1585, 2107, 5000, 1805, 1160, 1953, 2014, 3264, 1643, 2633, 2208, 1242, 2767, 1815, 1811, 1189, 623, 3781, 2288, 7512, 1606, 2682, 1838, 1255, 1462, 771, 2049, 1956, 1612, 1341, 2323, 524, 2325, 623, 578, 1695, 1239, 1513, 1155, 839, 2699, 3037, 1499, 1457, 1450, 2583, 894, 734, 5478, 1390, 2388, 1371, 1182, 673, 2370, 1783, 1764, 3405, 1126, 2602, 2064, 1208, 5331, 1309, 1227, 1920, 803, 2352, 2097, 1606, 285, 1840, 1939, 1513, 929, 1238, 440, 2627, 1827, 986, 2579, 1580, 3498, 2502, 1282, 2356, 1366, 4923, 1351, 2040, 1768, 1209, 7176, 2358, 1508, 5028, 1451, 1312, 1209, 1545, 1064, 854, 1449, 2294, 1018, 4371, 1763, 2301, 2907, 1452, 2361)
(23, 105): Mean: 1816.14, median: 1513.5, std: 1189.838, percent: 1736.36, B: 132, W: 116, 
	(2329, 1023, 1322, 8598, 2403, 1800, 823, 1428, 757, 1956, 1390, 1496, 950, 1750, 3008, 913, 3165, 3602, 1537, 2630, 1239, 821, 1700, 880, 1664, 1356, 926, 1932, 1619, 1615, 3230, 2115, 2609, 955, 815, 1932, 1210, 1437, 1921, 1458, 858, 2060, 1193, 1985, 1039, 2383, 1119, 848, 7142, 1513, 633, 1473, 1015, 292, 1502, 4268, 585, 567, 2770, 2208, 1999, 3635, 2051, 1703, 2579, 4222, 1572, 792, 467, 1979, 1022, 3111, 1775, 1490, 1264, 1638, 983, 861, 1507, 997, 1087, 868, 2293, 1015, 1275, 1231, 949, 545, 1010, 1320, 1043, 747, 1936, 1480, 4876, 2651, 904, 954, 1484, 645, 1636, 3628, 1130, 2289, 1742, 1218, 722, 283, 1325, 2999, 2122, 831, 1756, 904, 811, 1260, 1467, 1347, 856, 1915, 3210, 1367, 1672, 629, 1702, 1351, 2113, 1190, 908, 1389, 1019, 1770, 1295, 4257, 1821, 1283, 3689, 1427, 1862, 1711, 1978, 5615, 1859, 1233, 1816, 1823, 3000, 1558, 2584, 2268, 1230, 2616, 1538, 1583, 1155, 672, 3183, 2382, 7775, 1532, 2939, 1604, 1327, 1362, 735, 2051, 1835, 1455, 1378, 2269, 536, 2130, 666, 548, 1587, 1200, 1472, 1182, 799, 2670, 2557, 1357, 1365, 1350, 2404, 779, 761, 6050, 1468, 2147, 1513, 1304, 685, 2225, 1800, 2007, 3375, 1026, 2581, 2081, 1482, 4717, 1364, 1190, 1746, 804, 2154, 2489, 1361, 278, 1800, 1773, 1514, 1037, 1240, 393, 2253, 1669, 879, 2160, 1291, 2923, 2144, 1248, 2267, 1438, 4458, 1303, 2425, 1782, 1155, 6704, 2993, 1584, 5155, 1574, 1348, 1026, 1624, 1015, 956, 1651, 2070, 968, 4212, 2019, 2365, 2715, 1577, 2129)
(28, 135): Mean: 1797.284, median: 1559.5, std: 1113.868, percent: 1732.14, B: 125, W: 122, 
	(2251, 984, 1318, 8272, 2095, 1665, 878, 1309, 741, 1796, 1303, 1442, 835, 1801, 2911, 968, 2747, 3124, 1621, 2540, 1294, 737, 1805, 914, 1757, 1532, 820, 1967, 1542, 1334, 3227, 2023, 2646, 1039, 815, 1853, 1280, 1640, 1827, 1699, 875, 1858, 1334, 1751, 866, 2120, 1314, 892, 4724, 1615, 706, 1643, 1020, 332, 1345, 5342, 535, 646, 3271, 2172, 1916, 3742, 2435, 1618, 1931, 3989, 1634, 814, 455, 1860, 1057, 2762, 2174, 1467, 1287, 1546, 1019, 886, 1517, 922, 1044, 798, 2250, 940, 1161, 1138, 865, 526, 1129, 1158, 1176, 653, 2054, 1551, 4100, 2681, 856, 1000, 1719, 628, 1594, 3455, 1164, 2055, 1738, 1454, 689, 359, 1422, 3099, 2148, 956, 1815, 919, 861, 1236, 1462, 1488, 824, 1733, 3333, 1368, 1707, 626, 1675, 1208, 2084, 1265, 899, 1680, 1081, 2207, 1378, 4344, 1881, 1179, 3525, 1326, 2112, 1727, 1808, 3812, 1731, 1161, 2167, 1735, 2765, 1700, 2300, 2116, 1315, 2597, 1425, 1909, 1238, 604, 3397, 2186, 7137, 1563, 3000, 2076, 1239, 1639, 707, 1985, 1916, 1416, 1419, 2402, 570, 2278, 721, 563, 1587, 1274, 1447, 1162, 832, 2571, 3049, 1407, 1351, 1273, 2636, 887, 752, 6387, 1468, 1972, 1468, 1172, 631, 2054, 1778, 1819, 3562, 1109, 2658, 2040, 1268, 3884, 1291, 1335, 1895, 824, 2292, 2791, 1455, 276, 1810, 1872, 1523, 943, 1332, 407, 2707, 1761, 892, 2535, 1442, 3157, 2482, 1126, 2288, 1514, 3733, 1445, 1996, 2105, 1159, 7513, 2890, 1419, 4515, 1445, 1556, 1011, 1618, 1098, 924, 1622, 1988, 853, 3449, 1748, 2579, 2506, 1567, 2290)
(29, 141): Mean: 1821.216, median: 1531.0, std: 1203.351, percent: 1735.04, B: 125, W: 123, 
	(2290, 933, 1341, 10305, 2275, 1528, 843, 1388, 843, 1771, 1272, 1548, 912, 1837, 3114, 929, 3286, 3009, 1493, 2597, 1288, 758, 1601, 900, 1603, 1428, 873, 1828, 1528, 1368, 3506, 2160, 2737, 1022, 838, 1761, 1430, 1543, 1771, 1591, 858, 2228, 1200, 1664, 803, 2273, 1133, 787, 5703, 1676, 751, 1454, 985, 315, 1255, 4527, 523, 594, 2999, 1949, 1786, 3317, 1999, 1649, 2155, 4607, 1651, 866, 404, 2193, 1050, 3350, 1935, 1371, 1353, 1746, 973, 806, 1494, 1028, 1147, 826, 2265, 985, 1301, 1184, 901, 511, 1165, 1139, 1142, 662, 2122, 1508, 4115, 2746, 873, 910, 1637, 623, 1719, 3493, 1061, 2168, 1808, 1268, 687, 379, 1354, 3068, 2479, 905, 1496, 1000, 802, 1215, 1421, 1325, 826, 2043, 3380, 1519, 1789, 559, 1709, 1427, 1935, 1269, 940, 1460, 1106, 2142, 1362, 4969, 1780, 1365, 3353, 1613, 2101, 1771, 1903, 4491, 2186, 1295, 1748, 1763, 3313, 1565, 2685, 2058, 1310, 2951, 1572, 1587, 1228, 650, 3380, 2245, 8191, 1538, 2604, 1800, 1261, 1354, 731, 1876, 2145, 1456, 1382, 2720, 540, 2276, 599, 572, 1812, 1124, 1534, 1142, 819, 2951, 2659, 1327, 1351, 1608, 2246, 817, 830, 6243, 1492, 2217, 1394, 1216, 638, 2160, 2086, 1817, 2988, 1197, 2645, 2070, 1339, 4516, 1425, 1173, 1970, 784, 2141, 2544, 1289, 251, 1697, 1958, 1372, 1045, 1304, 499, 2459, 1752, 939, 2071, 1376, 3339, 2488, 1096, 2555, 1522, 4329, 1313, 2093, 1952, 1171, 6259, 2767, 1445, 4634, 1398, 1449, 1004, 1638, 1005, 924, 1568, 2068, 909, 4190, 1732, 2484, 2426, 1653, 2345)
(30, 144): Mean: 1807.084, median: 1539.5, std: 1138.04, percent: 1715.66, B: 126, W: 124, 
	(2238, 924, 1392, 8857, 2722, 1640, 865, 1382, 708, 1848, 1289, 1474, 923, 1876, 3078, 913, 2868, 3395, 1315, 2369, 1235, 793, 1745, 974, 1626, 1356, 834, 1843, 1601, 1329, 3543, 2413, 2859, 1114, 874, 2074, 1234, 1573, 1789, 1587, 822, 2039, 1266, 1569, 941, 2438, 1183, 852, 5904, 1609, 711, 1541, 965, 294, 1216, 3340, 518, 573, 3064, 2024, 1847, 3891, 2275, 1818, 2302, 4291, 1594, 875, 414, 1960, 895, 3011, 1947, 1449, 1284, 1573, 975, 853, 1397, 926, 1023, 836, 2642, 923, 1256, 1125, 971, 536, 1242, 1095, 1062, 802, 2164, 1506, 4031, 2690, 838, 1013, 1617, 628, 1630, 3287, 1024, 1960, 1699, 1318, 641, 331, 1486, 3208, 2197, 833, 1886, 968, 832, 1222, 1467, 1350, 808, 2102, 3499, 1407, 1573, 598, 1796, 1348, 2217, 1220, 931, 1454, 1049, 2325, 1270, 4432, 1751, 1247, 3398, 1452, 2342, 1749, 1981, 5321, 1710, 1173, 1955, 2001, 3804, 1538, 2703, 2245, 1186, 2897, 1677, 1514, 1144, 622, 3291, 2324, 6861, 1619, 2710, 1653, 1427, 1412, 764, 2004, 2257, 1541, 1291, 2555, 654, 2246, 664, 522, 1633, 1129, 1393, 1166, 711, 2491, 2541, 1383, 1445, 1424, 2243, 780, 750, 6734, 1807, 2276, 1674, 1235, 676, 2311, 1953, 1646, 2914, 1138, 2440, 2140, 1262, 4540, 1426, 1105, 1612, 825, 2182, 2463, 1197, 302, 1891, 1926, 1442, 1067, 1241, 473, 2260, 1700, 821, 2574, 1493, 3255, 2447, 1193, 2130, 1450, 4126, 1452, 2190, 1929, 1024, 6289, 2401, 1421, 4117, 1366, 1515, 1141, 1645, 1044, 972, 1517, 2300, 923, 3638, 1926, 2504, 2301, 1666, 2563)
(31, 148): Mean: 1893.54, median: 1621.5, std: 1178.541, percent: 1829.9, B: 81, W: 169, 
	(2698, 1013, 1387, 8069, 2729, 1627, 929, 1493, 832, 2000, 1401, 1603, 966, 1728, 2739, 961, 3618, 2937, 1768, 2457, 1310, 806, 1995, 951, 1588, 1515, 849, 1971, 1575, 1278, 2809, 2631, 2654, 1055, 820, 1830, 1214, 1686, 1922, 1607, 872, 2109, 1298, 1616, 1094, 2440, 1188, 944, 6352, 1711, 742, 1468, 997, 302, 1308, 4511, 498, 721, 2913, 2145, 1861, 3241, 2537, 1598, 2012, 4709, 1842, 838, 466, 1984, 947, 3344, 1870, 1499, 1323, 1810, 1159, 848, 1582, 1030, 1195, 820, 2419, 1034, 1339, 1228, 896, 524, 1180, 1352, 1341, 717, 2035, 1819, 4489, 2740, 960, 946, 1490, 736, 1586, 3971, 1160, 2688, 1912, 1369, 745, 313, 1547, 3044, 2518, 935, 2184, 923, 871, 2605, 1553, 1449, 878, 1876, 4236, 1509, 1556, 575, 1880, 1318, 2019, 1296, 924, 1746, 1043, 2402, 1226, 4934, 1854, 1155, 4264, 1628, 1996, 1837, 2032, 4448, 1854, 1252, 1923, 1734, 2554, 1570, 2754, 2579, 1298, 3060, 1564, 1590, 1252, 624, 3657, 2479, 8060, 1819, 2919, 1695, 1232, 1407, 792, 2380, 2009, 1438, 1421, 2696, 579, 1979, 713, 608, 1696, 1346, 1702, 1197, 844, 2795, 3022, 1673, 1504, 1809, 2336, 891, 788, 5666, 1892, 2923, 1591, 1178, 649, 2402, 2082, 1707, 3133, 1109, 2640, 2265, 1557, 4141, 1423, 1316, 2161, 788, 2311, 2974, 1702, 316, 2004, 2249, 1672, 1073, 1302, 434, 2715, 1776, 883, 2877, 1429, 3162, 2750, 1198, 2611, 1638, 5218, 1340, 2098, 1912, 1189, 7083, 2521, 1357, 4665, 1378, 1413, 1065, 1698, 1034, 950, 1677, 2044, 928, 3758, 1866, 2569, 2739, 1696, 2379)
(32, 152): Mean: 1886.66, median: 1600.0, std: 1210.087, percent: 1820.54, B: 126, W: 122, 
	(2554, 933, 1396, 8242, 2378, 1749, 942, 1512, 735, 1659, 1436, 1557, 937, 2176, 2901, 1097, 2881, 2919, 1586, 2745, 1405, 814, 1714, 914, 1706, 1390, 843, 1857, 1665, 1506, 3076, 2043, 3387, 1079, 877, 1993, 1298, 1435, 1829, 1600, 843, 2043, 1291, 1771, 1031, 2394, 1206, 953, 5987, 1757, 727, 1559, 1073, 326, 1244, 4976, 548, 548, 2699, 2225, 1617, 3535, 2412, 1740, 1907, 4746, 1672, 878, 445, 1945, 1063, 2829, 1960, 1473, 1424, 1775, 1090, 884, 1461, 1125, 1084, 815, 2582, 966, 1325, 1174, 1005, 585, 1185, 1262, 1078, 654, 1913, 1669, 4321, 3056, 861, 999, 1608, 713, 1794, 3422, 1228, 2253, 1809, 1317, 698, 313, 1569, 3040, 2354, 957, 1984, 1027, 730, 1262, 1484, 1535, 795, 2467, 3671, 1529, 1678, 514, 1833, 1435, 2476, 1381, 1021, 1593, 1079, 1841, 1231, 6305, 1873, 1201, 3757, 1444, 2220, 1752, 1920, 4879, 2086, 1270, 1976, 2282, 3085, 1600, 2682, 2004, 1427, 2961, 1555, 1830, 1190, 621, 3586, 2179, 8225, 1494, 2968, 1710, 1417, 1493, 759, 2596, 1852, 1620, 1531, 2487, 656, 2605, 640, 620, 1891, 1246, 1577, 1118, 859, 2708, 2888, 1516, 1532, 1506, 2291, 945, 788, 6382, 1520, 2031, 1683, 1202, 743, 2128, 1895, 1682, 3912, 1172, 2556, 2325, 1258, 4595, 1409, 1149, 1970, 808, 2174, 2844, 1534, 319, 2042, 1607, 1621, 1054, 1318, 381, 2745, 1800, 974, 2752, 1509, 3702, 2537, 1166, 2834, 1628, 4440, 1385, 2598, 1855, 1158, 7086, 2600, 1481, 4941, 1522, 1353, 1005, 1651, 1205, 1010, 1761, 2452, 820, 4350, 2136, 2219, 2385, 1713, 2232)
(35, 167): Mean: 1898.348, median: 1592.5, std: 1247.667, percent: 1837.14, B: 132, W: 116, 
	(2487, 986, 1413, 9674, 2277, 1792, 928, 1442, 794, 1830, 1390, 1491, 903, 1899, 3069, 1020, 3058, 3534, 1557, 2534, 1434, 778, 1662, 938, 1953, 1425, 1054, 1788, 1606, 1264, 3065, 2319, 2927, 1022, 818, 2098, 1280, 1404, 1855, 1585, 783, 1946, 1159, 1821, 938, 2442, 1103, 873, 6784, 1626, 714, 1617, 1028, 266, 1296, 4872, 618, 583, 2977, 2008, 2181, 3853, 2400, 1633, 2370, 4706, 1650, 796, 446, 2383, 1059, 3454, 2249, 1489, 1517, 1878, 1127, 891, 1495, 1113, 1065, 849, 2778, 1043, 1329, 1210, 1010, 532, 1223, 1333, 1091, 639, 2348, 1624, 3837, 3088, 931, 966, 1467, 692, 1650, 4066, 1107, 2060, 1810, 1307, 674, 313, 1545, 3375, 2408, 998, 1918, 924, 778, 1285, 1673, 1477, 884, 1978, 3240, 1482, 2126, 518, 1952, 1382, 1953, 1341, 959, 1602, 1050, 2180, 1258, 5283, 1839, 1319, 3098, 1547, 2405, 1771, 1933, 5213, 1805, 1166, 1958, 2051, 3393, 1583, 2618, 2444, 1311, 3185, 1675, 1769, 1217, 618, 3986, 2152, 8568, 1629, 2881, 1776, 1430, 1476, 894, 2254, 2043, 1526, 1570, 2221, 615, 2734, 599, 596, 1634, 1246, 1600, 1171, 828, 3073, 3177, 1394, 1566, 1441, 2155, 818, 769, 5113, 1496, 2366, 1498, 1195, 782, 2079, 1980, 1869, 2916, 1232, 2478, 2337, 1286, 5297, 1410, 1177, 1919, 864, 1954, 2610, 1502, 308, 1776, 1885, 1523, 1003, 1345, 424, 2975, 1735, 957, 2714, 1525, 4256, 2509, 1244, 2516, 1585, 4408, 1388, 2243, 2171, 1104, 7032, 2724, 1455, 4873, 1447, 1513, 997, 1650, 1059, 1052, 1616, 2216, 992, 3731, 1948, 3218, 2517, 1659, 2086)
(39, 189): Mean: 1889.98, median: 1643.0, std: 1183.823, percent: 1805.16, B: 112, W: 138, 
	(2655, 928, 1481, 8371, 2651, 1758, 891, 1662, 784, 1932, 1405, 1595, 1008, 1789, 3174, 929, 3081, 3397, 1671, 2616, 1159, 858, 1803, 884, 1739, 1423, 959, 1792, 1667, 1330, 2962, 2181, 2685, 1017, 983, 2083, 1275, 1583, 2127, 2009, 885, 2323, 1267, 2001, 843, 2515, 1137, 916, 5853, 1692, 704, 1636, 1078, 300, 1407, 3939, 534, 643, 3318, 2297, 1954, 3929, 2167, 1871, 2243, 4335, 1669, 773, 502, 2109, 1065, 3213, 1780, 1705, 1518, 1566, 1058, 888, 1585, 1020, 1107, 847, 2457, 1013, 1308, 1140, 1043, 472, 1262, 1205, 1065, 701, 2209, 1601, 4227, 2982, 853, 1000, 1530, 790, 1584, 3191, 1045, 1935, 1943, 1445, 777, 374, 1663, 2737, 2240, 872, 1834, 1025, 837, 1407, 1569, 1390, 987, 2147, 3816, 1583, 1986, 548, 1805, 1375, 2126, 1360, 973, 1772, 1125, 1996, 1424, 4733, 1758, 1262, 3445, 1442, 2182, 1890, 1912, 4859, 1829, 1299, 1874, 2178, 3467, 1623, 2749, 2192, 1257, 3233, 1789, 1708, 1232, 698, 3614, 2110, 7883, 1577, 2977, 1918, 1542, 1518, 789, 2104, 2085, 1534, 1593, 2325, 680, 2434, 631, 733, 1697, 1216, 1489, 1220, 779, 2622, 3283, 1337, 1425, 1465, 2402, 804, 684, 5827, 1521, 2450, 1577, 1338, 689, 2051, 1959, 1887, 3331, 1158, 2806, 2110, 1169, 5073, 1427, 1196, 1868, 813, 2163, 2455, 1741, 263, 2039, 2093, 1650, 1014, 1457, 482, 2764, 1832, 976, 2938, 1411, 3753, 2297, 1221, 2478, 1651, 3869, 1441, 2370, 1905, 1203, 8149, 2619, 1587, 5090, 1473, 1554, 955, 1684, 1112, 1014, 1625, 2232, 957, 3967, 1988, 2648, 2863, 1783, 2160)
(43, 213): Mean: 1904.036, median: 1623.5, std: 1227.735, percent: 1812.36, B: 124, W: 125, 
	(2969, 1068, 1477, 10008, 2637, 1745, 811, 1320, 801, 1866, 1378, 1593, 1019, 2175, 2678, 1056, 2810, 3460, 1465, 2600, 1418, 800, 1813, 1078, 1833, 1516, 855, 1623, 1638, 1486, 3204, 2281, 2668, 1183, 940, 2016, 1340, 1829, 2054, 1485, 868, 2396, 1236, 1689, 1148, 2657, 1188, 883, 6570, 1737, 739, 1653, 1088, 289, 1344, 3785, 597, 542, 3060, 2002, 1996, 3838, 2511, 1711, 2473, 4206, 1576, 804, 556, 2066, 1050, 3097, 2209, 1553, 1344, 1621, 1119, 885, 1626, 1016, 1077, 830, 2528, 982, 1308, 1170, 866, 536, 1169, 1256, 1025, 679, 2119, 1508, 4142, 3168, 884, 897, 1585, 768, 1662, 3516, 1260, 2099, 1867, 1432, 679, 396, 1724, 2861, 2443, 917, 1909, 989, 813, 1173, 1532, 1422, 924, 1926, 3578, 1841, 2067, 569, 1878, 1312, 2093, 1564, 951, 1742, 984, 2084, 1256, 5195, 1817, 1215, 3508, 1591, 2156, 1623, 2194, 4815, 1941, 1282, 1975, 1982, 2998, 1673, 2965, 2449, 1223, 3682, 1644, 1718, 1283, 650, 3602, 2389, 8367, 1631, 2881, 1648, 1493, 1678, 879, 2227, 2057, 1573, 1439, 2449, 562, 2355, 639, 678, 1687, 1194, 1578, 1134, 835, 2937, 2626, 1462, 1532, 1435, 2500, 876, 859, 6206, 1732, 2261, 1677, 1462, 718, 2117, 1958, 1761, 3435, 1247, 2490, 2279, 1404, 4601, 1430, 1209, 1669, 876, 2107, 2730, 1534, 322, 2125, 1927, 1675, 1097, 1333, 469, 2667, 1801, 1063, 2447, 1462, 3735, 2338, 1152, 2338, 1550, 5072, 1268, 2592, 1901, 1198, 6716, 2695, 1595, 5321, 1543, 1463, 1147, 1602, 1132, 999, 1622, 2318, 969, 3676, 2111, 2545, 2706, 1624, 2325)
(45, 223): Mean: 1795.64, median: 1513.5, std: 1142.967, percent: 1711.4, B: 179, W: 71, 
	(2318, 958, 1419, 8632, 2152, 1624, 864, 1452, 740, 1573, 1277, 1408, 944, 1818, 2530, 961, 2702, 3367, 1568, 3239, 1314, 870, 1576, 993, 1731, 1304, 826, 1779, 1489, 1311, 4291, 2348, 2744, 1016, 864, 1924, 1254, 1638, 1712, 1585, 799, 2087, 1310, 1479, 882, 2326, 1124, 929, 5597, 1591, 720, 1370, 922, 277, 1394, 4152, 531, 657, 2858, 2024, 1685, 3323, 2118, 1662, 1952, 4292, 1513, 856, 470, 1937, 1054, 3468, 2021, 1552, 1285, 1724, 961, 821, 1370, 928, 1146, 863, 1970, 1011, 1237, 1143, 950, 538, 1073, 1305, 1122, 696, 2212, 1545, 4056, 2833, 893, 899, 1568, 633, 1444, 3240, 1067, 2302, 1659, 1314, 672, 291, 1390, 2567, 2294, 923, 1785, 893, 884, 1261, 1326, 1426, 980, 1832, 3419, 1424, 1652, 591, 1903, 1318, 1926, 1283, 925, 1661, 1053, 2292, 1364, 5315, 1747, 1045, 3347, 1439, 2267, 1608, 1755, 4172, 1814, 1252, 1994, 1894, 2930, 1504, 2720, 2182, 1312, 2770, 1514, 1692, 1192, 624, 3356, 2295, 7919, 1452, 2664, 1676, 1516, 1308, 763, 2188, 1727, 1435, 1342, 2200, 556, 2213, 589, 551, 1563, 1250, 1485, 1232, 784, 2800, 3100, 1264, 1583, 1347, 2360, 844, 680, 5950, 1727, 2304, 1655, 1335, 646, 2158, 1882, 1631, 2666, 1120, 2251, 1902, 1207, 4593, 1280, 1030, 1971, 773, 2167, 2688, 1344, 257, 1883, 1757, 1464, 918, 1184, 502, 2400, 1723, 846, 2468, 1332, 3447, 2533, 1145, 2376, 1405, 4099, 1493, 1958, 2090, 1092, 5836, 3048, 1384, 5498, 1263, 1393, 1094, 1683, 967, 889, 1451, 2395, 982, 3377, 1734, 2390, 2496, 1599, 2458)
(46, 228): Mean: 1785.864, median: 1522.0, std: 1124.219, percent: 1709.56, B: 126, W: 123, 
	(2548, 1003, 1287, 7968, 2135, 1625, 838, 1463, 739, 1765, 1321, 1675, 957, 1559, 2535, 902, 2824, 3384, 1419, 2401, 1257, 748, 1673, 992, 1621, 1526, 869, 1751, 1416, 1446, 3053, 2033, 2727, 1034, 832, 1967, 1145, 1724, 1947, 1552, 780, 1999, 1224, 1754, 951, 2392, 1286, 857, 4927, 1603, 684, 1582, 959, 311, 1296, 4227, 540, 618, 2704, 2218, 1653, 3812, 2246, 1499, 2034, 4173, 1558, 855, 420, 1989, 1050, 2869, 1836, 1373, 1350, 1518, 995, 843, 1399, 909, 1061, 890, 2280, 954, 1252, 1105, 853, 576, 1158, 1189, 1179, 626, 1992, 1436, 3782, 2755, 835, 913, 1469, 633, 1716, 3928, 1226, 2454, 1913, 1234, 625, 347, 1413, 2936, 2062, 855, 1639, 879, 810, 1201, 1427, 1278, 841, 1815, 3423, 1385, 1864, 776, 1747, 1306, 1808, 1266, 957, 1689, 954, 1866, 1352, 5554, 1872, 1159, 3616, 1469, 2387, 1543, 1814, 4425, 2048, 1110, 1883, 1912, 3327, 1478, 2339, 2443, 1202, 2623, 1574, 1710, 1061, 625, 2766, 2667, 8613, 1516, 2719, 1781, 1410, 1304, 740, 1915, 1943, 1600, 1293, 2556, 550, 2282, 581, 542, 1678, 1261, 1344, 1119, 823, 2598, 2654, 1420, 1329, 1499, 2265, 788, 698, 5422, 1627, 2092, 1695, 1214, 582, 2516, 1913, 1835, 2737, 1182, 2336, 2603, 1270, 4211, 1376, 1385, 1922, 786, 2092, 2462, 1426, 267, 1838, 1644, 1647, 956, 1268, 449, 2471, 1670, 950, 2455, 1476, 3263, 2412, 1147, 2494, 1446, 3872, 1379, 2094, 1841, 1098, 6217, 2880, 1297, 5127, 1442, 1412, 1060, 1577, 1029, 934, 1539, 2083, 863, 4073, 1699, 2443, 2218, 1424, 2016)
(47, 229): Mean: 1773.976, median: 1551.0, std: 1089.934, percent: 1708.68, B: 127, W: 121, 
	(2293, 1032, 1458, 8217, 1973, 1570, 823, 1318, 753, 1693, 1322, 1573, 869, 1708, 2867, 922, 2504, 3113, 1572, 2478, 1315, 709, 1746, 924, 1635, 1465, 859, 1958, 1451, 1306, 3170, 2289, 3007, 1027, 779, 1937, 1130, 1614, 1746, 1491, 891, 1840, 1309, 1719, 1001, 2163, 1099, 802, 5021, 1662, 745, 1545, 952, 274, 1299, 4290, 468, 596, 2893, 2032, 1699, 3258, 2313, 1546, 2213, 3718, 1546, 848, 478, 2004, 999, 3016, 1741, 1455, 1324, 1842, 932, 785, 1513, 949, 1083, 841, 2283, 1038, 1199, 1141, 901, 500, 1174, 1233, 1072, 630, 1918, 1643, 3617, 2522, 873, 983, 1452, 657, 1578, 3394, 1068, 2198, 1604, 1241, 668, 347, 1432, 2773, 2098, 914, 1661, 887, 758, 1384, 1529, 1539, 806, 1856, 2725, 1587, 1648, 597, 1846, 1340, 1957, 1342, 929, 1465, 1060, 2076, 1251, 5422, 1845, 1175, 3745, 1587, 2166, 2097, 1725, 4362, 1891, 1093, 1780, 1743, 2913, 1415, 2573, 2068, 1245, 2513, 1518, 1556, 1133, 609, 3312, 2453, 7463, 1611, 2557, 1741, 1308, 1428, 708, 2094, 1989, 1534, 1399, 2558, 521, 2193, 568, 563, 1617, 1182, 1388, 1040, 778, 2850, 2689, 1217, 1303, 1556, 2235, 809, 729, 5519, 1729, 2597, 1603, 1173, 578, 2160, 2076, 1747, 2992, 1073, 2303, 2631, 1254, 4912, 1342, 1200, 1842, 770, 2187, 2195, 1434, 249, 1779, 1875, 1658, 940, 1292, 465, 2238, 1772, 953, 2478, 1444, 3541, 2385, 1088, 2520, 1446, 3783, 1429, 2108, 2160, 975, 5763, 2357, 1376, 4989, 1294, 1321, 1168, 1613, 1193, 941, 1743, 2186, 880, 3939, 1632, 2394, 2758, 1530, 2241)
(50, 242): Mean: 1776.84, median: 1522.5, std: 1135.06, percent: 1671.0, B: 128, W: 120, 
	(2121, 981, 1358, 8014, 1982, 1793, 811, 1346, 674, 1765, 1392, 1648, 826, 1809, 2455, 957, 3240, 3067, 1580, 2357, 1276, 745, 1597, 891, 1583, 1474, 836, 1678, 1347, 1262, 2893, 2194, 2842, 966, 759, 1797, 1170, 1551, 1807, 1598, 783, 1933, 1164, 2075, 870, 2394, 1152, 794, 6020, 1622, 703, 1382, 996, 258, 1232, 4739, 556, 612, 2903, 2088, 1735, 3611, 2398, 1740, 2213, 4244, 1717, 889, 406, 1915, 889, 3157, 1956, 1412, 1306, 1514, 897, 760, 1285, 1005, 1045, 790, 2287, 969, 1379, 1159, 826, 476, 1107, 1163, 1187, 662, 2056, 1555, 4395, 2691, 821, 896, 1425, 567, 1589, 3440, 995, 2265, 1789, 1308, 616, 296, 1503, 2792, 2126, 835, 1760, 834, 878, 1238, 1367, 1493, 806, 1847, 3661, 1456, 1670, 546, 1920, 1488, 1889, 1268, 958, 1657, 998, 2143, 1166, 4698, 1644, 1167, 3302, 1504, 2202, 1666, 1819, 4391, 1782, 1085, 1892, 1681, 3442, 1410, 2381, 2380, 1237, 2829, 1466, 1533, 1142, 618, 3128, 2477, 7979, 1596, 2685, 1793, 1447, 1486, 749, 2034, 1996, 1578, 1487, 2490, 525, 2326, 616, 479, 1768, 1213, 1457, 1099, 894, 2852, 2894, 1372, 1431, 1588, 2310, 816, 733, 6552, 1635, 2170, 1350, 1288, 693, 2467, 2067, 1524, 2477, 1048, 2663, 2307, 1410, 3658, 1306, 1246, 1792, 748, 2017, 2198, 1480, 282, 1699, 1809, 1521, 887, 1388, 447, 2250, 1562, 891, 2454, 1442, 2875, 2485, 1237, 2194, 1478, 4172, 1431, 2064, 1718, 1104, 6588, 2464, 1390, 4443, 1314, 1283, 1031, 1542, 1059, 894, 1684, 2047, 864, 3767, 1779, 2183, 2268, 1492, 2243)
(51, 245): Mean: 1767.152, median: 1542.0, std: 1108.45, percent: 1652.96, B: 128, W: 121, 
	(2557, 868, 1310, 8751, 2119, 1545, 863, 1415, 725, 1805, 1320, 1544, 838, 1513, 2839, 987, 2942, 2961, 1436, 2974, 1231, 751, 1677, 862, 1672, 1350, 799, 1626, 1633, 1422, 3198, 2053, 2898, 936, 902, 1753, 1560, 1379, 1915, 1599, 809, 2045, 1241, 1971, 969, 2193, 1267, 812, 6206, 1829, 712, 1540, 961, 282, 1334, 3980, 486, 560, 2574, 2083, 1694, 3770, 2020, 1578, 2067, 4196, 1582, 739, 474, 1879, 982, 2717, 1787, 1592, 1306, 1626, 912, 750, 1650, 882, 1039, 791, 2254, 976, 1234, 1049, 790, 502, 1101, 1244, 1103, 556, 2003, 1606, 4169, 2366, 837, 986, 1511, 726, 1476, 3313, 1150, 2145, 1762, 1167, 655, 279, 1468, 2950, 2072, 840, 1807, 984, 796, 1339, 1499, 1239, 796, 1945, 3335, 1394, 1630, 596, 1766, 1300, 2152, 1140, 925, 1904, 961, 1826, 1205, 5147, 1845, 1212, 3522, 1552, 2043, 1758, 1631, 4637, 1811, 1134, 1696, 1762, 2558, 1563, 2667, 2066, 1184, 2963, 1803, 1606, 1059, 589, 2941, 2658, 6315, 1643, 2362, 1808, 1279, 1330, 767, 1978, 2375, 1511, 1378, 2349, 541, 2320, 587, 619, 1525, 1190, 1381, 1247, 772, 2414, 2539, 1455, 1315, 1459, 2061, 779, 662, 6581, 1433, 2337, 1537, 1148, 649, 1907, 1991, 1578, 2688, 1082, 2495, 2259, 1297, 3790, 1249, 1119, 1914, 794, 2220, 2247, 1424, 300, 1981, 1761, 1528, 959, 1270, 513, 2244, 1907, 887, 2279, 1433, 3308, 2490, 1169, 2328, 1462, 4280, 1479, 2151, 1934, 1173, 6173, 2780, 1251, 4063, 1220, 1348, 1009, 1747, 1034, 927, 1617, 2407, 958, 3725, 1745, 2636, 2169, 1537, 2255)
(53, 257): Mean: 1759.804, median: 1502.5, std: 1099.142, percent: 1691.56, B: 124, W: 125, 
	(2256, 991, 1353, 8610, 2122, 1617, 889, 1360, 740, 2000, 1334, 1463, 897, 1599, 2607, 927, 3026, 2914, 1537, 2750, 1141, 810, 1868, 940, 1577, 1252, 873, 1842, 1524, 1444, 3767, 1805, 3051, 1008, 776, 1776, 1154, 1484, 1824, 1486, 826, 2056, 1213, 1626, 1129, 2447, 1118, 877, 6333, 1700, 793, 1371, 1003, 297, 1326, 4419, 548, 597, 2924, 1941, 1681, 3026, 2303, 1567, 2148, 3753, 1580, 829, 401, 1835, 954, 2738, 1839, 1461, 1451, 1537, 956, 819, 1517, 874, 1039, 760, 2184, 934, 1240, 1202, 904, 485, 1262, 1160, 1085, 645, 1886, 1357, 4082, 2657, 878, 929, 1509, 606, 1757, 3205, 1086, 2292, 1984, 1398, 725, 329, 1399, 2807, 2045, 1128, 1866, 868, 828, 1169, 1529, 1284, 812, 1713, 3044, 1400, 1842, 506, 1563, 1423, 2037, 1191, 951, 1476, 960, 1777, 1178, 4519, 1786, 1157, 3259, 1418, 2191, 1679, 1793, 4193, 1615, 1089, 1553, 1864, 2842, 1415, 2492, 2177, 1283, 2827, 1527, 1513, 1095, 617, 2887, 2436, 7404, 1476, 2557, 1576, 1436, 1394, 757, 2118, 2061, 1563, 1337, 2376, 537, 2341, 596, 633, 1643, 1139, 1348, 1178, 730, 2548, 2875, 1373, 1505, 1415, 2483, 841, 718, 5919, 1500, 2376, 1457, 1176, 685, 2007, 1763, 1626, 2916, 1023, 2564, 2238, 1353, 4135, 1300, 1314, 1849, 763, 1981, 2504, 1413, 318, 2039, 2066, 1462, 941, 1282, 438, 2397, 1662, 884, 2208, 1540, 2868, 2269, 1115, 2690, 1348, 4578, 1273, 2078, 1896, 1036, 5496, 2356, 1323, 4548, 1399, 1433, 1139, 1480, 1096, 955, 1641, 2121, 899, 3912, 1702, 2319, 2338, 1546, 2230)
(60, 297): Mean: 1754.268, median: 1539.5, std: 1052.675, percent: 1685.72, B: 123, W: 125, 
	(2571, 989, 1355, 7677, 2254, 1573, 854, 1388, 799, 1857, 1306, 1547, 905, 1581, 2343, 988, 2737, 3242, 1510, 2756, 1253, 745, 1677, 884, 1542, 1371, 745, 1852, 1514, 1486, 3034, 2128, 2472, 1024, 834, 1704, 1218, 1674, 1886, 1523, 804, 1969, 1151, 1738, 799, 2634, 1199, 874, 5236, 1787, 744, 1558, 952, 300, 1317, 4130, 458, 590, 2882, 2164, 1819, 3796, 2128, 1619, 2152, 3756, 1574, 894, 446, 1946, 896, 2738, 1644, 1459, 1407, 1793, 884, 773, 1336, 1009, 1046, 812, 2460, 932, 1216, 1204, 886, 479, 1128, 1235, 1098, 676, 2149, 1525, 4053, 2723, 924, 899, 1548, 627, 1478, 3681, 1078, 2183, 1840, 1168, 640, 336, 1291, 2798, 2014, 843, 1873, 881, 830, 1351, 1529, 1492, 775, 1639, 3581, 1584, 1558, 608, 1746, 1307, 2262, 1143, 982, 1767, 940, 1988, 1274, 5251, 1641, 1276, 3327, 1272, 2095, 1711, 1678, 4036, 1874, 1192, 1873, 1807, 2907, 1545, 2484, 2164, 1100, 2434, 1604, 1492, 1147, 619, 3249, 2343, 6352, 1600, 2512, 1672, 1411, 1404, 809, 2190, 1870, 1591, 1531, 2448, 555, 2152, 584, 531, 1589, 1311, 1475, 1113, 830, 2498, 2678, 1333, 1537, 1449, 2373, 879, 666, 5846, 1644, 2520, 1429, 1333, 671, 2033, 2072, 1595, 2635, 1135, 2096, 2224, 1326, 3588, 1314, 1180, 1952, 805, 1890, 2603, 1287, 294, 1943, 1767, 1568, 990, 1203, 542, 2515, 1702, 948, 2351, 1341, 3158, 2567, 1031, 2495, 1390, 3716, 1475, 2102, 1752, 1146, 6452, 2290, 1238, 4499, 1341, 1307, 984, 1481, 1033, 883, 1622, 2325, 980, 3983, 1714, 2379, 1974, 1525, 2086)
(61, 303): Mean: 1749.796, median: 1502.0, std: 1062.544, percent: 1690.0, B: 135, W: 115, 
	(2059, 926, 1278, 7021, 2210, 1437, 781, 1350, 723, 1980, 1490, 1522, 917, 1604, 2666, 964, 2783, 3115, 1615, 2882, 1118, 744, 1695, 857, 1634, 1376, 763, 1717, 1523, 1370, 2940, 1898, 2499, 997, 759, 1777, 1241, 1507, 1963, 1419, 830, 2197, 1249, 1780, 977, 2528, 1193, 883, 5323, 1744, 612, 1436, 937, 294, 1293, 4187, 536, 586, 2520, 1971, 1857, 3312, 2254, 1662, 1854, 4052, 1446, 990, 477, 1962, 998, 3167, 1962, 1497, 1313, 1624, 894, 860, 1594, 909, 1113, 814, 2255, 909, 1201, 1084, 868, 531, 1055, 1255, 1128, 663, 1988, 1531, 3552, 2633, 962, 881, 1536, 648, 1669, 4030, 1111, 2395, 1817, 1278, 620, 434, 1539, 3031, 2012, 788, 1816, 880, 908, 1178, 1437, 1198, 814, 1799, 3503, 1366, 1552, 587, 1829, 1417, 1906, 1234, 990, 1692, 986, 1691, 1125, 4905, 1549, 1250, 3677, 1365, 2310, 1646, 1753, 4169, 2091, 1105, 1687, 1721, 3133, 1491, 2497, 2099, 1193, 2783, 1398, 1605, 1109, 601, 3269, 2234, 6724, 1573, 2757, 1601, 1391, 1356, 804, 2069, 1731, 1468, 1259, 2331, 482, 2423, 598, 586, 1496, 1166, 1508, 1252, 781, 2615, 2784, 1282, 1394, 1414, 2063, 808, 783, 6429, 1546, 2148, 1305, 1233, 667, 2206, 1816, 1766, 2369, 1092, 2346, 2330, 1327, 4160, 1292, 1165, 1737, 755, 1996, 2539, 1300, 319, 2032, 1656, 1679, 967, 1213, 428, 2640, 1746, 867, 2437, 1431, 2895, 2235, 1106, 2381, 1359, 4378, 1358, 2027, 2002, 1113, 6067, 2887, 1380, 4542, 1411, 1280, 1064, 1523, 1074, 881, 1417, 2056, 872, 3878, 1579, 2197, 2386, 1384, 2520)
(62, 308): Mean: 1750.52, median: 1507.5, std: 1111.281, percent: 1634.48, B: 127, W: 123, 
	(2319, 947, 1357, 8809, 2226, 1640, 815, 1353, 755, 1815, 1418, 1548, 1037, 1531, 2522, 946, 2669, 3119, 1638, 2330, 1367, 708, 1788, 963, 1614, 1320, 746, 1771, 1517, 1377, 3768, 1871, 2371, 1010, 846, 1716, 1233, 1703, 1879, 1523, 839, 2421, 1175, 1656, 1074, 2466, 1108, 924, 4557, 1860, 735, 1355, 963, 309, 1267, 4004, 595, 564, 2386, 1870, 1607, 3179, 2218, 1637, 1962, 4227, 1535, 775, 468, 1884, 888, 2421, 2053, 1429, 1242, 1757, 889, 844, 1478, 1003, 1183, 811, 2236, 925, 1242, 1126, 821, 556, 1222, 1237, 1086, 652, 1897, 1407, 3668, 2806, 815, 854, 1547, 675, 1526, 3149, 1062, 2077, 1985, 1255, 635, 307, 1384, 3402, 2149, 874, 1878, 920, 743, 1303, 1384, 1498, 806, 1720, 2911, 1529, 1701, 633, 1845, 1326, 1874, 1229, 991, 1588, 989, 1792, 1235, 5782, 1629, 1193, 2896, 1385, 1888, 1680, 1909, 4484, 1816, 1181, 1829, 1828, 3446, 1489, 2514, 1903, 1244, 3116, 1575, 1483, 1175, 597, 3020, 2067, 7131, 1672, 2495, 1739, 1273, 1377, 815, 2229, 2054, 1409, 1336, 2248, 575, 2590, 567, 535, 1556, 1170, 1371, 1105, 716, 2578, 2274, 1457, 1443, 1380, 2037, 793, 799, 6696, 1486, 2100, 1390, 1227, 607, 2379, 1796, 1771, 2765, 1099, 2651, 1963, 1104, 3775, 1382, 1052, 1795, 734, 1908, 2274, 1272, 316, 1857, 1699, 1408, 917, 1243, 398, 2042, 1627, 906, 2419, 1402, 3226, 2551, 1144, 2372, 1374, 4705, 1370, 2297, 1907, 1017, 6337, 2267, 1327, 4481, 1333, 1313, 1100, 1459, 1063, 969, 1678, 2145, 832, 3841, 1721, 2247, 2351, 1658, 2257)
(64, 317): Mean: 1738.2, median: 1492.0, std: 1102.731, percent: 1643.24, B: 127, W: 120, 
	(1995, 1020, 1389, 7932, 2337, 1461, 845, 1300, 791, 1981, 1383, 1515, 968, 1975, 2509, 953, 2379, 2647, 1559, 2530, 1257, 721, 1680, 857, 1666, 1349, 800, 1620, 1441, 1452, 2877, 1944, 2633, 1036, 791, 1742, 1275, 1465, 1934, 1437, 853, 1826, 1175, 1847, 934, 2218, 1182, 835, 5628, 1719, 717, 1447, 942, 309, 1166, 4054, 492, 617, 2659, 1822, 1561, 3544, 2257, 1524, 1919, 4228, 1721, 859, 476, 1857, 894, 3153, 1786, 1385, 1292, 1661, 964, 778, 1496, 962, 1045, 843, 2377, 934, 1253, 1106, 831, 487, 1093, 1338, 1080, 625, 2120, 1504, 4355, 2040, 826, 905, 1571, 658, 1552, 2814, 1071, 2202, 1695, 1152, 628, 286, 1280, 2757, 2132, 907, 1767, 966, 808, 1193, 1622, 1342, 761, 1832, 3375, 1387, 1664, 643, 1990, 1260, 1796, 1254, 973, 1614, 1000, 1790, 1176, 4791, 1644, 1280, 3719, 1407, 2285, 1841, 1708, 4396, 1701, 1222, 1616, 1841, 2537, 1390, 2272, 2277, 1314, 2833, 1471, 1553, 1134, 565, 3351, 2384, 8071, 1426, 2391, 1608, 1395, 1187, 707, 2115, 1850, 1510, 1417, 2139, 552, 2274, 619, 528, 1678, 1218, 1439, 1023, 862, 2751, 2568, 1208, 1575, 1404, 2308, 793, 714, 6099, 1488, 2338, 1668, 1125, 627, 2062, 1788, 1666, 2431, 1008, 2205, 2300, 1177, 3646, 1326, 1210, 1841, 732, 2236, 2488, 1424, 291, 1824, 1919, 1368, 937, 1211, 399, 2607, 1633, 1013, 2490, 1420, 2999, 2630, 1071, 2123, 1336, 4463, 1356, 1908, 1713, 1049, 6713, 2883, 1218, 3803, 1289, 1224, 1082, 1523, 1069, 915, 1435, 2064, 909, 4023, 1767, 2222, 2257, 1602, 2160)
(65, 319): Mean: 1740.792, median: 1513.5, std: 1088.298, percent: 1604.34, B: 120, W: 129, 
	(2109, 1013, 1375, 8307, 2143, 1565, 793, 1381, 708, 2092, 1317, 1517, 972, 1929, 2680, 1000, 2232, 2936, 1804, 2598, 1171, 748, 1674, 860, 1655, 1413, 805, 1581, 1561, 1306, 2663, 1931, 2393, 979, 742, 1745, 1212, 1491, 1770, 1665, 825, 1929, 1260, 1769, 850, 2512, 1317, 914, 5481, 1843, 651, 1417, 935, 313, 1241, 4423, 474, 571, 2703, 2155, 1828, 3276, 2224, 1601, 1861, 3731, 1731, 831, 436, 2037, 934, 2604, 1816, 1660, 1292, 1678, 879, 807, 1592, 891, 1030, 783, 2086, 977, 1192, 1052, 790, 491, 1072, 1379, 1067, 680, 2050, 1508, 3537, 2310, 915, 877, 1352, 659, 1528, 2699, 1150, 2187, 1693, 1342, 622, 304, 1465, 2929, 2189, 845, 1699, 865, 817, 1297, 1501, 1446, 832, 1927, 3089, 1212, 1918, 573, 1874, 1311, 1758, 1278, 941, 1510, 985, 2124, 1135, 5029, 1835, 1166, 3267, 1413, 2310, 1688, 1820, 3937, 1875, 1146, 1614, 1738, 2806, 1493, 2332, 2054, 1211, 2905, 1496, 1548, 1260, 636, 2976, 2161, 7856, 1637, 2461, 1760, 1387, 1253, 781, 2168, 1886, 1696, 1360, 2140, 566, 1998, 580, 601, 1496, 1208, 1446, 1110, 816, 2327, 2744, 1268, 1468, 1421, 2418, 871, 785, 5973, 1712, 2030, 1476, 1061, 639, 2058, 1894, 1599, 2209, 1049, 2180, 2133, 1214, 4042, 1400, 1203, 1820, 765, 2381, 2264, 1382, 319, 1812, 2062, 1350, 1041, 1264, 438, 2525, 1845, 920, 2211, 1365, 3456, 2322, 1084, 2376, 1587, 4055, 1372, 2336, 1924, 1074, 6764, 2644, 1201, 4691, 1444, 1278, 1179, 1455, 1146, 825, 1569, 2265, 931, 3538, 1605, 2052, 2244, 1540, 2401)
(66, 325): Mean: 1739.864, median: 1515.5, std: 1033.332, percent: 1684.96, B: 116, W: 133, 
	(2151, 979, 1473, 6786, 2761, 1509, 783, 1390, 739, 2129, 1346, 1604, 957, 1540, 2586, 956, 2477, 2563, 1696, 2376, 1175, 705, 1867, 870, 1552, 1431, 827, 1789, 1381, 1544, 3154, 1973, 2798, 1024, 712, 1772, 1255, 1483, 2125, 1515, 833, 2003, 1279, 1840, 939, 2321, 1144, 934, 4773, 1565, 647, 1310, 868, 310, 1323, 4567, 527, 640, 2574, 1934, 1724, 3555, 2395, 1783, 2115, 4066, 1735, 875, 453, 1734, 921, 2733, 1882, 1386, 1218, 1629, 962, 791, 1392, 966, 1082, 770, 2159, 951, 1189, 1111, 849, 526, 1145, 1269, 1071, 629, 2007, 1524, 4317, 1973, 895, 917, 1487, 681, 1630, 3272, 1136, 2048, 1914, 1326, 625, 362, 1549, 2685, 2077, 823, 1742, 898, 865, 1369, 1496, 1405, 806, 2005, 2819, 1313, 1565, 701, 1821, 1257, 1950, 1250, 974, 1603, 1010, 2378, 1231, 5344, 1541, 1261, 3449, 1520, 2033, 1793, 1896, 4466, 1829, 1121, 1797, 1783, 3172, 1485, 2506, 2130, 1228, 2503, 1312, 1499, 1217, 559, 2639, 2337, 6819, 1470, 2555, 1661, 1354, 1164, 715, 2189, 1855, 1609, 1449, 2484, 484, 2050, 574, 642, 1368, 1276, 1516, 1149, 771, 2670, 2961, 1451, 1502, 1469, 2115, 741, 739, 5340, 1779, 2486, 1712, 1255, 665, 2138, 1724, 1565, 2409, 1092, 2559, 2178, 1274, 3811, 1238, 1218, 1746, 746, 2456, 2803, 1364, 316, 1874, 1724, 1566, 989, 1312, 419, 2417, 1484, 848, 2060, 1676, 3238, 2331, 1020, 2486, 1292, 3913, 1306, 2050, 1810, 1031, 6705, 2481, 1287, 3759, 1379, 1348, 1115, 1373, 1168, 891, 1569, 2290, 828, 3848, 1596, 2533, 2272, 1566, 2160)
(69, 343): Mean: 1721.24, median: 1509.0, std: 1049.066, percent: 1638.38, B: 138, W: 109, 
	(2004, 918, 1282, 8584, 2262, 1539, 784, 1374, 805, 1741, 1298, 1514, 830, 1587, 2588, 857, 2986, 2742, 1598, 2786, 1182, 678, 1609, 824, 1545, 1267, 809, 1710, 1426, 1351, 3278, 1829, 2505, 1020, 761, 1935, 1182, 1466, 1848, 1668, 871, 2075, 1232, 1766, 940, 2274, 1195, 873, 4516, 1497, 643, 1509, 973, 333, 1304, 4039, 494, 640, 2736, 2045, 1658, 2938, 2397, 1512, 2090, 4228, 1719, 905, 427, 1988, 1000, 2669, 1760, 1329, 1227, 1810, 1020, 747, 1537, 976, 1006, 886, 2402, 1034, 1204, 1047, 857, 548, 1172, 1129, 1064, 633, 1972, 1534, 4333, 2388, 845, 885, 1573, 720, 1590, 2952, 1121, 2398, 1886, 1173, 633, 267, 1509, 2582, 2237, 795, 1977, 854, 769, 1205, 1431, 1407, 806, 1659, 3033, 1249, 1451, 578, 1794, 1436, 1915, 1139, 911, 1632, 892, 1853, 1084, 5653, 1582, 1139, 3722, 1364, 2425, 1770, 1938, 4308, 1824, 1126, 1586, 1855, 2771, 1418, 2467, 2043, 1195, 2649, 1517, 1554, 1174, 617, 2945, 2344, 6001, 1396, 2527, 1681, 1345, 1381, 746, 2039, 1740, 1471, 1208, 2358, 553, 2059, 626, 597, 1593, 1269, 1394, 1190, 716, 2398, 2439, 1332, 1367, 1641, 2366, 788, 717, 5263, 1505, 2415, 1536, 1175, 692, 2073, 1737, 1648, 2540, 1092, 2231, 2342, 1219, 3928, 1301, 1106, 1772, 770, 1836, 2650, 1345, 282, 2140, 1908, 1596, 881, 1284, 450, 2388, 1635, 907, 2436, 1322, 3155, 2252, 1062, 2152, 1368, 4100, 1456, 1901, 1793, 1079, 6212, 2459, 1325, 4055, 1245, 1263, 1017, 1501, 1048, 899, 1447, 2088, 835, 3595, 1722, 2297, 2299, 1652, 2390)
(70, 348): Mean: 1695.36, median: 1468.5, std: 1026.541, percent: 1615.18, B: 139, W: 109, 
	(2361, 893, 1229, 7742, 2417, 1523, 824, 1369, 731, 1851, 1378, 1595, 880, 1671, 2354, 821, 2312, 2809, 1704, 2415, 1236, 697, 1937, 873, 1574, 1249, 841, 1591, 1474, 1497, 3166, 1920, 2709, 984, 849, 1779, 1313, 1292, 1797, 1605, 826, 2320, 1150, 1751, 915, 2288, 1224, 789, 4995, 1525, 669, 1390, 920, 341, 1088, 4147, 425, 587, 2639, 1850, 1623, 3237, 2046, 1378, 1913, 3832, 1626, 812, 506, 1764, 1105, 2476, 1672, 1459, 1359, 1641, 950, 933, 1483, 1008, 991, 741, 2331, 962, 1184, 1103, 860, 544, 1235, 1122, 1058, 610, 2060, 1600, 4113, 2303, 849, 852, 1470, 590, 1703, 2649, 1168, 2130, 1820, 1204, 626, 294, 1418, 2887, 2089, 895, 1778, 905, 774, 1230, 1537, 1322, 746, 1829, 3146, 1343, 1350, 540, 1701, 1384, 1621, 1089, 873, 1447, 1013, 1670, 1119, 3999, 1698, 1391, 3142, 1333, 1957, 1690, 1882, 5107, 1597, 1136, 1953, 1657, 2744, 1433, 2456, 2389, 1230, 2791, 1351, 1467, 1206, 622, 3340, 2288, 7709, 1374, 2611, 1552, 1288, 1213, 746, 1954, 1987, 1503, 1357, 2235, 522, 2267, 591, 602, 1449, 1163, 1378, 1224, 732, 2195, 2341, 1213, 1475, 1430, 2192, 837, 734, 4678, 1630, 2351, 1552, 1177, 652, 2028, 1763, 1717, 2430, 1119, 2454, 1876, 1219, 3803, 1229, 1094, 1604, 758, 2196, 2407, 1172, 289, 1667, 1837, 1458, 882, 1102, 376, 2351, 1859, 978, 2388, 1328, 3099, 2165, 1084, 2208, 1381, 4057, 1318, 2098, 1757, 1141, 5438, 2835, 1315, 4285, 1226, 1298, 1055, 1440, 1164, 922, 1506, 1921, 913, 3479, 1610, 2030, 2305, 1510, 2321)
(71, 350): Mean: 1717.1, median: 1484.5, std: 1054.0, percent: 1600.66, B: 120, W: 128, 
	(2138, 960, 1285, 7517, 2192, 1494, 849, 1366, 690, 1977, 1195, 1411, 863, 1683, 2259, 932, 2699, 3060, 1574, 2308, 1348, 705, 1645, 894, 1583, 1374, 802, 1759, 1357, 1391, 3565, 2178, 2875, 940, 742, 1821, 1100, 1472, 1767, 1527, 773, 2110, 1179, 1720, 899, 2065, 1091, 868, 4752, 1656, 644, 1338, 947, 269, 1134, 4241, 523, 585, 2463, 1956, 1487, 3137, 2248, 1591, 2057, 3857, 1571, 799, 428, 1694, 905, 2580, 1779, 1622, 1297, 1623, 1015, 798, 1512, 1029, 1059, 778, 2309, 948, 1125, 1078, 791, 466, 1165, 1118, 1141, 646, 1868, 1430, 3891, 2597, 794, 916, 1527, 606, 1499, 2971, 1139, 2059, 1659, 1206, 654, 366, 1482, 3116, 2071, 923, 1709, 809, 837, 1266, 1391, 1261, 878, 1710, 3344, 1404, 1481, 569, 1931, 1217, 1863, 1233, 977, 1913, 983, 1885, 1262, 6095, 1498, 1121, 3589, 1435, 1956, 1662, 1877, 4587, 1963, 1169, 1821, 1687, 2970, 1461, 2401, 2266, 1225, 2897, 1544, 1595, 1204, 536, 3075, 1978, 6985, 1349, 2423, 1474, 1390, 1372, 735, 1909, 1963, 1320, 1296, 2181, 461, 2233, 574, 555, 1563, 1195, 1446, 1028, 755, 2296, 2757, 1358, 1572, 1554, 2263, 837, 766, 5251, 1475, 2422, 1495, 1301, 671, 2047, 1793, 1521, 2540, 1041, 2270, 1975, 1427, 3395, 1296, 1195, 1872, 712, 2235, 2389, 1432, 316, 1947, 1813, 1454, 1077, 1115, 403, 2552, 1536, 863, 2458, 1294, 3109, 2454, 1151, 2129, 1339, 4476, 1285, 2030, 1807, 1156, 6314, 2835, 1261, 3869, 1261, 1296, 1117, 1501, 1129, 877, 1566, 1873, 942, 3646, 1703, 2233, 2311, 1679, 2261)
(72, 355): Mean: 1705.908, median: 1448.5, std: 1040.259, percent: 1615.34, B: 134, W: 115, 
	(2347, 934, 1342, 6930, 2273, 1445, 867, 1273, 722, 1834, 1258, 1427, 1029, 1727, 2237, 864, 2888, 3121, 1455, 2214, 1215, 706, 1749, 885, 1488, 1258, 804, 1735, 1423, 1352, 3013, 2063, 2631, 925, 801, 2040, 1195, 1377, 1830, 1475, 818, 2096, 1165, 1962, 903, 1992, 1171, 812, 5699, 1599, 607, 1428, 868, 286, 1235, 3686, 488, 641, 2317, 2024, 1637, 3365, 2061, 1632, 1910, 3842, 1790, 884, 428, 1765, 880, 2768, 1711, 1311, 1327, 1492, 940, 805, 1447, 986, 1095, 856, 2214, 863, 1164, 1036, 922, 485, 1101, 1207, 1091, 704, 1901, 1539, 4329, 2534, 788, 839, 1450, 639, 1429, 2950, 1151, 2159, 1699, 1209, 629, 361, 1406, 2605, 2197, 797, 1758, 840, 871, 1254, 1373, 1365, 818, 1752, 4106, 1269, 1425, 752, 1657, 1218, 1642, 1172, 995, 1729, 1029, 1771, 1241, 5183, 1620, 1265, 3594, 1342, 1808, 1514, 1769, 4360, 1809, 1225, 1661, 1757, 3224, 1481, 2447, 2011, 1236, 2642, 1344, 1474, 1077, 579, 3285, 2053, 7019, 1299, 2647, 1683, 1398, 1302, 693, 2242, 1740, 1529, 1290, 2519, 574, 2258, 613, 569, 1465, 1315, 1354, 1094, 758, 2366, 2261, 1261, 1489, 1545, 2165, 803, 630, 4561, 1455, 2227, 1422, 1135, 609, 2106, 1786, 1436, 2826, 1004, 2243, 2422, 1259, 3901, 1280, 1045, 1901, 798, 1823, 2582, 1463, 253, 1778, 1726, 1467, 995, 1198, 360, 2360, 1604, 897, 2324, 1566, 3523, 2417, 1022, 2224, 1332, 4770, 1319, 2389, 1648, 1108, 6021, 2377, 1209, 3966, 1338, 1295, 1076, 1447, 1091, 906, 1544, 1859, 911, 3797, 1695, 2290, 2361, 1575, 2198)
(73, 358): Mean: 1712.768, median: 1475.5, std: 1062.163, percent: 1586.66, B: 128, W: 121, 
	(2259, 943, 1300, 7931, 2311, 1441, 785, 1267, 700, 1484, 1262, 1570, 875, 1731, 2357, 931, 2400, 3184, 1672, 2094, 1172, 630, 1790, 906, 1514, 1352, 853, 1665, 1361, 1323, 3265, 1863, 2307, 933, 773, 1939, 1200, 1487, 1892, 1449, 778, 2094, 1241, 1825, 1033, 2476, 1235, 821, 4741, 1523, 662, 1418, 997, 287, 1120, 4028, 471, 618, 2850, 2042, 1585, 2786, 2484, 1480, 2072, 3612, 1596, 997, 423, 1730, 950, 2287, 1784, 1477, 1577, 1605, 924, 875, 1543, 1015, 1067, 831, 2306, 1001, 1256, 1056, 918, 482, 1094, 1182, 1090, 708, 1766, 1408, 4564, 2271, 827, 892, 1481, 617, 1569, 3179, 1109, 2084, 1669, 1275, 642, 244, 1226, 3403, 2168, 851, 1678, 867, 885, 1405, 1452, 1304, 810, 1723, 2986, 1253, 1474, 660, 1633, 1256, 1784, 1139, 1022, 1614, 1005, 1867, 1199, 4837, 1531, 1214, 3180, 1720, 2098, 1887, 1957, 5190, 1811, 1183, 1824, 1749, 2786, 1423, 2357, 1955, 1254, 2919, 1319, 1439, 1187, 604, 2702, 2239, 7372, 1393, 2179, 1477, 1372, 1209, 706, 2211, 1684, 1465, 1390, 2300, 546, 1916, 610, 553, 1448, 1262, 1508, 1137, 792, 2157, 2930, 1324, 1471, 1533, 2087, 806, 781, 6060, 1620, 2230, 1500, 1149, 714, 2214, 1983, 1642, 2632, 1063, 2638, 2288, 1320, 3474, 1308, 1242, 1705, 699, 2223, 2738, 1406, 307, 1876, 2239, 1439, 847, 1150, 433, 2327, 1746, 945, 1950, 1667, 2907, 2252, 1050, 2258, 1366, 4518, 1339, 1992, 1997, 1154, 5960, 2108, 1188, 4625, 1338, 1211, 1124, 1433, 1070, 847, 1526, 1875, 871, 3314, 1661, 2287, 2065, 1417, 2196)
(75, 367): Mean: 1713.168, median: 1446.0, std: 1052.851, percent: 1625.46, B: 118, W: 132, 
	(2172, 997, 1233, 7382, 2446, 1488, 778, 1404, 728, 1600, 1370, 1331, 904, 1833, 2403, 951, 2516, 3174, 1727, 2186, 1333, 785, 1495, 872, 1496, 1403, 831, 1629, 1316, 1269, 3521, 2057, 2839, 920, 788, 2058, 1141, 1588, 1774, 1392, 868, 2120, 1243, 1886, 875, 2165, 1112, 928, 5517, 1648, 697, 1434, 918, 328, 1248, 4431, 552, 649, 2694, 1830, 1540, 3266, 2422, 1729, 1795, 3261, 1610, 810, 428, 1724, 914, 2634, 1715, 1374, 1207, 1577, 923, 789, 1340, 995, 1007, 794, 2228, 977, 1197, 1144, 893, 496, 1203, 1237, 1117, 692, 1809, 1461, 3245, 2190, 817, 897, 1428, 766, 1697, 3181, 1193, 2048, 1849, 1182, 632, 277, 1360, 2616, 2769, 892, 1801, 788, 945, 1243, 1340, 1343, 750, 1683, 3008, 1307, 1582, 553, 1791, 1301, 1795, 1241, 968, 1707, 977, 1627, 1218, 4876, 1659, 1128, 3459, 1336, 1899, 1548, 2038, 4504, 1734, 1182, 1611, 1774, 3718, 1440, 2284, 1913, 1140, 3035, 1540, 1560, 1128, 633, 2969, 2133, 7803, 1467, 2698, 1639, 1359, 1341, 723, 2049, 1932, 1452, 1362, 2241, 591, 2051, 604, 585, 1457, 1219, 1417, 1147, 784, 2509, 2476, 1300, 1434, 1417, 2314, 753, 826, 4562, 1437, 2357, 1482, 1207, 613, 2035, 1921, 1593, 2961, 1149, 2259, 2061, 1424, 3590, 1331, 1174, 1706, 738, 2227, 2384, 1360, 321, 2016, 2103, 1435, 954, 1102, 474, 2138, 1750, 876, 2054, 1392, 2803, 2414, 974, 2462, 1498, 4560, 1275, 2125, 1619, 1074, 6306, 2229, 1168, 4882, 1422, 1324, 1098, 1410, 1056, 854, 1617, 2021, 877, 3179, 1837, 2212, 2224, 1474, 2333)
(83, 412): Mean: 1717.888, median: 1490.0, std: 1067.583, percent: 1620.7, B: 131, W: 118, 
	(2206, 935, 1345, 8770, 2117, 1517, 815, 1242, 710, 1878, 1339, 1489, 859, 1615, 2477, 870, 2415, 2673, 1601, 2346, 1287, 743, 1696, 883, 1490, 1370, 795, 1746, 1464, 1398, 3038, 1950, 2609, 915, 744, 1754, 1134, 1446, 1693, 1557, 795, 1966, 1294, 1567, 896, 2386, 1270, 853, 5748, 1613, 682, 1385, 905, 288, 1292, 4146, 484, 621, 2248, 1751, 1871, 3039, 2285, 1605, 1810, 3416, 1640, 833, 449, 2055, 1086, 2672, 1999, 1387, 1269, 1734, 1011, 783, 1590, 955, 1148, 806, 2155, 936, 1283, 1109, 912, 473, 1105, 1232, 1037, 601, 1879, 1455, 4425, 2363, 783, 936, 1740, 634, 1631, 3288, 1094, 1833, 1784, 1334, 650, 370, 1390, 2642, 2370, 930, 1804, 804, 805, 1329, 1672, 1280, 869, 1606, 3320, 1354, 1732, 525, 1741, 1271, 1999, 1218, 1011, 1674, 982, 2106, 1131, 4396, 1635, 1170, 3013, 1436, 1833, 1826, 1677, 4425, 1644, 1241, 1668, 1738, 2991, 1431, 2199, 1951, 1188, 2751, 1671, 1584, 1078, 614, 3204, 2160, 6972, 1518, 2294, 1635, 1276, 1313, 781, 1958, 1988, 1594, 1335, 2372, 538, 2148, 574, 587, 1598, 1159, 1378, 1023, 944, 2499, 3020, 1346, 1324, 1490, 2142, 807, 716, 5022, 1350, 2352, 1527, 1186, 593, 2065, 1996, 1470, 2515, 1172, 2135, 2058, 1128, 4258, 1331, 1154, 1943, 804, 1951, 2388, 1351, 298, 1990, 1794, 1390, 1045, 1162, 428, 2360, 1721, 888, 2010, 1693, 3078, 2208, 951, 2291, 1354, 4638, 1237, 2309, 1827, 1094, 5900, 2559, 1209, 4895, 1275, 1297, 1082, 1427, 1176, 852, 1428, 2148, 856, 3476, 1651, 2406, 2270, 1591, 2435)
(84, 415): Mean: 1723.416, median: 1454.0, std: 1101.233, percent: 1606.34, B: 132, W: 117, 
	(2097, 884, 1304, 8676, 2135, 1746, 779, 1359, 773, 1834, 1370, 1539, 840, 1873, 2573, 958, 2124, 3005, 1380, 2827, 1189, 692, 1712, 910, 1579, 1350, 758, 1585, 1301, 1348, 2786, 1738, 2427, 917, 710, 1927, 1290, 1294, 1880, 1488, 752, 1900, 1219, 1664, 999, 2510, 1254, 917, 5751, 1525, 729, 1422, 931, 341, 1242, 4097, 444, 577, 2690, 1789, 1560, 3337, 2458, 1448, 1925, 3481, 1620, 866, 465, 1761, 1058, 2909, 1754, 1433, 1322, 1654, 979, 796, 1486, 951, 1097, 791, 2057, 1014, 1210, 1021, 822, 453, 1085, 1156, 1128, 570, 2078, 1512, 4964, 2323, 806, 912, 1487, 580, 1442, 3560, 1063, 2147, 1808, 1187, 656, 282, 1512, 2847, 2208, 935, 1942, 848, 764, 997, 1417, 1355, 763, 1805, 3198, 1261, 1561, 591, 1748, 1231, 1881, 1206, 990, 1582, 994, 1614, 1184, 5253, 1783, 1238, 3380, 1308, 2255, 1705, 1629, 3998, 1949, 1194, 1781, 1821, 3018, 1591, 2247, 2007, 1344, 2938, 1439, 1406, 1185, 555, 3275, 2451, 7761, 1533, 2712, 1864, 1371, 1389, 696, 2050, 1864, 1361, 1329, 2385, 564, 2145, 574, 542, 1506, 1293, 1477, 1105, 773, 2207, 2753, 1219, 1299, 1609, 1946, 785, 693, 5629, 1442, 2207, 1569, 1256, 706, 2189, 1881, 1415, 3002, 1043, 2212, 2310, 1149, 4138, 1343, 1148, 1928, 767, 2543, 2329, 1107, 261, 1869, 1662, 1442, 955, 1176, 343, 2345, 2085, 839, 2025, 1445, 2962, 2255, 1202, 2305, 1320, 4241, 1302, 2016, 1890, 1136, 5539, 2249, 1323, 4547, 1321, 1234, 1037, 1460, 1103, 848, 1589, 2046, 946, 3327, 1592, 2197, 2082, 1506, 2346)
(91, 456): Mean: 1717.916, median: 1474.5, std: 1034.263, percent: 1643.12, B: 124, W: 125, 
	(2058, 1020, 1289, 7303, 2156, 1508, 784, 1226, 670, 1687, 1239, 1369, 895, 1585, 2447, 943, 2789, 2924, 1559, 2634, 1299, 673, 1720, 884, 1557, 1414, 875, 1847, 1554, 1363, 3083, 2317, 2931, 935, 824, 1828, 1166, 1358, 1819, 1502, 817, 1965, 1200, 1664, 859, 2468, 1040, 840, 4895, 1538, 768, 1421, 894, 339, 1351, 3875, 480, 595, 2913, 1824, 1700, 3552, 2272, 1576, 2122, 3415, 1736, 827, 540, 1666, 897, 3106, 1911, 1454, 1284, 1548, 911, 823, 1392, 965, 1091, 748, 2537, 983, 1113, 1113, 888, 462, 1168, 1252, 1074, 581, 1969, 1358, 5209, 2359, 892, 933, 1665, 625, 1750, 3441, 1115, 2335, 1955, 1365, 611, 300, 1354, 2631, 2037, 876, 1765, 832, 909, 1439, 1433, 1430, 787, 1723, 3232, 1407, 1743, 673, 2025, 1139, 1832, 1262, 966, 1827, 1013, 1758, 1108, 4253, 1554, 1212, 2916, 1366, 2104, 1564, 1762, 4877, 1568, 1106, 1809, 1805, 2493, 1476, 2419, 2276, 1251, 2827, 1467, 1532, 1102, 661, 3183, 2336, 6532, 1467, 2431, 1805, 1278, 1130, 717, 2251, 1743, 1426, 1480, 2353, 519, 2140, 583, 580, 1417, 1224, 1360, 1049, 736, 2525, 2547, 1340, 1549, 1449, 2313, 773, 748, 5148, 1388, 2153, 1476, 1223, 626, 2237, 1817, 1569, 2228, 1139, 2169, 2122, 1135, 3887, 1197, 1175, 1711, 722, 1877, 2392, 1315, 300, 1692, 1807, 1586, 1004, 1162, 422, 2486, 1913, 834, 2388, 1473, 2740, 2265, 959, 2386, 1423, 4867, 1308, 2146, 2052, 1129, 6205, 2971, 1322, 4063, 1343, 1258, 1070, 1402, 1038, 905, 1517, 2154, 948, 3709, 1754, 1887, 2410, 1501, 2020)
(92, 462): Mean: 1715.576, median: 1493.0, std: 1053.911, percent: 1600.88, B: 123, W: 126, 
	(2033, 966, 1276, 7529, 2114, 1769, 808, 1282, 744, 1821, 1187, 1539, 914, 1562, 2392, 846, 2919, 2600, 1406, 2430, 1333, 728, 1855, 991, 1522, 1297, 792, 1596, 1497, 1480, 3017, 1895, 2801, 930, 823, 1801, 1250, 1622, 1838, 1450, 803, 2015, 1261, 1559, 876, 2241, 1111, 815, 5169, 1574, 668, 1395, 1009, 299, 1464, 3656, 579, 659, 2582, 2006, 1716, 2915, 2327, 1646, 1657, 5120, 1748, 888, 439, 1866, 861, 2222, 1616, 1700, 1375, 1628, 978, 854, 1489, 1031, 1053, 789, 2264, 883, 1215, 1023, 935, 510, 1116, 1031, 1070, 676, 1969, 1366, 4253, 2239, 826, 836, 1689, 777, 1414, 3183, 1117, 2134, 1837, 1209, 599, 305, 1450, 2852, 2330, 900, 1848, 916, 838, 1235, 1432, 1311, 823, 1731, 3042, 1318, 1458, 557, 1784, 1205, 1839, 1219, 1007, 1798, 950, 1682, 1163, 4800, 1630, 1184, 4039, 1347, 2037, 1726, 2009, 4093, 1930, 1230, 1764, 1512, 2869, 1353, 2377, 1924, 1205, 2329, 1476, 1442, 1039, 562, 3070, 1988, 7701, 1437, 2526, 1708, 1336, 1362, 765, 1949, 1987, 1386, 1264, 2498, 581, 2095, 673, 537, 1510, 1297, 1426, 1160, 775, 2623, 2588, 1241, 1618, 1521, 2141, 844, 702, 5441, 1628, 2274, 1546, 1318, 681, 2145, 1822, 1516, 2594, 1037, 2279, 1808, 1276, 4184, 1274, 1087, 1954, 776, 1979, 2224, 1187, 306, 1829, 1677, 1580, 955, 1207, 372, 2317, 1879, 837, 1997, 1389, 3884, 2328, 1032, 2312, 1518, 4613, 1279, 2266, 1827, 1170, 5561, 2518, 1210, 3630, 1386, 1287, 1131, 1376, 1097, 817, 1579, 1867, 927, 3685, 1632, 2319, 2655, 1579, 2370)
(94, 469): Mean: 1702.412, median: 1483.5, std: 1025.558, percent: 1611.12, B: 130, W: 120, 
	(1960, 939, 1294, 7799, 1897, 1608, 825, 1275, 797, 1717, 1329, 1346, 940, 1620, 2346, 992, 2551, 2752, 1557, 3197, 1209, 733, 1766, 888, 1483, 1193, 888, 1760, 1375, 1625, 2724, 1832, 2529, 928, 745, 1648, 1240, 1633, 1762, 1437, 806, 2034, 1245, 1676, 956, 2239, 1117, 841, 5521, 1392, 681, 1451, 900, 280, 1360, 4135, 554, 526, 2441, 1868, 1553, 3118, 2499, 1413, 1789, 3824, 1542, 863, 406, 2043, 916, 2867, 1689, 1340, 1402, 1723, 872, 779, 1509, 954, 980, 784, 1894, 922, 1181, 1130, 880, 459, 1123, 1158, 1028, 690, 1920, 1434, 3684, 2245, 961, 900, 1398, 600, 1541, 3238, 1087, 2052, 1755, 1298, 663, 309, 1415, 2569, 2125, 946, 1795, 949, 809, 1084, 1418, 1268, 793, 1804, 3017, 1300, 1654, 537, 1690, 1272, 1851, 1125, 952, 1503, 976, 1893, 1148, 4520, 1615, 1175, 2745, 1435, 2277, 1629, 1996, 4893, 1992, 1140, 1873, 1852, 2995, 1381, 2281, 1984, 1274, 2574, 1388, 1682, 1087, 597, 3156, 2309, 7048, 1523, 2645, 1605, 1494, 1239, 756, 2000, 1693, 1404, 1467, 2552, 564, 2092, 578, 552, 1561, 1194, 1519, 1066, 832, 2445, 2432, 1264, 1384, 2040, 2085, 878, 761, 5317, 1484, 2197, 1444, 1143, 634, 2303, 1840, 1459, 2946, 1033, 2602, 2033, 1407, 3584, 1330, 1156, 1927, 742, 1965, 2679, 1239, 294, 1940, 1865, 1500, 1002, 1129, 474, 2239, 1651, 957, 2204, 1652, 2956, 2485, 1025, 2320, 1378, 4155, 1321, 1932, 1844, 1147, 5496, 2239, 1306, 4008, 1361, 1304, 1104, 1495, 1151, 829, 1691, 1943, 884, 3943, 1612, 2201, 2305, 1623, 2181)
(101, 508): Mean: 1707.656, median: 1517.5, std: 1048.352, percent: 1615.64, B: 127, W: 121, 
	(2347, 960, 1287, 7254, 1806, 1788, 769, 1265, 724, 1717, 1470, 1516, 938, 1726, 2227, 902, 2381, 3164, 1662, 2233, 1213, 665, 1659, 873, 1579, 1443, 897, 1703, 1268, 1373, 3162, 1948, 2621, 948, 733, 1776, 1129, 1356, 1834, 1649, 755, 2229, 1213, 1713, 983, 2292, 1177, 853, 4729, 1598, 725, 1327, 847, 317, 1317, 3483, 499, 565, 2427, 1908, 1531, 3719, 2558, 1541, 1976, 4319, 1713, 985, 459, 1930, 906, 2393, 1876, 1580, 1279, 1536, 934, 790, 1410, 868, 1008, 814, 2271, 988, 1176, 1082, 759, 477, 1125, 1196, 1126, 639, 1938, 1405, 4050, 2589, 836, 895, 1532, 669, 1519, 3039, 1146, 1954, 1737, 1241, 682, 325, 1335, 2722, 2037, 828, 1718, 820, 836, 1141, 1421, 1441, 787, 1823, 3286, 1184, 1564, 563, 1842, 1249, 1750, 1098, 892, 1674, 957, 1830, 1195, 5950, 1608, 1221, 3230, 1374, 1822, 1596, 1753, 3632, 1744, 1134, 1625, 1718, 3000, 1328, 2736, 2004, 1253, 2639, 1649, 1649, 1086, 592, 3415, 2344, 6866, 1443, 2338, 1678, 1297, 1369, 747, 1826, 1728, 1495, 1388, 2624, 567, 2314, 586, 523, 1543, 1131, 1484, 1117, 789, 2246, 2573, 1187, 1431, 1580, 2399, 863, 764, 5845, 1609, 2334, 1639, 1225, 621, 2432, 1690, 1507, 2370, 1065, 2357, 2299, 1336, 4680, 1238, 1225, 1799, 821, 2108, 2239, 1184, 269, 1819, 1750, 1467, 895, 1238, 389, 2565, 1823, 911, 1936, 1465, 3000, 2456, 990, 2176, 1424, 4411, 1310, 1856, 1783, 1147, 6446, 2379, 1253, 4087, 1336, 1303, 1111, 1541, 1078, 864, 1622, 1954, 1062, 3060, 1633, 2150, 2095, 1528, 2275)
(105, 532): Mean: 1711.264, median: 1497.0, std: 1052.246, percent: 1632.14, B: 127, W: 122, 
	(2070, 973, 1286, 8792, 2223, 1539, 845, 1275, 759, 1750, 1316, 1611, 914, 1495, 2842, 887, 2567, 2960, 1738, 2702, 1346, 732, 1757, 888, 1479, 1311, 807, 1738, 1506, 1239, 2972, 1794, 2702, 937, 781, 1654, 1259, 1506, 1807, 1571, 779, 2228, 1090, 1695, 987, 2215, 1119, 770, 4110, 1418, 675, 1388, 993, 352, 1279, 3909, 501, 594, 2404, 1936, 1681, 3039, 2593, 1438, 1936, 3292, 1712, 801, 397, 1855, 975, 2570, 1757, 1297, 1280, 1524, 870, 869, 1533, 1036, 1015, 787, 2266, 936, 1136, 1096, 829, 471, 1067, 1170, 1178, 677, 2064, 1551, 3848, 2162, 866, 867, 1571, 641, 1659, 3434, 1185, 2151, 2030, 1199, 616, 320, 1454, 2954, 2035, 975, 1791, 833, 821, 1125, 1380, 1398, 810, 1708, 2998, 1388, 1668, 588, 1655, 1243, 1623, 1050, 990, 1685, 1002, 1947, 1152, 5715, 1586, 1171, 2795, 1505, 2044, 1724, 1644, 4636, 1759, 1253, 1742, 1677, 2942, 1306, 2486, 2183, 1253, 2465, 1440, 1484, 1204, 589, 3210, 2407, 6952, 1459, 2626, 1543, 1466, 1425, 783, 1797, 1888, 1502, 1320, 2298, 597, 2312, 585, 581, 1460, 1188, 1283, 1159, 729, 2176, 2717, 1367, 1501, 1527, 1970, 825, 723, 5745, 1640, 2014, 1457, 1244, 664, 2268, 1803, 1451, 2601, 1064, 2338, 1757, 1313, 4308, 1292, 1129, 2326, 750, 2018, 2832, 1284, 260, 1936, 2098, 1391, 929, 1251, 423, 2816, 1572, 797, 2035, 1499, 3181, 2377, 1128, 2394, 1560, 4299, 1320, 2276, 1813, 1100, 5213, 2411, 1319, 4058, 1316, 1456, 1072, 1443, 1144, 812, 1543, 2186, 963, 3272, 1529, 2148, 2371, 1518, 2018)
(113, 579): Mean: 1721.236, median: 1489.0, std: 1062.298, percent: 1662.0, B: 133, W: 116, 
	(2133, 917, 1291, 7779, 2018, 1504, 792, 1254, 748, 1907, 1374, 1462, 861, 1649, 2248, 996, 3060, 2804, 1886, 2599, 1130, 693, 1570, 896, 1642, 1495, 794, 1742, 1500, 1307, 2901, 2031, 2568, 886, 678, 1826, 1165, 1538, 1877, 1441, 890, 2001, 1197, 1681, 895, 2147, 1291, 887, 5608, 1528, 710, 1438, 987, 317, 1197, 3824, 531, 667, 2831, 2256, 1630, 3091, 2437, 1635, 1700, 3599, 1526, 881, 467, 1816, 842, 2486, 1729, 1595, 1291, 1675, 1077, 794, 1393, 969, 1072, 804, 2254, 966, 1172, 997, 818, 519, 1130, 1197, 1101, 690, 1827, 1530, 3647, 2081, 845, 972, 1392, 626, 1720, 3392, 1211, 1943, 1777, 1269, 595, 315, 1425, 2640, 2689, 928, 1708, 918, 868, 1337, 1380, 1395, 773, 1841, 3151, 1303, 1479, 569, 1672, 1330, 1855, 1329, 1001, 1516, 970, 1753, 1209, 5420, 1631, 1120, 3775, 1478, 2355, 1652, 1759, 4640, 1863, 1075, 1968, 1582, 3197, 1531, 2350, 1970, 1376, 2364, 1396, 1470, 1055, 691, 3438, 2450, 7265, 1417, 2661, 1619, 1440, 1377, 777, 1901, 1640, 1377, 1446, 2293, 501, 2053, 600, 552, 1490, 1215, 1516, 1156, 748, 2438, 2373, 1340, 1437, 1570, 1924, 762, 730, 5510, 1541, 2663, 1648, 1245, 660, 2094, 2017, 1421, 2496, 1039, 2590, 1986, 1410, 3206, 1252, 1091, 1748, 785, 1831, 2780, 1390, 254, 1750, 1841, 1522, 935, 1131, 472, 2631, 1802, 883, 2375, 1488, 2965, 2469, 1003, 2243, 1439, 5482, 1297, 2159, 1988, 1068, 5654, 2576, 1282, 4369, 1367, 1335, 1112, 1460, 1105, 873, 1491, 1858, 939, 3344, 1654, 1889, 2030, 1473, 2295)
(114, 584): Mean: 1726.108, median: 1539.0, std: 1048.872, percent: 1650.16, B: 112, W: 138, 
	(2101, 966, 1318, 8781, 2154, 1538, 837, 1424, 740, 1673, 1387, 1512, 924, 1669, 2434, 907, 2867, 3353, 1697, 2264, 1140, 699, 1630, 910, 1709, 1308, 818, 1586, 1540, 1617, 2749, 2025, 2447, 1057, 778, 1705, 1144, 1676, 1895, 1566, 787, 2104, 1229, 1598, 1004, 2054, 1169, 849, 4750, 1708, 756, 1349, 896, 324, 1154, 3922, 542, 666, 2558, 2200, 1526, 2984, 2360, 1671, 1987, 3539, 1630, 863, 429, 1949, 923, 3047, 1909, 1447, 1517, 1773, 929, 826, 1622, 1014, 1076, 800, 2608, 982, 1158, 1023, 858, 566, 1116, 1236, 1180, 629, 1769, 1462, 3203, 1979, 937, 879, 1686, 571, 1482, 4201, 1141, 2056, 1678, 1171, 648, 269, 1372, 2534, 2309, 862, 1807, 894, 872, 1210, 1497, 1361, 777, 2007, 3439, 1308, 1722, 642, 1689, 1331, 1724, 1242, 848, 1604, 1020, 2069, 1189, 5043, 1498, 1263, 3890, 1353, 2479, 1685, 1817, 4695, 1919, 1111, 1770, 1724, 3082, 1602, 2428, 1881, 1205, 2529, 1404, 1508, 1089, 670, 3074, 2162, 6868, 1434, 2256, 1747, 1327, 1237, 722, 2066, 1820, 1541, 1415, 2261, 529, 1936, 579, 685, 1596, 1219, 1525, 1244, 846, 2452, 2567, 1373, 1576, 1547, 2075, 780, 757, 4999, 1438, 2497, 1678, 1271, 649, 1911, 1823, 1541, 2532, 1059, 2355, 1927, 1152, 3609, 1254, 1112, 2020, 728, 1999, 2358, 1233, 251, 1726, 1870, 1536, 861, 1181, 473, 2486, 1548, 892, 2275, 1592, 3197, 2581, 1144, 2368, 1752, 4694, 1235, 2057, 1902, 1140, 5184, 2545, 1177, 4194, 1196, 1232, 1051, 1418, 1208, 868, 1500, 1992, 849, 3984, 2007, 2061, 2438, 1647, 2407)
(115, 590): Mean: 1732.152, median: 1491.0, std: 1102.48, percent: 1633.22, B: 127, W: 123, 
	(2081, 938, 1286, 8830, 2183, 1686, 853, 1227, 754, 1846, 1273, 1404, 926, 1687, 2513, 841, 2435, 2956, 1454, 2396, 1208, 769, 1808, 835, 1520, 1429, 804, 1685, 1491, 1296, 2764, 2054, 2474, 927, 787, 1880, 1201, 1470, 1786, 1491, 815, 2238, 1227, 1843, 958, 2629, 1108, 880, 5170, 1677, 684, 1300, 1011, 283, 1193, 4125, 437, 552, 2342, 2145, 1617, 3420, 2196, 1505, 1931, 3328, 1574, 782, 499, 1732, 998, 2511, 1776, 1299, 1386, 1506, 837, 831, 1514, 1004, 1043, 773, 1991, 931, 1210, 1011, 767, 476, 1175, 1168, 1065, 624, 1954, 1726, 4587, 2184, 848, 855, 1582, 686, 1640, 2827, 1209, 2197, 1857, 1183, 684, 315, 1171, 2905, 2138, 871, 1779, 833, 832, 1339, 1530, 1367, 878, 2074, 3332, 1301, 1636, 528, 2072, 1384, 1933, 1127, 944, 1797, 1038, 1944, 1195, 6015, 1639, 1245, 3007, 1598, 2028, 1626, 1793, 4640, 1638, 1116, 1508, 1926, 3172, 1599, 2435, 2145, 1271, 2597, 1552, 1649, 1095, 625, 3041, 2325, 7221, 1431, 2678, 1571, 1216, 1218, 699, 2236, 1875, 1577, 1327, 2471, 555, 1883, 556, 542, 1409, 1232, 1487, 1237, 729, 2488, 2216, 1250, 1419, 1422, 2169, 760, 730, 5165, 1434, 2514, 1555, 1166, 620, 2141, 1730, 1708, 2628, 1048, 2394, 1792, 1246, 4186, 1270, 1166, 1587, 806, 2075, 4355, 1441, 303, 1922, 2248, 1445, 1067, 1206, 434, 2426, 1889, 837, 2528, 1367, 3298, 2528, 1179, 2083, 1325, 5124, 1391, 1949, 1901, 1097, 5429, 2347, 1232, 4686, 1253, 1237, 1039, 1445, 1099, 818, 1579, 2054, 934, 3105, 1676, 2075, 2063, 1465, 2412)
(119, 613): Mean: 1737.504, median: 1493.5, std: 1142.437, percent: 1655.96, B: 128, W: 122, 
	(2254, 854, 1262, 8408, 2447, 1478, 807, 1393, 706, 1852, 1255, 1670, 801, 1712, 2327, 985, 2592, 2929, 1512, 2350, 1165, 730, 2002, 1010, 1582, 1308, 800, 1695, 1470, 1518, 3047, 1729, 2732, 900, 762, 1775, 1104, 1459, 1726, 1509, 802, 2160, 1286, 1599, 940, 2259, 1175, 822, 4864, 1472, 642, 1577, 939, 272, 1119, 3814, 467, 486, 2572, 1955, 1551, 3463, 2189, 1622, 2087, 3768, 1464, 817, 478, 1707, 888, 2627, 1823, 1312, 1273, 1659, 890, 853, 1491, 1023, 970, 832, 2026, 1011, 1215, 1180, 870, 441, 1134, 1148, 1092, 638, 1777, 1496, 3697, 2459, 839, 863, 1481, 621, 1577, 3179, 1161, 2143, 1705, 1220, 702, 321, 1486, 2715, 2293, 921, 1814, 863, 820, 1267, 1538, 1480, 839, 1795, 3516, 1397, 1825, 593, 1741, 1328, 1862, 1223, 971, 1689, 1011, 1854, 1160, 5271, 1577, 1147, 3479, 1517, 1900, 1689, 1703, 5205, 1791, 1194, 1589, 1660, 3161, 1347, 2410, 1765, 1246, 2834, 1550, 1539, 1154, 609, 2957, 2134, 9197, 1404, 2591, 1727, 1510, 1465, 724, 1936, 1848, 1453, 1443, 2464, 537, 2169, 617, 533, 1476, 1255, 1396, 1264, 794, 2303, 2825, 1226, 1539, 1472, 2080, 703, 758, 5793, 1532, 2076, 1470, 1194, 624, 2294, 2045, 1500, 2643, 991, 2404, 1952, 1375, 4291, 1256, 1138, 1883, 775, 2460, 2577, 1463, 338, 1676, 1747, 1603, 1053, 1207, 447, 2470, 1690, 841, 2493, 1247, 3271, 2431, 1073, 2499, 1410, 4289, 1325, 2077, 1712, 1131, 7074, 2523, 1328, 4188, 1284, 1245, 1094, 1439, 1073, 919, 1723, 1976, 922, 3556, 1680, 2134, 2130, 1478, 2084)
(124, 643): Mean: 1776.384, median: 1527.5, std: 1123.884, percent: 1629.5, B: 98, W: 149, 
	(2186, 949, 1272, 8725, 2376, 1613, 771, 1463, 739, 1787, 1317, 1500, 915, 1685, 3095, 874, 2830, 3230, 1755, 2313, 1466, 730, 1698, 1006, 1610, 1474, 815, 1674, 1432, 1501, 2795, 1992, 2715, 1009, 780, 1825, 1182, 1507, 1906, 1694, 845, 2113, 1178, 1607, 1053, 2522, 1197, 810, 5409, 1552, 750, 1417, 899, 311, 1234, 3763, 495, 556, 2778, 2247, 1949, 3359, 2204, 1639, 2231, 3680, 1546, 855, 546, 2005, 1178, 2809, 1846, 1449, 1274, 1663, 1008, 784, 1451, 1072, 1045, 783, 2212, 1002, 1200, 1142, 866, 480, 1124, 1206, 1125, 792, 2167, 1578, 3804, 2301, 757, 969, 1592, 607, 1464, 3454, 1157, 2249, 2050, 1313, 610, 257, 1410, 3088, 2298, 998, 1919, 850, 882, 1233, 1438, 1596, 842, 2006, 3587, 1267, 1600, 576, 2109, 1452, 1928, 1238, 968, 1685, 1061, 2118, 1346, 5679, 1663, 1163, 3257, 1554, 2198, 1668, 1776, 4742, 2192, 1188, 1832, 1945, 3127, 1659, 2449, 1959, 1196, 2517, 1588, 1497, 1180, 650, 3070, 2233, 8247, 1390, 2689, 1597, 1457, 1318, 723, 2009, 2069, 1590, 1415, 2406, 503, 2169, 580, 639, 1653, 1206, 1609, 1105, 795, 2108, 3034, 1461, 1472, 1466, 2003, 787, 738, 6066, 1543, 2216, 1505, 1184, 687, 2144, 1885, 1634, 2884, 1018, 2463, 1993, 1177, 3645, 1298, 1196, 1810, 781, 2137, 2297, 1366, 288, 1799, 1982, 1457, 905, 1250, 426, 2229, 1625, 967, 2135, 1471, 3100, 2354, 1099, 2126, 1473, 4683, 1324, 2037, 1825, 1111, 5871, 2873, 1449, 4664, 1503, 1230, 1237, 1514, 1075, 905, 1536, 2130, 922, 3936, 1817, 2229, 2220, 1519, 2360)
(125, 649): Mean: 1720.476, median: 1531.0, std: 996.863, percent: 1608.62, B: 140, W: 107, 
	(2341, 1017, 1308, 7348, 1985, 1579, 836, 1315, 840, 2029, 1210, 1591, 886, 1909, 2473, 852, 2495, 2730, 1913, 2921, 1205, 681, 1642, 832, 1519, 1546, 824, 1685, 1614, 1408, 3122, 1893, 2944, 1013, 696, 1951, 1259, 1513, 1987, 1584, 797, 1954, 1285, 1620, 947, 2231, 1138, 927, 4917, 1582, 693, 1481, 985, 273, 1339, 3929, 511, 678, 2533, 1736, 1760, 3399, 2222, 1675, 1915, 3775, 1689, 839, 415, 1933, 879, 2498, 1761, 1445, 1258, 1554, 862, 811, 1723, 1069, 1019, 801, 2329, 1003, 1200, 1074, 845, 477, 1130, 1188, 1057, 660, 1798, 1523, 3610, 2627, 925, 884, 1459, 663, 1569, 2980, 1126, 2013, 1914, 1222, 679, 305, 1452, 2648, 2345, 816, 1793, 844, 813, 1079, 1376, 1319, 805, 1893, 3556, 1407, 1432, 593, 1700, 1250, 1816, 1331, 956, 1579, 995, 1917, 1230, 4890, 1960, 1315, 3455, 1537, 2117, 1795, 2024, 4547, 1622, 1242, 1907, 1820, 3304, 1514, 2807, 2047, 1327, 2697, 1384, 1582, 1180, 625, 2976, 2258, 6132, 1484, 2471, 1749, 1251, 1282, 726, 2293, 1743, 1494, 1308, 2557, 508, 2036, 528, 548, 1539, 1162, 1648, 1143, 757, 2841, 2236, 1351, 1342, 1564, 2048, 716, 650, 4998, 1720, 2372, 1525, 1130, 633, 2171, 1751, 1617, 2774, 1028, 2341, 2076, 1336, 4032, 1213, 1078, 1655, 741, 2553, 2148, 1342, 290, 1871, 1780, 1572, 945, 1219, 481, 2130, 1795, 872, 2169, 1550, 3353, 2605, 1013, 2353, 1455, 4115, 1358, 2042, 1905, 1118, 5462, 2292, 1311, 3516, 1415, 1289, 1112, 1466, 1155, 857, 1454, 1961, 938, 4094, 1719, 2270, 2220, 1473, 2292)
(126, 655): Mean: 1737.832, median: 1511.0, std: 1128.89, percent: 1621.92, B: 135, W: 114, 
	(2149, 1020, 1244, 7466, 1967, 1475, 830, 1477, 810, 1717, 1382, 1488, 857, 1762, 2564, 974, 2743, 3038, 1596, 2186, 1202, 679, 1727, 880, 1473, 1408, 858, 1749, 1451, 1315, 2905, 2143, 2244, 1034, 731, 1607, 1216, 1515, 2680, 1495, 867, 2040, 1134, 1601, 937, 2319, 1128, 821, 5084, 1397, 653, 1507, 940, 279, 1226, 3989, 494, 607, 2671, 1950, 1726, 3147, 2312, 1470, 2193, 3735, 1627, 861, 500, 1691, 959, 2755, 1887, 1287, 1253, 1538, 925, 745, 1386, 901, 1082, 757, 2200, 949, 1206, 1026, 917, 477, 1147, 1155, 1030, 579, 1920, 1520, 3378, 2226, 827, 877, 1682, 790, 1520, 3493, 1093, 1920, 1689, 1245, 640, 279, 1541, 2627, 1907, 831, 1980, 924, 909, 1134, 1552, 1367, 866, 1705, 3542, 1359, 1787, 592, 1785, 1301, 2128, 1295, 1082, 1504, 955, 1754, 1298, 5730, 1652, 1052, 3802, 1435, 2147, 1562, 1699, 4481, 1725, 1079, 2059, 1558, 2728, 1617, 2551, 2029, 1268, 2654, 1257, 1580, 1249, 614, 2950, 2217, 9601, 1447, 2722, 1690, 1420, 1398, 692, 2066, 1976, 1567, 1460, 2365, 559, 2319, 592, 537, 1483, 1215, 1441, 1145, 804, 2440, 2871, 1481, 1569, 1580, 1980, 746, 689, 6757, 1549, 2230, 1565, 1221, 637, 2254, 1760, 1543, 2338, 1027, 2586, 2059, 1246, 3851, 1211, 1122, 1788, 756, 1981, 2530, 1475, 197, 1808, 1755, 1525, 1054, 1266, 402, 2363, 1748, 788, 2354, 1572, 3147, 2499, 1015, 2317, 1464, 4583, 1337, 1789, 1714, 1070, 5637, 2660, 1411, 4752, 1261, 1365, 1198, 1527, 1128, 973, 1617, 1895, 890, 3630, 1760, 2222, 2118, 1417, 2246)
(135, 706): Mean: 1725.28, median: 1514.0, std: 1086.836, percent: 1643.08, B: 133, W: 116, 
	(1874, 893, 1341, 8944, 2266, 1583, 806, 1409, 752, 1806, 1167, 1440, 885, 1786, 2545, 890, 2433, 3432, 1674, 2433, 1161, 666, 1665, 811, 1538, 1262, 788, 1910, 1350, 1350, 3031, 2055, 2752, 981, 711, 1788, 1264, 1512, 1779, 1524, 873, 1928, 1251, 1668, 958, 2445, 1087, 919, 4361, 1672, 746, 1542, 926, 317, 1150, 4756, 460, 597, 2397, 2124, 1726, 3739, 2371, 1558, 1964, 4271, 1706, 802, 412, 2026, 880, 2546, 1626, 1398, 1335, 1488, 959, 806, 1535, 949, 943, 756, 2180, 971, 1186, 1083, 857, 500, 1131, 1147, 995, 640, 2059, 1526, 3882, 2476, 837, 880, 1446, 657, 1677, 3727, 1110, 1878, 1687, 1161, 631, 303, 1352, 2452, 2003, 830, 1865, 906, 870, 1176, 1509, 1291, 798, 1808, 3449, 1300, 1668, 578, 1791, 1263, 2092, 1174, 1028, 1577, 1021, 1803, 1169, 5176, 1624, 1049, 3343, 1730, 2086, 1898, 1700, 4956, 1775, 1134, 1716, 1771, 2959, 1490, 2323, 2193, 1326, 2369, 1355, 1661, 1226, 660, 2964, 2160, 6921, 1321, 2528, 1571, 1336, 1303, 720, 1771, 1930, 1561, 1371, 2137, 493, 2135, 559, 580, 1485, 1173, 1516, 1178, 797, 2372, 2589, 1323, 1372, 1541, 2261, 810, 753, 5409, 1554, 2318, 1689, 1156, 644, 2251, 1731, 1584, 2466, 1006, 2365, 2063, 1282, 3803, 1303, 1069, 1816, 728, 1882, 2321, 1255, 264, 1785, 1799, 1374, 939, 1173, 459, 2473, 1762, 894, 2176, 1457, 3104, 2525, 1082, 2569, 1443, 4614, 1315, 2208, 1777, 1001, 5828, 2573, 1335, 4340, 1383, 1319, 1113, 1470, 1033, 885, 1649, 2140, 918, 3611, 1781, 2428, 1986, 1418, 2541)
(137, 714): Mean: 1748.512, median: 1475.5, std: 1208.358, percent: 1629.72, B: 126, W: 123, 
	(2027, 864, 1340, 8055, 2135, 1615, 768, 1308, 723, 1958, 1451, 1489, 920, 1934, 2626, 951, 2530, 2962, 1665, 2474, 1173, 692, 1583, 864, 1446, 1480, 763, 1795, 1428, 1456, 3176, 2083, 2789, 930, 707, 1963, 1226, 1272, 1856, 1626, 807, 2000, 1247, 1667, 990, 2409, 1173, 882, 4993, 1500, 692, 1490, 976, 299, 1301, 5013, 494, 579, 2616, 1985, 1669, 3448, 2275, 1567, 2181, 4254, 1466, 785, 480, 2071, 944, 2274, 1880, 1417, 1357, 1490, 932, 803, 1448, 975, 1071, 800, 2119, 959, 1370, 1013, 902, 484, 1114, 1205, 1124, 623, 1922, 1416, 3635, 2372, 866, 882, 1458, 614, 1547, 3623, 1167, 1881, 1700, 1237, 606, 316, 1512, 2351, 2132, 920, 1675, 809, 773, 1122, 1329, 1308, 820, 1873, 3035, 1329, 1571, 561, 1872, 1349, 1837, 1158, 907, 1486, 926, 1801, 1253, 4713, 1795, 1107, 3031, 1330, 2223, 1705, 1641, 4633, 1687, 1104, 1694, 1661, 3232, 1361, 2564, 2000, 1315, 2649, 1504, 1558, 1129, 548, 3059, 2204, 9295, 1420, 2566, 1756, 1396, 1259, 729, 1941, 1672, 1629, 1414, 2201, 667, 2275, 579, 579, 1392, 1209, 1501, 1072, 777, 2552, 2626, 1255, 1372, 1442, 2125, 796, 713, 10057, 1557, 2312, 1490, 1128, 602, 2200, 1945, 1536, 3053, 1081, 2504, 1880, 1441, 3786, 1370, 1153, 1835, 793, 2331, 2517, 1331, 313, 1712, 1755, 1481, 1039, 1208, 450, 2314, 1535, 879, 2165, 1364, 3168, 2594, 990, 2159, 1454, 4320, 1267, 2017, 1873, 1112, 5426, 2452, 1354, 4532, 1358, 1447, 1065, 1405, 1098, 874, 1471, 2214, 935, 4191, 1569, 2176, 2463, 1512, 2191)
(147, 773): Mean: 1704.092, median: 1470.5, std: 1034.92, percent: 1585.5, B: 137, W: 112, 
	(2166, 885, 1260, 6641, 2167, 1410, 752, 1399, 679, 2118, 1357, 1497, 1030, 1711, 2467, 882, 2825, 2712, 1638, 2470, 1378, 663, 1713, 811, 1669, 1345, 865, 1573, 1606, 1175, 3081, 2237, 2534, 976, 788, 1681, 1145, 1414, 1931, 1552, 848, 1863, 1168, 1633, 950, 2171, 1163, 838, 5979, 1530, 800, 1375, 950, 288, 1237, 4310, 507, 626, 2693, 1784, 1652, 3119, 2057, 1553, 2042, 3966, 1566, 791, 502, 1761, 887, 2657, 1751, 1335, 1285, 1463, 903, 785, 1475, 922, 1187, 759, 2212, 918, 1226, 1041, 861, 491, 1123, 1321, 1089, 647, 2155, 1597, 3562, 2296, 787, 874, 1447, 667, 1492, 3541, 996, 2177, 1801, 1258, 543, 350, 1503, 2371, 1998, 952, 1961, 855, 847, 1245, 1431, 1360, 863, 1867, 2882, 1291, 1499, 623, 1876, 1256, 2077, 1134, 930, 1602, 992, 1788, 1216, 5474, 1613, 1288, 3467, 1496, 1965, 1810, 1647, 3923, 1996, 1085, 1651, 1757, 2863, 1410, 2511, 2044, 1210, 2616, 1417, 1564, 1180, 574, 3082, 2255, 7092, 1476, 2647, 1681, 1566, 1206, 719, 1949, 1687, 1437, 1241, 2207, 556, 1808, 562, 588, 1545, 1304, 1364, 1166, 736, 2972, 2572, 1294, 1433, 1426, 2024, 844, 775, 5393, 1736, 2328, 1455, 1161, 662, 2277, 1743, 1520, 2274, 977, 2177, 1803, 1332, 4008, 1320, 1128, 1705, 793, 2187, 2765, 1432, 273, 1953, 1800, 1487, 939, 1153, 328, 2266, 1653, 859, 2152, 1331, 2913, 2327, 1039, 2413, 1387, 4601, 1252, 2186, 1882, 1041, 6342, 2686, 1277, 3730, 1283, 1267, 1034, 1395, 1173, 985, 1466, 2177, 871, 3403, 1580, 2231, 2110, 1425, 2177)
(150, 791): Mean: 1723.512, median: 1485.0, std: 1037.169, percent: 1656.74, B: 106, W: 143, 
	(2367, 977, 1301, 7649, 2284, 1631, 858, 1446, 715, 1648, 1310, 1485, 1053, 1671, 2513, 985, 2559, 2889, 1745, 2556, 1158, 684, 1958, 842, 1639, 1304, 872, 1658, 1416, 1479, 2962, 1981, 2506, 976, 734, 1924, 1284, 1533, 2028, 1623, 749, 2372, 1238, 1789, 932, 2082, 1130, 928, 5097, 1453, 710, 1582, 973, 309, 1339, 3762, 471, 573, 2470, 1936, 1636, 3384, 2229, 1577, 2140, 3631, 1671, 792, 405, 1710, 952, 3100, 1829, 1487, 1361, 1653, 957, 816, 1455, 1006, 1090, 808, 2437, 997, 1219, 1086, 867, 476, 1111, 1247, 1064, 661, 1796, 1475, 4160, 2135, 796, 829, 1510, 691, 1406, 3024, 1133, 2150, 1826, 1304, 663, 314, 1350, 2987, 2176, 818, 1909, 843, 872, 1265, 1502, 1364, 817, 1820, 3848, 1368, 1484, 659, 1857, 1296, 1739, 1169, 923, 1503, 960, 1764, 1251, 4579, 1682, 1122, 3334, 1537, 2180, 1557, 1789, 3999, 1572, 1204, 1669, 1792, 2762, 1406, 2539, 2141, 1269, 2987, 1449, 1543, 1082, 654, 3277, 2146, 7447, 1434, 2472, 1602, 1463, 1199, 706, 1752, 1945, 1441, 1482, 2217, 568, 1866, 674, 519, 1586, 1290, 1454, 995, 780, 2476, 2471, 1196, 1410, 1471, 2178, 755, 708, 5233, 1485, 2268, 1615, 1177, 660, 2053, 1793, 1676, 2549, 1137, 2151, 2036, 1263, 4303, 1305, 1137, 1979, 811, 2036, 2518, 1292, 330, 2048, 1830, 1555, 955, 1196, 440, 2554, 1794, 786, 2237, 1377, 3322, 2521, 1175, 2232, 1336, 4213, 1222, 2049, 1839, 1155, 5539, 2827, 1250, 4326, 1251, 1456, 1104, 1467, 1040, 849, 1535, 1938, 1013, 3855, 1607, 2410, 2422, 1531, 2279)
(151, 794): Mean: 1730.84, median: 1517.0, std: 1153.665, percent: 1610.78, B: 139, W: 109, 
	(1991, 916, 1299, 9481, 2296, 1523, 817, 1372, 702, 2012, 1241, 1433, 879, 1704, 2320, 926, 3038, 2654, 1394, 2201, 1228, 651, 1573, 871, 1568, 1417, 799, 1587, 1414, 1522, 2703, 1874, 2664, 967, 728, 1703, 1187, 1297, 1784, 1637, 708, 2148, 1283, 1754, 804, 2417, 1160, 824, 5722, 1470, 742, 1519, 922, 324, 1252, 4383, 559, 546, 2540, 1838, 1549, 3128, 2230, 1702, 1721, 3370, 1650, 795, 463, 1928, 965, 2594, 1745, 1364, 1291, 1919, 970, 815, 1416, 1104, 1051, 761, 2274, 950, 1205, 1157, 837, 460, 1051, 1239, 1048, 727, 1992, 1573, 3983, 2548, 802, 908, 1502, 696, 1609, 2771, 1124, 2102, 1660, 1264, 622, 331, 1481, 2823, 1961, 763, 1971, 825, 768, 1566, 1478, 1370, 817, 1577, 2904, 1321, 1623, 606, 1605, 1434, 1767, 1099, 1022, 1957, 895, 1700, 1244, 6023, 1567, 1151, 2856, 1412, 2266, 1665, 1999, 4687, 1653, 1204, 1802, 1731, 2893, 1501, 2463, 2053, 1180, 2294, 1529, 1626, 1174, 674, 3263, 2314, 8916, 1323, 2487, 1604, 1521, 1261, 718, 1792, 1797, 1333, 1369, 2325, 561, 2059, 627, 563, 1474, 1089, 1542, 1150, 704, 2385, 2317, 1251, 1514, 1603, 2072, 790, 764, 4881, 1465, 2160, 1515, 1137, 590, 2256, 1753, 1702, 3086, 1030, 2526, 1858, 1134, 5291, 1358, 1129, 1900, 814, 2143, 2356, 1398, 286, 1817, 1817, 1531, 988, 1130, 531, 2453, 1728, 948, 2071, 1471, 3174, 2528, 1099, 2243, 1257, 4086, 1296, 2364, 1673, 1049, 5686, 2356, 1310, 5161, 1313, 1257, 1033, 1435, 1184, 913, 1654, 1973, 941, 3595, 1723, 2086, 2222, 1711, 2413)
(154, 809): Mean: 1700.0, median: 1510.5, std: 1033.15, percent: 1590.9, B: 129, W: 121, 
	(1837, 915, 1351, 7401, 2435, 1589, 891, 1371, 742, 1698, 1345, 1490, 963, 1644, 2305, 997, 2468, 2540, 1515, 2313, 1139, 653, 1568, 873, 1547, 1326, 743, 1578, 1449, 1295, 3261, 1818, 2369, 985, 770, 1776, 1271, 1522, 1811, 1564, 775, 1959, 1242, 1603, 940, 2093, 1103, 881, 5157, 1614, 682, 1359, 1002, 290, 1315, 3693, 456, 554, 2287, 2031, 1525, 3635, 2234, 1599, 1735, 4073, 1540, 775, 432, 1999, 962, 2621, 1837, 1332, 1299, 1450, 911, 861, 1794, 1048, 1083, 776, 2161, 1053, 1074, 1116, 814, 510, 1115, 1264, 1120, 684, 1811, 1697, 4382, 2232, 800, 865, 1519, 654, 1554, 3600, 1134, 1969, 1739, 1161, 626, 341, 1383, 3150, 2067, 816, 1923, 849, 779, 1101, 1312, 1407, 806, 1631, 3249, 1451, 1726, 574, 1805, 1318, 1962, 1252, 1006, 1848, 930, 1870, 1216, 5141, 1514, 1078, 3074, 1453, 2091, 1793, 1905, 4459, 1805, 1132, 1648, 1853, 3187, 1446, 2645, 1987, 1223, 2966, 1359, 1713, 1133, 696, 2975, 2090, 7057, 1401, 2439, 1548, 1507, 1292, 696, 1941, 2003, 1460, 1237, 2321, 546, 1834, 576, 590, 1407, 1163, 1464, 1124, 748, 2536, 2167, 1152, 1540, 1627, 1901, 744, 680, 5813, 1440, 2058, 1561, 1170, 650, 2114, 1911, 1631, 2238, 1037, 2438, 1730, 1239, 4004, 1275, 1122, 1839, 710, 1960, 2612, 1372, 288, 2051, 1751, 1558, 976, 1179, 377, 2105, 1638, 951, 2115, 1524, 2841, 2295, 1002, 2073, 1388, 4331, 1416, 2376, 1846, 1044, 5475, 2299, 1288, 3922, 1323, 1411, 1096, 1437, 1023, 882, 1761, 2040, 943, 3757, 1673, 1966, 2484, 1490, 2503)
(158, 830): Mean: 1705.172, median: 1501.5, std: 1055.863, percent: 1599.58, B: 115, W: 134, 
	(2196, 932, 1451, 8828, 2257, 1752, 811, 1326, 783, 1525, 1459, 1488, 904, 1743, 2281, 861, 2505, 2667, 1523, 2084, 1142, 737, 1608, 907, 1524, 1326, 819, 1610, 1473, 1344, 2908, 2167, 2444, 1003, 707, 1700, 1196, 1494, 2037, 1523, 861, 2060, 1145, 1553, 1032, 2182, 1218, 818, 5237, 1528, 665, 1414, 951, 297, 1177, 3671, 500, 606, 2339, 1948, 1732, 3174, 1967, 1692, 1895, 3326, 1769, 802, 450, 1617, 935, 2867, 1589, 1509, 1510, 1491, 1023, 835, 1591, 1045, 997, 835, 2338, 958, 1181, 1163, 794, 529, 1199, 1310, 1231, 710, 1905, 1708, 3866, 2157, 829, 905, 1452, 659, 1677, 3400, 1064, 2238, 1683, 1108, 621, 272, 1220, 3138, 2151, 960, 1984, 817, 801, 1293, 1353, 1456, 760, 1876, 2766, 1325, 1672, 629, 1808, 1171, 2086, 1140, 924, 1854, 867, 1882, 1099, 4187, 1543, 1095, 3425, 1478, 1814, 1761, 1850, 4772, 1778, 1072, 1464, 1674, 2764, 1383, 2463, 1887, 1205, 2717, 1445, 1547, 1135, 562, 2900, 2565, 6879, 1291, 2555, 1581, 1311, 1293, 759, 1923, 1643, 1375, 1274, 2921, 584, 2163, 631, 634, 1491, 1284, 1347, 1149, 831, 2459, 2852, 1310, 1436, 1553, 2069, 828, 696, 5280, 1610, 2666, 1455, 1145, 614, 1908, 1836, 1581, 2345, 965, 2383, 2014, 1261, 3799, 1323, 1147, 1882, 723, 2112, 2264, 1643, 287, 1951, 1705, 1625, 945, 1186, 378, 2460, 1628, 859, 2072, 1608, 3215, 2307, 1099, 2138, 1390, 4887, 1350, 2035, 1587, 1059, 6636, 2410, 1268, 3607, 1162, 1244, 1212, 1451, 1061, 825, 1806, 2195, 925, 3226, 1723, 2313, 2078, 1708, 2221)
(159, 834): Mean: 1799.372, median: 1570.5, std: 1054.542, percent: 1691.92, B: 63, W: 187, 
	(2253, 939, 1287, 7382, 2297, 1672, 853, 1421, 915, 1816, 1423, 1498, 1000, 1797, 2615, 900, 3273, 3267, 1562, 2474, 1315, 752, 1768, 997, 1544, 1440, 890, 1847, 1494, 1481, 2654, 2008, 2777, 1007, 738, 1823, 1184, 1658, 2158, 1839, 854, 2198, 1267, 1752, 930, 2491, 1143, 917, 5249, 1821, 812, 1348, 972, 292, 1254, 4561, 462, 662, 2368, 2323, 2092, 3285, 2334, 1770, 1902, 4171, 1569, 839, 503, 2199, 1010, 2633, 2071, 1591, 1572, 1981, 942, 798, 1724, 1167, 1119, 793, 2312, 1022, 1299, 1256, 908, 553, 1220, 1327, 1244, 731, 2236, 1460, 4628, 2069, 915, 953, 1477, 679, 1672, 3732, 1132, 2045, 1885, 1184, 646, 372, 1455, 2611, 2401, 1023, 1830, 871, 933, 1258, 1503, 1426, 878, 1847, 3615, 1407, 1718, 624, 1825, 1471, 2110, 1106, 1021, 1857, 961, 1893, 1395, 4912, 1735, 1307, 3091, 1368, 2050, 1754, 1813, 4048, 2230, 1243, 1717, 1937, 2974, 1417, 2846, 2074, 1347, 2957, 1424, 1734, 1270, 619, 3097, 2628, 6370, 1652, 2466, 1784, 1490, 1372, 766, 2146, 1867, 1610, 1506, 2431, 533, 2035, 763, 612, 1688, 1203, 1376, 1153, 847, 2454, 3006, 1433, 1410, 1342, 2274, 859, 756, 6227, 1562, 2209, 1642, 1204, 694, 2204, 1947, 1709, 2312, 1107, 2478, 2036, 1360, 3560, 1345, 1166, 1650, 794, 2449, 2774, 1388, 220, 2117, 1767, 1683, 1117, 1210, 458, 2527, 1941, 897, 2356, 1569, 4438, 2427, 1156, 2240, 1331, 4393, 1322, 2018, 1919, 1143, 5934, 2671, 1425, 4796, 1506, 1507, 1177, 1585, 1206, 905, 1958, 2006, 976, 3411, 1653, 1890, 2194, 1724, 2702)
(160, 837): Mean: 1784.424, median: 1544.5, std: 1060.484, percent: 1662.7, B: 132, W: 116, 
	(2370, 855, 1321, 7803, 2190, 1796, 896, 1342, 771, 1689, 1435, 1443, 946, 1714, 2942, 962, 2621, 2986, 1760, 2279, 1445, 721, 2042, 959, 1560, 1544, 916, 1882, 1423, 1618, 3302, 2050, 2801, 1068, 822, 1758, 1226, 1459, 1801, 1517, 812, 2480, 1239, 1571, 918, 3066, 1300, 918, 4560, 1692, 693, 1452, 986, 308, 1119, 4494, 551, 633, 2954, 2201, 1702, 3778, 2135, 1706, 1746, 3543, 2039, 775, 507, 1747, 1020, 2351, 1874, 1519, 1380, 1588, 959, 1005, 1545, 1077, 988, 847, 2186, 963, 1137, 1124, 846, 488, 1134, 1244, 1177, 693, 2091, 1626, 4449, 2265, 827, 951, 1786, 626, 1672, 3254, 1175, 2235, 2083, 1386, 660, 334, 1487, 2543, 2315, 867, 1837, 955, 816, 1149, 1468, 1525, 859, 1749, 3060, 1434, 1690, 743, 1829, 1364, 2072, 1197, 1031, 1770, 1043, 1982, 1143, 5593, 1505, 1177, 4000, 1460, 2052, 1758, 2046, 4165, 1761, 1211, 1828, 1635, 3049, 1445, 2270, 2331, 1296, 3163, 1517, 1704, 1212, 624, 3310, 2197, 6412, 1711, 2791, 1774, 1426, 1299, 716, 2277, 1899, 1473, 1543, 2607, 532, 2051, 638, 617, 1534, 1189, 1517, 1103, 829, 2588, 2854, 1440, 1544, 1573, 2030, 862, 756, 5911, 1563, 2093, 1464, 1210, 722, 2129, 2214, 1470, 2870, 1165, 2442, 2242, 1254, 4340, 1331, 1087, 1769, 837, 2063, 2415, 1449, 348, 1958, 2109, 1575, 990, 1381, 446, 2293, 1786, 1005, 2351, 1566, 3611, 2598, 1161, 2377, 1630, 4006, 1329, 1943, 2066, 1177, 5864, 2164, 1442, 4876, 1323, 1310, 1064, 1455, 1162, 923, 1761, 1930, 962, 3776, 1739, 2193, 2079, 1776, 2514)
(161, 842): Mean: 1785.944, median: 1567.5, std: 1134.701, percent: 1664.08, B: 128, W: 122, 
	(2482, 912, 1436, 10414, 2252, 1596, 872, 1340, 710, 2256, 1429, 1422, 915, 1789, 2388, 948, 2957, 3261, 1626, 2705, 1328, 756, 1756, 877, 1621, 1475, 880, 1938, 1663, 1508, 3109, 1906, 2779, 958, 878, 1879, 1280, 1906, 1656, 1733, 827, 2145, 1310, 1615, 1122, 2487, 1354, 936, 4609, 1803, 713, 1497, 1066, 295, 1264, 3764, 501, 679, 2776, 1972, 1769, 4021, 2566, 1729, 1919, 3974, 1553, 838, 486, 1827, 1123, 2659, 1970, 1600, 1362, 1668, 820, 850, 1440, 1028, 1079, 809, 2261, 988, 1272, 1114, 886, 455, 1144, 1200, 1189, 673, 1768, 1647, 3919, 2631, 822, 921, 1643, 621, 1761, 3343, 1133, 2067, 1781, 1219, 612, 380, 1390, 2970, 2216, 917, 2131, 846, 805, 1252, 1501, 1383, 860, 1826, 3752, 1376, 1713, 548, 1898, 1342, 2038, 1235, 968, 1700, 1087, 1931, 1243, 6526, 1711, 1361, 3124, 1521, 2046, 1686, 2161, 4389, 1788, 1347, 1837, 1960, 3045, 1325, 2396, 1996, 1338, 2529, 1404, 1601, 1237, 625, 3267, 2267, 6966, 1528, 2492, 1940, 1541, 1327, 692, 2329, 1873, 1504, 1541, 2383, 600, 2181, 653, 642, 1574, 1141, 1590, 977, 850, 2410, 2663, 1438, 1498, 1561, 2049, 814, 777, 5336, 1550, 2264, 1386, 1212, 670, 2193, 1755, 1623, 2689, 1075, 2293, 1849, 1234, 4042, 1306, 1103, 1737, 768, 2314, 2258, 1376, 333, 2022, 1971, 1604, 1042, 1272, 373, 2646, 1665, 987, 2116, 1367, 3521, 2438, 1064, 2111, 1454, 4043, 1247, 2422, 1676, 1079, 5915, 2420, 1399, 4837, 1384, 1341, 1263, 1581, 1176, 970, 1629, 2193, 834, 3423, 1715, 2177, 2082, 1561, 2280)
(163, 851): Mean: 1747.792, median: 1512.0, std: 1077.25, percent: 1674.52, B: 151, W: 99, 
	(2631, 943, 1150, 8345, 2059, 1484, 788, 1473, 801, 1700, 1456, 1349, 888, 1611, 2397, 927, 3022, 2898, 1796, 2456, 1288, 731, 1771, 858, 1666, 1379, 830, 1711, 1391, 1363, 2865, 2081, 2254, 1091, 786, 1795, 1298, 1389, 1814, 1582, 823, 2233, 1258, 1601, 936, 2452, 1105, 823, 6054, 1691, 736, 1425, 912, 265, 1338, 3887, 496, 668, 2662, 2012, 1718, 3186, 2150, 1645, 1910, 3262, 1569, 811, 459, 1775, 974, 2563, 1894, 1574, 1421, 1592, 1130, 827, 1524, 1016, 1108, 794, 2192, 943, 1285, 1140, 772, 460, 1121, 1183, 1156, 630, 1867, 1543, 4082, 2342, 898, 928, 1688, 642, 1912, 3181, 1182, 2174, 1698, 1197, 646, 333, 1397, 2704, 2054, 930, 1847, 926, 880, 1282, 1486, 1254, 752, 1773, 3530, 1356, 1829, 640, 1665, 1318, 2248, 1171, 1059, 1697, 1006, 2019, 1214, 5518, 1638, 1328, 3191, 1454, 2059, 1712, 1658, 4287, 1854, 1134, 1765, 1899, 2943, 1301, 2215, 1785, 1300, 2818, 1375, 1583, 1266, 636, 2908, 2496, 6479, 1539, 2515, 1910, 1501, 1266, 674, 2181, 1805, 1397, 1502, 2553, 552, 2036, 637, 563, 1646, 1214, 1385, 1104, 790, 2554, 2800, 1214, 1436, 1513, 1783, 800, 802, 6401, 1511, 2185, 1492, 1193, 646, 2536, 1799, 1911, 2506, 1029, 2450, 2031, 1272, 3987, 1241, 1188, 1775, 771, 2069, 2242, 1509, 334, 1967, 1992, 1422, 898, 1189, 396, 2508, 1880, 847, 2254, 1445, 3571, 2473, 1079, 2414, 1419, 4501, 1360, 2013, 1956, 1147, 5896, 2327, 1330, 4506, 1338, 1375, 1206, 1669, 1109, 837, 1589, 2232, 927, 3757, 1646, 2089, 2250, 1612, 2542)
(165, 859): Mean: 1722.536, median: 1464.5, std: 1070.55, percent: 1643.06, B: 151, W: 99, 
	(2354, 936, 1351, 7959, 2203, 1590, 792, 1499, 747, 1694, 1221, 1372, 916, 1667, 2384, 917, 2694, 2702, 1560, 2787, 1219, 766, 1642, 852, 1461, 1203, 877, 2019, 1472, 1339, 2903, 2342, 2761, 1033, 751, 1674, 1258, 1408, 1883, 1462, 830, 2198, 1321, 1911, 943, 2506, 1071, 796, 5083, 1500, 747, 1416, 928, 287, 1282, 3722, 528, 559, 2833, 1931, 1618, 3570, 2392, 1664, 1734, 3663, 1534, 797, 461, 1594, 906, 2873, 1655, 1504, 1231, 1524, 958, 746, 1523, 977, 1012, 842, 2090, 930, 1187, 1119, 812, 498, 1133, 1182, 1166, 660, 1793, 1528, 3085, 2558, 831, 864, 1776, 622, 1312, 2905, 1136, 2150, 1762, 1317, 599, 300, 1250, 2703, 2322, 863, 1951, 806, 835, 1232, 1389, 1298, 796, 1766, 3668, 1393, 1691, 609, 1780, 1340, 1885, 1203, 979, 1711, 938, 1948, 1171, 4910, 1625, 1149, 3132, 1375, 2057, 1683, 1664, 4824, 1689, 1090, 2104, 1890, 2879, 1262, 2602, 1940, 1397, 2782, 1349, 1462, 1148, 698, 3479, 2412, 6819, 1496, 2422, 1703, 1343, 1328, 712, 1897, 1734, 1342, 1382, 2583, 528, 1975, 592, 588, 1626, 1273, 1500, 1079, 805, 2410, 2719, 1287, 1371, 1443, 2273, 848, 713, 6505, 1654, 2066, 1499, 1134, 656, 2050, 1920, 1606, 2439, 1181, 2355, 2145, 1341, 3416, 1290, 1043, 1915, 762, 2248, 2448, 1256, 237, 1903, 1775, 1524, 1015, 1379, 493, 2486, 1467, 776, 1930, 1284, 3072, 2461, 1212, 2368, 1350, 5259, 1307, 1977, 1667, 1219, 6204, 2729, 1397, 4282, 1235, 1277, 1293, 1359, 1039, 853, 1413, 1946, 909, 3706, 1986, 2132, 2017, 1578, 2114)
(167, 871): Mean: 1717.288, median: 1495.5, std: 1052.955, percent: 1627.62, B: 128, W: 122, 
	(2079, 951, 1436, 8265, 2300, 1664, 785, 1420, 743, 1660, 1247, 1421, 843, 1818, 2641, 881, 2526, 2887, 1705, 2525, 1279, 691, 1573, 837, 1556, 1346, 786, 1729, 1316, 1430, 2795, 1738, 2590, 957, 732, 1881, 1101, 1484, 2063, 1906, 849, 2018, 1162, 1640, 882, 2429, 1094, 767, 5991, 1497, 693, 1354, 1003, 326, 1260, 3555, 512, 536, 2663, 2127, 1584, 3643, 2274, 1538, 1872, 3583, 1978, 733, 450, 1722, 961, 2366, 1676, 1355, 1217, 1777, 880, 768, 1506, 1125, 1066, 802, 2164, 981, 1146, 1048, 854, 491, 1175, 1148, 1069, 698, 1989, 1709, 4339, 2177, 848, 882, 1449, 670, 1595, 3262, 1114, 2103, 1887, 1199, 654, 301, 1287, 2643, 2110, 911, 1926, 875, 859, 1171, 1374, 1388, 788, 1771, 3210, 1280, 1599, 660, 1895, 1312, 1919, 1339, 960, 1613, 1004, 1760, 1296, 5458, 1767, 1156, 3537, 1448, 2031, 1827, 1629, 4532, 1655, 1139, 1950, 1950, 2998, 1470, 2374, 1955, 1303, 2934, 1324, 1597, 1161, 632, 3437, 2234, 6215, 1410, 2434, 1636, 1486, 1196, 735, 2000, 1664, 1632, 1494, 2139, 561, 2113, 588, 518, 1375, 1261, 1506, 1098, 840, 2772, 2693, 1361, 1375, 1544, 2088, 772, 647, 5228, 1533, 2502, 1554, 1159, 632, 2078, 1707, 1620, 2356, 1029, 2467, 1864, 1227, 4055, 1301, 1034, 1593, 726, 1843, 2468, 1383, 312, 1824, 1990, 1446, 971, 1264, 465, 2656, 1598, 845, 2206, 1610, 2948, 2328, 1023, 2637, 1399, 4797, 1441, 2051, 1782, 1206, 5534, 2114, 1221, 3870, 1304, 1221, 974, 1440, 972, 921, 1523, 2105, 973, 3639, 1681, 2052, 2468, 1487, 2291)
(172, 900): Mean: 1718.536, median: 1493.0, std: 1027.506, percent: 1606.6, B: 121, W: 129, 
	(2118, 947, 1493, 7773, 2245, 1476, 781, 1495, 706, 1691, 1225, 1469, 874, 1728, 2409, 867, 2926, 3330, 1489, 2721, 1239, 703, 1665, 831, 1557, 1431, 840, 1576, 1424, 1535, 2758, 1987, 3062, 1028, 717, 1722, 1217, 1505, 1927, 1610, 801, 1816, 1279, 1805, 1006, 2157, 1080, 854, 4357, 1541, 687, 1361, 1006, 321, 1204, 4014, 502, 585, 2878, 1947, 1650, 3115, 2125, 1682, 1981, 3450, 1643, 819, 409, 1665, 1011, 2506, 2065, 1511, 1228, 1515, 1008, 814, 1477, 1039, 999, 820, 2292, 1074, 1178, 1065, 882, 476, 1213, 1172, 1181, 644, 1926, 1690, 3706, 2290, 809, 893, 1679, 579, 1792, 3241, 1152, 2064, 1895, 1267, 598, 343, 1460, 2526, 2104, 794, 1908, 832, 851, 1207, 1311, 1342, 833, 1682, 3616, 1404, 1785, 517, 1711, 1415, 1992, 1232, 974, 1607, 996, 2231, 1209, 4381, 1532, 1281, 3812, 1465, 2251, 1770, 1659, 5109, 1789, 1196, 1885, 1702, 3454, 1406, 2343, 1977, 1286, 2699, 1347, 1497, 1268, 591, 3000, 2461, 6601, 1418, 2413, 1779, 1450, 1312, 771, 2082, 2105, 1566, 1313, 2387, 541, 2056, 643, 613, 1458, 1188, 1557, 1135, 807, 2492, 2667, 1273, 1478, 1484, 2251, 780, 699, 5741, 1488, 2376, 1438, 1134, 682, 2106, 1917, 1640, 2856, 1062, 2059, 2118, 1258, 3561, 1243, 1146, 1731, 811, 2126, 2430, 1303, 272, 1787, 1742, 1662, 942, 1173, 434, 2383, 1676, 811, 2128, 1421, 3828, 2145, 1047, 2076, 1427, 4623, 1493, 1870, 1826, 1054, 5523, 2328, 1273, 4068, 1350, 1210, 1127, 1368, 1131, 912, 1663, 1773, 995, 3691, 1642, 2059, 2139, 1245, 2141)
(173, 901): Mean: 2140.5, median: 1871.5, std: 1348.397, percent: 2008.6, B: 1, W: 249, 
	(2800, 1118, 1535, 9426, 2696, 2013, 932, 2028, 1015, 2660, 1559, 1764, 954, 2085, 2964, 1054, 3271, 3704, 2067, 3246, 1314, 874, 2102, 944, 1673, 1632, 901, 1938, 1921, 1921, 4107, 2539, 3483, 1268, 946, 2266, 1495, 1716, 2368, 2199, 930, 3076, 1571, 1856, 1384, 2693, 1435, 1010, 5631, 1865, 840, 1574, 1249, 362, 1455, 5288, 644, 749, 3864, 2150, 2534, 3546, 2240, 1988, 2603, 5011, 2100, 1010, 590, 2061, 1173, 3821, 2405, 1625, 1612, 1838, 1042, 1010, 1580, 1258, 1216, 925, 2643, 1195, 1327, 1394, 1244, 545, 1405, 1298, 1379, 793, 2112, 2089, 4599, 2692, 1063, 1103, 1969, 740, 2089, 4385, 1520, 2655, 2208, 1391, 903, 344, 1893, 3269, 2762, 1029, 2471, 981, 996, 1711, 1972, 2077, 1049, 2242, 4818, 1535, 1878, 653, 2224, 1571, 2633, 1572, 1063, 2150, 1233, 2384, 1592, 6854, 1957, 1410, 3907, 1706, 2381, 1969, 1982, 5565, 2364, 1464, 2201, 2071, 3489, 1621, 2936, 2614, 1636, 3570, 1717, 1969, 1503, 735, 3611, 2642, 8629, 1852, 3712, 2239, 1527, 1550, 880, 3026, 2242, 1918, 1986, 3322, 630, 2689, 801, 772, 1692, 1355, 1726, 1258, 935, 2586, 2912, 1672, 1772, 1639, 2262, 1130, 852, 7889, 1864, 3193, 1968, 1322, 807, 2940, 2283, 1902, 3626, 1201, 3160, 2438, 1359, 5618, 1463, 1289, 2042, 943, 2445, 3129, 1680, 328, 2425, 2246, 1749, 1148, 1522, 608, 3306, 2054, 1041, 2908, 1968, 3634, 2804, 1265, 2268, 1541, 6119, 1545, 2812, 2151, 1402, 7762, 2766, 1573, 5524, 1533, 1582, 1343, 1660, 1140, 1119, 2003, 2574, 1111, 4372, 2400, 2455, 2569, 1675, 2964)
(174, 902): Mean: 1794.304, median: 1561.0, std: 1078.832, percent: 1705.62, B: 235, W: 15, 
	(2470, 1125, 1345, 7223, 2224, 1605, 789, 1491, 795, 1881, 1352, 1393, 875, 1760, 2543, 867, 3170, 2920, 1706, 2624, 1333, 729, 1661, 968, 1696, 1395, 791, 1762, 1488, 1479, 3124, 2066, 3441, 1046, 777, 1811, 1282, 1853, 1771, 1496, 811, 1903, 1431, 1793, 982, 2579, 1223, 851, 5422, 1662, 712, 1417, 991, 301, 1263, 4349, 481, 606, 2766, 1946, 1792, 3363, 2517, 1534, 2029, 3567, 1704, 871, 438, 1789, 981, 3222, 2148, 1430, 1328, 1677, 1033, 860, 1563, 1056, 1081, 883, 2432, 949, 1170, 1133, 918, 518, 1171, 1296, 1214, 762, 2015, 1566, 4248, 2900, 848, 902, 1838, 618, 1641, 3369, 1273, 2032, 1961, 1270, 592, 325, 1428, 2607, 2189, 885, 1918, 859, 875, 1479, 1466, 1344, 767, 2272, 3452, 1564, 1869, 611, 1762, 1382, 2116, 1298, 986, 1543, 945, 1914, 1244, 5760, 1658, 1205, 3472, 1556, 2248, 1730, 1684, 5200, 1973, 1174, 1972, 1914, 2992, 1616, 2348, 2128, 1376, 2639, 1311, 1476, 1163, 612, 2699, 2488, 7923, 1529, 3088, 1680, 1333, 1231, 780, 1926, 1887, 1585, 1591, 2631, 562, 2177, 697, 610, 1583, 1276, 1423, 1241, 794, 2514, 2433, 1376, 1572, 1452, 2297, 812, 740, 5255, 1967, 2271, 1419, 1162, 661, 2277, 2004, 1565, 2806, 1089, 2832, 2538, 1414, 4068, 1294, 1319, 1740, 811, 2369, 2447, 1559, 311, 2019, 2048, 1476, 962, 1271, 392, 2562, 1740, 892, 2268, 1523, 2763, 2315, 1255, 2399, 1430, 4738, 1286, 2031, 1893, 1115, 5226, 2604, 1256, 4415, 1311, 1358, 1144, 1644, 1063, 987, 1668, 2390, 979, 3548, 1687, 2067, 2354, 1528, 2436)
(176, 913): Mean: 1711.432, median: 1442.5, std: 1028.419, percent: 1643.1, B: 174, W: 75, 
	(1980, 924, 1247, 6953, 2190, 1429, 810, 1443, 791, 1471, 1392, 1433, 864, 1660, 2682, 910, 2915, 3229, 1541, 2174, 1367, 729, 1790, 805, 1465, 1300, 832, 1570, 1281, 1248, 2837, 1797, 2472, 992, 756, 1723, 1232, 1422, 1982, 1476, 828, 2046, 1198, 1585, 901, 2395, 1182, 922, 5170, 1543, 737, 1407, 920, 348, 1257, 3889, 486, 587, 2669, 2037, 1678, 3427, 2189, 1636, 1870, 3873, 1616, 861, 470, 1781, 968, 2403, 1865, 1425, 1227, 1642, 1037, 894, 1480, 1043, 1051, 768, 2296, 962, 1151, 1124, 986, 445, 1088, 1289, 1059, 625, 1956, 1625, 3571, 2264, 876, 943, 1563, 622, 1628, 3164, 1100, 2018, 1955, 1205, 641, 322, 1503, 2559, 2716, 801, 1739, 881, 851, 1242, 1392, 1389, 776, 1829, 3176, 1318, 1515, 560, 1727, 1417, 1868, 1102, 983, 1673, 995, 1806, 1228, 4747, 1802, 1283, 3186, 1380, 2253, 1645, 2135, 5053, 1764, 1225, 1720, 1730, 2956, 1427, 2756, 2191, 1327, 2477, 1431, 1726, 1233, 550, 3087, 2087, 7005, 1442, 2876, 1567, 1415, 1311, 702, 1918, 1840, 1576, 1263, 2429, 521, 1888, 606, 575, 1380, 1265, 1441, 1167, 820, 2558, 2486, 1297, 1395, 1360, 1971, 808, 760, 5651, 1479, 2228, 1545, 1292, 656, 1908, 1834, 1526, 2620, 1027, 2588, 1968, 1196, 3539, 1384, 1143, 1944, 764, 2256, 2732, 1337, 264, 1745, 2109, 2280, 1020, 1170, 324, 2191, 1858, 935, 2187, 1430, 2831, 2387, 1017, 2028, 1273, 4541, 1263, 2051, 1675, 1202, 6348, 2257, 1212, 4264, 1377, 1253, 1111, 1426, 1033, 869, 1481, 2073, 887, 3168, 1649, 2369, 2393, 1339, 2189)
(177, 916): Mean: 1718.752, median: 1479.5, std: 1031.278, percent: 1613.9, B: 121, W: 128, 
	(2161, 962, 1350, 6721, 2012, 1514, 753, 1361, 772, 1828, 1378, 1428, 846, 1640, 2678, 870, 2371, 2776, 1713, 2151, 1300, 683, 1645, 881, 1585, 1275, 856, 1689, 1441, 1389, 2944, 2077, 2783, 1020, 726, 1809, 1203, 1529, 1930, 1577, 799, 2205, 1197, 1714, 1210, 2361, 1172, 836, 5055, 1481, 764, 1421, 939, 321, 1407, 3353, 451, 689, 2899, 1917, 1804, 3421, 2235, 1741, 2080, 3913, 1607, 827, 440, 2216, 917, 2442, 1701, 1590, 1347, 1620, 861, 779, 1472, 984, 1076, 800, 2078, 878, 1296, 1163, 791, 489, 1146, 1148, 1194, 628, 1987, 1466, 3912, 2301, 827, 872, 1451, 599, 1648, 2877, 1080, 2108, 1861, 1214, 635, 303, 1341, 2616, 2124, 795, 1898, 840, 905, 1280, 1361, 1299, 866, 2019, 3694, 1405, 1415, 531, 1887, 1399, 1875, 1188, 946, 1530, 955, 1986, 1291, 4452, 1607, 1285, 3169, 1467, 2122, 1698, 1926, 5587, 1875, 1081, 1638, 1802, 2607, 1387, 2173, 2019, 1288, 2477, 1548, 1646, 1155, 602, 2984, 2101, 7633, 1499, 2676, 1773, 1492, 1257, 715, 2183, 1797, 1472, 1464, 2261, 608, 2117, 588, 625, 1596, 1173, 1621, 1058, 821, 2727, 2708, 1393, 1471, 1452, 2092, 710, 731, 5282, 1578, 2425, 1460, 1196, 680, 2106, 1695, 1478, 2835, 1061, 2274, 2024, 1210, 3913, 1279, 1329, 1707, 813, 2037, 2300, 1296, 295, 2101, 1890, 1474, 875, 1247, 506, 2473, 1550, 841, 2341, 1467, 2802, 2483, 1042, 2392, 1495, 5213, 1224, 2060, 1654, 1144, 6049, 2551, 1319, 3873, 1391, 1241, 1259, 1389, 1123, 911, 1539, 1956, 955, 3244, 1887, 1834, 2460, 1520, 2142)
(178, 921): Mean: 1720.952, median: 1502.0, std: 1049.612, percent: 1618.16, B: 133, W: 116, 
	(2237, 953, 1254, 6838, 2250, 1620, 813, 1262, 692, 1539, 1274, 1422, 959, 1825, 2449, 844, 2876, 2606, 1631, 2573, 1245, 700, 1675, 843, 1757, 1340, 760, 1713, 1554, 1370, 2747, 1817, 2489, 1005, 745, 1752, 1133, 1309, 1799, 1614, 849, 2049, 1203, 1588, 924, 2340, 1112, 809, 5284, 1451, 745, 1351, 916, 343, 1179, 4087, 508, 570, 2397, 1873, 1767, 3444, 2021, 1570, 2021, 3915, 1615, 797, 449, 1849, 1178, 2528, 1832, 1393, 1299, 1713, 937, 826, 1378, 1010, 1133, 794, 2446, 904, 1206, 1061, 839, 512, 1199, 1318, 1086, 732, 1763, 1486, 4320, 2256, 909, 875, 1519, 741, 1845, 3394, 1065, 2050, 1883, 1249, 620, 332, 1283, 2823, 2264, 820, 1728, 889, 811, 1280, 1350, 1353, 839, 1688, 3602, 1387, 1604, 583, 1970, 1240, 2021, 1267, 988, 1707, 944, 1853, 1185, 5250, 1527, 1159, 3256, 1432, 2114, 1820, 1750, 4202, 1853, 1061, 1628, 1693, 3094, 1343, 2244, 2279, 1381, 2600, 1550, 1558, 1159, 595, 3036, 2188, 8043, 1422, 2816, 1558, 1470, 1203, 794, 2021, 2008, 1350, 1380, 2182, 533, 1731, 586, 576, 1573, 1281, 1480, 1213, 814, 2605, 2569, 1442, 1382, 1416, 1961, 844, 776, 5070, 1538, 2042, 1549, 1234, 647, 2240, 1857, 1705, 2638, 1031, 2224, 1934, 1174, 3442, 1244, 1222, 1585, 783, 1978, 2358, 1502, 274, 2009, 2052, 1590, 884, 1196, 463, 2586, 1590, 871, 2361, 1488, 3366, 2419, 1115, 2365, 1502, 4915, 1329, 2027, 1705, 1061, 5658, 2383, 1090, 4742, 1401, 1352, 1207, 1560, 1202, 855, 1547, 2021, 938, 3649, 1769, 2349, 2428, 1408, 2293)
(180, 933): Mean: 1727.788, median: 1492.0, std: 1063.092, percent: 1637.06, B: 130, W: 119, 
	(2052, 988, 1382, 7513, 2334, 1518, 853, 1227, 741, 1550, 1278, 1479, 944, 1615, 2787, 885, 2367, 2704, 1482, 2263, 1361, 721, 1694, 793, 1450, 1361, 847, 1756, 1440, 1238, 2799, 1906, 2813, 1011, 773, 1686, 1189, 1516, 2030, 1552, 833, 2003, 1202, 1735, 854, 2213, 1190, 908, 5124, 1576, 711, 1305, 901, 247, 1463, 3885, 520, 603, 2669, 2137, 1773, 3051, 2152, 1418, 2108, 3402, 1629, 835, 392, 1818, 935, 2605, 1920, 1552, 1232, 1628, 927, 824, 1535, 1061, 968, 780, 2535, 1001, 1238, 1030, 818, 525, 1107, 1360, 1098, 657, 1948, 1462, 3486, 2076, 842, 932, 1504, 654, 1584, 3154, 1057, 2163, 1969, 1200, 658, 345, 1348, 3037, 2455, 820, 2051, 861, 858, 1108, 1507, 1409, 800, 2054, 3537, 1275, 1576, 538, 1700, 1285, 1921, 1172, 963, 1632, 1002, 1886, 1090, 5762, 1631, 1103, 4012, 1468, 2135, 1923, 1719, 4630, 1727, 1210, 1687, 1723, 2809, 1507, 2513, 2208, 1234, 2475, 1369, 1460, 1179, 603, 2746, 2156, 7428, 1429, 2692, 1473, 1408, 1323, 723, 1860, 1984, 1407, 1455, 2477, 506, 2246, 566, 577, 1546, 1235, 1761, 1211, 832, 2832, 2339, 1341, 1447, 1484, 2029, 747, 709, 5636, 1539, 2306, 1524, 1278, 591, 1999, 1854, 1614, 2322, 1102, 2293, 1912, 1262, 4481, 1312, 1139, 1711, 726, 2340, 2877, 1367, 299, 1879, 1904, 1490, 979, 1280, 365, 2409, 1575, 860, 2228, 1552, 2947, 2396, 1087, 2530, 1400, 4806, 1326, 2449, 1585, 1109, 5509, 2443, 1341, 4670, 1300, 1248, 1308, 1507, 1109, 852, 1494, 1986, 905, 3487, 1679, 1898, 2404, 1645, 2656)
(182, 943): Mean: 1730.196, median: 1489.0, std: 1070.625, percent: 1625.76, B: 125, W: 124, 
	(2017, 905, 1286, 7241, 2307, 1473, 793, 1333, 749, 1676, 1263, 1427, 929, 2164, 2428, 885, 2618, 2793, 1476, 2385, 1283, 697, 1812, 804, 1608, 1338, 835, 1753, 1425, 1449, 2950, 1818, 2490, 1062, 721, 1935, 1273, 1332, 1764, 1491, 839, 2177, 1153, 1495, 835, 2217, 1189, 772, 5210, 1559, 736, 1364, 936, 267, 1241, 4102, 537, 620, 2400, 2245, 1637, 3121, 2179, 1487, 1907, 3581, 1662, 800, 437, 1776, 925, 2542, 1938, 1347, 1178, 1572, 949, 825, 1559, 989, 1008, 830, 2207, 1066, 1220, 1097, 867, 473, 1142, 1337, 1123, 601, 1976, 1674, 4073, 2573, 795, 883, 1575, 667, 1557, 3488, 1196, 1838, 1916, 1172, 640, 298, 1378, 2770, 2318, 962, 1979, 848, 811, 1245, 1547, 1446, 796, 1891, 3611, 1229, 1859, 616, 1756, 1247, 1896, 1122, 954, 1583, 1011, 1892, 1085, 5030, 1617, 1180, 3865, 1307, 2094, 1613, 1991, 5120, 1810, 1157, 1818, 1881, 2913, 1552, 2433, 2101, 1263, 2735, 1430, 1619, 1195, 589, 2980, 2627, 6041, 1647, 2471, 1804, 1539, 1455, 738, 1815, 1761, 1385, 1529, 2242, 622, 2164, 613, 579, 1432, 1179, 1470, 1098, 743, 2487, 2632, 1251, 1449, 1322, 2173, 842, 715, 6947, 1653, 2209, 1547, 1332, 653, 2196, 1670, 1714, 2527, 1027, 2275, 2028, 1492, 3318, 1200, 1185, 1660, 807, 1956, 2178, 1390, 265, 1742, 1994, 1486, 950, 1173, 440, 2784, 1777, 796, 2591, 1351, 3233, 2288, 1085, 2296, 1446, 4365, 1449, 2043, 1705, 1234, 7379, 2553, 1323, 3821, 1271, 1162, 1191, 1450, 1159, 842, 1506, 2162, 889, 3668, 1700, 2258, 2553, 1362, 2288)
(188, 974): Mean: 1723.636, median: 1499.0, std: 1093.735, percent: 1603.68, B: 130, W: 119, 
	(2229, 940, 1395, 8796, 1927, 1702, 807, 1305, 716, 1535, 1258, 1486, 851, 1631, 2596, 947, 2677, 2880, 1614, 2476, 1379, 687, 1572, 910, 1642, 1370, 788, 1655, 1357, 1372, 2771, 1928, 2473, 946, 797, 1746, 1149, 1466, 1961, 1837, 813, 2195, 1212, 1630, 810, 2653, 1271, 860, 5445, 1567, 678, 1458, 965, 291, 1341, 3659, 562, 548, 2755, 1903, 1659, 3365, 2094, 1546, 1844, 4109, 1585, 781, 463, 1857, 957, 2336, 1739, 1554, 1228, 1497, 846, 771, 1633, 984, 1032, 803, 2166, 978, 1204, 1071, 821, 452, 1091, 1166, 1185, 593, 1978, 1484, 3670, 2586, 826, 872, 1631, 635, 1529, 3476, 1181, 2084, 1800, 1295, 635, 319, 1425, 3101, 2123, 890, 1695, 896, 817, 1257, 1550, 1291, 808, 1742, 3512, 1333, 1638, 564, 1750, 1267, 2069, 1223, 938, 1601, 909, 2038, 1157, 4690, 1762, 1178, 3208, 1428, 2158, 1599, 1669, 4204, 1651, 1222, 1667, 1849, 2560, 1420, 2344, 1831, 1207, 2979, 1396, 1619, 1217, 573, 3088, 2254, 8598, 1576, 2334, 1767, 1410, 1346, 747, 2109, 1884, 1427, 1274, 2387, 546, 2128, 588, 607, 1736, 1264, 1461, 1192, 801, 2416, 2463, 1350, 1385, 1363, 2185, 822, 698, 5582, 1423, 2100, 1524, 1293, 697, 2142, 1888, 1435, 2521, 1091, 2219, 2230, 1144, 3665, 1277, 1136, 1771, 713, 2160, 2421, 1366, 280, 1828, 2058, 1482, 937, 1187, 416, 2729, 1857, 899, 2281, 1501, 3777, 2332, 1121, 2285, 1526, 4589, 1285, 1954, 2027, 1068, 5407, 2314, 1319, 4125, 1366, 1274, 1169, 1596, 1086, 879, 1574, 2017, 875, 3396, 1615, 1840, 2451, 1428, 2129)
(191, 992): Mean: 1715.196, median: 1465.0, std: 1005.494, percent: 1622.72, B: 119, W: 131, 
	(2099, 881, 1260, 6911, 2159, 1462, 776, 1225, 728, 2008, 1170, 1511, 925, 1767, 2575, 957, 2361, 3091, 1677, 2390, 1153, 699, 1713, 866, 1597, 1406, 838, 1726, 1302, 1386, 2897, 2258, 2643, 1007, 782, 1868, 1164, 1609, 2011, 1714, 809, 1927, 1193, 1759, 928, 2448, 1125, 984, 4406, 1458, 694, 1303, 943, 298, 1224, 3835, 497, 741, 2795, 2076, 1581, 3194, 2068, 1642, 2131, 4339, 1610, 819, 551, 1900, 928, 2397, 1807, 1607, 1321, 1522, 867, 820, 1412, 1043, 1045, 840, 2157, 989, 1153, 1111, 858, 553, 1087, 1241, 1216, 668, 2269, 1766, 3397, 2187, 883, 917, 1521, 614, 1543, 3610, 1149, 2124, 1722, 1207, 591, 346, 1387, 2727, 1958, 762, 1824, 845, 838, 1438, 1472, 1496, 738, 1983, 3569, 1303, 1581, 563, 1743, 1322, 1692, 1197, 1008, 1978, 969, 2019, 1184, 4672, 1665, 1236, 3450, 1411, 2103, 1692, 1836, 4307, 1859, 1151, 1455, 1635, 2974, 1285, 2372, 2043, 1144, 3271, 1373, 1486, 1330, 584, 2921, 2243, 6680, 1423, 2674, 1709, 1339, 1354, 698, 2060, 1691, 1577, 1341, 2568, 578, 2311, 641, 591, 1436, 1193, 1460, 1283, 818, 2324, 2509, 1392, 1362, 1466, 2144, 798, 746, 4826, 1390, 2152, 1417, 1269, 614, 2161, 1858, 1715, 2403, 1084, 2600, 1979, 1242, 3056, 1279, 1197, 2039, 857, 1946, 2314, 1311, 281, 1748, 1831, 1606, 965, 1179, 369, 2428, 1868, 941, 2145, 1434, 3328, 2743, 1122, 1991, 1420, 4849, 1562, 1970, 1740, 1032, 6561, 2533, 1293, 4368, 1456, 1196, 1165, 1468, 1074, 958, 1462, 2058, 907, 3347, 1756, 2283, 2342, 1464, 2249)
(195, 1016): Mean: 1715.512, median: 1466.0, std: 1064.741, percent: 1618.14, B: 128, W: 122, 
	(2286, 932, 1265, 7952, 2205, 1478, 792, 1400, 718, 1765, 1417, 1368, 952, 1681, 2686, 923, 2398, 2673, 1694, 2129, 1421, 745, 1690, 825, 1465, 1276, 815, 1699, 1412, 1462, 2832, 1796, 2378, 1027, 680, 1782, 1153, 1449, 1767, 1589, 845, 2061, 1242, 1546, 1011, 2585, 1115, 773, 4836, 1626, 792, 1491, 988, 301, 1293, 4166, 502, 639, 2729, 1889, 1689, 3059, 2105, 1610, 1745, 3506, 1497, 831, 435, 1717, 991, 2558, 2037, 1331, 1244, 1580, 1066, 795, 1478, 998, 1022, 846, 2455, 1016, 1142, 1041, 859, 494, 1108, 1124, 1078, 663, 1937, 1395, 3266, 2389, 741, 839, 1511, 659, 1511, 3322, 1186, 2060, 1815, 1218, 628, 267, 1316, 3000, 1972, 822, 1894, 846, 792, 1225, 1332, 1315, 807, 1713, 3274, 1340, 1900, 531, 1689, 1187, 2079, 1159, 992, 1799, 1059, 1827, 1291, 5228, 1699, 1182, 3766, 1478, 1879, 1600, 1769, 3846, 1566, 1148, 1652, 1792, 2762, 1390, 2567, 1753, 1251, 2979, 1459, 1733, 1181, 614, 3093, 2315, 7520, 1442, 2482, 1789, 1467, 1316, 735, 2083, 1897, 1405, 1364, 2362, 516, 1969, 662, 624, 1399, 1161, 1502, 1150, 750, 2956, 2257, 1317, 1655, 1428, 2207, 739, 739, 6631, 1495, 2075, 1392, 1112, 640, 2009, 1730, 1602, 2540, 1060, 2426, 1993, 1190, 4642, 1205, 1184, 1580, 718, 2110, 2453, 1349, 296, 1930, 2013, 1452, 943, 1241, 450, 2169, 1662, 831, 2421, 1617, 3733, 2278, 1055, 2248, 1345, 4403, 1253, 2177, 1818, 1079, 5185, 2656, 1417, 4547, 1318, 1362, 1153, 1395, 1075, 873, 1672, 2131, 1116, 3314, 1618, 2362, 2258, 1452, 2397)
(197, 1026): Mean: 1742.28, median: 1501.5, std: 1107.131, percent: 1654.28, B: 127, W: 122, 
	(2463, 900, 1281, 8054, 2431, 1501, 787, 1316, 734, 1714, 1311, 1481, 864, 1534, 2532, 977, 2641, 3080, 1641, 2948, 1275, 782, 1791, 838, 1434, 1338, 787, 1614, 1378, 1411, 3141, 2275, 2680, 945, 773, 1891, 1160, 1468, 2058, 1575, 828, 2427, 1222, 1557, 762, 2424, 1036, 845, 4720, 1607, 771, 1395, 911, 287, 1212, 3862, 457, 576, 2643, 1936, 2004, 3533, 2460, 1462, 2003, 3703, 1764, 843, 423, 2038, 1125, 2217, 1586, 1401, 1208, 1764, 907, 917, 1468, 1188, 893, 830, 2038, 961, 1247, 1016, 795, 489, 1088, 1277, 1141, 655, 1934, 1385, 4034, 2225, 879, 890, 1460, 576, 1593, 3314, 1154, 2075, 1874, 1170, 558, 365, 1352, 2674, 2043, 810, 2096, 779, 793, 1610, 1591, 1549, 807, 1794, 3712, 1285, 1698, 595, 1698, 1200, 1728, 1137, 963, 1670, 1041, 1668, 1176, 5029, 1554, 1246, 3285, 1502, 2106, 1688, 1922, 4273, 1688, 1092, 1737, 1715, 2657, 1295, 2437, 2079, 1218, 2749, 1390, 1696, 1066, 630, 2773, 2278, 7488, 1652, 2603, 2067, 1416, 1322, 681, 1937, 1795, 1435, 1557, 2522, 551, 2076, 615, 613, 1613, 1240, 1479, 1153, 881, 2547, 2302, 1278, 1615, 1401, 2412, 825, 689, 6936, 1470, 1936, 1557, 1211, 642, 2022, 1760, 1523, 2426, 1035, 2759, 2258, 1204, 4057, 1217, 1218, 1732, 804, 2199, 2404, 1302, 280, 1963, 1780, 1566, 888, 1203, 436, 2297, 1830, 859, 2294, 1619, 3763, 2859, 1076, 2234, 1303, 4426, 1367, 1684, 1778, 1043, 6664, 2626, 1326, 4847, 1303, 1289, 1150, 1371, 1161, 911, 1451, 2023, 961, 3633, 1780, 1867, 2318, 1555, 2563)
(199, 1033): Mean: 1718.104, median: 1500.5, std: 1025.364, percent: 1639.4, B: 121, W: 127, 
	(2210, 889, 1421, 7336, 2361, 1608, 866, 1191, 766, 1743, 1334, 1437, 945, 1842, 2572, 927, 2497, 3129, 1547, 2413, 1133, 687, 1640, 938, 1608, 1341, 810, 1638, 1295, 1289, 3268, 2131, 2905, 957, 774, 1682, 1175, 1402, 1977, 1552, 803, 2020, 1226, 1713, 900, 2259, 999, 805, 4380, 1562, 734, 1394, 914, 319, 1298, 4290, 521, 583, 2395, 2117, 1594, 3118, 2049, 1508, 2278, 3532, 1954, 842, 366, 1996, 923, 2599, 1781, 1494, 1294, 1476, 1023, 835, 1435, 1012, 1000, 821, 2036, 935, 1292, 1082, 848, 528, 1182, 1228, 1153, 677, 1889, 1531, 3870, 2487, 806, 927, 1709, 630, 1772, 3094, 1164, 2281, 1826, 1198, 650, 376, 1218, 2354, 2389, 886, 1790, 838, 777, 1232, 1614, 1323, 764, 1693, 3236, 1276, 1676, 534, 1840, 1345, 1746, 1203, 966, 1658, 1034, 1690, 1268, 4725, 1626, 1213, 3893, 1487, 2255, 1715, 1800, 4875, 2027, 1171, 1541, 1755, 2822, 1380, 2575, 2252, 1366, 2616, 1435, 1622, 1186, 620, 2720, 2409, 7192, 1284, 2561, 1511, 1605, 1249, 756, 1958, 1867, 1590, 1465, 2105, 552, 2140, 596, 618, 1586, 1247, 1468, 1153, 907, 2528, 2706, 1318, 1512, 1378, 1997, 797, 727, 5807, 1474, 2328, 1671, 1353, 625, 2005, 1781, 1641, 2659, 987, 2296, 1902, 1190, 3489, 1244, 1182, 1806, 779, 2108, 2591, 1397, 290, 1715, 1708, 1507, 888, 1286, 445, 2638, 1667, 923, 2280, 1378, 3140, 2366, 1038, 2276, 1325, 4167, 1369, 2330, 1755, 1119, 5489, 2571, 1383, 4613, 1321, 1226, 1200, 1415, 1209, 860, 1573, 1983, 917, 3723, 1811, 2272, 2024, 1467, 2166)

Test:
No precond: Mean: 2497.244, median: 2230.5, std: 1214.669, percent: 2491.02, flag: 0 
	(950, 1877, 1941, 3744, 1247, 5987, 1591, 2381, 2752, 2719, 2593, 1137, 1253, 4091, 1708, 6313, 1086, 1351, 2778, 2363, 2458, 3768, 1766, 673, 2961, 2180, 1841, 2736, 5944, 3685, 3480, 2306, 2914, 2443, 1792, 2633, 2141, 4723, 964, 5409, 1415, 1365, 2197, 2119, 4040, 2732, 2921, 4361, 3014, 957, 2406, 2700, 1016, 2727, 1027, 2206, 4471, 5667, 1023, 2254, 1165, 1674, 3359, 1425, 1789, 2027, 2275, 3964, 2649, 2021, 4787, 1110, 2587, 2272, 1938, 2301, 5418, 2672, 1851, 975, 2245, 1659, 1756, 2166, 2142, 1639, 2126, 577, 1965, 3532, 3207, 1680, 1477, 2114, 2249, 1844, 6588, 3956, 3429, 1896, 2283, 2294, 1954, 1963, 5632, 2312, 1484, 5220, 3578, 1482, 1083, 1703, 2010, 1982, 2121, 1963, 1474, 3246, 3444, 1895, 1519, 1214, 1727, 3619, 2218, 2905, 1983, 1012, 3293, 1160, 4712, 3107, 2411, 2979, 3354, 1456, 2438, 1712, 1625, 2868, 1529, 2304, 1987, 1497, 3180, 721, 1195, 1917, 1328, 924, 3485, 814, 4130, 3147, 3932, 2682, 3182, 1594, 2130, 2582, 1685, 1483, 3374, 4695, 2891, 3307, 3968, 3869, 2384, 1420, 3376, 2724, 4297, 1429, 1424, 3804, 2088, 3379, 1458, 3026, 1638, 3871, 1794, 779, 5650, 893, 4333, 1585, 2784, 1212, 2860, 2502, 1756, 1301, 1700, 1520, 1457, 2108, 2847, 1731, 5055, 3275, 801, 1719, 2677, 3232, 2390, 1571, 1775, 1773, 5055, 2885, 1386, 2727, 1195, 3078, 5249, 2163, 1890, 1574, 3070, 1313, 3534, 2465, 1861, 6735, 3555, 3290, 1992, 2142, 4196, 414, 3297, 4340, 1567, 4321, 2878, 2612, 1249, 1405, 2994, 2379, 2402, 2623, 2127, 1920, 1607, 2076, 2243, 1334)

Jacobi: Mean: 2079.96, median: 1846.5, std: 1147.316, percent: 2054.8, BvN: 230, WvN: 20, flag: 0 
	(743, 1369, 1195, 3231, 1009, 7387, 1727, 1614, 2239, 2554, 2275, 1024, 1025, 5804, 1392, 6411, 954, 1206, 2706, 1704, 2675, 2968, 1375, 575, 2623, 1668, 1803, 2268, 6098, 2546, 3110, 2118, 2038, 1593, 1423, 2732, 1976, 4085, 744, 6085, 1046, 1389, 1646, 1666, 2604, 1925, 2403, 3549, 2445, 862, 1575, 2241, 624, 2549, 759, 2428, 3182, 3671, 798, 1894, 1201, 1351, 2818, 1136, 1333, 1661, 1858, 4547, 1978, 1662, 3927, 766, 2296, 1997, 1257, 2321, 5079, 2090, 1426, 630, 1914, 1333, 1370, 1692, 1945, 1182, 1937, 385, 1552, 2907, 2769, 1315, 1330, 1709, 1746, 1488, 4297, 3849, 2967, 1630, 1962, 1618, 1884, 1519, 5188, 1964, 1223, 4390, 2857, 998, 753, 1422, 1762, 1366, 1818, 1835, 1100, 2322, 2520, 1718, 1195, 883, 1435, 2633, 2034, 2510, 1484, 787, 2648, 793, 4577, 2329, 1947, 2536, 2555, 1334, 1899, 1378, 1208, 1982, 1252, 1917, 1642, 1197, 3899, 524, 828, 1798, 948, 724, 3138, 538, 4350, 2747, 3355, 2293, 2085, 1131, 1862, 1436, 1299, 851, 2879, 3337, 2748, 2963, 2972, 3018, 2269, 1145, 3289, 1992, 3374, 1441, 1136, 3043, 1875, 2666, 1316, 2061, 1284, 3206, 1368, 568, 4790, 833, 2808, 1211, 3047, 830, 2581, 1833, 1583, 963, 1240, 1198, 1172, 1538, 2347, 1539, 3445, 2356, 499, 1474, 2228, 2595, 1739, 1293, 1298, 1665, 3433, 2055, 1090, 2758, 995, 2370, 5143, 1586, 1301, 1222, 2737, 994, 3193, 1869, 1662, 4635, 2344, 2330, 1485, 2023, 3689, 325, 4013, 2987, 1247, 4158, 2050, 1719, 893, 877, 2201, 2069, 2307, 1994, 1959, 1607, 1329, 1677, 2358, 1092)

Last: Mean: 1683.516, median: 1454.5, std: 944.816, percent: 1668.86, BvN: 247, WvN: 3, BvJ: 246, WvJ: 4, flag: 0 
	(627, 1068, 1051, 2527, 739, 4329, 1038, 1431, 1733, 1959, 1947, 837, 765, 4639, 1014, 4957, 667, 965, 2018, 1480, 1871, 1990, 1272, 496, 1964, 1435, 1262, 1791, 4798, 2502, 2417, 1922, 1583, 1300, 1197, 2053, 1652, 3388, 612, 6719, 830, 1125, 1302, 1384, 2186, 1405, 1996, 2445, 1686, 660, 1399, 2194, 632, 2120, 578, 1674, 2372, 4449, 595, 1460, 886, 1088, 2555, 846, 1152, 1290, 1493, 3268, 1492, 1283, 3425, 759, 1906, 1322, 1091, 1713, 4561, 1775, 1119, 525, 1555, 897, 1232, 1544, 1350, 1139, 1467, 326, 1269, 2466, 1996, 985, 1100, 1269, 1405, 1140, 3970, 3711, 2695, 1279, 1780, 1402, 1363, 1407, 3349, 1677, 811, 4091, 2178, 951, 650, 1229, 1423, 1227, 1420, 1559, 906, 2226, 2236, 1480, 1072, 690, 1196, 2234, 1594, 1827, 1279, 646, 2042, 630, 3328, 2103, 1484, 2145, 2102, 1150, 1553, 1197, 1043, 1714, 918, 1357, 1358, 1009, 2900, 458, 646, 1435, 800, 617, 2557, 449, 3463, 2032, 2750, 1521, 1809, 960, 1449, 1216, 1111, 752, 2152, 2708, 2189, 2062, 2548, 2152, 1876, 925, 2515, 1597, 2923, 1086, 995, 2837, 1506, 2184, 1004, 1724, 813, 2164, 1208, 585, 3326, 578, 2582, 979, 2479, 651, 2105, 1520, 1254, 740, 1192, 897, 1011, 1265, 1890, 1310, 2828, 1970, 438, 1188, 1936, 2384, 1480, 1059, 1036, 1181, 2727, 1531, 855, 1967, 747, 2351, 4545, 1465, 1006, 1028, 2129, 793, 2320, 1528, 1289, 3538, 2065, 1876, 1221, 1361, 3138, 310, 3490, 2554, 1040, 2681, 1631, 1342, 680, 735, 1926, 1747, 1623, 1598, 1490, 1296, 990, 1398, 2134, 890)

Best: Mean: 1671.28, median: 1458.5, std: 917.13, percent: 1612.08, BvN: 248, WvN: 2, BvJ: 246, WvJ: 4, flag: 0 
	(630, 1044, 1098, 2585, 771, 5209, 1043, 1448, 1782, 2096, 1781, 872, 805, 4323, 1194, 4892, 654, 963, 2157, 1566, 1860, 1891, 1197, 465, 2125, 1372, 1280, 1949, 4138, 1895, 2412, 1631, 1495, 1441, 1180, 1919, 1257, 3703, 628, 6144, 784, 1164, 1292, 1396, 1907, 1629, 1773, 2592, 1596, 603, 1352, 2114, 562, 2220, 595, 1841, 2713, 3345, 655, 1512, 830, 1083, 1939, 894, 1127, 1523, 1576, 3779, 1549, 1383, 3460, 681, 1660, 1370, 990, 1875, 3914, 1668, 1216, 565, 1503, 932, 1170, 1407, 1271, 1162, 1549, 373, 1201, 2312, 2319, 1011, 1206, 1219, 1710, 1234, 4136, 3144, 2547, 1223, 2039, 1340, 1475, 1193, 3142, 1608, 884, 3803, 2076, 916, 687, 1359, 1485, 1154, 1355, 1605, 858, 1904, 2182, 1399, 1001, 856, 1153, 1883, 1710, 2051, 1244, 616, 2093, 672, 3087, 2327, 1700, 2182, 2249, 1014, 1560, 1048, 1029, 1659, 931, 1332, 1436, 1021, 2890, 474, 608, 1421, 900, 618, 2424, 428, 3011, 1970, 2613, 1612, 1777, 919, 1486, 1172, 1185, 822, 2133, 2306, 2125, 2157, 2705, 2383, 1885, 918, 2237, 1540, 3381, 1112, 976, 2672, 1430, 2260, 944, 1787, 771, 2045, 1231, 544, 3535, 623, 2671, 894, 2237, 747, 1969, 1661, 1252, 884, 1051, 1018, 943, 1282, 1826, 1272, 3109, 1966, 412, 1102, 1910, 2048, 1391, 981, 1004, 1186, 2606, 1609, 830, 1939, 810, 2289, 4120, 1449, 1061, 889, 2545, 827, 3371, 1473, 1263, 3876, 2198, 1939, 1154, 1468, 3335, 309, 3181, 2511, 1010, 3414, 1640, 1336, 718, 690, 1854, 1688, 1783, 1601, 1393, 1264, 1025, 1304, 1778, 855)

Last Coef List
{1: array([-0.06778576]), -1: array([-0.06129946]), 2: array([-0.03179582]), -2: array([-0.03482997])}

Best Coef List
{1: array([-0.06556972]), -1: array([-0.06271564]), 2: array([-0.03091658]), -2: array([-0.02452115])}

10/04/2026, 17:18:25
Config file: ./config/config_sign_0_diags_3.ini
Data:
	1d_laplace_size: 45
	amount: 250
	params: 1 0.3
	seed: 0
	dim: 2025
Solver:
	tol: 1e-10
	max_iteration: None
Learn:
	iteration_count: 200
	step_range: 0.1
	method: sign
	seed: 0
	change_scales: 1 0.5 0.25
	allow_disimprovement: True
	median_best_scale: 0.5
	mean_best_scale: 0.5
Precondition:
	par_list: 1 1 1 1 1 1
	diag_list: 1 -1 2 -2 3 -3
	num_coef: 6
	type: diag_shift
	diag: jacobi

Train:
(0, 3): Mean: 3032.956, median: 2617.0, std: 2014.71, percent: 2830.34, B: 250, W: 0, 
	(4515, 1596, 2267, 16977, 3392, 2565, 1785, 2585, 1377, 3760, 2051, 2761, 1737, 3214, 3661, 1647, 5840, 6140, 2747, 4328, 2158, 1205, 2463, 1541, 2313, 2470, 1617, 3422, 2519, 2360, 4046, 3486, 5168, 1679, 1448, 2833, 2288, 2042, 3104, 2638, 1484, 3361, 2027, 2754, 2065, 3583, 1953, 1289, 12293, 2589, 1129, 2263, 1964, 569, 2028, 7363, 948, 1126, 5713, 4691, 2654, 4560, 3917, 2911, 4000, 6920, 2266, 1129, 769, 2733, 1986, 4885, 3180, 2814, 2192, 2265, 1774, 1490, 2393, 1953, 1752, 1222, 3342, 1497, 2025, 2311, 1540, 993, 1747, 1861, 1788, 1179, 3355, 2645, 5841, 4110, 1646, 1381, 2734, 1215, 2684, 4921, 1502, 4077, 3114, 2490, 1424, 617, 2613, 4667, 3851, 1561, 2870, 1660, 1423, 2750, 2533, 2859, 1436, 2739, 5185, 2625, 2708, 1203, 2951, 1965, 3314, 2198, 1611, 2760, 1928, 3652, 2313, 7775, 2524, 2250, 5806, 2499, 2938, 2570, 3053, 7888, 2725, 2006, 3040, 2640, 4896, 2462, 3940, 4061, 2116, 4235, 2282, 2798, 2137, 1304, 5921, 3279, 11172, 2528, 3921, 2912, 1919, 2883, 1249, 3922, 3571, 2608, 2326, 3862, 801, 3099, 1039, 1091, 3041, 1762, 3081, 1719, 1366, 4117, 4435, 2147, 2570, 2531, 3358, 1347, 1392, 11466, 2626, 3244, 2334, 1763, 1259, 3184, 3006, 3064, 5963, 1719, 4189, 3341, 2404, 7804, 2126, 2160, 3082, 1402, 3124, 4851, 2757, 546, 3975, 3283, 3370, 1881, 2249, 1031, 4069, 2971, 1469, 3931, 2754, 5255, 4904, 1878, 3199, 2379, 7664, 2275, 3463, 2862, 2080, 11629, 3839, 2191, 10047, 2854, 2036, 1686, 2278, 1782, 1846, 2916, 3167, 1671, 6093, 2621, 4035, 4200, 2742, 3220)
(1, 5): Mean: 2982.228, median: 2569.5, std: 1919.961, percent: 2770.8, B: 149, W: 99, 
	(3579, 1583, 2111, 16202, 3574, 2569, 1607, 2539, 1404, 3215, 2185, 2379, 1615, 2678, 3893, 1891, 5419, 6011, 2884, 3511, 2437, 1385, 2570, 1385, 2221, 2443, 1350, 3346, 2568, 2662, 4342, 3061, 4685, 1791, 1492, 2777, 2064, 2897, 3119, 2995, 1326, 3737, 1992, 2733, 1850, 4025, 1746, 1375, 9640, 2708, 1134, 2609, 1872, 485, 2160, 6862, 1012, 958, 5662, 3590, 2969, 5302, 3990, 3234, 3457, 6924, 2249, 1164, 827, 3060, 1727, 6102, 2890, 2726, 2199, 2715, 1897, 1506, 2334, 1575, 1970, 1220, 3831, 1665, 2284, 2144, 1436, 962, 1784, 2040, 1732, 1462, 3092, 2319, 6595, 3974, 1484, 1350, 2742, 1278, 2651, 4401, 1903, 3550, 3098, 1972, 1058, 605, 2458, 4281, 3691, 1508, 2498, 1618, 1382, 2185, 2435, 2747, 1417, 2843, 5236, 2708, 2712, 1106, 3270, 1733, 3564, 2388, 1892, 2860, 1668, 3195, 2007, 6842, 2420, 2098, 5939, 2438, 3327, 2456, 2876, 7328, 3190, 2136, 3428, 2829, 4789, 2462, 4849, 3652, 2072, 3976, 2558, 2582, 1882, 1132, 5446, 3549, 11003, 2767, 4552, 2765, 2734, 2485, 1196, 4290, 3301, 2396, 2463, 3805, 803, 2751, 1053, 1206, 2846, 1907, 2319, 1793, 1403, 4117, 4713, 2109, 2337, 2482, 3923, 1564, 1174, 10540, 3920, 4298, 2150, 1708, 1166, 3044, 2937, 2665, 4905, 1818, 4308, 3896, 2368, 7033, 1735, 2002, 3114, 1242, 3616, 4153, 3098, 400, 3831, 2953, 2898, 1747, 2186, 904, 3634, 2659, 1483, 3533, 2508, 6329, 4260, 1869, 3705, 2272, 7171, 2174, 3344, 2887, 1935, 12720, 3460, 2058, 8346, 2645, 1961, 1642, 2209, 1796, 1720, 2903, 3799, 1560, 6890, 2786, 3962, 3916, 2531, 2976)
(3, 14): Mean: 2534.34, median: 2199.5, std: 1638.146, percent: 2376.28, B: 232, W: 17, 
	(3495, 1457, 1772, 12591, 2721, 2446, 1393, 1917, 1090, 2940, 1814, 1980, 1437, 2763, 3351, 1431, 4872, 4864, 2431, 3922, 1931, 1087, 2192, 1254, 2370, 2156, 1281, 2696, 2719, 2010, 3978, 2540, 3726, 1372, 1194, 2336, 1627, 2109, 2612, 2291, 1182, 3428, 1645, 2281, 1433, 3361, 1533, 1231, 8597, 2250, 1102, 2196, 1435, 459, 1777, 5819, 875, 827, 4593, 3161, 2286, 5031, 3463, 2552, 2942, 4836, 2308, 1054, 788, 2830, 1622, 4584, 2649, 2014, 2030, 2089, 1603, 1416, 2057, 1311, 1469, 1064, 2931, 1274, 1609, 1928, 1257, 739, 1578, 1517, 1600, 1024, 3167, 2111, 5980, 3213, 1198, 1371, 2326, 861, 2742, 4030, 1380, 2770, 2558, 2024, 918, 451, 2214, 3898, 2996, 1285, 2573, 1377, 1201, 1944, 2308, 2493, 1193, 2534, 3888, 1962, 2758, 919, 2314, 1683, 3082, 2063, 1436, 2293, 1454, 2621, 1847, 7921, 2350, 1497, 3657, 2011, 3166, 2203, 2626, 6417, 2403, 1852, 2761, 2730, 4486, 2013, 3859, 3352, 1682, 3485, 2211, 2483, 1564, 840, 4971, 2915, 10175, 2420, 3725, 2790, 1812, 2220, 1112, 2692, 2875, 1923, 2091, 3574, 730, 2945, 874, 982, 2222, 1718, 2110, 1630, 1114, 3582, 4058, 1797, 1688, 2137, 3465, 1173, 975, 8340, 2320, 3233, 2150, 1775, 948, 2486, 2603, 2180, 4804, 1443, 3456, 2916, 1810, 5432, 1635, 1870, 2642, 1118, 3019, 3532, 2347, 383, 2690, 2482, 2129, 1609, 1823, 733, 3105, 2538, 1153, 4126, 1868, 4212, 3766, 1498, 2757, 2038, 7469, 1920, 2661, 2542, 1671, 11007, 3030, 1836, 7130, 2109, 1886, 1381, 1926, 1422, 1263, 2245, 3069, 1249, 5268, 2445, 3254, 3045, 1937, 2543)
(7, 36): Mean: 2501.924, median: 2150.0, std: 1597.131, percent: 2369.92, B: 136, W: 113, 
	(4093, 1395, 2006, 12934, 3077, 2287, 1566, 1973, 1051, 2566, 1793, 2288, 1258, 2438, 3427, 1489, 4136, 4264, 2408, 3072, 1751, 1035, 2147, 1225, 2351, 1985, 1195, 2607, 2330, 1947, 4020, 2826, 3661, 1309, 1142, 2501, 1759, 2091, 2344, 2774, 1113, 3212, 1537, 2206, 1268, 2921, 1750, 1292, 7903, 2253, 1083, 2145, 1581, 451, 1832, 6278, 726, 798, 3823, 3120, 2113, 4239, 3073, 2363, 3073, 5261, 2087, 977, 702, 2899, 1528, 3517, 2528, 2071, 1727, 1832, 1447, 1238, 1967, 1501, 1549, 1067, 3305, 1290, 1747, 2011, 1373, 733, 1603, 1649, 1571, 1017, 3623, 2547, 4991, 3308, 1280, 1222, 2287, 1092, 2354, 4403, 1439, 2685, 2220, 1817, 982, 580, 1927, 3589, 2948, 1416, 2328, 1579, 1147, 1725, 1922, 2415, 1336, 2330, 4146, 2057, 2567, 919, 2502, 1653, 2903, 1744, 1383, 2266, 1460, 2784, 1721, 5585, 2210, 1726, 3980, 1794, 2775, 2371, 2366, 7043, 2666, 1503, 2998, 2552, 3911, 2073, 3775, 3237, 1768, 3468, 2271, 2179, 1697, 863, 5207, 2969, 9462, 2154, 3814, 2830, 1633, 2275, 1014, 3116, 2688, 2125, 2165, 3265, 732, 2667, 897, 813, 2509, 1681, 2006, 1532, 1204, 3620, 4407, 1488, 2054, 2117, 3164, 1233, 1041, 9025, 2100, 3635, 2066, 1536, 926, 2734, 2339, 2782, 5496, 1481, 4222, 2618, 1910, 5791, 1608, 1812, 2288, 1097, 3288, 3573, 2114, 381, 2776, 2242, 2366, 1353, 1576, 764, 3163, 2619, 1240, 3223, 2168, 4065, 3406, 1607, 3205, 2138, 7347, 2038, 3161, 2376, 1660, 10384, 3841, 1913, 6949, 1972, 1817, 1405, 2044, 1389, 1386, 2240, 3380, 1333, 5210, 2153, 3350, 3185, 2124, 2930)
(9, 46): Mean: 2424.46, median: 2125.5, std: 1489.673, percent: 2308.14, B: 152, W: 98, 
	(3500, 1246, 1726, 9860, 2929, 2148, 1395, 1872, 1175, 2898, 1644, 1974, 1271, 2312, 3734, 1494, 3824, 4295, 2352, 3226, 1685, 1062, 2140, 1239, 2502, 1966, 1144, 2549, 2209, 1979, 3737, 2254, 3575, 1369, 1100, 2646, 1709, 2164, 2288, 2294, 1201, 2891, 1825, 2361, 1329, 2715, 1524, 1113, 7869, 2002, 912, 1866, 1514, 444, 1709, 6123, 783, 914, 3992, 2665, 2291, 4452, 2995, 2228, 3616, 5158, 2208, 1132, 738, 2588, 1246, 3759, 2360, 2125, 1847, 2142, 1554, 1274, 1899, 1325, 1589, 1134, 3229, 1180, 1759, 1747, 1404, 794, 1473, 1724, 1503, 864, 2931, 2050, 6684, 3361, 1163, 1160, 2004, 1216, 2619, 3475, 1422, 3006, 2295, 1794, 946, 551, 2144, 3420, 2841, 1326, 2413, 1216, 1113, 1782, 1885, 2109, 1181, 2373, 4211, 1809, 3118, 817, 2600, 1725, 2752, 1934, 1216, 2207, 1573, 2613, 1628, 6101, 2489, 1822, 3646, 2027, 2833, 2512, 2269, 6868, 2078, 1627, 2841, 2486, 4389, 2263, 3419, 2957, 1629, 3606, 1837, 2190, 1653, 864, 4493, 2748, 10532, 1834, 3668, 2548, 1967, 1899, 1007, 3039, 2784, 1960, 2002, 3351, 725, 3023, 829, 785, 2305, 1550, 2333, 1466, 1125, 3734, 4362, 1920, 2138, 1929, 3218, 1083, 983, 7672, 2195, 2906, 1912, 1857, 979, 2341, 2813, 1992, 4405, 1387, 2940, 2473, 1776, 6438, 1892, 1679, 2571, 1061, 2874, 3840, 2285, 366, 2583, 2235, 2210, 1388, 1700, 637, 3206, 2376, 1248, 3566, 1979, 4630, 3868, 1483, 2680, 2126, 5301, 1774, 2599, 2668, 1500, 9428, 3122, 1831, 6902, 1965, 1908, 1517, 1902, 1262, 1280, 2142, 3312, 1412, 4359, 2424, 3141, 2954, 2031, 2808)
(13, 67): Mean: 2314.448, median: 1983.0, std: 1387.518, percent: 2197.9, B: 166, W: 84, 
	(2762, 1351, 1633, 10585, 2656, 1981, 1260, 1955, 1218, 2570, 1568, 1873, 1418, 1996, 3530, 1178, 4122, 4223, 2167, 2933, 1978, 959, 2153, 1071, 1899, 1865, 1063, 2535, 1999, 1645, 3455, 2599, 3555, 1237, 1007, 2773, 1826, 1923, 2752, 2316, 1169, 2673, 1426, 2032, 1616, 2976, 1552, 1038, 8676, 1781, 1053, 1957, 1500, 395, 1763, 5331, 628, 763, 3761, 2949, 2344, 4112, 2900, 2391, 3012, 4852, 2055, 1105, 577, 2604, 1238, 3635, 2341, 2201, 1883, 2153, 1447, 1159, 1961, 1198, 1495, 997, 2966, 1263, 1772, 1610, 1198, 658, 1390, 1765, 1523, 913, 2913, 1935, 6130, 2892, 1156, 1067, 1887, 1082, 2612, 3863, 1278, 3099, 2524, 1865, 1049, 571, 1886, 3257, 2774, 1239, 2409, 1228, 1276, 1908, 1876, 1837, 950, 2313, 4134, 1927, 2141, 915, 2551, 1642, 2546, 1886, 1274, 2490, 1349, 2492, 1639, 6168, 2048, 1647, 4624, 2049, 2346, 2496, 2551, 5323, 2387, 1456, 2412, 2247, 3814, 1897, 3849, 3711, 1578, 3202, 1760, 1985, 1444, 818, 3898, 2838, 7948, 2399, 3197, 2638, 1656, 1589, 916, 2981, 2300, 1824, 1800, 2873, 644, 2205, 710, 841, 2055, 1539, 1922, 1509, 1049, 4355, 4024, 1620, 2112, 2359, 2889, 1026, 980, 7388, 2065, 3313, 2043, 1490, 888, 2712, 2507, 2037, 3323, 1326, 2773, 2704, 1916, 5655, 1499, 1739, 2246, 1184, 2948, 3239, 2531, 362, 2617, 2485, 2270, 1281, 1537, 675, 2707, 2067, 1132, 3580, 1830, 3770, 3347, 1402, 3153, 1841, 5373, 1701, 2561, 2597, 1532, 7762, 3001, 1919, 5752, 1884, 1752, 1264, 1771, 1328, 1124, 2002, 2658, 1134, 5036, 2067, 3361, 2942, 1836, 2957)
(15, 76): Mean: 2306.548, median: 1991.5, std: 1460.673, percent: 2247.3, B: 128, W: 121, 
	(2801, 1403, 1708, 10914, 2660, 2138, 1364, 1869, 1137, 2434, 1710, 1840, 1397, 1869, 3258, 1426, 4237, 3805, 2090, 3345, 1747, 932, 1993, 1127, 1892, 2098, 1160, 2631, 1956, 2241, 3710, 2639, 3451, 1290, 976, 2036, 1705, 2123, 2825, 2051, 1090, 2807, 1551, 2092, 1101, 2713, 1404, 1124, 11318, 1934, 893, 1932, 1422, 423, 1914, 5257, 738, 838, 3429, 2648, 1930, 3589, 2909, 2011, 3149, 4588, 2241, 1013, 551, 2597, 1299, 3776, 2266, 1971, 1704, 2173, 1382, 1202, 1861, 1193, 1300, 931, 3152, 1166, 1622, 1635, 1241, 699, 1591, 1734, 1415, 895, 2485, 2115, 5143, 3128, 1169, 1185, 2015, 942, 2082, 4109, 1475, 3150, 2254, 1956, 1087, 458, 1887, 3300, 2531, 1226, 2472, 1107, 1140, 1663, 1831, 2079, 1170, 2196, 4269, 1787, 2200, 645, 2552, 1768, 2619, 1572, 1232, 1996, 1522, 2382, 1576, 6578, 2344, 1539, 4350, 1990, 2569, 2371, 2311, 5568, 2031, 1435, 2472, 2467, 4089, 2002, 3171, 2990, 1690, 3341, 1842, 1928, 1455, 696, 4764, 2659, 7817, 2064, 4173, 2321, 1670, 1552, 1003, 2611, 2210, 2164, 1606, 2837, 696, 2427, 780, 891, 2095, 1473, 2009, 1478, 1218, 3280, 3627, 1605, 1792, 1880, 2781, 936, 955, 7810, 1693, 3279, 1971, 1636, 879, 2329, 2734, 2014, 4051, 1337, 3217, 2608, 1739, 5475, 1600, 1676, 2576, 1047, 2786, 3354, 2258, 400, 2686, 2352, 2285, 1231, 1452, 746, 3489, 2011, 1297, 3491, 2090, 3576, 3355, 1294, 2445, 1928, 5631, 1767, 2342, 3000, 1633, 8035, 3316, 1832, 5956, 1798, 1678, 1320, 1942, 1363, 1257, 1961, 2704, 1328, 5202, 2052, 3298, 3051, 1836, 2658)
(17, 86): Mean: 2136.56, median: 1818.5, std: 1351.916, percent: 2077.18, B: 188, W: 62, 
	(2537, 1164, 1527, 10626, 2509, 1921, 1143, 1768, 993, 2374, 1664, 1753, 1103, 2163, 3446, 1186, 3806, 3610, 1901, 2859, 1512, 882, 2028, 1066, 1990, 1701, 1213, 2067, 1784, 1727, 3528, 2256, 3221, 1068, 954, 2125, 1584, 1968, 2341, 1951, 1097, 2581, 1552, 1932, 1187, 2579, 1300, 1059, 9012, 1748, 834, 1846, 1199, 347, 1751, 4888, 640, 859, 3132, 2435, 1952, 3748, 3183, 2136, 2293, 4556, 1748, 1004, 649, 2185, 1209, 4198, 2257, 1833, 1656, 1835, 1183, 1083, 1734, 1262, 1353, 923, 2635, 1194, 1454, 1543, 1142, 623, 1331, 1404, 1363, 742, 2629, 1778, 4577, 3160, 1163, 1163, 1880, 831, 2090, 3821, 1308, 2399, 2098, 1464, 889, 420, 1721, 3085, 2474, 1212, 2125, 1044, 1028, 1415, 1767, 1727, 983, 2312, 3932, 1703, 2262, 730, 2445, 1424, 2463, 1556, 1083, 1807, 1272, 2585, 1463, 6112, 1886, 1461, 3510, 1794, 2552, 2111, 2384, 4761, 2150, 1523, 2475, 2150, 4033, 1708, 3039, 2555, 1355, 3013, 1752, 2028, 1373, 795, 3979, 2774, 8533, 2087, 3313, 2134, 1573, 1572, 871, 2636, 2531, 1755, 1621, 2730, 676, 2595, 675, 690, 1870, 1418, 1848, 1385, 986, 3759, 3313, 1714, 1565, 1954, 2962, 945, 904, 7555, 1737, 2585, 1763, 1659, 749, 2678, 2128, 1961, 3767, 1390, 3213, 2174, 1809, 3288, 1658, 1445, 2598, 980, 2518, 3028, 1768, 324, 2295, 2440, 1831, 1170, 1488, 684, 2826, 1925, 1149, 3095, 1778, 3262, 3371, 1366, 2773, 1672, 5017, 1507, 2437, 2247, 1473, 8503, 2916, 1638, 4608, 1888, 1644, 1277, 1844, 1364, 1123, 1828, 2729, 1092, 3906, 1831, 3010, 2508, 1756, 2510)
(21, 110): Mean: 2135.356, median: 1820.5, std: 1347.635, percent: 2046.94, B: 129, W: 121, 
	(3495, 1117, 1753, 11350, 2433, 1791, 1106, 1693, 975, 2413, 1494, 1887, 1157, 1951, 3422, 1110, 3239, 4283, 1902, 3207, 1564, 954, 2189, 1059, 2029, 1714, 917, 2253, 1870, 1563, 3101, 2257, 3214, 1288, 957, 2316, 1726, 1801, 2089, 2012, 1086, 2432, 1512, 1943, 1105, 2463, 1347, 1094, 7365, 1696, 828, 1754, 1277, 361, 1832, 5003, 576, 801, 3600, 2717, 1930, 3996, 2481, 2059, 2629, 4913, 1625, 965, 540, 2301, 1214, 3885, 2398, 1669, 1794, 1882, 1365, 1064, 1751, 1142, 1380, 856, 3085, 1197, 1545, 1408, 1105, 634, 1308, 1326, 1313, 816, 2742, 1820, 4799, 2833, 1100, 1056, 1821, 976, 2048, 4038, 1311, 2345, 2278, 1654, 922, 427, 1687, 3138, 2560, 1136, 2030, 1145, 1043, 1646, 1761, 1783, 1036, 2253, 4260, 1702, 1932, 807, 2542, 1758, 2240, 1571, 1138, 1847, 1158, 2254, 1589, 5361, 1949, 1347, 4061, 1730, 2565, 2044, 2002, 5386, 2077, 1421, 2305, 2046, 3457, 1902, 3126, 2387, 1465, 2982, 1713, 2030, 1289, 846, 3744, 2474, 8117, 1810, 3334, 2261, 1411, 1757, 885, 2779, 2304, 1911, 1840, 2385, 607, 2380, 713, 760, 2151, 1446, 1768, 1268, 1052, 3499, 3025, 1644, 1630, 1635, 2662, 865, 753, 6466, 1825, 2425, 1843, 1427, 815, 2785, 2230, 2028, 3842, 1346, 3081, 2435, 1678, 6017, 1725, 1473, 2102, 977, 2383, 2759, 1846, 327, 2224, 2279, 1801, 1211, 1462, 540, 2753, 1909, 1169, 3179, 1693, 3554, 5173, 1358, 2700, 1634, 5202, 1449, 2520, 2435, 1293, 7539, 2855, 1664, 4590, 1831, 1473, 1203, 1659, 1247, 1044, 1783, 2777, 1101, 4820, 2045, 2450, 2786, 1617, 2416)
(24, 125): Mean: 2119.864, median: 1874.5, std: 1353.902, percent: 1964.16, B: 135, W: 115, 
	(2662, 1111, 1553, 10913, 2943, 1837, 1099, 1541, 982, 2302, 1467, 1991, 1079, 1985, 3697, 1168, 4200, 3333, 1787, 2703, 1471, 881, 2149, 1009, 1896, 1692, 962, 2110, 1904, 1410, 4024, 2418, 3142, 1274, 902, 2211, 1548, 1789, 2454, 1842, 1134, 2307, 1450, 2298, 1073, 2440, 1304, 1040, 7176, 1651, 812, 1783, 1162, 389, 1557, 5548, 673, 741, 3756, 2478, 1947, 3221, 2961, 1973, 2206, 3858, 1769, 995, 598, 2211, 1159, 3307, 2329, 1747, 1630, 1879, 1300, 1125, 2001, 1102, 1337, 919, 2469, 1159, 1318, 1531, 1016, 600, 1340, 1610, 1559, 774, 2120, 1998, 5300, 2592, 1030, 1030, 1909, 1015, 1965, 3724, 1077, 2547, 1892, 1581, 850, 498, 1764, 3168, 2454, 1095, 1968, 1104, 1082, 1712, 1767, 1675, 965, 2426, 4358, 2249, 1887, 726, 2215, 1696, 2278, 1493, 1180, 2034, 1162, 2224, 1491, 5282, 2074, 1337, 4027, 1788, 2410, 2312, 2045, 4871, 1898, 1420, 2325, 2257, 3634, 1888, 2954, 2483, 1445, 2968, 1708, 2043, 1190, 792, 4554, 2597, 9178, 2155, 2877, 2023, 1431, 1439, 925, 2821, 1970, 1846, 1711, 2725, 691, 2358, 716, 636, 2153, 1380, 1826, 1503, 1005, 3164, 3210, 1656, 1644, 1902, 2511, 927, 936, 6857, 1882, 3017, 1960, 1652, 816, 2501, 2346, 2321, 3613, 1308, 3057, 2299, 1769, 4398, 1580, 1519, 2147, 1062, 2809, 2639, 1876, 360, 2627, 2526, 1938, 1136, 1488, 454, 2423, 1929, 1183, 2785, 1580, 3067, 3218, 1461, 2701, 1873, 5310, 1594, 2362, 2301, 1240, 8939, 2661, 1720, 5538, 1738, 1399, 1161, 1854, 1243, 1131, 2172, 2549, 1254, 4241, 1852, 2683, 2507, 1760, 2495)
(25, 130): Mean: 2112.304, median: 1822.5, std: 1321.269, percent: 2012.46, B: 132, W: 117, 
	(3154, 1156, 1553, 9646, 2452, 1844, 1094, 1662, 1114, 2473, 1515, 1837, 1215, 1775, 3414, 1138, 3686, 3868, 2121, 2597, 1608, 907, 1772, 1098, 1954, 1732, 1018, 2098, 1792, 1494, 3312, 2289, 3392, 1216, 809, 1987, 1372, 1949, 2246, 2008, 1090, 2456, 1389, 2120, 1039, 3131, 1433, 1074, 8010, 1721, 749, 1867, 1243, 321, 1689, 4790, 618, 795, 3290, 2681, 2113, 3897, 2796, 2110, 2468, 4404, 1727, 894, 522, 2329, 1304, 3744, 2308, 2048, 1492, 1985, 1270, 948, 1787, 1113, 1159, 932, 2893, 1173, 1482, 1326, 1156, 657, 1308, 1366, 1302, 802, 2728, 1890, 5071, 2646, 1083, 1115, 1692, 1067, 1996, 3705, 1157, 2527, 2105, 1617, 838, 413, 1687, 3006, 2284, 1085, 2012, 1066, 1084, 1410, 1808, 1764, 967, 2363, 4214, 1851, 1974, 675, 2166, 1546, 2395, 1529, 1149, 1743, 1156, 2222, 1478, 5292, 1952, 1382, 3989, 1791, 2199, 2277, 2018, 4207, 2213, 1291, 2519, 1954, 3310, 2119, 3325, 2434, 1559, 3498, 1762, 2000, 1428, 712, 3497, 2534, 8597, 1914, 3157, 2058, 1405, 1485, 900, 2380, 2345, 1779, 1755, 2810, 614, 2238, 692, 714, 2044, 1667, 1676, 1233, 1193, 3610, 3407, 1502, 1678, 1482, 2768, 837, 779, 6825, 1689, 2573, 1841, 1441, 629, 2384, 2265, 2107, 3073, 1297, 2481, 2464, 1621, 4464, 1448, 1356, 2058, 932, 2300, 3114, 1799, 307, 2297, 2228, 1870, 1327, 1531, 724, 2868, 2237, 1041, 2513, 1928, 3658, 2871, 1555, 2650, 1725, 6267, 1639, 2527, 2467, 1171, 7904, 3240, 1500, 6184, 1634, 1426, 1287, 1928, 1207, 1135, 2154, 2784, 1150, 4879, 1873, 2845, 3174, 1722, 2535)
(27, 142): Mean: 2113.68, median: 1823.0, std: 1365.769, percent: 2003.6, B: 124, W: 126, 
	(2851, 1179, 1667, 11308, 2729, 1960, 992, 1718, 995, 2573, 1710, 1684, 1016, 1980, 3452, 1133, 3506, 3753, 1967, 2664, 1541, 895, 2160, 943, 2028, 1612, 1111, 2049, 1831, 1563, 3186, 2205, 3637, 1200, 888, 2212, 1433, 2054, 2615, 1938, 1016, 2558, 1392, 1950, 1339, 2965, 1350, 986, 6749, 1921, 910, 1650, 1159, 356, 1619, 6977, 572, 693, 3452, 2863, 1808, 3430, 2329, 1827, 2574, 4191, 1788, 935, 543, 2429, 1260, 4181, 2320, 1690, 1480, 1689, 1317, 1031, 1903, 1181, 1394, 888, 3032, 1123, 1466, 1348, 1237, 622, 1408, 1325, 1498, 880, 2458, 1802, 4841, 2573, 1053, 971, 1917, 910, 1923, 3252, 1270, 2546, 2107, 1464, 815, 324, 1552, 3140, 2562, 1031, 1872, 1121, 1122, 1213, 1951, 1986, 912, 2242, 3452, 1700, 2155, 594, 2335, 1741, 2309, 1419, 1268, 1860, 1127, 1990, 1593, 6051, 2029, 1410, 3803, 1667, 2537, 2046, 2469, 4415, 2381, 1270, 2393, 2059, 3670, 1698, 3436, 2197, 1453, 2967, 1848, 1764, 1489, 684, 3685, 2487, 7944, 2482, 3138, 2347, 1463, 1576, 959, 2644, 2543, 1850, 1611, 2783, 705, 2437, 767, 762, 1748, 1325, 1763, 1314, 993, 3029, 3659, 1606, 1839, 1647, 2441, 867, 889, 7102, 2147, 2449, 1819, 1401, 745, 2170, 2249, 1960, 3654, 1641, 2909, 2412, 1460, 4289, 1574, 1358, 2096, 980, 2644, 3045, 1990, 335, 2232, 2268, 1726, 1174, 1542, 468, 2459, 1840, 1059, 2843, 1689, 3382, 3010, 1377, 2385, 1601, 6017, 1702, 2297, 2108, 1418, 9038, 2732, 1632, 5744, 1640, 1574, 1095, 1763, 1298, 1127, 1949, 2749, 1029, 4033, 1948, 2985, 2818, 1762, 2424)
(28, 143): Mean: 2074.332, median: 1812.0, std: 1296.322, percent: 1941.44, B: 148, W: 102, 
	(2523, 1124, 1487, 8807, 2668, 2172, 1020, 1774, 920, 2796, 1455, 1563, 1113, 1909, 3066, 1162, 4219, 3314, 1855, 2635, 1453, 884, 2068, 1012, 1867, 1571, 1012, 2249, 1730, 1448, 3317, 2834, 3154, 1174, 897, 1824, 1585, 2069, 2271, 1921, 1017, 2015, 1380, 1979, 989, 2625, 1284, 933, 8128, 1619, 820, 1825, 1331, 402, 1821, 4837, 583, 680, 3232, 2454, 2109, 4096, 2622, 1904, 3174, 4706, 1881, 871, 541, 2244, 1188, 3782, 2639, 1534, 1572, 1979, 1352, 997, 1613, 1075, 1165, 891, 2590, 1136, 1399, 1423, 1135, 611, 1236, 1434, 1287, 772, 2533, 1958, 4722, 2569, 993, 1012, 1814, 885, 1855, 3682, 1269, 2786, 2141, 1599, 770, 342, 1634, 3098, 2185, 1066, 1962, 1108, 1003, 1307, 1707, 1741, 929, 2400, 4032, 1779, 1852, 853, 2244, 1961, 2412, 1500, 1137, 2054, 1302, 2246, 1515, 5407, 1910, 1353, 3443, 1828, 2227, 1938, 2291, 4593, 2054, 1235, 2309, 2253, 4173, 1701, 2469, 2355, 1370, 3021, 1632, 2113, 1295, 770, 3499, 2451, 7727, 1855, 2797, 2312, 1576, 1689, 876, 2772, 2208, 1746, 1613, 2659, 584, 2336, 646, 777, 2113, 1340, 1636, 1384, 981, 3812, 3673, 1429, 1477, 2260, 2720, 882, 769, 6908, 1867, 2229, 1705, 1360, 705, 2305, 2166, 2327, 4011, 1246, 3300, 2564, 1525, 5203, 1527, 1393, 2064, 914, 2325, 2864, 1740, 340, 2191, 1810, 1755, 1160, 1538, 475, 2836, 1795, 1048, 2536, 1577, 3165, 2794, 1225, 2295, 1468, 5321, 1446, 2483, 1959, 1271, 8556, 2818, 1653, 5100, 1595, 1606, 1092, 1735, 1143, 1085, 1878, 2499, 1104, 4817, 2008, 2829, 2523, 1731, 2945)
(31, 156): Mean: 2042.34, median: 1775.0, std: 1238.311, percent: 1969.68, B: 135, W: 114, 
	(2912, 1130, 1578, 9320, 2622, 1931, 1024, 1948, 898, 2303, 1561, 1715, 1087, 2408, 3543, 1087, 2811, 3298, 1851, 2292, 1628, 870, 1943, 1024, 1852, 1656, 997, 1913, 1598, 1561, 2879, 2564, 3483, 1149, 969, 2020, 1640, 2143, 2131, 1998, 988, 2459, 1306, 2195, 1111, 2369, 1287, 967, 6004, 1936, 922, 1820, 1094, 342, 1614, 5678, 580, 578, 3260, 2407, 1978, 3055, 2739, 1929, 2808, 4724, 1826, 822, 595, 2194, 1155, 3855, 2397, 1816, 1914, 1874, 1203, 919, 1692, 1132, 1292, 886, 2605, 1063, 1409, 1451, 1088, 724, 1348, 1538, 1264, 794, 2061, 1744, 4725, 2887, 884, 1008, 1767, 786, 1880, 3700, 1120, 2449, 1958, 1573, 773, 354, 1532, 3041, 2673, 977, 1866, 1206, 1057, 1282, 1692, 1694, 951, 2093, 3689, 1462, 2005, 746, 2211, 1599, 2446, 1486, 1049, 2047, 1330, 1992, 1456, 4613, 1912, 1387, 4460, 1599, 2396, 1884, 2043, 4515, 1902, 1226, 2109, 2083, 3833, 1810, 3033, 2440, 1417, 2877, 1642, 1909, 1407, 829, 3559, 2360, 7301, 1677, 3228, 2093, 1477, 1563, 968, 2776, 2206, 1728, 1673, 2490, 687, 2201, 725, 692, 1844, 1319, 1712, 1413, 988, 3263, 3567, 1462, 1570, 1551, 2553, 793, 788, 6746, 1635, 2414, 1624, 1434, 814, 2482, 2164, 2173, 3526, 1275, 3107, 2315, 1559, 4696, 1398, 1349, 2207, 910, 2436, 3132, 1640, 314, 2431, 2166, 1748, 1108, 1509, 471, 3055, 1803, 1075, 2861, 1467, 3108, 2925, 1375, 2260, 1659, 5265, 1523, 2321, 2089, 1513, 8049, 2825, 1626, 5141, 1783, 1540, 1107, 1857, 1164, 1130, 1659, 2486, 1102, 4817, 1872, 3028, 2775, 1743, 2652)
(32, 162): Mean: 2046.084, median: 1735.5, std: 1342.703, percent: 1920.92, B: 142, W: 108, 
	(2820, 1128, 1529, 11586, 2788, 1733, 1041, 1620, 977, 2199, 1618, 1617, 1007, 1712, 2880, 1118, 3276, 3107, 1743, 2648, 1637, 857, 2061, 941, 1745, 1531, 933, 2002, 1792, 1528, 3746, 2179, 3510, 1113, 954, 1994, 1528, 2056, 2217, 1883, 996, 2497, 1374, 2269, 984, 2376, 1252, 927, 6526, 1817, 812, 1793, 1275, 340, 1729, 4831, 585, 758, 3103, 2428, 2034, 3545, 2439, 2013, 2821, 4805, 1821, 891, 538, 2049, 1327, 4082, 2250, 1610, 1628, 1740, 1105, 1020, 1622, 1071, 1303, 905, 2936, 1084, 1305, 1388, 994, 653, 1145, 1455, 1234, 854, 2209, 1729, 5001, 2757, 1022, 982, 1788, 797, 1975, 3358, 1167, 2340, 2032, 1458, 716, 336, 1520, 3332, 2578, 1064, 1851, 1111, 954, 1124, 1705, 1733, 973, 2082, 3981, 1771, 1687, 679, 2217, 1492, 2328, 1512, 1145, 1818, 1107, 2236, 1509, 4947, 1847, 1510, 4076, 1774, 2363, 2056, 1989, 5121, 2063, 1307, 1966, 2106, 3569, 1682, 2767, 2408, 1365, 2946, 2029, 1988, 1292, 762, 3424, 2557, 9203, 1725, 3086, 2178, 1507, 1676, 924, 2719, 2128, 1615, 1560, 2628, 675, 2806, 631, 674, 1875, 1301, 1731, 1265, 940, 3133, 3330, 1676, 1720, 2014, 2448, 885, 808, 7317, 1581, 2365, 1739, 1343, 747, 2417, 2315, 1967, 3551, 1263, 2750, 2282, 1525, 4085, 1571, 1352, 2367, 846, 2652, 3382, 1700, 298, 2199, 2020, 1679, 1086, 1443, 441, 3134, 1960, 986, 2347, 1561, 3247, 3131, 1242, 2627, 1498, 5381, 1404, 2344, 2036, 1322, 7659, 2647, 1342, 4810, 1613, 1516, 1044, 1738, 1205, 1078, 1831, 2450, 1166, 4556, 1847, 3179, 2608, 1640, 2445)
(33, 164): Mean: 2027.836, median: 1749.0, std: 1303.231, percent: 1924.64, B: 133, W: 116, 
	(2756, 1118, 1460, 8886, 2530, 1713, 1027, 1731, 930, 2172, 1576, 1591, 1124, 1765, 2970, 1094, 3086, 3562, 1826, 2536, 1433, 886, 1831, 1123, 1753, 1578, 932, 2068, 1707, 1656, 3048, 2044, 3174, 1092, 975, 2022, 1446, 1785, 2181, 1788, 1042, 2344, 1238, 2063, 1208, 2484, 1243, 961, 5531, 1876, 794, 1664, 1263, 357, 1524, 5713, 592, 836, 2891, 2558, 1994, 3773, 2662, 1748, 2599, 3904, 1790, 895, 628, 2247, 1052, 2855, 2191, 1471, 1463, 2016, 1159, 907, 1579, 1089, 1359, 884, 2888, 1027, 1260, 1262, 965, 552, 1134, 1349, 1178, 716, 2424, 1823, 4721, 2690, 1016, 970, 1702, 703, 1949, 3759, 1235, 2470, 2000, 1435, 780, 366, 1601, 3255, 2480, 1032, 1973, 1014, 990, 1395, 1768, 1731, 887, 2082, 3774, 1856, 1894, 523, 2051, 1447, 2508, 1515, 1093, 1878, 1101, 2389, 1397, 5506, 1929, 1320, 3668, 1643, 2493, 2015, 2264, 4675, 1912, 1479, 2325, 2006, 3329, 1875, 2751, 2376, 1489, 2772, 1637, 2069, 1354, 741, 3627, 2479, 8895, 1911, 3190, 2237, 1557, 1927, 895, 2646, 2186, 1773, 1594, 2629, 589, 2408, 637, 691, 1700, 1331, 1646, 1402, 919, 3348, 3339, 1509, 1691, 1475, 2396, 933, 809, 10242, 1731, 2439, 1809, 1569, 754, 2913, 2044, 2124, 3985, 1216, 2817, 2306, 1496, 4032, 1389, 1303, 2261, 847, 2458, 3631, 1544, 314, 2227, 1964, 1690, 985, 1417, 447, 2850, 1840, 1029, 2728, 1717, 3513, 3185, 1351, 2298, 1693, 4692, 1348, 2418, 2242, 1145, 7452, 3077, 1482, 4873, 1625, 1535, 1217, 1729, 1165, 1166, 1853, 2322, 988, 4019, 1834, 3044, 2651, 1750, 2747)
(41, 209): Mean: 2043.092, median: 1739.0, std: 1263.381, percent: 1938.86, B: 122, W: 128, 
	(2685, 1114, 1390, 9240, 2490, 1848, 994, 1532, 825, 2288, 1440, 1722, 1151, 2017, 3142, 1054, 3355, 3600, 1752, 2724, 1432, 980, 1958, 1007, 1958, 1490, 1011, 1938, 1881, 1617, 3083, 2429, 3280, 1039, 920, 2174, 1595, 1743, 2153, 1781, 1074, 2444, 1323, 2121, 1016, 2492, 1202, 933, 6934, 1683, 805, 1633, 1147, 402, 1709, 4977, 590, 747, 3793, 2524, 2056, 4271, 2373, 1985, 2855, 4873, 1880, 899, 605, 2558, 1163, 3550, 2638, 1792, 1420, 1845, 1247, 926, 1730, 1130, 1178, 857, 2597, 1076, 1367, 1320, 1057, 632, 1269, 1346, 1129, 750, 2192, 1707, 5263, 2802, 1124, 962, 1799, 876, 1915, 4014, 1245, 2324, 2067, 1741, 777, 391, 1458, 3184, 2253, 1030, 1873, 1012, 948, 1684, 1664, 1566, 899, 2294, 3124, 1579, 1879, 605, 1989, 1641, 2061, 1505, 1090, 1905, 1078, 2581, 1458, 5850, 2107, 1445, 3594, 1589, 2482, 2023, 2113, 4805, 2053, 1174, 2229, 1959, 3404, 1625, 2574, 2474, 1484, 3444, 1694, 1850, 1253, 724, 4212, 2612, 7077, 1924, 3587, 1964, 1439, 1512, 838, 2617, 2233, 1728, 1545, 2421, 702, 2710, 721, 696, 1672, 1333, 1672, 1274, 852, 2894, 3381, 1413, 1567, 1576, 2527, 881, 705, 7280, 2175, 2849, 1827, 1470, 782, 2329, 2045, 1828, 3819, 1304, 2843, 2275, 1472, 5364, 1445, 1227, 1900, 849, 2460, 3030, 1709, 269, 2384, 1988, 1712, 1161, 1362, 585, 3333, 1756, 1075, 2628, 1592, 3592, 2907, 1330, 2412, 1547, 4549, 1391, 2431, 2233, 1260, 6942, 2984, 1605, 4857, 1704, 1524, 1219, 1929, 1187, 959, 1754, 2717, 967, 4808, 2150, 2638, 3069, 1737, 2696)
(44, 223): Mean: 1953.432, median: 1634.0, std: 1304.698, percent: 1882.2, B: 175, W: 74, 
	(2689, 1026, 1392, 7996, 2312, 1619, 876, 1578, 812, 2062, 1503, 1486, 986, 1821, 3005, 1041, 3432, 3908, 1596, 3118, 1335, 879, 1779, 1038, 1705, 1430, 971, 1979, 1642, 1352, 3427, 2051, 2941, 1073, 825, 1918, 1500, 1536, 1998, 1796, 888, 2267, 1266, 1762, 933, 2310, 1259, 879, 5905, 1814, 833, 1764, 1126, 376, 1880, 4369, 570, 569, 3471, 2136, 1901, 7533, 2393, 1905, 2149, 4532, 1626, 935, 473, 2101, 1145, 2894, 2040, 1516, 1326, 1571, 1120, 885, 1480, 1004, 1123, 862, 2482, 985, 1398, 1269, 1187, 527, 1211, 1335, 1163, 637, 2177, 1582, 4415, 2967, 772, 959, 1661, 758, 1780, 3830, 1235, 2395, 1848, 1447, 697, 315, 1482, 3288, 2756, 1011, 1867, 968, 821, 1716, 1582, 1601, 989, 2043, 3520, 1607, 1726, 562, 1740, 1407, 2313, 1308, 964, 1603, 1133, 2080, 1371, 5124, 2058, 1416, 4075, 1573, 2008, 1651, 2126, 5109, 1877, 1239, 2002, 2030, 3611, 1770, 2851, 2086, 1292, 3358, 1900, 1758, 1281, 699, 3318, 2714, 9401, 1663, 2870, 1755, 1410, 1626, 831, 2225, 2379, 1535, 1672, 2827, 630, 2497, 622, 635, 1848, 1243, 1521, 1193, 876, 2764, 2891, 1233, 1514, 1415, 2555, 916, 742, 8089, 1694, 2348, 1648, 1314, 683, 2523, 2119, 1965, 2868, 1138, 2563, 2840, 1428, 3640, 1486, 1169, 1976, 838, 2048, 2605, 1322, 258, 1747, 1945, 1547, 1128, 1425, 460, 2785, 1793, 973, 2552, 1400, 3598, 2547, 1375, 2110, 1543, 5424, 1527, 2285, 2137, 1260, 7506, 2940, 1506, 4451, 1486, 1432, 1031, 1625, 1092, 1024, 1704, 2835, 897, 4982, 1855, 2609, 2153, 1651, 2427)
(49, 250): Mean: 1893.72, median: 1644.5, std: 1224.0, percent: 1792.16, B: 145, W: 102, 
	(2480, 987, 1373, 8466, 2395, 1694, 952, 1419, 773, 1821, 1413, 1545, 1113, 1861, 3082, 984, 2867, 3160, 1744, 2561, 1341, 782, 2082, 967, 1662, 1413, 851, 1926, 1727, 1461, 3053, 2766, 3130, 1055, 867, 1801, 1291, 1679, 1830, 1598, 901, 2418, 1242, 2052, 899, 2136, 1273, 978, 5599, 1825, 763, 1696, 1129, 315, 1431, 5210, 579, 689, 3036, 2129, 2041, 3540, 2540, 1731, 2198, 5062, 1557, 811, 560, 2118, 1054, 3394, 2173, 1559, 1314, 1625, 1004, 839, 1628, 1054, 1315, 910, 2604, 912, 1386, 1242, 1191, 533, 1333, 1224, 1104, 610, 2417, 1465, 4073, 2976, 885, 999, 1678, 719, 1926, 3821, 1167, 2005, 1907, 1320, 686, 407, 1503, 2809, 2431, 861, 1754, 948, 888, 1362, 1478, 1510, 936, 1839, 3504, 1555, 1740, 545, 1803, 1433, 2088, 1313, 1005, 1663, 1081, 1834, 1311, 6659, 1894, 1254, 3602, 1527, 2129, 1802, 1972, 5250, 2216, 1122, 1828, 2051, 3034, 1615, 2803, 1966, 1322, 3481, 1634, 1866, 1219, 635, 3275, 2205, 8125, 1655, 2606, 1920, 1395, 1715, 833, 2127, 2091, 1536, 1418, 2617, 592, 2122, 587, 560, 1685, 1214, 1424, 1213, 810, 2910, 2732, 1247, 1468, 1484, 2107, 905, 719, 6100, 1692, 2483, 1617, 1371, 699, 2028, 1939, 1785, 2924, 1237, 2807, 2357, 1262, 4354, 1462, 1206, 1854, 838, 2405, 2678, 1262, 342, 1942, 1887, 1548, 1109, 1404, 427, 2764, 1699, 970, 2304, 1507, 3080, 2337, 1178, 2399, 1484, 4327, 1497, 2509, 1676, 1260, 7940, 2634, 1437, 5699, 1690, 1432, 980, 1872, 1016, 1027, 1839, 2455, 840, 3908, 1682, 2349, 2434, 1757, 2168)
(51, 257): Mean: 1790.628, median: 1519.0, std: 1209.9, percent: 1705.72, B: 188, W: 62, 
	(2402, 955, 1200, 10375, 2195, 1614, 855, 1329, 739, 1727, 1339, 1529, 971, 1675, 2628, 889, 2678, 2659, 1403, 2686, 1260, 817, 1612, 868, 1546, 1359, 772, 1873, 1466, 1494, 3082, 2447, 2705, 1058, 790, 1759, 1261, 1447, 1971, 1456, 846, 1899, 1233, 1586, 749, 2127, 1121, 825, 5974, 1514, 678, 1479, 991, 332, 1195, 4026, 458, 574, 2486, 2353, 1899, 3801, 1957, 1521, 2355, 3536, 1548, 838, 439, 2045, 947, 2573, 2066, 1340, 1313, 1589, 1027, 823, 1612, 918, 1066, 816, 2662, 981, 1239, 1117, 843, 511, 1060, 1212, 1069, 590, 2088, 1380, 4086, 3169, 814, 910, 1569, 650, 1593, 3597, 1057, 2201, 1807, 1263, 673, 333, 1490, 3143, 2174, 868, 1674, 942, 824, 1317, 1524, 1290, 777, 2241, 3292, 1517, 1624, 573, 1767, 1378, 2003, 1195, 1021, 1533, 1039, 1816, 1264, 5194, 1889, 1152, 3357, 1481, 1999, 1640, 1867, 4642, 1926, 1362, 1860, 1963, 2883, 1525, 2601, 2067, 1212, 3019, 1351, 1577, 1160, 634, 2961, 2357, 8549, 1637, 2792, 1676, 1385, 1361, 789, 2073, 1807, 1467, 1240, 2287, 589, 2155, 569, 546, 1529, 1202, 1317, 1263, 788, 2714, 2452, 1314, 1396, 1360, 2347, 841, 773, 7508, 1638, 2111, 1689, 1203, 653, 2071, 1864, 1634, 3299, 1222, 2525, 2259, 1299, 4036, 1392, 1062, 1976, 833, 2411, 2476, 1274, 309, 2086, 1743, 1421, 930, 1249, 445, 2395, 1576, 1012, 2540, 1341, 3125, 2545, 1184, 2530, 1535, 4551, 1358, 1937, 1796, 1115, 5777, 2499, 1287, 4217, 1359, 1435, 1041, 1608, 1042, 908, 1585, 2172, 914, 3709, 2026, 2388, 2951, 1474, 2084)
(52, 260): Mean: 2132.376, median: 1809.5, std: 1375.016, percent: 2005.02, B: 13, W: 237, 
	(3640, 1108, 1611, 9420, 3046, 2042, 1120, 1591, 900, 2187, 1491, 1648, 1115, 2396, 2957, 1070, 3614, 3918, 2030, 3034, 1290, 829, 2003, 1048, 2004, 1640, 936, 1965, 1741, 1867, 3489, 2333, 3024, 1236, 1072, 2001, 1344, 1726, 2067, 1805, 967, 2633, 1438, 2426, 1109, 3154, 1255, 1041, 6089, 1960, 865, 1789, 1130, 283, 1537, 5894, 671, 648, 3458, 2514, 2236, 4286, 2220, 2062, 2589, 5979, 1703, 933, 625, 2310, 1102, 3658, 2408, 1689, 1650, 1897, 1144, 974, 1702, 1144, 1341, 956, 2858, 1002, 1448, 1377, 1044, 604, 1314, 1318, 1377, 759, 2426, 1816, 4012, 2699, 980, 1193, 1955, 774, 2181, 4041, 1319, 2524, 2503, 1501, 792, 414, 1611, 3179, 2774, 1121, 2217, 1198, 1023, 1395, 1920, 1770, 1007, 2332, 4265, 1594, 2001, 685, 2239, 1727, 2526, 1493, 1027, 1888, 1242, 2553, 1465, 6613, 2146, 1428, 3679, 1811, 2420, 1933, 2003, 5364, 2384, 1474, 2223, 2266, 3925, 1936, 2731, 2460, 1599, 3298, 1861, 1977, 1390, 791, 4137, 2727, 11080, 1786, 2819, 1970, 1684, 1704, 856, 2618, 2391, 1808, 1708, 2872, 570, 2522, 674, 744, 1756, 1386, 1783, 1383, 960, 2545, 3516, 1795, 1734, 1547, 2441, 928, 790, 6826, 2048, 2882, 1855, 1231, 833, 2660, 2317, 2102, 3394, 1196, 3464, 2899, 1427, 4430, 1437, 1383, 2176, 864, 2389, 2941, 1553, 288, 2752, 2360, 1728, 1152, 1477, 452, 2731, 2051, 999, 2957, 1776, 4227, 2994, 1209, 2765, 1670, 5579, 1605, 2193, 2224, 1363, 7315, 2814, 1642, 4774, 1634, 1620, 1129, 1794, 1231, 1135, 1922, 2742, 984, 4855, 2226, 3171, 2824, 1873, 2294)
(53, 262): Mean: 1958.3, median: 1665.5, std: 1231.226, percent: 1869.04, B: 196, W: 54, 
	(2890, 1146, 1392, 9547, 2461, 1774, 952, 1681, 830, 2279, 1591, 1611, 1002, 1758, 3105, 974, 2783, 3113, 1692, 2472, 1498, 863, 2217, 960, 1692, 1493, 848, 2124, 1621, 1556, 3353, 2305, 2958, 1255, 846, 1973, 1265, 1521, 1978, 1534, 915, 2460, 1408, 1780, 974, 2694, 1325, 928, 5832, 1841, 753, 1742, 1093, 308, 1555, 4229, 607, 670, 3092, 2350, 2055, 3730, 2538, 1828, 2680, 4612, 1696, 821, 506, 2025, 1142, 3462, 2355, 1474, 1531, 1802, 1138, 905, 1618, 1061, 1090, 870, 2393, 996, 1347, 1189, 1012, 574, 1237, 1431, 1274, 724, 2034, 1566, 5052, 2775, 991, 946, 1522, 727, 1807, 3535, 1256, 2293, 1883, 1470, 692, 368, 1593, 3376, 2716, 1050, 1983, 1041, 829, 1360, 1647, 1430, 1031, 2036, 4352, 1661, 1836, 741, 1909, 1361, 2132, 1447, 967, 1670, 1066, 2227, 1361, 4977, 1883, 1140, 4794, 1770, 2281, 1878, 1938, 5150, 2084, 1241, 1925, 2043, 3463, 1694, 2865, 2287, 1432, 2910, 1533, 1785, 1384, 683, 3395, 2623, 8981, 1576, 3646, 2013, 1557, 1653, 801, 2385, 1934, 1860, 1607, 2462, 568, 2761, 667, 642, 1773, 1306, 1688, 1334, 975, 2952, 2984, 1570, 1652, 1641, 2443, 883, 864, 5190, 1962, 2297, 1611, 1247, 695, 2331, 2266, 1730, 2571, 1275, 2370, 2480, 1391, 4283, 1559, 1274, 1613, 802, 2040, 2117, 1659, 285, 1884, 2065, 1449, 934, 1360, 482, 2947, 1991, 1136, 2383, 1560, 3977, 2948, 1234, 2299, 1620, 4854, 1413, 2414, 1967, 1331, 7281, 2854, 1341, 4698, 1584, 1487, 1291, 1924, 1291, 1056, 1708, 2731, 963, 3736, 2023, 2695, 2830, 1705, 2421)
(54, 267): Mean: 1945.068, median: 1662.0, std: 1241.064, percent: 1833.24, B: 141, W: 107, 
	(2696, 1127, 1454, 9927, 2530, 1703, 889, 1606, 797, 2072, 1426, 1675, 1023, 1992, 2686, 1067, 2832, 3416, 1742, 2535, 1314, 823, 2030, 925, 1663, 1350, 859, 1956, 1661, 1673, 3431, 2725, 2895, 1160, 843, 2143, 1297, 1531, 2259, 1710, 851, 2462, 1352, 1628, 1090, 3079, 1202, 980, 5932, 1635, 753, 1530, 1064, 264, 1363, 5456, 555, 592, 3081, 2120, 2060, 3791, 2510, 1843, 2272, 5005, 1576, 864, 486, 2187, 1064, 2850, 2050, 1541, 1455, 1615, 1105, 1027, 1633, 1069, 1101, 821, 2570, 1103, 1348, 1123, 975, 566, 1355, 1450, 1269, 648, 2146, 1552, 3913, 2340, 892, 928, 1666, 734, 1868, 3422, 1174, 1972, 2094, 1443, 715, 363, 1509, 3097, 2547, 957, 2219, 964, 825, 1220, 1794, 1540, 913, 2256, 3806, 1408, 1876, 566, 1911, 1360, 2377, 1401, 1068, 1866, 1080, 2463, 1541, 5531, 1888, 1229, 4295, 1632, 2694, 1691, 2083, 5049, 1986, 1350, 2056, 1904, 2946, 1450, 2679, 2192, 1238, 3500, 1552, 1866, 1256, 620, 2995, 2636, 8022, 1711, 3167, 2010, 1482, 1791, 783, 2214, 2140, 1695, 1781, 2606, 554, 3301, 654, 644, 1848, 1362, 1612, 1210, 866, 2611, 3117, 1313, 1478, 1449, 2318, 855, 848, 7008, 1733, 2251, 1486, 1170, 677, 2396, 2028, 1805, 2736, 1128, 2599, 2777, 1386, 4883, 1461, 1249, 1949, 887, 2242, 2680, 1571, 315, 2143, 2059, 1557, 982, 1317, 472, 2787, 1834, 1012, 2606, 1637, 3944, 2699, 1231, 2403, 1600, 4844, 1430, 2245, 1954, 1220, 6278, 2646, 1432, 4636, 1430, 1424, 1473, 1729, 1181, 1076, 1754, 2373, 930, 3999, 2023, 2557, 2647, 1747, 2229)
(56, 274): Mean: 1934.412, median: 1652.5, std: 1260.277, percent: 1818.42, B: 129, W: 120, 
	(2871, 1043, 1369, 10583, 2852, 1726, 863, 1586, 808, 2104, 1467, 1677, 1029, 1890, 3038, 984, 3000, 4101, 1695, 2577, 1379, 830, 1953, 948, 1605, 1392, 847, 1771, 1552, 1495, 3306, 2135, 2662, 1148, 897, 2262, 1407, 1615, 2167, 1652, 824, 2328, 1299, 1780, 975, 2529, 1299, 908, 6243, 1945, 735, 1608, 1159, 327, 1261, 4529, 543, 650, 3100, 2266, 1984, 3702, 2520, 1836, 2128, 4875, 1650, 838, 518, 1769, 1038, 3046, 2092, 1553, 1432, 1898, 1062, 926, 1566, 1134, 1140, 941, 2132, 1069, 1350, 1200, 1040, 579, 1141, 1275, 1185, 661, 2026, 1483, 4239, 2849, 834, 988, 1832, 652, 1829, 3763, 1223, 2220, 1910, 1372, 633, 359, 1461, 2906, 2475, 942, 2206, 1023, 851, 1555, 1641, 1450, 928, 2310, 3997, 1470, 1879, 589, 2115, 1462, 2123, 1523, 1124, 1814, 1051, 2357, 1479, 5984, 1895, 1234, 3774, 1778, 2374, 1778, 2203, 5218, 2101, 1342, 1901, 1752, 3317, 1561, 2394, 2744, 1308, 2959, 1636, 1823, 1280, 658, 3360, 2891, 8548, 1653, 2771, 1753, 1497, 1444, 765, 2365, 2351, 1756, 1639, 2688, 534, 2452, 656, 643, 1749, 1314, 1654, 1164, 910, 2459, 2949, 1530, 1612, 1412, 2212, 929, 822, 6899, 1785, 2088, 1519, 1207, 670, 2280, 2201, 1739, 2866, 1167, 2599, 2142, 1379, 3917, 1449, 1221, 1829, 886, 2070, 2561, 1632, 284, 1887, 1855, 1683, 994, 1342, 440, 2851, 1916, 908, 2731, 1730, 4324, 2466, 1276, 2190, 1488, 5227, 1483, 2512, 2049, 1178, 5963, 2556, 1361, 4428, 1481, 1611, 1366, 1714, 1107, 1059, 1593, 2537, 876, 3871, 1913, 2435, 2408, 1754, 2337)
(57, 280): Mean: 1938.244, median: 1640.0, std: 1249.813, percent: 1880.26, B: 131, W: 118, 
	(2903, 1074, 1373, 8368, 2189, 1667, 980, 1489, 846, 1873, 1543, 1658, 1074, 1842, 2733, 1002, 2781, 3494, 1755, 3208, 1442, 816, 2035, 886, 1727, 1370, 931, 1683, 1565, 1439, 3378, 1882, 2736, 1102, 874, 2015, 1205, 1476, 2031, 1625, 924, 2410, 1357, 1796, 1004, 3015, 1250, 927, 6713, 1857, 806, 1591, 1084, 257, 1232, 4794, 607, 598, 3121, 2026, 2196, 3780, 2386, 1740, 2112, 4127, 1570, 873, 485, 1914, 1159, 3040, 2045, 1562, 1497, 1629, 992, 847, 1501, 1150, 1102, 908, 2697, 1019, 1443, 1086, 977, 547, 1253, 1359, 1198, 671, 2291, 1617, 3960, 2548, 905, 942, 1870, 593, 1639, 3531, 1142, 2020, 2243, 1400, 676, 349, 1509, 2907, 2375, 937, 2228, 975, 941, 1294, 1673, 1494, 926, 1967, 4467, 1416, 2032, 572, 1981, 1423, 2142, 1187, 1087, 1842, 1029, 2263, 1461, 5898, 1884, 1398, 3681, 1588, 2446, 1778, 1926, 5105, 1983, 1355, 2088, 1814, 3224, 1656, 3191, 2115, 1495, 2830, 1651, 1723, 1436, 624, 3308, 3219, 9212, 1611, 3478, 1797, 1445, 1339, 763, 2781, 2232, 1785, 1473, 2828, 591, 2255, 665, 581, 1658, 1215, 1565, 1101, 827, 3077, 2976, 1454, 1547, 1498, 2253, 831, 806, 5407, 1660, 2628, 1528, 1431, 669, 2287, 2061, 1763, 3245, 1046, 2849, 2198, 1343, 4532, 1512, 1214, 1739, 831, 2069, 2437, 1553, 298, 1930, 2278, 1641, 1146, 1392, 422, 2880, 2262, 1013, 2515, 1460, 3877, 2758, 1213, 2468, 1636, 5245, 1474, 2410, 1978, 1274, 7598, 2653, 1424, 5357, 1692, 1415, 1316, 1795, 1157, 1011, 1799, 2484, 1009, 4387, 2193, 2039, 2527, 1750, 2165)
(58, 283): Mean: 1902.5, median: 1643.0, std: 1177.212, percent: 1823.32, B: 145, W: 105, 
	(2958, 1037, 1414, 9359, 2021, 1784, 914, 1457, 855, 1799, 1496, 1565, 1064, 1782, 2671, 914, 3217, 3288, 1715, 3001, 1361, 777, 1948, 871, 1679, 1384, 908, 1697, 1622, 1563, 2920, 1946, 2497, 1121, 867, 1938, 1170, 1750, 2308, 1692, 902, 2145, 1368, 1872, 951, 3072, 1209, 948, 5432, 1826, 819, 1658, 1118, 330, 1412, 4852, 563, 746, 3068, 2448, 2327, 3531, 2368, 1645, 2836, 5042, 1692, 931, 444, 1993, 1003, 3229, 1776, 1441, 1375, 1537, 1018, 868, 1856, 1014, 1206, 981, 2263, 1179, 1302, 1227, 986, 573, 1328, 1386, 1281, 755, 2284, 1640, 3855, 2469, 1085, 958, 1655, 645, 1800, 3859, 1230, 2259, 1964, 1395, 764, 362, 1376, 2857, 2491, 875, 2166, 1017, 921, 1288, 1641, 1474, 981, 2037, 3789, 1497, 2094, 606, 1917, 1307, 2061, 1243, 956, 1957, 1114, 2181, 1451, 5434, 2007, 1317, 3563, 1646, 2537, 1994, 1565, 4521, 1871, 1221, 1869, 1956, 3563, 1473, 2762, 2058, 1311, 2713, 1488, 1573, 1308, 605, 3203, 2959, 7081, 1674, 3172, 1768, 1433, 1353, 765, 1984, 2081, 1695, 1866, 2882, 504, 2279, 633, 624, 1748, 1189, 1568, 1290, 886, 2651, 2732, 1442, 1624, 1411, 2215, 830, 756, 6942, 1592, 2459, 1526, 1245, 693, 2221, 2430, 1792, 3050, 1181, 2650, 2080, 1288, 4298, 1469, 1387, 1830, 805, 2173, 2573, 1501, 275, 2265, 2093, 1521, 1058, 1256, 531, 3103, 1896, 984, 2211, 1698, 3350, 2404, 1108, 2476, 1587, 4986, 1374, 2128, 2084, 1339, 6669, 2420, 1345, 4190, 1525, 1346, 1399, 1742, 1220, 967, 1734, 2433, 838, 3840, 1879, 2675, 2510, 1624, 2721)
(59, 285): Mean: 1857.38, median: 1591.5, std: 1144.522, percent: 1764.86, B: 147, W: 103, 
	(2813, 962, 1326, 8108, 2673, 1746, 824, 1509, 802, 2040, 1330, 1714, 947, 1912, 2673, 982, 2757, 2980, 1718, 2522, 1351, 684, 1773, 870, 1643, 1331, 781, 1780, 1641, 1603, 3483, 1771, 3186, 1194, 906, 1825, 1341, 1420, 2111, 1740, 848, 2360, 1335, 1947, 878, 2558, 1289, 942, 5828, 1833, 765, 1562, 1022, 295, 1495, 4404, 502, 580, 3202, 2006, 1839, 3889, 2207, 1650, 2055, 3478, 1563, 784, 502, 1805, 957, 3131, 2029, 1385, 1389, 1684, 993, 834, 1721, 1052, 1066, 949, 2122, 1017, 1252, 1065, 924, 559, 1206, 1282, 1136, 745, 2373, 1493, 3992, 2477, 890, 946, 1461, 654, 1802, 3924, 1257, 2301, 1899, 1292, 684, 357, 1513, 2921, 2409, 867, 1990, 883, 928, 1348, 1507, 1356, 861, 2034, 3413, 1451, 1808, 621, 2101, 1431, 2162, 1154, 942, 2013, 1029, 2015, 1392, 6061, 1910, 1407, 3378, 1512, 2501, 1757, 1796, 4721, 1996, 1311, 1821, 1848, 3329, 1434, 2306, 2245, 1292, 2939, 1489, 1570, 1260, 618, 3159, 2591, 7537, 1847, 3020, 1836, 1445, 1467, 774, 2010, 1863, 1784, 1493, 2502, 571, 2324, 610, 599, 1802, 1249, 1443, 1272, 783, 2995, 2748, 1502, 1666, 1529, 1925, 809, 757, 6328, 1498, 2568, 1507, 1374, 677, 2359, 2160, 1705, 3138, 1086, 2578, 2329, 1353, 4339, 1387, 1177, 1990, 804, 2393, 2703, 1510, 327, 1888, 2202, 1601, 1011, 1298, 382, 2856, 2248, 838, 2273, 1567, 3233, 2479, 1160, 2345, 1444, 4979, 1422, 2278, 1842, 1262, 6316, 2674, 1357, 4574, 1406, 1464, 1144, 1644, 1039, 1011, 1582, 2347, 900, 3545, 1820, 2300, 1997, 1608, 2662)
(64, 315): Mean: 1798.796, median: 1561.5, std: 1103.1, percent: 1704.3, B: 155, W: 95, 
	(2900, 1043, 1351, 8220, 2510, 1558, 775, 1519, 687, 1725, 1292, 1567, 972, 1737, 2640, 973, 2615, 3005, 1541, 2518, 1379, 738, 1674, 984, 1702, 1284, 802, 1809, 1476, 1487, 2788, 2131, 2952, 1100, 780, 2062, 1297, 1579, 1898, 1460, 860, 1841, 1296, 1702, 996, 2629, 1161, 855, 6463, 1622, 720, 1500, 952, 312, 1362, 4509, 540, 668, 2441, 2128, 1673, 3597, 2067, 1568, 2117, 3981, 1636, 869, 424, 2020, 929, 2519, 2161, 1350, 1419, 1658, 1011, 883, 1643, 960, 1023, 852, 1978, 945, 1146, 1194, 954, 507, 1308, 1216, 1256, 612, 1871, 1455, 4098, 2415, 874, 974, 1609, 680, 1654, 3301, 1189, 2125, 1841, 1277, 681, 315, 1389, 2925, 2103, 939, 2119, 943, 870, 1545, 1472, 1353, 934, 1843, 3661, 1565, 1824, 619, 1842, 1302, 2037, 1323, 910, 1634, 1128, 2098, 1289, 5699, 1838, 1324, 4513, 1449, 2311, 1746, 1938, 4450, 1689, 1215, 1837, 1816, 3126, 1470, 2465, 2298, 1277, 2617, 1395, 1676, 1311, 608, 2871, 2382, 6829, 1610, 2488, 1856, 1358, 1224, 771, 2128, 1959, 1532, 1593, 2612, 621, 2248, 588, 618, 1870, 1228, 1416, 1228, 871, 2347, 2606, 1448, 1330, 1377, 1995, 802, 726, 5855, 1526, 2463, 1574, 1255, 662, 2092, 2077, 1550, 2737, 1047, 2357, 2073, 1482, 3664, 1333, 1202, 1986, 805, 2181, 2659, 1398, 295, 1893, 1713, 1599, 921, 1206, 502, 2628, 1682, 895, 2476, 1585, 3506, 2419, 1123, 2385, 1362, 4802, 1476, 2274, 1934, 1238, 5290, 2315, 1270, 5072, 1500, 1422, 1272, 1520, 1073, 931, 1759, 2198, 867, 3724, 1838, 2238, 2152, 1648, 2529)
(67, 328): Mean: 1820.324, median: 1589.5, std: 1129.224, percent: 1727.64, B: 117, W: 132, 
	(2654, 1006, 1302, 7477, 2466, 1674, 865, 1327, 758, 1901, 1413, 1587, 1000, 1739, 2662, 1020, 2369, 2721, 1730, 2353, 1169, 813, 1805, 911, 1633, 1445, 848, 1608, 1332, 1483, 3034, 1719, 2830, 1009, 760, 2067, 1357, 1575, 1969, 1537, 876, 2239, 1288, 1694, 949, 2474, 1255, 954, 5245, 1571, 744, 1639, 998, 308, 1342, 4688, 425, 548, 2551, 1923, 1710, 3587, 2202, 1625, 2324, 4055, 1664, 939, 433, 1842, 985, 2741, 2138, 1472, 1305, 1593, 1074, 836, 1715, 1027, 1078, 772, 2630, 980, 1153, 1134, 991, 530, 1220, 1297, 1230, 779, 1862, 1687, 3843, 2418, 847, 915, 1542, 647, 1619, 3125, 1186, 2179, 2383, 1208, 645, 351, 1471, 2817, 2384, 869, 2262, 885, 850, 1163, 1493, 1430, 863, 1772, 4048, 1384, 1659, 633, 1756, 1342, 1903, 1264, 913, 1549, 1058, 2242, 1240, 6424, 1963, 1233, 3908, 1502, 2147, 2060, 1982, 4768, 1673, 1269, 1926, 1822, 4082, 1487, 2619, 2131, 1323, 2515, 1448, 1656, 1322, 574, 3132, 2163, 7670, 2413, 2744, 1804, 1285, 1219, 740, 2214, 1781, 1798, 1603, 2397, 564, 2151, 622, 655, 1676, 1272, 1380, 1188, 795, 2564, 2625, 1304, 1495, 1254, 2222, 764, 691, 7092, 1592, 2387, 1593, 1296, 735, 2287, 2031, 1680, 2808, 1060, 2723, 2210, 1250, 4071, 1457, 1195, 1847, 739, 2208, 2530, 1472, 295, 1968, 1786, 1516, 989, 1280, 490, 3066, 2148, 993, 2327, 1711, 3090, 2265, 1057, 2335, 1373, 4322, 1396, 2160, 1862, 1130, 5052, 2831, 1512, 5511, 1374, 1256, 1282, 1578, 1115, 932, 1709, 2265, 949, 3554, 1916, 2362, 2579, 1664, 2392)
(69, 336): Mean: 1875.656, median: 1627.5, std: 1174.745, percent: 1783.16, B: 91, W: 159, 
	(3038, 975, 1337, 8846, 2309, 1665, 811, 1460, 847, 1714, 1331, 1702, 989, 1948, 2668, 1010, 2768, 3349, 1794, 2320, 1292, 696, 1896, 866, 1822, 1364, 812, 1937, 1559, 1575, 3020, 2527, 3446, 1284, 822, 1751, 1412, 1670, 2053, 1551, 922, 2013, 1352, 1797, 921, 2763, 1277, 906, 5924, 1747, 758, 1616, 1025, 315, 1477, 4332, 535, 626, 2610, 2291, 1713, 3298, 2276, 1673, 2701, 4304, 1641, 853, 495, 1975, 1011, 2734, 2168, 1380, 1478, 1734, 953, 865, 1656, 1014, 1086, 839, 2297, 1033, 1253, 1197, 1046, 563, 1192, 1378, 1175, 657, 1883, 1532, 4035, 2522, 839, 973, 1591, 737, 1802, 3195, 1187, 2480, 1970, 1323, 680, 377, 1451, 2601, 2674, 948, 2340, 1020, 908, 1332, 1514, 1562, 867, 1901, 3947, 1376, 1824, 643, 2097, 1362, 1962, 1344, 970, 1975, 1077, 2299, 1536, 7131, 1769, 1425, 3499, 1494, 2225, 1985, 1761, 4450, 2225, 1228, 1766, 1758, 3546, 1628, 2171, 2163, 1431, 2857, 1526, 1624, 1257, 605, 3064, 2743, 7038, 1708, 3014, 1650, 1482, 1373, 801, 2097, 1871, 1635, 1636, 2746, 637, 2256, 643, 576, 1645, 1251, 1539, 1312, 878, 2947, 2604, 1450, 1621, 1463, 2023, 839, 720, 6608, 1850, 2574, 1741, 1263, 741, 2324, 2097, 1608, 3156, 1090, 2408, 2235, 1627, 4902, 1276, 1295, 1860, 788, 2047, 2527, 1322, 284, 1953, 2116, 1588, 1060, 1235, 472, 2832, 1932, 874, 2729, 1483, 3817, 2303, 998, 2495, 1378, 4558, 1360, 1982, 2004, 1332, 6134, 2527, 1229, 4350, 1351, 1322, 1275, 1696, 1130, 942, 1639, 2356, 1007, 4362, 1755, 2233, 2585, 1534, 2840)
(70, 339): Mean: 1850.452, median: 1581.0, std: 1161.358, percent: 1761.96, B: 147, W: 103, 
	(2927, 911, 1412, 7705, 2261, 1705, 792, 1551, 852, 1726, 1306, 1529, 920, 1786, 2524, 896, 2993, 3029, 1573, 2743, 1319, 743, 1932, 943, 1634, 1477, 858, 1888, 1620, 1510, 2949, 2180, 3225, 1078, 790, 2005, 1291, 1462, 2049, 1619, 816, 2270, 1212, 1607, 982, 3064, 1326, 972, 5426, 1574, 739, 1484, 1073, 360, 1370, 4637, 567, 608, 2568, 2238, 1783, 2975, 2367, 1665, 2040, 4934, 1901, 891, 542, 1999, 1084, 3055, 2162, 1394, 1292, 1571, 971, 1295, 1593, 1012, 1033, 916, 2211, 990, 1246, 1081, 931, 550, 1198, 1246, 1170, 668, 1959, 1627, 4032, 2380, 828, 934, 1473, 778, 1718, 3630, 1238, 2698, 1707, 1387, 659, 358, 1549, 2747, 2174, 860, 1932, 934, 875, 1195, 1517, 1507, 865, 2204, 3435, 1371, 1923, 636, 1834, 1350, 2073, 1219, 1037, 1764, 1039, 2158, 1241, 6267, 1719, 1322, 4489, 1497, 2168, 1937, 1627, 4854, 1789, 1265, 1749, 1843, 3441, 1599, 2563, 2158, 1361, 2621, 1407, 1749, 1225, 586, 3565, 2464, 7524, 1619, 2898, 1994, 1462, 1232, 711, 2588, 2214, 1619, 1601, 2771, 500, 2373, 605, 706, 1649, 1290, 1372, 1250, 883, 2688, 2436, 1564, 1797, 1404, 2060, 772, 715, 7258, 1538, 2492, 1503, 1178, 711, 2202, 2032, 1920, 2312, 1164, 3000, 2038, 1447, 3619, 1479, 1209, 1752, 777, 2180, 2426, 1392, 265, 1998, 1786, 1474, 969, 1244, 338, 2909, 2151, 966, 2650, 1509, 3075, 2600, 1143, 2199, 1436, 4304, 1403, 2049, 1795, 1279, 6326, 2626, 1320, 5585, 1444, 1251, 1236, 1617, 1041, 992, 1769, 2271, 960, 3545, 1823, 2525, 2299, 1588, 2445)
(74, 359): Mean: 1834.344, median: 1569.0, std: 1200.677, percent: 1725.1, B: 137, W: 110, 
	(2893, 963, 1383, 6953, 2329, 1794, 828, 1446, 836, 1858, 1415, 1655, 981, 1640, 2565, 1028, 2997, 3491, 1656, 2569, 1158, 772, 1616, 876, 1844, 1282, 795, 1634, 1453, 1603, 2820, 1874, 2931, 1074, 790, 1841, 1173, 1486, 1969, 1578, 851, 2104, 1201, 1576, 852, 2781, 1132, 903, 6328, 1585, 712, 1562, 949, 324, 1570, 4330, 567, 559, 2705, 1995, 1943, 3265, 2262, 1568, 2213, 4060, 1551, 774, 473, 2016, 969, 2676, 1932, 1438, 1591, 1818, 1100, 858, 1454, 994, 1107, 828, 2389, 1002, 1331, 1043, 875, 540, 1237, 1251, 1200, 727, 2025, 1510, 4246, 2203, 856, 932, 1709, 605, 1651, 2996, 1153, 2222, 1945, 1291, 604, 364, 1284, 2743, 2228, 870, 2168, 880, 797, 1176, 1708, 1374, 901, 2158, 3297, 1429, 1670, 577, 1952, 1381, 2189, 1303, 1002, 1703, 1097, 2083, 1240, 6193, 1854, 1358, 3582, 1492, 2587, 1619, 1915, 4429, 1618, 1197, 1864, 1990, 3297, 1500, 2549, 2236, 1278, 2732, 1488, 1600, 1194, 617, 3394, 2472, 8848, 1641, 2975, 1897, 1381, 1285, 766, 2073, 2356, 1587, 1448, 2809, 513, 2486, 590, 717, 1738, 1301, 1372, 1233, 881, 2816, 2533, 1231, 1498, 1455, 2129, 763, 771, 8652, 1511, 2334, 1441, 1105, 671, 2289, 1902, 1924, 2624, 1033, 2638, 2229, 1486, 3739, 1352, 1128, 1662, 751, 2009, 2478, 1238, 284, 2000, 1863, 1556, 879, 1190, 354, 3066, 2024, 919, 2327, 1435, 3785, 2548, 1025, 2461, 1368, 5319, 1358, 2324, 2023, 1215, 5911, 2550, 1324, 5107, 1365, 1299, 1366, 1614, 1074, 982, 1743, 2439, 948, 3572, 1850, 2090, 2289, 1557, 2397)
(76, 367): Mean: 1802.072, median: 1526.5, std: 1125.544, percent: 1716.16, B: 134, W: 115, 
	(2420, 999, 1371, 8473, 2593, 1666, 856, 1612, 771, 1877, 1423, 1446, 941, 1783, 2397, 935, 2511, 3108, 1556, 2336, 1150, 803, 1863, 896, 1662, 1254, 781, 1657, 1365, 1501, 2961, 1712, 2977, 1087, 754, 2159, 1298, 1469, 2080, 1476, 812, 2133, 1259, 1873, 916, 2697, 1348, 829, 5662, 1480, 706, 1534, 1056, 299, 1323, 4058, 508, 586, 2495, 1993, 1954, 3508, 2083, 1722, 2508, 3826, 1552, 803, 416, 2108, 1099, 3160, 1871, 1400, 1335, 1914, 975, 817, 1454, 1041, 989, 865, 2192, 945, 1165, 1143, 989, 519, 1253, 1162, 1283, 702, 2102, 1469, 4384, 2549, 936, 924, 1473, 672, 1512, 3786, 1162, 2103, 1748, 1357, 670, 294, 1345, 2642, 2317, 908, 1749, 923, 805, 1228, 1560, 1403, 887, 2003, 4023, 1438, 1583, 607, 2075, 1492, 2031, 1394, 985, 1492, 1027, 1982, 1373, 5584, 1919, 1242, 3623, 1470, 1990, 1717, 1727, 5324, 1772, 1158, 1949, 1937, 3393, 1459, 2655, 1854, 1331, 2521, 1318, 1714, 1226, 566, 2770, 2524, 7104, 1722, 2440, 1698, 1526, 1602, 751, 2207, 2110, 1789, 1815, 2709, 589, 2392, 595, 558, 1655, 1205, 1495, 1065, 927, 2702, 2661, 1452, 1495, 1527, 2119, 806, 716, 6737, 1464, 2219, 1456, 1359, 625, 2223, 1693, 1671, 2600, 1081, 2570, 2290, 1330, 3635, 1362, 1170, 1705, 814, 1936, 2242, 1481, 261, 2036, 1924, 1552, 1091, 1329, 345, 2779, 2011, 849, 2255, 1488, 3612, 2439, 1208, 2140, 1324, 4216, 1439, 1954, 1922, 1149, 6372, 2274, 1274, 3961, 1494, 1419, 1186, 1571, 1012, 903, 1530, 2262, 955, 3622, 1683, 2373, 2344, 1613, 2797)
(77, 372): Mean: 1814.868, median: 1547.5, std: 1155.028, percent: 1722.96, B: 126, W: 124, 
	(2265, 1027, 1287, 7530, 2112, 1592, 834, 1434, 760, 1780, 1173, 1573, 857, 1769, 2543, 958, 2942, 2713, 1747, 2407, 1278, 681, 1913, 923, 1544, 1392, 817, 1631, 1385, 1302, 2945, 1886, 3226, 1063, 834, 2124, 1290, 1750, 1975, 1509, 923, 1944, 1252, 1840, 1043, 2628, 1242, 898, 6719, 1556, 690, 1492, 1008, 332, 1477, 4484, 537, 621, 2543, 2086, 1792, 3372, 2244, 1515, 2294, 3628, 1590, 852, 512, 2109, 964, 3558, 2063, 1540, 1418, 1745, 1047, 821, 1426, 943, 1097, 862, 2137, 1056, 1225, 1046, 910, 589, 1188, 1299, 1263, 664, 2293, 1488, 4337, 2107, 869, 934, 1518, 667, 1672, 3681, 1186, 2259, 1928, 1316, 637, 395, 1449, 2778, 2307, 801, 2053, 980, 830, 1280, 1551, 1385, 808, 1776, 3756, 1364, 1825, 601, 1906, 1434, 1851, 1269, 1023, 1631, 1026, 2146, 1305, 5437, 1841, 1221, 3428, 1558, 2032, 1830, 1940, 4657, 1653, 1316, 1783, 1784, 3315, 1445, 2519, 1964, 1393, 2673, 1335, 1409, 1281, 560, 3326, 2521, 8874, 1565, 2697, 1778, 1494, 1359, 749, 2345, 1823, 1595, 1376, 3094, 571, 2305, 679, 578, 1534, 1179, 1468, 1203, 807, 2795, 2763, 1535, 1454, 1365, 1959, 794, 752, 5794, 1668, 2162, 1756, 1301, 644, 2203, 1815, 1644, 2637, 1094, 2565, 2130, 1389, 3917, 1309, 1280, 1752, 777, 2282, 2377, 1562, 314, 2099, 1898, 1674, 910, 1324, 493, 2533, 2078, 950, 2237, 1601, 3632, 2577, 1143, 2409, 1445, 4439, 1512, 2012, 1856, 1190, 6904, 2645, 1176, 3944, 1296, 1275, 1096, 1591, 1150, 992, 1676, 2367, 945, 4339, 1655, 2149, 2217, 1520, 2408)
(78, 375): Mean: 1804.78, median: 1576.5, std: 1132.946, percent: 1673.66, B: 129, W: 120, 
	(2353, 975, 1319, 7764, 2433, 1562, 849, 1460, 733, 1983, 1220, 1596, 927, 1816, 2637, 925, 2478, 2974, 1780, 2402, 1254, 727, 1741, 959, 1539, 1304, 811, 1756, 1390, 1437, 3078, 2161, 2615, 1108, 756, 1894, 1198, 1588, 1951, 1512, 814, 2227, 1218, 1758, 981, 2812, 1177, 864, 4523, 1605, 682, 1454, 1032, 291, 1356, 4222, 528, 694, 2968, 1940, 1730, 3574, 2293, 1565, 1938, 3927, 1762, 835, 482, 1925, 878, 3217, 1921, 1456, 1503, 1647, 982, 848, 1636, 1013, 1004, 906, 2275, 1040, 1318, 1111, 914, 546, 1158, 1257, 1269, 626, 2002, 1618, 5233, 2308, 827, 893, 1403, 704, 1795, 3118, 1211, 2191, 1891, 1356, 593, 284, 1522, 2533, 2115, 901, 1927, 969, 826, 1675, 1593, 1337, 834, 1822, 4443, 1353, 2061, 529, 1806, 1469, 1851, 1208, 1009, 1637, 1044, 2148, 1313, 5858, 1659, 1235, 3610, 1531, 2058, 1601, 1851, 5303, 1705, 1193, 1830, 1915, 3117, 1635, 2412, 2336, 1339, 2469, 1494, 1551, 1273, 663, 2811, 2393, 7510, 1679, 2794, 1694, 1455, 1168, 681, 2011, 2089, 1680, 1461, 2443, 560, 2170, 608, 567, 1764, 1194, 1656, 1185, 842, 2627, 2304, 1399, 1512, 1274, 2147, 776, 713, 6576, 1554, 2130, 1683, 1139, 682, 2079, 1887, 1715, 3295, 1031, 2591, 2219, 1434, 4788, 1339, 1147, 1747, 781, 2031, 2523, 1322, 280, 1814, 1907, 1483, 941, 1196, 464, 2861, 1869, 983, 1998, 1561, 4009, 2192, 1141, 2514, 1429, 4617, 1635, 2064, 1973, 1237, 6467, 2400, 1310, 3858, 1378, 1285, 1261, 1533, 1090, 943, 1734, 2431, 863, 3717, 1716, 2202, 2504, 1516, 2302)
(80, 386): Mean: 1801.728, median: 1542.5, std: 1190.286, percent: 1688.14, B: 128, W: 120, 
	(2607, 912, 1334, 9132, 2585, 1577, 810, 1414, 758, 1765, 1246, 1545, 859, 1803, 2585, 931, 2323, 3197, 1708, 2235, 1234, 793, 1725, 915, 1681, 1325, 787, 1656, 1552, 1548, 3253, 1995, 2737, 1062, 780, 1725, 1145, 1355, 2022, 1718, 840, 2178, 1258, 1831, 860, 2495, 1292, 854, 5490, 1592, 775, 1487, 1121, 320, 1275, 4254, 515, 605, 2731, 1941, 1837, 3892, 2048, 1577, 2149, 3936, 1563, 871, 478, 2077, 986, 2599, 1648, 1267, 1477, 1541, 844, 872, 1541, 1030, 1035, 850, 2292, 973, 1197, 986, 782, 459, 1183, 1334, 1147, 689, 2007, 1626, 3882, 2631, 762, 915, 1543, 617, 1565, 3353, 1131, 2329, 1861, 1411, 674, 359, 1409, 2771, 2309, 859, 1863, 892, 776, 1396, 1465, 1392, 816, 1936, 3838, 1237, 1770, 551, 1802, 1249, 2121, 1208, 936, 1448, 1047, 1870, 1408, 4923, 1706, 1155, 4200, 1488, 2153, 1602, 1852, 5675, 1783, 1174, 1451, 1777, 3100, 1542, 2737, 1867, 1224, 2554, 1429, 1698, 1329, 618, 3323, 2393, 8445, 1509, 2323, 1627, 1367, 1316, 726, 2015, 1861, 1454, 1618, 2293, 542, 2047, 649, 583, 1587, 1217, 1338, 1099, 801, 2815, 2886, 1337, 1391, 1494, 2174, 800, 792, 5708, 1510, 2495, 1543, 1188, 627, 2285, 1825, 1745, 2986, 1078, 2566, 2183, 1364, 4816, 1351, 1117, 1857, 843, 2305, 2289, 1409, 301, 2111, 1888, 1613, 981, 1176, 517, 3068, 1898, 916, 2587, 1418, 3751, 2579, 1096, 2085, 1409, 5105, 1375, 2203, 1819, 1175, 6948, 2416, 1437, 4846, 1279, 1249, 1202, 1690, 1074, 935, 1636, 2109, 948, 3144, 1736, 2252, 2384, 1665, 2219)
(81, 392): Mean: 1769.944, median: 1515.0, std: 1115.1, percent: 1680.4, B: 141, W: 109, 
	(2551, 909, 1325, 7920, 2543, 1640, 794, 1487, 700, 1799, 1329, 1415, 1012, 1896, 2295, 872, 2733, 2869, 1504, 2192, 1176, 690, 1763, 827, 1630, 1292, 834, 1710, 1428, 1362, 3007, 1905, 2515, 1117, 779, 1892, 1249, 1604, 1936, 1712, 827, 2032, 1149, 1667, 1123, 2319, 1206, 909, 4775, 1653, 808, 1302, 1047, 260, 1213, 4118, 467, 601, 2511, 2160, 1714, 3260, 2257, 1844, 1881, 3457, 1896, 817, 419, 1944, 980, 2889, 1909, 1325, 1357, 1552, 918, 783, 1563, 991, 997, 833, 2314, 950, 1193, 1153, 856, 500, 1154, 1297, 1173, 664, 2196, 1498, 3694, 2419, 899, 920, 1536, 624, 1597, 3479, 1166, 1918, 1981, 1264, 587, 326, 1224, 2492, 2476, 817, 2033, 954, 806, 1306, 1391, 1299, 820, 1750, 3502, 1314, 1731, 556, 1858, 1326, 1794, 1230, 1012, 1506, 1006, 2239, 1269, 5223, 1981, 1226, 3658, 1524, 2132, 1746, 1776, 5056, 2134, 1186, 1813, 1937, 2904, 1428, 2472, 2120, 1194, 2543, 1338, 1572, 1367, 658, 3125, 2193, 8333, 1443, 2683, 1694, 1406, 1379, 690, 2253, 1923, 1528, 1536, 2666, 505, 2414, 671, 616, 1446, 1249, 1432, 1192, 711, 2581, 2314, 1355, 1504, 1344, 2108, 801, 806, 5832, 1539, 2369, 1595, 1171, 693, 2099, 2127, 1750, 2764, 1032, 2400, 2417, 1345, 4222, 1371, 983, 1845, 811, 1949, 2512, 1578, 272, 1913, 1874, 1378, 1011, 1236, 489, 2663, 1787, 871, 2409, 1394, 3831, 2312, 1079, 2445, 1298, 4528, 1456, 1959, 1770, 1079, 7150, 2530, 1242, 4153, 1369, 1293, 1153, 1540, 1063, 931, 1655, 2423, 836, 3475, 1813, 2243, 2465, 1488, 2302)
(82, 398): Mean: 1762.54, median: 1498.0, std: 1123.765, percent: 1645.08, B: 130, W: 120, 
	(2451, 941, 1310, 8066, 2033, 1767, 842, 1414, 881, 1707, 1246, 1455, 829, 1707, 2704, 940, 2624, 2959, 1650, 2282, 1200, 727, 1739, 815, 1506, 1349, 830, 1673, 1468, 1702, 2661, 2150, 2787, 1049, 789, 1797, 1217, 1365, 2086, 1753, 836, 2295, 1279, 1799, 953, 3043, 1265, 815, 5307, 1607, 716, 1341, 1026, 341, 1377, 4081, 534, 604, 2582, 1976, 1818, 3413, 2081, 1527, 1714, 3910, 1669, 887, 541, 1686, 1033, 3042, 1832, 1377, 1363, 1602, 915, 825, 1479, 935, 1085, 894, 2414, 1100, 1226, 1012, 875, 497, 1249, 1281, 1129, 803, 2357, 1685, 3796, 2410, 831, 936, 1597, 623, 1728, 3365, 1103, 2079, 1800, 1381, 626, 325, 1258, 2363, 2022, 879, 2041, 894, 862, 1242, 1409, 1345, 767, 1759, 3702, 1499, 1518, 644, 1944, 1387, 1922, 1271, 976, 1753, 963, 1831, 1213, 5019, 1747, 1296, 3608, 1405, 2185, 1808, 1665, 4515, 1963, 1101, 1583, 1810, 3419, 1494, 2405, 1949, 1245, 3005, 1349, 1481, 1237, 581, 3168, 2139, 7931, 1594, 2268, 1497, 1326, 1314, 792, 1950, 2189, 1542, 1446, 2305, 470, 1966, 611, 719, 1663, 1198, 1467, 1186, 870, 2409, 2362, 1226, 1373, 1566, 2090, 776, 732, 6865, 1419, 2160, 1495, 1105, 637, 2153, 1687, 1499, 2751, 1044, 2463, 2169, 1411, 3914, 1343, 1185, 1726, 726, 2052, 2379, 1283, 260, 1905, 1756, 1502, 861, 1346, 385, 2426, 1799, 881, 2531, 1644, 3509, 2103, 1084, 2415, 1427, 4151, 1231, 1923, 1697, 1107, 6933, 3001, 1257, 4631, 1293, 1251, 1161, 1476, 1058, 905, 1516, 2289, 867, 3796, 1713, 2211, 2506, 1465, 2314)
(83, 403): Mean: 1862.716, median: 1631.0, std: 1126.85, percent: 1775.72, B: 55, W: 194, 
	(2475, 992, 1402, 8194, 2204, 1583, 854, 1496, 846, 1717, 1408, 1696, 914, 1722, 2654, 895, 3122, 3446, 1896, 2680, 1405, 785, 1979, 872, 1595, 1424, 828, 1777, 1521, 1536, 2993, 2338, 2861, 1110, 833, 2006, 1228, 1505, 2060, 1843, 808, 2467, 1371, 1703, 938, 2773, 1218, 881, 5444, 1633, 795, 1518, 969, 301, 1289, 4758, 522, 694, 2832, 2028, 1751, 3659, 2239, 1569, 1933, 4120, 1746, 962, 506, 1974, 1059, 3068, 2046, 1389, 1428, 1852, 947, 864, 1739, 1071, 1279, 873, 2352, 976, 1391, 1186, 911, 528, 1230, 1182, 1130, 692, 2113, 1702, 3957, 2425, 891, 902, 1524, 687, 1786, 3443, 1180, 2233, 1828, 1339, 671, 385, 1568, 3048, 2375, 879, 1966, 945, 860, 1711, 1464, 1376, 849, 2032, 3856, 1369, 2089, 637, 2019, 1355, 2194, 1321, 1028, 1848, 1073, 2106, 1317, 5606, 1809, 1422, 3776, 1838, 2670, 1657, 1711, 4877, 2294, 1279, 2209, 1835, 2876, 1604, 2455, 2079, 1234, 2905, 1589, 1602, 1289, 642, 3653, 2466, 6971, 1659, 2890, 1913, 1420, 1315, 774, 2081, 2065, 1679, 1646, 2570, 525, 2116, 660, 615, 1748, 1279, 1855, 1213, 969, 2498, 2627, 1459, 1408, 1629, 2190, 864, 878, 6610, 1786, 2327, 1548, 1212, 658, 2677, 2086, 1686, 3362, 1077, 2645, 2468, 1417, 4032, 1370, 1230, 1667, 801, 2050, 2520, 1529, 292, 2040, 2103, 1513, 1005, 1272, 494, 3185, 1821, 954, 2373, 1667, 3042, 2938, 1097, 2456, 1488, 5532, 1287, 2108, 1906, 1109, 5167, 2652, 1436, 4994, 1375, 1282, 1276, 1454, 1121, 923, 1808, 2129, 1017, 3722, 1926, 2115, 2413, 1602, 2294)
(84, 408): Mean: 1744.98, median: 1505.5, std: 1124.879, percent: 1630.54, B: 195, W: 54, 
	(2228, 926, 1235, 9504, 2189, 1478, 862, 1424, 755, 1799, 1380, 1364, 932, 1685, 2666, 885, 2825, 2862, 1612, 2262, 1231, 742, 1632, 850, 1730, 1447, 888, 1556, 1385, 1384, 2885, 2203, 2629, 1012, 758, 1817, 1211, 1426, 1832, 1539, 793, 1858, 1332, 1508, 755, 2208, 1104, 794, 5897, 1608, 620, 1548, 864, 290, 1222, 4448, 507, 676, 2453, 2223, 1621, 3633, 2450, 1642, 1636, 3976, 1503, 940, 493, 1911, 915, 2399, 1751, 1407, 1232, 1519, 1040, 848, 1552, 965, 1049, 828, 2152, 956, 1196, 1144, 869, 539, 1101, 1171, 1095, 708, 1967, 1655, 4154, 2185, 877, 842, 1509, 692, 1498, 3210, 1174, 2224, 1987, 1266, 611, 299, 1469, 2654, 1950, 831, 1955, 937, 892, 1176, 1439, 1509, 732, 1741, 3239, 1318, 1501, 602, 1629, 1256, 1643, 1174, 966, 1510, 1049, 1846, 1178, 5759, 1730, 1338, 3450, 1284, 2168, 1685, 1859, 4665, 1709, 1129, 1798, 1862, 2698, 1487, 2333, 2114, 1308, 3064, 1377, 1704, 1118, 682, 3209, 2277, 7899, 1482, 2614, 1979, 1354, 1358, 744, 2137, 1884, 1530, 1383, 2374, 579, 2232, 610, 622, 1618, 1216, 1464, 1155, 786, 2434, 2348, 1374, 1634, 1601, 2089, 753, 658, 5753, 1613, 2112, 1509, 1338, 654, 2180, 1899, 1586, 2808, 1152, 2510, 1752, 1481, 3508, 1246, 1165, 1871, 787, 2223, 2662, 1376, 292, 1945, 2024, 1448, 981, 1240, 404, 2473, 1884, 896, 2268, 1591, 3405, 2395, 1141, 2500, 1459, 4439, 1262, 2237, 1661, 1135, 5079, 2759, 1372, 4112, 1330, 1268, 1099, 1478, 948, 897, 1689, 1860, 861, 3780, 1668, 2061, 2090, 1373, 2213)
(90, 443): Mean: 1744.804, median: 1502.5, std: 1106.738, percent: 1651.52, B: 134, W: 116, 
	(1969, 991, 1330, 8557, 2149, 1442, 787, 1294, 719, 1785, 1320, 1456, 902, 1640, 2320, 952, 2672, 3144, 1480, 2430, 1217, 805, 1639, 839, 1496, 1328, 886, 1796, 1375, 1447, 3352, 2224, 2650, 971, 732, 1702, 1249, 1540, 1793, 1631, 823, 1924, 1264, 1748, 908, 2176, 1087, 825, 6706, 1679, 677, 1387, 1005, 335, 1230, 3569, 483, 535, 2666, 1961, 1594, 3186, 2624, 1493, 2165, 3523, 1624, 783, 451, 1887, 972, 3290, 1831, 1533, 1192, 1533, 914, 786, 1793, 858, 1019, 779, 2442, 964, 1193, 1115, 896, 532, 1119, 1256, 1112, 711, 1949, 1542, 3446, 2065, 868, 888, 1529, 681, 1574, 3930, 1119, 2050, 1859, 1221, 623, 368, 1480, 2976, 2148, 743, 1695, 807, 848, 1445, 1538, 1402, 758, 1684, 3651, 1340, 1590, 610, 1809, 1315, 1990, 1164, 922, 1531, 1046, 1886, 1211, 4850, 2001, 1151, 3423, 1583, 1965, 1885, 1841, 4414, 1599, 1174, 1703, 1690, 3155, 1497, 2172, 2191, 1185, 2365, 1448, 1583, 1215, 678, 3426, 2380, 7626, 1491, 2610, 1831, 1264, 1404, 688, 2009, 1727, 1470, 1392, 2942, 639, 2420, 620, 493, 1481, 1215, 1617, 1012, 864, 2652, 2319, 1326, 1464, 1478, 1972, 784, 756, 5596, 1727, 2440, 1651, 1194, 686, 2064, 1816, 1508, 2681, 1051, 2612, 2109, 1436, 3087, 1231, 1242, 1848, 786, 2008, 2219, 1329, 290, 2087, 1798, 1517, 1015, 1202, 454, 2428, 1685, 908, 2151, 1394, 3030, 2563, 1139, 2456, 1407, 4002, 1430, 2193, 1831, 1164, 6555, 2751, 1215, 4522, 1349, 1396, 1098, 1604, 1073, 860, 1545, 2163, 876, 3531, 1657, 2130, 2174, 1442, 2185)
(97, 481): Mean: 1728.82, median: 1527.5, std: 1048.792, percent: 1649.06, B: 132, W: 118, 
	(2009, 907, 1238, 7566, 2218, 1572, 841, 1572, 774, 2126, 1470, 1469, 911, 1578, 2405, 929, 2799, 2753, 1628, 2446, 1257, 736, 1764, 891, 1769, 1621, 735, 1702, 1319, 1405, 3008, 1901, 2529, 973, 720, 1812, 1193, 1350, 2002, 1585, 735, 1990, 1407, 1670, 969, 2294, 1168, 840, 5174, 1574, 652, 1537, 946, 328, 1267, 3750, 480, 551, 2554, 2012, 1838, 3298, 2500, 1582, 2025, 4124, 1603, 819, 438, 1898, 1092, 3212, 1755, 1422, 1196, 1596, 934, 833, 1318, 975, 1030, 816, 2152, 985, 1290, 1109, 777, 487, 1127, 1192, 1136, 663, 2013, 1486, 3555, 2141, 885, 922, 1601, 594, 1548, 3238, 1101, 2238, 1952, 1205, 618, 410, 1255, 3409, 2053, 837, 1895, 797, 850, 1198, 1518, 1427, 773, 1735, 3191, 1358, 1555, 500, 1814, 1128, 1727, 1125, 967, 1551, 934, 1762, 1278, 4246, 1783, 1274, 3403, 1328, 2273, 1656, 1892, 3931, 1819, 1114, 1776, 1823, 3051, 1453, 2536, 1918, 1377, 2910, 1389, 1620, 1137, 620, 3119, 2330, 7606, 1394, 2408, 1768, 1404, 1280, 727, 1761, 1805, 1461, 1421, 2147, 587, 2162, 617, 618, 1645, 1149, 1443, 1060, 729, 2474, 2779, 1414, 1510, 1412, 2155, 861, 711, 6199, 1629, 2335, 1632, 1155, 608, 2234, 1689, 1558, 2734, 1045, 2509, 2085, 1429, 3819, 1249, 1147, 1970, 737, 2049, 2560, 1391, 307, 1945, 1765, 1481, 953, 1234, 444, 2293, 1852, 879, 2509, 1354, 3690, 2462, 1106, 2171, 1444, 4075, 1233, 2319, 1770, 1156, 5506, 2544, 1342, 4505, 1253, 1309, 1075, 1493, 1058, 912, 1585, 2159, 865, 3733, 1590, 2285, 2167, 1574, 2012)
(99, 492): Mean: 1723.88, median: 1477.5, std: 1068.389, percent: 1642.46, B: 136, W: 113, 
	(1974, 982, 1440, 8182, 2234, 1370, 876, 1166, 776, 1852, 1297, 1521, 838, 1911, 2581, 829, 2724, 2907, 1735, 2286, 1278, 726, 1633, 885, 1542, 1580, 849, 1558, 1360, 1411, 2927, 1624, 2956, 961, 770, 1651, 1186, 1251, 1869, 1584, 806, 1982, 1270, 1696, 999, 2498, 1134, 827, 5007, 1586, 719, 1371, 900, 370, 1287, 3602, 527, 719, 2836, 1917, 1613, 3601, 2113, 1459, 2261, 3280, 1689, 919, 426, 1861, 962, 2862, 1856, 1413, 1240, 1640, 966, 762, 1452, 1026, 1023, 856, 2385, 974, 1264, 1090, 859, 494, 1126, 1228, 1060, 606, 1947, 1446, 3808, 2299, 883, 871, 1444, 638, 1561, 3290, 1131, 2081, 1946, 1185, 685, 345, 1264, 2771, 2090, 934, 1806, 833, 852, 1171, 1491, 1450, 799, 1719, 3117, 1353, 1476, 512, 1756, 1383, 1801, 1237, 944, 1801, 955, 1935, 1223, 5676, 1583, 1232, 3741, 1382, 1934, 1919, 1688, 5185, 1563, 1162, 1789, 1828, 3526, 1409, 2353, 1868, 1283, 2799, 1449, 1678, 1153, 651, 3089, 2100, 6363, 1450, 2400, 1610, 1394, 1268, 727, 1997, 1780, 1277, 1262, 2438, 563, 2333, 561, 617, 1707, 1232, 1551, 1083, 721, 2900, 2584, 1326, 1488, 1617, 1933, 798, 645, 6074, 1655, 2549, 1479, 1195, 665, 1772, 1783, 1523, 2540, 982, 2314, 1773, 1261, 3471, 1312, 1159, 1620, 768, 2029, 2661, 1325, 257, 1765, 2085, 1482, 937, 1136, 336, 2419, 1826, 860, 2112, 1409, 3205, 2382, 1004, 2650, 1353, 4376, 1460, 2339, 1735, 1187, 6189, 2644, 1178, 4270, 1242, 1318, 1059, 1471, 1004, 946, 1550, 2201, 963, 3487, 1567, 2171, 2161, 1611, 2314)
(100, 493): Mean: 1738.328, median: 1528.0, std: 1108.213, percent: 1644.1, B: 125, W: 123, 
	(2350, 855, 1366, 9221, 2365, 1713, 784, 1397, 789, 1751, 1368, 1534, 857, 1657, 2488, 961, 2514, 2990, 1548, 2349, 1176, 746, 1777, 895, 1618, 1449, 815, 1693, 1319, 1401, 2914, 2116, 2403, 1032, 746, 1785, 1278, 1551, 1755, 1695, 890, 1954, 1229, 1693, 877, 2541, 1116, 800, 5607, 1649, 719, 1373, 912, 284, 1226, 4217, 436, 633, 2730, 1896, 1562, 3284, 2092, 1634, 2039, 3474, 1776, 850, 458, 1889, 936, 2744, 2010, 1358, 1213, 1526, 892, 772, 1423, 965, 1036, 755, 2089, 941, 1316, 1244, 936, 473, 1161, 1165, 1104, 664, 1821, 1480, 3924, 2386, 892, 882, 1558, 630, 1594, 3352, 1061, 1928, 1793, 1246, 614, 322, 1365, 2624, 2370, 900, 1993, 813, 858, 1142, 1518, 1328, 764, 1734, 3321, 1362, 1583, 657, 1670, 1355, 1857, 1190, 908, 1656, 1029, 1775, 1311, 5263, 1549, 1194, 3646, 1494, 1898, 1633, 1621, 4656, 1714, 1136, 1737, 1674, 2810, 1384, 2544, 2110, 1347, 2971, 1493, 1635, 1267, 628, 2786, 2115, 7451, 1568, 2599, 1523, 1402, 1415, 752, 1890, 2087, 1394, 1340, 2475, 561, 2310, 591, 522, 1538, 1205, 1612, 1082, 794, 2565, 2360, 1371, 1578, 1595, 2295, 761, 662, 6429, 1561, 2212, 1530, 1163, 660, 2428, 1917, 1488, 2359, 1126, 2432, 2246, 1337, 4079, 1297, 1084, 1732, 856, 2477, 2609, 1349, 295, 1963, 2227, 1571, 937, 1173, 528, 2085, 1686, 818, 2450, 1579, 3388, 2252, 1069, 2162, 1349, 4636, 1405, 2253, 1700, 1105, 5439, 2433, 1403, 4195, 1256, 1326, 1022, 1472, 1122, 874, 1397, 2053, 893, 3285, 1636, 1892, 2334, 1490, 2305)
(102, 503): Mean: 1742.936, median: 1483.5, std: 1172.928, percent: 1632.86, B: 126, W: 124, 
	(2086, 999, 1299, 10865, 2132, 1514, 770, 1393, 828, 1839, 1341, 1483, 925, 1864, 2438, 935, 2409, 2744, 1850, 2745, 1179, 752, 1682, 809, 1754, 1418, 810, 1773, 1369, 1328, 2652, 2062, 2420, 988, 822, 1752, 1194, 1557, 1860, 1490, 812, 2171, 1241, 1728, 1055, 2329, 1232, 795, 5483, 1607, 685, 1456, 918, 329, 1210, 3727, 437, 567, 2833, 2015, 1603, 3523, 2306, 1662, 2101, 3946, 1575, 928, 512, 1837, 1015, 2664, 1831, 1429, 1271, 1654, 936, 820, 1422, 984, 919, 740, 2335, 982, 1276, 1122, 906, 468, 1178, 1342, 1135, 636, 1995, 1491, 3605, 2148, 890, 928, 1461, 643, 1572, 3410, 1086, 2334, 1926, 1287, 747, 303, 1551, 2527, 2155, 898, 1780, 835, 830, 1286, 1447, 1334, 791, 1747, 3103, 1241, 1895, 586, 1899, 1354, 1961, 1237, 1008, 1436, 994, 1929, 1270, 5844, 1574, 1189, 3021, 1423, 1830, 1700, 1904, 4842, 1961, 1077, 1530, 1644, 2744, 1450, 2346, 2013, 1351, 2500, 1530, 1514, 1235, 641, 3040, 2179, 7337, 1430, 2558, 1570, 1274, 1293, 732, 1926, 1600, 1425, 1294, 2361, 511, 2099, 584, 601, 1518, 1243, 1436, 1160, 759, 2320, 2397, 1425, 1500, 1346, 2092, 726, 690, 5652, 1484, 2361, 1587, 1270, 723, 1971, 1950, 1434, 2665, 1018, 2438, 2117, 1442, 3524, 1252, 1193, 1836, 737, 2195, 2737, 1380, 251, 1992, 2102, 1525, 994, 1216, 374, 2419, 1753, 907, 1971, 1433, 3058, 2741, 1153, 2130, 1339, 4017, 1286, 2167, 1839, 1099, 7678, 2497, 1407, 4571, 1295, 1344, 1027, 1499, 1057, 869, 1484, 1843, 876, 3757, 1831, 2250, 2103, 1376, 2211)
(103, 508): Mean: 1703.18, median: 1501.5, std: 1004.708, percent: 1608.68, B: 130, W: 119, 
	(2270, 945, 1332, 7006, 2002, 1612, 830, 1314, 724, 1748, 1308, 1453, 1022, 1706, 2266, 967, 2618, 2893, 1553, 2496, 1226, 740, 1715, 803, 1511, 1441, 887, 1620, 1349, 1450, 3137, 1866, 2562, 994, 922, 1773, 1238, 1325, 1804, 1553, 776, 2125, 1215, 1585, 954, 2378, 1143, 850, 4824, 1513, 695, 1503, 894, 308, 1297, 3842, 458, 648, 2446, 2007, 1840, 3352, 2277, 1455, 1853, 3420, 1598, 938, 440, 1678, 926, 2927, 1701, 1518, 1373, 1658, 896, 869, 1576, 912, 989, 817, 2250, 978, 1177, 994, 922, 494, 1161, 1323, 1156, 660, 1967, 1639, 4833, 2308, 848, 915, 1729, 609, 1651, 3382, 1200, 2396, 1886, 1183, 617, 351, 1454, 2595, 1856, 895, 1745, 904, 838, 1191, 1549, 1351, 874, 1718, 3503, 1312, 1609, 558, 1814, 1384, 1875, 1193, 998, 1590, 857, 1672, 1278, 3773, 1494, 1181, 3692, 1407, 2042, 1774, 1874, 4275, 1720, 1099, 1658, 1695, 2926, 1413, 2211, 2138, 1200, 2318, 1545, 1495, 1131, 635, 3034, 2491, 6257, 1694, 2733, 1812, 1414, 1343, 687, 1952, 1679, 1415, 1287, 2163, 561, 2105, 612, 626, 1509, 1292, 1506, 1147, 808, 2260, 2419, 1339, 1353, 1387, 2034, 789, 625, 4844, 1546, 2403, 1473, 1276, 650, 1952, 2032, 1500, 2822, 1007, 2443, 2182, 1188, 4046, 1206, 1100, 1691, 768, 2059, 2942, 1237, 304, 1821, 1838, 1398, 939, 1283, 409, 2129, 1776, 883, 2111, 1286, 3589, 2634, 1153, 2067, 1497, 4803, 1381, 1974, 1764, 1283, 6847, 2239, 1257, 3650, 1168, 1204, 1074, 1509, 1058, 904, 1521, 1865, 872, 3146, 1776, 2177, 2287, 1486, 2340)
(107, 532): Mean: 1710.792, median: 1498.5, std: 1038.035, percent: 1610.36, B: 129, W: 120, 
	(2221, 1003, 1316, 8360, 1971, 1500, 783, 1261, 725, 1580, 1218, 1636, 1025, 1993, 2483, 953, 2606, 2552, 1668, 2324, 1122, 731, 1714, 863, 1448, 1385, 892, 1688, 1348, 1222, 3282, 1993, 3070, 996, 711, 1571, 1170, 1458, 1763, 1560, 864, 2183, 1191, 1584, 1149, 2203, 1141, 757, 5049, 1483, 694, 1381, 1002, 278, 1235, 3919, 453, 610, 2513, 2229, 1651, 2979, 2119, 1640, 1729, 4061, 1667, 840, 406, 1757, 847, 2977, 1807, 1332, 1235, 1469, 895, 770, 1556, 936, 1032, 893, 2364, 975, 1202, 1075, 923, 493, 1087, 1226, 1215, 660, 1821, 1574, 3828, 2322, 871, 935, 1511, 670, 1524, 3475, 1096, 2274, 1717, 1291, 604, 291, 1427, 2785, 2167, 869, 1864, 838, 874, 1238, 1330, 1362, 854, 1754, 3205, 1421, 1764, 598, 2093, 1207, 2035, 1360, 931, 1596, 946, 1718, 1275, 4580, 1627, 1150, 3188, 1679, 2025, 1686, 1794, 3808, 1748, 1109, 1722, 1640, 2655, 1481, 2503, 2197, 1222, 2557, 1396, 1551, 1214, 589, 3020, 2312, 6719, 1485, 2490, 1809, 1393, 1293, 720, 2026, 1734, 1343, 1263, 2153, 569, 2102, 576, 617, 1637, 1288, 1536, 1134, 784, 2275, 2458, 1361, 1479, 1497, 2037, 798, 657, 5778, 1620, 2253, 1408, 1310, 642, 2257, 1964, 1505, 2776, 1075, 2268, 1789, 1297, 3757, 1285, 1095, 1681, 726, 1844, 2555, 1508, 283, 1645, 1598, 1609, 992, 1294, 426, 2479, 1691, 866, 2336, 1316, 3431, 2827, 1058, 2213, 1391, 4232, 1344, 2104, 1681, 1096, 5737, 2673, 1427, 4281, 1271, 1260, 1086, 1392, 1057, 845, 1583, 2046, 847, 3683, 1760, 2097, 2344, 1672, 2430)
(111, 555): Mean: 1721.516, median: 1518.0, std: 1053.649, percent: 1627.28, B: 130, W: 120, 
	(2087, 1023, 1385, 7379, 2178, 1533, 834, 1340, 748, 1690, 1305, 1582, 792, 1711, 2398, 870, 2351, 3106, 1555, 2254, 1165, 761, 1786, 851, 1520, 1495, 852, 1611, 1558, 1274, 3078, 1894, 2671, 997, 700, 1886, 1077, 1332, 1800, 1692, 723, 2106, 1319, 1483, 930, 2555, 1138, 886, 4296, 1723, 674, 1534, 860, 280, 1294, 3187, 507, 641, 2711, 1938, 1571, 3915, 2230, 1488, 1988, 4420, 1757, 832, 475, 1751, 987, 2896, 1690, 1293, 1248, 1634, 945, 811, 1378, 1077, 987, 761, 2519, 991, 1092, 1082, 862, 527, 1131, 1207, 1034, 641, 1754, 1583, 4265, 2313, 836, 956, 1540, 634, 1635, 3283, 1242, 2180, 1757, 1172, 629, 293, 1307, 2443, 1967, 849, 1859, 817, 854, 1136, 1500, 1321, 793, 1579, 3312, 1319, 1496, 603, 1990, 1358, 1702, 1233, 1055, 1568, 984, 2107, 1229, 5914, 1645, 1220, 3701, 1461, 1916, 1806, 1853, 4832, 1944, 1151, 1807, 1630, 2816, 1369, 2483, 2039, 1309, 2633, 1424, 1653, 1170, 591, 3260, 2452, 6699, 1543, 2462, 1710, 1402, 1266, 681, 2247, 1957, 1406, 1315, 2131, 539, 2045, 565, 547, 1515, 1176, 1531, 1126, 763, 2739, 2352, 1314, 1614, 1551, 2206, 779, 734, 5935, 1525, 2465, 1537, 1279, 593, 2153, 1812, 1671, 2714, 1085, 2470, 2261, 1219, 4687, 1250, 1110, 1839, 780, 2011, 2469, 1397, 275, 1992, 2141, 1516, 981, 1101, 423, 2504, 1619, 841, 2390, 1418, 3143, 2279, 1044, 2087, 1336, 3366, 1328, 2128, 1800, 1222, 5962, 1954, 1326, 4407, 1252, 1356, 1033, 1379, 1136, 848, 1459, 2015, 877, 3597, 1623, 2268, 2041, 1661, 2416)
(112, 558): Mean: 1731.756, median: 1522.5, std: 1086.683, percent: 1594.62, B: 124, W: 126, 
	(2191, 1066, 1258, 7763, 2135, 1585, 763, 1341, 782, 2105, 1194, 1556, 970, 1536, 2300, 917, 2265, 3021, 1481, 2556, 1117, 715, 1610, 874, 1641, 1305, 746, 1832, 1454, 1276, 3016, 2115, 2840, 962, 814, 1640, 1119, 1339, 1881, 1736, 846, 2264, 1286, 1676, 1005, 2224, 1183, 852, 4718, 1655, 706, 1406, 937, 330, 1362, 4314, 471, 626, 2804, 1993, 1533, 3305, 2571, 1517, 1821, 4426, 1573, 893, 458, 1690, 969, 2864, 1720, 1300, 1367, 1611, 868, 789, 1433, 1016, 1093, 800, 2415, 944, 1123, 1022, 891, 543, 1284, 1177, 1061, 596, 1997, 1631, 3836, 2266, 842, 889, 1590, 610, 1699, 3261, 1164, 2110, 1722, 1183, 681, 326, 1304, 2751, 2173, 838, 1749, 813, 861, 1169, 1472, 1404, 814, 2044, 3523, 1248, 1835, 554, 1710, 1178, 1937, 1184, 951, 1493, 950, 1902, 1308, 6746, 1557, 1307, 3439, 1434, 1946, 1714, 1748, 4371, 1808, 1255, 1656, 1698, 2753, 1561, 2178, 1937, 1267, 2623, 1501, 1586, 1095, 622, 2933, 2349, 7665, 1342, 2632, 1631, 1422, 1375, 797, 2240, 1596, 1420, 1417, 2315, 601, 2302, 610, 605, 1408, 1315, 1537, 1150, 835, 2449, 2247, 1290, 1558, 1568, 2146, 764, 727, 5879, 1677, 2097, 1520, 1230, 596, 1797, 1777, 1667, 2384, 1006, 2644, 1900, 1266, 3860, 1232, 1171, 1953, 794, 1981, 2320, 1572, 319, 1985, 1845, 1431, 987, 1207, 439, 2473, 1854, 891, 2014, 1503, 3362, 2306, 1030, 2126, 1423, 4773, 1361, 2173, 1894, 1023, 5247, 2250, 1310, 4813, 1525, 1318, 1142, 1438, 1075, 900, 1576, 2120, 868, 3585, 1585, 2298, 2173, 1575, 2231)
(116, 577): Mean: 1737.98, median: 1480.5, std: 1091.381, percent: 1677.26, B: 125, W: 122, 
	(2022, 958, 1364, 8329, 2387, 1547, 812, 1297, 749, 2012, 1257, 1451, 981, 1821, 2482, 924, 2540, 2998, 1670, 2577, 1147, 709, 1733, 892, 1461, 1305, 883, 1769, 1448, 1303, 2669, 1728, 2908, 948, 772, 1818, 1181, 1307, 1981, 1599, 797, 2090, 1251, 1902, 1029, 2286, 1124, 834, 5838, 1606, 725, 1476, 912, 310, 1264, 4289, 485, 539, 2770, 2008, 1743, 3842, 1993, 1662, 1943, 3712, 1787, 872, 441, 1724, 943, 2775, 1791, 1374, 1288, 1679, 892, 782, 1536, 1068, 1024, 786, 2460, 929, 1220, 1022, 869, 484, 1206, 1202, 1016, 694, 1847, 1512, 3443, 2009, 963, 948, 1480, 899, 1560, 3863, 1129, 2244, 1749, 1149, 643, 304, 1400, 2868, 2176, 862, 1768, 828, 846, 1345, 1470, 1367, 869, 1732, 3026, 1353, 1635, 608, 1839, 1345, 1912, 1158, 1072, 1653, 1014, 1784, 1116, 4919, 1568, 1154, 3238, 1518, 1985, 1761, 1723, 4914, 1738, 1089, 1817, 1935, 2851, 1388, 2295, 2429, 1190, 2453, 1467, 1672, 1165, 687, 2914, 2318, 7658, 1400, 2840, 1617, 1364, 1337, 772, 2071, 1823, 1466, 1242, 2562, 527, 2181, 657, 573, 1419, 1257, 1323, 1122, 852, 2360, 2209, 1389, 1407, 1606, 1973, 808, 783, 6630, 1622, 2499, 1564, 1119, 624, 1914, 1777, 1570, 2732, 1058, 2456, 2475, 1258, 3577, 1227, 1094, 1640, 811, 2168, 2617, 1489, 286, 2176, 1788, 1457, 1005, 1197, 444, 2135, 1796, 924, 2275, 1405, 3523, 2489, 1058, 2283, 1538, 4375, 1430, 2331, 1988, 1070, 5316, 2668, 1297, 4008, 1321, 1301, 1006, 1375, 1020, 859, 1552, 1857, 936, 3519, 1760, 2135, 2522, 1481, 2061)
(119, 594): Mean: 1733.276, median: 1504.0, std: 1073.946, percent: 1669.7, B: 129, W: 119, 
	(2203, 945, 1239, 8463, 2310, 1487, 793, 1420, 763, 1766, 1264, 1383, 906, 1928, 2656, 920, 2682, 2777, 1628, 2460, 1115, 730, 1840, 864, 1659, 1419, 785, 1745, 1343, 1414, 2689, 1757, 2743, 941, 748, 1574, 1229, 1538, 1969, 1647, 824, 2137, 1341, 1644, 953, 2691, 1140, 788, 4710, 1638, 707, 1360, 893, 304, 1279, 4175, 510, 652, 2610, 2032, 1664, 3303, 2498, 1808, 2450, 3895, 1585, 869, 474, 1903, 943, 2950, 1797, 1423, 1313, 1816, 906, 813, 1382, 997, 1110, 783, 2197, 940, 1462, 1039, 864, 503, 1102, 1209, 1166, 700, 1741, 1495, 4107, 2454, 935, 895, 1499, 579, 1743, 3015, 1032, 2336, 1817, 1255, 593, 302, 1613, 2252, 2146, 891, 1769, 796, 877, 1103, 1457, 1332, 771, 1880, 3573, 1308, 1472, 545, 1724, 1321, 1903, 1189, 954, 1539, 992, 1818, 1259, 6983, 1591, 1240, 3485, 1421, 2187, 1788, 2179, 4180, 1708, 1106, 1732, 1682, 3020, 1477, 2181, 2070, 1321, 2661, 1517, 1660, 1107, 567, 3423, 2209, 6608, 1621, 2580, 1622, 1413, 1337, 717, 2172, 1832, 1480, 1245, 2224, 532, 2048, 636, 548, 1568, 1210, 1351, 1101, 827, 2519, 2471, 1289, 1570, 1479, 2117, 764, 829, 5409, 1588, 2348, 1430, 1273, 582, 2174, 1910, 1472, 2516, 1063, 2244, 2194, 1249, 3663, 1264, 1069, 2013, 782, 1994, 2807, 1412, 276, 1971, 1733, 1567, 963, 1241, 434, 2137, 1728, 875, 2123, 1528, 3209, 2468, 989, 2085, 1546, 4411, 1326, 2057, 1757, 1229, 5360, 2509, 1376, 4441, 1276, 1287, 1057, 1407, 962, 862, 1509, 2077, 898, 3822, 1675, 2095, 2205, 1580, 2331)
(120, 598): Mean: 1718.828, median: 1503.5, std: 1039.811, percent: 1632.08, B: 127, W: 121, 
	(2177, 933, 1329, 7547, 2043, 1698, 798, 1441, 739, 1483, 1308, 1448, 857, 1819, 2225, 964, 2581, 2786, 1855, 2485, 1184, 780, 1749, 894, 1513, 1351, 808, 1586, 1369, 1333, 2934, 1660, 2413, 1001, 748, 1651, 1193, 1553, 1879, 1618, 769, 2302, 1192, 1603, 876, 2733, 1031, 859, 4605, 1549, 729, 1455, 914, 295, 1340, 4020, 465, 505, 2650, 1787, 1578, 3272, 2223, 1795, 2081, 4256, 1561, 779, 488, 1692, 925, 2652, 1910, 1490, 1433, 1538, 918, 798, 1571, 944, 997, 763, 2370, 949, 1209, 1026, 845, 460, 1161, 1300, 1198, 652, 1859, 1529, 4049, 2187, 861, 858, 1647, 707, 1684, 2959, 1143, 1953, 1754, 1396, 682, 314, 1443, 2704, 2103, 956, 1816, 929, 826, 1139, 1407, 1377, 894, 1773, 3158, 1316, 1535, 583, 1661, 1297, 1960, 1205, 982, 1565, 1011, 1669, 1285, 5029, 1558, 1159, 3084, 1505, 2219, 1835, 1792, 4388, 1681, 1173, 1722, 1984, 2693, 1567, 2127, 2245, 1293, 2913, 1404, 1701, 1234, 634, 3046, 2358, 6811, 1416, 2371, 1664, 1369, 1322, 682, 1900, 1844, 1409, 1398, 2304, 532, 2436, 603, 584, 1502, 1177, 1447, 1174, 727, 2379, 2555, 1358, 1621, 1571, 2205, 799, 687, 5488, 1435, 2291, 1521, 1201, 645, 2029, 1687, 1658, 2413, 1052, 2080, 2081, 1398, 4250, 1215, 1151, 1784, 762, 2462, 2108, 1254, 267, 1979, 1914, 1450, 1031, 1169, 399, 2244, 1702, 1022, 2442, 1450, 3706, 2232, 1062, 2309, 1489, 5228, 1459, 2049, 1778, 1122, 5731, 2491, 1341, 4782, 1321, 1246, 1067, 1456, 1078, 934, 1687, 2027, 936, 3817, 1670, 1903, 2453, 1434, 2252)
(122, 610): Mean: 1738.252, median: 1499.5, std: 1103.412, percent: 1646.44, B: 126, W: 122, 
	(2174, 906, 1396, 8205, 1982, 1521, 824, 1400, 757, 1872, 1227, 1480, 900, 1842, 2411, 846, 2429, 3032, 1678, 2203, 1147, 741, 1791, 959, 1523, 1320, 785, 1671, 1608, 1378, 2764, 2015, 3144, 942, 760, 1742, 1247, 1544, 2115, 1468, 772, 1971, 1343, 1591, 954, 2074, 1141, 857, 5463, 1728, 699, 1378, 924, 327, 1296, 3858, 525, 671, 2437, 1985, 1666, 3625, 2447, 1695, 2012, 4108, 1455, 804, 500, 1794, 1013, 2727, 1597, 1344, 1244, 1819, 886, 787, 1508, 1039, 1041, 785, 2457, 1028, 1094, 1037, 876, 522, 1161, 1258, 1134, 654, 1799, 1635, 4075, 2167, 819, 895, 1541, 665, 1455, 3089, 1097, 1903, 1898, 1380, 682, 265, 1386, 2356, 1920, 920, 1957, 854, 852, 1278, 1317, 1527, 843, 1722, 3312, 1337, 1770, 560, 1882, 1311, 1898, 1947, 964, 1867, 1028, 2146, 1314, 6111, 1474, 1286, 3418, 1390, 1974, 1544, 1776, 4768, 1876, 1176, 1617, 1798, 2832, 1442, 2188, 2161, 1247, 2762, 1341, 1635, 1151, 607, 3012, 2102, 8788, 1470, 2847, 1690, 1373, 1470, 764, 1834, 1727, 1522, 1356, 2518, 526, 2121, 581, 639, 1465, 1195, 1584, 1187, 702, 2412, 2427, 1294, 1389, 1494, 2408, 874, 726, 5477, 1658, 2175, 1443, 1195, 653, 1903, 1874, 1530, 2888, 1005, 2495, 2196, 1324, 4373, 1236, 1061, 1739, 738, 2115, 2576, 1505, 287, 1971, 1975, 1438, 971, 1194, 408, 2338, 1570, 824, 2242, 1393, 3438, 2323, 1087, 1946, 1440, 3807, 1410, 2038, 1615, 1108, 5349, 2450, 1482, 3743, 1371, 1261, 1173, 1407, 1061, 946, 1788, 2340, 899, 3689, 1639, 1971, 2649, 1618, 2181)
(123, 614): Mean: 1863.856, median: 1642.5, std: 1170.045, percent: 1744.54, B: 59, W: 187, 
	(2332, 976, 1340, 7745, 2503, 1909, 861, 1692, 796, 1801, 1315, 1478, 900, 2008, 2827, 1052, 2764, 3390, 1678, 2675, 1148, 804, 1981, 960, 1529, 1596, 840, 1753, 1491, 1711, 3369, 2239, 2734, 966, 816, 2189, 1184, 1643, 1901, 1944, 837, 2412, 1440, 1699, 1064, 2357, 1146, 871, 6204, 1807, 813, 1509, 989, 298, 1429, 4148, 502, 1014, 3253, 2208, 1695, 3800, 2251, 1794, 2661, 4323, 1768, 922, 487, 1983, 1013, 2673, 1837, 1506, 1303, 1716, 1069, 818, 1519, 993, 1073, 839, 2533, 1005, 1370, 1124, 934, 498, 1165, 1114, 1189, 666, 1940, 1539, 4467, 2159, 879, 899, 1583, 685, 1609, 3701, 1234, 2089, 1873, 1439, 874, 409, 1643, 2622, 2191, 890, 2027, 929, 997, 1562, 1388, 1461, 814, 1985, 4007, 1397, 1796, 631, 1752, 1228, 1932, 1270, 1039, 1705, 1123, 1754, 1301, 5078, 1678, 1285, 3854, 1486, 1989, 1784, 1904, 5134, 1917, 1186, 1756, 1963, 3393, 1626, 2692, 2243, 1293, 2745, 1411, 1681, 1310, 697, 3563, 2269, 8025, 1567, 2915, 1784, 1361, 1442, 749, 2303, 1939, 1509, 1696, 2607, 547, 2443, 715, 610, 1744, 1147, 1465, 1222, 851, 2301, 2810, 1674, 1748, 1534, 2085, 808, 702, 6151, 1684, 2441, 1559, 1211, 874, 2298, 1809, 1705, 2822, 1114, 2553, 2131, 1230, 5273, 1306, 1254, 1869, 863, 2248, 2553, 1492, 285, 2155, 1956, 1670, 971, 1346, 492, 2629, 1806, 920, 2045, 1614, 3228, 2450, 1120, 2391, 1454, 5082, 1295, 2345, 1874, 1294, 6989, 2570, 1564, 4715, 1482, 1328, 1234, 1476, 1093, 930, 1899, 1973, 979, 4237, 1642, 2550, 2621, 1748, 2528)
(124, 619): Mean: 1815.552, median: 1565.0, std: 1119.192, percent: 1718.72, B: 140, W: 109, 
	(2048, 873, 1376, 8827, 2598, 1804, 909, 1552, 865, 2152, 1296, 1573, 933, 1781, 2823, 1017, 3282, 3250, 1660, 2470, 1296, 733, 1959, 934, 1656, 1463, 797, 1612, 1376, 1409, 3055, 2192, 2647, 952, 847, 1550, 1250, 1393, 1812, 1641, 854, 2549, 1345, 1645, 930, 2324, 1292, 791, 5535, 1784, 702, 1518, 1038, 326, 1423, 4574, 577, 816, 3021, 1983, 1784, 3935, 2492, 1619, 1979, 3723, 1703, 846, 475, 1729, 917, 2857, 2079, 1681, 1288, 1528, 1042, 867, 1401, 1027, 1092, 822, 2653, 952, 1312, 1125, 898, 520, 1151, 1274, 1136, 633, 1940, 1545, 4469, 2447, 900, 906, 1751, 688, 1704, 3635, 1111, 2322, 1791, 1274, 655, 474, 1427, 2324, 2212, 981, 2143, 871, 1054, 1302, 1508, 1614, 887, 1903, 3318, 1357, 1608, 596, 1927, 1357, 1842, 1232, 938, 1689, 1145, 2126, 1306, 5545, 1597, 1142, 3154, 1514, 1972, 1592, 1920, 5108, 2177, 1267, 1900, 1788, 3493, 1467, 2587, 2473, 1296, 2756, 1487, 1752, 1182, 581, 3414, 2337, 6522, 1664, 2358, 1859, 1370, 1311, 811, 2125, 2017, 1457, 1460, 2333, 496, 2331, 574, 572, 1756, 1188, 1532, 1131, 800, 2385, 2314, 1425, 1689, 1424, 2272, 846, 759, 5009, 1631, 2479, 1550, 1346, 847, 2271, 1984, 1616, 2766, 1053, 2604, 2119, 1319, 3772, 1312, 1038, 1903, 773, 2502, 2556, 1467, 280, 2143, 1979, 1498, 1042, 1254, 413, 2384, 1661, 994, 2127, 1557, 3983, 2628, 1032, 2458, 1488, 4439, 1283, 2160, 2081, 1200, 6655, 2586, 1407, 5015, 1336, 1385, 980, 1625, 1105, 959, 1607, 1960, 998, 3698, 1751, 2604, 2641, 1579, 2205)
(125, 624): Mean: 1794.42, median: 1558.0, std: 1079.127, percent: 1707.88, B: 139, W: 110, 
	(2400, 974, 1237, 7647, 1968, 1729, 937, 1423, 827, 1809, 1375, 1471, 1006, 1856, 2640, 915, 3308, 2810, 1735, 2453, 1215, 785, 1722, 966, 1839, 1388, 832, 1771, 1584, 1505, 2950, 2351, 2692, 983, 812, 1882, 1095, 1791, 1947, 1795, 764, 2874, 1117, 1652, 1050, 2454, 1125, 778, 5410, 1707, 667, 1437, 951, 291, 1240, 3966, 548, 881, 3131, 2432, 1718, 3544, 2275, 1725, 2222, 3374, 1563, 867, 485, 2123, 1047, 2762, 1884, 1562, 1240, 1582, 968, 845, 1382, 1060, 1034, 886, 2187, 977, 1306, 1151, 851, 552, 1203, 1177, 1119, 864, 1920, 1448, 4116, 2307, 898, 880, 1522, 624, 1628, 3185, 1127, 2170, 1782, 1371, 969, 307, 1420, 2726, 1937, 939, 2061, 837, 1050, 1336, 1407, 1803, 775, 1769, 3477, 1338, 1741, 611, 1785, 1302, 2132, 1220, 1151, 1631, 984, 2311, 1220, 5692, 1521, 1362, 3741, 1409, 1985, 1754, 1970, 4733, 1820, 1230, 2052, 1862, 2698, 1431, 2415, 2143, 1202, 2993, 1299, 1550, 1147, 664, 3098, 2452, 7277, 1549, 2478, 1659, 1504, 1343, 851, 2947, 2146, 1377, 1816, 2345, 548, 2150, 604, 623, 1534, 1148, 1567, 1131, 1050, 2406, 2774, 1448, 1699, 1689, 1833, 899, 731, 5756, 1706, 2245, 1389, 1158, 784, 2021, 1967, 1652, 3258, 1009, 2432, 2070, 1290, 3845, 1279, 1141, 1754, 1050, 2178, 2336, 1414, 414, 1659, 1866, 1554, 1068, 1315, 438, 2523, 1838, 919, 2685, 1371, 3357, 2532, 1238, 2096, 1420, 4927, 1381, 2218, 1778, 1203, 6087, 2112, 1376, 4308, 1283, 1249, 1352, 1545, 1061, 891, 1702, 2093, 968, 4162, 1728, 2248, 2241, 1576, 2088)
(126, 627): Mean: 1773.964, median: 1538.5, std: 1080.283, percent: 1674.76, B: 138, W: 110, 
	(2044, 944, 1298, 8140, 2653, 1729, 834, 1381, 779, 1595, 1337, 1648, 980, 1890, 2463, 896, 2999, 3194, 1733, 2620, 1087, 762, 1696, 863, 1816, 1463, 882, 1689, 1480, 1557, 2859, 2425, 3172, 964, 810, 1890, 1346, 1533, 1841, 1536, 715, 2254, 1233, 1542, 873, 2451, 1155, 872, 5071, 1638, 761, 1401, 1052, 320, 1496, 4161, 489, 760, 2796, 2024, 1655, 3407, 2530, 1483, 2038, 3184, 1551, 833, 478, 1993, 985, 2574, 1780, 1428, 1435, 1784, 958, 922, 1439, 950, 1104, 826, 2355, 978, 1304, 1111, 944, 495, 1157, 1209, 1100, 668, 1840, 1717, 4175, 2230, 868, 899, 1620, 628, 1668, 3416, 1228, 2350, 1907, 1307, 630, 289, 1312, 3242, 2270, 956, 2070, 874, 876, 1339, 1591, 1458, 832, 1914, 3215, 1316, 1853, 580, 1779, 1534, 1769, 1126, 1042, 1667, 986, 1924, 1203, 5203, 1541, 1259, 3048, 1406, 2199, 2097, 2045, 4741, 1636, 1181, 1680, 1783, 2866, 1359, 2349, 1915, 1232, 2934, 1768, 1453, 1246, 670, 3476, 2302, 7223, 1601, 2593, 1804, 1365, 1216, 737, 2215, 1686, 1421, 1257, 2452, 552, 2353, 605, 546, 1548, 1211, 1385, 1284, 839, 2232, 2661, 1241, 1571, 1387, 2026, 865, 811, 5560, 1797, 2181, 1530, 1215, 683, 1986, 1957, 1590, 2425, 1086, 2173, 2114, 1561, 4029, 1306, 1330, 1837, 784, 2039, 2687, 1458, 280, 2187, 2002, 1501, 1074, 1235, 541, 2451, 1700, 919, 2249, 1360, 3332, 2644, 1126, 2266, 1402, 4502, 1503, 1945, 1976, 1093, 6588, 2462, 1327, 4806, 1231, 1385, 1213, 1522, 1179, 895, 1728, 2221, 899, 3308, 1797, 2125, 2356, 1511, 2196)
(128, 637): Mean: 1754.5, median: 1515.0, std: 1051.336, percent: 1669.94, B: 131, W: 117, 
	(1995, 876, 1235, 7474, 2261, 1548, 804, 1448, 876, 1756, 1351, 1533, 1075, 1779, 2624, 949, 2985, 2748, 2086, 2183, 1090, 790, 1642, 1016, 1523, 1495, 859, 1527, 1489, 1445, 3370, 2426, 3016, 1012, 715, 1681, 1216, 1562, 1833, 1599, 843, 2354, 1243, 1601, 924, 2146, 1162, 793, 5379, 1783, 703, 1493, 1002, 289, 1286, 3555, 522, 799, 2892, 1866, 1612, 3430, 2031, 1391, 2024, 3621, 1631, 789, 525, 1836, 1022, 2629, 1887, 1337, 1284, 1590, 905, 805, 1534, 950, 1120, 865, 2265, 924, 1322, 1001, 1070, 519, 1097, 1280, 1045, 664, 1797, 1423, 3867, 2679, 906, 907, 1585, 681, 1741, 2892, 1217, 1981, 1763, 1207, 763, 334, 1384, 2877, 2194, 884, 1862, 847, 1057, 1416, 1454, 1817, 871, 1844, 3044, 1377, 1759, 548, 1756, 1374, 2184, 1176, 1068, 1675, 1250, 2068, 1199, 5079, 1605, 1139, 3491, 1421, 2186, 1760, 1902, 4058, 1680, 1186, 1874, 1910, 3073, 1452, 2513, 2001, 1345, 3322, 1411, 1563, 1095, 623, 3143, 2070, 6194, 1511, 2488, 1648, 1552, 1434, 764, 1936, 1992, 1413, 1487, 2470, 522, 2240, 573, 636, 1548, 1146, 1519, 1129, 774, 2539, 2740, 1332, 1456, 1673, 2243, 805, 699, 5781, 1529, 2126, 1486, 1100, 727, 2025, 1925, 1472, 2630, 1026, 2490, 2173, 1417, 5427, 1183, 1202, 1904, 850, 2281, 2528, 1439, 330, 1640, 1834, 1508, 953, 1237, 559, 2741, 1592, 872, 2350, 1309, 3525, 2221, 1331, 2306, 1363, 4511, 1408, 2168, 1944, 1184, 6587, 2130, 1317, 4382, 1310, 1298, 1157, 1444, 1063, 931, 1567, 1824, 1005, 3696, 1788, 2292, 2223, 1356, 2023)
(129, 640): Mean: 1746.092, median: 1501.0, std: 1057.043, percent: 1635.5, B: 134, W: 114, 
	(2284, 890, 1268, 7265, 2244, 1526, 792, 1429, 772, 1917, 1181, 1425, 1107, 1663, 2303, 949, 2781, 2950, 1436, 2184, 1170, 712, 1732, 1001, 1661, 1543, 878, 1741, 1499, 1500, 2897, 2058, 2788, 953, 829, 1658, 1248, 1471, 1665, 1467, 739, 2511, 1238, 1666, 918, 2513, 1146, 804, 5207, 1784, 720, 1411, 930, 262, 1223, 3828, 522, 700, 2759, 2080, 1525, 3489, 2444, 1591, 1868, 4123, 1657, 824, 460, 1809, 994, 2990, 1820, 1456, 1391, 1576, 884, 754, 1567, 1042, 1091, 770, 2326, 989, 1292, 1142, 829, 497, 1115, 1203, 1082, 580, 1729, 1422, 3688, 2269, 874, 922, 1594, 680, 1555, 2937, 1135, 2082, 1834, 1133, 759, 350, 1567, 2839, 2201, 935, 1831, 832, 934, 1418, 1439, 1537, 819, 1899, 3309, 1387, 1780, 587, 1791, 1308, 1906, 1126, 877, 1498, 1010, 2032, 1202, 4913, 1648, 1176, 3525, 1334, 1853, 1744, 1777, 4095, 1605, 1205, 1919, 1666, 2690, 1585, 2290, 2408, 1268, 2423, 1381, 1845, 1194, 639, 2910, 2076, 7571, 1447, 2266, 1962, 1497, 1299, 810, 1980, 2150, 1410, 1383, 2290, 506, 2371, 617, 593, 1533, 1142, 1502, 1096, 828, 2613, 2686, 1394, 1467, 1790, 2158, 712, 795, 4692, 1798, 2265, 1238, 1086, 829, 2377, 1878, 1681, 2787, 1063, 2352, 2101, 1317, 4562, 1335, 1215, 1810, 736, 2093, 2476, 1306, 301, 2762, 2033, 1478, 921, 1139, 478, 2290, 1597, 852, 2157, 1552, 3495, 2887, 1093, 2035, 1419, 4810, 1351, 2041, 2053, 1123, 6732, 2433, 1435, 4689, 1281, 1372, 1210, 1485, 1077, 914, 1590, 1996, 979, 3465, 1838, 2186, 2328, 1464, 2143)
(133, 662): Mean: 1715.384, median: 1489.5, std: 1047.412, percent: 1631.04, B: 137, W: 112, 
	(1922, 931, 1226, 8220, 2301, 1530, 848, 1413, 727, 1960, 1259, 1495, 868, 1716, 2435, 908, 2789, 3218, 1662, 2355, 1052, 640, 1671, 853, 1518, 1334, 840, 1656, 1621, 1281, 2512, 2189, 2713, 1027, 799, 1765, 1231, 1439, 1853, 1683, 780, 2253, 1166, 1576, 910, 2766, 1059, 781, 4432, 1541, 812, 1446, 970, 287, 1166, 3612, 483, 701, 2372, 1986, 1758, 3681, 2259, 1561, 1701, 3256, 1618, 780, 439, 1747, 917, 2914, 1808, 1339, 1256, 1682, 961, 911, 1588, 1067, 1068, 751, 2262, 1027, 1206, 1114, 835, 505, 1129, 1222, 1092, 635, 1866, 1630, 3612, 2399, 787, 905, 1602, 630, 1521, 3498, 1150, 2116, 1669, 1226, 686, 258, 1465, 2709, 2219, 843, 1981, 832, 796, 1352, 1357, 1308, 815, 1682, 3031, 1275, 1447, 662, 1661, 1345, 2006, 1197, 1117, 1457, 1048, 2168, 1248, 5775, 1623, 1267, 3403, 1360, 1893, 1845, 1727, 4278, 1841, 1130, 1747, 1601, 2681, 1423, 2355, 1981, 1319, 2542, 1493, 1489, 1209, 677, 3055, 2082, 7537, 1480, 2631, 1774, 1351, 1287, 744, 2210, 1731, 1403, 1420, 2323, 452, 2142, 640, 591, 1542, 1229, 1377, 1160, 689, 2295, 2520, 1212, 1430, 1397, 2396, 758, 668, 4798, 1830, 2636, 1401, 1270, 681, 2051, 1934, 1703, 3081, 985, 2066, 2199, 1347, 4301, 1234, 1113, 1878, 753, 1940, 2573, 1330, 251, 1932, 2029, 1499, 873, 1204, 397, 2493, 1836, 827, 2124, 1432, 3393, 2556, 1103, 2447, 1325, 4249, 1249, 2093, 1940, 1110, 5207, 2480, 1190, 4843, 1348, 1334, 1145, 1572, 1040, 897, 1751, 1884, 940, 3230, 1595, 2071, 1842, 1490, 2112)
(138, 691): Mean: 1722.82, median: 1491.0, std: 1074.317, percent: 1640.22, B: 131, W: 119, 
	(2384, 904, 1210, 9067, 1981, 1493, 784, 1408, 756, 1823, 1211, 1516, 924, 1767, 2349, 895, 2540, 3251, 1514, 2505, 1182, 698, 1572, 852, 1624, 1331, 879, 1941, 1340, 1448, 2981, 1977, 2439, 968, 849, 1563, 1309, 1498, 1784, 1597, 820, 1969, 1225, 1628, 837, 2093, 1115, 889, 5275, 1592, 742, 1524, 966, 279, 1227, 4318, 461, 621, 2662, 2249, 1794, 3189, 2032, 1491, 1719, 3470, 1843, 798, 438, 1904, 1007, 2821, 1979, 1561, 1161, 1524, 886, 737, 1381, 1056, 1058, 807, 2439, 1008, 1270, 1189, 849, 463, 1094, 1207, 1072, 681, 1808, 1410, 3534, 2476, 852, 830, 1539, 612, 1519, 2968, 1128, 2075, 1816, 1169, 638, 349, 1463, 2440, 2069, 825, 1933, 886, 860, 1079, 1461, 1400, 868, 1905, 3392, 1317, 1452, 633, 1856, 1463, 1949, 1223, 1024, 1425, 1006, 1817, 1158, 5284, 1555, 1261, 3233, 1355, 1826, 1598, 1990, 4524, 1918, 1139, 1749, 1953, 2825, 1371, 2442, 1917, 1217, 2374, 1443, 1685, 1185, 576, 2730, 2067, 6433, 1434, 2522, 1677, 1344, 1366, 731, 2049, 1629, 1428, 1405, 2481, 503, 1999, 622, 577, 1413, 1162, 1507, 1116, 813, 2496, 2712, 1421, 1232, 1662, 2136, 812, 705, 6598, 1808, 2229, 1365, 1184, 690, 2788, 1916, 1732, 2331, 1024, 2163, 2409, 1197, 4361, 1271, 1207, 1733, 719, 1983, 2470, 1370, 309, 1641, 2039, 1606, 1033, 1163, 454, 2079, 1719, 967, 2364, 1496, 3379, 2393, 1167, 2284, 1329, 4464, 1451, 2178, 1775, 1195, 5192, 3343, 1274, 4001, 1263, 1357, 1100, 1517, 1167, 900, 1491, 2032, 949, 3485, 1655, 2341, 2336, 1413, 2091)
(141, 708): Mean: 1727.256, median: 1495.5, std: 1069.492, percent: 1613.34, B: 130, W: 119, 
	(2003, 908, 1213, 7838, 2344, 1505, 839, 1372, 672, 1576, 1208, 1453, 866, 1749, 2551, 1027, 2588, 3188, 1692, 2813, 1120, 697, 1641, 859, 1364, 1357, 822, 1850, 1425, 1336, 3036, 2145, 2622, 961, 770, 1795, 1100, 1517, 1757, 1724, 787, 1883, 1274, 1676, 881, 2407, 1191, 911, 4831, 1510, 713, 1273, 946, 310, 1219, 3993, 443, 554, 2843, 2094, 1662, 3404, 2211, 1542, 1945, 3773, 1694, 887, 432, 1908, 966, 2809, 1801, 1437, 1256, 1693, 970, 842, 1501, 1065, 1048, 783, 2286, 980, 1235, 1174, 825, 476, 1183, 1271, 1074, 620, 2092, 1465, 3969, 2355, 827, 942, 1557, 696, 1693, 3560, 1187, 2042, 1725, 1209, 637, 277, 1336, 2828, 2011, 894, 1866, 839, 766, 1141, 1424, 1308, 863, 1740, 3827, 1342, 1554, 681, 1667, 1296, 1942, 1154, 1006, 1455, 942, 2170, 1325, 5670, 1592, 1215, 3594, 1407, 2015, 1675, 1941, 4781, 1716, 1117, 1883, 1716, 2925, 1368, 2346, 1951, 1196, 2420, 1472, 1524, 1166, 596, 2828, 2085, 6777, 1676, 2330, 1828, 1285, 1285, 693, 1837, 1694, 1582, 1442, 2338, 554, 2158, 622, 576, 1490, 1167, 1437, 1124, 786, 2326, 2127, 1333, 1366, 1513, 2276, 767, 690, 4708, 1645, 2186, 1559, 1257, 641, 2010, 1750, 1693, 2617, 1084, 2516, 1807, 1231, 4224, 1303, 1268, 1706, 717, 2327, 2597, 1252, 290, 1916, 1759, 1473, 993, 1161, 440, 2404, 1644, 830, 2152, 1724, 3880, 2554, 1072, 2055, 1315, 4629, 1275, 2255, 1869, 1161, 6239, 2516, 1374, 5257, 1364, 1272, 1055, 1430, 1055, 905, 1711, 1926, 870, 3174, 1592, 2067, 2283, 1506, 2586)
(142, 714): Mean: 1732.832, median: 1482.0, std: 1134.514, percent: 1584.08, B: 126, W: 124, 
	(2282, 954, 1305, 9693, 2273, 1607, 786, 1388, 715, 1709, 1358, 1466, 835, 1685, 2735, 925, 2607, 2650, 1736, 2591, 1143, 718, 1716, 853, 1464, 1428, 840, 1879, 1426, 1190, 2970, 2156, 2826, 1023, 808, 1680, 1141, 1302, 2014, 1478, 781, 2105, 1280, 1607, 1138, 2505, 1206, 810, 5780, 1868, 659, 1351, 907, 309, 1159, 3887, 554, 614, 3061, 1989, 1593, 3452, 2105, 1490, 1772, 3315, 1551, 782, 450, 1773, 926, 2543, 1640, 1409, 1216, 1633, 919, 834, 1362, 1048, 1054, 812, 2273, 909, 1242, 1284, 855, 491, 1222, 1253, 1042, 649, 1970, 1629, 3878, 2150, 864, 831, 1547, 608, 1713, 3112, 1151, 1938, 1661, 1236, 724, 318, 1601, 2903, 2249, 865, 1854, 814, 805, 1160, 1357, 1359, 730, 1712, 2838, 1298, 1603, 616, 1924, 1372, 1765, 1223, 1043, 1527, 1042, 1965, 1173, 5964, 1537, 1234, 3278, 1352, 1774, 1708, 1654, 4390, 1803, 1371, 1925, 1614, 2860, 1472, 2295, 2227, 1175, 2666, 1424, 1605, 1174, 565, 3633, 2104, 7643, 1400, 2413, 1739, 1348, 1370, 731, 2064, 1632, 1436, 1347, 2095, 541, 2060, 604, 592, 1481, 1192, 1501, 1171, 806, 2283, 2288, 1187, 1553, 1382, 2179, 761, 792, 5962, 1695, 2555, 1562, 1163, 705, 2136, 1786, 1612, 2562, 968, 2486, 1911, 1384, 4283, 1283, 1168, 1601, 727, 1982, 2316, 1387, 284, 2106, 2303, 1450, 1059, 1239, 526, 2445, 1740, 795, 2027, 1483, 3156, 2515, 1029, 1932, 1316, 4350, 1244, 2118, 1855, 1052, 6179, 2313, 1304, 4714, 1274, 1365, 1097, 1558, 1195, 890, 1527, 1805, 962, 3359, 1810, 2114, 2339, 1817, 1981)
(144, 725): Mean: 1714.356, median: 1498.0, std: 1027.701, percent: 1636.16, B: 128, W: 120, 
	(2033, 974, 1286, 7035, 2172, 1498, 795, 1339, 691, 1988, 1259, 1503, 961, 1501, 2422, 829, 2950, 3333, 1643, 2132, 1197, 710, 1636, 908, 1608, 1353, 852, 1680, 1492, 1424, 2740, 1907, 3125, 928, 715, 1538, 1127, 1394, 1926, 1503, 777, 1968, 1283, 1519, 916, 2427, 1156, 830, 4424, 1542, 653, 1405, 891, 336, 1238, 3764, 433, 670, 2609, 1918, 1654, 3363, 2107, 1769, 2126, 4082, 1535, 810, 438, 1950, 843, 2657, 1607, 1441, 1177, 1599, 1013, 790, 1484, 1020, 1142, 806, 2179, 1043, 1183, 1163, 910, 544, 1120, 1176, 1111, 606, 1824, 1331, 4288, 2220, 842, 831, 1594, 619, 1578, 3467, 1238, 2137, 1685, 1197, 640, 318, 1329, 3204, 2429, 857, 2051, 879, 801, 1269, 1350, 1268, 818, 1777, 3447, 1409, 1589, 605, 1808, 1509, 1686, 1133, 892, 1649, 916, 1813, 1186, 4352, 1580, 1198, 3935, 1513, 2177, 1754, 1934, 4695, 1644, 1121, 2005, 1637, 2738, 1381, 2515, 1934, 1243, 2509, 1552, 1518, 1120, 667, 3183, 2311, 6818, 1451, 2581, 1731, 1313, 1314, 753, 2257, 1885, 1415, 1353, 2089, 494, 1956, 623, 597, 1672, 1221, 1530, 1040, 810, 2199, 2569, 1207, 1475, 1393, 2170, 790, 739, 5371, 1602, 2130, 1410, 1091, 622, 1997, 1832, 1613, 2900, 1086, 2700, 2416, 1372, 4145, 1260, 1262, 1690, 732, 2125, 2620, 1401, 265, 1954, 1723, 1369, 892, 1252, 421, 2603, 1514, 808, 2260, 1452, 3047, 2404, 1106, 2277, 1436, 4257, 1325, 2165, 1874, 1123, 6182, 2748, 1429, 4047, 1286, 1268, 1150, 1512, 1016, 856, 1491, 2126, 945, 3562, 1598, 2339, 2081, 1498, 2093)
(150, 760): Mean: 1716.436, median: 1509.0, std: 1061.042, percent: 1605.4, B: 125, W: 123, 
	(2101, 907, 1373, 7617, 2086, 1430, 757, 1352, 733, 1590, 1225, 1438, 933, 1701, 2621, 951, 2763, 3427, 1758, 2380, 1256, 663, 1701, 877, 1561, 1398, 765, 1763, 1443, 1483, 2720, 1880, 2776, 1100, 795, 1759, 1245, 1708, 1674, 1561, 840, 1957, 1256, 1604, 908, 2564, 1084, 847, 5307, 1545, 736, 1323, 879, 293, 1279, 4174, 481, 595, 2522, 2311, 1685, 3715, 2130, 1438, 2004, 3469, 1598, 829, 495, 1693, 945, 2634, 1802, 1564, 1288, 1531, 852, 921, 1531, 1071, 1007, 815, 2088, 952, 1220, 1166, 894, 492, 1158, 1224, 1169, 569, 1887, 1658, 3529, 2121, 834, 896, 1607, 564, 1587, 4113, 1233, 2323, 1689, 1188, 606, 307, 1318, 2702, 2521, 922, 1667, 859, 781, 1209, 1449, 1225, 768, 1762, 3559, 1478, 1666, 593, 1702, 1340, 1708, 1206, 983, 1551, 1050, 1937, 1202, 5447, 1651, 1117, 3464, 1440, 1907, 1764, 1648, 4178, 1586, 1140, 1682, 1798, 3120, 1388, 2252, 2179, 1282, 2751, 1511, 1689, 1097, 715, 3167, 2210, 7833, 1507, 2550, 1624, 1399, 1431, 735, 1905, 1766, 1512, 1317, 2676, 573, 2019, 587, 609, 1475, 1178, 1361, 1207, 805, 2396, 2131, 1190, 1505, 1527, 2061, 778, 710, 5286, 1522, 2130, 1490, 1286, 673, 2030, 1795, 1538, 2460, 1026, 2164, 1932, 1234, 4762, 1286, 1138, 1830, 812, 2239, 2518, 1252, 332, 1805, 1751, 1363, 1062, 1136, 421, 2246, 1536, 862, 1955, 1382, 3633, 2220, 1035, 2435, 1295, 4099, 1448, 1949, 1683, 1119, 5005, 2477, 1288, 4584, 1200, 1338, 1175, 1552, 994, 921, 1532, 2105, 855, 3333, 1823, 2242, 2250, 1409, 2281)
(171, 885): Mean: 1739.78, median: 1506.0, std: 1133.822, percent: 1595.24, B: 126, W: 123, 
	(2153, 961, 1267, 7659, 1993, 1621, 803, 1441, 716, 1527, 1404, 1453, 889, 1684, 2378, 838, 2883, 2887, 1906, 2618, 1170, 648, 1782, 823, 1527, 1458, 804, 1709, 1391, 1361, 3030, 2226, 2560, 976, 766, 1789, 1249, 1404, 1717, 1799, 814, 2221, 1310, 1619, 937, 2622, 1243, 898, 7911, 1723, 725, 1313, 907, 325, 1161, 3796, 457, 545, 2808, 1960, 1703, 3638, 2160, 1621, 1831, 3403, 1542, 809, 417, 2106, 890, 2491, 1755, 1430, 1252, 1490, 877, 816, 1346, 1048, 1107, 853, 2273, 930, 1195, 1114, 823, 477, 1140, 1241, 1121, 635, 1751, 1677, 4613, 2456, 813, 895, 1524, 646, 1647, 2832, 1067, 2178, 1969, 1173, 621, 341, 1392, 2864, 2186, 799, 2031, 839, 819, 1250, 1450, 1646, 857, 1519, 3271, 1398, 1645, 601, 1924, 1246, 1825, 1150, 890, 1829, 977, 1711, 1191, 5499, 1601, 1120, 3407, 1360, 1820, 1595, 1832, 4011, 1848, 1110, 1858, 1801, 3385, 1516, 2230, 2102, 1160, 2845, 1429, 1603, 1144, 679, 2995, 2201, 8341, 1422, 2531, 1661, 1307, 1369, 797, 2113, 1765, 1558, 1307, 2440, 516, 2021, 634, 515, 1540, 1301, 1502, 1196, 742, 2287, 2647, 1287, 1400, 1510, 2109, 826, 705, 5561, 1580, 2151, 1525, 1190, 644, 2121, 1979, 1787, 2443, 1058, 2251, 2053, 1297, 4011, 1278, 1117, 1962, 731, 2103, 2676, 1341, 284, 1743, 1886, 1539, 931, 1263, 460, 2235, 1587, 921, 1992, 1392, 3827, 2241, 1103, 2313, 1430, 4762, 1239, 1983, 1829, 1056, 5762, 2473, 1298, 4469, 1412, 1334, 1028, 1473, 1007, 876, 1440, 1924, 869, 3563, 1649, 2146, 2250, 1496, 2489)
(172, 886): Mean: 1702.588, median: 1489.0, std: 988.669, percent: 1613.94, B: 127, W: 122, 
	(2281, 963, 1315, 7377, 1828, 1601, 789, 1485, 739, 1773, 1259, 1529, 959, 1867, 2348, 934, 2706, 2802, 1778, 2569, 1285, 738, 1672, 928, 1548, 1325, 897, 1522, 1550, 1387, 3033, 2168, 2484, 966, 765, 1694, 1167, 1451, 2065, 1674, 828, 2109, 1219, 1699, 943, 2260, 1095, 870, 4800, 1668, 798, 1318, 1049, 299, 1215, 3853, 589, 561, 2575, 1743, 1597, 3822, 2094, 1521, 1970, 3762, 1705, 779, 465, 1906, 962, 2522, 1752, 1413, 1352, 1606, 1028, 837, 1573, 1028, 1060, 774, 1987, 1004, 1166, 1045, 844, 506, 1234, 1279, 1111, 659, 1840, 1502, 4174, 2218, 791, 872, 1492, 584, 1679, 3440, 1077, 2018, 1813, 1199, 605, 312, 1362, 2934, 2317, 897, 1923, 847, 804, 1407, 1426, 1414, 888, 1767, 3141, 1290, 1728, 480, 1916, 1271, 1953, 1143, 933, 1559, 991, 1787, 1227, 5151, 1477, 1101, 3306, 1288, 1993, 1624, 1831, 4277, 1925, 1141, 1665, 1854, 2794, 1384, 2078, 2156, 1365, 2774, 1435, 1685, 1112, 631, 3192, 2315, 6450, 1462, 2412, 1842, 1440, 1475, 742, 1961, 1992, 1501, 1398, 2399, 501, 2243, 663, 548, 1519, 1242, 1525, 1213, 780, 2554, 2334, 1254, 1407, 1311, 2135, 816, 723, 4728, 1489, 2242, 1335, 1272, 683, 1983, 1822, 1644, 2398, 1036, 2228, 2091, 1250, 3642, 1328, 1265, 1875, 751, 2163, 2514, 1378, 295, 1905, 1841, 1489, 922, 1215, 374, 2339, 1660, 813, 2180, 1441, 3354, 2436, 1053, 2332, 1444, 4382, 1364, 2056, 1781, 1056, 5564, 2344, 1285, 3804, 1219, 1386, 1085, 1446, 1121, 884, 1676, 1886, 934, 3159, 1664, 2124, 2036, 1458, 2231)
(173, 888): Mean: 2476.872, median: 2101.5, std: 1621.17, percent: 2365.12, B: 0, W: 250, 
	(3881, 1239, 1899, 12201, 3669, 2130, 1091, 2108, 1168, 2749, 1957, 2320, 1140, 2618, 3233, 1301, 4270, 5136, 2570, 4189, 1765, 914, 2384, 1170, 2215, 1894, 1068, 2600, 1914, 2143, 3706, 2635, 3815, 1295, 1053, 2341, 1448, 1853, 2676, 2047, 1028, 2826, 1880, 2060, 1327, 3095, 1588, 1287, 6922, 2488, 893, 1922, 1385, 339, 1721, 5927, 759, 861, 4778, 2775, 2601, 3942, 2868, 2113, 2974, 5153, 1977, 1157, 709, 2873, 1172, 3950, 2530, 1917, 1758, 2263, 1300, 1130, 1951, 1379, 1660, 1088, 3043, 1385, 1441, 1453, 1259, 720, 1563, 1583, 1738, 961, 2603, 1794, 6292, 3131, 1132, 1205, 2252, 808, 2217, 3913, 1420, 2846, 2963, 1904, 924, 497, 2130, 3277, 3030, 1387, 2927, 1260, 1019, 2142, 1921, 2210, 1226, 2676, 4652, 1879, 2053, 688, 2407, 1699, 2602, 1527, 1282, 2190, 1327, 3087, 2083, 8232, 2620, 1880, 5394, 1931, 2682, 2226, 2738, 5802, 2210, 1608, 2537, 2727, 4331, 1858, 3485, 2814, 2026, 4037, 1887, 2016, 1471, 871, 4049, 3605, 10573, 2040, 3537, 2503, 1741, 1698, 1034, 3001, 2885, 2040, 2598, 3856, 644, 3024, 842, 970, 2588, 1795, 2278, 1518, 1105, 2980, 4230, 1887, 2017, 1756, 2522, 1037, 873, 10743, 2332, 3719, 2095, 1665, 991, 2996, 3027, 2802, 4517, 1341, 3589, 3879, 1559, 6601, 1782, 1559, 2411, 1038, 3334, 3406, 1840, 363, 2551, 2833, 2080, 1360, 1747, 724, 3232, 2276, 1068, 2993, 2032, 4924, 3326, 1518, 3018, 1772, 6036, 1690, 2858, 2272, 1671, 8412, 2804, 1690, 5914, 1893, 1576, 1628, 2276, 1531, 1246, 2247, 3615, 1267, 5322, 2577, 2995, 3147, 2135, 2905)
(174, 891): Mean: 2322.46, median: 2008.0, std: 1547.589, percent: 2243.62, B: 180, W: 70, 
	(3352, 1252, 1780, 14189, 2775, 2365, 1166, 1716, 1155, 2180, 1888, 2134, 1202, 4325, 3489, 1189, 3737, 4437, 2514, 3248, 1471, 899, 2236, 1161, 2009, 1718, 947, 2471, 1742, 2110, 3686, 2441, 3286, 1246, 975, 2684, 1342, 1706, 2773, 2401, 1016, 4261, 1377, 2007, 1395, 2945, 1380, 1166, 7847, 2348, 846, 2083, 1292, 471, 1647, 5913, 734, 1127, 3579, 2662, 2237, 3608, 2731, 2065, 2467, 5076, 1786, 956, 643, 2896, 1099, 3191, 2354, 1673, 1856, 2338, 1191, 1053, 1942, 1328, 1407, 1094, 2636, 1235, 1324, 1487, 1238, 678, 1367, 1464, 1445, 916, 2355, 1847, 5054, 2949, 1019, 1192, 2159, 854, 2110, 4324, 1460, 2537, 2526, 1615, 1375, 398, 2020, 3647, 2791, 1262, 2192, 1135, 1221, 1888, 1732, 2651, 1182, 2589, 5144, 1613, 2291, 774, 2697, 1564, 2484, 1460, 1038, 2572, 1403, 2834, 1609, 5664, 2069, 1525, 4183, 1847, 2233, 2161, 2119, 6125, 2124, 1728, 2244, 2470, 4068, 1729, 3104, 2629, 1551, 3914, 1876, 1819, 1547, 894, 4244, 3660, 11037, 2049, 3395, 2024, 1636, 1713, 1026, 2960, 2966, 2121, 2192, 3782, 722, 2454, 865, 857, 2087, 1409, 1802, 1314, 1030, 2791, 3087, 1791, 1888, 1720, 2399, 1091, 903, 7029, 1895, 3363, 1979, 1326, 1179, 2867, 2524, 2194, 3405, 1291, 3394, 2942, 1804, 4638, 1636, 1357, 2314, 1224, 2754, 2924, 1850, 432, 2456, 2509, 2180, 1388, 1555, 820, 2880, 2203, 1177, 3098, 1851, 3514, 3413, 1546, 3361, 1609, 5880, 1519, 2333, 2373, 1727, 8120, 2963, 1610, 6003, 1841, 1562, 1914, 1903, 1335, 1106, 2332, 2407, 1220, 4863, 2426, 2837, 3699, 1789, 2493)
(175, 895): Mean: 2656.196, median: 2198.5, std: 1798.973, percent: 2522.8, B: 38, W: 212, 
	(3631, 1262, 1844, 14760, 4220, 2406, 1127, 2184, 1132, 2952, 2026, 2281, 1301, 2971, 3559, 1207, 4234, 4104, 2825, 3878, 1879, 915, 2784, 1165, 2188, 1703, 1100, 2793, 2071, 2190, 4816, 2962, 4020, 1391, 1010, 2516, 1588, 1969, 2947, 2561, 1120, 3320, 1803, 2292, 1268, 3741, 1717, 1222, 8190, 2566, 960, 1959, 1428, 431, 1759, 6241, 794, 948, 4892, 3040, 2617, 3910, 3110, 2477, 3469, 5883, 2031, 1125, 692, 3055, 1474, 4232, 3108, 1830, 2013, 2861, 1288, 1203, 2084, 1434, 1469, 1115, 3263, 1372, 1487, 1477, 1414, 817, 1582, 1715, 1779, 990, 2779, 2095, 6660, 3008, 1220, 1397, 2515, 924, 2535, 5102, 1726, 3631, 2527, 1849, 937, 484, 2071, 3990, 4184, 1412, 2930, 1261, 1116, 2173, 1983, 2469, 1210, 2829, 5432, 1966, 2546, 801, 2666, 1630, 3105, 1710, 1348, 2692, 1599, 2721, 1926, 9928, 2853, 1861, 4733, 2597, 2528, 2104, 2793, 7185, 2796, 1893, 2711, 2611, 4014, 2087, 5001, 3471, 2005, 4425, 1895, 2284, 1817, 928, 4977, 4658, 11480, 2435, 4114, 2510, 2122, 1790, 1118, 4092, 2673, 2013, 2056, 4611, 653, 2691, 864, 906, 2647, 1631, 1894, 1593, 1197, 3404, 3471, 2296, 2158, 2099, 3169, 969, 843, 9172, 2112, 3767, 2148, 2020, 974, 3419, 3008, 2717, 4606, 1296, 3984, 3457, 1951, 6868, 1829, 1609, 2394, 1057, 3364, 3346, 1974, 445, 3490, 2611, 2207, 1297, 1659, 596, 4110, 2509, 1215, 3146, 2340, 6301, 3683, 1659, 3100, 2018, 7243, 1720, 3291, 2697, 1600, 7871, 3136, 1583, 7037, 2038, 1588, 1557, 2406, 1372, 1331, 2223, 3209, 1260, 5574, 2278, 3453, 2813, 2299, 3660)
(177, 902): Mean: 2334.988, median: 2009.5, std: 1555.089, percent: 2204.22, B: 213, W: 37, 
	(3288, 1100, 1693, 13595, 3414, 2326, 1057, 2024, 1068, 2528, 1885, 2117, 1091, 2567, 3020, 1186, 4019, 3734, 2402, 3280, 1675, 928, 2074, 1106, 2031, 1674, 1023, 2458, 1835, 2045, 3471, 2763, 2752, 1353, 964, 2246, 1533, 2129, 2432, 1977, 1045, 3204, 1696, 1930, 1134, 3503, 1387, 1228, 6329, 2273, 968, 1779, 1274, 414, 1805, 5876, 703, 1047, 4913, 2551, 2316, 3560, 2931, 2099, 2775, 6057, 1928, 1005, 634, 2522, 1051, 3394, 2709, 2023, 1577, 2019, 1116, 1033, 1953, 1576, 1356, 1032, 2701, 1307, 1348, 1480, 1258, 722, 1393, 1726, 1471, 841, 2645, 2001, 4221, 3262, 1153, 1219, 2122, 806, 2120, 4109, 1580, 2876, 3047, 1560, 1117, 521, 1889, 3707, 3888, 1055, 2555, 1145, 1136, 1783, 1659, 2005, 1060, 2427, 4592, 1632, 1860, 632, 2499, 1531, 2674, 1734, 1236, 2167, 1601, 2856, 1806, 8385, 2306, 1497, 3845, 1827, 2486, 2151, 3040, 6444, 2109, 1540, 2151, 2448, 3961, 1666, 3242, 2292, 1736, 3655, 1833, 1958, 1651, 917, 4183, 3470, 9832, 1878, 3584, 2409, 1857, 1523, 966, 2780, 2685, 2056, 2381, 3029, 663, 2249, 917, 891, 2293, 1522, 2017, 1474, 1026, 2916, 3600, 2160, 1999, 1556, 2653, 976, 939, 7902, 1976, 3045, 2038, 1780, 941, 3099, 2363, 2254, 3863, 1281, 3481, 3076, 1781, 4685, 1673, 1246, 2155, 1198, 2864, 2639, 1959, 419, 2502, 2217, 1969, 1267, 1630, 575, 2846, 2214, 1156, 2881, 1822, 4395, 3505, 1564, 2747, 1695, 7389, 1653, 2509, 2450, 1531, 8114, 2607, 1542, 6733, 1723, 1569, 1567, 2137, 1291, 1213, 1997, 2857, 1179, 4467, 2501, 3647, 2589, 2014, 2818)
(178, 904): Mean: 1785.16, median: 1526.0, std: 1126.648, percent: 1682.94, B: 246, W: 4, 
	(2142, 953, 1284, 8408, 1909, 1622, 884, 1248, 760, 1838, 1302, 1564, 866, 1710, 2543, 931, 2636, 2937, 1945, 2529, 1388, 737, 1766, 919, 1577, 1454, 841, 1891, 1433, 1390, 3278, 2163, 2468, 1007, 736, 1868, 1219, 1508, 1728, 1710, 835, 2167, 1230, 1845, 948, 2371, 1112, 1009, 5384, 1610, 708, 1665, 982, 279, 1227, 4610, 485, 771, 2912, 2314, 1675, 3472, 2502, 1637, 2171, 4246, 1594, 857, 437, 2010, 1005, 2882, 2050, 1607, 1263, 1699, 1037, 873, 1471, 1079, 1047, 868, 2255, 1023, 1210, 1032, 1017, 552, 1153, 1229, 1097, 762, 2010, 1558, 4354, 2672, 914, 907, 1703, 571, 1767, 3619, 1204, 1831, 1714, 1175, 711, 378, 1450, 2621, 2238, 875, 1899, 910, 937, 1413, 1562, 1394, 798, 1848, 3853, 1329, 2046, 561, 1645, 1284, 1869, 1255, 1063, 1612, 1024, 1859, 1160, 5558, 1634, 1304, 3500, 1525, 2200, 1855, 1829, 5629, 2018, 1086, 1909, 1779, 2947, 1569, 2390, 2275, 1267, 2788, 1380, 1533, 1317, 640, 3215, 2376, 8456, 1482, 2478, 1690, 1437, 1326, 773, 2127, 1837, 1448, 1258, 2446, 572, 2019, 600, 673, 1558, 1256, 1476, 1193, 811, 2309, 2753, 1359, 1431, 1417, 1990, 917, 692, 5963, 1421, 2243, 1527, 1224, 703, 2192, 1933, 1475, 3083, 1150, 2167, 2299, 1421, 3605, 1297, 1168, 2232, 738, 1897, 2644, 1466, 305, 1894, 2051, 1454, 1123, 1172, 380, 2467, 1670, 863, 2344, 1600, 3188, 2591, 1243, 2061, 1372, 4233, 1269, 1939, 1739, 1031, 5059, 2365, 1448, 4235, 1475, 1292, 1117, 1493, 1104, 911, 1507, 2103, 902, 4135, 1739, 2619, 2022, 1518, 2141)
(179, 909): Mean: 1710.936, median: 1507.0, std: 1031.606, percent: 1588.22, B: 159, W: 91, 
	(2146, 975, 1276, 6612, 2044, 1501, 788, 1184, 802, 1622, 1266, 1458, 930, 1621, 2159, 1041, 2384, 2908, 1467, 2617, 1145, 738, 1763, 957, 1684, 1409, 802, 1570, 1434, 1276, 2641, 1858, 2303, 900, 730, 1899, 1284, 1428, 1779, 1479, 814, 1902, 1224, 1531, 915, 2532, 1240, 843, 5578, 1574, 690, 1378, 1025, 351, 1259, 3696, 532, 505, 3103, 1856, 1623, 3397, 2280, 1528, 1831, 3667, 1572, 864, 452, 1716, 900, 2785, 2094, 1398, 1130, 1531, 964, 814, 1680, 931, 1044, 791, 2241, 989, 1286, 1149, 814, 535, 1186, 1208, 1112, 657, 1766, 1531, 4408, 2653, 845, 875, 1417, 677, 1590, 3828, 1147, 2112, 1812, 1360, 662, 305, 1513, 2570, 2280, 906, 1900, 866, 879, 1108, 1525, 1339, 813, 1729, 3329, 1303, 1709, 544, 1686, 1348, 1748, 1107, 881, 1839, 972, 1890, 1128, 4268, 1696, 1248, 3085, 1420, 1912, 1671, 1936, 4392, 1694, 1125, 1720, 1716, 2659, 1458, 2910, 2257, 1307, 2656, 1494, 1496, 1059, 603, 3233, 2122, 7004, 1577, 2755, 1626, 1338, 1404, 749, 1999, 1790, 1462, 1353, 2607, 552, 2001, 658, 565, 1548, 1197, 1544, 1108, 727, 2166, 2361, 1432, 1441, 1471, 2131, 823, 658, 5732, 1569, 2462, 1639, 1133, 629, 2044, 1853, 1533, 2848, 1033, 2280, 1835, 1226, 4567, 1300, 1097, 2258, 757, 2083, 2452, 1220, 288, 1728, 1988, 1513, 1062, 1181, 416, 2240, 1729, 942, 2057, 1404, 3098, 2491, 1215, 2254, 1573, 4181, 1264, 1892, 1782, 1146, 6341, 2192, 1208, 4486, 1431, 1299, 951, 1425, 1056, 935, 1604, 2092, 895, 3506, 1616, 2222, 2115, 1541, 2144)
(180, 914): Mean: 1730.752, median: 1493.0, std: 1067.838, percent: 1655.1, B: 122, W: 127, 
	(2079, 899, 1305, 7926, 2288, 1492, 779, 1384, 861, 1682, 1175, 1376, 932, 1576, 2377, 944, 2674, 2696, 1701, 2511, 1143, 754, 1726, 948, 1580, 1490, 862, 1719, 1572, 1449, 3150, 2164, 2806, 995, 765, 1577, 1168, 1449, 2022, 1509, 751, 1953, 1310, 1697, 1001, 2195, 1016, 833, 5271, 1571, 690, 1454, 900, 321, 1201, 4044, 530, 542, 2501, 1792, 1685, 3243, 2365, 1574, 1827, 3228, 1415, 833, 463, 1831, 1061, 2446, 1784, 1412, 1220, 1705, 878, 807, 1373, 1031, 1067, 785, 3355, 973, 1223, 1136, 907, 481, 1173, 1183, 1098, 638, 1976, 1613, 4934, 2495, 848, 881, 1554, 615, 1799, 3338, 1222, 2138, 1932, 1230, 705, 284, 1346, 2632, 2212, 967, 2020, 846, 774, 1029, 1346, 1366, 849, 1804, 3234, 1439, 1550, 599, 1772, 1358, 1578, 1108, 1061, 1682, 969, 1901, 1253, 4924, 1654, 1159, 3254, 1405, 2042, 1787, 1843, 4123, 1941, 1062, 1782, 1798, 3258, 1367, 2464, 1897, 1222, 2942, 1326, 1571, 1143, 575, 3297, 1976, 7238, 1479, 2733, 1663, 1530, 1495, 777, 2125, 1936, 1498, 1542, 2241, 503, 1941, 595, 575, 1585, 1192, 1493, 1137, 787, 2209, 2714, 1366, 1385, 1417, 1989, 756, 686, 5356, 1456, 2171, 1408, 1195, 686, 2298, 2089, 1504, 2522, 1165, 2536, 1823, 1413, 4562, 1278, 1121, 1745, 725, 2081, 2412, 1332, 279, 1905, 1760, 1372, 953, 1295, 508, 2425, 1683, 840, 2046, 1386, 3079, 2269, 1153, 2385, 1493, 5268, 1253, 2182, 1822, 1102, 5841, 2454, 1364, 4040, 1363, 1292, 1144, 1429, 1262, 942, 1633, 2020, 908, 3652, 1626, 1961, 2474, 1614, 2397)
(182, 926): Mean: 1718.876, median: 1523.5, std: 1028.55, percent: 1646.0, B: 127, W: 120, 
	(2278, 927, 1236, 8404, 1927, 1566, 807, 1376, 818, 1926, 1333, 1607, 879, 1835, 2345, 877, 2577, 3203, 1530, 2530, 1187, 716, 1680, 964, 1687, 1437, 862, 1680, 1522, 1311, 3211, 1890, 2447, 949, 739, 1762, 1460, 1308, 1760, 1487, 781, 1948, 1145, 1708, 924, 2210, 1132, 916, 4256, 1604, 641, 1351, 1024, 351, 1379, 3391, 500, 557, 2587, 1806, 1512, 3218, 2147, 1775, 1740, 3911, 1775, 869, 428, 1859, 953, 3063, 1943, 1304, 1273, 1592, 988, 825, 1403, 1003, 1046, 842, 2107, 973, 1164, 1194, 745, 527, 1115, 1204, 1146, 601, 1773, 1588, 4376, 2240, 869, 900, 1606, 622, 1485, 3286, 1186, 2215, 1824, 1201, 650, 361, 1452, 2426, 2303, 837, 1817, 805, 814, 1132, 1643, 1413, 786, 1872, 3172, 1342, 1770, 524, 1755, 1195, 1893, 1156, 890, 1525, 1005, 1736, 1147, 4841, 1606, 1172, 3801, 1552, 2402, 1839, 2073, 3930, 1551, 1135, 1726, 1898, 2896, 1649, 2445, 1963, 1227, 2586, 1558, 1464, 1143, 649, 3253, 2111, 6835, 1470, 2904, 1530, 1483, 1393, 905, 2049, 1833, 1393, 1397, 2354, 493, 1897, 575, 581, 1707, 1202, 1398, 1155, 798, 2413, 2695, 1270, 1638, 1667, 2061, 775, 777, 5567, 1680, 2262, 1465, 1303, 632, 2202, 1673, 1416, 2524, 1096, 2312, 2287, 1171, 3077, 1287, 1166, 1917, 760, 2026, 2970, 1263, 283, 2093, 1818, 1479, 961, 1132, 435, 2361, 1625, 852, 2424, 1317, 3077, 2648, 1092, 2421, 1354, 4369, 1325, 2290, 2075, 1080, 5289, 2395, 1356, 4306, 1335, 1251, 1111, 1527, 1087, 990, 1566, 1890, 966, 3631, 1688, 2486, 2150, 1557, 2365)
(185, 940): Mean: 1710.92, median: 1497.5, std: 1041.588, percent: 1616.8, B: 133, W: 116, 
	(2003, 887, 1208, 7933, 2371, 1583, 832, 1385, 731, 1794, 1264, 1564, 894, 1818, 2450, 966, 2581, 2643, 1710, 2456, 1144, 759, 1693, 920, 1604, 1302, 836, 1732, 1451, 1339, 2936, 1936, 2672, 1076, 747, 1802, 1142, 1642, 1862, 1636, 783, 2178, 1289, 1574, 1024, 2432, 1085, 860, 4876, 1591, 777, 1471, 929, 285, 1298, 4102, 515, 615, 2652, 1887, 1538, 3004, 2130, 1497, 1695, 3709, 1557, 773, 476, 1777, 857, 2657, 2028, 1401, 1356, 1575, 842, 802, 1582, 953, 1024, 798, 2132, 1003, 1182, 1058, 814, 498, 1158, 1110, 1114, 592, 2016, 1434, 3960, 2217, 794, 875, 1445, 700, 1370, 2731, 1108, 1956, 1928, 1227, 642, 265, 1478, 2726, 1927, 863, 1796, 878, 853, 1155, 1500, 1378, 861, 1772, 2895, 1341, 1639, 621, 1857, 1324, 1754, 1284, 975, 1790, 927, 1615, 1345, 5752, 1516, 1186, 3171, 1554, 1982, 1769, 1783, 4888, 1950, 1266, 1621, 1642, 2880, 1498, 2459, 1941, 1195, 2803, 1571, 1563, 1222, 619, 3016, 2362, 6784, 1476, 2701, 1634, 1281, 1433, 745, 2029, 1763, 1375, 1232, 2282, 579, 2191, 616, 521, 1582, 1248, 1334, 1088, 765, 2306, 2576, 1244, 1414, 1445, 2307, 857, 771, 5568, 1529, 2281, 1412, 1181, 632, 2762, 1853, 1690, 2736, 1122, 2382, 1845, 1468, 4568, 1245, 1198, 1891, 844, 2239, 2355, 1353, 294, 1759, 1836, 1496, 957, 1214, 415, 2613, 1854, 838, 2101, 1420, 3290, 2385, 1043, 1914, 1333, 4629, 1291, 2147, 1776, 1113, 5392, 2317, 1276, 4262, 1289, 1270, 1140, 1386, 1096, 850, 1695, 1905, 908, 3260, 1715, 1953, 2115, 1678, 2122)
(186, 941): Mean: 1728.596, median: 1519.0, std: 1086.249, percent: 1629.74, B: 129, W: 119, 
	(2095, 1013, 1422, 7988, 2178, 1585, 813, 1236, 716, 1992, 1231, 1521, 842, 1629, 2607, 886, 2774, 2584, 1741, 2330, 1349, 697, 1608, 826, 1615, 1323, 818, 1635, 1420, 1500, 3015, 1973, 3044, 992, 716, 1735, 1207, 1606, 1829, 1550, 829, 1880, 1249, 2245, 885, 2539, 981, 794, 4911, 1547, 675, 1468, 961, 328, 1391, 3755, 486, 594, 2625, 1744, 1578, 3231, 2356, 1547, 1966, 3938, 1616, 888, 439, 1914, 898, 2506, 1877, 1372, 1310, 1635, 893, 803, 1374, 946, 1092, 768, 2207, 955, 1201, 1121, 875, 456, 1163, 1198, 1101, 618, 2116, 1546, 3831, 2320, 850, 933, 1545, 670, 1519, 3298, 1133, 2024, 1778, 1273, 620, 348, 1409, 2742, 2570, 914, 1758, 936, 796, 1212, 1519, 1323, 875, 1852, 3272, 1246, 1670, 545, 1954, 1311, 2006, 1145, 1014, 1616, 1019, 1737, 1252, 5745, 1600, 1161, 3149, 1390, 1905, 1672, 1889, 4516, 1714, 1094, 1575, 1726, 2638, 1358, 2133, 2285, 1215, 2936, 1479, 1495, 1150, 633, 2959, 2093, 6420, 1447, 2528, 1602, 1591, 1217, 678, 1981, 1908, 1527, 1286, 2241, 536, 2114, 595, 541, 1498, 1244, 1327, 1088, 830, 2387, 2852, 1343, 1473, 1554, 2178, 750, 740, 7656, 1773, 2292, 1681, 1311, 616, 2176, 1944, 1644, 2442, 1010, 2314, 1845, 1233, 3701, 1184, 1106, 1805, 805, 2331, 2384, 1339, 269, 1691, 1753, 1499, 941, 1143, 411, 2480, 1634, 842, 2071, 1485, 3318, 2663, 1045, 2135, 1422, 4559, 1289, 1932, 1829, 1102, 5818, 2616, 1247, 4603, 1296, 1244, 1229, 1569, 1091, 855, 1490, 2089, 867, 3869, 1792, 2627, 2089, 1432, 2368)
(189, 956): Mean: 1725.572, median: 1488.0, std: 1088.596, percent: 1649.1, B: 128, W: 122, 
	(2309, 985, 1279, 8717, 2298, 1503, 823, 1264, 687, 1691, 1376, 1586, 904, 1950, 2548, 809, 2567, 3025, 1630, 2617, 1185, 708, 1763, 981, 1583, 1287, 789, 1682, 1391, 1469, 2897, 2005, 2512, 1017, 735, 1921, 1236, 1513, 1757, 1545, 822, 1891, 1155, 1731, 847, 2190, 1139, 812, 5260, 1667, 726, 1395, 944, 309, 1197, 3842, 488, 629, 2586, 1933, 1502, 3234, 2431, 1497, 1915, 3364, 1578, 836, 467, 1843, 1117, 2498, 1863, 1274, 1357, 1594, 1000, 807, 1498, 996, 949, 815, 2060, 969, 1256, 1081, 802, 487, 1076, 1186, 1080, 638, 2102, 1357, 3960, 2237, 828, 890, 1524, 605, 1734, 2975, 1086, 2177, 1810, 1206, 611, 385, 1386, 2735, 2114, 870, 1697, 804, 892, 1321, 1487, 1383, 790, 2008, 2773, 1307, 1599, 564, 1595, 1375, 1795, 1266, 1051, 1936, 931, 1811, 1239, 5252, 1695, 1175, 3601, 1338, 1859, 1623, 1807, 4639, 1767, 1116, 1968, 1623, 2950, 1370, 2301, 2069, 1276, 2679, 1286, 1375, 1147, 616, 3157, 2303, 7247, 1417, 2840, 2128, 1443, 1215, 782, 1716, 2002, 1489, 1357, 2234, 550, 2338, 599, 571, 1489, 1234, 1360, 1104, 843, 2446, 2646, 1303, 1532, 1546, 1982, 748, 764, 5767, 1702, 2419, 1481, 1192, 631, 2424, 1786, 1411, 2491, 1019, 2286, 1897, 1342, 4269, 1341, 1202, 1916, 780, 1967, 2427, 1355, 281, 2021, 1966, 1524, 1057, 1204, 372, 2343, 1673, 921, 2010, 1422, 3109, 2129, 1043, 2071, 1364, 5116, 1246, 2299, 1779, 1249, 6174, 2622, 1320, 4211, 1137, 1339, 1037, 1375, 1151, 880, 1747, 1969, 920, 3827, 1785, 2323, 2080, 1425, 2457)
(190, 959): Mean: 1744.52, median: 1476.0, std: 1122.578, percent: 1672.72, B: 116, W: 132, 
	(2093, 992, 1335, 9581, 2631, 1491, 803, 1264, 812, 1768, 1379, 1495, 835, 1982, 2697, 903, 3025, 2589, 1533, 2462, 1162, 752, 1634, 906, 1684, 1385, 807, 1795, 1518, 1385, 2973, 2187, 2909, 984, 722, 1680, 1305, 1381, 1949, 1400, 823, 1826, 1223, 1886, 1056, 2470, 1138, 802, 4746, 1561, 695, 1385, 897, 335, 1317, 3435, 487, 672, 2486, 2015, 1719, 3013, 2563, 1425, 2051, 3449, 1475, 846, 435, 1986, 996, 2733, 1939, 1431, 1287, 1624, 914, 793, 1570, 997, 995, 890, 2136, 899, 1186, 1100, 816, 486, 1180, 1223, 1089, 640, 2082, 1589, 3255, 2535, 817, 862, 1490, 641, 1607, 3226, 1298, 2340, 2081, 1254, 636, 336, 1376, 2871, 2322, 896, 1820, 787, 838, 1192, 1584, 1490, 772, 1640, 3421, 1353, 1499, 630, 1834, 1285, 1835, 1205, 1041, 1592, 1012, 1805, 1313, 5243, 1844, 1156, 3836, 1278, 2132, 1653, 1788, 4214, 1978, 1200, 1818, 1657, 2816, 1329, 2136, 2005, 1234, 2851, 1397, 1435, 1140, 616, 3221, 2079, 7462, 1465, 2720, 1596, 1466, 1247, 735, 1913, 1909, 1429, 1209, 2486, 483, 1998, 575, 603, 1536, 1262, 1330, 1057, 830, 2663, 2508, 1331, 1381, 1385, 2198, 778, 723, 5900, 1670, 2272, 1614, 1269, 714, 2187, 1761, 1562, 2436, 1144, 1926, 2140, 1473, 4633, 1281, 1105, 1857, 769, 2135, 2529, 1477, 328, 1956, 2056, 1473, 932, 1148, 441, 2356, 1782, 817, 2775, 1482, 3374, 2552, 1020, 2357, 1337, 5437, 1320, 2079, 1829, 1035, 6415, 2833, 1193, 3843, 1414, 1301, 1090, 1444, 1101, 970, 1515, 1972, 844, 3819, 1651, 2110, 2175, 1458, 2117)
(191, 963): Mean: 1744.848, median: 1535.5, std: 1055.107, percent: 1649.2, B: 120, W: 128, 
	(2479, 1035, 1352, 7394, 2271, 1600, 743, 1418, 755, 2349, 1225, 1587, 887, 1562, 2665, 1005, 2524, 2800, 1687, 2359, 1254, 745, 1858, 861, 1534, 1335, 919, 1537, 1451, 1326, 2907, 2163, 2449, 1074, 748, 1736, 1135, 1357, 1748, 1410, 812, 1942, 1158, 1843, 885, 2166, 1067, 740, 5931, 1614, 737, 1364, 949, 331, 1312, 4863, 505, 684, 2628, 1937, 1709, 2987, 2384, 1661, 2159, 3329, 1590, 892, 501, 2102, 890, 2542, 2064, 1422, 1256, 1736, 827, 780, 1683, 948, 1115, 798, 2195, 997, 1212, 1145, 868, 575, 1172, 1146, 1078, 715, 1882, 1824, 3637, 2676, 864, 880, 1622, 679, 1614, 3006, 1114, 2197, 1786, 1325, 612, 318, 1412, 2783, 1916, 812, 1816, 892, 818, 1242, 1466, 1524, 872, 1861, 3317, 1371, 1729, 657, 1800, 1567, 1950, 1169, 994, 1630, 991, 2202, 1142, 5148, 1663, 1139, 3940, 1308, 2229, 1750, 1891, 4260, 1914, 1200, 1700, 1746, 2814, 1451, 2409, 2262, 1281, 2736, 1503, 1744, 1136, 616, 3392, 2205, 6946, 1626, 2792, 1667, 1475, 1236, 696, 2286, 1884, 1439, 1256, 2261, 576, 2164, 614, 610, 1580, 1226, 1400, 1214, 826, 2515, 2319, 1261, 1546, 1519, 2273, 832, 833, 4951, 1800, 2259, 1537, 1122, 686, 2208, 1828, 1596, 2472, 1103, 2594, 2329, 1171, 4179, 1360, 1093, 1800, 731, 2042, 2376, 1471, 312, 1762, 1860, 1585, 1054, 1247, 369, 2426, 1933, 956, 2395, 1531, 3323, 2567, 1076, 2259, 1254, 4528, 1314, 2031, 1672, 1049, 6651, 2426, 1242, 3770, 1355, 1350, 1103, 1465, 1058, 929, 1506, 1987, 918, 3990, 1608, 2053, 2235, 1454, 2433)
(192, 969): Mean: 1728.02, median: 1490.0, std: 1047.719, percent: 1633.34, B: 129, W: 119, 
	(2118, 1062, 1213, 7720, 2434, 1722, 788, 1382, 755, 1741, 1298, 1492, 889, 1658, 2362, 869, 2737, 2896, 1682, 2295, 1266, 771, 1695, 851, 1463, 1396, 855, 1721, 1512, 1430, 2718, 1977, 3077, 977, 776, 1894, 1254, 1660, 2123, 1436, 814, 1864, 1188, 1688, 971, 2410, 1044, 855, 5232, 1692, 728, 1552, 901, 330, 1438, 3630, 523, 591, 2571, 2055, 1659, 3457, 2408, 1515, 2262, 3387, 1557, 897, 447, 1961, 1090, 2504, 1829, 1364, 1266, 1444, 878, 791, 1473, 927, 1217, 853, 2096, 959, 1211, 1031, 851, 507, 1092, 1351, 1095, 629, 1919, 1507, 4623, 2143, 833, 894, 1574, 604, 1562, 3296, 1166, 1892, 1969, 1183, 653, 277, 1428, 2543, 2282, 832, 1628, 814, 853, 1270, 1392, 1408, 788, 1938, 2879, 1299, 1510, 639, 1788, 1266, 2041, 1320, 962, 1523, 1013, 1916, 1120, 5188, 1651, 1184, 3430, 1503, 1909, 1805, 1768, 4802, 1965, 1222, 1756, 1709, 2614, 1352, 2541, 2112, 1146, 2641, 1326, 1638, 1252, 616, 2721, 2308, 6812, 1539, 2315, 1649, 1267, 1305, 821, 1941, 1810, 1686, 1340, 2354, 527, 2227, 711, 621, 1766, 1122, 1443, 1185, 797, 2474, 2532, 1271, 1375, 1481, 2230, 843, 714, 6145, 1571, 2541, 1536, 1341, 658, 2101, 1912, 1712, 3057, 1121, 2307, 2594, 1440, 4138, 1271, 1157, 1812, 753, 2108, 2500, 1265, 296, 1953, 1706, 1488, 859, 1177, 494, 2137, 1652, 960, 2243, 1456, 2892, 2197, 1100, 2468, 1410, 4583, 1392, 2295, 1904, 1050, 5822, 2455, 1185, 4220, 1373, 1285, 1184, 1420, 1104, 901, 1451, 2150, 849, 3268, 1566, 2124, 2280, 1380, 2322)
(193, 973): Mean: 1776.56, median: 1513.5, std: 1110.664, percent: 1653.4, B: 104, W: 144, 
	(2213, 947, 1307, 7191, 2511, 1546, 842, 1283, 779, 1644, 1365, 1517, 926, 1875, 2475, 959, 3116, 3356, 1557, 2276, 1272, 742, 1754, 882, 1637, 1494, 850, 1871, 1418, 1465, 2727, 2131, 2965, 954, 777, 1761, 1226, 1611, 1903, 1645, 836, 2531, 1262, 1752, 1015, 2420, 1328, 890, 5329, 1623, 774, 1512, 967, 309, 1337, 4101, 541, 547, 2698, 2039, 1763, 3447, 2148, 1635, 1788, 3969, 1670, 814, 477, 1935, 979, 2446, 2059, 1481, 1209, 1480, 918, 804, 1786, 1135, 1015, 867, 2429, 959, 1220, 1031, 858, 469, 1166, 1217, 1089, 655, 2065, 1549, 4856, 2420, 794, 857, 1419, 645, 1433, 3292, 1212, 2092, 1825, 1298, 648, 330, 1513, 2381, 2301, 819, 1886, 886, 788, 1155, 1437, 1478, 794, 2195, 4255, 1328, 1603, 558, 1917, 1329, 2031, 1207, 976, 1904, 1075, 2184, 1218, 6585, 1720, 1149, 3809, 1382, 2088, 1683, 2215, 4643, 1883, 1202, 1632, 1854, 3000, 1351, 2334, 2050, 1510, 3183, 1421, 1419, 1192, 646, 3029, 2109, 7311, 1552, 2846, 1739, 1404, 1286, 695, 2051, 1934, 1654, 1369, 2188, 550, 2065, 596, 609, 1595, 1248, 1488, 1054, 834, 2388, 2351, 1506, 1550, 1474, 2371, 825, 698, 6054, 1513, 2556, 1416, 1164, 647, 1883, 1840, 1581, 2784, 1139, 2456, 2028, 1240, 4125, 1325, 1092, 1728, 775, 2162, 2512, 1308, 255, 2097, 1804, 1514, 951, 1285, 444, 2196, 1647, 862, 2252, 1568, 3448, 2291, 1158, 2070, 1456, 4085, 1395, 2131, 1887, 1085, 6029, 2483, 1308, 5453, 1360, 1254, 1073, 1454, 1066, 933, 1757, 2474, 903, 3095, 1990, 2095, 2550, 1661, 2221)
(194, 976): Mean: 1761.824, median: 1555.5, std: 1084.658, percent: 1634.4, B: 136, W: 112, 
	(2091, 935, 1304, 8771, 2339, 1492, 775, 1549, 771, 2026, 1260, 1578, 980, 1803, 2547, 967, 2818, 2928, 1531, 2238, 1293, 725, 2134, 835, 1504, 1300, 785, 1904, 1634, 1407, 3334, 2075, 2531, 948, 738, 1758, 1067, 1538, 2211, 1502, 836, 2058, 1320, 1568, 1026, 2532, 1205, 939, 5525, 1634, 691, 1388, 962, 264, 1255, 3851, 498, 580, 2655, 2292, 1722, 3520, 2272, 1576, 1779, 3688, 1458, 798, 466, 1872, 958, 2372, 1731, 1373, 1371, 1754, 1051, 903, 1582, 1012, 1118, 798, 1833, 999, 1192, 1122, 901, 486, 1136, 1204, 1119, 585, 1866, 1477, 4011, 2333, 797, 864, 1795, 732, 1658, 3814, 1172, 2240, 1756, 1321, 671, 339, 1603, 2582, 2142, 819, 2001, 831, 829, 1313, 1326, 1376, 833, 1796, 3589, 1358, 1716, 543, 1748, 1389, 1910, 1137, 1104, 1985, 993, 1978, 1187, 4833, 1577, 1216, 3389, 1478, 1859, 1774, 1679, 4963, 1821, 1179, 1821, 1610, 3008, 1393, 2483, 1988, 1240, 3274, 1367, 1714, 1186, 625, 2998, 2220, 6968, 1673, 2675, 1666, 1386, 1403, 705, 2383, 1978, 1485, 1526, 2336, 542, 1927, 647, 614, 1478, 1212, 1758, 1208, 810, 2365, 2360, 1383, 1561, 1335, 2074, 768, 728, 5415, 1611, 2064, 1607, 1232, 674, 2338, 1844, 1936, 2407, 1066, 3066, 2249, 1462, 4007, 1306, 1151, 1770, 757, 2306, 2385, 1586, 317, 1812, 1710, 1553, 904, 1176, 372, 2553, 1797, 881, 2114, 1499, 4001, 2212, 1146, 2177, 1417, 4835, 1344, 1978, 1966, 1118, 5253, 2592, 1168, 4457, 1452, 1370, 1286, 1558, 1042, 935, 1578, 2064, 1044, 4055, 1856, 1911, 2545, 1572, 2258)
(195, 982): Mean: 1745.26, median: 1530.0, std: 1075.658, percent: 1626.0, B: 136, W: 113, 
	(2181, 927, 1430, 7970, 2484, 1780, 781, 1323, 756, 1744, 1271, 1438, 887, 1707, 2363, 940, 2544, 3093, 1684, 2520, 1273, 699, 1732, 886, 1466, 1258, 791, 1848, 1300, 1368, 2835, 1944, 2889, 974, 762, 1709, 1202, 1539, 1844, 1557, 817, 2035, 1219, 1655, 965, 2276, 1150, 851, 4496, 1743, 696, 1545, 982, 280, 1460, 4197, 475, 691, 2408, 2091, 1596, 2751, 2318, 1398, 1920, 3668, 1683, 886, 474, 1925, 950, 2669, 1815, 1373, 1207, 1810, 991, 821, 1614, 1062, 1078, 799, 2160, 992, 1189, 1081, 850, 519, 1202, 1189, 1124, 654, 1817, 1379, 4218, 2331, 771, 851, 1417, 686, 1592, 3229, 1082, 2081, 1891, 1185, 683, 351, 1417, 2503, 2258, 852, 1977, 974, 917, 1236, 1521, 1410, 810, 1775, 3231, 1331, 1618, 679, 1839, 1368, 1712, 1122, 1061, 1843, 977, 2054, 1249, 6334, 1616, 1230, 3649, 1512, 2055, 1607, 1908, 4661, 1686, 1107, 1982, 1657, 2873, 1475, 2436, 2034, 1180, 3053, 1479, 1457, 1151, 598, 3135, 2112, 6698, 1553, 2543, 1817, 1283, 1380, 746, 2212, 1734, 1516, 1417, 2679, 497, 2059, 627, 588, 1553, 1224, 1384, 1230, 765, 2343, 2606, 1419, 1689, 1426, 1995, 811, 722, 6421, 1509, 2313, 1610, 1077, 654, 2200, 1995, 1662, 2838, 1078, 2366, 2327, 1272, 3778, 1299, 1281, 1769, 782, 2226, 2489, 1304, 304, 2074, 1944, 1669, 1007, 1300, 390, 2366, 1598, 829, 1940, 1696, 3198, 2781, 961, 2047, 1480, 5019, 1481, 2167, 1764, 1124, 5705, 2473, 1256, 4319, 1579, 1197, 1073, 1443, 1047, 845, 1544, 2163, 909, 3894, 1748, 2247, 2330, 1625, 2229)
(196, 983): Mean: 1744.984, median: 1510.0, std: 1128.666, percent: 1641.4, B: 133, W: 115, 
	(2332, 976, 1263, 9239, 2697, 1491, 759, 1338, 759, 1680, 1528, 1512, 996, 1827, 2610, 897, 2438, 2777, 1661, 2214, 1206, 667, 1754, 858, 1586, 1491, 811, 1601, 1342, 1564, 2758, 1745, 2860, 1025, 779, 1679, 1168, 1448, 1727, 1492, 841, 1930, 1284, 1582, 972, 2604, 1081, 820, 4853, 1613, 702, 1423, 922, 301, 1232, 3660, 504, 647, 2679, 1842, 1715, 3330, 2275, 1632, 1667, 4071, 1454, 823, 410, 1940, 979, 2776, 1685, 1349, 1253, 1495, 968, 819, 1600, 992, 1127, 875, 2284, 1010, 1162, 1090, 931, 502, 1194, 1285, 1102, 591, 1806, 1589, 3516, 2476, 786, 901, 1517, 704, 1438, 5072, 1175, 1924, 1789, 1185, 661, 305, 1518, 2621, 2333, 838, 1814, 903, 821, 1418, 1611, 1425, 875, 1893, 2821, 1325, 1473, 542, 1846, 1359, 1859, 1217, 965, 1740, 1039, 2059, 1248, 6603, 1609, 1204, 3664, 1511, 2080, 1662, 1829, 4806, 1815, 1148, 1889, 1675, 2879, 1349, 2366, 2101, 1201, 2806, 1386, 1558, 1232, 555, 2935, 2558, 6993, 1205, 2801, 1704, 1297, 1358, 683, 2099, 1787, 1489, 1538, 2474, 497, 2034, 579, 567, 1485, 1274, 1689, 1195, 838, 2366, 2343, 1255, 1579, 1631, 2212, 778, 738, 5831, 1585, 2262, 1386, 1182, 607, 2135, 1822, 1572, 2377, 1012, 2492, 2055, 1184, 3906, 1241, 1307, 2097, 769, 2039, 2444, 1429, 285, 2080, 2014, 1357, 984, 1255, 470, 2244, 1533, 821, 2127, 1430, 2816, 2548, 1150, 2136, 1320, 5443, 1199, 2156, 1875, 1091, 5790, 2618, 1244, 4574, 1378, 1249, 1266, 1361, 1021, 891, 1568, 2256, 923, 3553, 1650, 2086, 2237, 1509, 2255)
(197, 984): Mean: 1717.32, median: 1546.0, std: 1018.379, percent: 1599.78, B: 126, W: 122, 
	(2205, 998, 1216, 7095, 2593, 1617, 840, 1353, 765, 1791, 1492, 1566, 966, 1642, 2270, 885, 2527, 3244, 1603, 2328, 1331, 728, 1635, 906, 1662, 1291, 776, 1720, 1480, 1316, 2548, 1743, 2476, 987, 824, 1871, 1204, 1484, 1786, 1568, 840, 1984, 1316, 1792, 901, 2357, 1113, 914, 4631, 1410, 660, 1325, 935, 253, 1242, 3735, 480, 658, 2664, 2452, 1840, 3169, 2230, 1566, 1763, 4064, 1702, 819, 443, 1864, 905, 2132, 1997, 1346, 1363, 1452, 916, 811, 1441, 1053, 999, 844, 2183, 1031, 1140, 1049, 832, 465, 1103, 1269, 1111, 697, 1793, 1675, 4487, 2141, 823, 885, 1549, 663, 1655, 3231, 1181, 2282, 1757, 1256, 623, 305, 1430, 2599, 2232, 786, 1791, 881, 831, 1226, 1610, 1563, 826, 1892, 3505, 1346, 1493, 553, 1914, 1309, 1782, 1181, 955, 1833, 934, 1893, 1160, 5132, 1640, 1240, 3032, 1365, 1927, 1834, 2007, 4649, 1917, 1310, 1907, 1800, 3010, 1401, 2804, 2156, 1308, 2565, 1419, 1446, 1159, 653, 2827, 2259, 6892, 1576, 2339, 1716, 1493, 1440, 757, 1918, 1932, 1333, 1214, 2688, 533, 2034, 627, 595, 1543, 1305, 1627, 1223, 796, 2180, 2681, 1379, 1409, 1658, 2146, 748, 703, 5735, 1603, 2312, 1455, 1081, 659, 2166, 1892, 1692, 2392, 965, 2188, 2057, 1371, 4329, 1360, 1107, 1727, 711, 2059, 2211, 1326, 272, 1866, 1803, 1590, 965, 1201, 429, 2492, 1685, 890, 2221, 1595, 3077, 2475, 998, 2302, 1367, 4132, 1291, 1943, 1888, 1134, 5896, 2614, 1305, 4080, 1377, 1233, 1076, 1559, 1188, 884, 1497, 1801, 888, 3341, 1743, 2147, 2257, 1690, 2064)
(199, 994): Mean: 1742.12, median: 1491.5, std: 1082.073, percent: 1608.08, B: 115, W: 132, 
	(2151, 991, 1342, 8034, 2134, 1432, 812, 1436, 789, 1675, 1325, 1440, 941, 1563, 2282, 886, 2874, 3340, 1529, 2335, 1315, 728, 1773, 905, 1457, 1341, 783, 1487, 1300, 1427, 2684, 2231, 2849, 1001, 696, 1920, 1140, 1480, 1908, 1496, 819, 2109, 1289, 1599, 966, 2315, 1078, 903, 3933, 1589, 736, 1472, 965, 364, 1242, 3860, 571, 705, 2372, 2145, 1845, 3591, 2241, 1553, 1794, 3934, 1768, 802, 490, 1783, 898, 2285, 1807, 1605, 1194, 1475, 1008, 831, 1517, 1046, 1213, 781, 2451, 982, 1229, 1072, 857, 540, 1146, 1272, 1064, 702, 1828, 1674, 4279, 2186, 817, 866, 1610, 730, 1584, 2934, 1128, 2211, 1670, 1257, 623, 318, 1326, 2711, 2017, 832, 1851, 862, 785, 1197, 1608, 1597, 751, 1918, 3229, 1341, 1545, 602, 1953, 1288, 1844, 1160, 1036, 1612, 1034, 1782, 1270, 6658, 1554, 1301, 3465, 1414, 2083, 1614, 1915, 5115, 1850, 1123, 1861, 1611, 2973, 1451, 2321, 2485, 1284, 2911, 1474, 1608, 1220, 592, 3091, 2531, 7550, 1446, 2713, 1652, 1240, 1342, 720, 1951, 1856, 1664, 1512, 2648, 576, 1818, 613, 646, 1486, 1325, 1675, 1218, 838, 2189, 2715, 1425, 1513, 1441, 2124, 805, 721, 6042, 1470, 2178, 1540, 1202, 647, 2170, 1864, 1756, 2765, 1067, 2341, 2039, 1269, 4178, 1382, 1173, 2229, 815, 2101, 2518, 1362, 253, 2128, 1824, 1351, 903, 1254, 403, 2520, 1562, 871, 2077, 1520, 3505, 2615, 1089, 2416, 1423, 4582, 1307, 2164, 1872, 1127, 5267, 2074, 1321, 4002, 1347, 1230, 1162, 1352, 1008, 860, 1790, 2335, 892, 3270, 1834, 1983, 2256, 1373, 2467)

Test:
No precond: Mean: 2497.244, median: 2230.5, std: 1214.669, percent: 2491.02, flag: 0 
	(950, 1877, 1941, 3744, 1247, 5987, 1591, 2381, 2752, 2719, 2593, 1137, 1253, 4091, 1708, 6313, 1086, 1351, 2778, 2363, 2458, 3768, 1766, 673, 2961, 2180, 1841, 2736, 5944, 3685, 3480, 2306, 2914, 2443, 1792, 2633, 2141, 4723, 964, 5409, 1415, 1365, 2197, 2119, 4040, 2732, 2921, 4361, 3014, 957, 2406, 2700, 1016, 2727, 1027, 2206, 4471, 5667, 1023, 2254, 1165, 1674, 3359, 1425, 1789, 2027, 2275, 3964, 2649, 2021, 4787, 1110, 2587, 2272, 1938, 2301, 5418, 2672, 1851, 975, 2245, 1659, 1756, 2166, 2142, 1639, 2126, 577, 1965, 3532, 3207, 1680, 1477, 2114, 2249, 1844, 6588, 3956, 3429, 1896, 2283, 2294, 1954, 1963, 5632, 2312, 1484, 5220, 3578, 1482, 1083, 1703, 2010, 1982, 2121, 1963, 1474, 3246, 3444, 1895, 1519, 1214, 1727, 3619, 2218, 2905, 1983, 1012, 3293, 1160, 4712, 3107, 2411, 2979, 3354, 1456, 2438, 1712, 1625, 2868, 1529, 2304, 1987, 1497, 3180, 721, 1195, 1917, 1328, 924, 3485, 814, 4130, 3147, 3932, 2682, 3182, 1594, 2130, 2582, 1685, 1483, 3374, 4695, 2891, 3307, 3968, 3869, 2384, 1420, 3376, 2724, 4297, 1429, 1424, 3804, 2088, 3379, 1458, 3026, 1638, 3871, 1794, 779, 5650, 893, 4333, 1585, 2784, 1212, 2860, 2502, 1756, 1301, 1700, 1520, 1457, 2108, 2847, 1731, 5055, 3275, 801, 1719, 2677, 3232, 2390, 1571, 1775, 1773, 5055, 2885, 1386, 2727, 1195, 3078, 5249, 2163, 1890, 1574, 3070, 1313, 3534, 2465, 1861, 6735, 3555, 3290, 1992, 2142, 4196, 414, 3297, 4340, 1567, 4321, 2878, 2612, 1249, 1405, 2994, 2379, 2402, 2623, 2127, 1920, 1607, 2076, 2243, 1334)

Jacobi: Mean: 2079.96, median: 1846.5, std: 1147.316, percent: 2054.8, BvN: 230, WvN: 20, flag: 0 
	(743, 1369, 1195, 3231, 1009, 7387, 1727, 1614, 2239, 2554, 2275, 1024, 1025, 5804, 1392, 6411, 954, 1206, 2706, 1704, 2675, 2968, 1375, 575, 2623, 1668, 1803, 2268, 6098, 2546, 3110, 2118, 2038, 1593, 1423, 2732, 1976, 4085, 744, 6085, 1046, 1389, 1646, 1666, 2604, 1925, 2403, 3549, 2445, 862, 1575, 2241, 624, 2549, 759, 2428, 3182, 3671, 798, 1894, 1201, 1351, 2818, 1136, 1333, 1661, 1858, 4547, 1978, 1662, 3927, 766, 2296, 1997, 1257, 2321, 5079, 2090, 1426, 630, 1914, 1333, 1370, 1692, 1945, 1182, 1937, 385, 1552, 2907, 2769, 1315, 1330, 1709, 1746, 1488, 4297, 3849, 2967, 1630, 1962, 1618, 1884, 1519, 5188, 1964, 1223, 4390, 2857, 998, 753, 1422, 1762, 1366, 1818, 1835, 1100, 2322, 2520, 1718, 1195, 883, 1435, 2633, 2034, 2510, 1484, 787, 2648, 793, 4577, 2329, 1947, 2536, 2555, 1334, 1899, 1378, 1208, 1982, 1252, 1917, 1642, 1197, 3899, 524, 828, 1798, 948, 724, 3138, 538, 4350, 2747, 3355, 2293, 2085, 1131, 1862, 1436, 1299, 851, 2879, 3337, 2748, 2963, 2972, 3018, 2269, 1145, 3289, 1992, 3374, 1441, 1136, 3043, 1875, 2666, 1316, 2061, 1284, 3206, 1368, 568, 4790, 833, 2808, 1211, 3047, 830, 2581, 1833, 1583, 963, 1240, 1198, 1172, 1538, 2347, 1539, 3445, 2356, 499, 1474, 2228, 2595, 1739, 1293, 1298, 1665, 3433, 2055, 1090, 2758, 995, 2370, 5143, 1586, 1301, 1222, 2737, 994, 3193, 1869, 1662, 4635, 2344, 2330, 1485, 2023, 3689, 325, 4013, 2987, 1247, 4158, 2050, 1719, 893, 877, 2201, 2069, 2307, 1994, 1959, 1607, 1329, 1677, 2358, 1092)

Last: Mean: 1682.528, median: 1486.0, std: 926.228, percent: 1661.56, BvN: 244, WvN: 5, BvJ: 243, WvJ: 7, flag: 0 
	(627, 955, 1072, 2626, 729, 4515, 1083, 1424, 1992, 1914, 1881, 890, 806, 4429, 1093, 4951, 729, 997, 2064, 1504, 1726, 2075, 1165, 494, 1810, 1282, 1228, 1657, 4031, 2149, 2132, 1636, 1564, 1415, 1125, 1762, 1667, 3523, 625, 5682, 830, 1365, 1414, 1414, 2133, 1425, 1799, 3033, 1705, 651, 1344, 2000, 657, 2007, 639, 1845, 2797, 3791, 612, 1532, 904, 1061, 2221, 806, 1160, 1487, 1543, 3404, 1759, 1416, 3883, 680, 1901, 1466, 971, 1783, 3987, 1795, 1047, 521, 1510, 1043, 1202, 1368, 1372, 1279, 1514, 388, 1330, 2590, 2091, 931, 1163, 1351, 1351, 1269, 4040, 3484, 2644, 1106, 1727, 1537, 1396, 1100, 3586, 1674, 874, 4196, 2397, 933, 673, 1173, 1582, 1083, 1328, 1636, 901, 2019, 2366, 1310, 1062, 712, 1214, 1907, 1525, 2118, 1442, 637, 1976, 626, 3415, 1986, 1377, 2123, 2426, 1015, 1644, 1168, 1001, 1701, 967, 1300, 1375, 1006, 2784, 504, 596, 1495, 818, 617, 2518, 418, 2855, 1983, 2740, 1468, 1724, 798, 1512, 1382, 1263, 856, 1970, 2563, 2305, 2221, 2459, 2432, 1742, 896, 2719, 1493, 2955, 1121, 926, 2829, 1451, 2254, 1111, 1763, 770, 2160, 1156, 488, 3297, 647, 2446, 786, 2936, 723, 2289, 1601, 1290, 837, 1149, 957, 938, 1168, 1735, 1331, 3325, 1810, 433, 1216, 1873, 1867, 1476, 1045, 993, 1371, 2660, 1698, 883, 1788, 781, 2002, 4072, 1496, 1078, 1041, 2064, 774, 2728, 1634, 1486, 4266, 2032, 1959, 1115, 1486, 3345, 330, 3298, 2412, 974, 4452, 1583, 1262, 584, 706, 1768, 1768, 1613, 1578, 1467, 1270, 1008, 1656, 1847, 957)

Best: Mean: 1678.236, median: 1463.0, std: 929.572, percent: 1667.34, BvN: 247, WvN: 3, BvJ: 244, WvJ: 6, flag: 0 
	(642, 948, 1093, 2464, 781, 3906, 1018, 1359, 1941, 1960, 1639, 918, 804, 4004, 932, 5382, 711, 948, 2209, 1571, 1961, 2023, 1058, 492, 1964, 1278, 1161, 1915, 4334, 1906, 2355, 1536, 1574, 1533, 1197, 1813, 1526, 3259, 617, 6272, 803, 1121, 1359, 1322, 2065, 1685, 1829, 3007, 1904, 606, 1334, 2126, 566, 2020, 584, 1800, 2770, 3602, 624, 1513, 846, 1189, 2203, 906, 1050, 1427, 1652, 3028, 1436, 1419, 3417, 656, 2152, 1490, 936, 1885, 3801, 1715, 1142, 528, 1408, 927, 1125, 1493, 1475, 1067, 1492, 340, 1266, 2892, 2401, 1048, 1073, 1504, 1368, 1071, 4737, 3234, 2666, 1231, 1903, 1449, 1461, 1266, 2963, 1625, 852, 3183, 2482, 853, 647, 1265, 1524, 1124, 1366, 1622, 923, 1954, 2273, 1389, 1127, 788, 1239, 2170, 1703, 2056, 1263, 594, 2217, 617, 3553, 1780, 1638, 2048, 2047, 1196, 1355, 1084, 921, 1779, 833, 1325, 1452, 1046, 3083, 473, 597, 1545, 798, 534, 2667, 418, 3306, 1917, 2797, 1433, 1785, 928, 1409, 1214, 1092, 774, 1951, 2576, 2093, 2072, 2393, 2524, 1731, 1000, 2343, 1739, 3121, 1096, 1011, 2686, 1452, 2243, 973, 1753, 819, 2147, 1181, 608, 3562, 660, 2278, 871, 2512, 670, 1887, 1697, 1238, 791, 993, 938, 938, 1375, 1847, 1216, 2564, 2218, 421, 1426, 1731, 2259, 1434, 996, 1060, 1333, 2731, 1859, 887, 1629, 747, 2603, 4446, 1471, 1061, 1014, 2331, 826, 2727, 1465, 1432, 3707, 2398, 2055, 1183, 1238, 3355, 322, 3430, 2480, 1109, 4629, 1587, 1316, 597, 736, 2079, 1683, 1713, 1560, 1531, 1111, 1140, 1211, 1845, 823)

Last Coef List
{1: array([-0.07257793]), -1: array([-0.07269433]), 2: array([-0.02182713]), -2: array([-0.01099908]), 3: array([-0.00896915]), -3: array([-0.00426257])}

Best Coef List
{1: array([-0.06110923]), -1: array([-0.0650298]), 2: array([-0.02708223]), -2: array([-0.02662988]), 3: array([0.01244345]), -3: array([0.00268083])}

10/04/2026, 20:24:45
Config file: ./config/config_sign_0_diags_4.ini
Data:
	1d_laplace_size: 45
	amount: 250
	params: 1 0.3
	seed: 0
	dim: 2025
Solver:
	tol: 1e-10
	max_iteration: None
Learn:
	iteration_count: 200
	step_range: 0.1
	method: sign
	seed: 0
	change_scales: 1 0.5 0.25
	allow_disimprovement: True
	median_best_scale: 0.5
	mean_best_scale: 0.5
Precondition:
	par_list: 1 1 1 1 1 1 1 1
	diag_list: 1 -1 2 -2 3 -3 4 -4
	num_coef: 8
	type: diag_shift
	diag: jacobi

Train:
(0, 6): Mean: 4678.752, median: 4029.0, std: 2777.797, percent: 4510.14, B: 250, W: 0, 
	(7346, 2859, 2742, 22206, 4482, 4837, 2499, 5500, 3238, 3926, 3304, 4002, 2604, 7612, 5214, 2525, 8228, 7713, 6536, 7698, 3837, 1983, 3842, 2268, 3385, 4298, 2385, 6911, 3894, 4169, 5901, 4403, 6733, 2323, 1834, 3998, 3136, 3831, 5044, 6356, 2475, 5132, 2567, 4297, 3094, 5759, 2738, 2709, 16349, 3554, 2388, 4075, 3171, 2227, 2885, 9669, 1831, 2068, 7911, 13956, 4997, 8889, 4896, 4911, 6888, 9511, 3605, 1949, 1494, 5376, 2488, 6885, 4572, 4027, 2976, 4260, 2620, 2349, 3359, 2270, 3511, 1926, 5517, 2437, 3292, 3470, 2933, 1338, 3122, 2722, 3484, 2936, 5843, 3824, 8495, 4303, 2897, 2659, 3652, 1947, 4492, 6357, 3118, 6184, 4267, 3425, 2487, 1290, 5352, 5484, 4485, 2579, 4621, 2232, 2875, 4938, 3697, 7158, 2710, 5233, 8077, 3525, 3652, 1678, 5062, 2735, 4327, 4116, 2555, 4115, 2721, 4820, 3302, 12377, 4341, 3086, 8310, 4135, 3870, 3466, 4542, 9855, 4390, 4029, 4709, 5502, 8497, 2799, 6550, 7743, 3029, 7374, 3688, 3954, 3304, 2392, 9624, 4758, 15524, 4307, 6388, 5632, 3239, 5590, 2500, 5637, 5200, 3703, 4079, 4630, 1264, 4192, 2387, 2522, 4949, 2351, 4029, 4253, 3340, 5154, 8845, 3147, 3070, 3941, 5662, 2853, 2157, 13250, 4341, 5116, 4594, 3012, 2859, 5036, 5943, 3035, 7371, 2401, 5042, 6906, 4608, 11411, 2930, 3371, 4405, 2132, 5621, 6106, 4620, 1054, 5348, 4725, 5578, 3270, 2827, 3062, 4530, 3857, 2929, 5802, 4492, 6058, 6407, 3407, 4148, 3319, 15788, 3174, 5486, 4031, 4372, 15489, 4228, 3328, 11350, 3349, 2674, 3469, 3813, 2631, 2759, 4151, 5187, 2635, 9733, 3832, 7066, 5611, 3427, 3557)
(1, 9): Mean: 3998.236, median: 3380.0, std: 2359.437, percent: 3767.56, B: 213, W: 37, 
	(5611, 2454, 2435, 17869, 4531, 3781, 2425, 3584, 2242, 3275, 2676, 3336, 2408, 4010, 5702, 2178, 7673, 8079, 4021, 6472, 3502, 1892, 3748, 2023, 3015, 3286, 1998, 5050, 3005, 3344, 5561, 3262, 6102, 1866, 1489, 3270, 2637, 3707, 3887, 5417, 2114, 4045, 2418, 3832, 2572, 5243, 2481, 1908, 14101, 3228, 1642, 3456, 2626, 826, 2174, 8346, 1436, 1704, 6963, 4884, 2993, 5743, 4946, 4344, 4845, 7480, 3093, 1936, 1219, 3842, 2276, 6820, 4149, 3728, 2608, 3261, 2513, 2125, 3185, 2145, 2771, 1769, 5329, 2159, 2717, 3450, 1981, 1613, 2566, 2437, 2903, 1708, 4424, 3706, 8458, 4616, 2109, 1937, 3983, 1761, 3301, 7068, 2198, 4763, 3971, 2546, 2705, 984, 3917, 4897, 4190, 2794, 3923, 1752, 2228, 3835, 3082, 5371, 2105, 4839, 7037, 3137, 3999, 1867, 5057, 2305, 4872, 3660, 2220, 4642, 2765, 4704, 2713, 9578, 2694, 2958, 6359, 3382, 3623, 3479, 5283, 9605, 4257, 2721, 4932, 3795, 6373, 3121, 6389, 5216, 2481, 9723, 3079, 3151, 2529, 1801, 7526, 3894, 11928, 4400, 6012, 4627, 2682, 3560, 1876, 7518, 4138, 3452, 3450, 6026, 1011, 3425, 1616, 1897, 3879, 2488, 3378, 2418, 2560, 6139, 7225, 3322, 2996, 3212, 5331, 2113, 1703, 12240, 3141, 4406, 3168, 2562, 2365, 3968, 4701, 2592, 7745, 2282, 4471, 4517, 3196, 8159, 2548, 2924, 3696, 1962, 3648, 6552, 3652, 830, 4789, 3368, 4969, 1955, 2396, 1502, 5153, 4102, 2078, 4447, 3934, 5214, 9117, 3374, 4843, 2942, 11249, 2650, 4535, 3798, 2776, 14557, 4678, 3131, 10667, 3472, 2889, 2906, 3252, 2041, 2053, 3218, 4347, 2367, 8260, 3359, 4974, 5053, 3857, 3714)
(2, 15): Mean: 3916.896, median: 3259.5, std: 2415.945, percent: 3605.16, B: 134, W: 114, 
	(6021, 2473, 3067, 17086, 4568, 3928, 1965, 3078, 2032, 3488, 2735, 3036, 2395, 3760, 4825, 2079, 6468, 7515, 3594, 4855, 3247, 2047, 2980, 2167, 3042, 3721, 2129, 8600, 3188, 3997, 5018, 3457, 6102, 1852, 1620, 3267, 2737, 4028, 4670, 5593, 1909, 4039, 2345, 3622, 2422, 4756, 2324, 1758, 17447, 3132, 1568, 3037, 2832, 965, 2665, 8206, 1560, 1862, 7118, 3784, 3546, 7135, 4493, 4095, 4567, 7864, 2950, 1619, 1385, 4516, 2311, 7290, 4168, 3954, 2621, 3373, 2486, 1787, 3135, 2028, 2771, 1841, 4205, 2000, 2940, 3024, 2207, 1757, 2351, 2294, 2204, 1870, 4280, 3252, 8331, 4678, 2032, 1854, 3551, 1828, 3002, 6123, 2374, 4573, 4003, 2853, 1970, 1274, 4511, 4646, 4501, 2552, 4174, 1883, 2156, 4530, 3180, 4270, 2292, 3923, 7342, 2555, 3432, 1887, 4288, 2340, 3710, 3237, 2328, 3701, 2393, 3712, 2862, 10684, 2651, 3021, 5832, 3366, 4229, 3343, 4069, 10598, 3148, 3227, 3794, 3948, 6636, 3061, 5815, 5158, 2772, 5264, 2867, 2698, 2699, 1869, 7692, 4562, 13432, 4361, 6814, 4120, 2747, 3783, 2255, 5450, 4475, 3222, 5029, 6077, 1210, 3253, 1791, 1925, 3583, 2247, 3437, 2169, 2075, 5013, 6503, 3211, 2823, 3031, 4808, 2219, 1626, 12807, 2877, 4584, 3572, 2082, 1815, 3650, 3959, 2791, 9503, 2286, 4854, 4514, 2447, 9397, 2313, 3359, 3959, 1981, 3828, 5261, 3540, 712, 4886, 2946, 4236, 2451, 2401, 2534, 4134, 3983, 1950, 4672, 3174, 6140, 5077, 2907, 4832, 3129, 10083, 2577, 4341, 3927, 2584, 15366, 4388, 2931, 9838, 3266, 2341, 2493, 2806, 2282, 2213, 3202, 3941, 2512, 7068, 3485, 6841, 5039, 3515, 3999)
(3, 20): Mean: 3640.004, median: 3260.0, std: 1954.654, percent: 3412.18, B: 167, W: 83, 
	(5225, 1995, 2520, 12919, 3534, 3204, 2083, 2930, 2266, 3576, 2782, 2712, 2049, 3470, 4450, 1827, 6035, 6002, 5343, 4533, 2749, 1471, 3244, 1903, 2569, 3280, 1872, 4391, 3127, 3701, 5429, 3228, 4712, 1721, 1608, 2729, 2281, 3724, 3670, 4677, 1910, 3813, 2539, 3786, 2355, 4507, 2415, 1803, 11805, 3043, 2168, 2788, 2093, 948, 2968, 7242, 1747, 1675, 5825, 3999, 2898, 6029, 4174, 3941, 4748, 7890, 2729, 1639, 1260, 4873, 2196, 5942, 4485, 3783, 2350, 3346, 2148, 1833, 3057, 1998, 3817, 1611, 5069, 1987, 2529, 3152, 2016, 1418, 2649, 2302, 2160, 2773, 3990, 3364, 6711, 4512, 1804, 1670, 4764, 1470, 3438, 6956, 1846, 3284, 3515, 2536, 2381, 1167, 4019, 4357, 3782, 2308, 3865, 1817, 2261, 4275, 2892, 4034, 1787, 4449, 9145, 2605, 4532, 1480, 3960, 2363, 4482, 3796, 1855, 3727, 2179, 3778, 2491, 8485, 2830, 2453, 5489, 2843, 3775, 2927, 3873, 8235, 3892, 2494, 3391, 3318, 6390, 2958, 4837, 6294, 2440, 4375, 2343, 2610, 2346, 1478, 9022, 4294, 12647, 3896, 6336, 4304, 2705, 3270, 1960, 5901, 3456, 2733, 3428, 4705, 1031, 3256, 1596, 1535, 3115, 2229, 3004, 3435, 1742, 5204, 5572, 2999, 2656, 3186, 4134, 2398, 1351, 10145, 3318, 4971, 2982, 2181, 1997, 4607, 3816, 3491, 6420, 2234, 4745, 3526, 2424, 6573, 2465, 2645, 3244, 2389, 4750, 4499, 3964, 880, 4303, 3757, 4520, 2241, 2613, 1829, 4038, 3714, 2178, 4741, 3919, 5307, 5101, 3799, 3840, 3016, 10724, 2478, 3900, 3967, 3073, 11546, 3329, 3264, 7830, 3885, 2475, 2709, 3825, 2047, 2116, 2805, 4023, 2695, 6466, 2964, 5521, 4044, 3255, 3283)
(4, 21): Mean: 3635.524, median: 3170.0, std: 2100.462, percent: 3422.36, B: 126, W: 124, 
	(4848, 2325, 2623, 15821, 4214, 3475, 2161, 3014, 1830, 3985, 2637, 2726, 2143, 4109, 4843, 2008, 5981, 5967, 4074, 6299, 2560, 1661, 2669, 1946, 2720, 2772, 2138, 4784, 2674, 3112, 5408, 3543, 4987, 1879, 1461, 3259, 2592, 3947, 3334, 5367, 1888, 3969, 2421, 3810, 2691, 4251, 2754, 2345, 12935, 3116, 1738, 3097, 2142, 1134, 2152, 8342, 1287, 1328, 6716, 4051, 3568, 6520, 4712, 3623, 5470, 6479, 2765, 1485, 1132, 4010, 2161, 6028, 3914, 4020, 2315, 2976, 2305, 2016, 2650, 1947, 2778, 1425, 5563, 2085, 2650, 2566, 1934, 1450, 2398, 2214, 2303, 1702, 4213, 2787, 7372, 4083, 2058, 1781, 2970, 1786, 3850, 6320, 2372, 5047, 3772, 2466, 1870, 1469, 3635, 4453, 4516, 2193, 3923, 1870, 2212, 3507, 2814, 4545, 2411, 4339, 7574, 2437, 3594, 1525, 3806, 2490, 4464, 3788, 2210, 3171, 2061, 3611, 3201, 14047, 2765, 2713, 6330, 3107, 4224, 3538, 3713, 8343, 4573, 2905, 3576, 3239, 6000, 2827, 5271, 4885, 2690, 5686, 2919, 3412, 2312, 1779, 6491, 3372, 12217, 3484, 4662, 3776, 2533, 3106, 1860, 4366, 4438, 3127, 3270, 4134, 1040, 3342, 1514, 1894, 3246, 1857, 3349, 2232, 1885, 4179, 5894, 2841, 2572, 3055, 3904, 2173, 1256, 10431, 3278, 4169, 3714, 2614, 2124, 4029, 3563, 2694, 6200, 1794, 4718, 3531, 3169, 8921, 2366, 2439, 3206, 1780, 3876, 4915, 3938, 739, 4622, 3862, 3382, 2415, 2233, 1978, 4429, 3515, 1899, 4330, 3056, 5066, 4771, 2489, 4063, 2974, 7593, 2429, 4084, 4543, 2407, 11952, 4309, 2652, 9219, 3438, 2636, 2528, 2818, 2280, 1856, 3315, 4263, 1903, 7599, 3107, 4538, 4108, 3052, 3244)
(5, 24): Mean: 3062.18, median: 2693.0, std: 1813.15, percent: 2856.98, B: 227, W: 23, 
	(4410, 1946, 2076, 13951, 3169, 2626, 1970, 2630, 1775, 3229, 2382, 2571, 1611, 3216, 4244, 1907, 4676, 5792, 2896, 3556, 2271, 1355, 2856, 2066, 2715, 2881, 1810, 3565, 2509, 2604, 4453, 3679, 4102, 1564, 1393, 3158, 2120, 2489, 3992, 3380, 1588, 4355, 1870, 3158, 1955, 3525, 2037, 1502, 10596, 2757, 1185, 2407, 1976, 614, 2131, 6420, 916, 1420, 5161, 3899, 2939, 6010, 3891, 2730, 3830, 6257, 2364, 1127, 836, 3410, 1740, 5466, 2824, 2898, 2129, 2458, 2237, 1607, 2192, 1764, 1872, 1352, 3821, 1426, 2395, 2888, 1794, 1138, 2041, 2052, 2089, 1124, 3224, 2801, 6988, 3890, 1663, 1373, 2775, 1428, 2905, 4906, 1774, 3963, 3430, 2230, 1541, 769, 2876, 3672, 4108, 1711, 2719, 1508, 1550, 3060, 2486, 2721, 1646, 3195, 5492, 2278, 3144, 1241, 3200, 1967, 2704, 2399, 1626, 2902, 1743, 3610, 2372, 8034, 2727, 2318, 5161, 2504, 3428, 2742, 3374, 7586, 2709, 2432, 3478, 3172, 6189, 2639, 4234, 4853, 1941, 4214, 2492, 2356, 2216, 1196, 6397, 3461, 11808, 3114, 3976, 2961, 2441, 2681, 1638, 3753, 3153, 2778, 2745, 3355, 851, 3436, 1121, 1048, 2593, 1723, 2682, 1867, 1474, 4308, 5098, 2195, 2651, 2485, 3999, 1471, 1266, 10096, 2582, 3387, 2493, 2112, 1348, 3090, 3411, 2297, 5449, 1669, 3718, 3000, 2323, 7642, 1952, 2556, 2887, 1390, 3374, 4063, 3253, 548, 3895, 3096, 3010, 1879, 1879, 1137, 3734, 2816, 1457, 3606, 2485, 5033, 4759, 2473, 4323, 2718, 7605, 2297, 3864, 3114, 2505, 9633, 3512, 2286, 8439, 2405, 2157, 1753, 2118, 1628, 1573, 2548, 3299, 1830, 5796, 3607, 4730, 4023, 2541, 3460)
(8, 40): Mean: 2930.64, median: 2590.0, std: 1806.478, percent: 2739.8, B: 164, W: 86, 
	(4045, 1673, 1901, 12905, 3955, 2702, 1604, 2245, 1344, 3183, 1916, 2723, 1784, 3715, 4204, 1743, 5872, 5281, 2608, 4064, 2501, 1457, 2735, 1494, 2310, 2375, 1462, 3256, 2450, 3129, 3617, 3042, 5665, 1534, 1304, 2724, 1925, 2591, 2864, 3189, 1447, 3138, 1976, 2492, 2027, 3840, 1782, 1440, 11790, 2346, 1174, 2688, 1736, 710, 2311, 6538, 1212, 1065, 4973, 3531, 2774, 5080, 3942, 2763, 3604, 6264, 2562, 1253, 729, 2979, 1796, 4390, 2830, 2880, 2068, 2591, 1662, 1841, 2439, 1894, 1751, 1248, 3730, 1549, 2056, 2207, 1771, 1025, 1826, 2012, 1867, 1280, 3018, 3280, 6142, 3958, 1323, 1371, 2500, 1425, 2629, 4573, 1586, 3277, 2927, 1876, 1284, 645, 2683, 3793, 3410, 1796, 3343, 1521, 1373, 3324, 2307, 2589, 1434, 2755, 4908, 2381, 3127, 1012, 3589, 2141, 3381, 2459, 1546, 2697, 1692, 3172, 2110, 9107, 2445, 2038, 4426, 2369, 2949, 2909, 2926, 7383, 2646, 1789, 2895, 3223, 4672, 2634, 5231, 4303, 2020, 3792, 2238, 2719, 1895, 1111, 5360, 3369, 10991, 2763, 4086, 2983, 2295, 2473, 1311, 3843, 3391, 2780, 2338, 3860, 939, 3016, 982, 1035, 2469, 1672, 2755, 1558, 1394, 4125, 5176, 2201, 2448, 2866, 3537, 1526, 1351, 9565, 2340, 3948, 2262, 2067, 1226, 2946, 3139, 2218, 5656, 1701, 3673, 3268, 1986, 5523, 1964, 2286, 2553, 1368, 3370, 3630, 2614, 488, 3384, 2557, 2815, 2166, 1849, 1196, 3930, 2888, 1508, 4029, 2568, 4699, 3396, 1956, 3481, 2407, 8853, 2445, 3332, 2881, 2192, 12334, 3603, 2317, 6678, 2381, 1967, 1561, 2618, 1548, 1579, 2738, 3330, 1807, 5098, 3076, 3792, 3732, 2499, 2739)
(9, 45): Mean: 2918.688, median: 2609.0, std: 1733.908, percent: 2714.6, B: 126, W: 124, 
	(3650, 1751, 2059, 13220, 3476, 2774, 1762, 2886, 1493, 3143, 2111, 2765, 1615, 2888, 4154, 1711, 4559, 5728, 2852, 4055, 2413, 1383, 2350, 1476, 2376, 2385, 1616, 3153, 2288, 2605, 4830, 2973, 5003, 1519, 1351, 2811, 1889, 2989, 2730, 2944, 1466, 3581, 1984, 2998, 1688, 3548, 1653, 1388, 9045, 2371, 1101, 2563, 1872, 656, 1929, 7601, 920, 1252, 4124, 3411, 2548, 4681, 3827, 3060, 3402, 6556, 2262, 1227, 870, 2786, 1719, 4842, 2765, 2713, 1955, 2634, 1696, 1294, 2218, 1606, 2014, 1254, 3739, 1686, 1958, 2134, 1707, 1070, 1947, 2062, 1960, 1178, 3673, 2934, 6913, 3437, 1533, 1300, 2851, 1372, 2750, 4893, 1614, 3688, 3274, 2024, 1258, 688, 2223, 3603, 4178, 1821, 3019, 1477, 1445, 2434, 2661, 2525, 1595, 2913, 5101, 2560, 2751, 1250, 3683, 2094, 3189, 2467, 1478, 2862, 1563, 3132, 2092, 7741, 2085, 2436, 4548, 2319, 2747, 3055, 2813, 6393, 2549, 2102, 3549, 3016, 5039, 2479, 4211, 3797, 2160, 3811, 2646, 2540, 1969, 1072, 5673, 3334, 11925, 2613, 4675, 2810, 2212, 2743, 1386, 3463, 3326, 2652, 2974, 3877, 836, 2934, 1105, 958, 2928, 1807, 2317, 1804, 1661, 3919, 4413, 2414, 2374, 2535, 3875, 1357, 1248, 9167, 2699, 3608, 2527, 2003, 1253, 3350, 2828, 2234, 4794, 1666, 3469, 3529, 2105, 7312, 1838, 2482, 2721, 1252, 3570, 4164, 2550, 562, 3611, 3416, 3232, 1707, 1989, 876, 3595, 3004, 1435, 3456, 2757, 3994, 3630, 1957, 3386, 2392, 8772, 2264, 3504, 3305, 2238, 9480, 3826, 2313, 7809, 2335, 2193, 1831, 2205, 1610, 1592, 2798, 3332, 1754, 5645, 2744, 4721, 3986, 2684, 2811)
(11, 54): Mean: 2893.104, median: 2473.5, std: 1766.756, percent: 2722.36, B: 141, W: 108, 
	(4421, 1595, 2057, 14581, 3095, 2180, 1765, 2391, 1570, 2893, 1918, 2755, 1644, 2934, 3808, 1960, 4920, 5816, 2792, 4336, 2045, 1424, 2673, 1671, 2150, 2604, 1542, 3076, 2266, 2689, 3619, 2759, 3565, 1446, 1210, 2460, 1986, 2446, 2595, 2711, 1375, 3187, 1942, 2631, 1815, 3356, 1809, 1380, 8820, 2586, 1345, 2487, 1828, 537, 1849, 6488, 1095, 995, 4458, 3683, 2630, 5074, 4221, 2814, 3863, 5275, 2235, 1245, 788, 3349, 1730, 5001, 2671, 2628, 2182, 2453, 2087, 1517, 2387, 1843, 1940, 1142, 3607, 1551, 2200, 2214, 1541, 1038, 1972, 2103, 1846, 1163, 3099, 2983, 6507, 3725, 1604, 1386, 2773, 1293, 2655, 4946, 1603, 3628, 3287, 1964, 1086, 753, 2264, 3994, 3646, 1865, 2678, 1578, 1517, 2999, 2377, 2450, 1451, 3142, 4983, 2414, 3281, 1243, 3107, 1949, 3226, 2275, 1670, 2721, 1430, 3421, 1968, 7985, 2272, 1983, 5308, 2310, 3010, 2636, 3026, 7977, 2445, 2056, 3000, 2993, 6163, 2427, 3887, 4071, 2256, 4330, 2443, 2472, 2078, 1115, 5528, 2939, 10899, 2475, 4414, 3299, 2087, 2621, 1374, 3876, 2999, 2358, 2381, 3798, 876, 3278, 1061, 1107, 2842, 1649, 2603, 1741, 1409, 4089, 5332, 2113, 2182, 2211, 3242, 1481, 1247, 7797, 2653, 3276, 2359, 1926, 1275, 3382, 2976, 2268, 4571, 1516, 3276, 3017, 2033, 7450, 1718, 2192, 3029, 1593, 3226, 4256, 2710, 419, 3337, 3062, 3267, 1594, 1789, 1143, 3606, 2973, 1463, 4298, 2559, 4675, 4053, 2231, 3309, 2392, 8594, 2185, 3348, 3365, 2257, 10961, 3278, 2278, 8079, 2479, 1979, 1675, 2236, 1604, 1455, 3257, 3463, 2058, 5732, 2573, 3474, 4089, 2260, 2889)
(12, 57): Mean: 2734.716, median: 2384.5, std: 1671.122, percent: 2568.04, B: 186, W: 64, 
	(3896, 1586, 1823, 11712, 3015, 2368, 1598, 2049, 1245, 2693, 1930, 2308, 1492, 2781, 3801, 1492, 4851, 5228, 2381, 3490, 2016, 1203, 2334, 1301, 1988, 2331, 1409, 2988, 2208, 2388, 4243, 2395, 4103, 1331, 1271, 2626, 2188, 2503, 2460, 2577, 1295, 3132, 1798, 2718, 1747, 3325, 1698, 1247, 11916, 2102, 1063, 3092, 1730, 477, 2030, 6643, 893, 1086, 5047, 3157, 2325, 4942, 4086, 2772, 3005, 6277, 2290, 1149, 839, 3122, 1693, 4076, 2944, 2658, 2140, 2548, 1832, 1397, 1918, 1554, 1795, 1116, 3420, 1440, 1872, 2065, 1439, 950, 1748, 1742, 1749, 1119, 2830, 2562, 6474, 3379, 1405, 1261, 2755, 1039, 2633, 4118, 1681, 3041, 3021, 1962, 1096, 573, 2485, 3947, 3116, 1587, 2555, 1451, 1373, 2854, 2174, 2329, 1267, 2877, 5070, 2404, 2874, 881, 3137, 2034, 3225, 2111, 1498, 2405, 1552, 3226, 2048, 8462, 2416, 1899, 4800, 2393, 3288, 2720, 2810, 6559, 2717, 1831, 2992, 2516, 5622, 2506, 4254, 3812, 1738, 4173, 2101, 2353, 1774, 1099, 5088, 3253, 9336, 2256, 3600, 2944, 2012, 2460, 1296, 3275, 2882, 2133, 2192, 4120, 866, 2847, 1003, 1025, 3113, 1710, 2240, 1502, 1601, 4263, 3538, 1849, 2202, 2296, 2942, 1360, 1373, 8488, 2457, 3110, 2349, 1841, 1043, 2714, 2844, 2281, 4159, 1566, 3150, 2853, 2357, 6763, 1728, 2106, 2668, 1170, 3570, 3683, 2838, 505, 3644, 2752, 2751, 1609, 1734, 981, 3707, 2894, 1458, 3023, 2459, 4349, 4015, 1773, 3119, 2289, 6589, 2165, 3487, 3480, 2264, 10001, 3180, 1918, 7258, 2052, 1868, 1628, 2283, 1572, 1414, 2656, 3471, 1617, 5534, 2456, 3857, 3479, 2301, 2807)
(15, 72): Mean: 2703.788, median: 2342.5, std: 1668.356, percent: 2555.5, B: 144, W: 106, 
	(3515, 1462, 1793, 12350, 3445, 2254, 1444, 2374, 1302, 2687, 2122, 2472, 1413, 2656, 3592, 1360, 4532, 5416, 2727, 3958, 2071, 1176, 2320, 1336, 2033, 2287, 1447, 3249, 2539, 2287, 4136, 2711, 4202, 1555, 1247, 2656, 2048, 2830, 2645, 2886, 1321, 3131, 1612, 2618, 1735, 3084, 1817, 1243, 11891, 2344, 1112, 2602, 1834, 415, 2061, 6775, 841, 1023, 5603, 3104, 2439, 5653, 3354, 2918, 3341, 5270, 2229, 1305, 831, 2798, 1433, 4442, 2684, 2554, 1909, 2163, 1567, 1376, 2014, 1582, 1668, 1207, 3367, 1336, 1919, 2155, 1535, 803, 1670, 1764, 1602, 1087, 3034, 2341, 5832, 3308, 1501, 1207, 2708, 1159, 2290, 4224, 1507, 2874, 2609, 1995, 1176, 607, 2509, 4270, 3995, 1607, 2690, 1484, 1390, 2125, 2155, 2318, 1464, 2642, 4995, 2223, 3453, 830, 3606, 2368, 3272, 2091, 1328, 2414, 1484, 3556, 1928, 8303, 2196, 2040, 4765, 2352, 3086, 2751, 2691, 5782, 2995, 1591, 3024, 2708, 5519, 2200, 3725, 3815, 1811, 3403, 2033, 2190, 1772, 1036, 4850, 3172, 9888, 2192, 4258, 2498, 2272, 2836, 1293, 3484, 2815, 2284, 2032, 3759, 793, 3057, 968, 1008, 2434, 1540, 2577, 1695, 1316, 4405, 3667, 2127, 1978, 2014, 3421, 1357, 1153, 8192, 2280, 3646, 2661, 1720, 1014, 2683, 2561, 1991, 4188, 1631, 3626, 3117, 1864, 5764, 1848, 1801, 2504, 1174, 3401, 4370, 2552, 483, 3765, 2285, 2732, 1521, 1729, 766, 3837, 2373, 1356, 3250, 2412, 4060, 3258, 1766, 3379, 2393, 6448, 1878, 2819, 2836, 1824, 9589, 3529, 2101, 7479, 2031, 1970, 1532, 2136, 1506, 1530, 2340, 3248, 1578, 4421, 2592, 3459, 3678, 2524, 2770)
(16, 77): Mean: 2675.78, median: 2359.5, std: 1666.234, percent: 2544.86, B: 130, W: 119, 
	(4331, 1428, 2000, 13275, 3083, 2576, 1547, 2612, 1390, 3275, 1938, 2053, 1488, 2491, 3554, 1588, 4597, 5313, 2794, 3463, 2139, 1262, 2446, 1342, 2128, 2490, 1209, 3276, 2128, 2077, 4295, 2576, 4130, 1398, 1247, 2465, 1839, 2455, 2686, 2572, 1313, 3472, 1779, 2641, 1639, 3662, 1660, 1155, 8051, 2177, 1094, 2367, 1991, 474, 1861, 5856, 814, 904, 4315, 3131, 2608, 4904, 3254, 2434, 3969, 5777, 2416, 1200, 781, 2601, 1473, 4239, 2945, 2728, 1848, 1957, 1402, 1323, 2048, 1614, 1647, 1089, 3357, 1406, 1988, 2028, 1302, 906, 1683, 1874, 1622, 1120, 2938, 2379, 6290, 3607, 1364, 1301, 2175, 1357, 2511, 4470, 1681, 2851, 2581, 2007, 1127, 669, 2381, 4160, 3685, 1626, 2404, 1335, 1424, 2595, 2352, 2227, 1347, 2473, 5061, 2139, 2756, 814, 2655, 1947, 3245, 2076, 1496, 2451, 1566, 2939, 1745, 7772, 2140, 2056, 5001, 2267, 3119, 2585, 2616, 7032, 2181, 2002, 3482, 2293, 4084, 2238, 4105, 3636, 1824, 3913, 2097, 2509, 1629, 1090, 4918, 2830, 11395, 2573, 3792, 2752, 1965, 2228, 1204, 3396, 2754, 2126, 2135, 3237, 724, 2837, 903, 1029, 2421, 1803, 2422, 1617, 1307, 4482, 4218, 1871, 2147, 1933, 3294, 1388, 1215, 8083, 2367, 3001, 2646, 1615, 1163, 2667, 2595, 1981, 4817, 1644, 3262, 2920, 1854, 6698, 1619, 2025, 2635, 1247, 3219, 4348, 2671, 387, 3225, 3063, 2531, 1457, 1887, 874, 3634, 2528, 1513, 3445, 2334, 4702, 3196, 1774, 2823, 2508, 6222, 2076, 3126, 2795, 1889, 10855, 3738, 1697, 6584, 2103, 1762, 1756, 2155, 1548, 1327, 2591, 2959, 1512, 4786, 2342, 3706, 4036, 2160, 2613)
(18, 87): Mean: 2630.764, median: 2252.5, std: 1674.891, percent: 2502.68, B: 151, W: 97, 
	(3684, 1392, 1939, 13379, 3075, 2324, 1206, 2512, 1320, 2620, 1966, 2090, 1294, 2423, 3767, 1563, 4546, 4695, 2516, 3466, 1874, 1266, 2241, 1396, 2180, 2092, 1417, 2562, 1944, 1983, 3937, 2738, 4285, 1333, 1171, 2260, 1667, 1967, 2525, 2498, 1232, 3138, 1512, 2647, 1435, 3432, 1525, 1157, 8006, 2386, 1084, 2293, 1623, 554, 1939, 6554, 933, 1067, 4286, 3348, 2865, 5178, 3580, 2473, 3270, 5985, 2251, 1078, 673, 2823, 1585, 5020, 2810, 2023, 1703, 2243, 1568, 1321, 1855, 1355, 1498, 1174, 3886, 1372, 1893, 1832, 1331, 768, 1760, 1902, 1567, 1260, 2839, 2175, 6606, 3336, 1314, 1254, 2518, 1176, 2498, 4363, 1295, 2925, 2405, 2095, 1056, 558, 2340, 4006, 3685, 1547, 2534, 1386, 1383, 2544, 2240, 2131, 1228, 2677, 4788, 2129, 2274, 935, 3096, 1742, 2765, 1954, 1616, 2254, 1619, 2804, 1931, 6885, 2023, 1950, 4222, 2182, 2966, 2628, 2661, 7323, 2426, 1823, 2718, 2645, 4761, 2201, 3588, 3692, 1784, 4263, 2376, 2228, 1694, 1033, 4344, 2805, 11695, 2602, 4113, 2904, 1849, 2061, 1186, 3396, 3143, 2190, 2081, 3412, 685, 3099, 910, 842, 2373, 1475, 2205, 1648, 1360, 3621, 4788, 1997, 1876, 2143, 3560, 1296, 1073, 9065, 2380, 3063, 2264, 1494, 1082, 3298, 2505, 2111, 4096, 1535, 3887, 2721, 1887, 6238, 1542, 2021, 2547, 1182, 3212, 3523, 2434, 380, 2836, 2490, 2510, 1497, 1679, 869, 3274, 2654, 1364, 3414, 2048, 4351, 3389, 1837, 2770, 2266, 5995, 1944, 3198, 2707, 1988, 9972, 3634, 1825, 6347, 1960, 1732, 1577, 2085, 2745, 1373, 2625, 3540, 1572, 5817, 2433, 4096, 3690, 2418, 2712)
(19, 88): Mean: 2600.02, median: 2262.5, std: 1578.48, percent: 2442.8, B: 125, W: 125, 
	(3889, 1375, 2129, 12728, 3558, 2252, 1463, 2420, 1169, 2731, 1965, 2456, 1551, 2328, 3258, 1443, 4474, 5940, 2280, 3754, 1820, 1247, 2506, 1342, 2076, 2150, 1484, 3334, 2073, 1870, 3756, 2739, 4141, 1444, 1303, 2447, 1666, 2282, 2316, 2512, 1288, 3188, 1777, 2997, 1746, 3343, 1600, 1128, 8585, 2343, 1142, 2210, 1673, 518, 1761, 5730, 785, 915, 4337, 2821, 2559, 4156, 2894, 2407, 3486, 6239, 2042, 1214, 779, 2580, 1419, 4474, 3081, 2580, 2104, 2282, 1672, 1276, 2056, 1419, 1579, 1278, 3211, 1416, 1869, 1947, 1354, 803, 1737, 1696, 1681, 1087, 2651, 2283, 5238, 3609, 1373, 1346, 2653, 1216, 2532, 4208, 1567, 2784, 2938, 2245, 1038, 742, 2287, 3630, 3286, 1440, 2651, 1281, 1458, 2659, 2115, 2064, 1337, 2598, 4860, 2215, 2782, 958, 3095, 1969, 2785, 2195, 1313, 2309, 1499, 3230, 1892, 6505, 2144, 2065, 4557, 2027, 2841, 2225, 2926, 6432, 2557, 1716, 2838, 2232, 4789, 2366, 3369, 3511, 1769, 4303, 2373, 2306, 1747, 961, 4911, 3187, 9366, 2397, 3741, 2729, 2213, 2082, 1158, 3175, 2714, 2233, 2143, 3438, 801, 2916, 903, 899, 2108, 1605, 2151, 1681, 1294, 3708, 3598, 1893, 1816, 2354, 3374, 1169, 1226, 8988, 2045, 2826, 2235, 1584, 1046, 2661, 2692, 2273, 4266, 1423, 3241, 2965, 2038, 5632, 1629, 1757, 2837, 1237, 2854, 3818, 2546, 462, 3139, 2858, 2492, 1323, 1862, 754, 3411, 2211, 1358, 3178, 2107, 5025, 3536, 1827, 2854, 2338, 7514, 1876, 3679, 2582, 1851, 9569, 3432, 1715, 6188, 2125, 1746, 1416, 2122, 1641, 1227, 2463, 2930, 1453, 5385, 2477, 3262, 3220, 2229, 2767)
(21, 97): Mean: 2589.952, median: 2265.0, std: 1596.032, percent: 2420.18, B: 137, W: 112, 
	(4306, 1574, 1679, 12714, 3580, 2520, 1242, 2142, 1242, 2984, 1843, 2078, 1520, 2779, 3473, 1489, 4148, 5313, 2299, 3483, 1896, 1135, 2630, 1240, 2067, 2500, 1332, 2840, 2065, 2237, 3927, 2461, 3894, 1306, 1269, 2343, 1895, 2260, 2267, 2545, 1333, 3123, 1613, 2148, 1592, 3482, 1581, 1126, 8309, 2163, 1023, 2318, 1598, 542, 1646, 5978, 826, 886, 4391, 2915, 2773, 5422, 3015, 2520, 3134, 6487, 2115, 1135, 694, 2524, 1641, 4486, 2759, 2275, 1864, 2544, 1649, 1356, 2003, 1644, 1502, 1176, 3310, 1284, 1960, 1736, 1345, 859, 1762, 1836, 1562, 1003, 2889, 2077, 5740, 3137, 1210, 1263, 2266, 1013, 2568, 4534, 1372, 3122, 2374, 2126, 974, 420, 2509, 3595, 3101, 1535, 2655, 1218, 1338, 2659, 2264, 2165, 1346, 2468, 4463, 2131, 2364, 916, 2682, 1940, 2819, 1996, 1332, 2258, 1551, 2923, 1799, 7569, 2059, 2162, 4253, 2161, 2729, 2378, 2651, 6266, 2431, 1870, 2745, 2306, 4805, 2036, 3945, 3198, 1647, 3810, 2178, 2446, 2026, 973, 4724, 2971, 8978, 2193, 4318, 2563, 2197, 2235, 1215, 3115, 2628, 1992, 2188, 3488, 748, 3003, 858, 873, 2369, 1675, 2415, 1656, 1382, 3612, 3718, 2184, 1904, 2274, 3258, 1216, 1186, 8694, 2315, 3148, 2344, 1538, 1101, 3019, 2638, 2358, 4149, 1394, 2736, 3012, 2067, 6714, 1502, 1968, 2742, 1163, 2815, 3753, 2259, 441, 2901, 2606, 2611, 1447, 1706, 868, 3196, 2461, 1322, 3322, 2390, 4455, 3986, 1704, 2895, 2138, 7396, 1945, 3230, 2430, 1908, 9920, 3071, 1686, 6066, 2072, 1747, 1458, 2118, 1746, 1369, 3021, 3295, 1594, 5315, 2267, 3820, 3541, 2383, 2835)
(22, 101): Mean: 2533.396, median: 2187.5, std: 1553.005, percent: 2390.34, B: 148, W: 101, 
	(3844, 1263, 1807, 12692, 2670, 2101, 1248, 2203, 1175, 2575, 1828, 2133, 1316, 2510, 3736, 1483, 4600, 5244, 2071, 3629, 1707, 1120, 2307, 1282, 2373, 2012, 1115, 2743, 2013, 2172, 3979, 3360, 3863, 1593, 1212, 2645, 1704, 2547, 2554, 2597, 1327, 2888, 1604, 2357, 1699, 3294, 1611, 1227, 7508, 2291, 993, 2012, 1562, 371, 1807, 5573, 764, 1055, 4203, 3192, 2523, 4737, 3523, 2248, 3186, 5371, 2073, 1039, 676, 2961, 1503, 4229, 2995, 2372, 1864, 2148, 1638, 1331, 1866, 1504, 1432, 1147, 3283, 1394, 1643, 1775, 1400, 902, 1622, 1755, 1656, 938, 2438, 2047, 5577, 3306, 1366, 1224, 2297, 1115, 2240, 4504, 1386, 2891, 2465, 1980, 994, 478, 2036, 3436, 3422, 1429, 2289, 1221, 1481, 1951, 2160, 2013, 1280, 2557, 4250, 1874, 2486, 1012, 3068, 1730, 2761, 1871, 1314, 2347, 1377, 3163, 2245, 7035, 2019, 1677, 4665, 2521, 2778, 2659, 2742, 6216, 2692, 1572, 2235, 2634, 4301, 1929, 3076, 3554, 1592, 3446, 1980, 2240, 1748, 857, 5357, 2889, 8430, 2307, 3696, 2577, 1917, 2025, 1122, 3059, 2658, 2095, 2226, 3001, 807, 2662, 878, 1001, 2150, 1888, 2011, 1520, 1210, 3679, 4248, 1997, 1836, 2271, 2824, 1203, 1091, 9560, 1999, 3227, 2360, 1615, 976, 2825, 2496, 2137, 4392, 1499, 3037, 2676, 1967, 5080, 1449, 1819, 2694, 1046, 3101, 3473, 2059, 425, 2971, 2923, 3267, 1380, 1683, 895, 3358, 2654, 1646, 3327, 2039, 4994, 3530, 1757, 3229, 2238, 6553, 1697, 3312, 2903, 1557, 9865, 3582, 1939, 5598, 2262, 1643, 1582, 2058, 1555, 1201, 2309, 3075, 1445, 5604, 2816, 3666, 3109, 2284, 2949)
(23, 104): Mean: 2313.556, median: 2012.5, std: 1379.291, percent: 2209.24, B: 196, W: 54, 
	(2936, 1317, 1647, 11092, 3057, 2016, 1323, 2015, 1042, 2667, 1776, 1819, 1275, 2192, 3687, 1230, 3914, 4348, 1863, 2978, 1621, 1099, 2011, 1267, 1924, 2014, 1181, 2407, 1939, 2055, 3819, 2442, 3508, 1398, 985, 2145, 1742, 2098, 2277, 2787, 1266, 2691, 1446, 2478, 1755, 2997, 1404, 1111, 7176, 1850, 941, 1889, 1356, 524, 1731, 5209, 690, 986, 3615, 2739, 2277, 4705, 2788, 2223, 3256, 4697, 1994, 977, 604, 2368, 1362, 4827, 2256, 2157, 1822, 2103, 1559, 1116, 1932, 1277, 1443, 971, 2837, 1216, 1746, 1920, 1325, 737, 1446, 1572, 1378, 901, 2785, 2233, 5508, 2580, 1373, 1080, 2068, 1001, 2349, 4050, 1287, 2885, 2681, 1678, 1057, 484, 1823, 3287, 2720, 1344, 2409, 1266, 1198, 1701, 2145, 2232, 1068, 2416, 4540, 1707, 2182, 984, 2644, 1857, 2271, 1533, 1183, 2249, 1625, 2722, 1554, 5681, 2059, 1672, 4506, 2159, 2666, 2478, 2352, 6277, 1911, 1330, 2407, 2317, 4657, 2056, 3538, 3057, 1577, 3562, 1954, 1924, 1455, 901, 4028, 2670, 7460, 2296, 3197, 2206, 1577, 1727, 1178, 3039, 2262, 1998, 1766, 2826, 758, 2441, 816, 869, 2213, 1405, 1908, 1420, 1216, 3888, 3686, 1678, 1911, 2023, 2931, 1034, 1255, 7072, 2111, 2569, 2126, 1478, 882, 2362, 2318, 1985, 4267, 1470, 2625, 2512, 1633, 4604, 1485, 1700, 2235, 1068, 2896, 3203, 2063, 499, 2623, 2211, 1827, 1366, 1596, 659, 2713, 2170, 1256, 2912, 1810, 3447, 3416, 1644, 3093, 1937, 5433, 1762, 2468, 2752, 1403, 9176, 3616, 1705, 5908, 1847, 1525, 1505, 1980, 1547, 1110, 1967, 2765, 1337, 4653, 2262, 3604, 3144, 1965, 2616)
(24, 110): Mean: 2259.284, median: 1953.5, std: 1383.141, percent: 2158.02, B: 157, W: 92, 
	(3221, 1250, 1579, 11096, 2584, 2069, 1232, 1817, 1000, 2162, 1579, 1937, 1197, 2284, 3499, 1375, 3300, 3793, 2154, 3164, 1735, 995, 1993, 1114, 1863, 1826, 1177, 2248, 1917, 1846, 3642, 2343, 3421, 1207, 930, 2000, 1534, 1892, 2301, 2045, 1031, 2524, 1310, 2269, 1129, 2698, 1415, 1017, 7905, 2068, 875, 1845, 1339, 606, 1480, 4778, 673, 1015, 3607, 2881, 1987, 4226, 2879, 2186, 2905, 4336, 2105, 1027, 653, 2280, 1379, 3752, 2332, 2099, 1851, 2087, 1387, 1146, 1777, 1503, 1382, 998, 2961, 1159, 1522, 1760, 1208, 721, 1312, 1443, 1399, 1010, 2422, 1929, 4463, 2773, 1244, 1037, 1960, 894, 2129, 3441, 1351, 2752, 2485, 1443, 1091, 423, 2152, 3006, 2912, 1174, 2091, 1177, 1119, 2584, 1822, 1950, 1133, 2398, 5330, 1853, 2143, 718, 2468, 1701, 2618, 1903, 1241, 2380, 1272, 2587, 1535, 6019, 1876, 1668, 3729, 1694, 2718, 2063, 2196, 6621, 1995, 1679, 2738, 2144, 4000, 1911, 3523, 3389, 1584, 3892, 1920, 1943, 1631, 928, 4119, 2539, 8206, 1936, 3116, 2792, 1816, 1727, 1116, 2783, 2573, 1883, 1990, 2772, 668, 2353, 749, 796, 1997, 1514, 2063, 1474, 1068, 3493, 4408, 1651, 1638, 1888, 3155, 1206, 952, 7671, 1777, 2589, 1871, 1428, 911, 2379, 2112, 1980, 5023, 1403, 2787, 2639, 1670, 5024, 1510, 1693, 2076, 1142, 2150, 3029, 1913, 509, 2587, 2461, 2290, 1290, 1462, 734, 2578, 2093, 1226, 3416, 1957, 4761, 3113, 1681, 2990, 1835, 5414, 1602, 2808, 2328, 1574, 7794, 3462, 1652, 5727, 1852, 1547, 1463, 1975, 1267, 1116, 2048, 2514, 1317, 4177, 2278, 3402, 2506, 1961, 2313)
(33, 163): Mean: 2226.108, median: 1949.0, std: 1275.871, percent: 2165.8, B: 142, W: 107, 
	(2705, 1160, 1583, 9571, 2585, 1985, 1238, 1797, 1179, 2306, 1545, 1881, 1399, 2089, 3296, 1342, 3448, 4129, 2271, 3087, 1608, 1019, 2053, 1241, 2073, 1792, 1048, 3515, 1884, 1844, 3499, 2647, 3288, 1192, 1009, 1871, 1655, 1945, 2378, 2144, 1159, 2454, 1421, 2215, 1268, 3059, 1288, 995, 6810, 1937, 859, 1981, 1269, 844, 1884, 4797, 688, 965, 3551, 2890, 1982, 3519, 2779, 2179, 2601, 5463, 2007, 1018, 574, 2793, 1362, 4080, 2912, 2036, 1708, 2009, 1377, 1094, 1608, 1312, 1365, 1069, 4034, 1458, 1438, 1619, 1247, 628, 1422, 1445, 1331, 1036, 2096, 1971, 4482, 2679, 1180, 1072, 2145, 925, 2071, 3650, 1298, 2471, 2562, 1606, 1058, 586, 1680, 2686, 2931, 1123, 2088, 1239, 1239, 2007, 1836, 2288, 1051, 2857, 4009, 1749, 1985, 973, 2692, 1576, 2469, 1685, 1183, 2147, 1353, 2901, 1515, 6574, 1813, 1522, 3627, 1836, 2710, 2090, 2658, 4666, 1926, 1420, 2903, 2552, 3719, 1642, 3431, 2685, 1460, 3427, 1881, 2086, 1736, 908, 3733, 2508, 7837, 2297, 2871, 2038, 1953, 1719, 1231, 2716, 2264, 1790, 2027, 2726, 683, 2266, 793, 779, 1910, 1397, 1803, 1542, 1033, 3379, 3360, 1878, 1923, 1745, 2906, 1220, 1018, 7698, 2193, 2709, 1871, 1422, 886, 2110, 2926, 1764, 3779, 1555, 3053, 2494, 1672, 5121, 1427, 1663, 2116, 939, 2678, 3183, 2026, 484, 2990, 2087, 2146, 1366, 1400, 765, 2617, 1995, 1096, 3389, 1864, 4299, 3224, 1448, 2485, 1660, 5036, 1488, 2454, 2359, 1458, 6946, 3464, 1453, 4729, 1776, 1641, 1590, 2020, 1320, 1351, 2152, 3032, 1209, 5438, 2098, 3273, 2497, 1748, 2524)
(34, 169): Mean: 2245.632, median: 1936.0, std: 1345.122, percent: 2146.72, B: 130, W: 119, 
	(2820, 1192, 2010, 10264, 2317, 1897, 1054, 2026, 1121, 2001, 1643, 1981, 1326, 2078, 3262, 1202, 3941, 3418, 2344, 2863, 1495, 1024, 1841, 1096, 1929, 1635, 1114, 2524, 2010, 1616, 3960, 2399, 3281, 1490, 955, 1966, 1424, 1983, 2409, 2614, 1062, 2657, 1382, 2531, 1330, 2876, 1410, 1242, 8516, 2179, 858, 1857, 1340, 540, 1681, 5259, 689, 918, 3385, 2646, 2100, 3839, 2584, 2255, 3045, 5090, 1883, 942, 570, 2533, 1203, 4026, 2714, 1911, 1768, 2238, 1231, 1041, 1603, 1149, 1553, 977, 2665, 1337, 1450, 1567, 1288, 869, 1443, 1466, 1368, 1087, 2468, 1815, 4430, 2744, 1142, 1235, 2140, 790, 1942, 3590, 1422, 3557, 2250, 1514, 1165, 697, 2116, 3100, 2835, 1116, 1886, 1062, 1305, 1932, 1843, 2363, 1159, 2316, 4294, 1810, 1836, 948, 2759, 1584, 2360, 1917, 1100, 2084, 1268, 2478, 1596, 6350, 1882, 1450, 4250, 1816, 2344, 2230, 3708, 5109, 2156, 1521, 2903, 2422, 4633, 1654, 4743, 2872, 1490, 3626, 1854, 1733, 1506, 938, 4430, 2813, 7173, 1942, 3055, 2388, 1679, 1940, 1117, 2692, 2815, 1722, 1777, 2395, 666, 2619, 984, 983, 1946, 1362, 1714, 1390, 1108, 3365, 3714, 1683, 1662, 1927, 2714, 1085, 750, 6454, 2090, 2713, 1997, 1475, 1232, 2207, 2392, 2111, 4258, 1308, 2469, 3169, 1658, 4989, 1466, 1453, 2080, 1046, 2649, 2882, 2160, 447, 2576, 2320, 2152, 1169, 1655, 688, 2625, 1872, 1371, 3205, 1940, 3318, 3264, 1426, 2476, 1827, 6067, 1772, 2344, 2434, 1613, 8878, 3372, 1692, 4873, 2506, 1570, 1446, 2297, 1327, 1300, 1847, 2199, 1139, 4187, 2089, 3087, 3132, 1792, 2410)
(39, 196): Mean: 2147.252, median: 1878.0, std: 1314.905, percent: 2055.76, B: 159, W: 90, 
	(2783, 1216, 1614, 12139, 2432, 1874, 1230, 1806, 1104, 2421, 1650, 1811, 1269, 2208, 3524, 1103, 3345, 3735, 1967, 3033, 1499, 1040, 1996, 1062, 1946, 1882, 1057, 2284, 1705, 1722, 2983, 2621, 3592, 1300, 1110, 2271, 1618, 1664, 2023, 2185, 1052, 2392, 1298, 1768, 1117, 2544, 1326, 1135, 6209, 1954, 833, 1886, 1316, 411, 1633, 4801, 720, 1100, 3400, 2777, 2048, 4637, 2321, 2027, 2348, 5281, 1836, 1024, 587, 2675, 1198, 3543, 2262, 2005, 1669, 1692, 1525, 954, 1633, 1149, 1418, 1000, 2809, 1123, 1528, 1584, 1127, 690, 1368, 1484, 1341, 1031, 2616, 2142, 5022, 2302, 1140, 1104, 1713, 677, 2054, 3563, 1201, 2118, 2182, 1615, 1099, 543, 1882, 2727, 2602, 1056, 2008, 1028, 1256, 1741, 1699, 1962, 1066, 2225, 4123, 1720, 2164, 927, 2635, 1542, 2550, 1573, 1010, 1783, 1125, 2591, 1788, 6467, 1793, 1520, 3448, 1708, 2419, 2110, 2207, 4852, 2143, 1261, 2316, 2196, 4074, 1853, 3161, 3028, 1461, 3237, 2036, 2001, 1426, 775, 3743, 2277, 8163, 2100, 3372, 1947, 1732, 1582, 1056, 2611, 2305, 1709, 1518, 3050, 677, 2530, 688, 738, 2023, 1245, 1933, 1262, 1025, 3313, 3489, 1443, 1707, 1819, 2443, 1147, 864, 6238, 1823, 3007, 2123, 1477, 951, 2417, 2223, 2085, 3497, 1241, 2859, 2519, 1845, 4031, 1502, 1432, 2265, 978, 2584, 3352, 2085, 386, 2600, 2629, 2073, 1193, 1486, 664, 2564, 2121, 1254, 2940, 1730, 4096, 3012, 1412, 2630, 1721, 5076, 1535, 2640, 2492, 1500, 6690, 2645, 1717, 6084, 1680, 1565, 1204, 1988, 1268, 1021, 2033, 2456, 1157, 3970, 1965, 3039, 2666, 1843, 2244)
(40, 198): Mean: 2141.484, median: 1849.5, std: 1298.977, percent: 2033.86, B: 126, W: 120, 
	(2369, 1084, 1492, 10078, 2485, 1998, 1136, 1828, 1016, 2575, 1451, 1761, 1162, 2131, 2878, 1132, 3946, 3171, 1948, 2449, 1513, 1006, 1850, 1020, 1865, 1895, 1141, 2016, 1849, 1692, 3304, 2391, 3388, 1064, 1036, 1986, 1395, 1740, 2151, 2038, 1123, 2670, 1343, 2132, 1242, 2690, 1342, 1099, 5826, 1750, 835, 1927, 1238, 468, 1521, 5744, 601, 915, 3293, 2581, 2049, 4233, 2609, 2126, 2489, 4696, 1674, 945, 622, 2460, 1267, 4030, 2194, 1824, 1572, 1846, 1396, 1049, 1633, 1157, 1216, 1059, 2889, 1142, 1405, 1571, 1033, 684, 1417, 1378, 1440, 808, 2233, 1997, 5298, 2696, 1100, 1054, 2022, 834, 2189, 3256, 1277, 2774, 2103, 1673, 907, 513, 1812, 2937, 2644, 1368, 1924, 1107, 1220, 1977, 1773, 1787, 1059, 2411, 4070, 1669, 2056, 914, 2413, 1621, 2170, 1605, 1104, 2072, 1464, 2217, 1583, 5515, 2015, 1477, 5168, 1707, 2691, 2152, 2140, 5757, 2232, 1528, 2314, 2196, 4240, 1814, 3280, 2963, 1359, 3544, 1797, 1789, 1380, 830, 4362, 2321, 7482, 1967, 3553, 2119, 1670, 1658, 965, 2888, 2311, 1594, 1842, 2769, 687, 2584, 728, 719, 1753, 1340, 1788, 1262, 945, 2778, 4003, 1742, 1746, 1855, 2494, 1028, 834, 7108, 1850, 2524, 1753, 1411, 849, 2538, 2191, 1897, 3492, 1376, 2938, 2238, 1845, 3815, 1440, 1508, 2514, 1024, 2171, 3028, 1899, 390, 2236, 2240, 1901, 1167, 1499, 497, 2742, 1890, 1295, 3250, 1739, 3136, 3539, 1382, 3024, 1814, 5596, 1553, 2956, 2039, 1398, 8555, 2756, 1604, 4809, 1847, 1554, 1205, 1899, 1259, 1213, 1914, 2795, 1276, 4094, 2127, 3358, 2732, 1886, 2535)
(42, 208): Mean: 2051.844, median: 1758.5, std: 1261.202, percent: 1978.6, B: 171, W: 78, 
	(2412, 1134, 1340, 9859, 2617, 1678, 1048, 1639, 929, 1676, 1513, 1533, 1322, 2105, 3005, 1107, 3262, 3419, 1947, 2545, 1446, 874, 1921, 1040, 1717, 1802, 1107, 2279, 1675, 1562, 3386, 2568, 3586, 1194, 968, 2169, 1442, 1708, 2083, 1624, 1026, 2103, 1336, 2107, 1083, 2742, 1220, 953, 7723, 1864, 825, 1680, 1264, 390, 1633, 4641, 629, 620, 2989, 2624, 1896, 3703, 2580, 1824, 2215, 3747, 1864, 861, 625, 2164, 1175, 3568, 2194, 1920, 1525, 1908, 1401, 1035, 1588, 1135, 1251, 875, 2527, 1162, 1453, 1316, 1069, 638, 1366, 1572, 1250, 840, 2142, 1970, 4516, 2452, 1064, 1033, 1830, 854, 1961, 3486, 1127, 2463, 1976, 1463, 836, 421, 1662, 2975, 2768, 1186, 2091, 996, 1113, 1727, 1762, 1824, 945, 1943, 4493, 1732, 1957, 751, 2347, 1509, 2184, 1663, 1047, 1671, 1100, 2299, 1516, 5620, 1845, 1444, 4904, 1755, 2239, 2052, 2109, 5014, 2118, 1413, 2201, 1906, 4176, 1691, 2976, 3040, 1388, 2852, 1659, 1878, 1390, 718, 4010, 2377, 7162, 1691, 3312, 2088, 1613, 1505, 926, 2658, 2219, 1708, 1493, 2944, 650, 2291, 717, 795, 1751, 1380, 1589, 1389, 951, 3783, 3090, 1463, 1732, 1795, 2418, 946, 922, 6439, 1787, 2315, 1822, 1406, 744, 2443, 2131, 1766, 3130, 1210, 2926, 2248, 1734, 4453, 1378, 1411, 2290, 938, 2544, 2997, 1753, 353, 2415, 2413, 1937, 1204, 1530, 579, 2404, 1886, 1054, 3036, 1882, 3599, 2860, 1338, 2715, 1577, 5701, 1468, 2497, 2451, 1342, 7642, 3277, 1518, 4596, 1774, 1432, 1189, 1835, 1080, 1109, 2018, 2358, 1100, 4227, 1824, 2870, 2437, 1604, 2414)
(43, 212): Mean: 1972.2, median: 1697.5, std: 1241.597, percent: 1857.22, B: 170, W: 80, 
	(2715, 986, 1470, 9388, 2307, 1801, 998, 1494, 860, 2273, 1343, 1743, 1019, 1758, 2783, 1062, 4671, 3505, 1978, 2726, 1473, 876, 1895, 1039, 1900, 1464, 952, 2105, 1679, 1547, 3246, 1953, 3088, 1076, 853, 1841, 1210, 1608, 1988, 1990, 945, 2195, 1290, 1956, 996, 2526, 1256, 922, 6170, 1991, 884, 1701, 1100, 303, 1461, 5047, 616, 655, 3203, 2703, 1818, 3730, 2449, 1869, 2163, 4811, 1679, 966, 522, 2169, 1118, 3305, 2105, 1519, 1502, 1897, 1277, 981, 1671, 1146, 1183, 972, 2441, 1044, 1491, 1263, 1042, 658, 1240, 1268, 1124, 701, 2321, 1619, 4688, 2607, 1012, 991, 1605, 724, 1838, 3429, 1212, 2361, 2055, 1561, 814, 356, 1612, 3452, 2227, 1124, 1857, 978, 958, 1350, 1694, 1721, 988, 1972, 4187, 1647, 1842, 732, 1926, 1383, 2079, 1499, 1011, 1756, 1110, 2050, 1327, 5682, 1880, 1473, 3781, 1679, 2436, 1774, 2328, 5234, 1799, 1326, 1755, 2020, 3166, 1684, 2490, 2443, 1396, 3246, 1465, 1844, 1327, 696, 3605, 2976, 7549, 1635, 2975, 2034, 1549, 1571, 891, 2302, 2233, 1736, 1468, 2467, 605, 2379, 696, 665, 1719, 1394, 1788, 1283, 990, 3152, 2771, 1417, 1615, 1310, 2411, 894, 765, 6371, 1754, 2612, 1721, 1485, 745, 2123, 1917, 2068, 3412, 1126, 2481, 2322, 1463, 3980, 1312, 1311, 1739, 943, 2639, 2623, 1476, 308, 1894, 1900, 1753, 1147, 1446, 582, 2496, 1849, 972, 2971, 1679, 3351, 2859, 1435, 2307, 1551, 4465, 1377, 2094, 2391, 1195, 8403, 2794, 1416, 4954, 1688, 1642, 1098, 1804, 1091, 981, 1686, 2814, 1082, 3921, 2025, 2609, 2270, 1632, 2344)
(45, 222): Mean: 1984.84, median: 1721.0, std: 1305.169, percent: 1834.78, B: 125, W: 124, 
	(2605, 1040, 1450, 10378, 2420, 1636, 1011, 1677, 830, 2382, 1609, 1581, 967, 1924, 3021, 1121, 2806, 4085, 1794, 2627, 1277, 891, 1929, 1075, 1658, 1480, 1036, 1887, 1552, 1387, 3402, 2111, 2682, 1050, 774, 1949, 1265, 1640, 1957, 1706, 925, 2279, 1498, 1782, 1164, 2775, 1236, 852, 7602, 1757, 739, 1726, 1107, 327, 1396, 4921, 631, 801, 3051, 2226, 1802, 4926, 2336, 1901, 2482, 4668, 1412, 960, 537, 2366, 1023, 3932, 2025, 1559, 1439, 1745, 1157, 960, 1670, 1136, 1189, 905, 2285, 1042, 1455, 1293, 1025, 594, 1176, 1481, 1191, 700, 2339, 1622, 4680, 2688, 978, 951, 1726, 737, 2005, 3785, 1208, 2452, 2110, 1481, 832, 315, 1581, 2672, 2352, 1170, 1974, 951, 1032, 1234, 1738, 1547, 965, 1992, 3471, 1721, 1837, 530, 2084, 1388, 2080, 1546, 1044, 1655, 1040, 2273, 1325, 4336, 1963, 1415, 3378, 1661, 2375, 1685, 2388, 4252, 1977, 1221, 2380, 2086, 3356, 1532, 2777, 1998, 1419, 3420, 1492, 1856, 1408, 682, 3471, 2222, 9004, 1741, 2880, 1945, 1749, 1625, 815, 2082, 2245, 1687, 1450, 2469, 564, 2257, 687, 636, 2052, 1277, 1668, 1151, 865, 2953, 3394, 1625, 1734, 1630, 2643, 902, 778, 6658, 1897, 2299, 1721, 1331, 797, 2261, 2026, 1956, 4014, 1091, 2629, 1900, 1942, 4150, 1376, 1382, 2144, 881, 2053, 2555, 3522, 339, 2437, 1923, 1743, 1011, 1451, 523, 2698, 1826, 980, 2173, 1660, 3202, 2656, 1294, 2337, 1617, 4191, 1439, 2263, 2178, 1132, 8167, 2637, 1663, 5004, 1536, 1471, 996, 1855, 1244, 952, 1725, 2626, 1144, 4851, 2090, 2602, 2841, 1793, 2147)
(48, 235): Mean: 1935.56, median: 1656.0, std: 1167.195, percent: 1840.02, B: 133, W: 116, 
	(2648, 853, 1365, 8134, 2113, 1825, 1036, 1591, 863, 2043, 1483, 1819, 1025, 1977, 3511, 1049, 3377, 3528, 1652, 2649, 1485, 838, 1869, 1038, 1664, 1701, 872, 1850, 1644, 1620, 3130, 2176, 3109, 1083, 840, 2175, 1446, 1855, 2016, 1948, 942, 2435, 1461, 2054, 986, 2578, 1328, 960, 6735, 1774, 725, 1599, 1247, 263, 1463, 4449, 485, 597, 3098, 2401, 1720, 3814, 2651, 1626, 2507, 3947, 1730, 982, 550, 2235, 1079, 3906, 2135, 1717, 1450, 1781, 1093, 872, 1609, 1146, 1150, 895, 2665, 930, 1516, 1325, 1051, 561, 1186, 1328, 1194, 863, 2189, 1669, 5728, 2828, 916, 1051, 1675, 839, 1858, 3356, 1068, 2551, 1894, 1410, 787, 305, 1467, 2714, 2099, 972, 1711, 1033, 983, 1592, 1592, 1621, 906, 2255, 3326, 1554, 1721, 767, 1854, 1368, 2049, 1536, 1136, 1660, 1026, 2376, 1345, 4589, 1793, 1352, 3115, 1584, 2228, 1816, 2043, 4539, 2097, 1245, 1871, 2029, 3048, 1485, 2339, 2309, 1327, 2722, 1574, 1707, 1404, 714, 3648, 2248, 7641, 1800, 3003, 1850, 1486, 1555, 789, 2760, 1763, 1636, 1419, 2595, 576, 2302, 682, 623, 1547, 1394, 1605, 1166, 921, 2964, 3004, 1504, 1689, 1474, 2244, 902, 803, 6592, 1892, 2638, 1603, 1260, 700, 2406, 2188, 1928, 3337, 1202, 2534, 2167, 1361, 4483, 1506, 1358, 2432, 811, 2302, 2828, 1547, 334, 1963, 1863, 1723, 1190, 1432, 491, 2517, 1563, 1052, 2911, 1607, 3431, 2661, 1171, 2727, 1487, 4457, 1598, 2633, 2243, 1378, 6804, 2605, 1593, 4725, 1541, 1466, 1022, 1688, 1012, 978, 1940, 2169, 1105, 3794, 2061, 2710, 2399, 1529, 2238)
(49, 237): Mean: 1939.528, median: 1678.5, std: 1242.645, percent: 1805.72, B: 141, W: 109, 
	(3154, 933, 1371, 10288, 2421, 1604, 904, 1575, 816, 2257, 1460, 1444, 1017, 1813, 2942, 981, 3221, 3876, 1710, 2631, 1404, 836, 1846, 1063, 1678, 1531, 967, 2205, 1679, 1568, 3046, 2216, 3451, 971, 872, 2047, 1279, 1659, 1966, 1796, 841, 2399, 1234, 1950, 834, 2699, 1174, 1013, 7508, 1702, 752, 1527, 1291, 277, 1386, 4879, 602, 727, 3003, 2089, 1825, 4403, 2521, 1739, 2132, 4155, 1486, 845, 536, 2183, 1232, 2941, 2521, 1781, 1366, 1798, 1208, 860, 1485, 1139, 1144, 943, 2277, 990, 1368, 1197, 956, 568, 1319, 1251, 1103, 762, 2106, 1681, 4000, 2672, 910, 1001, 1807, 736, 1877, 3851, 1148, 1896, 1854, 1563, 762, 432, 1566, 3046, 2407, 953, 1833, 1046, 1033, 1372, 1493, 1632, 828, 2201, 3041, 1538, 2040, 601, 2254, 1366, 2594, 1360, 1073, 1707, 1306, 1988, 1315, 5134, 1704, 1304, 2873, 1594, 2094, 1637, 2105, 4442, 1780, 1224, 2086, 2032, 3491, 1654, 2995, 2067, 1385, 3692, 1517, 2097, 1251, 667, 2945, 2239, 8387, 1779, 3044, 1821, 1773, 1904, 890, 2702, 2129, 1593, 1450, 2437, 557, 2574, 657, 740, 1804, 1296, 1679, 1193, 880, 2376, 2763, 1435, 1624, 1597, 2561, 922, 913, 5656, 1805, 2223, 1462, 1457, 766, 2448, 1968, 1847, 3938, 1166, 2440, 2013, 1380, 4395, 1314, 1287, 2088, 925, 2162, 2635, 1815, 243, 2055, 2035, 1590, 1174, 1309, 509, 2387, 1796, 935, 2197, 1564, 3873, 2864, 1248, 2520, 1470, 5053, 1402, 2296, 2161, 1330, 6668, 2399, 1637, 5002, 1598, 1437, 1057, 1618, 1148, 1025, 1833, 2153, 968, 3804, 1889, 2598, 2878, 1697, 2475)
(50, 241): Mean: 1949.968, median: 1670.0, std: 1282.075, percent: 1840.34, B: 121, W: 125, 
	(2561, 1085, 1320, 10872, 2401, 1663, 959, 1505, 910, 2032, 1398, 1684, 946, 1869, 3078, 919, 3025, 3306, 1776, 2584, 1335, 835, 1687, 963, 1734, 1416, 966, 2205, 1715, 1515, 3076, 2302, 2927, 1020, 829, 1857, 1455, 1614, 2084, 1751, 926, 2181, 1223, 1818, 967, 2760, 1255, 904, 7472, 1679, 736, 1690, 1118, 304, 1447, 4773, 557, 664, 2918, 1817, 1721, 4378, 2524, 1859, 2125, 4082, 1520, 880, 509, 1990, 1268, 3169, 2239, 1539, 1454, 1677, 1023, 852, 1485, 1078, 1253, 908, 2551, 1107, 1441, 1190, 952, 530, 1199, 1248, 1156, 709, 2168, 1662, 4308, 2581, 928, 999, 1771, 899, 1719, 4490, 1205, 2244, 1958, 1446, 765, 366, 1471, 2761, 2776, 1002, 1871, 961, 928, 1215, 1567, 1473, 873, 1759, 4158, 1547, 1849, 631, 1852, 1328, 2261, 1277, 1203, 1825, 1135, 2480, 1315, 5253, 1841, 1515, 3442, 1369, 2255, 1804, 2410, 4978, 1765, 1231, 2335, 1817, 3689, 1788, 2858, 2299, 1438, 2996, 1609, 2047, 1411, 763, 3150, 2298, 8437, 1957, 3310, 2145, 1776, 1569, 836, 2055, 2144, 1685, 1379, 2524, 541, 2347, 704, 689, 1623, 1328, 1556, 1248, 853, 3115, 2914, 1429, 1575, 1626, 2373, 922, 799, 6208, 1678, 2179, 1659, 1285, 764, 1955, 2069, 2037, 3305, 1131, 2639, 2213, 1241, 4653, 1361, 1212, 1872, 931, 2087, 2982, 1803, 278, 2084, 2314, 1596, 1080, 1405, 619, 2806, 1653, 886, 2361, 1571, 3888, 2548, 1299, 2596, 1639, 5007, 1420, 2235, 2191, 1413, 6381, 3125, 1719, 5531, 1654, 1441, 1103, 1614, 1067, 1005, 1840, 2229, 1156, 3912, 1915, 2500, 2710, 1570, 2016)
(51, 245): Mean: 1824.928, median: 1593.0, std: 1090.157, percent: 1742.74, B: 174, W: 76, 
	(2104, 993, 1345, 8109, 1982, 1517, 1070, 1494, 952, 1703, 1346, 1477, 984, 1813, 3207, 910, 2826, 3138, 1728, 2811, 1139, 664, 1743, 1061, 1667, 1517, 913, 1811, 1545, 1329, 2981, 2024, 3211, 999, 747, 1802, 1165, 1473, 1867, 1668, 890, 1948, 1271, 1587, 1069, 2474, 1159, 876, 5854, 1658, 682, 1507, 1121, 335, 1471, 4344, 585, 573, 2721, 2184, 1860, 3623, 2184, 1697, 2169, 3829, 1481, 815, 549, 2202, 1026, 2625, 1920, 1743, 1504, 1739, 1121, 824, 1594, 954, 1161, 818, 2124, 1011, 1324, 1195, 933, 557, 1185, 1392, 1095, 566, 1993, 1610, 4423, 2393, 882, 918, 1638, 621, 1729, 3546, 1147, 2443, 1776, 1293, 738, 316, 1537, 2579, 2265, 1017, 2096, 921, 987, 1728, 1608, 1545, 818, 1864, 3422, 1404, 1832, 676, 1979, 1364, 1854, 1309, 1038, 1594, 1045, 1996, 1413, 5663, 1637, 1323, 3481, 1506, 2123, 1797, 2008, 4139, 1766, 1274, 2073, 1711, 3402, 1577, 2588, 1999, 1373, 2872, 1384, 1606, 1201, 614, 3221, 2486, 7214, 1425, 2731, 1762, 1511, 1326, 742, 2232, 1662, 1561, 1491, 2614, 575, 2056, 669, 682, 1502, 1201, 1411, 1134, 932, 2474, 2839, 1296, 1653, 1568, 2218, 882, 795, 5406, 1551, 2449, 1540, 1277, 716, 2284, 1707, 1636, 3635, 1062, 2471, 2151, 1592, 4070, 1294, 1097, 1970, 868, 2662, 2827, 1482, 277, 1952, 2527, 1695, 904, 1230, 505, 2301, 1766, 833, 2524, 1803, 3865, 2521, 1237, 2824, 1501, 4793, 1255, 2222, 1813, 1239, 5142, 2506, 1558, 4602, 1582, 1357, 1035, 1619, 1076, 956, 1763, 2423, 984, 3538, 1753, 2557, 2342, 1602, 2200)
(52, 251): Mean: 1816.984, median: 1561.0, std: 1129.103, percent: 1691.98, B: 126, W: 122, 
	(2311, 969, 1391, 9597, 2139, 1638, 929, 1372, 811, 1714, 1390, 1565, 979, 1738, 2420, 1042, 2945, 3313, 1496, 2575, 1181, 824, 1813, 978, 1648, 1406, 907, 1800, 1584, 1505, 3267, 2060, 2703, 977, 890, 1835, 1129, 1531, 1915, 1677, 865, 2365, 1220, 1669, 903, 2548, 1365, 818, 6949, 1573, 746, 1597, 1047, 386, 1274, 4651, 548, 584, 2999, 2070, 1842, 4648, 2188, 1669, 1929, 3820, 1434, 900, 549, 1867, 967, 2800, 1964, 1688, 1447, 1534, 1243, 836, 1752, 1012, 1109, 949, 2098, 1004, 1384, 1155, 927, 596, 1218, 1186, 1090, 886, 2100, 1481, 3566, 2254, 956, 848, 1579, 811, 1659, 3487, 1189, 2166, 1810, 1525, 695, 406, 1568, 2586, 2330, 933, 1978, 1014, 936, 1424, 1530, 1597, 947, 1683, 3092, 1407, 1729, 555, 2004, 1466, 1999, 1432, 1081, 1500, 1094, 1913, 1268, 4717, 1518, 1323, 3423, 1439, 2167, 1674, 1995, 4676, 1630, 1360, 1848, 2109, 2901, 1534, 2867, 2091, 1344, 2961, 1491, 1775, 1378, 646, 3284, 2509, 7490, 1622, 2900, 1636, 1524, 1331, 809, 2151, 2167, 1551, 1522, 2270, 525, 2074, 649, 689, 1479, 1222, 1489, 1129, 723, 2427, 2896, 1459, 1541, 1583, 2175, 883, 727, 5475, 1691, 2222, 1557, 1285, 728, 2122, 1866, 1480, 2596, 1090, 2527, 1906, 1536, 4682, 1301, 1411, 2061, 836, 2240, 2631, 1676, 339, 1787, 2042, 1586, 1039, 1229, 437, 2440, 1752, 1024, 2346, 1494, 3672, 2394, 1225, 2109, 1444, 3562, 1327, 2174, 2298, 1255, 5708, 2450, 1472, 4230, 1554, 1311, 1118, 1571, 1066, 949, 1749, 2129, 1071, 3674, 1640, 2047, 2224, 1451, 2205)
(56, 270): Mean: 1782.112, median: 1548.0, std: 1053.065, percent: 1686.54, B: 144, W: 106, 
	(2661, 1004, 1398, 8412, 2147, 1636, 1007, 1515, 844, 1657, 1322, 1560, 971, 1578, 2566, 1004, 3141, 3182, 1789, 2176, 1145, 811, 1783, 1005, 1573, 1360, 951, 1868, 1436, 1509, 3089, 2050, 2741, 1010, 877, 1943, 1156, 1538, 1750, 1749, 932, 1995, 1346, 1642, 805, 2669, 1242, 904, 5651, 1614, 673, 1554, 1160, 323, 1552, 4394, 607, 698, 2647, 2268, 1514, 4003, 2252, 1632, 2118, 3881, 1592, 902, 609, 1961, 1201, 2559, 1888, 1660, 1319, 1525, 1130, 847, 1530, 981, 1038, 817, 2194, 1093, 1353, 1268, 970, 529, 1145, 1209, 1113, 788, 2045, 1540, 4930, 1940, 797, 930, 1901, 745, 1676, 3488, 1269, 1997, 1839, 1254, 719, 323, 1464, 2610, 2115, 978, 1932, 918, 944, 1355, 1393, 1529, 899, 1801, 2937, 1293, 1864, 588, 1931, 1336, 1764, 1185, 1001, 1664, 1077, 1841, 1186, 4508, 1448, 1425, 2929, 1400, 2231, 1824, 2200, 3920, 1722, 1299, 1747, 1866, 2792, 1395, 2834, 1853, 1357, 2782, 1464, 1567, 1251, 654, 3349, 2043, 6997, 1713, 2412, 1734, 1509, 1490, 759, 1942, 1969, 1624, 1394, 2205, 616, 2005, 646, 597, 1754, 1191, 1562, 1005, 747, 2266, 2749, 1355, 1473, 1427, 2244, 839, 807, 4840, 1599, 2185, 1674, 1237, 749, 2140, 1875, 1544, 2912, 1078, 2554, 2053, 1267, 3636, 1223, 1170, 1856, 855, 2040, 2235, 1418, 308, 1905, 1930, 1557, 1158, 1258, 551, 2405, 1456, 924, 2954, 1471, 3371, 2590, 1197, 2231, 1406, 5122, 1424, 2349, 2105, 1285, 5485, 2305, 1600, 4469, 1402, 1418, 1107, 1531, 1061, 993, 1724, 2042, 943, 3640, 2101, 2228, 2791, 1424, 2067)
(58, 281): Mean: 1815.916, median: 1568.5, std: 1117.606, percent: 1720.34, B: 126, W: 124, 
	(2482, 952, 1229, 8441, 2059, 1640, 903, 1603, 832, 2114, 1420, 1466, 1013, 2069, 2498, 1009, 2932, 2922, 1559, 2111, 1400, 837, 1724, 1025, 1533, 1450, 839, 2061, 1578, 1475, 3027, 2124, 2573, 931, 721, 1797, 1307, 1425, 1703, 1870, 907, 2062, 1295, 1611, 1012, 2717, 1138, 845, 6792, 1849, 709, 1414, 1123, 315, 1221, 4369, 555, 599, 2310, 2003, 1774, 4442, 2670, 1742, 2024, 4117, 1729, 973, 468, 1822, 1286, 3139, 1759, 1795, 1251, 1564, 1044, 925, 1587, 989, 1119, 882, 2279, 995, 1413, 1176, 959, 528, 1315, 1138, 1212, 785, 2072, 1491, 5018, 2296, 825, 950, 1726, 630, 1554, 3371, 1152, 2146, 1770, 1352, 742, 374, 1494, 2363, 1921, 981, 1945, 887, 930, 1767, 1382, 1392, 873, 1779, 3133, 1490, 1743, 640, 2012, 1460, 2107, 1284, 1011, 1648, 1002, 1812, 1353, 5171, 1491, 1292, 3229, 1320, 1990, 1854, 1917, 4024, 1657, 1172, 2244, 2018, 2709, 1437, 2682, 2117, 1279, 2784, 1518, 1666, 1217, 709, 3171, 2254, 6565, 1684, 2570, 1684, 1434, 1391, 822, 2154, 1919, 1674, 1433, 2582, 563, 2112, 659, 656, 1468, 1206, 1519, 1107, 819, 2210, 2853, 1272, 1460, 1725, 1994, 900, 778, 5432, 1480, 2671, 1653, 1192, 736, 2456, 1867, 1957, 2816, 1136, 2519, 2200, 1397, 4437, 1328, 1255, 2195, 789, 1961, 2614, 1495, 302, 2021, 1997, 1457, 1109, 1235, 410, 2477, 1632, 956, 2483, 1776, 3329, 2367, 1100, 2244, 1395, 4430, 1351, 2110, 1941, 1253, 6126, 2550, 1406, 6226, 1597, 1290, 1043, 1654, 1176, 985, 1573, 2246, 1058, 3484, 1798, 2225, 2333, 1553, 2281)
(59, 282): Mean: 1803.42, median: 1596.5, std: 1092.797, percent: 1690.06, B: 129, W: 120, 
	(2692, 912, 1304, 8316, 2390, 1749, 910, 1377, 768, 1956, 1427, 1445, 1056, 1966, 2926, 994, 2782, 3179, 1648, 1987, 1343, 797, 1720, 928, 1628, 1526, 918, 2160, 1635, 1463, 2897, 1807, 2572, 946, 846, 1836, 1227, 1652, 1778, 1792, 859, 2483, 1253, 1663, 974, 2468, 1158, 762, 5998, 1771, 742, 1590, 1157, 311, 1219, 4136, 562, 678, 2557, 1940, 1688, 3818, 2254, 1640, 2067, 3867, 1648, 858, 555, 1826, 1134, 2675, 1793, 1751, 1412, 1597, 989, 870, 1550, 1055, 1126, 886, 2194, 1027, 1311, 1132, 948, 536, 1233, 1301, 1151, 735, 2159, 1591, 4679, 2399, 810, 940, 1667, 630, 1625, 3661, 1084, 2442, 1846, 1219, 691, 453, 1450, 2458, 2379, 1000, 1912, 913, 907, 1266, 1623, 1558, 773, 1968, 3230, 1364, 1762, 613, 2079, 1306, 1854, 1258, 1031, 1596, 955, 2042, 1309, 4437, 1627, 1275, 3166, 1290, 1864, 1634, 2094, 4334, 2068, 1369, 2158, 2187, 2788, 1604, 2287, 2083, 1362, 2895, 1487, 1696, 1297, 675, 3467, 2269, 7034, 1525, 2382, 1704, 1577, 1464, 763, 2246, 1955, 1490, 1446, 2136, 615, 2028, 658, 630, 1605, 1182, 1528, 1115, 919, 2528, 2467, 1529, 1648, 1473, 2089, 917, 713, 5820, 1519, 2281, 1502, 1167, 725, 2219, 1938, 1708, 3401, 1042, 2240, 1964, 1246, 4244, 1245, 1247, 1837, 784, 2483, 2474, 1628, 257, 2043, 1637, 1537, 996, 1251, 484, 2428, 1779, 1012, 2848, 1482, 3488, 2208, 1192, 2168, 1550, 4558, 1264, 2040, 1972, 1318, 6216, 2545, 1461, 5518, 1403, 1355, 1085, 1459, 1096, 872, 1581, 2040, 937, 3218, 1750, 2257, 2359, 1717, 2316)
(65, 318): Mean: 1762.824, median: 1523.0, std: 1055.658, percent: 1678.58, B: 156, W: 92, 
	(2017, 913, 1316, 8001, 2053, 1484, 889, 1421, 822, 1718, 1289, 1646, 928, 1843, 2373, 928, 2900, 3425, 1673, 2117, 1148, 770, 1751, 961, 1538, 1446, 889, 1877, 1464, 1266, 3186, 2147, 2936, 1043, 884, 2041, 1207, 1762, 1635, 1794, 865, 2445, 1228, 1654, 958, 2478, 1003, 907, 4872, 1622, 691, 1442, 977, 392, 1281, 4297, 462, 649, 4310, 1859, 1623, 3724, 2327, 1609, 2014, 3703, 1608, 886, 488, 1772, 1053, 2862, 1887, 1422, 1357, 1597, 936, 848, 1494, 1056, 1095, 839, 2275, 1046, 1312, 1189, 915, 498, 1134, 1167, 1043, 734, 1882, 1473, 3805, 2239, 885, 869, 1432, 598, 1601, 3548, 1046, 1799, 1888, 1297, 728, 386, 1534, 2945, 2223, 968, 1908, 940, 832, 1259, 1514, 1474, 901, 1690, 3061, 1274, 1716, 722, 1701, 1207, 1781, 1411, 1071, 1531, 1042, 1900, 1122, 5520, 1540, 1172, 2925, 1359, 1980, 1751, 2119, 4787, 1666, 1320, 1714, 1915, 3125, 1438, 2205, 2044, 1388, 2644, 1345, 1476, 1059, 620, 3497, 2135, 6449, 1404, 2442, 1604, 1485, 1507, 775, 2190, 2368, 1526, 1367, 2657, 563, 2042, 599, 544, 1512, 1103, 1520, 1009, 798, 2567, 2593, 1304, 1588, 1634, 2072, 813, 823, 5488, 1939, 2280, 1514, 1133, 629, 2298, 1862, 1733, 2632, 1146, 2484, 2079, 1302, 4067, 1271, 1167, 1767, 801, 2454, 2608, 1550, 272, 1796, 2359, 1571, 996, 1254, 600, 2269, 1771, 848, 2204, 1498, 3252, 2319, 1164, 2260, 1510, 4400, 1321, 2208, 1929, 1138, 5657, 2509, 1409, 4325, 1390, 1244, 1058, 1447, 1211, 866, 1527, 1853, 961, 3614, 1732, 2087, 2623, 1565, 2274)
(67, 329): Mean: 1757.004, median: 1555.0, std: 1032.207, percent: 1666.44, B: 134, W: 116, 
	(2163, 887, 1315, 7446, 2030, 1604, 934, 1569, 769, 2178, 1337, 1445, 990, 1787, 2536, 904, 2983, 3092, 1562, 2362, 1254, 733, 1740, 882, 1507, 1441, 853, 1642, 1482, 1375, 2982, 2110, 3022, 1012, 869, 1712, 1336, 1483, 1807, 1502, 786, 2182, 1333, 1645, 1087, 2406, 1094, 934, 5402, 1720, 657, 1579, 968, 266, 1181, 4190, 485, 613, 2465, 2173, 1593, 3910, 2204, 1730, 1807, 3274, 1610, 837, 503, 1672, 996, 2790, 1798, 1654, 1346, 1609, 949, 792, 1375, 1000, 1098, 824, 2360, 914, 1209, 1130, 917, 521, 1069, 1250, 1094, 658, 2181, 1539, 3838, 2514, 843, 1026, 1609, 632, 1559, 3805, 1106, 2022, 1974, 1302, 683, 345, 1551, 3037, 1943, 865, 1955, 913, 909, 1263, 1365, 1471, 891, 1687, 3148, 1368, 1601, 681, 1626, 1328, 2155, 1263, 932, 1514, 997, 1886, 1213, 4609, 1688, 1254, 3216, 1402, 1923, 1610, 1815, 3957, 1647, 1260, 1900, 1818, 2854, 1746, 2643, 2020, 1250, 3581, 1423, 1604, 1279, 664, 2992, 2088, 6596, 1868, 2417, 1586, 1654, 1375, 828, 2066, 1825, 1456, 1452, 2407, 511, 2090, 595, 676, 1488, 1237, 1441, 1176, 754, 2280, 2543, 1321, 1680, 1652, 2245, 806, 767, 4868, 1764, 2018, 1568, 1230, 654, 2267, 1735, 1518, 2707, 1096, 2524, 1938, 1323, 5165, 1236, 1150, 2136, 830, 2142, 2611, 1497, 302, 1881, 2404, 1478, 966, 1367, 453, 2439, 1735, 905, 2502, 1294, 3630, 2466, 1091, 2237, 1360, 3973, 1229, 1996, 1847, 1187, 5567, 2194, 1384, 4676, 1358, 1273, 1101, 1398, 1081, 943, 1669, 2168, 881, 4051, 1862, 2349, 2841, 1711, 2154)
(70, 344): Mean: 1765.16, median: 1521.5, std: 1081.608, percent: 1659.3, B: 125, W: 122, 
	(2183, 878, 1279, 8952, 2048, 1715, 898, 1397, 828, 1662, 1313, 1441, 952, 1746, 2886, 928, 2975, 3173, 1674, 2847, 1256, 680, 1803, 905, 1451, 1440, 855, 1657, 1450, 1573, 3193, 2209, 2701, 967, 814, 1964, 1275, 1558, 1807, 1516, 881, 2070, 1234, 1545, 880, 2412, 1125, 775, 5223, 1680, 717, 1481, 1000, 262, 1319, 3836, 583, 588, 2838, 2064, 1794, 3421, 2312, 1524, 1738, 3486, 1529, 841, 512, 1771, 1009, 2824, 1957, 1488, 1446, 1622, 928, 888, 1614, 992, 1209, 847, 2231, 1013, 1328, 1206, 1062, 559, 1050, 1177, 1086, 674, 2113, 1676, 3979, 2471, 866, 887, 1427, 727, 1587, 3304, 1217, 1974, 1796, 1217, 649, 342, 1390, 2838, 2359, 1041, 1924, 843, 816, 1597, 1497, 1471, 868, 1527, 3261, 1486, 1937, 592, 1870, 1275, 1851, 1263, 999, 1432, 999, 1932, 1219, 4523, 1814, 1273, 3002, 1409, 1998, 1679, 2132, 5011, 1726, 1111, 1826, 1747, 2829, 1464, 2254, 1983, 1320, 2947, 1443, 1432, 1253, 612, 3056, 2012, 7907, 1577, 2619, 1940, 1519, 1293, 783, 2181, 1913, 1516, 1507, 2921, 598, 2189, 633, 662, 1469, 1183, 1461, 1145, 786, 2711, 2924, 1349, 1871, 1546, 2168, 972, 765, 5386, 2056, 2572, 1628, 1255, 684, 2060, 1821, 1563, 2943, 1046, 2288, 2110, 1095, 4147, 1229, 1115, 1639, 761, 2136, 2412, 1387, 264, 2072, 2014, 1616, 1042, 1239, 427, 2415, 1818, 764, 2122, 1469, 3150, 2606, 1084, 2003, 1332, 4397, 1254, 2239, 2171, 1164, 5246, 2144, 1335, 4173, 1307, 1310, 943, 1476, 1066, 875, 1596, 1893, 906, 3508, 1798, 2308, 2460, 1769, 2199)
(71, 345): Mean: 1774.472, median: 1510.5, std: 1122.109, percent: 1664.72, B: 132, W: 118, 
	(2352, 1009, 1285, 8189, 2447, 1666, 840, 1416, 801, 1947, 1311, 1494, 906, 1718, 2551, 926, 3112, 2830, 1748, 2312, 1225, 723, 1748, 967, 1442, 1469, 807, 1830, 1551, 1590, 3211, 1920, 3173, 1007, 890, 1688, 1150, 1480, 1800, 1503, 885, 1983, 1277, 1804, 993, 2578, 1116, 796, 4785, 1431, 724, 1522, 945, 250, 1345, 4435, 504, 576, 3029, 1805, 1459, 3756, 2363, 1483, 1916, 3490, 1484, 819, 494, 1762, 936, 2978, 1958, 1487, 1283, 1718, 1100, 804, 1727, 999, 1083, 827, 2283, 922, 1219, 1123, 933, 493, 1120, 1394, 1139, 682, 2098, 1621, 3722, 2132, 847, 873, 1431, 687, 1604, 3908, 1080, 2432, 1951, 1304, 736, 287, 1585, 3107, 2347, 815, 1917, 852, 885, 1186, 1478, 1470, 901, 1737, 3221, 1315, 1648, 571, 2062, 1257, 2085, 1337, 1028, 1663, 959, 1910, 1277, 4993, 1610, 1203, 3161, 1518, 2092, 1700, 1928, 4490, 1651, 1189, 1781, 1862, 2747, 1453, 2720, 2216, 1243, 3058, 1560, 1502, 1121, 553, 3427, 2342, 8524, 1464, 2254, 1626, 1383, 1345, 752, 2276, 2187, 1368, 1279, 2304, 626, 2086, 597, 574, 1393, 1181, 1587, 1132, 771, 2662, 2371, 1413, 1576, 1518, 2137, 706, 733, 5135, 1750, 2372, 1591, 1181, 646, 2321, 1739, 1681, 3110, 1071, 2515, 2104, 1502, 3816, 1263, 1191, 1771, 806, 2054, 2680, 1555, 329, 2058, 1958, 1534, 948, 1318, 458, 2294, 1599, 896, 2483, 1374, 3055, 2530, 1161, 2049, 1382, 4210, 1346, 1975, 1799, 1257, 6976, 2171, 1308, 5280, 1249, 1316, 1165, 1389, 1115, 810, 1651, 2186, 878, 3941, 1646, 2359, 2514, 1442, 2033)
(74, 360): Mean: 1770.132, median: 1532.0, std: 1108.471, percent: 1651.0, B: 126, W: 124, 
	(2263, 914, 1359, 9497, 2012, 1645, 815, 1333, 713, 1822, 1295, 1622, 947, 1704, 2760, 891, 2517, 3384, 1691, 2338, 1267, 685, 1920, 864, 1651, 1446, 884, 1695, 1470, 1574, 2808, 2110, 3216, 1005, 775, 1744, 1132, 1586, 1997, 1677, 889, 2013, 1199, 1907, 942, 2564, 1198, 840, 5564, 1959, 692, 1365, 1027, 368, 1460, 4640, 521, 613, 2541, 2050, 1820, 3242, 2375, 1636, 1791, 3842, 1708, 749, 436, 1730, 1133, 2967, 1842, 1439, 1338, 1534, 943, 884, 1527, 930, 1010, 778, 2270, 1019, 1134, 1164, 823, 535, 1077, 1409, 1154, 728, 1975, 1386, 4288, 2355, 882, 923, 1506, 699, 1526, 3309, 1121, 2440, 1752, 1188, 688, 328, 1400, 2689, 2060, 900, 1829, 865, 923, 1316, 1413, 1378, 795, 1711, 3277, 1525, 1860, 635, 1893, 1351, 1959, 1261, 1092, 1580, 984, 1903, 1220, 4846, 1637, 1250, 3302, 1732, 1988, 1847, 1938, 4909, 1848, 1143, 1854, 1750, 2621, 1415, 2452, 2381, 1293, 2661, 1541, 1641, 1241, 618, 3272, 2361, 6462, 1700, 2795, 1664, 1405, 1314, 810, 2163, 1762, 1357, 1308, 2291, 505, 2112, 695, 541, 1391, 1316, 1366, 1108, 795, 2567, 2432, 1530, 1516, 1744, 2303, 767, 706, 5944, 1847, 2682, 1499, 1200, 625, 2398, 2146, 1612, 3074, 1021, 2435, 2030, 1278, 3623, 1342, 1107, 1817, 773, 2119, 2776, 1348, 297, 1870, 1975, 1629, 968, 1205, 397, 2191, 1550, 961, 2142, 1414, 3260, 2139, 1130, 2245, 1477, 4546, 1351, 2133, 1927, 1199, 6139, 2219, 1256, 4674, 1479, 1358, 1040, 1485, 1100, 919, 1536, 1943, 825, 3429, 1609, 2186, 2375, 1485, 2276)
(75, 365): Mean: 1742.432, median: 1524.5, std: 1082.458, percent: 1656.96, B: 142, W: 108, 
	(2517, 1007, 1387, 8183, 2077, 1747, 897, 1413, 767, 1993, 1277, 1607, 896, 1666, 2422, 959, 2535, 2872, 1660, 2336, 1152, 726, 1700, 958, 1567, 1294, 792, 1675, 1484, 1324, 3018, 2162, 2757, 1035, 739, 1820, 1364, 1508, 1712, 1521, 754, 1947, 1258, 1713, 1065, 2349, 1160, 929, 5168, 1543, 767, 1563, 916, 319, 1192, 3667, 541, 518, 2933, 2125, 1708, 3470, 2017, 1706, 1798, 3518, 1634, 857, 474, 2101, 1076, 2901, 1897, 1515, 1170, 1629, 969, 754, 1498, 1016, 1064, 824, 2503, 999, 1140, 1140, 910, 499, 1046, 1218, 1141, 697, 1882, 1464, 4020, 2178, 859, 942, 1568, 629, 1737, 3722, 1074, 1958, 1881, 1187, 659, 352, 1382, 2459, 2065, 817, 2026, 835, 838, 945, 1489, 1438, 851, 1676, 3044, 1452, 1524, 506, 1838, 1329, 1741, 1191, 975, 1775, 988, 1703, 1177, 5348, 1704, 1170, 3198, 1454, 1932, 1679, 1771, 3923, 1705, 1268, 1778, 1689, 2755, 1328, 2603, 2148, 1245, 2974, 1381, 1722, 1097, 600, 2959, 2347, 6709, 1534, 2402, 1663, 1395, 1287, 813, 1789, 1958, 1507, 1323, 2269, 525, 2170, 648, 579, 1601, 1239, 1525, 1145, 757, 2205, 2616, 1308, 1477, 1433, 2278, 849, 678, 5435, 1685, 2807, 1841, 1257, 629, 2139, 1886, 1573, 2896, 1024, 2430, 2285, 1368, 4421, 1268, 1135, 1882, 813, 2093, 2787, 1369, 309, 1904, 1933, 1669, 918, 1280, 366, 2127, 1733, 902, 2128, 1398, 2891, 2531, 1060, 2100, 1328, 5477, 1266, 2024, 1946, 1081, 7248, 2367, 1301, 4039, 1281, 1312, 1031, 1365, 1082, 932, 1774, 1936, 862, 3864, 1788, 2482, 2345, 1532, 2195)
(76, 370): Mean: 1740.832, median: 1507.0, std: 1034.7, percent: 1646.38, B: 118, W: 129, 
	(2225, 850, 1295, 8559, 2149, 1471, 851, 1413, 758, 1802, 1370, 1433, 974, 1559, 2644, 1030, 2816, 2986, 1642, 2402, 1184, 772, 1916, 946, 1498, 1364, 852, 1967, 1422, 1517, 3043, 2035, 2951, 1153, 817, 1848, 1171, 1422, 1776, 1467, 822, 2098, 1389, 1497, 949, 2326, 1244, 896, 4965, 1762, 686, 1436, 934, 260, 1369, 4258, 520, 578, 2668, 1991, 1552, 3701, 2141, 1643, 2054, 3391, 1516, 789, 392, 2031, 938, 2914, 2069, 1279, 1229, 1602, 963, 854, 1663, 982, 1156, 840, 2241, 1002, 1299, 1143, 854, 511, 1208, 1146, 1114, 636, 1851, 1595, 3323, 2296, 808, 942, 1375, 657, 1668, 2939, 1069, 2040, 1871, 1310, 655, 372, 1293, 2946, 2120, 832, 1714, 932, 852, 1320, 1594, 1316, 808, 1803, 3037, 1509, 1548, 634, 1559, 1335, 1847, 1188, 1089, 1702, 996, 2010, 1240, 4270, 1526, 1333, 3661, 1414, 2236, 2112, 1945, 3923, 1697, 1044, 1904, 1843, 3085, 1505, 2369, 2016, 1148, 2880, 1356, 1483, 1212, 663, 3573, 1986, 5976, 1475, 2340, 1671, 1398, 1327, 766, 1940, 2010, 1338, 1456, 2574, 575, 2263, 609, 539, 1599, 1147, 1531, 1162, 808, 2645, 2417, 1248, 1567, 1545, 2062, 737, 707, 5229, 1732, 2431, 1667, 1263, 616, 2314, 1899, 1825, 2595, 1082, 2377, 2183, 1273, 4066, 1347, 1102, 1979, 800, 2153, 2619, 1320, 280, 1882, 1743, 1552, 1086, 1181, 437, 2244, 1657, 907, 2264, 1495, 2949, 2695, 1030, 2046, 1559, 5372, 1331, 2177, 1912, 1222, 5747, 2874, 1445, 4336, 1345, 1356, 1089, 1496, 1134, 944, 1603, 1927, 914, 3681, 1904, 2395, 2270, 1372, 2021)
(80, 392): Mean: 1781.616, median: 1512.0, std: 1144.431, percent: 1690.74, B: 107, W: 141, 
	(2094, 916, 1325, 9363, 2067, 1665, 872, 1355, 811, 1898, 1307, 1454, 960, 1562, 2632, 928, 3343, 2941, 1822, 2422, 1378, 728, 1566, 853, 1676, 1344, 789, 1602, 1414, 1359, 3180, 2026, 2802, 1064, 883, 2008, 1269, 1472, 1932, 1675, 876, 2385, 1233, 1749, 808, 2319, 1151, 843, 6275, 1703, 698, 1366, 989, 340, 1271, 4604, 627, 610, 2727, 2180, 1835, 3286, 2187, 1622, 2176, 3779, 1601, 846, 458, 1831, 997, 2796, 1741, 1395, 1436, 1814, 899, 769, 1499, 963, 1059, 755, 2372, 933, 1325, 1151, 927, 555, 1211, 1145, 1041, 633, 1894, 1573, 4203, 2563, 883, 890, 1510, 674, 1839, 3687, 1160, 2108, 1752, 1456, 693, 412, 1418, 2896, 2393, 839, 1882, 869, 860, 1314, 1559, 1414, 940, 1612, 3202, 1281, 1825, 672, 1788, 1335, 1982, 1216, 988, 1641, 987, 2151, 1219, 4888, 1658, 1246, 3352, 1450, 2243, 1692, 1680, 5160, 1853, 1179, 1759, 1706, 2687, 1505, 2525, 2221, 1290, 2890, 1395, 1487, 1216, 626, 3550, 2251, 6300, 1578, 2646, 1811, 1427, 1335, 751, 2010, 1695, 1462, 1342, 2255, 493, 2165, 619, 513, 1642, 1261, 1406, 1216, 780, 2614, 2482, 1290, 1441, 1358, 2247, 762, 724, 5710, 1677, 2498, 1514, 1226, 656, 2379, 1757, 1515, 2666, 1123, 2310, 2136, 1344, 4001, 1262, 1107, 1608, 748, 1940, 2694, 1603, 281, 1872, 1666, 1449, 908, 1194, 410, 2457, 1693, 910, 2334, 1364, 3204, 2419, 1113, 2494, 1422, 5239, 1301, 2008, 1728, 1141, 7317, 2878, 1479, 3803, 1369, 1309, 1157, 1520, 999, 938, 1707, 2146, 1017, 3798, 1750, 2282, 2504, 1695, 2393)
(81, 393): Mean: 1764.736, median: 1479.5, std: 1051.979, percent: 1712.96, B: 129, W: 120, 
	(2343, 926, 1383, 7427, 1871, 1542, 876, 1452, 752, 1699, 1250, 1471, 983, 1573, 2615, 1038, 2976, 3030, 1779, 2744, 1265, 676, 1779, 965, 1620, 1575, 814, 1720, 1423, 1301, 3096, 2083, 2512, 925, 786, 2061, 1159, 1440, 1749, 1661, 740, 2137, 1221, 1834, 927, 2538, 1212, 825, 5521, 1630, 703, 1384, 1050, 360, 1370, 4062, 523, 627, 3038, 2114, 1598, 3082, 2442, 1663, 1952, 4119, 1459, 871, 498, 1826, 970, 2685, 2055, 1384, 1280, 1760, 978, 782, 1391, 880, 1108, 778, 2231, 953, 1267, 1114, 974, 555, 1112, 1314, 1184, 661, 1832, 1504, 3678, 2448, 891, 898, 1474, 697, 1669, 3867, 1109, 2513, 1897, 1378, 673, 309, 1404, 2505, 2415, 872, 1783, 886, 923, 1262, 1477, 1471, 758, 1748, 3638, 1453, 1668, 576, 2002, 1326, 2087, 1262, 944, 1623, 926, 1809, 1408, 4721, 1698, 1192, 4032, 1357, 2114, 1817, 2216, 3654, 2081, 1185, 1799, 1699, 3051, 1459, 2381, 1895, 1281, 2899, 1429, 1569, 1174, 610, 3212, 2218, 6222, 1573, 2461, 1533, 1381, 1364, 743, 2160, 2203, 1436, 1463, 2528, 564, 1996, 564, 595, 1517, 1417, 1359, 1179, 774, 2590, 3068, 1475, 1446, 1479, 2276, 809, 659, 6058, 1791, 2524, 1675, 1122, 655, 2070, 1860, 1593, 2854, 1154, 2605, 2170, 1209, 3872, 1290, 1279, 1717, 826, 2253, 2432, 1345, 293, 2242, 2097, 1480, 938, 1296, 491, 2339, 1738, 927, 2594, 1413, 3668, 2302, 1071, 2336, 1551, 4140, 1248, 1949, 1850, 1107, 6384, 2622, 1338, 4716, 1281, 1279, 1096, 1445, 1122, 903, 1534, 2118, 988, 3216, 1801, 2093, 2170, 1557, 2375)
(86, 422): Mean: 1744.616, median: 1520.5, std: 1048.697, percent: 1682.82, B: 137, W: 112, 
	(2576, 919, 1328, 9109, 2236, 1645, 838, 1331, 693, 1929, 1466, 1488, 968, 1606, 2591, 875, 2588, 2944, 1673, 2312, 1272, 760, 1694, 859, 1586, 1544, 851, 1694, 1561, 1330, 2905, 2077, 2681, 990, 867, 1805, 1271, 1684, 1779, 1405, 880, 1991, 1262, 1546, 824, 2126, 1166, 825, 4655, 1580, 768, 1433, 896, 312, 1255, 3796, 533, 543, 3226, 1949, 1638, 3276, 2222, 1487, 2193, 3848, 1637, 919, 476, 1974, 1102, 2542, 1879, 1615, 1383, 1511, 947, 760, 1473, 1060, 1057, 842, 2366, 1015, 1252, 1173, 813, 525, 1116, 1270, 1163, 776, 1993, 1508, 3966, 2303, 816, 971, 1714, 543, 1779, 2934, 1128, 2546, 1753, 1363, 776, 296, 1335, 2664, 2250, 893, 1769, 921, 930, 1223, 1447, 1426, 832, 1873, 2999, 1324, 1590, 650, 1606, 1348, 1858, 1182, 1001, 1576, 942, 2092, 1249, 5059, 1646, 1233, 3181, 1473, 1962, 1701, 1922, 4141, 1763, 1193, 1738, 1788, 3014, 1496, 2349, 2264, 1215, 3026, 1469, 1523, 1203, 605, 2996, 2173, 6046, 1468, 2634, 1557, 1518, 1258, 738, 2203, 2024, 1410, 1254, 2309, 468, 2172, 582, 612, 1712, 1160, 1550, 1007, 838, 2518, 2753, 1361, 1523, 1368, 2220, 799, 717, 5529, 1737, 2226, 1443, 1275, 641, 2108, 1853, 1607, 2569, 1040, 2167, 1793, 1305, 3886, 1198, 1258, 1881, 757, 2172, 2896, 1506, 346, 1899, 1708, 1514, 936, 1260, 489, 2461, 1709, 897, 2461, 1432, 3322, 2249, 1239, 2199, 1508, 4508, 1350, 2119, 1798, 1386, 5973, 2592, 1229, 4493, 1351, 1379, 1028, 1620, 1035, 856, 1607, 2059, 993, 3259, 1702, 2402, 2752, 1651, 2649)
(107, 547): Mean: 1755.408, median: 1525.0, std: 1044.314, percent: 1669.6, B: 118, W: 132, 
	(2054, 1027, 1257, 8161, 2531, 1530, 852, 1306, 834, 1834, 1274, 1385, 974, 1477, 2987, 930, 2968, 3061, 1465, 2293, 1298, 777, 1856, 1052, 1631, 1345, 899, 1897, 1420, 1309, 3439, 1992, 3018, 1048, 892, 1687, 1150, 1423, 1682, 1704, 832, 2252, 1187, 1618, 810, 2263, 1150, 849, 5237, 1771, 713, 1400, 1044, 363, 1477, 3888, 566, 743, 2653, 2030, 1784, 3181, 2314, 1596, 2409, 3420, 1710, 846, 413, 1883, 948, 3036, 1639, 1493, 1325, 1647, 996, 802, 1427, 996, 1207, 859, 2098, 981, 1384, 1252, 974, 567, 1148, 1215, 1103, 594, 1973, 1667, 3865, 2309, 841, 955, 1374, 644, 1721, 3441, 1097, 2380, 1778, 1313, 739, 359, 1248, 2558, 1956, 910, 1778, 824, 896, 1176, 1738, 1590, 812, 1678, 3136, 1434, 1625, 546, 1820, 1399, 1779, 1252, 965, 1552, 1031, 2044, 1161, 5085, 1621, 1274, 3389, 1283, 2081, 1742, 1758, 4164, 1960, 1172, 1848, 1908, 2992, 1557, 2488, 2321, 1197, 2911, 1336, 1630, 1207, 600, 3083, 2111, 6233, 1328, 2477, 1799, 1357, 1388, 736, 2251, 1988, 1386, 1317, 2470, 612, 2166, 660, 536, 1574, 1192, 1367, 1121, 845, 2425, 2221, 1358, 1334, 1487, 2388, 787, 750, 5791, 1758, 2119, 1610, 1182, 672, 2052, 1810, 1508, 3282, 1043, 2370, 1813, 1469, 3677, 1229, 1091, 2010, 861, 2033, 2235, 1331, 270, 1979, 1873, 1653, 945, 1381, 451, 2487, 1739, 937, 2734, 1632, 3512, 2185, 1214, 2345, 1459, 4090, 1262, 2141, 1901, 1177, 6174, 2410, 1520, 4118, 1382, 1344, 1040, 1535, 1131, 853, 1682, 1973, 992, 4014, 1691, 2498, 2782, 1587, 2366)
(112, 577): Mean: 1766.12, median: 1543.0, std: 1078.465, percent: 1680.86, B: 124, W: 125, 
	(2061, 941, 1370, 8364, 2158, 1485, 798, 1407, 826, 1739, 1400, 1620, 895, 1670, 2617, 1034, 2947, 3234, 1547, 2153, 1193, 771, 1648, 828, 1651, 1393, 917, 1857, 1490, 1321, 3333, 2446, 2888, 1066, 723, 1603, 1182, 1520, 1915, 1527, 787, 2149, 1224, 1686, 1024, 2449, 1135, 866, 4494, 1537, 723, 1410, 946, 359, 1354, 5115, 590, 638, 2623, 2043, 1740, 2785, 2143, 1599, 1874, 3588, 1615, 905, 411, 2054, 926, 2575, 1710, 1574, 1250, 1861, 993, 846, 1681, 994, 1100, 782, 2332, 1065, 1290, 1285, 983, 563, 1085, 1206, 1258, 743, 2010, 1721, 3590, 2237, 817, 906, 1676, 589, 1737, 2813, 1114, 2026, 2118, 1283, 684, 343, 1471, 2586, 2176, 867, 1960, 832, 927, 1114, 1428, 1473, 791, 1588, 3238, 1466, 1720, 559, 2116, 1271, 1738, 1246, 1028, 1450, 991, 1741, 1252, 5289, 1572, 1436, 3319, 1478, 2246, 1749, 1924, 3822, 1961, 1193, 1913, 1890, 3264, 1480, 2573, 2234, 1275, 2877, 1270, 1725, 1202, 684, 3361, 2298, 7421, 1530, 2301, 1784, 1480, 1296, 765, 2156, 1765, 1492, 1409, 2311, 564, 1909, 628, 590, 1584, 1228, 1542, 1095, 837, 2662, 2913, 1433, 1407, 1588, 2294, 773, 717, 5076, 1501, 2113, 1552, 1257, 634, 2438, 1786, 1590, 2848, 1075, 2153, 2062, 1339, 4261, 1248, 1366, 1916, 751, 2239, 2701, 1447, 302, 1948, 1842, 1451, 971, 1341, 456, 2229, 1692, 937, 3063, 1605, 2892, 2657, 1185, 2097, 1565, 4483, 1173, 1839, 1984, 1187, 6667, 2487, 1369, 5117, 1510, 1306, 1058, 1571, 1052, 902, 1544, 2459, 987, 3182, 1804, 2160, 2367, 1664, 2364)
(113, 582): Mean: 1733.948, median: 1530.5, std: 1041.27, percent: 1648.72, B: 144, W: 106, 
	(2362, 912, 1248, 8249, 2170, 1813, 784, 1263, 866, 1595, 1394, 1496, 845, 1794, 2241, 998, 2925, 2838, 1838, 2767, 1253, 773, 1627, 854, 1533, 1372, 796, 1592, 1415, 1350, 3246, 2316, 2688, 1007, 807, 1955, 1117, 1424, 1766, 1597, 777, 2107, 1266, 1609, 1007, 2539, 1145, 764, 4178, 1550, 724, 1457, 951, 364, 1173, 4073, 493, 680, 2630, 1803, 1646, 3210, 2321, 1572, 1787, 3393, 1573, 885, 553, 1829, 1020, 2889, 2113, 1519, 1240, 1708, 964, 836, 1548, 1153, 1014, 866, 2232, 1041, 1275, 1124, 808, 556, 1037, 1133, 1125, 723, 1879, 1555, 4103, 2276, 814, 894, 1593, 646, 1575, 3468, 1128, 2102, 1605, 1243, 618, 315, 1350, 2378, 2159, 1007, 1849, 887, 836, 1247, 1553, 1491, 824, 1675, 2894, 1294, 1747, 581, 1719, 1238, 1825, 1249, 1052, 1612, 1005, 2037, 1280, 4496, 1585, 1216, 3382, 1546, 2556, 1932, 2022, 4090, 2035, 1207, 1897, 1650, 3021, 1419, 2476, 2476, 1234, 3381, 1352, 1650, 1182, 640, 3081, 2095, 7804, 1434, 2447, 1707, 1274, 1464, 743, 2018, 2072, 1454, 1375, 2319, 550, 1934, 687, 596, 1598, 1188, 1597, 1137, 750, 2405, 2520, 1278, 1632, 1529, 2163, 800, 747, 5268, 1812, 2339, 1516, 1269, 652, 2181, 1749, 1507, 2600, 1084, 2214, 1970, 1473, 4183, 1229, 1219, 1931, 792, 2008, 2600, 1532, 294, 2024, 1730, 1519, 983, 1189, 343, 2441, 1805, 890, 2078, 1489, 3121, 2342, 1087, 2387, 1411, 3902, 1356, 2200, 1740, 1106, 6077, 2515, 1222, 3842, 1341, 1317, 1126, 1431, 1049, 860, 1473, 1932, 928, 3352, 1684, 2342, 2449, 1428, 2239)
(114, 588): Mean: 1718.964, median: 1494.0, std: 1028.558, percent: 1638.22, B: 137, W: 112, 
	(2420, 894, 1183, 7365, 2089, 1556, 796, 1487, 807, 1745, 1283, 1448, 981, 1640, 2474, 886, 2955, 2902, 1577, 2067, 1245, 711, 1803, 841, 1487, 1492, 848, 1729, 1479, 1334, 2643, 1844, 2518, 1001, 771, 1703, 1147, 1292, 1821, 1448, 919, 2166, 1154, 1596, 1065, 2135, 1087, 797, 4683, 1535, 676, 1405, 914, 306, 1235, 4341, 545, 668, 2565, 1903, 1659, 3538, 2326, 1585, 2045, 4074, 1473, 888, 458, 1866, 1006, 2563, 1718, 1529, 1172, 1484, 959, 881, 1539, 984, 1095, 810, 1953, 928, 1323, 1232, 786, 472, 1122, 1176, 1159, 673, 2343, 1605, 4067, 2187, 889, 867, 1731, 690, 1517, 3290, 1214, 2179, 1694, 1219, 712, 315, 1383, 2496, 2225, 910, 1919, 849, 838, 1340, 1409, 1387, 845, 1659, 3323, 1272, 1751, 594, 1712, 1296, 1810, 1216, 942, 1688, 998, 1830, 1204, 5263, 1550, 1184, 3055, 1410, 1946, 1524, 1834, 4275, 1648, 1335, 1713, 1884, 2879, 1716, 2283, 2238, 1256, 2867, 1409, 1583, 1177, 657, 3180, 2025, 7350, 1580, 2439, 1843, 1346, 1434, 761, 1928, 1984, 1495, 1370, 2419, 503, 1969, 601, 558, 1633, 1118, 1426, 1084, 752, 2221, 2476, 1305, 1584, 1600, 2160, 814, 693, 5305, 1742, 2399, 1493, 1386, 659, 2167, 1935, 1697, 3184, 1002, 2409, 1757, 1340, 3953, 1162, 1178, 1953, 805, 2171, 2606, 1424, 311, 1973, 2070, 1484, 905, 1155, 396, 2286, 1664, 947, 2396, 1454, 3384, 2386, 1036, 2381, 1402, 4199, 1260, 1961, 1654, 1032, 5322, 2406, 1287, 4697, 1362, 1335, 1026, 1438, 1005, 811, 1496, 2161, 889, 3435, 1669, 1970, 2200, 1762, 2372)
(120, 621): Mean: 1706.724, median: 1494.0, std: 987.511, percent: 1618.94, B: 133, W: 116, 
	(2128, 979, 1235, 6956, 2271, 1598, 812, 1368, 823, 1830, 1259, 1343, 963, 1698, 2520, 892, 2830, 2814, 1546, 2329, 1103, 717, 1712, 906, 1496, 1397, 830, 1707, 1614, 1504, 3032, 1740, 2948, 969, 712, 1645, 1118, 1301, 1688, 1590, 870, 2125, 1275, 1658, 938, 2232, 1066, 838, 4595, 1435, 668, 1345, 953, 317, 1391, 4080, 533, 624, 2830, 2061, 1644, 3508, 2029, 1687, 1794, 3810, 1583, 860, 407, 1756, 915, 3327, 1965, 1518, 1440, 1538, 923, 841, 1574, 960, 988, 835, 2164, 1002, 1235, 1158, 807, 514, 1100, 1105, 1056, 690, 2040, 1502, 3523, 2069, 906, 829, 1524, 705, 1667, 3321, 1074, 2203, 1711, 1299, 698, 421, 1537, 2537, 1932, 990, 1884, 906, 848, 1178, 1429, 1406, 821, 1717, 2995, 1426, 1634, 585, 1567, 1275, 1679, 1149, 932, 1557, 993, 1805, 1277, 5213, 1508, 1252, 3203, 1350, 1939, 1721, 1799, 4598, 1875, 1251, 1934, 1863, 2798, 1433, 2710, 2013, 1339, 2735, 1443, 1569, 1150, 675, 2957, 2174, 5877, 1348, 2348, 1781, 1492, 1297, 735, 2070, 1780, 1419, 1602, 2211, 551, 1960, 679, 653, 1480, 1144, 1466, 1289, 784, 2325, 2640, 1407, 1312, 1405, 2290, 813, 711, 5043, 1622, 2576, 1478, 1246, 657, 2139, 1880, 1432, 2533, 1068, 2152, 2319, 1241, 4148, 1134, 1097, 1753, 806, 2213, 2379, 1404, 343, 1778, 1792, 1478, 956, 1239, 403, 2559, 1808, 860, 2267, 1480, 2792, 2660, 1103, 2259, 1383, 4812, 1294, 2112, 1660, 1189, 5699, 2455, 1287, 4234, 1277, 1222, 1094, 1434, 999, 912, 1714, 1996, 905, 3459, 1827, 2053, 2433, 1570, 2152)
(121, 625): Mean: 1804.012, median: 1557.5, std: 1170.589, percent: 1704.16, B: 81, W: 169, 
	(2490, 1058, 1357, 8087, 2611, 1528, 851, 1463, 795, 1896, 1269, 1449, 901, 1665, 2601, 980, 2290, 3147, 1544, 2516, 1348, 715, 1720, 1007, 1554, 1355, 815, 1638, 1570, 1362, 3049, 1872, 2491, 951, 835, 1813, 1232, 1558, 1821, 1580, 841, 2473, 1296, 1950, 949, 2652, 1148, 808, 5350, 1764, 714, 1416, 1062, 312, 1386, 4145, 615, 580, 2594, 2030, 1835, 3361, 2414, 1573, 2028, 4635, 1695, 840, 435, 1920, 943, 2768, 1982, 1660, 1306, 1673, 920, 840, 1586, 989, 1160, 864, 1986, 982, 1335, 1185, 928, 553, 1226, 1325, 1086, 606, 1951, 1643, 3659, 2169, 977, 949, 1528, 716, 1759, 3300, 1256, 2419, 1883, 1483, 821, 345, 1345, 2597, 2507, 833, 2001, 852, 950, 1168, 1661, 1452, 883, 1750, 3425, 1589, 1740, 664, 1975, 1403, 1933, 1168, 931, 1621, 950, 1917, 1366, 5432, 1598, 1247, 3095, 1545, 2206, 1613, 1860, 5247, 1932, 1267, 1851, 1853, 2776, 1615, 2446, 2214, 1308, 2885, 1346, 1520, 1196, 635, 3030, 2368, 6856, 1460, 2664, 1725, 1503, 1398, 781, 2186, 1871, 1558, 1523, 2572, 681, 2410, 680, 558, 1701, 1366, 1498, 1138, 817, 2446, 2529, 1391, 1440, 1501, 1982, 849, 742, 9526, 1560, 2336, 1660, 1329, 673, 2047, 1903, 1607, 2543, 1119, 2332, 2049, 1398, 4039, 1329, 1121, 1732, 844, 2082, 2569, 1236, 281, 1927, 2197, 1535, 1096, 1183, 480, 2217, 1755, 893, 2168, 1492, 3931, 2333, 1001, 2548, 1454, 4907, 1447, 2480, 1769, 1183, 7000, 2216, 1414, 4272, 1496, 1319, 1267, 1525, 1061, 893, 1720, 1983, 1077, 3475, 1767, 1913, 2444, 1557, 2335)
(123, 635): Mean: 1786.732, median: 1543.0, std: 1063.527, percent: 1664.44, B: 126, W: 124, 
	(2040, 993, 1484, 6721, 2155, 1564, 841, 1285, 811, 1784, 1273, 1583, 935, 1909, 2677, 861, 2765, 3121, 1703, 2904, 1174, 830, 1674, 869, 1684, 1434, 927, 1913, 1359, 1394, 2915, 2136, 3240, 1040, 889, 1744, 1229, 1407, 1750, 1727, 824, 2364, 1269, 1651, 910, 2416, 1192, 860, 4788, 1539, 704, 1513, 1044, 334, 1230, 4385, 617, 542, 3055, 2204, 1877, 3513, 2353, 1547, 1794, 4012, 1696, 870, 494, 1945, 995, 3205, 1876, 1424, 1263, 1763, 973, 818, 1513, 975, 1147, 808, 2310, 962, 1296, 1265, 886, 504, 1143, 1244, 1128, 655, 1955, 1681, 4239, 2484, 923, 896, 1682, 681, 1563, 3693, 1167, 2154, 2023, 1253, 726, 305, 1548, 2727, 2148, 906, 1931, 860, 932, 1149, 1541, 1457, 880, 1872, 3246, 1349, 1745, 728, 1987, 1382, 1711, 1256, 1121, 1783, 994, 2037, 1395, 5539, 1761, 1342, 3576, 1497, 2073, 1877, 1713, 4713, 1847, 1191, 1868, 1880, 3049, 1518, 2343, 2173, 1328, 2830, 1487, 1714, 1192, 656, 3172, 2438, 6043, 1595, 2234, 1762, 1513, 1346, 740, 1999, 2054, 1545, 1321, 2539, 517, 2227, 632, 658, 1388, 1240, 1502, 1115, 782, 2483, 2337, 1229, 1555, 1491, 2110, 821, 771, 6059, 1631, 2580, 1435, 1209, 676, 2160, 1892, 1439, 2971, 1147, 2304, 2109, 1227, 5023, 1221, 1276, 2041, 868, 2148, 2390, 1646, 301, 1976, 1639, 1524, 988, 1137, 420, 2628, 1815, 939, 2706, 1605, 3505, 2228, 1036, 2250, 1426, 4179, 1554, 2075, 1786, 1024, 6400, 2345, 1416, 5166, 1355, 1335, 1163, 1470, 1152, 898, 1504, 2035, 997, 3872, 1822, 2151, 2375, 1492, 2667)
(124, 640): Mean: 1761.608, median: 1522.5, std: 1111.055, percent: 1675.28, B: 148, W: 100, 
	(2455, 972, 1441, 9573, 1813, 2095, 793, 1382, 860, 2001, 1274, 1664, 995, 1656, 2803, 869, 2779, 3217, 1612, 2123, 1147, 697, 1707, 918, 1619, 1482, 830, 1961, 1472, 1362, 2771, 2047, 3034, 1036, 800, 1846, 1240, 1550, 1880, 1727, 883, 2314, 1204, 1661, 1123, 2493, 1180, 896, 5126, 1645, 698, 1454, 936, 265, 1290, 4547, 507, 760, 2552, 2063, 1568, 2952, 2281, 1557, 1653, 3491, 1636, 802, 446, 1940, 1029, 2633, 1950, 1513, 1394, 1750, 966, 817, 1646, 1052, 1012, 807, 2181, 932, 1228, 1144, 894, 473, 1180, 1263, 1076, 649, 1891, 1601, 4086, 2081, 874, 896, 1663, 677, 1518, 3163, 1275, 1993, 1625, 1294, 749, 341, 1281, 2463, 2224, 867, 1908, 845, 904, 1475, 1435, 1591, 843, 1879, 3167, 1390, 1676, 568, 2000, 1385, 2025, 1273, 1016, 1807, 1125, 1811, 1253, 5852, 1627, 1176, 3930, 1455, 2330, 1600, 1638, 4292, 1814, 1129, 1739, 1647, 2789, 1391, 2440, 1900, 1179, 2733, 1428, 1548, 1173, 618, 3045, 2208, 6936, 1428, 2439, 1614, 1361, 1288, 731, 2528, 1951, 1306, 1487, 2225, 539, 2254, 572, 571, 1365, 1199, 1527, 1142, 783, 2319, 2435, 1251, 1406, 1529, 2054, 811, 730, 5854, 1745, 2467, 1502, 1208, 722, 2149, 1971, 1670, 2509, 1142, 2378, 2266, 1321, 4031, 1304, 1155, 1865, 944, 1957, 2328, 1435, 258, 1737, 1873, 1378, 934, 1154, 473, 2466, 2046, 946, 2206, 1387, 3035, 2398, 1318, 2389, 1420, 4692, 1393, 2295, 1630, 1212, 6045, 2524, 1248, 4690, 1249, 1262, 1148, 1458, 1058, 917, 1616, 2225, 976, 3749, 1698, 2201, 2555, 1378, 2427)
(126, 652): Mean: 1752.44, median: 1498.0, std: 1065.393, percent: 1676.58, B: 131, W: 119, 
	(2251, 928, 1230, 7990, 2397, 1536, 811, 1326, 848, 1812, 1259, 1632, 1015, 1772, 2497, 906, 2375, 3268, 1596, 2350, 1349, 706, 1748, 905, 1558, 1487, 774, 1647, 1461, 1366, 2862, 1859, 2995, 973, 756, 1880, 1204, 1497, 1875, 1609, 802, 2230, 1161, 1535, 852, 2905, 1182, 829, 4352, 1553, 760, 1367, 965, 316, 1419, 3795, 471, 691, 2439, 1920, 1516, 3171, 2194, 1546, 1829, 3315, 1598, 834, 426, 1772, 955, 3041, 1732, 1429, 1230, 1476, 908, 816, 1583, 1039, 1173, 804, 2614, 1023, 1301, 1088, 886, 524, 1216, 1120, 1129, 567, 1905, 1484, 3942, 2266, 863, 963, 1561, 611, 1786, 3500, 1152, 2146, 1740, 1234, 695, 329, 1386, 2864, 2263, 820, 1889, 910, 870, 1480, 1555, 1357, 803, 1949, 3107, 1326, 1863, 586, 2005, 1153, 1743, 1187, 1066, 1613, 1087, 2030, 1289, 5797, 1496, 1243, 3282, 1348, 2004, 1700, 1838, 5238, 1924, 1294, 1713, 1727, 3258, 1436, 2434, 2229, 1163, 2800, 1340, 1615, 1135, 608, 3213, 2268, 6092, 1536, 2468, 1713, 1463, 1311, 806, 2107, 1773, 1604, 1499, 2234, 512, 2029, 618, 586, 1469, 1335, 1452, 1113, 774, 2337, 2695, 1286, 1428, 1599, 2511, 761, 736, 5804, 1893, 2601, 1561, 1253, 653, 2124, 2121, 1651, 2529, 1120, 2303, 2132, 1272, 4836, 1263, 1172, 1681, 749, 2448, 2528, 1405, 336, 1952, 1734, 1496, 1008, 1233, 363, 2637, 1772, 884, 2213, 1434, 3390, 2642, 1141, 2203, 1325, 4258, 1319, 1822, 2137, 1126, 6224, 2977, 1292, 4740, 1274, 1290, 1190, 1409, 1087, 943, 1513, 2028, 951, 3290, 1827, 2225, 2277, 1459, 2553)
(132, 683): Mean: 1745.876, median: 1513.5, std: 1037.864, percent: 1695.68, B: 125, W: 124, 
	(2390, 986, 1352, 6760, 2234, 1480, 815, 1409, 749, 1821, 1314, 1487, 838, 1601, 2411, 877, 2661, 2683, 1595, 2194, 1215, 754, 1704, 853, 1619, 1428, 820, 1678, 1531, 1396, 2612, 1962, 3104, 983, 769, 1937, 1197, 1622, 1835, 1419, 793, 2177, 1303, 1634, 808, 2609, 1177, 826, 4881, 1569, 706, 1400, 1026, 278, 1334, 3739, 559, 628, 2744, 2284, 1792, 2918, 2109, 1620, 2213, 3783, 1507, 817, 546, 1780, 984, 2979, 1851, 1472, 1201, 1702, 914, 948, 1418, 1000, 1137, 802, 2271, 976, 1198, 1047, 936, 490, 1202, 1234, 1072, 664, 1922, 1608, 4500, 2257, 871, 887, 1668, 590, 1589, 3878, 1090, 2061, 1667, 1413, 764, 327, 1293, 2881, 2337, 899, 2028, 926, 823, 1097, 1464, 1378, 784, 2078, 3062, 1419, 1711, 549, 1728, 1207, 1864, 1223, 926, 1743, 1058, 1870, 1167, 5956, 1663, 1335, 3456, 1497, 1961, 1651, 1717, 3638, 1571, 1145, 1646, 1822, 2941, 1433, 2221, 2414, 1160, 2710, 1360, 1780, 1163, 634, 3590, 2028, 6115, 1396, 2553, 1589, 1318, 1237, 722, 1925, 1982, 1449, 1592, 2780, 530, 2588, 658, 581, 1377, 1302, 1545, 1145, 837, 2662, 2420, 1417, 1459, 1666, 2124, 773, 666, 5862, 1520, 2568, 1546, 1228, 653, 2150, 2037, 1526, 3055, 1012, 2553, 2146, 1371, 4215, 1284, 1163, 1782, 791, 2161, 2761, 1241, 288, 2043, 1659, 1587, 1028, 1186, 417, 2580, 1786, 847, 2497, 1492, 3311, 2270, 1024, 2414, 1580, 5467, 1429, 1891, 2046, 1086, 5941, 2570, 1315, 3624, 1250, 1448, 1022, 1463, 1223, 956, 1621, 2274, 998, 3720, 1733, 2028, 2142, 1496, 2432)
(133, 684): Mean: 1737.328, median: 1529.0, std: 1069.774, percent: 1655.1, B: 127, W: 119, 
	(2199, 971, 1268, 9118, 2016, 1794, 828, 1443, 825, 1708, 1232, 1553, 991, 1601, 2392, 863, 2721, 3015, 1587, 2391, 1215, 681, 1807, 954, 1526, 1295, 787, 1682, 1552, 1392, 2814, 2109, 2489, 1041, 787, 1853, 1215, 1582, 1867, 1526, 812, 2149, 1363, 1695, 1017, 2427, 1132, 900, 4771, 1657, 770, 1406, 978, 368, 1333, 4037, 531, 581, 2396, 2023, 1540, 3021, 2272, 1636, 1853, 3518, 1634, 819, 468, 2086, 925, 2632, 1677, 1539, 1305, 1614, 960, 862, 1776, 903, 1252, 770, 2587, 962, 1280, 1049, 862, 527, 1204, 1285, 1215, 592, 1801, 1512, 4229, 2550, 824, 878, 1544, 593, 1616, 3119, 1090, 2104, 1742, 1154, 701, 253, 1518, 3124, 2208, 926, 1870, 886, 912, 1150, 1383, 1368, 735, 1799, 3087, 1509, 1366, 587, 1981, 1436, 1913, 1165, 947, 1580, 1036, 2041, 1426, 4367, 1610, 1166, 3273, 1479, 2185, 1741, 1731, 4446, 1828, 1297, 1893, 1715, 2794, 1529, 2342, 2224, 1159, 2725, 1386, 1442, 1136, 657, 3231, 2154, 6557, 1524, 2501, 1710, 1287, 1280, 770, 2099, 1753, 1523, 1383, 2518, 546, 2137, 624, 548, 1571, 1276, 1550, 1131, 847, 2210, 2849, 1311, 1394, 1559, 2139, 752, 768, 6677, 1481, 2678, 1444, 1121, 708, 1870, 1765, 1541, 2651, 1029, 2711, 2021, 1291, 3961, 1268, 1163, 1694, 747, 2248, 2326, 1393, 272, 1860, 1888, 1529, 973, 1152, 431, 2091, 1755, 805, 2180, 1557, 3182, 2455, 1180, 2404, 1510, 4637, 1455, 2255, 1853, 1155, 5680, 2531, 1394, 4410, 1102, 1249, 1080, 1571, 979, 924, 1578, 1965, 979, 3478, 1783, 2204, 2168, 1494, 2445)
(135, 694): Mean: 1739.94, median: 1489.0, std: 1051.164, percent: 1691.76, B: 124, W: 123, 
	(2137, 951, 1333, 8566, 2076, 1657, 806, 1456, 792, 1810, 1294, 1493, 896, 1667, 2464, 820, 2516, 2808, 1482, 2462, 1223, 745, 1695, 923, 1597, 1377, 841, 1677, 1490, 1340, 3015, 1740, 2678, 1113, 769, 1726, 1219, 1477, 1812, 1612, 838, 1880, 1164, 1739, 907, 2369, 1061, 889, 4809, 1585, 677, 1372, 1016, 258, 1342, 3941, 526, 649, 2425, 2317, 1488, 3260, 2315, 1557, 1876, 3533, 1586, 940, 432, 1833, 1095, 3051, 1741, 1366, 1221, 1634, 955, 798, 1437, 1105, 1094, 848, 2354, 950, 1226, 1138, 897, 511, 1179, 1244, 1035, 641, 1839, 1604, 4686, 2154, 899, 920, 1421, 648, 1641, 3661, 1089, 1938, 1944, 1279, 646, 246, 1348, 2483, 2243, 948, 1971, 829, 860, 1112, 1424, 1444, 823, 1682, 3115, 1482, 1680, 587, 1789, 1296, 1663, 1242, 995, 1726, 997, 2208, 1233, 5676, 1824, 1284, 3038, 1412, 2103, 1833, 1765, 4201, 1647, 1243, 1623, 1683, 3227, 1476, 2590, 2382, 1301, 2437, 1404, 1743, 1303, 663, 3434, 2059, 6009, 1499, 2782, 1855, 1344, 1229, 821, 1872, 2017, 1526, 1235, 2584, 515, 2386, 615, 610, 1700, 1209, 1443, 1019, 813, 2563, 2586, 1316, 1524, 1431, 2070, 807, 693, 5332, 1590, 2478, 1441, 1214, 674, 2354, 1721, 1408, 2475, 1037, 2480, 1909, 1394, 3623, 1295, 1148, 1678, 760, 1861, 2776, 1648, 351, 1947, 2122, 1632, 1066, 1226, 486, 2474, 1718, 958, 2174, 1454, 3242, 2410, 1097, 2280, 1375, 4723, 1455, 2327, 1919, 977, 5702, 2648, 1251, 4396, 1380, 1249, 1048, 1428, 1123, 956, 1537, 2114, 945, 3811, 1583, 2212, 2480, 1709, 2826)
(137, 704): Mean: 1737.096, median: 1492.5, std: 1091.789, percent: 1646.68, B: 136, W: 113, 
	(2546, 951, 1309, 8662, 2037, 1587, 903, 1242, 824, 1841, 1214, 1420, 909, 1688, 2362, 869, 2665, 2750, 1623, 2356, 1394, 701, 1701, 1054, 1414, 1314, 874, 1715, 1479, 1486, 3032, 2031, 2812, 984, 739, 1667, 1207, 1563, 1831, 1653, 813, 2233, 1220, 1986, 910, 2217, 1094, 820, 5864, 1491, 714, 1348, 968, 331, 1411, 4208, 445, 592, 2456, 1986, 1429, 3241, 2136, 1441, 2411, 4303, 1544, 844, 433, 1937, 954, 2797, 1930, 1716, 1203, 1615, 939, 731, 1554, 926, 998, 827, 2397, 861, 1220, 1223, 847, 489, 1091, 1199, 1061, 621, 1749, 1554, 4670, 2723, 918, 946, 1501, 738, 1529, 3163, 1100, 2073, 2062, 1214, 649, 373, 1496, 2270, 2024, 843, 1909, 791, 897, 1379, 1667, 1331, 879, 1656, 3000, 1346, 1448, 676, 1755, 1344, 1759, 1171, 901, 1526, 939, 1966, 1190, 5479, 1905, 1280, 3028, 1471, 2011, 1839, 1745, 5141, 1885, 1199, 1745, 1734, 2844, 1332, 2276, 2476, 1235, 2804, 1374, 1446, 1233, 620, 2720, 2187, 7051, 1511, 2457, 1570, 1322, 1339, 774, 2130, 1856, 1615, 1259, 2805, 551, 2145, 567, 523, 1591, 1125, 1483, 1021, 814, 2575, 2857, 1194, 1640, 1407, 2090, 760, 777, 5663, 1670, 2173, 1621, 1113, 641, 1983, 1842, 1623, 2546, 1062, 2168, 1736, 1367, 3971, 1176, 1240, 1787, 761, 2230, 2528, 1291, 350, 2217, 1749, 1494, 998, 1206, 506, 2321, 1701, 840, 2274, 1451, 2964, 1931, 1044, 2283, 1469, 4509, 1184, 2591, 1958, 1111, 5554, 2923, 1308, 4324, 1354, 1262, 1022, 1424, 1078, 839, 1692, 2204, 1049, 2944, 1519, 1851, 2391, 1471, 2345)
(138, 706): Mean: 1724.152, median: 1520.5, std: 1031.17, percent: 1628.26, B: 112, W: 138, 
	(2341, 868, 1222, 8414, 2351, 1740, 826, 1375, 845, 1646, 1303, 1393, 1004, 1747, 2435, 981, 2700, 2642, 1551, 2133, 1180, 771, 1616, 862, 1579, 1505, 816, 1725, 1362, 1377, 3364, 2128, 2923, 982, 742, 1700, 1170, 1512, 1806, 1582, 838, 1904, 1239, 1640, 972, 2255, 1243, 809, 6497, 1536, 767, 1415, 991, 346, 1360, 3846, 478, 748, 2382, 1832, 1578, 3078, 2574, 1660, 1968, 3369, 1667, 906, 474, 1858, 973, 3188, 1935, 1328, 1251, 1629, 957, 832, 1677, 1088, 1041, 775, 2423, 1081, 1304, 1136, 947, 561, 1189, 1188, 989, 674, 1822, 1582, 3478, 2181, 805, 893, 1529, 618, 1399, 3306, 1181, 2351, 1732, 1392, 644, 376, 1607, 2706, 2361, 1074, 1889, 865, 844, 1190, 1390, 1399, 909, 1873, 3044, 1550, 1578, 518, 1831, 1177, 1827, 1346, 967, 1637, 1039, 2099, 1244, 4828, 1692, 1166, 3318, 1453, 2040, 1597, 1690, 4169, 1773, 1287, 1878, 1898, 2733, 1419, 2250, 2249, 1265, 2859, 1350, 1746, 1248, 611, 3162, 2019, 6294, 1431, 2817, 1457, 1258, 1231, 722, 1872, 1997, 1415, 1311, 2169, 560, 2161, 650, 555, 1660, 1145, 1331, 1080, 756, 2559, 2325, 1264, 1402, 1602, 2343, 761, 759, 5265, 1605, 1931, 1357, 1126, 716, 2046, 1768, 1865, 2876, 1013, 2388, 1883, 1343, 3926, 1339, 1111, 1721, 767, 2086, 2702, 1449, 291, 1925, 2153, 1549, 972, 1286, 481, 2562, 1574, 869, 2257, 1390, 2845, 2137, 1085, 2143, 1393, 4242, 1204, 2122, 1985, 1061, 5495, 2679, 1326, 4269, 1493, 1386, 1167, 1529, 1193, 834, 1578, 1933, 1092, 3113, 1766, 2147, 2105, 1478, 2191)
(143, 734): Mean: 1744.432, median: 1478.5, std: 1104.796, percent: 1666.6, B: 124, W: 125, 
	(2480, 1062, 1272, 8128, 2254, 1811, 864, 1412, 760, 1842, 1191, 1370, 1020, 1585, 2274, 890, 2887, 2638, 1630, 2794, 1307, 754, 1779, 1085, 1587, 1308, 791, 1850, 1395, 1317, 3117, 2134, 2702, 925, 802, 1879, 1215, 1373, 1756, 1591, 798, 2421, 1195, 1471, 960, 2183, 1081, 879, 5808, 1605, 755, 1526, 978, 330, 1262, 3522, 525, 498, 2569, 2040, 1691, 3412, 2218, 1583, 2060, 2977, 1582, 802, 475, 1929, 913, 2852, 1773, 1427, 1298, 1607, 968, 877, 1649, 1077, 1158, 798, 2520, 1008, 1322, 1227, 949, 535, 1049, 1243, 1077, 673, 2205, 1529, 3710, 2568, 817, 898, 1411, 737, 1677, 3149, 1083, 2061, 1878, 1280, 675, 392, 1349, 2529, 2042, 877, 1886, 787, 870, 1203, 1465, 1398, 819, 1771, 2736, 1280, 1623, 681, 1819, 1335, 1838, 1080, 1053, 1670, 1065, 1785, 1157, 7117, 1532, 1212, 3711, 1416, 1932, 1560, 1989, 4233, 1708, 1224, 1706, 1704, 3116, 1613, 2253, 2169, 1280, 2958, 1271, 1465, 1156, 604, 3592, 2076, 6853, 1466, 2606, 1760, 1460, 1312, 788, 2096, 2235, 1414, 1372, 2473, 490, 1930, 579, 557, 1493, 1227, 1356, 1125, 786, 2435, 2336, 1286, 1476, 1546, 2036, 723, 741, 6701, 1561, 2454, 1643, 1181, 597, 1882, 1867, 1732, 3029, 1007, 2248, 1958, 1394, 3961, 1148, 1089, 1714, 785, 1906, 2439, 1567, 309, 2125, 1779, 1469, 1006, 1264, 412, 2425, 1565, 916, 2293, 1411, 2721, 2262, 1240, 2538, 1360, 4186, 1375, 2436, 1883, 1184, 6402, 2386, 1277, 4229, 1303, 1271, 1063, 1427, 1133, 842, 1516, 2219, 906, 3579, 1643, 1992, 2518, 1481, 2191)
(144, 738): Mean: 1739.584, median: 1522.0, std: 1051.845, percent: 1633.3, B: 129, W: 121, 
	(2123, 931, 1259, 7081, 2130, 1580, 899, 1347, 848, 1781, 1212, 1431, 912, 1557, 2678, 829, 2764, 2879, 1766, 2128, 1211, 844, 1625, 931, 1538, 1425, 888, 1689, 1574, 1249, 3924, 2165, 2690, 1071, 762, 2035, 1182, 1705, 1872, 1738, 873, 2044, 1299, 1667, 876, 2330, 1139, 791, 5626, 1548, 703, 1506, 939, 360, 1210, 4190, 494, 606, 2945, 2162, 1663, 3223, 2179, 1552, 1917, 3463, 1665, 842, 539, 2103, 1047, 3230, 1869, 1341, 1144, 1970, 1007, 856, 1505, 1040, 1034, 873, 2429, 903, 1219, 1039, 870, 524, 1208, 1206, 1031, 674, 1824, 1608, 3411, 2076, 842, 914, 1539, 627, 1662, 3151, 1145, 1931, 1609, 1233, 688, 353, 1477, 2773, 2049, 933, 1659, 852, 987, 1611, 1634, 1367, 785, 1805, 3013, 1268, 1703, 559, 1794, 1206, 1876, 1259, 973, 1471, 997, 1629, 1178, 5112, 1478, 1295, 3180, 1378, 2158, 1734, 1892, 4576, 1662, 1173, 1830, 1654, 2723, 1408, 2492, 2087, 1167, 3004, 1343, 1492, 1364, 578, 3303, 2126, 7035, 1345, 2212, 1655, 1391, 1309, 748, 2396, 1954, 1365, 1335, 2453, 519, 1952, 647, 578, 1683, 1144, 1582, 1073, 842, 2700, 2630, 1325, 1586, 1425, 2316, 787, 832, 6144, 1391, 2188, 1406, 1302, 673, 2263, 1848, 1685, 2951, 1069, 2366, 2072, 1301, 4098, 1322, 1073, 1846, 839, 2047, 2326, 1312, 327, 1813, 1772, 1579, 936, 1267, 458, 2543, 1799, 851, 2498, 1618, 3485, 2248, 1103, 2387, 1388, 4265, 1389, 2109, 1715, 1167, 6308, 2223, 1212, 4190, 1298, 1277, 1173, 1398, 1224, 841, 1635, 2347, 1030, 3412, 1656, 2284, 2277, 1339, 2308)
(156, 809): Mean: 1739.816, median: 1547.5, std: 1060.202, percent: 1637.96, B: 122, W: 128, 
	(2263, 870, 1241, 8190, 2324, 1716, 826, 1358, 839, 1864, 1274, 1440, 949, 1759, 2529, 936, 3184, 3121, 1391, 2467, 1383, 682, 1707, 889, 1595, 1378, 804, 1896, 1558, 1343, 2957, 2394, 2518, 969, 803, 1925, 1158, 1547, 1807, 1550, 841, 2261, 1255, 1659, 1202, 2305, 1085, 808, 6002, 1573, 683, 1387, 994, 299, 1328, 3980, 551, 581, 2438, 1909, 1732, 3390, 2202, 1604, 2176, 3638, 1643, 823, 448, 2013, 1028, 2652, 1688, 1396, 1209, 1555, 992, 764, 1507, 1018, 1018, 851, 2343, 963, 1173, 1199, 835, 539, 1098, 1175, 1111, 769, 1710, 1524, 4009, 2360, 915, 874, 1584, 697, 1764, 3634, 1144, 2332, 1697, 1296, 700, 329, 1351, 2605, 2318, 953, 1820, 818, 937, 1268, 1480, 1521, 815, 1993, 3205, 1392, 1555, 608, 2025, 1280, 1906, 1280, 944, 1615, 1014, 1908, 1189, 4939, 1625, 1234, 3086, 1409, 2077, 1760, 2341, 3877, 1738, 1295, 1996, 1757, 2780, 1434, 2363, 1986, 1185, 2707, 1558, 1557, 1177, 608, 3459, 2070, 6921, 1421, 2160, 1691, 1469, 1367, 773, 2113, 1869, 1406, 1409, 2214, 502, 1861, 590, 607, 1508, 1163, 1388, 1164, 776, 2440, 2894, 1250, 1560, 1364, 2029, 815, 664, 6356, 1603, 2319, 1677, 1260, 706, 2017, 1884, 1556, 2471, 1036, 2099, 2005, 1214, 4365, 1256, 1187, 1917, 808, 2109, 2376, 1586, 257, 2008, 1682, 1703, 930, 1276, 482, 2440, 1582, 979, 2169, 1548, 3044, 2537, 1179, 2125, 1461, 3932, 1267, 1765, 1826, 1105, 5457, 2631, 1342, 4639, 1417, 1356, 1120, 1468, 1067, 855, 1625, 1987, 932, 3235, 1627, 2078, 2436, 1442, 2264)
(157, 815): Mean: 1784.1, median: 1581.5, std: 1061.889, percent: 1702.92, B: 100, W: 149, 
	(2267, 910, 1332, 8942, 2356, 1640, 824, 1362, 817, 1740, 1365, 1442, 985, 1776, 2755, 846, 2343, 2794, 1782, 2369, 1097, 858, 1670, 924, 1506, 1467, 826, 1779, 1443, 1417, 3533, 2012, 3143, 1164, 849, 1937, 1122, 1290, 1774, 1701, 876, 2157, 1396, 1645, 1027, 2496, 1256, 873, 5412, 1597, 669, 1406, 1171, 284, 1291, 4117, 489, 604, 2694, 2426, 1607, 3408, 2304, 1656, 1974, 3727, 1433, 893, 546, 1959, 928, 2769, 1699, 1571, 1365, 1675, 975, 988, 1483, 1028, 1267, 856, 2165, 955, 1323, 1274, 900, 603, 1190, 1171, 1125, 783, 1939, 1667, 3763, 2183, 892, 1055, 1542, 697, 1734, 3465, 1196, 2172, 1898, 1240, 719, 335, 1338, 2633, 2109, 896, 1807, 926, 918, 1378, 1564, 1384, 875, 1729, 2849, 1429, 1847, 579, 1856, 1356, 1802, 1251, 1013, 1638, 969, 2217, 1294, 5747, 1542, 1181, 3068, 1343, 2253, 1922, 1764, 4541, 2042, 1381, 2044, 1685, 3087, 1374, 2205, 2259, 1395, 2832, 1440, 1629, 1350, 682, 3493, 2008, 6457, 1641, 2631, 1625, 1392, 1587, 782, 2482, 1900, 1490, 1364, 2543, 536, 1919, 604, 615, 1814, 1142, 1676, 1187, 801, 2357, 2535, 1319, 1542, 1694, 2127, 855, 776, 5411, 1703, 2729, 1576, 1203, 687, 2071, 1800, 1664, 2921, 1062, 2080, 2301, 1993, 4454, 1206, 1270, 1911, 837, 2106, 2598, 2313, 317, 1865, 2111, 1624, 970, 1264, 469, 2826, 1759, 958, 2940, 1504, 3117, 2360, 1270, 2161, 1481, 4685, 1235, 1993, 1972, 1160, 4980, 2654, 1292, 4049, 1419, 1326, 1106, 1608, 1053, 836, 1698, 2029, 1024, 3437, 1839, 2074, 2487, 1530, 2188)
(159, 824): Mean: 1786.884, median: 1536.0, std: 1085.015, percent: 1727.9, B: 127, W: 122, 
	(2086, 980, 1372, 9129, 2011, 1818, 958, 1471, 856, 1783, 1433, 1376, 1028, 1572, 2636, 927, 2806, 3048, 1525, 2158, 1358, 726, 1634, 891, 1670, 1518, 893, 1553, 1463, 1363, 3121, 2088, 2790, 1117, 807, 1824, 1173, 1467, 1762, 1676, 822, 1894, 1284, 1594, 997, 2101, 1199, 892, 5339, 1696, 802, 1456, 1069, 284, 1306, 4249, 502, 648, 2911, 2040, 1884, 3610, 2477, 1654, 2138, 3959, 1563, 849, 465, 1942, 956, 2741, 1900, 1574, 1270, 1571, 1059, 939, 1514, 938, 1199, 813, 2287, 1009, 1270, 1187, 899, 513, 1283, 1205, 1168, 692, 1762, 1642, 3995, 2214, 866, 969, 1626, 748, 1773, 3318, 1150, 2108, 1873, 1277, 664, 405, 1321, 2655, 2058, 1004, 1977, 1030, 962, 1273, 1596, 1431, 955, 1859, 3327, 1488, 1763, 647, 1758, 1444, 1699, 1258, 1035, 1547, 960, 2135, 1223, 6101, 1536, 1190, 3384, 1478, 2028, 1842, 2082, 4198, 1824, 1305, 1832, 1876, 3173, 1451, 2427, 2152, 1283, 2766, 1293, 1503, 1127, 606, 3359, 2482, 5762, 1524, 2795, 1692, 1483, 1485, 795, 2251, 2184, 1533, 1273, 2525, 591, 1920, 647, 685, 1577, 1134, 1580, 1127, 864, 2533, 2611, 1379, 1442, 1620, 2165, 839, 679, 5385, 1627, 2642, 1483, 1233, 631, 2459, 1923, 1614, 3060, 1129, 2644, 1725, 1495, 3698, 1271, 1246, 1745, 790, 2282, 3011, 1716, 342, 1892, 1931, 1574, 1029, 1236, 394, 2493, 1459, 938, 2936, 1453, 3451, 2311, 1244, 2460, 1536, 4264, 1336, 2213, 1965, 1175, 6755, 2469, 1336, 3791, 1307, 1333, 1210, 1537, 1153, 964, 1595, 2235, 992, 3549, 1668, 2116, 3081, 1465, 2456)
(160, 829): Mean: 1777.508, median: 1530.0, std: 1045.425, percent: 1698.0, B: 129, W: 120, 
	(2209, 927, 1413, 7608, 2767, 1548, 849, 1357, 909, 1899, 1280, 1448, 1034, 1692, 2340, 899, 3002, 3170, 1778, 2356, 1259, 742, 1642, 974, 1498, 1392, 936, 1951, 1529, 1366, 2809, 1966, 3044, 962, 839, 1970, 1136, 1300, 1840, 1438, 874, 2362, 1145, 1929, 1188, 2241, 1147, 856, 5015, 1482, 713, 1454, 1050, 370, 1232, 4361, 490, 674, 3399, 1955, 1673, 3597, 2473, 1549, 1955, 4064, 1663, 816, 477, 2141, 999, 2559, 1893, 1609, 1289, 1672, 1005, 817, 1478, 1141, 1108, 911, 2225, 1017, 1268, 1226, 911, 488, 1081, 1278, 1123, 618, 1969, 1628, 4042, 2378, 859, 875, 1523, 665, 1544, 3538, 1062, 2469, 1939, 1314, 766, 448, 1547, 2721, 1970, 944, 1972, 855, 908, 1630, 1462, 1383, 937, 1619, 2988, 1477, 1890, 596, 1830, 1454, 1827, 1209, 1001, 1445, 1080, 2128, 1358, 4917, 1531, 1214, 3193, 1514, 1801, 1857, 2177, 4029, 1902, 1274, 1722, 1769, 2996, 1598, 2364, 2127, 1287, 2539, 1491, 1612, 1380, 706, 3539, 2069, 6324, 1437, 2629, 1709, 1565, 1333, 732, 1883, 2082, 1515, 1457, 2347, 544, 2150, 677, 656, 1499, 1256, 1534, 1175, 812, 2542, 2829, 1479, 1546, 1492, 2167, 789, 742, 5514, 1702, 2821, 1462, 1211, 750, 2142, 1881, 1846, 3332, 1177, 2170, 2137, 1543, 3717, 1277, 1266, 1888, 846, 1835, 2580, 1489, 274, 1950, 1938, 1563, 923, 1153, 380, 2236, 1746, 1005, 2624, 1580, 3007, 2474, 1193, 2030, 1505, 4927, 1342, 1936, 1884, 1160, 6586, 2258, 1384, 4414, 1527, 1276, 1074, 1504, 1222, 842, 1665, 2014, 992, 3822, 1705, 2312, 2759, 1418, 2288)
(161, 832): Mean: 1773.704, median: 1527.0, std: 1076.663, percent: 1671.34, B: 128, W: 121, 
	(2076, 880, 1508, 8487, 2457, 1417, 903, 1285, 751, 1849, 1274, 1516, 952, 1825, 2534, 883, 2401, 2776, 1724, 2447, 1355, 739, 1797, 986, 1474, 1363, 883, 1620, 1428, 1479, 3109, 2173, 3130, 1037, 758, 1819, 1215, 1502, 1783, 1555, 863, 2167, 1153, 1739, 938, 2264, 1249, 840, 5224, 1699, 684, 1500, 896, 357, 1208, 3979, 626, 604, 3275, 1990, 1716, 2842, 2166, 1557, 2273, 4393, 1704, 808, 471, 1649, 945, 2977, 1821, 1600, 1315, 1702, 1029, 786, 1352, 1092, 1056, 832, 2326, 1012, 1222, 1114, 886, 542, 1100, 1217, 1161, 732, 1917, 1400, 4207, 2374, 868, 931, 1534, 771, 1654, 4220, 1105, 1996, 1930, 1230, 711, 330, 1569, 2535, 2139, 966, 1902, 845, 838, 1703, 1456, 1454, 894, 1676, 3626, 1360, 1658, 607, 1845, 1378, 1718, 1237, 1100, 1952, 1095, 2072, 1234, 5815, 1614, 1432, 3420, 1372, 2071, 1647, 2040, 4890, 1763, 1198, 1701, 1846, 2922, 1447, 2410, 2210, 1195, 2607, 1426, 1660, 1250, 637, 3125, 2494, 6351, 1444, 2415, 1621, 1513, 1411, 820, 1993, 2038, 1599, 1481, 2799, 532, 2150, 668, 701, 1506, 1307, 1576, 1150, 826, 2454, 2509, 1405, 1629, 1470, 2300, 846, 739, 5943, 1641, 2234, 1580, 1184, 658, 2066, 1916, 1516, 2856, 1026, 2393, 1833, 1282, 3937, 1224, 1182, 1897, 799, 2256, 2899, 1296, 271, 1868, 1867, 1509, 1054, 1195, 441, 2422, 1577, 885, 2463, 1597, 3095, 2543, 1103, 2163, 1520, 4222, 1277, 2127, 1916, 1299, 5422, 2660, 1209, 4451, 1404, 1295, 1239, 1470, 1192, 898, 1679, 2103, 1064, 3935, 1799, 2086, 2066, 1690, 2447)
(162, 833): Mean: 1775.264, median: 1530.5, std: 1116.875, percent: 1650.88, B: 127, W: 121, 
	(2279, 997, 1256, 7757, 2257, 1591, 838, 1269, 886, 1913, 1401, 1572, 942, 1977, 2494, 968, 2537, 3093, 1731, 2246, 1276, 732, 1758, 788, 1650, 1464, 847, 1741, 1481, 1427, 3151, 1728, 2319, 1044, 779, 1788, 1293, 1434, 2037, 1380, 852, 2413, 1279, 1818, 840, 2296, 1102, 860, 4841, 1648, 744, 1478, 937, 356, 1341, 3908, 527, 631, 2786, 1970, 1688, 3771, 2267, 1604, 1669, 3504, 1643, 788, 485, 1734, 877, 3147, 1920, 1496, 1436, 1608, 943, 794, 1632, 997, 1226, 832, 2342, 1012, 1202, 1148, 954, 468, 1147, 1092, 1194, 802, 1900, 1701, 4896, 2491, 838, 965, 1624, 720, 1620, 3535, 1139, 2120, 1792, 1320, 691, 300, 1398, 2631, 1988, 847, 2103, 930, 882, 1162, 1535, 1413, 854, 1945, 3302, 1384, 1743, 583, 1919, 1329, 2010, 1280, 1041, 1648, 978, 2177, 1269, 8360, 1528, 1222, 3225, 1364, 2135, 1683, 1979, 4251, 1718, 1225, 1792, 1925, 3391, 1460, 2541, 2209, 1328, 2835, 1409, 1582, 1167, 616, 3165, 2304, 7882, 1533, 2414, 1605, 1380, 1312, 770, 2168, 1916, 1421, 1243, 2751, 545, 2020, 583, 640, 1657, 1180, 1438, 1226, 935, 2686, 2689, 1276, 1471, 1622, 2181, 818, 762, 5615, 1516, 2333, 1669, 1250, 700, 2334, 1926, 1661, 2525, 1031, 2345, 2092, 1332, 3931, 1411, 1157, 1783, 810, 2020, 2763, 1526, 256, 1740, 1907, 1517, 998, 1297, 383, 2258, 1712, 958, 2370, 1381, 2999, 2848, 1101, 2398, 1482, 3790, 1216, 2005, 1822, 1120, 5076, 2302, 1289, 4532, 1405, 1268, 1171, 1446, 1200, 913, 1561, 2343, 1020, 4114, 1851, 2068, 2210, 1751, 2297)
(164, 844): Mean: 1749.94, median: 1552.0, std: 1068.534, percent: 1648.8, B: 140, W: 108, 
	(2226, 892, 1242, 7752, 2413, 1603, 824, 1399, 801, 1605, 1235, 1563, 954, 2037, 2147, 971, 2978, 2925, 1795, 2449, 1188, 738, 1755, 880, 1487, 1519, 833, 1713, 1340, 1389, 2887, 1807, 2532, 1136, 839, 1807, 1232, 1429, 1631, 1429, 809, 2118, 1268, 1602, 903, 2627, 1094, 823, 5287, 1693, 721, 1426, 977, 312, 1248, 3991, 630, 571, 2850, 2133, 1769, 2942, 2416, 1742, 1886, 3125, 1588, 771, 474, 1762, 941, 2528, 1900, 1559, 1450, 1562, 954, 779, 1392, 1082, 1085, 768, 2119, 937, 1415, 1089, 875, 558, 1279, 1200, 1141, 679, 1973, 1671, 4560, 2684, 904, 889, 1544, 742, 1591, 3220, 1217, 2190, 1867, 1188, 609, 363, 1291, 2525, 2166, 869, 2107, 824, 862, 1421, 1563, 1404, 884, 1808, 3264, 1288, 1623, 717, 1914, 1289, 1862, 1163, 984, 1695, 1026, 2112, 1211, 6391, 1595, 1183, 2910, 1565, 1980, 1915, 1841, 4602, 1661, 1270, 1635, 1786, 2931, 1398, 2347, 2040, 1168, 2996, 1378, 1658, 1171, 571, 3321, 2341, 7110, 1525, 2617, 1553, 1506, 1513, 761, 2329, 1916, 1437, 1358, 2614, 541, 2170, 638, 583, 1487, 1322, 1456, 1141, 815, 2277, 2551, 1272, 1664, 1709, 2027, 846, 828, 5392, 1651, 2290, 1423, 1108, 673, 2302, 1758, 1751, 2792, 1079, 2356, 2018, 1286, 3737, 1281, 1240, 1708, 776, 2038, 2431, 1414, 275, 1874, 1918, 1488, 971, 1246, 485, 2913, 1689, 815, 2734, 1593, 3284, 2275, 1079, 2034, 1385, 4594, 1288, 2119, 1751, 1244, 5093, 2392, 1328, 5485, 1177, 1268, 1045, 1569, 1078, 831, 1684, 1859, 847, 3911, 1713, 1895, 2072, 1551, 2593)
(165, 846): Mean: 1743.928, median: 1505.0, std: 1048.873, percent: 1678.58, B: 126, W: 122, 
	(2336, 884, 1312, 7609, 2076, 1503, 881, 1245, 721, 1854, 1348, 1671, 901, 1543, 2366, 853, 2481, 2524, 1605, 2299, 1180, 742, 1804, 778, 1584, 1306, 905, 1707, 1482, 1392, 3245, 2085, 2731, 975, 772, 1805, 1224, 1583, 2014, 1607, 907, 2125, 1153, 1899, 906, 2296, 1115, 883, 4926, 1786, 737, 1451, 973, 311, 1142, 4129, 515, 628, 2767, 2028, 1602, 3431, 2174, 1575, 1953, 3544, 1742, 841, 448, 1924, 1007, 2669, 2109, 1651, 1338, 1802, 905, 852, 1594, 1000, 1129, 805, 2314, 943, 1249, 1059, 811, 499, 1266, 1200, 1186, 669, 1849, 1662, 4249, 2413, 809, 884, 1500, 650, 1561, 3048, 1093, 2101, 1827, 1177, 643, 315, 1292, 2911, 2052, 787, 2073, 894, 836, 1165, 1567, 1336, 832, 1865, 3762, 1301, 1813, 592, 1822, 1284, 1902, 1248, 1144, 1875, 959, 1535, 1275, 5207, 1621, 1147, 3768, 1437, 1939, 1729, 1732, 3792, 1780, 1154, 1501, 1658, 2565, 1530, 2605, 2045, 1322, 3048, 1193, 1599, 1221, 646, 3639, 2367, 7477, 1469, 2830, 1790, 1301, 1257, 709, 2087, 2054, 1507, 1420, 2347, 506, 1958, 554, 656, 1482, 1201, 1456, 1225, 788, 2550, 2555, 1279, 1461, 1523, 2182, 762, 785, 5132, 1609, 2225, 1436, 1090, 652, 1995, 1957, 1452, 2689, 1147, 2463, 2108, 1322, 3699, 1401, 1139, 1845, 762, 2259, 2663, 1526, 305, 1778, 1912, 1449, 1036, 1334, 397, 2635, 1698, 956, 2039, 1393, 3306, 2352, 1210, 2474, 1417, 4682, 1407, 2205, 1653, 1075, 5824, 2725, 1453, 4205, 1491, 1275, 1330, 1488, 1092, 910, 1532, 2014, 939, 3567, 1680, 2189, 2752, 1491, 2521)
(166, 848): Mean: 1703.504, median: 1465.0, std: 1053.63, percent: 1572.32, B: 156, W: 92, 
	(2238, 940, 1279, 7843, 2261, 1476, 778, 1221, 750, 1847, 1297, 1467, 1023, 1787, 2552, 857, 2683, 3025, 1646, 2605, 1283, 674, 1601, 1017, 1694, 1261, 807, 1790, 1492, 1328, 2825, 1808, 2562, 1067, 769, 1739, 1166, 1403, 1881, 1586, 782, 2283, 1234, 1742, 865, 2443, 1072, 768, 5749, 1567, 687, 1346, 913, 299, 1316, 4395, 479, 539, 2350, 1995, 2033, 3215, 2111, 1529, 2049, 3421, 1528, 810, 461, 1805, 1093, 2573, 1717, 1339, 1321, 1449, 984, 844, 1524, 1077, 1081, 810, 2247, 925, 1265, 1165, 876, 511, 1114, 1217, 1072, 614, 2042, 1430, 4208, 2641, 792, 864, 1472, 694, 1463, 4049, 1073, 2120, 1912, 1267, 601, 266, 1387, 2518, 1994, 903, 1722, 826, 791, 1222, 1453, 1326, 769, 1796, 2829, 1349, 1639, 638, 1756, 1461, 1968, 1144, 979, 1757, 969, 1811, 1208, 5224, 1532, 1162, 3453, 1437, 1794, 1717, 1888, 4140, 1643, 1130, 1589, 1779, 2906, 1450, 2213, 1925, 1210, 2913, 1408, 1730, 1234, 556, 3099, 2189, 6152, 1467, 2318, 1529, 1316, 1308, 683, 1884, 1953, 1384, 1329, 2268, 530, 2060, 596, 523, 1572, 1218, 1366, 1092, 800, 2582, 2396, 1384, 1513, 1376, 1989, 782, 757, 5472, 1685, 1894, 1514, 1220, 616, 2193, 1917, 1500, 2731, 1054, 2021, 1889, 1129, 3572, 1273, 1139, 1861, 750, 2161, 2388, 1332, 256, 1731, 1832, 1574, 947, 1300, 325, 2129, 1366, 899, 1986, 1581, 2910, 2171, 1057, 2264, 1348, 5303, 1342, 2197, 1709, 1081, 6306, 2406, 1236, 4430, 1299, 1236, 1164, 1426, 1089, 928, 1735, 1759, 914, 3790, 1663, 1845, 2005, 1400, 2137)
(172, 883): Mean: 1736.708, median: 1525.5, std: 1062.56, percent: 1641.14, B: 102, W: 148, 
	(2059, 899, 1275, 7910, 2255, 1640, 910, 1368, 776, 1639, 1382, 1412, 923, 1704, 2603, 915, 2501, 2982, 1889, 2521, 1360, 737, 1525, 885, 1478, 1327, 830, 1719, 1526, 1507, 3149, 1875, 2670, 938, 786, 1765, 1247, 1656, 1873, 1622, 754, 2201, 1231, 1994, 1060, 2350, 1275, 856, 5472, 1729, 696, 1370, 942, 305, 1320, 4589, 524, 611, 2474, 1973, 1656, 3524, 2454, 1676, 1719, 3748, 1543, 903, 443, 1694, 991, 2884, 1819, 1389, 1419, 1491, 857, 860, 1682, 1040, 1018, 775, 2056, 1006, 1225, 1303, 872, 491, 1047, 1181, 1164, 704, 1793, 1483, 3251, 2390, 861, 945, 1564, 659, 1596, 3238, 1136, 2269, 1689, 1212, 685, 324, 1530, 2524, 2291, 995, 1953, 796, 793, 1195, 1399, 1481, 819, 1687, 3787, 1303, 1821, 529, 1766, 1287, 1828, 1344, 1052, 1645, 1058, 1921, 1274, 4178, 1836, 1158, 3066, 1398, 1812, 1681, 1746, 4765, 1851, 1229, 1652, 1719, 2903, 1641, 2462, 2001, 1282, 2933, 1571, 1449, 1197, 663, 3110, 2198, 7436, 1552, 2279, 1854, 1475, 1410, 842, 2136, 1746, 1438, 1295, 2293, 459, 2155, 568, 516, 1554, 1290, 1455, 1133, 748, 2542, 2762, 1331, 1400, 1572, 2003, 787, 754, 5696, 1559, 2378, 1759, 1069, 619, 2026, 2075, 1712, 2772, 1016, 2374, 2172, 1219, 4349, 1271, 1091, 1750, 746, 2047, 2632, 1263, 314, 1733, 1953, 1497, 1072, 1184, 456, 2416, 1646, 873, 2451, 1627, 2942, 2122, 1095, 2062, 1433, 4970, 1300, 1935, 1976, 1120, 5159, 2370, 1213, 4899, 1261, 1228, 1155, 1500, 1125, 939, 1509, 1845, 949, 4087, 1611, 1995, 2033, 1450, 2220)
(174, 895): Mean: 1709.332, median: 1508.0, std: 1024.747, percent: 1615.02, B: 144, W: 106, 
	(2252, 966, 1277, 7221, 2206, 1569, 863, 1380, 765, 1659, 1319, 1362, 963, 1806, 2462, 880, 2666, 2631, 1752, 2343, 1273, 698, 1573, 911, 1409, 1417, 774, 1683, 1345, 1416, 2862, 1806, 2662, 992, 746, 1658, 1187, 1534, 1848, 1563, 843, 2171, 1232, 1661, 932, 2195, 1211, 753, 5308, 1621, 764, 1399, 953, 309, 1187, 3668, 463, 607, 2520, 1993, 1670, 3235, 2205, 1564, 2124, 3654, 1608, 876, 472, 1917, 1082, 2558, 1893, 1456, 1320, 1569, 1002, 897, 1549, 1173, 1081, 790, 2103, 950, 1249, 1094, 782, 545, 1114, 1075, 1072, 681, 1778, 1507, 4174, 2506, 838, 888, 1411, 658, 1611, 3726, 1141, 2345, 1868, 1187, 629, 308, 1448, 2585, 2159, 1008, 1845, 874, 772, 1043, 1492, 1399, 781, 1703, 2962, 1270, 1716, 543, 1732, 1285, 1851, 1095, 985, 1543, 1094, 1834, 1121, 5474, 1597, 1261, 3496, 1583, 2252, 1806, 1671, 4845, 1751, 1236, 1754, 1933, 3088, 1632, 2158, 1927, 1205, 2595, 1347, 1568, 1146, 590, 2868, 2294, 7316, 1342, 2330, 1640, 1434, 1270, 736, 1833, 1863, 1437, 1292, 2385, 430, 2101, 644, 549, 1413, 1309, 1384, 988, 827, 2400, 2546, 1353, 1606, 1554, 2032, 771, 730, 4361, 1509, 2686, 1541, 1358, 626, 2149, 1948, 1525, 2643, 979, 2060, 1765, 1218, 4430, 1364, 1144, 1712, 729, 1943, 2575, 1492, 299, 1906, 2016, 1457, 936, 1265, 573, 2560, 1735, 832, 2075, 1455, 3540, 2280, 1104, 2086, 1334, 4449, 1239, 1992, 1872, 1087, 5527, 2359, 1419, 3979, 1246, 1311, 1270, 1375, 1054, 861, 1737, 2038, 892, 3651, 1666, 2042, 2244, 1518, 2139)
(176, 907): Mean: 1716.644, median: 1484.5, std: 1005.11, percent: 1633.76, B: 124, W: 124, 
	(2142, 887, 1212, 6938, 1858, 1690, 850, 1383, 781, 1806, 1257, 1428, 892, 1980, 2455, 893, 2509, 3067, 1683, 2199, 1276, 736, 1788, 932, 1568, 1322, 752, 1968, 1422, 1423, 3057, 1829, 3081, 999, 811, 1840, 1169, 1463, 1817, 1540, 772, 2174, 1384, 1662, 1013, 2430, 1141, 737, 4223, 1485, 677, 1484, 1018, 315, 1284, 3681, 495, 556, 2815, 2138, 1666, 3410, 2150, 1490, 1858, 3704, 1641, 781, 503, 1797, 937, 2680, 1832, 1442, 1304, 1497, 954, 839, 1591, 1173, 1018, 781, 2171, 984, 1193, 1246, 921, 502, 1114, 1256, 1119, 605, 1904, 1464, 4077, 2369, 774, 886, 1432, 657, 1706, 3373, 1188, 2158, 1687, 1228, 646, 275, 1381, 2693, 2305, 954, 1698, 838, 724, 1166, 1409, 1292, 838, 1660, 3088, 1295, 1582, 649, 1848, 1412, 1860, 1193, 1046, 1847, 924, 2083, 1152, 5478, 1770, 1106, 3348, 1426, 2285, 1714, 1631, 4700, 1603, 1139, 1986, 1699, 2968, 1423, 2595, 1849, 1192, 2883, 1416, 1602, 1156, 572, 3256, 2368, 6298, 1578, 2631, 1679, 1456, 1350, 663, 1961, 1751, 1477, 1339, 2149, 607, 2276, 597, 592, 1386, 1118, 1471, 1116, 877, 2248, 2512, 1290, 1516, 1534, 2286, 773, 636, 4747, 1580, 2543, 1477, 1177, 627, 2094, 2124, 1683, 2357, 1036, 2717, 1881, 1187, 4752, 1223, 1015, 1694, 813, 1897, 2454, 1334, 343, 1890, 1910, 1607, 963, 1282, 448, 2374, 1584, 853, 2515, 1320, 3444, 2079, 1074, 2270, 1417, 4690, 1307, 2053, 1768, 1050, 4876, 2653, 1302, 4974, 1259, 1305, 1238, 1507, 1107, 852, 1680, 1896, 860, 3220, 1634, 2240, 2616, 1489, 2361)
(179, 922): Mean: 1728.936, median: 1486.0, std: 1080.643, percent: 1633.84, B: 125, W: 123, 
	(2150, 946, 1409, 9053, 2235, 1489, 802, 1328, 773, 1716, 1341, 1457, 908, 1814, 2475, 909, 2486, 2955, 1622, 2283, 1340, 645, 1606, 961, 1637, 1324, 792, 1863, 1411, 1487, 2622, 1724, 2962, 997, 703, 1696, 1210, 1324, 1980, 1558, 812, 2216, 1145, 1797, 873, 2207, 1192, 846, 4651, 1457, 693, 1345, 1043, 305, 1250, 3599, 480, 612, 2302, 1868, 1626, 3115, 2249, 1571, 2325, 3502, 1860, 848, 479, 1777, 1070, 2716, 1898, 1361, 1217, 1440, 908, 923, 1394, 1155, 1123, 787, 2320, 927, 1233, 1121, 957, 482, 1128, 1254, 1147, 582, 1972, 1607, 3206, 2191, 766, 1001, 1514, 626, 1666, 3286, 1216, 2048, 1803, 1314, 595, 302, 1455, 3135, 2232, 924, 1770, 835, 780, 1500, 1443, 1443, 822, 1748, 3454, 1348, 1757, 605, 1814, 1509, 1711, 1196, 1012, 1551, 956, 1632, 1155, 5795, 1517, 1086, 2938, 1488, 2075, 1615, 2045, 3976, 1941, 1108, 1730, 1630, 3367, 1335, 2247, 1835, 1131, 2609, 1391, 1512, 1225, 635, 2925, 2283, 7170, 1690, 2826, 1722, 1388, 1315, 705, 2033, 1950, 1440, 1399, 2344, 566, 2119, 606, 541, 1705, 1116, 1485, 1046, 728, 2422, 2429, 1359, 1480, 1512, 2185, 826, 696, 5976, 1543, 2283, 1477, 1212, 703, 1871, 1715, 1614, 2728, 1008, 2352, 1998, 1390, 3608, 1279, 1191, 1665, 772, 2032, 2415, 1478, 283, 1809, 2330, 1441, 999, 1249, 390, 2464, 1652, 891, 2489, 1447, 3746, 2462, 1218, 2351, 1358, 4488, 1307, 2119, 1710, 1131, 6063, 2566, 1467, 4626, 1388, 1244, 1143, 1407, 1173, 893, 1655, 1978, 879, 3695, 1692, 1987, 2459, 1422, 2530)
(180, 923): Mean: 1725.656, median: 1496.0, std: 1067.007, percent: 1651.66, B: 123, W: 126, 
	(2544, 908, 1171, 8984, 2417, 1518, 797, 1335, 784, 1869, 1335, 1718, 853, 2111, 2549, 1008, 2560, 3278, 1389, 2350, 1373, 703, 1568, 918, 1545, 1233, 826, 1845, 1495, 1325, 2874, 2020, 2680, 1011, 810, 1913, 1261, 1422, 1905, 1584, 797, 1978, 1163, 1784, 1048, 1969, 1194, 853, 4886, 1639, 671, 1445, 995, 274, 1423, 4505, 513, 581, 2676, 1901, 1676, 3473, 2380, 1439, 2065, 3318, 1509, 838, 476, 1866, 926, 2478, 1737, 1521, 1197, 1600, 963, 763, 1427, 1071, 1115, 808, 2304, 980, 1212, 1092, 835, 488, 1185, 1188, 1028, 584, 1817, 1669, 3774, 2632, 876, 946, 1590, 646, 1578, 3924, 1125, 2443, 1852, 1174, 607, 311, 1233, 2588, 2297, 929, 1950, 835, 886, 1094, 1444, 1373, 804, 1607, 3120, 1324, 1497, 659, 1684, 1415, 1886, 1202, 1197, 1627, 928, 1916, 1212, 4819, 1717, 1240, 3893, 1381, 1871, 1660, 1803, 4599, 1813, 1142, 1703, 1588, 2716, 1447, 2420, 1964, 1149, 2882, 1497, 1517, 1128, 601, 3049, 1923, 5901, 1505, 2269, 1675, 1336, 1229, 777, 2093, 2038, 1479, 1169, 2369, 510, 2145, 593, 547, 1514, 1102, 1536, 954, 817, 2480, 2559, 1277, 1413, 1490, 1931, 787, 660, 5954, 1730, 2521, 1639, 1213, 680, 2193, 1787, 1422, 2559, 1010, 2370, 1899, 1195, 3750, 1269, 1183, 1747, 790, 2096, 2318, 1273, 268, 2120, 2170, 1424, 982, 1318, 444, 2723, 1730, 863, 2365, 1423, 3218, 2633, 1060, 2156, 1434, 4773, 1356, 2160, 1846, 1006, 5562, 2210, 1130, 4486, 1300, 1190, 1195, 1497, 1103, 885, 1489, 1948, 996, 3916, 1613, 1880, 2138, 1558, 2274)
(181, 927): Mean: 1718.236, median: 1470.0, std: 1061.628, percent: 1615.94, B: 132, W: 118, 
	(2280, 903, 1390, 7396, 2187, 1559, 739, 1458, 752, 1808, 1305, 1378, 942, 1853, 2416, 976, 2506, 2916, 1644, 2414, 1099, 673, 1664, 903, 1609, 1413, 783, 1748, 1409, 1420, 2828, 1922, 2696, 936, 797, 1677, 1257, 1331, 1784, 1480, 774, 1910, 1255, 1812, 883, 2377, 1283, 834, 4911, 1577, 693, 1470, 962, 288, 1236, 3635, 528, 617, 2611, 1756, 1607, 2853, 2134, 1592, 1733, 4036, 1706, 929, 436, 1771, 946, 2321, 1903, 1431, 1256, 1409, 949, 786, 1503, 1099, 1033, 791, 1944, 999, 1323, 1062, 990, 503, 1138, 1196, 1157, 662, 1738, 1616, 4411, 2171, 906, 882, 1503, 564, 1602, 3116, 1132, 2343, 1811, 1251, 647, 356, 1400, 2626, 2242, 793, 1889, 840, 838, 1347, 1437, 1320, 876, 1756, 3536, 1302, 1718, 602, 1955, 1277, 1846, 1112, 1079, 1717, 1204, 2026, 1223, 5615, 1611, 1307, 2719, 1352, 1891, 1923, 1879, 4569, 1664, 1213, 1631, 1783, 2898, 1404, 2481, 2207, 1211, 2590, 1376, 1527, 1215, 595, 2882, 2223, 6734, 1468, 2313, 1590, 1378, 1409, 778, 2035, 1805, 1424, 1301, 2346, 596, 2022, 572, 571, 1451, 1240, 1433, 1060, 785, 2552, 2284, 1259, 1649, 1596, 2125, 818, 696, 5928, 1668, 2451, 1462, 1133, 669, 1954, 1915, 1498, 2706, 1040, 2365, 1959, 1300, 3798, 1257, 1105, 2036, 742, 2151, 2727, 1470, 266, 1926, 1947, 1362, 989, 1283, 450, 2434, 1553, 838, 2386, 1381, 3530, 2622, 1144, 2192, 1486, 4650, 1304, 1823, 1618, 1151, 7210, 2020, 1377, 4730, 1214, 1255, 1116, 1424, 1142, 832, 1578, 1840, 857, 3489, 1750, 1946, 2175, 1662, 2346)
(186, 956): Mean: 1715.488, median: 1526.0, std: 998.651, percent: 1618.96, B: 120, W: 129, 
	(2057, 903, 1235, 6452, 2354, 1592, 809, 1377, 843, 1737, 1426, 1444, 1012, 1922, 2382, 906, 2334, 3078, 1796, 2320, 1377, 770, 1708, 930, 1498, 1296, 846, 1900, 1432, 1362, 3326, 2005, 2782, 1013, 710, 1732, 1201, 1338, 1943, 1558, 787, 2337, 1242, 1696, 1007, 2556, 1131, 792, 5201, 1659, 716, 1506, 979, 344, 1260, 3952, 444, 593, 2671, 2028, 1772, 2962, 2226, 1453, 1682, 3671, 1595, 797, 398, 1797, 931, 2627, 1829, 1505, 1375, 1589, 940, 792, 1499, 1030, 1053, 839, 2078, 1021, 1175, 1101, 854, 560, 1177, 1106, 1086, 691, 1859, 1573, 3610, 2098, 828, 886, 1644, 711, 1586, 3109, 1115, 2300, 1790, 1248, 683, 265, 1325, 2730, 2239, 913, 1770, 857, 790, 1222, 1408, 1327, 812, 1915, 3177, 1368, 1652, 569, 1817, 1370, 1976, 1259, 1025, 1557, 985, 1978, 1219, 4562, 1585, 1311, 3328, 1497, 1993, 1753, 1704, 4918, 1825, 1126, 1515, 1887, 2489, 1614, 2458, 1988, 1329, 2632, 1449, 1646, 1137, 596, 3575, 2341, 6775, 1618, 2636, 1580, 1406, 1307, 735, 1841, 1866, 1529, 1578, 2194, 566, 2056, 639, 604, 1414, 1186, 1556, 1079, 730, 2301, 2487, 1195, 1643, 1538, 2120, 796, 682, 5137, 1571, 2235, 1683, 1249, 611, 2118, 1746, 1484, 2470, 1077, 2606, 2196, 1235, 3743, 1451, 1160, 1730, 793, 2113, 2241, 1297, 294, 1835, 2031, 1423, 1002, 1314, 414, 2204, 1587, 871, 2550, 1523, 3316, 2278, 1236, 2532, 1366, 4628, 1367, 2029, 1737, 1131, 5912, 2798, 1295, 4547, 1229, 1307, 1107, 1394, 1100, 922, 1543, 1894, 1002, 3589, 1619, 2088, 1866, 1537, 2211)
(187, 958): Mean: 1734.912, median: 1537.0, std: 1062.215, percent: 1601.0, B: 126, W: 123, 
	(2310, 857, 1374, 7091, 2062, 1608, 787, 1310, 774, 1853, 1386, 1559, 932, 1737, 2351, 1019, 2340, 2699, 1642, 2236, 1138, 747, 1710, 842, 1656, 1185, 809, 1731, 1413, 1519, 2983, 2279, 2672, 953, 732, 1839, 1244, 1417, 1815, 1451, 802, 2173, 1224, 1708, 921, 2687, 1189, 791, 5046, 1605, 698, 1529, 1018, 283, 1249, 3922, 531, 525, 2574, 2251, 1569, 3599, 2279, 1599, 1722, 4239, 1653, 851, 432, 1958, 942, 2250, 1814, 1646, 1256, 1648, 824, 777, 1510, 964, 1068, 779, 1957, 959, 1142, 1160, 895, 523, 1264, 1303, 1068, 695, 1935, 1495, 4039, 2318, 787, 872, 1489, 596, 1557, 3210, 1154, 2103, 2069, 1314, 728, 300, 1556, 2663, 2383, 862, 1844, 835, 808, 1284, 1387, 1337, 758, 1700, 3994, 1366, 1522, 538, 1820, 1299, 2097, 1259, 1006, 1836, 981, 1818, 1326, 6063, 1976, 1163, 3175, 1540, 1999, 1657, 1856, 4523, 1737, 1161, 1599, 1691, 3008, 1426, 2449, 1983, 1221, 2446, 1244, 1677, 1241, 588, 3185, 2089, 6776, 1382, 2547, 1668, 1394, 1219, 728, 2051, 1721, 1497, 1264, 2224, 517, 2309, 566, 555, 1545, 1210, 1699, 1098, 762, 2288, 2364, 1333, 1588, 1540, 2175, 825, 737, 5282, 1760, 2201, 1579, 1181, 631, 2086, 1969, 1606, 2601, 1071, 2280, 2209, 1401, 4193, 1241, 1148, 1741, 765, 2345, 2548, 1274, 281, 1716, 2002, 1498, 1054, 1185, 405, 2306, 1581, 919, 2203, 1327, 3733, 2368, 1132, 2169, 1409, 4959, 1534, 2142, 1833, 1117, 6473, 2582, 1206, 4567, 1337, 1225, 962, 1487, 1133, 978, 1761, 2030, 937, 3343, 1688, 2112, 2473, 1412, 2380)
(189, 967): Mean: 1725.232, median: 1520.5, std: 1066.414, percent: 1645.12, B: 133, W: 117, 
	(2125, 883, 1334, 7819, 2123, 1554, 788, 1373, 679, 1790, 1317, 1456, 938, 1743, 2257, 966, 2657, 2878, 1818, 2586, 1318, 762, 1573, 906, 1465, 1382, 829, 1613, 1561, 1426, 2927, 1795, 2466, 900, 712, 1748, 1117, 1443, 1839, 1656, 788, 2136, 1188, 1572, 975, 2577, 1160, 792, 4776, 1493, 718, 1361, 1014, 291, 1266, 4312, 520, 621, 2652, 2140, 1596, 3406, 2210, 1653, 1733, 3872, 1596, 878, 463, 1735, 923, 2400, 1837, 1498, 1415, 1552, 932, 795, 1658, 1010, 999, 841, 2291, 942, 1194, 1054, 880, 485, 1109, 1194, 1130, 658, 1842, 1555, 4130, 2570, 824, 939, 1446, 678, 1502, 3232, 1179, 2129, 1664, 1209, 655, 269, 1360, 2605, 2518, 922, 1807, 834, 798, 1061, 1497, 1491, 759, 1735, 3438, 1266, 1559, 534, 1890, 1316, 1803, 1185, 1021, 1539, 1043, 2009, 1140, 5075, 1612, 1224, 2876, 1455, 1819, 1633, 1770, 4458, 1628, 1082, 1740, 1673, 2812, 1427, 2314, 2138, 1232, 2763, 1581, 1617, 1130, 642, 3063, 2299, 7478, 1561, 2541, 1680, 1522, 1442, 748, 2021, 1880, 1417, 1323, 2537, 519, 2333, 599, 616, 1640, 1175, 1361, 1113, 769, 2329, 2591, 1240, 1566, 1524, 1903, 802, 705, 4920, 1469, 2009, 1341, 1146, 656, 2078, 1848, 1560, 2648, 1004, 2484, 2126, 1810, 5120, 1222, 1113, 1750, 751, 2276, 2661, 1309, 326, 1888, 1987, 1454, 960, 1300, 529, 2089, 1832, 822, 2110, 1519, 3515, 2480, 994, 2157, 1561, 4811, 1391, 2231, 1704, 1110, 6207, 2542, 1352, 4226, 1203, 1397, 1034, 1436, 1148, 840, 1577, 2114, 857, 3659, 1723, 2039, 2301, 1463, 2355)
(193, 987): Mean: 1708.64, median: 1485.5, std: 1047.618, percent: 1627.42, B: 128, W: 122, 
	(2273, 866, 1333, 7833, 2097, 1716, 890, 1504, 701, 1485, 1394, 1428, 958, 1913, 2420, 868, 2384, 2712, 1586, 1918, 1316, 742, 1697, 923, 1725, 1420, 907, 1660, 1350, 1430, 2802, 2145, 2756, 971, 706, 2056, 1144, 1504, 1825, 1486, 793, 2156, 1211, 1788, 795, 2114, 1032, 761, 5052, 1603, 681, 1399, 995, 294, 1306, 3799, 522, 531, 2706, 2057, 1511, 3204, 2206, 1514, 2193, 3646, 1546, 905, 450, 1721, 1019, 2616, 2006, 1540, 1319, 1335, 956, 835, 1595, 990, 1014, 893, 2042, 953, 1224, 1157, 887, 466, 1119, 1240, 1022, 647, 1811, 1511, 3926, 2122, 833, 911, 1552, 643, 1674, 3789, 1124, 2019, 1922, 1146, 665, 343, 1487, 2623, 2094, 812, 1772, 839, 752, 1177, 1620, 1291, 820, 1610, 3035, 1330, 1491, 560, 1774, 1417, 1765, 1255, 1097, 1519, 1015, 1809, 1164, 4425, 1631, 1282, 3313, 1396, 2103, 1612, 2033, 5233, 1474, 1198, 1571, 1625, 3429, 1452, 2341, 2202, 1088, 2730, 1433, 1873, 1368, 613, 2945, 2011, 7175, 1396, 2236, 1609, 1292, 1299, 723, 2002, 1780, 1399, 1364, 2508, 531, 1892, 600, 619, 1470, 1211, 1461, 1019, 728, 2514, 2499, 1168, 1337, 1393, 2367, 734, 768, 5634, 1528, 2031, 1551, 1125, 687, 2071, 1667, 1468, 2705, 1047, 2534, 1765, 1391, 4006, 1201, 1173, 1587, 722, 2365, 2544, 1341, 282, 1912, 1683, 1486, 872, 1355, 446, 2661, 1715, 861, 2294, 1496, 3303, 2488, 1136, 2239, 1417, 4745, 1267, 2154, 1830, 1047, 5605, 2161, 1301, 4717, 1254, 1326, 1125, 1450, 1013, 967, 1723, 1907, 928, 3171, 1781, 2068, 2199, 1440, 2388)

Test:
No precond: Mean: 2497.244, median: 2230.5, std: 1214.669, percent: 2491.02, flag: 0 
	(950, 1877, 1941, 3744, 1247, 5987, 1591, 2381, 2752, 2719, 2593, 1137, 1253, 4091, 1708, 6313, 1086, 1351, 2778, 2363, 2458, 3768, 1766, 673, 2961, 2180, 1841, 2736, 5944, 3685, 3480, 2306, 2914, 2443, 1792, 2633, 2141, 4723, 964, 5409, 1415, 1365, 2197, 2119, 4040, 2732, 2921, 4361, 3014, 957, 2406, 2700, 1016, 2727, 1027, 2206, 4471, 5667, 1023, 2254, 1165, 1674, 3359, 1425, 1789, 2027, 2275, 3964, 2649, 2021, 4787, 1110, 2587, 2272, 1938, 2301, 5418, 2672, 1851, 975, 2245, 1659, 1756, 2166, 2142, 1639, 2126, 577, 1965, 3532, 3207, 1680, 1477, 2114, 2249, 1844, 6588, 3956, 3429, 1896, 2283, 2294, 1954, 1963, 5632, 2312, 1484, 5220, 3578, 1482, 1083, 1703, 2010, 1982, 2121, 1963, 1474, 3246, 3444, 1895, 1519, 1214, 1727, 3619, 2218, 2905, 1983, 1012, 3293, 1160, 4712, 3107, 2411, 2979, 3354, 1456, 2438, 1712, 1625, 2868, 1529, 2304, 1987, 1497, 3180, 721, 1195, 1917, 1328, 924, 3485, 814, 4130, 3147, 3932, 2682, 3182, 1594, 2130, 2582, 1685, 1483, 3374, 4695, 2891, 3307, 3968, 3869, 2384, 1420, 3376, 2724, 4297, 1429, 1424, 3804, 2088, 3379, 1458, 3026, 1638, 3871, 1794, 779, 5650, 893, 4333, 1585, 2784, 1212, 2860, 2502, 1756, 1301, 1700, 1520, 1457, 2108, 2847, 1731, 5055, 3275, 801, 1719, 2677, 3232, 2390, 1571, 1775, 1773, 5055, 2885, 1386, 2727, 1195, 3078, 5249, 2163, 1890, 1574, 3070, 1313, 3534, 2465, 1861, 6735, 3555, 3290, 1992, 2142, 4196, 414, 3297, 4340, 1567, 4321, 2878, 2612, 1249, 1405, 2994, 2379, 2402, 2623, 2127, 1920, 1607, 2076, 2243, 1334)

Jacobi: Mean: 2079.96, median: 1846.5, std: 1147.316, percent: 2054.8, BvN: 230, WvN: 20, flag: 0 
	(743, 1369, 1195, 3231, 1009, 7387, 1727, 1614, 2239, 2554, 2275, 1024, 1025, 5804, 1392, 6411, 954, 1206, 2706, 1704, 2675, 2968, 1375, 575, 2623, 1668, 1803, 2268, 6098, 2546, 3110, 2118, 2038, 1593, 1423, 2732, 1976, 4085, 744, 6085, 1046, 1389, 1646, 1666, 2604, 1925, 2403, 3549, 2445, 862, 1575, 2241, 624, 2549, 759, 2428, 3182, 3671, 798, 1894, 1201, 1351, 2818, 1136, 1333, 1661, 1858, 4547, 1978, 1662, 3927, 766, 2296, 1997, 1257, 2321, 5079, 2090, 1426, 630, 1914, 1333, 1370, 1692, 1945, 1182, 1937, 385, 1552, 2907, 2769, 1315, 1330, 1709, 1746, 1488, 4297, 3849, 2967, 1630, 1962, 1618, 1884, 1519, 5188, 1964, 1223, 4390, 2857, 998, 753, 1422, 1762, 1366, 1818, 1835, 1100, 2322, 2520, 1718, 1195, 883, 1435, 2633, 2034, 2510, 1484, 787, 2648, 793, 4577, 2329, 1947, 2536, 2555, 1334, 1899, 1378, 1208, 1982, 1252, 1917, 1642, 1197, 3899, 524, 828, 1798, 948, 724, 3138, 538, 4350, 2747, 3355, 2293, 2085, 1131, 1862, 1436, 1299, 851, 2879, 3337, 2748, 2963, 2972, 3018, 2269, 1145, 3289, 1992, 3374, 1441, 1136, 3043, 1875, 2666, 1316, 2061, 1284, 3206, 1368, 568, 4790, 833, 2808, 1211, 3047, 830, 2581, 1833, 1583, 963, 1240, 1198, 1172, 1538, 2347, 1539, 3445, 2356, 499, 1474, 2228, 2595, 1739, 1293, 1298, 1665, 3433, 2055, 1090, 2758, 995, 2370, 5143, 1586, 1301, 1222, 2737, 994, 3193, 1869, 1662, 4635, 2344, 2330, 1485, 2023, 3689, 325, 4013, 2987, 1247, 4158, 2050, 1719, 893, 877, 2201, 2069, 2307, 1994, 1959, 1607, 1329, 1677, 2358, 1092)

Last: Mean: 1673.552, median: 1476.0, std: 917.325, percent: 1673.42, BvN: 248, WvN: 2, BvJ: 242, WvJ: 7, flag: 0 
	(686, 998, 1059, 2635, 732, 4375, 1056, 1396, 1829, 1885, 1614, 811, 789, 4544, 1166, 5560, 730, 926, 2218, 1734, 2026, 1831, 1206, 442, 2201, 1425, 1262, 1584, 4858, 2097, 2599, 1588, 1552, 1610, 1159, 1584, 1519, 3864, 628, 5763, 817, 1158, 1329, 1193, 2125, 1568, 1974, 2979, 1647, 631, 1310, 1924, 466, 2165, 631, 1655, 2649, 3533, 624, 1432, 926, 1075, 2122, 881, 1120, 1366, 1452, 3285, 1544, 1321, 3572, 766, 1757, 1580, 989, 1839, 4331, 1664, 1124, 577, 1619, 906, 1164, 1432, 1485, 1073, 1459, 313, 1224, 2627, 2269, 1047, 1155, 1501, 1381, 1235, 3687, 3115, 2452, 1294, 1779, 1353, 1474, 1194, 3144, 1677, 879, 4179, 1898, 995, 606, 1283, 1477, 1084, 1533, 1733, 936, 1974, 2142, 1484, 1061, 715, 1217, 1854, 1608, 1927, 1341, 627, 2256, 645, 3316, 1833, 1513, 1988, 2283, 1025, 1467, 1038, 941, 1756, 875, 1387, 1442, 995, 2518, 495, 617, 1634, 825, 601, 2757, 461, 3645, 2218, 2748, 1401, 1784, 863, 1639, 1179, 1228, 909, 1802, 2888, 1974, 2350, 2646, 2439, 1881, 844, 2590, 1619, 2458, 1190, 914, 2558, 1588, 2529, 1032, 1652, 800, 1952, 1263, 642, 3267, 626, 2273, 906, 2509, 679, 1932, 1873, 1397, 822, 1136, 915, 899, 1256, 1833, 1232, 2913, 1848, 412, 1083, 1788, 2132, 1357, 932, 1158, 1209, 2785, 1768, 925, 1780, 838, 2039, 3920, 1475, 1076, 999, 2315, 848, 2748, 1897, 1451, 3508, 2058, 1908, 1171, 1388, 3522, 378, 3151, 2776, 982, 3094, 1657, 1295, 642, 747, 1931, 1682, 1643, 1571, 1443, 1208, 1035, 1279, 2081, 840)

Best: Mean: 1689.156, median: 1440.0, std: 952.03, percent: 1669.44, BvN: 248, WvN: 2, BvJ: 243, WvJ: 7, flag: 0 
	(688, 1100, 1030, 2927, 752, 5097, 1132, 1460, 2000, 2220, 2010, 932, 842, 4588, 1184, 5391, 734, 960, 2043, 1513, 1958, 2395, 1193, 484, 2194, 1440, 1231, 1791, 4151, 1996, 2675, 1603, 1417, 1577, 1230, 2043, 1410, 3624, 656, 6531, 832, 1176, 1440, 1181, 2101, 1504, 1610, 2697, 1740, 574, 1427, 2403, 609, 1991, 615, 1993, 2741, 4529, 612, 1484, 981, 1165, 2562, 868, 1408, 1268, 1616, 3568, 1554, 1324, 3199, 765, 1668, 1397, 1074, 1869, 4606, 1750, 1199, 546, 1440, 925, 1184, 1405, 1293, 1088, 1531, 292, 1268, 2727, 2412, 972, 1211, 1221, 1440, 1103, 4037, 3606, 2460, 1175, 1683, 1364, 1360, 1228, 3592, 1744, 874, 3433, 2367, 901, 692, 1303, 1428, 1155, 1382, 1548, 1009, 1769, 2055, 1596, 988, 773, 1200, 1855, 1552, 1780, 1220, 742, 2658, 646, 2904, 2051, 1528, 2128, 2148, 1211, 1683, 1125, 1058, 1618, 856, 1268, 1423, 1042, 3130, 488, 609, 1441, 863, 577, 3016, 502, 3064, 1739, 2431, 1494, 1731, 1001, 1410, 1275, 1099, 806, 2002, 2432, 2147, 2151, 2375, 2766, 1866, 897, 2654, 1660, 2583, 1156, 953, 2757, 1528, 2297, 1061, 1597, 733, 2261, 1130, 573, 3364, 723, 2302, 919, 2304, 639, 1873, 1614, 1298, 755, 1037, 1015, 894, 1280, 1694, 1257, 3122, 2000, 415, 1185, 1760, 2203, 1411, 1076, 995, 1324, 2775, 1656, 913, 1866, 807, 2439, 4703, 1337, 996, 989, 2254, 826, 2488, 1551, 1513, 3950, 2125, 1770, 1147, 1359, 2614, 273, 3076, 2744, 1052, 3018, 1657, 1426, 616, 770, 1903, 1587, 1613, 1420, 1505, 1185, 1022, 1202, 1958, 892)

Last Coef List
{1: array([-0.05852569]), -1: array([-0.0644351]), 2: array([-0.02041319]), -2: array([-0.03089641]), 3: array([0.00384624]), -3: array([0.00182196]), 4: array([0.00988378]), -4: array([0.00266295])}

Best Coef List
{1: array([-0.06307135]), -1: array([-0.0644351]), 2: array([-0.02041319]), -2: array([-0.03089641]), 3: array([0.00437887]), -3: array([-0.00456959]), 4: array([0.00380406]), -4: array([0.00266295])}
