
16/03/2026, 10:13:23
Config file: ./config/config_mean_0_False.ini
Data:
	1d_laplace_size: 45
	amount: 250
	params: 1 0.3
	seed: 0
	dim: 2025
Solver:
	tol: 1e-10
	max_iteration: None
Learn:
	iteration_count: 100
	step_range: 0.1
	method: mean
	seed: 0
	scale: 1 0.5 0.25
	allow_disimprovement: False
Precondition:
	num_coef: 10
	type: par_shift_jacobi

Train:
(0, 1): Mean: 2856.088, median: 2517.0, std: 1771.024, percent: 2663.9, B: 250, W: 0, 
	(4190, 1649, 2034, 13535, 3780, 2699, 1571, 2336, 1555, 2898, 1924, 2840, 1572, 3072, 4725, 1310, 4418, 5027, 3026, 3550, 1941, 1196, 2311, 1332, 2461, 2702, 1434, 2831, 2418, 2376, 3535, 3016, 3716, 1529, 1265, 2625, 1920, 2130, 2647, 2582, 1492, 3188, 1840, 2506, 2127, 3200, 1853, 1296, 9939, 2603, 1345, 2264, 1489, 552, 1903, 6811, 932, 1046, 4807, 3500, 2920, 4258, 3314, 2878, 3075, 7059, 2527, 1139, 878, 2851, 1625, 4957, 2703, 2358, 1855, 2760, 1404, 1457, 2543, 1650, 1801, 1177, 3554, 1514, 2058, 1896, 1499, 808, 1820, 2142, 1780, 1290, 2892, 2352, 5070, 4062, 1430, 1432, 2412, 1139, 2804, 3979, 1700, 3279, 2851, 2623, 1047, 627, 2190, 4240, 3555, 1725, 2762, 1595, 1295, 1889, 2614, 2462, 1449, 2806, 5838, 2238, 2842, 1009, 3597, 2118, 3757, 2335, 1506, 2898, 1591, 3051, 2238, 7085, 2589, 2067, 4415, 2503, 2624, 2384, 3498, 7326, 3274, 1908, 2812, 2810, 4304, 2662, 4505, 3754, 1882, 3235, 2215, 3102, 1878, 1218, 4970, 2980, 10328, 2647, 4985, 3415, 2169, 2236, 1320, 3751, 3364, 2507, 2162, 4278, 703, 2990, 982, 1263, 2835, 1824, 2833, 1588, 1320, 4941, 5280, 1859, 2228, 2259, 3765, 1515, 1292, 10750, 2386, 3973, 2262, 2249, 1107, 3303, 2623, 2829, 3777, 1773, 3734, 3871, 2248, 5990, 1822, 1865, 3490, 1253, 3043, 3344, 2740, 531, 3437, 3105, 2582, 1631, 1746, 1028, 3969, 2531, 1588, 3452, 2137, 5606, 4530, 1925, 3840, 2335, 7941, 1899, 3494, 2792, 1838, 11293, 3828, 2160, 7802, 2235, 2044, 2015, 2334, 1346, 1407, 2725, 3729, 1701, 6025, 2819, 4410, 3612, 3107, 3202)
(3, 16): Mean: 2826.792, median: 2406.5, std: 1804.459, percent: 2664.94, B: 138, W: 111, 
	(3806, 1521, 1999, 13177, 2965, 2620, 1508, 1899, 1534, 3216, 1911, 2227, 1595, 2830, 3681, 1360, 4236, 6135, 3113, 3087, 2027, 1323, 2524, 1373, 2247, 2583, 1420, 3056, 2387, 2678, 4146, 3885, 4801, 1437, 1311, 2756, 2227, 2588, 2407, 3018, 1349, 3342, 1882, 2149, 1817, 3908, 1670, 1248, 9516, 3280, 1422, 2575, 1669, 469, 1837, 5920, 905, 866, 4538, 3511, 2734, 4473, 3854, 2698, 2667, 6253, 2406, 1330, 712, 3113, 1372, 5078, 3317, 2498, 1986, 2336, 1365, 1355, 2097, 1539, 1810, 1240, 3834, 1390, 1893, 1937, 1437, 826, 1911, 1928, 1849, 1018, 2979, 2236, 8002, 4016, 1519, 1318, 2278, 1182, 2376, 5076, 1616, 2521, 2750, 2301, 1005, 664, 2205, 3918, 4190, 1442, 2645, 1633, 1304, 2136, 2225, 2037, 1425, 2827, 5390, 2623, 2926, 769, 3338, 1876, 2932, 2099, 1472, 3072, 1600, 3572, 2432, 6818, 2403, 2297, 5409, 2360, 2745, 2608, 3479, 8811, 3417, 1839, 3043, 2567, 4849, 2391, 4097, 3080, 1824, 4074, 2280, 2626, 1723, 1148, 5428, 2982, 11895, 2769, 4452, 3344, 2191, 2430, 1339, 3357, 3631, 2447, 2306, 3629, 715, 3232, 972, 980, 2570, 2145, 2433, 1813, 1454, 4478, 4100, 2450, 2178, 2228, 3471, 1467, 1103, 8461, 2796, 3813, 2167, 1906, 1257, 3621, 2980, 2235, 4601, 1633, 4036, 3117, 2083, 6064, 1937, 1916, 3102, 1243, 3403, 3389, 2993, 533, 3162, 2777, 2794, 1462, 1751, 798, 3122, 2323, 1421, 3795, 2151, 5138, 3549, 1896, 3909, 2132, 6800, 1900, 3476, 2840, 2012, 13097, 3699, 2182, 6731, 2349, 1825, 1750, 2296, 1476, 1496, 2543, 3550, 1513, 5432, 2341, 4290, 3612, 2655, 2820)
(5, 24): Mean: 2782.076, median: 2402.0, std: 1706.292, percent: 2592.3, B: 143, W: 107, 
	(4000, 1459, 1806, 11706, 3357, 2511, 1406, 2081, 1337, 3165, 2212, 2397, 1409, 2838, 3516, 1278, 4996, 6378, 2662, 3910, 2423, 1082, 2690, 1416, 2633, 2345, 1392, 3033, 2196, 2199, 3848, 3042, 4866, 1495, 1141, 2609, 2067, 2390, 2737, 3038, 1426, 3655, 1825, 2780, 1371, 3770, 1632, 1330, 9160, 2903, 1176, 2380, 1651, 494, 1821, 6362, 1042, 802, 4354, 3572, 2677, 5345, 3203, 2556, 2635, 6169, 2229, 1200, 842, 2899, 1547, 5164, 2720, 1996, 2257, 2347, 1666, 1306, 2050, 1480, 1632, 1222, 3472, 1409, 2148, 1960, 1365, 858, 1846, 1774, 1495, 1138, 3340, 2112, 6597, 3748, 1329, 1311, 2379, 1259, 2494, 5231, 1715, 3187, 2548, 2259, 982, 578, 2442, 4305, 3932, 1505, 2794, 1456, 1356, 2115, 2217, 2251, 1430, 2931, 5456, 2222, 3293, 770, 2953, 1965, 2759, 2180, 1516, 2926, 1514, 2925, 2217, 6889, 2242, 2366, 4271, 2479, 2926, 2690, 3255, 7719, 2539, 1566, 2906, 2577, 4303, 2321, 3832, 3428, 2100, 4406, 2378, 2288, 1748, 1120, 5294, 3058, 9303, 2528, 4287, 3197, 2190, 2776, 1152, 3520, 3133, 2407, 2099, 3548, 701, 2902, 994, 1186, 2982, 1822, 2336, 1793, 1243, 4359, 5519, 2065, 1985, 2242, 3743, 1338, 1350, 9681, 2702, 3478, 2226, 1870, 1141, 3106, 2787, 2510, 5078, 1656, 3920, 3474, 2583, 7465, 1870, 1944, 2981, 1187, 2848, 3149, 2976, 434, 3675, 2901, 2801, 1665, 1743, 880, 3440, 2648, 1370, 3134, 2478, 5083, 3704, 1779, 3219, 2264, 7384, 1848, 3204, 2913, 1948, 11051, 3064, 2042, 7919, 2049, 1940, 1544, 2225, 1451, 1662, 2360, 3195, 1537, 4790, 2868, 4184, 3805, 2542, 3065)
(6, 30): Mean: 2780.512, median: 2437.5, std: 1737.174, percent: 2647.9, B: 127, W: 123, 
	(4307, 1454, 1940, 13253, 4328, 2396, 1588, 2216, 1232, 2898, 1956, 2369, 1279, 2760, 4356, 1327, 5037, 5352, 2504, 3419, 1917, 1087, 2478, 1301, 2361, 2333, 1381, 3008, 2236, 2328, 4041, 3219, 4944, 1325, 1312, 2543, 1924, 2649, 2505, 2602, 1356, 2783, 1843, 2523, 1647, 3895, 1697, 1243, 9607, 2526, 1344, 2250, 1738, 552, 1839, 6752, 991, 1037, 4259, 3134, 2554, 5023, 3163, 2682, 3430, 6541, 2082, 1302, 699, 2808, 1609, 5297, 2549, 2288, 1985, 2550, 1527, 1354, 2191, 1566, 1769, 1333, 3790, 1355, 2064, 1879, 1511, 792, 1686, 1802, 1501, 1039, 3210, 2141, 6612, 3782, 1311, 1320, 2359, 1085, 2607, 5044, 1668, 3325, 2664, 2102, 1109, 690, 2050, 4018, 3877, 1431, 2832, 1706, 1210, 1901, 2200, 2089, 1360, 3109, 5449, 2497, 3170, 954, 2535, 2144, 3105, 2521, 1487, 2905, 1487, 2798, 2189, 7556, 2345, 2369, 5076, 2697, 2839, 2504, 2734, 6604, 2879, 1825, 2826, 2987, 4963, 2366, 4132, 3290, 1995, 4066, 2077, 2734, 1840, 974, 4450, 3224, 9188, 2447, 3793, 3514, 2265, 2559, 1179, 3924, 3172, 2452, 2194, 4150, 730, 3173, 917, 942, 2732, 1792, 2760, 1737, 1263, 3821, 5473, 1967, 2048, 2252, 3056, 1499, 1261, 8910, 2926, 3155, 2122, 1685, 1049, 3433, 3167, 2300, 5169, 1720, 4180, 3873, 1890, 8025, 1966, 1695, 3119, 1292, 3082, 3861, 2426, 639, 3267, 2765, 2570, 1489, 1688, 878, 3447, 2482, 1482, 3746, 2427, 4603, 3594, 1653, 3635, 2467, 5815, 1736, 3482, 2693, 1957, 11713, 3270, 2135, 7585, 1961, 1755, 1430, 2428, 1495, 1549, 2559, 3451, 1622, 4913, 3002, 3592, 3719, 2628, 2894)
(7, 36): Mean: 2773.944, median: 2394.5, std: 1744.364, percent: 2641.2, B: 124, W: 126, 
	(4270, 1438, 1829, 12128, 3085, 2307, 1623, 2223, 1419, 3034, 1805, 2329, 1357, 3198, 4174, 1289, 5079, 5012, 2310, 3691, 2005, 1221, 2736, 1290, 2278, 2132, 1262, 2626, 2401, 2588, 4576, 3250, 4905, 1358, 1374, 2933, 1993, 2478, 2488, 2572, 1438, 2904, 2348, 2505, 1422, 3850, 1817, 1268, 7900, 2991, 1216, 2261, 1581, 531, 1969, 8031, 1017, 989, 4475, 3197, 2889, 4952, 3542, 2846, 3281, 6446, 2111, 1275, 709, 3284, 1415, 5075, 2671, 2263, 1863, 2499, 1618, 1470, 2084, 1614, 1681, 1369, 3192, 1308, 1823, 1809, 1503, 966, 1552, 1800, 1497, 1055, 3121, 2015, 6400, 3765, 1299, 1330, 2660, 1099, 2544, 4308, 1778, 3245, 2293, 2348, 946, 667, 2276, 4059, 4202, 1402, 2767, 1422, 1172, 2333, 2293, 2200, 1453, 2527, 4725, 2474, 2823, 837, 2570, 1736, 3133, 2531, 1402, 2758, 1562, 3229, 1968, 6317, 2325, 2275, 5120, 2411, 2616, 2298, 2943, 6853, 2768, 1808, 3019, 2429, 4441, 2595, 3763, 3438, 1911, 4469, 2141, 2837, 2038, 940, 4350, 3450, 10237, 2657, 3926, 2915, 2102, 2256, 1105, 3563, 3547, 2486, 2354, 3553, 634, 3234, 862, 1099, 2521, 1827, 2429, 1813, 1295, 4029, 5141, 2366, 2055, 2096, 3288, 1339, 1472, 9112, 2354, 3086, 2147, 2134, 1117, 3397, 2660, 2589, 4346, 1924, 4148, 2949, 1800, 8170, 1850, 1940, 2638, 1163, 3524, 3573, 2388, 427, 3634, 2932, 2592, 1625, 1748, 839, 4107, 2484, 1561, 3499, 2450, 4395, 4290, 1647, 3849, 2226, 6355, 1940, 3205, 2969, 2054, 13371, 3364, 2030, 7858, 2124, 1880, 1646, 2041, 1534, 1576, 2562, 3385, 1544, 5879, 3069, 3741, 3918, 2483, 2978)
(8, 40): Mean: 2768.876, median: 2392.0, std: 1698.111, percent: 2616.14, B: 130, W: 120, 
	(4265, 1427, 1983, 11902, 3155, 2092, 1503, 2309, 1282, 2842, 1789, 2227, 1333, 2654, 3614, 1360, 4483, 5472, 2365, 3578, 2111, 1119, 2369, 1319, 2573, 2684, 1461, 3381, 2257, 2755, 4261, 3156, 4966, 1496, 1425, 2763, 2068, 2701, 2557, 2541, 1315, 3284, 1873, 2389, 1720, 3787, 2208, 1173, 8806, 2730, 1298, 2278, 1627, 613, 1848, 6385, 1100, 795, 5150, 3464, 2653, 5498, 3291, 2425, 3714, 6719, 2157, 1319, 738, 2632, 1589, 4928, 3138, 2561, 1918, 2350, 1533, 1450, 2555, 1706, 1851, 1258, 2972, 1432, 1762, 1754, 1518, 842, 1784, 2158, 1705, 1048, 2781, 2408, 7211, 3613, 1379, 1284, 2666, 1342, 2382, 4721, 1742, 2828, 2321, 2032, 1012, 583, 2250, 3932, 3776, 1579, 2489, 1575, 1262, 2181, 2073, 1991, 1467, 2651, 5647, 2377, 2958, 736, 2646, 1812, 2895, 2395, 1454, 2683, 1423, 2892, 1897, 7187, 2263, 1749, 5047, 2474, 2953, 2286, 2807, 8240, 2622, 1979, 3203, 2517, 4562, 2815, 4102, 3176, 1831, 4042, 2009, 2833, 1796, 1089, 5192, 3025, 9720, 2434, 3940, 2718, 2137, 2236, 1352, 3231, 3297, 2544, 2460, 4257, 626, 3532, 961, 1071, 2341, 1840, 2689, 1616, 1281, 3927, 5738, 2136, 1986, 2107, 3248, 1349, 1210, 8864, 2886, 3605, 2107, 1722, 1095, 4063, 2711, 2499, 4655, 1760, 3513, 3050, 2130, 7720, 1949, 1594, 2958, 1375, 2994, 2988, 2605, 526, 3883, 2983, 2781, 1588, 1736, 813, 3512, 2586, 1541, 3582, 2199, 5472, 3875, 1439, 3664, 2191, 7439, 1914, 3491, 2902, 1962, 9773, 3110, 2097, 7972, 2044, 1973, 1515, 2047, 1410, 1621, 2667, 3370, 1425, 4597, 2824, 3913, 3404, 2608, 3399)
(10, 47): Mean: 2611.98, median: 2240.0, std: 1694.836, percent: 2421.16, B: 179, W: 70, 
	(3418, 1470, 1954, 13648, 3474, 2103, 1447, 2235, 1171, 2992, 1687, 2035, 1477, 3188, 3721, 1360, 3656, 5777, 2324, 3323, 1940, 1110, 2383, 1141, 2244, 2150, 1313, 2608, 2181, 1995, 3948, 3050, 5224, 1417, 1257, 2910, 1873, 2556, 2516, 2739, 1344, 2894, 1832, 2740, 1540, 4162, 1728, 1197, 8075, 2320, 1108, 2350, 1475, 368, 1826, 6690, 931, 858, 4133, 3837, 2463, 4507, 3046, 2606, 3277, 6575, 2386, 1179, 767, 2933, 1645, 4031, 2997, 2092, 1928, 2384, 1510, 1260, 2000, 1480, 1701, 1043, 3208, 1457, 1599, 1835, 1412, 841, 1697, 1882, 1541, 901, 2466, 2175, 6123, 3357, 1256, 1304, 2390, 993, 2389, 4053, 1635, 3232, 2924, 1915, 959, 336, 2053, 3320, 3557, 1386, 2339, 1370, 1198, 1533, 2042, 2318, 1205, 2481, 4141, 2064, 2937, 818, 2427, 1768, 2868, 1862, 1213, 2394, 1549, 2725, 1597, 7086, 2715, 1699, 4474, 2335, 2678, 2555, 2449, 6318, 2842, 1534, 2980, 2754, 4784, 2329, 3208, 3049, 1880, 3961, 2236, 2634, 1726, 981, 4099, 3184, 10434, 2901, 4398, 2548, 1690, 2390, 1168, 3456, 3056, 2104, 2126, 3364, 707, 3231, 938, 917, 2118, 1769, 2245, 1504, 1335, 4320, 4278, 2141, 1982, 1796, 3154, 1306, 1066, 9176, 2032, 3366, 2060, 1801, 998, 3443, 2749, 2512, 3846, 1671, 3190, 3393, 2051, 6086, 1847, 1508, 2771, 1244, 2612, 3288, 2126, 495, 2711, 2549, 2637, 1403, 1610, 659, 3712, 2158, 1614, 2977, 2161, 4510, 4042, 1538, 3051, 1983, 8170, 1731, 2813, 2577, 1834, 10997, 3032, 1996, 6810, 1967, 1696, 1511, 2220, 1446, 1478, 2286, 3177, 1397, 5110, 2651, 3737, 3283, 2165, 3121)
(11, 48): Mean: 2562.424, median: 2234.0, std: 1556.52, percent: 2485.9, B: 133, W: 116, 
	(3172, 1334, 1830, 10728, 3137, 2345, 1324, 2050, 1343, 3189, 1721, 2214, 1475, 2870, 4410, 1472, 3876, 4887, 2681, 3119, 1681, 1324, 2392, 1183, 2116, 2187, 1476, 2573, 2137, 2048, 4064, 3057, 4507, 1376, 1277, 2401, 1758, 2436, 2578, 2928, 1322, 2440, 1624, 2416, 1575, 3250, 1586, 1165, 6886, 2166, 999, 2164, 1456, 420, 1843, 7101, 820, 969, 4414, 3729, 2808, 4469, 3212, 2458, 2723, 5696, 2211, 1069, 659, 3315, 1565, 3692, 2735, 2249, 2008, 2499, 1358, 1159, 2403, 1381, 1297, 1095, 3378, 1271, 1696, 1770, 1359, 784, 1824, 1750, 1485, 884, 2698, 2096, 6059, 3050, 1244, 1264, 2059, 1046, 2355, 4007, 1672, 3280, 2296, 2021, 1066, 455, 2247, 3643, 3656, 1520, 2401, 1314, 1198, 1918, 2322, 2237, 1155, 2526, 4424, 2192, 2496, 725, 2228, 1696, 2942, 2131, 1335, 2343, 1328, 2861, 1714, 6590, 2189, 1731, 4470, 2424, 2957, 2402, 2313, 6139, 2519, 1697, 2764, 2737, 4453, 2055, 3296, 3266, 1752, 3323, 2401, 2937, 1670, 1050, 4575, 2775, 11300, 3086, 4053, 2812, 1829, 2196, 1120, 3124, 3231, 2254, 2311, 3675, 672, 3298, 917, 1052, 2160, 1636, 2063, 1659, 1273, 3898, 4314, 1907, 2183, 2099, 3779, 1260, 930, 8206, 1989, 2546, 2266, 1997, 1038, 3050, 2526, 2222, 4581, 1523, 3155, 3652, 1923, 6758, 1727, 1762, 2474, 1232, 3074, 3046, 2129, 386, 2832, 2516, 2842, 1675, 1803, 730, 3769, 2442, 1153, 3081, 2032, 4497, 3789, 1457, 3205, 1840, 6623, 1880, 3322, 2662, 1473, 8838, 3316, 1955, 7634, 1971, 1889, 1371, 2231, 1333, 1344, 2455, 3250, 1354, 4746, 2315, 3769, 3519, 2432, 2920)
(14, 65): Mean: 2554.252, median: 2273.0, std: 1533.484, percent: 2503.44, B: 127, W: 122, 
	(3522, 1607, 1749, 11299, 2952, 2340, 1352, 2097, 1250, 2645, 1639, 2289, 1432, 2716, 3955, 1348, 5097, 5565, 2366, 3061, 1956, 1121, 2343, 1195, 2221, 2335, 1312, 2692, 2227, 1991, 3655, 2615, 3848, 1516, 1254, 2260, 1798, 2649, 2661, 2590, 1390, 2915, 1750, 2412, 1561, 3731, 1691, 1303, 7331, 2337, 1036, 2091, 1349, 441, 2015, 5803, 852, 938, 4435, 3681, 2324, 4742, 3344, 2601, 3674, 5419, 2301, 1158, 766, 3105, 1475, 3895, 3011, 2310, 2074, 2590, 1530, 1300, 2209, 1332, 1440, 1107, 2718, 1280, 1657, 1863, 1546, 863, 1710, 1617, 1602, 1247, 2842, 1963, 6403, 3225, 1241, 1254, 2726, 835, 2274, 5013, 1746, 3291, 2556, 2020, 935, 625, 2344, 3759, 3472, 1437, 2341, 1278, 1251, 1693, 2281, 2041, 1425, 2701, 4795, 1920, 2289, 809, 2964, 1556, 3047, 1951, 1288, 2519, 1335, 3118, 1886, 6543, 2416, 1692, 4964, 2224, 2720, 2090, 2368, 6443, 2519, 1576, 2960, 2647, 3984, 2082, 3085, 3107, 1794, 3212, 2560, 2436, 1553, 981, 4538, 2664, 9280, 2496, 3787, 2714, 1839, 2716, 1260, 4037, 2751, 2022, 2286, 3869, 839, 2830, 833, 896, 2200, 1755, 2588, 1493, 1166, 3732, 3879, 1783, 1929, 1961, 3004, 1380, 1082, 8823, 2132, 3148, 2081, 1552, 1009, 2924, 2376, 2207, 4248, 1738, 3210, 3096, 1725, 6543, 1735, 1637, 2738, 1161, 2567, 2994, 2211, 374, 2905, 2658, 2715, 1534, 1618, 601, 3321, 2272, 1402, 3379, 1882, 5007, 4461, 1484, 3070, 1985, 5991, 1707, 3080, 2815, 1969, 9820, 3790, 1996, 5737, 1784, 1760, 1435, 2020, 1372, 1436, 2377, 3099, 1525, 4839, 2365, 3710, 2840, 2199, 2968)
(23, 114): Mean: 2551.096, median: 2212.5, std: 1573.379, percent: 2378.26, B: 132, W: 118, 
	(3447, 1540, 1797, 13078, 3807, 2161, 1492, 1982, 1236, 2756, 1896, 2054, 1409, 2673, 3682, 1300, 3920, 4868, 2118, 3275, 1891, 1169, 2460, 1035, 2211, 2387, 1430, 2571, 2113, 1809, 3446, 2635, 4620, 1312, 1248, 2664, 1708, 2437, 2413, 2772, 1382, 2529, 1963, 2514, 1217, 4210, 1652, 1249, 8552, 2351, 1160, 2501, 1372, 523, 1700, 7100, 931, 946, 4703, 3443, 2912, 3969, 3221, 2374, 2764, 6272, 2355, 1090, 587, 2877, 1407, 4902, 2644, 2025, 1827, 2657, 1447, 1210, 2032, 1458, 1623, 1046, 3005, 1261, 1730, 1775, 1275, 756, 1732, 1565, 1504, 995, 2695, 2144, 4788, 3054, 1163, 1294, 2436, 1357, 2536, 3804, 1663, 2850, 2534, 2190, 1038, 505, 2148, 4647, 3312, 1298, 2359, 1336, 1157, 1576, 1962, 2230, 1215, 2692, 4066, 2078, 2424, 827, 2857, 1666, 3224, 2000, 1203, 2549, 1504, 3003, 1841, 6970, 2223, 1949, 4215, 2673, 2587, 2126, 2644, 5978, 3075, 1696, 2759, 2555, 4270, 2224, 3645, 3550, 1844, 3838, 1910, 2521, 1583, 920, 4185, 2744, 8770, 2654, 4275, 3169, 2106, 2075, 1159, 3454, 2837, 2159, 1989, 3093, 744, 2717, 855, 830, 2063, 1838, 2379, 1507, 1212, 3821, 4850, 2054, 2172, 1805, 2929, 1310, 1469, 7397, 1972, 2933, 2299, 1701, 1042, 2826, 2805, 2508, 4843, 1627, 3231, 3324, 1882, 5921, 1600, 1650, 2667, 1138, 2701, 3389, 2097, 468, 2609, 2879, 2226, 1400, 1630, 857, 3276, 2214, 1257, 3092, 2187, 4440, 3339, 1451, 3095, 1814, 6477, 1853, 2740, 2800, 1766, 9478, 3503, 1944, 7563, 1888, 1762, 1520, 1997, 1530, 1281, 2315, 3116, 1366, 4273, 2679, 4156, 3267, 2316, 3076)
(27, 133): Mean: 2433.984, median: 2165.0, std: 1465.048, percent: 2310.52, B: 174, W: 76, 
	(3116, 1282, 1924, 10668, 3386, 2191, 1338, 1905, 1166, 2554, 1723, 1877, 1335, 2272, 3849, 1256, 4389, 4197, 2405, 3252, 1632, 1091, 2374, 1135, 2207, 2291, 1197, 2830, 2054, 1864, 3543, 2546, 3923, 1273, 1251, 2225, 1852, 2165, 2263, 2741, 1316, 2402, 1710, 2655, 1216, 3344, 1767, 1166, 7488, 2099, 1041, 2076, 1497, 458, 1826, 5607, 811, 871, 3933, 3061, 2450, 4360, 2886, 2289, 2655, 5001, 2354, 1075, 499, 2597, 1508, 4001, 2613, 2202, 1858, 2608, 1393, 1188, 1848, 1343, 1492, 1049, 2792, 1219, 1609, 1662, 1266, 850, 1548, 1769, 1590, 981, 2656, 2047, 5728, 3117, 1228, 1188, 2297, 1020, 2276, 4030, 1521, 2887, 2423, 1722, 878, 535, 2158, 3461, 3491, 1233, 2178, 1319, 1043, 1577, 2150, 1869, 1111, 2510, 5192, 1994, 2178, 911, 2645, 1674, 2982, 1836, 1201, 2176, 1589, 2735, 1634, 6326, 2193, 1579, 3986, 2044, 3216, 2292, 2369, 5817, 2838, 1548, 2433, 2651, 4292, 1918, 3650, 2749, 1572, 3740, 1973, 2104, 1474, 907, 4204, 3038, 8802, 2483, 4506, 2651, 1811, 2519, 1075, 3277, 2588, 2126, 1901, 2883, 622, 2723, 795, 941, 2475, 1420, 2147, 1492, 1128, 3605, 4396, 1968, 2024, 2249, 2690, 1162, 1057, 8476, 2009, 3172, 2247, 1775, 930, 2622, 2459, 2297, 4091, 1390, 2867, 3108, 1805, 6538, 1630, 1619, 2558, 1026, 3164, 3092, 2165, 338, 2901, 2344, 2415, 1353, 1542, 763, 2933, 2297, 1388, 3062, 1997, 3570, 3798, 1573, 2814, 1786, 5942, 1673, 3096, 2461, 1498, 9080, 3176, 1875, 6428, 1901, 1785, 1485, 1996, 1340, 1343, 2412, 3235, 1417, 5262, 2335, 3406, 3818, 1986, 3362)
(29, 143): Mean: 2427.016, median: 2114.0, std: 1487.376, percent: 2300.28, B: 122, W: 128, 
	(3877, 1384, 1783, 11701, 2796, 2103, 1210, 2084, 1294, 2593, 1653, 1815, 1474, 2218, 3293, 1207, 3514, 4478, 1814, 3250, 1597, 1121, 2242, 1236, 2122, 2295, 1126, 2424, 1796, 1835, 3885, 2815, 3826, 1265, 1145, 2179, 1866, 2324, 2401, 2374, 1283, 2422, 1499, 2061, 1298, 3185, 1729, 1079, 7561, 2032, 1100, 2074, 1358, 539, 1885, 5670, 785, 752, 3697, 3410, 2557, 3664, 2958, 2121, 2874, 5225, 1976, 1150, 620, 2445, 1320, 3608, 2738, 2028, 2107, 2207, 1312, 1098, 2142, 1326, 1453, 1054, 2975, 1199, 1625, 1692, 1393, 783, 1581, 1882, 1544, 1000, 2787, 1764, 5692, 3378, 1245, 1117, 2159, 1053, 2152, 4706, 1723, 3030, 2495, 1991, 908, 598, 2053, 3275, 2870, 1266, 2373, 1258, 1185, 1657, 2046, 1960, 1145, 2802, 4653, 1948, 2301, 697, 2911, 1640, 2603, 2014, 1362, 2288, 1502, 2449, 1798, 5741, 2134, 1844, 3653, 2358, 2783, 2174, 2463, 5503, 2920, 1446, 2329, 2377, 5502, 2147, 3071, 3296, 1743, 3972, 1900, 2146, 1506, 869, 4262, 2654, 8343, 2482, 3818, 2947, 1779, 2025, 1035, 2583, 3332, 2358, 1761, 2980, 687, 2700, 885, 990, 2220, 1627, 2278, 1469, 1209, 3813, 3986, 2044, 1896, 2040, 2875, 1255, 1143, 8011, 2319, 3460, 2058, 1742, 951, 2750, 2385, 2312, 4629, 1434, 3377, 3835, 2026, 4678, 1691, 1583, 2625, 1020, 2471, 3235, 2145, 444, 2686, 2624, 2331, 1368, 1575, 682, 3286, 2568, 1337, 2855, 2039, 3831, 3734, 1533, 2767, 1926, 7194, 1696, 2613, 2332, 1567, 9873, 3306, 1970, 6682, 1922, 1822, 1464, 1969, 1285, 1187, 2659, 2721, 1262, 5868, 2665, 3505, 2946, 1997, 3228)
(30, 147): Mean: 2411.572, median: 2108.0, std: 1521.908, percent: 2262.12, B: 133, W: 117, 
	(3294, 1360, 1725, 12678, 3382, 1878, 1323, 2074, 1184, 2642, 1781, 1948, 1201, 2287, 3275, 1261, 4316, 4724, 2281, 3290, 1752, 1060, 2177, 1297, 2158, 2136, 1080, 2342, 2125, 2086, 3913, 2620, 3391, 1402, 1147, 2299, 1863, 2274, 2342, 2544, 1246, 2988, 1554, 2291, 993, 3651, 1448, 1119, 7756, 2565, 1086, 2234, 1467, 426, 1795, 6745, 763, 941, 4348, 2814, 2181, 4147, 3000, 2156, 2748, 5185, 2162, 1170, 648, 2441, 1381, 3965, 2595, 2153, 1734, 2341, 1234, 1177, 1851, 1314, 1392, 1029, 3154, 1352, 1535, 1785, 1266, 746, 1633, 1414, 1532, 983, 3022, 1920, 5223, 2968, 1199, 1239, 2111, 1129, 2057, 4076, 1507, 3115, 2173, 1939, 1024, 501, 2010, 3371, 2997, 1239, 2096, 1262, 1047, 1857, 2063, 1859, 1229, 2741, 4697, 1970, 2263, 766, 2814, 1837, 2620, 1741, 1494, 2031, 1525, 3039, 1789, 5779, 2064, 1695, 3778, 2057, 2813, 2105, 2391, 6198, 2876, 1610, 2722, 2172, 4278, 1939, 3527, 2934, 1835, 3336, 1737, 2160, 1523, 851, 3836, 2638, 8483, 2345, 3592, 2311, 1755, 2205, 1071, 2559, 3134, 2128, 1838, 3049, 649, 2816, 768, 927, 2002, 1582, 2240, 1485, 1247, 3179, 4391, 2074, 2018, 1700, 3318, 1232, 1022, 7890, 2120, 2977, 1865, 1685, 998, 2946, 2600, 2131, 4879, 1344, 3432, 2667, 1949, 5594, 1678, 1494, 2701, 1094, 2618, 2966, 2238, 403, 2885, 2226, 2201, 1389, 1463, 728, 2922, 2311, 1345, 3059, 1755, 4260, 3233, 1432, 2795, 1851, 5752, 1689, 3055, 2501, 1536, 9950, 3612, 1829, 7330, 1777, 1712, 1415, 1956, 1276, 1190, 2181, 2483, 1503, 5084, 2290, 3230, 3214, 2199, 2925)
(34, 169): Mean: 2379.936, median: 2086.5, std: 1528.198, percent: 2196.8, B: 139, W: 110, 
	(3531, 1283, 1814, 12073, 2916, 2040, 1301, 2039, 1249, 2405, 1727, 1873, 1377, 2250, 3534, 1189, 3805, 5115, 2587, 3169, 1556, 1061, 2134, 1135, 2120, 2155, 1212, 2540, 2012, 1640, 3813, 2843, 4064, 1282, 1018, 2125, 1759, 2009, 2168, 2408, 1348, 2527, 1384, 2336, 1491, 3076, 1484, 1196, 10319, 2159, 906, 2164, 1487, 453, 1795, 6330, 768, 825, 3881, 2578, 2417, 4158, 3287, 2282, 2841, 5505, 2172, 1104, 651, 2926, 1288, 3677, 2480, 2159, 1594, 2086, 1313, 1086, 1980, 1369, 1321, 979, 2761, 1181, 1527, 1549, 1153, 780, 1589, 1710, 1459, 828, 2553, 2313, 5735, 2826, 1163, 1186, 2258, 1143, 2097, 3612, 1566, 2878, 2359, 1910, 867, 441, 1855, 3709, 3038, 1416, 2605, 1306, 1183, 1757, 1925, 1626, 1189, 2603, 4248, 1976, 2059, 689, 2355, 1664, 2363, 1763, 1336, 2087, 1381, 3001, 1753, 5414, 2243, 1753, 4144, 2365, 3126, 1983, 2656, 5529, 3341, 1528, 2562, 2596, 3511, 1973, 2795, 2971, 1592, 3396, 1832, 2631, 1616, 916, 4333, 2970, 9512, 2306, 3578, 2455, 1676, 2146, 988, 3167, 2603, 2363, 1902, 2805, 654, 2618, 817, 805, 2089, 1444, 1906, 1598, 1134, 3130, 4301, 1849, 1980, 2075, 2818, 1198, 1065, 8101, 2175, 2668, 1877, 1489, 1063, 2971, 2330, 2396, 3608, 1442, 3076, 3053, 1963, 4717, 1676, 1515, 2657, 1118, 2406, 3096, 1923, 400, 2741, 2476, 2277, 1229, 1722, 674, 3171, 2126, 1188, 2862, 1876, 3847, 3585, 1323, 3160, 1747, 6805, 1698, 2790, 2549, 1332, 9176, 2837, 2039, 6199, 1738, 1801, 1242, 1963, 1209, 1343, 2096, 2713, 1365, 4303, 2262, 3516, 2849, 1980, 2853)
(35, 173): Mean: 2359.664, median: 2043.5, std: 1417.597, percent: 2242.58, B: 136, W: 114, 
	(3122, 1403, 1637, 11064, 2606, 2026, 1458, 1798, 1177, 2764, 1707, 2027, 1456, 2243, 3716, 1145, 3516, 4420, 2150, 3027, 1546, 1048, 2116, 1143, 2017, 1906, 1076, 2387, 2039, 1827, 4234, 2790, 5115, 1287, 1093, 2309, 1730, 2014, 2021, 2388, 1471, 2465, 1608, 2692, 1567, 3527, 1485, 1125, 7851, 2207, 976, 2126, 1434, 376, 1704, 5016, 689, 850, 4086, 2816, 2327, 4319, 2762, 2426, 2430, 5410, 2162, 1133, 687, 2951, 1139, 3621, 2509, 2044, 1784, 2275, 1271, 1063, 1954, 1241, 1274, 955, 2963, 1239, 1580, 1700, 1248, 722, 1743, 1591, 1570, 936, 2542, 2191, 5943, 2774, 1241, 1123, 2215, 1007, 2200, 3904, 1726, 3063, 2315, 1618, 1004, 498, 1984, 3609, 2967, 1315, 2235, 1235, 1056, 1593, 1797, 2015, 1251, 2919, 4743, 1759, 2496, 683, 2447, 1577, 2521, 1788, 1327, 2227, 1270, 2742, 1849, 6483, 2118, 1720, 3949, 1967, 2352, 2094, 2652, 6631, 2847, 1511, 2444, 2436, 4895, 2031, 3293, 2752, 1573, 3695, 2106, 2150, 1398, 946, 4224, 2549, 7411, 2467, 3779, 2426, 1644, 2046, 914, 2985, 2457, 2015, 1775, 3238, 599, 2825, 741, 831, 2010, 1650, 2036, 1527, 1110, 3442, 3956, 1894, 1797, 2043, 2986, 1169, 1002, 7057, 1888, 3047, 1988, 1585, 874, 3490, 2612, 2158, 3892, 1542, 3199, 2707, 1903, 5208, 1572, 1530, 2727, 1084, 2691, 2963, 2112, 333, 2717, 2446, 2168, 1743, 1534, 546, 2859, 2260, 1289, 3640, 1988, 3913, 3459, 1418, 3168, 1640, 6097, 1618, 2995, 2128, 1431, 8334, 2851, 2068, 5644, 1748, 1597, 1304, 2081, 1204, 1221, 2114, 2839, 1203, 4656, 2533, 3590, 3171, 1914, 2617)
(36, 179): Mean: 2358.472, median: 2047.5, std: 1456.355, percent: 2236.1, B: 125, W: 125, 
	(2847, 1446, 1548, 11131, 2954, 2137, 1337, 2170, 1205, 2383, 1480, 1775, 1229, 2574, 3625, 1218, 3791, 4712, 2313, 3026, 1912, 937, 2399, 1135, 2024, 1943, 1173, 2354, 2155, 1781, 3963, 2831, 3862, 1336, 1049, 2187, 1692, 2012, 2187, 2115, 1220, 2784, 1559, 2293, 1292, 3181, 1676, 1103, 8353, 2286, 905, 1997, 1579, 378, 1618, 5383, 735, 782, 4278, 2826, 2506, 4127, 3081, 2138, 2556, 4453, 2062, 1090, 623, 2622, 1441, 3674, 2567, 1959, 1801, 2159, 1462, 1131, 1785, 1334, 1514, 1023, 2715, 1180, 1557, 1412, 1218, 769, 1641, 1535, 1477, 846, 2585, 1924, 5170, 2833, 1134, 1098, 2279, 955, 2562, 4371, 1631, 3418, 2591, 1769, 971, 520, 1754, 3868, 3349, 1398, 2097, 1323, 1141, 1679, 2016, 2033, 1164, 2976, 4085, 1888, 2485, 727, 2597, 1609, 2787, 1973, 1261, 2192, 1280, 2395, 1713, 5169, 2228, 1569, 4557, 1871, 2856, 2263, 2490, 5672, 3050, 1385, 2526, 2300, 4425, 1949, 3140, 3194, 1823, 3237, 2130, 2275, 1491, 942, 3901, 2677, 8058, 2223, 3474, 2316, 1667, 1959, 1060, 2913, 2781, 1947, 1760, 3014, 655, 2609, 744, 842, 2087, 1525, 1892, 1473, 1086, 3341, 4321, 2020, 1781, 1835, 3240, 1252, 916, 8330, 2008, 2665, 1975, 1572, 820, 3027, 2087, 2123, 4568, 1436, 3234, 2871, 1700, 5067, 1624, 1500, 2202, 1124, 2294, 2851, 2163, 377, 2309, 2220, 2105, 1327, 1711, 674, 3326, 2212, 1299, 3347, 2064, 3998, 3681, 1461, 2890, 1666, 6128, 1863, 2976, 2765, 1553, 10359, 3269, 1891, 5630, 1894, 1705, 1168, 1967, 1244, 1289, 2333, 2682, 1306, 4491, 2274, 3705, 3002, 2030, 3040)
(39, 194): Mean: 2357.524, median: 2069.5, std: 1432.496, percent: 2256.04, B: 124, W: 126, 
	(3098, 1290, 1732, 9676, 2835, 2026, 1457, 2038, 1250, 2767, 1747, 1836, 1293, 2473, 4137, 1165, 3667, 3977, 2089, 2891, 1711, 1063, 2136, 916, 1988, 2246, 1142, 2470, 1941, 1696, 4235, 2624, 3733, 1231, 1110, 2337, 1633, 2317, 2581, 2419, 1217, 2555, 1614, 2370, 1319, 3570, 1547, 1270, 7924, 2034, 977, 2225, 1382, 411, 1877, 5411, 831, 822, 3622, 2782, 2374, 3820, 3378, 2257, 2795, 5258, 2012, 1084, 722, 2407, 1375, 3819, 3021, 2104, 1815, 2445, 1365, 1193, 1892, 1477, 1320, 1159, 2659, 1240, 1601, 1766, 1149, 755, 1684, 1500, 1490, 954, 2665, 1892, 5672, 3016, 1190, 1107, 2531, 951, 2209, 4474, 1515, 3049, 2509, 1788, 833, 450, 1849, 3180, 2593, 1322, 2356, 1250, 1223, 1774, 2097, 1856, 1129, 2601, 3719, 2057, 2405, 804, 2486, 1506, 2449, 1715, 1298, 2391, 1395, 2693, 1875, 5159, 2368, 1724, 4052, 1810, 2713, 2375, 2485, 6239, 2605, 1426, 2756, 2681, 3645, 2228, 3115, 2740, 1581, 3322, 2176, 2098, 1440, 903, 4215, 2784, 9572, 2338, 3453, 2441, 1822, 2050, 1119, 2757, 2652, 1970, 1810, 2814, 613, 2935, 825, 876, 2020, 1683, 2020, 1399, 1248, 3652, 3713, 1673, 1724, 1812, 2804, 1133, 1070, 8094, 1945, 3304, 1886, 1601, 814, 3172, 2204, 2033, 4267, 1376, 3303, 3262, 2140, 4300, 1582, 1598, 2738, 1060, 2608, 2857, 2076, 393, 2548, 2324, 2084, 1400, 1584, 506, 3284, 2313, 1102, 3283, 1770, 4072, 3371, 1398, 3174, 2063, 6020, 1660, 2938, 2441, 1415, 10785, 3173, 1997, 5255, 1818, 1731, 1400, 2033, 1355, 1230, 2373, 3092, 1273, 4163, 2098, 3130, 2848, 2119, 3010)
(40, 196): Mean: 2347.852, median: 2063.5, std: 1406.391, percent: 2219.0, B: 133, W: 116, 
	(2931, 1217, 1748, 11311, 2634, 2087, 1254, 1616, 1063, 3015, 1631, 1821, 1265, 2515, 3844, 1142, 3827, 4356, 2104, 2968, 1778, 1089, 2185, 979, 1934, 1819, 1201, 2346, 1972, 1739, 4165, 2457, 3921, 1248, 1038, 2080, 1833, 2078, 2334, 2425, 1251, 2267, 1568, 2254, 1160, 3313, 1486, 1075, 5897, 2683, 884, 1951, 1283, 468, 1747, 5447, 707, 897, 3880, 2917, 2442, 3913, 2895, 2430, 2389, 5696, 2127, 1121, 699, 2758, 1287, 3740, 2411, 2008, 1805, 2140, 1360, 1120, 1867, 1312, 1430, 915, 2527, 1307, 1579, 1483, 1393, 814, 1634, 1678, 1457, 889, 2599, 2090, 6127, 2927, 1244, 1238, 2199, 1073, 2306, 3915, 1549, 2981, 2254, 1766, 1162, 530, 1818, 3574, 3008, 1237, 2462, 1203, 1151, 1781, 1835, 1745, 1301, 2743, 4201, 2025, 2427, 734, 2586, 1793, 2795, 1656, 1379, 2578, 1292, 2767, 1629, 5630, 2142, 1646, 4401, 2055, 2884, 2374, 2464, 5715, 2668, 1650, 2332, 2486, 4190, 2169, 3498, 2925, 1871, 3485, 2543, 2036, 1583, 1097, 4063, 2740, 7511, 2362, 4140, 2310, 1705, 1889, 952, 2894, 2577, 2083, 1965, 2877, 679, 2841, 812, 740, 2353, 1500, 2070, 1487, 1144, 3882, 3499, 1890, 1679, 2027, 2721, 1128, 1068, 7328, 2139, 2762, 2057, 1514, 857, 2846, 2604, 2026, 3866, 1502, 3269, 2926, 1775, 4796, 1643, 1598, 2552, 1098, 2846, 2806, 2009, 397, 2466, 2247, 2380, 1401, 1686, 736, 2997, 2220, 1025, 3192, 1899, 3767, 3394, 1354, 3149, 1931, 5823, 1511, 2660, 2368, 1285, 9397, 2787, 1792, 7355, 1827, 1870, 1445, 1954, 1147, 1244, 2517, 2879, 1349, 4844, 2591, 3309, 3243, 1955, 2908)
(43, 213): Mean: 2342.82, median: 2065.5, std: 1372.663, percent: 2183.92, B: 122, W: 127, 
	(2970, 1402, 1646, 9953, 3412, 2172, 1440, 1733, 1211, 2966, 1589, 1935, 1204, 2198, 3644, 1318, 3470, 4421, 2090, 2916, 1594, 1134, 2232, 1120, 2144, 2017, 1123, 2412, 2026, 1873, 3872, 2631, 3550, 1326, 997, 2196, 1715, 2062, 2518, 2380, 1233, 2675, 1593, 2137, 1204, 3284, 1559, 1161, 7818, 2008, 1001, 2297, 1367, 392, 1831, 5468, 691, 953, 3901, 3066, 2321, 3681, 3022, 2300, 2752, 5275, 2095, 1150, 634, 2923, 1322, 3760, 2875, 2196, 1772, 1917, 1396, 1206, 1865, 1300, 1462, 998, 2936, 1272, 1493, 1636, 1230, 702, 1555, 1678, 1453, 827, 2586, 1904, 5020, 2949, 1135, 1199, 2045, 1019, 2317, 3628, 1528, 3230, 2233, 1741, 885, 490, 1757, 3583, 2685, 1327, 2544, 1220, 1226, 1610, 1941, 2068, 1121, 2692, 4560, 1906, 2442, 757, 2681, 1647, 2601, 1881, 1287, 2275, 1349, 2855, 1568, 5521, 2128, 1669, 4427, 1949, 3167, 2153, 2876, 6119, 3012, 1372, 2521, 2445, 3701, 2105, 3049, 2856, 1672, 3052, 1871, 2198, 1638, 880, 3902, 3026, 7841, 2493, 3829, 2533, 1819, 2173, 996, 2901, 2585, 1987, 2063, 3022, 626, 2889, 778, 868, 2169, 1591, 1849, 1547, 1308, 3552, 3967, 1837, 1907, 1890, 3134, 1187, 970, 7361, 1967, 2777, 1838, 1793, 845, 3055, 2187, 2015, 4280, 1562, 3133, 2833, 1595, 4843, 1658, 1707, 2466, 1005, 3254, 3046, 2154, 359, 2651, 2475, 2191, 1339, 1553, 740, 2968, 2530, 1235, 3101, 1665, 4161, 2900, 1405, 2901, 1795, 5442, 1699, 2939, 2817, 1606, 9996, 2932, 1853, 5340, 1776, 1625, 1283, 2144, 1327, 1358, 2115, 2608, 1322, 4107, 2387, 2992, 2972, 2199, 3156)
(46, 227): Mean: 2298.104, median: 1991.0, std: 1392.109, percent: 2263.86, B: 147, W: 101, 
	(3197, 1354, 1630, 10954, 2713, 1834, 1248, 2054, 1100, 2971, 1515, 1800, 1195, 2239, 3570, 1247, 3602, 3922, 2120, 3663, 1773, 944, 2248, 1127, 2175, 1786, 1222, 2390, 1809, 1661, 4277, 2830, 3649, 1200, 940, 2302, 1580, 2087, 2237, 2314, 1255, 2844, 1542, 2180, 1415, 3369, 1483, 1167, 6755, 2115, 1127, 2077, 1497, 367, 1724, 5598, 782, 757, 3407, 2944, 2242, 4347, 2695, 2299, 3631, 5901, 2056, 1099, 639, 2622, 1242, 3399, 2957, 1880, 1592, 2060, 1452, 965, 1866, 1320, 1306, 1104, 2603, 1142, 1588, 1627, 1170, 743, 1555, 1463, 1431, 811, 2700, 1763, 5274, 3009, 1056, 1139, 2002, 858, 2385, 3980, 1513, 2975, 2274, 1706, 884, 522, 1920, 4113, 3020, 1204, 2407, 1130, 1186, 1629, 1761, 1845, 1079, 2560, 4714, 1922, 2152, 709, 2510, 1910, 2636, 1883, 1323, 2037, 1245, 2345, 1617, 5123, 2244, 1718, 4442, 1771, 2419, 2008, 2653, 5633, 2116, 1696, 2714, 2335, 3458, 1871, 3602, 2856, 1612, 3744, 1721, 1971, 1424, 976, 4094, 2913, 8447, 2121, 3351, 2349, 1482, 1738, 933, 2719, 2490, 2047, 1738, 3108, 717, 2718, 879, 809, 2212, 1482, 1923, 1542, 1090, 3343, 3584, 1615, 1807, 1732, 2614, 1161, 994, 7130, 2028, 2764, 1980, 1544, 835, 3109, 2213, 2092, 3417, 1445, 3147, 2518, 1873, 4641, 1526, 1390, 2418, 991, 2721, 3463, 2466, 414, 2868, 2156, 2099, 1312, 1569, 602, 3082, 2156, 1157, 3781, 1910, 3933, 3058, 1448, 2762, 1676, 5324, 1730, 2697, 2400, 1579, 9288, 2985, 1549, 5547, 1720, 1616, 1278, 1827, 1164, 1217, 2034, 2516, 1149, 4499, 2617, 3112, 3050, 1966, 3521)
(47, 231): Mean: 2288.544, median: 1960.5, std: 1411.939, percent: 2154.86, B: 132, W: 118, 
	(3423, 1292, 1568, 11802, 2691, 1951, 1327, 2167, 1142, 2160, 1639, 1943, 1182, 2149, 3667, 1280, 3573, 4206, 1909, 3167, 1487, 964, 2244, 1135, 2069, 1898, 1192, 2441, 1837, 1809, 3901, 2717, 3943, 1216, 1091, 2282, 1526, 2390, 2499, 2120, 1142, 2613, 1564, 2287, 1283, 2935, 1511, 1129, 6054, 2467, 973, 1934, 1311, 379, 1687, 5196, 759, 816, 3675, 2575, 2103, 4651, 2961, 2368, 2492, 5418, 2001, 1082, 691, 2356, 1351, 4096, 2306, 1929, 1787, 2004, 1456, 1129, 1816, 1183, 1274, 951, 2806, 1178, 1540, 1740, 1132, 659, 1434, 1557, 1428, 931, 2469, 1709, 4401, 2864, 1120, 1174, 1918, 855, 1966, 3917, 1469, 2471, 2406, 1842, 882, 462, 1787, 3630, 2905, 1494, 2153, 1275, 1165, 1823, 2111, 1820, 1035, 2455, 4605, 1794, 2017, 808, 2847, 1744, 2568, 1777, 1169, 2168, 1226, 2790, 1693, 6370, 2176, 1578, 4382, 2230, 2739, 2371, 2426, 5803, 2972, 1480, 2132, 2577, 3893, 1872, 3090, 2962, 1613, 3415, 1822, 2009, 1414, 816, 4295, 2815, 7540, 2076, 3565, 2206, 1757, 1915, 1079, 3014, 2506, 2089, 1817, 2590, 677, 2618, 851, 780, 2295, 1499, 1863, 1457, 1259, 3166, 3707, 1742, 1661, 1708, 2600, 1142, 959, 8041, 1813, 2494, 1712, 1439, 891, 2773, 2406, 1955, 3280, 1355, 2954, 2895, 1925, 4976, 1601, 1502, 2309, 971, 2570, 3299, 2116, 349, 2886, 2421, 2007, 1551, 1432, 695, 3160, 2275, 1087, 3329, 1634, 3987, 2949, 1453, 2688, 1649, 4661, 1905, 2852, 2697, 1395, 10031, 2727, 1928, 5895, 1855, 1775, 1319, 2083, 1283, 1255, 2054, 2863, 1322, 4599, 2383, 3124, 2903, 1983, 3142)
(48, 235): Mean: 2286.192, median: 2021.5, std: 1410.503, percent: 2129.12, B: 140, W: 110, 
	(3360, 1204, 1682, 11605, 3414, 1976, 1292, 2079, 1038, 2395, 1592, 1849, 1098, 2371, 3634, 1272, 3681, 4217, 2482, 2981, 1414, 1032, 2266, 1040, 2029, 1834, 1235, 2018, 1859, 1691, 3479, 2762, 3807, 1173, 1121, 2257, 1663, 1870, 2151, 1956, 1227, 2532, 1488, 2076, 1221, 2663, 1452, 1147, 7168, 2059, 1038, 2008, 1354, 427, 1704, 6429, 668, 766, 3982, 2881, 2026, 4020, 2629, 2052, 2721, 5296, 1917, 1021, 545, 2596, 1261, 4011, 2819, 2031, 1771, 2395, 1405, 1078, 1724, 1246, 1333, 931, 2922, 1247, 1493, 1490, 1293, 715, 1515, 1613, 1426, 761, 2206, 1913, 5593, 3058, 1050, 1216, 2011, 872, 2276, 4032, 1324, 3042, 2509, 1763, 864, 486, 1688, 3466, 2519, 1186, 2150, 1339, 1079, 1762, 1910, 1854, 1081, 2150, 4487, 1938, 2243, 665, 2358, 1639, 2756, 1570, 1273, 2191, 1254, 2327, 1586, 5324, 2075, 1570, 4308, 2068, 2916, 2147, 2308, 5895, 2530, 1412, 2614, 2232, 3750, 2117, 2920, 2509, 1488, 3150, 1805, 2180, 1357, 787, 3968, 2834, 6643, 2093, 3318, 2408, 1673, 2519, 934, 2912, 2744, 2023, 1755, 2576, 711, 2459, 761, 768, 2028, 1461, 1793, 1495, 1115, 3627, 4425, 1653, 2020, 2233, 2793, 1092, 991, 7734, 2117, 2512, 1865, 1696, 844, 3247, 2142, 2254, 4624, 1445, 2998, 2873, 1775, 4958, 1622, 1466, 2391, 966, 2391, 3056, 2364, 351, 3036, 2557, 1875, 1298, 1757, 492, 2827, 2194, 1100, 2943, 1974, 3849, 3316, 1692, 2829, 1677, 5665, 1520, 2536, 2156, 1437, 8493, 2794, 2003, 6535, 1668, 1652, 1189, 1872, 1303, 1191, 2098, 2884, 1294, 5170, 2216, 2972, 2994, 2236, 3118)
(49, 240): Mean: 2274.352, median: 1992.0, std: 1371.822, percent: 2129.36, B: 118, W: 130, 
	(3085, 1324, 1496, 7948, 3009, 2105, 1323, 1960, 1165, 2125, 1490, 1873, 1121, 2053, 3554, 1134, 4530, 4771, 2292, 2615, 1544, 1045, 2201, 1171, 2174, 1861, 1113, 2620, 1961, 1756, 3555, 2725, 3632, 1158, 1065, 2111, 1547, 1989, 2226, 2222, 1129, 2707, 1462, 2204, 1336, 3106, 1386, 989, 5973, 1848, 1026, 1859, 1432, 401, 1794, 5292, 679, 907, 3704, 2889, 2284, 4227, 3064, 2267, 2444, 5402, 1953, 954, 569, 2490, 1338, 3720, 2366, 2034, 1926, 2073, 1346, 1055, 1607, 1260, 1251, 1027, 2640, 1249, 1590, 1585, 1442, 663, 1444, 1574, 1350, 890, 2552, 1782, 5727, 3009, 1090, 1082, 1937, 914, 2124, 3763, 1467, 2590, 2108, 1603, 763, 451, 1837, 3397, 2689, 1254, 2150, 1081, 1171, 1785, 1780, 1779, 1147, 2139, 3979, 1793, 2288, 683, 2493, 1626, 2628, 1809, 1389, 2253, 1430, 2536, 1633, 5579, 2241, 1619, 4532, 1928, 2715, 2263, 2567, 5984, 2496, 1284, 2329, 2217, 3419, 2166, 3247, 2536, 1572, 2940, 1878, 1995, 1442, 805, 4346, 2564, 10270, 2107, 3915, 2312, 1521, 2035, 992, 3375, 2757, 2115, 1950, 2819, 655, 2519, 835, 723, 2094, 1587, 2048, 1522, 1169, 4019, 3820, 1709, 1621, 1814, 2784, 1147, 952, 8261, 1983, 2657, 1758, 1432, 864, 2475, 2489, 2245, 4626, 1354, 3087, 2667, 1876, 4384, 1597, 1632, 2369, 917, 2601, 3981, 2142, 382, 3296, 2349, 2119, 1196, 1566, 780, 3085, 2163, 1230, 3641, 1974, 3875, 3264, 1366, 2613, 1892, 5213, 1647, 2560, 2150, 1594, 8960, 3066, 1949, 4889, 2079, 1720, 1167, 1877, 1334, 1163, 2156, 2829, 1216, 5009, 2002, 3047, 2540, 1927, 2889)
(51, 247): Mean: 2262.428, median: 1951.0, std: 1357.825, percent: 2157.2, B: 129, W: 118, 
	(3072, 1312, 1652, 9796, 3037, 2037, 1252, 1985, 1112, 2094, 1798, 1954, 1287, 2157, 3518, 1158, 3350, 5048, 1946, 3096, 1411, 976, 2250, 1007, 2069, 1790, 1021, 1973, 1976, 1579, 4183, 2812, 3389, 1299, 1051, 2376, 1514, 1659, 2254, 2078, 1272, 2346, 1489, 2176, 1455, 2815, 1387, 1104, 6277, 2012, 891, 2025, 1315, 388, 1691, 5452, 756, 820, 3491, 3052, 2372, 3852, 2452, 2137, 3013, 4795, 1899, 1098, 572, 2276, 1243, 3911, 2372, 1923, 1826, 2078, 1236, 1112, 1796, 1251, 1474, 928, 2929, 1178, 1584, 1538, 1143, 653, 1523, 1577, 1375, 910, 2692, 1847, 5320, 2835, 1090, 1091, 1857, 864, 2143, 3241, 1477, 2667, 2083, 1610, 953, 349, 1800, 3175, 2504, 1303, 2153, 1109, 1166, 1798, 1878, 1997, 1117, 2461, 3836, 1784, 2288, 706, 2672, 1702, 2460, 1876, 1299, 2264, 1301, 2596, 1503, 5124, 2252, 1668, 4678, 1794, 3060, 2129, 2642, 5668, 2608, 1473, 2300, 2589, 3886, 1927, 3449, 3368, 1487, 3665, 1703, 1897, 1442, 814, 4029, 2964, 9432, 2272, 3622, 2599, 1519, 1753, 958, 2621, 2815, 2118, 1678, 2787, 589, 2764, 752, 773, 1973, 1560, 2061, 1425, 1223, 3495, 4110, 1673, 1808, 1810, 2617, 1164, 968, 7707, 2460, 2742, 1948, 1660, 875, 2687, 2447, 2132, 4322, 1417, 3202, 2880, 1621, 5470, 1538, 1522, 2330, 1033, 2566, 3490, 1872, 425, 2641, 2330, 1928, 1330, 1454, 671, 2777, 2021, 1173, 3241, 1948, 3231, 3486, 1532, 2850, 1787, 5585, 1609, 2684, 2660, 1497, 7938, 2823, 1772, 5471, 1774, 1582, 1222, 1777, 1323, 1161, 2186, 2756, 1304, 4915, 2079, 3130, 2800, 2150, 2673)
(58, 285): Mean: 2188.048, median: 1890.5, std: 1451.258, percent: 2098.38, B: 167, W: 83, 
	(3188, 1239, 1460, 12108, 2527, 1724, 1082, 1561, 1002, 2012, 1672, 1786, 1159, 1917, 3158, 1142, 3921, 3714, 2192, 3045, 1477, 996, 2093, 1113, 1952, 1701, 997, 1967, 1807, 1626, 3785, 2505, 3493, 1237, 904, 2295, 1700, 1848, 2147, 1871, 1113, 2422, 1328, 2185, 1175, 2543, 1333, 1016, 6812, 1886, 817, 1883, 1206, 340, 1627, 5999, 608, 745, 3357, 2841, 1930, 3593, 2671, 1912, 2379, 4904, 1779, 1039, 556, 2492, 1096, 4192, 2459, 1894, 1907, 2207, 1259, 1033, 1878, 1122, 1270, 960, 2863, 1184, 1400, 1436, 1184, 738, 1336, 1316, 1241, 763, 2759, 2034, 4743, 3065, 1047, 1058, 1976, 989, 2018, 3443, 1248, 2634, 2116, 1690, 770, 490, 1552, 3375, 2621, 1223, 1886, 1158, 1178, 1470, 1978, 1887, 1010, 2019, 4233, 1718, 2325, 736, 2160, 1521, 2341, 1501, 1200, 2302, 1181, 2239, 1581, 6029, 2076, 1406, 3875, 1850, 2198, 1989, 2645, 5792, 2398, 1469, 2150, 1983, 3889, 1857, 2668, 2630, 1586, 3343, 1978, 1692, 1463, 850, 3989, 2849, 9024, 1877, 3536, 2204, 1563, 1615, 1034, 2663, 2263, 1751, 1842, 3135, 659, 2615, 837, 712, 1917, 1503, 1908, 1377, 1057, 3504, 3369, 1509, 1459, 1610, 2268, 971, 826, 8657, 2003, 3363, 1916, 1256, 692, 2903, 2373, 1981, 4025, 1284, 3483, 2640, 1597, 5361, 1387, 1444, 2493, 979, 2343, 2778, 1604, 384, 2390, 2432, 1912, 1257, 1493, 468, 2668, 2045, 1108, 3054, 1677, 3334, 3311, 1422, 2556, 1566, 5218, 1725, 2532, 2189, 1355, 8744, 3387, 1680, 5857, 2021, 1661, 1207, 1912, 1235, 1079, 1963, 3028, 1144, 4467, 2402, 3021, 2649, 1953, 2855)
(59, 288): Mean: 2170.176, median: 1874.0, std: 1370.003, percent: 2074.9, B: 124, W: 125, 
	(2651, 1137, 1651, 10369, 3234, 1976, 1116, 1787, 1015, 2281, 1437, 1824, 1074, 1953, 3304, 1142, 3166, 3701, 2237, 2913, 1379, 970, 1822, 1212, 1737, 1704, 999, 1985, 1698, 1790, 3555, 2526, 3244, 1137, 1005, 1933, 1814, 1983, 2125, 2268, 1088, 2407, 1628, 2152, 967, 3134, 1375, 1020, 6653, 1887, 765, 1827, 1258, 504, 1570, 4915, 632, 780, 3264, 2738, 2025, 3375, 2835, 1986, 2532, 4928, 2020, 947, 596, 2307, 1171, 3870, 2452, 2021, 1751, 2129, 1303, 1097, 1908, 1146, 1321, 985, 2783, 1249, 1419, 1422, 1052, 629, 1275, 1536, 1299, 794, 2549, 1903, 5164, 3149, 1144, 1202, 1802, 770, 1980, 4098, 1228, 2397, 2140, 1733, 852, 467, 1679, 3685, 2903, 1132, 2038, 1006, 1043, 1349, 1642, 1929, 988, 2812, 3561, 1678, 2316, 754, 1973, 1662, 2241, 1578, 1101, 2063, 1233, 2326, 1706, 6350, 2252, 1764, 4227, 1861, 2219, 2181, 2488, 5740, 2341, 1349, 2083, 2091, 3699, 1757, 2941, 2487, 1697, 3229, 1783, 1841, 1395, 712, 3889, 2410, 8704, 1924, 4178, 2191, 1466, 1624, 1024, 2448, 2588, 1951, 1574, 2860, 630, 2563, 715, 689, 1781, 1560, 1937, 1486, 945, 3284, 3371, 1680, 1736, 1780, 2829, 947, 858, 7861, 2000, 3365, 1740, 1434, 799, 2331, 2405, 2090, 4145, 1308, 2972, 2728, 1520, 5029, 1386, 1390, 2125, 996, 2804, 2970, 1943, 330, 2494, 2478, 1944, 1210, 1443, 487, 2415, 2089, 1034, 3120, 1592, 3425, 2948, 1393, 2466, 1679, 5212, 1715, 2726, 2309, 1418, 8715, 2578, 1609, 4620, 1652, 1582, 1327, 2015, 1272, 1037, 1856, 2584, 1130, 5532, 2208, 3036, 2916, 1798, 3143)
(61, 299): Mean: 2155.668, median: 1845.5, std: 1336.19, percent: 2081.26, B: 133, W: 115, 
	(4505, 1216, 1636, 10149, 3052, 1769, 1162, 1750, 1021, 2185, 1481, 1697, 1064, 1919, 3018, 1229, 3186, 3331, 1925, 2617, 1534, 844, 1881, 1173, 1852, 1611, 1065, 2253, 1833, 1900, 3404, 2396, 3212, 1214, 966, 2192, 1748, 1709, 2136, 2137, 1052, 2134, 1373, 1988, 1014, 2802, 1326, 1009, 6815, 1770, 762, 1696, 1330, 362, 1754, 5543, 585, 827, 3106, 2733, 2101, 3497, 2616, 1869, 2803, 4944, 1990, 979, 567, 2241, 1275, 4024, 2325, 1772, 1585, 2402, 1161, 996, 2020, 1148, 1326, 903, 3166, 1190, 1418, 1447, 1155, 617, 1450, 1400, 1385, 919, 2257, 1978, 5092, 3227, 990, 1103, 1767, 1036, 2159, 4013, 1214, 2635, 2229, 1893, 812, 335, 1628, 2888, 2914, 1129, 1992, 1091, 1078, 1472, 1777, 1820, 1006, 2212, 4010, 1865, 1839, 740, 2050, 1495, 2307, 1510, 1336, 1950, 1253, 2356, 1612, 5735, 2091, 1387, 5566, 1722, 2687, 2017, 2452, 5336, 2532, 1340, 2093, 2270, 3298, 2147, 2892, 2374, 1586, 3279, 1835, 1834, 1318, 674, 4770, 2837, 7767, 1952, 3345, 2076, 1615, 1479, 905, 2951, 2659, 1802, 1554, 2800, 683, 2610, 679, 813, 2063, 1497, 1711, 1336, 1062, 3465, 3494, 1598, 1679, 1611, 2154, 959, 931, 7282, 1890, 3226, 1983, 1481, 807, 2194, 2263, 1899, 4455, 1375, 2900, 2369, 1583, 4417, 1523, 1351, 2519, 1080, 3169, 3184, 1782, 383, 2744, 2221, 1769, 1237, 1561, 487, 2557, 2089, 1222, 2531, 1644, 3389, 2986, 1461, 2618, 1596, 5236, 1745, 2711, 2117, 1360, 8379, 2914, 1776, 5283, 1750, 1462, 1291, 1897, 1228, 1152, 1853, 2679, 1141, 3991, 2160, 3450, 2413, 1907, 2759)
(67, 330): Mean: 2147.372, median: 1838.0, std: 1313.085, percent: 2026.7, B: 126, W: 123, 
	(3092, 1168, 1537, 9982, 2505, 2044, 1191, 1557, 1112, 1904, 1650, 1772, 1222, 1677, 3325, 1101, 3681, 4198, 2076, 2776, 1501, 875, 2028, 1126, 2026, 1766, 1028, 2369, 1762, 1836, 3576, 2302, 2779, 1220, 880, 2095, 1635, 1828, 2125, 1976, 1043, 2662, 1607, 2104, 1176, 2767, 1284, 1078, 5718, 1853, 856, 1627, 1429, 445, 1766, 5336, 609, 759, 2989, 2876, 1996, 3367, 2499, 1815, 2978, 4236, 1819, 1074, 544, 2237, 1275, 3538, 2796, 1766, 1453, 1896, 1187, 990, 1782, 1168, 1384, 859, 2704, 1130, 1480, 1428, 1125, 682, 1331, 1510, 1209, 888, 2351, 1914, 5416, 3152, 1085, 997, 1886, 983, 1988, 4017, 1418, 2855, 2110, 1650, 902, 469, 1580, 3517, 2636, 1175, 1928, 1104, 1104, 1563, 1786, 1882, 1021, 2158, 3741, 1976, 2237, 615, 2204, 1713, 2470, 1599, 1196, 1934, 1296, 2468, 1681, 6635, 1991, 1417, 4597, 1748, 2617, 2048, 2127, 5446, 2102, 1414, 2104, 2067, 3845, 1698, 3573, 2548, 1519, 3420, 2056, 2140, 1351, 695, 4143, 2741, 7168, 1822, 3359, 2081, 1445, 1600, 945, 2664, 2442, 1833, 1619, 2688, 623, 2713, 721, 799, 1818, 1587, 1898, 1522, 1001, 3341, 3220, 1685, 1801, 1679, 2373, 924, 925, 7518, 2022, 3347, 1858, 1618, 855, 2367, 2196, 2007, 4435, 1310, 2801, 2377, 2084, 6943, 1467, 1344, 2414, 913, 2888, 3010, 1657, 320, 2366, 2125, 1950, 1263, 1520, 429, 2756, 1888, 1015, 2765, 1565, 3799, 2925, 1470, 2443, 1662, 5581, 1682, 2357, 2131, 1253, 7111, 2869, 1564, 5314, 1772, 1551, 1194, 1840, 1163, 1153, 1770, 2589, 1134, 4026, 2041, 2941, 2585, 2149, 2833)
(83, 423): Mean: 2136.652, median: 1869.0, std: 1335.906, percent: 2063.56, B: 133, W: 116, 
	(3363, 1207, 1494, 8818, 3052, 1774, 1069, 1720, 1022, 2215, 1585, 1715, 1208, 1840, 3637, 1117, 3319, 3398, 1926, 3040, 1260, 1066, 1957, 1120, 2083, 1602, 1107, 2023, 1926, 1715, 4159, 2394, 3912, 1192, 890, 2207, 1749, 1874, 2162, 2069, 1001, 2393, 1380, 1867, 999, 2737, 1414, 1009, 7139, 1876, 786, 1789, 1140, 416, 1460, 5366, 602, 732, 3857, 2946, 2171, 3378, 2604, 1950, 2534, 3757, 1900, 1042, 582, 2097, 1157, 3395, 2060, 1868, 1590, 1697, 1202, 955, 1870, 1103, 1277, 910, 2751, 1209, 1371, 1430, 1140, 593, 1299, 1393, 1320, 811, 2273, 1998, 4451, 2556, 1079, 1093, 1916, 840, 2030, 3658, 1271, 2681, 2289, 1390, 836, 363, 1627, 3021, 2592, 1081, 2126, 1142, 1048, 1390, 1860, 1688, 908, 2294, 4054, 1968, 2125, 772, 2180, 1610, 2011, 1560, 1211, 1916, 1194, 2163, 1459, 5947, 2238, 1570, 4161, 1805, 2398, 2210, 2163, 5293, 2329, 1348, 2137, 2063, 3730, 1831, 2666, 2383, 1378, 3330, 1823, 2388, 1192, 655, 4258, 2626, 8582, 2022, 3604, 2079, 1550, 1894, 933, 2664, 2475, 1831, 1642, 2641, 575, 2503, 706, 686, 1937, 1428, 1902, 1316, 928, 3613, 3171, 1543, 1663, 1806, 2518, 967, 917, 6795, 1763, 3154, 1864, 1611, 854, 2081, 2061, 2081, 4226, 1403, 3062, 2308, 1606, 5622, 1490, 1348, 1994, 926, 2476, 3504, 1900, 356, 2351, 2082, 1864, 1245, 1545, 552, 3023, 2138, 1122, 2838, 1696, 3597, 3055, 1317, 2975, 1668, 5661, 1618, 2563, 2170, 1274, 8299, 2688, 1822, 7095, 1832, 1561, 1192, 1873, 1108, 1080, 2115, 2778, 1089, 4668, 2054, 2743, 2846, 1730, 2698)

Test:
No precond: Mean: 2497.244, median: 2230.5, std: 1214.669, percent: 2491.02, flag: 0 
	(950, 1877, 1941, 3744, 1247, 5987, 1591, 2381, 2752, 2719, 2593, 1137, 1253, 4091, 1708, 6313, 1086, 1351, 2778, 2363, 2458, 3768, 1766, 673, 2961, 2180, 1841, 2736, 5944, 3685, 3480, 2306, 2914, 2443, 1792, 2633, 2141, 4723, 964, 5409, 1415, 1365, 2197, 2119, 4040, 2732, 2921, 4361, 3014, 957, 2406, 2700, 1016, 2727, 1027, 2206, 4471, 5667, 1023, 2254, 1165, 1674, 3359, 1425, 1789, 2027, 2275, 3964, 2649, 2021, 4787, 1110, 2587, 2272, 1938, 2301, 5418, 2672, 1851, 975, 2245, 1659, 1756, 2166, 2142, 1639, 2126, 577, 1965, 3532, 3207, 1680, 1477, 2114, 2249, 1844, 6588, 3956, 3429, 1896, 2283, 2294, 1954, 1963, 5632, 2312, 1484, 5220, 3578, 1482, 1083, 1703, 2010, 1982, 2121, 1963, 1474, 3246, 3444, 1895, 1519, 1214, 1727, 3619, 2218, 2905, 1983, 1012, 3293, 1160, 4712, 3107, 2411, 2979, 3354, 1456, 2438, 1712, 1625, 2868, 1529, 2304, 1987, 1497, 3180, 721, 1195, 1917, 1328, 924, 3485, 814, 4130, 3147, 3932, 2682, 3182, 1594, 2130, 2582, 1685, 1483, 3374, 4695, 2891, 3307, 3968, 3869, 2384, 1420, 3376, 2724, 4297, 1429, 1424, 3804, 2088, 3379, 1458, 3026, 1638, 3871, 1794, 779, 5650, 893, 4333, 1585, 2784, 1212, 2860, 2502, 1756, 1301, 1700, 1520, 1457, 2108, 2847, 1731, 5055, 3275, 801, 1719, 2677, 3232, 2390, 1571, 1775, 1773, 5055, 2885, 1386, 2727, 1195, 3078, 5249, 2163, 1890, 1574, 3070, 1313, 3534, 2465, 1861, 6735, 3555, 3290, 1992, 2142, 4196, 414, 3297, 4340, 1567, 4321, 2878, 2612, 1249, 1405, 2994, 2379, 2402, 2623, 2127, 1920, 1607, 2076, 2243, 1334)

Jacobi: Mean: 2079.96, median: 1846.5, std: 1147.316, percent: 2054.8,, BvN: 230, WvN: 20, flag: 0 
	(743, 1369, 1195, 3231, 1009, 7387, 1727, 1614, 2239, 2554, 2275, 1024, 1025, 5804, 1392, 6411, 954, 1206, 2706, 1704, 2675, 2968, 1375, 575, 2623, 1668, 1803, 2268, 6098, 2546, 3110, 2118, 2038, 1593, 1423, 2732, 1976, 4085, 744, 6085, 1046, 1389, 1646, 1666, 2604, 1925, 2403, 3549, 2445, 862, 1575, 2241, 624, 2549, 759, 2428, 3182, 3671, 798, 1894, 1201, 1351, 2818, 1136, 1333, 1661, 1858, 4547, 1978, 1662, 3927, 766, 2296, 1997, 1257, 2321, 5079, 2090, 1426, 630, 1914, 1333, 1370, 1692, 1945, 1182, 1937, 385, 1552, 2907, 2769, 1315, 1330, 1709, 1746, 1488, 4297, 3849, 2967, 1630, 1962, 1618, 1884, 1519, 5188, 1964, 1223, 4390, 2857, 998, 753, 1422, 1762, 1366, 1818, 1835, 1100, 2322, 2520, 1718, 1195, 883, 1435, 2633, 2034, 2510, 1484, 787, 2648, 793, 4577, 2329, 1947, 2536, 2555, 1334, 1899, 1378, 1208, 1982, 1252, 1917, 1642, 1197, 3899, 524, 828, 1798, 948, 724, 3138, 538, 4350, 2747, 3355, 2293, 2085, 1131, 1862, 1436, 1299, 851, 2879, 3337, 2748, 2963, 2972, 3018, 2269, 1145, 3289, 1992, 3374, 1441, 1136, 3043, 1875, 2666, 1316, 2061, 1284, 3206, 1368, 568, 4790, 833, 2808, 1211, 3047, 830, 2581, 1833, 1583, 963, 1240, 1198, 1172, 1538, 2347, 1539, 3445, 2356, 499, 1474, 2228, 2595, 1739, 1293, 1298, 1665, 3433, 2055, 1090, 2758, 995, 2370, 5143, 1586, 1301, 1222, 2737, 994, 3193, 1869, 1662, 4635, 2344, 2330, 1485, 2023, 3689, 325, 4013, 2987, 1247, 4158, 2050, 1719, 893, 877, 2201, 2069, 2307, 1994, 1959, 1607, 1329, 1677, 2358, 1092)

Last: Mean: 2083.416, median: 1794.5, std: 1121.381, percent: 2091.24, BvN: 235, WvN: 15, BvJ: 112, WvJ: 138, flag: 0 
	(747, 1273, 1440, 3320, 945, 5256, 1442, 1606, 2682, 2532, 2435, 1051, 999, 5511, 1546, 7400, 941, 1194, 2742, 1856, 2214, 2991, 1318, 606, 2743, 1626, 1676, 1991, 5709, 2714, 3008, 2092, 1726, 1726, 1436, 2390, 1722, 4447, 776, 6035, 1027, 1394, 1580, 1659, 2428, 1912, 2551, 3761, 2327, 750, 1638, 2741, 668, 2562, 816, 2230, 3378, 4680, 670, 1986, 1131, 1274, 2379, 1103, 1466, 1897, 1865, 3948, 2255, 1449, 4476, 1004, 2455, 1734, 1255, 2730, 4881, 2115, 1326, 654, 1904, 1261, 1494, 1702, 1707, 1336, 1459, 359, 1694, 3149, 2817, 1464, 1266, 1467, 1857, 1624, 4247, 4358, 3133, 1672, 2460, 1730, 1630, 1563, 4611, 1984, 1137, 4897, 3149, 1080, 795, 1427, 1970, 1381, 1868, 1954, 1204, 2589, 2586, 1832, 1288, 740, 1520, 2312, 2112, 2287, 1596, 881, 2584, 790, 3820, 2526, 1722, 2594, 2916, 1302, 2085, 1325, 1169, 2023, 1236, 1743, 1663, 1269, 3751, 550, 753, 1752, 1036, 711, 3146, 574, 3820, 2892, 3856, 1930, 2035, 1142, 1770, 1491, 1573, 1047, 2768, 3309, 2767, 2838, 3199, 2856, 1884, 960, 3450, 2337, 2908, 1332, 1128, 3194, 1863, 2732, 1324, 2101, 1058, 2964, 1543, 774, 4873, 699, 3105, 1104, 3087, 891, 2763, 1936, 1523, 991, 1419, 1095, 1257, 1381, 2548, 1614, 3177, 2495, 573, 1514, 2607, 2599, 1754, 1352, 1427, 1619, 3050, 1938, 1079, 2241, 1039, 2526, 3983, 1832, 1374, 1323, 3116, 962, 3390, 1815, 1527, 4719, 2602, 2242, 1480, 1723, 3946, 333, 3877, 3236, 1273, 3780, 1959, 1774, 832, 891, 2874, 1913, 1927, 1857, 2114, 1576, 1234, 1902, 2733, 1002)

[ 0.00415992 -0.0307785  -0.01149851 -0.02346482 -0.01327777 -0.02055654
 -0.01497669 -0.00316443 -0.04155469 -0.02191397]

16/03/2026, 11:53:46
Config file: ./config/config_mean_0_True.ini
Data:
	1d_laplace_size: 45
	amount: 250
	params: 1 0.3
	seed: 0
	dim: 2025
Solver:
	tol: 1e-10
	max_iteration: None
Learn:
	iteration_count: 100
	step_range: 0.1
	method: mean
	seed: 0
	scale: 1 0.5 0.25
	allow_disimprovement: True
Precondition:
	num_coef: 10
	type: par_shift_jacobi

Train:
(0, 1): Mean: 2856.088, median: 2517.0, std: 1771.024, percent: 2663.9, B: 250, W: 0, 
	(4190, 1649, 2034, 13535, 3780, 2699, 1571, 2336, 1555, 2898, 1924, 2840, 1572, 3072, 4725, 1310, 4418, 5027, 3026, 3550, 1941, 1196, 2311, 1332, 2461, 2702, 1434, 2831, 2418, 2376, 3535, 3016, 3716, 1529, 1265, 2625, 1920, 2130, 2647, 2582, 1492, 3188, 1840, 2506, 2127, 3200, 1853, 1296, 9939, 2603, 1345, 2264, 1489, 552, 1903, 6811, 932, 1046, 4807, 3500, 2920, 4258, 3314, 2878, 3075, 7059, 2527, 1139, 878, 2851, 1625, 4957, 2703, 2358, 1855, 2760, 1404, 1457, 2543, 1650, 1801, 1177, 3554, 1514, 2058, 1896, 1499, 808, 1820, 2142, 1780, 1290, 2892, 2352, 5070, 4062, 1430, 1432, 2412, 1139, 2804, 3979, 1700, 3279, 2851, 2623, 1047, 627, 2190, 4240, 3555, 1725, 2762, 1595, 1295, 1889, 2614, 2462, 1449, 2806, 5838, 2238, 2842, 1009, 3597, 2118, 3757, 2335, 1506, 2898, 1591, 3051, 2238, 7085, 2589, 2067, 4415, 2503, 2624, 2384, 3498, 7326, 3274, 1908, 2812, 2810, 4304, 2662, 4505, 3754, 1882, 3235, 2215, 3102, 1878, 1218, 4970, 2980, 10328, 2647, 4985, 3415, 2169, 2236, 1320, 3751, 3364, 2507, 2162, 4278, 703, 2990, 982, 1263, 2835, 1824, 2833, 1588, 1320, 4941, 5280, 1859, 2228, 2259, 3765, 1515, 1292, 10750, 2386, 3973, 2262, 2249, 1107, 3303, 2623, 2829, 3777, 1773, 3734, 3871, 2248, 5990, 1822, 1865, 3490, 1253, 3043, 3344, 2740, 531, 3437, 3105, 2582, 1631, 1746, 1028, 3969, 2531, 1588, 3452, 2137, 5606, 4530, 1925, 3840, 2335, 7941, 1899, 3494, 2792, 1838, 11293, 3828, 2160, 7802, 2235, 2044, 2015, 2334, 1346, 1407, 2725, 3729, 1701, 6025, 2819, 4410, 3612, 3107, 3202)
(2, 8): Mean: 2887.112, median: 2506.0, std: 1906.094, percent: 2691.26, B: 122, W: 128, 
	(3927, 1474, 2130, 16861, 3295, 2642, 1486, 2255, 1411, 3005, 2106, 2999, 1619, 2869, 3844, 1483, 5373, 4987, 2731, 3649, 2315, 1239, 2667, 1376, 2527, 2859, 1514, 3303, 2332, 2254, 4823, 3900, 4230, 1452, 1342, 2532, 1633, 2660, 2940, 2812, 1346, 3098, 2014, 2354, 1736, 3671, 1800, 1306, 9175, 2649, 1219, 2364, 1551, 418, 1938, 8063, 903, 1053, 5111, 3917, 2802, 4352, 4066, 2559, 3602, 7342, 2300, 1392, 728, 3345, 1619, 4750, 3396, 2290, 2160, 2761, 1394, 1511, 2569, 1868, 2105, 1194, 3755, 1410, 1958, 1910, 1475, 850, 1863, 2024, 1681, 1008, 3052, 2236, 7447, 3692, 1499, 1451, 2819, 1112, 2811, 4059, 1704, 3883, 2495, 2438, 1040, 544, 2444, 3825, 3927, 1782, 2504, 1707, 1273, 1920, 2322, 2593, 1355, 2844, 5154, 2664, 2701, 927, 3541, 1814, 3905, 2258, 1329, 3058, 1558, 3140, 1897, 6578, 2377, 1817, 5345, 2636, 2919, 2480, 3369, 7493, 3658, 1990, 2979, 3102, 5211, 2256, 3444, 3468, 1774, 3517, 2462, 2518, 1990, 1151, 5687, 3382, 11186, 2527, 5080, 3764, 2508, 2582, 1100, 3553, 3421, 2235, 2233, 3486, 742, 3235, 930, 1172, 2907, 1758, 2400, 1611, 1318, 4595, 5007, 1891, 2345, 2325, 3509, 1671, 1055, 10754, 2393, 3415, 2518, 2055, 1092, 2995, 2743, 2735, 4644, 1600, 4144, 3422, 1999, 6258, 1810, 1715, 3021, 1169, 2584, 3613, 2952, 492, 3121, 3512, 2467, 1605, 1750, 825, 3675, 2707, 1690, 4010, 2108, 5520, 4084, 1645, 3127, 2302, 6137, 2147, 3205, 2765, 1872, 11829, 3337, 2439, 7824, 2278, 1969, 1688, 2352, 1445, 1572, 2438, 3185, 1524, 5648, 2767, 4427, 3826, 2667, 3112)
(3, 10): Mean: 2875.848, median: 2484.5, std: 1923.078, percent: 2719.64, B: 138, W: 112, 
	(4512, 1472, 1893, 15930, 3452, 2613, 1548, 2603, 1203, 2690, 1986, 2738, 1603, 2675, 4386, 1549, 4593, 6069, 2616, 3572, 1748, 1155, 2384, 1393, 2443, 2277, 1450, 3430, 2243, 2202, 4141, 3417, 4720, 1345, 1315, 2777, 1835, 2811, 2511, 2770, 1399, 2962, 1710, 2748, 1557, 4004, 1565, 1184, 11034, 2655, 1206, 2339, 1702, 636, 2071, 8268, 824, 1231, 4621, 3809, 2799, 4472, 3137, 3010, 3484, 7043, 2262, 1316, 861, 3165, 1557, 4589, 2791, 2319, 2218, 2458, 1659, 1380, 2009, 1471, 1854, 1189, 3220, 1357, 2046, 1845, 1464, 824, 1799, 1814, 1692, 1055, 3093, 2289, 7091, 3312, 1388, 1334, 2738, 1172, 2996, 4471, 1596, 3165, 2893, 2004, 1213, 561, 2507, 4365, 4226, 1515, 2622, 1469, 1267, 2339, 2462, 2483, 1735, 3059, 5693, 2452, 2719, 921, 3452, 2300, 2890, 2109, 1602, 3302, 1611, 3233, 2276, 10940, 2306, 2058, 4903, 2456, 3336, 2603, 2717, 7710, 3073, 1808, 2702, 2961, 4241, 2264, 3754, 3970, 2099, 3564, 2150, 2801, 1768, 980, 4846, 3144, 9781, 2462, 3899, 3156, 2154, 2825, 1368, 3483, 3649, 2507, 2146, 4292, 755, 3217, 1044, 1069, 2417, 1671, 2494, 1715, 1463, 4514, 4462, 2134, 2089, 2570, 3345, 1315, 1144, 8783, 2425, 3184, 2605, 2201, 1277, 3307, 2741, 2100, 4322, 1680, 4061, 3793, 2998, 6375, 1898, 2016, 2902, 1403, 3095, 3853, 2499, 495, 3142, 2790, 2998, 1590, 1713, 813, 3449, 2215, 1405, 3553, 2596, 4785, 4211, 1558, 3565, 2191, 8074, 2113, 3324, 3190, 2004, 11596, 3029, 2285, 8344, 2042, 1917, 1510, 2073, 1458, 1561, 2486, 3568, 1501, 6217, 2585, 4846, 4622, 2624, 3433)
(4, 11): Mean: 2857.652, median: 2473.5, std: 1880.014, percent: 2705.12, B: 130, W: 120, 
	(3864, 1538, 1883, 14496, 3851, 2465, 1666, 2200, 1237, 3093, 1861, 2445, 1523, 2641, 4182, 1316, 4485, 4328, 2469, 3504, 1959, 1161, 2431, 1421, 2478, 2514, 1357, 3053, 2344, 2504, 4074, 3694, 4641, 1382, 1193, 2733, 2044, 2596, 2465, 3034, 1339, 2665, 1953, 2889, 1405, 3560, 1756, 1308, 11537, 2713, 1171, 2718, 1834, 523, 2154, 6965, 1052, 1146, 4938, 4093, 2720, 4714, 4122, 3167, 3811, 5434, 2590, 1168, 772, 3078, 1528, 4545, 3561, 2532, 2075, 2678, 1523, 1285, 2287, 1664, 1705, 1312, 3917, 1431, 2082, 1832, 1584, 942, 1699, 1965, 1667, 997, 2920, 2204, 6052, 3422, 1294, 1543, 2541, 1133, 2554, 4970, 1564, 3009, 2727, 2253, 1115, 655, 2265, 3726, 4121, 1576, 2767, 1526, 1272, 1984, 2248, 2214, 1803, 3292, 4884, 2140, 2596, 960, 2975, 1929, 3132, 2572, 1397, 3043, 1726, 3266, 1868, 8000, 2504, 1865, 5441, 2571, 3452, 2396, 2991, 7698, 3499, 1933, 2821, 2896, 4951, 2451, 4361, 3534, 1899, 4162, 2050, 2549, 1707, 1096, 4051, 2995, 10419, 2403, 4415, 3143, 2025, 2434, 1280, 3617, 3202, 2891, 2379, 4131, 769, 3135, 954, 1231, 2269, 1917, 3184, 1784, 1483, 4827, 4676, 1931, 1985, 2499, 3391, 1387, 1182, 10353, 2535, 3212, 2485, 1877, 1182, 3490, 2973, 2821, 4897, 1732, 3892, 3406, 2554, 6590, 1884, 1747, 3197, 1289, 3214, 4168, 2447, 553, 3059, 3575, 2454, 1555, 2002, 979, 3147, 2677, 1487, 3222, 2381, 5213, 3496, 1796, 3836, 2027, 6886, 2051, 3056, 3179, 1798, 13704, 3857, 2396, 8661, 2018, 1881, 1506, 2236, 1372, 1659, 2457, 3087, 1685, 5499, 2827, 3647, 4033, 2197, 3032)
(5, 13): Mean: 2646.796, median: 2288.5, std: 1640.977, percent: 2459.0, B: 188, W: 62, 
	(3615, 1362, 1870, 11561, 3252, 2320, 1407, 2190, 1178, 3180, 1928, 2351, 1552, 2394, 3365, 1657, 3838, 5791, 2780, 3406, 1684, 1276, 2888, 1362, 2188, 2539, 1282, 2831, 2102, 1918, 3467, 3388, 4158, 1360, 1059, 2866, 1996, 2499, 2405, 2549, 1392, 2877, 1933, 2137, 1734, 3403, 1935, 1217, 8861, 2439, 1109, 2157, 1561, 608, 1707, 6655, 856, 1065, 4139, 3551, 2659, 4417, 2843, 2551, 2943, 5759, 2296, 1260, 672, 2935, 1518, 3805, 3230, 2593, 2012, 2523, 1353, 1192, 2096, 1497, 1713, 1149, 3021, 1400, 1776, 1865, 1447, 868, 1797, 1932, 1614, 1015, 2881, 2307, 5437, 3509, 1338, 1272, 2196, 1023, 2375, 4639, 1733, 3148, 2529, 1811, 929, 543, 2191, 4222, 3439, 1434, 2380, 1505, 1202, 2136, 2106, 1939, 1459, 2821, 4888, 2005, 2326, 975, 3558, 1932, 2682, 2290, 1405, 3016, 1327, 2924, 1889, 8354, 2390, 2121, 4751, 2465, 3348, 2315, 2768, 6763, 3051, 1616, 2672, 2302, 4454, 2272, 3749, 3760, 1746, 3239, 2114, 2676, 1698, 922, 4326, 2835, 10010, 2655, 4561, 2492, 1980, 2163, 1142, 3308, 3093, 2273, 2113, 3593, 751, 3317, 935, 1124, 2287, 1682, 2414, 1730, 1296, 4090, 4174, 1948, 2051, 1787, 3145, 1323, 1096, 9760, 2456, 3159, 2024, 1648, 1071, 2858, 3131, 2484, 4299, 1480, 3766, 3500, 2154, 6402, 1910, 1799, 2667, 1081, 2644, 3856, 2375, 447, 2731, 2697, 2410, 1203, 1887, 875, 3285, 2092, 1356, 3533, 2142, 3770, 3570, 1644, 3079, 1898, 6423, 1814, 3514, 2898, 1755, 9996, 3369, 2004, 7539, 2071, 1792, 1756, 1978, 1264, 1388, 2252, 3169, 1517, 6106, 2591, 5525, 3556, 2262, 3155)
(7, 20): Mean: 2581.184, median: 2236.5, std: 1672.034, percent: 2431.8, B: 150, W: 100, 
	(3622, 1268, 1677, 12678, 3091, 2107, 1445, 2109, 1177, 2799, 1614, 2094, 1385, 2377, 3356, 1265, 3847, 5366, 2301, 3148, 2121, 1071, 2265, 1303, 2207, 2426, 1230, 2968, 2139, 2278, 4328, 2640, 4281, 1329, 1121, 2572, 2153, 2408, 2364, 2556, 1364, 2751, 1851, 2331, 1644, 3530, 1590, 1228, 9341, 2427, 1062, 2063, 1444, 503, 1762, 6813, 939, 849, 3724, 2998, 2572, 4008, 2820, 2621, 3581, 6066, 2192, 1125, 743, 3176, 1410, 4020, 2558, 2060, 1816, 2443, 1521, 1236, 1858, 1413, 1756, 1087, 3268, 1373, 1933, 1637, 1446, 788, 1689, 1848, 1379, 868, 3022, 1973, 5148, 3436, 1237, 1269, 2300, 1029, 2506, 4185, 1636, 3079, 2650, 1775, 931, 631, 2041, 4062, 3202, 1342, 2274, 1371, 1177, 1876, 2105, 2135, 1389, 2802, 4683, 2078, 2373, 917, 3142, 2236, 2340, 2069, 1450, 2157, 1558, 3345, 1707, 5712, 2400, 1874, 4782, 2068, 2525, 2159, 2753, 7491, 2664, 1776, 2589, 2774, 4398, 2385, 3674, 2987, 1883, 4301, 2017, 2557, 1673, 985, 4153, 2907, 9905, 2948, 3535, 2781, 1934, 2356, 1171, 3494, 3279, 2343, 2016, 3612, 658, 3245, 912, 1078, 2251, 1677, 2676, 1687, 1231, 3611, 4284, 1616, 1875, 2137, 3212, 1363, 1137, 8018, 1927, 3011, 1986, 1482, 1074, 2625, 2541, 2502, 5076, 1371, 3202, 2902, 2380, 6711, 1682, 1705, 2613, 1041, 3142, 3449, 2449, 401, 2912, 2140, 2427, 1495, 1848, 692, 3848, 2237, 1194, 3371, 1871, 4564, 3116, 1696, 3088, 2020, 6859, 2001, 3193, 2489, 1835, 12674, 3570, 1820, 7294, 2146, 1827, 1548, 2034, 1429, 1414, 2647, 3325, 1445, 4103, 2726, 3379, 3359, 2371, 2839)
(8, 24): Mean: 2565.324, median: 2210.5, std: 1666.784, percent: 2376.4, B: 135, W: 115, 
	(3832, 1301, 1873, 12566, 3200, 2294, 1500, 2227, 1243, 2807, 1744, 1971, 1302, 2307, 3387, 1330, 4845, 4343, 2398, 3425, 1902, 1060, 2297, 1391, 2175, 2320, 1252, 2522, 2072, 2225, 4247, 2798, 4519, 1391, 1223, 2565, 1828, 2174, 2634, 2520, 1292, 2887, 1688, 2235, 1253, 3455, 1876, 1275, 9874, 2415, 1121, 2191, 1507, 519, 1820, 5602, 872, 886, 3907, 2909, 2823, 4166, 2863, 2465, 3441, 5962, 2110, 1089, 647, 2970, 1392, 4139, 2277, 2079, 1858, 2426, 1481, 1165, 1871, 1588, 1603, 1170, 3077, 1399, 1943, 1811, 1265, 786, 1538, 1707, 1559, 912, 2553, 1944, 5560, 3119, 1299, 1253, 2611, 834, 2348, 4565, 1620, 3629, 2578, 1805, 950, 479, 2096, 3985, 3059, 1591, 2316, 1408, 1069, 1908, 1915, 2068, 1434, 2555, 4258, 1993, 3001, 902, 3100, 1766, 2873, 2003, 1311, 2726, 1732, 2814, 1696, 6759, 2470, 1917, 4700, 2054, 3064, 2241, 3064, 7765, 2682, 1630, 2808, 2702, 4733, 2010, 3464, 3083, 1702, 3624, 2896, 2271, 1699, 909, 4880, 2628, 10326, 2196, 3467, 2665, 1744, 2472, 1102, 2830, 3132, 2170, 2109, 3489, 654, 3411, 828, 930, 2730, 1658, 2627, 1863, 1216, 3890, 3758, 1918, 2001, 2172, 2946, 1188, 1197, 8901, 2298, 2806, 1776, 1802, 1033, 3309, 2625, 2184, 4408, 1600, 3736, 3349, 1978, 6390, 1889, 1624, 2580, 1079, 3107, 3432, 1933, 466, 2749, 2428, 2262, 1342, 1676, 742, 3199, 2530, 1368, 2776, 2095, 4709, 3177, 1546, 2938, 1968, 6077, 1705, 2890, 2363, 1699, 11851, 2896, 1816, 6298, 1984, 1743, 1448, 1968, 1396, 1520, 2228, 3366, 1248, 4873, 2323, 3627, 3400, 2457, 2999)
(9, 28): Mean: 2552.88, median: 2214.5, std: 1642.594, percent: 2339.58, B: 138, W: 112, 
	(3981, 1277, 1785, 10737, 2868, 2133, 1335, 1988, 1135, 2555, 1662, 1978, 1429, 2604, 3314, 1299, 4235, 4942, 2209, 3293, 2250, 1070, 2250, 1064, 2172, 1952, 1195, 2742, 1850, 2220, 3910, 2518, 5053, 1499, 1130, 2326, 1872, 2331, 2361, 2451, 1275, 3293, 1639, 2366, 1459, 3209, 1757, 1217, 7438, 2485, 1054, 2039, 1613, 444, 1787, 6455, 845, 786, 4255, 2940, 2580, 4568, 3087, 2373, 3234, 5816, 2373, 1075, 659, 2618, 1551, 4536, 2659, 1898, 1770, 2177, 1486, 1212, 1938, 1481, 1479, 1245, 3238, 1307, 1633, 1601, 1537, 796, 1463, 1654, 1508, 994, 3039, 2095, 6197, 3088, 1366, 1234, 2249, 943, 2626, 3969, 1679, 3029, 2662, 1935, 1123, 519, 1941, 4036, 3325, 1336, 2265, 1356, 1222, 1980, 2140, 2145, 1182, 3220, 4794, 1846, 2505, 759, 2996, 1775, 2793, 2455, 1349, 2384, 1369, 2822, 1740, 6877, 2305, 1605, 4010, 2202, 3100, 2462, 2528, 5329, 3087, 2059, 2504, 2795, 3932, 2165, 3282, 2977, 1861, 3982, 2006, 2249, 1625, 900, 4463, 2748, 10745, 2197, 4155, 2525, 2229, 2253, 1048, 2957, 3188, 2099, 2354, 3349, 643, 2980, 751, 944, 2441, 1646, 1945, 1669, 1126, 3347, 4467, 1905, 1944, 2064, 3242, 1331, 1040, 10170, 1907, 2851, 2097, 1670, 870, 3147, 2952, 2607, 4151, 1526, 3768, 3053, 2161, 7014, 1765, 1581, 2631, 1054, 3185, 3395, 2446, 483, 3328, 2741, 2325, 1488, 1818, 739, 3115, 2372, 1166, 3526, 1960, 4245, 3959, 1455, 3058, 2113, 6929, 1770, 2883, 2402, 1791, 11816, 3834, 1705, 7731, 2265, 1717, 1474, 2105, 1355, 1378, 2123, 3023, 1332, 4296, 2273, 3446, 3299, 2434, 2945)
(10, 29): Mean: 2352.212, median: 2048.5, std: 1483.61, percent: 2197.02, B: 192, W: 58, 
	(3211, 1392, 1822, 11989, 2714, 1932, 1275, 1774, 1071, 2401, 1697, 1751, 1300, 2222, 3888, 1160, 3755, 4590, 2075, 2814, 1434, 1176, 2118, 1132, 2333, 2110, 1138, 2599, 1793, 2047, 3345, 2755, 3560, 1293, 1028, 2090, 1607, 2327, 2264, 2218, 1207, 2796, 1612, 2279, 1097, 3395, 1435, 1142, 8865, 2004, 1061, 1979, 1305, 388, 1759, 5786, 698, 814, 4640, 2816, 2657, 3840, 2973, 2124, 2919, 4808, 1986, 1038, 596, 3149, 1228, 3873, 2518, 1989, 1592, 2156, 1510, 1297, 1961, 1281, 1414, 1059, 2694, 1244, 1433, 1570, 1195, 740, 1581, 1720, 1428, 991, 2512, 2037, 5915, 2743, 1199, 1090, 2213, 1095, 2253, 3405, 1433, 2814, 2018, 2033, 863, 471, 1928, 3852, 2767, 1439, 2508, 1140, 1016, 1659, 1816, 1844, 1088, 2590, 4467, 1684, 2438, 711, 2558, 1650, 2606, 1855, 1366, 2375, 1308, 2412, 1675, 6341, 2061, 1493, 3792, 1798, 2753, 2050, 2478, 4774, 2283, 1636, 2366, 2529, 3747, 1980, 3184, 2680, 1519, 3108, 1867, 2644, 1489, 790, 3551, 2758, 7916, 2084, 3665, 2198, 1654, 1936, 1049, 2983, 2696, 2140, 2021, 3103, 663, 2526, 776, 851, 2077, 1554, 2104, 1508, 1085, 4005, 4089, 1700, 1760, 2178, 2959, 1161, 1001, 8443, 2286, 3050, 1859, 1637, 808, 3150, 2422, 2250, 4459, 1621, 3436, 2982, 2259, 5908, 1588, 1527, 2627, 997, 2978, 2781, 1755, 345, 2769, 2394, 2174, 1298, 1636, 724, 3264, 2051, 1188, 2717, 2038, 4760, 3058, 1636, 2693, 1787, 5551, 1607, 3318, 2551, 1454, 9240, 2958, 1753, 6389, 1710, 1639, 1480, 1903, 1506, 1266, 2355, 2831, 1306, 5088, 2486, 3270, 3302, 2082, 2852)
(11, 33): Mean: 2352.58, median: 2018.0, std: 1429.696, percent: 2218.36, B: 116, W: 134, 
	(3816, 1385, 1624, 10215, 2642, 1970, 1251, 1980, 1038, 2915, 1773, 1760, 1273, 2252, 4047, 1251, 3532, 4380, 2302, 3004, 1653, 1205, 2135, 1210, 2000, 2137, 1232, 2534, 1766, 2035, 3539, 2979, 3823, 1437, 1069, 2035, 1771, 2049, 2530, 2364, 1300, 2831, 1467, 2016, 1051, 3530, 1556, 1111, 7363, 2112, 1127, 2192, 1394, 474, 1578, 6796, 730, 857, 3499, 3010, 2319, 3858, 2633, 2232, 3078, 5839, 2112, 1073, 604, 2287, 1340, 3989, 2336, 2348, 1590, 2028, 1497, 1121, 1876, 1371, 1453, 1020, 2760, 1190, 1680, 1616, 1272, 672, 1462, 1619, 1377, 930, 2446, 1952, 5407, 2700, 1140, 1241, 1951, 857, 2194, 3725, 1566, 3168, 2302, 2067, 889, 463, 1882, 3826, 2969, 1332, 2095, 1322, 1155, 1863, 1790, 1994, 1166, 2338, 4277, 2020, 2592, 670, 2678, 1743, 2510, 1765, 1185, 2315, 1332, 2168, 1561, 6368, 2387, 1786, 3920, 1836, 2657, 2231, 2679, 6487, 2364, 1744, 2534, 2536, 3940, 2050, 3098, 2852, 1526, 3561, 1908, 2374, 1328, 887, 4375, 2552, 9367, 2524, 3434, 2375, 1776, 1814, 1107, 3098, 3219, 1943, 1917, 3052, 598, 2933, 904, 860, 2273, 1559, 2080, 1608, 1147, 3713, 3578, 1788, 1803, 1799, 2896, 1276, 1081, 7726, 1959, 2973, 1950, 1593, 919, 2762, 2621, 2298, 3877, 1499, 3174, 2656, 1997, 4797, 1794, 1484, 2324, 1055, 2846, 3193, 1857, 379, 2640, 2433, 1958, 1262, 1714, 564, 3030, 2365, 1190, 3145, 1787, 4263, 3432, 1589, 3031, 1759, 6063, 1708, 2623, 2536, 1416, 8091, 3277, 1683, 6322, 1517, 1731, 1296, 1992, 1324, 1203, 2062, 2987, 1188, 5200, 2348, 3480, 3001, 1900, 2695)
(12, 37): Mean: 2348.288, median: 2045.5, std: 1468.063, percent: 2199.64, B: 129, W: 120, 
	(3083, 1338, 1786, 10871, 2543, 2134, 1260, 2015, 1104, 2768, 1663, 1986, 1189, 2182, 3381, 1177, 4083, 5130, 2340, 3620, 1496, 1112, 2082, 1056, 2338, 1811, 1107, 2404, 2008, 2062, 3613, 2951, 3989, 1396, 1143, 2268, 1500, 1914, 2206, 2216, 1263, 2506, 1503, 2289, 1315, 3162, 1515, 1117, 8941, 1999, 1134, 1995, 1290, 494, 1650, 6276, 789, 883, 4045, 2974, 2305, 3476, 2762, 2191, 3503, 5185, 2061, 981, 628, 2615, 1173, 4105, 2886, 2164, 1643, 2188, 1303, 1234, 1689, 1292, 1508, 962, 2664, 1366, 1744, 1543, 1176, 793, 1655, 1742, 1327, 817, 2709, 1857, 5982, 3033, 1120, 1125, 2175, 871, 2309, 3674, 1463, 2712, 2439, 1610, 955, 545, 1991, 3850, 3000, 1228, 2085, 1290, 1047, 1849, 1734, 1914, 1175, 2564, 4624, 1670, 2385, 749, 2732, 1744, 2540, 1856, 1285, 2254, 1376, 2716, 1640, 5203, 2202, 1600, 4258, 2017, 2561, 2230, 2553, 6520, 2314, 1448, 2326, 2218, 4083, 2026, 3125, 2706, 1612, 3559, 2111, 2030, 1558, 793, 4000, 2580, 7753, 2347, 3649, 1978, 1668, 2145, 983, 2951, 2773, 2316, 1984, 2989, 664, 2565, 850, 865, 2118, 1665, 1964, 1456, 1127, 3259, 3773, 1633, 1880, 1812, 2811, 1162, 888, 7736, 1982, 3485, 2052, 1657, 828, 3014, 2211, 2423, 3854, 1476, 3594, 3102, 1678, 6388, 1567, 1425, 2397, 1061, 2538, 3659, 2126, 408, 2785, 2331, 1894, 1346, 1508, 546, 3133, 2178, 1083, 2921, 1732, 4522, 3276, 1375, 2394, 1812, 5034, 1633, 2623, 2316, 1360, 9188, 3093, 1873, 6656, 1809, 1551, 1247, 2102, 1328, 1328, 2162, 2948, 1370, 5315, 2674, 2672, 2584, 2039, 2986)
(14, 44): Mean: 2310.736, median: 2050.5, std: 1402.563, percent: 2160.4, B: 141, W: 109, 
	(2920, 1364, 1636, 9956, 2867, 2122, 1207, 1877, 1195, 2173, 1566, 1786, 1092, 2115, 3717, 1441, 3140, 6304, 2055, 2680, 1536, 1033, 2271, 1212, 2074, 1884, 1067, 2424, 2082, 1685, 4418, 2691, 4037, 1284, 1088, 2051, 1633, 1906, 2308, 2362, 1253, 2492, 1458, 2447, 1131, 2900, 1404, 1064, 8537, 2051, 1048, 2103, 1417, 356, 1626, 5940, 699, 808, 4067, 2678, 2235, 3708, 2626, 2057, 2823, 4611, 2069, 1050, 688, 2458, 1206, 3591, 2428, 2055, 1594, 2138, 1337, 1022, 1728, 1241, 1483, 1013, 2875, 1176, 1513, 1710, 1209, 695, 1496, 1696, 1430, 841, 2625, 1974, 5217, 2924, 1081, 1102, 2222, 900, 2115, 3753, 1330, 2715, 2367, 1630, 881, 462, 1838, 3465, 2869, 1271, 2143, 1131, 1185, 1556, 2201, 1980, 1100, 2374, 4340, 1672, 2272, 815, 2532, 2098, 2695, 2008, 1315, 2357, 1355, 2668, 1735, 5841, 2296, 1736, 4264, 1935, 2673, 2137, 2572, 5987, 2627, 1260, 2562, 2304, 3946, 2093, 2740, 3109, 1567, 3634, 1821, 2028, 1422, 887, 4884, 2725, 6806, 2554, 3416, 2316, 1636, 1807, 955, 2870, 2666, 2327, 1890, 2643, 642, 2722, 802, 894, 2012, 1574, 2050, 1365, 1141, 3595, 3824, 1729, 1687, 1667, 2681, 1159, 1054, 8258, 1830, 3400, 1738, 1489, 790, 2860, 2639, 2129, 3536, 1443, 3486, 2863, 1887, 5120, 1546, 1586, 2203, 1079, 2502, 3251, 1956, 359, 2817, 2358, 2195, 1304, 1571, 662, 3552, 2262, 1249, 3031, 1880, 4210, 3605, 1443, 2971, 1680, 5592, 1666, 2690, 2796, 1687, 8343, 2974, 1545, 6117, 1752, 1658, 1262, 1873, 1346, 1324, 1991, 2817, 1420, 5226, 2510, 3232, 3023, 1994, 2759)
(15, 45): Mean: 2302.32, median: 2046.0, std: 1429.747, percent: 2201.94, B: 138, W: 112, 
	(3243, 1214, 1691, 11407, 3178, 2150, 1156, 1753, 1136, 2424, 1457, 1792, 1311, 2194, 3257, 1173, 3558, 4224, 1858, 3103, 1434, 1005, 2306, 1171, 1935, 1703, 1015, 2333, 1762, 1825, 3421, 2587, 3872, 1408, 1028, 2208, 1609, 1969, 2452, 2342, 1221, 2436, 1712, 2267, 1032, 3318, 1323, 1001, 7151, 1818, 1010, 2094, 1378, 370, 1612, 5859, 703, 786, 4095, 2921, 2922, 3671, 2830, 2229, 3661, 4994, 1979, 984, 806, 2472, 1195, 4201, 2737, 1900, 1744, 2487, 1495, 1044, 2036, 1326, 1356, 999, 2668, 1047, 1535, 1488, 1190, 690, 1438, 1417, 1410, 990, 2300, 2149, 4726, 3354, 1120, 1061, 2133, 844, 2206, 3607, 1475, 2727, 2270, 1671, 923, 464, 1933, 3433, 2461, 1176, 2201, 1171, 1159, 2000, 1904, 1927, 1110, 2575, 4238, 1833, 2411, 796, 2333, 1978, 2549, 1879, 1140, 2377, 1231, 2593, 1647, 6061, 2134, 1472, 4906, 1677, 2508, 2320, 2855, 5379, 2763, 1449, 2595, 2210, 4099, 1851, 3021, 2907, 1554, 3236, 1709, 2378, 1388, 805, 4866, 2703, 9057, 2197, 3300, 2353, 1727, 1901, 1032, 2726, 2682, 2079, 2146, 2659, 596, 3088, 733, 725, 1795, 1615, 2068, 1360, 1106, 3475, 3432, 1687, 2100, 2056, 2686, 1162, 1095, 8092, 2606, 2651, 1945, 1584, 823, 2801, 2448, 2141, 4136, 1459, 3236, 2872, 2120, 3901, 1481, 1657, 2180, 914, 2470, 3160, 1973, 420, 2649, 2374, 2167, 1244, 1396, 635, 3035, 2347, 1113, 2895, 1628, 3936, 3343, 1368, 2662, 1926, 5534, 1730, 2744, 2678, 1398, 9296, 2575, 1791, 5288, 1682, 1810, 1298, 2019, 1228, 1329, 1994, 3234, 1277, 4928, 2476, 3170, 3065, 2140, 2827)
(17, 55): Mean: 2297.464, median: 2007.0, std: 1448.986, percent: 2105.52, B: 131, W: 118, 
	(2756, 1219, 1709, 11070, 2793, 2001, 1274, 1876, 1143, 2491, 1652, 1640, 1320, 2582, 3305, 1137, 2863, 5070, 2117, 2829, 1911, 962, 2222, 1043, 2304, 1773, 1140, 2412, 1926, 2001, 4634, 3025, 3724, 1174, 1157, 2147, 1684, 2120, 2545, 2198, 1166, 2456, 1477, 2157, 1191, 2930, 1437, 1136, 6594, 2246, 992, 2036, 1381, 401, 1629, 4567, 576, 895, 4114, 2764, 2190, 3903, 2507, 2242, 2941, 4883, 1957, 956, 642, 2237, 1252, 3474, 2577, 2030, 1608, 2270, 1362, 1024, 1857, 1299, 1293, 1037, 2644, 1220, 1457, 1503, 1157, 647, 1554, 1694, 1404, 823, 2359, 2002, 4835, 2966, 1017, 1167, 2026, 864, 2022, 4154, 1356, 2605, 2223, 1637, 805, 571, 2049, 3567, 2434, 1142, 2445, 1286, 1070, 1589, 1820, 1810, 1122, 2390, 4308, 1782, 2047, 649, 2563, 1837, 2630, 1871, 1229, 2060, 1402, 2516, 1527, 6797, 2040, 1538, 3958, 1903, 2750, 1922, 2378, 4965, 2453, 1365, 2288, 2401, 3968, 1881, 2771, 2780, 1628, 3889, 1730, 2127, 1488, 871, 4201, 2826, 8326, 2077, 4017, 2150, 1652, 1909, 987, 2706, 2477, 1991, 1858, 2962, 623, 2651, 752, 851, 2014, 1580, 1992, 1380, 1112, 3509, 4235, 1886, 1993, 2027, 3009, 1161, 1071, 9019, 1843, 2772, 1704, 1440, 877, 3157, 2468, 1981, 4024, 1321, 3060, 2453, 1957, 7152, 1598, 1614, 2560, 1013, 2740, 3074, 2089, 391, 2649, 2330, 2030, 1373, 1493, 742, 3069, 2325, 1248, 3612, 2012, 4016, 3506, 1458, 2367, 1892, 6455, 1455, 2714, 2582, 1484, 8448, 3035, 1601, 5999, 1613, 1585, 1280, 1844, 1264, 1173, 2032, 2539, 1317, 5652, 2547, 3283, 2576, 2144, 2947)
(18, 59): Mean: 2286.544, median: 1967.5, std: 1427.166, percent: 2161.06, B: 118, W: 132, 
	(2727, 1266, 1660, 11746, 2877, 1981, 1276, 1862, 1084, 2453, 1616, 1800, 1163, 2125, 3721, 1170, 3541, 4286, 2226, 3034, 1599, 1029, 2300, 1134, 2036, 1923, 1025, 2386, 2045, 1767, 4337, 2788, 4311, 1159, 1052, 1983, 1580, 1901, 2288, 2207, 1187, 2831, 1497, 2120, 1219, 3201, 1403, 1057, 7934, 1942, 930, 2140, 1352, 364, 1692, 6241, 612, 737, 4157, 2881, 2214, 4054, 2930, 2299, 3056, 4688, 2103, 1107, 717, 2516, 1347, 4311, 2883, 2174, 1473, 2496, 1466, 1169, 1646, 1422, 1420, 1069, 2757, 1197, 1410, 1571, 1192, 712, 1695, 1633, 1350, 869, 2861, 1980, 5357, 3034, 1126, 1133, 1843, 875, 2188, 3346, 1383, 2516, 2076, 1646, 915, 489, 1897, 3689, 2647, 1288, 2228, 1209, 1119, 1540, 1891, 1850, 1035, 2615, 3639, 1837, 2092, 739, 2488, 1977, 2897, 1770, 1281, 2103, 1318, 2522, 1675, 6386, 2071, 1539, 4189, 1851, 2575, 2054, 2906, 5368, 2284, 1321, 2526, 2437, 4118, 1761, 3666, 2333, 1511, 3514, 1780, 1958, 1530, 868, 3276, 2664, 7442, 2309, 3577, 2237, 1829, 2059, 974, 2967, 2326, 2522, 1866, 3197, 628, 2733, 858, 974, 2046, 1508, 2107, 1361, 1100, 3457, 3620, 1850, 1762, 1814, 2624, 1137, 1006, 7644, 1852, 3169, 1869, 1468, 919, 3134, 2524, 2114, 3741, 1448, 2950, 3143, 1618, 4763, 1620, 1438, 2325, 1002, 2851, 2858, 1716, 380, 2507, 2396, 1894, 1304, 1529, 542, 3157, 2094, 1226, 3093, 1874, 3536, 3025, 1542, 2690, 1906, 5567, 1624, 2344, 2359, 1338, 9517, 2814, 1639, 5409, 1721, 1631, 1258, 1944, 1185, 1310, 1913, 2945, 1343, 4832, 2171, 3087, 2587, 2029, 2811)
(20, 68): Mean: 2279.664, median: 2018.5, std: 1414.823, percent: 2198.14, B: 135, W: 114, 
	(2776, 1226, 1627, 10492, 2348, 1918, 1199, 1940, 1180, 2693, 1457, 1960, 1213, 2193, 3450, 1213, 3508, 4008, 1896, 3211, 1572, 1036, 1988, 1077, 2072, 1922, 1080, 2217, 1790, 1676, 4332, 3026, 4039, 1306, 910, 2339, 1428, 1776, 2534, 2133, 1116, 2736, 1409, 2223, 1156, 2847, 1535, 1011, 8830, 1915, 830, 2032, 1368, 391, 1693, 5558, 661, 809, 3947, 2676, 2369, 3804, 2831, 2124, 2683, 5183, 2081, 1008, 655, 2470, 1396, 3936, 2926, 2129, 1770, 2339, 1316, 1063, 1918, 1269, 1397, 942, 2641, 1128, 1463, 1398, 1307, 723, 1445, 1679, 1349, 810, 2529, 1750, 4829, 3090, 1084, 1105, 2318, 872, 2036, 3916, 1486, 2947, 2303, 1572, 881, 455, 1751, 3735, 3091, 1233, 2218, 1178, 1130, 1594, 1907, 1953, 1087, 2569, 3989, 1781, 2255, 750, 2503, 1642, 2867, 1676, 1157, 2170, 1308, 2340, 1539, 6232, 2139, 1732, 4644, 1944, 2486, 2317, 2573, 6243, 2551, 1430, 2405, 2617, 3810, 1736, 3389, 2925, 1555, 3315, 2008, 1974, 1550, 739, 4241, 2618, 8348, 2165, 3466, 2323, 1627, 1774, 974, 2669, 2482, 2117, 2056, 3062, 708, 2622, 720, 836, 2070, 1483, 2131, 1440, 1133, 3653, 3838, 1797, 1798, 1801, 2556, 1149, 1014, 9051, 2029, 2459, 1846, 1551, 854, 3132, 2396, 2217, 3487, 1396, 3310, 2857, 2055, 4282, 1542, 1400, 2485, 1077, 2198, 3061, 2083, 326, 2347, 2213, 1932, 1363, 1463, 547, 3265, 2254, 1278, 2799, 1823, 3901, 3409, 1447, 2479, 2048, 5041, 1559, 2497, 2267, 1497, 7013, 3246, 1657, 6176, 1602, 1707, 1318, 1755, 1186, 1251, 2053, 2547, 1280, 5070, 2361, 3066, 3330, 2181, 2957)
(21, 74): Mean: 2296.596, median: 1964.0, std: 1537.073, percent: 2113.1, B: 129, W: 121, 
	(2917, 1305, 1748, 12694, 3019, 1937, 1432, 1982, 1164, 2205, 1515, 1861, 1131, 1966, 3225, 1291, 3783, 4138, 1872, 2997, 1656, 982, 2114, 1109, 2064, 1892, 1002, 2258, 1962, 1725, 3925, 2651, 3968, 1247, 1079, 2015, 1486, 2288, 2421, 2202, 1210, 2860, 1525, 2172, 1089, 3068, 1338, 1073, 8291, 2200, 918, 2478, 1312, 415, 1736, 5895, 749, 779, 3528, 2552, 2201, 4288, 2793, 2294, 2795, 4870, 1859, 1079, 525, 2381, 1211, 3220, 2588, 2017, 1755, 2127, 1324, 1015, 1701, 1321, 1403, 1064, 2777, 1159, 1655, 1433, 1206, 701, 1448, 1547, 1315, 927, 2558, 1813, 5122, 2932, 1104, 1116, 2268, 874, 2122, 3614, 1374, 2392, 2224, 1660, 862, 579, 1863, 3511, 2751, 1271, 2093, 1132, 1025, 1552, 2119, 1695, 1057, 2580, 4452, 1983, 2531, 687, 2422, 1441, 2650, 1932, 1387, 2137, 1291, 2497, 1569, 6099, 2129, 1553, 4340, 1832, 2460, 2230, 2336, 6431, 2328, 1360, 2368, 2299, 3589, 1815, 2925, 2572, 1677, 3894, 2105, 1968, 1535, 850, 3475, 2772, 9591, 2377, 3846, 2268, 1795, 2107, 963, 3371, 2426, 1954, 2038, 2823, 602, 2548, 763, 847, 1940, 1439, 1951, 1311, 1062, 3427, 3982, 1699, 1827, 1833, 2621, 1151, 1037, 8320, 1899, 2704, 1932, 1601, 921, 3071, 2315, 1827, 4080, 1339, 2856, 3092, 1820, 5191, 1535, 1445, 2452, 994, 2690, 3109, 1986, 315, 2478, 2560, 2093, 1381, 1547, 701, 2795, 1930, 1117, 3014, 1810, 4036, 3509, 1488, 2677, 1822, 5124, 1707, 2919, 2234, 1395, 10752, 2930, 1748, 5986, 1628, 1608, 1292, 1957, 1145, 1247, 2120, 2663, 1323, 4991, 2223, 3111, 2651, 1934, 2811)
(22, 79): Mean: 2285.692, median: 1997.0, std: 1366.533, percent: 2158.06, B: 114, W: 136, 
	(2667, 1239, 1549, 8608, 2943, 1990, 1238, 1637, 1171, 2482, 1566, 1675, 1027, 2455, 3761, 1289, 3372, 4096, 1874, 2636, 1676, 1059, 2220, 1040, 1949, 1792, 1177, 2085, 1845, 1983, 3755, 2522, 3734, 1141, 1029, 2148, 1630, 2359, 2255, 2382, 1212, 2705, 1490, 2010, 1146, 3151, 1402, 1107, 7568, 2020, 911, 2056, 1298, 355, 1681, 6345, 821, 972, 4308, 2636, 2620, 3716, 3076, 2536, 2600, 4514, 2053, 990, 621, 2277, 1409, 3917, 2485, 1804, 1767, 2571, 1453, 1094, 1997, 1277, 1346, 969, 2943, 1211, 1511, 1503, 1132, 705, 1522, 1570, 1413, 890, 2819, 1897, 5143, 2974, 1123, 1107, 2042, 929, 2015, 3896, 1415, 2469, 2352, 1670, 877, 484, 2028, 3701, 2813, 1104, 2042, 1250, 1119, 1473, 1996, 1845, 1081, 2551, 4100, 1850, 2358, 743, 2733, 1685, 2877, 1824, 1376, 2156, 1271, 2511, 1705, 6540, 2323, 1524, 4253, 1999, 2407, 2064, 2492, 5740, 2473, 1530, 2888, 2400, 3587, 1938, 3291, 3138, 1581, 3318, 1868, 2042, 1510, 886, 3866, 2799, 8341, 2861, 3344, 2187, 1727, 2060, 1033, 2786, 2637, 2179, 1814, 3090, 644, 2839, 786, 833, 2025, 1529, 1704, 1444, 1118, 3467, 4457, 1802, 1711, 1747, 2889, 1147, 1080, 7910, 1956, 2548, 1997, 1572, 845, 3056, 2427, 2121, 3447, 1308, 3109, 2582, 1708, 4872, 1543, 1673, 2233, 953, 2959, 3455, 1991, 433, 2348, 2181, 2003, 1352, 1543, 538, 2717, 2256, 1361, 3304, 1877, 3714, 2995, 1341, 2772, 1819, 5541, 1651, 2433, 2534, 1588, 9136, 3042, 1605, 5508, 1774, 1761, 1277, 1976, 1189, 1294, 2139, 2685, 1264, 5345, 2495, 3217, 3423, 1972, 2871)
(24, 87): Mean: 2229.684, median: 1886.0, std: 1435.024, percent: 2122.98, B: 159, W: 91, 
	(2526, 1252, 1650, 10942, 2421, 1772, 1163, 1978, 934, 2373, 1600, 1832, 1375, 2044, 3589, 1163, 3952, 3349, 2052, 2877, 1726, 935, 2265, 1204, 1910, 1630, 1166, 2099, 1834, 1858, 3884, 2559, 3846, 1387, 1043, 2274, 1738, 1827, 2119, 2088, 1045, 2583, 1513, 2162, 1305, 3058, 1420, 973, 7149, 1841, 791, 1751, 1377, 385, 1542, 5794, 743, 675, 3551, 3156, 2139, 3553, 2805, 1943, 2476, 5200, 1880, 974, 536, 2200, 1220, 3744, 2112, 1869, 1928, 2168, 1385, 1145, 1892, 1215, 1662, 965, 2726, 1130, 1565, 1429, 1305, 667, 1420, 1502, 1474, 913, 2701, 1893, 4466, 2858, 1166, 1102, 2134, 1056, 2097, 3944, 1315, 2695, 2044, 1560, 1021, 371, 1778, 3495, 2661, 1055, 1892, 1035, 1086, 1272, 2012, 1749, 1010, 2189, 3590, 1886, 2382, 627, 2292, 1544, 2612, 1424, 1143, 1961, 1202, 2565, 1479, 6474, 1959, 1593, 4662, 1759, 2568, 1993, 2357, 5596, 2947, 1439, 2086, 2159, 3702, 1725, 3302, 2367, 1470, 3078, 1784, 2169, 1386, 799, 3864, 2663, 7645, 1660, 3879, 2269, 1732, 1523, 1005, 3227, 2405, 2141, 1724, 3177, 683, 2751, 806, 715, 1818, 1386, 1845, 1295, 954, 3572, 3402, 1840, 1651, 1751, 2895, 950, 1056, 9575, 1979, 2882, 1868, 1476, 778, 2867, 2410, 1886, 3633, 1438, 2906, 2461, 1802, 5684, 1585, 1621, 2367, 1000, 2705, 3179, 1782, 372, 3299, 2424, 2077, 1256, 1484, 513, 2974, 2180, 981, 3127, 1616, 3687, 2971, 1360, 2606, 1778, 6173, 1449, 2590, 2679, 1301, 8376, 2880, 1731, 6726, 1750, 1624, 1361, 2321, 1227, 1106, 2015, 2451, 1216, 5064, 2280, 2611, 2722, 1966, 2999)
(25, 91): Mean: 2261.58, median: 1964.5, std: 1527.324, percent: 2118.34, B: 117, W: 133, 
	(3126, 1171, 1586, 13330, 2924, 1996, 1088, 1712, 1059, 2124, 1573, 1867, 1116, 2089, 3913, 1133, 3349, 3479, 1997, 3073, 1654, 908, 2585, 1200, 2085, 1734, 1082, 2405, 1842, 1817, 3369, 2583, 3764, 1198, 1047, 2222, 1542, 1715, 2701, 2091, 1129, 2462, 1451, 1998, 1119, 3002, 1283, 1090, 8253, 2112, 990, 1708, 1299, 413, 1702, 5447, 671, 781, 4147, 2554, 2319, 3930, 2643, 1928, 2951, 4309, 1968, 964, 572, 2333, 1154, 3770, 2525, 1766, 1686, 1990, 1328, 1122, 1961, 1158, 1354, 968, 2996, 1141, 1488, 1538, 1210, 688, 1396, 1583, 1546, 1064, 2527, 1800, 4859, 2875, 1074, 1264, 2230, 796, 1998, 3832, 1197, 3078, 2366, 1711, 910, 420, 2089, 3962, 2789, 1178, 2072, 1071, 1112, 1420, 1961, 1797, 970, 2349, 3847, 1926, 1980, 889, 2325, 1698, 2205, 1467, 1106, 2193, 1260, 2423, 1511, 5803, 2151, 1480, 4335, 2257, 2546, 2139, 2303, 5204, 2241, 1450, 2374, 2071, 3959, 2065, 3324, 2703, 1466, 3045, 1843, 2062, 1448, 752, 3960, 3115, 7901, 2020, 3601, 2239, 1727, 1646, 925, 2581, 2497, 2054, 1856, 2766, 719, 2720, 803, 815, 1895, 1709, 1754, 1542, 1022, 3462, 4215, 1580, 1770, 1662, 2762, 974, 911, 10525, 1842, 3338, 2047, 1393, 847, 2694, 2423, 2205, 3710, 1213, 3084, 2871, 1683, 4825, 1468, 1770, 2247, 1025, 2556, 2855, 1742, 310, 2125, 1971, 2161, 1254, 1519, 493, 3215, 2198, 1071, 2784, 1855, 3756, 3377, 1382, 2726, 1700, 6064, 1519, 2625, 2274, 1370, 9000, 3031, 1648, 6392, 1687, 1674, 1271, 2136, 1354, 1103, 1976, 3116, 1318, 4867, 2536, 3408, 2932, 1831, 3033)
(26, 93): Mean: 2269.592, median: 1915.5, std: 1559.878, percent: 2133.92, B: 120, W: 130, 
	(2624, 1260, 1521, 12819, 2851, 1947, 1181, 1746, 1043, 2310, 1508, 2097, 1187, 2183, 3497, 1074, 3558, 3665, 2323, 3013, 1471, 940, 2142, 1100, 2119, 1901, 1143, 2809, 2007, 1672, 3245, 2630, 3558, 1264, 928, 2119, 1892, 2148, 2343, 1858, 1213, 2366, 1456, 2378, 1272, 2822, 1319, 1046, 9044, 1978, 925, 1912, 1359, 383, 1809, 5768, 646, 730, 4136, 2986, 2083, 3748, 2587, 2085, 2870, 4510, 1943, 1013, 520, 2641, 1325, 3834, 2672, 1842, 1880, 2098, 1309, 1090, 1693, 1246, 1389, 960, 3121, 1368, 1523, 1689, 1257, 678, 1411, 1588, 1423, 832, 2673, 1911, 5254, 3111, 1156, 1250, 2137, 862, 1990, 3528, 1211, 2770, 2591, 1558, 1042, 422, 2045, 3522, 2697, 1188, 2483, 1151, 1104, 1475, 1776, 1774, 1071, 2358, 3870, 1860, 1729, 654, 2508, 1631, 2460, 1790, 1214, 2328, 1255, 2588, 1608, 6929, 2015, 1552, 3947, 1860, 2638, 2264, 2629, 5465, 2524, 1427, 2397, 2310, 3635, 1836, 3173, 2427, 1510, 3512, 1638, 1941, 1406, 819, 4156, 2811, 8944, 1910, 3384, 1982, 1646, 1644, 1015, 2628, 2530, 1964, 1645, 2775, 566, 2557, 830, 814, 2229, 1511, 1747, 1498, 1061, 3771, 3087, 1712, 1625, 1908, 2858, 1074, 918, 11623, 1880, 2419, 1924, 1494, 868, 2735, 2873, 2161, 3832, 1248, 3574, 2443, 1760, 4377, 1526, 1504, 2392, 987, 2673, 3151, 1717, 305, 2390, 2215, 2084, 1238, 1594, 712, 3145, 2218, 1078, 2676, 1811, 3299, 2960, 1545, 2712, 1627, 5951, 1639, 2368, 3129, 1337, 9130, 3028, 1708, 5205, 1498, 1645, 1198, 2259, 1378, 1142, 1722, 2487, 1126, 4785, 2521, 3064, 2884, 1919, 2774)
(27, 98): Mean: 2263.524, median: 1972.5, std: 1427.959, percent: 2088.38, B: 114, W: 136, 
	(3021, 1162, 1556, 11541, 2616, 2001, 1129, 1876, 1087, 2270, 1407, 1898, 1522, 2588, 3702, 1250, 2971, 4572, 2077, 2727, 1671, 1006, 2404, 991, 2018, 1682, 1111, 2111, 1999, 1728, 3755, 2330, 3875, 1372, 1014, 2360, 1768, 1760, 2316, 2090, 1132, 2312, 1572, 2269, 1425, 2624, 1401, 1072, 6676, 1833, 935, 1902, 1432, 416, 1840, 6572, 687, 715, 3525, 2965, 2095, 3817, 2617, 2255, 2991, 4464, 1923, 928, 572, 2236, 1320, 3702, 2774, 1828, 1973, 2368, 1351, 1009, 1891, 1213, 1426, 928, 2989, 1196, 1546, 1545, 1178, 706, 1431, 1602, 1354, 861, 2369, 2070, 4404, 2989, 1079, 1312, 1856, 892, 2054, 3910, 1364, 2885, 2271, 1813, 834, 398, 1959, 3573, 2880, 1100, 2171, 1177, 1043, 1582, 1969, 1979, 1126, 2451, 4094, 1976, 2178, 633, 2415, 1525, 2822, 1714, 1139, 1953, 1221, 3034, 1615, 6217, 2355, 1484, 4564, 1821, 2578, 2332, 2492, 6215, 2771, 1472, 2284, 2193, 3690, 1973, 2998, 2456, 1525, 3653, 1866, 2214, 1270, 816, 4305, 2874, 8977, 1975, 3514, 2319, 1665, 1815, 903, 2704, 2289, 2039, 1821, 2874, 604, 2750, 803, 799, 1971, 1577, 1868, 1373, 1051, 3665, 3169, 1649, 1761, 1681, 2878, 931, 967, 8875, 1995, 3047, 1972, 1569, 854, 2783, 2447, 2122, 3759, 1291, 3275, 2481, 2066, 4415, 1569, 1521, 2205, 1006, 2618, 3063, 2049, 345, 2366, 2658, 1931, 1193, 1462, 675, 2778, 2306, 1141, 3233, 1688, 3731, 3574, 1490, 2878, 1673, 6381, 1484, 2847, 2126, 1572, 7512, 2942, 1698, 5131, 1672, 1626, 1369, 2119, 1205, 1113, 1881, 2952, 1171, 5303, 2227, 3237, 2916, 1755, 3171)
(28, 100): Mean: 2254.184, median: 1949.5, std: 1438.308, percent: 2137.94, B: 127, W: 121, 
	(2554, 1295, 1503, 11554, 3304, 1927, 1160, 1898, 1022, 2486, 1584, 1942, 1183, 2014, 3109, 1323, 4103, 4059, 1887, 2914, 1563, 949, 1915, 1161, 1965, 1633, 1092, 2512, 1998, 1819, 3606, 2391, 3566, 1272, 1020, 2165, 1827, 2225, 2418, 2250, 1158, 2252, 1381, 1970, 1560, 3341, 1323, 1033, 6847, 1892, 941, 1845, 1323, 386, 1718, 5299, 686, 855, 3848, 2897, 2327, 4019, 2354, 2296, 3031, 5148, 2008, 957, 563, 2377, 1264, 4206, 2845, 2037, 1627, 2138, 1203, 1014, 1859, 1227, 1274, 928, 2627, 1182, 1485, 1570, 1183, 724, 1376, 1578, 1348, 897, 2320, 1761, 6167, 3090, 1237, 1049, 1996, 875, 2021, 3445, 1415, 3081, 2488, 1911, 907, 405, 1931, 3361, 3134, 1291, 2125, 1174, 1167, 1458, 1839, 1905, 935, 2404, 4783, 2040, 1875, 826, 1957, 1770, 2175, 1520, 1255, 2151, 1235, 2445, 1582, 5687, 2058, 1727, 4067, 1795, 2295, 2285, 2371, 6603, 2282, 1541, 2174, 2381, 3866, 2090, 3256, 2397, 1728, 3434, 2026, 1982, 1469, 735, 4067, 3152, 8698, 1772, 3728, 2098, 1471, 1657, 968, 2860, 2347, 1866, 1742, 3084, 714, 2614, 803, 689, 1861, 1549, 2060, 1427, 1019, 3960, 3193, 1748, 1527, 1775, 2602, 1006, 924, 9106, 1783, 2723, 2006, 1462, 865, 2865, 2441, 2111, 4196, 1397, 2826, 2895, 1850, 5320, 1517, 1691, 2214, 1098, 2527, 2922, 2189, 357, 2369, 2400, 2165, 1240, 1480, 427, 3292, 2198, 1079, 2980, 1711, 3925, 2964, 1493, 2696, 1619, 6316, 1643, 2360, 2293, 1473, 6875, 2822, 1469, 5555, 1843, 1545, 1233, 2107, 1298, 1190, 1989, 2580, 1343, 5371, 2288, 2995, 2545, 2040, 2843)
(29, 104): Mean: 2254.192, median: 1966.0, std: 1425.649, percent: 2079.0, B: 129, W: 121, 
	(3026, 1193, 1659, 9561, 3195, 1879, 1297, 1766, 994, 2488, 1672, 1854, 1143, 2001, 3483, 1204, 3214, 4101, 1933, 2817, 1465, 1003, 2176, 1066, 2032, 1960, 1129, 2520, 1807, 1864, 3355, 2229, 3489, 1132, 991, 2054, 1709, 2397, 2184, 2127, 1094, 2393, 1574, 2063, 1252, 3015, 1318, 1124, 9149, 1887, 963, 1898, 1307, 349, 1622, 5513, 717, 779, 3888, 2937, 2496, 3795, 2924, 2039, 2928, 5243, 1829, 1003, 562, 2600, 1299, 4991, 2346, 1880, 1693, 2314, 1497, 1117, 1647, 1157, 1467, 970, 2756, 1273, 1412, 1568, 1269, 679, 1512, 1385, 1480, 903, 2960, 1892, 4224, 2850, 1115, 1080, 2168, 852, 2114, 3330, 1205, 2714, 2211, 1622, 954, 389, 2233, 4496, 2727, 1061, 2052, 1211, 1050, 1944, 1765, 1657, 1024, 2441, 3977, 1854, 1864, 748, 2106, 1688, 2240, 1627, 1163, 2428, 1272, 2290, 1846, 6554, 2104, 1655, 3767, 1727, 2703, 2053, 2391, 5733, 2107, 1380, 2660, 2280, 3846, 1803, 3299, 2434, 1668, 3406, 1977, 2312, 1295, 742, 4046, 2541, 7714, 2198, 3487, 2078, 1578, 1679, 903, 2870, 2321, 2041, 1898, 3278, 656, 2518, 723, 907, 1936, 1461, 1955, 1492, 1034, 3959, 3517, 1706, 1700, 1949, 2662, 1065, 1051, 10073, 2013, 2678, 1979, 1531, 881, 2839, 2291, 2030, 3147, 1277, 3472, 2865, 1676, 5583, 1508, 1557, 2294, 910, 2531, 2980, 2133, 302, 2357, 2238, 1972, 1171, 1406, 483, 2930, 2429, 1169, 2972, 2059, 4372, 3289, 1340, 2465, 1708, 5413, 1734, 2639, 2971, 1521, 8245, 2693, 1649, 5619, 1751, 1598, 1303, 2057, 1144, 1123, 2323, 2742, 1384, 4397, 2406, 2970, 2844, 2070, 2734)
(32, 121): Mean: 2251.944, median: 1924.5, std: 1476.281, percent: 2130.28, B: 139, W: 111, 
	(3437, 1207, 1501, 11846, 2816, 2117, 1144, 1585, 901, 2579, 1459, 1809, 1167, 1994, 3583, 1238, 3450, 4020, 2109, 2693, 1664, 901, 2184, 1138, 1856, 1845, 1195, 2222, 1831, 1824, 3279, 2377, 3896, 1174, 1028, 2479, 1483, 1928, 2243, 1992, 1126, 2650, 1403, 2195, 1391, 2752, 1334, 1095, 7166, 1858, 997, 1921, 1244, 326, 1823, 5035, 659, 683, 3707, 2839, 2172, 3657, 2658, 2022, 2661, 5071, 1838, 1040, 588, 2510, 1115, 4268, 2450, 1973, 1655, 2374, 1272, 1071, 1908, 1216, 1378, 928, 2647, 1232, 1406, 1484, 1164, 641, 1391, 1460, 1339, 895, 2514, 1903, 4797, 2661, 1063, 1072, 2182, 849, 2242, 4091, 1455, 2983, 2273, 1729, 887, 386, 1833, 3091, 3194, 1173, 2038, 1180, 1080, 1779, 1923, 1753, 1086, 2313, 3985, 2015, 1739, 659, 2378, 1834, 2757, 1740, 1230, 1823, 1264, 2252, 1819, 6451, 2008, 1558, 4328, 2046, 2474, 2139, 2204, 4968, 2387, 1322, 2215, 2326, 3622, 1717, 3320, 2545, 1643, 3951, 1883, 2222, 1339, 740, 4364, 2555, 8676, 2104, 3085, 2330, 1682, 1886, 924, 2767, 2346, 1992, 1845, 3111, 716, 2692, 786, 736, 2139, 1751, 1861, 1428, 1085, 3762, 3218, 1665, 1994, 1884, 2483, 1021, 1017, 8613, 1918, 2876, 2223, 1486, 919, 2799, 2486, 1854, 4139, 1245, 2796, 2460, 1670, 4229, 1497, 1550, 2410, 1055, 2490, 2863, 1938, 374, 2489, 2364, 1881, 1229, 1434, 591, 3002, 2403, 1164, 3110, 1970, 3895, 3197, 1613, 2734, 1688, 6429, 1488, 2659, 2465, 1344, 10601, 3242, 1594, 5489, 1765, 1557, 1232, 1978, 1188, 1213, 2274, 2577, 1189, 5493, 2331, 2780, 3405, 1926, 2893)
(33, 123): Mean: 2295.832, median: 1966.5, std: 1444.829, percent: 2172.28, B: 105, W: 143, 
	(3104, 1144, 1627, 10467, 3132, 1896, 1214, 2113, 1066, 2745, 1690, 1775, 1122, 2285, 3540, 1109, 3602, 4304, 2192, 2693, 1620, 1103, 2337, 1017, 1965, 1706, 1173, 2336, 2093, 1793, 4240, 2619, 3985, 1222, 974, 2233, 1678, 2376, 2477, 2403, 1118, 2420, 1304, 2112, 1525, 2862, 1327, 1084, 7729, 1796, 997, 1872, 1327, 432, 1779, 5349, 731, 664, 3383, 3198, 2334, 3623, 3058, 2116, 3216, 5124, 2007, 966, 589, 2644, 1353, 4242, 2416, 1839, 1846, 2037, 1474, 1052, 2103, 1217, 1310, 975, 2642, 1181, 1672, 1559, 1263, 775, 1584, 1693, 1441, 898, 2533, 1921, 4984, 3277, 1309, 1125, 1973, 860, 2101, 3656, 1339, 2490, 2320, 1523, 894, 383, 2355, 3518, 2653, 1070, 2060, 1150, 1142, 1968, 1866, 1930, 1042, 2207, 4379, 1849, 2010, 949, 2306, 1777, 2612, 1637, 1162, 2156, 1097, 2249, 1737, 6724, 2316, 1880, 4474, 1950, 2954, 2317, 2609, 5387, 2590, 1495, 2689, 2264, 3997, 1831, 3623, 2470, 1548, 3573, 1844, 2043, 1503, 797, 3923, 2933, 8374, 1904, 3639, 2208, 1671, 1683, 1036, 2694, 2435, 1900, 1775, 3421, 717, 2899, 800, 761, 1935, 1530, 1744, 1435, 1142, 3276, 3553, 1720, 1579, 1927, 2671, 1038, 883, 8841, 1841, 2706, 2019, 1455, 834, 2529, 2679, 2024, 3578, 1320, 3036, 2709, 1720, 4510, 1619, 1656, 2691, 903, 2367, 2990, 2508, 326, 2349, 2500, 1950, 1354, 1586, 417, 2990, 2757, 1298, 3298, 1903, 3690, 3381, 1258, 3141, 1731, 6159, 1552, 2990, 2331, 1565, 10113, 3131, 1735, 5553, 1886, 1509, 1246, 2159, 1235, 1114, 2036, 2788, 1221, 4579, 2491, 3013, 2939, 2050, 3018)
(34, 126): Mean: 2252.124, median: 1902.0, std: 1451.962, percent: 2223.62, B: 152, W: 97, 
	(3383, 1248, 1735, 12386, 3024, 2089, 1239, 1650, 1065, 2278, 1900, 1778, 1281, 2245, 3346, 1214, 3425, 3567, 2073, 3597, 1401, 990, 2236, 1179, 2078, 1880, 1045, 2830, 1944, 1742, 3534, 2690, 3410, 1176, 922, 2164, 1721, 2189, 2341, 1971, 1014, 2424, 1401, 2491, 1029, 3241, 1348, 1067, 7321, 1740, 964, 1829, 1286, 323, 1742, 5068, 618, 726, 4333, 3096, 2507, 3934, 2607, 2054, 2598, 4058, 2001, 1070, 541, 2487, 1179, 3819, 2473, 1685, 1623, 2285, 1240, 1044, 1867, 1124, 1440, 964, 2937, 1204, 1437, 1539, 1510, 785, 1332, 1612, 1405, 720, 2492, 1933, 4644, 2945, 1210, 1074, 2031, 985, 1868, 3968, 1196, 2807, 2351, 1802, 901, 439, 1855, 3489, 2452, 1094, 2235, 1273, 1174, 2066, 1811, 1865, 1113, 2134, 4837, 1786, 1752, 708, 1992, 1736, 2440, 1634, 1197, 1924, 1339, 2229, 1519, 6971, 2037, 1610, 3920, 1904, 2309, 2054, 2453, 5442, 2309, 1377, 2635, 2232, 3567, 1723, 3181, 2589, 1414, 3737, 1896, 2093, 1464, 731, 3914, 2698, 8329, 1655, 3478, 2432, 1661, 1591, 986, 2965, 2321, 1774, 1627, 3002, 834, 2500, 869, 915, 2104, 1600, 1797, 1367, 1117, 3486, 3446, 1766, 1579, 1735, 2561, 1106, 848, 8672, 2040, 3496, 2030, 1366, 846, 2883, 2301, 1884, 3539, 1199, 2998, 2562, 1640, 3833, 1510, 1601, 2380, 922, 2937, 3305, 2089, 323, 2370, 2535, 2057, 1174, 1656, 440, 3247, 2160, 1057, 3206, 1698, 3612, 2773, 1251, 2645, 1724, 6204, 1608, 2814, 2732, 1564, 8398, 3596, 1728, 6116, 1987, 1615, 1322, 2373, 1183, 1154, 1861, 3271, 1112, 5059, 2177, 3416, 3177, 1841, 2643)
(35, 129): Mean: 2239.94, median: 1892.0, std: 1473.244, percent: 2148.8, B: 129, W: 121, 
	(3230, 1298, 1665, 10051, 2889, 1766, 1206, 1810, 1035, 2301, 1590, 1699, 1205, 2261, 3458, 1278, 3681, 3686, 1941, 3158, 1571, 966, 2063, 1063, 2120, 1884, 1150, 2404, 1889, 2004, 3273, 2704, 3365, 1279, 1073, 2460, 1507, 1990, 2383, 1877, 1062, 2280, 1483, 2134, 1217, 2897, 1369, 1006, 8933, 2106, 908, 1868, 1385, 371, 1746, 5387, 631, 743, 3647, 2841, 2292, 3130, 2619, 2085, 2468, 4435, 1943, 997, 498, 2661, 1190, 3423, 2498, 1885, 1561, 2143, 1561, 1122, 1749, 1121, 1434, 1020, 2877, 1127, 1462, 1462, 1200, 587, 1538, 1460, 1514, 725, 2402, 1837, 5719, 2977, 1306, 1080, 1756, 901, 1957, 4020, 1229, 2565, 2104, 1608, 894, 434, 1587, 3258, 2341, 1233, 2177, 1299, 1078, 1522, 1895, 1868, 968, 2333, 3970, 1716, 1751, 665, 2456, 1801, 2736, 1727, 1097, 2150, 1294, 1904, 1616, 7118, 2170, 1532, 4524, 1804, 2435, 2096, 2329, 5066, 2226, 1528, 2282, 2322, 3680, 1591, 3176, 2611, 1643, 3965, 2147, 2386, 1402, 773, 4197, 2861, 9290, 2007, 3677, 2033, 1486, 1496, 1065, 2667, 2177, 1966, 1732, 3038, 747, 2662, 746, 701, 1972, 1661, 1722, 1525, 996, 3635, 3164, 1508, 1626, 1635, 2639, 1015, 907, 10283, 2002, 3431, 1888, 1408, 857, 2720, 2321, 2066, 4113, 1308, 3150, 2531, 1650, 4088, 1418, 1485, 2282, 916, 2674, 3375, 2512, 337, 2390, 2260, 1983, 1157, 1440, 401, 3077, 2042, 1166, 3471, 1778, 3679, 3145, 1358, 2930, 1701, 6031, 1753, 3003, 2485, 1513, 8807, 2919, 1600, 5481, 1785, 1593, 1276, 2226, 1293, 1052, 1856, 2565, 1086, 4687, 2389, 3339, 2988, 1921, 2920)
(37, 138): Mean: 2215.556, median: 1906.5, std: 1385.317, percent: 2118.46, B: 132, W: 117, 
	(2927, 1209, 1759, 10935, 2769, 2082, 1274, 1912, 978, 2033, 1665, 1664, 1065, 1896, 3567, 1085, 4174, 3586, 2004, 2739, 1613, 998, 1996, 1120, 2125, 1964, 1175, 2468, 1848, 1608, 3365, 2519, 3693, 1226, 988, 2268, 1784, 1977, 2103, 2035, 1156, 2402, 1429, 1901, 1067, 2686, 1324, 1097, 7413, 1786, 1001, 2105, 1288, 343, 1633, 4961, 659, 705, 3414, 3083, 2257, 3230, 2749, 2147, 2760, 4864, 2052, 961, 517, 2355, 1222, 4016, 2594, 1623, 1658, 2087, 1252, 1015, 1716, 1210, 1284, 1113, 3371, 1290, 1447, 1513, 1362, 712, 1356, 1480, 1373, 931, 2452, 1738, 5165, 2849, 1099, 1218, 2167, 773, 2452, 3689, 1484, 2558, 2182, 1543, 968, 463, 1827, 3671, 2570, 1185, 2225, 1194, 1027, 1765, 1840, 1809, 955, 2343, 4465, 1898, 1917, 638, 2213, 1680, 2340, 1549, 1130, 2406, 1368, 2462, 1726, 7124, 2007, 1685, 3946, 1802, 2894, 1982, 2270, 5489, 2242, 1459, 2423, 2307, 3756, 1780, 3319, 3096, 1443, 3396, 1986, 1953, 1519, 790, 3573, 2621, 7445, 1803, 3693, 2088, 1509, 1831, 945, 2581, 2173, 1787, 1700, 3343, 785, 2630, 746, 814, 2304, 1398, 1694, 1326, 1007, 3466, 3626, 1720, 1616, 1760, 2613, 1083, 815, 7786, 1993, 3245, 2052, 1406, 859, 2610, 2459, 1857, 3649, 1272, 2852, 3041, 1827, 4894, 1580, 1415, 2249, 942, 2280, 3272, 2127, 393, 2338, 2217, 1872, 1243, 1479, 598, 3048, 1977, 1086, 3079, 1858, 3552, 3045, 1195, 2575, 1766, 5704, 1690, 2963, 2126, 1515, 8676, 2813, 1694, 6356, 1679, 1587, 1260, 2078, 1362, 1259, 1915, 2648, 1103, 4172, 2223, 3033, 2729, 2075, 2909)
(39, 149): Mean: 2211.66, median: 1950.5, std: 1425.49, percent: 2074.98, B: 128, W: 122, 
	(2420, 1195, 1755, 11463, 2638, 2169, 1213, 1977, 1050, 1966, 1436, 1786, 1227, 2045, 3364, 1230, 3777, 3369, 1809, 2740, 1364, 888, 2123, 1018, 1957, 1902, 1148, 2601, 1675, 1589, 3477, 2412, 3465, 1329, 925, 2185, 1782, 1845, 2311, 2000, 1072, 2517, 1596, 1994, 1085, 2683, 1291, 1066, 8033, 1865, 952, 1765, 1311, 336, 1514, 5198, 620, 850, 3209, 3047, 2278, 3181, 2588, 2046, 2929, 5097, 1980, 1068, 580, 2466, 1216, 3897, 2753, 1809, 1775, 2092, 1464, 984, 1742, 1173, 1324, 919, 2748, 1282, 1495, 1427, 1152, 620, 1351, 1585, 1494, 768, 2197, 2005, 4190, 3142, 1107, 1045, 1763, 874, 2268, 4018, 1334, 2690, 2118, 1637, 782, 503, 1740, 3206, 2389, 1153, 2487, 1229, 1068, 2063, 1894, 1811, 977, 2333, 4074, 1949, 2242, 728, 2362, 1668, 2587, 1599, 1300, 2123, 1241, 2525, 1540, 7128, 2234, 1605, 4562, 2055, 2416, 2040, 2245, 4439, 2254, 1555, 2164, 2394, 3894, 1689, 3187, 2253, 1542, 3331, 1805, 2152, 1463, 731, 3877, 2840, 6858, 1925, 2878, 2107, 1839, 1556, 1054, 2979, 2271, 2026, 1751, 2907, 666, 2931, 844, 808, 2046, 1607, 1635, 1395, 971, 3446, 3216, 1549, 1805, 2070, 2342, 1143, 872, 9331, 1784, 2823, 1834, 1396, 921, 2898, 2451, 2030, 3378, 1262, 2946, 2453, 1597, 4097, 1527, 1360, 2643, 994, 2755, 2587, 2128, 371, 2494, 2146, 2040, 1113, 1445, 613, 2934, 1885, 1180, 3440, 1952, 4210, 2809, 1410, 3190, 1689, 6159, 1463, 2824, 2379, 1336, 9439, 2989, 1842, 5935, 1680, 1859, 1230, 2089, 1263, 1150, 1841, 3144, 1169, 4851, 2058, 2873, 3233, 2117, 2651)
(40, 155): Mean: 2199.212, median: 1886.5, std: 1377.305, percent: 2041.44, B: 137, W: 113, 
	(3020, 1176, 1537, 11223, 3159, 1901, 1192, 1815, 1047, 2528, 1533, 1781, 1082, 2118, 4160, 1094, 3900, 3452, 1991, 2852, 1511, 949, 2176, 1103, 1800, 2056, 1075, 2145, 1714, 1686, 3250, 2657, 3579, 1287, 917, 2043, 1715, 1759, 2353, 1838, 1211, 2512, 1576, 2105, 1221, 2679, 1454, 986, 6920, 2034, 845, 2011, 1246, 430, 1533, 4980, 774, 796, 3605, 2656, 2376, 3760, 2784, 2035, 2884, 4208, 1984, 985, 505, 2594, 1134, 4264, 2382, 1944, 1649, 2044, 1436, 955, 1569, 1346, 1506, 972, 2750, 1197, 1436, 1621, 1047, 631, 1390, 1500, 1372, 892, 2510, 2186, 5687, 3108, 1206, 1078, 1647, 912, 1982, 3573, 1299, 2670, 2137, 1646, 937, 471, 1720, 3179, 2708, 1093, 2097, 1133, 1129, 1804, 1840, 1763, 1085, 2135, 3888, 1741, 2234, 777, 2309, 1886, 2506, 1653, 1108, 2013, 1292, 2201, 1584, 6458, 2155, 1458, 3870, 1806, 2648, 2046, 2204, 5356, 2513, 1504, 2399, 2303, 3784, 1728, 3015, 2189, 1679, 3547, 1919, 2097, 1511, 733, 3252, 2706, 8700, 1764, 3219, 2074, 1565, 1715, 948, 2974, 2576, 1640, 1612, 2625, 686, 2617, 742, 784, 2431, 1631, 1807, 1405, 960, 3227, 3593, 1694, 1656, 1983, 2653, 929, 861, 8072, 1753, 2769, 2163, 1511, 807, 2583, 2645, 2124, 3580, 1388, 2921, 2561, 1611, 4265, 1443, 1365, 2450, 925, 2881, 2946, 1887, 360, 2599, 2447, 1839, 1208, 1418, 627, 3025, 1844, 1124, 2817, 1921, 4460, 2853, 1354, 2376, 1750, 5541, 1717, 2684, 2548, 1652, 8208, 2776, 1640, 5304, 1950, 1567, 1199, 1980, 1157, 1205, 1701, 2887, 1205, 4719, 2055, 2951, 2925, 1844, 2938)
(41, 161): Mean: 2197.172, median: 1890.0, std: 1343.809, percent: 2138.18, B: 128, W: 121, 
	(3105, 1252, 1493, 10385, 2700, 1704, 1152, 1708, 1075, 2395, 1624, 2060, 1120, 2010, 3541, 1193, 4246, 3503, 2195, 3243, 1523, 944, 2090, 1068, 2112, 1850, 1017, 2309, 1719, 1725, 3391, 2651, 3797, 1338, 1035, 2365, 1596, 1777, 2465, 1915, 1139, 2364, 1509, 2112, 1112, 3062, 1419, 998, 6807, 1964, 970, 2044, 1282, 366, 1752, 5881, 614, 745, 3452, 2267, 2305, 3503, 3036, 2197, 2167, 4384, 2082, 994, 591, 2763, 1173, 3948, 2604, 1904, 1646, 2138, 1352, 965, 1865, 1126, 1286, 920, 2590, 1199, 1459, 1591, 1230, 685, 1335, 1406, 1324, 881, 2342, 1806, 5274, 2738, 1102, 1144, 1803, 735, 2046, 3776, 1299, 2570, 2476, 1634, 951, 434, 1742, 3739, 2766, 1115, 2315, 1119, 1035, 2071, 1788, 1681, 1008, 2042, 4163, 1893, 1730, 833, 2171, 1550, 2725, 1803, 1150, 1845, 1152, 2031, 1588, 6424, 2132, 1563, 3979, 1891, 2396, 1966, 2367, 5295, 2219, 1565, 2318, 2199, 3833, 1741, 3601, 2553, 1515, 3714, 1889, 2014, 1363, 752, 3633, 2598, 8307, 2060, 3297, 2050, 1487, 1791, 891, 2930, 2432, 1731, 1887, 3033, 854, 2824, 792, 717, 2040, 1469, 1796, 1474, 1005, 3714, 2807, 1863, 1658, 1653, 2529, 930, 859, 7274, 1805, 3445, 2061, 1454, 773, 2573, 2519, 1926, 3498, 1362, 3185, 2630, 1760, 4408, 1422, 1403, 2257, 905, 2280, 3094, 1894, 383, 2529, 2466, 1838, 1238, 1509, 571, 3153, 1991, 1212, 3151, 1825, 4179, 3605, 1385, 2626, 1665, 5403, 1533, 3141, 2306, 1432, 7876, 3190, 1587, 4976, 1613, 1541, 1283, 1976, 1140, 1094, 1880, 2597, 1166, 4705, 2381, 2898, 3109, 1981, 2747)
(42, 162): Mean: 2200.424, median: 1920.0, std: 1396.663, percent: 2063.48, B: 130, W: 120, 
	(3005, 1231, 1713, 9921, 2481, 1953, 1147, 1924, 1004, 2230, 1600, 1667, 1007, 1951, 3215, 1152, 3200, 4428, 2224, 2575, 1672, 994, 2045, 1083, 2146, 2094, 1085, 2274, 1778, 1536, 4059, 2765, 3693, 1349, 1043, 2239, 1518, 1894, 2331, 2143, 1186, 2373, 1395, 2157, 1232, 2725, 1356, 1010, 8668, 1880, 980, 1964, 1344, 411, 1579, 4933, 745, 700, 3138, 2705, 2141, 4069, 2629, 1906, 2741, 4589, 1865, 961, 558, 2812, 1145, 4573, 2584, 1972, 1616, 2055, 1282, 1212, 1850, 1186, 1319, 943, 2628, 1175, 1466, 1509, 1248, 688, 1252, 1426, 1338, 805, 2222, 1856, 5443, 2801, 1188, 1221, 1968, 752, 2132, 3701, 1316, 2958, 2447, 1555, 812, 355, 1760, 3040, 2558, 1040, 2066, 1087, 1190, 1511, 1596, 1857, 911, 2192, 3952, 1887, 2159, 691, 2091, 1869, 2440, 1703, 1149, 2187, 1234, 2385, 1718, 7338, 2029, 1473, 3739, 2004, 2810, 1967, 2311, 4863, 2078, 1436, 2160, 2176, 3586, 1730, 2933, 2600, 1407, 3484, 1968, 2103, 1366, 722, 4319, 2606, 8039, 1978, 3399, 2025, 1722, 1592, 1017, 2643, 2295, 1805, 1574, 3081, 743, 2651, 738, 753, 2109, 1516, 1708, 1384, 1037, 3877, 3159, 1629, 1562, 1801, 2540, 969, 816, 8176, 1847, 3412, 1964, 1359, 899, 2790, 2689, 2123, 3394, 1278, 2977, 2393, 1772, 5015, 1530, 1559, 2429, 941, 2341, 2783, 2074, 358, 2356, 2069, 1827, 1107, 1383, 484, 2893, 2192, 1140, 2931, 1824, 4942, 2967, 1397, 2443, 1625, 6228, 1742, 2774, 2320, 1417, 8072, 3505, 1537, 4835, 1568, 1651, 1284, 2047, 1152, 1041, 1969, 2985, 1204, 5015, 1877, 2815, 3154, 1916, 2552)
(43, 165): Mean: 2292.3, median: 1942.0, std: 1439.227, percent: 2184.56, B: 83, W: 167, 
	(2293, 1201, 1627, 12129, 3155, 2343, 1260, 1932, 995, 2973, 1724, 1920, 1265, 1994, 3229, 1386, 3559, 3766, 2128, 3008, 1544, 1059, 2226, 1258, 2055, 1952, 1093, 2429, 2012, 1792, 3646, 2990, 3929, 1201, 1009, 2413, 1746, 2079, 2329, 1952, 1203, 2520, 1606, 2194, 1074, 2849, 1482, 1124, 6825, 1901, 1045, 2047, 1326, 346, 1572, 5519, 679, 758, 4395, 2976, 2393, 3425, 2642, 2417, 3267, 5119, 1740, 997, 572, 2494, 1218, 3481, 2403, 2038, 1820, 1809, 1661, 1300, 1667, 1202, 1307, 991, 2979, 1196, 1538, 1450, 1185, 703, 1530, 1491, 1484, 729, 2602, 1926, 5467, 2692, 1186, 1053, 1862, 1024, 2388, 3885, 1369, 3157, 2237, 1668, 878, 663, 1582, 3488, 3053, 1272, 2483, 1283, 1120, 1966, 1843, 1884, 1056, 2252, 4808, 1894, 2101, 743, 2202, 1532, 2826, 1665, 1325, 1837, 1393, 2362, 1705, 6485, 2170, 1576, 4187, 2093, 2787, 2045, 2502, 6300, 2537, 1539, 2429, 2653, 3927, 1775, 3681, 2905, 1609, 3407, 1785, 2285, 1386, 804, 4429, 2815, 7997, 2386, 3739, 2093, 1546, 1843, 1046, 2605, 2402, 1799, 1821, 2779, 674, 2598, 761, 840, 2423, 1484, 1786, 1464, 1200, 3365, 3512, 1714, 1748, 1885, 2425, 1081, 844, 8063, 2052, 3182, 1984, 1730, 935, 2783, 2607, 2080, 4221, 1213, 3402, 2932, 1907, 4206, 1458, 1477, 2594, 902, 2917, 3152, 1713, 437, 2222, 2602, 1932, 1225, 1544, 647, 3024, 2111, 1192, 2955, 1774, 3176, 3175, 1373, 3167, 1736, 5372, 1493, 2908, 2339, 1646, 9035, 3311, 1831, 6090, 1750, 1566, 1249, 2089, 1470, 1089, 2126, 2667, 1172, 5036, 2643, 2854, 3011, 1881, 2652)
(44, 169): Mean: 2211.06, median: 1916.5, std: 1439.249, percent: 2103.42, B: 164, W: 86, 
	(2903, 1274, 1735, 12182, 2949, 1922, 1305, 1745, 1056, 2404, 1587, 1811, 1161, 1849, 3864, 1070, 3887, 3570, 2041, 2537, 1418, 1026, 1874, 1077, 2013, 2151, 1005, 2353, 1756, 1541, 3827, 3071, 3771, 1116, 868, 2217, 1644, 1857, 2140, 1947, 1204, 2410, 1356, 1931, 1191, 2683, 1352, 1065, 6202, 1903, 916, 1911, 1371, 417, 1649, 5079, 619, 734, 3498, 2707, 1931, 3414, 2370, 1854, 2686, 4589, 1840, 986, 606, 2436, 1151, 4220, 2481, 1988, 1686, 2162, 1310, 1023, 1641, 1246, 1373, 881, 2817, 1269, 1302, 1548, 1210, 678, 1370, 1406, 1353, 991, 2182, 2306, 4566, 2865, 1128, 1058, 2006, 839, 2141, 3581, 1305, 2658, 2098, 1489, 861, 390, 1700, 3330, 3099, 1092, 2313, 1137, 1183, 1847, 1808, 1927, 1009, 2262, 4523, 1750, 2417, 762, 2316, 1766, 2540, 1400, 1150, 2149, 1380, 2314, 1797, 7105, 2157, 1501, 3699, 1769, 2573, 2226, 2032, 5851, 2218, 1475, 2487, 2319, 3771, 1627, 3070, 2378, 1731, 3240, 1885, 2026, 1313, 727, 4635, 2584, 8036, 1756, 3266, 2214, 1466, 1534, 1004, 3363, 2216, 1941, 1738, 2811, 658, 2494, 841, 739, 2053, 1490, 1764, 1379, 1161, 3458, 3432, 1449, 1667, 2049, 2359, 1018, 1003, 9281, 1711, 3496, 2107, 1407, 852, 2444, 2631, 2285, 3134, 1328, 2943, 2482, 1655, 3966, 1421, 1630, 2347, 898, 3030, 2779, 2260, 375, 2247, 2031, 1959, 1143, 1517, 650, 3112, 2075, 1286, 3013, 1805, 4220, 3570, 1456, 2748, 1570, 5773, 1675, 2742, 2446, 1421, 9025, 3035, 1715, 5360, 1667, 1528, 1197, 1966, 1084, 1135, 1971, 2966, 1044, 4600, 2105, 3064, 2779, 2123, 2738)
(45, 175): Mean: 2206.712, median: 1918.5, std: 1394.508, percent: 2105.38, B: 122, W: 128, 
	(3502, 1281, 1625, 9883, 2693, 1945, 1246, 1751, 1120, 2279, 1634, 1672, 1091, 2108, 3563, 1237, 3915, 4028, 2143, 3071, 1748, 880, 2013, 1088, 2128, 1748, 1063, 2333, 1685, 1665, 3936, 2964, 3864, 1187, 993, 2302, 1667, 1803, 2174, 1962, 988, 2736, 1473, 2360, 1139, 2814, 1325, 1048, 7413, 1961, 911, 2041, 1174, 444, 1793, 5940, 672, 756, 3470, 2838, 2184, 3681, 2444, 1945, 2960, 4828, 2077, 1022, 565, 2357, 1288, 3766, 2363, 1808, 1692, 2072, 1307, 996, 1787, 1329, 1393, 880, 2958, 1241, 1409, 1462, 1208, 739, 1357, 1517, 1403, 823, 2385, 2126, 5010, 2931, 1152, 1210, 1862, 805, 2119, 4019, 1250, 2600, 2209, 1583, 847, 493, 1713, 3186, 2563, 1064, 1977, 1145, 1096, 1593, 1830, 1884, 968, 2052, 4224, 1928, 2249, 650, 1945, 1839, 2379, 1503, 1138, 2262, 1232, 2325, 1813, 6482, 1938, 1624, 3478, 1807, 2262, 1942, 2192, 4575, 2124, 1606, 2448, 2318, 3751, 1764, 2673, 2821, 1595, 3130, 2005, 2332, 1475, 770, 4681, 2443, 8678, 1919, 3566, 2121, 1535, 1638, 1010, 2813, 2043, 1826, 1634, 3102, 711, 2930, 719, 830, 1954, 1404, 1843, 1450, 1063, 3325, 3552, 1738, 1735, 2206, 2618, 990, 814, 9283, 1549, 3257, 1918, 1429, 877, 2769, 2231, 2067, 3544, 1281, 3053, 2421, 1607, 5121, 1561, 1426, 2331, 890, 2624, 3136, 2034, 360, 2095, 2266, 1850, 1366, 1548, 562, 2900, 2324, 1100, 2919, 1992, 3965, 2733, 1265, 2795, 1664, 5561, 1622, 2639, 2162, 1378, 8241, 3405, 1547, 5647, 1633, 1530, 1313, 1914, 1183, 985, 1861, 2651, 1061, 4336, 2062, 3100, 2861, 1764, 2800)
(47, 185): Mean: 2194.252, median: 1871.5, std: 1409.996, percent: 2076.76, B: 140, W: 110, 
	(2952, 1230, 1618, 11539, 3120, 1919, 1121, 1730, 984, 2007, 1619, 1814, 1247, 2005, 3419, 1236, 3763, 3146, 1968, 2553, 1579, 987, 1901, 1045, 1845, 1824, 1100, 2433, 2040, 1688, 5064, 2855, 3552, 1195, 1089, 2219, 1521, 1739, 2332, 1852, 1180, 2450, 1497, 1925, 1105, 2938, 1350, 1038, 7338, 2090, 941, 1891, 1218, 406, 1711, 5604, 595, 739, 3650, 2712, 2132, 3713, 2641, 1843, 2556, 4866, 1846, 1085, 555, 2600, 1206, 4492, 2220, 1888, 1691, 2039, 1256, 1039, 1786, 1152, 1432, 941, 2860, 1108, 1370, 1356, 1099, 765, 1326, 1353, 1421, 789, 2767, 1874, 4565, 2850, 1151, 1084, 2050, 849, 2351, 4086, 1336, 2968, 2349, 1672, 819, 375, 1741, 3257, 2391, 1107, 2088, 1097, 1110, 1304, 1869, 1693, 955, 2149, 3809, 1665, 1879, 777, 2423, 1848, 2491, 1694, 1097, 1818, 1336, 2268, 1528, 5703, 2100, 1586, 4321, 1857, 2576, 2135, 2445, 4906, 2496, 1558, 2518, 2277, 3619, 1855, 3398, 2613, 1536, 3003, 1954, 1912, 1430, 726, 4467, 2532, 8012, 2006, 3348, 1925, 1501, 1608, 933, 2975, 2175, 1756, 1615, 3086, 730, 2726, 739, 808, 2030, 1453, 1580, 1349, 953, 3613, 3174, 1567, 1877, 1887, 2803, 930, 803, 8305, 1633, 3014, 1697, 1564, 783, 3089, 2255, 2102, 3631, 1205, 2855, 2523, 1633, 4729, 1459, 1402, 1994, 906, 2378, 3038, 2236, 374, 2378, 2250, 2013, 1070, 1476, 585, 2490, 2215, 1274, 2986, 1674, 4084, 3547, 1384, 2518, 1783, 5969, 1632, 2587, 2492, 1508, 8625, 2775, 1671, 5493, 1557, 1525, 1152, 1893, 1131, 1156, 1731, 2788, 1152, 4310, 2050, 3473, 3095, 1985, 2602)
(48, 188): Mean: 2183.012, median: 1860.0, std: 1492.953, percent: 2064.3, B: 133, W: 116, 
	(3208, 1148, 1636, 13204, 2855, 1889, 1240, 1785, 967, 2222, 1752, 1757, 983, 1911, 3518, 1268, 2999, 4432, 1837, 3147, 1717, 963, 2091, 1063, 1979, 1804, 971, 2153, 1808, 1699, 3064, 2672, 3166, 1149, 962, 2445, 1716, 2094, 2331, 1810, 1139, 2243, 1553, 2046, 1070, 2548, 1243, 1105, 7910, 1674, 899, 1913, 1271, 357, 1428, 5666, 605, 588, 3868, 2728, 2436, 3479, 2944, 1868, 2609, 5688, 1733, 1034, 556, 2655, 1316, 3756, 2698, 1713, 1671, 2008, 1370, 1051, 1618, 1186, 1574, 941, 2684, 1258, 1417, 1532, 1249, 589, 1290, 1433, 1301, 939, 2330, 1639, 4957, 2762, 1076, 1085, 1827, 967, 2231, 3734, 1140, 2350, 2252, 1752, 796, 441, 1705, 3163, 2700, 1138, 2317, 1018, 1103, 1837, 1723, 1857, 1124, 2059, 3308, 1861, 2337, 679, 2236, 1759, 2380, 1487, 1196, 2222, 1245, 2348, 1539, 6707, 1859, 1628, 3491, 1681, 2698, 2070, 2110, 4577, 1891, 1330, 2337, 2343, 3538, 1883, 3297, 2458, 1439, 2923, 1796, 2157, 1307, 713, 3616, 2402, 7231, 2248, 3027, 1966, 1457, 1526, 994, 2565, 2180, 1862, 1610, 3013, 803, 3028, 713, 770, 2038, 1336, 1708, 1495, 1147, 4055, 3385, 1683, 1871, 1963, 2326, 976, 825, 12174, 1891, 2988, 1748, 1506, 871, 2482, 2557, 1961, 3740, 1296, 2917, 2695, 1569, 4298, 1412, 1588, 2608, 939, 2419, 2555, 2057, 371, 2163, 2188, 2003, 1199, 1477, 555, 2781, 2043, 1222, 2883, 1660, 3765, 2763, 1297, 2833, 1743, 5846, 1726, 2658, 2394, 1389, 7209, 3027, 1750, 4513, 1607, 1516, 1303, 1870, 1267, 1151, 1841, 2808, 1134, 3904, 2203, 3345, 2879, 1884, 2715)
(50, 199): Mean: 2167.464, median: 1875.5, std: 1369.266, percent: 2076.86, B: 130, W: 120, 
	(2984, 1103, 1534, 9903, 2835, 1960, 1285, 1814, 973, 2349, 1688, 1850, 1250, 1996, 3656, 1055, 3234, 4127, 1798, 2724, 1580, 855, 2037, 1186, 1954, 2058, 1056, 2390, 1806, 1666, 3242, 2637, 3266, 1097, 1045, 2303, 1526, 1922, 2355, 1718, 1154, 2130, 1336, 1921, 1202, 2297, 1404, 1054, 6785, 1859, 935, 1921, 1255, 412, 1542, 4466, 683, 685, 3629, 3067, 1958, 4099, 2510, 2003, 2895, 5162, 1900, 1079, 579, 2575, 1182, 3921, 2369, 1743, 1469, 1852, 1321, 975, 1661, 1383, 1368, 946, 2612, 1107, 1494, 1451, 1197, 764, 1380, 1393, 1302, 841, 2508, 2131, 5618, 2760, 1083, 1056, 2053, 833, 2279, 3965, 1294, 2749, 2307, 1449, 994, 364, 1729, 3196, 2338, 1120, 2194, 1201, 1018, 1717, 2130, 1703, 1188, 2180, 3990, 1702, 2195, 799, 2025, 1681, 2430, 1743, 1167, 1960, 1215, 2252, 1427, 6516, 2063, 1696, 3943, 1674, 2231, 2069, 2176, 5707, 1894, 1468, 2429, 2183, 3508, 1810, 3339, 2266, 1501, 3436, 1929, 1866, 1354, 683, 3618, 2679, 10447, 2123, 3073, 2076, 1583, 1707, 941, 3131, 2030, 1759, 1734, 2726, 760, 2630, 679, 827, 2104, 1438, 1852, 1448, 944, 2825, 3383, 1643, 1672, 1887, 2523, 905, 955, 7296, 1805, 2949, 1872, 1492, 856, 2257, 2439, 2116, 4263, 1293, 3047, 2551, 1540, 4063, 1481, 1601, 2201, 816, 2515, 2743, 1922, 370, 2772, 1982, 1909, 1232, 1466, 602, 2779, 1967, 1142, 2998, 1664, 3288, 3257, 1406, 2837, 1691, 4750, 1651, 2518, 3123, 1524, 8496, 3144, 1629, 5149, 1706, 1513, 1230, 1953, 1251, 1149, 1812, 2614, 1172, 4832, 2296, 2710, 2863, 1879, 2791)
(52, 211): Mean: 2167.732, median: 1867.5, std: 1357.986, percent: 2068.94, B: 128, W: 121, 
	(3225, 1144, 1696, 9894, 2433, 2029, 1138, 1590, 1000, 2480, 1743, 1781, 1165, 2007, 3419, 1215, 3617, 4004, 2088, 2687, 1423, 961, 2038, 1163, 1929, 1789, 1122, 2327, 1746, 1719, 3376, 2594, 3170, 1186, 944, 2293, 1638, 1694, 2074, 2069, 1134, 2462, 1457, 2130, 1211, 2660, 1305, 1089, 5901, 1824, 776, 1824, 1185, 348, 1637, 4857, 690, 709, 3696, 2712, 2184, 3499, 2786, 1865, 2573, 4591, 1807, 909, 555, 2311, 1150, 3933, 2241, 1744, 1521, 2104, 1346, 1127, 1740, 1241, 1257, 987, 2676, 1177, 1461, 1504, 1059, 677, 1377, 1490, 1401, 851, 2505, 1968, 4805, 2856, 1040, 1081, 1904, 763, 2320, 3226, 1087, 2567, 2147, 1498, 912, 462, 1750, 3349, 3105, 1051, 2181, 1123, 1188, 1625, 1692, 1944, 979, 2220, 3607, 1856, 2051, 686, 2326, 1461, 2414, 1668, 1091, 2098, 1188, 2282, 1902, 6302, 2384, 1471, 3779, 1719, 2595, 2057, 2662, 4726, 2105, 1414, 2190, 2084, 3306, 1816, 2673, 2618, 1425, 3198, 1767, 2009, 1332, 741, 3824, 2774, 9311, 1870, 3623, 2027, 1606, 1875, 969, 2447, 2549, 1873, 1675, 2973, 614, 2484, 689, 701, 2066, 1466, 1720, 1201, 1027, 3197, 3357, 1669, 1776, 2092, 2288, 1022, 881, 7477, 1913, 3363, 1835, 1470, 849, 2852, 2437, 2194, 3512, 1256, 2922, 2752, 1593, 4984, 1409, 1598, 2903, 930, 2869, 2797, 1808, 421, 2162, 2031, 1781, 1176, 1445, 455, 3177, 2039, 1212, 3005, 1596, 3402, 3154, 1368, 2651, 1704, 6096, 1543, 2744, 2343, 1397, 8872, 2951, 1629, 6655, 1775, 1517, 1258, 2192, 1235, 1219, 2296, 2864, 1123, 5209, 1954, 3005, 2797, 1738, 2661)
(53, 214): Mean: 2176.816, median: 1888.0, std: 1407.95, percent: 2101.82, B: 127, W: 123, 
	(3143, 1251, 1482, 12809, 2574, 1987, 1158, 1791, 923, 2147, 1501, 1717, 1056, 1957, 3037, 1150, 3924, 3856, 1730, 2568, 1409, 1005, 1988, 1032, 1763, 1607, 983, 2443, 1635, 1787, 3509, 2454, 3008, 1108, 1076, 2299, 1623, 2205, 2349, 1765, 1090, 2469, 1313, 2016, 1113, 2655, 1347, 1011, 6425, 1719, 866, 1913, 1271, 486, 1779, 5361, 637, 681, 3726, 2831, 2294, 3854, 2499, 1928, 3091, 4243, 1858, 978, 575, 2363, 1148, 3358, 2611, 1826, 1622, 2230, 1326, 994, 1719, 1180, 1450, 995, 2629, 1152, 1606, 1343, 1040, 636, 1271, 1421, 1414, 735, 2221, 1908, 5347, 2642, 1064, 1076, 1989, 818, 1981, 3676, 1371, 2444, 2273, 1922, 766, 475, 1643, 3795, 2727, 1240, 2149, 1065, 1125, 1881, 1728, 1810, 1016, 2455, 3520, 1962, 2437, 745, 2008, 1612, 2299, 1578, 1149, 2188, 1211, 2303, 1459, 5804, 2148, 1304, 4077, 1868, 2383, 2283, 2401, 5922, 2131, 1437, 2391, 2082, 3928, 1646, 3138, 2496, 1499, 3484, 1947, 2187, 1252, 790, 3608, 2372, 7389, 1994, 3300, 1997, 1635, 1618, 904, 2592, 2288, 1671, 1844, 2604, 573, 2641, 753, 736, 1980, 1414, 1789, 1341, 991, 3377, 3402, 1659, 1773, 1763, 2564, 887, 893, 8310, 1713, 3172, 1789, 1467, 882, 2508, 2434, 2264, 4473, 1086, 2827, 2517, 1646, 4714, 1333, 1499, 2579, 858, 2441, 2924, 1972, 417, 2460, 2306, 1966, 1246, 1446, 546, 3453, 2056, 1161, 3334, 1529, 3255, 3162, 1325, 3288, 1630, 5861, 1726, 2923, 2497, 1458, 8046, 3531, 1788, 4672, 1726, 1525, 1195, 1899, 1147, 1233, 1895, 2869, 1185, 5227, 2416, 2999, 2909, 1937, 2617)
(54, 215): Mean: 2139.948, median: 1872.0, std: 1377.358, percent: 2049.5, B: 147, W: 101, 
	(2789, 1126, 1523, 11850, 2843, 1734, 1087, 1907, 1010, 2213, 1503, 1615, 1063, 2472, 3833, 1137, 3874, 3776, 2083, 2800, 1526, 895, 2119, 1085, 1949, 1572, 916, 2226, 1879, 1568, 3762, 2570, 3387, 1324, 1018, 2110, 1727, 1562, 2255, 2051, 1145, 2372, 1370, 2415, 1036, 2751, 1240, 1051, 6628, 1780, 755, 1696, 1365, 310, 1682, 4566, 594, 745, 3466, 3069, 2013, 3069, 2979, 1850, 2362, 4514, 2013, 960, 548, 2326, 1191, 3224, 2033, 1961, 1665, 2044, 1271, 957, 1786, 1090, 1274, 929, 3012, 1046, 1386, 1345, 1077, 636, 1314, 1433, 1285, 824, 2213, 1763, 4864, 2333, 999, 1081, 1965, 711, 1915, 4319, 1255, 2807, 2321, 1808, 730, 410, 1551, 3672, 2428, 1152, 2542, 1080, 1120, 1546, 1944, 1805, 1039, 2249, 3617, 2042, 2140, 595, 2343, 1737, 2186, 1544, 1149, 1965, 1191, 2520, 1442, 5958, 1772, 1511, 3772, 1684, 2295, 1997, 2087, 5496, 2093, 1304, 2236, 2038, 3720, 1859, 2818, 2267, 1441, 3184, 1760, 2026, 1328, 768, 3650, 2801, 8689, 1894, 3307, 2208, 1402, 1619, 884, 3021, 2230, 1637, 1836, 2715, 584, 2376, 706, 771, 1941, 1461, 1923, 1241, 1073, 3292, 3605, 1530, 1865, 1715, 2566, 956, 940, 7608, 1888, 2967, 2034, 1595, 841, 2416, 2153, 2311, 4294, 1407, 3039, 2089, 1511, 5346, 1476, 1418, 2342, 844, 3177, 2741, 1606, 364, 2286, 1979, 1891, 1109, 1438, 482, 2619, 2016, 1100, 2609, 1601, 3295, 3305, 1393, 2472, 1717, 6128, 1642, 2753, 2464, 1476, 6935, 3014, 1607, 5072, 1761, 1456, 1189, 1718, 1145, 1104, 1713, 2720, 1161, 5443, 2180, 2898, 2704, 2083, 2705)
(55, 218): Mean: 2126.968, median: 1793.0, std: 1325.585, percent: 2046.28, B: 117, W: 132, 
	(2672, 1145, 1524, 9080, 2542, 2228, 1126, 1791, 932, 2176, 1503, 1792, 1019, 1768, 3071, 1143, 3176, 3861, 1686, 3352, 1328, 949, 2033, 1004, 1974, 1639, 1044, 2168, 1673, 1422, 3182, 2816, 3278, 1230, 1073, 2138, 1518, 2317, 2301, 1809, 1089, 2333, 1418, 2231, 1193, 2538, 1380, 1063, 5688, 1769, 872, 1749, 1391, 341, 1749, 5591, 660, 677, 3453, 2676, 2092, 3694, 2570, 1810, 2701, 4829, 1942, 957, 554, 2218, 1095, 3606, 2364, 1654, 1731, 1834, 1260, 1048, 1817, 1110, 1354, 919, 2848, 1081, 1359, 1406, 1323, 627, 1362, 1316, 1409, 718, 2470, 1868, 4700, 2661, 1062, 1047, 1810, 752, 2013, 3457, 1278, 2749, 2145, 1650, 773, 367, 1519, 3410, 2682, 1065, 2041, 1248, 1070, 1305, 1668, 1792, 996, 2270, 4069, 1965, 1967, 824, 2248, 1560, 2456, 1574, 1144, 2002, 1199, 2137, 1481, 6256, 2071, 1546, 3897, 1794, 2323, 1994, 2208, 5293, 1952, 1436, 2178, 2176, 3390, 1790, 2995, 2409, 1495, 3019, 1700, 2044, 1453, 837, 4627, 2277, 8957, 1886, 3473, 2353, 1474, 1591, 1117, 2916, 1940, 1785, 1759, 2539, 628, 2715, 803, 818, 1933, 1303, 1669, 1419, 899, 3413, 3689, 1749, 1761, 1759, 2943, 876, 839, 8563, 1999, 2833, 1664, 1292, 843, 2876, 2314, 2099, 3260, 1312, 3287, 2572, 1683, 4477, 1473, 1477, 2349, 954, 2507, 2948, 1945, 345, 2432, 1864, 1679, 1252, 1597, 501, 3019, 2132, 1116, 2916, 1852, 3513, 3454, 1320, 2608, 1642, 5028, 1439, 2292, 2247, 1505, 8499, 3017, 1540, 4872, 1792, 1609, 1273, 1682, 1100, 1146, 1888, 2744, 1069, 4770, 2098, 3239, 2821, 1712, 2779)
(56, 220): Mean: 2126.764, median: 1810.0, std: 1328.736, percent: 2005.74, B: 124, W: 126, 
	(2676, 1099, 1458, 10966, 2973, 2024, 1074, 1744, 995, 1932, 1614, 1480, 1059, 1886, 3675, 1184, 3568, 4175, 2208, 2844, 1606, 951, 2161, 1076, 1958, 1553, 1019, 2349, 1785, 1475, 3083, 3195, 3718, 1169, 1044, 1977, 1464, 1721, 2127, 1971, 1051, 2260, 1354, 2001, 1015, 2644, 1320, 964, 6643, 2089, 845, 1710, 1328, 342, 1662, 4681, 698, 757, 3468, 2890, 1771, 3525, 2345, 1915, 2582, 5098, 1845, 974, 613, 2279, 1137, 4049, 2578, 1657, 1678, 1993, 1193, 1023, 1706, 1133, 1299, 985, 2700, 1200, 1382, 1418, 1232, 599, 1332, 1415, 1432, 793, 2707, 1677, 4483, 2886, 1173, 1088, 1688, 852, 2019, 3389, 1259, 2913, 2079, 1470, 784, 407, 1871, 3335, 2775, 1143, 2105, 1131, 1090, 1300, 1881, 1666, 1047, 2277, 3803, 1970, 2247, 629, 2280, 1552, 2230, 1490, 1167, 1876, 1263, 2512, 1776, 6162, 1988, 1522, 4847, 1927, 2638, 2282, 2184, 5669, 2040, 1431, 2223, 2259, 4158, 1916, 2804, 2469, 1404, 3167, 1894, 1829, 1446, 720, 4496, 2433, 8107, 1834, 3491, 2158, 1401, 1598, 885, 2682, 2026, 1732, 1671, 3001, 558, 2501, 747, 716, 1985, 1455, 1704, 1470, 1019, 3278, 3301, 1560, 1620, 1575, 2871, 926, 890, 6310, 1634, 2876, 1791, 1710, 894, 2396, 2368, 2239, 3993, 1226, 2968, 2306, 1558, 3697, 1540, 1433, 2256, 921, 2857, 2858, 1728, 344, 2335, 2038, 1748, 1120, 1502, 541, 2895, 2206, 1162, 3190, 1638, 3591, 2894, 1340, 2699, 1600, 5647, 1491, 2227, 2232, 1337, 7968, 3236, 1621, 4887, 1896, 1535, 1451, 1883, 1213, 1058, 1714, 2419, 1042, 4192, 1853, 2585, 2858, 1789, 2556)
(58, 229): Mean: 2129.916, median: 1818.5, std: 1319.408, percent: 2067.26, B: 132, W: 118, 
	(3129, 1138, 1523, 9476, 3104, 1824, 1075, 1714, 966, 2416, 1582, 1602, 1185, 1841, 3663, 1241, 3161, 3876, 1968, 2805, 1312, 890, 1862, 1063, 1924, 1829, 940, 2115, 1787, 1682, 3335, 2614, 3554, 1127, 912, 2151, 1699, 1680, 2626, 1984, 960, 2241, 1308, 2018, 1032, 2930, 1368, 980, 6973, 1702, 780, 1768, 1169, 300, 1602, 4784, 658, 750, 3800, 2546, 2197, 3940, 2641, 1971, 2893, 4128, 1812, 1037, 537, 2097, 1027, 3651, 2308, 2000, 1529, 2051, 1361, 1091, 1726, 1094, 1322, 896, 3030, 1201, 1496, 1416, 1115, 644, 1319, 1307, 1301, 736, 2456, 1673, 4881, 2995, 1118, 1044, 1738, 855, 2101, 3801, 1255, 2507, 1896, 1477, 777, 421, 1644, 3311, 2533, 982, 2026, 1033, 1194, 1357, 1986, 1647, 901, 2451, 3716, 1906, 1898, 615, 2147, 1624, 2614, 1756, 1122, 1896, 1254, 2449, 1493, 6013, 2114, 1416, 3771, 1735, 2268, 2170, 2150, 5418, 2025, 1430, 2168, 2139, 3570, 1813, 3133, 2532, 1615, 3234, 1809, 1881, 1304, 703, 3826, 2526, 7574, 1790, 3852, 1993, 1512, 1634, 918, 2806, 2299, 1781, 1566, 2885, 551, 2411, 744, 776, 2172, 1480, 1671, 1517, 1178, 3498, 4023, 1940, 1901, 2230, 2667, 970, 932, 8207, 1751, 2859, 1801, 1357, 818, 2384, 2552, 2057, 3307, 1520, 2473, 2682, 1517, 3733, 1453, 1506, 2125, 906, 2604, 3261, 1759, 293, 2527, 2165, 1891, 1154, 1417, 472, 3139, 1994, 1093, 2817, 1564, 3221, 3234, 1403, 2627, 1706, 5944, 1577, 2525, 2241, 1334, 8120, 2958, 1736, 5521, 1622, 1619, 1228, 1756, 1126, 1036, 2072, 2821, 1130, 5008, 2071, 3025, 2517, 1969, 2672)
(59, 230): Mean: 2152.976, median: 1851.0, std: 1347.599, percent: 2065.48, B: 118, W: 131, 
	(2649, 1129, 1483, 9128, 2952, 2202, 1120, 2012, 962, 2303, 1522, 1480, 1173, 1801, 3085, 1197, 4144, 4261, 2211, 3803, 1327, 895, 2171, 1032, 1909, 1579, 986, 2120, 1745, 1762, 3792, 2272, 3405, 1104, 1043, 1997, 1534, 1669, 2209, 2029, 1114, 2304, 1413, 2109, 1011, 2682, 1331, 1104, 7284, 2140, 861, 1693, 1260, 380, 1564, 4366, 590, 721, 3483, 3100, 2112, 3290, 2859, 1810, 2756, 4987, 1728, 934, 572, 2161, 1121, 3949, 2816, 1842, 1804, 1968, 1248, 1018, 1821, 1121, 1293, 892, 3266, 1121, 1556, 1468, 1141, 644, 1276, 1380, 1282, 817, 2256, 1761, 5387, 2938, 1147, 1024, 1829, 845, 1976, 3428, 1216, 2404, 1855, 1500, 846, 383, 1429, 3101, 2370, 1110, 2050, 1144, 1183, 1606, 1829, 1673, 1104, 2295, 4299, 2010, 2336, 598, 2158, 1452, 2138, 1503, 1253, 1931, 1104, 2351, 1703, 6192, 2168, 1397, 4183, 1731, 2412, 2312, 2170, 4890, 2212, 1345, 2039, 2236, 4295, 1927, 3094, 2998, 1294, 2944, 2148, 1941, 1274, 774, 4355, 2756, 8378, 2239, 3164, 1991, 1407, 1591, 949, 2570, 2391, 1868, 1847, 2964, 759, 2529, 763, 723, 2168, 1444, 1676, 1352, 1035, 3119, 3196, 1513, 1608, 1957, 2726, 965, 844, 7029, 2011, 2936, 1772, 1449, 748, 2418, 2138, 2064, 3733, 1305, 2993, 2535, 1656, 4307, 1412, 1601, 1914, 916, 2731, 3692, 1762, 302, 2345, 2208, 1979, 1212, 1429, 441, 2712, 2290, 1144, 2919, 1679, 3903, 3253, 1332, 2499, 1578, 5277, 1539, 2568, 2518, 1492, 9455, 2868, 1752, 4941, 1806, 1679, 1272, 2014, 1140, 1107, 1815, 2765, 1160, 5137, 1927, 3109, 2653, 1870, 2925)
(60, 235): Mean: 2132.356, median: 1843.0, std: 1274.078, percent: 2025.14, B: 125, W: 124, 
	(2962, 1268, 1535, 9765, 3096, 1975, 1085, 1885, 1130, 2301, 1465, 1513, 1178, 1773, 3414, 1141, 3792, 3579, 2077, 2927, 1505, 839, 2346, 1040, 1986, 1884, 929, 2227, 1681, 1707, 3010, 2601, 3308, 1159, 1057, 2234, 1557, 1768, 2172, 1882, 1079, 2335, 1439, 2107, 1121, 2849, 1321, 1046, 6705, 1897, 877, 1812, 1319, 346, 1496, 4662, 620, 788, 3603, 2767, 2110, 3889, 2566, 2007, 2803, 4388, 1816, 947, 594, 2410, 1053, 3278, 2283, 1763, 1782, 2391, 1521, 1040, 1885, 1111, 1379, 890, 2749, 1052, 1404, 1436, 1187, 687, 1324, 1435, 1277, 795, 2616, 1793, 5456, 2780, 1116, 945, 1624, 1015, 2441, 3789, 1186, 2571, 2197, 1689, 811, 446, 1647, 3458, 2380, 1216, 1925, 1176, 1097, 1567, 1674, 1721, 1124, 2352, 3563, 1659, 1839, 754, 2221, 1626, 2250, 1453, 1177, 2138, 1179, 2531, 1701, 5461, 2306, 1432, 3911, 1865, 2603, 2415, 2218, 4951, 2374, 1272, 2507, 2092, 4180, 2146, 3122, 2570, 1438, 3032, 1946, 1815, 1225, 779, 3800, 2570, 7843, 2044, 3324, 1938, 1421, 1642, 996, 2813, 2587, 1765, 1847, 2837, 600, 2473, 722, 665, 1862, 1384, 1909, 1443, 1039, 3457, 3381, 1470, 1788, 1907, 2455, 991, 836, 6369, 1717, 2873, 1905, 1506, 771, 2543, 2180, 1941, 4274, 1216, 3091, 2609, 1504, 4025, 1441, 1398, 1765, 915, 2598, 3104, 1755, 333, 2579, 2352, 1784, 1248, 1402, 510, 2568, 2009, 1212, 2903, 1522, 3315, 3846, 1244, 2615, 1674, 5213, 1509, 2567, 2318, 1383, 7863, 2851, 1536, 5701, 1732, 1637, 1264, 1953, 1227, 1066, 2027, 2900, 1118, 4426, 2449, 2876, 2878, 1745, 2668)
(62, 247): Mean: 2120.068, median: 1886.0, std: 1300.944, percent: 1974.62, B: 120, W: 130, 
	(2539, 1183, 1592, 11294, 3119, 1989, 1091, 1586, 1043, 2093, 1583, 1848, 1175, 1906, 3525, 1152, 3355, 3666, 1864, 3357, 1477, 939, 2015, 1086, 1866, 1786, 942, 1970, 1946, 1516, 3164, 2518, 3601, 1100, 1000, 1930, 1453, 1818, 2316, 1980, 986, 2413, 1501, 2149, 1262, 2748, 1284, 1010, 6629, 1800, 837, 2046, 1261, 333, 1551, 4455, 682, 885, 3601, 2530, 1936, 2927, 2440, 2053, 2457, 4053, 1912, 1013, 567, 2553, 1034, 3749, 2560, 1971, 1716, 2056, 1275, 1057, 1810, 1160, 1430, 926, 2604, 1116, 1456, 1539, 1319, 675, 1314, 1265, 1317, 815, 2521, 1904, 5524, 2766, 1166, 1001, 1716, 851, 2120, 3472, 1211, 2348, 2331, 1710, 823, 379, 1782, 2968, 2267, 1218, 1912, 1015, 1036, 1516, 2005, 1680, 972, 2408, 4078, 1954, 1979, 822, 1968, 1540, 2169, 1623, 1195, 1819, 1133, 2529, 1576, 6305, 2085, 1514, 3414, 1835, 2311, 2081, 2306, 5482, 2429, 1293, 2316, 2198, 3877, 1646, 2843, 2525, 1307, 2976, 1850, 1966, 1176, 830, 4287, 2443, 7583, 1902, 3838, 2367, 1604, 1789, 998, 2730, 2427, 1699, 1803, 2613, 729, 2267, 727, 695, 1959, 1453, 1737, 1414, 970, 3209, 3469, 1566, 1832, 1903, 2583, 1044, 839, 7307, 2132, 2603, 2149, 1343, 871, 2891, 2176, 2111, 3681, 1228, 2756, 2622, 1700, 4085, 1411, 1465, 2123, 966, 2326, 3062, 1778, 356, 2176, 2412, 1870, 1206, 1475, 635, 2781, 1923, 1236, 3383, 1619, 3375, 2984, 1278, 2616, 1832, 5504, 1650, 2469, 2356, 1447, 6828, 2406, 1418, 4859, 1833, 1704, 1268, 2016, 1243, 1027, 1907, 2517, 1182, 5134, 1931, 2683, 2817, 1802, 2601)
(63, 248): Mean: 2111.492, median: 1813.0, std: 1267.354, percent: 2001.04, B: 140, W: 110, 
	(2724, 1188, 1539, 8580, 2649, 2246, 1088, 1720, 964, 1971, 1540, 1959, 1054, 2035, 3432, 1066, 3626, 3713, 1842, 2987, 1457, 874, 2092, 1117, 1876, 1697, 988, 2089, 1788, 1500, 3885, 2586, 3718, 1141, 973, 2224, 1389, 1826, 2394, 1954, 1016, 2447, 1408, 2248, 1195, 2580, 1260, 1068, 7302, 1874, 820, 1815, 1345, 393, 1566, 4708, 636, 723, 3501, 2777, 2187, 3196, 2851, 1811, 3188, 4292, 1758, 933, 546, 2550, 1079, 3832, 2372, 1654, 1815, 1942, 1173, 1035, 1641, 1118, 1373, 859, 2765, 1066, 1418, 1380, 1278, 615, 1266, 1368, 1278, 836, 2385, 1733, 4813, 2587, 1161, 989, 1636, 961, 1819, 3502, 1180, 2866, 2163, 1571, 830, 414, 1522, 2946, 2405, 1062, 2330, 1059, 1127, 1635, 1850, 1673, 1089, 2296, 3681, 1782, 2076, 532, 2266, 1440, 2409, 1525, 1219, 2126, 1104, 2486, 1510, 5971, 1974, 1397, 4885, 1607, 2703, 2115, 2197, 4713, 2209, 1511, 2652, 1828, 3214, 1829, 3213, 2436, 1421, 3094, 1747, 1796, 1322, 794, 3838, 2467, 8457, 1686, 3481, 1851, 1542, 1676, 1056, 2832, 2351, 1749, 1672, 2548, 607, 2644, 708, 749, 1849, 1426, 1550, 1404, 1030, 3568, 3827, 1517, 1647, 2070, 2749, 930, 867, 6886, 1716, 2955, 2086, 1651, 753, 2338, 2182, 1658, 3459, 1402, 2817, 2798, 2154, 3900, 1448, 1382, 2445, 979, 2369, 2648, 1731, 347, 2523, 2067, 1888, 1121, 1449, 429, 2550, 1961, 1141, 3628, 1699, 3079, 3403, 1367, 2704, 1584, 5348, 1631, 2416, 2255, 1514, 7326, 2824, 1671, 5286, 1769, 1579, 1195, 1863, 1117, 1134, 1823, 2700, 1178, 4724, 2415, 2649, 2907, 1790, 2678)
(69, 282): Mean: 2140.692, median: 1870.5, std: 1315.148, percent: 2033.12, B: 111, W: 138, 
	(2801, 1117, 1436, 10560, 3183, 1863, 1126, 1871, 1275, 2081, 1497, 1585, 1213, 1896, 3873, 1144, 3872, 3967, 1934, 2625, 1459, 910, 1934, 1111, 1975, 1788, 933, 2141, 1693, 1630, 3384, 2673, 3375, 1256, 993, 1968, 1516, 1868, 2300, 1950, 1114, 2317, 1591, 1984, 1036, 2770, 1287, 958, 8002, 1734, 798, 1964, 1274, 324, 1733, 4977, 667, 744, 3913, 2953, 2115, 3714, 2569, 1912, 2797, 4875, 1979, 930, 467, 2223, 1233, 3602, 2714, 1948, 1658, 2166, 1390, 1032, 2023, 1198, 1504, 976, 2727, 1058, 1338, 1562, 1127, 661, 1304, 1671, 1371, 890, 2616, 1880, 4925, 2800, 1096, 1100, 1870, 892, 2017, 3659, 1255, 2315, 2184, 1908, 814, 453, 1677, 3259, 2556, 1010, 1871, 1081, 1059, 1458, 1808, 1724, 961, 2093, 3828, 2084, 2318, 725, 1946, 1543, 2246, 1688, 1084, 2254, 1114, 2318, 1531, 5583, 2150, 1540, 4962, 1763, 2519, 2027, 2217, 4746, 1956, 1447, 2237, 2056, 3552, 1963, 2551, 3177, 1392, 3418, 1982, 1994, 1307, 752, 3935, 2717, 7900, 1814, 3875, 2132, 1339, 1530, 995, 2447, 2353, 1689, 1645, 2978, 595, 2461, 795, 699, 2088, 1289, 1551, 1303, 1030, 3504, 3702, 1649, 1701, 2162, 2748, 1003, 926, 6437, 1793, 2442, 1722, 1460, 816, 2665, 2139, 1814, 3766, 1261, 2640, 2546, 1791, 5234, 1483, 1468, 2279, 974, 2557, 3094, 1815, 312, 2310, 2380, 1755, 1254, 1413, 528, 2920, 2041, 1170, 3256, 1595, 3104, 3513, 1261, 2573, 1669, 5298, 1590, 2719, 2552, 1286, 7103, 2698, 1453, 4926, 1958, 1612, 1225, 1827, 1217, 1023, 1742, 2639, 1228, 4125, 2305, 2734, 2565, 1727, 2855)
(71, 289): Mean: 2160.388, median: 1858.5, std: 1383.846, percent: 2016.54, B: 122, W: 126, 
	(2861, 1194, 1533, 11358, 2646, 1911, 1139, 1627, 1064, 2036, 1543, 1594, 1269, 2021, 3228, 1178, 4356, 3722, 1797, 3333, 1384, 995, 2088, 1056, 1751, 1699, 968, 2106, 1813, 1621, 3480, 2515, 3393, 1128, 993, 2157, 1622, 1835, 2317, 1905, 1087, 2258, 1355, 2065, 1403, 2633, 1471, 999, 8410, 2085, 837, 1943, 1308, 318, 1653, 5535, 582, 633, 3323, 3299, 2220, 3492, 2312, 2031, 2772, 4165, 1883, 956, 535, 2322, 1314, 3739, 2776, 1852, 1600, 2523, 1177, 972, 1712, 1093, 1320, 962, 2876, 1210, 1391, 1585, 1064, 662, 1269, 1458, 1142, 796, 2480, 1753, 5686, 2997, 1056, 1091, 1811, 790, 2003, 3607, 1208, 2523, 2158, 1698, 840, 486, 1578, 2872, 2774, 1080, 1999, 1086, 1075, 1547, 1699, 1612, 935, 2869, 4012, 1813, 2195, 585, 2035, 1400, 2189, 1607, 1222, 2032, 1249, 2239, 1701, 5792, 1979, 1440, 4392, 1583, 2241, 2374, 2319, 5691, 2431, 1393, 2131, 2107, 3382, 1902, 3519, 2668, 1443, 3359, 1694, 1865, 1285, 754, 4095, 2449, 7845, 1889, 3931, 2335, 1517, 1503, 891, 2498, 2153, 1871, 1655, 2916, 673, 2538, 718, 790, 1988, 1355, 1633, 1431, 1011, 3328, 3496, 1765, 1726, 1877, 2755, 994, 859, 6597, 2024, 2796, 1940, 1577, 772, 2238, 2321, 1804, 4464, 1289, 2829, 2326, 1394, 4543, 1424, 1338, 2397, 938, 2499, 3104, 1985, 382, 2526, 2303, 2007, 1089, 1420, 527, 2677, 2059, 1103, 3127, 1553, 3717, 2817, 1338, 2800, 1771, 5623, 1655, 2821, 2605, 1246, 7740, 3227, 1563, 5728, 2089, 1532, 1225, 1795, 1142, 1134, 1772, 2517, 1331, 4594, 2287, 2790, 2932, 1897, 2602)
(72, 292): Mean: 2155.6, median: 1841.0, std: 1343.246, percent: 1994.54, B: 119, W: 130, 
	(2358, 1273, 1509, 9784, 2820, 1994, 1085, 1756, 886, 2166, 1427, 1838, 1337, 2094, 3410, 1140, 4025, 3812, 1651, 2826, 1379, 911, 2231, 1069, 1912, 1687, 992, 2437, 1807, 1459, 3196, 2608, 3933, 1164, 983, 2125, 1589, 2016, 2349, 2006, 1107, 2236, 1492, 2247, 1274, 2972, 1466, 921, 5979, 1934, 888, 1837, 1250, 353, 1722, 5097, 589, 866, 3965, 2876, 2042, 3404, 2659, 1860, 2797, 3831, 1851, 1049, 555, 2654, 1139, 3427, 2280, 1969, 1745, 2415, 1321, 1070, 1731, 1098, 1485, 941, 2692, 1145, 1423, 1294, 1105, 705, 1261, 1487, 1263, 849, 2490, 1936, 4521, 2914, 1051, 1077, 1751, 851, 2042, 3581, 1294, 2611, 2170, 1489, 830, 393, 1798, 3208, 2597, 1107, 2270, 1165, 1191, 1613, 1888, 1780, 1079, 2213, 3934, 1796, 2016, 686, 2057, 1626, 2146, 1590, 1193, 1913, 1207, 2418, 1618, 6308, 1970, 1523, 4051, 1733, 2448, 2346, 2393, 4807, 2142, 1461, 3217, 2198, 4661, 1956, 2831, 2456, 1511, 3170, 2131, 1893, 1254, 746, 4025, 2586, 9537, 1738, 3256, 2318, 1532, 1579, 961, 2773, 2165, 1708, 1586, 2634, 579, 2626, 739, 777, 1752, 1519, 1835, 1528, 1058, 3595, 3090, 1776, 1699, 1707, 2589, 959, 785, 6896, 1794, 2672, 1937, 1394, 854, 2510, 2488, 2157, 3152, 1408, 2699, 2491, 1895, 4019, 1415, 1572, 2334, 938, 2571, 2746, 1805, 350, 2407, 2016, 2046, 1189, 1643, 579, 3153, 2124, 1108, 2696, 1842, 3848, 3498, 1210, 2501, 1598, 5694, 1595, 2358, 2622, 1485, 9005, 3017, 1682, 6104, 1840, 1648, 1211, 1838, 1140, 1093, 1789, 2751, 1241, 5194, 2098, 2748, 2855, 1634, 2714)
(74, 302): Mean: 2151.2, median: 1828.0, std: 1419.862, percent: 2015.88, B: 128, W: 121, 
	(2695, 1160, 1439, 12071, 2894, 1934, 1138, 1682, 947, 2230, 1467, 1711, 1106, 2121, 3069, 1172, 3414, 3642, 1746, 2655, 1628, 1030, 1958, 1063, 1894, 1547, 1080, 2113, 1696, 1554, 3987, 2223, 3829, 1214, 939, 2132, 1528, 1611, 2293, 2103, 980, 2258, 1411, 2186, 1077, 2704, 1315, 1002, 6959, 1738, 829, 1844, 1340, 391, 1679, 5921, 590, 671, 3332, 3003, 2184, 3555, 2560, 1956, 2635, 4175, 1764, 979, 569, 2223, 1061, 4703, 2826, 1865, 1704, 1960, 1240, 1062, 1946, 1036, 1601, 940, 3122, 1230, 1444, 1401, 1324, 613, 1292, 1398, 1353, 885, 2332, 1706, 4763, 2772, 1048, 1183, 1751, 922, 1947, 4545, 1362, 2620, 2023, 1482, 932, 390, 1750, 3602, 2249, 1084, 1989, 1064, 1145, 1656, 2023, 1696, 1021, 2249, 4162, 1874, 1920, 720, 1855, 1431, 2273, 1437, 1199, 1801, 1211, 2719, 1621, 6499, 1801, 1384, 3631, 1913, 2510, 2080, 2130, 5162, 2172, 1261, 2165, 2029, 3604, 1795, 2772, 2605, 1560, 3021, 1908, 1911, 1271, 750, 3821, 2548, 8078, 1825, 3394, 1991, 1402, 1833, 941, 2756, 2365, 1802, 1710, 2808, 617, 2625, 731, 706, 2068, 1517, 1858, 1419, 986, 3373, 3004, 1733, 1690, 1738, 2766, 1004, 864, 6917, 1831, 2259, 1708, 1507, 808, 2856, 2084, 1970, 3584, 1151, 2807, 2634, 1712, 4541, 1405, 1345, 2217, 981, 2161, 2938, 1864, 353, 2483, 1892, 2050, 1178, 1542, 560, 3167, 2146, 1137, 2859, 1640, 3403, 3005, 1310, 2880, 1669, 6046, 1563, 2672, 2293, 1189, 9643, 2772, 1604, 5765, 1861, 1666, 1157, 1823, 1183, 1052, 1820, 2744, 1277, 4449, 2424, 3373, 3185, 1822, 2876)
(75, 308): Mean: 2131.072, median: 1862.0, std: 1346.182, percent: 2007.54, B: 119, W: 129, 
	(2382, 1191, 1515, 11571, 2833, 2166, 1128, 1726, 994, 2100, 1464, 2032, 1068, 2126, 3328, 1225, 2912, 3565, 1814, 2627, 1698, 954, 2251, 1081, 1806, 1645, 1088, 2186, 1812, 1651, 3239, 2498, 3512, 1271, 939, 1976, 1550, 1706, 2218, 2024, 1031, 2336, 1333, 2114, 1273, 2556, 1360, 1004, 7167, 1759, 800, 1668, 1292, 404, 1773, 5788, 569, 698, 2857, 3031, 2192, 3374, 2608, 1938, 2356, 3900, 1926, 959, 586, 2125, 1172, 3836, 2328, 1904, 1735, 1965, 1303, 1093, 1865, 1125, 1314, 906, 3084, 1151, 1380, 1554, 1380, 592, 1222, 1346, 1373, 733, 2245, 1805, 4558, 3082, 1083, 1061, 1769, 791, 2039, 4221, 1355, 2607, 2319, 1514, 898, 486, 1777, 3519, 2465, 1059, 1922, 1022, 1020, 1450, 1789, 1802, 1028, 2495, 4382, 1820, 1972, 676, 2140, 1521, 2336, 1609, 1323, 1830, 1257, 2472, 1556, 6822, 2034, 1468, 3753, 1711, 2388, 2380, 2092, 5149, 2394, 1296, 2145, 2109, 3158, 1868, 2903, 2888, 1634, 3062, 1964, 2073, 1363, 649, 4308, 2799, 8323, 1842, 3138, 2122, 1404, 1348, 909, 2398, 2428, 1736, 1687, 2611, 617, 2522, 828, 728, 1960, 1377, 1755, 1418, 982, 3251, 3389, 1668, 1659, 2010, 2347, 985, 942, 7880, 1880, 2338, 1968, 1389, 843, 2654, 2147, 2248, 3516, 1350, 3097, 2476, 1627, 4348, 1438, 1667, 2223, 983, 2084, 2872, 1859, 346, 2643, 2076, 2010, 1155, 1574, 576, 3119, 2219, 1253, 2641, 1582, 3233, 2909, 1329, 2608, 1834, 5191, 1519, 2657, 2122, 1315, 7154, 2992, 1694, 4797, 1745, 1623, 1197, 2008, 1205, 1108, 2010, 2881, 1264, 4803, 2177, 2909, 3008, 1881, 2635)
(76, 311): Mean: 2166.644, median: 1894.5, std: 1417.608, percent: 2045.48, B: 120, W: 129, 
	(2879, 1255, 1490, 12591, 2922, 2051, 1129, 1967, 1021, 1954, 1475, 1880, 1066, 2042, 3104, 1213, 3766, 3820, 2135, 2827, 1504, 933, 2115, 1128, 1958, 1804, 1074, 2094, 2027, 1567, 3572, 2502, 3554, 1309, 1011, 2340, 1463, 1761, 2141, 2035, 997, 2273, 1480, 2364, 1183, 2657, 1210, 914, 7282, 1784, 872, 1726, 1106, 332, 1640, 5729, 645, 837, 4019, 2808, 2163, 3434, 2706, 1956, 2275, 4608, 1992, 942, 598, 2680, 1152, 3099, 2255, 1672, 1683, 1994, 1189, 972, 1973, 1105, 1408, 873, 2586, 1079, 1528, 1371, 1250, 633, 1274, 1481, 1355, 797, 2584, 1697, 4838, 3057, 1111, 1094, 1943, 782, 1937, 3926, 1182, 2653, 2064, 1560, 827, 443, 2078, 3367, 2860, 1056, 2147, 1107, 1010, 1507, 2042, 1666, 1075, 2277, 4223, 1669, 2116, 779, 2118, 1355, 2418, 1620, 1119, 1875, 1231, 2889, 1556, 5830, 1931, 1487, 4043, 1966, 2602, 2209, 2448, 5004, 1884, 1389, 2188, 2131, 3831, 2169, 2891, 2438, 1705, 3307, 1890, 2027, 1426, 787, 4165, 2910, 8598, 1712, 3150, 2156, 1490, 1523, 1013, 2864, 2217, 1941, 1642, 2974, 633, 2991, 758, 737, 1931, 1434, 1582, 1350, 1008, 3030, 3347, 1720, 1556, 1733, 2566, 935, 835, 7164, 1899, 2912, 1871, 1510, 804, 2341, 2319, 2053, 4195, 1330, 2691, 2754, 1603, 4652, 1413, 1389, 2246, 1027, 2317, 2785, 1708, 321, 2327, 2090, 2138, 1149, 1471, 451, 3258, 1899, 1153, 3394, 1663, 3593, 3062, 1348, 2738, 1781, 6165, 1476, 2630, 2377, 1307, 8319, 3250, 1689, 5131, 1640, 1589, 1192, 1833, 1294, 1080, 1821, 2902, 1106, 4818, 2211, 2690, 2239, 1737, 2984)
(77, 315): Mean: 2147.788, median: 1862.0, std: 1337.083, percent: 1998.48, B: 135, W: 115, 
	(2766, 1163, 1570, 9437, 2528, 2033, 1083, 1644, 969, 2517, 1787, 2002, 1219, 2070, 3434, 1143, 3889, 3223, 1816, 2816, 1598, 986, 2178, 1006, 1914, 1663, 955, 2366, 1870, 1500, 2954, 2429, 3315, 1258, 940, 2220, 1580, 1894, 2301, 1868, 1112, 2452, 1383, 2275, 1133, 2622, 1307, 989, 7719, 2121, 837, 1951, 1263, 365, 1597, 4871, 618, 895, 3645, 2754, 2404, 3105, 2872, 1845, 2638, 4740, 1946, 1059, 566, 2295, 1192, 3870, 2689, 1897, 1608, 2095, 1508, 948, 2013, 1070, 1403, 892, 2661, 1211, 1457, 1431, 1176, 628, 1287, 1426, 1502, 881, 2553, 1865, 4695, 2816, 1049, 1184, 1716, 831, 2152, 3874, 1230, 2752, 2340, 1578, 906, 392, 1762, 3335, 2558, 993, 1917, 1236, 1092, 1650, 1803, 1555, 953, 2292, 3890, 1859, 2126, 631, 2131, 1568, 2393, 1474, 1164, 2023, 1167, 2314, 1593, 5753, 2422, 1484, 4077, 1728, 2627, 2174, 2724, 4458, 2619, 1222, 2092, 2091, 3786, 1801, 2867, 2863, 1560, 3418, 1739, 2180, 1534, 743, 4483, 2339, 8375, 1991, 3598, 2222, 1466, 1454, 975, 2765, 2437, 1730, 1585, 2578, 575, 2530, 718, 701, 1763, 1428, 1598, 1384, 828, 3491, 3214, 1687, 1530, 1799, 2516, 933, 905, 8481, 1850, 2650, 2045, 1477, 743, 2533, 2069, 2015, 3253, 1230, 2953, 2404, 1596, 3601, 1439, 1464, 2236, 881, 2325, 3028, 1744, 275, 2748, 2115, 1855, 1223, 1520, 636, 2626, 2150, 982, 3269, 1736, 3738, 3028, 1338, 2603, 1563, 5194, 1527, 2419, 2238, 1373, 8907, 3541, 1558, 4850, 1770, 1624, 1320, 1991, 1112, 1126, 2178, 2546, 1144, 5227, 2194, 2872, 3056, 1840, 2818)
(79, 323): Mean: 2155.516, median: 1837.0, std: 1413.925, percent: 2002.26, B: 123, W: 127, 
	(2601, 1223, 1452, 12052, 2492, 2031, 1153, 1798, 955, 2293, 1546, 1838, 996, 2142, 3640, 1151, 3332, 4041, 1836, 2913, 1676, 952, 2109, 1055, 1981, 1613, 895, 2069, 1796, 1462, 3838, 2459, 3330, 1247, 1000, 2149, 1623, 1656, 2277, 1990, 996, 2494, 1507, 2221, 1264, 2505, 1215, 971, 5872, 1966, 860, 1818, 1364, 411, 1655, 5715, 646, 784, 3418, 2726, 2104, 3529, 2717, 1974, 2552, 4862, 1845, 1054, 551, 2492, 1101, 3886, 2438, 1801, 1554, 2121, 1217, 963, 1854, 1270, 1210, 883, 2692, 1233, 1315, 1441, 1207, 671, 1271, 1300, 1289, 730, 2613, 1812, 5321, 2802, 1109, 1070, 2064, 861, 2321, 4311, 1292, 2842, 2183, 1703, 759, 369, 1792, 2969, 2391, 1201, 1883, 1195, 1086, 1707, 1750, 1750, 922, 2157, 4644, 1905, 1802, 657, 2316, 1539, 2135, 1469, 1281, 1982, 1190, 2565, 1648, 5913, 2185, 1492, 3930, 1834, 2701, 2428, 2452, 5016, 2601, 1293, 2228, 2312, 3420, 1818, 2842, 2896, 1632, 3421, 1717, 1867, 1305, 763, 4109, 2592, 10437, 1996, 4008, 2144, 1426, 1563, 875, 2518, 2100, 1892, 1479, 2584, 670, 2508, 732, 745, 1927, 1401, 1819, 1409, 1011, 3111, 3206, 1599, 1767, 1663, 2677, 951, 747, 7447, 1746, 2688, 1886, 1395, 754, 2854, 2265, 2073, 3863, 1335, 3024, 2415, 1657, 4203, 1558, 1425, 2261, 889, 2545, 3376, 1856, 297, 1992, 2504, 1882, 1197, 1436, 490, 2592, 1977, 1038, 2806, 1755, 3899, 2973, 1387, 2513, 1619, 6071, 1599, 2730, 2461, 1279, 7295, 2901, 1663, 5314, 1681, 1498, 1276, 1946, 1252, 1075, 1720, 2510, 1132, 4180, 2049, 3256, 2462, 1781, 2579)
(80, 324): Mean: 2125.696, median: 1863.0, std: 1304.658, percent: 2026.04, B: 133, W: 117, 
	(2969, 1221, 1523, 9652, 2951, 2026, 1140, 1655, 1045, 2290, 1476, 1711, 1134, 1841, 3119, 1191, 3676, 3892, 1863, 2784, 1320, 912, 2140, 1000, 1896, 1642, 970, 2289, 1934, 1705, 3512, 2200, 3949, 1163, 1006, 2152, 1522, 1872, 2145, 1933, 1044, 2380, 1457, 2246, 1043, 2755, 1248, 961, 6820, 1920, 856, 1672, 1218, 328, 1699, 4746, 617, 754, 3060, 2708, 1990, 3572, 2659, 1989, 2649, 5001, 1830, 956, 611, 2000, 1302, 3855, 2178, 1859, 1663, 2139, 1296, 957, 1927, 1147, 1488, 889, 2955, 1107, 1392, 1505, 1103, 625, 1332, 1358, 1231, 735, 2181, 1823, 5412, 2506, 1028, 992, 1712, 795, 1989, 4002, 1242, 2649, 2302, 1720, 902, 417, 1864, 3653, 2858, 978, 1968, 1193, 1050, 1443, 1805, 1502, 968, 2341, 3598, 1601, 2144, 620, 2196, 1593, 2296, 1535, 1196, 2045, 1250, 2489, 1524, 5023, 2180, 1519, 4199, 1859, 2498, 2121, 2072, 4784, 2239, 1368, 2284, 2121, 3939, 1835, 3024, 2319, 1429, 3035, 2004, 1986, 1410, 669, 3857, 2788, 7888, 1977, 3861, 1973, 1461, 1624, 1007, 2726, 2349, 1869, 1512, 2559, 654, 2489, 778, 775, 1990, 1320, 1638, 1486, 988, 3549, 3137, 1745, 1792, 1806, 2779, 923, 811, 7236, 1800, 2507, 1863, 1392, 744, 2626, 2228, 1843, 4051, 1223, 3304, 2684, 1542, 4166, 1427, 1248, 2441, 907, 3092, 2887, 1873, 390, 2385, 2369, 1919, 1182, 1605, 618, 2708, 2299, 1200, 2593, 1588, 3781, 3289, 1265, 2664, 1607, 6247, 1542, 2699, 2165, 1232, 8258, 2772, 1621, 5060, 1898, 1530, 1182, 1875, 1160, 1052, 1799, 2449, 1214, 4155, 2145, 3052, 2618, 1759, 2731)
(81, 326): Mean: 2128.628, median: 1859.5, std: 1316.684, percent: 2026.24, B: 128, W: 121, 
	(2700, 1186, 1462, 9260, 3763, 1877, 1111, 1749, 1039, 2081, 1603, 1736, 1019, 1798, 3419, 1197, 3900, 3772, 2026, 3079, 1436, 865, 2093, 1022, 1804, 1728, 967, 2306, 1805, 1432, 3177, 2079, 3612, 1206, 993, 2205, 1687, 1834, 2572, 2113, 1079, 2218, 1467, 2339, 1070, 2537, 1295, 1031, 6700, 1843, 782, 1910, 1369, 326, 1678, 6227, 677, 736, 3522, 2649, 2310, 3623, 2585, 1829, 2831, 4469, 2017, 1027, 519, 2297, 1070, 4467, 2370, 1993, 1717, 1934, 1244, 1023, 1843, 1108, 1230, 871, 2825, 1226, 1382, 1441, 1103, 647, 1296, 1441, 1183, 913, 2290, 1835, 3537, 2701, 1156, 1092, 1880, 860, 1946, 3497, 1357, 2383, 2004, 1508, 872, 377, 1663, 3346, 2399, 1125, 1908, 1038, 964, 1571, 1865, 1872, 1019, 2267, 4443, 2058, 2287, 606, 1946, 1592, 2559, 1608, 1230, 2118, 1246, 2122, 1540, 6959, 2146, 1416, 3339, 1656, 2524, 2147, 2050, 5288, 2118, 1325, 2359, 2317, 3390, 1773, 2960, 2266, 1267, 2691, 1821, 1911, 1515, 765, 4298, 2916, 8535, 1840, 3568, 1989, 1493, 1583, 939, 2319, 2553, 1667, 1650, 2726, 670, 2441, 689, 650, 2122, 1450, 1797, 1494, 1073, 3588, 3075, 2083, 1710, 2113, 2483, 1026, 850, 7011, 1725, 2794, 1988, 1371, 772, 2406, 2173, 1871, 4754, 1192, 2983, 2747, 1580, 4613, 1363, 1289, 2064, 1026, 2429, 3015, 2018, 324, 2288, 2124, 1931, 1119, 1409, 575, 2634, 2205, 1087, 2968, 1702, 3025, 3157, 1408, 2945, 1650, 5411, 1616, 2414, 2156, 1378, 7616, 2887, 1402, 5183, 1854, 1458, 1215, 1873, 1177, 1104, 1830, 2345, 1175, 4945, 2264, 3005, 2720, 1661, 2651)
(82, 331): Mean: 2097.792, median: 1805.0, std: 1291.57, percent: 1989.82, B: 140, W: 110, 
	(2471, 1188, 1424, 8242, 2688, 2289, 1109, 1827, 838, 2072, 1581, 1590, 1244, 1855, 3367, 1246, 2967, 3974, 1796, 3025, 1577, 920, 2020, 998, 1928, 1912, 1015, 1990, 1762, 1728, 3619, 2684, 3369, 1183, 1058, 2236, 1470, 1960, 2194, 1925, 967, 2555, 1359, 2077, 1020, 2719, 1349, 1030, 6736, 1802, 817, 1764, 1247, 437, 1769, 5392, 627, 714, 3065, 2583, 1969, 2994, 3118, 1926, 2678, 4476, 1862, 942, 510, 2354, 1163, 3939, 2335, 1777, 1853, 1885, 1266, 1011, 1838, 1184, 1157, 893, 2865, 1133, 1529, 1487, 1135, 670, 1328, 1380, 1312, 821, 2507, 1797, 4395, 2421, 1202, 1016, 1806, 961, 1840, 3831, 1299, 2941, 2439, 1672, 821, 434, 1664, 3594, 2456, 1045, 1886, 1089, 1146, 1567, 1726, 1709, 875, 2476, 3888, 1675, 1870, 759, 1871, 1457, 2262, 1504, 1265, 1818, 1170, 2325, 1367, 5274, 2260, 1382, 3587, 1653, 2460, 2359, 2374, 5114, 2377, 1351, 2232, 1934, 3485, 1701, 2828, 2587, 1494, 3152, 1668, 2211, 1272, 859, 3914, 2608, 8064, 1686, 3787, 1974, 1300, 1573, 885, 2791, 2183, 1641, 1663, 2648, 608, 2428, 699, 724, 1789, 1389, 1651, 1486, 938, 2971, 3052, 1490, 1563, 2146, 2275, 899, 830, 6734, 1799, 2588, 1932, 1427, 707, 2065, 2156, 2021, 3828, 1236, 2944, 2283, 1804, 4348, 1418, 1346, 2013, 969, 2289, 2866, 1660, 430, 2327, 2182, 1811, 1181, 1509, 493, 2800, 1978, 1227, 2729, 1678, 3637, 2796, 1349, 2694, 1673, 5611, 1537, 2213, 2291, 1399, 9974, 2915, 1638, 5684, 1619, 1607, 1292, 1733, 1242, 1003, 2187, 2598, 1010, 4847, 2357, 3077, 2866, 1877, 2669)

Test:
No precond: Mean: 2497.244, median: 2230.5, std: 1214.669, percent: 2491.02, flag: 0 
	(950, 1877, 1941, 3744, 1247, 5987, 1591, 2381, 2752, 2719, 2593, 1137, 1253, 4091, 1708, 6313, 1086, 1351, 2778, 2363, 2458, 3768, 1766, 673, 2961, 2180, 1841, 2736, 5944, 3685, 3480, 2306, 2914, 2443, 1792, 2633, 2141, 4723, 964, 5409, 1415, 1365, 2197, 2119, 4040, 2732, 2921, 4361, 3014, 957, 2406, 2700, 1016, 2727, 1027, 2206, 4471, 5667, 1023, 2254, 1165, 1674, 3359, 1425, 1789, 2027, 2275, 3964, 2649, 2021, 4787, 1110, 2587, 2272, 1938, 2301, 5418, 2672, 1851, 975, 2245, 1659, 1756, 2166, 2142, 1639, 2126, 577, 1965, 3532, 3207, 1680, 1477, 2114, 2249, 1844, 6588, 3956, 3429, 1896, 2283, 2294, 1954, 1963, 5632, 2312, 1484, 5220, 3578, 1482, 1083, 1703, 2010, 1982, 2121, 1963, 1474, 3246, 3444, 1895, 1519, 1214, 1727, 3619, 2218, 2905, 1983, 1012, 3293, 1160, 4712, 3107, 2411, 2979, 3354, 1456, 2438, 1712, 1625, 2868, 1529, 2304, 1987, 1497, 3180, 721, 1195, 1917, 1328, 924, 3485, 814, 4130, 3147, 3932, 2682, 3182, 1594, 2130, 2582, 1685, 1483, 3374, 4695, 2891, 3307, 3968, 3869, 2384, 1420, 3376, 2724, 4297, 1429, 1424, 3804, 2088, 3379, 1458, 3026, 1638, 3871, 1794, 779, 5650, 893, 4333, 1585, 2784, 1212, 2860, 2502, 1756, 1301, 1700, 1520, 1457, 2108, 2847, 1731, 5055, 3275, 801, 1719, 2677, 3232, 2390, 1571, 1775, 1773, 5055, 2885, 1386, 2727, 1195, 3078, 5249, 2163, 1890, 1574, 3070, 1313, 3534, 2465, 1861, 6735, 3555, 3290, 1992, 2142, 4196, 414, 3297, 4340, 1567, 4321, 2878, 2612, 1249, 1405, 2994, 2379, 2402, 2623, 2127, 1920, 1607, 2076, 2243, 1334)

Jacobi: Mean: 2079.96, median: 1846.5, std: 1147.316, percent: 2054.8,, BvN: 230, WvN: 20, flag: 0 
	(743, 1369, 1195, 3231, 1009, 7387, 1727, 1614, 2239, 2554, 2275, 1024, 1025, 5804, 1392, 6411, 954, 1206, 2706, 1704, 2675, 2968, 1375, 575, 2623, 1668, 1803, 2268, 6098, 2546, 3110, 2118, 2038, 1593, 1423, 2732, 1976, 4085, 744, 6085, 1046, 1389, 1646, 1666, 2604, 1925, 2403, 3549, 2445, 862, 1575, 2241, 624, 2549, 759, 2428, 3182, 3671, 798, 1894, 1201, 1351, 2818, 1136, 1333, 1661, 1858, 4547, 1978, 1662, 3927, 766, 2296, 1997, 1257, 2321, 5079, 2090, 1426, 630, 1914, 1333, 1370, 1692, 1945, 1182, 1937, 385, 1552, 2907, 2769, 1315, 1330, 1709, 1746, 1488, 4297, 3849, 2967, 1630, 1962, 1618, 1884, 1519, 5188, 1964, 1223, 4390, 2857, 998, 753, 1422, 1762, 1366, 1818, 1835, 1100, 2322, 2520, 1718, 1195, 883, 1435, 2633, 2034, 2510, 1484, 787, 2648, 793, 4577, 2329, 1947, 2536, 2555, 1334, 1899, 1378, 1208, 1982, 1252, 1917, 1642, 1197, 3899, 524, 828, 1798, 948, 724, 3138, 538, 4350, 2747, 3355, 2293, 2085, 1131, 1862, 1436, 1299, 851, 2879, 3337, 2748, 2963, 2972, 3018, 2269, 1145, 3289, 1992, 3374, 1441, 1136, 3043, 1875, 2666, 1316, 2061, 1284, 3206, 1368, 568, 4790, 833, 2808, 1211, 3047, 830, 2581, 1833, 1583, 963, 1240, 1198, 1172, 1538, 2347, 1539, 3445, 2356, 499, 1474, 2228, 2595, 1739, 1293, 1298, 1665, 3433, 2055, 1090, 2758, 995, 2370, 5143, 1586, 1301, 1222, 2737, 994, 3193, 1869, 1662, 4635, 2344, 2330, 1485, 2023, 3689, 325, 4013, 2987, 1247, 4158, 2050, 1719, 893, 877, 2201, 2069, 2307, 1994, 1959, 1607, 1329, 1677, 2358, 1092)

Last: Mean: 2068.792, median: 1782.0, std: 1144.177, percent: 2053.68, BvN: 229, WvN: 21, BvJ: 124, WvJ: 124, flag: 2 
	(766, 1334, 1357, 3403, 979, 5412, 1284, 1789, 2986, 2432, 2718, 1111, 877, 5941, 1419, 6792, 961, 1219, 2651, 1730, 2447, 2817, 1379, 592, 2656, 1582, 1509, 2188, 4673, 2581, 3427, 1931, 2028, 1714, 1372, 2281, 1769, 3936, 769, 7028, 1180, 1407, 1748, 1801, 2420, 1877, 2420, 3065, 2373, 754, 1539, 2547, 705, 2874, 803, 2241, 2912, 4112, 719, 1977, 1087, 1318, 2738, 996, 1263, 1726, 1893, 4726, 1845, 1554, 4238, 846, 2429, 1641, 1213, 2372, 5008, 2165, 1297, 629, 1910, 1183, 1470, 1719, 1710, 1337, 1617, 380, 1617, 2670, 2643, 1337, 1263, 1499, 1882, 1532, 4610, 3794, 1414, 1494, 2179, 1744, 1637, 1695, 4697, 1796, 1095, 5093, 3563, 976, 831, 1422, 1699, 1303, 1901, 2032, 1183, 2159, 2426, 1695, 1347, 797, 1539, 2590, 2134, 2278, 1677, 899, 2478, 806, 3938, 2622, 1634, 2565, 2649, 1523, 2054, 1269, 1073, 2050, 1233, 1804, 1723, 1224, 3899, 554, 766, 1663, 934, 679, 3017, 563, 3985, 2567, 3206, 2332, 1972, 1132, 1666, 1538, 1348, 990, 2555, 3195, 2834, 2678, 3041, 3201, 1985, 1026, 3129, 1949, 3347, 1322, 1134, 3375, 1900, 3328, 1199, 2474, 1084, 3253, 1446, 700, 5090, 705, 3197, 1222, 3087, 843, 2867, 1908, 1420, 917, 1329, 1334, 1166, 1494, 2757, 1574, 2953, 2203, 522, 1370, 2014, 2693, 1646, 1283, 1323, 1775, 3611, 1816, 1057, 2413, 1061, 2465, 5731, 1860, 1328, 1262, 2471, 908, 3772, 2008, 1524, 4499, 2457, 2770, 1597, 1947, 3733, 302, 3894, 2801, 1204, 4281, 2229, 1850, 988, 953, 2481, 2054, 1816, 1826, 2243, 1508, 1148, 1559, 2712, 990)

[-0.02086313 -0.02291385 -0.02690635 -0.02503687 -0.01109044 -0.02995704
 -0.03143782 -0.02639905 -0.02745492 -0.01757574]
