
16/03/2026, 13:14:04
Config file: ./config/config_median_0_False.ini
Data:
	1d_laplace_size: 45
	amount: 250
	params: 1 0.3
	seed: 0
	dim: 2025
Solver:
	tol: 1e-10
	max_iteration: None
Learn:
	iteration_count: 100
	step_range: 0.1
	method: median
	seed: 0
	scale: 1 0.5 0.25
	allow_disimprovement: False
Precondition:
	num_coef: 10
	type: par_shift_jacobi

Train:
(0, 1): Mean: 2856.088, median: 2517.0, std: 1771.024, percent: 2663.9, B: 250, W: 0, 
	(4190, 1649, 2034, 13535, 3780, 2699, 1571, 2336, 1555, 2898, 1924, 2840, 1572, 3072, 4725, 1310, 4418, 5027, 3026, 3550, 1941, 1196, 2311, 1332, 2461, 2702, 1434, 2831, 2418, 2376, 3535, 3016, 3716, 1529, 1265, 2625, 1920, 2130, 2647, 2582, 1492, 3188, 1840, 2506, 2127, 3200, 1853, 1296, 9939, 2603, 1345, 2264, 1489, 552, 1903, 6811, 932, 1046, 4807, 3500, 2920, 4258, 3314, 2878, 3075, 7059, 2527, 1139, 878, 2851, 1625, 4957, 2703, 2358, 1855, 2760, 1404, 1457, 2543, 1650, 1801, 1177, 3554, 1514, 2058, 1896, 1499, 808, 1820, 2142, 1780, 1290, 2892, 2352, 5070, 4062, 1430, 1432, 2412, 1139, 2804, 3979, 1700, 3279, 2851, 2623, 1047, 627, 2190, 4240, 3555, 1725, 2762, 1595, 1295, 1889, 2614, 2462, 1449, 2806, 5838, 2238, 2842, 1009, 3597, 2118, 3757, 2335, 1506, 2898, 1591, 3051, 2238, 7085, 2589, 2067, 4415, 2503, 2624, 2384, 3498, 7326, 3274, 1908, 2812, 2810, 4304, 2662, 4505, 3754, 1882, 3235, 2215, 3102, 1878, 1218, 4970, 2980, 10328, 2647, 4985, 3415, 2169, 2236, 1320, 3751, 3364, 2507, 2162, 4278, 703, 2990, 982, 1263, 2835, 1824, 2833, 1588, 1320, 4941, 5280, 1859, 2228, 2259, 3765, 1515, 1292, 10750, 2386, 3973, 2262, 2249, 1107, 3303, 2623, 2829, 3777, 1773, 3734, 3871, 2248, 5990, 1822, 1865, 3490, 1253, 3043, 3344, 2740, 531, 3437, 3105, 2582, 1631, 1746, 1028, 3969, 2531, 1588, 3452, 2137, 5606, 4530, 1925, 3840, 2335, 7941, 1899, 3494, 2792, 1838, 11293, 3828, 2160, 7802, 2235, 2044, 2015, 2334, 1346, 1407, 2725, 3729, 1701, 6025, 2819, 4410, 3612, 3107, 3202)
(1, 4): Mean: 2861.416, median: 2468.5, std: 1748.907, percent: 2692.94, B: 128, W: 122, 
	(4601, 1734, 2013, 12304, 3845, 2663, 1594, 2584, 1542, 2842, 2019, 2342, 1730, 3285, 3793, 1439, 4424, 5405, 2637, 3893, 2125, 1216, 2451, 1361, 2485, 2329, 1490, 3097, 2082, 2665, 4666, 2832, 3807, 1462, 1237, 2375, 1905, 3001, 2803, 2629, 1377, 3062, 2001, 3043, 1769, 3882, 1752, 1372, 10540, 2375, 1256, 2354, 1723, 568, 2009, 7228, 906, 1145, 4326, 3544, 2838, 4279, 5615, 2567, 3581, 6165, 2796, 1169, 736, 3210, 1619, 3910, 3478, 2092, 2125, 2737, 1629, 1439, 2335, 1455, 1916, 1151, 3381, 1372, 1924, 2027, 1640, 944, 1964, 1963, 1806, 1257, 3270, 2357, 6479, 3689, 1387, 1394, 2350, 1020, 3061, 4919, 1658, 2819, 2805, 2264, 964, 552, 2441, 4753, 4463, 1705, 2546, 1414, 1352, 2068, 2446, 2590, 1448, 2663, 6279, 2148, 2654, 699, 3432, 1755, 3658, 2181, 1496, 3231, 1674, 2893, 2194, 6999, 2561, 1882, 4484, 2534, 2650, 2517, 2683, 7185, 3740, 1698, 2914, 3181, 4649, 2327, 4055, 3604, 1857, 3918, 1992, 2558, 1758, 1083, 4868, 3143, 8630, 2588, 5339, 2979, 2162, 2334, 1298, 3408, 3765, 2485, 2351, 3834, 715, 3371, 1055, 1101, 2739, 1946, 2562, 1768, 1386, 4597, 5266, 1929, 2301, 1982, 3367, 1594, 1325, 11066, 2448, 3825, 2163, 2092, 1150, 3875, 2755, 2764, 5121, 1558, 3881, 3365, 2452, 6206, 2047, 1821, 2816, 1364, 3303, 4105, 2635, 432, 2956, 3294, 2721, 1477, 1811, 844, 3629, 2556, 1575, 4312, 2445, 5289, 4546, 1701, 4062, 2237, 7382, 1947, 3264, 3010, 1953, 10803, 3304, 2204, 7537, 2267, 1905, 1600, 2135, 1564, 1462, 2738, 3372, 1618, 5881, 2654, 4533, 3768, 2289, 3218)
(2, 10): Mean: 2885.088, median: 2456.0, std: 1862.459, percent: 2743.52, B: 122, W: 128, 
	(4123, 1498, 2134, 15672, 3587, 3001, 1405, 2146, 1369, 2719, 2126, 2795, 1685, 2957, 4410, 1544, 4809, 5851, 2717, 3947, 2031, 1209, 2584, 1537, 2392, 2563, 1335, 3058, 2196, 2104, 4224, 3597, 5714, 1444, 1319, 2943, 2122, 2324, 2798, 2773, 1405, 3011, 1778, 2856, 1360, 4246, 1657, 1377, 9827, 2539, 1278, 2418, 1703, 578, 2131, 6847, 857, 1076, 4404, 3051, 3078, 4656, 3453, 2772, 3403, 7037, 2371, 1261, 847, 2761, 1438, 4275, 3300, 2104, 2117, 2677, 1481, 1474, 2150, 1443, 1790, 1204, 3851, 1441, 1898, 1941, 1500, 905, 1724, 1745, 1912, 1357, 3139, 2413, 7078, 4108, 1452, 1553, 2747, 1354, 2850, 4701, 1874, 3294, 2894, 2002, 1200, 761, 2191, 3743, 3961, 1661, 2714, 1731, 1287, 1930, 2455, 2253, 1608, 3194, 4981, 2457, 2717, 829, 3467, 2136, 3595, 2128, 1568, 2824, 1658, 2939, 2135, 6701, 2672, 2053, 4653, 2312, 2961, 2510, 2715, 7577, 3083, 1958, 3095, 3039, 4440, 2254, 4071, 3352, 2120, 3899, 2444, 2937, 1856, 1223, 5321, 3022, 11015, 2606, 3480, 3417, 2030, 2283, 1329, 3405, 3700, 2626, 2386, 4114, 863, 2801, 958, 1199, 2723, 1711, 2289, 1849, 1283, 4840, 4569, 1903, 2041, 2042, 3641, 1463, 1246, 9999, 2357, 3773, 2256, 2116, 1033, 3316, 2873, 2538, 4799, 1738, 3802, 3204, 2299, 7179, 2061, 1847, 2822, 1346, 2994, 3502, 2592, 509, 3322, 3424, 2559, 1777, 1723, 1013, 4332, 2871, 1564, 4348, 2398, 5267, 4275, 1677, 3120, 2370, 7616, 2045, 3204, 2746, 1993, 11851, 3783, 2083, 7995, 2238, 1972, 1922, 2444, 1478, 1496, 2729, 3998, 1625, 5852, 2564, 4683, 3925, 2719, 3127)
(3, 12): Mean: 2864.296, median: 2424.0, std: 1926.406, percent: 2707.3, B: 134, W: 115, 
	(4066, 1542, 1980, 17332, 4061, 2464, 1506, 2398, 1294, 3120, 1816, 2441, 1313, 2945, 4638, 1330, 4268, 5892, 2738, 3575, 2244, 1217, 2314, 1410, 2425, 2407, 1197, 3155, 2219, 2262, 5021, 3333, 4460, 1528, 1194, 2665, 1835, 2561, 2381, 2642, 1301, 3105, 1967, 2863, 1478, 3669, 1695, 1358, 10244, 2918, 1214, 2310, 1573, 488, 1896, 7077, 789, 1110, 4165, 3380, 2667, 4959, 3980, 2401, 3616, 5418, 2387, 1218, 821, 3416, 1420, 3943, 2932, 2073, 2052, 2624, 1658, 1477, 2258, 1707, 1882, 1139, 3864, 1458, 1863, 2086, 1807, 968, 1850, 1890, 1588, 1197, 3352, 2211, 6748, 3091, 1464, 1388, 2675, 1198, 2634, 4237, 1738, 3201, 3068, 2496, 1108, 634, 2220, 3794, 4196, 1603, 2832, 1700, 1297, 1773, 2198, 2490, 1494, 2768, 5623, 2163, 2975, 855, 3061, 2142, 3684, 2407, 1345, 2821, 1611, 2701, 1907, 8356, 2942, 2158, 4779, 2242, 2777, 2822, 2414, 7139, 2914, 1898, 3291, 2744, 5439, 2290, 3821, 3277, 1786, 3591, 2286, 2762, 1702, 972, 4576, 3173, 11251, 2964, 4094, 3024, 1981, 2283, 1249, 3861, 3502, 2495, 2118, 4035, 780, 3043, 1006, 1169, 2541, 1745, 2379, 1743, 1341, 3600, 5349, 2027, 2317, 2340, 3244, 1588, 1256, 9593, 2637, 3296, 2352, 2669, 1133, 3717, 2669, 2252, 4488, 1716, 4268, 3376, 2397, 5806, 1854, 1780, 3173, 1145, 3480, 3232, 3197, 390, 3593, 2905, 2507, 1561, 1858, 896, 4078, 2544, 1445, 3688, 2543, 5544, 4913, 1653, 3621, 2463, 7189, 1969, 3320, 2815, 1814, 12019, 3554, 2351, 9030, 2278, 1927, 1538, 2423, 1557, 1466, 3018, 3104, 1610, 5979, 2359, 4182, 4245, 2839, 3269)
(4, 14): Mean: 2784.756, median: 2413.5, std: 1704.939, percent: 2685.14, B: 133, W: 116, 
	(3832, 1355, 1983, 13952, 3630, 2520, 1521, 2318, 1428, 2911, 2075, 2251, 1526, 2683, 4151, 1421, 5618, 5881, 2597, 3977, 1969, 1246, 2794, 1291, 2237, 2012, 1345, 3466, 2291, 3015, 4258, 3108, 4750, 1434, 1160, 2357, 1857, 2516, 2568, 2773, 1362, 2705, 1938, 2665, 1824, 3867, 1711, 1211, 8797, 2526, 1401, 2684, 1615, 526, 1856, 7877, 830, 980, 4314, 3223, 2929, 4387, 3344, 2709, 3371, 6201, 2421, 1140, 729, 3436, 1583, 4415, 2942, 2086, 1962, 2518, 1442, 1411, 2345, 1337, 1798, 1229, 4180, 1425, 1932, 1938, 1528, 978, 1859, 2063, 1681, 1062, 2750, 2207, 6749, 4345, 1429, 1297, 2240, 1107, 2677, 4839, 1655, 3464, 2532, 2188, 1059, 760, 2070, 4105, 3949, 1610, 2778, 1677, 1393, 2120, 2290, 2287, 1437, 2500, 5299, 2412, 3179, 741, 3194, 1977, 3226, 2295, 1331, 2954, 1576, 2931, 2105, 6985, 2509, 2232, 4874, 2321, 3041, 2745, 2940, 7219, 2956, 1893, 2391, 2968, 3940, 2480, 3769, 3515, 1884, 3741, 2386, 2489, 1775, 1028, 4585, 3058, 9480, 2649, 3982, 3073, 1940, 2539, 1327, 3412, 4382, 2622, 2199, 3702, 795, 2728, 940, 1203, 2630, 1917, 2328, 1698, 1176, 4424, 4871, 2057, 1964, 2115, 3246, 1524, 1232, 8712, 2186, 3561, 2211, 1918, 1233, 3095, 2474, 2177, 4680, 1636, 3524, 3315, 2131, 6627, 1854, 1737, 3141, 1273, 3121, 3516, 2828, 487, 2923, 3010, 2606, 1446, 1831, 763, 3850, 2353, 1294, 4246, 2478, 5199, 3659, 1851, 4183, 2464, 7173, 2130, 3428, 2839, 1996, 10217, 3175, 1920, 6469, 2003, 1943, 1695, 2232, 1432, 1559, 2738, 3446, 1753, 5649, 2415, 3677, 4049, 2475, 3200)
(5, 16): Mean: 2481.152, median: 2106.5, std: 1622.072, percent: 2321.18, B: 217, W: 33, 
	(3162, 1472, 1801, 13388, 2947, 2032, 1490, 2072, 1257, 2635, 1634, 2098, 1289, 2434, 4384, 1288, 4074, 4706, 2384, 3095, 1670, 1049, 2358, 1304, 2161, 1974, 1138, 2910, 1947, 1972, 3939, 2649, 3822, 1237, 1151, 2530, 1921, 2271, 2564, 2262, 1210, 2683, 1810, 2706, 1325, 3297, 1569, 1166, 6856, 1930, 961, 2051, 1536, 523, 1807, 5496, 808, 795, 3925, 3519, 2291, 3802, 3372, 2185, 3294, 6266, 1993, 1042, 672, 2881, 1342, 4325, 2395, 2147, 1763, 2084, 1340, 1147, 1845, 1472, 1626, 1048, 2752, 1400, 1630, 1741, 1315, 802, 1487, 1607, 1469, 941, 2587, 1991, 5996, 3344, 1232, 1092, 2334, 1023, 2621, 4464, 1425, 3435, 2418, 1935, 833, 759, 1667, 3316, 2787, 1374, 2749, 1215, 1099, 1760, 2130, 2060, 1217, 2494, 4411, 2387, 2315, 834, 2499, 1678, 2609, 1761, 1446, 2790, 1416, 2903, 1732, 6100, 2362, 2044, 4542, 2115, 2555, 2420, 3014, 6452, 2786, 1507, 2576, 2345, 4092, 2056, 3399, 3492, 1720, 3717, 1912, 2221, 1848, 1153, 3674, 2616, 11896, 2311, 4082, 2205, 1859, 2388, 1117, 2768, 2532, 2278, 2015, 3195, 725, 2709, 848, 830, 2001, 1586, 1933, 1615, 1107, 3523, 3571, 1660, 2042, 2059, 2848, 1256, 1143, 8833, 2149, 3900, 2049, 1634, 978, 2890, 2505, 2183, 4077, 1472, 3129, 2786, 1836, 6000, 1684, 1689, 2526, 1149, 2890, 3185, 2311, 427, 2691, 2458, 2093, 1458, 1697, 607, 3098, 2398, 1392, 3488, 1903, 4630, 3317, 1626, 3086, 1721, 5694, 1869, 2806, 2729, 1612, 9619, 3257, 2058, 7645, 1976, 1737, 1531, 1984, 1316, 1300, 2616, 2911, 1260, 5739, 2176, 3241, 3350, 2259, 2780)
(6, 22): Mean: 2449.764, median: 2091.0, std: 1547.25, percent: 2329.52, B: 134, W: 116, 
	(3337, 1231, 1860, 13419, 3081, 2231, 1533, 1912, 1107, 2538, 1709, 2173, 1274, 2441, 4078, 1349, 3762, 4864, 1986, 3156, 1756, 1086, 2146, 1316, 2050, 1837, 1158, 2635, 1988, 1947, 3847, 2673, 3216, 1596, 1162, 2735, 1912, 2207, 2594, 2055, 1256, 2601, 1613, 2386, 1180, 3491, 1468, 1234, 8894, 2099, 1049, 1971, 1370, 485, 1746, 6141, 862, 1020, 3773, 3106, 2579, 3986, 2993, 2077, 3401, 5440, 1971, 1050, 719, 2904, 1280, 4082, 2647, 2115, 1830, 2364, 1364, 1181, 1918, 1506, 1617, 1106, 2976, 1287, 1593, 1553, 1289, 786, 1519, 1753, 1525, 1122, 2769, 1928, 3799, 3095, 1159, 1189, 1974, 1069, 2519, 3961, 1419, 3256, 2465, 2226, 891, 514, 1698, 3156, 3096, 1358, 2514, 1316, 1126, 2133, 1898, 1808, 1210, 2319, 5336, 2378, 2346, 670, 2372, 1938, 2598, 1844, 1370, 2514, 1397, 2760, 1876, 5338, 2219, 1653, 3998, 2005, 2381, 2083, 2602, 6232, 2876, 1584, 2503, 2659, 3999, 2301, 3241, 3139, 1914, 4229, 2180, 2382, 1689, 850, 4063, 3282, 9682, 2338, 3930, 2146, 1833, 2041, 1148, 2938, 2741, 1988, 2101, 3062, 724, 2840, 846, 1074, 2244, 1686, 1829, 1512, 1149, 4504, 3376, 1760, 1933, 1942, 2763, 1052, 1023, 8702, 2051, 3532, 1956, 1595, 1078, 2671, 2367, 2303, 3940, 1374, 3310, 2829, 2284, 6728, 1768, 1561, 2619, 1093, 3433, 3131, 2402, 394, 2384, 2237, 2044, 1336, 1820, 637, 3347, 2516, 1295, 3512, 1805, 3783, 3435, 1558, 3791, 1918, 7509, 1649, 3045, 2637, 1487, 7169, 3233, 1891, 5745, 1859, 1862, 1431, 1913, 1318, 1227, 2339, 2944, 1368, 5223, 2609, 3647, 3484, 2147, 3060)
(8, 31): Mean: 2389.02, median: 2028.5, std: 1458.89, percent: 2269.76, B: 166, W: 83, 
	(3502, 1332, 1895, 10412, 3523, 2047, 1241, 2342, 1238, 2423, 1750, 2021, 1292, 2199, 4143, 1251, 3335, 4297, 2354, 2988, 1698, 1002, 2435, 1336, 2141, 1951, 1143, 2522, 2017, 2208, 3890, 2358, 3522, 1288, 1075, 2302, 1827, 1993, 2406, 1914, 1228, 2723, 1575, 2222, 1128, 3467, 1582, 1122, 7629, 1797, 1028, 1997, 1601, 487, 1638, 6471, 854, 916, 4041, 3029, 2060, 3871, 2904, 2092, 3164, 6187, 1889, 1106, 537, 2819, 1318, 4477, 2618, 1881, 1770, 2333, 1280, 1195, 1863, 1340, 1704, 983, 2785, 1306, 1423, 1667, 1113, 761, 1425, 1658, 1507, 1005, 2645, 2114, 4969, 3007, 1206, 1124, 2218, 916, 2584, 4416, 1492, 2669, 2427, 1903, 891, 429, 1577, 4034, 2891, 1301, 2554, 1223, 1177, 2018, 1817, 2030, 1165, 2251, 4530, 2354, 2378, 912, 2518, 1830, 2194, 1830, 1212, 2457, 1322, 2878, 2026, 6059, 2027, 1828, 4203, 1871, 2695, 2613, 3287, 7209, 2626, 1497, 2506, 2400, 3942, 1980, 3189, 3138, 1677, 3681, 2121, 2135, 1550, 811, 4308, 2715, 8801, 2319, 3773, 2489, 1737, 1909, 1081, 2825, 2599, 2259, 1877, 2878, 624, 2724, 696, 853, 2078, 1872, 1793, 1493, 1208, 3944, 3594, 1679, 1901, 1849, 2765, 1047, 908, 8660, 1935, 3422, 2303, 1558, 856, 2961, 2693, 2142, 3733, 1415, 3204, 2797, 1950, 5030, 1661, 1605, 2527, 1051, 2895, 3269, 2256, 392, 2526, 2700, 2027, 1265, 1621, 655, 3043, 2355, 1213, 3291, 1899, 3751, 3532, 1485, 3429, 1650, 6511, 1574, 2995, 2292, 1514, 8567, 3172, 1771, 5218, 1843, 1715, 1452, 1995, 1323, 1152, 2378, 2794, 1314, 5277, 2246, 2875, 3308, 1952, 2939)
(10, 42): Mean: 2413.012, median: 2027.5, std: 1540.371, percent: 2271.94, B: 127, W: 123, 
	(3152, 1318, 1792, 12379, 2714, 1996, 1447, 2010, 1108, 2566, 1580, 2029, 1337, 2528, 3902, 1223, 3455, 4259, 2295, 3090, 1642, 990, 2306, 1313, 2019, 1845, 1127, 2658, 2098, 2026, 4026, 2505, 3938, 1462, 1730, 2275, 1911, 2215, 2280, 1982, 1122, 2462, 1428, 2421, 1463, 2947, 1708, 1159, 9339, 2108, 1001, 2162, 1314, 494, 1658, 6016, 865, 845, 3764, 3250, 2466, 3506, 3436, 1981, 3030, 5459, 1925, 1042, 670, 2741, 1215, 4356, 3089, 2018, 1743, 2079, 1390, 1116, 1987, 1347, 1539, 971, 2723, 1247, 1509, 1637, 1484, 831, 1420, 1429, 1500, 876, 2461, 1954, 5097, 3375, 1222, 1090, 1919, 949, 2423, 4496, 1426, 2517, 2328, 1573, 954, 477, 1731, 3270, 3181, 1555, 2455, 1192, 1189, 1695, 2020, 1989, 1196, 2269, 4779, 2273, 2180, 779, 2649, 1774, 2626, 1657, 1164, 4016, 1481, 2714, 1711, 6160, 2195, 1549, 4216, 1902, 2561, 2034, 2748, 6142, 2962, 1440, 2139, 2401, 3647, 2103, 3188, 2919, 1620, 2998, 2268, 2466, 1631, 850, 4073, 3044, 10570, 2695, 4169, 2163, 1813, 1943, 994, 2991, 2486, 2152, 1851, 2979, 736, 2714, 839, 818, 2010, 1852, 1801, 1524, 1255, 4523, 4686, 1643, 1878, 1826, 2709, 1132, 989, 8648, 1940, 3649, 2239, 1531, 1014, 3085, 2794, 2188, 4540, 1444, 3276, 2695, 1879, 5468, 1613, 1630, 2308, 1040, 2962, 3619, 2182, 485, 2503, 2633, 2148, 1310, 1604, 637, 3155, 2205, 1253, 3044, 1915, 4289, 3051, 1388, 3126, 1910, 5168, 1713, 3167, 2393, 1573, 8357, 3533, 1782, 5117, 1841, 1768, 1377, 1919, 1192, 1285, 2321, 3196, 1328, 4679, 2468, 3418, 3517, 2264, 2858)
(11, 45): Mean: 2391.0, median: 2027.0, std: 1533.732, percent: 2256.14, B: 132, W: 114, 
	(3528, 1224, 1765, 12804, 3370, 2264, 1575, 1941, 1186, 3116, 1743, 1865, 1252, 2263, 3338, 1421, 3473, 4811, 2653, 3772, 1736, 1035, 2674, 1276, 1961, 1799, 1055, 2542, 1908, 1821, 3634, 2855, 3557, 1254, 1110, 2274, 1615, 2063, 2403, 2225, 1139, 2851, 1563, 2310, 1294, 3012, 1669, 1224, 8594, 2002, 910, 2153, 1395, 424, 1926, 5831, 685, 806, 3791, 3190, 2139, 3579, 2564, 2131, 2587, 6151, 1923, 1010, 709, 2544, 1182, 4778, 2432, 1993, 1936, 2553, 1572, 1068, 1889, 1293, 1624, 1005, 3049, 1377, 1509, 1558, 1256, 861, 1400, 1426, 1514, 974, 2672, 2223, 5188, 3229, 1174, 1204, 2019, 1048, 2301, 4337, 1364, 2956, 2178, 1681, 839, 499, 1663, 3730, 2637, 1142, 2749, 1211, 1057, 2453, 2047, 2023, 1102, 2451, 5057, 2031, 2012, 770, 2596, 1823, 2337, 1807, 1204, 2367, 1308, 2747, 1609, 5278, 2051, 1696, 4453, 2198, 2788, 2095, 2430, 5916, 2325, 1543, 2255, 2495, 3827, 2199, 3186, 2652, 1585, 3115, 2085, 2604, 1544, 795, 4802, 2924, 9576, 1992, 4164, 2244, 1745, 1896, 1023, 3088, 2501, 2021, 1949, 3436, 637, 2434, 817, 863, 2102, 1495, 1877, 1599, 1255, 4079, 3735, 1710, 1857, 1953, 2411, 1162, 1085, 7228, 1882, 3273, 1933, 1660, 874, 2221, 2849, 2115, 4370, 1610, 3276, 2513, 1859, 6111, 1660, 1454, 2446, 1008, 2578, 2926, 2278, 405, 2553, 2362, 2068, 1373, 1585, 635, 2691, 2229, 1251, 3295, 1941, 3857, 3189, 1470, 2932, 1846, 5964, 1581, 3025, 2351, 1696, 9482, 3281, 1756, 5531, 1841, 1730, 1590, 1911, 1307, 1230, 2095, 3022, 1267, 5331, 2354, 3620, 3932, 1953, 3186)
(12, 48): Mean: 2300.488, median: 2008.0, std: 1382.949, percent: 2133.56, B: 149, W: 100, 
	(2756, 1324, 1832, 8852, 3044, 2334, 1282, 1794, 1094, 2260, 1927, 2112, 1195, 2278, 3357, 1131, 3038, 4691, 2341, 3207, 1715, 1020, 2147, 1315, 2010, 1890, 1028, 2352, 2056, 1754, 3794, 2542, 3529, 1438, 1118, 2299, 1912, 2065, 2503, 2006, 1049, 2371, 1643, 2323, 1273, 2754, 1383, 1153, 7991, 1958, 939, 2118, 1438, 353, 1878, 5367, 761, 944, 3756, 2920, 1999, 3935, 2719, 1977, 2802, 5281, 2103, 936, 580, 2510, 1079, 4018, 2638, 1930, 1818, 2241, 1441, 1242, 2016, 1360, 1422, 907, 2923, 1253, 1551, 1483, 1157, 681, 1474, 1650, 1356, 1082, 2419, 2194, 4645, 3046, 1173, 1089, 2107, 898, 2064, 3980, 1385, 2927, 2247, 1672, 798, 381, 1635, 3078, 2655, 1196, 2340, 1143, 1158, 2046, 1859, 1882, 1106, 2396, 4947, 1715, 1804, 585, 2550, 1771, 2455, 1735, 1209, 2464, 1347, 2584, 1667, 4961, 2255, 1679, 4157, 1966, 2567, 2330, 2457, 5880, 2493, 1422, 2288, 2396, 3783, 1778, 3332, 2689, 1524, 3430, 1948, 2004, 1612, 932, 4296, 2517, 9653, 2317, 4252, 2057, 1789, 1703, 992, 2745, 2594, 1877, 1724, 3204, 676, 2730, 876, 731, 2147, 1560, 1911, 1538, 1371, 3943, 3780, 1702, 1932, 2064, 2335, 999, 894, 6898, 2059, 2902, 2174, 1439, 1010, 2444, 2408, 2061, 4019, 1362, 2555, 3066, 1977, 5941, 1400, 1627, 2274, 1000, 2563, 3051, 2144, 417, 3070, 2791, 1992, 1220, 1531, 645, 3019, 2130, 1277, 3325, 1737, 4173, 3637, 1356, 2514, 1741, 5652, 1582, 3058, 2817, 1581, 9026, 2628, 1712, 5288, 1943, 1785, 1413, 1921, 1313, 1141, 2473, 2775, 1267, 5662, 2253, 2913, 3402, 2002, 3144)
(14, 56): Mean: 2324.804, median: 2003.0, std: 1400.026, percent: 2254.58, B: 120, W: 130, 
	(3151, 1359, 2002, 10227, 2778, 2623, 1380, 1872, 1048, 2301, 1728, 2065, 1253, 2500, 3494, 1287, 3761, 4043, 2074, 3250, 1812, 1201, 2013, 1320, 1928, 1872, 1244, 2675, 1770, 1684, 3686, 2946, 4099, 1327, 1001, 2123, 1856, 2013, 2286, 2026, 1147, 2493, 1795, 2100, 1186, 3491, 1475, 1240, 7805, 1990, 988, 1859, 1455, 376, 1646, 5382, 758, 826, 3564, 3218, 2106, 3880, 2939, 2179, 2823, 5063, 1865, 1087, 587, 2731, 1206, 4109, 2299, 2106, 1906, 2063, 1536, 1090, 2048, 1271, 1631, 997, 2641, 1323, 1495, 1405, 1359, 725, 1511, 1579, 1445, 1030, 2344, 1966, 5274, 3273, 1121, 1169, 2178, 922, 2431, 3392, 1457, 2894, 2499, 1796, 804, 549, 1704, 2997, 2656, 1317, 2202, 1084, 1031, 1863, 2075, 1662, 1136, 2709, 4870, 1944, 2359, 738, 2267, 1729, 2437, 1933, 1171, 2179, 1287, 2980, 1715, 6322, 1979, 1742, 4222, 1949, 2237, 2069, 2347, 6633, 2548, 1386, 2416, 2079, 3724, 2197, 3004, 3259, 1573, 3422, 1966, 2151, 1586, 924, 4049, 2744, 9145, 2377, 4027, 2198, 1791, 2180, 1050, 2646, 2628, 1977, 1872, 3197, 669, 2622, 845, 916, 1872, 1381, 1844, 1542, 1161, 4148, 4029, 1447, 1749, 1943, 2713, 1068, 980, 7597, 1960, 3850, 1952, 1735, 977, 2528, 2673, 2005, 3952, 1313, 3216, 3063, 1800, 5354, 1642, 1531, 2276, 1031, 2645, 2976, 2090, 337, 2913, 2482, 2170, 1359, 1385, 538, 3397, 2004, 1254, 3026, 1950, 3895, 3694, 1445, 3303, 1614, 5847, 1751, 3283, 2274, 1424, 7754, 3005, 1565, 5378, 1678, 1592, 1290, 1881, 1173, 1281, 2187, 2758, 1186, 4280, 2578, 3432, 3116, 2052, 2938)
(15, 57): Mean: 2269.272, median: 1932.0, std: 1476.476, percent: 2132.68, B: 152, W: 97, 
	(2964, 1232, 1700, 12309, 2274, 1843, 1248, 1574, 1193, 2491, 1639, 1990, 1102, 2237, 3053, 1341, 3500, 4197, 2089, 2940, 1322, 1040, 2107, 1115, 2020, 1901, 1209, 2377, 1914, 1933, 3476, 2512, 3424, 1356, 1006, 2278, 1607, 1745, 2362, 1991, 1049, 2695, 1524, 2235, 1339, 3401, 1296, 1194, 8968, 1879, 864, 1822, 1462, 453, 1685, 5776, 669, 722, 3727, 3246, 2064, 3759, 2641, 2073, 3663, 5111, 1861, 937, 590, 2488, 1275, 3870, 2504, 1712, 1760, 2005, 1307, 1055, 2106, 1171, 1370, 910, 3086, 1259, 1452, 1656, 1098, 639, 1426, 1673, 1417, 822, 2453, 1872, 4566, 2476, 1086, 1094, 1826, 953, 2286, 3492, 1298, 2834, 2218, 1714, 815, 419, 1708, 3347, 2452, 1136, 2465, 1302, 1135, 1820, 1800, 1830, 1039, 2109, 5055, 1937, 1891, 707, 2269, 1729, 2427, 1576, 1262, 2227, 1346, 2196, 1755, 6383, 2053, 1641, 3992, 1905, 2360, 2312, 2491, 5739, 2585, 1418, 2281, 2356, 4390, 1901, 3133, 2923, 1491, 3934, 1807, 2122, 1451, 735, 4150, 2578, 6836, 2048, 3720, 2179, 1893, 1897, 990, 2561, 2238, 2219, 1749, 2824, 639, 2544, 760, 938, 1953, 1562, 1725, 1424, 1020, 3625, 3201, 1745, 1775, 2011, 2518, 1076, 921, 9083, 1910, 3055, 2242, 1643, 801, 2908, 2397, 1978, 4025, 1371, 2786, 3172, 1675, 5044, 1583, 1450, 2419, 970, 2603, 3019, 2307, 354, 2357, 2776, 1931, 1129, 1462, 621, 3020, 2089, 1172, 2871, 2032, 3807, 3652, 1366, 2547, 1842, 6201, 1596, 2728, 2334, 1346, 8192, 2751, 1522, 6386, 1657, 1579, 1184, 1915, 1372, 1175, 2197, 2963, 1077, 5432, 2035, 3495, 2782, 2044, 2865)
(16, 59): Mean: 2298.884, median: 1929.0, std: 1479.573, percent: 2200.02, B: 106, W: 142, 
	(3199, 1377, 1721, 11750, 2556, 1881, 1133, 1771, 1130, 2554, 1702, 1744, 1117, 1880, 3226, 1266, 3582, 4701, 2405, 3254, 1562, 1036, 2235, 1228, 1946, 1987, 1047, 2477, 1665, 2048, 3366, 2415, 3459, 1430, 1008, 2228, 1736, 1658, 2588, 1869, 1039, 2508, 1484, 2478, 1143, 2780, 1462, 1136, 6859, 1925, 915, 2003, 1285, 472, 1853, 5758, 740, 677, 3183, 2833, 2510, 3738, 3267, 1965, 2669, 5366, 1753, 989, 751, 2379, 1169, 3871, 2402, 2003, 1735, 1996, 1276, 991, 1874, 1319, 1337, 954, 2881, 1206, 1494, 1630, 1187, 678, 1430, 1559, 1547, 910, 2298, 1967, 5933, 2960, 1131, 1196, 1976, 812, 2173, 3797, 1306, 3333, 2290, 1790, 867, 543, 1689, 3442, 2772, 1114, 2167, 1226, 1247, 1462, 1885, 1924, 1202, 2276, 4021, 1827, 2158, 765, 2364, 1843, 2659, 1576, 1113, 2230, 1325, 2370, 1655, 5800, 1874, 1582, 4414, 1637, 2535, 2031, 2578, 4948, 2531, 1905, 2338, 2255, 3804, 1855, 3360, 2701, 1710, 3140, 1994, 2037, 1510, 771, 4502, 2547, 9068, 2126, 3986, 2115, 1609, 1868, 967, 2892, 2452, 1841, 1652, 3058, 684, 2930, 809, 915, 1942, 1576, 1706, 1465, 1034, 3711, 4687, 1753, 1777, 1933, 2445, 987, 827, 9269, 1733, 3772, 1853, 1561, 801, 4905, 2600, 2213, 3738, 1237, 3068, 2449, 2014, 6193, 1474, 1464, 2645, 1080, 2566, 3134, 2473, 355, 2903, 2795, 2004, 1277, 1590, 456, 3246, 2129, 1231, 3246, 1839, 3194, 3114, 1369, 3216, 1702, 5804, 1617, 3055, 2431, 1513, 8225, 3171, 1726, 5940, 1700, 1625, 1317, 1821, 1208, 1185, 2013, 2595, 1116, 5303, 2207, 3227, 2710, 2199, 2941)
(18, 66): Mean: 2282.14, median: 1927.5, std: 1448.268, percent: 2181.16, B: 123, W: 126, 
	(3018, 1235, 1698, 11043, 3171, 1910, 1179, 1809, 1052, 2511, 1589, 1774, 1183, 1839, 3535, 1159, 3702, 4581, 1989, 3227, 1688, 1036, 2293, 1264, 2166, 1825, 1135, 2144, 1923, 1718, 3907, 2625, 3804, 1260, 997, 2328, 1930, 1724, 2679, 1965, 1080, 2724, 1493, 2124, 1372, 2657, 1415, 1192, 8269, 1813, 927, 1808, 1343, 415, 1660, 5455, 730, 795, 3724, 3159, 2099, 4461, 2689, 2169, 2775, 5513, 1960, 1045, 589, 2519, 1167, 3635, 2407, 1949, 1703, 2109, 1206, 1005, 1805, 1295, 1404, 945, 3083, 1211, 1405, 1618, 1228, 647, 1533, 1537, 1295, 937, 2312, 2085, 4463, 2799, 1259, 1003, 1883, 794, 2168, 3433, 1323, 2961, 2318, 1915, 803, 417, 1602, 3310, 2657, 1290, 2322, 1161, 1255, 1676, 2172, 2148, 1065, 2182, 3904, 1843, 2161, 578, 2147, 1896, 2501, 1871, 1077, 2244, 1426, 2376, 1751, 6682, 1925, 1592, 3969, 1795, 2373, 2078, 2577, 5642, 2210, 1742, 2470, 2223, 3470, 2024, 3534, 2713, 1625, 3867, 1791, 2159, 1558, 721, 4203, 2800, 8005, 2017, 3526, 2179, 1655, 2187, 923, 2717, 2306, 2064, 1734, 2959, 653, 2462, 757, 740, 1879, 1586, 1810, 1354, 1095, 3373, 3421, 1697, 1922, 1906, 3169, 1029, 910, 7978, 1837, 2951, 1845, 1410, 759, 2963, 2771, 2388, 3672, 1432, 3041, 2423, 1880, 6974, 1623, 1533, 2312, 1082, 2964, 2978, 2757, 317, 2760, 2338, 2154, 1102, 1649, 651, 3280, 2200, 1163, 3266, 1715, 4088, 3458, 1301, 3314, 1525, 6133, 1653, 2716, 2469, 1483, 9515, 3109, 1526, 4342, 1664, 1602, 1414, 1997, 1357, 1261, 1909, 2616, 1190, 4440, 2354, 3121, 2998, 1939, 2831)
(22, 85): Mean: 2257.328, median: 1927.5, std: 1400.942, percent: 2144.56, B: 120, W: 128, 
	(3206, 1168, 1556, 9382, 3003, 1988, 1201, 1689, 1083, 2054, 1610, 1811, 1212, 1980, 3790, 1225, 3108, 4159, 2020, 3184, 1761, 1037, 2225, 1139, 2093, 1881, 1217, 2699, 1818, 1966, 3683, 2221, 3275, 1358, 1007, 2394, 1594, 1951, 2422, 1800, 1179, 2359, 1604, 2184, 991, 2829, 1415, 1046, 8416, 1953, 985, 1986, 1227, 395, 1646, 5565, 820, 750, 3371, 2792, 2292, 3779, 3628, 1857, 2661, 5739, 1790, 949, 630, 2410, 1060, 3660, 2725, 1782, 1705, 2174, 1273, 1162, 1721, 1138, 1391, 997, 2924, 1256, 1420, 1537, 1265, 716, 1432, 1548, 1363, 873, 2292, 1900, 5558, 2765, 1165, 1017, 2158, 888, 2516, 3807, 1367, 2853, 2360, 1898, 833, 512, 1673, 3175, 2666, 1105, 2295, 1186, 1126, 1627, 1911, 2093, 1044, 2327, 4543, 1826, 2248, 739, 2292, 2021, 2323, 1658, 1171, 2077, 1330, 2624, 1626, 6223, 1869, 1539, 4355, 1909, 2509, 2104, 2501, 6239, 2422, 1792, 2333, 2078, 3637, 1768, 3272, 2742, 1575, 3343, 1783, 2098, 1566, 799, 4494, 2657, 8582, 1932, 3984, 2062, 1795, 2033, 941, 2880, 2306, 1839, 1650, 2960, 585, 2564, 827, 899, 1923, 1576, 1864, 1531, 1075, 3532, 3407, 1744, 1625, 1949, 2658, 1052, 929, 7984, 1922, 3037, 1854, 1495, 822, 3151, 2454, 1838, 3755, 1352, 3100, 2642, 1636, 4454, 1682, 1736, 2272, 980, 2639, 2901, 2398, 386, 3175, 2662, 2036, 1257, 1595, 545, 2963, 2015, 1166, 3053, 1655, 4007, 3118, 1393, 2757, 1620, 5635, 1762, 3025, 2360, 1375, 9115, 3093, 1593, 5188, 1681, 1528, 1323, 2003, 1169, 1227, 2159, 2687, 1162, 4499, 2318, 3342, 2637, 2007, 2691)
(23, 91): Mean: 2289.66, median: 1927.5, std: 1446.193, percent: 2212.68, B: 108, W: 142, 
	(3102, 1291, 1689, 11384, 3053, 2106, 1216, 1772, 1194, 2080, 1537, 1916, 1171, 2007, 3213, 1290, 3691, 4752, 2140, 3301, 1537, 1053, 2491, 1357, 2179, 1797, 1100, 2934, 1811, 1799, 3743, 2476, 3995, 1225, 1088, 2287, 1825, 1847, 2365, 1974, 1205, 2739, 1505, 2118, 1222, 3532, 1496, 945, 7534, 1860, 940, 1889, 1422, 475, 1678, 5083, 724, 784, 3942, 3096, 2243, 4360, 3133, 1838, 2551, 5918, 1881, 872, 603, 2395, 1209, 4442, 2361, 1896, 1784, 1914, 1450, 985, 1616, 1274, 1435, 939, 3031, 1206, 1477, 1494, 1159, 850, 1630, 1442, 1429, 796, 2576, 1959, 5881, 2877, 1163, 1067, 1928, 908, 2233, 3737, 1328, 2426, 2194, 1978, 846, 496, 1785, 3389, 2579, 1174, 2305, 1149, 1207, 1842, 1851, 1966, 1217, 2409, 4580, 1869, 2168, 719, 2580, 1855, 2375, 1492, 1172, 2519, 1364, 2369, 1569, 5680, 2110, 1791, 4457, 1927, 2334, 2232, 2385, 5515, 2526, 1385, 2403, 2349, 3731, 2122, 3389, 2762, 1593, 3306, 1895, 2164, 1547, 732, 3942, 2781, 8571, 1916, 3317, 2114, 1834, 1889, 1039, 3296, 2196, 1908, 1648, 2931, 659, 2950, 835, 886, 1946, 1414, 1782, 1586, 1062, 4238, 3488, 1470, 1735, 1897, 2760, 1109, 900, 7872, 1984, 3212, 2055, 1508, 863, 2797, 2166, 1986, 4162, 1324, 3270, 2799, 1739, 6891, 1662, 1423, 2349, 1010, 2460, 3350, 2067, 359, 2540, 2082, 1987, 1146, 1519, 635, 2893, 2244, 1224, 2811, 1781, 3653, 3323, 1397, 2819, 1780, 5851, 1789, 2521, 2117, 1301, 7855, 2924, 1713, 5908, 1637, 1546, 1415, 2024, 1233, 1225, 2308, 2862, 1138, 5238, 2095, 2764, 2930, 2074, 2680)
(27, 114): Mean: 2305.228, median: 1925.0, std: 1505.521, percent: 2149.08, B: 134, W: 114, 
	(2963, 1163, 1696, 10755, 2472, 1870, 1146, 1977, 1135, 2446, 1712, 1939, 1152, 2145, 3661, 1210, 4190, 4361, 2214, 2957, 1782, 1000, 2364, 1259, 2032, 1886, 1009, 2321, 1711, 2062, 3346, 2701, 4062, 1206, 983, 2190, 1634, 1832, 2349, 1945, 1135, 2732, 1575, 2247, 1198, 3100, 1350, 1011, 9486, 2011, 863, 1877, 1361, 423, 1489, 5171, 753, 899, 3743, 2775, 1905, 4060, 3003, 2036, 2977, 5817, 2147, 1009, 572, 2396, 1129, 4364, 2293, 1798, 1681, 2185, 1233, 1110, 1838, 1287, 1319, 996, 2900, 1215, 1520, 1577, 1410, 693, 1521, 1495, 1515, 938, 2582, 1886, 5065, 3052, 1239, 1090, 1774, 911, 2762, 3803, 1262, 2482, 2450, 1764, 913, 448, 1619, 3551, 2612, 1154, 2256, 1270, 1086, 1525, 1778, 2009, 1051, 2566, 4454, 1903, 1871, 612, 2311, 1675, 2363, 1626, 1206, 2476, 1254, 2679, 1589, 6067, 1867, 1563, 4708, 1798, 2797, 2255, 2324, 5946, 2559, 1821, 2371, 2454, 3578, 1889, 3212, 2662, 1536, 3396, 1879, 2043, 1512, 690, 3731, 2750, 7131, 2264, 3893, 1988, 2026, 1782, 985, 3094, 2173, 2291, 1758, 2737, 646, 2605, 808, 842, 1911, 1439, 1787, 1368, 1171, 4478, 3950, 1705, 2044, 1890, 2705, 959, 1012, 8368, 1792, 3122, 1899, 1484, 908, 2519, 2381, 2215, 3828, 1239, 2904, 2642, 1652, 7979, 1651, 1522, 2528, 991, 2984, 3450, 2034, 382, 3158, 2605, 1983, 1176, 1782, 500, 2974, 2192, 1248, 2847, 1960, 3314, 3048, 1409, 2487, 1729, 7376, 1594, 2657, 2289, 1377, 9348, 2737, 1713, 5666, 1694, 1557, 1454, 1905, 1231, 1273, 1942, 3260, 1201, 4958, 2192, 3128, 2930, 1946, 3188)
(28, 120): Mean: 2263.484, median: 1903.5, std: 1386.674, percent: 2153.5, B: 136, W: 114, 
	(2694, 1284, 1597, 10413, 2677, 2091, 1268, 1619, 985, 2349, 1730, 1895, 1261, 1914, 3517, 1115, 2934, 3862, 2024, 2887, 1668, 969, 2341, 1160, 2033, 1750, 1149, 2501, 1802, 1891, 3858, 2293, 3734, 1349, 1090, 2218, 1498, 1892, 2226, 2037, 1117, 2473, 1499, 2223, 1233, 3120, 1404, 1203, 8066, 2038, 906, 1938, 1360, 405, 1807, 5382, 706, 839, 3617, 3154, 2132, 3583, 3233, 1949, 2965, 5567, 1905, 942, 615, 2702, 1195, 4001, 2457, 1777, 1739, 2165, 1357, 1049, 1814, 1227, 1394, 936, 3139, 1250, 1502, 1481, 1451, 713, 1343, 1637, 1402, 856, 2658, 1821, 5169, 3119, 1085, 1035, 2074, 1036, 2246, 3430, 1368, 2992, 2349, 1661, 804, 437, 1745, 3849, 2645, 1166, 2130, 1239, 942, 1755, 1743, 1868, 998, 2273, 4536, 1925, 2236, 801, 2448, 1945, 2453, 1694, 1211, 1946, 1273, 2560, 1574, 5373, 1965, 1598, 3668, 1758, 2480, 2209, 2314, 5798, 2278, 1743, 2211, 2085, 3850, 1863, 3100, 2834, 1677, 3053, 1902, 2360, 1602, 708, 4179, 2529, 7826, 2289, 3630, 2280, 1900, 1697, 949, 2893, 2517, 1998, 1796, 2863, 655, 2396, 776, 931, 1782, 1450, 1788, 1570, 1123, 4089, 3995, 1601, 1767, 1837, 2841, 992, 900, 5970, 1857, 3015, 1854, 1483, 819, 2761, 2242, 2159, 3908, 1346, 3298, 2257, 1955, 6250, 1672, 1420, 2408, 965, 2921, 3014, 2448, 437, 2848, 2745, 1864, 1119, 1535, 603, 3023, 2321, 1192, 3245, 1775, 4016, 3545, 1412, 2952, 1779, 7209, 1605, 2509, 2536, 1284, 8473, 2817, 1681, 5081, 1804, 1697, 1409, 1881, 1161, 1215, 2178, 3002, 1196, 5422, 2078, 3355, 3074, 1888, 2833)
(31, 137): Mean: 2242.992, median: 1900.5, std: 1362.512, percent: 2141.42, B: 128, W: 122, 
	(3061, 1314, 1641, 11201, 3520, 1792, 1195, 1637, 979, 2744, 1619, 1767, 1231, 2066, 3626, 1192, 3137, 3888, 2283, 3055, 1620, 1153, 2120, 1220, 2036, 1871, 1010, 2600, 1733, 1802, 3616, 2594, 3751, 1192, 1133, 2152, 1528, 2189, 2196, 1944, 1118, 2443, 1502, 2145, 1232, 3137, 1425, 1075, 7767, 1841, 938, 1895, 1519, 403, 1729, 5356, 715, 878, 3475, 2808, 2337, 3968, 2755, 2111, 2988, 5414, 1921, 1016, 689, 2274, 1205, 4117, 2653, 1773, 1704, 2017, 1280, 992, 1994, 1191, 1494, 1011, 2673, 1131, 1400, 1676, 1327, 732, 1448, 1471, 1441, 907, 2547, 1800, 4929, 2992, 1149, 1015, 1986, 987, 2411, 3498, 1364, 2997, 2317, 1775, 942, 541, 1643, 3161, 2825, 1147, 2247, 1194, 1120, 1527, 1865, 1797, 1045, 2248, 4209, 1972, 1946, 741, 2429, 1838, 2579, 1682, 1226, 2134, 1524, 2601, 1721, 5685, 2171, 1537, 3794, 1770, 2569, 2127, 2303, 5415, 2070, 1527, 2234, 2300, 3460, 1972, 3258, 2768, 1540, 3088, 1629, 2124, 1426, 712, 4175, 3038, 6856, 1908, 3867, 1906, 1703, 1701, 1013, 2780, 2356, 2014, 1724, 3339, 567, 2831, 719, 871, 1811, 1492, 1736, 1347, 1181, 3344, 4317, 1747, 1780, 1858, 2504, 957, 878, 8562, 1893, 3024, 1798, 1676, 812, 2211, 2423, 2142, 4214, 1313, 2926, 2707, 1721, 5006, 1456, 1410, 2083, 995, 2562, 3280, 2482, 377, 2828, 2475, 1989, 1167, 1559, 655, 2906, 2184, 1079, 2847, 1820, 3831, 3180, 1575, 2702, 1736, 5547, 1576, 2572, 2181, 1593, 7193, 3054, 1597, 5261, 1692, 1494, 1385, 1888, 1202, 1228, 2163, 2747, 1256, 5109, 2738, 2980, 3122, 2207, 2968)
(34, 150): Mean: 2225.36, median: 1894.5, std: 1373.378, percent: 2148.58, B: 129, W: 121, 
	(3185, 1172, 1649, 10207, 2619, 2190, 1167, 1714, 1067, 2187, 1694, 1786, 1244, 1892, 3697, 1205, 3407, 4400, 2014, 3349, 1295, 942, 2076, 1097, 2235, 1705, 1116, 2587, 1781, 1693, 3476, 2720, 3419, 1309, 1134, 2501, 1470, 1767, 2113, 1958, 1156, 2833, 1312, 2229, 1082, 3025, 1391, 1135, 7679, 1876, 928, 1830, 1384, 344, 1607, 4774, 599, 885, 4739, 3217, 2157, 3493, 3010, 1756, 2434, 5161, 2149, 911, 711, 2242, 1074, 3895, 2615, 2095, 1508, 2094, 1442, 1069, 1841, 1319, 1449, 868, 3158, 1178, 1544, 1320, 1286, 632, 1306, 1590, 1356, 921, 2636, 1666, 4541, 2660, 1154, 1088, 1897, 866, 2087, 3583, 1265, 2879, 2319, 1557, 791, 569, 1737, 3103, 2709, 1056, 2332, 1133, 1037, 1572, 1651, 2107, 1004, 2589, 3877, 2127, 1866, 855, 2069, 1572, 2494, 1729, 1124, 2024, 1174, 2943, 1498, 5263, 2425, 1395, 4008, 1892, 2680, 2065, 2980, 5084, 2660, 1441, 2316, 2115, 4174, 2075, 3150, 2950, 1457, 3272, 1718, 2200, 1374, 733, 3656, 2670, 8121, 2377, 3665, 1887, 1787, 1866, 881, 3364, 2265, 2075, 2027, 2674, 645, 2660, 776, 817, 1886, 1469, 1623, 1364, 1006, 3835, 4131, 1767, 2015, 1514, 2745, 1017, 937, 8796, 1585, 3037, 1942, 1357, 825, 2394, 2209, 1964, 4335, 1341, 3000, 2729, 2081, 5943, 1517, 1547, 1994, 885, 2590, 2725, 1934, 411, 2750, 2474, 2122, 1211, 1555, 618, 2996, 2071, 1072, 3205, 1948, 3463, 3332, 1374, 2870, 1554, 4986, 1596, 2635, 2462, 1194, 7906, 3233, 1691, 5268, 1695, 1617, 1521, 1746, 1160, 1154, 1864, 2859, 1243, 4704, 2233, 2976, 2828, 1839, 2437)
(37, 165): Mean: 2186.584, median: 1833.0, std: 1389.02, percent: 2064.66, B: 136, W: 112, 
	(2545, 1350, 1723, 11363, 2967, 1889, 1126, 1730, 1040, 2143, 1658, 1807, 1067, 1945, 3843, 1337, 2945, 3968, 1838, 2918, 1412, 1056, 2351, 1148, 2001, 1596, 968, 2496, 1648, 1872, 3343, 2842, 2991, 1174, 991, 2230, 1489, 1825, 2439, 2107, 1061, 2401, 1618, 2454, 1305, 3012, 1370, 1213, 6794, 1828, 984, 1887, 1305, 363, 1653, 5827, 616, 683, 3284, 3143, 2400, 3709, 2780, 1957, 2788, 4587, 1863, 920, 618, 2639, 1101, 3835, 2476, 1904, 1717, 2241, 1308, 1022, 1773, 1131, 1293, 956, 2753, 1162, 1621, 1487, 1082, 672, 1418, 1527, 1310, 723, 2535, 2031, 5642, 2776, 1149, 1035, 1707, 818, 2161, 3976, 1351, 2723, 2352, 1539, 845, 430, 1513, 2907, 2744, 1153, 2178, 1134, 1063, 1634, 1745, 1797, 1026, 2469, 3994, 1787, 1972, 687, 2152, 1717, 2489, 1615, 1091, 2066, 1255, 2702, 1539, 5919, 2241, 1415, 3997, 1775, 2427, 2355, 2177, 4488, 2366, 1433, 2079, 2162, 3933, 1869, 3752, 2464, 1555, 3486, 1801, 1850, 1383, 726, 4011, 2621, 9012, 1896, 3508, 1981, 1586, 1699, 982, 3262, 2272, 1783, 1804, 3084, 638, 2314, 711, 817, 1935, 1536, 1772, 1424, 981, 3652, 4012, 1609, 1695, 1764, 2677, 1034, 824, 6935, 1616, 3106, 1924, 1363, 822, 2442, 2229, 2152, 3050, 1269, 3003, 2862, 1529, 4831, 1483, 1429, 2393, 920, 2357, 2578, 1746, 339, 2364, 2781, 1826, 1149, 1475, 492, 2778, 1847, 1251, 2874, 1928, 3308, 3323, 1333, 2646, 1685, 5629, 1648, 2850, 2428, 1292, 8707, 3006, 1616, 5481, 1816, 1617, 1214, 1697, 1256, 1088, 1981, 2689, 1125, 4900, 2007, 3136, 2981, 1685, 2556)
(42, 191): Mean: 2209.008, median: 1826.0, std: 1460.565, percent: 2138.88, B: 124, W: 126, 
	(2559, 1257, 1671, 10771, 3383, 2072, 1094, 1824, 1023, 2457, 1475, 1772, 1101, 2530, 3503, 1164, 3369, 4518, 2103, 3250, 1566, 830, 2063, 1165, 1851, 1723, 1075, 2367, 1690, 1582, 3131, 2865, 3809, 1183, 852, 2375, 1505, 1820, 2396, 2047, 1177, 2473, 1472, 2048, 1226, 2811, 1496, 1145, 6925, 1791, 815, 1675, 1171, 349, 1518, 5304, 620, 677, 4181, 2822, 2159, 3570, 2831, 2088, 2828, 4945, 1834, 900, 560, 2585, 1254, 4737, 2413, 1787, 1716, 2029, 1339, 1047, 1826, 1263, 1396, 921, 2593, 1327, 1447, 1396, 1166, 643, 1462, 1502, 1413, 810, 2398, 1793, 4807, 2981, 1092, 1084, 1786, 908, 2353, 3518, 1212, 3129, 2247, 1569, 833, 393, 1554, 3435, 2360, 1089, 2163, 1139, 1122, 1433, 1826, 1918, 986, 2253, 3640, 1659, 1950, 789, 1905, 1686, 2573, 1649, 1184, 2231, 1269, 2122, 1706, 5695, 1971, 1567, 4126, 1716, 2296, 2212, 2125, 6148, 2078, 1684, 2284, 2098, 3713, 1948, 2929, 2675, 1683, 3663, 1719, 2452, 1310, 792, 3607, 2513, 7451, 1976, 3195, 1986, 1607, 1536, 913, 2464, 2267, 1935, 1811, 2760, 655, 2338, 777, 701, 2071, 1448, 1795, 1389, 998, 3496, 3866, 1703, 1817, 1762, 2981, 953, 819, 11543, 1796, 2952, 1961, 1532, 810, 2465, 2145, 1914, 3907, 1240, 3167, 2894, 1633, 4117, 1527, 1554, 2584, 967, 2774, 3056, 1932, 362, 2002, 2390, 1760, 1099, 1402, 454, 2589, 2171, 1157, 2690, 1759, 3742, 3334, 1320, 3202, 1709, 6259, 1476, 2849, 2441, 1417, 8834, 3131, 1644, 5027, 1785, 1608, 1220, 1858, 1209, 1120, 1833, 2573, 1176, 5393, 2256, 3148, 3205, 1776, 2910)
(65, 326): Mean: 2158.18, median: 1821.5, std: 1293.858, percent: 2063.14, B: 128, W: 122, 
	(2852, 1226, 1704, 9622, 2616, 1734, 1096, 1629, 1002, 2320, 1518, 1764, 1121, 1873, 3016, 1192, 3108, 3584, 1760, 2718, 1426, 946, 2101, 1152, 1783, 1529, 1050, 2443, 1734, 1797, 3976, 2896, 3003, 1357, 1021, 2167, 1408, 1721, 2431, 1723, 1018, 2380, 1530, 2129, 1172, 2755, 1388, 973, 6636, 1684, 848, 1929, 1218, 372, 1710, 5572, 706, 691, 3894, 2941, 2077, 3559, 2955, 2032, 2841, 4683, 2087, 973, 607, 2035, 1181, 3900, 2575, 1572, 1736, 2315, 1276, 1059, 1666, 1203, 1398, 953, 2887, 1088, 1396, 1534, 1181, 660, 1382, 1547, 1213, 776, 2351, 1825, 5508, 2412, 1054, 1022, 2016, 1017, 2216, 3893, 1171, 2516, 2453, 1630, 792, 396, 1684, 3609, 2397, 1176, 2033, 1022, 1091, 1740, 1784, 1841, 924, 2210, 4008, 1561, 1836, 713, 2371, 1633, 2494, 1574, 1261, 2030, 1222, 2309, 1577, 5479, 2393, 1449, 3419, 1667, 2701, 1993, 2519, 4453, 2298, 1541, 2307, 2449, 4299, 1743, 2933, 2260, 1610, 3274, 1893, 1892, 1447, 718, 3992, 2738, 7517, 2122, 3505, 2184, 1567, 1674, 916, 2502, 2256, 1755, 1687, 3029, 663, 2230, 773, 735, 1881, 1500, 1836, 1465, 957, 3358, 3887, 1663, 1734, 2083, 3008, 890, 841, 7293, 1808, 3018, 2073, 1660, 771, 3111, 2561, 2044, 3946, 1180, 2907, 2614, 1494, 4618, 1490, 1291, 2279, 957, 2852, 2705, 1958, 309, 2395, 2329, 1929, 1267, 1434, 521, 2668, 1980, 1127, 3432, 1699, 3427, 3687, 1308, 2846, 1794, 5269, 1686, 2343, 2172, 1366, 7807, 3142, 1776, 5116, 1789, 1445, 1221, 1818, 1244, 1271, 1962, 2890, 1090, 4981, 2312, 3409, 2887, 2047, 2651)
(70, 356): Mean: 2154.328, median: 1816.5, std: 1308.033, percent: 2079.5, B: 121, W: 129, 
	(2693, 1310, 1614, 9727, 2661, 1957, 1212, 1732, 1119, 2112, 1707, 1842, 1119, 1745, 3476, 1206, 3847, 4033, 2099, 3016, 1532, 996, 2256, 1089, 2185, 1713, 1048, 2287, 1713, 1763, 3344, 2906, 3693, 1414, 1009, 2086, 1459, 1872, 2296, 1877, 1025, 2132, 1650, 2009, 1264, 2668, 1304, 1052, 7071, 1760, 804, 1860, 1282, 356, 1609, 4523, 666, 705, 3040, 2778, 2098, 3136, 2560, 1838, 2658, 4743, 2042, 863, 616, 2212, 1124, 3367, 2441, 1631, 1830, 2051, 1425, 1005, 1739, 1205, 1346, 890, 2735, 1097, 1555, 1608, 1215, 642, 1407, 1380, 1334, 859, 2226, 2015, 3796, 3165, 1109, 1089, 1676, 892, 2172, 3679, 1257, 2588, 2147, 1623, 722, 475, 1749, 3903, 2676, 1166, 2099, 1060, 1235, 1563, 1743, 1750, 1063, 2087, 4303, 1956, 1929, 719, 2136, 1814, 2548, 1610, 1312, 1985, 1187, 2379, 1574, 5915, 2300, 1555, 4601, 1730, 2521, 1940, 2433, 5526, 2517, 1631, 2316, 2151, 3478, 1753, 2838, 2851, 1500, 2792, 2054, 2199, 1443, 738, 3885, 2413, 8946, 2206, 3231, 1982, 1804, 1768, 1035, 2475, 2261, 1753, 1670, 3138, 589, 2779, 802, 729, 2113, 1490, 1576, 1316, 1042, 3427, 3404, 1553, 1712, 1694, 2567, 1011, 867, 8127, 1772, 3482, 1819, 1367, 836, 2377, 2616, 2031, 3277, 1319, 3065, 3200, 1613, 5032, 1442, 1547, 2144, 961, 2654, 3040, 1872, 339, 2141, 2765, 1766, 1134, 1442, 614, 2832, 2009, 1136, 3235, 1705, 3259, 3202, 1338, 2912, 1678, 5618, 1642, 2572, 2265, 1353, 6342, 2656, 1786, 5198, 1660, 1511, 1173, 1800, 1227, 1094, 1785, 2682, 1094, 4976, 1929, 3033, 2759, 1772, 2383)

Test:
No precond: Mean: 2497.244, median: 2230.5, std: 1214.669, percent: 2491.02, flag: 0 
	(950, 1877, 1941, 3744, 1247, 5987, 1591, 2381, 2752, 2719, 2593, 1137, 1253, 4091, 1708, 6313, 1086, 1351, 2778, 2363, 2458, 3768, 1766, 673, 2961, 2180, 1841, 2736, 5944, 3685, 3480, 2306, 2914, 2443, 1792, 2633, 2141, 4723, 964, 5409, 1415, 1365, 2197, 2119, 4040, 2732, 2921, 4361, 3014, 957, 2406, 2700, 1016, 2727, 1027, 2206, 4471, 5667, 1023, 2254, 1165, 1674, 3359, 1425, 1789, 2027, 2275, 3964, 2649, 2021, 4787, 1110, 2587, 2272, 1938, 2301, 5418, 2672, 1851, 975, 2245, 1659, 1756, 2166, 2142, 1639, 2126, 577, 1965, 3532, 3207, 1680, 1477, 2114, 2249, 1844, 6588, 3956, 3429, 1896, 2283, 2294, 1954, 1963, 5632, 2312, 1484, 5220, 3578, 1482, 1083, 1703, 2010, 1982, 2121, 1963, 1474, 3246, 3444, 1895, 1519, 1214, 1727, 3619, 2218, 2905, 1983, 1012, 3293, 1160, 4712, 3107, 2411, 2979, 3354, 1456, 2438, 1712, 1625, 2868, 1529, 2304, 1987, 1497, 3180, 721, 1195, 1917, 1328, 924, 3485, 814, 4130, 3147, 3932, 2682, 3182, 1594, 2130, 2582, 1685, 1483, 3374, 4695, 2891, 3307, 3968, 3869, 2384, 1420, 3376, 2724, 4297, 1429, 1424, 3804, 2088, 3379, 1458, 3026, 1638, 3871, 1794, 779, 5650, 893, 4333, 1585, 2784, 1212, 2860, 2502, 1756, 1301, 1700, 1520, 1457, 2108, 2847, 1731, 5055, 3275, 801, 1719, 2677, 3232, 2390, 1571, 1775, 1773, 5055, 2885, 1386, 2727, 1195, 3078, 5249, 2163, 1890, 1574, 3070, 1313, 3534, 2465, 1861, 6735, 3555, 3290, 1992, 2142, 4196, 414, 3297, 4340, 1567, 4321, 2878, 2612, 1249, 1405, 2994, 2379, 2402, 2623, 2127, 1920, 1607, 2076, 2243, 1334)

Jacobi: Mean: 2079.96, median: 1846.5, std: 1147.316, percent: 2054.8,, BvN: 230, WvN: 20, flag: 0 
	(743, 1369, 1195, 3231, 1009, 7387, 1727, 1614, 2239, 2554, 2275, 1024, 1025, 5804, 1392, 6411, 954, 1206, 2706, 1704, 2675, 2968, 1375, 575, 2623, 1668, 1803, 2268, 6098, 2546, 3110, 2118, 2038, 1593, 1423, 2732, 1976, 4085, 744, 6085, 1046, 1389, 1646, 1666, 2604, 1925, 2403, 3549, 2445, 862, 1575, 2241, 624, 2549, 759, 2428, 3182, 3671, 798, 1894, 1201, 1351, 2818, 1136, 1333, 1661, 1858, 4547, 1978, 1662, 3927, 766, 2296, 1997, 1257, 2321, 5079, 2090, 1426, 630, 1914, 1333, 1370, 1692, 1945, 1182, 1937, 385, 1552, 2907, 2769, 1315, 1330, 1709, 1746, 1488, 4297, 3849, 2967, 1630, 1962, 1618, 1884, 1519, 5188, 1964, 1223, 4390, 2857, 998, 753, 1422, 1762, 1366, 1818, 1835, 1100, 2322, 2520, 1718, 1195, 883, 1435, 2633, 2034, 2510, 1484, 787, 2648, 793, 4577, 2329, 1947, 2536, 2555, 1334, 1899, 1378, 1208, 1982, 1252, 1917, 1642, 1197, 3899, 524, 828, 1798, 948, 724, 3138, 538, 4350, 2747, 3355, 2293, 2085, 1131, 1862, 1436, 1299, 851, 2879, 3337, 2748, 2963, 2972, 3018, 2269, 1145, 3289, 1992, 3374, 1441, 1136, 3043, 1875, 2666, 1316, 2061, 1284, 3206, 1368, 568, 4790, 833, 2808, 1211, 3047, 830, 2581, 1833, 1583, 963, 1240, 1198, 1172, 1538, 2347, 1539, 3445, 2356, 499, 1474, 2228, 2595, 1739, 1293, 1298, 1665, 3433, 2055, 1090, 2758, 995, 2370, 5143, 1586, 1301, 1222, 2737, 994, 3193, 1869, 1662, 4635, 2344, 2330, 1485, 2023, 3689, 325, 4013, 2987, 1247, 4158, 2050, 1719, 893, 877, 2201, 2069, 2307, 1994, 1959, 1607, 1329, 1677, 2358, 1092)

Last: Mean: 2106.864, median: 1812.5, std: 1183.414, percent: 2099.82, BvN: 225, WvN: 24, BvJ: 119, WvJ: 130, flag: 0 
	(750, 1213, 1305, 3161, 958, 4747, 1377, 1548, 2521, 2275, 2517, 1095, 981, 4606, 1315, 7148, 967, 1206, 2699, 2011, 2356, 3386, 1401, 628, 2678, 1794, 1563, 2412, 5845, 2903, 3625, 2280, 1987, 1932, 1367, 2527, 1853, 4880, 809, 7687, 987, 1405, 1643, 1752, 2731, 1816, 2364, 3643, 2192, 744, 1501, 2623, 700, 2611, 810, 2156, 3565, 4647, 724, 2156, 1127, 1199, 2572, 1109, 1553, 2255, 2103, 4903, 1903, 1425, 3885, 868, 2422, 1897, 1298, 2371, 5500, 2290, 1368, 651, 1866, 1150, 1413, 2038, 1719, 1227, 1588, 412, 1579, 3768, 2798, 1260, 1361, 1392, 1793, 1573, 5168, 3637, 3392, 1497, 2267, 1780, 1771, 1425, 5167, 1859, 1247, 4994, 3122, 1336, 821, 1466, 1736, 1434, 1685, 1963, 1076, 2453, 2929, 1942, 1297, 815, 1577, 2690, 1985, 2214, 1592, 701, 2408, 743, 4371, 2600, 1635, 2686, 2314, 1327, 2048, 1411, 1183, 2229, 1103, 1754, 1697, 1283, 3922, 609, 769, 1750, 951, 684, 2901, 519, 4076, 3187, 2960, 2173, 1968, 1100, 1514, 1385, 1471, 929, 2472, 3199, 2659, 2658, 2848, 2761, 2035, 1245, 3072, 2003, 3465, 1332, 1082, 3422, 1809, 2444, 1489, 1940, 1078, 3108, 1835, 646, 4520, 757, 3194, 1061, 3085, 903, 2548, 1786, 1590, 944, 1331, 1222, 1315, 1495, 2506, 1519, 3383, 2347, 511, 1291, 2471, 2625, 1763, 1234, 1351, 1700, 4109, 1963, 1050, 2425, 1186, 2412, 5440, 1666, 1252, 1468, 2808, 978, 3567, 2255, 1775, 4448, 2497, 2390, 1290, 2171, 3478, 366, 4244, 3099, 1224, 4523, 1970, 1936, 777, 927, 2304, 1953, 1769, 1997, 2180, 1479, 1358, 1644, 2884, 983)

[-0.01872756 -0.04073013 -0.03616966 -0.00628037 -0.039815   -0.01873154
 -0.03096707 -0.01603473  0.00042302 -0.03190951]

16/03/2026, 14:48:09
Config file: ./config/config_median_0_True.ini
Data:
	1d_laplace_size: 45
	amount: 250
	params: 1 0.3
	seed: 0
	dim: 2025
Solver:
	tol: 1e-10
	max_iteration: None
Learn:
	iteration_count: 100
	step_range: 0.1
	method: median
	seed: 0
	scale: 1 0.5 0.25
	allow_disimprovement: True
Precondition:
	num_coef: 10
	type: par_shift_jacobi

Train:
(0, 1): Mean: 2856.088, median: 2517.0, std: 1771.024, percent: 2663.9, B: 250, W: 0, 
	(4190, 1649, 2034, 13535, 3780, 2699, 1571, 2336, 1555, 2898, 1924, 2840, 1572, 3072, 4725, 1310, 4418, 5027, 3026, 3550, 1941, 1196, 2311, 1332, 2461, 2702, 1434, 2831, 2418, 2376, 3535, 3016, 3716, 1529, 1265, 2625, 1920, 2130, 2647, 2582, 1492, 3188, 1840, 2506, 2127, 3200, 1853, 1296, 9939, 2603, 1345, 2264, 1489, 552, 1903, 6811, 932, 1046, 4807, 3500, 2920, 4258, 3314, 2878, 3075, 7059, 2527, 1139, 878, 2851, 1625, 4957, 2703, 2358, 1855, 2760, 1404, 1457, 2543, 1650, 1801, 1177, 3554, 1514, 2058, 1896, 1499, 808, 1820, 2142, 1780, 1290, 2892, 2352, 5070, 4062, 1430, 1432, 2412, 1139, 2804, 3979, 1700, 3279, 2851, 2623, 1047, 627, 2190, 4240, 3555, 1725, 2762, 1595, 1295, 1889, 2614, 2462, 1449, 2806, 5838, 2238, 2842, 1009, 3597, 2118, 3757, 2335, 1506, 2898, 1591, 3051, 2238, 7085, 2589, 2067, 4415, 2503, 2624, 2384, 3498, 7326, 3274, 1908, 2812, 2810, 4304, 2662, 4505, 3754, 1882, 3235, 2215, 3102, 1878, 1218, 4970, 2980, 10328, 2647, 4985, 3415, 2169, 2236, 1320, 3751, 3364, 2507, 2162, 4278, 703, 2990, 982, 1263, 2835, 1824, 2833, 1588, 1320, 4941, 5280, 1859, 2228, 2259, 3765, 1515, 1292, 10750, 2386, 3973, 2262, 2249, 1107, 3303, 2623, 2829, 3777, 1773, 3734, 3871, 2248, 5990, 1822, 1865, 3490, 1253, 3043, 3344, 2740, 531, 3437, 3105, 2582, 1631, 1746, 1028, 3969, 2531, 1588, 3452, 2137, 5606, 4530, 1925, 3840, 2335, 7941, 1899, 3494, 2792, 1838, 11293, 3828, 2160, 7802, 2235, 2044, 2015, 2334, 1346, 1407, 2725, 3729, 1701, 6025, 2819, 4410, 3612, 3107, 3202)
(1, 2): Mean: 2905.796, median: 2532.0, std: 1755.659, percent: 2725.9, B: 117, W: 133, 
	(4803, 1749, 2038, 11503, 3542, 2474, 1895, 2206, 1420, 3166, 1879, 2680, 1430, 2878, 4946, 1356, 4887, 6892, 2651, 3753, 2227, 1184, 2597, 1462, 2262, 2219, 1311, 2911, 2198, 2658, 4300, 3275, 4096, 1409, 1389, 2553, 1870, 2521, 2688, 2974, 1422, 3558, 1809, 2706, 1962, 3793, 1709, 1368, 9847, 2632, 1320, 2379, 1940, 559, 2463, 5848, 817, 1209, 4927, 3850, 2532, 4969, 3354, 3320, 3653, 8058, 2343, 1154, 839, 3238, 1569, 4798, 3254, 2340, 1967, 2848, 1445, 1413, 2768, 1468, 1843, 1216, 4015, 1570, 2002, 1862, 1580, 1093, 2106, 1887, 1934, 1152, 2938, 2332, 5392, 3670, 1516, 1378, 2477, 1113, 3056, 4522, 1885, 3061, 2859, 2237, 969, 698, 2234, 4682, 3346, 1501, 2653, 1498, 1312, 2003, 2337, 2483, 1567, 2939, 5510, 2516, 3005, 887, 3167, 2146, 3110, 2388, 1478, 2758, 1918, 3541, 2048, 7289, 2749, 2115, 5139, 2748, 3112, 2894, 3357, 8002, 3189, 1771, 3177, 2995, 4820, 2532, 5181, 3658, 2206, 4233, 2211, 2849, 2055, 1085, 5493, 3739, 9585, 2598, 5210, 3591, 1960, 2403, 1166, 3973, 3742, 2440, 2259, 3730, 782, 3149, 978, 1212, 2694, 1754, 2303, 1772, 1330, 4609, 5124, 1921, 2213, 2185, 3220, 1474, 1180, 10618, 2334, 3232, 2625, 2219, 1166, 3621, 2961, 2592, 4663, 1911, 3867, 3674, 2318, 5113, 1994, 1810, 2770, 1246, 3362, 3630, 2987, 481, 3111, 3812, 2594, 1563, 1819, 861, 3642, 2787, 1547, 3982, 2450, 5559, 4401, 1576, 3143, 2340, 6979, 1989, 3414, 3433, 1789, 11264, 3474, 2188, 8767, 2418, 1948, 1662, 2571, 1556, 1531, 3066, 3673, 1620, 5800, 2744, 3765, 4361, 2787, 3023)
(2, 3): Mean: 2799.628, median: 2407.5, std: 1827.363, percent: 2582.98, B: 166, W: 84, 
	(3525, 1649, 1986, 14680, 3011, 2408, 1643, 2110, 1248, 2503, 1914, 2719, 1459, 2664, 4613, 1442, 5113, 5039, 2856, 3738, 2159, 1092, 2675, 1363, 2494, 2608, 1371, 3694, 2218, 2195, 4109, 3202, 4148, 1477, 1181, 2313, 1789, 2653, 2966, 3009, 1327, 2905, 1654, 2724, 1772, 3450, 1899, 1141, 10874, 2648, 1251, 2461, 1659, 606, 2116, 6109, 930, 1086, 4183, 3618, 2782, 5487, 3970, 2549, 3389, 6163, 2236, 1100, 771, 2865, 1418, 4533, 3026, 2376, 2110, 2619, 1645, 1267, 2489, 1340, 2008, 1180, 3818, 1244, 1761, 1947, 1348, 883, 1732, 2204, 1616, 1220, 2703, 2402, 5770, 3322, 1490, 1210, 2702, 1172, 3040, 5563, 1921, 3398, 2750, 2108, 1058, 468, 2155, 4762, 3745, 1487, 2372, 1427, 1275, 1788, 2079, 2571, 1548, 3346, 5252, 2220, 3033, 824, 3463, 1962, 3232, 1918, 1439, 3068, 1571, 2957, 1892, 7590, 2592, 1822, 4751, 2102, 3034, 2550, 2861, 6254, 3418, 1601, 3486, 2859, 4300, 2175, 4229, 3363, 1916, 3676, 2185, 3067, 1690, 1050, 4851, 2912, 10159, 2897, 4018, 3481, 1956, 2188, 1238, 3263, 3771, 2322, 2250, 3270, 725, 3247, 937, 986, 2407, 1641, 2544, 1847, 1426, 4760, 5663, 2593, 1919, 2222, 3161, 1422, 1424, 9856, 2370, 3294, 2621, 2240, 1024, 3208, 2918, 2386, 4457, 1638, 3466, 3478, 2201, 7184, 1760, 1830, 2958, 1140, 2590, 3286, 2680, 461, 3548, 3809, 2149, 1612, 1721, 785, 3684, 2431, 1396, 3441, 2319, 4552, 4540, 1666, 3185, 2144, 6853, 1979, 2941, 3052, 2049, 13227, 3439, 1987, 6617, 1972, 1897, 1620, 2315, 1460, 1471, 2424, 3120, 1539, 5668, 2572, 3503, 3518, 2325, 3252)
(3, 9): Mean: 2790.448, median: 2409.0, std: 1718.932, percent: 2594.3, B: 115, W: 135, 
	(3380, 1811, 2070, 13275, 3183, 2186, 1757, 2279, 1625, 3404, 1898, 2430, 1571, 2912, 3924, 1414, 4666, 5117, 2822, 4096, 1843, 1269, 2662, 1412, 1995, 2347, 1535, 3186, 2124, 2144, 3879, 3013, 3895, 1353, 1212, 2655, 1798, 2440, 2702, 2884, 1511, 3116, 1728, 2780, 2003, 3379, 1637, 1330, 11293, 2700, 1396, 2532, 1634, 529, 2401, 6488, 981, 1020, 4480, 3703, 2293, 4992, 3137, 2833, 3465, 6341, 2498, 1080, 824, 3503, 1497, 3573, 3415, 2122, 2111, 2357, 1823, 1401, 2278, 1441, 1613, 1193, 3948, 1411, 1846, 2118, 1482, 901, 1958, 2038, 1612, 1156, 2503, 2381, 6339, 3201, 1310, 1369, 2951, 1066, 2856, 3846, 1618, 3110, 2567, 2026, 1132, 605, 2652, 4239, 2982, 1675, 2736, 1486, 1378, 1840, 2156, 2724, 1493, 2644, 4944, 2253, 2909, 973, 3060, 1909, 3515, 2244, 1360, 2663, 1639, 3022, 2292, 7629, 2855, 2013, 4628, 2367, 2826, 2652, 2729, 6406, 3493, 1640, 2776, 2636, 5121, 2366, 3907, 3219, 1872, 3813, 1954, 3222, 1649, 1044, 4604, 3490, 9002, 2925, 5422, 2685, 2179, 2255, 1113, 2959, 3492, 2369, 2327, 3350, 814, 2978, 912, 1024, 2622, 1681, 2374, 1869, 1417, 5011, 5901, 2160, 2372, 1940, 3778, 1433, 1284, 9891, 2446, 3754, 2578, 1946, 1249, 2957, 2898, 2374, 4630, 1591, 3733, 2998, 1881, 5535, 1734, 1764, 3601, 1281, 3146, 3210, 2871, 428, 3775, 3504, 2388, 1996, 1811, 720, 3712, 2417, 1389, 3685, 2663, 4751, 4704, 1760, 3392, 2278, 7742, 1942, 3438, 2883, 1902, 10132, 3689, 2218, 7461, 2110, 1913, 1479, 2299, 1351, 1380, 2804, 3065, 1422, 5645, 2566, 4031, 3486, 2427, 3490)
(4, 12): Mean: 2810.744, median: 2367.5, std: 1775.597, percent: 2702.16, B: 128, W: 121, 
	(3902, 1519, 1971, 13355, 2932, 2354, 1730, 1911, 1529, 2956, 2080, 2205, 1391, 3107, 4421, 1419, 4190, 5250, 2594, 4164, 1853, 1205, 2791, 1313, 2450, 2561, 1441, 3212, 2102, 2263, 4110, 3355, 4754, 1447, 1185, 2751, 1930, 2336, 2777, 2722, 1419, 2973, 1900, 2865, 1683, 3951, 1797, 1471, 11236, 2938, 1341, 2360, 1812, 468, 1921, 6723, 900, 964, 4491, 3827, 2715, 4855, 3434, 2858, 3199, 6845, 2242, 1040, 825, 3581, 1429, 4007, 3090, 2074, 1992, 2405, 1445, 1374, 2762, 1383, 1809, 1152, 2985, 1592, 1978, 1989, 1485, 753, 1947, 1907, 1554, 1006, 3188, 2314, 7422, 3401, 1604, 1358, 2589, 1143, 2697, 4729, 1814, 3105, 2570, 2008, 1208, 597, 2065, 4648, 3616, 1662, 2198, 1441, 1300, 1947, 2442, 2175, 1476, 2593, 4814, 2044, 3102, 850, 3151, 1910, 3198, 1916, 1480, 3448, 1795, 3299, 2142, 6763, 2529, 1858, 4347, 2313, 2888, 2544, 3063, 6514, 2729, 1681, 3117, 2692, 5169, 2264, 4570, 3504, 1829, 3782, 2076, 2353, 1577, 1096, 4334, 3574, 9676, 3714, 5025, 3282, 2314, 2214, 1155, 4085, 3540, 2780, 2159, 3782, 711, 3037, 915, 1190, 2507, 1782, 2426, 1711, 1472, 4122, 4541, 1805, 2056, 2095, 3581, 1365, 1308, 9916, 2446, 3273, 2361, 1807, 1140, 2928, 3158, 2144, 4574, 1567, 3722, 3892, 4027, 6345, 1926, 2018, 3040, 1099, 2778, 3202, 2330, 466, 4785, 3199, 2374, 1709, 1941, 1012, 3156, 2613, 1434, 4201, 2285, 5062, 4108, 1759, 3517, 2037, 7497, 1908, 3257, 2955, 1823, 11797, 3478, 2120, 6750, 2191, 1925, 1466, 2397, 1341, 1436, 2802, 3295, 1493, 5598, 2933, 3703, 3589, 2454, 2862)
(5, 15): Mean: 2786.392, median: 2367.5, std: 1748.286, percent: 2668.72, B: 131, W: 118, 
	(4393, 1611, 2075, 12057, 2832, 2271, 1511, 2030, 1370, 3336, 1691, 2423, 1590, 3163, 4469, 1471, 3854, 5584, 2512, 3633, 2013, 1335, 2643, 1371, 2193, 2559, 1376, 3118, 2497, 2490, 4466, 3035, 4075, 1561, 1252, 2356, 1836, 2299, 2818, 2847, 1340, 2688, 1664, 2710, 1402, 3515, 1888, 1292, 12866, 2626, 1312, 2528, 1600, 515, 2146, 6496, 835, 1083, 4666, 3819, 2508, 4123, 3971, 2546, 2843, 6505, 2461, 1173, 825, 3064, 1396, 3937, 2925, 2372, 1935, 2708, 1679, 1432, 2198, 1347, 1552, 1073, 4206, 1602, 1731, 1949, 1595, 850, 1857, 1732, 1861, 1085, 2810, 2284, 6247, 2869, 1412, 1253, 2456, 1277, 3172, 4272, 1620, 3371, 2597, 2300, 1095, 713, 2137, 4618, 3117, 1722, 2540, 1564, 1378, 2102, 2053, 2202, 1359, 2819, 5485, 2264, 3027, 926, 2812, 2170, 3115, 2034, 1504, 2728, 1627, 3560, 2027, 6596, 2650, 2300, 4704, 2202, 2741, 2817, 2916, 7143, 3138, 1791, 3286, 2613, 5189, 2371, 3916, 3381, 1758, 4389, 2060, 2798, 1717, 1145, 5142, 3047, 9585, 3013, 5049, 2949, 1949, 2234, 1197, 3810, 3418, 2790, 1916, 3066, 853, 2975, 914, 1132, 2314, 1789, 2358, 1595, 1404, 4016, 5655, 2280, 1942, 1987, 3698, 1346, 1649, 9192, 2443, 4265, 2266, 1839, 1197, 3404, 2833, 2179, 4111, 1565, 3562, 4224, 2098, 5707, 1800, 1873, 3588, 1258, 2835, 3115, 2991, 542, 4031, 3132, 2577, 1636, 1852, 693, 3391, 2432, 1478, 3485, 2364, 5045, 3599, 1930, 3513, 2096, 7175, 2101, 2578, 2874, 1856, 10899, 3183, 2265, 8432, 2146, 2043, 1537, 2089, 1640, 1474, 2345, 3307, 1501, 5801, 2934, 3469, 3756, 2334, 3339)
(6, 17): Mean: 2754.14, median: 2361.0, std: 1742.61, percent: 2571.54, B: 134, W: 116, 
	(3814, 1446, 2084, 13094, 2997, 2313, 1700, 2252, 1469, 2596, 1932, 2174, 1530, 2630, 5338, 1360, 4509, 5878, 2630, 3487, 1899, 1189, 2967, 1390, 2428, 2342, 1294, 2683, 2328, 2370, 4313, 3120, 4256, 1284, 1358, 2529, 1876, 2008, 2919, 2562, 1459, 2986, 1746, 2758, 1694, 3538, 1622, 1365, 9079, 2605, 1247, 2579, 1730, 417, 2161, 7282, 900, 1043, 4313, 3123, 2737, 4838, 4032, 2453, 3495, 5813, 2352, 1191, 896, 3215, 1511, 5062, 2561, 2189, 1851, 2384, 1531, 1434, 2196, 1595, 1597, 1134, 4373, 1328, 1652, 1877, 1559, 864, 1609, 1723, 1685, 1092, 3244, 2190, 5962, 3455, 1514, 1247, 2546, 1014, 3148, 5262, 1668, 3567, 2153, 2727, 935, 388, 2301, 4456, 3760, 1386, 2659, 1419, 1346, 1694, 2268, 2133, 1515, 2805, 4873, 2157, 2763, 795, 3047, 2005, 2771, 1946, 1565, 2579, 1603, 3138, 1741, 7721, 2305, 1942, 4213, 2378, 2796, 2811, 2985, 6934, 2849, 1750, 2896, 2738, 4245, 2511, 3449, 3470, 1808, 3575, 2164, 2665, 1682, 909, 4762, 3237, 9429, 3323, 4220, 3039, 1848, 2298, 1059, 3687, 3561, 2577, 2440, 3563, 746, 3646, 978, 1060, 2489, 1916, 2695, 1711, 1386, 3646, 5030, 1849, 2100, 2079, 3480, 1401, 1172, 10464, 2152, 3417, 2454, 1921, 1110, 3672, 2914, 2702, 4137, 1895, 3284, 3349, 2001, 6134, 1703, 1703, 2997, 1113, 2935, 3355, 2201, 562, 3265, 2933, 2537, 1630, 1683, 593, 3577, 2633, 1481, 3331, 2205, 4773, 4777, 1796, 3170, 2065, 6975, 2001, 3047, 2891, 1741, 11661, 3420, 1959, 7832, 2020, 1827, 1536, 2182, 1667, 1375, 2350, 3775, 1608, 5594, 2523, 3686, 3898, 2238, 3313)
(9, 31): Mean: 2759.584, median: 2310.5, std: 1888.857, percent: 2557.52, B: 143, W: 107, 
	(4323, 1708, 2024, 16041, 2843, 2172, 1553, 2040, 1474, 2876, 1759, 2241, 1494, 2514, 4539, 1257, 4508, 5662, 2739, 3319, 2094, 1284, 2588, 1365, 2108, 2203, 1256, 2576, 2242, 2249, 4031, 3005, 4315, 1386, 1303, 2290, 1954, 2663, 2793, 2716, 1306, 2989, 1818, 2643, 1653, 3383, 1801, 1336, 12857, 2224, 1137, 2544, 1673, 458, 2108, 7466, 865, 1097, 5250, 3681, 3086, 4499, 3317, 2447, 3135, 7171, 2551, 1134, 712, 2891, 1439, 4136, 2639, 2061, 1949, 2425, 1514, 1236, 2167, 1521, 1609, 1120, 4045, 1509, 1694, 1787, 1375, 906, 1779, 1806, 1687, 1001, 3075, 2378, 5960, 3254, 1371, 1474, 2453, 1111, 2429, 4135, 1638, 3144, 2517, 2348, 992, 597, 2290, 3759, 3406, 1416, 2435, 1371, 1281, 1786, 2260, 2521, 1408, 2755, 4453, 2279, 2939, 1001, 2835, 2070, 3204, 1918, 1488, 2968, 1511, 3145, 2255, 7067, 2279, 2038, 4963, 2310, 2586, 2757, 3071, 6708, 3549, 1789, 3149, 2628, 5284, 2488, 3723, 3500, 1812, 3715, 2137, 2373, 1656, 1107, 4421, 3538, 10061, 3207, 4765, 2634, 2102, 2622, 1242, 3530, 2727, 2826, 2081, 3403, 752, 3111, 959, 1073, 2311, 1735, 2205, 1701, 1359, 3946, 4869, 1768, 1955, 2265, 3219, 1431, 1236, 11449, 2018, 3424, 2668, 2121, 1038, 2751, 2927, 2249, 5063, 1811, 3473, 3750, 2142, 6237, 1775, 1656, 3166, 1152, 2742, 3131, 2222, 524, 3122, 2882, 2729, 1724, 2028, 673, 3255, 2434, 1553, 3275, 2156, 4742, 4653, 1644, 3109, 1922, 8330, 1904, 3184, 3194, 1721, 10676, 3068, 1927, 6247, 1990, 1854, 1544, 2047, 1371, 1487, 2618, 3187, 1604, 5343, 2648, 4012, 3356, 2450, 3227)
(16, 71): Mean: 2692.488, median: 2286.5, std: 1686.61, percent: 2582.52, B: 138, W: 111, 
	(3597, 1555, 1881, 13109, 3688, 2362, 1574, 1905, 1417, 2943, 1768, 2585, 1326, 2404, 4269, 1522, 4004, 5534, 2449, 3722, 1964, 1101, 2389, 1210, 2108, 2495, 1390, 3351, 2005, 2278, 3967, 3708, 4337, 1297, 1151, 2459, 1789, 2175, 2807, 2442, 1459, 2594, 1813, 3165, 1300, 4070, 1840, 1197, 8200, 2554, 1231, 2235, 1510, 457, 1871, 6571, 838, 866, 4847, 3481, 2346, 4075, 3456, 2242, 3309, 6981, 2262, 1159, 709, 3103, 1481, 3839, 2597, 2219, 1830, 2282, 1648, 1326, 1978, 1530, 1649, 1032, 3956, 1399, 1677, 1881, 1398, 833, 1815, 1748, 1706, 1034, 2893, 2113, 6515, 3331, 1413, 1297, 2532, 1004, 3111, 4432, 1810, 3370, 2665, 2303, 962, 660, 2027, 4069, 3551, 1388, 2550, 1473, 1422, 2331, 2147, 2152, 1282, 2665, 4652, 1914, 2988, 859, 2935, 1895, 3106, 2099, 1487, 3084, 1736, 2876, 2147, 6843, 3044, 1599, 4991, 2406, 3085, 2630, 2566, 6896, 2646, 1714, 2846, 3000, 4629, 2402, 3804, 3337, 1828, 4059, 2146, 2475, 1692, 1236, 4709, 3159, 9282, 3711, 4246, 2898, 1803, 2261, 1091, 3751, 3732, 2383, 2148, 3107, 762, 2800, 968, 921, 2291, 1754, 2110, 1566, 1195, 3939, 5170, 2199, 1965, 1778, 3759, 1363, 1400, 9786, 2127, 2948, 2482, 1984, 1018, 3073, 2838, 2276, 4336, 1839, 3978, 3283, 1931, 4671, 1857, 1596, 2646, 1155, 2711, 3281, 2229, 419, 3208, 3091, 2584, 1649, 1670, 879, 3159, 2418, 1264, 3623, 2255, 4498, 4052, 1528, 3064, 1905, 7006, 1821, 3040, 2655, 1704, 11385, 3852, 2231, 7380, 1906, 1779, 1587, 2189, 1361, 1412, 2543, 3511, 1371, 5557, 2765, 3480, 3705, 2591, 3003)
(19, 89): Mean: 2679.248, median: 2283.5, std: 1653.957, percent: 2544.14, B: 123, W: 127, 
	(3271, 1624, 1930, 11904, 2907, 2115, 1462, 2209, 1524, 3037, 1599, 2465, 1538, 2701, 4222, 1402, 4436, 5216, 2501, 3550, 1845, 1251, 2358, 1299, 2416, 2213, 1401, 3001, 2074, 2183, 4039, 3482, 4409, 1302, 1209, 2473, 1926, 2704, 2687, 2770, 1225, 2931, 1909, 2551, 1451, 3674, 1693, 1335, 7734, 2623, 1275, 2493, 1634, 427, 1828, 6531, 918, 960, 4419, 3473, 2480, 4832, 3379, 2496, 2993, 6527, 2364, 1117, 826, 3501, 1403, 3784, 2640, 2231, 1900, 2327, 1446, 1310, 2158, 1560, 1570, 1111, 3898, 1366, 1675, 1821, 1451, 826, 1933, 1775, 1812, 1165, 3339, 2212, 5739, 2892, 1613, 1311, 2264, 1065, 3110, 4077, 1703, 3009, 2708, 2297, 978, 764, 2205, 4692, 3515, 1411, 2711, 1406, 1265, 1711, 2260, 2226, 1169, 2627, 5074, 2388, 2546, 805, 2635, 1816, 2894, 1985, 1366, 2802, 1796, 2823, 1907, 5682, 2488, 1743, 5000, 2267, 2830, 2364, 2694, 6065, 2815, 1669, 3065, 2594, 5095, 2255, 3807, 3003, 1773, 3909, 2182, 2227, 1687, 1136, 5038, 3066, 8138, 3519, 4001, 2842, 1826, 2270, 1014, 3684, 3150, 2434, 2007, 3277, 807, 2767, 925, 868, 2307, 1727, 2221, 1615, 1142, 3897, 4807, 1864, 2222, 2047, 3395, 1493, 1246, 10718, 2464, 3360, 2560, 1807, 1041, 3603, 2876, 2170, 4759, 1740, 3734, 3623, 1949, 6133, 1637, 1811, 2901, 1189, 2859, 2932, 2058, 407, 3110, 3031, 2212, 1688, 1687, 660, 3161, 2683, 1229, 3357, 2204, 5765, 4038, 1596, 3102, 2109, 7539, 1876, 3325, 2758, 1859, 12077, 3184, 2013, 7362, 1978, 1954, 1656, 2005, 1562, 1398, 2551, 3371, 1644, 5121, 2863, 3693, 3788, 2638, 3136)
(20, 93): Mean: 2708.864, median: 2243.0, std: 1686.926, percent: 2561.5, B: 118, W: 132, 
	(3682, 1909, 1936, 11845, 3044, 2388, 1449, 1865, 1322, 2979, 1766, 2614, 1352, 3258, 5029, 1381, 4363, 5654, 2177, 3956, 1776, 1218, 2728, 1378, 2184, 2158, 1425, 2761, 2452, 2087, 4081, 3217, 5089, 1432, 1121, 2898, 1871, 2157, 2835, 2907, 1286, 3460, 1794, 2543, 1586, 3620, 1716, 1324, 9883, 2675, 1242, 2300, 1498, 466, 1904, 5365, 910, 1043, 3913, 3357, 2297, 4253, 3185, 2312, 3321, 7030, 2247, 1155, 747, 3309, 1683, 3548, 2615, 1957, 2155, 2157, 1598, 1357, 1964, 1480, 1661, 1016, 3910, 1487, 1585, 1979, 1706, 933, 1847, 1772, 1603, 1070, 2846, 2030, 5787, 3463, 1458, 1328, 2247, 1127, 2975, 4348, 1710, 3311, 2915, 2042, 1009, 606, 1912, 3914, 3142, 1688, 2239, 1544, 1227, 1826, 2397, 2293, 1482, 2614, 4134, 1825, 2746, 843, 2868, 1693, 2857, 2009, 1455, 2992, 1687, 2558, 1800, 5733, 2196, 1895, 5306, 2233, 2754, 2656, 3482, 6424, 3112, 1835, 3262, 2638, 5657, 2286, 3339, 3101, 1938, 4411, 1970, 2832, 1556, 1004, 4623, 3442, 8915, 2945, 4474, 2861, 2015, 2097, 1159, 3263, 3259, 2102, 2375, 3659, 773, 3072, 869, 1111, 2494, 1530, 2285, 1768, 1169, 4162, 3740, 1866, 1986, 2230, 3834, 1518, 1063, 8607, 2639, 3148, 2791, 1795, 997, 3104, 2530, 2693, 4099, 1580, 3519, 4028, 1982, 6819, 1747, 1696, 3055, 1182, 2987, 3270, 2231, 539, 3004, 3391, 2150, 1651, 2043, 855, 3452, 2469, 1308, 3647, 2138, 5923, 4204, 1498, 3609, 2067, 9560, 2021, 2917, 3188, 1705, 11215, 3641, 2067, 7285, 2137, 1924, 1300, 2143, 1434, 1433, 2101, 3733, 1332, 5664, 2706, 4222, 3602, 2556, 3089)
(22, 102): Mean: 2543.88, median: 2235.5, std: 1582.571, percent: 2379.54, B: 174, W: 76, 
	(3712, 1452, 1879, 11477, 2988, 2157, 1456, 2211, 1601, 3329, 1832, 2039, 1203, 2502, 4023, 1162, 4939, 5805, 2498, 3278, 1806, 1151, 2871, 1147, 2115, 2152, 1216, 2625, 1872, 1694, 3585, 2986, 3907, 1333, 1219, 2418, 1672, 2389, 2698, 2558, 1280, 2765, 1870, 2515, 1391, 3480, 1741, 1177, 7920, 2289, 1243, 2377, 1576, 417, 1683, 6520, 779, 939, 4747, 3424, 2413, 4435, 2923, 2509, 2776, 5533, 2370, 1357, 709, 2508, 1456, 4136, 2731, 2209, 1676, 2162, 1489, 1326, 2337, 1266, 1410, 1109, 2889, 1249, 1713, 1720, 1277, 759, 1717, 1835, 1442, 970, 2386, 2107, 4774, 3231, 1278, 1275, 2538, 1136, 2482, 4269, 1696, 2898, 2492, 2083, 955, 518, 2400, 3895, 3067, 1523, 2506, 1495, 1397, 1822, 1919, 1968, 1188, 2853, 4325, 2128, 2601, 836, 3037, 1615, 2751, 1890, 1387, 2375, 1473, 2702, 1917, 5652, 2405, 1813, 4008, 2089, 3056, 2183, 2715, 6275, 2938, 1760, 2513, 2860, 5120, 2232, 3325, 2925, 1795, 3308, 1786, 2658, 1491, 991, 4148, 3017, 8608, 2804, 4025, 2858, 1620, 2318, 1224, 3287, 3038, 2204, 2239, 3647, 661, 2806, 833, 912, 2560, 1639, 2318, 1521, 1286, 3883, 3928, 2142, 1726, 2229, 3115, 1281, 1308, 7827, 2146, 3050, 2323, 1546, 1057, 3194, 2317, 2029, 4311, 1535, 3444, 2948, 1999, 5845, 1580, 1421, 2886, 1097, 2649, 3519, 2039, 425, 2833, 2785, 2328, 1475, 1675, 626, 2817, 2251, 1336, 3673, 1992, 4807, 3362, 1545, 3202, 1821, 10645, 1844, 2648, 2561, 1487, 10213, 3102, 2150, 7021, 2000, 1724, 1421, 2276, 1374, 1417, 2423, 3111, 1221, 5358, 2578, 2987, 3293, 2109, 3520)
(23, 105): Mean: 2575.764, median: 2213.5, std: 1642.997, percent: 2351.78, B: 112, W: 137, 
	(3165, 1462, 1874, 13682, 3093, 2184, 1445, 2326, 1424, 3133, 1863, 2356, 1267, 2488, 4177, 1272, 3912, 5241, 2213, 2840, 1992, 1058, 2894, 1267, 2178, 2362, 1405, 2440, 2031, 2231, 4004, 3078, 3800, 1326, 1225, 2369, 1819, 2236, 2452, 2644, 1316, 3181, 1642, 2325, 1290, 3613, 1694, 1099, 8564, 2983, 1261, 2325, 1559, 463, 1654, 5285, 854, 1026, 3754, 3085, 2209, 3957, 2860, 2214, 3363, 5939, 2141, 1189, 660, 3069, 1466, 4167, 2567, 1934, 1814, 2383, 1430, 1295, 1825, 1306, 1686, 1045, 3297, 1341, 1654, 1706, 1325, 728, 1751, 1888, 1670, 985, 3209, 2130, 5300, 3166, 1151, 1265, 2695, 1185, 2615, 4615, 1643, 2798, 2383, 2112, 1095, 484, 2164, 4186, 2986, 1396, 2211, 1353, 1201, 1895, 1952, 2161, 1307, 2486, 5362, 1812, 2482, 1068, 3037, 1757, 2669, 2169, 1292, 2589, 1588, 2552, 1569, 6695, 2661, 1696, 4777, 2204, 2547, 2310, 2677, 6699, 2558, 1756, 2651, 2539, 3455, 2402, 3780, 3617, 1811, 3982, 2181, 2370, 1568, 949, 4399, 2563, 9654, 2563, 4669, 3078, 1779, 2264, 1012, 3204, 2968, 2064, 1937, 3014, 725, 2996, 858, 1197, 2498, 1753, 2121, 1769, 1349, 3699, 4696, 2171, 1750, 2207, 3062, 1364, 1223, 8312, 2366, 2924, 2223, 1633, 1018, 3030, 2786, 2045, 4672, 1642, 3192, 3077, 1837, 6046, 1601, 1673, 2383, 1196, 2492, 3263, 1955, 490, 3245, 3016, 2445, 1712, 1731, 636, 3345, 2118, 1383, 3468, 2065, 5555, 3625, 1782, 3192, 1969, 7938, 1904, 3181, 2924, 1647, 10911, 3952, 1970, 6437, 2060, 1680, 1451, 2233, 1516, 1414, 2308, 3299, 1300, 4964, 2549, 3277, 3205, 2241, 2791)
(26, 119): Mean: 2433.868, median: 2176.0, std: 1461.716, percent: 2280.88, B: 176, W: 73, 
	(2950, 1462, 1759, 10571, 3391, 1835, 1195, 2196, 1130, 2531, 1633, 2276, 1249, 2243, 3418, 1416, 4632, 4844, 2133, 3303, 1756, 1107, 2390, 1083, 2173, 2266, 1308, 2608, 1967, 1976, 3835, 2953, 4114, 1310, 1231, 2252, 1838, 2208, 2356, 2612, 1411, 2451, 1797, 2158, 1089, 3448, 1695, 1094, 7594, 2099, 1108, 2422, 1466, 480, 1591, 5453, 837, 806, 4451, 2723, 2381, 5088, 2785, 2539, 2747, 5262, 2194, 1216, 672, 3081, 1280, 3951, 2295, 1958, 1977, 2311, 1474, 1166, 2041, 1257, 1462, 1025, 2958, 1355, 1703, 1669, 1257, 779, 1470, 1761, 1481, 896, 2748, 2088, 5474, 3265, 1191, 1189, 2450, 1037, 2367, 4194, 1349, 3630, 2426, 1929, 976, 550, 1815, 4284, 2774, 1444, 2435, 1328, 1169, 1544, 1824, 2260, 1171, 2448, 4129, 1866, 2362, 976, 2671, 1738, 2787, 2133, 1399, 2655, 1451, 2574, 1714, 5862, 2256, 1680, 3688, 2229, 3090, 2175, 2313, 6167, 2561, 1744, 2654, 2351, 4467, 1891, 2749, 3189, 1680, 3762, 2104, 2374, 1477, 868, 4622, 3368, 8721, 2473, 4000, 2777, 1789, 2148, 1138, 2802, 2476, 1986, 1906, 2877, 608, 2837, 964, 904, 2441, 1624, 2090, 1554, 1236, 3663, 4202, 1891, 1698, 2000, 2984, 1190, 1112, 8336, 2103, 2495, 2418, 1690, 955, 3021, 2605, 2424, 4073, 1408, 3171, 3213, 1767, 5845, 1607, 1492, 2593, 1041, 2580, 2773, 1901, 374, 3232, 2501, 2361, 1245, 1686, 517, 3134, 2324, 1136, 3776, 2223, 4205, 3405, 1528, 2817, 1787, 5708, 1881, 2953, 3031, 1780, 9983, 3261, 2000, 5987, 1821, 1594, 1410, 2177, 1305, 1291, 2432, 3001, 1077, 4217, 2181, 3222, 2787, 2064, 3142)
(27, 120): Mean: 2501.064, median: 2159.0, std: 1630.277, percent: 2373.86, B: 110, W: 140, 
	(3221, 1529, 1753, 15093, 2862, 2218, 1466, 2114, 1237, 2601, 1859, 2254, 1402, 2394, 4380, 1484, 3839, 5631, 2236, 3722, 1614, 1072, 2416, 1263, 2186, 2034, 1319, 2239, 2024, 2073, 3803, 3030, 3944, 1287, 1237, 2577, 1767, 1901, 2427, 2437, 1298, 2904, 1622, 2483, 1135, 2791, 1685, 1110, 8183, 2464, 1087, 2286, 1518, 407, 1695, 6227, 862, 875, 4004, 3657, 2261, 4116, 3152, 2781, 2794, 5404, 1965, 1071, 675, 2803, 1538, 4039, 2705, 2039, 2125, 2338, 1270, 1313, 1979, 1377, 1396, 1054, 2753, 1327, 1614, 1655, 1248, 785, 1843, 1537, 1419, 898, 2776, 1925, 6143, 3062, 1327, 1301, 2165, 949, 2203, 4437, 1629, 2619, 2672, 1909, 972, 475, 1877, 3695, 3042, 1275, 2259, 1344, 1221, 1613, 2152, 2166, 1241, 2184, 4502, 2227, 2070, 918, 2623, 1670, 2782, 2092, 1260, 2326, 1564, 3132, 1909, 5860, 2584, 1796, 4317, 1942, 2894, 2307, 2686, 5657, 2586, 1957, 2702, 2572, 3899, 2358, 3426, 3130, 1644, 3778, 2025, 2413, 1504, 1012, 4257, 3033, 9203, 3432, 4244, 2578, 2001, 1993, 1135, 3669, 2691, 2081, 1995, 3457, 750, 2926, 865, 840, 2237, 1569, 2153, 1540, 1082, 3719, 4070, 1920, 1782, 2320, 3191, 1349, 1175, 8443, 2266, 2909, 2016, 1522, 1029, 3272, 2580, 2195, 3950, 1346, 3250, 2925, 1917, 6200, 1727, 1713, 2828, 1197, 2745, 3091, 1845, 378, 2942, 2404, 2010, 1317, 1625, 605, 2953, 2318, 1326, 3333, 2115, 3925, 3580, 1510, 2502, 1885, 5801, 1780, 2925, 3013, 1583, 9992, 3244, 1935, 7583, 1884, 1663, 1380, 2092, 1659, 1305, 2311, 3233, 1440, 5008, 2004, 4103, 2791, 2213, 3104)
(28, 121): Mean: 2462.32, median: 2128.0, std: 1542.802, percent: 2311.12, B: 135, W: 114, 
	(2808, 1303, 1875, 12607, 3172, 2088, 1245, 2045, 1199, 2678, 1748, 1890, 1243, 2744, 3773, 1195, 3402, 4508, 2239, 3878, 1755, 1060, 2325, 1059, 1961, 2299, 1137, 2344, 2129, 2041, 3529, 2812, 3963, 1272, 1331, 2248, 1697, 2426, 2532, 2475, 1185, 2583, 1738, 2491, 1182, 3323, 1530, 1080, 7324, 2169, 1170, 2213, 1303, 410, 1786, 5526, 813, 987, 4311, 3615, 2423, 4040, 3518, 2849, 2806, 5384, 2168, 1135, 705, 2339, 1291, 3943, 2948, 2052, 2026, 2470, 1431, 1223, 1915, 1393, 1549, 1047, 2750, 1093, 1656, 1757, 1435, 742, 1650, 1652, 1515, 1006, 3152, 2203, 5873, 3339, 1292, 1102, 2120, 772, 2554, 4683, 1535, 3430, 2871, 1848, 990, 395, 2097, 3181, 2673, 1286, 2196, 1324, 1220, 1716, 1878, 2054, 1165, 2417, 4594, 1787, 2079, 672, 2751, 1727, 2911, 1745, 1340, 2410, 1413, 2961, 1806, 7357, 2683, 1724, 4379, 1970, 2883, 2224, 3247, 6872, 2188, 1642, 2813, 2808, 4409, 2287, 2963, 2967, 1816, 3000, 2174, 2529, 1474, 909, 4894, 2696, 7916, 2668, 4152, 2454, 1999, 2112, 1086, 2947, 2742, 2104, 1841, 3635, 750, 2542, 811, 942, 2042, 1508, 2271, 1598, 1259, 4082, 4175, 1900, 2175, 2127, 3365, 1386, 1149, 8297, 1884, 2660, 2310, 1835, 1007, 3597, 2762, 2213, 4281, 1424, 3444, 2937, 1576, 4132, 1649, 1704, 2598, 1039, 2557, 2912, 2080, 359, 2756, 2466, 2417, 1369, 1427, 473, 3131, 2384, 1322, 3186, 1994, 3711, 3147, 1698, 2979, 1773, 7090, 1746, 2993, 2216, 1597, 9711, 2952, 1857, 7466, 1875, 1749, 1436, 1936, 1269, 1297, 2094, 3120, 1323, 5396, 2188, 3212, 3215, 2111, 3348)
(30, 131): Mean: 2495.004, median: 2119.0, std: 1600.676, percent: 2342.42, B: 111, W: 139, 
	(3308, 1342, 1753, 14105, 2790, 2000, 1269, 1876, 1113, 2407, 1626, 1970, 1312, 2563, 4377, 1143, 3801, 5431, 2463, 4338, 1552, 1024, 2431, 1172, 2071, 2061, 1289, 2606, 1913, 1851, 3678, 3258, 3788, 1293, 1160, 2489, 1619, 2431, 2603, 2515, 1331, 2653, 1570, 2607, 1197, 3193, 1660, 1237, 6182, 2130, 1119, 2190, 1478, 418, 1564, 6320, 743, 803, 4856, 3031, 2493, 4273, 3149, 2701, 2582, 5073, 2047, 1059, 650, 2894, 1620, 4221, 2725, 2028, 1775, 2451, 1589, 1339, 1838, 1330, 1590, 1106, 2979, 1155, 1668, 1670, 1492, 780, 1687, 1661, 1475, 1037, 2376, 1826, 6181, 3097, 1299, 1244, 2106, 939, 2299, 5106, 1416, 2891, 2450, 1684, 941, 466, 1994, 3357, 2832, 1267, 2267, 1391, 1292, 1603, 2105, 2010, 1146, 2794, 4150, 1779, 2304, 847, 2648, 1798, 3085, 1883, 1420, 2707, 1477, 3134, 1734, 8603, 2280, 1597, 4233, 2174, 3114, 2504, 2921, 5533, 2201, 1602, 2416, 2378, 3846, 2337, 3169, 3115, 1685, 3086, 2089, 2207, 1529, 946, 5631, 2956, 8908, 2767, 3960, 2743, 1726, 2126, 1039, 2752, 2591, 2049, 1894, 3852, 693, 2423, 933, 827, 2684, 1567, 1828, 1660, 1167, 3567, 4596, 1879, 1975, 2142, 2963, 1314, 1155, 7388, 2175, 3372, 2089, 1961, 981, 3027, 2911, 2591, 4399, 1415, 3316, 3082, 2099, 6121, 1675, 1636, 2744, 1052, 2808, 3849, 2411, 507, 2813, 2381, 2471, 1266, 1733, 592, 3622, 2449, 1288, 3509, 2070, 3497, 3860, 1528, 2604, 2038, 5843, 1733, 3126, 2685, 1490, 9560, 3132, 1920, 6935, 1829, 1656, 1346, 1987, 1372, 1324, 2350, 3302, 1499, 5738, 2205, 3539, 3524, 2112, 2727)
(31, 136): Mean: 2458.832, median: 2115.5, std: 1550.577, percent: 2351.0, B: 131, W: 118, 
	(3130, 1362, 1887, 11372, 3525, 2004, 1366, 2088, 1173, 2482, 1805, 1925, 1403, 2093, 3848, 1117, 4455, 4120, 2215, 3082, 1735, 1102, 2274, 1145, 2259, 1910, 1122, 2476, 1910, 2045, 3823, 3018, 3810, 1338, 1285, 2080, 1896, 2509, 2638, 2589, 1260, 2642, 1726, 2450, 1597, 3120, 1544, 1112, 7108, 2379, 1130, 2134, 1523, 467, 1696, 5976, 775, 846, 4992, 3217, 2113, 3591, 3295, 2824, 2666, 4545, 2464, 1080, 663, 2699, 1449, 4202, 2648, 1889, 1664, 2267, 1462, 1102, 1927, 1358, 1439, 1093, 2868, 1144, 1574, 1860, 1391, 754, 1660, 1666, 1541, 1052, 2791, 2119, 6507, 3019, 1226, 1100, 2241, 1016, 2324, 3951, 1426, 2960, 2407, 2118, 985, 577, 1869, 3760, 3092, 1307, 2318, 1425, 1285, 1547, 1854, 2038, 1237, 2532, 4545, 1964, 2219, 708, 2711, 1795, 2433, 1811, 1272, 2383, 1312, 2263, 1608, 7151, 2436, 1628, 4145, 1902, 2821, 2416, 2771, 5238, 2588, 1615, 2491, 2392, 4509, 1979, 3177, 3142, 1764, 3922, 1877, 2305, 1523, 1047, 5279, 2568, 10018, 2709, 3703, 2458, 1790, 2423, 1010, 3258, 2676, 2071, 2017, 3438, 693, 2910, 775, 810, 2369, 1597, 2303, 1403, 1138, 3628, 4298, 1823, 1913, 2061, 2573, 1216, 1125, 7741, 2360, 3042, 2108, 1560, 975, 3346, 2666, 2077, 3991, 1461, 3243, 3584, 1676, 4286, 1734, 1470, 2775, 969, 2793, 3212, 2119, 414, 2770, 2725, 2212, 1456, 1726, 720, 3482, 2372, 1469, 3417, 2172, 4320, 3367, 1507, 2976, 1989, 6790, 1724, 2832, 2530, 1714, 11760, 3395, 1881, 6499, 1872, 1730, 1314, 2091, 1334, 1412, 2298, 3086, 1307, 4730, 2291, 3827, 2791, 2068, 3143)
(32, 138): Mean: 2427.108, median: 2094.0, std: 1489.817, percent: 2289.9, B: 135, W: 115, 
	(2742, 1266, 1825, 12656, 2703, 1906, 1321, 1924, 1219, 2606, 1579, 2395, 1269, 2105, 3206, 1243, 4137, 4935, 2308, 3438, 1731, 1152, 2330, 1050, 1914, 2010, 1035, 2619, 2043, 1934, 3303, 3068, 3811, 1207, 1124, 2207, 1529, 2306, 2375, 2484, 1147, 2601, 1563, 2617, 1069, 3542, 1613, 1115, 7935, 2129, 1024, 2195, 1476, 418, 1820, 5958, 754, 767, 3994, 2866, 2409, 3464, 2728, 2465, 3121, 4999, 1956, 1050, 616, 2757, 1403, 4029, 2600, 2300, 1792, 2333, 1552, 1140, 1933, 1280, 1570, 1038, 2785, 1128, 1614, 1862, 1247, 736, 1546, 1721, 1503, 1007, 2384, 2090, 5607, 3344, 1190, 1145, 2059, 923, 2262, 4156, 1748, 3028, 2334, 1916, 1017, 537, 2017, 3341, 2964, 1344, 2481, 1346, 1189, 1652, 1798, 1915, 1181, 2621, 4532, 1854, 2496, 857, 2676, 1906, 2473, 1832, 1351, 2107, 1544, 2497, 1743, 6902, 2161, 1886, 4453, 2014, 2778, 2131, 2668, 5037, 2244, 1602, 2420, 2807, 3773, 2191, 3366, 2930, 1883, 3889, 1985, 2600, 1568, 927, 4929, 3056, 7905, 2882, 4320, 2814, 1746, 2322, 1139, 2961, 2768, 2182, 2092, 3427, 632, 3177, 742, 808, 2364, 1642, 1889, 1492, 1272, 4295, 4308, 1727, 1741, 1987, 2896, 1268, 1236, 7946, 2126, 3198, 2093, 1903, 937, 2867, 2482, 2095, 4064, 1361, 3385, 2776, 1975, 4510, 1691, 1595, 2644, 1038, 2853, 2870, 2065, 447, 3336, 2196, 2488, 1465, 1604, 788, 3157, 2685, 1298, 3060, 1805, 4605, 3746, 1505, 3152, 2052, 6616, 1761, 3655, 2580, 1798, 9093, 2894, 2007, 6406, 1757, 1620, 1587, 1977, 1251, 1198, 2134, 3219, 1243, 4659, 2581, 3319, 2966, 1982, 2618)
(33, 142): Mean: 2445.036, median: 2067.5, std: 1654.998, percent: 2341.0, B: 134, W: 114, 
	(3242, 1315, 1755, 15845, 3275, 2093, 1398, 1959, 1041, 3139, 1501, 1872, 1385, 2105, 3625, 1267, 3889, 4445, 2098, 3271, 1996, 1246, 2369, 1096, 2030, 1913, 1047, 2261, 2183, 2200, 3614, 3024, 3436, 1396, 1016, 2188, 1826, 1983, 2269, 2257, 1187, 2481, 1527, 2447, 1356, 3273, 1440, 1066, 8109, 2119, 1040, 2235, 1525, 426, 1713, 5764, 762, 992, 4048, 3487, 2149, 3696, 2839, 2420, 2682, 5352, 2062, 1027, 711, 2778, 1513, 3954, 2523, 2003, 1832, 2336, 1505, 1139, 1817, 1309, 1469, 1030, 2707, 1018, 1561, 1673, 1178, 703, 1651, 1534, 1409, 826, 2565, 1973, 5133, 3062, 1164, 1148, 2267, 1018, 2379, 4706, 1513, 3591, 2198, 2005, 864, 420, 2079, 4130, 3321, 1333, 2300, 1323, 1246, 1577, 1840, 1950, 1155, 2639, 4650, 1814, 2488, 977, 2309, 1730, 2626, 1876, 1331, 2107, 1267, 2525, 1992, 6327, 2230, 1780, 3755, 2048, 2555, 2036, 2545, 5367, 2868, 1411, 2301, 2469, 3546, 2144, 3119, 3147, 1673, 3191, 1790, 2416, 1502, 926, 4461, 2748, 10301, 3701, 3138, 2698, 1850, 1996, 1011, 2476, 2757, 2105, 2006, 3089, 647, 2823, 852, 816, 2244, 1841, 2010, 1464, 1201, 3411, 4674, 1700, 1816, 1613, 3165, 1159, 1279, 7478, 2488, 2626, 1872, 1653, 882, 2764, 2522, 2037, 4152, 1298, 3873, 3521, 2073, 5206, 1452, 1542, 2656, 1052, 3145, 3537, 2125, 353, 3033, 2384, 2407, 1364, 1536, 704, 3067, 2300, 1288, 3395, 1842, 5441, 4614, 1698, 3274, 1985, 7318, 1702, 2835, 2520, 1609, 9991, 3209, 1856, 5577, 2018, 1661, 1290, 1948, 1286, 1245, 2056, 2941, 1457, 5495, 2429, 3516, 3495, 2061, 3043)
(38, 167): Mean: 2410.468, median: 2109.0, std: 1537.863, percent: 2284.18, B: 127, W: 123, 
	(3136, 1389, 1731, 12570, 3338, 1990, 1223, 1832, 1157, 2469, 1617, 1737, 1250, 2324, 4093, 1218, 3561, 3950, 2229, 2993, 1789, 1017, 2263, 1090, 2006, 1788, 1198, 2682, 2036, 1867, 3468, 2258, 3750, 1207, 1100, 2312, 1604, 2032, 2241, 2629, 1285, 2453, 1584, 2449, 1197, 3203, 1463, 1082, 8787, 2458, 940, 2170, 1521, 495, 1766, 7271, 783, 787, 3600, 3338, 2260, 3868, 3025, 2492, 3229, 5334, 1990, 1178, 669, 2571, 1262, 3899, 2594, 2194, 1765, 2273, 1335, 1147, 1827, 1239, 1434, 1083, 3194, 1159, 1567, 1773, 1328, 813, 1541, 1702, 1364, 987, 2647, 1828, 5436, 2953, 1209, 1256, 1916, 1060, 2277, 4640, 1679, 2991, 2099, 1880, 1137, 397, 2011, 3658, 3058, 1298, 2196, 1262, 1309, 1739, 2001, 1797, 1302, 2210, 4655, 2246, 2271, 718, 2480, 1740, 2453, 1836, 1174, 2113, 1490, 2706, 1822, 5932, 2355, 1723, 3643, 2158, 2624, 2405, 2331, 5986, 3001, 1519, 2701, 2344, 4197, 1786, 2909, 3089, 1627, 3365, 1900, 2105, 1483, 869, 4560, 3195, 8517, 2900, 3385, 2367, 1581, 2204, 983, 2993, 2867, 1999, 2102, 3102, 689, 2641, 780, 909, 2193, 1624, 2148, 1709, 1164, 3722, 3599, 1884, 1853, 1836, 3319, 1228, 1124, 7503, 2130, 2788, 2241, 1616, 978, 2681, 2861, 2355, 3934, 1304, 3123, 3264, 2226, 4372, 1606, 1602, 2513, 1054, 2993, 3326, 2203, 375, 2679, 2563, 2414, 1304, 1437, 788, 2934, 2428, 1459, 3033, 1801, 4292, 3387, 1495, 3388, 1891, 6256, 1859, 3067, 2509, 1646, 11117, 2986, 1724, 6277, 1999, 1815, 1408, 1813, 1354, 1340, 2613, 2780, 1552, 5015, 2641, 3698, 2837, 1931, 2988)
(39, 173): Mean: 2434.052, median: 2074.0, std: 1533.735, percent: 2276.02, B: 125, W: 125, 
	(3244, 1227, 1752, 10373, 2890, 1928, 1271, 1830, 1127, 2899, 1717, 2061, 1386, 2774, 3321, 1192, 3703, 4617, 2299, 3035, 1788, 1066, 2583, 1134, 2013, 2191, 1094, 2499, 2017, 1934, 3464, 2781, 3562, 1184, 1033, 2731, 1593, 2457, 2209, 2265, 1137, 2475, 1687, 3016, 1224, 3551, 1615, 1112, 7187, 2025, 1119, 2020, 1512, 442, 1736, 6818, 720, 902, 3279, 3706, 2186, 3805, 2955, 2237, 2812, 5609, 2121, 1092, 649, 2721, 1267, 3913, 2819, 2131, 1777, 2284, 1571, 1162, 1749, 1384, 1511, 1046, 2674, 1136, 1587, 1477, 1268, 796, 1634, 1821, 1459, 975, 2979, 1978, 4782, 3252, 1179, 1179, 2165, 1053, 2337, 3893, 1703, 2702, 2421, 1780, 976, 527, 1947, 3953, 2933, 1241, 2491, 1316, 1216, 1779, 1910, 2100, 1333, 2527, 4011, 1859, 2201, 681, 2478, 1648, 2740, 1996, 1275, 2571, 1370, 2468, 1804, 6225, 2312, 1717, 4315, 2004, 2512, 2362, 2918, 5961, 2723, 1793, 2657, 2550, 4089, 2233, 3589, 2878, 1911, 3373, 1864, 2107, 1653, 908, 3624, 2901, 8606, 2471, 4486, 2780, 1756, 2346, 1063, 3009, 2498, 2087, 1862, 3304, 651, 2669, 801, 958, 2002, 1646, 2261, 1504, 1155, 3818, 4810, 2238, 1683, 1862, 3020, 1231, 1111, 9334, 1849, 2695, 2039, 1695, 970, 3011, 2396, 2020, 4818, 1476, 3299, 3028, 2061, 5088, 1633, 1730, 2703, 977, 2709, 3153, 1841, 437, 2677, 2449, 2200, 1162, 1515, 583, 3437, 2396, 1253, 3549, 1966, 4193, 3402, 1590, 3106, 1822, 7363, 1780, 2887, 2642, 1706, 11341, 2934, 1862, 6996, 1849, 1642, 1212, 1943, 1224, 1279, 2035, 2674, 1375, 5898, 2665, 3632, 3498, 2169, 2869)
(41, 180): Mean: 2167.7, median: 1852.0, std: 1387.891, percent: 2005.4, B: 224, W: 26, 
	(2593, 1127, 1513, 11754, 2779, 2128, 1165, 1826, 1061, 2308, 1545, 1845, 1098, 1992, 3247, 1128, 3131, 4041, 2404, 2867, 1625, 977, 2023, 1113, 1757, 1949, 1066, 2273, 1882, 1568, 3419, 2399, 3217, 1135, 973, 2165, 1413, 1918, 2300, 1988, 1183, 2356, 1558, 2705, 938, 2898, 1361, 977, 7165, 1928, 839, 1754, 1280, 380, 1749, 5523, 629, 663, 3927, 2707, 2450, 4306, 2853, 2227, 2350, 4675, 1931, 924, 490, 2078, 1104, 3613, 2684, 1997, 1613, 2038, 1203, 1071, 1682, 1096, 1329, 882, 2666, 1055, 1488, 1387, 1163, 676, 1433, 1565, 1365, 785, 2145, 1836, 4755, 2896, 1131, 1019, 1921, 809, 2119, 3552, 1258, 2869, 2174, 1523, 784, 451, 1677, 3061, 2687, 1101, 2311, 1270, 1091, 1490, 1793, 1776, 1118, 2629, 4120, 1810, 2072, 759, 2063, 1462, 2320, 1621, 1135, 2146, 1228, 2407, 1433, 5611, 1970, 1399, 3766, 1958, 2531, 2176, 2447, 5283, 2115, 1474, 2233, 2589, 3327, 1848, 2783, 2624, 1606, 3655, 1753, 1921, 1346, 803, 3499, 2660, 8177, 2128, 3211, 2104, 1486, 1662, 943, 2513, 2804, 1679, 1700, 2842, 615, 2349, 693, 849, 1951, 1403, 1774, 1372, 1005, 3695, 3508, 1574, 1611, 1568, 2560, 886, 933, 8077, 1762, 2837, 1757, 1383, 830, 2369, 2379, 1858, 3907, 1297, 2841, 2600, 1612, 4355, 1451, 1385, 2245, 930, 2790, 3355, 1852, 375, 2220, 2254, 2104, 1267, 1413, 588, 2956, 2146, 1161, 2842, 1640, 4208, 3103, 1329, 2792, 1711, 5250, 1497, 2795, 2329, 1430, 8356, 3514, 1480, 5501, 1644, 1438, 1207, 1816, 1094, 1133, 1754, 3066, 1099, 4744, 2165, 2683, 3119, 1852, 2773)
(43, 188): Mean: 2173.056, median: 1849.0, std: 1358.756, percent: 2070.16, B: 114, W: 136, 
	(2573, 1113, 1536, 10819, 2522, 1876, 1114, 1835, 1008, 2271, 1558, 1725, 1171, 2016, 3335, 1205, 3390, 3862, 1928, 2963, 1563, 874, 2086, 1084, 1834, 1732, 994, 2225, 1782, 1727, 3118, 2174, 3613, 1154, 1051, 2049, 1528, 2205, 2228, 2016, 1093, 2424, 1411, 2311, 1095, 3137, 1437, 1055, 6559, 1784, 915, 1757, 1434, 379, 1716, 6023, 677, 886, 4214, 2986, 2324, 3357, 2522, 2001, 3024, 3671, 1772, 917, 510, 2360, 1292, 3296, 2577, 1788, 1512, 2103, 1332, 1116, 1810, 1187, 1311, 937, 2805, 1168, 1453, 1456, 1160, 718, 1302, 1477, 1432, 819, 2251, 1826, 5158, 2750, 1102, 939, 1764, 861, 2091, 4216, 1328, 2521, 2126, 1527, 840, 366, 1747, 3269, 2794, 1230, 2235, 1075, 1155, 1364, 1968, 1810, 1062, 2498, 3920, 1725, 2164, 775, 2371, 1504, 2220, 1723, 1262, 1974, 1319, 2351, 1498, 5953, 2236, 1367, 3781, 1924, 2421, 2237, 2358, 5681, 2336, 1382, 2297, 2239, 3975, 1887, 2534, 2617, 1491, 3187, 1945, 1839, 1398, 809, 3540, 2557, 7765, 2032, 3664, 2112, 1624, 1619, 927, 2713, 2399, 1859, 1781, 2596, 605, 2723, 752, 726, 2049, 1511, 1978, 1244, 1118, 3691, 3821, 1757, 1650, 1738, 2727, 1065, 905, 6867, 1877, 2853, 1811, 1509, 873, 3028, 2269, 1914, 3597, 1182, 2930, 2470, 1654, 4505, 1441, 1479, 2248, 940, 2614, 3281, 1778, 382, 2577, 2124, 1878, 1221, 1556, 556, 2700, 2294, 1106, 3196, 1570, 3425, 3354, 1309, 2914, 1734, 5481, 1578, 2756, 2304, 1455, 9579, 2987, 1678, 5207, 1672, 1531, 1305, 1832, 1085, 1194, 2091, 2715, 1234, 5217, 1998, 3249, 2921, 1952, 2747)
(51, 231): Mean: 2204.892, median: 1843.0, std: 1377.503, percent: 2094.62, B: 113, W: 133, 
	(2789, 1178, 1628, 9454, 3135, 2052, 1357, 1701, 1007, 2656, 1502, 1655, 1187, 1860, 3574, 1212, 3430, 4013, 2189, 3003, 1436, 1051, 2384, 1129, 1812, 1820, 1030, 2432, 1830, 1807, 3297, 2200, 3936, 1199, 1010, 2025, 1655, 2111, 2228, 2154, 1058, 2416, 1587, 2757, 1075, 2966, 1465, 1065, 7065, 2058, 918, 1911, 1257, 367, 1620, 5501, 588, 693, 4456, 3372, 2191, 3557, 2426, 2175, 2572, 4735, 1717, 955, 565, 2256, 1138, 3518, 2541, 1889, 1664, 2275, 1187, 1129, 1843, 1178, 1336, 942, 2434, 1207, 1407, 1507, 1376, 710, 1274, 1424, 1524, 841, 2251, 1782, 4751, 3258, 1182, 1035, 1928, 948, 1886, 3913, 1243, 2983, 2039, 1522, 819, 470, 1802, 3207, 3040, 1192, 2217, 1199, 1082, 1649, 1804, 1687, 1068, 2376, 4564, 1887, 2184, 821, 2439, 1713, 2586, 1568, 1234, 2002, 1124, 2463, 1623, 7288, 1864, 1418, 3745, 1838, 2198, 2361, 2202, 5182, 2243, 1439, 2398, 2237, 3956, 1794, 3275, 2530, 1617, 2829, 1981, 2184, 1174, 669, 3609, 2437, 8112, 2383, 3673, 2375, 1642, 1698, 985, 2941, 2404, 2010, 1624, 2817, 599, 2526, 728, 726, 1833, 1558, 1645, 1437, 1118, 3646, 3795, 1541, 1655, 1747, 2895, 1038, 915, 8444, 1785, 2824, 1878, 1632, 867, 2644, 2422, 2177, 3604, 1235, 2684, 2864, 1758, 5179, 1467, 1445, 2067, 890, 2422, 3400, 1937, 357, 2555, 1948, 1787, 1126, 1496, 597, 2780, 1986, 1202, 2931, 1716, 3542, 3037, 1354, 3295, 1646, 5368, 1502, 2463, 2129, 1423, 8743, 3570, 1649, 5392, 1639, 1539, 1208, 1718, 1135, 1123, 1780, 2601, 1137, 5258, 2502, 2842, 2968, 1843, 2820)
(56, 260): Mean: 2180.304, median: 1830.0, std: 1399.07, percent: 2111.82, B: 133, W: 117, 
	(2707, 1239, 1793, 11638, 3012, 1811, 1120, 1867, 970, 2379, 1568, 1719, 1188, 1877, 3633, 1037, 3080, 3897, 2331, 2692, 1463, 1043, 2135, 1036, 1790, 1866, 1093, 2252, 1534, 1781, 3311, 2563, 3159, 1173, 951, 2250, 1556, 1660, 2374, 1949, 1124, 2288, 1557, 1974, 1082, 2830, 1395, 1031, 7906, 1711, 893, 1829, 1212, 399, 1680, 5629, 720, 739, 3344, 2833, 2384, 3620, 2726, 2043, 2947, 4737, 1930, 1018, 568, 2575, 1264, 3285, 2735, 2164, 1895, 2270, 1421, 1056, 1620, 1206, 1308, 899, 2505, 1209, 1394, 1359, 1034, 657, 1248, 1509, 1357, 843, 2448, 1804, 5212, 2927, 1187, 1026, 1761, 832, 2111, 3881, 1210, 2871, 2139, 1610, 833, 365, 1697, 3313, 2593, 1132, 2101, 994, 1044, 1411, 1829, 1800, 1049, 2323, 3810, 1669, 2160, 815, 2023, 1539, 2628, 1501, 1222, 2065, 1248, 2337, 1588, 5749, 2215, 1577, 3640, 1800, 2498, 2002, 2120, 5482, 2077, 1503, 2295, 2011, 3766, 1817, 2949, 2806, 1737, 3561, 2225, 2009, 1468, 656, 3514, 2630, 8511, 2179, 3281, 2136, 1457, 1693, 996, 2260, 2229, 1843, 1685, 3126, 691, 2596, 744, 800, 1965, 1479, 1727, 1401, 1035, 3215, 3532, 1791, 1712, 1630, 2860, 969, 986, 8194, 1663, 3034, 1644, 1419, 930, 2515, 2402, 2286, 3803, 1158, 3155, 2819, 1667, 4908, 1548, 1578, 2458, 913, 2345, 3107, 1475, 394, 2484, 2114, 1912, 1167, 1422, 397, 3254, 2108, 1186, 3216, 1731, 3871, 3418, 1349, 3256, 1831, 5547, 1513, 2261, 2316, 1334, 7713, 2904, 1696, 5948, 1531, 1700, 1271, 2015, 1473, 1140, 1728, 2882, 1141, 4476, 2072, 3099, 2525, 1955, 2502)
(62, 295): Mean: 2224.228, median: 1891.0, std: 1415.906, percent: 2167.08, B: 118, W: 132, 
	(2614, 1258, 1615, 9545, 3472, 1855, 1210, 2099, 1087, 2263, 1660, 1556, 1154, 1768, 3309, 1191, 3936, 3818, 2176, 3218, 1417, 1032, 2106, 1062, 2277, 1839, 1003, 2558, 1890, 1591, 3741, 2653, 3283, 1237, 1063, 2217, 1485, 2205, 2267, 2167, 1203, 2137, 1531, 2148, 1129, 2515, 1511, 1049, 8575, 1790, 895, 1674, 1329, 326, 1891, 5096, 684, 837, 3402, 3502, 2210, 3811, 2863, 1936, 2912, 4548, 1911, 1030, 549, 2017, 1252, 4167, 2445, 1947, 1753, 2242, 1252, 1070, 1709, 1105, 1346, 927, 2721, 1109, 1395, 1741, 1178, 662, 1408, 1607, 1299, 876, 2468, 1751, 3922, 2978, 1079, 1092, 1648, 926, 2096, 3777, 1369, 2716, 2101, 1759, 854, 402, 1773, 3274, 2634, 1117, 2091, 1137, 1021, 1595, 1816, 1621, 896, 2184, 3809, 1811, 1932, 692, 2107, 1713, 2398, 1481, 1282, 1849, 1167, 2252, 1481, 5910, 1965, 1662, 4637, 1825, 2306, 1981, 2264, 5344, 2115, 1379, 2324, 2279, 3992, 1803, 3814, 2571, 1630, 3818, 2005, 2133, 1435, 777, 4445, 2743, 9549, 2338, 3620, 2166, 1703, 1682, 941, 3205, 2198, 1904, 1766, 2943, 608, 2725, 714, 698, 2037, 1568, 1688, 1454, 1042, 3521, 3246, 1589, 1862, 1771, 2821, 993, 1004, 8007, 2198, 3180, 2008, 1679, 811, 2875, 2211, 2051, 4038, 1182, 2532, 2635, 1700, 4477, 1504, 1443, 2537, 871, 2203, 2937, 1941, 381, 2546, 2128, 1968, 1232, 1625, 556, 3113, 2136, 1162, 4055, 1687, 4099, 3018, 1538, 3072, 1820, 4987, 1678, 2564, 2710, 1506, 9349, 3247, 1556, 5944, 1602, 1563, 1265, 1843, 1273, 1039, 2136, 2464, 1320, 5102, 2232, 2983, 3059, 1891, 2885)
(63, 299): Mean: 2212.544, median: 1868.0, std: 1373.338, percent: 2127.32, B: 125, W: 124, 
	(2611, 1165, 1878, 10331, 3220, 2389, 1111, 1865, 1037, 2532, 1520, 1764, 1260, 1955, 4009, 1095, 4038, 3668, 2086, 3029, 1504, 878, 2022, 1023, 1803, 1726, 1015, 2237, 1965, 1825, 3391, 3014, 3046, 1194, 973, 2179, 1507, 2007, 2337, 1769, 1167, 2592, 1459, 2428, 1253, 2721, 1405, 1044, 6759, 1915, 977, 1972, 1336, 391, 1778, 5427, 647, 788, 3385, 3129, 1999, 3862, 2399, 2008, 2632, 4105, 1851, 978, 660, 2691, 1210, 4492, 2779, 1790, 1802, 1959, 1305, 1100, 1738, 1333, 1403, 983, 2740, 1118, 1251, 1444, 1178, 637, 1316, 1657, 1341, 803, 2676, 1822, 4506, 3455, 1100, 998, 1856, 807, 2166, 4644, 1471, 2783, 2233, 1605, 769, 415, 1536, 3850, 2646, 1081, 2150, 1182, 1125, 1674, 1675, 1921, 1036, 2715, 4078, 1729, 2061, 800, 2204, 1694, 2407, 1548, 1201, 2285, 1252, 2443, 1570, 6564, 2102, 1690, 3768, 1732, 2490, 1983, 2314, 5603, 2583, 1654, 2282, 2018, 4105, 1722, 3121, 2964, 1603, 3071, 1871, 1900, 1427, 674, 3862, 2982, 8351, 2191, 3464, 1922, 1736, 1563, 971, 2674, 2416, 1859, 1742, 3140, 681, 2529, 746, 767, 1854, 1491, 1823, 1356, 973, 3320, 4041, 1653, 1577, 1688, 2691, 1002, 798, 7719, 1884, 2621, 1707, 1423, 805, 2377, 2364, 2229, 3271, 1241, 3408, 2652, 1751, 4615, 1446, 1360, 2500, 911, 2646, 3182, 1784, 353, 2704, 2098, 1933, 1235, 1647, 575, 3284, 2099, 1255, 3071, 1805, 4209, 2995, 1352, 2504, 1682, 5597, 1596, 2856, 1968, 1497, 8492, 2922, 1468, 5372, 1666, 1494, 1164, 2071, 1245, 1096, 2079, 3302, 1128, 4812, 2080, 3236, 3099, 2024, 2787)
(66, 316): Mean: 2210.236, median: 1910.0, std: 1398.171, percent: 2127.98, B: 123, W: 127, 
	(3145, 1224, 1627, 10161, 3570, 2246, 1264, 1720, 1005, 2306, 1574, 1807, 1179, 1943, 3307, 1139, 3146, 3373, 1895, 3187, 1511, 1047, 2092, 1003, 2010, 1672, 1004, 2252, 1780, 2053, 3714, 2644, 3383, 1198, 961, 2377, 1600, 1866, 2494, 2046, 1108, 2225, 1637, 2164, 1037, 2797, 1460, 1129, 7019, 1732, 961, 1708, 1272, 364, 1804, 5532, 698, 706, 3221, 2876, 2149, 3711, 2499, 2172, 2427, 5036, 1908, 967, 615, 2188, 1214, 4006, 2581, 1913, 1779, 2119, 1422, 988, 1757, 1180, 1382, 911, 2462, 1065, 1463, 1536, 1103, 724, 1437, 1784, 1368, 748, 2692, 2126, 5463, 2973, 1147, 1084, 1863, 931, 2366, 4014, 1285, 2455, 2433, 1757, 871, 408, 1490, 3023, 2712, 1064, 2097, 1046, 1109, 1404, 1912, 1932, 1037, 2268, 4219, 1747, 2144, 711, 2566, 1783, 2139, 1765, 1168, 1988, 1195, 2405, 1590, 8924, 2192, 1427, 4013, 1701, 2505, 2163, 2081, 4950, 2157, 1524, 2096, 2115, 3392, 2002, 2926, 2863, 1517, 3199, 2080, 2174, 1527, 753, 4048, 3101, 9070, 2533, 3640, 2220, 1428, 1804, 917, 2829, 2554, 1880, 1662, 2956, 669, 2217, 826, 779, 1647, 1431, 1683, 1676, 1088, 3746, 3715, 1682, 1687, 1742, 2649, 935, 839, 8327, 2107, 2671, 1795, 1520, 825, 2763, 2436, 2044, 3658, 1244, 3395, 2386, 1470, 3734, 1339, 1323, 2476, 888, 3066, 3153, 1707, 320, 2552, 2270, 1937, 1225, 1480, 560, 2864, 2271, 1215, 3022, 1774, 3590, 3290, 1343, 2973, 1812, 5382, 1539, 2455, 2359, 1573, 7645, 3233, 1690, 4386, 1733, 1640, 1364, 1906, 1304, 1083, 2133, 2614, 1228, 5333, 2055, 3182, 3483, 1922, 2587)
(67, 318): Mean: 2204.164, median: 1882.5, std: 1395.877, percent: 2102.46, B: 131, W: 119, 
	(2505, 1220, 1787, 9716, 2755, 2090, 1079, 1952, 1216, 2206, 1448, 1842, 1072, 1769, 3246, 1244, 4263, 3931, 1999, 2859, 1538, 929, 2252, 1031, 1734, 1940, 1059, 1983, 1675, 1798, 3672, 2412, 3467, 1313, 908, 2384, 1429, 1756, 2365, 1959, 1195, 2514, 1477, 2238, 1054, 2566, 1361, 1048, 6341, 1731, 905, 1866, 1323, 381, 2108, 4878, 616, 705, 3296, 2854, 2213, 3370, 2707, 1986, 2701, 5247, 1780, 1002, 612, 2616, 1171, 4551, 2419, 2037, 1708, 2199, 1176, 1070, 1692, 1150, 1380, 885, 2653, 1162, 1342, 1514, 1298, 742, 1363, 1632, 1285, 836, 2589, 1935, 7066, 2957, 1103, 987, 1783, 911, 2111, 4056, 1335, 2907, 2179, 1725, 921, 569, 1529, 3656, 2839, 1140, 2203, 1223, 1119, 1425, 1763, 1705, 1066, 2320, 4073, 1741, 1862, 773, 2195, 1531, 2419, 1521, 1151, 1818, 1344, 2446, 1510, 7935, 2154, 1652, 4393, 1764, 2444, 1869, 2350, 5003, 2152, 1354, 2100, 2365, 3841, 1946, 2831, 2666, 1534, 3646, 2016, 2103, 1326, 676, 4014, 2561, 9818, 2614, 3282, 2070, 1444, 1726, 892, 2303, 2106, 1894, 1562, 3075, 706, 2681, 722, 796, 2028, 1391, 1861, 1307, 1023, 3421, 3863, 1711, 1718, 1741, 2695, 874, 861, 7192, 1955, 2213, 1825, 1598, 837, 2510, 2409, 2165, 3482, 1217, 3053, 2527, 1486, 4970, 1472, 1497, 2255, 951, 2930, 3118, 1958, 345, 2527, 2330, 2120, 1218, 1500, 553, 2992, 1871, 1156, 3146, 1829, 3611, 3537, 1241, 2743, 2087, 5831, 1538, 2587, 2399, 1483, 7413, 3100, 1695, 5320, 1509, 1650, 1247, 1916, 1429, 1184, 2229, 2698, 1126, 4969, 2209, 3143, 3053, 1909, 2833)
(68, 321): Mean: 2193.008, median: 1874.0, std: 1448.915, percent: 2018.62, B: 130, W: 120, 
	(2698, 1213, 1577, 12055, 2802, 2047, 1160, 1855, 1063, 2063, 1395, 1908, 1081, 1860, 3600, 1068, 3728, 3823, 2200, 2804, 1629, 945, 1957, 1000, 1960, 1730, 1140, 2425, 1811, 1747, 3356, 2575, 3007, 1232, 946, 2223, 1490, 1903, 2113, 1886, 1028, 2311, 1555, 2073, 977, 2934, 1315, 986, 7052, 1814, 935, 1704, 1243, 355, 1824, 5044, 585, 727, 3230, 2699, 2016, 3740, 2736, 2017, 2397, 4784, 1922, 948, 531, 2165, 1274, 4622, 2374, 1720, 1727, 2076, 1292, 1020, 1889, 1171, 1473, 973, 2325, 1148, 1438, 1409, 1122, 667, 1321, 1512, 1427, 920, 2371, 1734, 5186, 2843, 1000, 1031, 2079, 852, 1929, 4009, 1312, 2593, 2022, 1718, 807, 392, 1739, 3868, 2543, 1027, 2101, 1222, 1204, 1492, 1821, 1695, 1072, 2067, 4183, 1850, 2032, 627, 2430, 1631, 2523, 1433, 1179, 2126, 1184, 2229, 1551, 6278, 1991, 1500, 3981, 1802, 2729, 2118, 2252, 5910, 2151, 1450, 2076, 2004, 3990, 1948, 3285, 2805, 1492, 3426, 1934, 1862, 1476, 763, 3854, 2677, 8243, 2005, 3482, 2129, 1669, 1595, 1001, 2710, 2418, 2158, 1634, 2777, 650, 2531, 800, 625, 2122, 1405, 1721, 1319, 1011, 3113, 3173, 1506, 1708, 1801, 2549, 1050, 924, 7644, 1837, 2611, 1854, 1608, 835, 2776, 2352, 2069, 3706, 1256, 2812, 2646, 1709, 4949, 1540, 1368, 2438, 882, 2587, 2913, 1817, 352, 2289, 2493, 1814, 1230, 1829, 682, 3239, 2283, 1070, 3323, 1971, 3968, 2736, 1219, 2807, 1671, 6802, 1759, 2546, 2022, 1368, 9668, 3143, 1765, 6057, 1689, 1495, 1359, 2090, 1156, 1200, 1857, 2921, 1205, 4278, 2149, 2899, 2926, 2059, 2742)
(69, 327): Mean: 2210.516, median: 1857.5, std: 1473.877, percent: 2074.1, B: 118, W: 132, 
	(2813, 1216, 1631, 9779, 3565, 1843, 1217, 1944, 1098, 2353, 1518, 1737, 1145, 1854, 3465, 1246, 3272, 5382, 2177, 3351, 1374, 986, 2217, 1076, 1857, 1868, 1017, 2385, 1715, 1654, 3871, 2405, 3232, 1316, 900, 2292, 1581, 1771, 2303, 1989, 1084, 2464, 1381, 2088, 1276, 2511, 1364, 1075, 7535, 1697, 1005, 1854, 1276, 389, 2115, 6192, 655, 783, 4241, 2783, 2193, 3899, 2214, 2334, 2864, 4724, 1852, 942, 547, 2231, 1241, 4164, 2633, 1734, 1653, 2120, 1373, 1029, 1700, 1085, 1184, 852, 2573, 1150, 1359, 1473, 1170, 682, 1359, 1504, 1318, 839, 2550, 1836, 4627, 3165, 1066, 1043, 1947, 776, 2191, 4054, 1338, 2892, 2114, 1626, 872, 461, 1581, 3286, 2709, 1067, 2378, 1115, 1150, 1570, 1801, 1881, 1047, 2239, 4351, 1858, 1937, 803, 2278, 1795, 2337, 1601, 1315, 2053, 1087, 2226, 1637, 5142, 1982, 1394, 3926, 1720, 2556, 2058, 2415, 5303, 2032, 1611, 2075, 2216, 3612, 1721, 3287, 2482, 1321, 3273, 2127, 2128, 1437, 753, 4276, 2552, 9216, 1999, 2922, 1926, 1500, 1990, 892, 2634, 2328, 1944, 1605, 2866, 670, 2671, 694, 801, 2335, 1469, 1770, 1399, 1072, 3918, 3594, 1667, 1872, 1792, 2557, 980, 814, 12458, 1808, 3015, 1914, 1448, 782, 3092, 2367, 2001, 3818, 1173, 2780, 2568, 1681, 3744, 1473, 1477, 2677, 1024, 2238, 2751, 1693, 341, 2484, 2184, 2007, 1196, 1573, 560, 2790, 2057, 1300, 2886, 1693, 3829, 3583, 1349, 2724, 1746, 6308, 1507, 2166, 2430, 1444, 7367, 2693, 1588, 4992, 1699, 1589, 1435, 1803, 1360, 1122, 1993, 2598, 1246, 5390, 1834, 3237, 2603, 1820, 2987)
(70, 329): Mean: 2181.928, median: 1836.5, std: 1385.371, percent: 2054.8, B: 135, W: 114, 
	(3154, 1205, 1589, 10233, 2445, 1825, 1141, 1823, 1046, 2429, 1524, 1720, 1130, 1936, 3201, 1061, 3165, 4050, 1673, 2744, 1286, 950, 2147, 1079, 1981, 1917, 1019, 2228, 1767, 1712, 3704, 2364, 3216, 1179, 1073, 2128, 1471, 1695, 2224, 1946, 1208, 2549, 1643, 2414, 987, 2686, 1382, 1082, 8130, 1675, 948, 1832, 1227, 487, 1908, 5517, 614, 675, 3735, 2503, 2034, 3720, 3117, 1843, 2607, 4271, 1919, 959, 528, 2443, 1182, 4103, 2451, 1892, 1715, 1909, 1292, 1090, 1776, 1180, 1315, 996, 2535, 1115, 1425, 1539, 1170, 784, 1396, 1394, 1461, 758, 2272, 1699, 4753, 2925, 1142, 1097, 1863, 812, 2200, 3930, 1417, 2769, 2084, 1484, 820, 364, 1631, 2978, 2495, 1118, 1899, 1012, 1005, 1374, 1718, 1807, 1015, 1991, 4270, 1789, 2154, 656, 2480, 1604, 2503, 1772, 1212, 2436, 1195, 2064, 1576, 5856, 2342, 1514, 4048, 1766, 2586, 2353, 2149, 6231, 1999, 1533, 2424, 2049, 3631, 1616, 3033, 3000, 1525, 3108, 1824, 2036, 1207, 801, 4036, 2856, 8459, 2005, 3191, 1956, 1597, 1685, 880, 2487, 2371, 1816, 1741, 2721, 787, 2698, 716, 703, 1970, 1368, 1795, 1434, 1043, 3596, 4080, 1802, 1621, 2084, 2704, 1015, 849, 8112, 1847, 2861, 1975, 1841, 820, 2610, 2212, 2189, 3805, 1203, 2737, 2556, 1790, 4412, 1442, 1288, 2387, 888, 2681, 2846, 4021, 389, 2099, 2025, 1769, 1360, 1722, 433, 2618, 2207, 1158, 3038, 1793, 4210, 2713, 1501, 2563, 1764, 5695, 1616, 2750, 2629, 1403, 8533, 2894, 1757, 4720, 1654, 1557, 1216, 1765, 1289, 1251, 1788, 2464, 1276, 5134, 2138, 3300, 2683, 2017, 2685)
(74, 350): Mean: 2210.612, median: 1881.0, std: 1441.846, percent: 2089.5, B: 124, W: 124, 
	(2841, 1097, 1477, 8809, 2824, 1845, 1137, 1752, 1029, 2166, 1430, 1636, 1224, 1996, 3380, 1234, 3047, 4114, 2049, 2822, 1551, 1010, 2020, 1138, 2017, 1785, 1033, 2357, 1640, 1622, 3710, 3130, 3374, 1161, 964, 2575, 1455, 1729, 2222, 2005, 1090, 2510, 1385, 2229, 1156, 3127, 1449, 1031, 7968, 1950, 948, 1978, 1247, 440, 1654, 6521, 660, 757, 3090, 2744, 2201, 3625, 2835, 2088, 2468, 4324, 1794, 891, 594, 2377, 1104, 3825, 2662, 1637, 1687, 2134, 1263, 991, 1697, 1250, 1405, 933, 2725, 1128, 1380, 1511, 1104, 661, 1371, 1477, 1276, 984, 2337, 1755, 5710, 2889, 1075, 1052, 1868, 944, 2129, 3378, 1319, 2715, 2174, 1729, 755, 432, 1708, 3305, 2695, 1076, 1913, 1149, 1110, 1429, 1745, 1910, 1029, 2226, 4542, 1760, 2236, 718, 2536, 1810, 2399, 1844, 1257, 2350, 1136, 2682, 1432, 8238, 2146, 1451, 4459, 1955, 2428, 2111, 2136, 5120, 2244, 1539, 2141, 2303, 3562, 2051, 2916, 2575, 1383, 3313, 1913, 1919, 1423, 865, 4157, 2758, 7877, 1981, 3320, 2172, 1527, 1688, 909, 2674, 2326, 1812, 1694, 2681, 620, 2525, 698, 777, 2135, 1362, 1740, 1434, 1079, 3325, 3524, 1644, 1752, 2343, 2804, 962, 846, 8754, 1799, 2775, 1833, 1471, 928, 2652, 2499, 2011, 3739, 1337, 2843, 3001, 1689, 4586, 1411, 1564, 2152, 910, 2348, 3108, 2063, 365, 2071, 2728, 2248, 1146, 1516, 484, 3090, 2156, 1191, 3563, 1804, 3996, 2939, 1411, 2501, 1843, 6410, 1563, 2356, 2125, 1452, 10225, 3650, 1574, 5206, 1729, 1495, 1454, 1725, 1237, 1136, 1894, 2529, 1201, 5277, 1939, 2902, 3351, 1781, 2579)
(75, 353): Mean: 2167.068, median: 1876.5, std: 1406.056, percent: 2056.62, B: 145, W: 105, 
	(2922, 1201, 1569, 11146, 2742, 1969, 1103, 1764, 955, 2159, 1482, 1589, 1093, 2054, 3284, 1119, 3517, 3522, 1776, 2698, 1383, 929, 2062, 1105, 2006, 1882, 1112, 2230, 1878, 1676, 3286, 3086, 3135, 1107, 978, 2317, 1583, 1892, 2292, 1906, 1183, 2404, 1437, 2537, 1129, 2677, 1465, 980, 6431, 1736, 890, 1743, 1330, 426, 1573, 5833, 644, 708, 3494, 2444, 2100, 4417, 2371, 2041, 2422, 4441, 1774, 945, 491, 2506, 1072, 3664, 2531, 1784, 1652, 2218, 1409, 1181, 1636, 1233, 1271, 864, 2862, 1141, 1391, 1396, 1176, 686, 1265, 1708, 1241, 904, 2539, 1949, 4746, 2805, 1094, 1040, 2058, 853, 1961, 3784, 1273, 2629, 2277, 1626, 775, 466, 1644, 3291, 2544, 1149, 2114, 1147, 1213, 1436, 1805, 1732, 965, 2185, 4039, 1644, 2282, 794, 2653, 1639, 2623, 1541, 1251, 2017, 1085, 2355, 1534, 5976, 1896, 1540, 3840, 1942, 2378, 2232, 2656, 4975, 2138, 1560, 1935, 2057, 3710, 1935, 2866, 2731, 1477, 3170, 1845, 2006, 1602, 734, 3378, 2852, 9307, 2093, 3540, 1949, 1615, 1740, 953, 3078, 2200, 1778, 1683, 2757, 647, 2368, 703, 733, 1879, 1330, 1734, 1344, 1031, 3460, 3853, 1525, 1711, 1894, 2441, 1007, 892, 7803, 1930, 3101, 1852, 1450, 803, 2455, 2268, 2077, 3815, 1290, 2665, 2377, 1468, 4547, 1332, 1368, 2146, 895, 2446, 2988, 1720, 327, 2186, 2503, 2044, 1275, 1485, 519, 3177, 2228, 1144, 2699, 1733, 3723, 3262, 1298, 2462, 1702, 6218, 1605, 2542, 2081, 1275, 9191, 3034, 1601, 5608, 1839, 1594, 1233, 1701, 1351, 1094, 1866, 2809, 1269, 5540, 2241, 2617, 2702, 1875, 2719)
(78, 371): Mean: 2172.424, median: 1873.0, std: 1406.368, percent: 2082.3, B: 125, W: 124, 
	(2375, 1065, 1575, 11744, 2642, 1953, 1101, 1597, 1041, 2080, 1569, 1691, 1154, 1898, 3472, 1115, 3314, 4114, 2082, 3158, 1450, 997, 2275, 1039, 1959, 1557, 953, 1963, 1938, 1600, 3594, 2500, 3195, 1207, 962, 2236, 1682, 2069, 2192, 2159, 1157, 2726, 1271, 2156, 1040, 3020, 1314, 974, 7928, 1915, 850, 1762, 1271, 386, 1558, 4762, 559, 794, 2742, 2825, 2067, 4396, 2689, 2052, 2709, 4758, 2021, 996, 604, 2294, 1154, 4050, 2732, 1869, 1649, 2158, 1433, 1021, 1662, 1180, 1285, 856, 2486, 1036, 1429, 1421, 1154, 670, 1309, 1416, 1221, 763, 2444, 1687, 4396, 2990, 1101, 1058, 1928, 790, 2122, 4476, 1410, 2653, 1966, 1606, 822, 438, 1719, 3415, 2529, 1183, 2133, 1023, 1137, 1372, 1792, 1781, 1006, 2541, 4481, 1814, 2096, 706, 2326, 1649, 2192, 1702, 1401, 1877, 1086, 2245, 1491, 5058, 1952, 1452, 3750, 1719, 2699, 1992, 2523, 5488, 2090, 1528, 2224, 2259, 3814, 1818, 2813, 2601, 1512, 3259, 1852, 2152, 1241, 785, 3902, 2617, 8524, 1946, 3604, 2231, 1563, 1493, 906, 3533, 2237, 1740, 1746, 2529, 677, 2680, 712, 731, 1827, 1416, 1887, 1387, 1045, 3399, 3141, 1677, 1597, 1985, 2712, 953, 859, 7823, 1794, 2571, 1886, 1465, 803, 2535, 2171, 1900, 4127, 1161, 3072, 3176, 1751, 5246, 1497, 1323, 2357, 915, 2894, 2718, 2088, 341, 2366, 2431, 1758, 1136, 1538, 498, 3055, 2038, 1214, 3288, 1849, 3822, 3684, 1331, 2328, 1563, 6464, 1392, 2418, 2154, 1604, 7630, 3062, 1591, 5150, 1838, 1539, 1380, 1794, 1191, 1153, 2056, 2617, 1208, 4811, 2026, 3180, 2548, 1844, 2705)
(79, 376): Mean: 2152.784, median: 1871.0, std: 1383.783, percent: 2017.68, B: 142, W: 106, 
	(3446, 1092, 1603, 9104, 2524, 1938, 1042, 1687, 1129, 2455, 1428, 1688, 1146, 1956, 3355, 1319, 3667, 3772, 1889, 2972, 1563, 934, 2182, 1073, 1860, 1773, 1021, 2068, 1836, 1637, 3431, 2717, 3791, 1168, 983, 2061, 1658, 1829, 2111, 2038, 1149, 2290, 1512, 2299, 1057, 2427, 1249, 981, 8041, 1720, 909, 1759, 1280, 386, 1616, 4824, 554, 692, 3226, 2524, 2001, 3728, 2668, 1786, 2678, 4687, 2014, 1001, 607, 2505, 1031, 3750, 2134, 1817, 1517, 2396, 1261, 1111, 1693, 1178, 1280, 997, 2718, 1106, 1390, 1455, 1127, 602, 1408, 1407, 1365, 741, 2635, 1903, 4848, 3192, 1038, 994, 1926, 860, 2257, 3604, 1302, 2331, 2053, 1496, 788, 420, 1671, 3294, 2742, 1057, 2124, 1065, 1111, 1383, 1878, 1984, 998, 2239, 4266, 2154, 1864, 699, 2603, 1465, 2110, 1560, 1278, 1910, 1226, 2105, 1630, 6575, 1907, 1473, 3700, 1803, 2516, 2121, 2192, 5363, 2191, 1284, 2171, 2049, 3345, 1757, 3102, 2563, 1490, 3247, 1742, 2037, 1363, 646, 3860, 2814, 7948, 2055, 2930, 2071, 1446, 1636, 865, 2691, 2241, 1870, 1598, 2940, 632, 2557, 765, 732, 1939, 1374, 1575, 1308, 1068, 3521, 3755, 1517, 1940, 1801, 2750, 1021, 941, 8518, 1872, 2765, 1700, 1431, 808, 2685, 2439, 2148, 4007, 1262, 2829, 2209, 1670, 4652, 1479, 1262, 1987, 949, 2601, 2925, 1920, 325, 2642, 2429, 1911, 1274, 1483, 576, 3223, 1976, 1066, 2683, 1749, 3758, 2919, 1272, 2352, 1562, 6155, 1650, 2740, 2276, 1343, 10012, 2738, 1704, 4929, 1739, 1607, 1327, 1787, 1184, 1120, 2024, 2617, 1128, 4680, 2030, 3008, 2822, 1900, 2897)
(80, 380): Mean: 2178.908, median: 1869.5, std: 1360.042, percent: 2060.84, B: 105, W: 144, 
	(3032, 1307, 1590, 10161, 2626, 1818, 1164, 1921, 1091, 2303, 1524, 1721, 1272, 1971, 3018, 1193, 3292, 4498, 1727, 3073, 1583, 1027, 2195, 1159, 1976, 1685, 968, 2281, 1573, 1836, 3791, 2669, 3461, 1209, 889, 2047, 1520, 2349, 2525, 2249, 1282, 2391, 1414, 2226, 1189, 2504, 1479, 1095, 7504, 1707, 844, 1830, 1343, 327, 1604, 5253, 650, 764, 3267, 3295, 2134, 4048, 2629, 1939, 2525, 4286, 1780, 969, 655, 2616, 1108, 3754, 2279, 1867, 1685, 2277, 1210, 983, 1664, 1154, 1469, 914, 2859, 1136, 1347, 1450, 1086, 702, 1416, 1657, 1289, 874, 2527, 1828, 5395, 3279, 1121, 1046, 1939, 986, 1947, 4239, 1236, 2652, 2180, 1670, 901, 403, 1700, 3499, 2623, 1098, 1947, 1161, 1110, 1884, 1683, 1795, 1147, 2162, 3801, 1690, 1897, 780, 2395, 1523, 2384, 1680, 1145, 1986, 1215, 2403, 1413, 4806, 2091, 1414, 4199, 1912, 2424, 1710, 2395, 5221, 2011, 1358, 2121, 2293, 4145, 1744, 2825, 2860, 1571, 3141, 1774, 1758, 1470, 736, 3867, 2705, 8195, 2174, 2983, 1945, 1594, 2031, 1014, 2762, 2449, 2009, 1551, 2625, 654, 2337, 739, 708, 1929, 1413, 1682, 1446, 1107, 3551, 3337, 1861, 1606, 1792, 2764, 958, 954, 7854, 2020, 2852, 1974, 1548, 800, 2484, 2622, 2394, 3842, 1251, 2960, 2535, 1744, 4925, 1562, 1501, 2085, 928, 2613, 2906, 1613, 317, 2415, 2048, 1866, 1137, 1487, 605, 2910, 2178, 1255, 2869, 1878, 3929, 2977, 1321, 2466, 1635, 5274, 1759, 2813, 2232, 1316, 8977, 3001, 1595, 6209, 1572, 1607, 1337, 1980, 1228, 1090, 1872, 2644, 1235, 4384, 1945, 3461, 2808, 2000, 2868)
(81, 383): Mean: 2184.488, median: 1859.5, std: 1352.36, percent: 2106.54, B: 124, W: 126, 
	(3256, 1291, 1533, 10752, 2835, 2099, 1267, 1938, 1028, 2646, 1461, 1703, 1112, 1931, 3149, 1180, 3643, 4018, 2255, 3038, 1625, 968, 2024, 1090, 2087, 1766, 1047, 2114, 1684, 1552, 3505, 2363, 3645, 1155, 1049, 2108, 1560, 1901, 2091, 2107, 1153, 2444, 1475, 2173, 1186, 3083, 1288, 960, 5904, 1782, 854, 1829, 1183, 350, 1752, 4810, 590, 796, 3511, 2741, 2191, 3744, 2798, 1958, 2866, 4811, 2042, 965, 494, 2158, 1162, 3970, 2251, 1957, 1831, 1835, 1258, 1038, 1630, 1135, 1551, 898, 2907, 1108, 1431, 1416, 1226, 648, 1398, 1529, 1326, 965, 2543, 1984, 5184, 2970, 1161, 1132, 1725, 941, 2104, 3885, 1312, 2995, 2047, 1684, 847, 394, 1656, 3444, 2879, 1226, 2259, 1341, 1121, 1491, 1754, 1772, 1040, 2416, 3881, 1863, 1832, 579, 2234, 1717, 2272, 1632, 1136, 1901, 1211, 2542, 1629, 5892, 1833, 1480, 3838, 1699, 2248, 2008, 2492, 5405, 2134, 1293, 2019, 2318, 3755, 1981, 3022, 2499, 1456, 3238, 2011, 1850, 1316, 741, 3513, 2554, 7754, 2119, 3094, 2159, 1326, 1766, 919, 2803, 2273, 1742, 1771, 2938, 581, 2756, 696, 710, 1971, 1595, 1836, 1371, 1103, 3453, 3846, 1806, 1856, 1845, 2469, 950, 958, 7435, 1823, 2634, 1776, 1671, 824, 2635, 2432, 2094, 4361, 1266, 2479, 2749, 1994, 5089, 1471, 1397, 2218, 956, 2380, 2862, 1981, 387, 2117, 1951, 1935, 1255, 1548, 571, 3108, 2066, 1306, 3671, 1841, 4366, 3226, 1278, 2930, 1626, 5840, 1516, 2206, 2289, 1267, 8007, 3058, 1512, 6040, 1990, 1558, 1374, 2035, 1179, 1141, 1995, 2728, 1176, 5602, 1779, 3829, 2682, 1821, 3055)
(96, 472): Mean: 2227.672, median: 1860.0, std: 1459.599, percent: 2114.52, B: 113, W: 134, 
	(2595, 1267, 1643, 9968, 3224, 2005, 1096, 1976, 1007, 2303, 1512, 1527, 1092, 1667, 3408, 1196, 3605, 4547, 1863, 2999, 1760, 924, 2068, 1098, 1894, 1828, 967, 2140, 1859, 1624, 3596, 2494, 3137, 1334, 937, 1995, 1851, 1886, 2164, 2102, 1141, 2505, 1540, 2239, 1006, 2740, 1390, 971, 7613, 1884, 871, 2088, 1338, 381, 1558, 6975, 673, 717, 3431, 3042, 2017, 4146, 2491, 1883, 4089, 4703, 1824, 948, 535, 2442, 1190, 3777, 2323, 1603, 1622, 2076, 1463, 1055, 1774, 1251, 1368, 872, 2633, 1181, 1344, 1654, 1178, 706, 1412, 1527, 1286, 955, 2340, 1934, 5822, 2887, 1042, 1043, 1857, 852, 2140, 3747, 1358, 2503, 2074, 1679, 838, 438, 1822, 3609, 2442, 1136, 2166, 1226, 1085, 1509, 1743, 1747, 969, 2209, 4111, 1861, 2112, 779, 2864, 1688, 2530, 1466, 1298, 2100, 1223, 2612, 1793, 7312, 2178, 1497, 3494, 1746, 2623, 2183, 2050, 5733, 2178, 1422, 2112, 2264, 4228, 2271, 3384, 2925, 1455, 3273, 1834, 2019, 1391, 701, 3571, 2681, 7666, 1823, 2968, 2052, 1495, 1714, 907, 3107, 2315, 1946, 1783, 2926, 686, 2380, 696, 722, 1971, 1471, 1787, 1408, 1073, 3213, 3126, 1556, 1711, 1646, 2823, 1021, 902, 8713, 1855, 2846, 1843, 1496, 813, 2807, 2541, 2181, 3368, 1328, 2830, 2716, 1776, 5810, 1512, 1397, 2473, 974, 2871, 2781, 1704, 396, 2153, 2424, 1991, 1123, 1546, 644, 3203, 2012, 1335, 3595, 1777, 4103, 3019, 1167, 2553, 1814, 6935, 1621, 2530, 2374, 1297, 9361, 2968, 1743, 4945, 1721, 1557, 1378, 1867, 1207, 1086, 2239, 2979, 1251, 5828, 1947, 3175, 3181, 1850, 2726)
(97, 475): Mean: 2196.192, median: 1859.0, std: 1377.569, percent: 2146.94, B: 127, W: 122, 
	(3038, 1170, 1661, 10613, 3390, 1874, 1171, 2029, 1133, 2746, 1836, 2000, 1029, 2004, 3646, 1131, 3234, 3571, 2115, 2751, 1426, 1075, 2125, 1135, 1900, 1724, 964, 2259, 1919, 1685, 3181, 2778, 3245, 1176, 1083, 2164, 1504, 1940, 2312, 1979, 1158, 2446, 1490, 2152, 1236, 2956, 1382, 988, 5453, 1781, 915, 1737, 1233, 319, 1653, 5839, 629, 652, 3263, 3156, 2051, 4267, 2696, 2049, 2997, 4299, 1847, 979, 527, 2162, 1093, 3417, 2376, 1809, 1746, 1850, 1329, 1028, 1812, 1114, 1336, 906, 2803, 1135, 1374, 1538, 1210, 665, 1321, 1571, 1454, 849, 2311, 1891, 5272, 3217, 1174, 1085, 1631, 919, 2106, 3891, 1349, 2983, 2341, 1714, 893, 431, 1764, 3139, 3081, 1137, 1981, 1184, 1116, 1596, 1718, 1751, 992, 2237, 3912, 1868, 2227, 549, 2603, 1468, 2299, 1552, 1144, 2033, 1164, 2350, 1538, 5818, 2208, 1422, 4200, 1723, 2505, 2124, 2313, 5656, 2156, 1360, 2324, 1992, 3570, 1824, 3148, 2815, 1486, 3231, 1836, 2063, 1413, 766, 3796, 2848, 8971, 2060, 3348, 2138, 1354, 1689, 975, 3216, 2316, 2070, 1765, 2978, 625, 2656, 755, 750, 2057, 1421, 1713, 1487, 1129, 3504, 4036, 1605, 1687, 2100, 2762, 1018, 888, 7348, 1679, 3141, 1824, 1543, 742, 3060, 2471, 2315, 3553, 1212, 2866, 2675, 1770, 4302, 1434, 1446, 2331, 897, 2662, 2961, 1743, 398, 2440, 2789, 1816, 1096, 1360, 484, 2795, 1926, 1268, 2939, 1697, 3660, 3715, 1402, 2647, 1947, 6809, 1652, 2374, 2442, 1426, 9170, 3220, 1720, 4748, 1539, 1451, 1271, 1844, 1207, 1181, 1954, 2685, 1235, 4449, 2120, 3355, 3174, 1846, 2777)
(98, 479): Mean: 2163.26, median: 1838.5, std: 1420.636, percent: 2029.06, B: 148, W: 102, 
	(2695, 1147, 1564, 10584, 2562, 1815, 1076, 1782, 1067, 2209, 1590, 1755, 1202, 2116, 3693, 1180, 2955, 3300, 2153, 2713, 1421, 968, 2141, 941, 1840, 1733, 1080, 2156, 1834, 1615, 3550, 2629, 3593, 1146, 915, 2120, 1593, 1693, 2396, 2059, 1145, 2487, 1489, 2324, 995, 3039, 1396, 980, 8332, 1706, 983, 1811, 1159, 415, 1602, 6858, 648, 799, 3131, 2973, 2042, 3839, 2728, 1941, 2561, 5018, 1907, 973, 507, 2205, 1194, 3378, 2895, 1782, 1528, 1995, 1241, 939, 1913, 1305, 1424, 939, 2420, 1173, 1350, 1616, 1348, 655, 1462, 1409, 1256, 816, 2363, 1856, 4585, 3410, 1145, 990, 1791, 818, 2291, 3288, 1299, 2466, 2073, 1513, 691, 439, 1493, 3275, 2572, 1091, 1994, 1105, 1109, 1338, 1865, 1938, 1061, 2600, 4459, 1760, 1790, 675, 2478, 1622, 2430, 1704, 1092, 1919, 1111, 2499, 1412, 6816, 2216, 1351, 3437, 1857, 2322, 2229, 2004, 5747, 2193, 1397, 2108, 2231, 3661, 1791, 2832, 2568, 1604, 3174, 1778, 1882, 1353, 784, 3791, 2881, 9177, 2126, 3147, 2070, 1575, 1656, 855, 2722, 2482, 1840, 1708, 2668, 599, 2489, 699, 725, 1837, 1490, 1677, 1352, 1138, 3483, 3338, 1525, 1896, 1762, 2547, 1000, 917, 7609, 1864, 2563, 1813, 1550, 831, 2670, 2257, 2026, 3938, 1223, 2948, 2699, 1731, 4725, 1378, 1419, 2234, 871, 2633, 2605, 1915, 294, 2382, 2277, 1899, 1109, 1598, 536, 2835, 2161, 1227, 2856, 1597, 3547, 2993, 1394, 2393, 1673, 6286, 1433, 2722, 2342, 1344, 8112, 3297, 1696, 5093, 1602, 1523, 1227, 1990, 1148, 1193, 1820, 2540, 999, 5414, 2126, 3385, 2805, 1645, 2271)

Test:
No precond: Mean: 2497.244, median: 2230.5, std: 1214.669, percent: 2491.02, flag: 0 
	(950, 1877, 1941, 3744, 1247, 5987, 1591, 2381, 2752, 2719, 2593, 1137, 1253, 4091, 1708, 6313, 1086, 1351, 2778, 2363, 2458, 3768, 1766, 673, 2961, 2180, 1841, 2736, 5944, 3685, 3480, 2306, 2914, 2443, 1792, 2633, 2141, 4723, 964, 5409, 1415, 1365, 2197, 2119, 4040, 2732, 2921, 4361, 3014, 957, 2406, 2700, 1016, 2727, 1027, 2206, 4471, 5667, 1023, 2254, 1165, 1674, 3359, 1425, 1789, 2027, 2275, 3964, 2649, 2021, 4787, 1110, 2587, 2272, 1938, 2301, 5418, 2672, 1851, 975, 2245, 1659, 1756, 2166, 2142, 1639, 2126, 577, 1965, 3532, 3207, 1680, 1477, 2114, 2249, 1844, 6588, 3956, 3429, 1896, 2283, 2294, 1954, 1963, 5632, 2312, 1484, 5220, 3578, 1482, 1083, 1703, 2010, 1982, 2121, 1963, 1474, 3246, 3444, 1895, 1519, 1214, 1727, 3619, 2218, 2905, 1983, 1012, 3293, 1160, 4712, 3107, 2411, 2979, 3354, 1456, 2438, 1712, 1625, 2868, 1529, 2304, 1987, 1497, 3180, 721, 1195, 1917, 1328, 924, 3485, 814, 4130, 3147, 3932, 2682, 3182, 1594, 2130, 2582, 1685, 1483, 3374, 4695, 2891, 3307, 3968, 3869, 2384, 1420, 3376, 2724, 4297, 1429, 1424, 3804, 2088, 3379, 1458, 3026, 1638, 3871, 1794, 779, 5650, 893, 4333, 1585, 2784, 1212, 2860, 2502, 1756, 1301, 1700, 1520, 1457, 2108, 2847, 1731, 5055, 3275, 801, 1719, 2677, 3232, 2390, 1571, 1775, 1773, 5055, 2885, 1386, 2727, 1195, 3078, 5249, 2163, 1890, 1574, 3070, 1313, 3534, 2465, 1861, 6735, 3555, 3290, 1992, 2142, 4196, 414, 3297, 4340, 1567, 4321, 2878, 2612, 1249, 1405, 2994, 2379, 2402, 2623, 2127, 1920, 1607, 2076, 2243, 1334)

Jacobi: Mean: 2079.96, median: 1846.5, std: 1147.316, percent: 2054.8,, BvN: 230, WvN: 20, flag: 0 
	(743, 1369, 1195, 3231, 1009, 7387, 1727, 1614, 2239, 2554, 2275, 1024, 1025, 5804, 1392, 6411, 954, 1206, 2706, 1704, 2675, 2968, 1375, 575, 2623, 1668, 1803, 2268, 6098, 2546, 3110, 2118, 2038, 1593, 1423, 2732, 1976, 4085, 744, 6085, 1046, 1389, 1646, 1666, 2604, 1925, 2403, 3549, 2445, 862, 1575, 2241, 624, 2549, 759, 2428, 3182, 3671, 798, 1894, 1201, 1351, 2818, 1136, 1333, 1661, 1858, 4547, 1978, 1662, 3927, 766, 2296, 1997, 1257, 2321, 5079, 2090, 1426, 630, 1914, 1333, 1370, 1692, 1945, 1182, 1937, 385, 1552, 2907, 2769, 1315, 1330, 1709, 1746, 1488, 4297, 3849, 2967, 1630, 1962, 1618, 1884, 1519, 5188, 1964, 1223, 4390, 2857, 998, 753, 1422, 1762, 1366, 1818, 1835, 1100, 2322, 2520, 1718, 1195, 883, 1435, 2633, 2034, 2510, 1484, 787, 2648, 793, 4577, 2329, 1947, 2536, 2555, 1334, 1899, 1378, 1208, 1982, 1252, 1917, 1642, 1197, 3899, 524, 828, 1798, 948, 724, 3138, 538, 4350, 2747, 3355, 2293, 2085, 1131, 1862, 1436, 1299, 851, 2879, 3337, 2748, 2963, 2972, 3018, 2269, 1145, 3289, 1992, 3374, 1441, 1136, 3043, 1875, 2666, 1316, 2061, 1284, 3206, 1368, 568, 4790, 833, 2808, 1211, 3047, 830, 2581, 1833, 1583, 963, 1240, 1198, 1172, 1538, 2347, 1539, 3445, 2356, 499, 1474, 2228, 2595, 1739, 1293, 1298, 1665, 3433, 2055, 1090, 2758, 995, 2370, 5143, 1586, 1301, 1222, 2737, 994, 3193, 1869, 1662, 4635, 2344, 2330, 1485, 2023, 3689, 325, 4013, 2987, 1247, 4158, 2050, 1719, 893, 877, 2201, 2069, 2307, 1994, 1959, 1607, 1329, 1677, 2358, 1092)

Last: Mean: 2098.376, median: 1799.0, std: 1201.962, percent: 2028.52, BvN: 229, WvN: 20, BvJ: 125, WvJ: 125, flag: 0 
	(793, 1153, 1520, 3141, 946, 5446, 1448, 1552, 2266, 2368, 2523, 1226, 895, 6708, 1484, 8087, 1078, 1228, 2577, 1999, 2519, 3117, 1409, 578, 2606, 1579, 1565, 1869, 5886, 2814, 3235, 2293, 2016, 1921, 1407, 2413, 1697, 4064, 793, 7745, 1183, 1475, 1528, 1628, 2557, 2176, 2333, 3701, 2382, 751, 1705, 2519, 724, 2682, 843, 2406, 3535, 4643, 740, 1776, 1081, 1260, 2658, 1005, 1561, 1789, 1728, 3947, 1884, 1744, 3637, 820, 2443, 1728, 1217, 2240, 4600, 2086, 1335, 638, 1971, 1236, 1442, 1592, 1796, 1247, 1652, 376, 1604, 3632, 2462, 1266, 1277, 1587, 1815, 1537, 4907, 4201, 3000, 1533, 2276, 1875, 1598, 1569, 4583, 1959, 1061, 5196, 2823, 1140, 838, 1448, 1702, 1489, 1862, 1959, 1021, 2517, 2328, 1802, 1151, 831, 1457, 2914, 2082, 2038, 1647, 767, 2781, 750, 4305, 2209, 1989, 2483, 2972, 1458, 1849, 1383, 1107, 2128, 1345, 1815, 1633, 1291, 3833, 536, 826, 1775, 942, 759, 2927, 526, 4404, 2375, 3583, 2268, 1758, 1251, 1716, 1518, 1322, 1013, 2588, 2838, 2370, 2471, 2588, 2681, 2217, 1036, 2969, 1938, 3236, 1429, 1169, 3351, 1878, 3175, 1408, 2124, 1062, 2995, 1529, 604, 5199, 787, 2845, 1166, 3051, 924, 2973, 2164, 1605, 1045, 1340, 1191, 1286, 1442, 2552, 1615, 3521, 2435, 562, 1621, 2164, 2697, 1771, 1483, 1425, 2065, 3665, 1927, 1077, 2133, 972, 2308, 5769, 1665, 1290, 1134, 2598, 978, 3759, 1817, 1684, 4757, 2743, 2432, 1479, 1950, 3335, 367, 3580, 3139, 1291, 4154, 2473, 1697, 817, 813, 2614, 1932, 1721, 1916, 2168, 1859, 1209, 1718, 2636, 885)

[-0.02374876 -0.02523505 -0.0207294  -0.0090892  -0.03685182 -0.0191778
  0.01129651 -0.03567377 -0.01681195 -0.03310712]
