
21/04/2026, 11:51:24
Config file: test_config.ini
Data:
	1d_laplace_size: 10
	amount: 250
	dist_type: uniform
	params: 1 0.45
	seed: 0
	dim: 100
Solver:
	tol: 1e-10
	max_iteration: 500000
Learn:
	iteration_count: 11
	step_range: 0.1
	method: sign
	seed: 0
	change_scales: 1 0.5 0.25
	allow_disimprovement: True
	disimprovement_scale: 1
	median_best_scale: 0.5
	mean_best_scale: 0.5
Precondition:
	dist_type: normal
	params: 0 0.05
	num_coef: 2
	par_list: 1 1
	diag_list: 1 -1
	type: diag_shift
	diag: jacobi
	sym: False

Train:

21/04/2026, 11:57:18
Config file: test_config.ini
Data:
	1d_laplace_size: 10
	amount: 250
	dist_type: uniform
	params: 1 0.45
	seed: 0
	dim: 100
Solver:
	tol: 1e-10
	max_iteration: 500000
Learn:
	iteration_count: 11
	step_range: 0.1
	method: sign
	seed: 0
	change_scales: 1 0.5 0.25
	allow_disimprovement: True
	disimprovement_scale: 1
	median_best_scale: 0.5
	mean_best_scale: 0.5
Precondition:
	dist_type: normal
	params: 0 0.05
	num_coef: 2
	par_list: 1 1
	diag_list: 1 -1
	type: diag_shift
	diag: jacobi
	sym: False

Train:

21/04/2026, 11:57:32
Config file: test_config.ini
Data:
	1d_laplace_size: 10
	amount: 250
	dist_type: uniform
	params: 1 0.45
	seed: 0
	dim: 100
Solver:
	tol: 1e-10
	max_iteration: 500000
Learn:
	iteration_count: 11
	step_range: 0.1
	method: sign
	seed: 0
	change_scales: 1 0.5 0.25
	allow_disimprovement: True
	disimprovement_scale: 1
	median_best_scale: 0.5
	mean_best_scale: 0.5
	flag_count_limit: 0
Precondition:
	dist_type: normal
	params: 0 0.05
	num_coef: 2
	par_list: 1 1
	diag_list: 1 -1
	type: diag_shift
	diag: jacobi
	sym: False

Train:
(0, 1): Mean: 56.964, median: 51.5, std: 25.804, percent: 58.08, B: 250, W: 0, 
	(56, 117, 55, 97, 40, 77, 38, 55, 37, 39, 33, 42, 28, 63, 39, 90, 35, 34, 30, 88, 54, 30, 102, 51, 28, 38, 33, 114, 41, 42, 42, 21, 57, 47, 33, 56, 35, 73, 36, 30, 37, 55, 58, 33, 97, 40, 28, 38, 22, 53, 54, 45, 66, 113, 35, 61, 25, 31, 23, 45, 47, 95, 91, 113, 55, 34, 91, 39, 79, 61, 45, 62, 29, 80, 73, 44, 77, 71, 52, 85, 41, 29, 60, 49, 43, 86, 70, 76, 86, 78, 63, 23, 60, 89, 38, 87, 105, 29, 32, 50, 29, 32, 43, 46, 43, 44, 25, 111, 73, 41, 81, 50, 40, 22, 27, 88, 61, 72, 68, 51, 44, 54, 56, 97, 32, 29, 56, 80, 80, 59, 93, 55, 116, 42, 61, 37, 41, 50, 50, 71, 67, 41, 40, 21, 61, 44, 32, 30, 23, 38, 82, 55, 69, 94, 138, 121, 90, 37, 45, 137, 56, 35, 46, 35, 44, 29, 98, 32, 42, 31, 78, 37, 68, 36, 64, 65, 38, 81, 34, 32, 96, 32, 65, 81, 37, 34, 39, 65, 65, 97, 62, 67, 33, 36, 73, 28, 109, 112, 70, 114, 36, 55, 100, 20, 48, 33, 67, 20, 72, 133, 31, 95, 26, 76, 65, 84, 33, 61, 38, 60, 67, 32, 45, 80, 59, 83, 28, 37, 68, 110, 75, 69, 75, 32, 29, 53, 55, 81, 37, 74, 47, 89, 72, 102, 72, 27, 29, 46, 26, 46)
(1, 2): Mean: 49.26, median: 45.0, std: 22.545, percent: 49.5, B: 223, W: 23, 
	(50, 108, 54, 84, 34, 71, 33, 56, 33, 32, 27, 35, 22, 44, 34, 79, 31, 29, 29, 96, 59, 26, 81, 43, 25, 33, 30, 85, 33, 36, 35, 16, 65, 37, 29, 51, 34, 60, 30, 24, 29, 40, 51, 27, 81, 32, 22, 32, 17, 46, 54, 37, 56, 76, 33, 56, 21, 28, 18, 36, 41, 96, 97, 105, 51, 27, 92, 30, 65, 64, 38, 57, 25, 69, 59, 45, 63, 70, 47, 61, 37, 29, 53, 44, 36, 72, 64, 66, 72, 67, 52, 18, 48, 75, 32, 71, 106, 28, 27, 42, 22, 27, 39, 40, 40, 39, 20, 95, 47, 36, 74, 40, 34, 19, 23, 59, 49, 64, 64, 40, 41, 48, 62, 67, 30, 28, 47, 54, 72, 61, 98, 55, 69, 38, 51, 32, 37, 38, 46, 63, 51, 36, 34, 18, 53, 38, 27, 23, 20, 30, 66, 45, 72, 76, 102, 101, 75, 33, 40, 106, 51, 31, 42, 31, 39, 28, 68, 26, 38, 25, 63, 29, 48, 31, 54, 54, 32, 62, 26, 27, 89, 23, 51, 76, 32, 29, 33, 62, 49, 79, 50, 55, 28, 31, 83, 25, 71, 118, 70, 95, 34, 59, 62, 15, 41, 28, 58, 16, 59, 109, 25, 89, 22, 69, 52, 72, 30, 59, 37, 57, 70, 26, 35, 77, 52, 73, 21, 30, 79, 102, 81, 48, 77, 27, 24, 45, 54, 53, 31, 75, 42, 77, 63, 81, 66, 23, 26, 49, 23, 38)
(2, 4): Mean: 45.98, median: 42.0, std: 20.725, percent: 47.08, B: 188, W: 32, 
	(60, 106, 49, 76, 31, 76, 31, 56, 31, 32, 25, 32, 20, 36, 33, 84, 28, 26, 28, 73, 52, 25, 79, 44, 25, 33, 29, 78, 29, 32, 33, 15, 47, 36, 28, 52, 33, 60, 28, 24, 28, 34, 45, 25, 81, 33, 21, 30, 17, 44, 48, 35, 47, 92, 33, 56, 21, 26, 17, 33, 40, 94, 95, 86, 42, 26, 80, 26, 62, 61, 38, 58, 25, 79, 55, 40, 62, 67, 39, 57, 34, 28, 57, 42, 34, 68, 60, 62, 69, 69, 51, 16, 45, 85, 31, 53, 86, 25, 23, 37, 21, 26, 34, 35, 40, 35, 18, 94, 52, 34, 69, 34, 32, 16, 20, 56, 43, 64, 58, 44, 40, 47, 49, 68, 28, 26, 54, 49, 66, 55, 87, 48, 53, 34, 47, 31, 32, 37, 46, 60, 37, 31, 34, 18, 52, 33, 23, 23, 19, 26, 62, 46, 75, 68, 62, 98, 72, 28, 38, 95, 44, 27, 42, 28, 36, 22, 66, 25, 35, 24, 64, 26, 45, 30, 54, 59, 28, 61, 24, 27, 77, 23, 47, 69, 31, 23, 32, 54, 54, 78, 53, 53, 26, 31, 60, 25, 63, 106, 68, 83, 34, 55, 70, 15, 37, 28, 60, 15, 48, 87, 22, 84, 21, 64, 57, 77, 29, 54, 35, 58, 56, 26, 31, 54, 50, 69, 21, 28, 68, 91, 71, 50, 62, 28, 22, 46, 45, 59, 29, 70, 39, 71, 54, 69, 59, 21, 22, 41, 21, 39)
(3, 6): Mean: 45.528, median: 41.0, std: 20.361, percent: 46.92, B: 99, W: 95, 
	(53, 96, 52, 79, 32, 82, 31, 51, 32, 33, 25, 33, 20, 42, 32, 67, 27, 26, 29, 79, 45, 26, 70, 42, 24, 33, 30, 76, 30, 31, 33, 15, 44, 35, 26, 53, 33, 56, 27, 24, 28, 36, 46, 25, 74, 31, 20, 30, 18, 48, 42, 35, 47, 84, 33, 63, 21, 26, 16, 32, 40, 69, 75, 91, 40, 24, 82, 26, 65, 63, 36, 64, 23, 65, 60, 38, 53, 60, 45, 56, 34, 29, 65, 42, 31, 64, 56, 65, 67, 56, 50, 17, 47, 70, 33, 63, 91, 25, 23, 36, 21, 26, 34, 35, 40, 37, 18, 90, 41, 34, 73, 35, 32, 17, 21, 58, 50, 65, 68, 38, 41, 46, 57, 68, 29, 25, 50, 50, 76, 54, 77, 54, 56, 33, 50, 30, 30, 36, 46, 65, 35, 30, 33, 17, 51, 32, 24, 22, 19, 27, 71, 41, 61, 75, 58, 84, 68, 29, 38, 77, 40, 27, 37, 30, 34, 21, 81, 25, 38, 24, 76, 26, 46, 30, 43, 48, 29, 51, 24, 28, 82, 23, 48, 60, 31, 24, 33, 53, 58, 77, 50, 46, 26, 31, 72, 24, 66, 117, 80, 82, 34, 57, 62, 16, 38, 26, 58, 14, 52, 108, 22, 58, 21, 67, 49, 72, 29, 63, 35, 47, 59, 27, 31, 77, 48, 74, 22, 27, 71, 102, 62, 56, 62, 28, 23, 41, 41, 50, 29, 64, 40, 69, 55, 67, 69, 21, 23, 48, 21, 40)
(4, 11): Mean: 45.244, median: 41.5, std: 20.589, percent: 47.0, B: 106, W: 90, 
	(43, 115, 46, 80, 32, 66, 32, 51, 30, 31, 25, 33, 20, 37, 31, 67, 26, 26, 25, 79, 44, 25, 68, 45, 24, 31, 29, 72, 30, 33, 33, 16, 49, 40, 28, 49, 30, 52, 27, 22, 28, 37, 52, 25, 53, 33, 21, 29, 17, 50, 46, 36, 48, 75, 30, 49, 19, 25, 16, 33, 38, 80, 77, 77, 43, 25, 77, 27, 62, 53, 36, 63, 23, 78, 58, 34, 54, 61, 44, 54, 33, 25, 51, 41, 33, 74, 64, 58, 69, 53, 48, 17, 43, 88, 32, 69, 89, 26, 25, 39, 22, 26, 33, 36, 38, 35, 18, 80, 45, 32, 66, 36, 31, 16, 22, 61, 47, 73, 42, 43, 43, 43, 56, 72, 27, 27, 50, 54, 73, 63, 69, 52, 60, 33, 49, 30, 33, 39, 46, 48, 42, 32, 32, 18, 57, 34, 24, 22, 19, 26, 63, 41, 59, 70, 67, 94, 84, 29, 38, 83, 40, 28, 37, 27, 36, 21, 72, 25, 34, 24, 62, 26, 48, 28, 43, 43, 29, 55, 25, 26, 81, 24, 54, 60, 29, 24, 31, 54, 44, 80, 49, 44, 25, 28, 55, 24, 88, 121, 74, 79, 31, 49, 75, 16, 38, 26, 68, 15, 57, 114, 22, 64, 22, 74, 51, 72, 27, 59, 34, 55, 58, 26, 32, 68, 45, 73, 21, 27, 62, 85, 77, 52, 69, 30, 23, 44, 41, 64, 29, 64, 40, 69, 61, 79, 56, 19, 23, 43, 22, 35)
(5, 15): Mean: 45.188, median: 42.0, std: 19.284, percent: 46.58, B: 103, W: 115, 
	(57, 98, 45, 68, 31, 74, 31, 57, 32, 33, 26, 32, 21, 40, 33, 63, 30, 26, 29, 72, 54, 26, 61, 43, 23, 32, 31, 77, 30, 31, 34, 15, 49, 39, 26, 58, 32, 50, 27, 23, 28, 40, 52, 26, 64, 31, 21, 31, 18, 58, 43, 36, 45, 63, 32, 42, 22, 26, 19, 32, 42, 77, 88, 78, 38, 26, 73, 26, 63, 57, 47, 78, 24, 78, 55, 42, 55, 58, 47, 57, 33, 28, 64, 43, 30, 61, 55, 64, 75, 59, 54, 19, 53, 69, 29, 61, 74, 26, 22, 39, 21, 23, 34, 35, 37, 39, 20, 73, 47, 34, 73, 32, 31, 18, 21, 74, 56, 62, 55, 39, 38, 47, 45, 74, 25, 27, 51, 51, 78, 53, 88, 48, 60, 32, 46, 30, 29, 38, 48, 53, 35, 31, 33, 17, 51, 33, 23, 23, 19, 28, 73, 44, 65, 62, 70, 88, 75, 28, 36, 81, 51, 27, 49, 29, 36, 21, 64, 24, 36, 24, 74, 28, 49, 28, 45, 41, 29, 48, 24, 27, 77, 25, 42, 66, 31, 24, 35, 49, 51, 81, 52, 44, 26, 32, 65, 24, 68, 101, 58, 82, 36, 50, 75, 16, 38, 25, 56, 16, 59, 88, 23, 61, 21, 68, 54, 68, 29, 56, 36, 48, 56, 28, 31, 79, 49, 70, 21, 26, 63, 89, 65, 53, 78, 29, 23, 40, 41, 63, 28, 67, 38, 66, 47, 70, 50, 20, 22, 51, 22, 47)
(6, 19): Mean: 44.892, median: 41.0, std: 19.519, percent: 46.08, B: 116, W: 97, 
	(62, 89, 50, 82, 31, 65, 32, 56, 31, 35, 25, 31, 21, 36, 33, 83, 29, 26, 25, 89, 48, 26, 62, 37, 24, 33, 30, 83, 31, 29, 37, 17, 39, 36, 28, 49, 30, 56, 27, 23, 29, 37, 48, 32, 67, 30, 22, 31, 20, 44, 45, 35, 42, 69, 31, 46, 19, 27, 20, 32, 45, 85, 88, 71, 43, 24, 76, 28, 56, 55, 41, 55, 22, 64, 52, 43, 63, 48, 43, 57, 35, 26, 57, 42, 32, 60, 52, 65, 63, 59, 48, 23, 48, 89, 30, 61, 74, 25, 27, 38, 22, 26, 35, 36, 39, 38, 19, 78, 48, 32, 72, 34, 32, 20, 22, 70, 46, 64, 41, 37, 40, 46, 48, 71, 25, 26, 47, 43, 69, 58, 85, 46, 53, 31, 49, 30, 31, 41, 44, 50, 36, 30, 32, 17, 44, 31, 26, 24, 18, 28, 71, 40, 74, 60, 63, 102, 68, 28, 36, 82, 43, 27, 38, 28, 36, 21, 86, 25, 34, 23, 71, 30, 54, 27, 46, 56, 29, 52, 24, 26, 71, 22, 53, 61, 30, 25, 32, 48, 47, 78, 53, 51, 27, 30, 65, 24, 59, 106, 69, 76, 32, 63, 87, 19, 38, 25, 54, 20, 53, 91, 23, 57, 22, 61, 57, 55, 28, 55, 33, 52, 46, 26, 33, 69, 49, 71, 21, 26, 70, 89, 81, 49, 70, 27, 24, 39, 48, 53, 29, 66, 37, 66, 51, 78, 52, 20, 22, 53, 21, 40)
(8, 28): Mean: 44.636, median: 41.0, std: 19.912, percent: 46.16, B: 126, W: 85, 
	(44, 107, 45, 72, 32, 65, 31, 45, 30, 34, 24, 33, 20, 44, 30, 69, 29, 26, 24, 72, 44, 24, 75, 44, 24, 31, 28, 72, 29, 32, 34, 15, 48, 33, 27, 49, 31, 50, 28, 22, 28, 36, 52, 27, 88, 30, 21, 29, 18, 47, 48, 35, 41, 72, 30, 44, 20, 23, 17, 30, 42, 77, 93, 73, 39, 26, 72, 27, 62, 55, 38, 67, 22, 83, 54, 39, 61, 56, 42, 57, 34, 25, 55, 40, 32, 56, 51, 54, 59, 59, 49, 18, 43, 86, 29, 76, 79, 25, 25, 39, 21, 24, 35, 36, 39, 37, 19, 89, 79, 32, 59, 33, 32, 16, 21, 66, 50, 49, 43, 46, 37, 47, 59, 75, 25, 26, 55, 41, 75, 49, 69, 55, 64, 34, 50, 30, 32, 38, 36, 59, 46, 30, 31, 17, 48, 34, 24, 24, 19, 27, 64, 45, 59, 66, 75, 79, 65, 28, 39, 92, 36, 26, 35, 29, 36, 21, 69, 26, 36, 24, 69, 27, 48, 29, 49, 41, 29, 60, 24, 25, 76, 23, 42, 57, 29, 24, 31, 51, 54, 75, 47, 49, 25, 29, 61, 25, 71, 101, 59, 88, 32, 56, 69, 17, 38, 27, 59, 16, 49, 104, 23, 71, 21, 63, 52, 74, 27, 45, 33, 55, 58, 25, 31, 57, 48, 82, 21, 26, 65, 91, 83, 52, 51, 29, 23, 42, 45, 50, 28, 56, 44, 75, 43, 71, 61, 20, 23, 46, 21, 40)
(9, 30): Mean: 44.66, median: 40.0, std: 20.162, percent: 46.08, B: 104, W: 90, 
	(48, 102, 44, 84, 32, 66, 30, 55, 30, 32, 26, 32, 21, 36, 31, 78, 28, 25, 25, 83, 41, 25, 78, 41, 24, 30, 28, 67, 29, 32, 33, 15, 48, 35, 25, 50, 31, 50, 28, 23, 28, 39, 50, 25, 65, 31, 21, 29, 16, 45, 39, 35, 46, 78, 30, 42, 20, 24, 18, 32, 42, 92, 91, 76, 43, 25, 77, 26, 58, 51, 36, 60, 23, 65, 51, 38, 54, 54, 39, 57, 34, 25, 52, 42, 32, 58, 56, 63, 70, 53, 49, 18, 53, 83, 31, 65, 87, 25, 25, 39, 20, 24, 34, 36, 36, 37, 19, 88, 53, 32, 68, 35, 32, 16, 21, 70, 49, 72, 40, 43, 35, 46, 61, 74, 27, 27, 55, 40, 84, 52, 79, 46, 61, 33, 46, 29, 32, 36, 38, 49, 42, 30, 32, 18, 52, 34, 24, 22, 18, 27, 65, 42, 55, 70, 73, 97, 76, 29, 38, 80, 40, 27, 38, 28, 35, 22, 70, 25, 34, 23, 61, 26, 47, 28, 50, 40, 31, 53, 25, 26, 82, 23, 42, 58, 29, 23, 31, 55, 57, 72, 48, 46, 26, 29, 59, 23, 64, 104, 68, 90, 32, 54, 61, 16, 37, 26, 50, 15, 50, 97, 22, 72, 22, 74, 47, 72, 28, 48, 33, 57, 55, 25, 33, 63, 45, 81, 21, 26, 58, 85, 73, 56, 54, 28, 23, 44, 51, 50, 29, 56, 43, 83, 61, 78, 59, 20, 22, 39, 22, 40)
(10, 32): Mean: 44.428, median: 40.0, std: 19.573, percent: 45.58, B: 105, W: 100, 
	(47, 89, 49, 64, 31, 69, 30, 46, 32, 34, 24, 32, 19, 36, 33, 69, 26, 26, 27, 74, 42, 25, 73, 38, 24, 32, 30, 95, 30, 30, 32, 14, 40, 34, 25, 52, 32, 47, 26, 24, 28, 40, 45, 25, 77, 30, 21, 29, 17, 61, 44, 33, 48, 70, 34, 48, 19, 26, 17, 31, 43, 92, 92, 88, 40, 25, 82, 26, 63, 59, 38, 50, 23, 67, 53, 47, 56, 53, 37, 57, 35, 28, 67, 42, 31, 66, 54, 53, 75, 57, 52, 17, 43, 79, 32, 60, 81, 25, 22, 37, 21, 24, 33, 36, 38, 38, 19, 74, 39, 35, 66, 31, 30, 16, 20, 67, 45, 64, 49, 41, 40, 52, 53, 73, 27, 26, 53, 54, 67, 48, 83, 45, 53, 31, 48, 29, 30, 36, 44, 51, 46, 30, 33, 17, 48, 33, 24, 23, 18, 26, 72, 45, 63, 62, 57, 81, 71, 29, 38, 92, 39, 26, 40, 30, 35, 22, 69, 25, 35, 24, 65, 27, 46, 28, 41, 49, 27, 51, 24, 27, 73, 23, 47, 55, 28, 23, 33, 53, 49, 72, 48, 46, 25, 31, 80, 23, 70, 100, 86, 78, 34, 49, 66, 16, 38, 25, 55, 15, 49, 91, 23, 77, 22, 60, 54, 64, 29, 57, 35, 48, 58, 27, 31, 70, 48, 69, 22, 28, 63, 97, 65, 53, 63, 27, 23, 40, 41, 53, 28, 64, 40, 65, 53, 70, 51, 20, 23, 42, 22, 42)

Test:
No precond: Mean: 59.116, median: 53.0, std: 28.156, percent: 60.16, flag: 0 
	(85, 32, 54, 54, 118, 70, 65, 53, 106, 46, 27, 32, 66, 40, 84, 30, 37, 28, 29, 130, 47, 24, 53, 28, 79, 58, 49, 48, 137, 62, 35, 70, 82, 76, 111, 109, 79, 37, 33, 59, 87, 78, 37, 94, 39, 46, 70, 82, 66, 87, 53, 30, 35, 96, 41, 30, 32, 79, 43, 37, 103, 79, 45, 33, 53, 46, 31, 43, 35, 77, 103, 64, 35, 50, 58, 43, 35, 36, 52, 72, 101, 88, 91, 31, 74, 48, 116, 37, 36, 60, 58, 115, 105, 57, 32, 159, 43, 53, 35, 175, 133, 73, 31, 76, 55, 44, 40, 76, 46, 110, 74, 64, 27, 35, 29, 31, 36, 26, 107, 45, 63, 106, 103, 82, 42, 112, 56, 88, 37, 62, 21, 91, 56, 61, 44, 82, 38, 57, 78, 45, 36, 31, 36, 36, 30, 45, 39, 35, 75, 53, 36, 58, 96, 63, 78, 27, 43, 57, 30, 41, 105, 33, 36, 68, 25, 62, 35, 44, 108, 60, 52, 116, 29, 93, 29, 36, 101, 42, 83, 37, 26, 66, 36, 27, 58, 87, 87, 107, 67, 90, 43, 54, 95, 53, 34, 30, 99, 86, 31, 32, 74, 68, 57, 114, 23, 28, 39, 60, 39, 34, 27, 26, 30, 39, 74, 44, 60, 75, 40, 33, 48, 78, 52, 39, 68, 86, 70, 76, 56, 43, 39, 94, 22, 38, 41, 99, 31, 29, 31, 41, 91, 58, 92, 53, 80, 29, 109, 65, 46, 31)

Jacobi: Mean: 51.904, median: 46.0, std: 24.016, percent: 54.0, BvN: 223, WvN: 24, flag: 0 
	(56, 29, 49, 48, 107, 80, 58, 57, 92, 39, 25, 25, 50, 35, 68, 32, 33, 25, 27, 101, 41, 21, 47, 25, 88, 54, 42, 46, 107, 54, 36, 63, 96, 69, 93, 82, 67, 29, 25, 51, 55, 67, 32, 84, 38, 42, 58, 69, 65, 81, 40, 28, 33, 107, 33, 27, 30, 71, 40, 32, 79, 79, 41, 28, 42, 43, 29, 39, 29, 65, 80, 50, 31, 46, 52, 40, 30, 34, 52, 43, 100, 85, 70, 26, 67, 44, 84, 30, 33, 56, 53, 81, 109, 55, 29, 117, 50, 46, 30, 163, 88, 62, 29, 68, 49, 48, 33, 46, 43, 97, 76, 60, 23, 31, 27, 28, 32, 25, 115, 38, 54, 87, 76, 74, 40, 75, 52, 92, 33, 52, 18, 76, 55, 61, 40, 73, 32, 53, 101, 47, 29, 30, 34, 33, 25, 46, 34, 30, 62, 47, 34, 42, 61, 56, 86, 25, 40, 65, 27, 36, 81, 28, 30, 59, 24, 54, 34, 41, 75, 64, 48, 104, 26, 87, 27, 31, 107, 36, 70, 35, 25, 48, 33, 25, 50, 45, 68, 82, 58, 68, 37, 44, 69, 50, 30, 28, 56, 84, 28, 31, 71, 58, 55, 78, 18, 24, 35, 45, 38, 31, 24, 22, 26, 37, 77, 39, 57, 68, 39, 28, 52, 74, 43, 33, 57, 83, 81, 72, 51, 38, 34, 81, 18, 29, 37, 85, 27, 26, 25, 36, 77, 57, 87, 46, 69, 27, 92, 67, 42, 25)

Last: Mean: 44.296, median: 40.0, std: 21.063, percent: 44.0, BvN: 246, WvN: 4, BvJ: 233, WvJ: 13, flag: 0 
	(39, 26, 39, 43, 145, 66, 55, 44, 76, 32, 22, 22, 46, 32, 55, 24, 28, 22, 24, 78, 33, 18, 41, 24, 66, 47, 38, 37, 97, 39, 31, 66, 59, 51, 106, 57, 56, 27, 20, 41, 63, 56, 27, 80, 33, 39, 48, 54, 55, 68, 40, 22, 28, 81, 29, 22, 25, 70, 33, 26, 64, 68, 38, 24, 31, 39, 24, 36, 23, 46, 82, 43, 28, 40, 46, 34, 25, 28, 48, 41, 89, 62, 53, 23, 56, 38, 67, 27, 27, 43, 45, 73, 93, 44, 25, 100, 39, 43, 26, 135, 80, 59, 23, 50, 44, 38, 30, 45, 37, 95, 60, 44, 20, 25, 23, 24, 28, 23, 87, 36, 51, 74, 74, 66, 36, 88, 43, 64, 28, 43, 15, 57, 42, 39, 35, 49, 27, 44, 80, 48, 26, 24, 28, 28, 22, 42, 31, 29, 49, 43, 30, 33, 61, 52, 47, 23, 36, 50, 24, 32, 63, 24, 29, 46, 20, 45, 30, 37, 59, 44, 48, 74, 22, 64, 23, 27, 111, 31, 54, 31, 21, 47, 27, 21, 42, 48, 75, 54, 48, 60, 32, 37, 58, 41, 26, 24, 54, 73, 25, 26, 53, 57, 54, 60, 17, 21, 33, 45, 34, 25, 20, 18, 21, 30, 59, 34, 59, 74, 31, 25, 46, 56, 37, 29, 46, 54, 55, 67, 42, 35, 29, 58, 17, 26, 34, 73, 24, 22, 23, 32, 70, 44, 73, 38, 51, 22, 87, 59, 37, 26)

Best: Mean: 44.296, median: 40.0, std: 21.063, percent: 44.0, BvN: 246, WvN: 4, BvJ: 233, WvJ: 13, flag: 0 
	(39, 26, 39, 43, 145, 66, 55, 44, 76, 32, 22, 22, 46, 32, 55, 24, 28, 22, 24, 78, 33, 18, 41, 24, 66, 47, 38, 37, 97, 39, 31, 66, 59, 51, 106, 57, 56, 27, 20, 41, 63, 56, 27, 80, 33, 39, 48, 54, 55, 68, 40, 22, 28, 81, 29, 22, 25, 70, 33, 26, 64, 68, 38, 24, 31, 39, 24, 36, 23, 46, 82, 43, 28, 40, 46, 34, 25, 28, 48, 41, 89, 62, 53, 23, 56, 38, 67, 27, 27, 43, 45, 73, 93, 44, 25, 100, 39, 43, 26, 135, 80, 59, 23, 50, 44, 38, 30, 45, 37, 95, 60, 44, 20, 25, 23, 24, 28, 23, 87, 36, 51, 74, 74, 66, 36, 88, 43, 64, 28, 43, 15, 57, 42, 39, 35, 49, 27, 44, 80, 48, 26, 24, 28, 28, 22, 42, 31, 29, 49, 43, 30, 33, 61, 52, 47, 23, 36, 50, 24, 32, 63, 24, 29, 46, 20, 45, 30, 37, 59, 44, 48, 74, 22, 64, 23, 27, 111, 31, 54, 31, 21, 47, 27, 21, 42, 48, 75, 54, 48, 60, 32, 37, 58, 41, 26, 24, 54, 73, 25, 26, 53, 57, 54, 60, 17, 21, 33, 45, 34, 25, 20, 18, 21, 30, 59, 34, 59, 74, 31, 25, 46, 56, 37, 29, 46, 54, 55, 67, 42, 35, 29, 58, 17, 26, 34, 73, 24, 22, 23, 32, 70, 44, 73, 38, 51, 22, 87, 59, 37, 26)

Last Coef List
{1: array([-0.03840554]), -1: array([-0.05082645])}

Best Coef List
{1: array([-0.03840554]), -1: array([-0.05082645])}

Run time: 8.518869555555284

21/04/2026, 11:58:41
Config file: ./config/config_sign_0_65.ini
Data:
	1d_laplace_size: 65
	amount: 250
	dist_type: uniform
	params: 1 0.45
	seed: 0
	dim: 4225
Solver:
	tol: 1e-10
	max_iteration: None
Learn:
	iteration_count: 200
	step_range: 0.1
	method: sign
	seed: 0
	change_scales: 1 0.5 0.25
	allow_disimprovement: True
	median_best_scale: 0.5
	mean_best_scale: 0.5
	flag_count_limit: 0
Precondition:
	dist_type: normal
	params: 0 0.05
	par_list: 1 1
	diag_list: 1 -1
	num_coef: 2
	type: diag_shift
	diag: jacobi
	sym: True

Train:
(0, 1): Mean: 9064.9, median: 8125.5, std: 4354.914, percent: 8734.18, B: 250, W: 0, 
	(9209, 9451, 10287, 6568, 13320, 7042, 9267, 5778, 5437, 10884, 12885, 7461, 9034, 3928, 10792, 11035, 3118, 27941, 6614, 7010, 9326, 3957, 12230, 5352, 26757, 8123, 6322, 8399, 9793, 4506, 2868, 6837, 7027, 8716, 7223, 7111, 5513, 18387, 7094, 11676, 13903, 8178, 3816, 8465, 8384, 3515, 15576, 14527, 10630, 5294, 7162, 8605, 8703, 7042, 14270, 6482, 5205, 8094, 8856, 11751, 6809, 8215, 9088, 15177, 9595, 11326, 8685, 5288, 3945, 5948, 7020, 5456, 6571, 6903, 7125, 5446, 7310, 7446, 12847, 22305, 5147, 3930, 8154, 4398, 7007, 8128, 9285, 7648, 10970, 19439, 9290, 4601, 6259, 25856, 6346, 5872, 5986, 4548, 17759, 9836, 7771, 6398, 6672, 7657, 8718, 10862, 11956, 8585, 15113, 13649, 7117, 10668, 6799, 10305, 11130, 15448, 3713, 24378, 8100, 5967, 7182, 7537, 18613, 8410, 7224, 6757, 13357, 4296, 9399, 9225, 18788, 5555, 5106, 9479, 5049, 4775, 16429, 11394, 7379, 5791, 7633, 6087, 6333, 11272, 5298, 9896, 7272, 6423, 7426, 9971, 16401, 7376, 7080, 4895, 5646, 8186, 15971, 10951, 5360, 8723, 6591, 9366, 6046, 12009, 8475, 7986, 5829, 15535, 7456, 17433, 8276, 15486, 8385, 11095, 7816, 8163, 15439, 10645, 6001, 9364, 8271, 5357, 4906, 6614, 11139, 5951, 7159, 8229, 23094, 5921, 5526, 5287, 6572, 10682, 18202, 3981, 5523, 11737, 3792, 6370, 8587, 7857, 10073, 11400, 10672, 7744, 11594, 13357, 9909, 11768, 11320, 7560, 5550, 11690, 14116, 2834, 10030, 12017, 6803, 8964, 10680, 7836, 8221, 6035, 6668, 4870, 9975, 9576, 8672, 4635, 20561, 8366, 12456, 25323, 9211, 15158, 6831, 5089, 5062, 9498, 8478, 5881, 7403, 4117, 9337, 7796, 4539, 7258, 6291, 8197)
(1, 2): Mean: 4209.1, median: 3657.5, std: 2308.649, percent: 4183.62, B: 244, W: 6, 
	(1909, 6056, 6433, 3493, 8366, 4168, 4781, 4709, 2074, 3517, 6225, 5150, 9259, 1970, 5011, 3468, 3186, 12705, 4771, 1806, 6774, 2186, 4364, 3348, 9978, 3767, 4896, 4999, 4112, 3219, 1699, 2208, 1942, 2453, 3037, 1677, 2434, 5294, 4996, 8760, 9641, 3036, 2208, 2302, 2053, 1394, 2845, 2791, 4683, 2110, 2147, 2693, 2613, 3018, 3056, 2618, 4459, 3757, 4161, 2259, 5682, 3984, 8023, 10561, 3150, 4827, 4508, 2845, 1311, 1733, 2251, 2490, 3230, 3647, 2016, 3356, 4426, 7835, 4408, 11899, 1825, 2128, 4132, 2559, 3180, 2893, 2586, 3191, 11218, 12388, 4476, 2833, 3765, 4028, 3444, 1057, 3025, 4322, 4135, 4699, 3017, 2385, 3986, 3609, 2700, 6814, 4572, 4828, 6344, 3708, 6574, 2817, 5709, 5947, 6325, 7445, 1845, 14420, 3239, 2862, 4053, 4824, 11007, 5522, 3668, 2982, 7531, 2462, 3152, 3332, 10362, 5372, 1989, 4272, 2082, 1314, 7648, 4240, 3285, 3866, 2288, 3720, 4516, 7455, 2175, 3146, 4473, 2417, 7449, 3296, 5383, 5669, 3443, 1774, 2992, 2069, 6349, 6782, 4624, 4335, 3497, 5567, 3806, 2410, 3693, 3015, 2998, 6457, 2410, 5609, 3694, 2000, 2977, 1976, 2526, 4990, 6652, 2731, 4026, 3010, 1598, 2773, 1909, 3343, 5369, 4661, 2188, 5774, 11252, 6175, 3105, 1729, 2609, 5792, 8847, 2939, 4143, 7049, 2443, 4979, 2855, 4497, 3965, 3797, 6248, 5251, 2452, 7305, 8039, 6843, 4099, 1782, 2460, 5068, 6659, 1727, 4692, 5773, 3394, 5493, 4200, 5489, 1606, 1515, 4289, 2745, 2079, 4518, 2598, 2082, 5814, 3639, 4500, 2874, 5059, 5795, 2271, 1794, 2038, 2995, 8128, 3023, 1495, 1352, 2570, 1823, 2615, 3354, 4495, 4826)
(2, 4): Mean: 4175.728, median: 3456.5, std: 2394.164, percent: 4168.4, B: 136, W: 112, 
	(1744, 6269, 6749, 3073, 8916, 5055, 4789, 3795, 2156, 4014, 7390, 5685, 8122, 1825, 4604, 3213, 2920, 14601, 5483, 1667, 7905, 2151, 4627, 2666, 8886, 3600, 4444, 4862, 4559, 3283, 1869, 2371, 2120, 2520, 2902, 1673, 2592, 6275, 4503, 8012, 11646, 3186, 2049, 2403, 1980, 1240, 2593, 2790, 4637, 1791, 2086, 2546, 2679, 3282, 3056, 2224, 3486, 3511, 3844, 2407, 7307, 4826, 7693, 12505, 4309, 4599, 4697, 3394, 1325, 1850, 2242, 3003, 3504, 3462, 2000, 3408, 5023, 7164, 3661, 11875, 1857, 1907, 4996, 2551, 2974, 2811, 2637, 2706, 8861, 8732, 3503, 2682, 2659, 4169, 2933, 981, 2938, 4843, 5469, 4987, 2739, 2421, 4891, 3451, 2599, 7541, 4822, 5190, 5471, 3771, 6321, 3351, 4634, 4940, 6192, 6919, 1736, 14928, 3130, 3075, 4375, 4478, 11366, 3104, 3339, 2699, 7010, 2426, 2944, 3407, 10017, 4995, 1992, 4767, 2352, 1320, 8252, 4435, 3075, 3749, 2345, 3417, 3905, 6531, 1918, 2901, 4101, 2740, 8077, 3197, 4298, 4862, 2431, 1566, 3136, 2170, 6141, 6380, 4049, 4665, 3816, 5649, 3359, 2284, 3408, 3103, 3607, 4685, 2764, 9198, 3092, 2248, 3133, 1896, 3067, 5056, 6635, 2466, 3856, 2953, 1431, 2549, 1983, 2860, 5346, 3768, 2191, 4650, 14016, 6213, 2756, 1693, 2706, 5236, 10041, 2530, 3623, 7724, 2814, 4226, 2636, 3958, 4588, 4183, 5320, 4937, 2813, 5794, 6692, 6006, 4237, 1430, 2460, 5599, 8186, 1735, 5260, 5261, 2465, 5475, 4485, 6615, 1698, 1434, 3642, 2272, 2047, 4424, 2592, 1711, 5464, 3423, 4551, 3035, 4830, 6956, 2540, 2034, 1807, 3596, 6039, 3384, 1662, 1275, 2717, 1892, 2824, 2917, 5102, 5875)
(3, 5): Mean: 4127.968, median: 3607.0, std: 2280.277, percent: 4139.92, B: 133, W: 117, 
	(1819, 5964, 5549, 3665, 7556, 4454, 5307, 3704, 2189, 3891, 6128, 5433, 7501, 1974, 5715, 3004, 3375, 15415, 5015, 1764, 7489, 2055, 4629, 2985, 9685, 3268, 4363, 4553, 4121, 3293, 1870, 2227, 2024, 2232, 2685, 1640, 2663, 6881, 4207, 6897, 9094, 3117, 2093, 2180, 2039, 1414, 2813, 3046, 4583, 1884, 1922, 2655, 2397, 3687, 3693, 2149, 4664, 3864, 3674, 2331, 5453, 3837, 8175, 10402, 3594, 4451, 4709, 2934, 1273, 1852, 2067, 2446, 3062, 3515, 2186, 3505, 4404, 6639, 3644, 10915, 1711, 1787, 4820, 2570, 2834, 2623, 2653, 2882, 8726, 10763, 3737, 2920, 3397, 4279, 2955, 1016, 2484, 5211, 5391, 4377, 2951, 1986, 4467, 3020, 2571, 6517, 4486, 3828, 6087, 3920, 7581, 3609, 4756, 6478, 7108, 6478, 1852, 13761, 3605, 3061, 4504, 4670, 12954, 2735, 2767, 2892, 6674, 2196, 3783, 3625, 10000, 4907, 1969, 5499, 2263, 1175, 7849, 3741, 2926, 3560, 2422, 3778, 3998, 7769, 2152, 2978, 4644, 2928, 7285, 3301, 3878, 5204, 2535, 1682, 3266, 2054, 5807, 8217, 4227, 4136, 4221, 4843, 3917, 2677, 3029, 3350, 3074, 5602, 2516, 7769, 3497, 2087, 3042, 1750, 2840, 4962, 6130, 2472, 3896, 2724, 1663, 2691, 1628, 3240, 4740, 3832, 2176, 5466, 9082, 6370, 2824, 1772, 2435, 5252, 8778, 2575, 4177, 8731, 2547, 4659, 2626, 5058, 4145, 4038, 6732, 4414, 2866, 6128, 7700, 6709, 3734, 1597, 2872, 4820, 6064, 1923, 5157, 6495, 2362, 6184, 4112, 5998, 1508, 1314, 3584, 2482, 1925, 4999, 2942, 1788, 5374, 3325, 4828, 3025, 4348, 6253, 2295, 1984, 2201, 3288, 7029, 3199, 1379, 1277, 2505, 1771, 2533, 2734, 5800, 5773)
(4, 6): Mean: 6121.056, median: 5174.5, std: 3445.815, percent: 6162.0, B: 0, W: 250, 
	(2591, 9656, 9376, 5345, 14438, 5556, 6752, 5921, 2709, 5189, 7987, 6662, 12339, 2842, 7078, 4470, 4458, 22315, 6990, 2562, 11292, 3036, 6265, 4075, 12083, 4860, 8173, 5926, 7636, 4713, 2705, 3397, 4110, 3429, 4610, 2351, 4065, 9584, 7122, 12530, 13625, 4221, 3485, 3418, 2832, 1983, 4412, 3819, 9993, 2607, 2683, 3914, 4036, 4433, 5233, 3204, 6318, 5902, 5032, 3130, 9110, 6028, 9564, 15309, 5237, 7752, 6927, 4632, 1924, 3093, 2557, 3765, 4094, 4779, 3030, 5206, 7586, 9948, 5293, 15355, 2641, 2531, 7708, 3875, 5085, 3771, 4004, 3828, 15155, 15908, 5210, 3840, 4497, 6183, 4862, 1461, 3809, 6452, 8054, 5713, 3670, 3503, 6078, 4448, 4459, 9913, 6499, 6504, 11279, 7824, 8876, 4680, 7230, 7087, 7443, 10226, 3041, 18294, 4491, 3766, 5595, 7077, 19045, 3755, 4275, 3770, 11142, 3313, 4522, 5525, 15370, 8543, 2429, 8814, 3360, 1831, 11009, 5643, 4662, 5584, 3595, 6323, 5237, 9771, 3116, 4388, 4746, 4460, 11022, 5792, 6017, 9121, 4372, 2269, 5160, 3340, 9118, 11566, 7552, 6585, 4472, 6441, 5283, 3741, 4700, 4693, 4368, 8148, 4164, 15527, 5313, 2807, 4918, 2886, 3646, 7916, 7519, 3971, 6926, 4606, 2089, 4115, 2970, 3942, 7557, 6342, 2927, 9784, 17081, 6699, 3866, 2161, 3857, 9162, 11971, 3610, 6581, 11752, 3853, 6311, 3832, 6387, 5605, 7831, 10217, 8265, 4511, 10752, 10357, 7500, 5888, 2130, 3785, 10499, 10716, 2722, 7502, 9045, 3518, 7689, 7331, 9883, 2398, 2164, 5053, 3421, 3012, 7608, 4243, 2550, 8907, 4664, 5664, 4346, 6891, 7161, 3512, 2639, 3048, 5203, 9679, 4611, 2458, 1859, 3462, 2494, 4033, 4458, 7552, 7155)
(5, 10): Mean: 4405.572, median: 3702.0, std: 2427.428, percent: 4307.28, B: 249, W: 1, 
	(1840, 6858, 5833, 3162, 9593, 4258, 4667, 3821, 1898, 4463, 6245, 6052, 7952, 2086, 5309, 3044, 3724, 12293, 4650, 1896, 7660, 2241, 4342, 2939, 9607, 3981, 5219, 4271, 4213, 3446, 1869, 2674, 2390, 2509, 3478, 1777, 3369, 6394, 4728, 10067, 13175, 3585, 2100, 2364, 1876, 1447, 3157, 3460, 6371, 1882, 2306, 2558, 3008, 3445, 3825, 2529, 4747, 4186, 4008, 2530, 6787, 4404, 7965, 10086, 3537, 4823, 5112, 3665, 1280, 2137, 2184, 2657, 3536, 3191, 2237, 3613, 4873, 7753, 3788, 12396, 1883, 2064, 5772, 3173, 3417, 2913, 2644, 2724, 11524, 10640, 3944, 3134, 3251, 3801, 3071, 1023, 2905, 5491, 4491, 4885, 3201, 2167, 4937, 3464, 2743, 6285, 4516, 4525, 5881, 4043, 7305, 2754, 5294, 5609, 6688, 7139, 2185, 13968, 3674, 2697, 4819, 6604, 11192, 2909, 3199, 3160, 6071, 2265, 3947, 4375, 12323, 6143, 1969, 5863, 2130, 1445, 6550, 3561, 3050, 4389, 2274, 4533, 4776, 6237, 2047, 3526, 4125, 3432, 7864, 3620, 4933, 5258, 2953, 1701, 3100, 2340, 6951, 8782, 5002, 4216, 3680, 6615, 3508, 2922, 3493, 3805, 3166, 5327, 2776, 8598, 3647, 1997, 3837, 2092, 2705, 5853, 5760, 3066, 4562, 3265, 1729, 3259, 2044, 3298, 4823, 5418, 2493, 6140, 13933, 5759, 2953, 1808, 2502, 7131, 10258, 2628, 4138, 6567, 2745, 4192, 2566, 4356, 4839, 4549, 6925, 5013, 3010, 7081, 8316, 7024, 4211, 1562, 2581, 6225, 6899, 1805, 5702, 6391, 2886, 5326, 5472, 6360, 1792, 1640, 3918, 2486, 2132, 5254, 2995, 1910, 6242, 3527, 5116, 3503, 4680, 5697, 2296, 1931, 1997, 3565, 8341, 3515, 1909, 1320, 2478, 1962, 2885, 3270, 5301, 5280)
(6, 12): Mean: 4119.908, median: 3449.0, std: 2268.05, percent: 4068.18, B: 181, W: 69, 
	(1793, 7502, 5637, 3288, 9498, 5388, 5131, 4516, 1909, 3697, 5939, 5207, 9781, 1899, 6311, 2745, 3364, 13200, 4461, 1711, 6789, 2269, 4025, 2983, 9340, 3674, 4273, 5702, 4910, 3465, 1658, 2350, 2093, 2433, 3172, 1730, 2962, 5107, 4808, 10061, 10095, 3091, 2370, 2180, 1895, 1282, 2915, 2347, 5096, 1674, 1928, 2605, 2490, 3062, 3087, 2927, 4714, 3783, 4082, 2121, 7315, 4019, 6730, 8656, 3403, 5370, 4250, 3293, 1222, 1931, 2249, 2436, 3383, 3164, 1949, 3222, 4665, 7120, 4160, 12715, 2004, 1664, 5615, 2489, 2898, 2865, 2832, 3022, 10322, 9107, 3478, 2727, 3411, 4568, 3150, 1039, 2785, 3651, 4603, 4146, 2589, 2558, 3743, 3099, 2355, 7697, 4436, 3921, 5758, 3854, 6160, 3018, 5757, 5368, 6263, 7261, 1744, 12052, 3433, 2862, 4336, 5630, 10003, 3225, 3110, 2514, 6688, 2470, 2925, 3881, 9649, 5459, 2125, 4630, 2240, 1403, 7462, 4527, 3326, 3781, 2190, 3584, 4383, 5953, 1897, 3087, 3330, 2682, 7400, 3526, 3708, 4646, 2677, 1817, 3248, 2264, 4991, 11124, 4818, 4096, 3432, 5062, 3743, 2460, 3365, 2615, 3322, 4842, 2486, 10040, 3213, 2036, 2679, 2042, 2727, 5139, 6914, 3004, 3879, 2807, 1550, 2688, 1593, 3183, 6267, 5084, 2201, 6102, 9843, 5444, 2463, 1533, 2391, 5121, 8057, 2749, 3735, 6770, 2514, 3773, 2498, 4764, 4227, 4131, 4882, 4622, 2573, 7133, 7201, 4940, 3875, 1463, 2730, 6487, 5666, 1722, 4438, 5887, 2164, 5318, 4464, 5990, 1579, 1441, 3752, 2286, 2024, 4486, 2742, 2004, 7137, 3980, 3997, 2780, 4496, 4783, 2086, 1671, 2663, 2745, 7314, 3792, 1555, 1215, 2442, 1445, 2770, 3040, 5289, 5534)

21/04/2026, 12:21:48
Config file: ./config/config_sign_0_65.ini
Data:
	1d_laplace_size: 65
	amount: 250
	dist_type: uniform
	params: 1 0.45
	seed: 0
	dim: 4225
Solver:
	tol: 1e-10
	max_iteration: 100000
Learn:
	iteration_count: 200
	step_range: 0.1
	method: sign
	seed: 0
	change_scales: 1 0.5 0.25
	allow_disimprovement: True
	median_best_scale: 0.5
	mean_best_scale: 0.5
	flag_count_limit: 0
Precondition:
	dist_type: normal
	params: 0 0.05
	par_list: 1 1
	diag_list: 1 -1
	num_coef: 2
	type: diag_shift
	diag: jacobi
	sym: True

Train:
(0, 1): Mean: 9064.9, median: 8125.5, std: 4354.914, percent: 8734.18, B: 250, W: 0, 
	(9209, 9451, 10287, 6568, 13320, 7042, 9267, 5778, 5437, 10884, 12885, 7461, 9034, 3928, 10792, 11035, 3118, 27941, 6614, 7010, 9326, 3957, 12230, 5352, 26757, 8123, 6322, 8399, 9793, 4506, 2868, 6837, 7027, 8716, 7223, 7111, 5513, 18387, 7094, 11676, 13903, 8178, 3816, 8465, 8384, 3515, 15576, 14527, 10630, 5294, 7162, 8605, 8703, 7042, 14270, 6482, 5205, 8094, 8856, 11751, 6809, 8215, 9088, 15177, 9595, 11326, 8685, 5288, 3945, 5948, 7020, 5456, 6571, 6903, 7125, 5446, 7310, 7446, 12847, 22305, 5147, 3930, 8154, 4398, 7007, 8128, 9285, 7648, 10970, 19439, 9290, 4601, 6259, 25856, 6346, 5872, 5986, 4548, 17759, 9836, 7771, 6398, 6672, 7657, 8718, 10862, 11956, 8585, 15113, 13649, 7117, 10668, 6799, 10305, 11130, 15448, 3713, 24378, 8100, 5967, 7182, 7537, 18613, 8410, 7224, 6757, 13357, 4296, 9399, 9225, 18788, 5555, 5106, 9479, 5049, 4775, 16429, 11394, 7379, 5791, 7633, 6087, 6333, 11272, 5298, 9896, 7272, 6423, 7426, 9971, 16401, 7376, 7080, 4895, 5646, 8186, 15971, 10951, 5360, 8723, 6591, 9366, 6046, 12009, 8475, 7986, 5829, 15535, 7456, 17433, 8276, 15486, 8385, 11095, 7816, 8163, 15439, 10645, 6001, 9364, 8271, 5357, 4906, 6614, 11139, 5951, 7159, 8229, 23094, 5921, 5526, 5287, 6572, 10682, 18202, 3981, 5523, 11737, 3792, 6370, 8587, 7857, 10073, 11400, 10672, 7744, 11594, 13357, 9909, 11768, 11320, 7560, 5550, 11690, 14116, 2834, 10030, 12017, 6803, 8964, 10680, 7836, 8221, 6035, 6668, 4870, 9975, 9576, 8672, 4635, 20561, 8366, 12456, 25323, 9211, 15158, 6831, 5089, 5062, 9498, 8478, 5881, 7403, 4117, 9337, 7796, 4539, 7258, 6291, 8197)
(1, 2): Mean: 4209.1, median: 3657.5, std: 2308.649, percent: 4183.62, B: 244, W: 6, 
	(1909, 6056, 6433, 3493, 8366, 4168, 4781, 4709, 2074, 3517, 6225, 5150, 9259, 1970, 5011, 3468, 3186, 12705, 4771, 1806, 6774, 2186, 4364, 3348, 9978, 3767, 4896, 4999, 4112, 3219, 1699, 2208, 1942, 2453, 3037, 1677, 2434, 5294, 4996, 8760, 9641, 3036, 2208, 2302, 2053, 1394, 2845, 2791, 4683, 2110, 2147, 2693, 2613, 3018, 3056, 2618, 4459, 3757, 4161, 2259, 5682, 3984, 8023, 10561, 3150, 4827, 4508, 2845, 1311, 1733, 2251, 2490, 3230, 3647, 2016, 3356, 4426, 7835, 4408, 11899, 1825, 2128, 4132, 2559, 3180, 2893, 2586, 3191, 11218, 12388, 4476, 2833, 3765, 4028, 3444, 1057, 3025, 4322, 4135, 4699, 3017, 2385, 3986, 3609, 2700, 6814, 4572, 4828, 6344, 3708, 6574, 2817, 5709, 5947, 6325, 7445, 1845, 14420, 3239, 2862, 4053, 4824, 11007, 5522, 3668, 2982, 7531, 2462, 3152, 3332, 10362, 5372, 1989, 4272, 2082, 1314, 7648, 4240, 3285, 3866, 2288, 3720, 4516, 7455, 2175, 3146, 4473, 2417, 7449, 3296, 5383, 5669, 3443, 1774, 2992, 2069, 6349, 6782, 4624, 4335, 3497, 5567, 3806, 2410, 3693, 3015, 2998, 6457, 2410, 5609, 3694, 2000, 2977, 1976, 2526, 4990, 6652, 2731, 4026, 3010, 1598, 2773, 1909, 3343, 5369, 4661, 2188, 5774, 11252, 6175, 3105, 1729, 2609, 5792, 8847, 2939, 4143, 7049, 2443, 4979, 2855, 4497, 3965, 3797, 6248, 5251, 2452, 7305, 8039, 6843, 4099, 1782, 2460, 5068, 6659, 1727, 4692, 5773, 3394, 5493, 4200, 5489, 1606, 1515, 4289, 2745, 2079, 4518, 2598, 2082, 5814, 3639, 4500, 2874, 5059, 5795, 2271, 1794, 2038, 2995, 8128, 3023, 1495, 1352, 2570, 1823, 2615, 3354, 4495, 4826)
(2, 4): Mean: 4175.728, median: 3456.5, std: 2394.164, percent: 4168.4, B: 136, W: 112, 
	(1744, 6269, 6749, 3073, 8916, 5055, 4789, 3795, 2156, 4014, 7390, 5685, 8122, 1825, 4604, 3213, 2920, 14601, 5483, 1667, 7905, 2151, 4627, 2666, 8886, 3600, 4444, 4862, 4559, 3283, 1869, 2371, 2120, 2520, 2902, 1673, 2592, 6275, 4503, 8012, 11646, 3186, 2049, 2403, 1980, 1240, 2593, 2790, 4637, 1791, 2086, 2546, 2679, 3282, 3056, 2224, 3486, 3511, 3844, 2407, 7307, 4826, 7693, 12505, 4309, 4599, 4697, 3394, 1325, 1850, 2242, 3003, 3504, 3462, 2000, 3408, 5023, 7164, 3661, 11875, 1857, 1907, 4996, 2551, 2974, 2811, 2637, 2706, 8861, 8732, 3503, 2682, 2659, 4169, 2933, 981, 2938, 4843, 5469, 4987, 2739, 2421, 4891, 3451, 2599, 7541, 4822, 5190, 5471, 3771, 6321, 3351, 4634, 4940, 6192, 6919, 1736, 14928, 3130, 3075, 4375, 4478, 11366, 3104, 3339, 2699, 7010, 2426, 2944, 3407, 10017, 4995, 1992, 4767, 2352, 1320, 8252, 4435, 3075, 3749, 2345, 3417, 3905, 6531, 1918, 2901, 4101, 2740, 8077, 3197, 4298, 4862, 2431, 1566, 3136, 2170, 6141, 6380, 4049, 4665, 3816, 5649, 3359, 2284, 3408, 3103, 3607, 4685, 2764, 9198, 3092, 2248, 3133, 1896, 3067, 5056, 6635, 2466, 3856, 2953, 1431, 2549, 1983, 2860, 5346, 3768, 2191, 4650, 14016, 6213, 2756, 1693, 2706, 5236, 10041, 2530, 3623, 7724, 2814, 4226, 2636, 3958, 4588, 4183, 5320, 4937, 2813, 5794, 6692, 6006, 4237, 1430, 2460, 5599, 8186, 1735, 5260, 5261, 2465, 5475, 4485, 6615, 1698, 1434, 3642, 2272, 2047, 4424, 2592, 1711, 5464, 3423, 4551, 3035, 4830, 6956, 2540, 2034, 1807, 3596, 6039, 3384, 1662, 1275, 2717, 1892, 2824, 2917, 5102, 5875)
(3, 5): Mean: 4127.968, median: 3607.0, std: 2280.277, percent: 4139.92, B: 133, W: 117, 
	(1819, 5964, 5549, 3665, 7556, 4454, 5307, 3704, 2189, 3891, 6128, 5433, 7501, 1974, 5715, 3004, 3375, 15415, 5015, 1764, 7489, 2055, 4629, 2985, 9685, 3268, 4363, 4553, 4121, 3293, 1870, 2227, 2024, 2232, 2685, 1640, 2663, 6881, 4207, 6897, 9094, 3117, 2093, 2180, 2039, 1414, 2813, 3046, 4583, 1884, 1922, 2655, 2397, 3687, 3693, 2149, 4664, 3864, 3674, 2331, 5453, 3837, 8175, 10402, 3594, 4451, 4709, 2934, 1273, 1852, 2067, 2446, 3062, 3515, 2186, 3505, 4404, 6639, 3644, 10915, 1711, 1787, 4820, 2570, 2834, 2623, 2653, 2882, 8726, 10763, 3737, 2920, 3397, 4279, 2955, 1016, 2484, 5211, 5391, 4377, 2951, 1986, 4467, 3020, 2571, 6517, 4486, 3828, 6087, 3920, 7581, 3609, 4756, 6478, 7108, 6478, 1852, 13761, 3605, 3061, 4504, 4670, 12954, 2735, 2767, 2892, 6674, 2196, 3783, 3625, 10000, 4907, 1969, 5499, 2263, 1175, 7849, 3741, 2926, 3560, 2422, 3778, 3998, 7769, 2152, 2978, 4644, 2928, 7285, 3301, 3878, 5204, 2535, 1682, 3266, 2054, 5807, 8217, 4227, 4136, 4221, 4843, 3917, 2677, 3029, 3350, 3074, 5602, 2516, 7769, 3497, 2087, 3042, 1750, 2840, 4962, 6130, 2472, 3896, 2724, 1663, 2691, 1628, 3240, 4740, 3832, 2176, 5466, 9082, 6370, 2824, 1772, 2435, 5252, 8778, 2575, 4177, 8731, 2547, 4659, 2626, 5058, 4145, 4038, 6732, 4414, 2866, 6128, 7700, 6709, 3734, 1597, 2872, 4820, 6064, 1923, 5157, 6495, 2362, 6184, 4112, 5998, 1508, 1314, 3584, 2482, 1925, 4999, 2942, 1788, 5374, 3325, 4828, 3025, 4348, 6253, 2295, 1984, 2201, 3288, 7029, 3199, 1379, 1277, 2505, 1771, 2533, 2734, 5800, 5773)
(4, 6): Mean: 6121.056, median: 5174.5, std: 3445.815, percent: 6162.0, B: 0, W: 250, 
	(2591, 9656, 9376, 5345, 14438, 5556, 6752, 5921, 2709, 5189, 7987, 6662, 12339, 2842, 7078, 4470, 4458, 22315, 6990, 2562, 11292, 3036, 6265, 4075, 12083, 4860, 8173, 5926, 7636, 4713, 2705, 3397, 4110, 3429, 4610, 2351, 4065, 9584, 7122, 12530, 13625, 4221, 3485, 3418, 2832, 1983, 4412, 3819, 9993, 2607, 2683, 3914, 4036, 4433, 5233, 3204, 6318, 5902, 5032, 3130, 9110, 6028, 9564, 15309, 5237, 7752, 6927, 4632, 1924, 3093, 2557, 3765, 4094, 4779, 3030, 5206, 7586, 9948, 5293, 15355, 2641, 2531, 7708, 3875, 5085, 3771, 4004, 3828, 15155, 15908, 5210, 3840, 4497, 6183, 4862, 1461, 3809, 6452, 8054, 5713, 3670, 3503, 6078, 4448, 4459, 9913, 6499, 6504, 11279, 7824, 8876, 4680, 7230, 7087, 7443, 10226, 3041, 18294, 4491, 3766, 5595, 7077, 19045, 3755, 4275, 3770, 11142, 3313, 4522, 5525, 15370, 8543, 2429, 8814, 3360, 1831, 11009, 5643, 4662, 5584, 3595, 6323, 5237, 9771, 3116, 4388, 4746, 4460, 11022, 5792, 6017, 9121, 4372, 2269, 5160, 3340, 9118, 11566, 7552, 6585, 4472, 6441, 5283, 3741, 4700, 4693, 4368, 8148, 4164, 15527, 5313, 2807, 4918, 2886, 3646, 7916, 7519, 3971, 6926, 4606, 2089, 4115, 2970, 3942, 7557, 6342, 2927, 9784, 17081, 6699, 3866, 2161, 3857, 9162, 11971, 3610, 6581, 11752, 3853, 6311, 3832, 6387, 5605, 7831, 10217, 8265, 4511, 10752, 10357, 7500, 5888, 2130, 3785, 10499, 10716, 2722, 7502, 9045, 3518, 7689, 7331, 9883, 2398, 2164, 5053, 3421, 3012, 7608, 4243, 2550, 8907, 4664, 5664, 4346, 6891, 7161, 3512, 2639, 3048, 5203, 9679, 4611, 2458, 1859, 3462, 2494, 4033, 4458, 7552, 7155)
(5, 10): Mean: 4405.572, median: 3702.0, std: 2427.428, percent: 4307.28, B: 249, W: 1, 
	(1840, 6858, 5833, 3162, 9593, 4258, 4667, 3821, 1898, 4463, 6245, 6052, 7952, 2086, 5309, 3044, 3724, 12293, 4650, 1896, 7660, 2241, 4342, 2939, 9607, 3981, 5219, 4271, 4213, 3446, 1869, 2674, 2390, 2509, 3478, 1777, 3369, 6394, 4728, 10067, 13175, 3585, 2100, 2364, 1876, 1447, 3157, 3460, 6371, 1882, 2306, 2558, 3008, 3445, 3825, 2529, 4747, 4186, 4008, 2530, 6787, 4404, 7965, 10086, 3537, 4823, 5112, 3665, 1280, 2137, 2184, 2657, 3536, 3191, 2237, 3613, 4873, 7753, 3788, 12396, 1883, 2064, 5772, 3173, 3417, 2913, 2644, 2724, 11524, 10640, 3944, 3134, 3251, 3801, 3071, 1023, 2905, 5491, 4491, 4885, 3201, 2167, 4937, 3464, 2743, 6285, 4516, 4525, 5881, 4043, 7305, 2754, 5294, 5609, 6688, 7139, 2185, 13968, 3674, 2697, 4819, 6604, 11192, 2909, 3199, 3160, 6071, 2265, 3947, 4375, 12323, 6143, 1969, 5863, 2130, 1445, 6550, 3561, 3050, 4389, 2274, 4533, 4776, 6237, 2047, 3526, 4125, 3432, 7864, 3620, 4933, 5258, 2953, 1701, 3100, 2340, 6951, 8782, 5002, 4216, 3680, 6615, 3508, 2922, 3493, 3805, 3166, 5327, 2776, 8598, 3647, 1997, 3837, 2092, 2705, 5853, 5760, 3066, 4562, 3265, 1729, 3259, 2044, 3298, 4823, 5418, 2493, 6140, 13933, 5759, 2953, 1808, 2502, 7131, 10258, 2628, 4138, 6567, 2745, 4192, 2566, 4356, 4839, 4549, 6925, 5013, 3010, 7081, 8316, 7024, 4211, 1562, 2581, 6225, 6899, 1805, 5702, 6391, 2886, 5326, 5472, 6360, 1792, 1640, 3918, 2486, 2132, 5254, 2995, 1910, 6242, 3527, 5116, 3503, 4680, 5697, 2296, 1931, 1997, 3565, 8341, 3515, 1909, 1320, 2478, 1962, 2885, 3270, 5301, 5280)
(6, 12): Mean: 4119.908, median: 3449.0, std: 2268.05, percent: 4068.18, B: 181, W: 69, 
	(1793, 7502, 5637, 3288, 9498, 5388, 5131, 4516, 1909, 3697, 5939, 5207, 9781, 1899, 6311, 2745, 3364, 13200, 4461, 1711, 6789, 2269, 4025, 2983, 9340, 3674, 4273, 5702, 4910, 3465, 1658, 2350, 2093, 2433, 3172, 1730, 2962, 5107, 4808, 10061, 10095, 3091, 2370, 2180, 1895, 1282, 2915, 2347, 5096, 1674, 1928, 2605, 2490, 3062, 3087, 2927, 4714, 3783, 4082, 2121, 7315, 4019, 6730, 8656, 3403, 5370, 4250, 3293, 1222, 1931, 2249, 2436, 3383, 3164, 1949, 3222, 4665, 7120, 4160, 12715, 2004, 1664, 5615, 2489, 2898, 2865, 2832, 3022, 10322, 9107, 3478, 2727, 3411, 4568, 3150, 1039, 2785, 3651, 4603, 4146, 2589, 2558, 3743, 3099, 2355, 7697, 4436, 3921, 5758, 3854, 6160, 3018, 5757, 5368, 6263, 7261, 1744, 12052, 3433, 2862, 4336, 5630, 10003, 3225, 3110, 2514, 6688, 2470, 2925, 3881, 9649, 5459, 2125, 4630, 2240, 1403, 7462, 4527, 3326, 3781, 2190, 3584, 4383, 5953, 1897, 3087, 3330, 2682, 7400, 3526, 3708, 4646, 2677, 1817, 3248, 2264, 4991, 11124, 4818, 4096, 3432, 5062, 3743, 2460, 3365, 2615, 3322, 4842, 2486, 10040, 3213, 2036, 2679, 2042, 2727, 5139, 6914, 3004, 3879, 2807, 1550, 2688, 1593, 3183, 6267, 5084, 2201, 6102, 9843, 5444, 2463, 1533, 2391, 5121, 8057, 2749, 3735, 6770, 2514, 3773, 2498, 4764, 4227, 4131, 4882, 4622, 2573, 7133, 7201, 4940, 3875, 1463, 2730, 6487, 5666, 1722, 4438, 5887, 2164, 5318, 4464, 5990, 1579, 1441, 3752, 2286, 2024, 4486, 2742, 2004, 7137, 3980, 3997, 2780, 4496, 4783, 2086, 1671, 2663, 2745, 7314, 3792, 1555, 1215, 2442, 1445, 2770, 3040, 5289, 5534)
(11, 42): Mean: 4117.012, median: 3431.0, std: 2317.202, percent: 4142.68, B: 133, W: 117, 
	(1918, 5056, 5224, 3299, 7551, 4512, 5345, 4393, 1877, 3395, 6238, 6892, 8321, 1779, 6419, 3088, 3175, 16944, 5225, 1657, 7356, 2138, 4174, 2888, 8381, 4010, 4867, 4014, 4904, 3133, 1716, 2291, 2276, 2337, 3144, 1676, 2502, 5755, 4357, 8085, 9319, 3263, 2339, 2023, 2273, 1252, 2630, 3136, 5656, 1784, 2073, 2527, 2563, 3128, 3620, 2063, 4273, 4180, 3360, 2092, 6726, 4515, 6885, 9638, 4101, 4719, 4757, 3044, 1187, 1798, 2235, 2547, 3450, 3046, 1787, 3107, 4459, 6875, 3644, 10536, 1974, 1834, 4346, 2322, 2976, 2596, 2481, 2772, 11332, 9385, 3437, 2867, 2694, 4278, 2973, 1032, 2625, 4233, 5326, 4618, 2820, 2185, 4073, 3306, 2677, 11736, 3884, 4191, 6178, 3701, 5828, 2646, 5885, 6009, 5773, 7160, 1688, 12234, 2925, 3055, 3819, 4741, 12493, 2829, 2929, 2587, 6389, 2274, 3537, 3516, 7796, 4908, 1925, 4002, 2454, 1244, 8006, 3916, 2975, 3425, 2218, 3449, 4421, 7484, 2081, 3458, 3195, 3189, 7843, 3419, 4198, 4813, 2583, 1684, 3215, 1957, 6213, 7924, 4721, 3835, 3507, 4829, 3467, 2578, 3270, 3255, 3302, 5358, 2369, 8675, 3841, 1924, 2961, 1994, 2551, 5190, 5741, 2640, 4081, 2588, 1682, 2954, 1729, 3073, 5687, 4889, 2121, 4634, 10053, 6165, 3163, 1616, 2434, 5408, 8324, 2682, 4710, 6789, 2569, 3594, 2626, 5638, 4192, 4008, 6182, 5204, 2686, 6327, 8166, 5633, 4243, 1356, 2599, 5796, 6691, 2044, 5235, 5408, 2913, 4822, 3989, 7716, 1835, 1454, 4159, 2296, 2104, 4945, 2928, 1846, 6626, 3270, 4054, 3385, 4230, 5524, 2346, 2045, 2042, 2759, 8012, 2916, 1527, 1228, 2343, 1585, 2564, 2776, 5284, 4657)
(16, 67): Mean: 4101.74, median: 3378.0, std: 2278.505, percent: 4082.32, B: 128, W: 121, 
	(1835, 6282, 6330, 3195, 8261, 5977, 4424, 4308, 1873, 4022, 6578, 5687, 8561, 2152, 5420, 2981, 3216, 13265, 5302, 1663, 7305, 2110, 4106, 3022, 10044, 3954, 4349, 5174, 4632, 2989, 1834, 2409, 1907, 2574, 3085, 1504, 2825, 6012, 4294, 7919, 7238, 3172, 2321, 1832, 2343, 1280, 2801, 2679, 5097, 1711, 1795, 2415, 2628, 3494, 2863, 2069, 3780, 3747, 3546, 2175, 5906, 4339, 6749, 9171, 3215, 3805, 4338, 2871, 1324, 1882, 2268, 2583, 3296, 3607, 1922, 3451, 5059, 6479, 4364, 12281, 1923, 1884, 3951, 2492, 2743, 2991, 3021, 3038, 9224, 8742, 4671, 2843, 2913, 3806, 3157, 992, 2655, 3683, 5258, 3827, 3082, 2322, 4938, 2859, 2467, 6430, 4991, 4769, 6535, 3645, 5897, 2967, 6301, 5397, 6698, 6728, 1817, 15086, 3207, 2618, 4277, 5972, 12831, 3059, 2903, 2948, 5792, 2566, 3093, 3277, 10675, 4435, 1961, 4003, 2202, 1239, 8371, 3340, 2821, 3273, 2334, 3328, 4479, 6699, 1865, 3144, 3387, 2965, 6628, 3479, 4746, 5491, 2429, 1738, 2912, 2393, 5685, 5775, 5307, 4155, 3309, 5151, 3372, 2296, 3545, 3384, 2968, 4479, 2533, 7123, 3772, 1977, 2813, 1831, 2601, 5105, 5751, 2667, 3778, 2964, 1445, 2658, 1682, 2868, 5024, 4508, 2038, 6541, 11102, 6823, 2666, 1762, 2520, 5602, 8967, 2886, 3566, 8486, 2528, 3594, 2444, 4776, 4972, 3706, 6671, 4507, 2743, 6018, 8014, 4863, 4892, 1412, 2667, 7062, 7948, 1717, 4686, 4858, 2354, 5654, 5431, 6651, 1934, 1344, 3816, 2462, 2078, 5423, 2723, 1845, 5339, 3054, 5218, 3231, 4455, 4941, 2150, 1839, 2195, 3263, 8026, 3472, 1510, 1241, 2723, 1901, 2652, 2923, 4730, 4395)
(17, 73): Mean: 4110.212, median: 3520.0, std: 2356.576, percent: 3962.28, B: 128, W: 122, 
	(1735, 5296, 5410, 3631, 9231, 4969, 5147, 4036, 2053, 3893, 6005, 4880, 9261, 1812, 6831, 3138, 2956, 14490, 5974, 1779, 7289, 1978, 4428, 2966, 7979, 4059, 4194, 4721, 5398, 3221, 1765, 2405, 2411, 2229, 2983, 1603, 2912, 5514, 4229, 7631, 8972, 3111, 2048, 2156, 1882, 1265, 2897, 2926, 4895, 1918, 1806, 2448, 2587, 2986, 3316, 2075, 4242, 3892, 3829, 2212, 5905, 4425, 7896, 8144, 3424, 4174, 4529, 3194, 1222, 1724, 2322, 2917, 3430, 3239, 1999, 3296, 4613, 5711, 3620, 14980, 1824, 1956, 5182, 2323, 2971, 2787, 2981, 2622, 9979, 7946, 4126, 2806, 3190, 4620, 3820, 950, 3037, 4659, 5274, 4623, 2809, 2348, 3840, 3472, 2311, 7494, 4666, 4520, 5664, 3650, 5483, 2790, 4355, 5644, 5715, 6288, 1929, 18439, 3443, 2814, 3907, 4569, 12483, 2951, 3145, 2841, 5995, 2322, 3326, 3964, 8166, 4548, 1950, 4796, 2065, 1436, 8177, 4279, 2649, 3411, 2096, 3861, 4395, 5164, 2071, 3479, 3445, 2776, 5927, 3495, 4370, 4907, 2667, 1602, 2945, 2167, 5352, 7428, 4350, 4325, 3697, 5426, 3407, 2413, 3485, 3034, 3545, 5203, 2750, 8912, 4075, 2110, 2688, 1906, 2499, 5791, 7521, 2588, 4092, 2714, 1527, 2525, 1651, 2990, 5096, 4553, 2238, 5378, 10568, 5379, 2926, 1611, 2380, 6427, 8257, 2862, 3839, 7213, 2765, 4174, 2544, 4314, 4592, 3881, 5949, 4639, 2868, 6864, 7385, 5818, 4420, 1359, 3131, 6664, 6630, 1618, 5059, 5646, 2162, 5158, 4049, 6192, 1596, 1461, 3904, 2837, 1901, 4664, 2792, 1752, 6212, 3613, 4171, 2980, 4269, 6496, 2276, 1690, 1854, 2772, 7475, 3335, 1473, 1117, 2420, 1668, 2516, 2874, 5026, 5431)
(23, 108): Mean: 4106.02, median: 3572.0, std: 2218.039, percent: 4094.24, B: 126, W: 123, 
	(1826, 6018, 6173, 3015, 8734, 4857, 5628, 3842, 1905, 3669, 6032, 5563, 8751, 1885, 6000, 3164, 3555, 11347, 5809, 1741, 7171, 2065, 3860, 2611, 9708, 4403, 4784, 4674, 4569, 3127, 1800, 2263, 2459, 2539, 2891, 1738, 2693, 6784, 4620, 7722, 8257, 3531, 2371, 2174, 2338, 1277, 2732, 2646, 5423, 1698, 1994, 2531, 2626, 3623, 2904, 2018, 4365, 3961, 4640, 2405, 5651, 4371, 8939, 8884, 3096, 4653, 4161, 3019, 1175, 1832, 2174, 2421, 3317, 3200, 1934, 3553, 4812, 7410, 3573, 12824, 1907, 1955, 4443, 2649, 2877, 2972, 2751, 2731, 10958, 10485, 4357, 2837, 3087, 3591, 3150, 1002, 2978, 4571, 5655, 4270, 2924, 2340, 3849, 3029, 2647, 6754, 4239, 4379, 7229, 4037, 6695, 3069, 4642, 5617, 6011, 6843, 1939, 13586, 3169, 2813, 4189, 4733, 9750, 2962, 3006, 2721, 6242, 2213, 3244, 3291, 8985, 4905, 1852, 4891, 2065, 1347, 6561, 3907, 3268, 3845, 2343, 4001, 4107, 6073, 1812, 3572, 3812, 2609, 8208, 3745, 3869, 4742, 2675, 1667, 3242, 2047, 6063, 6635, 4678, 4473, 3612, 6220, 3614, 2278, 3284, 3011, 3392, 4971, 2694, 9404, 3486, 2054, 3124, 1806, 2674, 5148, 6638, 2808, 4800, 2840, 1372, 2826, 1639, 3000, 6370, 4817, 2168, 5236, 9903, 5510, 2674, 1657, 2209, 5764, 9090, 2636, 4454, 8304, 2597, 3635, 2816, 4336, 4588, 3572, 5491, 4412, 2809, 6345, 7172, 4632, 3868, 1399, 2789, 5880, 7492, 1676, 4626, 5150, 2404, 4706, 5043, 6878, 1569, 1289, 3834, 2462, 2031, 4382, 2780, 1791, 5169, 3125, 3729, 2679, 4890, 5606, 2347, 1799, 1967, 3729, 7731, 3371, 1533, 1239, 2407, 1413, 2587, 3013, 5042, 5293)
(25, 119): Mean: 4210.984, median: 3659.0, std: 2346.068, percent: 4177.38, B: 103, W: 146, 
	(1878, 6197, 6388, 3297, 8472, 4634, 5103, 4090, 2041, 3877, 7834, 6190, 7750, 1893, 5226, 3164, 3043, 13658, 5748, 1859, 6039, 2252, 4706, 2760, 9298, 3773, 4970, 3823, 3861, 3178, 1642, 2481, 1935, 2573, 3109, 1498, 2550, 6037, 4052, 9624, 9778, 3389, 2026, 2396, 2013, 1284, 2665, 2563, 5238, 2126, 1998, 2597, 2837, 3346, 3802, 2392, 4092, 3673, 3358, 2102, 5965, 4974, 7619, 10953, 3915, 4997, 4402, 3117, 1302, 1928, 2199, 2524, 3040, 3368, 1911, 3103, 4951, 7425, 3681, 13772, 1764, 1808, 4966, 3030, 3001, 2422, 2820, 2946, 10573, 9554, 4503, 2992, 3042, 3890, 3451, 1014, 2782, 4693, 4588, 4640, 3035, 2178, 3815, 3529, 2694, 6910, 4312, 4156, 7665, 3688, 7104, 3016, 5974, 7232, 5941, 7891, 2019, 12854, 3087, 3309, 4538, 4448, 11974, 2831, 2844, 2549, 6667, 2378, 3222, 3745, 8477, 6574, 2414, 4772, 2280, 1642, 6312, 4234, 3134, 3216, 2406, 3858, 4022, 7654, 2146, 3311, 3910, 3158, 6585, 3647, 4631, 5555, 3041, 1583, 3169, 2096, 5757, 7714, 4789, 4034, 3885, 5832, 3821, 2566, 3006, 2783, 2894, 5369, 2811, 8154, 4053, 2127, 3000, 1843, 2492, 5603, 7087, 2517, 4277, 3241, 1679, 2911, 1692, 3292, 4690, 4363, 2421, 5825, 12712, 5303, 2697, 1584, 2322, 5171, 8060, 2806, 3972, 7789, 2511, 3738, 2618, 5012, 4647, 3863, 6208, 5351, 2690, 5589, 10737, 6152, 4345, 1491, 2478, 6364, 7000, 2014, 4604, 5722, 2612, 5801, 4102, 7169, 1643, 1658, 4350, 2912, 1986, 4826, 2902, 1752, 5453, 3671, 4183, 2694, 4436, 5438, 2167, 2028, 1857, 3189, 6858, 3391, 1406, 1282, 3059, 1880, 2660, 3094, 5840, 5134)
(27, 131): Mean: 4155.452, median: 3469.5, std: 2453.26, percent: 4068.8, B: 140, W: 110, 
	(2052, 7019, 5516, 3448, 6740, 4861, 5349, 4491, 2090, 3806, 6893, 6454, 9825, 1997, 6891, 3232, 3459, 12971, 4836, 1600, 6851, 2091, 5046, 3067, 8664, 3686, 4155, 4770, 5000, 3169, 1927, 2413, 2112, 2310, 3421, 1794, 2444, 6348, 4529, 6532, 8981, 3068, 2142, 2172, 2155, 1294, 2453, 2445, 4598, 1942, 1831, 2557, 2648, 2971, 3288, 2298, 4045, 3881, 3746, 2037, 6545, 4237, 8909, 10457, 3537, 4593, 4404, 2993, 1314, 1882, 2266, 2496, 3171, 3212, 1902, 3163, 5089, 7725, 4169, 21245, 1946, 1610, 4287, 2589, 2998, 2937, 2516, 2952, 10461, 9784, 4228, 2721, 2955, 4006, 3453, 989, 2970, 4073, 4245, 4511, 3113, 2442, 4305, 3866, 2672, 8676, 4762, 3595, 6570, 4206, 6742, 3033, 5020, 5853, 5456, 7261, 1660, 13507, 2868, 2427, 4296, 5062, 10939, 2929, 3312, 2423, 6793, 2313, 3316, 3468, 10784, 4949, 2018, 4695, 2058, 1236, 6422, 4067, 2682, 3795, 2122, 3881, 3539, 6618, 1959, 3471, 3300, 2790, 7816, 3413, 4486, 5653, 2845, 1676, 2999, 2039, 5656, 7362, 5290, 4008, 3841, 4966, 3418, 2711, 3147, 3406, 3273, 5375, 2771, 9356, 3643, 2023, 3335, 1890, 2685, 5418, 6004, 2476, 4066, 2698, 1655, 2477, 1837, 3054, 5348, 5059, 1978, 5970, 9654, 5626, 3197, 1698, 2408, 5176, 8201, 2320, 3865, 8992, 2610, 3673, 2758, 4784, 4665, 3699, 5954, 4955, 2962, 7161, 6875, 5203, 4362, 1441, 2654, 5144, 6749, 1569, 4898, 5573, 2423, 5723, 3569, 6393, 1572, 1317, 3600, 2238, 1804, 4442, 2888, 1740, 6010, 3840, 4222, 3040, 4656, 4998, 2491, 2043, 2110, 3076, 6139, 2882, 1522, 1287, 2373, 1474, 2297, 3249, 4954, 5320)
(28, 132): Mean: 4150.588, median: 3497.0, std: 2430.992, percent: 4102.36, B: 138, W: 112, 
	(1916, 6779, 5146, 3252, 7939, 4670, 4494, 3854, 1955, 3498, 5712, 6179, 8992, 2150, 5428, 3292, 3092, 12578, 5399, 1915, 6655, 1831, 4035, 3502, 8253, 3580, 4493, 4308, 4994, 2834, 1788, 2031, 2066, 2166, 3285, 1520, 2698, 6013, 4454, 8318, 10195, 2940, 2264, 2046, 2195, 1297, 2769, 2483, 4716, 1890, 2056, 2420, 2455, 3352, 3215, 2036, 4224, 3553, 3446, 2114, 6095, 4142, 8532, 8307, 3620, 4873, 4083, 2830, 1215, 1772, 2034, 2671, 3910, 3401, 1863, 3501, 4896, 6321, 3933, 20584, 1786, 1874, 4027, 2794, 3191, 2806, 2713, 2831, 8963, 8768, 4029, 3040, 2974, 4436, 3371, 998, 2595, 4469, 5095, 4520, 2676, 2219, 4916, 3496, 2667, 8400, 4633, 4770, 6401, 4079, 6733, 2986, 6286, 4841, 5921, 6992, 1796, 13016, 3200, 2477, 4166, 5700, 13502, 3095, 3348, 2706, 6353, 2656, 3169, 3751, 10347, 5260, 1967, 4047, 2329, 1432, 8250, 4283, 2968, 3649, 2444, 3347, 4380, 5926, 2117, 2847, 3755, 2700, 8253, 3080, 4755, 5337, 2692, 1649, 3321, 1959, 5247, 7553, 5221, 4606, 3922, 5740, 3368, 2820, 3323, 2938, 3307, 5254, 2420, 9268, 3628, 1949, 2830, 1775, 2365, 5260, 6720, 2480, 3739, 2842, 1491, 2561, 1800, 2682, 5745, 4979, 2056, 5786, 9795, 6954, 3374, 1694, 2507, 6703, 8727, 2709, 4673, 7432, 2366, 3719, 2488, 5984, 4502, 3737, 5952, 4990, 2817, 6579, 6931, 5036, 4137, 1440, 2517, 6174, 6293, 1814, 4372, 5056, 2590, 5249, 3704, 6477, 1720, 1355, 3954, 2577, 2103, 4452, 2610, 1816, 4971, 3121, 4218, 3142, 4800, 5188, 2346, 1856, 2365, 2948, 9042, 2916, 1403, 1256, 2403, 1738, 2647, 2966, 5510, 4419)
(30, 139): Mean: 4179.08, median: 3390.5, std: 2604.172, percent: 4069.64, B: 137, W: 113, 
	(1662, 7484, 5981, 3288, 7098, 4663, 4334, 4274, 1864, 3560, 5965, 5587, 7489, 2123, 4963, 2940, 2715, 14845, 4971, 1857, 6496, 2168, 3739, 2770, 9427, 3107, 4452, 5339, 5523, 3568, 1756, 2375, 2307, 2405, 2779, 1554, 2913, 5553, 4500, 8574, 7585, 3181, 2207, 2202, 2193, 1361, 2597, 2686, 4538, 1724, 1761, 2498, 2292, 3000, 3200, 2066, 4104, 4231, 3591, 2099, 5430, 5414, 8665, 8199, 3287, 4078, 3983, 3046, 1744, 2111, 2007, 2231, 3175, 3385, 2004, 3121, 5404, 5997, 3491, 21142, 1954, 1842, 4511, 2496, 3034, 2727, 2455, 2856, 10467, 10080, 4130, 2687, 2910, 4175, 3358, 1154, 2564, 4000, 4300, 4821, 3047, 2262, 4278, 3085, 2166, 9661, 4951, 3979, 6106, 3856, 5957, 3166, 5205, 4814, 6422, 7235, 1822, 18409, 2998, 2506, 4465, 5058, 10562, 3106, 3596, 2447, 6477, 2627, 3097, 3684, 14571, 5196, 1924, 5462, 2457, 1224, 9301, 4716, 2933, 3369, 2564, 3631, 4360, 6742, 1887, 3145, 4073, 3130, 6371, 3614, 4568, 5209, 2804, 1638, 3261, 2137, 5511, 7107, 5117, 3655, 3216, 5472, 3933, 2237, 2896, 3160, 3128, 5213, 2610, 8861, 3857, 2234, 2667, 2069, 2587, 5404, 6650, 2540, 3955, 2832, 1782, 2451, 1715, 2991, 5675, 6143, 2119, 6751, 9797, 5606, 2621, 1713, 2361, 5159, 8343, 2404, 3396, 8462, 2915, 4330, 2525, 4231, 4433, 3708, 7849, 5152, 2694, 6246, 7376, 4738, 4495, 1550, 3139, 6044, 6107, 1629, 4399, 4604, 2388, 5409, 3906, 6435, 1622, 1666, 3951, 2423, 2030, 3603, 2802, 1647, 4888, 4155, 4656, 2811, 4720, 6686, 2039, 2091, 1990, 2947, 7815, 3358, 1652, 1253, 2571, 1645, 3026, 2849, 5479, 5843)
(32, 151): Mean: 4123.788, median: 3471.0, std: 2308.608, percent: 4053.86, B: 129, W: 121, 
	(1981, 7615, 6188, 3601, 7394, 5565, 4803, 3930, 1987, 3506, 6062, 5284, 7568, 2081, 5648, 3024, 2744, 14833, 4545, 1854, 7434, 2081, 4816, 3048, 8776, 4318, 4630, 5416, 4664, 3377, 1934, 2339, 2278, 2393, 2766, 1498, 2738, 6541, 4118, 9853, 8335, 2855, 2352, 2091, 2107, 1252, 2788, 2612, 4668, 1663, 1997, 2777, 2898, 3296, 3215, 2125, 4390, 3477, 3657, 2434, 5923, 4371, 8360, 9350, 3175, 4616, 4111, 2982, 1306, 1778, 2123, 2347, 2939, 3461, 1971, 3356, 4758, 5986, 3754, 12684, 1791, 1878, 3996, 2612, 2834, 2978, 2295, 2508, 9551, 10231, 4212, 3074, 2972, 4157, 3095, 956, 2951, 4351, 4376, 4885, 2998, 2154, 3942, 3501, 2827, 7600, 4871, 4072, 7675, 4323, 8029, 3064, 5073, 5089, 5300, 7193, 1805, 13403, 2675, 2970, 3664, 5433, 12920, 3280, 3080, 2543, 6144, 2271, 3353, 3581, 10269, 5027, 2046, 4642, 2015, 1290, 7107, 4132, 2832, 3490, 2681, 3520, 4855, 7665, 1959, 3175, 3333, 3017, 8524, 3289, 4010, 4653, 2953, 1570, 3226, 2235, 6175, 5285, 5563, 4517, 4026, 5236, 3338, 2686, 3214, 2969, 3407, 4619, 2692, 10074, 3877, 2116, 3017, 1870, 2571, 5097, 4962, 2312, 3465, 2716, 1518, 2655, 1736, 3626, 5402, 5738, 2102, 5413, 8723, 5040, 2635, 1786, 2262, 5725, 9103, 2738, 3809, 7441, 2401, 3617, 2223, 4588, 4799, 3677, 5993, 4537, 2937, 6093, 7280, 5100, 3959, 1579, 2404, 6153, 7435, 1866, 5234, 5307, 2227, 5096, 3897, 7526, 1641, 1358, 3783, 2398, 2019, 4677, 2697, 1844, 5994, 3132, 4336, 2939, 4061, 6666, 2395, 1810, 2062, 3196, 7619, 4223, 1458, 1223, 2534, 1586, 2599, 3175, 5486, 5230)
(35, 164): Mean: 4105.464, median: 3510.5, std: 2268.246, percent: 4188.52, B: 128, W: 121, 
	(1976, 6770, 6621, 3429, 7559, 4476, 4654, 3463, 1830, 3237, 7308, 5023, 6747, 1969, 5415, 3275, 3615, 14095, 4843, 1712, 7368, 1923, 4580, 2620, 8951, 3600, 3931, 4526, 5271, 3032, 1628, 2139, 2433, 2146, 2653, 1734, 2400, 5676, 4320, 8828, 9075, 3030, 2103, 2141, 1922, 1283, 2904, 3120, 4745, 1766, 1796, 2678, 2503, 3366, 3441, 2003, 4103, 4102, 4126, 1996, 6872, 5064, 8145, 9550, 3548, 3786, 4702, 2660, 1362, 2007, 2204, 2611, 3222, 3201, 1956, 3218, 4441, 6620, 4397, 9597, 1840, 1978, 5091, 2750, 3263, 2720, 2588, 2661, 9626, 9350, 4172, 2968, 2753, 4167, 3598, 1021, 2860, 4170, 3943, 4652, 3341, 2386, 4381, 3153, 2677, 8178, 4826, 4076, 5505, 3776, 5477, 2781, 5627, 5032, 6358, 7616, 1715, 15252, 3061, 2984, 4485, 4938, 11949, 2978, 3807, 2712, 7442, 2344, 3185, 3908, 10854, 5515, 2092, 4823, 2072, 1238, 7601, 4619, 2963, 3905, 2226, 4204, 4186, 5600, 1930, 3184, 4106, 3017, 6840, 3701, 4942, 4863, 2871, 1614, 3473, 2272, 6371, 6553, 5401, 4134, 3644, 4792, 3969, 2408, 3307, 3222, 3598, 5245, 2336, 7882, 3138, 2037, 2849, 1966, 2898, 4917, 7080, 2630, 4152, 2939, 1673, 2785, 1579, 2896, 5359, 5139, 1857, 6795, 11639, 4893, 2876, 1513, 2263, 4545, 8042, 2444, 3442, 6282, 2403, 3320, 2536, 4641, 4384, 3702, 6468, 4813, 2832, 7221, 7864, 6099, 4348, 1386, 3045, 5383, 6321, 1681, 4635, 4780, 2301, 6092, 3766, 7376, 1621, 1346, 3279, 2131, 1980, 4531, 3422, 1818, 6442, 3667, 4179, 2804, 3727, 5361, 2179, 1938, 2182, 3079, 7461, 3211, 1574, 1194, 2398, 1583, 2691, 2916, 5477, 5314)
(36, 165): Mean: 4123.324, median: 3538.0, std: 2262.997, percent: 4060.64, B: 127, W: 122, 
	(1934, 6395, 6340, 3254, 9072, 4734, 5630, 3827, 2147, 5137, 6434, 4814, 8071, 2135, 5394, 3007, 3603, 12027, 5469, 2057, 6833, 2002, 4442, 2903, 9911, 3656, 4324, 4584, 4125, 2958, 1804, 2196, 2396, 2278, 3226, 1593, 2474, 6480, 5105, 11300, 9525, 3211, 2062, 2109, 2518, 1263, 2380, 3348, 4875, 1762, 1927, 2734, 2822, 3444, 3405, 2378, 4638, 3753, 3507, 2282, 5948, 5412, 7606, 10056, 3602, 5168, 4760, 2999, 1248, 1893, 2290, 2435, 3271, 3569, 1798, 3099, 3980, 6917, 4341, 11197, 1834, 1824, 4215, 2462, 3085, 2573, 2378, 2683, 9030, 11197, 4172, 2960, 3002, 3619, 3094, 1039, 2836, 4314, 5144, 5102, 2795, 2227, 4038, 3067, 2669, 6974, 4386, 3745, 6094, 4336, 6330, 2596, 5317, 5044, 5095, 5912, 1939, 13291, 3200, 2929, 4044, 4972, 11604, 2989, 3426, 2743, 7190, 2246, 3110, 3905, 10421, 5183, 1961, 4565, 2153, 1229, 8749, 3796, 3103, 3260, 2627, 3582, 4145, 6555, 1999, 3247, 3370, 2718, 8012, 3715, 4423, 4524, 2769, 1524, 3062, 1963, 5981, 6388, 5090, 4267, 3883, 5587, 3789, 2211, 3423, 3098, 3328, 5594, 2404, 8709, 3442, 1893, 2636, 1856, 2694, 5670, 5947, 2679, 4290, 2390, 1489, 2735, 1786, 3273, 5283, 4885, 2112, 5888, 9656, 6024, 2763, 1716, 2491, 5353, 9144, 2616, 3603, 7713, 2817, 4133, 2571, 4432, 4382, 3748, 6076, 4563, 2405, 7280, 7987, 5512, 3880, 1407, 2666, 5967, 6046, 1614, 4349, 5891, 2642, 5007, 4586, 5219, 1666, 1402, 3689, 2584, 1976, 4297, 2698, 1821, 5191, 3505, 4023, 2838, 3974, 4507, 2572, 1715, 2251, 3156, 8629, 4517, 1386, 1341, 2429, 1695, 2553, 2876, 5492, 6055)
(37, 171): Mean: 4092.264, median: 3443.0, std: 2179.119, percent: 4066.28, B: 129, W: 121, 
	(1852, 6598, 5622, 2926, 7829, 4325, 4371, 4284, 2167, 3999, 6239, 5542, 7703, 2103, 5541, 3201, 3316, 14820, 5494, 1698, 6908, 2132, 4305, 3004, 8460, 3923, 4513, 5614, 5080, 3070, 1866, 2653, 2375, 2257, 2846, 1548, 2475, 5703, 4627, 7453, 10760, 3120, 2422, 2214, 2142, 1367, 2774, 3365, 4807, 1658, 1959, 2602, 2924, 3251, 3656, 2130, 4780, 3594, 3326, 2154, 5964, 5496, 6936, 9811, 3839, 4354, 4226, 3175, 1300, 2016, 2116, 2570, 2916, 3034, 2073, 3405, 4352, 6281, 4037, 14011, 1752, 1576, 4910, 2781, 3150, 2380, 2884, 2643, 7634, 9006, 4445, 3133, 3216, 4104, 3238, 1031, 2991, 4052, 4358, 4769, 3013, 2424, 5058, 3274, 2578, 6709, 5041, 3857, 5785, 4325, 6243, 2553, 4936, 5295, 7289, 6290, 2005, 9327, 3190, 3221, 4461, 5414, 11264, 3078, 2967, 2646, 6202, 2131, 3294, 3501, 8320, 4954, 1863, 4514, 2210, 1420, 7154, 4111, 2769, 4032, 2289, 3724, 3912, 7032, 1743, 3213, 3481, 2681, 7443, 3213, 3890, 5293, 2715, 1754, 3099, 2016, 5678, 6712, 4857, 3574, 3816, 5844, 3513, 2650, 3316, 3405, 3198, 5404, 2393, 7591, 3657, 2096, 3155, 1755, 2598, 5175, 5165, 2560, 3721, 2740, 1771, 2924, 1844, 3041, 5314, 5406, 2466, 5039, 11051, 5802, 2741, 1811, 2359, 6197, 10266, 2458, 4672, 6137, 2784, 3893, 2971, 4397, 4780, 3983, 6735, 4983, 2621, 7257, 7551, 5525, 4340, 1641, 2327, 7175, 6643, 1719, 4232, 5627, 2502, 5123, 4082, 6582, 1488, 1463, 3663, 2475, 1875, 4958, 2655, 1890, 5550, 3269, 3703, 2997, 4443, 6228, 2343, 1931, 2135, 2756, 7496, 3103, 1633, 1349, 2396, 2026, 2678, 2854, 5456, 5280)
(38, 174): Mean: 4124.376, median: 3511.0, std: 2338.549, percent: 4050.92, B: 134, W: 116, 
	(1761, 6329, 6376, 2918, 8060, 5233, 4045, 4363, 2056, 3846, 5695, 5413, 7732, 2008, 4867, 2933, 3052, 11568, 5022, 1831, 8470, 2191, 4182, 3056, 8616, 3828, 4580, 5194, 4181, 3004, 1617, 2364, 2305, 2393, 3019, 1748, 3085, 5990, 4092, 8804, 9296, 3198, 2160, 2054, 2352, 1294, 2722, 2591, 5178, 1698, 1703, 2808, 2755, 3774, 3240, 2232, 4694, 3571, 3715, 2182, 5084, 4155, 7783, 7186, 4020, 5836, 4471, 2627, 1415, 1884, 2131, 2674, 3497, 3009, 2072, 3028, 4350, 7082, 3741, 11558, 1908, 1931, 5307, 2745, 2865, 2993, 2357, 2661, 12084, 10410, 4323, 2667, 3186, 3612, 2784, 1033, 2858, 4095, 5228, 3831, 2562, 2497, 4600, 3269, 2744, 8423, 5281, 4565, 6606, 3550, 5949, 2936, 5076, 5936, 5867, 7761, 1761, 16206, 3329, 2656, 3946, 5295, 11637, 3064, 3294, 2424, 6545, 2595, 3866, 3667, 13127, 4838, 1887, 5278, 2186, 1433, 7777, 3705, 3183, 3778, 2505, 3191, 3813, 6817, 1879, 3160, 3926, 3068, 6577, 3315, 4415, 4401, 2821, 1635, 3104, 1941, 5266, 6478, 4948, 3963, 3974, 5643, 3793, 2634, 3381, 2925, 3316, 5569, 2719, 10585, 4066, 2230, 3036, 1620, 2398, 5247, 6931, 2522, 3389, 2706, 1466, 2643, 1846, 2936, 5610, 5323, 2199, 5434, 11724, 5907, 2433, 1591, 2473, 4741, 8060, 2755, 3858, 7392, 2465, 3883, 2357, 4786, 4464, 4394, 5665, 4200, 3158, 6799, 8023, 5404, 4485, 1429, 2289, 5493, 6214, 1767, 4227, 4795, 2466, 5585, 5019, 6557, 1646, 1398, 3517, 2308, 1916, 4103, 2630, 1761, 5876, 3654, 3505, 2951, 4665, 5699, 2221, 1865, 2232, 2921, 6648, 3264, 1609, 1227, 2362, 1867, 2541, 3088, 4621, 6153)
(40, 184): Mean: 4113.088, median: 3444.0, std: 2287.172, percent: 4071.98, B: 130, W: 120, 
	(1982, 7338, 6575, 3382, 8110, 5107, 4888, 3874, 2018, 3542, 6724, 5452, 8995, 1884, 5472, 3336, 3019, 17539, 4640, 1737, 5656, 2138, 3901, 2778, 8145, 3047, 4548, 5310, 5069, 3381, 1816, 2302, 2147, 2294, 3109, 1616, 2584, 5945, 4355, 7654, 7443, 3150, 2188, 2114, 2105, 1297, 3004, 2517, 4535, 1724, 1829, 2467, 2448, 3296, 3420, 2317, 4689, 4883, 3791, 2066, 7567, 4205, 6734, 9694, 3629, 4113, 4289, 2735, 1263, 1898, 2210, 2365, 2692, 3463, 1978, 3062, 4816, 7372, 4178, 10420, 1937, 1762, 5962, 2855, 2617, 3222, 2661, 3050, 9649, 9182, 3911, 2823, 2862, 4077, 3107, 974, 2787, 4447, 4702, 4732, 2766, 2339, 4633, 3289, 2089, 7745, 4856, 4148, 7631, 3964, 5790, 2679, 4918, 5320, 6400, 7333, 1988, 12889, 3231, 2904, 4447, 5802, 11921, 3801, 3164, 2779, 5762, 2462, 3240, 3967, 9084, 5095, 2273, 5184, 2313, 1368, 9212, 3652, 3005, 3734, 2154, 3529, 3748, 6045, 1896, 3096, 3983, 3069, 7885, 3756, 4227, 4994, 2774, 1545, 3518, 2288, 5873, 8045, 4810, 4744, 3588, 4792, 4041, 2509, 3425, 3249, 3383, 4483, 2459, 9258, 3549, 1822, 2841, 1981, 2915, 4725, 6641, 2570, 3120, 2955, 1460, 2407, 1693, 3306, 5153, 5170, 2054, 6427, 8792, 6011, 2595, 1869, 2634, 5210, 9533, 2706, 3352, 8255, 2366, 4349, 2415, 5439, 4459, 3326, 6566, 4785, 2777, 5906, 7804, 5318, 4216, 1446, 2311, 6456, 6468, 1792, 4691, 5996, 2370, 5239, 4285, 6198, 1497, 1451, 3776, 2188, 1956, 3983, 2839, 1711, 5527, 3075, 4202, 2589, 4569, 5611, 2237, 2078, 2222, 2761, 6691, 3079, 1488, 1298, 2342, 1758, 2414, 3324, 5264, 4581)
(41, 189): Mean: 4075.236, median: 3540.5, std: 2211.469, percent: 3995.62, B: 127, W: 123, 
	(1686, 6707, 6120, 3028, 8418, 4349, 4708, 3670, 2241, 3679, 6093, 5279, 9392, 1876, 6674, 3453, 3147, 14231, 4599, 1914, 5968, 1998, 3984, 2724, 9014, 3703, 4653, 4239, 4914, 2747, 1687, 2405, 2214, 2080, 2905, 1696, 2557, 5805, 4121, 7680, 9604, 3024, 2098, 2094, 2062, 1270, 2576, 2588, 4494, 1828, 2046, 2812, 2581, 3751, 2998, 2125, 4411, 4279, 4294, 2324, 6483, 4044, 7785, 9308, 3955, 4581, 4826, 3002, 1220, 1963, 2325, 2658, 3498, 3385, 2254, 3260, 4129, 5865, 3835, 10932, 1892, 1953, 4505, 2712, 2925, 3043, 2662, 3290, 7992, 11167, 4362, 2887, 3143, 4038, 3760, 991, 3030, 3980, 4338, 4283, 2782, 2389, 4099, 3562, 2283, 7479, 4330, 5037, 6161, 4112, 5544, 2960, 5230, 5490, 5339, 6807, 1884, 11602, 3683, 2601, 4666, 4619, 12782, 3084, 3233, 2479, 7164, 2326, 3217, 3189, 8955, 4350, 1873, 4500, 2092, 1305, 5637, 3557, 3108, 3598, 2463, 3897, 4171, 7075, 1987, 3390, 3838, 2849, 7629, 3617, 4508, 4771, 2860, 1507, 2877, 2010, 5776, 7559, 4617, 3422, 3512, 4966, 4220, 2308, 3434, 2773, 3197, 4774, 2589, 8781, 3040, 2112, 2943, 1807, 2479, 5374, 6878, 2677, 3486, 2615, 1552, 2582, 1745, 2995, 4950, 5042, 2095, 6414, 11441, 5231, 2841, 1673, 2333, 5263, 8640, 2476, 3991, 8364, 2842, 3761, 2979, 5991, 4411, 4057, 6539, 4633, 3505, 5418, 7338, 5568, 4667, 1549, 2549, 6883, 7402, 1639, 5542, 5598, 2191, 4502, 4624, 6237, 1548, 1498, 3524, 2531, 1997, 4184, 3211, 1785, 5355, 3562, 3636, 2777, 4776, 5069, 2208, 1952, 2328, 3128, 6492, 3203, 1621, 1210, 2315, 1766, 2519, 2741, 5646, 4400)
(43, 200): Mean: 4076.256, median: 3449.0, std: 2194.41, percent: 4171.1, B: 126, W: 123, 
	(1739, 6631, 5592, 3298, 9371, 3873, 4902, 3918, 2118, 4402, 6028, 6172, 9441, 2041, 7165, 3220, 3020, 12818, 5264, 2094, 7149, 1942, 4061, 3304, 7641, 3234, 3971, 4745, 4921, 3647, 1851, 2158, 2108, 2252, 3003, 1906, 2577, 6570, 3887, 8107, 7538, 2916, 2066, 2444, 1921, 1236, 2507, 2711, 4808, 1807, 2196, 2764, 2644, 2981, 3437, 2167, 4740, 3984, 3387, 2104, 6274, 4063, 7163, 10356, 3955, 4937, 4793, 3224, 1338, 1876, 2289, 2728, 3061, 3354, 1964, 3665, 4402, 8358, 4361, 10583, 1711, 1962, 5154, 2528, 2913, 2723, 3067, 2884, 11623, 10728, 3732, 2857, 3021, 4284, 3335, 937, 2934, 4487, 4532, 4376, 2574, 2173, 3824, 3372, 2381, 7320, 4475, 3682, 6232, 4320, 6835, 2922, 5302, 6289, 6606, 7221, 1857, 13139, 3113, 2766, 4181, 5392, 8703, 2851, 2930, 2862, 6939, 2274, 3024, 3462, 9392, 6080, 2340, 4616, 2316, 1274, 6286, 3888, 3144, 3328, 2127, 3519, 3548, 5399, 1890, 2709, 3634, 2644, 6528, 3461, 4373, 4549, 2715, 1611, 2866, 2041, 6708, 5534, 4028, 4013, 3110, 4758, 3519, 2871, 3203, 3139, 2905, 5086, 2421, 8565, 3923, 2156, 3089, 1846, 2724, 4836, 5393, 2469, 4499, 2584, 1494, 2770, 1704, 3009, 5773, 5494, 2133, 5552, 11035, 6322, 3072, 1531, 2193, 5862, 8652, 2487, 4280, 6626, 2607, 3493, 2513, 4377, 4366, 4282, 7534, 4949, 2782, 6330, 6208, 5776, 3894, 1578, 2677, 6063, 6465, 1571, 4369, 6089, 2534, 5001, 4145, 5442, 1660, 1644, 3074, 2485, 1866, 4986, 2901, 1959, 5016, 3616, 4763, 2663, 4113, 6276, 2131, 1779, 1916, 3157, 6856, 3702, 1541, 1352, 2536, 1573, 2533, 3099, 6165, 4959)
(45, 208): Mean: 4237.04, median: 3504.0, std: 2510.827, percent: 4157.22, B: 99, W: 150, 
	(2014, 5268, 5743, 3755, 7181, 4549, 5090, 4389, 1995, 3806, 6549, 5666, 8928, 1965, 5739, 3293, 3649, 16553, 5201, 1841, 7770, 2160, 4776, 2959, 8607, 4217, 4952, 4691, 5938, 3164, 2003, 2269, 2181, 2342, 3650, 1753, 2610, 5718, 4253, 9287, 8482, 3299, 1987, 2355, 2267, 1385, 2711, 2910, 5317, 1958, 2272, 2559, 2682, 3162, 3199, 2265, 4014, 3999, 3298, 2192, 5584, 5538, 7490, 10023, 3357, 4670, 4582, 2974, 1203, 2137, 2385, 2610, 2878, 3471, 2020, 3067, 4087, 7652, 4434, 22277, 1914, 2044, 5038, 2721, 2941, 2987, 2707, 2914, 9560, 11808, 4527, 2929, 2905, 4064, 3427, 1085, 2730, 5229, 5240, 3915, 3110, 2273, 4368, 3407, 2619, 6193, 4426, 5048, 6288, 4255, 6490, 3111, 5674, 5446, 6605, 6957, 1854, 13322, 3662, 2989, 5133, 4962, 11128, 2797, 3210, 2690, 6887, 2237, 3336, 3336, 10137, 5312, 1884, 4813, 2077, 1317, 7485, 3971, 3121, 3295, 2744, 4254, 4918, 7388, 2136, 2512, 3660, 2722, 7288, 3324, 4964, 5964, 2900, 1815, 3282, 2262, 7181, 7700, 4875, 3858, 3537, 5586, 3696, 2562, 2958, 2856, 3305, 5784, 2675, 8317, 3436, 2469, 3088, 1880, 2575, 5556, 5061, 2783, 3973, 2897, 1667, 2763, 1851, 3251, 5047, 4549, 2217, 5400, 9801, 7119, 2642, 1606, 2234, 5696, 7971, 2832, 4131, 7046, 2519, 4808, 2628, 3725, 4620, 3836, 6609, 4642, 2986, 7041, 6861, 6581, 3997, 1577, 2785, 6084, 5866, 1749, 4668, 5393, 2633, 5711, 4549, 6206, 1656, 1546, 3673, 2626, 1908, 5360, 2734, 1795, 5527, 4036, 3678, 3067, 4646, 6285, 2142, 1999, 2075, 3218, 7629, 3277, 1410, 1352, 2324, 1879, 2911, 2890, 5316, 4527)
(46, 211): Mean: 4159.348, median: 3492.0, std: 2448.603, percent: 4122.16, B: 146, W: 103, 
	(1951, 6712, 6828, 3795, 7546, 4672, 4987, 3750, 1914, 3209, 6527, 5135, 8911, 2135, 7075, 3414, 3020, 11209, 5270, 1614, 7174, 2103, 3824, 2518, 9913, 3643, 5102, 5045, 4626, 3397, 1722, 2173, 2310, 2480, 2955, 1636, 2784, 6648, 4697, 9788, 8451, 2889, 2076, 2044, 2101, 1255, 2547, 3104, 4897, 1816, 1939, 2934, 2356, 3426, 3155, 2380, 4025, 3450, 3905, 2398, 6371, 4168, 7768, 10990, 3382, 4514, 3970, 3130, 1366, 1981, 2410, 2726, 3352, 3256, 1850, 3006, 4741, 7485, 4741, 18430, 1976, 2074, 5591, 2682, 3157, 2910, 2328, 2681, 9621, 9516, 3853, 2920, 2623, 3981, 3189, 987, 2727, 4144, 4918, 4355, 3194, 2604, 4159, 3561, 2323, 8278, 4709, 4773, 6361, 4043, 6750, 2635, 5401, 5250, 6413, 6229, 1719, 17017, 3076, 2401, 4197, 4730, 11444, 3421, 3037, 2975, 6048, 2440, 2925, 3944, 10603, 4236, 1789, 5789, 2197, 1222, 7879, 4371, 2817, 3558, 2484, 3781, 4150, 5397, 2003, 3108, 4336, 2927, 8138, 3532, 4143, 4476, 2940, 1613, 3553, 2231, 5716, 6280, 4294, 4380, 3457, 4949, 4492, 2627, 3691, 3315, 3204, 5258, 2463, 9936, 3265, 1851, 2516, 1837, 2767, 5176, 7755, 2896, 3843, 2574, 1412, 2420, 1647, 2913, 4438, 3967, 2094, 5464, 9085, 5342, 3293, 1767, 2126, 5586, 8116, 2446, 4131, 8422, 2413, 3596, 2625, 5621, 4397, 3935, 6090, 5006, 3208, 4761, 8205, 5810, 3638, 1367, 2605, 7384, 7196, 1510, 4466, 4846, 2165, 5062, 4240, 6083, 1718, 1410, 3527, 2347, 2290, 4208, 2604, 1756, 5884, 3130, 3912, 2763, 4437, 5246, 2283, 1750, 2243, 2944, 7947, 3293, 1515, 1218, 2550, 1702, 2721, 3122, 5263, 6054)
(49, 228): Mean: 4114.336, median: 3496.5, std: 2338.994, percent: 4068.26, B: 132, W: 118, 
	(1866, 6943, 5205, 2932, 7777, 4143, 4296, 3856, 2180, 3427, 6570, 6038, 7524, 1955, 6865, 3916, 2875, 14572, 4507, 1766, 5906, 1953, 4227, 3079, 8455, 3239, 4101, 4779, 4809, 3476, 1817, 2470, 2129, 2429, 2792, 1415, 2478, 6026, 4325, 9057, 7617, 3293, 2615, 2067, 2135, 1259, 2812, 2888, 4641, 1797, 1866, 2453, 2488, 3039, 3530, 2009, 4581, 3982, 3807, 2221, 6193, 4110, 7325, 10074, 3649, 5218, 4122, 3012, 1393, 1924, 2077, 2522, 3620, 3511, 1953, 3387, 5715, 5998, 3797, 12741, 1927, 1787, 4745, 2649, 2908, 2973, 2699, 2780, 10373, 8841, 3388, 2865, 2932, 4428, 2649, 1129, 2992, 4441, 4819, 4071, 3105, 2354, 4535, 3747, 2485, 6136, 4487, 4910, 5881, 4033, 6461, 2709, 4760, 4912, 5635, 7441, 1790, 15815, 2886, 2682, 4629, 4269, 12689, 2711, 3354, 2906, 5997, 2508, 3257, 3836, 10951, 5777, 2271, 3771, 2394, 1327, 7694, 4109, 2837, 3535, 2571, 3322, 4562, 6803, 1887, 2862, 3544, 2908, 8129, 3482, 4952, 5534, 3036, 1728, 3360, 1913, 5403, 6437, 4171, 3864, 4006, 5012, 3254, 2440, 3588, 3067, 2981, 5010, 2663, 8850, 3535, 2106, 2482, 1852, 2729, 4586, 6317, 2519, 4075, 2711, 1551, 2748, 1845, 3009, 6176, 5888, 2272, 6100, 12709, 5891, 2670, 1666, 2195, 6157, 9067, 2497, 3452, 7660, 2463, 3938, 2498, 4892, 5126, 3923, 6163, 4492, 2853, 6775, 8064, 5152, 4154, 1397, 2391, 5954, 6963, 1671, 5306, 5653, 2376, 5203, 4404, 5799, 1554, 1576, 3613, 2100, 1993, 4143, 2580, 1866, 5881, 3111, 5127, 2650, 4072, 5147, 2454, 1884, 2230, 2936, 6799, 2990, 1669, 1225, 2646, 1782, 2775, 3251, 4993, 5525)
(52, 244): Mean: 4123.092, median: 3420.5, std: 2488.968, percent: 4028.38, B: 125, W: 124, 
	(1841, 6701, 5850, 3249, 8214, 4861, 4148, 4244, 2009, 3986, 6427, 5524, 7433, 2110, 6081, 2899, 3227, 15498, 4635, 2022, 7206, 2156, 3921, 2745, 8677, 3426, 4124, 4249, 5221, 3240, 1662, 2412, 1956, 2473, 3054, 1635, 2845, 6138, 4829, 10375, 10800, 2988, 2259, 1941, 2264, 1293, 3115, 2628, 4654, 1445, 1735, 2471, 2957, 3559, 3765, 2064, 4220, 3802, 3340, 2439, 7280, 4893, 7414, 9107, 3671, 4730, 3884, 2817, 1311, 1961, 2121, 2628, 3224, 3252, 2025, 3342, 4157, 5681, 4073, 21405, 1796, 1761, 4698, 2673, 3213, 2528, 2395, 2867, 10473, 10039, 4209, 3210, 2642, 4489, 3029, 983, 2925, 4132, 4582, 3971, 2887, 2475, 3967, 3165, 2400, 8148, 4186, 3572, 6369, 3595, 5014, 2582, 4733, 4327, 6376, 6968, 1881, 11533, 3264, 3151, 4181, 5500, 12969, 2583, 3251, 2876, 7486, 2565, 3613, 3852, 9318, 5095, 1876, 5116, 2398, 1288, 7395, 4237, 2821, 3415, 2302, 3289, 4356, 7077, 1887, 3453, 3839, 2974, 8981, 3489, 4145, 5956, 2763, 1694, 2887, 2030, 5577, 6556, 4323, 3753, 3703, 5066, 3561, 2560, 3109, 3327, 3346, 4233, 2717, 8344, 3112, 1975, 2815, 1781, 2558, 5563, 5804, 2711, 3812, 2721, 1661, 2589, 1715, 3272, 4860, 5631, 2035, 5786, 10845, 6358, 2457, 1553, 2452, 4756, 9309, 2582, 3330, 6491, 2695, 3534, 2603, 4732, 4135, 3449, 5735, 5143, 2523, 6134, 8092, 5314, 4201, 1438, 2552, 5934, 6398, 1683, 4542, 5897, 2711, 5852, 3721, 5607, 1738, 1601, 3921, 2188, 1983, 4399, 2645, 1737, 6439, 3354, 3973, 3333, 4290, 4528, 2416, 1858, 2121, 3054, 6700, 3358, 1516, 1284, 2753, 1667, 2562, 3233, 5321, 5284)
(56, 267): Mean: 4071.816, median: 3481.0, std: 2189.047, percent: 4092.58, B: 133, W: 116, 
	(1777, 6682, 5845, 3045, 8195, 4314, 5383, 4197, 2045, 3359, 6052, 6019, 8977, 2013, 10588, 3367, 2933, 11680, 4615, 1936, 7657, 2206, 4331, 2686, 8365, 3461, 4046, 5181, 5619, 3355, 1691, 2222, 2272, 2369, 2830, 1538, 2673, 5665, 3930, 8177, 9843, 3349, 2138, 1925, 2133, 1281, 2677, 3042, 5311, 1659, 2159, 2327, 2757, 3549, 3231, 2323, 4431, 4350, 3908, 2259, 6061, 4673, 6835, 6803, 3781, 4088, 4929, 2898, 1247, 1547, 2027, 2417, 3248, 3367, 2178, 3825, 5838, 6133, 4457, 11696, 1748, 1774, 5644, 3001, 2769, 2624, 2887, 2733, 9867, 10752, 3986, 3059, 2783, 3545, 3419, 985, 2634, 4054, 4144, 4677, 2577, 2297, 3538, 3526, 2194, 8443, 4542, 4504, 5732, 4009, 5144, 2889, 5430, 5091, 6239, 6859, 1771, 14190, 3168, 2840, 4331, 5349, 8537, 3274, 3108, 2465, 6925, 2424, 3066, 3664, 8505, 4621, 1915, 4902, 2125, 1257, 7299, 3970, 3518, 3982, 2563, 3827, 4786, 5551, 1923, 2864, 3325, 2731, 7701, 3418, 4864, 4156, 2884, 1607, 3282, 2013, 6197, 7256, 4755, 4488, 3688, 4788, 3835, 2561, 3376, 3414, 2831, 4992, 2418, 8757, 3164, 2085, 2705, 1953, 2593, 5597, 6039, 2473, 3541, 2814, 1549, 2726, 1808, 3096, 5157, 4273, 1956, 6306, 9861, 6871, 2947, 1553, 2222, 4822, 7846, 2772, 3498, 7572, 2491, 3976, 2380, 4791, 4527, 4475, 5583, 5271, 2697, 6709, 7329, 5283, 4112, 1479, 2996, 6243, 6485, 1644, 4408, 6164, 2198, 5241, 3668, 6690, 1713, 1474, 3138, 2311, 2095, 4416, 2852, 1679, 5225, 3464, 3786, 3050, 4228, 4761, 2112, 1702, 1892, 3500, 7690, 3129, 1435, 1215, 2887, 1602, 2517, 3104, 4742, 5444)
(57, 272): Mean: 4099.112, median: 3428.0, std: 2147.026, percent: 4132.02, B: 110, W: 139, 
	(1886, 7195, 5823, 3075, 8114, 5099, 4397, 4309, 2125, 3482, 6914, 5439, 8347, 2103, 6648, 3079, 3102, 13646, 4834, 1660, 8109, 2022, 4288, 2985, 8551, 3282, 4828, 4965, 5166, 3149, 1669, 2285, 2146, 2215, 3314, 1642, 2560, 6101, 4523, 7797, 8760, 3127, 2319, 2073, 2333, 1258, 3003, 3188, 5307, 1742, 1870, 2710, 2561, 3760, 3405, 2259, 4638, 4066, 3213, 2355, 6229, 3897, 7322, 9182, 3294, 4845, 4904, 2932, 1288, 1824, 2221, 2718, 3366, 3729, 1982, 3075, 5497, 6516, 3995, 9441, 1957, 1815, 4481, 2752, 3060, 2747, 2921, 2763, 9581, 9262, 3451, 3134, 2951, 4632, 3142, 911, 2816, 4427, 4418, 3953, 2872, 2180, 4060, 3320, 2711, 7147, 4542, 4529, 6398, 3629, 6775, 2685, 5633, 5501, 4751, 6358, 1957, 12347, 3589, 2957, 4795, 5793, 11560, 2929, 3353, 2793, 6791, 2377, 3002, 3787, 8886, 4900, 2128, 4273, 2084, 1280, 7510, 4821, 3015, 3707, 2270, 3461, 4224, 6176, 2053, 3354, 3132, 2754, 8070, 3258, 4585, 5185, 2873, 1573, 3143, 2117, 5739, 6025, 4929, 3900, 3379, 4536, 3832, 2695, 3331, 3225, 3523, 4820, 2378, 7983, 3633, 1998, 3056, 1811, 2767, 5094, 6530, 2662, 4268, 2546, 1492, 2588, 1881, 3183, 5360, 5321, 2308, 6705, 9553, 5851, 3002, 1820, 2118, 6129, 10349, 2581, 3811, 6773, 2865, 4135, 2463, 5066, 4919, 3780, 5630, 5009, 3068, 6278, 7370, 5068, 4820, 1600, 2889, 6624, 7185, 1652, 5229, 5784, 2707, 5069, 3663, 7026, 1704, 1372, 3705, 2343, 2097, 4777, 2574, 1758, 5319, 3516, 3984, 2800, 4268, 5225, 2311, 2052, 2036, 3145, 6946, 3121, 1640, 1316, 2438, 1610, 2533, 2978, 4679, 4942)
(58, 278): Mean: 4124.66, median: 3457.0, std: 2377.878, percent: 3921.66, B: 139, W: 111, 
	(1760, 5373, 5660, 3498, 8544, 4797, 5142, 4154, 2090, 3624, 6777, 4591, 10349, 1896, 5148, 3487, 3112, 16331, 5772, 1736, 6198, 2036, 4121, 2579, 10373, 3965, 5020, 4802, 4319, 3140, 1696, 2182, 1949, 2175, 3128, 1656, 2755, 6652, 4506, 7840, 9292, 2991, 2204, 2007, 2263, 1329, 2923, 2561, 5019, 1669, 1751, 2470, 2425, 2991, 2969, 2270, 4273, 4005, 3448, 2013, 5338, 4767, 8291, 9385, 3905, 4687, 5226, 2992, 1262, 1738, 2177, 2522, 3466, 3134, 1966, 3369, 4733, 6075, 4034, 14518, 1749, 1946, 5384, 2851, 3028, 2798, 2527, 2942, 8665, 9505, 3690, 2843, 3064, 4601, 2858, 978, 2532, 4759, 4518, 3781, 2860, 2218, 4607, 3201, 2948, 9827, 4755, 3946, 5178, 4408, 5943, 2826, 4850, 4274, 6138, 5650, 1862, 13385, 3430, 2748, 4377, 4816, 12955, 2643, 2998, 2636, 6775, 2529, 3371, 3595, 9451, 4778, 1971, 4599, 2051, 1257, 7393, 3632, 2793, 3274, 2402, 4154, 4030, 6415, 1912, 3253, 2847, 2747, 7954, 3074, 4730, 4198, 3197, 1571, 3071, 2293, 5617, 6230, 5375, 4316, 4154, 5451, 4341, 2433, 3382, 3226, 2990, 5543, 2520, 9504, 3150, 2269, 3184, 1957, 2546, 5093, 6878, 2345, 3910, 2857, 1608, 2698, 1655, 3073, 5529, 4942, 2071, 7325, 8929, 5126, 2986, 1815, 2066, 4833, 8686, 3045, 3571, 8953, 2687, 3977, 2397, 3870, 4115, 4135, 6493, 4611, 3172, 7202, 6956, 5329, 4003, 1474, 2529, 6021, 5449, 1543, 4815, 5467, 2212, 6361, 4005, 7339, 1494, 1541, 4031, 2491, 1953, 4607, 2517, 2064, 5779, 3597, 4456, 2894, 4377, 5400, 2264, 1809, 1979, 3191, 8928, 3386, 1505, 1248, 2332, 1993, 2588, 2883, 5297, 5011)
(59, 284): Mean: 4097.74, median: 3471.0, std: 2270.531, percent: 4004.54, B: 124, W: 124, 
	(1922, 6772, 5176, 3137, 7568, 5003, 4121, 4134, 1947, 3660, 6154, 5591, 7126, 2036, 6006, 3117, 3097, 12890, 5157, 1557, 7440, 2091, 4272, 2898, 9494, 3554, 4398, 5197, 5069, 3412, 1672, 2159, 1799, 2348, 2965, 1635, 2659, 5824, 4317, 9531, 10815, 3531, 2167, 1983, 1811, 1267, 2527, 2362, 4975, 1774, 1945, 2658, 2756, 3513, 3010, 2174, 3350, 3830, 3579, 2347, 7303, 4361, 7048, 6955, 3727, 4627, 4278, 3001, 1314, 1985, 1925, 2533, 3172, 3113, 2062, 3302, 4860, 7060, 3935, 10981, 1848, 1946, 4756, 2531, 3191, 2705, 2557, 2890, 10022, 9570, 4425, 3067, 2860, 3774, 3177, 976, 3317, 3904, 4581, 4694, 3094, 2304, 3898, 3000, 2992, 7983, 4452, 4462, 5327, 4174, 5274, 2699, 5557, 5547, 6218, 7090, 1825, 14951, 3458, 3077, 4089, 4968, 11902, 2698, 2861, 2342, 7360, 2239, 2979, 3735, 10204, 5365, 2189, 4127, 2260, 1260, 6330, 4039, 3202, 3516, 2260, 3768, 4672, 6323, 2020, 2876, 3484, 3011, 7230, 3105, 4326, 4880, 2806, 1670, 3287, 2245, 6602, 7059, 4427, 3899, 3437, 5294, 3821, 2777, 3356, 3126, 3225, 5053, 2521, 8323, 3427, 2032, 2805, 1845, 2491, 5126, 6212, 2576, 4396, 3270, 1623, 2991, 1775, 2615, 5297, 4233, 2370, 5291, 12613, 5796, 2622, 1875, 2750, 4904, 9013, 2581, 3887, 7963, 2817, 3610, 2598, 5105, 5015, 3720, 6006, 4735, 2544, 6273, 8756, 5040, 3599, 1465, 3231, 5540, 6552, 1785, 5216, 5255, 3055, 5327, 3800, 7423, 1495, 1415, 3852, 2396, 2140, 4973, 2650, 1988, 5411, 3172, 3864, 2600, 4810, 4915, 2105, 1900, 2455, 3115, 7554, 3586, 1605, 1248, 2448, 1604, 2764, 2918, 5692, 5372)
(60, 290): Mean: 4077.296, median: 3364.0, std: 2243.553, percent: 4138.44, B: 127, W: 123, 
	(1946, 7583, 6033, 2931, 7612, 4881, 4767, 3866, 2163, 3479, 6310, 6417, 7885, 1794, 5439, 2939, 3006, 12945, 4098, 1696, 6173, 2092, 4724, 2914, 6776, 3869, 4363, 4545, 4727, 2968, 1534, 2132, 2260, 2213, 2995, 1672, 2570, 6267, 4405, 9008, 8293, 3154, 2273, 2184, 2004, 1508, 2694, 2845, 5221, 1920, 1829, 2437, 3011, 2979, 3291, 2121, 3998, 3805, 3682, 2098, 6366, 5190, 7806, 8148, 3337, 4752, 3859, 3022, 1373, 1770, 2260, 2800, 2968, 3315, 2094, 3163, 4535, 7245, 4169, 11064, 1781, 2056, 6014, 2527, 3044, 2717, 2517, 2666, 10433, 8865, 4246, 2803, 2691, 3605, 3736, 941, 2869, 4064, 5529, 4334, 2650, 2262, 3978, 3530, 2517, 7642, 4787, 4243, 6497, 3513, 6897, 2951, 4736, 4568, 7288, 5437, 1977, 15535, 3289, 2289, 4331, 5373, 9772, 2791, 3308, 2649, 6099, 2477, 3006, 3633, 11075, 5178, 2120, 4355, 1887, 1206, 7178, 3779, 3222, 3430, 2683, 3981, 4166, 6422, 1861, 3059, 3269, 2933, 7474, 3377, 4429, 4361, 2754, 1590, 2898, 2077, 5373, 9814, 5299, 3834, 3979, 5003, 3317, 2539, 3214, 3305, 2901, 4642, 2602, 9746, 3492, 1933, 2920, 1744, 2095, 5877, 7035, 2590, 3698, 2845, 1532, 2742, 1710, 2864, 5060, 4094, 2072, 5824, 10618, 5773, 2660, 1665, 2515, 5310, 9021, 2637, 3725, 7129, 2455, 3765, 2728, 6173, 5234, 3637, 5317, 4667, 2995, 6703, 7556, 5584, 4272, 1459, 3192, 6181, 6683, 1857, 4542, 5769, 2456, 4811, 4606, 6158, 1577, 1488, 3871, 2531, 1966, 4104, 2562, 1763, 5722, 3351, 3981, 3162, 4351, 5198, 2161, 1943, 2416, 3040, 7296, 3232, 1551, 1254, 2585, 1599, 2358, 3318, 5362, 5227)
(72, 358): Mean: 4103.024, median: 3597.5, std: 2254.524, percent: 4068.28, B: 124, W: 126, 
	(1774, 6577, 5715, 3598, 7021, 5165, 6063, 4290, 1959, 4149, 7155, 5219, 9776, 1946, 4975, 3238, 2821, 15214, 4302, 1564, 7272, 1915, 4236, 2592, 8810, 4325, 4789, 4136, 5212, 3842, 1661, 2171, 1948, 2373, 3369, 1768, 2684, 5419, 4530, 8095, 8702, 3093, 2125, 2085, 2204, 1381, 2561, 2296, 5675, 1707, 1809, 2438, 2646, 3597, 3181, 2392, 4216, 3671, 3918, 2286, 6224, 3641, 6592, 9953, 3523, 4507, 4150, 3148, 1262, 1732, 2010, 2408, 3336, 3157, 1938, 3486, 5027, 6340, 3889, 13626, 1882, 1863, 4143, 3042, 2813, 2615, 2553, 2524, 9527, 8650, 4419, 3126, 2995, 4283, 3123, 937, 2646, 4511, 5080, 4120, 2939, 2160, 4632, 3359, 2581, 7205, 5313, 4247, 6593, 3967, 7241, 2693, 5355, 5045, 5522, 6039, 1738, 12931, 3182, 2696, 4360, 5162, 11754, 2840, 3190, 2698, 6587, 2698, 3270, 4002, 7819, 4858, 1939, 4207, 2385, 1243, 7843, 4018, 3052, 3798, 2481, 4338, 4743, 6207, 1843, 2885, 3460, 3094, 7864, 3700, 4292, 5052, 2812, 1461, 3184, 2225, 5860, 7088, 4314, 4690, 3204, 5742, 3671, 2453, 3320, 3122, 3282, 4584, 2406, 8566, 3762, 1907, 2870, 1749, 2553, 4781, 6540, 2537, 3798, 2706, 1406, 2554, 1670, 3052, 5064, 5112, 2243, 5618, 8989, 9045, 2970, 1624, 2290, 5894, 8140, 3049, 3889, 7282, 2524, 3858, 2310, 5028, 4965, 5235, 6925, 3944, 2859, 6006, 7966, 4744, 4056, 1541, 2463, 6111, 6643, 1724, 4810, 5752, 2389, 4750, 4262, 6013, 1695, 1463, 3434, 2376, 2033, 4664, 2828, 1931, 5200, 3913, 4260, 2665, 4596, 5102, 2608, 1741, 2090, 3212, 8544, 3047, 1552, 1244, 2645, 1672, 2515, 3165, 4900, 5133)
(73, 360): Mean: 4219.144, median: 3564.5, std: 2409.69, percent: 4221.04, B: 96, W: 154, 
	(1775, 7349, 5963, 3215, 8379, 4612, 4335, 4634, 2074, 4164, 5439, 4882, 8370, 2098, 4602, 3076, 3728, 13199, 4817, 1772, 7081, 2212, 4528, 2756, 8964, 3418, 4810, 4549, 5318, 3817, 1756, 2465, 2223, 2331, 3232, 1760, 2625, 5382, 4528, 8429, 9193, 3101, 2320, 2134, 2046, 1390, 2613, 2865, 4269, 1836, 2075, 2590, 2670, 3690, 3537, 2338, 4574, 4242, 3841, 2279, 5362, 5070, 6439, 11361, 3662, 5324, 4398, 2625, 1239, 1950, 2225, 2574, 3191, 3125, 2118, 3235, 4244, 8261, 4134, 18189, 1830, 1782, 4921, 2979, 3243, 3023, 3035, 2631, 9394, 9667, 4470, 3113, 2996, 4466, 3225, 1019, 2903, 4934, 5808, 4398, 4033, 2291, 4441, 3251, 2623, 6248, 4637, 4459, 7131, 3942, 7773, 2664, 5493, 5414, 5556, 7492, 1951, 14275, 3396, 2878, 3545, 4916, 11167, 3108, 2924, 2553, 7413, 2407, 3413, 3731, 9884, 5384, 2041, 4849, 2170, 1337, 8327, 3781, 3038, 3787, 2194, 3549, 3907, 7628, 1895, 2800, 3755, 3018, 7770, 3489, 4522, 5254, 2449, 1827, 3380, 2058, 6572, 6470, 4511, 4753, 3078, 4938, 3580, 2566, 2862, 3131, 3297, 5375, 2365, 9108, 3944, 1915, 3114, 1799, 2586, 6042, 6149, 2894, 4275, 2927, 1838, 2869, 1960, 2933, 5939, 4905, 2307, 6346, 8697, 5507, 3182, 1818, 2461, 5381, 11880, 2291, 4269, 6585, 2735, 3960, 2675, 4782, 4348, 4223, 6492, 5060, 2470, 6904, 8423, 5278, 4057, 1642, 2487, 7971, 6784, 1730, 5084, 6645, 2390, 4833, 4966, 6399, 1608, 1518, 3546, 2597, 2180, 5859, 2769, 1810, 5412, 3714, 4163, 3154, 4397, 6966, 2162, 1846, 1864, 3097, 6625, 3152, 1517, 1252, 2897, 1768, 2433, 3086, 4787, 4799)
(74, 364): Mean: 4099.776, median: 3551.0, std: 2302.348, percent: 4024.68, B: 142, W: 107, 
	(1787, 5853, 4890, 3551, 7904, 4142, 5213, 4617, 2227, 3613, 6123, 5040, 7294, 1985, 5207, 3275, 3774, 14752, 5048, 1831, 6763, 2175, 5338, 2589, 8438, 3599, 5291, 5099, 4948, 3025, 1622, 2340, 2269, 2178, 2760, 1698, 2745, 6409, 3990, 9399, 8080, 3381, 2369, 2270, 1973, 1325, 2665, 2578, 5354, 1753, 1904, 2413, 2480, 3123, 2737, 2302, 4096, 3777, 3884, 2367, 5867, 5389, 7164, 11987, 3660, 4048, 3974, 3066, 1248, 1680, 2310, 2560, 3214, 3551, 2052, 2744, 4492, 6303, 3928, 13093, 1847, 2090, 4212, 2542, 3196, 2567, 2332, 2642, 7845, 9059, 3591, 2858, 2809, 3827, 2818, 1103, 2676, 4645, 4765, 4585, 2800, 2090, 4557, 3287, 2616, 7731, 5303, 4104, 5918, 4808, 5635, 2671, 5318, 4994, 5624, 8548, 2028, 14887, 3377, 2448, 4071, 4748, 11356, 3115, 3003, 2453, 6347, 2455, 3739, 3599, 8520, 5305, 1941, 4803, 2080, 1336, 7526, 3848, 2940, 2854, 2688, 3945, 4400, 6433, 1980, 3289, 4138, 2983, 7431, 3437, 4435, 4047, 2727, 1625, 3154, 2086, 5304, 6470, 4344, 4010, 3324, 5467, 3538, 2429, 3725, 3172, 2951, 5499, 2367, 9600, 3300, 2108, 2816, 1941, 2342, 4931, 6196, 2593, 4413, 2689, 1534, 2806, 1829, 3190, 5907, 4212, 2076, 6614, 11078, 6443, 2713, 1666, 2202, 6060, 9728, 2673, 3873, 7853, 2581, 3762, 2687, 5226, 4741, 4035, 6430, 4953, 2441, 6655, 8211, 5784, 3870, 1538, 2673, 6224, 6001, 1497, 5093, 5140, 2325, 5220, 4710, 6731, 1575, 1491, 3816, 2240, 1899, 4293, 2839, 1625, 5018, 3279, 4446, 2816, 4616, 5352, 2077, 2083, 2120, 2844, 8056, 3215, 1529, 1297, 2980, 1704, 2703, 2888, 5260, 4817)
(76, 374): Mean: 4178.0, median: 3518.0, std: 2605.632, percent: 4098.44, B: 128, W: 120, 
	(1813, 6363, 6136, 3238, 6727, 4744, 5232, 3845, 2010, 3796, 5807, 4368, 8235, 2117, 4932, 2796, 2922, 14342, 5919, 1762, 7608, 1929, 4456, 3251, 11509, 3530, 4737, 4685, 4991, 2737, 1679, 2115, 1986, 2186, 2934, 1598, 2793, 5634, 4201, 8528, 8016, 3214, 2079, 2193, 2427, 1305, 2575, 2704, 4915, 1672, 1986, 2708, 2506, 3034, 3426, 2185, 4895, 3846, 3645, 2033, 6261, 4259, 7450, 7833, 3351, 4512, 4434, 2993, 1243, 1848, 2260, 2525, 2841, 3255, 2052, 3003, 4131, 7159, 4596, 25020, 1957, 1961, 4978, 2497, 3333, 2672, 2594, 2845, 9728, 11153, 4011, 2751, 2971, 3885, 3359, 1026, 2647, 5250, 4863, 4855, 2573, 2184, 4687, 3164, 2285, 7410, 4689, 3876, 6547, 3901, 8395, 2740, 4825, 5141, 5308, 7469, 1650, 14946, 3360, 3166, 3781, 5114, 10532, 3099, 3171, 2398, 5940, 2623, 3334, 4560, 11328, 4798, 2119, 5298, 2026, 1266, 7505, 3706, 3269, 3678, 2473, 3617, 4597, 6349, 1923, 3113, 4436, 2823, 8179, 3688, 4055, 4218, 2927, 1471, 3506, 2537, 5651, 8390, 4145, 4609, 3584, 5871, 4215, 2556, 3347, 3266, 3025, 5264, 2623, 7511, 3729, 2324, 2624, 1731, 2287, 4890, 6073, 2760, 3557, 2827, 1433, 2489, 1821, 2916, 5473, 5158, 2000, 6118, 10319, 5754, 2885, 1814, 2611, 5180, 8490, 2661, 3920, 7185, 2697, 3691, 2265, 5064, 4157, 4619, 6629, 5169, 2622, 6483, 8001, 5896, 5021, 1526, 3068, 6285, 6384, 1738, 4304, 4913, 2551, 5281, 4453, 6527, 1552, 1481, 3888, 2240, 2066, 4684, 3065, 1774, 7076, 3152, 3506, 2692, 4572, 5658, 2191, 1971, 2101, 2757, 7217, 3567, 1407, 1242, 2493, 1716, 3081, 3086, 4904, 5241)
(78, 385): Mean: 4116.976, median: 3483.5, std: 2294.746, percent: 4097.16, B: 126, W: 124, 
	(1770, 6952, 5238, 3683, 7960, 4562, 4943, 4180, 2040, 4350, 5961, 5608, 9040, 2025, 5779, 3435, 3144, 14197, 5022, 1752, 7322, 1885, 3960, 3214, 7351, 3584, 5189, 5042, 4798, 3137, 1663, 2233, 2061, 2318, 2960, 1693, 2692, 6847, 4667, 9205, 8986, 2984, 2432, 1841, 2144, 1262, 2709, 3158, 5421, 1844, 1898, 2564, 2566, 3620, 2968, 2385, 4227, 3812, 3466, 2197, 5343, 4349, 7113, 10464, 3615, 3856, 4925, 2896, 1254, 2315, 2058, 2568, 3157, 3353, 2101, 4167, 4414, 6392, 4211, 13007, 1875, 1720, 4758, 3084, 2848, 2793, 2570, 2782, 8992, 10835, 4292, 2683, 2965, 4323, 3004, 987, 2600, 4081, 5078, 3933, 3452, 2142, 3378, 3204, 2412, 7665, 4459, 3759, 7240, 3841, 6962, 3219, 5529, 5159, 4781, 6815, 1677, 14866, 3369, 2701, 4435, 5363, 11999, 2925, 3425, 2914, 5829, 2386, 2803, 3678, 9078, 4201, 1904, 4689, 2069, 1239, 8654, 4061, 3080, 3525, 2598, 3934, 4045, 6282, 2020, 3154, 3188, 3162, 7980, 3929, 3967, 4515, 2801, 1691, 3395, 2162, 4760, 6248, 4164, 4158, 3965, 5168, 3304, 2398, 3339, 3316, 3214, 5281, 2608, 8037, 3424, 2091, 2737, 1959, 2602, 6279, 7133, 2486, 4116, 2833, 1434, 2807, 2009, 2894, 4973, 4429, 2132, 5641, 10771, 6457, 3129, 1729, 2358, 4898, 9121, 2856, 3551, 6907, 2535, 3894, 2455, 4411, 4390, 4262, 6510, 4497, 2956, 5987, 7855, 5974, 4201, 1519, 2515, 6074, 6066, 1765, 5171, 6219, 2237, 5589, 4212, 6194, 1668, 1440, 3711, 2494, 1933, 4262, 2684, 1866, 4709, 3501, 4187, 2832, 4295, 6046, 2204, 1870, 1989, 3049, 7827, 3228, 1468, 1319, 2501, 1613, 2634, 3197, 5678, 6418)
(83, 414): Mean: 4151.648, median: 3513.5, std: 2565.818, percent: 4075.88, B: 126, W: 123, 
	(2027, 7027, 5478, 3502, 8007, 4667, 4718, 4411, 1930, 3928, 6096, 5134, 6766, 2089, 4957, 3138, 3136, 13150, 5800, 1738, 6967, 2190, 4187, 2901, 8662, 3299, 5253, 4447, 5482, 3387, 1852, 2206, 2189, 2208, 3125, 1626, 2671, 5955, 3954, 9883, 7229, 3124, 2296, 2031, 2140, 1247, 2640, 2768, 4817, 1795, 1983, 2555, 2709, 3529, 3023, 2466, 5159, 3481, 3473, 2178, 6097, 4868, 6130, 11167, 3711, 3994, 4747, 3126, 1139, 1939, 2132, 2424, 3006, 3323, 2044, 3520, 4585, 6556, 3880, 25046, 1873, 1802, 4388, 2475, 2630, 2978, 2491, 2781, 8650, 9171, 4350, 2695, 3374, 3962, 3722, 999, 2977, 4936, 5059, 4354, 2956, 2528, 4266, 2813, 2710, 7360, 5164, 3971, 6894, 4366, 6716, 2880, 6128, 4486, 5987, 6559, 1881, 13854, 3195, 3226, 4305, 4230, 14378, 2935, 3264, 2980, 6706, 2311, 3143, 3467, 10210, 4682, 2089, 4505, 2513, 1251, 7347, 3926, 3102, 3534, 2339, 3546, 4567, 7493, 1873, 3163, 4082, 3163, 7637, 3629, 3978, 4543, 2890, 1653, 3291, 2211, 5779, 5608, 4439, 3550, 3711, 5102, 3597, 2983, 3235, 3205, 3507, 5685, 2323, 7722, 3240, 2163, 3253, 1996, 3014, 4625, 5805, 2369, 3941, 2686, 1506, 2872, 1840, 2824, 5353, 4207, 2174, 5317, 11954, 5626, 3320, 1705, 2610, 4982, 9243, 2462, 3943, 7193, 2576, 4262, 2448, 4530, 4320, 3782, 5821, 4595, 2790, 6646, 7558, 4813, 4319, 1490, 2895, 6550, 6701, 1835, 4722, 4802, 2528, 5022, 3922, 6488, 1469, 1323, 3979, 2548, 2173, 4624, 2684, 1761, 5972, 3227, 3600, 2573, 4444, 5949, 2203, 1607, 2092, 3651, 7640, 3364, 1458, 1315, 2287, 1650, 2903, 2959, 6264, 5346)
(84, 415): Mean: 4097.228, median: 3446.5, std: 2265.076, percent: 4073.38, B: 133, W: 117, 
	(1835, 7526, 5525, 3073, 6657, 4977, 4809, 3760, 1855, 3467, 6461, 5156, 7742, 2122, 7600, 3696, 2836, 12712, 5272, 1787, 8077, 1874, 4401, 2721, 10439, 3558, 4669, 4798, 4982, 3196, 1715, 2212, 1899, 2329, 2729, 1492, 2593, 6612, 3887, 9931, 8906, 3064, 2253, 2101, 2075, 1313, 2558, 2577, 5285, 1822, 1944, 2457, 3113, 3356, 3592, 2113, 4347, 3591, 3350, 2092, 5847, 4835, 8025, 8445, 3517, 4458, 3920, 3343, 1355, 1933, 2075, 2726, 3678, 3161, 1846, 2959, 4714, 6201, 3867, 8299, 1905, 1719, 5298, 2894, 3174, 3143, 2334, 2815, 9581, 10144, 3740, 3208, 3078, 4367, 3198, 991, 2995, 4272, 3923, 5034, 2546, 2405, 4043, 3326, 2795, 7855, 5432, 3359, 6768, 4372, 6635, 3178, 4418, 5293, 4979, 7381, 1814, 13473, 3066, 2697, 4656, 4851, 14925, 2756, 4024, 2702, 7497, 2346, 2716, 3469, 9151, 4351, 2092, 5157, 2025, 1133, 7925, 4250, 2822, 3260, 2611, 3894, 4214, 4310, 1827, 3088, 3955, 3283, 7066, 3405, 4781, 4204, 3104, 1597, 3365, 2087, 5914, 7477, 5101, 3478, 3349, 6596, 3232, 2959, 3507, 3539, 3246, 5239, 2535, 9306, 3426, 2127, 3071, 1739, 2491, 6386, 7105, 2659, 3691, 2757, 1552, 2704, 1706, 3072, 5252, 4962, 2146, 5250, 9492, 6645, 2946, 1644, 2274, 4928, 9879, 2522, 3963, 7877, 2525, 3785, 2350, 4625, 4683, 4138, 5800, 4658, 3182, 6037, 6536, 5380, 3619, 1596, 2383, 5365, 6470, 1634, 5309, 4712, 2491, 6148, 3716, 4904, 1656, 1549, 3229, 2497, 1973, 4339, 2568, 1857, 5529, 3472, 4226, 2784, 5117, 5329, 2271, 1921, 1777, 3243, 7796, 3107, 1703, 1204, 2350, 1739, 2381, 3004, 5632, 5622)
(87, 432): Mean: 4084.584, median: 3444.0, std: 2231.103, percent: 4262.74, B: 142, W: 108, 
	(1931, 7213, 6924, 3397, 6693, 4470, 4968, 4664, 1945, 3755, 6535, 4341, 7092, 1875, 4465, 3301, 2786, 12929, 4707, 1863, 7485, 2278, 4184, 2697, 7510, 3331, 4756, 4848, 4698, 3139, 1721, 2404, 2103, 2269, 2938, 1652, 2423, 6540, 3985, 8063, 9893, 3091, 2591, 2195, 1888, 1355, 2311, 2566, 5407, 1741, 1899, 2583, 2093, 3347, 3176, 2079, 4178, 4503, 3539, 1927, 6429, 4938, 7686, 8630, 3441, 4366, 4677, 3304, 1208, 1779, 2010, 2403, 3523, 3246, 2041, 3631, 4809, 6066, 4610, 10578, 1954, 2079, 5199, 2246, 2598, 2853, 2889, 2622, 10514, 9693, 4340, 2794, 2947, 4081, 2701, 1034, 2959, 3532, 5083, 4340, 3035, 2412, 4975, 3799, 2243, 7183, 4944, 4001, 7443, 4028, 7019, 2704, 5279, 4703, 6524, 6898, 1712, 14973, 3208, 2483, 4532, 4712, 9999, 3373, 3384, 2607, 6933, 2417, 3284, 3762, 9648, 5991, 1877, 4902, 1944, 1367, 8187, 4168, 2704, 3212, 2218, 4309, 3931, 6473, 1992, 3447, 3639, 2834, 8114, 3146, 4559, 4499, 2845, 1670, 3233, 2096, 5690, 6969, 4917, 3897, 3597, 6264, 3856, 2244, 3312, 3101, 2883, 4916, 2479, 9304, 3690, 2096, 2835, 1699, 2247, 5845, 7086, 2489, 3840, 2755, 1579, 2694, 1845, 3218, 5080, 5106, 2217, 6749, 9712, 4917, 2805, 1567, 2334, 5927, 8890, 2609, 3528, 8231, 2420, 3723, 2440, 4782, 4358, 3692, 5712, 4651, 3042, 6520, 8532, 5494, 4195, 1404, 2910, 6435, 6478, 1651, 4927, 5813, 2654, 5580, 3375, 6790, 1562, 1399, 4259, 2328, 2103, 4010, 2886, 1818, 5114, 3205, 3852, 2670, 4542, 4704, 2026, 1858, 2308, 2983, 6247, 3049, 1429, 1188, 2305, 1582, 2743, 3279, 5311, 5142)
(91, 454): Mean: 4175.512, median: 3588.0, std: 2460.396, percent: 4115.9, B: 114, W: 136, 
	(1890, 6290, 5585, 3488, 9226, 4394, 5167, 4611, 1894, 3983, 6696, 5713, 7940, 1857, 5736, 2952, 3534, 13933, 4975, 1819, 6329, 1986, 3584, 3140, 9656, 3796, 4552, 4699, 4425, 3066, 1807, 2151, 2277, 2372, 2899, 1943, 2686, 5329, 5165, 8959, 10025, 2873, 2320, 2216, 2107, 1253, 2845, 2935, 4339, 1616, 1941, 2325, 2646, 3760, 3132, 2160, 5011, 4176, 3716, 2277, 6363, 4417, 7460, 10762, 3924, 4417, 4240, 3058, 1407, 1825, 2037, 2731, 3021, 3211, 2009, 3437, 4907, 6271, 4032, 18562, 1838, 1857, 4798, 2444, 2802, 2489, 2973, 2887, 10899, 10321, 4473, 3514, 2957, 4087, 3082, 1089, 3122, 4098, 4171, 4602, 2969, 2069, 4590, 3179, 3066, 8619, 4239, 3736, 5940, 4248, 6894, 3186, 4368, 5352, 6820, 7748, 1817, 15260, 3624, 3070, 3714, 4732, 12103, 3021, 3075, 2816, 6127, 2526, 3450, 3502, 8964, 5128, 1873, 5275, 2187, 1280, 6531, 3839, 3423, 3776, 2159, 3875, 4078, 6908, 2108, 3014, 3438, 2727, 7022, 3533, 4437, 5346, 2818, 1621, 3309, 2207, 6002, 6441, 4943, 3886, 4056, 5368, 3592, 2275, 3255, 2601, 3180, 6511, 2636, 8140, 3721, 2039, 2750, 1779, 2309, 5444, 5176, 2648, 3906, 2648, 1562, 2650, 1702, 3180, 5131, 5130, 2176, 5324, 10465, 6440, 2645, 1580, 2578, 4903, 7583, 2492, 4165, 7413, 2270, 5392, 2652, 4826, 3830, 3695, 6814, 5084, 2704, 5983, 11820, 5205, 4032, 1464, 2829, 6278, 7162, 1871, 4444, 6072, 2719, 5027, 4304, 6680, 1716, 1428, 3035, 2487, 2151, 4673, 2660, 1738, 5047, 3841, 4188, 2926, 4412, 5492, 2136, 1869, 2209, 3021, 6988, 3908, 1598, 1279, 2413, 1674, 2834, 3053, 5217, 4796)
(92, 458): Mean: 4093.808, median: 3516.5, std: 2268.063, percent: 4087.36, B: 135, W: 115, 
	(2188, 6479, 5895, 3475, 7076, 4830, 4941, 4077, 1840, 4306, 5667, 5998, 7009, 1942, 4908, 3189, 2966, 13830, 5424, 1990, 6338, 1973, 3895, 2736, 9446, 3110, 4710, 4328, 4992, 3077, 1670, 2260, 2096, 2396, 3117, 1597, 2581, 5845, 4333, 8061, 10228, 3065, 2200, 2195, 2030, 1343, 2603, 2711, 4632, 1749, 2028, 2551, 2205, 3282, 3129, 2117, 4687, 3833, 3852, 2164, 6547, 4377, 9604, 7572, 3558, 5124, 3811, 3240, 1181, 1856, 2494, 2658, 3177, 3383, 1914, 3406, 4645, 6435, 3698, 12173, 2108, 1730, 4319, 2850, 2772, 2502, 2318, 2706, 10785, 9696, 3898, 3037, 2682, 4350, 3191, 1041, 2773, 3979, 4695, 4598, 2932, 2129, 3560, 3079, 2381, 8430, 5421, 4091, 6569, 3894, 6229, 2896, 4859, 4905, 4839, 8569, 2045, 13177, 3291, 2676, 4107, 5211, 13964, 3208, 3056, 3201, 6355, 2654, 3410, 3892, 7664, 4495, 2186, 5025, 2109, 1326, 7769, 4573, 2810, 3569, 2130, 3731, 4058, 7444, 1783, 3004, 4122, 2396, 7963, 3635, 4591, 4804, 2880, 1809, 3362, 2060, 6465, 6315, 5258, 4219, 3574, 5279, 3808, 2945, 3464, 3221, 3296, 4751, 2408, 9997, 3571, 2221, 2837, 1874, 2411, 5134, 5587, 2549, 4066, 2700, 1656, 2493, 1806, 3441, 4961, 3845, 1983, 6026, 9884, 5712, 2882, 1690, 2183, 5411, 8662, 2426, 4012, 6996, 2562, 3931, 2479, 5985, 5139, 3830, 6144, 4744, 2636, 7656, 6278, 5763, 3685, 1503, 3205, 6180, 7125, 1727, 4903, 5244, 2435, 4485, 3446, 7268, 1434, 1529, 3967, 2250, 1948, 4430, 2733, 1728, 4885, 3696, 3872, 2550, 4306, 4622, 2314, 1877, 2434, 2951, 6217, 3460, 1471, 1221, 2544, 1854, 2931, 3188, 6351, 5911)
(96, 481): Mean: 4132.456, median: 3504.5, std: 2345.192, percent: 4031.6, B: 130, W: 120, 
	(1917, 5960, 5829, 3478, 8322, 4015, 4721, 3700, 1888, 3464, 5339, 5714, 7817, 2058, 5375, 3220, 3023, 11687, 5228, 2050, 7749, 2454, 4343, 3093, 9824, 4063, 5405, 5279, 4548, 2847, 1819, 2397, 2040, 2701, 2798, 1618, 2574, 6851, 4228, 10286, 12540, 3464, 2238, 2092, 2057, 1301, 2463, 2692, 5648, 1702, 2036, 2456, 2726, 3368, 3337, 2203, 4185, 4334, 3541, 2156, 6417, 4485, 7313, 9618, 3271, 3861, 4332, 3212, 1200, 1699, 1959, 2838, 2994, 3025, 1950, 3241, 5303, 6243, 3948, 10936, 1928, 2064, 5481, 2669, 3416, 2719, 2537, 2844, 8892, 9635, 3755, 2994, 3151, 4142, 3357, 1033, 3002, 4390, 4303, 4559, 2595, 2323, 4091, 3644, 2727, 6922, 4330, 3890, 5927, 3978, 5711, 2784, 5112, 4523, 5668, 6755, 1725, 14282, 3562, 2983, 4307, 5395, 11175, 3112, 3280, 2409, 6527, 2453, 3331, 3867, 14934, 6171, 2017, 4935, 2085, 1365, 7728, 4892, 2914, 3078, 2191, 3805, 4163, 6730, 1851, 3353, 3284, 3028, 7391, 3531, 5034, 4789, 2789, 1697, 2851, 2121, 5929, 6485, 5303, 4334, 4008, 5842, 3724, 2297, 3060, 3615, 3172, 5151, 2602, 8458, 3545, 2114, 2642, 1649, 2654, 5165, 6544, 2268, 3319, 2840, 1568, 2474, 1678, 3122, 5329, 4969, 1918, 5580, 10970, 5710, 2837, 1786, 2169, 5463, 9239, 2531, 3793, 7411, 2363, 3548, 2629, 4452, 4047, 3568, 5804, 4671, 2596, 6380, 7577, 4985, 3655, 1459, 2962, 6201, 6955, 1621, 4298, 6037, 2107, 5484, 4115, 7570, 1341, 1361, 3687, 2267, 1883, 3827, 2696, 1823, 5427, 4126, 4186, 2966, 4739, 6789, 2081, 2326, 2065, 3206, 8308, 2962, 1577, 1282, 2272, 1607, 2585, 2919, 4887, 6476)
(98, 491): Mean: 4240.996, median: 3650.0, std: 2431.725, percent: 4147.92, B: 103, W: 144, 
	(1938, 7224, 6666, 3730, 8777, 4087, 6144, 3904, 2104, 3715, 6084, 5345, 7721, 1967, 5375, 3135, 3402, 17584, 5821, 1726, 6807, 2052, 4549, 2815, 10254, 4523, 5336, 4357, 5483, 3223, 1892, 2524, 2247, 2193, 2944, 1595, 2666, 6440, 4706, 7346, 8853, 3073, 2156, 2110, 2400, 1289, 2922, 3153, 5022, 1924, 2103, 2909, 2616, 3286, 3607, 2327, 3830, 4262, 3953, 2504, 7018, 5761, 6878, 9273, 3653, 4687, 5048, 3071, 1287, 1880, 2239, 2452, 3731, 3546, 1961, 3485, 4706, 6342, 3928, 15910, 1924, 1850, 4470, 3048, 2711, 2501, 2684, 2660, 10720, 11137, 3732, 2967, 2997, 3786, 3187, 1031, 3065, 4294, 4879, 4142, 3005, 2323, 4342, 3512, 2409, 6034, 4066, 4841, 6739, 4312, 6657, 2991, 5129, 6019, 5215, 6815, 1799, 11991, 3287, 2439, 3826, 4822, 13150, 3223, 2893, 3113, 6689, 2169, 3255, 3072, 10257, 6059, 2026, 4583, 2196, 1318, 7684, 4257, 3452, 3963, 2064, 3568, 4619, 7210, 1979, 3072, 3672, 3190, 8887, 3504, 4427, 5034, 3010, 1648, 3365, 1969, 6252, 6142, 4706, 4582, 4049, 5135, 3602, 2612, 3647, 3297, 3575, 5952, 2278, 6140, 3888, 1901, 3415, 2006, 2267, 5286, 5467, 3092, 3965, 3086, 1606, 2898, 2052, 2888, 5728, 4921, 2497, 6039, 11610, 6974, 2772, 1738, 2410, 6316, 8857, 2408, 4017, 7914, 3006, 4726, 2486, 4874, 4624, 4006, 7265, 4652, 2951, 7031, 8328, 4985, 4027, 1516, 3079, 6037, 5258, 1820, 5230, 6041, 2343, 5671, 4344, 6021, 1460, 1460, 4282, 2597, 2065, 4991, 3027, 1984, 6596, 4139, 4165, 2872, 4616, 4925, 2215, 1898, 2153, 3044, 9519, 3133, 1488, 1245, 2617, 1524, 2476, 2698, 5039, 5222)
(99, 493): Mean: 4153.472, median: 3491.0, std: 2340.706, percent: 4056.18, B: 140, W: 110, 
	(1819, 6782, 5282, 3293, 8925, 5332, 4748, 4065, 2110, 4278, 6373, 5484, 8344, 1882, 4479, 3114, 2888, 15575, 5187, 1983, 7762, 2176, 4939, 3115, 8776, 3705, 6131, 5060, 4658, 3012, 1563, 2218, 2265, 2433, 2991, 1560, 2750, 7248, 4142, 8468, 9929, 3016, 2171, 2152, 1935, 1266, 2696, 2627, 5046, 2005, 2008, 2767, 2653, 3414, 3528, 2253, 4154, 4118, 3499, 1900, 6427, 5185, 6844, 9429, 3854, 4895, 4578, 2767, 1346, 1909, 2318, 2371, 3492, 3265, 2026, 3198, 4868, 7085, 3690, 12556, 1755, 1873, 4426, 2491, 3204, 2495, 2494, 2825, 9004, 11729, 3718, 2875, 3234, 3742, 2960, 961, 3245, 5157, 4396, 4595, 2669, 1953, 3946, 3355, 2560, 6585, 4937, 4435, 6778, 3870, 5436, 3020, 6640, 5959, 5994, 6199, 1721, 14083, 2919, 2613, 3788, 5288, 12286, 2915, 3383, 2811, 6665, 2649, 3466, 3418, 10954, 4596, 1908, 4588, 2575, 1271, 6827, 4626, 3042, 3545, 2388, 4286, 4243, 7630, 1909, 3094, 3576, 2956, 5926, 3811, 4709, 5652, 2431, 1541, 3187, 2021, 5417, 5726, 4973, 4024, 3569, 5348, 3440, 2448, 3490, 3231, 3528, 5806, 2555, 9350, 3677, 2216, 2888, 1785, 2377, 5424, 5562, 2302, 4311, 2869, 1457, 2856, 1668, 3003, 5547, 4674, 2111, 6773, 10473, 5182, 2778, 1651, 2476, 5732, 8201, 2622, 3413, 7695, 2310, 3487, 2361, 4882, 4700, 4045, 6525, 4706, 3169, 5880, 7954, 5292, 4762, 1713, 2448, 6117, 6779, 1538, 4658, 5378, 2822, 5123, 4140, 6950, 1492, 1457, 3732, 2516, 1992, 4456, 3024, 1919, 5577, 3232, 4533, 3001, 4103, 5888, 2115, 1664, 1895, 3452, 7476, 3127, 1510, 1347, 2567, 1758, 2522, 2758, 5902, 6019)

21/04/2026, 20:18:04
Config file: ./config/config_sign_0_65.ini
Data:
	1d_laplace_size: 65
	amount: 250
	dist_type: uniform
	params: 1 0.45
	seed: 0
	dim: 4225
Solver:
	tol: 1e-10
	max_iteration: 100000
Learn:
	iteration_count: 100
	step_range: 0.1
	method: sign
	seed: 0
	change_scales: 1 0.5 0.25
	allow_disimprovement: True
	median_best_scale: 0.5
	mean_best_scale: 0.5
	flag_count_limit: 0
Precondition:
	dist_type: normal
	params: 0 0.05
	par_list: 1 1
	diag_list: 1 -1
	num_coef: 2
	type: diag_shift
	diag: jacobi
	sym: True

Train:
(0, 1): Mean: 9064.9, median: 8125.5, std: 4354.914, percent: 8734.18, B: 250, W: 0, 
	(9209, 9451, 10287, 6568, 13320, 7042, 9267, 5778, 5437, 10884, 12885, 7461, 9034, 3928, 10792, 11035, 3118, 27941, 6614, 7010, 9326, 3957, 12230, 5352, 26757, 8123, 6322, 8399, 9793, 4506, 2868, 6837, 7027, 8716, 7223, 7111, 5513, 18387, 7094, 11676, 13903, 8178, 3816, 8465, 8384, 3515, 15576, 14527, 10630, 5294, 7162, 8605, 8703, 7042, 14270, 6482, 5205, 8094, 8856, 11751, 6809, 8215, 9088, 15177, 9595, 11326, 8685, 5288, 3945, 5948, 7020, 5456, 6571, 6903, 7125, 5446, 7310, 7446, 12847, 22305, 5147, 3930, 8154, 4398, 7007, 8128, 9285, 7648, 10970, 19439, 9290, 4601, 6259, 25856, 6346, 5872, 5986, 4548, 17759, 9836, 7771, 6398, 6672, 7657, 8718, 10862, 11956, 8585, 15113, 13649, 7117, 10668, 6799, 10305, 11130, 15448, 3713, 24378, 8100, 5967, 7182, 7537, 18613, 8410, 7224, 6757, 13357, 4296, 9399, 9225, 18788, 5555, 5106, 9479, 5049, 4775, 16429, 11394, 7379, 5791, 7633, 6087, 6333, 11272, 5298, 9896, 7272, 6423, 7426, 9971, 16401, 7376, 7080, 4895, 5646, 8186, 15971, 10951, 5360, 8723, 6591, 9366, 6046, 12009, 8475, 7986, 5829, 15535, 7456, 17433, 8276, 15486, 8385, 11095, 7816, 8163, 15439, 10645, 6001, 9364, 8271, 5357, 4906, 6614, 11139, 5951, 7159, 8229, 23094, 5921, 5526, 5287, 6572, 10682, 18202, 3981, 5523, 11737, 3792, 6370, 8587, 7857, 10073, 11400, 10672, 7744, 11594, 13357, 9909, 11768, 11320, 7560, 5550, 11690, 14116, 2834, 10030, 12017, 6803, 8964, 10680, 7836, 8221, 6035, 6668, 4870, 9975, 9576, 8672, 4635, 20561, 8366, 12456, 25323, 9211, 15158, 6831, 5089, 5062, 9498, 8478, 5881, 7403, 4117, 9337, 7796, 4539, 7258, 6291, 8197)
(1, 2): Mean: 4209.1, median: 3657.5, std: 2308.649, percent: 4183.62, B: 244, W: 6, 
	(1909, 6056, 6433, 3493, 8366, 4168, 4781, 4709, 2074, 3517, 6225, 5150, 9259, 1970, 5011, 3468, 3186, 12705, 4771, 1806, 6774, 2186, 4364, 3348, 9978, 3767, 4896, 4999, 4112, 3219, 1699, 2208, 1942, 2453, 3037, 1677, 2434, 5294, 4996, 8760, 9641, 3036, 2208, 2302, 2053, 1394, 2845, 2791, 4683, 2110, 2147, 2693, 2613, 3018, 3056, 2618, 4459, 3757, 4161, 2259, 5682, 3984, 8023, 10561, 3150, 4827, 4508, 2845, 1311, 1733, 2251, 2490, 3230, 3647, 2016, 3356, 4426, 7835, 4408, 11899, 1825, 2128, 4132, 2559, 3180, 2893, 2586, 3191, 11218, 12388, 4476, 2833, 3765, 4028, 3444, 1057, 3025, 4322, 4135, 4699, 3017, 2385, 3986, 3609, 2700, 6814, 4572, 4828, 6344, 3708, 6574, 2817, 5709, 5947, 6325, 7445, 1845, 14420, 3239, 2862, 4053, 4824, 11007, 5522, 3668, 2982, 7531, 2462, 3152, 3332, 10362, 5372, 1989, 4272, 2082, 1314, 7648, 4240, 3285, 3866, 2288, 3720, 4516, 7455, 2175, 3146, 4473, 2417, 7449, 3296, 5383, 5669, 3443, 1774, 2992, 2069, 6349, 6782, 4624, 4335, 3497, 5567, 3806, 2410, 3693, 3015, 2998, 6457, 2410, 5609, 3694, 2000, 2977, 1976, 2526, 4990, 6652, 2731, 4026, 3010, 1598, 2773, 1909, 3343, 5369, 4661, 2188, 5774, 11252, 6175, 3105, 1729, 2609, 5792, 8847, 2939, 4143, 7049, 2443, 4979, 2855, 4497, 3965, 3797, 6248, 5251, 2452, 7305, 8039, 6843, 4099, 1782, 2460, 5068, 6659, 1727, 4692, 5773, 3394, 5493, 4200, 5489, 1606, 1515, 4289, 2745, 2079, 4518, 2598, 2082, 5814, 3639, 4500, 2874, 5059, 5795, 2271, 1794, 2038, 2995, 8128, 3023, 1495, 1352, 2570, 1823, 2615, 3354, 4495, 4826)
(2, 4): Mean: 4175.728, median: 3456.5, std: 2394.164, percent: 4168.4, B: 136, W: 112, 
	(1744, 6269, 6749, 3073, 8916, 5055, 4789, 3795, 2156, 4014, 7390, 5685, 8122, 1825, 4604, 3213, 2920, 14601, 5483, 1667, 7905, 2151, 4627, 2666, 8886, 3600, 4444, 4862, 4559, 3283, 1869, 2371, 2120, 2520, 2902, 1673, 2592, 6275, 4503, 8012, 11646, 3186, 2049, 2403, 1980, 1240, 2593, 2790, 4637, 1791, 2086, 2546, 2679, 3282, 3056, 2224, 3486, 3511, 3844, 2407, 7307, 4826, 7693, 12505, 4309, 4599, 4697, 3394, 1325, 1850, 2242, 3003, 3504, 3462, 2000, 3408, 5023, 7164, 3661, 11875, 1857, 1907, 4996, 2551, 2974, 2811, 2637, 2706, 8861, 8732, 3503, 2682, 2659, 4169, 2933, 981, 2938, 4843, 5469, 4987, 2739, 2421, 4891, 3451, 2599, 7541, 4822, 5190, 5471, 3771, 6321, 3351, 4634, 4940, 6192, 6919, 1736, 14928, 3130, 3075, 4375, 4478, 11366, 3104, 3339, 2699, 7010, 2426, 2944, 3407, 10017, 4995, 1992, 4767, 2352, 1320, 8252, 4435, 3075, 3749, 2345, 3417, 3905, 6531, 1918, 2901, 4101, 2740, 8077, 3197, 4298, 4862, 2431, 1566, 3136, 2170, 6141, 6380, 4049, 4665, 3816, 5649, 3359, 2284, 3408, 3103, 3607, 4685, 2764, 9198, 3092, 2248, 3133, 1896, 3067, 5056, 6635, 2466, 3856, 2953, 1431, 2549, 1983, 2860, 5346, 3768, 2191, 4650, 14016, 6213, 2756, 1693, 2706, 5236, 10041, 2530, 3623, 7724, 2814, 4226, 2636, 3958, 4588, 4183, 5320, 4937, 2813, 5794, 6692, 6006, 4237, 1430, 2460, 5599, 8186, 1735, 5260, 5261, 2465, 5475, 4485, 6615, 1698, 1434, 3642, 2272, 2047, 4424, 2592, 1711, 5464, 3423, 4551, 3035, 4830, 6956, 2540, 2034, 1807, 3596, 6039, 3384, 1662, 1275, 2717, 1892, 2824, 2917, 5102, 5875)
(3, 5): Mean: 4127.968, median: 3607.0, std: 2280.277, percent: 4139.92, B: 133, W: 117, 
	(1819, 5964, 5549, 3665, 7556, 4454, 5307, 3704, 2189, 3891, 6128, 5433, 7501, 1974, 5715, 3004, 3375, 15415, 5015, 1764, 7489, 2055, 4629, 2985, 9685, 3268, 4363, 4553, 4121, 3293, 1870, 2227, 2024, 2232, 2685, 1640, 2663, 6881, 4207, 6897, 9094, 3117, 2093, 2180, 2039, 1414, 2813, 3046, 4583, 1884, 1922, 2655, 2397, 3687, 3693, 2149, 4664, 3864, 3674, 2331, 5453, 3837, 8175, 10402, 3594, 4451, 4709, 2934, 1273, 1852, 2067, 2446, 3062, 3515, 2186, 3505, 4404, 6639, 3644, 10915, 1711, 1787, 4820, 2570, 2834, 2623, 2653, 2882, 8726, 10763, 3737, 2920, 3397, 4279, 2955, 1016, 2484, 5211, 5391, 4377, 2951, 1986, 4467, 3020, 2571, 6517, 4486, 3828, 6087, 3920, 7581, 3609, 4756, 6478, 7108, 6478, 1852, 13761, 3605, 3061, 4504, 4670, 12954, 2735, 2767, 2892, 6674, 2196, 3783, 3625, 10000, 4907, 1969, 5499, 2263, 1175, 7849, 3741, 2926, 3560, 2422, 3778, 3998, 7769, 2152, 2978, 4644, 2928, 7285, 3301, 3878, 5204, 2535, 1682, 3266, 2054, 5807, 8217, 4227, 4136, 4221, 4843, 3917, 2677, 3029, 3350, 3074, 5602, 2516, 7769, 3497, 2087, 3042, 1750, 2840, 4962, 6130, 2472, 3896, 2724, 1663, 2691, 1628, 3240, 4740, 3832, 2176, 5466, 9082, 6370, 2824, 1772, 2435, 5252, 8778, 2575, 4177, 8731, 2547, 4659, 2626, 5058, 4145, 4038, 6732, 4414, 2866, 6128, 7700, 6709, 3734, 1597, 2872, 4820, 6064, 1923, 5157, 6495, 2362, 6184, 4112, 5998, 1508, 1314, 3584, 2482, 1925, 4999, 2942, 1788, 5374, 3325, 4828, 3025, 4348, 6253, 2295, 1984, 2201, 3288, 7029, 3199, 1379, 1277, 2505, 1771, 2533, 2734, 5800, 5773)
(4, 6): Mean: 6121.056, median: 5174.5, std: 3445.815, percent: 6162.0, B: 0, W: 250, 
	(2591, 9656, 9376, 5345, 14438, 5556, 6752, 5921, 2709, 5189, 7987, 6662, 12339, 2842, 7078, 4470, 4458, 22315, 6990, 2562, 11292, 3036, 6265, 4075, 12083, 4860, 8173, 5926, 7636, 4713, 2705, 3397, 4110, 3429, 4610, 2351, 4065, 9584, 7122, 12530, 13625, 4221, 3485, 3418, 2832, 1983, 4412, 3819, 9993, 2607, 2683, 3914, 4036, 4433, 5233, 3204, 6318, 5902, 5032, 3130, 9110, 6028, 9564, 15309, 5237, 7752, 6927, 4632, 1924, 3093, 2557, 3765, 4094, 4779, 3030, 5206, 7586, 9948, 5293, 15355, 2641, 2531, 7708, 3875, 5085, 3771, 4004, 3828, 15155, 15908, 5210, 3840, 4497, 6183, 4862, 1461, 3809, 6452, 8054, 5713, 3670, 3503, 6078, 4448, 4459, 9913, 6499, 6504, 11279, 7824, 8876, 4680, 7230, 7087, 7443, 10226, 3041, 18294, 4491, 3766, 5595, 7077, 19045, 3755, 4275, 3770, 11142, 3313, 4522, 5525, 15370, 8543, 2429, 8814, 3360, 1831, 11009, 5643, 4662, 5584, 3595, 6323, 5237, 9771, 3116, 4388, 4746, 4460, 11022, 5792, 6017, 9121, 4372, 2269, 5160, 3340, 9118, 11566, 7552, 6585, 4472, 6441, 5283, 3741, 4700, 4693, 4368, 8148, 4164, 15527, 5313, 2807, 4918, 2886, 3646, 7916, 7519, 3971, 6926, 4606, 2089, 4115, 2970, 3942, 7557, 6342, 2927, 9784, 17081, 6699, 3866, 2161, 3857, 9162, 11971, 3610, 6581, 11752, 3853, 6311, 3832, 6387, 5605, 7831, 10217, 8265, 4511, 10752, 10357, 7500, 5888, 2130, 3785, 10499, 10716, 2722, 7502, 9045, 3518, 7689, 7331, 9883, 2398, 2164, 5053, 3421, 3012, 7608, 4243, 2550, 8907, 4664, 5664, 4346, 6891, 7161, 3512, 2639, 3048, 5203, 9679, 4611, 2458, 1859, 3462, 2494, 4033, 4458, 7552, 7155)
(5, 10): Mean: 4405.572, median: 3702.0, std: 2427.428, percent: 4307.28, B: 249, W: 1, 
	(1840, 6858, 5833, 3162, 9593, 4258, 4667, 3821, 1898, 4463, 6245, 6052, 7952, 2086, 5309, 3044, 3724, 12293, 4650, 1896, 7660, 2241, 4342, 2939, 9607, 3981, 5219, 4271, 4213, 3446, 1869, 2674, 2390, 2509, 3478, 1777, 3369, 6394, 4728, 10067, 13175, 3585, 2100, 2364, 1876, 1447, 3157, 3460, 6371, 1882, 2306, 2558, 3008, 3445, 3825, 2529, 4747, 4186, 4008, 2530, 6787, 4404, 7965, 10086, 3537, 4823, 5112, 3665, 1280, 2137, 2184, 2657, 3536, 3191, 2237, 3613, 4873, 7753, 3788, 12396, 1883, 2064, 5772, 3173, 3417, 2913, 2644, 2724, 11524, 10640, 3944, 3134, 3251, 3801, 3071, 1023, 2905, 5491, 4491, 4885, 3201, 2167, 4937, 3464, 2743, 6285, 4516, 4525, 5881, 4043, 7305, 2754, 5294, 5609, 6688, 7139, 2185, 13968, 3674, 2697, 4819, 6604, 11192, 2909, 3199, 3160, 6071, 2265, 3947, 4375, 12323, 6143, 1969, 5863, 2130, 1445, 6550, 3561, 3050, 4389, 2274, 4533, 4776, 6237, 2047, 3526, 4125, 3432, 7864, 3620, 4933, 5258, 2953, 1701, 3100, 2340, 6951, 8782, 5002, 4216, 3680, 6615, 3508, 2922, 3493, 3805, 3166, 5327, 2776, 8598, 3647, 1997, 3837, 2092, 2705, 5853, 5760, 3066, 4562, 3265, 1729, 3259, 2044, 3298, 4823, 5418, 2493, 6140, 13933, 5759, 2953, 1808, 2502, 7131, 10258, 2628, 4138, 6567, 2745, 4192, 2566, 4356, 4839, 4549, 6925, 5013, 3010, 7081, 8316, 7024, 4211, 1562, 2581, 6225, 6899, 1805, 5702, 6391, 2886, 5326, 5472, 6360, 1792, 1640, 3918, 2486, 2132, 5254, 2995, 1910, 6242, 3527, 5116, 3503, 4680, 5697, 2296, 1931, 1997, 3565, 8341, 3515, 1909, 1320, 2478, 1962, 2885, 3270, 5301, 5280)
(6, 12): Mean: 4119.908, median: 3449.0, std: 2268.05, percent: 4068.18, B: 181, W: 69, 
	(1793, 7502, 5637, 3288, 9498, 5388, 5131, 4516, 1909, 3697, 5939, 5207, 9781, 1899, 6311, 2745, 3364, 13200, 4461, 1711, 6789, 2269, 4025, 2983, 9340, 3674, 4273, 5702, 4910, 3465, 1658, 2350, 2093, 2433, 3172, 1730, 2962, 5107, 4808, 10061, 10095, 3091, 2370, 2180, 1895, 1282, 2915, 2347, 5096, 1674, 1928, 2605, 2490, 3062, 3087, 2927, 4714, 3783, 4082, 2121, 7315, 4019, 6730, 8656, 3403, 5370, 4250, 3293, 1222, 1931, 2249, 2436, 3383, 3164, 1949, 3222, 4665, 7120, 4160, 12715, 2004, 1664, 5615, 2489, 2898, 2865, 2832, 3022, 10322, 9107, 3478, 2727, 3411, 4568, 3150, 1039, 2785, 3651, 4603, 4146, 2589, 2558, 3743, 3099, 2355, 7697, 4436, 3921, 5758, 3854, 6160, 3018, 5757, 5368, 6263, 7261, 1744, 12052, 3433, 2862, 4336, 5630, 10003, 3225, 3110, 2514, 6688, 2470, 2925, 3881, 9649, 5459, 2125, 4630, 2240, 1403, 7462, 4527, 3326, 3781, 2190, 3584, 4383, 5953, 1897, 3087, 3330, 2682, 7400, 3526, 3708, 4646, 2677, 1817, 3248, 2264, 4991, 11124, 4818, 4096, 3432, 5062, 3743, 2460, 3365, 2615, 3322, 4842, 2486, 10040, 3213, 2036, 2679, 2042, 2727, 5139, 6914, 3004, 3879, 2807, 1550, 2688, 1593, 3183, 6267, 5084, 2201, 6102, 9843, 5444, 2463, 1533, 2391, 5121, 8057, 2749, 3735, 6770, 2514, 3773, 2498, 4764, 4227, 4131, 4882, 4622, 2573, 7133, 7201, 4940, 3875, 1463, 2730, 6487, 5666, 1722, 4438, 5887, 2164, 5318, 4464, 5990, 1579, 1441, 3752, 2286, 2024, 4486, 2742, 2004, 7137, 3980, 3997, 2780, 4496, 4783, 2086, 1671, 2663, 2745, 7314, 3792, 1555, 1215, 2442, 1445, 2770, 3040, 5289, 5534)
(11, 42): Mean: 4117.012, median: 3431.0, std: 2317.202, percent: 4142.68, B: 133, W: 117, 
	(1918, 5056, 5224, 3299, 7551, 4512, 5345, 4393, 1877, 3395, 6238, 6892, 8321, 1779, 6419, 3088, 3175, 16944, 5225, 1657, 7356, 2138, 4174, 2888, 8381, 4010, 4867, 4014, 4904, 3133, 1716, 2291, 2276, 2337, 3144, 1676, 2502, 5755, 4357, 8085, 9319, 3263, 2339, 2023, 2273, 1252, 2630, 3136, 5656, 1784, 2073, 2527, 2563, 3128, 3620, 2063, 4273, 4180, 3360, 2092, 6726, 4515, 6885, 9638, 4101, 4719, 4757, 3044, 1187, 1798, 2235, 2547, 3450, 3046, 1787, 3107, 4459, 6875, 3644, 10536, 1974, 1834, 4346, 2322, 2976, 2596, 2481, 2772, 11332, 9385, 3437, 2867, 2694, 4278, 2973, 1032, 2625, 4233, 5326, 4618, 2820, 2185, 4073, 3306, 2677, 11736, 3884, 4191, 6178, 3701, 5828, 2646, 5885, 6009, 5773, 7160, 1688, 12234, 2925, 3055, 3819, 4741, 12493, 2829, 2929, 2587, 6389, 2274, 3537, 3516, 7796, 4908, 1925, 4002, 2454, 1244, 8006, 3916, 2975, 3425, 2218, 3449, 4421, 7484, 2081, 3458, 3195, 3189, 7843, 3419, 4198, 4813, 2583, 1684, 3215, 1957, 6213, 7924, 4721, 3835, 3507, 4829, 3467, 2578, 3270, 3255, 3302, 5358, 2369, 8675, 3841, 1924, 2961, 1994, 2551, 5190, 5741, 2640, 4081, 2588, 1682, 2954, 1729, 3073, 5687, 4889, 2121, 4634, 10053, 6165, 3163, 1616, 2434, 5408, 8324, 2682, 4710, 6789, 2569, 3594, 2626, 5638, 4192, 4008, 6182, 5204, 2686, 6327, 8166, 5633, 4243, 1356, 2599, 5796, 6691, 2044, 5235, 5408, 2913, 4822, 3989, 7716, 1835, 1454, 4159, 2296, 2104, 4945, 2928, 1846, 6626, 3270, 4054, 3385, 4230, 5524, 2346, 2045, 2042, 2759, 8012, 2916, 1527, 1228, 2343, 1585, 2564, 2776, 5284, 4657)
(16, 67): Mean: 4101.74, median: 3378.0, std: 2278.505, percent: 4082.32, B: 128, W: 121, 
	(1835, 6282, 6330, 3195, 8261, 5977, 4424, 4308, 1873, 4022, 6578, 5687, 8561, 2152, 5420, 2981, 3216, 13265, 5302, 1663, 7305, 2110, 4106, 3022, 10044, 3954, 4349, 5174, 4632, 2989, 1834, 2409, 1907, 2574, 3085, 1504, 2825, 6012, 4294, 7919, 7238, 3172, 2321, 1832, 2343, 1280, 2801, 2679, 5097, 1711, 1795, 2415, 2628, 3494, 2863, 2069, 3780, 3747, 3546, 2175, 5906, 4339, 6749, 9171, 3215, 3805, 4338, 2871, 1324, 1882, 2268, 2583, 3296, 3607, 1922, 3451, 5059, 6479, 4364, 12281, 1923, 1884, 3951, 2492, 2743, 2991, 3021, 3038, 9224, 8742, 4671, 2843, 2913, 3806, 3157, 992, 2655, 3683, 5258, 3827, 3082, 2322, 4938, 2859, 2467, 6430, 4991, 4769, 6535, 3645, 5897, 2967, 6301, 5397, 6698, 6728, 1817, 15086, 3207, 2618, 4277, 5972, 12831, 3059, 2903, 2948, 5792, 2566, 3093, 3277, 10675, 4435, 1961, 4003, 2202, 1239, 8371, 3340, 2821, 3273, 2334, 3328, 4479, 6699, 1865, 3144, 3387, 2965, 6628, 3479, 4746, 5491, 2429, 1738, 2912, 2393, 5685, 5775, 5307, 4155, 3309, 5151, 3372, 2296, 3545, 3384, 2968, 4479, 2533, 7123, 3772, 1977, 2813, 1831, 2601, 5105, 5751, 2667, 3778, 2964, 1445, 2658, 1682, 2868, 5024, 4508, 2038, 6541, 11102, 6823, 2666, 1762, 2520, 5602, 8967, 2886, 3566, 8486, 2528, 3594, 2444, 4776, 4972, 3706, 6671, 4507, 2743, 6018, 8014, 4863, 4892, 1412, 2667, 7062, 7948, 1717, 4686, 4858, 2354, 5654, 5431, 6651, 1934, 1344, 3816, 2462, 2078, 5423, 2723, 1845, 5339, 3054, 5218, 3231, 4455, 4941, 2150, 1839, 2195, 3263, 8026, 3472, 1510, 1241, 2723, 1901, 2652, 2923, 4730, 4395)
(17, 73): Mean: 4110.212, median: 3520.0, std: 2356.576, percent: 3962.28, B: 128, W: 122, 
	(1735, 5296, 5410, 3631, 9231, 4969, 5147, 4036, 2053, 3893, 6005, 4880, 9261, 1812, 6831, 3138, 2956, 14490, 5974, 1779, 7289, 1978, 4428, 2966, 7979, 4059, 4194, 4721, 5398, 3221, 1765, 2405, 2411, 2229, 2983, 1603, 2912, 5514, 4229, 7631, 8972, 3111, 2048, 2156, 1882, 1265, 2897, 2926, 4895, 1918, 1806, 2448, 2587, 2986, 3316, 2075, 4242, 3892, 3829, 2212, 5905, 4425, 7896, 8144, 3424, 4174, 4529, 3194, 1222, 1724, 2322, 2917, 3430, 3239, 1999, 3296, 4613, 5711, 3620, 14980, 1824, 1956, 5182, 2323, 2971, 2787, 2981, 2622, 9979, 7946, 4126, 2806, 3190, 4620, 3820, 950, 3037, 4659, 5274, 4623, 2809, 2348, 3840, 3472, 2311, 7494, 4666, 4520, 5664, 3650, 5483, 2790, 4355, 5644, 5715, 6288, 1929, 18439, 3443, 2814, 3907, 4569, 12483, 2951, 3145, 2841, 5995, 2322, 3326, 3964, 8166, 4548, 1950, 4796, 2065, 1436, 8177, 4279, 2649, 3411, 2096, 3861, 4395, 5164, 2071, 3479, 3445, 2776, 5927, 3495, 4370, 4907, 2667, 1602, 2945, 2167, 5352, 7428, 4350, 4325, 3697, 5426, 3407, 2413, 3485, 3034, 3545, 5203, 2750, 8912, 4075, 2110, 2688, 1906, 2499, 5791, 7521, 2588, 4092, 2714, 1527, 2525, 1651, 2990, 5096, 4553, 2238, 5378, 10568, 5379, 2926, 1611, 2380, 6427, 8257, 2862, 3839, 7213, 2765, 4174, 2544, 4314, 4592, 3881, 5949, 4639, 2868, 6864, 7385, 5818, 4420, 1359, 3131, 6664, 6630, 1618, 5059, 5646, 2162, 5158, 4049, 6192, 1596, 1461, 3904, 2837, 1901, 4664, 2792, 1752, 6212, 3613, 4171, 2980, 4269, 6496, 2276, 1690, 1854, 2772, 7475, 3335, 1473, 1117, 2420, 1668, 2516, 2874, 5026, 5431)
(23, 108): Mean: 4106.02, median: 3572.0, std: 2218.039, percent: 4094.24, B: 126, W: 123, 
	(1826, 6018, 6173, 3015, 8734, 4857, 5628, 3842, 1905, 3669, 6032, 5563, 8751, 1885, 6000, 3164, 3555, 11347, 5809, 1741, 7171, 2065, 3860, 2611, 9708, 4403, 4784, 4674, 4569, 3127, 1800, 2263, 2459, 2539, 2891, 1738, 2693, 6784, 4620, 7722, 8257, 3531, 2371, 2174, 2338, 1277, 2732, 2646, 5423, 1698, 1994, 2531, 2626, 3623, 2904, 2018, 4365, 3961, 4640, 2405, 5651, 4371, 8939, 8884, 3096, 4653, 4161, 3019, 1175, 1832, 2174, 2421, 3317, 3200, 1934, 3553, 4812, 7410, 3573, 12824, 1907, 1955, 4443, 2649, 2877, 2972, 2751, 2731, 10958, 10485, 4357, 2837, 3087, 3591, 3150, 1002, 2978, 4571, 5655, 4270, 2924, 2340, 3849, 3029, 2647, 6754, 4239, 4379, 7229, 4037, 6695, 3069, 4642, 5617, 6011, 6843, 1939, 13586, 3169, 2813, 4189, 4733, 9750, 2962, 3006, 2721, 6242, 2213, 3244, 3291, 8985, 4905, 1852, 4891, 2065, 1347, 6561, 3907, 3268, 3845, 2343, 4001, 4107, 6073, 1812, 3572, 3812, 2609, 8208, 3745, 3869, 4742, 2675, 1667, 3242, 2047, 6063, 6635, 4678, 4473, 3612, 6220, 3614, 2278, 3284, 3011, 3392, 4971, 2694, 9404, 3486, 2054, 3124, 1806, 2674, 5148, 6638, 2808, 4800, 2840, 1372, 2826, 1639, 3000, 6370, 4817, 2168, 5236, 9903, 5510, 2674, 1657, 2209, 5764, 9090, 2636, 4454, 8304, 2597, 3635, 2816, 4336, 4588, 3572, 5491, 4412, 2809, 6345, 7172, 4632, 3868, 1399, 2789, 5880, 7492, 1676, 4626, 5150, 2404, 4706, 5043, 6878, 1569, 1289, 3834, 2462, 2031, 4382, 2780, 1791, 5169, 3125, 3729, 2679, 4890, 5606, 2347, 1799, 1967, 3729, 7731, 3371, 1533, 1239, 2407, 1413, 2587, 3013, 5042, 5293)
(25, 119): Mean: 4210.984, median: 3659.0, std: 2346.068, percent: 4177.38, B: 103, W: 146, 
	(1878, 6197, 6388, 3297, 8472, 4634, 5103, 4090, 2041, 3877, 7834, 6190, 7750, 1893, 5226, 3164, 3043, 13658, 5748, 1859, 6039, 2252, 4706, 2760, 9298, 3773, 4970, 3823, 3861, 3178, 1642, 2481, 1935, 2573, 3109, 1498, 2550, 6037, 4052, 9624, 9778, 3389, 2026, 2396, 2013, 1284, 2665, 2563, 5238, 2126, 1998, 2597, 2837, 3346, 3802, 2392, 4092, 3673, 3358, 2102, 5965, 4974, 7619, 10953, 3915, 4997, 4402, 3117, 1302, 1928, 2199, 2524, 3040, 3368, 1911, 3103, 4951, 7425, 3681, 13772, 1764, 1808, 4966, 3030, 3001, 2422, 2820, 2946, 10573, 9554, 4503, 2992, 3042, 3890, 3451, 1014, 2782, 4693, 4588, 4640, 3035, 2178, 3815, 3529, 2694, 6910, 4312, 4156, 7665, 3688, 7104, 3016, 5974, 7232, 5941, 7891, 2019, 12854, 3087, 3309, 4538, 4448, 11974, 2831, 2844, 2549, 6667, 2378, 3222, 3745, 8477, 6574, 2414, 4772, 2280, 1642, 6312, 4234, 3134, 3216, 2406, 3858, 4022, 7654, 2146, 3311, 3910, 3158, 6585, 3647, 4631, 5555, 3041, 1583, 3169, 2096, 5757, 7714, 4789, 4034, 3885, 5832, 3821, 2566, 3006, 2783, 2894, 5369, 2811, 8154, 4053, 2127, 3000, 1843, 2492, 5603, 7087, 2517, 4277, 3241, 1679, 2911, 1692, 3292, 4690, 4363, 2421, 5825, 12712, 5303, 2697, 1584, 2322, 5171, 8060, 2806, 3972, 7789, 2511, 3738, 2618, 5012, 4647, 3863, 6208, 5351, 2690, 5589, 10737, 6152, 4345, 1491, 2478, 6364, 7000, 2014, 4604, 5722, 2612, 5801, 4102, 7169, 1643, 1658, 4350, 2912, 1986, 4826, 2902, 1752, 5453, 3671, 4183, 2694, 4436, 5438, 2167, 2028, 1857, 3189, 6858, 3391, 1406, 1282, 3059, 1880, 2660, 3094, 5840, 5134)
(27, 131): Mean: 4155.452, median: 3469.5, std: 2453.26, percent: 4068.8, B: 140, W: 110, 
	(2052, 7019, 5516, 3448, 6740, 4861, 5349, 4491, 2090, 3806, 6893, 6454, 9825, 1997, 6891, 3232, 3459, 12971, 4836, 1600, 6851, 2091, 5046, 3067, 8664, 3686, 4155, 4770, 5000, 3169, 1927, 2413, 2112, 2310, 3421, 1794, 2444, 6348, 4529, 6532, 8981, 3068, 2142, 2172, 2155, 1294, 2453, 2445, 4598, 1942, 1831, 2557, 2648, 2971, 3288, 2298, 4045, 3881, 3746, 2037, 6545, 4237, 8909, 10457, 3537, 4593, 4404, 2993, 1314, 1882, 2266, 2496, 3171, 3212, 1902, 3163, 5089, 7725, 4169, 21245, 1946, 1610, 4287, 2589, 2998, 2937, 2516, 2952, 10461, 9784, 4228, 2721, 2955, 4006, 3453, 989, 2970, 4073, 4245, 4511, 3113, 2442, 4305, 3866, 2672, 8676, 4762, 3595, 6570, 4206, 6742, 3033, 5020, 5853, 5456, 7261, 1660, 13507, 2868, 2427, 4296, 5062, 10939, 2929, 3312, 2423, 6793, 2313, 3316, 3468, 10784, 4949, 2018, 4695, 2058, 1236, 6422, 4067, 2682, 3795, 2122, 3881, 3539, 6618, 1959, 3471, 3300, 2790, 7816, 3413, 4486, 5653, 2845, 1676, 2999, 2039, 5656, 7362, 5290, 4008, 3841, 4966, 3418, 2711, 3147, 3406, 3273, 5375, 2771, 9356, 3643, 2023, 3335, 1890, 2685, 5418, 6004, 2476, 4066, 2698, 1655, 2477, 1837, 3054, 5348, 5059, 1978, 5970, 9654, 5626, 3197, 1698, 2408, 5176, 8201, 2320, 3865, 8992, 2610, 3673, 2758, 4784, 4665, 3699, 5954, 4955, 2962, 7161, 6875, 5203, 4362, 1441, 2654, 5144, 6749, 1569, 4898, 5573, 2423, 5723, 3569, 6393, 1572, 1317, 3600, 2238, 1804, 4442, 2888, 1740, 6010, 3840, 4222, 3040, 4656, 4998, 2491, 2043, 2110, 3076, 6139, 2882, 1522, 1287, 2373, 1474, 2297, 3249, 4954, 5320)
(28, 132): Mean: 4150.588, median: 3497.0, std: 2430.992, percent: 4102.36, B: 138, W: 112, 
	(1916, 6779, 5146, 3252, 7939, 4670, 4494, 3854, 1955, 3498, 5712, 6179, 8992, 2150, 5428, 3292, 3092, 12578, 5399, 1915, 6655, 1831, 4035, 3502, 8253, 3580, 4493, 4308, 4994, 2834, 1788, 2031, 2066, 2166, 3285, 1520, 2698, 6013, 4454, 8318, 10195, 2940, 2264, 2046, 2195, 1297, 2769, 2483, 4716, 1890, 2056, 2420, 2455, 3352, 3215, 2036, 4224, 3553, 3446, 2114, 6095, 4142, 8532, 8307, 3620, 4873, 4083, 2830, 1215, 1772, 2034, 2671, 3910, 3401, 1863, 3501, 4896, 6321, 3933, 20584, 1786, 1874, 4027, 2794, 3191, 2806, 2713, 2831, 8963, 8768, 4029, 3040, 2974, 4436, 3371, 998, 2595, 4469, 5095, 4520, 2676, 2219, 4916, 3496, 2667, 8400, 4633, 4770, 6401, 4079, 6733, 2986, 6286, 4841, 5921, 6992, 1796, 13016, 3200, 2477, 4166, 5700, 13502, 3095, 3348, 2706, 6353, 2656, 3169, 3751, 10347, 5260, 1967, 4047, 2329, 1432, 8250, 4283, 2968, 3649, 2444, 3347, 4380, 5926, 2117, 2847, 3755, 2700, 8253, 3080, 4755, 5337, 2692, 1649, 3321, 1959, 5247, 7553, 5221, 4606, 3922, 5740, 3368, 2820, 3323, 2938, 3307, 5254, 2420, 9268, 3628, 1949, 2830, 1775, 2365, 5260, 6720, 2480, 3739, 2842, 1491, 2561, 1800, 2682, 5745, 4979, 2056, 5786, 9795, 6954, 3374, 1694, 2507, 6703, 8727, 2709, 4673, 7432, 2366, 3719, 2488, 5984, 4502, 3737, 5952, 4990, 2817, 6579, 6931, 5036, 4137, 1440, 2517, 6174, 6293, 1814, 4372, 5056, 2590, 5249, 3704, 6477, 1720, 1355, 3954, 2577, 2103, 4452, 2610, 1816, 4971, 3121, 4218, 3142, 4800, 5188, 2346, 1856, 2365, 2948, 9042, 2916, 1403, 1256, 2403, 1738, 2647, 2966, 5510, 4419)
(30, 139): Mean: 4179.08, median: 3390.5, std: 2604.172, percent: 4069.64, B: 137, W: 113, 
	(1662, 7484, 5981, 3288, 7098, 4663, 4334, 4274, 1864, 3560, 5965, 5587, 7489, 2123, 4963, 2940, 2715, 14845, 4971, 1857, 6496, 2168, 3739, 2770, 9427, 3107, 4452, 5339, 5523, 3568, 1756, 2375, 2307, 2405, 2779, 1554, 2913, 5553, 4500, 8574, 7585, 3181, 2207, 2202, 2193, 1361, 2597, 2686, 4538, 1724, 1761, 2498, 2292, 3000, 3200, 2066, 4104, 4231, 3591, 2099, 5430, 5414, 8665, 8199, 3287, 4078, 3983, 3046, 1744, 2111, 2007, 2231, 3175, 3385, 2004, 3121, 5404, 5997, 3491, 21142, 1954, 1842, 4511, 2496, 3034, 2727, 2455, 2856, 10467, 10080, 4130, 2687, 2910, 4175, 3358, 1154, 2564, 4000, 4300, 4821, 3047, 2262, 4278, 3085, 2166, 9661, 4951, 3979, 6106, 3856, 5957, 3166, 5205, 4814, 6422, 7235, 1822, 18409, 2998, 2506, 4465, 5058, 10562, 3106, 3596, 2447, 6477, 2627, 3097, 3684, 14571, 5196, 1924, 5462, 2457, 1224, 9301, 4716, 2933, 3369, 2564, 3631, 4360, 6742, 1887, 3145, 4073, 3130, 6371, 3614, 4568, 5209, 2804, 1638, 3261, 2137, 5511, 7107, 5117, 3655, 3216, 5472, 3933, 2237, 2896, 3160, 3128, 5213, 2610, 8861, 3857, 2234, 2667, 2069, 2587, 5404, 6650, 2540, 3955, 2832, 1782, 2451, 1715, 2991, 5675, 6143, 2119, 6751, 9797, 5606, 2621, 1713, 2361, 5159, 8343, 2404, 3396, 8462, 2915, 4330, 2525, 4231, 4433, 3708, 7849, 5152, 2694, 6246, 7376, 4738, 4495, 1550, 3139, 6044, 6107, 1629, 4399, 4604, 2388, 5409, 3906, 6435, 1622, 1666, 3951, 2423, 2030, 3603, 2802, 1647, 4888, 4155, 4656, 2811, 4720, 6686, 2039, 2091, 1990, 2947, 7815, 3358, 1652, 1253, 2571, 1645, 3026, 2849, 5479, 5843)
(32, 151): Mean: 4123.788, median: 3471.0, std: 2308.608, percent: 4053.86, B: 129, W: 121, 
	(1981, 7615, 6188, 3601, 7394, 5565, 4803, 3930, 1987, 3506, 6062, 5284, 7568, 2081, 5648, 3024, 2744, 14833, 4545, 1854, 7434, 2081, 4816, 3048, 8776, 4318, 4630, 5416, 4664, 3377, 1934, 2339, 2278, 2393, 2766, 1498, 2738, 6541, 4118, 9853, 8335, 2855, 2352, 2091, 2107, 1252, 2788, 2612, 4668, 1663, 1997, 2777, 2898, 3296, 3215, 2125, 4390, 3477, 3657, 2434, 5923, 4371, 8360, 9350, 3175, 4616, 4111, 2982, 1306, 1778, 2123, 2347, 2939, 3461, 1971, 3356, 4758, 5986, 3754, 12684, 1791, 1878, 3996, 2612, 2834, 2978, 2295, 2508, 9551, 10231, 4212, 3074, 2972, 4157, 3095, 956, 2951, 4351, 4376, 4885, 2998, 2154, 3942, 3501, 2827, 7600, 4871, 4072, 7675, 4323, 8029, 3064, 5073, 5089, 5300, 7193, 1805, 13403, 2675, 2970, 3664, 5433, 12920, 3280, 3080, 2543, 6144, 2271, 3353, 3581, 10269, 5027, 2046, 4642, 2015, 1290, 7107, 4132, 2832, 3490, 2681, 3520, 4855, 7665, 1959, 3175, 3333, 3017, 8524, 3289, 4010, 4653, 2953, 1570, 3226, 2235, 6175, 5285, 5563, 4517, 4026, 5236, 3338, 2686, 3214, 2969, 3407, 4619, 2692, 10074, 3877, 2116, 3017, 1870, 2571, 5097, 4962, 2312, 3465, 2716, 1518, 2655, 1736, 3626, 5402, 5738, 2102, 5413, 8723, 5040, 2635, 1786, 2262, 5725, 9103, 2738, 3809, 7441, 2401, 3617, 2223, 4588, 4799, 3677, 5993, 4537, 2937, 6093, 7280, 5100, 3959, 1579, 2404, 6153, 7435, 1866, 5234, 5307, 2227, 5096, 3897, 7526, 1641, 1358, 3783, 2398, 2019, 4677, 2697, 1844, 5994, 3132, 4336, 2939, 4061, 6666, 2395, 1810, 2062, 3196, 7619, 4223, 1458, 1223, 2534, 1586, 2599, 3175, 5486, 5230)
(35, 164): Mean: 4105.464, median: 3510.5, std: 2268.246, percent: 4188.52, B: 128, W: 121, 
	(1976, 6770, 6621, 3429, 7559, 4476, 4654, 3463, 1830, 3237, 7308, 5023, 6747, 1969, 5415, 3275, 3615, 14095, 4843, 1712, 7368, 1923, 4580, 2620, 8951, 3600, 3931, 4526, 5271, 3032, 1628, 2139, 2433, 2146, 2653, 1734, 2400, 5676, 4320, 8828, 9075, 3030, 2103, 2141, 1922, 1283, 2904, 3120, 4745, 1766, 1796, 2678, 2503, 3366, 3441, 2003, 4103, 4102, 4126, 1996, 6872, 5064, 8145, 9550, 3548, 3786, 4702, 2660, 1362, 2007, 2204, 2611, 3222, 3201, 1956, 3218, 4441, 6620, 4397, 9597, 1840, 1978, 5091, 2750, 3263, 2720, 2588, 2661, 9626, 9350, 4172, 2968, 2753, 4167, 3598, 1021, 2860, 4170, 3943, 4652, 3341, 2386, 4381, 3153, 2677, 8178, 4826, 4076, 5505, 3776, 5477, 2781, 5627, 5032, 6358, 7616, 1715, 15252, 3061, 2984, 4485, 4938, 11949, 2978, 3807, 2712, 7442, 2344, 3185, 3908, 10854, 5515, 2092, 4823, 2072, 1238, 7601, 4619, 2963, 3905, 2226, 4204, 4186, 5600, 1930, 3184, 4106, 3017, 6840, 3701, 4942, 4863, 2871, 1614, 3473, 2272, 6371, 6553, 5401, 4134, 3644, 4792, 3969, 2408, 3307, 3222, 3598, 5245, 2336, 7882, 3138, 2037, 2849, 1966, 2898, 4917, 7080, 2630, 4152, 2939, 1673, 2785, 1579, 2896, 5359, 5139, 1857, 6795, 11639, 4893, 2876, 1513, 2263, 4545, 8042, 2444, 3442, 6282, 2403, 3320, 2536, 4641, 4384, 3702, 6468, 4813, 2832, 7221, 7864, 6099, 4348, 1386, 3045, 5383, 6321, 1681, 4635, 4780, 2301, 6092, 3766, 7376, 1621, 1346, 3279, 2131, 1980, 4531, 3422, 1818, 6442, 3667, 4179, 2804, 3727, 5361, 2179, 1938, 2182, 3079, 7461, 3211, 1574, 1194, 2398, 1583, 2691, 2916, 5477, 5314)
(36, 165): Mean: 4123.324, median: 3538.0, std: 2262.997, percent: 4060.64, B: 127, W: 122, 
	(1934, 6395, 6340, 3254, 9072, 4734, 5630, 3827, 2147, 5137, 6434, 4814, 8071, 2135, 5394, 3007, 3603, 12027, 5469, 2057, 6833, 2002, 4442, 2903, 9911, 3656, 4324, 4584, 4125, 2958, 1804, 2196, 2396, 2278, 3226, 1593, 2474, 6480, 5105, 11300, 9525, 3211, 2062, 2109, 2518, 1263, 2380, 3348, 4875, 1762, 1927, 2734, 2822, 3444, 3405, 2378, 4638, 3753, 3507, 2282, 5948, 5412, 7606, 10056, 3602, 5168, 4760, 2999, 1248, 1893, 2290, 2435, 3271, 3569, 1798, 3099, 3980, 6917, 4341, 11197, 1834, 1824, 4215, 2462, 3085, 2573, 2378, 2683, 9030, 11197, 4172, 2960, 3002, 3619, 3094, 1039, 2836, 4314, 5144, 5102, 2795, 2227, 4038, 3067, 2669, 6974, 4386, 3745, 6094, 4336, 6330, 2596, 5317, 5044, 5095, 5912, 1939, 13291, 3200, 2929, 4044, 4972, 11604, 2989, 3426, 2743, 7190, 2246, 3110, 3905, 10421, 5183, 1961, 4565, 2153, 1229, 8749, 3796, 3103, 3260, 2627, 3582, 4145, 6555, 1999, 3247, 3370, 2718, 8012, 3715, 4423, 4524, 2769, 1524, 3062, 1963, 5981, 6388, 5090, 4267, 3883, 5587, 3789, 2211, 3423, 3098, 3328, 5594, 2404, 8709, 3442, 1893, 2636, 1856, 2694, 5670, 5947, 2679, 4290, 2390, 1489, 2735, 1786, 3273, 5283, 4885, 2112, 5888, 9656, 6024, 2763, 1716, 2491, 5353, 9144, 2616, 3603, 7713, 2817, 4133, 2571, 4432, 4382, 3748, 6076, 4563, 2405, 7280, 7987, 5512, 3880, 1407, 2666, 5967, 6046, 1614, 4349, 5891, 2642, 5007, 4586, 5219, 1666, 1402, 3689, 2584, 1976, 4297, 2698, 1821, 5191, 3505, 4023, 2838, 3974, 4507, 2572, 1715, 2251, 3156, 8629, 4517, 1386, 1341, 2429, 1695, 2553, 2876, 5492, 6055)
(37, 171): Mean: 4092.264, median: 3443.0, std: 2179.119, percent: 4066.28, B: 129, W: 121, 
	(1852, 6598, 5622, 2926, 7829, 4325, 4371, 4284, 2167, 3999, 6239, 5542, 7703, 2103, 5541, 3201, 3316, 14820, 5494, 1698, 6908, 2132, 4305, 3004, 8460, 3923, 4513, 5614, 5080, 3070, 1866, 2653, 2375, 2257, 2846, 1548, 2475, 5703, 4627, 7453, 10760, 3120, 2422, 2214, 2142, 1367, 2774, 3365, 4807, 1658, 1959, 2602, 2924, 3251, 3656, 2130, 4780, 3594, 3326, 2154, 5964, 5496, 6936, 9811, 3839, 4354, 4226, 3175, 1300, 2016, 2116, 2570, 2916, 3034, 2073, 3405, 4352, 6281, 4037, 14011, 1752, 1576, 4910, 2781, 3150, 2380, 2884, 2643, 7634, 9006, 4445, 3133, 3216, 4104, 3238, 1031, 2991, 4052, 4358, 4769, 3013, 2424, 5058, 3274, 2578, 6709, 5041, 3857, 5785, 4325, 6243, 2553, 4936, 5295, 7289, 6290, 2005, 9327, 3190, 3221, 4461, 5414, 11264, 3078, 2967, 2646, 6202, 2131, 3294, 3501, 8320, 4954, 1863, 4514, 2210, 1420, 7154, 4111, 2769, 4032, 2289, 3724, 3912, 7032, 1743, 3213, 3481, 2681, 7443, 3213, 3890, 5293, 2715, 1754, 3099, 2016, 5678, 6712, 4857, 3574, 3816, 5844, 3513, 2650, 3316, 3405, 3198, 5404, 2393, 7591, 3657, 2096, 3155, 1755, 2598, 5175, 5165, 2560, 3721, 2740, 1771, 2924, 1844, 3041, 5314, 5406, 2466, 5039, 11051, 5802, 2741, 1811, 2359, 6197, 10266, 2458, 4672, 6137, 2784, 3893, 2971, 4397, 4780, 3983, 6735, 4983, 2621, 7257, 7551, 5525, 4340, 1641, 2327, 7175, 6643, 1719, 4232, 5627, 2502, 5123, 4082, 6582, 1488, 1463, 3663, 2475, 1875, 4958, 2655, 1890, 5550, 3269, 3703, 2997, 4443, 6228, 2343, 1931, 2135, 2756, 7496, 3103, 1633, 1349, 2396, 2026, 2678, 2854, 5456, 5280)
(38, 174): Mean: 4124.376, median: 3511.0, std: 2338.549, percent: 4050.92, B: 134, W: 116, 
	(1761, 6329, 6376, 2918, 8060, 5233, 4045, 4363, 2056, 3846, 5695, 5413, 7732, 2008, 4867, 2933, 3052, 11568, 5022, 1831, 8470, 2191, 4182, 3056, 8616, 3828, 4580, 5194, 4181, 3004, 1617, 2364, 2305, 2393, 3019, 1748, 3085, 5990, 4092, 8804, 9296, 3198, 2160, 2054, 2352, 1294, 2722, 2591, 5178, 1698, 1703, 2808, 2755, 3774, 3240, 2232, 4694, 3571, 3715, 2182, 5084, 4155, 7783, 7186, 4020, 5836, 4471, 2627, 1415, 1884, 2131, 2674, 3497, 3009, 2072, 3028, 4350, 7082, 3741, 11558, 1908, 1931, 5307, 2745, 2865, 2993, 2357, 2661, 12084, 10410, 4323, 2667, 3186, 3612, 2784, 1033, 2858, 4095, 5228, 3831, 2562, 2497, 4600, 3269, 2744, 8423, 5281, 4565, 6606, 3550, 5949, 2936, 5076, 5936, 5867, 7761, 1761, 16206, 3329, 2656, 3946, 5295, 11637, 3064, 3294, 2424, 6545, 2595, 3866, 3667, 13127, 4838, 1887, 5278, 2186, 1433, 7777, 3705, 3183, 3778, 2505, 3191, 3813, 6817, 1879, 3160, 3926, 3068, 6577, 3315, 4415, 4401, 2821, 1635, 3104, 1941, 5266, 6478, 4948, 3963, 3974, 5643, 3793, 2634, 3381, 2925, 3316, 5569, 2719, 10585, 4066, 2230, 3036, 1620, 2398, 5247, 6931, 2522, 3389, 2706, 1466, 2643, 1846, 2936, 5610, 5323, 2199, 5434, 11724, 5907, 2433, 1591, 2473, 4741, 8060, 2755, 3858, 7392, 2465, 3883, 2357, 4786, 4464, 4394, 5665, 4200, 3158, 6799, 8023, 5404, 4485, 1429, 2289, 5493, 6214, 1767, 4227, 4795, 2466, 5585, 5019, 6557, 1646, 1398, 3517, 2308, 1916, 4103, 2630, 1761, 5876, 3654, 3505, 2951, 4665, 5699, 2221, 1865, 2232, 2921, 6648, 3264, 1609, 1227, 2362, 1867, 2541, 3088, 4621, 6153)
(40, 184): Mean: 4113.088, median: 3444.0, std: 2287.172, percent: 4071.98, B: 130, W: 120, 
	(1982, 7338, 6575, 3382, 8110, 5107, 4888, 3874, 2018, 3542, 6724, 5452, 8995, 1884, 5472, 3336, 3019, 17539, 4640, 1737, 5656, 2138, 3901, 2778, 8145, 3047, 4548, 5310, 5069, 3381, 1816, 2302, 2147, 2294, 3109, 1616, 2584, 5945, 4355, 7654, 7443, 3150, 2188, 2114, 2105, 1297, 3004, 2517, 4535, 1724, 1829, 2467, 2448, 3296, 3420, 2317, 4689, 4883, 3791, 2066, 7567, 4205, 6734, 9694, 3629, 4113, 4289, 2735, 1263, 1898, 2210, 2365, 2692, 3463, 1978, 3062, 4816, 7372, 4178, 10420, 1937, 1762, 5962, 2855, 2617, 3222, 2661, 3050, 9649, 9182, 3911, 2823, 2862, 4077, 3107, 974, 2787, 4447, 4702, 4732, 2766, 2339, 4633, 3289, 2089, 7745, 4856, 4148, 7631, 3964, 5790, 2679, 4918, 5320, 6400, 7333, 1988, 12889, 3231, 2904, 4447, 5802, 11921, 3801, 3164, 2779, 5762, 2462, 3240, 3967, 9084, 5095, 2273, 5184, 2313, 1368, 9212, 3652, 3005, 3734, 2154, 3529, 3748, 6045, 1896, 3096, 3983, 3069, 7885, 3756, 4227, 4994, 2774, 1545, 3518, 2288, 5873, 8045, 4810, 4744, 3588, 4792, 4041, 2509, 3425, 3249, 3383, 4483, 2459, 9258, 3549, 1822, 2841, 1981, 2915, 4725, 6641, 2570, 3120, 2955, 1460, 2407, 1693, 3306, 5153, 5170, 2054, 6427, 8792, 6011, 2595, 1869, 2634, 5210, 9533, 2706, 3352, 8255, 2366, 4349, 2415, 5439, 4459, 3326, 6566, 4785, 2777, 5906, 7804, 5318, 4216, 1446, 2311, 6456, 6468, 1792, 4691, 5996, 2370, 5239, 4285, 6198, 1497, 1451, 3776, 2188, 1956, 3983, 2839, 1711, 5527, 3075, 4202, 2589, 4569, 5611, 2237, 2078, 2222, 2761, 6691, 3079, 1488, 1298, 2342, 1758, 2414, 3324, 5264, 4581)
(41, 189): Mean: 4075.236, median: 3540.5, std: 2211.469, percent: 3995.62, B: 127, W: 123, 
	(1686, 6707, 6120, 3028, 8418, 4349, 4708, 3670, 2241, 3679, 6093, 5279, 9392, 1876, 6674, 3453, 3147, 14231, 4599, 1914, 5968, 1998, 3984, 2724, 9014, 3703, 4653, 4239, 4914, 2747, 1687, 2405, 2214, 2080, 2905, 1696, 2557, 5805, 4121, 7680, 9604, 3024, 2098, 2094, 2062, 1270, 2576, 2588, 4494, 1828, 2046, 2812, 2581, 3751, 2998, 2125, 4411, 4279, 4294, 2324, 6483, 4044, 7785, 9308, 3955, 4581, 4826, 3002, 1220, 1963, 2325, 2658, 3498, 3385, 2254, 3260, 4129, 5865, 3835, 10932, 1892, 1953, 4505, 2712, 2925, 3043, 2662, 3290, 7992, 11167, 4362, 2887, 3143, 4038, 3760, 991, 3030, 3980, 4338, 4283, 2782, 2389, 4099, 3562, 2283, 7479, 4330, 5037, 6161, 4112, 5544, 2960, 5230, 5490, 5339, 6807, 1884, 11602, 3683, 2601, 4666, 4619, 12782, 3084, 3233, 2479, 7164, 2326, 3217, 3189, 8955, 4350, 1873, 4500, 2092, 1305, 5637, 3557, 3108, 3598, 2463, 3897, 4171, 7075, 1987, 3390, 3838, 2849, 7629, 3617, 4508, 4771, 2860, 1507, 2877, 2010, 5776, 7559, 4617, 3422, 3512, 4966, 4220, 2308, 3434, 2773, 3197, 4774, 2589, 8781, 3040, 2112, 2943, 1807, 2479, 5374, 6878, 2677, 3486, 2615, 1552, 2582, 1745, 2995, 4950, 5042, 2095, 6414, 11441, 5231, 2841, 1673, 2333, 5263, 8640, 2476, 3991, 8364, 2842, 3761, 2979, 5991, 4411, 4057, 6539, 4633, 3505, 5418, 7338, 5568, 4667, 1549, 2549, 6883, 7402, 1639, 5542, 5598, 2191, 4502, 4624, 6237, 1548, 1498, 3524, 2531, 1997, 4184, 3211, 1785, 5355, 3562, 3636, 2777, 4776, 5069, 2208, 1952, 2328, 3128, 6492, 3203, 1621, 1210, 2315, 1766, 2519, 2741, 5646, 4400)
(43, 200): Mean: 4076.256, median: 3449.0, std: 2194.41, percent: 4171.1, B: 126, W: 123, 
	(1739, 6631, 5592, 3298, 9371, 3873, 4902, 3918, 2118, 4402, 6028, 6172, 9441, 2041, 7165, 3220, 3020, 12818, 5264, 2094, 7149, 1942, 4061, 3304, 7641, 3234, 3971, 4745, 4921, 3647, 1851, 2158, 2108, 2252, 3003, 1906, 2577, 6570, 3887, 8107, 7538, 2916, 2066, 2444, 1921, 1236, 2507, 2711, 4808, 1807, 2196, 2764, 2644, 2981, 3437, 2167, 4740, 3984, 3387, 2104, 6274, 4063, 7163, 10356, 3955, 4937, 4793, 3224, 1338, 1876, 2289, 2728, 3061, 3354, 1964, 3665, 4402, 8358, 4361, 10583, 1711, 1962, 5154, 2528, 2913, 2723, 3067, 2884, 11623, 10728, 3732, 2857, 3021, 4284, 3335, 937, 2934, 4487, 4532, 4376, 2574, 2173, 3824, 3372, 2381, 7320, 4475, 3682, 6232, 4320, 6835, 2922, 5302, 6289, 6606, 7221, 1857, 13139, 3113, 2766, 4181, 5392, 8703, 2851, 2930, 2862, 6939, 2274, 3024, 3462, 9392, 6080, 2340, 4616, 2316, 1274, 6286, 3888, 3144, 3328, 2127, 3519, 3548, 5399, 1890, 2709, 3634, 2644, 6528, 3461, 4373, 4549, 2715, 1611, 2866, 2041, 6708, 5534, 4028, 4013, 3110, 4758, 3519, 2871, 3203, 3139, 2905, 5086, 2421, 8565, 3923, 2156, 3089, 1846, 2724, 4836, 5393, 2469, 4499, 2584, 1494, 2770, 1704, 3009, 5773, 5494, 2133, 5552, 11035, 6322, 3072, 1531, 2193, 5862, 8652, 2487, 4280, 6626, 2607, 3493, 2513, 4377, 4366, 4282, 7534, 4949, 2782, 6330, 6208, 5776, 3894, 1578, 2677, 6063, 6465, 1571, 4369, 6089, 2534, 5001, 4145, 5442, 1660, 1644, 3074, 2485, 1866, 4986, 2901, 1959, 5016, 3616, 4763, 2663, 4113, 6276, 2131, 1779, 1916, 3157, 6856, 3702, 1541, 1352, 2536, 1573, 2533, 3099, 6165, 4959)
(45, 208): Mean: 4237.04, median: 3504.0, std: 2510.827, percent: 4157.22, B: 99, W: 150, 
	(2014, 5268, 5743, 3755, 7181, 4549, 5090, 4389, 1995, 3806, 6549, 5666, 8928, 1965, 5739, 3293, 3649, 16553, 5201, 1841, 7770, 2160, 4776, 2959, 8607, 4217, 4952, 4691, 5938, 3164, 2003, 2269, 2181, 2342, 3650, 1753, 2610, 5718, 4253, 9287, 8482, 3299, 1987, 2355, 2267, 1385, 2711, 2910, 5317, 1958, 2272, 2559, 2682, 3162, 3199, 2265, 4014, 3999, 3298, 2192, 5584, 5538, 7490, 10023, 3357, 4670, 4582, 2974, 1203, 2137, 2385, 2610, 2878, 3471, 2020, 3067, 4087, 7652, 4434, 22277, 1914, 2044, 5038, 2721, 2941, 2987, 2707, 2914, 9560, 11808, 4527, 2929, 2905, 4064, 3427, 1085, 2730, 5229, 5240, 3915, 3110, 2273, 4368, 3407, 2619, 6193, 4426, 5048, 6288, 4255, 6490, 3111, 5674, 5446, 6605, 6957, 1854, 13322, 3662, 2989, 5133, 4962, 11128, 2797, 3210, 2690, 6887, 2237, 3336, 3336, 10137, 5312, 1884, 4813, 2077, 1317, 7485, 3971, 3121, 3295, 2744, 4254, 4918, 7388, 2136, 2512, 3660, 2722, 7288, 3324, 4964, 5964, 2900, 1815, 3282, 2262, 7181, 7700, 4875, 3858, 3537, 5586, 3696, 2562, 2958, 2856, 3305, 5784, 2675, 8317, 3436, 2469, 3088, 1880, 2575, 5556, 5061, 2783, 3973, 2897, 1667, 2763, 1851, 3251, 5047, 4549, 2217, 5400, 9801, 7119, 2642, 1606, 2234, 5696, 7971, 2832, 4131, 7046, 2519, 4808, 2628, 3725, 4620, 3836, 6609, 4642, 2986, 7041, 6861, 6581, 3997, 1577, 2785, 6084, 5866, 1749, 4668, 5393, 2633, 5711, 4549, 6206, 1656, 1546, 3673, 2626, 1908, 5360, 2734, 1795, 5527, 4036, 3678, 3067, 4646, 6285, 2142, 1999, 2075, 3218, 7629, 3277, 1410, 1352, 2324, 1879, 2911, 2890, 5316, 4527)
(46, 211): Mean: 4159.348, median: 3492.0, std: 2448.603, percent: 4122.16, B: 146, W: 103, 
	(1951, 6712, 6828, 3795, 7546, 4672, 4987, 3750, 1914, 3209, 6527, 5135, 8911, 2135, 7075, 3414, 3020, 11209, 5270, 1614, 7174, 2103, 3824, 2518, 9913, 3643, 5102, 5045, 4626, 3397, 1722, 2173, 2310, 2480, 2955, 1636, 2784, 6648, 4697, 9788, 8451, 2889, 2076, 2044, 2101, 1255, 2547, 3104, 4897, 1816, 1939, 2934, 2356, 3426, 3155, 2380, 4025, 3450, 3905, 2398, 6371, 4168, 7768, 10990, 3382, 4514, 3970, 3130, 1366, 1981, 2410, 2726, 3352, 3256, 1850, 3006, 4741, 7485, 4741, 18430, 1976, 2074, 5591, 2682, 3157, 2910, 2328, 2681, 9621, 9516, 3853, 2920, 2623, 3981, 3189, 987, 2727, 4144, 4918, 4355, 3194, 2604, 4159, 3561, 2323, 8278, 4709, 4773, 6361, 4043, 6750, 2635, 5401, 5250, 6413, 6229, 1719, 17017, 3076, 2401, 4197, 4730, 11444, 3421, 3037, 2975, 6048, 2440, 2925, 3944, 10603, 4236, 1789, 5789, 2197, 1222, 7879, 4371, 2817, 3558, 2484, 3781, 4150, 5397, 2003, 3108, 4336, 2927, 8138, 3532, 4143, 4476, 2940, 1613, 3553, 2231, 5716, 6280, 4294, 4380, 3457, 4949, 4492, 2627, 3691, 3315, 3204, 5258, 2463, 9936, 3265, 1851, 2516, 1837, 2767, 5176, 7755, 2896, 3843, 2574, 1412, 2420, 1647, 2913, 4438, 3967, 2094, 5464, 9085, 5342, 3293, 1767, 2126, 5586, 8116, 2446, 4131, 8422, 2413, 3596, 2625, 5621, 4397, 3935, 6090, 5006, 3208, 4761, 8205, 5810, 3638, 1367, 2605, 7384, 7196, 1510, 4466, 4846, 2165, 5062, 4240, 6083, 1718, 1410, 3527, 2347, 2290, 4208, 2604, 1756, 5884, 3130, 3912, 2763, 4437, 5246, 2283, 1750, 2243, 2944, 7947, 3293, 1515, 1218, 2550, 1702, 2721, 3122, 5263, 6054)
(49, 228): Mean: 4114.336, median: 3496.5, std: 2338.994, percent: 4068.26, B: 132, W: 118, 
	(1866, 6943, 5205, 2932, 7777, 4143, 4296, 3856, 2180, 3427, 6570, 6038, 7524, 1955, 6865, 3916, 2875, 14572, 4507, 1766, 5906, 1953, 4227, 3079, 8455, 3239, 4101, 4779, 4809, 3476, 1817, 2470, 2129, 2429, 2792, 1415, 2478, 6026, 4325, 9057, 7617, 3293, 2615, 2067, 2135, 1259, 2812, 2888, 4641, 1797, 1866, 2453, 2488, 3039, 3530, 2009, 4581, 3982, 3807, 2221, 6193, 4110, 7325, 10074, 3649, 5218, 4122, 3012, 1393, 1924, 2077, 2522, 3620, 3511, 1953, 3387, 5715, 5998, 3797, 12741, 1927, 1787, 4745, 2649, 2908, 2973, 2699, 2780, 10373, 8841, 3388, 2865, 2932, 4428, 2649, 1129, 2992, 4441, 4819, 4071, 3105, 2354, 4535, 3747, 2485, 6136, 4487, 4910, 5881, 4033, 6461, 2709, 4760, 4912, 5635, 7441, 1790, 15815, 2886, 2682, 4629, 4269, 12689, 2711, 3354, 2906, 5997, 2508, 3257, 3836, 10951, 5777, 2271, 3771, 2394, 1327, 7694, 4109, 2837, 3535, 2571, 3322, 4562, 6803, 1887, 2862, 3544, 2908, 8129, 3482, 4952, 5534, 3036, 1728, 3360, 1913, 5403, 6437, 4171, 3864, 4006, 5012, 3254, 2440, 3588, 3067, 2981, 5010, 2663, 8850, 3535, 2106, 2482, 1852, 2729, 4586, 6317, 2519, 4075, 2711, 1551, 2748, 1845, 3009, 6176, 5888, 2272, 6100, 12709, 5891, 2670, 1666, 2195, 6157, 9067, 2497, 3452, 7660, 2463, 3938, 2498, 4892, 5126, 3923, 6163, 4492, 2853, 6775, 8064, 5152, 4154, 1397, 2391, 5954, 6963, 1671, 5306, 5653, 2376, 5203, 4404, 5799, 1554, 1576, 3613, 2100, 1993, 4143, 2580, 1866, 5881, 3111, 5127, 2650, 4072, 5147, 2454, 1884, 2230, 2936, 6799, 2990, 1669, 1225, 2646, 1782, 2775, 3251, 4993, 5525)
(52, 244): Mean: 4123.092, median: 3420.5, std: 2488.968, percent: 4028.38, B: 125, W: 124, 
	(1841, 6701, 5850, 3249, 8214, 4861, 4148, 4244, 2009, 3986, 6427, 5524, 7433, 2110, 6081, 2899, 3227, 15498, 4635, 2022, 7206, 2156, 3921, 2745, 8677, 3426, 4124, 4249, 5221, 3240, 1662, 2412, 1956, 2473, 3054, 1635, 2845, 6138, 4829, 10375, 10800, 2988, 2259, 1941, 2264, 1293, 3115, 2628, 4654, 1445, 1735, 2471, 2957, 3559, 3765, 2064, 4220, 3802, 3340, 2439, 7280, 4893, 7414, 9107, 3671, 4730, 3884, 2817, 1311, 1961, 2121, 2628, 3224, 3252, 2025, 3342, 4157, 5681, 4073, 21405, 1796, 1761, 4698, 2673, 3213, 2528, 2395, 2867, 10473, 10039, 4209, 3210, 2642, 4489, 3029, 983, 2925, 4132, 4582, 3971, 2887, 2475, 3967, 3165, 2400, 8148, 4186, 3572, 6369, 3595, 5014, 2582, 4733, 4327, 6376, 6968, 1881, 11533, 3264, 3151, 4181, 5500, 12969, 2583, 3251, 2876, 7486, 2565, 3613, 3852, 9318, 5095, 1876, 5116, 2398, 1288, 7395, 4237, 2821, 3415, 2302, 3289, 4356, 7077, 1887, 3453, 3839, 2974, 8981, 3489, 4145, 5956, 2763, 1694, 2887, 2030, 5577, 6556, 4323, 3753, 3703, 5066, 3561, 2560, 3109, 3327, 3346, 4233, 2717, 8344, 3112, 1975, 2815, 1781, 2558, 5563, 5804, 2711, 3812, 2721, 1661, 2589, 1715, 3272, 4860, 5631, 2035, 5786, 10845, 6358, 2457, 1553, 2452, 4756, 9309, 2582, 3330, 6491, 2695, 3534, 2603, 4732, 4135, 3449, 5735, 5143, 2523, 6134, 8092, 5314, 4201, 1438, 2552, 5934, 6398, 1683, 4542, 5897, 2711, 5852, 3721, 5607, 1738, 1601, 3921, 2188, 1983, 4399, 2645, 1737, 6439, 3354, 3973, 3333, 4290, 4528, 2416, 1858, 2121, 3054, 6700, 3358, 1516, 1284, 2753, 1667, 2562, 3233, 5321, 5284)
(56, 267): Mean: 4071.816, median: 3481.0, std: 2189.047, percent: 4092.58, B: 133, W: 116, 
	(1777, 6682, 5845, 3045, 8195, 4314, 5383, 4197, 2045, 3359, 6052, 6019, 8977, 2013, 10588, 3367, 2933, 11680, 4615, 1936, 7657, 2206, 4331, 2686, 8365, 3461, 4046, 5181, 5619, 3355, 1691, 2222, 2272, 2369, 2830, 1538, 2673, 5665, 3930, 8177, 9843, 3349, 2138, 1925, 2133, 1281, 2677, 3042, 5311, 1659, 2159, 2327, 2757, 3549, 3231, 2323, 4431, 4350, 3908, 2259, 6061, 4673, 6835, 6803, 3781, 4088, 4929, 2898, 1247, 1547, 2027, 2417, 3248, 3367, 2178, 3825, 5838, 6133, 4457, 11696, 1748, 1774, 5644, 3001, 2769, 2624, 2887, 2733, 9867, 10752, 3986, 3059, 2783, 3545, 3419, 985, 2634, 4054, 4144, 4677, 2577, 2297, 3538, 3526, 2194, 8443, 4542, 4504, 5732, 4009, 5144, 2889, 5430, 5091, 6239, 6859, 1771, 14190, 3168, 2840, 4331, 5349, 8537, 3274, 3108, 2465, 6925, 2424, 3066, 3664, 8505, 4621, 1915, 4902, 2125, 1257, 7299, 3970, 3518, 3982, 2563, 3827, 4786, 5551, 1923, 2864, 3325, 2731, 7701, 3418, 4864, 4156, 2884, 1607, 3282, 2013, 6197, 7256, 4755, 4488, 3688, 4788, 3835, 2561, 3376, 3414, 2831, 4992, 2418, 8757, 3164, 2085, 2705, 1953, 2593, 5597, 6039, 2473, 3541, 2814, 1549, 2726, 1808, 3096, 5157, 4273, 1956, 6306, 9861, 6871, 2947, 1553, 2222, 4822, 7846, 2772, 3498, 7572, 2491, 3976, 2380, 4791, 4527, 4475, 5583, 5271, 2697, 6709, 7329, 5283, 4112, 1479, 2996, 6243, 6485, 1644, 4408, 6164, 2198, 5241, 3668, 6690, 1713, 1474, 3138, 2311, 2095, 4416, 2852, 1679, 5225, 3464, 3786, 3050, 4228, 4761, 2112, 1702, 1892, 3500, 7690, 3129, 1435, 1215, 2887, 1602, 2517, 3104, 4742, 5444)
(57, 272): Mean: 4099.112, median: 3428.0, std: 2147.026, percent: 4132.02, B: 110, W: 139, 
	(1886, 7195, 5823, 3075, 8114, 5099, 4397, 4309, 2125, 3482, 6914, 5439, 8347, 2103, 6648, 3079, 3102, 13646, 4834, 1660, 8109, 2022, 4288, 2985, 8551, 3282, 4828, 4965, 5166, 3149, 1669, 2285, 2146, 2215, 3314, 1642, 2560, 6101, 4523, 7797, 8760, 3127, 2319, 2073, 2333, 1258, 3003, 3188, 5307, 1742, 1870, 2710, 2561, 3760, 3405, 2259, 4638, 4066, 3213, 2355, 6229, 3897, 7322, 9182, 3294, 4845, 4904, 2932, 1288, 1824, 2221, 2718, 3366, 3729, 1982, 3075, 5497, 6516, 3995, 9441, 1957, 1815, 4481, 2752, 3060, 2747, 2921, 2763, 9581, 9262, 3451, 3134, 2951, 4632, 3142, 911, 2816, 4427, 4418, 3953, 2872, 2180, 4060, 3320, 2711, 7147, 4542, 4529, 6398, 3629, 6775, 2685, 5633, 5501, 4751, 6358, 1957, 12347, 3589, 2957, 4795, 5793, 11560, 2929, 3353, 2793, 6791, 2377, 3002, 3787, 8886, 4900, 2128, 4273, 2084, 1280, 7510, 4821, 3015, 3707, 2270, 3461, 4224, 6176, 2053, 3354, 3132, 2754, 8070, 3258, 4585, 5185, 2873, 1573, 3143, 2117, 5739, 6025, 4929, 3900, 3379, 4536, 3832, 2695, 3331, 3225, 3523, 4820, 2378, 7983, 3633, 1998, 3056, 1811, 2767, 5094, 6530, 2662, 4268, 2546, 1492, 2588, 1881, 3183, 5360, 5321, 2308, 6705, 9553, 5851, 3002, 1820, 2118, 6129, 10349, 2581, 3811, 6773, 2865, 4135, 2463, 5066, 4919, 3780, 5630, 5009, 3068, 6278, 7370, 5068, 4820, 1600, 2889, 6624, 7185, 1652, 5229, 5784, 2707, 5069, 3663, 7026, 1704, 1372, 3705, 2343, 2097, 4777, 2574, 1758, 5319, 3516, 3984, 2800, 4268, 5225, 2311, 2052, 2036, 3145, 6946, 3121, 1640, 1316, 2438, 1610, 2533, 2978, 4679, 4942)
(58, 278): Mean: 4124.66, median: 3457.0, std: 2377.878, percent: 3921.66, B: 139, W: 111, 
	(1760, 5373, 5660, 3498, 8544, 4797, 5142, 4154, 2090, 3624, 6777, 4591, 10349, 1896, 5148, 3487, 3112, 16331, 5772, 1736, 6198, 2036, 4121, 2579, 10373, 3965, 5020, 4802, 4319, 3140, 1696, 2182, 1949, 2175, 3128, 1656, 2755, 6652, 4506, 7840, 9292, 2991, 2204, 2007, 2263, 1329, 2923, 2561, 5019, 1669, 1751, 2470, 2425, 2991, 2969, 2270, 4273, 4005, 3448, 2013, 5338, 4767, 8291, 9385, 3905, 4687, 5226, 2992, 1262, 1738, 2177, 2522, 3466, 3134, 1966, 3369, 4733, 6075, 4034, 14518, 1749, 1946, 5384, 2851, 3028, 2798, 2527, 2942, 8665, 9505, 3690, 2843, 3064, 4601, 2858, 978, 2532, 4759, 4518, 3781, 2860, 2218, 4607, 3201, 2948, 9827, 4755, 3946, 5178, 4408, 5943, 2826, 4850, 4274, 6138, 5650, 1862, 13385, 3430, 2748, 4377, 4816, 12955, 2643, 2998, 2636, 6775, 2529, 3371, 3595, 9451, 4778, 1971, 4599, 2051, 1257, 7393, 3632, 2793, 3274, 2402, 4154, 4030, 6415, 1912, 3253, 2847, 2747, 7954, 3074, 4730, 4198, 3197, 1571, 3071, 2293, 5617, 6230, 5375, 4316, 4154, 5451, 4341, 2433, 3382, 3226, 2990, 5543, 2520, 9504, 3150, 2269, 3184, 1957, 2546, 5093, 6878, 2345, 3910, 2857, 1608, 2698, 1655, 3073, 5529, 4942, 2071, 7325, 8929, 5126, 2986, 1815, 2066, 4833, 8686, 3045, 3571, 8953, 2687, 3977, 2397, 3870, 4115, 4135, 6493, 4611, 3172, 7202, 6956, 5329, 4003, 1474, 2529, 6021, 5449, 1543, 4815, 5467, 2212, 6361, 4005, 7339, 1494, 1541, 4031, 2491, 1953, 4607, 2517, 2064, 5779, 3597, 4456, 2894, 4377, 5400, 2264, 1809, 1979, 3191, 8928, 3386, 1505, 1248, 2332, 1993, 2588, 2883, 5297, 5011)
(59, 284): Mean: 4097.74, median: 3471.0, std: 2270.531, percent: 4004.54, B: 124, W: 124, 
	(1922, 6772, 5176, 3137, 7568, 5003, 4121, 4134, 1947, 3660, 6154, 5591, 7126, 2036, 6006, 3117, 3097, 12890, 5157, 1557, 7440, 2091, 4272, 2898, 9494, 3554, 4398, 5197, 5069, 3412, 1672, 2159, 1799, 2348, 2965, 1635, 2659, 5824, 4317, 9531, 10815, 3531, 2167, 1983, 1811, 1267, 2527, 2362, 4975, 1774, 1945, 2658, 2756, 3513, 3010, 2174, 3350, 3830, 3579, 2347, 7303, 4361, 7048, 6955, 3727, 4627, 4278, 3001, 1314, 1985, 1925, 2533, 3172, 3113, 2062, 3302, 4860, 7060, 3935, 10981, 1848, 1946, 4756, 2531, 3191, 2705, 2557, 2890, 10022, 9570, 4425, 3067, 2860, 3774, 3177, 976, 3317, 3904, 4581, 4694, 3094, 2304, 3898, 3000, 2992, 7983, 4452, 4462, 5327, 4174, 5274, 2699, 5557, 5547, 6218, 7090, 1825, 14951, 3458, 3077, 4089, 4968, 11902, 2698, 2861, 2342, 7360, 2239, 2979, 3735, 10204, 5365, 2189, 4127, 2260, 1260, 6330, 4039, 3202, 3516, 2260, 3768, 4672, 6323, 2020, 2876, 3484, 3011, 7230, 3105, 4326, 4880, 2806, 1670, 3287, 2245, 6602, 7059, 4427, 3899, 3437, 5294, 3821, 2777, 3356, 3126, 3225, 5053, 2521, 8323, 3427, 2032, 2805, 1845, 2491, 5126, 6212, 2576, 4396, 3270, 1623, 2991, 1775, 2615, 5297, 4233, 2370, 5291, 12613, 5796, 2622, 1875, 2750, 4904, 9013, 2581, 3887, 7963, 2817, 3610, 2598, 5105, 5015, 3720, 6006, 4735, 2544, 6273, 8756, 5040, 3599, 1465, 3231, 5540, 6552, 1785, 5216, 5255, 3055, 5327, 3800, 7423, 1495, 1415, 3852, 2396, 2140, 4973, 2650, 1988, 5411, 3172, 3864, 2600, 4810, 4915, 2105, 1900, 2455, 3115, 7554, 3586, 1605, 1248, 2448, 1604, 2764, 2918, 5692, 5372)
(60, 290): Mean: 4077.296, median: 3364.0, std: 2243.553, percent: 4138.44, B: 127, W: 123, 
	(1946, 7583, 6033, 2931, 7612, 4881, 4767, 3866, 2163, 3479, 6310, 6417, 7885, 1794, 5439, 2939, 3006, 12945, 4098, 1696, 6173, 2092, 4724, 2914, 6776, 3869, 4363, 4545, 4727, 2968, 1534, 2132, 2260, 2213, 2995, 1672, 2570, 6267, 4405, 9008, 8293, 3154, 2273, 2184, 2004, 1508, 2694, 2845, 5221, 1920, 1829, 2437, 3011, 2979, 3291, 2121, 3998, 3805, 3682, 2098, 6366, 5190, 7806, 8148, 3337, 4752, 3859, 3022, 1373, 1770, 2260, 2800, 2968, 3315, 2094, 3163, 4535, 7245, 4169, 11064, 1781, 2056, 6014, 2527, 3044, 2717, 2517, 2666, 10433, 8865, 4246, 2803, 2691, 3605, 3736, 941, 2869, 4064, 5529, 4334, 2650, 2262, 3978, 3530, 2517, 7642, 4787, 4243, 6497, 3513, 6897, 2951, 4736, 4568, 7288, 5437, 1977, 15535, 3289, 2289, 4331, 5373, 9772, 2791, 3308, 2649, 6099, 2477, 3006, 3633, 11075, 5178, 2120, 4355, 1887, 1206, 7178, 3779, 3222, 3430, 2683, 3981, 4166, 6422, 1861, 3059, 3269, 2933, 7474, 3377, 4429, 4361, 2754, 1590, 2898, 2077, 5373, 9814, 5299, 3834, 3979, 5003, 3317, 2539, 3214, 3305, 2901, 4642, 2602, 9746, 3492, 1933, 2920, 1744, 2095, 5877, 7035, 2590, 3698, 2845, 1532, 2742, 1710, 2864, 5060, 4094, 2072, 5824, 10618, 5773, 2660, 1665, 2515, 5310, 9021, 2637, 3725, 7129, 2455, 3765, 2728, 6173, 5234, 3637, 5317, 4667, 2995, 6703, 7556, 5584, 4272, 1459, 3192, 6181, 6683, 1857, 4542, 5769, 2456, 4811, 4606, 6158, 1577, 1488, 3871, 2531, 1966, 4104, 2562, 1763, 5722, 3351, 3981, 3162, 4351, 5198, 2161, 1943, 2416, 3040, 7296, 3232, 1551, 1254, 2585, 1599, 2358, 3318, 5362, 5227)
(72, 358): Mean: 4103.024, median: 3597.5, std: 2254.524, percent: 4068.28, B: 124, W: 126, 
	(1774, 6577, 5715, 3598, 7021, 5165, 6063, 4290, 1959, 4149, 7155, 5219, 9776, 1946, 4975, 3238, 2821, 15214, 4302, 1564, 7272, 1915, 4236, 2592, 8810, 4325, 4789, 4136, 5212, 3842, 1661, 2171, 1948, 2373, 3369, 1768, 2684, 5419, 4530, 8095, 8702, 3093, 2125, 2085, 2204, 1381, 2561, 2296, 5675, 1707, 1809, 2438, 2646, 3597, 3181, 2392, 4216, 3671, 3918, 2286, 6224, 3641, 6592, 9953, 3523, 4507, 4150, 3148, 1262, 1732, 2010, 2408, 3336, 3157, 1938, 3486, 5027, 6340, 3889, 13626, 1882, 1863, 4143, 3042, 2813, 2615, 2553, 2524, 9527, 8650, 4419, 3126, 2995, 4283, 3123, 937, 2646, 4511, 5080, 4120, 2939, 2160, 4632, 3359, 2581, 7205, 5313, 4247, 6593, 3967, 7241, 2693, 5355, 5045, 5522, 6039, 1738, 12931, 3182, 2696, 4360, 5162, 11754, 2840, 3190, 2698, 6587, 2698, 3270, 4002, 7819, 4858, 1939, 4207, 2385, 1243, 7843, 4018, 3052, 3798, 2481, 4338, 4743, 6207, 1843, 2885, 3460, 3094, 7864, 3700, 4292, 5052, 2812, 1461, 3184, 2225, 5860, 7088, 4314, 4690, 3204, 5742, 3671, 2453, 3320, 3122, 3282, 4584, 2406, 8566, 3762, 1907, 2870, 1749, 2553, 4781, 6540, 2537, 3798, 2706, 1406, 2554, 1670, 3052, 5064, 5112, 2243, 5618, 8989, 9045, 2970, 1624, 2290, 5894, 8140, 3049, 3889, 7282, 2524, 3858, 2310, 5028, 4965, 5235, 6925, 3944, 2859, 6006, 7966, 4744, 4056, 1541, 2463, 6111, 6643, 1724, 4810, 5752, 2389, 4750, 4262, 6013, 1695, 1463, 3434, 2376, 2033, 4664, 2828, 1931, 5200, 3913, 4260, 2665, 4596, 5102, 2608, 1741, 2090, 3212, 8544, 3047, 1552, 1244, 2645, 1672, 2515, 3165, 4900, 5133)
(73, 360): Mean: 4219.144, median: 3564.5, std: 2409.69, percent: 4221.04, B: 96, W: 154, 
	(1775, 7349, 5963, 3215, 8379, 4612, 4335, 4634, 2074, 4164, 5439, 4882, 8370, 2098, 4602, 3076, 3728, 13199, 4817, 1772, 7081, 2212, 4528, 2756, 8964, 3418, 4810, 4549, 5318, 3817, 1756, 2465, 2223, 2331, 3232, 1760, 2625, 5382, 4528, 8429, 9193, 3101, 2320, 2134, 2046, 1390, 2613, 2865, 4269, 1836, 2075, 2590, 2670, 3690, 3537, 2338, 4574, 4242, 3841, 2279, 5362, 5070, 6439, 11361, 3662, 5324, 4398, 2625, 1239, 1950, 2225, 2574, 3191, 3125, 2118, 3235, 4244, 8261, 4134, 18189, 1830, 1782, 4921, 2979, 3243, 3023, 3035, 2631, 9394, 9667, 4470, 3113, 2996, 4466, 3225, 1019, 2903, 4934, 5808, 4398, 4033, 2291, 4441, 3251, 2623, 6248, 4637, 4459, 7131, 3942, 7773, 2664, 5493, 5414, 5556, 7492, 1951, 14275, 3396, 2878, 3545, 4916, 11167, 3108, 2924, 2553, 7413, 2407, 3413, 3731, 9884, 5384, 2041, 4849, 2170, 1337, 8327, 3781, 3038, 3787, 2194, 3549, 3907, 7628, 1895, 2800, 3755, 3018, 7770, 3489, 4522, 5254, 2449, 1827, 3380, 2058, 6572, 6470, 4511, 4753, 3078, 4938, 3580, 2566, 2862, 3131, 3297, 5375, 2365, 9108, 3944, 1915, 3114, 1799, 2586, 6042, 6149, 2894, 4275, 2927, 1838, 2869, 1960, 2933, 5939, 4905, 2307, 6346, 8697, 5507, 3182, 1818, 2461, 5381, 11880, 2291, 4269, 6585, 2735, 3960, 2675, 4782, 4348, 4223, 6492, 5060, 2470, 6904, 8423, 5278, 4057, 1642, 2487, 7971, 6784, 1730, 5084, 6645, 2390, 4833, 4966, 6399, 1608, 1518, 3546, 2597, 2180, 5859, 2769, 1810, 5412, 3714, 4163, 3154, 4397, 6966, 2162, 1846, 1864, 3097, 6625, 3152, 1517, 1252, 2897, 1768, 2433, 3086, 4787, 4799)
(74, 364): Mean: 4099.776, median: 3551.0, std: 2302.348, percent: 4024.68, B: 142, W: 107, 
	(1787, 5853, 4890, 3551, 7904, 4142, 5213, 4617, 2227, 3613, 6123, 5040, 7294, 1985, 5207, 3275, 3774, 14752, 5048, 1831, 6763, 2175, 5338, 2589, 8438, 3599, 5291, 5099, 4948, 3025, 1622, 2340, 2269, 2178, 2760, 1698, 2745, 6409, 3990, 9399, 8080, 3381, 2369, 2270, 1973, 1325, 2665, 2578, 5354, 1753, 1904, 2413, 2480, 3123, 2737, 2302, 4096, 3777, 3884, 2367, 5867, 5389, 7164, 11987, 3660, 4048, 3974, 3066, 1248, 1680, 2310, 2560, 3214, 3551, 2052, 2744, 4492, 6303, 3928, 13093, 1847, 2090, 4212, 2542, 3196, 2567, 2332, 2642, 7845, 9059, 3591, 2858, 2809, 3827, 2818, 1103, 2676, 4645, 4765, 4585, 2800, 2090, 4557, 3287, 2616, 7731, 5303, 4104, 5918, 4808, 5635, 2671, 5318, 4994, 5624, 8548, 2028, 14887, 3377, 2448, 4071, 4748, 11356, 3115, 3003, 2453, 6347, 2455, 3739, 3599, 8520, 5305, 1941, 4803, 2080, 1336, 7526, 3848, 2940, 2854, 2688, 3945, 4400, 6433, 1980, 3289, 4138, 2983, 7431, 3437, 4435, 4047, 2727, 1625, 3154, 2086, 5304, 6470, 4344, 4010, 3324, 5467, 3538, 2429, 3725, 3172, 2951, 5499, 2367, 9600, 3300, 2108, 2816, 1941, 2342, 4931, 6196, 2593, 4413, 2689, 1534, 2806, 1829, 3190, 5907, 4212, 2076, 6614, 11078, 6443, 2713, 1666, 2202, 6060, 9728, 2673, 3873, 7853, 2581, 3762, 2687, 5226, 4741, 4035, 6430, 4953, 2441, 6655, 8211, 5784, 3870, 1538, 2673, 6224, 6001, 1497, 5093, 5140, 2325, 5220, 4710, 6731, 1575, 1491, 3816, 2240, 1899, 4293, 2839, 1625, 5018, 3279, 4446, 2816, 4616, 5352, 2077, 2083, 2120, 2844, 8056, 3215, 1529, 1297, 2980, 1704, 2703, 2888, 5260, 4817)
(76, 374): Mean: 4178.0, median: 3518.0, std: 2605.632, percent: 4098.44, B: 128, W: 120, 
	(1813, 6363, 6136, 3238, 6727, 4744, 5232, 3845, 2010, 3796, 5807, 4368, 8235, 2117, 4932, 2796, 2922, 14342, 5919, 1762, 7608, 1929, 4456, 3251, 11509, 3530, 4737, 4685, 4991, 2737, 1679, 2115, 1986, 2186, 2934, 1598, 2793, 5634, 4201, 8528, 8016, 3214, 2079, 2193, 2427, 1305, 2575, 2704, 4915, 1672, 1986, 2708, 2506, 3034, 3426, 2185, 4895, 3846, 3645, 2033, 6261, 4259, 7450, 7833, 3351, 4512, 4434, 2993, 1243, 1848, 2260, 2525, 2841, 3255, 2052, 3003, 4131, 7159, 4596, 25020, 1957, 1961, 4978, 2497, 3333, 2672, 2594, 2845, 9728, 11153, 4011, 2751, 2971, 3885, 3359, 1026, 2647, 5250, 4863, 4855, 2573, 2184, 4687, 3164, 2285, 7410, 4689, 3876, 6547, 3901, 8395, 2740, 4825, 5141, 5308, 7469, 1650, 14946, 3360, 3166, 3781, 5114, 10532, 3099, 3171, 2398, 5940, 2623, 3334, 4560, 11328, 4798, 2119, 5298, 2026, 1266, 7505, 3706, 3269, 3678, 2473, 3617, 4597, 6349, 1923, 3113, 4436, 2823, 8179, 3688, 4055, 4218, 2927, 1471, 3506, 2537, 5651, 8390, 4145, 4609, 3584, 5871, 4215, 2556, 3347, 3266, 3025, 5264, 2623, 7511, 3729, 2324, 2624, 1731, 2287, 4890, 6073, 2760, 3557, 2827, 1433, 2489, 1821, 2916, 5473, 5158, 2000, 6118, 10319, 5754, 2885, 1814, 2611, 5180, 8490, 2661, 3920, 7185, 2697, 3691, 2265, 5064, 4157, 4619, 6629, 5169, 2622, 6483, 8001, 5896, 5021, 1526, 3068, 6285, 6384, 1738, 4304, 4913, 2551, 5281, 4453, 6527, 1552, 1481, 3888, 2240, 2066, 4684, 3065, 1774, 7076, 3152, 3506, 2692, 4572, 5658, 2191, 1971, 2101, 2757, 7217, 3567, 1407, 1242, 2493, 1716, 3081, 3086, 4904, 5241)
(78, 385): Mean: 4116.976, median: 3483.5, std: 2294.746, percent: 4097.16, B: 126, W: 124, 
	(1770, 6952, 5238, 3683, 7960, 4562, 4943, 4180, 2040, 4350, 5961, 5608, 9040, 2025, 5779, 3435, 3144, 14197, 5022, 1752, 7322, 1885, 3960, 3214, 7351, 3584, 5189, 5042, 4798, 3137, 1663, 2233, 2061, 2318, 2960, 1693, 2692, 6847, 4667, 9205, 8986, 2984, 2432, 1841, 2144, 1262, 2709, 3158, 5421, 1844, 1898, 2564, 2566, 3620, 2968, 2385, 4227, 3812, 3466, 2197, 5343, 4349, 7113, 10464, 3615, 3856, 4925, 2896, 1254, 2315, 2058, 2568, 3157, 3353, 2101, 4167, 4414, 6392, 4211, 13007, 1875, 1720, 4758, 3084, 2848, 2793, 2570, 2782, 8992, 10835, 4292, 2683, 2965, 4323, 3004, 987, 2600, 4081, 5078, 3933, 3452, 2142, 3378, 3204, 2412, 7665, 4459, 3759, 7240, 3841, 6962, 3219, 5529, 5159, 4781, 6815, 1677, 14866, 3369, 2701, 4435, 5363, 11999, 2925, 3425, 2914, 5829, 2386, 2803, 3678, 9078, 4201, 1904, 4689, 2069, 1239, 8654, 4061, 3080, 3525, 2598, 3934, 4045, 6282, 2020, 3154, 3188, 3162, 7980, 3929, 3967, 4515, 2801, 1691, 3395, 2162, 4760, 6248, 4164, 4158, 3965, 5168, 3304, 2398, 3339, 3316, 3214, 5281, 2608, 8037, 3424, 2091, 2737, 1959, 2602, 6279, 7133, 2486, 4116, 2833, 1434, 2807, 2009, 2894, 4973, 4429, 2132, 5641, 10771, 6457, 3129, 1729, 2358, 4898, 9121, 2856, 3551, 6907, 2535, 3894, 2455, 4411, 4390, 4262, 6510, 4497, 2956, 5987, 7855, 5974, 4201, 1519, 2515, 6074, 6066, 1765, 5171, 6219, 2237, 5589, 4212, 6194, 1668, 1440, 3711, 2494, 1933, 4262, 2684, 1866, 4709, 3501, 4187, 2832, 4295, 6046, 2204, 1870, 1989, 3049, 7827, 3228, 1468, 1319, 2501, 1613, 2634, 3197, 5678, 6418)
(83, 414): Mean: 4151.648, median: 3513.5, std: 2565.818, percent: 4075.88, B: 126, W: 123, 
	(2027, 7027, 5478, 3502, 8007, 4667, 4718, 4411, 1930, 3928, 6096, 5134, 6766, 2089, 4957, 3138, 3136, 13150, 5800, 1738, 6967, 2190, 4187, 2901, 8662, 3299, 5253, 4447, 5482, 3387, 1852, 2206, 2189, 2208, 3125, 1626, 2671, 5955, 3954, 9883, 7229, 3124, 2296, 2031, 2140, 1247, 2640, 2768, 4817, 1795, 1983, 2555, 2709, 3529, 3023, 2466, 5159, 3481, 3473, 2178, 6097, 4868, 6130, 11167, 3711, 3994, 4747, 3126, 1139, 1939, 2132, 2424, 3006, 3323, 2044, 3520, 4585, 6556, 3880, 25046, 1873, 1802, 4388, 2475, 2630, 2978, 2491, 2781, 8650, 9171, 4350, 2695, 3374, 3962, 3722, 999, 2977, 4936, 5059, 4354, 2956, 2528, 4266, 2813, 2710, 7360, 5164, 3971, 6894, 4366, 6716, 2880, 6128, 4486, 5987, 6559, 1881, 13854, 3195, 3226, 4305, 4230, 14378, 2935, 3264, 2980, 6706, 2311, 3143, 3467, 10210, 4682, 2089, 4505, 2513, 1251, 7347, 3926, 3102, 3534, 2339, 3546, 4567, 7493, 1873, 3163, 4082, 3163, 7637, 3629, 3978, 4543, 2890, 1653, 3291, 2211, 5779, 5608, 4439, 3550, 3711, 5102, 3597, 2983, 3235, 3205, 3507, 5685, 2323, 7722, 3240, 2163, 3253, 1996, 3014, 4625, 5805, 2369, 3941, 2686, 1506, 2872, 1840, 2824, 5353, 4207, 2174, 5317, 11954, 5626, 3320, 1705, 2610, 4982, 9243, 2462, 3943, 7193, 2576, 4262, 2448, 4530, 4320, 3782, 5821, 4595, 2790, 6646, 7558, 4813, 4319, 1490, 2895, 6550, 6701, 1835, 4722, 4802, 2528, 5022, 3922, 6488, 1469, 1323, 3979, 2548, 2173, 4624, 2684, 1761, 5972, 3227, 3600, 2573, 4444, 5949, 2203, 1607, 2092, 3651, 7640, 3364, 1458, 1315, 2287, 1650, 2903, 2959, 6264, 5346)
(84, 415): Mean: 4097.228, median: 3446.5, std: 2265.076, percent: 4073.38, B: 133, W: 117, 
	(1835, 7526, 5525, 3073, 6657, 4977, 4809, 3760, 1855, 3467, 6461, 5156, 7742, 2122, 7600, 3696, 2836, 12712, 5272, 1787, 8077, 1874, 4401, 2721, 10439, 3558, 4669, 4798, 4982, 3196, 1715, 2212, 1899, 2329, 2729, 1492, 2593, 6612, 3887, 9931, 8906, 3064, 2253, 2101, 2075, 1313, 2558, 2577, 5285, 1822, 1944, 2457, 3113, 3356, 3592, 2113, 4347, 3591, 3350, 2092, 5847, 4835, 8025, 8445, 3517, 4458, 3920, 3343, 1355, 1933, 2075, 2726, 3678, 3161, 1846, 2959, 4714, 6201, 3867, 8299, 1905, 1719, 5298, 2894, 3174, 3143, 2334, 2815, 9581, 10144, 3740, 3208, 3078, 4367, 3198, 991, 2995, 4272, 3923, 5034, 2546, 2405, 4043, 3326, 2795, 7855, 5432, 3359, 6768, 4372, 6635, 3178, 4418, 5293, 4979, 7381, 1814, 13473, 3066, 2697, 4656, 4851, 14925, 2756, 4024, 2702, 7497, 2346, 2716, 3469, 9151, 4351, 2092, 5157, 2025, 1133, 7925, 4250, 2822, 3260, 2611, 3894, 4214, 4310, 1827, 3088, 3955, 3283, 7066, 3405, 4781, 4204, 3104, 1597, 3365, 2087, 5914, 7477, 5101, 3478, 3349, 6596, 3232, 2959, 3507, 3539, 3246, 5239, 2535, 9306, 3426, 2127, 3071, 1739, 2491, 6386, 7105, 2659, 3691, 2757, 1552, 2704, 1706, 3072, 5252, 4962, 2146, 5250, 9492, 6645, 2946, 1644, 2274, 4928, 9879, 2522, 3963, 7877, 2525, 3785, 2350, 4625, 4683, 4138, 5800, 4658, 3182, 6037, 6536, 5380, 3619, 1596, 2383, 5365, 6470, 1634, 5309, 4712, 2491, 6148, 3716, 4904, 1656, 1549, 3229, 2497, 1973, 4339, 2568, 1857, 5529, 3472, 4226, 2784, 5117, 5329, 2271, 1921, 1777, 3243, 7796, 3107, 1703, 1204, 2350, 1739, 2381, 3004, 5632, 5622)
(87, 432): Mean: 4084.584, median: 3444.0, std: 2231.103, percent: 4262.74, B: 142, W: 108, 
	(1931, 7213, 6924, 3397, 6693, 4470, 4968, 4664, 1945, 3755, 6535, 4341, 7092, 1875, 4465, 3301, 2786, 12929, 4707, 1863, 7485, 2278, 4184, 2697, 7510, 3331, 4756, 4848, 4698, 3139, 1721, 2404, 2103, 2269, 2938, 1652, 2423, 6540, 3985, 8063, 9893, 3091, 2591, 2195, 1888, 1355, 2311, 2566, 5407, 1741, 1899, 2583, 2093, 3347, 3176, 2079, 4178, 4503, 3539, 1927, 6429, 4938, 7686, 8630, 3441, 4366, 4677, 3304, 1208, 1779, 2010, 2403, 3523, 3246, 2041, 3631, 4809, 6066, 4610, 10578, 1954, 2079, 5199, 2246, 2598, 2853, 2889, 2622, 10514, 9693, 4340, 2794, 2947, 4081, 2701, 1034, 2959, 3532, 5083, 4340, 3035, 2412, 4975, 3799, 2243, 7183, 4944, 4001, 7443, 4028, 7019, 2704, 5279, 4703, 6524, 6898, 1712, 14973, 3208, 2483, 4532, 4712, 9999, 3373, 3384, 2607, 6933, 2417, 3284, 3762, 9648, 5991, 1877, 4902, 1944, 1367, 8187, 4168, 2704, 3212, 2218, 4309, 3931, 6473, 1992, 3447, 3639, 2834, 8114, 3146, 4559, 4499, 2845, 1670, 3233, 2096, 5690, 6969, 4917, 3897, 3597, 6264, 3856, 2244, 3312, 3101, 2883, 4916, 2479, 9304, 3690, 2096, 2835, 1699, 2247, 5845, 7086, 2489, 3840, 2755, 1579, 2694, 1845, 3218, 5080, 5106, 2217, 6749, 9712, 4917, 2805, 1567, 2334, 5927, 8890, 2609, 3528, 8231, 2420, 3723, 2440, 4782, 4358, 3692, 5712, 4651, 3042, 6520, 8532, 5494, 4195, 1404, 2910, 6435, 6478, 1651, 4927, 5813, 2654, 5580, 3375, 6790, 1562, 1399, 4259, 2328, 2103, 4010, 2886, 1818, 5114, 3205, 3852, 2670, 4542, 4704, 2026, 1858, 2308, 2983, 6247, 3049, 1429, 1188, 2305, 1582, 2743, 3279, 5311, 5142)
(91, 454): Mean: 4175.512, median: 3588.0, std: 2460.396, percent: 4115.9, B: 114, W: 136, 
	(1890, 6290, 5585, 3488, 9226, 4394, 5167, 4611, 1894, 3983, 6696, 5713, 7940, 1857, 5736, 2952, 3534, 13933, 4975, 1819, 6329, 1986, 3584, 3140, 9656, 3796, 4552, 4699, 4425, 3066, 1807, 2151, 2277, 2372, 2899, 1943, 2686, 5329, 5165, 8959, 10025, 2873, 2320, 2216, 2107, 1253, 2845, 2935, 4339, 1616, 1941, 2325, 2646, 3760, 3132, 2160, 5011, 4176, 3716, 2277, 6363, 4417, 7460, 10762, 3924, 4417, 4240, 3058, 1407, 1825, 2037, 2731, 3021, 3211, 2009, 3437, 4907, 6271, 4032, 18562, 1838, 1857, 4798, 2444, 2802, 2489, 2973, 2887, 10899, 10321, 4473, 3514, 2957, 4087, 3082, 1089, 3122, 4098, 4171, 4602, 2969, 2069, 4590, 3179, 3066, 8619, 4239, 3736, 5940, 4248, 6894, 3186, 4368, 5352, 6820, 7748, 1817, 15260, 3624, 3070, 3714, 4732, 12103, 3021, 3075, 2816, 6127, 2526, 3450, 3502, 8964, 5128, 1873, 5275, 2187, 1280, 6531, 3839, 3423, 3776, 2159, 3875, 4078, 6908, 2108, 3014, 3438, 2727, 7022, 3533, 4437, 5346, 2818, 1621, 3309, 2207, 6002, 6441, 4943, 3886, 4056, 5368, 3592, 2275, 3255, 2601, 3180, 6511, 2636, 8140, 3721, 2039, 2750, 1779, 2309, 5444, 5176, 2648, 3906, 2648, 1562, 2650, 1702, 3180, 5131, 5130, 2176, 5324, 10465, 6440, 2645, 1580, 2578, 4903, 7583, 2492, 4165, 7413, 2270, 5392, 2652, 4826, 3830, 3695, 6814, 5084, 2704, 5983, 11820, 5205, 4032, 1464, 2829, 6278, 7162, 1871, 4444, 6072, 2719, 5027, 4304, 6680, 1716, 1428, 3035, 2487, 2151, 4673, 2660, 1738, 5047, 3841, 4188, 2926, 4412, 5492, 2136, 1869, 2209, 3021, 6988, 3908, 1598, 1279, 2413, 1674, 2834, 3053, 5217, 4796)
(92, 458): Mean: 4093.808, median: 3516.5, std: 2268.063, percent: 4087.36, B: 135, W: 115, 
	(2188, 6479, 5895, 3475, 7076, 4830, 4941, 4077, 1840, 4306, 5667, 5998, 7009, 1942, 4908, 3189, 2966, 13830, 5424, 1990, 6338, 1973, 3895, 2736, 9446, 3110, 4710, 4328, 4992, 3077, 1670, 2260, 2096, 2396, 3117, 1597, 2581, 5845, 4333, 8061, 10228, 3065, 2200, 2195, 2030, 1343, 2603, 2711, 4632, 1749, 2028, 2551, 2205, 3282, 3129, 2117, 4687, 3833, 3852, 2164, 6547, 4377, 9604, 7572, 3558, 5124, 3811, 3240, 1181, 1856, 2494, 2658, 3177, 3383, 1914, 3406, 4645, 6435, 3698, 12173, 2108, 1730, 4319, 2850, 2772, 2502, 2318, 2706, 10785, 9696, 3898, 3037, 2682, 4350, 3191, 1041, 2773, 3979, 4695, 4598, 2932, 2129, 3560, 3079, 2381, 8430, 5421, 4091, 6569, 3894, 6229, 2896, 4859, 4905, 4839, 8569, 2045, 13177, 3291, 2676, 4107, 5211, 13964, 3208, 3056, 3201, 6355, 2654, 3410, 3892, 7664, 4495, 2186, 5025, 2109, 1326, 7769, 4573, 2810, 3569, 2130, 3731, 4058, 7444, 1783, 3004, 4122, 2396, 7963, 3635, 4591, 4804, 2880, 1809, 3362, 2060, 6465, 6315, 5258, 4219, 3574, 5279, 3808, 2945, 3464, 3221, 3296, 4751, 2408, 9997, 3571, 2221, 2837, 1874, 2411, 5134, 5587, 2549, 4066, 2700, 1656, 2493, 1806, 3441, 4961, 3845, 1983, 6026, 9884, 5712, 2882, 1690, 2183, 5411, 8662, 2426, 4012, 6996, 2562, 3931, 2479, 5985, 5139, 3830, 6144, 4744, 2636, 7656, 6278, 5763, 3685, 1503, 3205, 6180, 7125, 1727, 4903, 5244, 2435, 4485, 3446, 7268, 1434, 1529, 3967, 2250, 1948, 4430, 2733, 1728, 4885, 3696, 3872, 2550, 4306, 4622, 2314, 1877, 2434, 2951, 6217, 3460, 1471, 1221, 2544, 1854, 2931, 3188, 6351, 5911)
(96, 481): Mean: 4132.456, median: 3504.5, std: 2345.192, percent: 4031.6, B: 130, W: 120, 
	(1917, 5960, 5829, 3478, 8322, 4015, 4721, 3700, 1888, 3464, 5339, 5714, 7817, 2058, 5375, 3220, 3023, 11687, 5228, 2050, 7749, 2454, 4343, 3093, 9824, 4063, 5405, 5279, 4548, 2847, 1819, 2397, 2040, 2701, 2798, 1618, 2574, 6851, 4228, 10286, 12540, 3464, 2238, 2092, 2057, 1301, 2463, 2692, 5648, 1702, 2036, 2456, 2726, 3368, 3337, 2203, 4185, 4334, 3541, 2156, 6417, 4485, 7313, 9618, 3271, 3861, 4332, 3212, 1200, 1699, 1959, 2838, 2994, 3025, 1950, 3241, 5303, 6243, 3948, 10936, 1928, 2064, 5481, 2669, 3416, 2719, 2537, 2844, 8892, 9635, 3755, 2994, 3151, 4142, 3357, 1033, 3002, 4390, 4303, 4559, 2595, 2323, 4091, 3644, 2727, 6922, 4330, 3890, 5927, 3978, 5711, 2784, 5112, 4523, 5668, 6755, 1725, 14282, 3562, 2983, 4307, 5395, 11175, 3112, 3280, 2409, 6527, 2453, 3331, 3867, 14934, 6171, 2017, 4935, 2085, 1365, 7728, 4892, 2914, 3078, 2191, 3805, 4163, 6730, 1851, 3353, 3284, 3028, 7391, 3531, 5034, 4789, 2789, 1697, 2851, 2121, 5929, 6485, 5303, 4334, 4008, 5842, 3724, 2297, 3060, 3615, 3172, 5151, 2602, 8458, 3545, 2114, 2642, 1649, 2654, 5165, 6544, 2268, 3319, 2840, 1568, 2474, 1678, 3122, 5329, 4969, 1918, 5580, 10970, 5710, 2837, 1786, 2169, 5463, 9239, 2531, 3793, 7411, 2363, 3548, 2629, 4452, 4047, 3568, 5804, 4671, 2596, 6380, 7577, 4985, 3655, 1459, 2962, 6201, 6955, 1621, 4298, 6037, 2107, 5484, 4115, 7570, 1341, 1361, 3687, 2267, 1883, 3827, 2696, 1823, 5427, 4126, 4186, 2966, 4739, 6789, 2081, 2326, 2065, 3206, 8308, 2962, 1577, 1282, 2272, 1607, 2585, 2919, 4887, 6476)
(98, 491): Mean: 4240.996, median: 3650.0, std: 2431.725, percent: 4147.92, B: 103, W: 144, 
	(1938, 7224, 6666, 3730, 8777, 4087, 6144, 3904, 2104, 3715, 6084, 5345, 7721, 1967, 5375, 3135, 3402, 17584, 5821, 1726, 6807, 2052, 4549, 2815, 10254, 4523, 5336, 4357, 5483, 3223, 1892, 2524, 2247, 2193, 2944, 1595, 2666, 6440, 4706, 7346, 8853, 3073, 2156, 2110, 2400, 1289, 2922, 3153, 5022, 1924, 2103, 2909, 2616, 3286, 3607, 2327, 3830, 4262, 3953, 2504, 7018, 5761, 6878, 9273, 3653, 4687, 5048, 3071, 1287, 1880, 2239, 2452, 3731, 3546, 1961, 3485, 4706, 6342, 3928, 15910, 1924, 1850, 4470, 3048, 2711, 2501, 2684, 2660, 10720, 11137, 3732, 2967, 2997, 3786, 3187, 1031, 3065, 4294, 4879, 4142, 3005, 2323, 4342, 3512, 2409, 6034, 4066, 4841, 6739, 4312, 6657, 2991, 5129, 6019, 5215, 6815, 1799, 11991, 3287, 2439, 3826, 4822, 13150, 3223, 2893, 3113, 6689, 2169, 3255, 3072, 10257, 6059, 2026, 4583, 2196, 1318, 7684, 4257, 3452, 3963, 2064, 3568, 4619, 7210, 1979, 3072, 3672, 3190, 8887, 3504, 4427, 5034, 3010, 1648, 3365, 1969, 6252, 6142, 4706, 4582, 4049, 5135, 3602, 2612, 3647, 3297, 3575, 5952, 2278, 6140, 3888, 1901, 3415, 2006, 2267, 5286, 5467, 3092, 3965, 3086, 1606, 2898, 2052, 2888, 5728, 4921, 2497, 6039, 11610, 6974, 2772, 1738, 2410, 6316, 8857, 2408, 4017, 7914, 3006, 4726, 2486, 4874, 4624, 4006, 7265, 4652, 2951, 7031, 8328, 4985, 4027, 1516, 3079, 6037, 5258, 1820, 5230, 6041, 2343, 5671, 4344, 6021, 1460, 1460, 4282, 2597, 2065, 4991, 3027, 1984, 6596, 4139, 4165, 2872, 4616, 4925, 2215, 1898, 2153, 3044, 9519, 3133, 1488, 1245, 2617, 1524, 2476, 2698, 5039, 5222)
(99, 493): Mean: 4153.472, median: 3491.0, std: 2340.706, percent: 4056.18, B: 140, W: 110, 
	(1819, 6782, 5282, 3293, 8925, 5332, 4748, 4065, 2110, 4278, 6373, 5484, 8344, 1882, 4479, 3114, 2888, 15575, 5187, 1983, 7762, 2176, 4939, 3115, 8776, 3705, 6131, 5060, 4658, 3012, 1563, 2218, 2265, 2433, 2991, 1560, 2750, 7248, 4142, 8468, 9929, 3016, 2171, 2152, 1935, 1266, 2696, 2627, 5046, 2005, 2008, 2767, 2653, 3414, 3528, 2253, 4154, 4118, 3499, 1900, 6427, 5185, 6844, 9429, 3854, 4895, 4578, 2767, 1346, 1909, 2318, 2371, 3492, 3265, 2026, 3198, 4868, 7085, 3690, 12556, 1755, 1873, 4426, 2491, 3204, 2495, 2494, 2825, 9004, 11729, 3718, 2875, 3234, 3742, 2960, 961, 3245, 5157, 4396, 4595, 2669, 1953, 3946, 3355, 2560, 6585, 4937, 4435, 6778, 3870, 5436, 3020, 6640, 5959, 5994, 6199, 1721, 14083, 2919, 2613, 3788, 5288, 12286, 2915, 3383, 2811, 6665, 2649, 3466, 3418, 10954, 4596, 1908, 4588, 2575, 1271, 6827, 4626, 3042, 3545, 2388, 4286, 4243, 7630, 1909, 3094, 3576, 2956, 5926, 3811, 4709, 5652, 2431, 1541, 3187, 2021, 5417, 5726, 4973, 4024, 3569, 5348, 3440, 2448, 3490, 3231, 3528, 5806, 2555, 9350, 3677, 2216, 2888, 1785, 2377, 5424, 5562, 2302, 4311, 2869, 1457, 2856, 1668, 3003, 5547, 4674, 2111, 6773, 10473, 5182, 2778, 1651, 2476, 5732, 8201, 2622, 3413, 7695, 2310, 3487, 2361, 4882, 4700, 4045, 6525, 4706, 3169, 5880, 7954, 5292, 4762, 1713, 2448, 6117, 6779, 1538, 4658, 5378, 2822, 5123, 4140, 6950, 1492, 1457, 3732, 2516, 1992, 4456, 3024, 1919, 5577, 3232, 4533, 3001, 4103, 5888, 2115, 1664, 1895, 3452, 7476, 3127, 1510, 1347, 2567, 1758, 2522, 2758, 5902, 6019)

Test:
No precond: Mean: 6003.8, median: 5384.0, std: 2882.442, percent: 5985.86, flag: 1 
	(7980, 5140, 6275, 4746, 9468, 5973, 6768, 4037, 5975, 8547, 9614, 2438, 6474, 4785, 3939, 4518, 4243, 3438, 3754, 3204, 3004, 5910, 6423, 8779, 8628, 3570, 5863, 2860, 9734, 15100, 7719, 5120, 3156, 5567, 4558, 7070, 4320, 3572, 6121, 8406, 10470, 5322, 4642, 5737, 5350, 4953, 3030, 8660, 6578, 6175, 6053, 8825, 2494, 10169, 5923, 4262, 13477, 8834, 12750, 6202, 5106, 6382, 2864, 7901, 5284, 5148, 5951, 8514, 7969, 3897, 3483, 8796, 6882, 13734, 4402, 14796, 8722, 7589, 4959, 6592, 5360, 4429, 12071, 7050, 14160, 7525, 7561, 2871, 8990, 5952, 3461, 4075, 6597, 7990, 11040, 4346, 8063, 4399, 5427, 6842, 6346, 4230, 3601, 2655, 5801, 5701, 6239, 4449, 5984, 12675, 8152, 7711, 3329, 6837, 3698, 8192, 3492, 3933, 6372, 2039, 5725, 4252, 2894, 7101, 5438, 18311, 6240, 2641, 5712, 14862, 3980, 2879, 3006, 2943, 3357, 4196, 9689, 9715, 4612, 7053, 8539, 5005, 5408, 2717, 8503, 6877, 5591, 4342, 4325, 3397, 3108, 6250, 2049, 4930, 7004, 3151, 5178, 5436, 5734, 6142, 9631, 5356, 4305, 1884, 4913, 3965, 1360, 9000, 5074, 6638, 4106, 6358, 7593, 5312, 4316, 4183, 14734, 3807, 6053, 2805, 3737, 3893, 8466, 4886, 5294, 5135, 3352, 10177, 4542, 3086, 2539, 3467, 1333, 4862, 3588, 5155, 2802, 7258, 3820, 5829, 4764, 7356, 7307, 3632, 6253, 3585, 5451, 5537, 15437, 3386, 5490, 11716, 5204, 5147, 8304, 10164, 1947, 8309, 3569, 12353, 7442, 5023, 5626, 4565, 2871, 5425, 3553, 2559, 5604, 9228, 6936, 4762, 3364, 4849, 3358, 5121, 2774, 10914, 11924, 6956, 3546, 5077, 9031, 3235, 3966, 5213, 3052, 4251, 11705, 5885)

Jacobi: Mean: 5107.156, median: 4637.0, std: 2697.753, percent: 4951.46, BvN: 225, WvN: 25, flag: 2 
	(7026, 4191, 4675, 5470, 9214, 4576, 5764, 2828, 4854, 5888, 7276, 1819, 5357, 4016, 3073, 3476, 4519, 3413, 3580, 2585, 2395, 5591, 6543, 8452, 6503, 2673, 6094, 2659, 7122, 15042, 7534, 4566, 2841, 6472, 3895, 5311, 3407, 2693, 3903, 8014, 8108, 4600, 4463, 4588, 5435, 3541, 16883, 8249, 5273, 5178, 5491, 8608, 1739, 6887, 4931, 2961, 10430, 8595, 6838, 5898, 4211, 5338, 2285, 7886, 5270, 4437, 6246, 8790, 4743, 4369, 2345, 7507, 4565, 9512, 3896, 8273, 7542, 7886, 4325, 6392, 4723, 3591, 8730, 4919, 10059, 6237, 5917, 2222, 6910, 5891, 2844, 3510, 4836, 7269, 14101, 4265, 4939, 3500, 4643, 5133, 5098, 3400, 2710, 1969, 4491, 4653, 4800, 3830, 5457, 11283, 6108, 5711, 2732, 4552, 2691, 7883, 2688, 2932, 4678, 1656, 4419, 3371, 2465, 6114, 4705, 11037, 5925, 2409, 4740, 12336, 3057, 1929, 2038, 2505, 2474, 3483, 8410, 6259, 3615, 4913, 6604, 3849, 5598, 2204, 5539, 4743, 4986, 3936, 3034, 2686, 2378, 5918, 1509, 4088, 5799, 2525, 3727, 3883, 5704, 6644, 8060, 5015, 3898, 1632, 4845, 3495, 1123, 6440, 4071, 6460, 2536, 4330, 4464, 4631, 3837, 3359, 14244, 3432, 4887, 2332, 3157, 3698, 6355, 3646, 4105, 4230, 2146, 8251, 3633, 2945, 2136, 2606, 799, 3825, 2345, 4740, 2630, 6834, 2949, 5826, 3569, 7388, 7174, 2960, 4686, 3131, 5009, 5463, 17933, 2643, 5411, 13373, 5718, 4038, 9045, 7552, 1493, 7205, 3100, 13681, 5956, 4380, 4930, 4549, 2289, 4101, 2875, 1923, 5618, 6175, 7067, 4484, 2609, 5762, 2848, 5247, 2146, 8767, 12110, 4160, 3029, 4431, 6493, 2546, 2909, 4747, 2394, 3412, 8498, 4872)

Last: Mean: 4042.512, median: 3745.5, std: 1943.906, percent: 4054.5, BvN: 248, WvN: 2, BvJ: 234, WvJ: 16, flag: 0 
	(5189, 4219, 3741, 3830, 8256, 3289, 5681, 2288, 4681, 4908, 5658, 1526, 4508, 3095, 2469, 3035, 3383, 2567, 2866, 2289, 2064, 4599, 4356, 5831, 4789, 2205, 5094, 2117, 9017, 8678, 6062, 3836, 2080, 4031, 3224, 4752, 2457, 2251, 3371, 5824, 7735, 4339, 3389, 3915, 3514, 3288, 8856, 6722, 3943, 3801, 4566, 5996, 1483, 6571, 3723, 2544, 8072, 7359, 7422, 5113, 3508, 3686, 1837, 6135, 3003, 4491, 5141, 6646, 4280, 2994, 2057, 5760, 4350, 10504, 3464, 6517, 5992, 5925, 3131, 5490, 4883, 3167, 10029, 4162, 6940, 4447, 4856, 1688, 6219, 6021, 2480, 2926, 3576, 5874, 7857, 2729, 4621, 2656, 3245, 6563, 5684, 2617, 2301, 1772, 4060, 4054, 4273, 3043, 3156, 8771, 4692, 4199, 2096, 5160, 2562, 5268, 2106, 2807, 3482, 1177, 3308, 2744, 1834, 4847, 3840, 8291, 4045, 1834, 3805, 7715, 2397, 1787, 1704, 1941, 1708, 3343, 5514, 4705, 2623, 4273, 4032, 3186, 4441, 1913, 6083, 3627, 4139, 2654, 2435, 2263, 1727, 3867, 1112, 2819, 6324, 2214, 3244, 3955, 4183, 4814, 6576, 4234, 3480, 1249, 3824, 3035, 835, 5079, 3000, 5283, 2119, 3752, 4458, 3793, 3770, 2801, 12633, 2846, 3780, 1637, 2721, 2741, 4688, 2716, 3346, 3967, 1956, 5678, 2851, 1977, 1794, 2259, 669, 2865, 2149, 3616, 2186, 4726, 2513, 4262, 2862, 6110, 5014, 1921, 3425, 2880, 3659, 3750, 8486, 2057, 4570, 8413, 3826, 3669, 6342, 5891, 1165, 6406, 2388, 6679, 3984, 3403, 3773, 3386, 1825, 3127, 2738, 1657, 3413, 4353, 5031, 3729, 2148, 3764, 2335, 3781, 1581, 6821, 10583, 4472, 2946, 3481, 5807, 2254, 2936, 3967, 1865, 2855, 6857, 3492)

Best: Mean: 3959.716, median: 3705.0, std: 1836.175, percent: 3868.72, BvN: 250, WvN: 0, BvJ: 243, WvJ: 7, flag: 0 
	(5121, 3385, 3889, 3512, 9017, 3282, 4477, 2394, 4195, 5159, 5923, 1387, 3755, 3081, 3037, 2766, 3709, 2690, 2495, 2364, 1959, 4772, 4245, 6694, 4299, 2193, 5045, 2275, 6007, 8135, 5347, 4404, 2033, 4159, 2938, 4008, 2402, 2362, 3229, 4848, 6364, 3356, 3222, 3795, 3398, 3412, 2587, 5951, 4260, 3787, 4956, 8473, 1297, 6516, 4022, 2719, 8542, 7082, 6475, 4820, 3731, 3808, 1870, 6332, 3544, 3982, 4773, 5967, 4272, 2601, 2171, 5655, 3920, 8984, 4009, 6425, 5974, 4945, 3272, 6163, 4198, 2851, 7961, 3653, 9545, 4221, 5307, 1868, 6254, 4554, 2920, 2805, 3262, 5052, 6876, 2655, 4421, 3025, 3207, 4866, 5249, 2651, 2326, 1912, 4243, 3570, 4221, 3348, 3133, 8642, 4304, 4149, 2138, 4810, 2539, 5155, 2307, 2621, 3408, 1283, 3136, 2543, 1919, 3951, 3907, 8035, 4206, 1847, 3484, 7475, 2747, 1709, 1777, 2099, 1863, 2714, 5396, 5138, 2774, 4323, 5155, 3575, 4086, 1808, 5616, 4055, 3316, 2730, 2683, 2213, 1835, 3963, 1106, 2991, 6295, 2125, 3177, 3479, 5261, 5042, 7248, 3701, 3127, 1273, 3092, 2572, 968, 5488, 2874, 5169, 2381, 4081, 4269, 4158, 2834, 3060, 10287, 2941, 4035, 1744, 2422, 2785, 5188, 2862, 3287, 4229, 1966, 5965, 2790, 1968, 1825, 2032, 759, 3094, 2170, 3859, 1757, 5346, 2516, 4032, 3323, 5451, 4518, 1940, 4013, 2619, 4164, 3788, 7781, 2185, 4199, 10087, 3454, 3155, 7504, 6426, 1207, 5702, 2473, 7769, 4729, 3208, 4829, 4461, 1937, 3677, 2662, 1589, 4431, 4876, 4572, 3732, 2086, 4762, 2232, 3725, 1671, 5010, 10411, 4566, 2411, 3094, 5797, 2234, 2822, 3315, 1888, 2702, 6995, 4105)

Last Coef List
{1: array([-0.12544417]), -1: array([0.07876108])}

Best Coef List
{1: array([-0.10100736]), -1: array([0.03160134])}

Run time: 24256.236687955447
