

15/02/2026, 04:34:00
Config file: ./config/config_sign_0.ini
Data:
	1d_laplace_size: 45
	amount: 250
	params: 1 0.3
	seed: 0
	dim: 2025
Solver:
	tol: 1e-10
	max_iteration: None
Learn:
	iteration_count: 100
	step_range: 0.1
	method: sign
	seed: 0
	scale: 1 0.5 0.25
Precondition:
	num_coef: 10

Train:
(0, 1): Mean: 2591.2, median: 2329.0, std: 1410.292, percent: 2501.12, B: 250, W: 0, 
	(3216, 1561, 2097, 12965, 3539, 2525, 1376, 2481, 1256, 2814, 1743, 1904, 1529, 2306, 3465, 1645, 3252, 4612, 2724, 3527, 2000, 1269, 2610, 1485, 2047, 1859, 1246, 3125, 2054, 2283, 3541, 2887, 3894, 1347, 1279, 2256, 1556, 2242, 2381, 2355, 1289, 2931, 1647, 2251, 1914, 3900, 1989, 1331, 6312, 2741, 1178, 2409, 1593, 496, 1779, 5438, 896, 923, 5241, 3295, 2739, 4575, 3009, 2157, 3080, 4833, 2226, 1484, 750, 2799, 1856, 4900, 3134, 2405, 2318, 2446, 1628, 1161, 1863, 1614, 1475, 1365, 3205, 1496, 1695, 1783, 1465, 927, 1716, 1731, 1604, 1005, 2613, 2724, 6266, 3319, 1291, 1332, 2339, 1288, 2499, 4330, 2060, 3324, 2723, 1936, 1171, 584, 2037, 3697, 3572, 1390, 3001, 1284, 1346, 2444, 2291, 2041, 1452, 2637, 4581, 2114, 2361, 1042, 3247, 1797, 2399, 1892, 1597, 2548, 1640, 3245, 2066, 5901, 2004, 2198, 5193, 2390, 2484, 2412, 3279, 7284, 3183, 1674, 3125, 2709, 4828, 2663, 4052, 3435, 1976, 3817, 2040, 1934, 2390, 939, 5645, 3175, 6368, 2107, 3657, 2599, 1928, 1987, 1075, 3664, 2447, 2116, 2440, 3087, 756, 2892, 948, 1046, 2210, 1720, 2609, 1841, 1494, 4337, 3482, 2233, 2442, 2460, 2673, 1186, 1045, 6866, 2337, 3719, 2460, 1761, 1228, 3891, 3006, 2395, 3900, 1606, 3523, 3846, 2321, 4806, 1760, 1976, 2503, 1276, 3264, 3372, 2189, 535, 2532, 3437, 2027, 1357, 1862, 622, 3058, 2793, 1541, 3658, 1945, 4435, 4119, 1642, 3336, 2532, 6331, 1822, 3205, 2911, 1852, 6228, 2946, 1909, 5979, 1972, 2101, 1650, 2479, 1584, 1315, 2232, 2939, 1603, 5381, 2648, 3405, 3430, 1993, 3100)
(1, 2): Mean: 2536.032, median: 2277.0, std: 1316.949, percent: 2453.58, B: 134, W: 115, 
	(3019, 1593, 1889, 11576, 2736, 2575, 1309, 2589, 1187, 3006, 1868, 2074, 1501, 2618, 4375, 1596, 3500, 4430, 2762, 4306, 1639, 1131, 2380, 1394, 2137, 1996, 1329, 2667, 2373, 2436, 3820, 2768, 3990, 1350, 1440, 2432, 1711, 2472, 2700, 2379, 1250, 3496, 1815, 2137, 1559, 3430, 1620, 1381, 5593, 2596, 1259, 2311, 1403, 345, 1896, 5939, 849, 910, 4650, 2935, 2611, 3632, 3498, 2157, 2907, 5191, 2179, 1378, 700, 2578, 1636, 3806, 2544, 2428, 2005, 2276, 1709, 1156, 1906, 1513, 1764, 1258, 2938, 1409, 1699, 1902, 1387, 1038, 1731, 1672, 1490, 893, 2527, 2509, 5834, 3076, 1261, 1355, 2626, 1149, 2497, 4693, 1669, 2827, 2699, 1935, 1206, 655, 2211, 3766, 3628, 1316, 2691, 1415, 1217, 2187, 1991, 2055, 1450, 2788, 4720, 2263, 2386, 901, 2581, 1946, 2801, 2222, 1551, 2276, 1620, 2719, 2399, 5970, 2077, 2061, 3846, 2344, 2706, 2470, 3000, 7247, 2817, 1899, 3230, 2716, 4464, 2588, 3804, 3270, 1921, 3741, 1831, 2154, 2148, 896, 4626, 2902, 5868, 2047, 3387, 2714, 2158, 1990, 1111, 3434, 2651, 2274, 2334, 3302, 832, 3104, 967, 1023, 2337, 1768, 2402, 1826, 1604, 3604, 3548, 1925, 2278, 1942, 2762, 1312, 1236, 6897, 2193, 3278, 2138, 1764, 1136, 3375, 2880, 2337, 4439, 1733, 4060, 3051, 2032, 4865, 1668, 1982, 2123, 1408, 3555, 4063, 2206, 531, 2257, 3438, 2343, 1634, 1749, 705, 3341, 2529, 1825, 3342, 2422, 4253, 3749, 1693, 3219, 2894, 5697, 1832, 3408, 3043, 1896, 5493, 3254, 2158, 6011, 2030, 2000, 1642, 2095, 1524, 1253, 2412, 2810, 1438, 5316, 2858, 3000, 3274, 2080, 2873)
(5, 26): Mean: 2570.416, median: 2304.0, std: 1365.232, percent: 2486.82, B: 126, W: 123, 
	(2786, 1651, 1919, 10423, 3686, 2425, 1285, 2197, 1142, 2856, 1936, 2166, 1359, 2666, 3144, 1547, 4707, 4467, 2739, 4158, 1906, 1307, 2579, 1495, 2122, 1990, 1343, 2983, 2216, 2062, 3753, 3049, 3912, 1262, 1237, 2600, 1616, 2413, 2459, 2399, 1217, 2847, 1723, 2249, 1778, 3604, 1696, 1280, 7530, 2553, 1116, 2640, 1556, 479, 1896, 5367, 865, 1126, 4355, 2984, 3091, 3985, 3404, 2376, 3033, 6066, 2099, 1491, 765, 2636, 1694, 4548, 2605, 2392, 1971, 2389, 1877, 1298, 1853, 1456, 1684, 1383, 2841, 1391, 1692, 1749, 1447, 869, 1752, 1727, 1720, 994, 2759, 2374, 6615, 3046, 1329, 1480, 2536, 1184, 2739, 4604, 1879, 3276, 2681, 1979, 1300, 642, 2298, 3456, 3524, 1312, 2638, 1315, 1389, 2576, 2035, 2096, 1359, 2614, 5154, 2150, 2912, 781, 2561, 2251, 2350, 2002, 1512, 2605, 1622, 2657, 1905, 6111, 1988, 1966, 5308, 2143, 2528, 2564, 3020, 6737, 2984, 1979, 3249, 2937, 4926, 2589, 4052, 3930, 1869, 3609, 1626, 2007, 2159, 868, 4142, 2875, 6271, 1835, 4181, 2682, 2142, 2149, 1045, 3522, 2521, 2150, 2216, 3161, 919, 3255, 992, 1007, 2248, 1688, 2238, 1647, 1211, 3737, 3631, 1826, 2168, 2507, 2868, 1500, 1151, 7831, 2077, 3465, 2320, 1639, 1282, 3187, 2588, 2308, 4027, 1591, 3769, 3115, 2486, 5221, 1620, 1776, 2345, 1663, 2934, 3758, 2656, 465, 2502, 3319, 2300, 1488, 1659, 506, 4039, 2597, 1437, 3179, 2627, 4509, 3136, 1741, 3503, 2277, 6610, 2052, 2994, 2718, 1785, 6113, 3324, 2278, 5702, 1925, 2017, 1599, 2212, 1872, 1260, 2477, 3001, 1436, 4889, 2400, 2855, 3215, 2321, 3375)
(6, 30): Mean: 2558.984, median: 2294.5, std: 1455.645, percent: 2418.78, B: 130, W: 120, 
	(2817, 1564, 2090, 15112, 3279, 2487, 1386, 2417, 1311, 2870, 1861, 2134, 1472, 2716, 3704, 1440, 3654, 4469, 2385, 4546, 1852, 1205, 2495, 1866, 2127, 2072, 1275, 2574, 2018, 2422, 4339, 2978, 4235, 1440, 1274, 2190, 1535, 2498, 2759, 2583, 1189, 3206, 1739, 2502, 1646, 3776, 1719, 1200, 7477, 2839, 1260, 2295, 1537, 388, 2002, 4665, 813, 1129, 3957, 3276, 2800, 4314, 2953, 2375, 2696, 5716, 2206, 1334, 897, 2748, 1855, 4220, 2945, 2334, 2113, 2235, 1528, 1217, 2017, 1472, 1731, 1252, 3184, 1628, 1722, 1816, 1444, 770, 1663, 1628, 1481, 1212, 2673, 2454, 6779, 3332, 1267, 1322, 2591, 1217, 2470, 4723, 1808, 3117, 2691, 1810, 1060, 753, 2294, 3199, 3133, 1301, 2587, 1349, 1404, 1905, 2202, 2040, 1485, 2380, 4946, 1875, 2467, 774, 2799, 1925, 2464, 2190, 1639, 2829, 1695, 2738, 2082, 5790, 1969, 1931, 4575, 2186, 2640, 2327, 2945, 7043, 3461, 1882, 3028, 2605, 5271, 2179, 3866, 3577, 1976, 4056, 1917, 2248, 2090, 898, 4345, 3551, 6809, 2060, 3917, 2786, 2145, 2117, 1166, 3095, 2791, 2309, 2207, 3091, 841, 2968, 1022, 1021, 2075, 1862, 2174, 1777, 1340, 3689, 3815, 2086, 1935, 2120, 2674, 1380, 1157, 6861, 1949, 3204, 2383, 1582, 1094, 3183, 2977, 2501, 3654, 1642, 3365, 3057, 2624, 4593, 1668, 1751, 2314, 1379, 3399, 3426, 2333, 448, 2438, 3273, 2187, 1268, 1768, 870, 3353, 2661, 1526, 3374, 2233, 4325, 3380, 1618, 3354, 2418, 5452, 1694, 3097, 2865, 1873, 5960, 3037, 2078, 5618, 2323, 1757, 1536, 2127, 1520, 1245, 2738, 3029, 1648, 4287, 2442, 3158, 3067, 2437, 3199)
(7, 36): Mean: 2542.948, median: 2263.5, std: 1312.493, percent: 2450.0, B: 128, W: 122, 
	(2916, 1707, 2040, 10854, 2695, 2603, 1233, 2220, 1120, 2916, 1760, 2156, 1373, 2499, 3269, 1569, 3766, 3937, 2563, 4884, 1841, 1222, 2835, 1689, 2110, 2177, 1321, 2478, 1949, 2308, 4129, 3357, 4384, 1264, 1244, 2331, 1702, 2491, 2263, 2810, 1111, 3331, 1683, 2263, 2138, 3583, 1629, 1433, 6455, 2802, 1180, 2321, 1468, 510, 1889, 5703, 953, 1018, 4742, 3069, 2738, 5112, 2924, 2417, 2859, 4729, 2333, 1353, 787, 2789, 1885, 3755, 2500, 2549, 1971, 2546, 1389, 1378, 1974, 1505, 1559, 1177, 2981, 1473, 1762, 1750, 1319, 894, 1708, 1746, 1675, 1166, 2337, 2264, 5306, 3359, 1266, 1315, 2819, 1144, 2741, 3970, 1751, 3615, 2345, 1987, 1040, 727, 2032, 3373, 3161, 1333, 2596, 1303, 1290, 2320, 2123, 2070, 1390, 2508, 4154, 2018, 2434, 845, 2876, 1831, 2295, 2011, 1657, 2455, 1874, 2658, 2155, 5025, 2081, 2037, 4295, 2059, 2738, 2528, 3327, 7886, 2678, 1802, 2960, 2601, 4417, 2571, 3779, 3463, 1961, 3408, 2060, 2159, 2005, 961, 4168, 3004, 6497, 1855, 3171, 2485, 2027, 2016, 1169, 3393, 2620, 2132, 2217, 2760, 888, 2865, 935, 1033, 2233, 1747, 2436, 1749, 1310, 3638, 4079, 2253, 2000, 3439, 3058, 1439, 1165, 6608, 2283, 4014, 2223, 1759, 1226, 3374, 3543, 2710, 4489, 1497, 3335, 3764, 2288, 4838, 1699, 1665, 2173, 1191, 3217, 3506, 2561, 561, 2877, 3618, 1946, 1512, 1786, 877, 4048, 2333, 1687, 2986, 2256, 4036, 3548, 1644, 2882, 2691, 6312, 1877, 3507, 2816, 1823, 5729, 3400, 2152, 6114, 2203, 1753, 1862, 1958, 1613, 1333, 2613, 2691, 1400, 4975, 2245, 3448, 3456, 2482, 3425)
(9, 44): Mean: 2543.492, median: 2241.0, std: 1341.903, percent: 2431.22, B: 127, W: 122, 
	(2804, 1503, 1856, 11040, 3008, 2654, 1289, 2410, 1196, 2960, 1921, 2039, 1391, 2345, 3627, 1649, 4242, 4555, 3079, 4352, 1764, 1139, 2603, 1472, 2090, 1983, 1343, 2947, 2147, 2460, 3445, 3052, 4235, 1371, 1282, 2424, 1513, 2411, 2546, 2626, 1331, 3332, 1783, 2439, 1469, 3478, 1582, 1270, 6963, 2728, 1091, 2137, 1446, 469, 1844, 5445, 732, 972, 3698, 3321, 2574, 3969, 3319, 2682, 3712, 5862, 2447, 1428, 850, 2432, 1746, 4844, 2652, 2460, 2009, 2195, 1631, 1277, 1884, 1404, 1594, 1212, 3131, 1388, 1840, 2057, 1568, 846, 1683, 1808, 1474, 979, 2732, 2185, 6028, 3347, 1317, 1284, 2211, 988, 2557, 4570, 1654, 3219, 2669, 2136, 1059, 633, 2075, 3677, 3341, 1298, 2866, 1356, 1295, 2293, 2047, 2174, 1235, 2713, 3931, 1878, 2340, 951, 2666, 2009, 2827, 2019, 1740, 2773, 1657, 3096, 1947, 6240, 2251, 2116, 4735, 2060, 2451, 2920, 3254, 6367, 3460, 1724, 3046, 2642, 4571, 2576, 4183, 3339, 1879, 3931, 1956, 2118, 2114, 853, 4133, 3163, 5009, 1991, 3605, 2488, 2020, 2235, 1100, 3069, 2556, 2131, 2413, 3068, 793, 2874, 978, 1110, 2283, 1755, 2464, 1651, 1291, 4241, 2947, 1899, 2242, 2454, 2853, 1443, 1239, 7099, 2132, 2937, 2243, 1635, 1226, 3477, 2780, 2774, 4354, 1513, 3731, 3217, 1928, 5961, 1672, 1703, 2661, 1211, 3130, 3950, 2542, 552, 2759, 2957, 1906, 1740, 1780, 742, 3513, 2221, 1752, 2833, 2166, 5361, 3696, 1621, 3270, 2622, 6961, 2007, 3003, 2571, 1631, 5508, 3389, 2159, 5944, 2020, 1898, 1536, 2173, 1748, 1258, 2171, 2758, 1325, 4281, 2192, 2861, 3332, 2240, 3203)
(11, 51): Mean: 2573.052, median: 2279.0, std: 1436.869, percent: 2387.2, B: 125, W: 123, 
	(3122, 1476, 1895, 13206, 2914, 2510, 1357, 2624, 1284, 2976, 1900, 1864, 1355, 2550, 3348, 1400, 3969, 3997, 2278, 5133, 1832, 1156, 2716, 1560, 2123, 2088, 1400, 2621, 2045, 2258, 3751, 2931, 4288, 1328, 1195, 2165, 1575, 2284, 2551, 2408, 1345, 3214, 1568, 2237, 1583, 3298, 1546, 1210, 5641, 2688, 1178, 2339, 1665, 477, 1887, 5229, 822, 1133, 5657, 2883, 2557, 4671, 3281, 2666, 3060, 5729, 2353, 1418, 793, 2776, 1719, 4542, 2681, 3079, 1992, 2321, 1409, 1330, 1997, 1390, 1647, 1197, 3882, 1372, 1714, 1695, 1308, 777, 1761, 1756, 1688, 1113, 2655, 2427, 6547, 3059, 1295, 1372, 2456, 1193, 2399, 5394, 1729, 3039, 2902, 1856, 988, 626, 2126, 4192, 3120, 1255, 2430, 1340, 1495, 2317, 2280, 2345, 1584, 2655, 5241, 1986, 2396, 782, 2857, 1872, 2315, 1800, 1424, 2530, 1911, 2836, 2218, 6182, 2156, 1954, 4662, 2129, 2937, 2510, 2830, 6920, 2938, 1688, 3312, 2682, 4185, 2185, 3415, 2945, 2036, 4352, 1956, 2118, 1887, 991, 4781, 2991, 5715, 1982, 3944, 2813, 2185, 2212, 1150, 3216, 2719, 2156, 2133, 3145, 879, 3325, 1017, 1061, 2413, 1856, 2416, 1581, 1333, 4166, 3565, 2055, 2238, 2211, 2802, 1361, 1040, 8064, 2046, 2773, 2470, 1641, 1169, 3345, 3382, 2222, 3927, 1609, 3529, 3255, 2432, 4868, 1773, 2062, 2217, 1242, 2685, 3299, 2397, 545, 2862, 3232, 2047, 1663, 1798, 737, 3511, 2578, 1786, 3207, 2217, 4373, 3325, 1545, 3193, 2327, 6265, 1983, 3289, 2692, 1732, 5855, 3438, 2202, 6869, 2414, 2091, 1595, 2016, 1466, 1331, 2512, 2741, 1390, 5451, 2606, 3870, 3322, 2231, 3167)
(12, 54): Mean: 2554.516, median: 2265.0, std: 1380.044, percent: 2411.64, B: 129, W: 121, 
	(3254, 1532, 1861, 11856, 2989, 2604, 1325, 2420, 1140, 2601, 1737, 2090, 1606, 2977, 4634, 1388, 3327, 4393, 2679, 4475, 1761, 1217, 2196, 1632, 2073, 2249, 1418, 2693, 2264, 2114, 4052, 3179, 3818, 1511, 1242, 2519, 1552, 2676, 2267, 2421, 1129, 3098, 1560, 2724, 1341, 3260, 1927, 1312, 6526, 2563, 1199, 2312, 1564, 421, 1763, 4861, 764, 1110, 4950, 3266, 2403, 4497, 3155, 2334, 2852, 6172, 2166, 1431, 888, 2866, 1776, 4176, 2963, 2819, 1937, 2484, 1624, 1306, 2250, 1441, 1952, 1106, 3152, 1442, 1759, 1710, 1456, 812, 1568, 1784, 1586, 1279, 2674, 2370, 6424, 3805, 1240, 1299, 2637, 1178, 2390, 4367, 1808, 2714, 2752, 2046, 1123, 617, 1950, 3682, 3773, 1404, 2779, 1454, 1320, 2413, 2189, 2420, 1545, 2442, 4595, 2194, 2736, 842, 3054, 2068, 2389, 2062, 1588, 2770, 1693, 2831, 1943, 6133, 1884, 1976, 4801, 2200, 2291, 2581, 2969, 4853, 3170, 1674, 3026, 2559, 4165, 2257, 3638, 3334, 2017, 3857, 2068, 2336, 2140, 898, 4653, 2760, 5772, 1979, 4191, 2359, 1954, 2004, 1069, 3156, 2878, 1957, 2556, 2982, 798, 3265, 1055, 1036, 2261, 1624, 2258, 1660, 1256, 3519, 4121, 2167, 2034, 2266, 2761, 1373, 1071, 8865, 2291, 3099, 2200, 1600, 1205, 3341, 2768, 2308, 3235, 1611, 3103, 3146, 2247, 5901, 1672, 1794, 2161, 1234, 2688, 4047, 2184, 513, 2689, 3369, 2125, 1534, 1701, 834, 3537, 2598, 1589, 3319, 2588, 4454, 3462, 1859, 2946, 2276, 5525, 1843, 2852, 2812, 1621, 6136, 3880, 2231, 7000, 2251, 2034, 1582, 2040, 1564, 1212, 2526, 2707, 1581, 4948, 2527, 3116, 3303, 2249, 3256)
(14, 61): Mean: 2551.604, median: 2339.0, std: 1473.055, percent: 2422.22, B: 129, W: 120, 
	(3237, 1403, 2114, 16114, 2889, 2519, 1327, 2845, 1190, 2606, 1886, 2102, 1519, 2957, 3434, 1399, 4890, 4240, 2571, 3732, 1672, 1052, 2817, 1637, 2156, 2166, 1409, 2883, 1945, 2093, 3987, 2857, 3951, 1394, 1264, 2615, 1567, 2341, 2380, 2780, 1272, 2904, 1757, 2426, 1905, 3343, 1571, 1153, 5306, 2746, 1199, 2589, 1504, 360, 1808, 5745, 918, 1253, 4709, 2868, 2912, 4060, 3316, 2389, 2869, 5143, 2130, 1390, 839, 2536, 1893, 3816, 2614, 2693, 1904, 2258, 1351, 1226, 1915, 1650, 1637, 1230, 2786, 1394, 1677, 2038, 1320, 801, 1589, 1688, 1637, 1150, 2541, 2497, 6067, 3627, 1233, 1348, 2566, 1291, 2332, 4239, 1844, 2942, 3051, 1748, 1092, 467, 2417, 3696, 3298, 1366, 2851, 1441, 1217, 1909, 2242, 2066, 1407, 2328, 4278, 2304, 2032, 771, 2909, 2038, 2963, 2138, 1531, 2390, 1914, 2826, 2021, 6044, 2024, 2098, 4093, 1999, 2552, 2477, 2849, 5954, 3011, 1793, 2855, 2649, 4237, 2364, 3568, 3289, 1794, 3542, 1778, 2080, 2052, 867, 4496, 3250, 6250, 2388, 3659, 2891, 2056, 2120, 1157, 3441, 2753, 2177, 2354, 3122, 902, 3101, 1092, 1043, 2042, 1706, 2406, 1814, 1629, 3885, 3569, 2448, 1916, 2126, 2860, 1306, 1161, 7890, 2199, 3173, 2628, 1739, 1227, 3386, 3194, 2462, 3705, 1525, 3104, 3026, 2440, 5662, 1604, 1749, 2270, 1324, 2856, 3683, 2605, 542, 2420, 3041, 2046, 1621, 1850, 654, 3855, 2651, 1760, 3503, 1987, 4405, 3163, 1778, 2807, 2474, 6782, 1878, 3185, 3120, 1862, 5145, 3500, 2429, 6591, 2161, 1765, 1595, 2082, 1544, 1382, 2340, 2762, 1339, 5023, 2584, 2852, 3344, 2338, 2836)
(19, 86): Mean: 2552.516, median: 2289.5, std: 1439.288, percent: 2489.36, B: 126, W: 124, 
	(3571, 1417, 1934, 14376, 3023, 2451, 1276, 2280, 1278, 2559, 1984, 1969, 1522, 3165, 3699, 1678, 3942, 4413, 2338, 4516, 1679, 1165, 2511, 1477, 2401, 1801, 1408, 2793, 2176, 2026, 3862, 3121, 4101, 1376, 1366, 2344, 1614, 2262, 2447, 2699, 1247, 3071, 1760, 2073, 1578, 3259, 1735, 1237, 6232, 3119, 1101, 2299, 1511, 518, 1965, 5128, 873, 999, 4764, 3013, 2668, 3861, 3121, 2349, 3170, 4957, 2324, 1436, 792, 2773, 1742, 3853, 3047, 2774, 1848, 2134, 1485, 1167, 1868, 1430, 1889, 1207, 3376, 1481, 1614, 1782, 1422, 910, 1739, 1685, 1542, 926, 2646, 2374, 6546, 2982, 1340, 1362, 2618, 1234, 2727, 4991, 1776, 3112, 2857, 1981, 1138, 589, 2200, 3702, 3081, 1217, 2764, 1293, 1309, 1777, 2451, 2395, 1476, 2621, 4291, 1903, 2430, 898, 3029, 1912, 2412, 1836, 1544, 2679, 1630, 2855, 1873, 6511, 2125, 1825, 4444, 2202, 2392, 2659, 2679, 6908, 2955, 1844, 2965, 2714, 4044, 2305, 3832, 3384, 1937, 4058, 1849, 2159, 1942, 912, 4906, 3896, 7103, 1973, 3529, 2473, 2077, 2139, 1266, 3168, 3022, 2336, 2171, 3027, 843, 3125, 1027, 972, 2137, 1761, 2378, 1773, 1560, 3615, 3574, 2130, 2148, 2324, 2337, 1157, 1098, 7836, 2124, 3791, 2366, 1634, 1204, 3197, 3004, 2160, 3843, 1464, 3192, 2919, 2896, 5627, 1584, 1922, 2095, 1229, 3111, 3337, 2383, 534, 2747, 3497, 2041, 1595, 1892, 703, 3185, 2853, 1570, 3357, 2107, 4099, 3313, 1676, 3142, 2412, 5515, 1981, 3546, 3060, 1656, 5060, 3618, 2227, 5733, 2015, 1769, 1572, 2093, 1510, 1168, 2308, 3003, 1770, 5197, 2327, 2972, 3692, 2215, 3066)
(34, 172): Mean: 2579.156, median: 2287.5, std: 1445.678, percent: 2535.02, B: 126, W: 122, 
	(3583, 1451, 1848, 14193, 3571, 2413, 1395, 2290, 1239, 2569, 1774, 2164, 1521, 2895, 3359, 1585, 3954, 4570, 2947, 4565, 1707, 1059, 2883, 1396, 2150, 1854, 1503, 2542, 1970, 2396, 4382, 3086, 4319, 1294, 1204, 2481, 1518, 2598, 2492, 2576, 1198, 2971, 1625, 2272, 1831, 3076, 1622, 1310, 6533, 2747, 1183, 2362, 1505, 500, 1736, 5819, 921, 1185, 4251, 2897, 2579, 4149, 3671, 2372, 3032, 4971, 2192, 1715, 794, 2622, 1622, 3995, 2978, 2662, 1963, 2375, 1721, 1174, 1864, 1430, 1608, 1172, 3056, 1348, 1722, 1768, 1312, 810, 1775, 1863, 1541, 1211, 3130, 2670, 6543, 3342, 1361, 1347, 2362, 1119, 2559, 4598, 1778, 3725, 2884, 2153, 1073, 750, 2173, 3371, 3278, 1226, 2898, 1221, 1204, 2105, 2394, 2199, 1445, 2471, 4281, 1940, 2208, 976, 2546, 2188, 2782, 2428, 1603, 2474, 1533, 3265, 2245, 5987, 1824, 1901, 5343, 2081, 2331, 2572, 2887, 5750, 3366, 1787, 2926, 2334, 4095, 2366, 3616, 3766, 1902, 3836, 1800, 2211, 1943, 946, 4873, 3536, 6167, 2119, 3715, 2789, 1868, 1981, 1196, 3691, 2697, 2245, 2326, 3372, 861, 2878, 1016, 900, 2402, 1673, 2213, 1638, 1521, 4161, 4192, 2119, 2414, 2322, 2554, 1286, 1098, 7366, 2235, 3372, 2093, 1758, 1214, 3240, 2771, 2170, 3572, 1414, 3579, 2679, 2375, 5060, 1703, 1693, 2436, 1304, 3386, 3369, 4976, 515, 2264, 3403, 2068, 1400, 1694, 717, 3799, 2448, 1674, 3796, 2149, 5008, 3796, 1773, 3019, 2285, 6359, 1863, 2857, 2958, 1861, 6409, 3907, 2067, 5720, 2164, 1729, 1712, 1983, 1498, 1202, 2668, 2694, 1383, 4497, 2567, 3261, 3365, 2266, 3078)
(36, 179): Mean: 2540.204, median: 2216.0, std: 1408.745, percent: 2429.36, B: 130, W: 120, 
	(3555, 1542, 1766, 13857, 3129, 2656, 1251, 2316, 1222, 2650, 1891, 1984, 1528, 2604, 3442, 1559, 3547, 5059, 2805, 3700, 1563, 1179, 2466, 1472, 2128, 1864, 1327, 2717, 1898, 2334, 4770, 2921, 4569, 1357, 1256, 2273, 1534, 2499, 2476, 2303, 1208, 2983, 1714, 2223, 1538, 3389, 1554, 1266, 6567, 2758, 1166, 2376, 1465, 403, 1582, 5069, 831, 997, 4150, 3752, 2644, 4142, 3298, 2456, 2618, 5923, 2143, 1335, 826, 3149, 1396, 4247, 2676, 2629, 2130, 2269, 1686, 1101, 2078, 1462, 1656, 1354, 3399, 1517, 1743, 1769, 1557, 990, 1759, 1773, 1455, 943, 2799, 2893, 6277, 3395, 1217, 1297, 2750, 1272, 2370, 4899, 1799, 2751, 2602, 1874, 1088, 733, 2161, 3268, 3308, 1245, 2659, 1322, 1273, 2616, 2137, 2126, 1526, 2491, 4517, 2084, 2034, 837, 3008, 1954, 2427, 2104, 1554, 2563, 1411, 2809, 2157, 4916, 1913, 2011, 4651, 2141, 2407, 2347, 3284, 6070, 3448, 1878, 3111, 2419, 4450, 3038, 3744, 3228, 1765, 3638, 1922, 2210, 1745, 879, 4498, 2889, 5376, 2093, 3107, 2592, 1881, 2136, 1145, 3399, 3283, 2222, 2059, 3202, 748, 2973, 947, 973, 2126, 1784, 2307, 1744, 1453, 4235, 3416, 2137, 1855, 2088, 2624, 1306, 1177, 6819, 1991, 3041, 2796, 1600, 1308, 4216, 2999, 2204, 4112, 1688, 3221, 3339, 2059, 5235, 1714, 1644, 2471, 1239, 3692, 3407, 2788, 483, 2888, 2945, 2168, 1513, 1801, 642, 3711, 2339, 1666, 3642, 2062, 4298, 3774, 1627, 3293, 2328, 6738, 1881, 2648, 2990, 1750, 5313, 3885, 2138, 6524, 2515, 1783, 1447, 2105, 1697, 1226, 2017, 2863, 1389, 4614, 2672, 3073, 3364, 2167, 2809)
(37, 181): Mean: 2530.208, median: 2271.0, std: 1375.966, percent: 2448.0, B: 129, W: 121, 
	(3061, 1430, 1843, 11309, 3303, 2315, 1255, 2276, 1221, 3057, 1794, 1914, 1581, 2333, 3618, 1529, 4232, 5265, 2647, 4437, 1820, 1109, 2484, 1510, 2344, 2071, 1323, 2749, 1890, 2324, 3694, 2779, 5073, 1201, 1336, 2384, 1624, 2674, 2388, 2377, 1250, 2905, 1584, 2214, 2029, 3415, 1582, 1322, 7552, 2677, 1041, 2333, 1456, 511, 1959, 5446, 890, 895, 3855, 3863, 2630, 4073, 3427, 2180, 2753, 5415, 2040, 1503, 743, 2772, 1545, 4634, 2619, 2482, 1904, 2359, 1759, 1223, 1912, 1597, 1540, 1271, 3107, 1371, 1565, 1965, 1393, 846, 1631, 1656, 1497, 1160, 2430, 2376, 6457, 3388, 1236, 1340, 2427, 1065, 2377, 4198, 2022, 3270, 2737, 2115, 1028, 670, 2144, 3486, 3979, 1235, 2493, 1257, 1230, 2225, 2238, 1999, 1241, 2807, 4233, 1848, 2237, 771, 2834, 2033, 2525, 1937, 1537, 2657, 1660, 2574, 2045, 5615, 1973, 1861, 4284, 2385, 2456, 2539, 2898, 7172, 3328, 1723, 3326, 2752, 4256, 2400, 3014, 3367, 1857, 3504, 1961, 2201, 1716, 950, 4245, 3058, 6024, 2000, 3858, 2678, 2130, 2215, 1211, 3074, 2712, 2131, 2266, 3323, 764, 3112, 1017, 950, 2183, 1854, 2062, 1696, 1392, 3746, 3435, 2054, 2136, 2150, 2777, 1178, 1156, 8141, 2236, 3737, 2403, 1576, 1213, 3313, 2779, 1991, 3833, 1554, 3541, 2902, 2230, 5092, 1622, 1924, 2287, 1260, 2539, 2875, 2595, 587, 2886, 3192, 2414, 1447, 1903, 787, 3675, 2574, 1412, 3458, 2254, 4857, 3532, 1652, 2656, 2280, 5805, 1764, 3523, 2435, 1563, 6546, 3127, 2182, 6025, 2194, 1850, 1514, 2310, 1373, 1399, 2885, 2900, 1399, 4369, 2589, 3093, 3570, 2351, 3166)
(38, 183): Mean: 2508.38, median: 2264.5, std: 1336.473, percent: 2416.94, B: 130, W: 119, 
	(3708, 1448, 1912, 12721, 3487, 2875, 1365, 2141, 1194, 2827, 1932, 1941, 1567, 2730, 3907, 1320, 4245, 4357, 2873, 4095, 1900, 1063, 2406, 1507, 2445, 1897, 1340, 2793, 1954, 2324, 3792, 3315, 4107, 1300, 1147, 2707, 1600, 2765, 2678, 2455, 1166, 3191, 1546, 2157, 1981, 3410, 1556, 1186, 5446, 2628, 1035, 2321, 1499, 396, 1792, 5288, 1055, 1025, 4292, 3761, 2541, 4804, 3250, 2260, 2733, 5260, 2385, 1363, 876, 2809, 1601, 3834, 2592, 2794, 1825, 2469, 1791, 1130, 2124, 1263, 1582, 1268, 3173, 1418, 1530, 1908, 1529, 823, 1855, 1972, 1512, 1116, 2901, 2568, 5646, 3250, 1246, 1420, 2952, 1050, 2318, 4333, 1670, 2960, 2764, 1861, 1047, 536, 2100, 3557, 3572, 1271, 2706, 1320, 1360, 1931, 2278, 1898, 1262, 2364, 4182, 1854, 2139, 850, 2728, 2022, 2753, 1666, 1724, 3015, 1600, 2549, 2033, 5488, 1810, 2049, 4362, 2008, 2352, 2301, 3068, 6191, 2833, 1860, 2917, 2449, 4057, 2559, 3366, 3316, 1810, 3774, 1867, 1965, 2137, 945, 4563, 2737, 6183, 2056, 3179, 2759, 1963, 2146, 1200, 3221, 2966, 1875, 2133, 2999, 770, 2839, 1016, 1002, 2193, 1736, 2367, 1543, 1617, 3374, 3107, 1963, 1914, 1904, 2843, 1228, 1212, 7117, 2044, 2871, 2269, 1506, 1187, 3203, 2839, 2275, 3733, 1631, 3442, 2750, 2221, 5642, 1599, 1953, 2559, 1393, 2973, 3549, 2441, 417, 2371, 2879, 2238, 1556, 1828, 581, 3443, 2715, 1693, 3552, 2589, 4531, 3587, 1663, 3283, 2276, 5529, 2024, 3031, 2911, 1624, 6164, 2938, 2219, 5550, 2316, 1923, 1555, 1964, 1633, 1385, 2123, 3033, 1491, 5175, 2434, 3437, 3003, 2231, 3394)
(39, 185): Mean: 2523.7, median: 2208.0, std: 1456.42, percent: 2422.42, B: 132, W: 118, 
	(3414, 1482, 1859, 15142, 3277, 2216, 1357, 2396, 1284, 3339, 2015, 1861, 1440, 2572, 3715, 1600, 3914, 4232, 2761, 3512, 1735, 1206, 2726, 1301, 2249, 1960, 1450, 2870, 1776, 2165, 3551, 3044, 4067, 1234, 1301, 2318, 1593, 2424, 2305, 2214, 1275, 3038, 1577, 2005, 1782, 3508, 1695, 1254, 6593, 2715, 1085, 2222, 1404, 561, 1740, 5248, 849, 1046, 4219, 3459, 2558, 3971, 3649, 2320, 3376, 4862, 2321, 1331, 807, 2627, 1654, 4602, 2497, 2820, 1844, 2358, 1610, 1150, 2065, 1356, 1623, 1290, 3447, 1352, 1608, 1823, 1382, 821, 1606, 1806, 1909, 1083, 2493, 2457, 7126, 3208, 1126, 1267, 2410, 1164, 2758, 4811, 1724, 3234, 2809, 1853, 1057, 622, 2042, 3062, 3158, 1201, 2757, 1399, 1303, 2039, 2093, 2085, 1534, 2517, 4733, 1860, 2128, 839, 2439, 1872, 2728, 1908, 1769, 2643, 1812, 2580, 2017, 5556, 2003, 2202, 4697, 2116, 2448, 2517, 2674, 6787, 2964, 1653, 3373, 2551, 4721, 2294, 3630, 2766, 1724, 3768, 1924, 2044, 1967, 944, 5013, 3295, 5525, 1943, 3695, 2615, 1772, 1937, 1227, 2656, 2708, 2108, 2345, 3208, 745, 2917, 1143, 953, 1990, 1784, 2014, 1618, 1426, 3536, 3525, 2146, 2284, 1969, 2727, 1214, 1127, 8416, 1961, 3271, 2128, 1715, 1193, 3044, 2742, 2420, 3735, 1543, 3434, 2937, 2405, 4755, 1719, 1663, 2357, 1261, 3279, 3207, 2129, 561, 2631, 2917, 2141, 1462, 1850, 756, 3391, 2457, 1552, 3335, 2232, 4451, 3940, 1813, 3200, 2380, 5854, 1755, 3237, 3277, 1938, 5262, 2904, 1934, 5175, 2196, 1796, 1453, 1962, 1561, 1263, 2877, 3320, 1517, 5022, 2639, 3726, 3815, 2079, 3175)
(40, 186): Mean: 2478.52, median: 2215.5, std: 1349.97, percent: 2388.68, B: 141, W: 107, 
	(3458, 1522, 1834, 12005, 3190, 2226, 1198, 2249, 1242, 2881, 1804, 2056, 1314, 2176, 3422, 1527, 3940, 4078, 2634, 4019, 1639, 1141, 2484, 1325, 2312, 1839, 1330, 2540, 1945, 2166, 3846, 2851, 4157, 1321, 1220, 2642, 1451, 2248, 2639, 2607, 1277, 2802, 1649, 2194, 1678, 3762, 1508, 1200, 6218, 2604, 1245, 2030, 1264, 481, 1892, 5138, 885, 1036, 3980, 3932, 2645, 4269, 5145, 2443, 3267, 5051, 2253, 1563, 773, 2551, 1595, 3687, 2480, 2133, 2025, 2322, 1525, 1148, 1906, 1472, 1965, 1196, 2919, 1535, 1617, 1663, 1632, 1007, 1529, 1763, 1512, 1126, 2414, 2361, 6031, 3208, 1216, 1220, 2319, 1314, 2604, 5305, 1815, 3040, 2739, 2067, 997, 810, 1887, 3465, 3450, 1445, 2831, 1232, 1252, 2050, 2150, 2040, 1320, 2517, 4834, 1969, 2231, 874, 2562, 1964, 2399, 1894, 1504, 2616, 1495, 2509, 2003, 6331, 2095, 1641, 4666, 2210, 2293, 2316, 2875, 6121, 2881, 1775, 3086, 2192, 3724, 2373, 3318, 2845, 1953, 3499, 2044, 2265, 1851, 910, 5033, 3240, 5358, 2080, 3782, 2573, 1993, 2109, 1097, 3050, 2421, 2070, 2393, 3050, 737, 3052, 944, 895, 2448, 1575, 2209, 1554, 1412, 3316, 4036, 1914, 2090, 1942, 2428, 1273, 1149, 8620, 1786, 3066, 2579, 1869, 1039, 3448, 2595, 2015, 3386, 1451, 3171, 3280, 2238, 5321, 1614, 1878, 2378, 1194, 3101, 3505, 2355, 501, 2836, 3449, 2471, 1489, 1657, 782, 3381, 2687, 1394, 2996, 2301, 4254, 3360, 1482, 2662, 2043, 5843, 1648, 2773, 2999, 1868, 5391, 3066, 2142, 5641, 2348, 1968, 1456, 2109, 1568, 1289, 2057, 2782, 1461, 4507, 2448, 2639, 3565, 2221, 2797)
(41, 188): Mean: 2492.912, median: 2150.0, std: 1379.285, percent: 2407.4, B: 126, W: 124, 
	(3140, 1404, 1939, 11666, 3739, 2275, 1377, 2378, 1355, 2819, 1878, 2067, 1433, 2186, 4192, 1415, 3314, 4512, 3045, 3941, 1957, 1216, 2883, 1410, 2355, 1829, 1483, 2813, 1736, 2099, 3691, 3269, 4077, 1312, 1275, 2473, 1594, 2405, 2444, 2254, 1205, 2990, 1521, 2001, 1588, 3671, 1719, 1106, 6274, 2561, 1074, 2188, 1457, 513, 1763, 5243, 741, 998, 4057, 3206, 2559, 4307, 3077, 2605, 2959, 5270, 2291, 1515, 704, 2362, 1546, 3892, 3071, 2639, 1838, 2153, 1736, 1103, 1894, 1311, 1701, 1255, 3050, 1425, 1576, 1517, 1478, 845, 1688, 1692, 1545, 1101, 2459, 1978, 6396, 2699, 1188, 1152, 2438, 1098, 2534, 4172, 1711, 3077, 2826, 1784, 1017, 678, 2142, 3746, 2884, 1224, 2823, 1395, 1160, 1930, 2057, 1938, 1378, 2436, 6724, 2022, 1977, 831, 2571, 2134, 2647, 2124, 1568, 2225, 1543, 2887, 1943, 5783, 1820, 2073, 4255, 2273, 2335, 2279, 3424, 6820, 2850, 1662, 2948, 2663, 4075, 2256, 4218, 3094, 1910, 3830, 1922, 2118, 1859, 963, 4288, 2915, 5985, 2178, 3406, 2840, 1869, 1978, 1032, 2974, 2713, 2127, 2090, 3122, 743, 3258, 968, 1074, 2210, 1677, 2189, 1680, 1377, 3709, 4513, 2077, 1764, 2068, 2728, 1090, 1189, 7586, 2046, 3896, 2134, 1858, 1162, 3318, 2796, 2108, 3410, 1446, 3238, 3219, 2109, 4811, 1589, 1882, 2334, 1173, 2714, 3143, 2108, 535, 2539, 3514, 2147, 1478, 1709, 858, 3674, 2609, 1492, 3392, 1961, 4900, 3804, 1700, 3063, 2344, 5916, 1983, 2893, 2648, 1744, 7532, 2972, 1951, 5542, 2197, 1850, 1415, 2268, 1479, 1243, 2111, 2507, 1509, 4913, 2710, 3111, 2867, 2210, 2850)
(42, 191): Mean: 2491.976, median: 2172.5, std: 1348.881, percent: 2387.8, B: 126, W: 123, 
	(2571, 1516, 2014, 10779, 3757, 2266, 1251, 2176, 1254, 2743, 1858, 2030, 1493, 2517, 3633, 1416, 3840, 4418, 3178, 4676, 1767, 1130, 2923, 1398, 2165, 1929, 1492, 2438, 1928, 1994, 3779, 2922, 4616, 1300, 1210, 2328, 1533, 2357, 2422, 2418, 1254, 2760, 1614, 2460, 1875, 3420, 1608, 1170, 5366, 2680, 1098, 2298, 1409, 479, 1840, 6020, 756, 987, 3867, 3238, 2703, 3990, 3138, 2404, 3294, 5243, 2133, 1419, 751, 2650, 1692, 4074, 2480, 2401, 1804, 2247, 1432, 1143, 1983, 1343, 1586, 1174, 3230, 1558, 1530, 1736, 1315, 824, 1666, 1803, 1582, 1006, 2846, 2532, 5911, 2782, 1282, 1317, 2542, 1078, 2386, 4490, 1650, 2897, 2922, 1889, 1126, 505, 1866, 3725, 3214, 1239, 2584, 1224, 1274, 1836, 1964, 1980, 1364, 2871, 4645, 2072, 2381, 897, 2868, 2040, 2671, 1730, 1476, 2744, 1777, 2764, 1911, 5530, 1870, 1963, 5007, 2028, 2552, 2346, 2714, 6038, 3075, 1855, 2718, 2414, 4815, 2544, 3682, 3112, 1977, 3551, 1948, 2040, 1774, 835, 4843, 2892, 6777, 2002, 3072, 2775, 1963, 1986, 1033, 2859, 2799, 2015, 2074, 2835, 744, 3061, 883, 941, 2109, 1688, 2231, 1631, 1334, 3709, 4581, 2072, 2019, 2023, 2591, 1131, 1116, 7906, 2122, 3289, 2142, 1803, 1147, 3668, 2615, 2657, 4139, 1564, 3168, 2931, 2083, 5880, 1638, 1846, 2198, 1249, 3414, 2833, 2072, 511, 2726, 3388, 2250, 1479, 1801, 889, 3136, 2486, 1558, 3436, 2025, 4726, 3367, 1632, 3360, 2190, 6429, 1879, 2733, 2672, 1749, 6418, 2969, 2201, 5962, 2251, 1964, 1619, 2085, 1404, 1216, 2169, 2517, 1597, 4814, 2350, 3145, 3935, 2194, 2981)
(43, 192): Mean: 2473.12, median: 2195.0, std: 1304.089, percent: 2367.08, B: 128, W: 121, 
	(3165, 1341, 2082, 10184, 2963, 2435, 1279, 2105, 1334, 2668, 1951, 1970, 1526, 2428, 3913, 1313, 3283, 4269, 2929, 4617, 1571, 1187, 2767, 1373, 2172, 1880, 1442, 2567, 1802, 2238, 3611, 3044, 4463, 1342, 1306, 2723, 1531, 2149, 2589, 2456, 1237, 3039, 1522, 2362, 1751, 3150, 1618, 1149, 5617, 2309, 1050, 2315, 1380, 411, 2004, 5022, 921, 945, 4865, 3364, 2620, 4379, 3378, 2309, 2744, 5935, 2139, 1455, 794, 2591, 1539, 4358, 2294, 2447, 1777, 2389, 1393, 1184, 1965, 1377, 1645, 1176, 2955, 1370, 1500, 1674, 1409, 897, 1630, 1696, 1656, 1245, 2717, 2545, 6375, 3475, 1305, 1265, 2703, 1133, 2697, 4522, 1658, 3577, 2852, 1827, 1088, 606, 1774, 3620, 3837, 1189, 2780, 1300, 1349, 2199, 2243, 2057, 1485, 2433, 4572, 2384, 2068, 903, 2340, 1850, 2455, 2091, 1635, 2729, 1650, 2552, 1986, 6214, 1910, 2080, 4741, 1938, 2191, 2325, 2789, 6300, 2832, 1925, 3006, 2656, 4410, 2071, 3241, 3058, 1757, 3316, 1680, 2053, 1737, 926, 4265, 3056, 5888, 1857, 3233, 2418, 2267, 1876, 1152, 2994, 2843, 2216, 2284, 3031, 764, 3066, 906, 1065, 2161, 1595, 2088, 1582, 1308, 3726, 4754, 2046, 1935, 2359, 2491, 1138, 1200, 7135, 1922, 2991, 2142, 1642, 1251, 3345, 2699, 2239, 3758, 1531, 3204, 3171, 2217, 5253, 1487, 1673, 2482, 1145, 2940, 2840, 2143, 547, 2547, 3479, 2142, 1433, 1846, 663, 2980, 2519, 1697, 3110, 1957, 4258, 3717, 1519, 2997, 2144, 5610, 1897, 3052, 3016, 1550, 6027, 3517, 2115, 6429, 1936, 1944, 1515, 2305, 1603, 1357, 2247, 2639, 1477, 4791, 2592, 2821, 3583, 2188, 2839)
(44, 197): Mean: 2456.844, median: 2215.0, std: 1296.087, percent: 2368.58, B: 129, W: 121, 
	(3269, 1433, 1680, 11626, 3246, 2432, 1258, 2203, 1372, 2563, 1975, 1961, 1512, 2327, 3228, 1544, 3962, 4104, 2360, 4355, 1692, 1007, 2688, 1301, 2073, 1879, 1548, 2712, 2047, 2349, 3531, 2931, 4586, 1268, 1362, 2410, 1676, 2228, 2420, 2166, 1112, 3114, 1657, 2317, 1377, 3310, 1637, 1252, 5679, 2560, 1144, 2455, 1376, 445, 1734, 5666, 886, 993, 4579, 3365, 2820, 3807, 3036, 2275, 2564, 4684, 2201, 1794, 625, 2603, 1658, 4127, 2983, 2655, 1866, 2196, 1545, 1120, 1810, 1432, 1559, 1209, 2736, 1417, 1567, 1574, 1216, 891, 1521, 1774, 1604, 1074, 2456, 2252, 5368, 3151, 1259, 1274, 2641, 1271, 2884, 4021, 1830, 2893, 2692, 1778, 961, 636, 1816, 3648, 3025, 1200, 2595, 1285, 1186, 2010, 1961, 1907, 1405, 2617, 4381, 1901, 2132, 954, 2804, 1856, 2512, 1984, 1528, 2360, 1643, 2591, 1910, 6396, 2173, 2004, 4538, 2200, 2483, 2389, 2998, 5719, 2850, 1650, 2781, 2494, 4146, 2599, 3609, 2941, 1749, 3908, 1845, 2129, 1936, 997, 4236, 2752, 5623, 2413, 3220, 2904, 1738, 2120, 1145, 3317, 2300, 2346, 2257, 2955, 756, 2860, 962, 887, 2059, 1757, 2433, 1643, 1356, 3887, 3674, 2066, 2289, 1856, 2331, 1100, 1059, 6386, 2149, 3382, 2217, 1814, 1102, 3296, 2454, 2577, 3697, 1650, 3550, 2816, 2336, 6951, 1594, 2048, 2296, 1188, 3119, 3219, 2142, 512, 2903, 3514, 2050, 1356, 1660, 905, 2957, 2534, 1672, 3556, 1926, 4125, 3300, 1632, 2744, 2191, 6125, 1932, 2779, 2742, 1608, 5448, 2954, 1973, 5637, 2213, 1957, 1666, 2181, 1546, 1178, 2278, 2908, 1600, 4489, 2633, 3679, 3376, 2283, 3208)
(45, 200): Mean: 2463.2, median: 2176.5, std: 1364.939, percent: 2379.58, B: 131, W: 118, 
	(3167, 1557, 1859, 11975, 3564, 2446, 1120, 2250, 1213, 2563, 1927, 2103, 1533, 2514, 3588, 1486, 3614, 4345, 2791, 4151, 1706, 990, 2335, 1310, 2140, 1911, 1308, 2422, 1992, 2162, 3130, 2628, 4572, 1545, 1236, 2181, 1751, 2244, 2458, 2537, 1105, 3076, 1585, 2152, 1750, 3240, 1589, 1130, 6346, 2558, 1085, 2511, 1407, 432, 1769, 5253, 829, 998, 4249, 3290, 2734, 4251, 2969, 2122, 3018, 5445, 2391, 1462, 742, 2413, 1844, 4412, 2628, 2554, 1913, 2325, 1768, 1123, 1948, 1470, 1723, 1183, 2711, 1482, 1509, 1614, 1359, 881, 1471, 1588, 1490, 1106, 2349, 2280, 5846, 3088, 1272, 1161, 2324, 1150, 2391, 4379, 1580, 2754, 3009, 1910, 1028, 702, 1945, 3376, 2982, 1392, 2534, 1273, 1141, 1969, 2146, 2144, 1434, 2703, 4154, 1902, 2109, 903, 2434, 1984, 2329, 1940, 1383, 2481, 1562, 2800, 1834, 6519, 1768, 1750, 5427, 2058, 2158, 2513, 2835, 5436, 2609, 1830, 2862, 2325, 3752, 2267, 3845, 3526, 2001, 3766, 2095, 1983, 1913, 928, 4984, 2828, 7302, 2012, 3129, 2488, 2009, 2442, 1045, 3248, 2821, 1952, 2112, 2872, 808, 2899, 997, 938, 2178, 1740, 2235, 1568, 1185, 3566, 3123, 1856, 2434, 1805, 2541, 1246, 965, 7910, 2226, 3338, 2370, 1785, 1249, 3370, 2551, 2186, 3564, 1536, 3531, 3442, 2164, 5321, 1673, 1674, 2081, 1177, 3045, 3131, 2175, 527, 2397, 3433, 2461, 1413, 1566, 625, 3460, 2714, 1499, 3232, 1948, 4237, 3549, 1700, 3067, 2208, 6465, 1853, 2971, 2516, 1847, 5476, 3163, 1908, 5362, 2225, 1859, 1524, 2129, 1584, 1251, 2371, 3117, 1348, 5657, 2500, 2940, 3401, 2025, 2875)
(46, 201): Mean: 2449.456, median: 2222.0, std: 1365.457, percent: 2350.34, B: 126, W: 122, 
	(2866, 1517, 1810, 13224, 3237, 2195, 1155, 2605, 1161, 2416, 1770, 1959, 1362, 2347, 3977, 1417, 3346, 3869, 2560, 3675, 1885, 1125, 2594, 1449, 2547, 2005, 1276, 2431, 2058, 2340, 4182, 2908, 3823, 1386, 1318, 2145, 1531, 2341, 2374, 2370, 1203, 2500, 1674, 2361, 1625, 3638, 1746, 1176, 6499, 2583, 996, 2302, 1295, 488, 1796, 5489, 791, 1170, 4132, 3393, 2477, 3848, 3093, 2533, 2848, 4735, 2304, 1410, 715, 2592, 1433, 3958, 2183, 2747, 1840, 2394, 1610, 1130, 1754, 1359, 1723, 1226, 3014, 1228, 1601, 1633, 1438, 730, 1644, 1790, 1515, 938, 2443, 2231, 6791, 3111, 1253, 1264, 2397, 1197, 2658, 5346, 1583, 2950, 3001, 1839, 1124, 630, 2100, 3183, 3349, 1309, 2721, 1219, 1292, 2257, 2094, 2076, 1355, 2588, 4174, 1859, 2038, 775, 2425, 2025, 2632, 1741, 1543, 2474, 1622, 2810, 1908, 6091, 1923, 2022, 4703, 2120, 2476, 2307, 2702, 5797, 3219, 1699, 2866, 2318, 3988, 2593, 3008, 2978, 1797, 3854, 1950, 2082, 1797, 887, 4434, 3197, 5675, 1753, 3015, 2595, 2088, 1869, 1205, 3279, 2576, 2017, 2191, 2754, 733, 2899, 916, 928, 2243, 1717, 2221, 1518, 1435, 4078, 3148, 1996, 2367, 2211, 2588, 1262, 1123, 8155, 1738, 3705, 2062, 1655, 1235, 3430, 2753, 2341, 3747, 1412, 3279, 2712, 2404, 4910, 1556, 1552, 2244, 1109, 2853, 3185, 2160, 570, 2444, 3178, 2292, 1351, 1707, 876, 3418, 2557, 1686, 3426, 2355, 4261, 3299, 1799, 2924, 2219, 5573, 2059, 3017, 2487, 1521, 5300, 2844, 2163, 5383, 2108, 1749, 1400, 2199, 1450, 1203, 2223, 2683, 1389, 4922, 2462, 3348, 3246, 2219, 3406)
(48, 213): Mean: 2467.332, median: 2224.5, std: 1359.635, percent: 2321.16, B: 126, W: 124, 
	(3184, 1346, 1684, 12771, 3065, 2272, 1195, 2210, 1295, 3083, 1750, 2119, 1506, 2248, 4071, 1504, 4079, 3716, 2471, 3578, 1574, 1185, 2487, 1396, 2190, 2043, 1409, 2575, 1766, 2354, 4177, 2839, 4655, 1258, 1390, 2241, 1602, 2392, 2228, 2379, 1111, 2976, 1635, 2288, 1853, 3141, 1705, 1302, 6012, 2734, 1148, 2194, 1398, 554, 1709, 5239, 822, 1072, 3713, 2874, 2639, 4294, 2938, 2381, 2656, 5646, 2218, 1662, 682, 2433, 1542, 4224, 3045, 2460, 1879, 2317, 1562, 1203, 2017, 1306, 1887, 1360, 2828, 1477, 1728, 1944, 1462, 904, 1570, 1761, 1521, 973, 2214, 2360, 7781, 3029, 1236, 1238, 2405, 1130, 2455, 4836, 1505, 2832, 2921, 1667, 1192, 615, 2003, 2979, 3396, 1229, 2909, 1315, 1306, 1964, 2183, 2334, 1372, 2296, 4771, 1964, 2223, 965, 2633, 1892, 2311, 1999, 1473, 2413, 1611, 2691, 1854, 5505, 1851, 1731, 5152, 2275, 2285, 2427, 2874, 5773, 3041, 1866, 2720, 2477, 3927, 2492, 3465, 3035, 1792, 3639, 1959, 2073, 1875, 877, 4773, 3024, 5509, 2001, 3209, 2626, 1819, 2052, 1166, 3410, 2960, 2088, 2211, 2942, 775, 2943, 1001, 849, 2007, 1892, 2200, 1591, 1294, 3242, 3764, 1835, 2436, 2226, 2835, 1497, 1063, 7085, 2250, 3247, 2173, 1575, 1136, 3302, 2623, 2260, 3252, 1471, 3272, 3055, 2337, 4658, 1574, 1765, 2248, 1270, 2991, 3597, 2409, 477, 2515, 2739, 2086, 1308, 1714, 731, 3223, 2336, 1755, 3386, 2025, 5444, 3174, 1794, 2672, 2286, 5748, 1742, 2697, 2863, 1731, 6155, 3730, 1966, 5501, 2303, 1661, 1862, 2005, 1455, 1184, 2203, 2945, 1540, 4715, 2558, 3237, 3693, 2058, 2927)
(49, 214): Mean: 2465.272, median: 2206.5, std: 1313.854, percent: 2349.04, B: 126, W: 124, 
	(2984, 1354, 1833, 11212, 3181, 2271, 1295, 2727, 1136, 2778, 1877, 2208, 1413, 2100, 3551, 1366, 3505, 3835, 2168, 4108, 1839, 1107, 2652, 1471, 2320, 1995, 1272, 2745, 1919, 2089, 4002, 3255, 4944, 1314, 1224, 2350, 1598, 2222, 2330, 2420, 1251, 3172, 1822, 2165, 1482, 3392, 1534, 1242, 7111, 2849, 1216, 2155, 1329, 480, 1769, 4976, 782, 870, 4181, 3426, 2859, 4102, 3104, 2352, 2830, 4485, 2061, 1456, 633, 2620, 1614, 3963, 2738, 2611, 1894, 2177, 1426, 1159, 1950, 1569, 1518, 1260, 2867, 1346, 2035, 1816, 1408, 759, 1722, 1859, 1615, 1173, 2352, 2205, 6009, 3245, 1201, 1199, 2411, 1118, 2886, 4120, 1682, 3659, 2750, 1853, 1056, 524, 1941, 3589, 3568, 1397, 2550, 1372, 1206, 1930, 2016, 2084, 1274, 2601, 5026, 2038, 2289, 963, 2486, 1957, 2577, 1963, 1443, 2465, 1537, 2710, 2070, 6406, 2162, 1923, 5185, 2044, 2199, 2414, 2678, 5420, 2828, 1750, 2628, 2571, 3808, 2302, 3440, 3291, 1791, 3247, 1715, 2401, 1825, 903, 5394, 3029, 5802, 2401, 3363, 2445, 1703, 2178, 1158, 3013, 2566, 2149, 2248, 3097, 736, 3342, 1004, 915, 2314, 1834, 2283, 1551, 1244, 3985, 3644, 2259, 2484, 2053, 2449, 1222, 1118, 7396, 1950, 3306, 2160, 1720, 1245, 3113, 2615, 2255, 3945, 1497, 3282, 3167, 2562, 4750, 1616, 1791, 2121, 1127, 3073, 3197, 2205, 469, 2399, 3087, 2252, 1533, 1634, 676, 3139, 2545, 1520, 3266, 2150, 4954, 3256, 1518, 2738, 2489, 5407, 1994, 3099, 2900, 1618, 5865, 3307, 1772, 5970, 2413, 1691, 1510, 2171, 1583, 1201, 2269, 2963, 1528, 4144, 2256, 3111, 3459, 2037, 2941)
(50, 215): Mean: 2442.3, median: 2201.5, std: 1326.906, percent: 2355.86, B: 141, W: 109, 
	(3362, 1395, 1764, 10813, 2857, 2489, 1288, 2210, 1185, 2799, 1972, 1759, 1524, 2675, 3252, 1413, 3866, 4099, 2270, 3829, 1737, 1049, 2523, 1470, 2071, 2099, 1632, 2298, 1744, 2133, 3910, 3624, 4828, 1354, 1365, 2351, 1555, 2102, 2354, 2579, 1108, 2706, 1712, 2193, 1867, 3136, 1572, 1075, 5968, 2560, 1112, 2235, 1301, 599, 1816, 5911, 808, 1017, 4641, 3095, 2533, 3869, 2950, 2394, 2549, 5375, 2162, 1393, 691, 2426, 1649, 3333, 2365, 2607, 1829, 2280, 1635, 1065, 1887, 1320, 1477, 1107, 2948, 1271, 1670, 1658, 1432, 824, 1595, 1755, 1586, 1122, 2619, 2183, 6627, 3031, 1191, 1228, 2222, 976, 2452, 3736, 1730, 3165, 2400, 1814, 963, 581, 2143, 3274, 3447, 1236, 2576, 1215, 1285, 2252, 1927, 2057, 1511, 2432, 3898, 2053, 2362, 830, 2633, 1764, 2699, 1785, 1474, 2369, 1499, 2814, 2327, 6763, 1859, 1764, 4661, 2091, 2333, 2407, 2556, 4516, 2870, 1748, 2800, 2452, 4136, 2113, 3416, 2845, 1920, 4078, 1843, 2126, 1821, 997, 4995, 2872, 6576, 1736, 3419, 2378, 1812, 1917, 1101, 3252, 2932, 2324, 2292, 2952, 827, 3264, 923, 782, 1918, 1687, 2223, 1492, 1472, 3314, 3312, 2116, 2366, 1989, 2392, 1410, 1102, 8808, 2028, 3207, 2504, 1653, 1219, 3388, 2627, 2143, 3674, 1465, 3842, 3103, 2189, 5248, 1536, 1738, 2448, 1130, 2944, 2905, 2112, 473, 2487, 3408, 1979, 1480, 1710, 633, 2986, 2439, 2017, 3410, 2147, 4110, 3800, 1759, 3054, 2387, 5631, 1996, 2813, 2554, 1816, 5315, 2945, 1950, 6253, 2281, 1835, 1542, 2151, 1541, 1272, 2239, 2721, 1516, 4972, 2532, 3255, 3025, 2211, 3189)
(52, 222): Mean: 2449.052, median: 2176.0, std: 1380.266, percent: 2366.22, B: 131, W: 117, 
	(3024, 1422, 1889, 12712, 3233, 2417, 1274, 2334, 1188, 2614, 1827, 1856, 1413, 2284, 4229, 1505, 4831, 3940, 2429, 3465, 1945, 1076, 2367, 1444, 2416, 1885, 1301, 2666, 2019, 2159, 3860, 2931, 4386, 1353, 1164, 2355, 1651, 2341, 2445, 2015, 1076, 3081, 1688, 2485, 1720, 3387, 1516, 1169, 5857, 2648, 1110, 2044, 1391, 509, 1784, 5903, 926, 1033, 4146, 3389, 2847, 3751, 2745, 2359, 2972, 5020, 2211, 1330, 813, 2211, 1650, 3613, 2690, 2269, 1876, 2233, 1452, 1182, 1907, 1372, 1637, 1126, 2885, 1451, 1562, 1469, 1380, 777, 1538, 1717, 1580, 1012, 2459, 2260, 6898, 3040, 1164, 1169, 2315, 1083, 2274, 4244, 1661, 3143, 2730, 1963, 993, 599, 2215, 3295, 3510, 1151, 2710, 1248, 1265, 2004, 2055, 2177, 1358, 2411, 4403, 2136, 2038, 830, 2547, 1777, 2493, 2004, 1512, 2295, 1685, 2612, 1818, 5573, 2069, 2004, 4803, 2100, 2304, 2242, 2705, 6336, 3058, 1746, 2670, 2619, 4563, 2036, 3520, 2951, 1853, 3373, 2151, 2132, 1838, 927, 4883, 3351, 6120, 1982, 3555, 2630, 2089, 2175, 1069, 3138, 2612, 2202, 2186, 2876, 751, 3278, 919, 941, 2042, 1606, 2182, 1492, 1225, 3663, 3424, 1764, 2138, 1872, 2616, 1266, 994, 7040, 1629, 3047, 2097, 1654, 1198, 3265, 3048, 2225, 3743, 1536, 3310, 3632, 2084, 4890, 1497, 1714, 2274, 1313, 2978, 2976, 2185, 557, 2515, 3559, 2100, 1362, 1705, 632, 3126, 2264, 1607, 3053, 1897, 4591, 3224, 1477, 2705, 2083, 6206, 1806, 2748, 2509, 1701, 5374, 3406, 1728, 6526, 2260, 1683, 1717, 2020, 1466, 1271, 2222, 3261, 1473, 6047, 2407, 3044, 3226, 2032, 3016)
(53, 223): Mean: 2430.968, median: 2146.0, std: 1352.638, percent: 2321.68, B: 132, W: 117, 
	(2718, 1582, 1733, 12766, 3096, 2363, 1502, 2006, 1059, 2829, 1931, 1661, 1533, 2392, 3575, 1488, 4155, 4543, 2311, 3752, 1761, 980, 2416, 1367, 2291, 1804, 1330, 2495, 1892, 2208, 3670, 2370, 4241, 1361, 1217, 2433, 1553, 2075, 2097, 2101, 1135, 2551, 1524, 2283, 2132, 2998, 1512, 1320, 5488, 2599, 1114, 2303, 1417, 490, 1650, 5404, 793, 1133, 4244, 2904, 2618, 4086, 2887, 2514, 3059, 4805, 2049, 1462, 687, 2744, 1634, 4693, 2820, 2187, 1895, 2302, 1446, 1190, 1749, 1331, 1750, 1103, 3003, 1341, 1582, 1526, 1285, 848, 1584, 1688, 1464, 1170, 2428, 2266, 6044, 3153, 1158, 1256, 2391, 1047, 2416, 4350, 1540, 3076, 2675, 1956, 964, 577, 2113, 3329, 2692, 1486, 2284, 1280, 1198, 1659, 1969, 2043, 1344, 2593, 4376, 2078, 2356, 954, 2490, 1976, 2449, 1825, 1541, 2737, 1591, 2726, 1944, 6357, 1889, 2087, 5146, 2127, 2455, 2404, 2860, 5595, 3077, 1558, 2776, 2508, 4074, 2141, 3728, 2984, 1820, 3409, 1694, 2114, 1656, 905, 4626, 2599, 6192, 2390, 3242, 2640, 1873, 2185, 1043, 2915, 2504, 2077, 2022, 2798, 772, 3193, 865, 896, 2128, 1663, 2156, 1524, 1353, 3485, 3770, 2151, 1916, 2126, 2360, 1168, 1089, 7957, 2029, 3226, 2359, 1688, 1197, 3649, 2961, 2183, 3681, 1520, 3131, 3566, 2488, 4014, 1491, 1820, 2232, 1242, 2689, 3209, 1780, 567, 2849, 3411, 2021, 1367, 1563, 636, 3135, 2817, 1610, 3431, 2217, 4315, 3275, 1709, 3184, 2595, 6076, 1885, 3032, 2409, 1672, 5687, 3187, 1760, 5226, 2046, 1718, 1533, 2029, 1551, 1249, 2222, 3073, 1448, 5525, 2332, 3344, 3204, 2052, 3100)
(54, 226): Mean: 2409.132, median: 2198.5, std: 1267.281, percent: 2338.4, B: 127, W: 123, 
	(2499, 1490, 1909, 12385, 3143, 2326, 1277, 2226, 1243, 2451, 1884, 1836, 1452, 2359, 3771, 1455, 4104, 4017, 2132, 3515, 1713, 1013, 2503, 1461, 2163, 1855, 1351, 2457, 1790, 2172, 3298, 2749, 3783, 1460, 1149, 2571, 1697, 2698, 2269, 2304, 1289, 3114, 1599, 2028, 1885, 3359, 1494, 1245, 5555, 2399, 1048, 2333, 1376, 413, 1741, 5698, 842, 1090, 3883, 3591, 2446, 3952, 3159, 2444, 2668, 5276, 2064, 1390, 736, 2524, 1715, 4382, 2435, 2555, 2004, 2478, 1340, 1149, 1818, 1502, 1636, 1121, 3077, 1246, 1606, 1522, 1505, 831, 1669, 1679, 1534, 1181, 2509, 2872, 6016, 2991, 1330, 1131, 2317, 1129, 2560, 4382, 1809, 2769, 2805, 2008, 922, 592, 1885, 3093, 3351, 1301, 2281, 1310, 1263, 2394, 2186, 1869, 1296, 2742, 4424, 2240, 2101, 781, 2804, 1876, 2336, 2075, 1483, 2684, 1527, 2733, 1799, 5780, 1931, 1751, 4778, 2139, 2230, 2531, 2592, 5869, 3062, 1707, 2915, 2430, 4098, 2193, 3254, 2997, 1813, 3107, 1687, 2153, 2001, 816, 3606, 2969, 4934, 2128, 2948, 3036, 1897, 2305, 1099, 2984, 2894, 1911, 2199, 2981, 770, 2810, 906, 969, 2078, 1563, 2212, 1388, 1424, 3529, 3558, 2391, 2295, 2096, 2489, 1221, 1048, 6158, 1985, 3297, 2198, 1417, 1130, 3395, 2696, 2148, 3881, 1443, 2907, 3030, 2220, 4587, 1617, 1798, 2053, 1103, 2822, 3441, 2120, 487, 2366, 3112, 2173, 1470, 1785, 677, 3245, 2356, 1843, 3397, 2307, 3912, 3477, 1534, 3221, 2227, 6042, 1939, 2768, 2858, 1758, 4977, 3144, 2110, 4942, 2030, 1764, 1600, 2090, 1447, 1295, 2297, 2629, 1374, 4351, 2311, 3510, 3007, 2512, 3489)
(56, 238): Mean: 2433.796, median: 2147.0, std: 1317.59, percent: 2399.74, B: 128, W: 122, 
	(2813, 1449, 1743, 11080, 2703, 2304, 1116, 1967, 1343, 2648, 1824, 1956, 1440, 2080, 3510, 1577, 3580, 4114, 2772, 3777, 1637, 1066, 2315, 1474, 2317, 1879, 1283, 2716, 1736, 2038, 3402, 3134, 4195, 1378, 1178, 2443, 1467, 1989, 2476, 2292, 1287, 2666, 1557, 2220, 1587, 3255, 1451, 1138, 5701, 2511, 1256, 2265, 1607, 431, 1869, 5679, 929, 1245, 4376, 3698, 2539, 3803, 2846, 2281, 2625, 5952, 2387, 1475, 716, 3199, 1475, 3947, 2215, 2290, 2121, 2148, 1394, 983, 1926, 1397, 1547, 1073, 2912, 1319, 1553, 1604, 1253, 852, 1533, 1754, 1446, 1282, 2537, 2353, 5945, 3073, 1188, 1182, 2232, 1024, 2703, 4126, 1687, 3009, 2966, 1890, 1078, 501, 2357, 3766, 3507, 1224, 2738, 1375, 1188, 2086, 2002, 1914, 1197, 2761, 4572, 1979, 1997, 992, 2763, 1878, 2423, 1871, 1464, 2868, 1542, 2420, 1900, 5455, 1949, 1847, 4372, 2040, 1997, 2396, 2821, 6268, 2612, 1910, 2965, 2554, 4501, 2168, 3409, 3635, 1771, 3755, 1762, 2168, 2092, 831, 3977, 3094, 6093, 1944, 3270, 2677, 2023, 2212, 1024, 3101, 2785, 1934, 2253, 2695, 807, 2751, 972, 860, 2094, 1836, 2082, 1794, 1354, 3256, 3513, 2014, 2138, 2275, 2271, 1149, 977, 8267, 1900, 3612, 2044, 1478, 1118, 3480, 2762, 1946, 3441, 1524, 3855, 3020, 2146, 5022, 1539, 1795, 2484, 1199, 2703, 3265, 2199, 445, 2530, 3155, 2007, 1311, 1602, 636, 3825, 2886, 1569, 3286, 2003, 3710, 3752, 1584, 2772, 2179, 5706, 2016, 2985, 2852, 1601, 5900, 3769, 1969, 6279, 2291, 2033, 1603, 1955, 1407, 1233, 2388, 2611, 1461, 4356, 2486, 3255, 3304, 2423, 2948)
(62, 271): Mean: 2445.756, median: 2190.5, std: 1358.806, percent: 2322.58, B: 125, W: 124, 
	(2998, 1334, 1656, 12400, 2922, 2231, 1158, 2142, 1231, 2800, 1778, 1654, 1426, 2397, 3482, 1577, 4137, 3785, 2363, 3627, 1693, 1042, 2230, 1527, 2171, 1855, 1459, 2479, 1887, 2259, 4219, 2835, 4796, 1324, 1084, 2618, 1445, 2286, 2482, 2433, 1271, 2732, 1727, 2072, 1713, 3189, 1562, 1379, 6983, 2820, 1129, 2093, 1378, 356, 1821, 4569, 951, 1164, 4207, 3081, 2577, 4265, 3259, 2599, 2587, 5604, 2254, 1634, 726, 2692, 1462, 4171, 2446, 2125, 1774, 2831, 1504, 1231, 1875, 1364, 1683, 1079, 3073, 1208, 1743, 1738, 1329, 824, 1646, 1705, 1640, 1137, 2592, 2432, 5508, 2808, 1252, 1277, 2294, 1163, 2401, 4887, 1734, 3185, 2911, 1798, 968, 675, 2139, 3527, 2918, 1299, 2397, 1256, 1210, 2247, 1929, 1946, 1440, 2222, 5011, 1971, 2173, 792, 2462, 1914, 2400, 2191, 1402, 2453, 1541, 2597, 2190, 5202, 2255, 1690, 4756, 2157, 2443, 2434, 2941, 5369, 2885, 1616, 2488, 2511, 3832, 2326, 2869, 3182, 1736, 3389, 1986, 1985, 1881, 746, 4389, 3407, 6064, 1879, 3324, 2682, 1983, 1924, 1045, 2906, 2554, 2103, 2177, 3095, 809, 2986, 903, 963, 1979, 1796, 2093, 1503, 1246, 3807, 3863, 2106, 2187, 1878, 2347, 1166, 1065, 8272, 1822, 3697, 2610, 1651, 1060, 3163, 2787, 2398, 4223, 1534, 3203, 2868, 2356, 4130, 1729, 1913, 2224, 1125, 2417, 3228, 2259, 432, 2703, 3406, 1791, 1516, 1767, 629, 3400, 2666, 1539, 3204, 2409, 4137, 4101, 1633, 2936, 1955, 6885, 1842, 3234, 2795, 1573, 5476, 3053, 1924, 6188, 1964, 1639, 1510, 2054, 1628, 1461, 2413, 2693, 1659, 4905, 2477, 3162, 3107, 2392, 2888)
(63, 277): Mean: 2426.02, median: 2174.5, std: 1355.244, percent: 2288.7, B: 131, W: 119, 
	(3203, 1361, 1772, 13440, 2681, 2372, 1231, 2102, 1174, 2592, 1773, 2002, 1506, 2375, 3592, 1306, 4072, 4133, 2168, 4100, 1427, 1058, 2399, 1345, 2051, 1872, 1242, 2462, 1873, 2120, 3509, 2760, 4193, 1298, 1409, 2198, 1474, 2525, 2283, 2597, 1329, 3012, 1747, 2317, 1802, 3308, 1543, 1421, 6007, 2652, 1068, 2004, 1328, 488, 1771, 5350, 827, 1049, 3933, 3067, 2743, 4381, 2867, 2184, 2765, 4741, 2117, 1383, 815, 2953, 1416, 3955, 2491, 2478, 2025, 2696, 1619, 1186, 1735, 1391, 1634, 1072, 2914, 1436, 1563, 1693, 1255, 837, 1469, 1932, 1530, 926, 2590, 2242, 6076, 2907, 1277, 1290, 2489, 1185, 2403, 3983, 1725, 3587, 2610, 1919, 1047, 529, 2061, 3330, 2779, 1352, 2434, 1118, 1277, 2173, 2026, 2084, 1455, 2561, 4214, 2038, 1997, 849, 2740, 1815, 2554, 2094, 1554, 2256, 1777, 2845, 2114, 6154, 2054, 1801, 4215, 2254, 2420, 2299, 2771, 5896, 2585, 1683, 3152, 2440, 4322, 2280, 3046, 2941, 1853, 3261, 1919, 2134, 1883, 887, 3919, 3281, 5361, 1815, 3157, 2805, 2002, 2209, 1066, 2904, 2522, 1974, 2023, 2974, 745, 3212, 981, 903, 2179, 1698, 1964, 1786, 1288, 3822, 3014, 2217, 2591, 1957, 2551, 1288, 1101, 8278, 1843, 3716, 2458, 1736, 1052, 3185, 2607, 2244, 4269, 1537, 3230, 2757, 2352, 4946, 1709, 1850, 2552, 1197, 2827, 3167, 2252, 501, 2435, 2951, 2081, 1353, 1596, 624, 3212, 2389, 1603, 3779, 2103, 3910, 3147, 1754, 2774, 2111, 6558, 1931, 2854, 2268, 1778, 5521, 2719, 1730, 4964, 2230, 1843, 1506, 2018, 1436, 1249, 2225, 2744, 1328, 4652, 2176, 3677, 3480, 2130, 3211)
(66, 294): Mean: 2425.592, median: 2194.0, std: 1302.452, percent: 2392.18, B: 126, W: 122, 
	(2697, 1497, 2113, 11384, 2884, 2371, 1257, 2173, 1298, 3213, 1673, 1728, 1473, 2491, 3586, 1502, 3264, 4081, 2416, 3544, 1570, 1029, 2763, 1301, 2033, 1930, 1329, 2479, 1770, 2269, 3524, 2745, 4416, 1255, 1232, 2480, 1558, 2446, 2150, 2277, 1229, 2829, 1591, 2368, 1943, 3273, 1486, 1228, 6507, 2673, 965, 2080, 1349, 516, 1725, 5182, 842, 1056, 3675, 3382, 2470, 4215, 2925, 2628, 2790, 5111, 2206, 1372, 740, 2608, 1496, 4602, 2541, 2266, 1793, 2404, 1452, 1252, 1984, 1289, 1608, 1062, 3159, 1348, 1504, 1566, 1397, 765, 1605, 1768, 1527, 1182, 2265, 2548, 5274, 2774, 1274, 1197, 2299, 1155, 2451, 4453, 1917, 3570, 3153, 1974, 1168, 709, 2090, 3840, 3161, 1364, 2594, 1331, 1285, 2183, 2006, 2289, 1395, 2349, 5143, 1982, 2370, 869, 2690, 1943, 2384, 2143, 1646, 2481, 1556, 2625, 1856, 6184, 2210, 1779, 4562, 1886, 2327, 2420, 2515, 5934, 2453, 1587, 2884, 2440, 4121, 2351, 3591, 2930, 1929, 3355, 1809, 2107, 1820, 899, 4000, 3444, 6137, 2166, 3224, 2311, 1891, 1955, 1093, 3047, 2894, 1923, 2205, 2772, 742, 2791, 938, 887, 2095, 1651, 2226, 1463, 1330, 4049, 3557, 2134, 1988, 1895, 2369, 1179, 1045, 7053, 2048, 3496, 2277, 1396, 1095, 3559, 2674, 2307, 3603, 1430, 3511, 3450, 2223, 5041, 1654, 1925, 2148, 1292, 2667, 3168, 2400, 475, 2300, 3119, 2095, 1341, 1707, 820, 2947, 2362, 1618, 3104, 2019, 4535, 3583, 1606, 3048, 2111, 6799, 1801, 2969, 2758, 1750, 5269, 2689, 1737, 5750, 1941, 1625, 1649, 1992, 1576, 1236, 2316, 2512, 1430, 4137, 2249, 3540, 3246, 2134, 3101)
(67, 298): Mean: 2425.5, median: 2181.0, std: 1366.358, percent: 2368.0, B: 132, W: 117, 
	(2924, 1459, 1696, 13538, 2623, 2371, 1230, 2038, 1189, 2869, 1885, 2060, 1378, 2187, 3959, 1521, 3669, 4731, 2266, 3793, 1681, 1126, 2506, 1307, 2299, 1731, 1276, 2607, 2033, 1996, 3251, 2372, 4008, 1187, 1208, 2142, 1573, 2346, 2304, 2520, 1254, 2768, 1561, 2191, 1784, 3628, 1446, 1322, 6111, 2671, 1116, 2175, 1239, 504, 1754, 5056, 850, 885, 4498, 3101, 2285, 4084, 3141, 2565, 2591, 4743, 2101, 1540, 716, 2967, 1524, 3997, 2573, 2635, 1762, 2267, 1711, 1141, 1874, 1406, 1528, 1097, 3530, 1404, 1525, 1448, 1342, 785, 1506, 1463, 1475, 1213, 2642, 2508, 5341, 2839, 1332, 1115, 2323, 1281, 2369, 4196, 1639, 3814, 2662, 1795, 1130, 606, 1976, 3132, 2588, 1294, 2718, 1401, 1217, 2408, 2005, 2283, 1215, 2360, 4480, 1999, 2115, 811, 2523, 1876, 2503, 1896, 1314, 2305, 1542, 2359, 1744, 5181, 1874, 1682, 4353, 1932, 2238, 2412, 2814, 5937, 2706, 1723, 2912, 2878, 3807, 2406, 3354, 3129, 1850, 3194, 1938, 2333, 1928, 733, 3927, 3507, 5537, 2159, 3435, 2225, 2157, 1980, 1062, 2849, 2361, 1962, 2008, 3211, 792, 2961, 849, 1069, 1998, 1723, 2033, 1431, 1337, 3649, 4090, 2087, 2087, 2175, 2502, 1173, 1044, 7310, 2228, 3730, 2305, 1562, 1101, 3290, 2732, 2174, 3585, 1541, 3954, 3025, 1919, 5770, 1592, 1609, 2247, 1221, 2747, 3255, 2274, 439, 2606, 3259, 2262, 1467, 1605, 696, 2912, 2406, 1626, 3668, 2015, 4342, 3090, 1525, 3651, 2299, 6154, 1904, 2781, 2656, 1792, 5039, 2925, 1843, 6882, 2106, 1826, 1434, 2145, 1470, 1156, 2603, 2654, 1447, 4997, 2250, 3379, 3168, 2263, 3400)
(68, 304): Mean: 2423.572, median: 2141.5, std: 1341.495, percent: 2283.02, B: 127, W: 121, 
	(2860, 1388, 1725, 12361, 3127, 2199, 1252, 1988, 1248, 2764, 1985, 2048, 1469, 2524, 4003, 1490, 3268, 4198, 2169, 3889, 1652, 1060, 2742, 1336, 1961, 2041, 1273, 2453, 1722, 2076, 3400, 2727, 3756, 1238, 1137, 2382, 1473, 3107, 2120, 2418, 1285, 3047, 1738, 2733, 1605, 3684, 1579, 1242, 5781, 2665, 1030, 2335, 1395, 387, 1731, 5003, 876, 1111, 4200, 2975, 2550, 3786, 3004, 2413, 2539, 4854, 2249, 1287, 773, 2642, 1524, 4092, 2623, 2230, 1765, 2253, 1663, 1074, 1822, 1273, 1562, 1143, 2611, 1380, 1544, 1429, 1321, 930, 1584, 1724, 1631, 1190, 2471, 2240, 6424, 2958, 1234, 1175, 2114, 1062, 2070, 4196, 1455, 3341, 3031, 1794, 976, 645, 2259, 3177, 3156, 1323, 2357, 1346, 1159, 2246, 1896, 1953, 1427, 2745, 4716, 1968, 2223, 741, 2440, 1997, 2541, 2060, 1392, 2338, 1590, 2962, 2139, 5974, 1809, 1810, 4900, 1880, 2644, 2329, 2678, 7080, 2757, 1617, 2817, 2631, 4006, 2061, 3703, 3423, 1718, 3153, 2101, 2165, 1935, 798, 4121, 3222, 4977, 2193, 3065, 2729, 1844, 2057, 1032, 2832, 2388, 1916, 2368, 3110, 838, 3088, 1072, 949, 2380, 1554, 2469, 1524, 1354, 3797, 3770, 2200, 1960, 2124, 2522, 1209, 1074, 7467, 2107, 3534, 2137, 1551, 1071, 3028, 2649, 2364, 3474, 1675, 3171, 3065, 2144, 4769, 1617, 1841, 2307, 1222, 2854, 3141, 1925, 470, 2574, 3081, 1974, 1462, 1630, 537, 3132, 2596, 1546, 3192, 2042, 4184, 3368, 1705, 3300, 2160, 6392, 1773, 2919, 2631, 1565, 6015, 2813, 1819, 6037, 2056, 1663, 1684, 2077, 1547, 1230, 1983, 2687, 1644, 5240, 2517, 3231, 3209, 1897, 3238)
(70, 314): Mean: 2405.892, median: 2128.0, std: 1313.122, percent: 2349.16, B: 127, W: 123, 
	(2636, 1401, 1957, 12662, 3195, 2396, 1297, 2231, 1245, 2450, 1851, 2112, 1271, 2245, 3402, 1473, 3506, 4222, 2205, 4328, 1941, 1054, 2347, 1242, 2000, 1946, 1286, 2528, 1932, 2254, 3584, 2825, 3768, 1234, 1191, 2632, 1573, 2307, 2053, 2417, 1180, 2849, 1606, 2149, 1301, 3519, 1423, 1246, 5350, 2427, 1293, 2134, 1477, 486, 1781, 4651, 812, 865, 4366, 3234, 2572, 4357, 3481, 2355, 2843, 4291, 2160, 1516, 797, 2414, 1460, 3799, 3083, 2404, 1941, 2306, 1870, 1198, 2006, 1464, 1679, 1129, 2869, 1313, 1569, 1496, 1356, 814, 1618, 1774, 1599, 1029, 2847, 2001, 5269, 3035, 1213, 1219, 2717, 1118, 2346, 4555, 1673, 3441, 2721, 1882, 1216, 604, 1940, 2929, 3288, 1208, 2590, 1477, 1382, 2863, 2120, 2013, 1371, 3060, 5424, 1919, 2200, 825, 2494, 1797, 2422, 1954, 1485, 2715, 1461, 2960, 2096, 6491, 1820, 1891, 4508, 2097, 1985, 2374, 2567, 4696, 2912, 1598, 2595, 2431, 3667, 1968, 3366, 2799, 1743, 3803, 1849, 2077, 1686, 805, 4632, 3081, 4976, 1724, 3259, 2533, 1873, 1906, 1047, 3332, 2397, 1885, 2122, 2903, 764, 2998, 925, 897, 2230, 1616, 2136, 1721, 1490, 3639, 3564, 1885, 1828, 1800, 2402, 1119, 956, 8043, 1920, 3318, 2685, 1678, 1028, 3387, 2786, 2176, 3445, 1528, 3545, 3002, 2060, 4398, 1630, 1599, 2394, 1125, 3106, 2948, 2155, 434, 2556, 2858, 1979, 1413, 1849, 574, 3017, 2750, 1718, 3007, 2051, 4347, 3602, 1602, 2720, 2102, 5866, 1760, 2675, 2889, 1774, 5593, 2559, 1868, 5590, 2145, 1524, 1595, 2212, 1601, 1249, 2403, 2950, 1430, 5205, 2426, 3144, 3346, 2030, 2976)
(71, 319): Mean: 2404.98, median: 2184.5, std: 1321.071, percent: 2286.7, B: 130, W: 120, 
	(2888, 1380, 1907, 13064, 2977, 2189, 1202, 2184, 1275, 2933, 1631, 2033, 1417, 2246, 3711, 1435, 3619, 4723, 2392, 3548, 1828, 1160, 2361, 1403, 2304, 2081, 1274, 2607, 1826, 2136, 3699, 3079, 4140, 1243, 1275, 2310, 1435, 2513, 2340, 2346, 1193, 2752, 1600, 2413, 1500, 3203, 1545, 1202, 6084, 2632, 1100, 2324, 1259, 485, 1675, 5045, 860, 1073, 3646, 2995, 2574, 4443, 3440, 2276, 2624, 5223, 2171, 1497, 686, 2526, 1592, 4308, 2872, 2265, 1745, 2266, 1435, 1209, 1743, 1288, 1685, 1299, 2675, 1273, 1555, 1530, 1264, 902, 1668, 1689, 1509, 961, 2760, 2564, 6071, 3036, 1183, 1212, 2230, 1115, 2304, 4103, 1457, 3375, 2649, 1826, 1086, 541, 2044, 3160, 3108, 1214, 2592, 1324, 1406, 2424, 2006, 2027, 1218, 2528, 4238, 1805, 2244, 758, 2487, 1966, 2461, 1737, 1284, 2534, 1633, 2593, 2105, 6150, 1951, 2122, 4296, 1938, 2397, 2565, 2449, 5542, 3190, 1633, 2712, 2652, 3440, 2134, 3321, 2892, 1988, 3070, 1802, 2185, 1688, 844, 3920, 3420, 5413, 2050, 3158, 2446, 1694, 2045, 1077, 3298, 2569, 2010, 2157, 2805, 882, 2791, 985, 925, 2033, 1672, 2122, 1471, 1515, 3508, 4490, 1904, 2120, 1903, 2339, 1200, 1120, 6508, 1775, 3068, 2229, 1668, 979, 3103, 2710, 2359, 3400, 1571, 3077, 2845, 2632, 4779, 1527, 1632, 2338, 1351, 3072, 3323, 1958, 521, 2464, 3107, 2086, 1323, 1727, 666, 3176, 2504, 1445, 3338, 1913, 4056, 3323, 1572, 3002, 2297, 5740, 2023, 2803, 2635, 1652, 6374, 2809, 1969, 5242, 2263, 1793, 1575, 2029, 1660, 1190, 2585, 3109, 1294, 5030, 2298, 3138, 3277, 2153, 2876)
(72, 325): Mean: 2428.672, median: 2157.0, std: 1346.274, percent: 2379.04, B: 125, W: 124, 
	(2947, 1403, 1895, 13214, 3376, 2337, 1235, 2053, 1148, 2670, 1986, 1842, 1383, 2475, 3562, 1358, 3402, 4190, 2388, 3707, 1733, 1094, 2493, 1392, 1975, 2105, 1433, 2804, 1707, 2332, 3601, 3077, 4571, 1312, 1300, 2144, 1579, 2388, 2175, 2654, 1254, 2806, 1493, 2061, 1869, 3461, 1757, 1296, 4768, 2985, 1078, 2086, 1441, 581, 1710, 4651, 864, 1167, 4216, 3606, 2449, 3734, 3091, 2163, 3024, 5083, 2230, 1485, 785, 2355, 1509, 3724, 2693, 2453, 1950, 2387, 1526, 1146, 1741, 1377, 1625, 1157, 2797, 1337, 1609, 1504, 1377, 789, 1680, 1625, 1463, 1067, 2445, 2446, 6128, 3026, 1246, 1211, 2179, 1099, 2465, 3707, 1841, 3640, 2391, 1852, 978, 670, 2002, 3477, 3045, 1259, 2773, 1358, 1343, 2169, 2163, 1944, 1236, 2500, 4284, 1973, 2219, 892, 2525, 1879, 2677, 1776, 1672, 2740, 1479, 2839, 2086, 6060, 1940, 2161, 5480, 2095, 2061, 2762, 2759, 5592, 3045, 1568, 2882, 2448, 4126, 2077, 4323, 3357, 1719, 3425, 1797, 1998, 1692, 843, 4532, 3396, 4691, 1832, 3116, 2583, 1731, 1961, 1017, 2973, 2459, 2069, 2137, 2709, 772, 2608, 932, 846, 1928, 1665, 2318, 1471, 1313, 3558, 4116, 1997, 2155, 2134, 2805, 1179, 1237, 7955, 2061, 3428, 2159, 1461, 1084, 3394, 2723, 2507, 3880, 1606, 3397, 3231, 2058, 4660, 1581, 1871, 2167, 1164, 2601, 3155, 2178, 399, 2504, 2742, 2192, 1610, 1671, 545, 2762, 2638, 1803, 3253, 1945, 5185, 3405, 1506, 2948, 2184, 6117, 2020, 2992, 2381, 1598, 6031, 2912, 1896, 5397, 2155, 1723, 1463, 2095, 1745, 1231, 2178, 3102, 1288, 4549, 2449, 2986, 3732, 2229, 2677)
(74, 336): Mean: 2411.408, median: 2141.0, std: 1325.768, percent: 2362.26, B: 135, W: 115, 
	(2789, 1398, 1838, 12948, 3282, 2272, 1231, 1947, 1173, 2642, 1730, 2035, 1462, 2505, 3671, 1361, 3590, 4337, 2512, 2852, 1827, 1168, 2665, 1241, 2130, 1906, 1292, 2681, 1961, 2116, 3408, 2811, 4566, 1329, 1096, 2028, 1546, 2257, 2182, 2358, 1219, 2881, 1652, 2359, 1641, 3785, 1406, 1289, 5354, 2649, 1069, 2143, 1373, 385, 1741, 5494, 851, 923, 4084, 2930, 2312, 3640, 3084, 2313, 2540, 4209, 2177, 1370, 800, 2645, 1539, 4044, 2517, 2172, 1947, 2407, 1649, 1096, 1825, 1257, 1613, 1084, 3396, 1321, 1517, 1605, 1303, 839, 1488, 2018, 1377, 1052, 2335, 2095, 7460, 3120, 1266, 1160, 2094, 1077, 2513, 4657, 1583, 3560, 2560, 1805, 1063, 648, 1938, 3075, 3388, 1346, 2644, 1329, 1352, 2212, 1888, 2129, 1714, 2358, 4381, 1803, 2324, 704, 2737, 1882, 2606, 2157, 1406, 2297, 1568, 2444, 2053, 6362, 1924, 1884, 3801, 1906, 2346, 2270, 2559, 5634, 2902, 1658, 2607, 3100, 3684, 1942, 3903, 3372, 1880, 3760, 1768, 2282, 1949, 820, 4430, 2857, 5697, 1750, 3429, 2749, 1883, 1962, 1056, 2889, 2629, 1976, 2343, 2988, 768, 3401, 1000, 1038, 2139, 1700, 2157, 1859, 1384, 3179, 3507, 1953, 2206, 1859, 2456, 1221, 943, 5945, 2063, 3531, 2273, 1624, 1087, 3600, 2753, 2317, 3879, 1489, 3126, 3050, 2056, 4974, 1519, 1793, 2319, 1100, 2884, 3101, 2511, 577, 2552, 3006, 2025, 1311, 1745, 725, 3403, 2330, 1514, 3902, 2215, 4695, 3248, 1702, 3046, 2134, 5200, 1856, 2787, 2385, 1821, 5841, 3290, 1994, 4806, 2116, 1582, 1613, 2007, 1414, 1243, 2373, 2764, 1225, 5093, 2471, 3145, 3279, 2073, 3371)
(75, 342): Mean: 2425.856, median: 2131.0, std: 1326.244, percent: 2322.14, B: 129, W: 120, 
	(2771, 1469, 1856, 11329, 2595, 2378, 1225, 2096, 1212, 2841, 1762, 1869, 1376, 2293, 3866, 1402, 4190, 4669, 2265, 3823, 1821, 1190, 2434, 1235, 2083, 1860, 1289, 2649, 1766, 2034, 3715, 2663, 4194, 1234, 1236, 2435, 1642, 2153, 2158, 2366, 1215, 3192, 1562, 2126, 1862, 3266, 1634, 1125, 5071, 3034, 1069, 1990, 1456, 569, 1663, 4588, 836, 1062, 4173, 2982, 2436, 4225, 2832, 2303, 2672, 4872, 2054, 1511, 855, 2415, 1509, 3772, 2500, 2179, 1772, 2255, 1639, 1244, 2090, 1303, 1482, 1176, 3295, 1296, 1487, 1513, 1347, 747, 1509, 1736, 1472, 1136, 2438, 2317, 6519, 2906, 1346, 1266, 2103, 1167, 2252, 4863, 1606, 3476, 2647, 1754, 1110, 622, 2114, 3638, 3104, 1149, 2506, 1221, 1216, 2153, 2040, 2131, 1368, 2677, 4448, 1847, 2548, 727, 2653, 1895, 2490, 2083, 1420, 2819, 1550, 2407, 1938, 6034, 1841, 1996, 5259, 2054, 2524, 2412, 2605, 7290, 2729, 1697, 2538, 2773, 4959, 2195, 3144, 3062, 1994, 3363, 1876, 2131, 1878, 913, 4142, 2838, 5684, 1962, 3306, 2407, 2002, 1856, 1206, 3305, 2511, 2124, 2244, 3304, 810, 3029, 930, 904, 2132, 1674, 2327, 1790, 1454, 3390, 3963, 1715, 1995, 2029, 2487, 1211, 1038, 7069, 1874, 3398, 2138, 1627, 988, 3253, 2722, 2153, 4361, 1569, 3036, 2946, 2185, 5043, 1527, 1735, 2232, 1206, 3071, 2964, 2116, 459, 2980, 3068, 2160, 1520, 1723, 517, 3108, 2494, 1399, 3383, 2131, 4040, 3595, 1433, 2638, 2194, 6957, 1803, 3179, 2696, 1588, 4889, 3086, 1926, 5894, 2119, 1704, 1501, 2031, 1511, 1189, 2377, 3259, 1398, 4965, 2455, 3124, 3336, 2099, 3200)
(76, 344): Mean: 2398.352, median: 2177.0, std: 1287.905, percent: 2262.38, B: 131, W: 119, 
	(2940, 1339, 1727, 11597, 3108, 2438, 1245, 2188, 1250, 3019, 1837, 1978, 1259, 2161, 3713, 1525, 4356, 3922, 2081, 3914, 1612, 1094, 2289, 1185, 2438, 1820, 1297, 2198, 1920, 2164, 3718, 3008, 3901, 1283, 1225, 2424, 1594, 2179, 2265, 2298, 1282, 2909, 1539, 2315, 1556, 3249, 1511, 1280, 4872, 2535, 978, 2272, 1363, 549, 1784, 5461, 792, 939, 4288, 3220, 2342, 3809, 2640, 2644, 2544, 4630, 2175, 1598, 720, 2508, 1881, 3851, 2622, 2345, 2076, 2281, 1375, 1210, 1739, 1343, 1560, 1070, 2905, 1239, 1586, 1514, 1232, 837, 1629, 1695, 1492, 1063, 2492, 2235, 6421, 3318, 1246, 1280, 2259, 1258, 2307, 4251, 1518, 2892, 2501, 1865, 984, 587, 2058, 3430, 3167, 1303, 2358, 1229, 1382, 1867, 1939, 2000, 1440, 2328, 4398, 2065, 2414, 716, 2672, 2137, 2540, 1839, 1340, 2412, 1534, 2653, 2173, 5341, 2033, 1813, 5207, 2150, 2076, 2480, 3080, 6192, 2809, 1714, 2543, 2262, 4076, 2042, 3832, 3212, 1862, 3353, 1860, 2157, 1677, 850, 3904, 2791, 5783, 2034, 3063, 2555, 1874, 2147, 1075, 2888, 2739, 2270, 2307, 3101, 835, 2829, 1022, 954, 1829, 1636, 2246, 1635, 1425, 3414, 3772, 1942, 2058, 2182, 2707, 1108, 1009, 7364, 2048, 3111, 2087, 1730, 1224, 2811, 2703, 2374, 3666, 1496, 3529, 2856, 2324, 5033, 1493, 1702, 2478, 1284, 3201, 3237, 2185, 404, 2486, 2849, 1984, 1536, 1606, 697, 3094, 2430, 1602, 3163, 2211, 4084, 3178, 1607, 2842, 2386, 6387, 1707, 2697, 2893, 1592, 5752, 2836, 1843, 5464, 1874, 1745, 1455, 2114, 1662, 1105, 2117, 2842, 1650, 4631, 2446, 2834, 3743, 2326, 2857)
(79, 359): Mean: 2418.116, median: 2128.5, std: 1305.462, percent: 2303.98, B: 126, W: 124, 
	(2911, 1423, 1840, 11317, 3205, 2534, 1243, 1975, 1262, 2456, 1666, 1960, 1386, 2740, 3627, 1330, 3255, 4018, 2149, 3545, 1776, 1050, 2803, 1303, 2172, 1945, 1257, 2768, 1875, 2077, 3328, 2983, 4379, 1355, 1196, 2549, 1502, 2135, 2327, 2133, 1181, 3408, 1524, 2025, 1476, 3098, 1597, 1206, 6939, 2385, 1040, 2259, 1328, 435, 1758, 5073, 809, 1235, 4552, 3433, 2647, 4455, 3615, 2439, 2467, 5231, 2296, 1530, 625, 2786, 1440, 3864, 2709, 2312, 1956, 2516, 1395, 1164, 2107, 1338, 1646, 1235, 2634, 1329, 1584, 1431, 1404, 812, 1609, 1750, 1589, 898, 2495, 2118, 5654, 3003, 1083, 1314, 2495, 1015, 2244, 4379, 1588, 3137, 2820, 1818, 1047, 706, 2034, 3263, 2965, 1402, 2654, 1405, 1334, 2024, 2058, 1892, 1315, 2267, 5076, 1917, 2284, 763, 2747, 1884, 2503, 1866, 1623, 2291, 1454, 2834, 1972, 6002, 2093, 2000, 4961, 2041, 2331, 2468, 2768, 6588, 2993, 1732, 2821, 2486, 3663, 2159, 3298, 3184, 1908, 3684, 1777, 2110, 1935, 892, 3860, 3206, 4195, 1820, 2951, 2492, 1735, 2144, 1046, 2889, 2905, 2006, 2209, 3170, 777, 3114, 950, 805, 2118, 1529, 2285, 1705, 1325, 3762, 4197, 1934, 2078, 1988, 2573, 1270, 996, 6887, 1999, 3617, 2118, 1859, 1163, 3162, 2639, 2096, 3923, 1446, 2944, 3239, 2224, 4467, 1567, 1692, 2280, 1150, 2608, 3329, 2101, 481, 2882, 2843, 1995, 1565, 1720, 736, 3141, 2759, 1566, 3249, 2013, 3736, 3718, 1684, 3273, 2321, 6551, 1711, 3020, 2588, 1635, 6933, 3283, 1861, 5076, 2124, 1725, 1540, 2195, 1464, 1227, 2546, 2843, 1363, 4236, 2321, 2702, 3075, 2369, 2949)
(80, 360): Mean: 2412.68, median: 2147.0, std: 1326.003, percent: 2382.5, B: 131, W: 118, 
	(2612, 1332, 1777, 12859, 2846, 2392, 1362, 2252, 1099, 3039, 1689, 1938, 1387, 2045, 3513, 1224, 4387, 4478, 2681, 3837, 1553, 1074, 2313, 1410, 2280, 1855, 1283, 2248, 1878, 2151, 3425, 2946, 4062, 1354, 1167, 2238, 1575, 2226, 2183, 2200, 1091, 2585, 1575, 2135, 1559, 3204, 1549, 1060, 5921, 2421, 1063, 2240, 1302, 413, 1653, 5180, 810, 981, 3991, 3072, 2568, 4036, 3136, 2416, 2345, 5173, 1986, 1460, 832, 2550, 1655, 3676, 2698, 2312, 1960, 2089, 1722, 1221, 1937, 1340, 1540, 1049, 3256, 1287, 1714, 1433, 1435, 798, 1796, 1804, 1493, 951, 2510, 2498, 5368, 3042, 1272, 1152, 2310, 1027, 2775, 4341, 1584, 2749, 2719, 1952, 1169, 568, 2215, 3466, 3418, 1389, 2584, 1310, 1359, 1883, 2048, 2227, 1363, 2802, 4667, 2076, 2127, 831, 2375, 1892, 2706, 2033, 1382, 2338, 1701, 2956, 1819, 6183, 1995, 1774, 4760, 1933, 2142, 2348, 2645, 5982, 3321, 1806, 2668, 2504, 3962, 2137, 3508, 3308, 1807, 3716, 1918, 2198, 1879, 772, 4107, 3263, 4896, 2151, 3277, 2759, 1738, 2123, 1014, 2651, 2777, 1895, 2404, 2789, 746, 2733, 907, 1046, 2236, 1582, 2245, 1665, 1389, 3905, 3805, 1911, 2334, 2253, 2284, 1240, 1018, 6546, 2014, 3322, 2143, 1734, 1119, 3918, 2954, 2017, 3819, 1617, 3480, 3077, 2117, 5062, 1589, 1722, 2429, 1113, 2809, 3903, 2132, 496, 2692, 2704, 2059, 1312, 1531, 741, 2698, 2551, 1347, 3045, 1886, 3993, 3601, 1675, 2985, 2275, 6332, 1776, 2783, 2434, 1642, 5603, 3606, 1953, 5532, 2000, 1649, 1508, 1997, 1612, 1190, 2307, 2781, 1348, 4705, 2640, 3105, 3180, 2134, 3071)
(81, 364): Mean: 2409.024, median: 2138.5, std: 1298.767, percent: 2354.7, B: 126, W: 124, 
	(3028, 1335, 1746, 11357, 2654, 2379, 1226, 2037, 1327, 2716, 1905, 2118, 1513, 2238, 3627, 1452, 4202, 4932, 2625, 3552, 1827, 1076, 2597, 1299, 2283, 1900, 1371, 2498, 2055, 1999, 4016, 3086, 3719, 1261, 1177, 2165, 1595, 2132, 2286, 2113, 1209, 3023, 1633, 2048, 1530, 3698, 1512, 1232, 5763, 2461, 1070, 2169, 1447, 466, 1695, 5258, 834, 977, 3964, 3106, 2273, 3870, 2797, 2186, 2557, 4746, 2034, 1518, 798, 2380, 1405, 3336, 2469, 2542, 1925, 2204, 1481, 1232, 1764, 1386, 1628, 1177, 3829, 1225, 1544, 1621, 1407, 801, 1574, 1747, 1632, 990, 2761, 2322, 6966, 2890, 1180, 1222, 2482, 1128, 2501, 3811, 1572, 3582, 3005, 1761, 1056, 540, 1945, 3602, 3183, 1146, 2740, 1189, 1375, 1877, 2315, 2096, 1428, 2466, 4497, 1999, 2051, 913, 2508, 1834, 2384, 1658, 1522, 2553, 1607, 2499, 2072, 6102, 1949, 1957, 4527, 2106, 2245, 2263, 3046, 6421, 3133, 1703, 2801, 2385, 4090, 2315, 3076, 3162, 1878, 3190, 2033, 2137, 1874, 843, 4089, 2823, 5596, 1873, 3520, 2392, 1688, 2044, 1157, 3025, 2853, 1853, 2112, 2725, 705, 2696, 995, 1006, 2256, 1740, 2237, 1583, 1348, 3441, 3690, 2130, 2039, 1877, 2511, 1345, 1026, 7855, 2119, 2831, 2188, 1710, 1173, 3246, 2754, 2298, 4193, 1618, 3374, 3427, 2193, 4338, 1583, 1623, 2223, 1426, 2968, 3508, 2042, 455, 2477, 2988, 2143, 1377, 1582, 750, 3147, 2372, 1420, 3243, 2211, 4172, 3726, 1487, 2866, 2140, 5254, 2051, 3264, 2273, 1740, 6116, 3042, 2003, 5312, 2192, 1716, 1530, 1956, 1482, 1260, 2386, 3098, 1309, 4257, 2446, 3275, 2861, 1906, 2835)
(82, 368): Mean: 2459.204, median: 2164.0, std: 1530.952, percent: 2322.64, B: 129, W: 120, 
	(2766, 1470, 1950, 16352, 3767, 2514, 1318, 2189, 1277, 2921, 1697, 1960, 1419, 2254, 4133, 1320, 4709, 4633, 2344, 3090, 1774, 1089, 2683, 1232, 2183, 1815, 1231, 2321, 1880, 2143, 4113, 2441, 4372, 1211, 1155, 2121, 1561, 2327, 2468, 2203, 1180, 2704, 1505, 2342, 1462, 3637, 1427, 1085, 5130, 2716, 1163, 2220, 1528, 455, 1945, 5557, 749, 918, 4428, 2897, 2448, 3713, 3417, 2236, 2930, 4673, 2265, 1799, 743, 2609, 1434, 4713, 2708, 2540, 1914, 2067, 1689, 1200, 1910, 1357, 1539, 1171, 2860, 1307, 1559, 1598, 1270, 750, 1622, 1606, 1569, 882, 2421, 2242, 6741, 3295, 1180, 1265, 2183, 1298, 2463, 4483, 1587, 3399, 2457, 1693, 1161, 583, 1834, 3550, 2986, 1150, 2743, 1258, 1104, 1966, 1949, 2064, 1334, 2470, 4283, 1935, 1957, 806, 2732, 1888, 2820, 2137, 1582, 2514, 1526, 2528, 1935, 6723, 1902, 1812, 5546, 2086, 2359, 2316, 2773, 5530, 3007, 1651, 2640, 2304, 3755, 2102, 3223, 3446, 1630, 3121, 2134, 2252, 1835, 817, 4078, 3534, 5723, 1628, 3185, 2543, 2120, 2124, 985, 3515, 2749, 1997, 1948, 2806, 801, 3207, 932, 916, 2161, 1902, 2300, 1629, 1569, 3122, 3094, 1835, 2140, 2003, 2565, 1236, 1085, 10275, 1951, 3622, 2092, 1528, 979, 3706, 2875, 2412, 3822, 1440, 3285, 2758, 2425, 5169, 1712, 1576, 2477, 1154, 2680, 3203, 2216, 507, 2701, 2817, 2034, 1418, 1732, 731, 3138, 2694, 1679, 3188, 2218, 4529, 3322, 1581, 3281, 2167, 5922, 1852, 2942, 2471, 1649, 5254, 3210, 2191, 5268, 2136, 1752, 1431, 2062, 1514, 1104, 2240, 2740, 1577, 4916, 2664, 2958, 3366, 2112, 2926)
(83, 369): Mean: 2406.332, median: 2178.5, std: 1297.438, percent: 2291.52, B: 135, W: 115, 
	(3023, 1372, 1720, 12001, 2919, 2493, 1109, 2354, 1063, 2749, 1984, 1852, 1452, 2220, 3683, 1384, 4309, 4579, 2739, 3846, 1870, 1168, 2626, 1312, 2118, 2085, 1187, 2412, 2013, 2344, 3617, 2867, 3887, 1345, 1091, 2249, 1569, 2131, 2537, 2470, 1228, 2781, 1476, 2372, 1821, 3631, 1517, 1276, 5140, 2494, 1087, 2319, 1463, 400, 1627, 5004, 832, 984, 4169, 2938, 2395, 4419, 2909, 2229, 2388, 4536, 2183, 1362, 780, 2540, 1454, 3674, 2660, 2206, 1730, 2156, 1336, 1186, 1967, 1359, 1603, 1243, 2655, 1411, 1799, 1582, 1326, 748, 1806, 1880, 1397, 1154, 2345, 2385, 7148, 2887, 1293, 1243, 2233, 1142, 2273, 4291, 1569, 3134, 3011, 1762, 1095, 530, 2131, 3050, 3903, 1097, 2337, 1413, 1420, 2170, 1926, 1996, 1298, 2188, 4396, 1805, 2049, 688, 2383, 1890, 2755, 2262, 1531, 2655, 1454, 2273, 1845, 6147, 1906, 2232, 4084, 2153, 2559, 2399, 2874, 5352, 2689, 1704, 2583, 2760, 3556, 2169, 3557, 2991, 2148, 3217, 1808, 2169, 1824, 932, 3785, 3154, 6098, 1915, 3809, 2476, 1847, 2000, 1031, 2985, 2769, 2199, 2080, 3292, 781, 2813, 984, 1083, 2347, 1546, 1977, 1580, 1195, 3582, 3971, 2066, 2129, 2086, 2646, 1271, 1051, 7399, 2152, 3025, 2394, 1564, 1095, 3185, 2576, 2266, 3677, 1497, 3273, 2890, 2182, 5035, 1699, 1604, 2303, 1314, 2611, 3151, 2117, 433, 2470, 3130, 2090, 1315, 1700, 627, 3190, 2567, 1489, 3062, 1983, 4146, 3099, 1751, 3244, 2255, 5156, 1813, 2622, 2349, 1711, 5609, 2657, 2001, 5712, 2063, 1713, 1508, 1949, 1536, 1232, 2800, 2860, 1377, 4720, 2579, 3088, 3317, 2175, 3478)
(87, 393): Mean: 2411.912, median: 2145.5, std: 1290.871, percent: 2333.62, B: 126, W: 123, 
	(2700, 1481, 1900, 11217, 2896, 2480, 1298, 1985, 1100, 2705, 1906, 2068, 1671, 2414, 3083, 1441, 3417, 4561, 2544, 4079, 1633, 1143, 2163, 1362, 2246, 1892, 1313, 2821, 1956, 2278, 3884, 2916, 4045, 1297, 1051, 2247, 1484, 2184, 2214, 2555, 1186, 2610, 1649, 2079, 1354, 3669, 1556, 1159, 5065, 2426, 1119, 2126, 1539, 400, 1594, 4742, 831, 863, 4353, 3053, 2586, 4321, 2771, 2253, 2345, 4694, 1955, 1463, 682, 2732, 1472, 4639, 2244, 2568, 1851, 2707, 1616, 1115, 2320, 1318, 1649, 1267, 3188, 1329, 1516, 1668, 1409, 722, 1912, 1621, 1488, 1198, 2478, 2252, 6010, 2669, 1327, 1285, 2281, 1242, 2410, 4263, 1459, 3323, 2951, 1812, 1019, 573, 1899, 3575, 2880, 1129, 2837, 1169, 1231, 1878, 1948, 2204, 1141, 2585, 3915, 1915, 2102, 819, 2274, 1727, 2488, 2077, 1409, 2581, 1755, 2408, 1940, 6737, 1829, 1981, 4587, 1921, 2234, 2333, 2751, 6506, 3127, 1724, 2670, 2369, 3977, 2083, 3415, 3217, 1944, 2978, 1860, 2042, 1954, 902, 4024, 3324, 5620, 1752, 3290, 2511, 1785, 2353, 985, 3075, 2525, 2021, 2446, 2965, 770, 2800, 1008, 1007, 2097, 1645, 2072, 1734, 1457, 3880, 3694, 2061, 1872, 2138, 2801, 1198, 1157, 6597, 1944, 3717, 2194, 1625, 978, 3980, 3082, 2623, 4561, 1522, 3478, 2858, 2086, 4563, 1590, 1635, 2358, 1198, 2741, 3097, 2099, 472, 2473, 2916, 2080, 1418, 1475, 928, 3016, 2343, 1595, 3452, 2164, 3625, 3646, 1635, 2787, 2290, 7247, 1763, 2711, 2530, 1605, 5495, 3518, 2023, 4948, 2013, 1777, 1534, 2153, 1625, 1163, 2780, 2919, 1331, 4890, 2387, 3171, 3219, 2108, 3157)
(89, 402): Mean: 2415.964, median: 2165.5, std: 1338.202, percent: 2342.8, B: 126, W: 123, 
	(2748, 1351, 1975, 13564, 3342, 2537, 1213, 2359, 1316, 2566, 1882, 1967, 1465, 2166, 3479, 1376, 4375, 4030, 2458, 3329, 1637, 963, 2459, 1246, 2276, 2024, 1277, 2574, 1746, 2406, 3850, 2999, 4541, 1420, 1314, 2238, 1658, 2446, 2168, 2451, 1190, 2849, 1469, 2219, 1880, 3426, 1527, 1169, 5180, 2209, 1032, 2165, 1414, 419, 1671, 5623, 875, 1038, 4499, 3009, 2491, 3757, 2999, 2213, 2859, 4967, 2331, 1430, 616, 2617, 1602, 3551, 2724, 2477, 1859, 2184, 1429, 1110, 1955, 1360, 1712, 1283, 3074, 1215, 1489, 1725, 1301, 790, 1775, 1734, 1574, 982, 2715, 2238, 6707, 2844, 1236, 1360, 2248, 1123, 2337, 4600, 1510, 3439, 2724, 1740, 932, 734, 1915, 3322, 3263, 1238, 2516, 1352, 1257, 2024, 2118, 2250, 1378, 2211, 4570, 1783, 1974, 763, 2442, 1935, 2320, 1814, 1490, 2181, 1666, 2441, 2081, 6374, 1924, 1846, 4327, 2123, 2323, 2470, 2635, 5386, 2716, 1654, 2698, 2566, 3846, 2056, 3469, 3252, 1873, 3495, 2002, 1984, 1678, 878, 4256, 3233, 5483, 1995, 3546, 2511, 1956, 1888, 1038, 3016, 2503, 2050, 2077, 3011, 704, 2817, 851, 1134, 2082, 1637, 2102, 1668, 1391, 3754, 3114, 1890, 1943, 2063, 2814, 1355, 1087, 6156, 2009, 2989, 1965, 1733, 948, 3107, 2809, 2327, 3861, 1723, 3170, 3490, 2686, 4767, 1636, 1515, 2259, 1247, 3165, 3364, 2213, 459, 2286, 2865, 2118, 1338, 1769, 599, 2929, 2577, 1547, 3746, 1997, 3724, 3229, 1712, 2714, 2221, 6166, 1858, 3251, 2945, 1749, 5418, 3232, 2130, 5480, 1915, 1961, 1652, 2207, 1389, 1147, 2584, 2857, 1491, 4654, 2530, 2988, 3564, 2092, 3188)
(90, 407): Mean: 2439.304, median: 2164.5, std: 1329.947, percent: 2317.06, B: 125, W: 124, 
	(2687, 1414, 1880, 11829, 2972, 2358, 1273, 2264, 1125, 3083, 1946, 1981, 1370, 2256, 3453, 1420, 4218, 3519, 2759, 3193, 1911, 1079, 2402, 1269, 2056, 2033, 1191, 2617, 1924, 2190, 3689, 3059, 4538, 1305, 1287, 2204, 1524, 2415, 2218, 2486, 1214, 3094, 1556, 2222, 1707, 3780, 1467, 1330, 7379, 2619, 993, 2031, 1389, 503, 1929, 5511, 845, 1021, 4597, 2968, 2334, 3959, 2961, 2473, 3025, 5644, 2164, 1601, 836, 2245, 1478, 4243, 2833, 2112, 2132, 2138, 1393, 1116, 1939, 1349, 1567, 1248, 3483, 1519, 1642, 1509, 1320, 797, 1725, 1749, 1589, 1083, 2648, 2229, 6363, 2677, 1199, 1263, 2429, 1192, 2329, 4578, 1486, 2967, 2767, 1704, 1027, 533, 2173, 3261, 3095, 1341, 2542, 1285, 1284, 1933, 2186, 1991, 1342, 2517, 4089, 1987, 1801, 780, 2496, 1820, 2516, 1981, 1653, 2581, 1575, 2427, 1991, 6143, 1908, 1987, 4509, 2167, 2208, 2274, 2820, 5733, 2786, 1824, 2639, 2337, 4543, 2041, 3291, 3101, 1753, 3735, 2113, 2139, 1991, 867, 4427, 3169, 5545, 1858, 3606, 2602, 1923, 2019, 1055, 3565, 2651, 1976, 1963, 3023, 725, 2971, 1044, 1051, 2153, 1815, 2394, 1667, 1659, 3485, 3242, 2242, 1986, 2063, 2401, 1394, 955, 6468, 1995, 3299, 2030, 1588, 1152, 3090, 2575, 2071, 3849, 1493, 3360, 3216, 2166, 4654, 1607, 1622, 2593, 1162, 2999, 3474, 2365, 565, 2715, 3176, 1961, 1595, 1615, 815, 3159, 2315, 1541, 3368, 2221, 4889, 3317, 1606, 3168, 2355, 6806, 1934, 2949, 3287, 1666, 5542, 3145, 2023, 5317, 2070, 1713, 1420, 2104, 1458, 1119, 2354, 3028, 1276, 4862, 2300, 2547, 3198, 2165, 3000)
(91, 409): Mean: 2431.904, median: 2146.5, std: 1404.578, percent: 2369.44, B: 130, W: 118, 
	(2579, 1377, 2018, 15051, 3220, 2409, 1354, 2090, 1278, 2644, 1751, 2012, 1343, 2398, 3637, 1619, 3902, 4115, 2531, 4183, 1569, 1072, 2459, 1300, 2223, 2041, 1206, 2298, 1982, 2021, 3913, 2900, 3822, 1423, 1385, 2360, 1597, 2271, 2159, 2268, 1247, 2786, 1610, 2260, 1714, 3623, 1561, 1100, 5441, 2606, 947, 2251, 1515, 425, 1652, 4848, 887, 1014, 4099, 2989, 2607, 3887, 2886, 2267, 2945, 5118, 2315, 1391, 696, 2649, 1415, 4128, 2332, 2497, 1772, 2143, 1599, 1125, 1858, 1397, 1820, 1214, 3237, 1408, 1534, 1557, 1345, 872, 1721, 1665, 1421, 998, 2360, 2291, 5699, 2829, 1259, 1285, 2521, 1014, 2586, 4450, 1601, 3253, 2744, 1900, 1282, 653, 2057, 3744, 3474, 1259, 2268, 1199, 1269, 1979, 1935, 2070, 1291, 2312, 4354, 2014, 1893, 769, 2701, 1875, 2562, 1790, 1496, 2330, 1786, 2329, 1929, 6967, 1876, 1884, 4371, 2154, 2315, 2249, 2682, 5849, 2843, 1708, 2578, 2652, 4554, 2137, 3291, 2982, 1769, 3351, 1965, 2056, 1781, 985, 4165, 3078, 5907, 2026, 3621, 2443, 1815, 2067, 1045, 3430, 2796, 2089, 2150, 2896, 723, 3149, 905, 927, 1969, 1621, 2185, 1614, 1514, 3689, 3811, 2105, 2184, 1842, 2965, 1178, 989, 6386, 1920, 3409, 2249, 1704, 1088, 3312, 3085, 2536, 4565, 1493, 2944, 3135, 2039, 4597, 1525, 1636, 2295, 1192, 3060, 3220, 2210, 418, 2758, 3027, 2191, 1424, 1623, 684, 2751, 2519, 1938, 2774, 1939, 3757, 3674, 1725, 3382, 2103, 6039, 2042, 2821, 2839, 1553, 5896, 3235, 2000, 5563, 2105, 1745, 1404, 2038, 1749, 1109, 2163, 2528, 1327, 4957, 2487, 3417, 3203, 2008, 2978)
(92, 413): Mean: 2420.016, median: 2099.0, std: 1327.119, percent: 2340.16, B: 127, W: 123, 
	(3054, 1458, 1863, 12291, 2703, 2299, 1379, 2047, 1187, 2636, 1877, 2020, 1309, 2538, 3916, 1318, 3594, 4226, 2839, 3144, 1624, 1144, 2677, 1364, 1910, 1741, 1260, 2383, 1868, 2361, 3607, 2710, 3404, 1239, 1305, 2195, 1549, 2248, 2169, 2211, 1172, 2641, 1784, 2098, 1728, 3474, 1449, 1150, 6425, 2617, 1092, 2605, 1403, 421, 1771, 6068, 834, 1158, 4430, 3328, 2367, 4318, 3376, 2062, 2987, 4479, 2029, 1475, 771, 2600, 1698, 4280, 2435, 2337, 2074, 1992, 1552, 1137, 1839, 1318, 1674, 1269, 3043, 1298, 1547, 1583, 1364, 818, 1767, 1655, 1628, 1184, 2502, 2463, 5663, 2909, 1167, 1283, 2545, 1223, 2622, 4550, 1659, 3200, 2651, 1805, 979, 622, 2060, 3360, 3645, 1312, 2431, 1327, 1268, 2069, 1963, 1967, 1477, 2338, 4007, 2007, 1910, 774, 2395, 1761, 2523, 2091, 1432, 2687, 1813, 2657, 1994, 6769, 1805, 1928, 4756, 2171, 2159, 2465, 2698, 6042, 3226, 1656, 2639, 2371, 4142, 2063, 2939, 2877, 1801, 3445, 1878, 1899, 1966, 1007, 3917, 2743, 5506, 2004, 3104, 2522, 1989, 1808, 1142, 3009, 2709, 1881, 2041, 2776, 779, 2631, 1020, 866, 2009, 1630, 2344, 1557, 1320, 3364, 3672, 2054, 2016, 2474, 2522, 1122, 985, 6259, 1925, 3191, 2233, 1557, 1083, 3239, 2654, 2499, 4679, 1407, 3394, 3122, 2083, 5194, 1612, 1641, 2261, 1194, 2871, 3783, 2164, 503, 2390, 2821, 2039, 1512, 1515, 578, 2991, 2692, 1732, 3474, 2173, 4356, 3490, 1570, 3437, 2151, 5779, 1940, 2832, 2701, 1611, 6209, 3249, 2100, 5775, 2183, 1703, 1490, 1967, 1493, 1238, 2315, 3054, 1519, 5100, 2461, 3160, 3195, 2111, 2750)
(93, 417): Mean: 2424.016, median: 2189.0, std: 1291.931, percent: 2342.96, B: 126, W: 124, 
	(2533, 1448, 1892, 12244, 3495, 2403, 1333, 2139, 1216, 2611, 1783, 1779, 1626, 2442, 4131, 1539, 3546, 4281, 2447, 3389, 1672, 1076, 2342, 1487, 2045, 1895, 1479, 2375, 1848, 2039, 3655, 2614, 4142, 1274, 1329, 2398, 1600, 2542, 2431, 2007, 1288, 2878, 1706, 2335, 1429, 3292, 1372, 1239, 5236, 2567, 1001, 2350, 1536, 494, 1749, 6075, 886, 1088, 3819, 3065, 2478, 4553, 2865, 2154, 2879, 4697, 2234, 1483, 672, 2546, 1789, 3964, 2332, 2393, 2048, 2043, 1490, 1210, 1908, 1416, 1575, 1174, 2932, 1315, 1550, 1742, 1350, 759, 1620, 1776, 1651, 1083, 2688, 2378, 5864, 2641, 1130, 1293, 2425, 900, 2312, 4615, 1612, 3176, 2910, 1935, 1077, 653, 2315, 3200, 3380, 1172, 2383, 1247, 1282, 2047, 2079, 1943, 1240, 2658, 4353, 1878, 2152, 705, 3010, 1894, 2229, 2006, 1535, 2576, 1609, 2595, 1813, 5592, 1775, 1881, 4590, 2040, 2230, 2315, 2762, 5892, 3091, 1780, 2727, 2678, 3573, 2336, 3917, 3077, 2018, 3499, 1765, 2078, 1952, 859, 4065, 2872, 5995, 2086, 3818, 2369, 2163, 2232, 1118, 3184, 2644, 2234, 2350, 3220, 736, 3632, 944, 921, 2300, 1604, 2345, 1615, 1289, 3397, 3460, 2201, 2004, 1914, 2589, 1226, 1056, 6377, 2109, 3010, 2297, 1550, 983, 3294, 2656, 2358, 3601, 1654, 3338, 2729, 2172, 4982, 1562, 1763, 2650, 1190, 2866, 3396, 2223, 446, 2661, 3334, 2177, 1462, 1729, 791, 3071, 2479, 1600, 3205, 2158, 4701, 3305, 1703, 3342, 1936, 5217, 1812, 2851, 3100, 1641, 5360, 3022, 1928, 5674, 2111, 1679, 1655, 1917, 1449, 1138, 2494, 3158, 1446, 5248, 2417, 3240, 2906, 1928, 3220)
(94, 421): Mean: 2449.584, median: 2189.0, std: 1372.903, percent: 2273.04, B: 128, W: 122, 
	(3455, 1468, 1789, 11035, 3109, 2471, 1255, 2165, 1194, 3067, 1842, 2125, 1476, 2452, 3902, 1518, 3899, 4630, 2418, 3447, 1512, 1019, 2289, 1263, 2205, 1853, 1286, 2700, 1831, 2260, 3393, 3048, 3744, 1330, 1231, 2498, 1530, 2413, 2173, 2569, 1250, 2858, 1581, 2059, 1836, 3117, 1449, 1268, 6177, 2874, 1075, 2575, 1312, 416, 1713, 5590, 785, 985, 3910, 3201, 2493, 3661, 2855, 2339, 2651, 5305, 2167, 1317, 750, 2509, 1655, 3801, 2468, 2680, 2057, 2169, 1565, 1184, 1891, 1385, 1667, 1172, 3106, 1290, 1444, 1493, 1429, 817, 1639, 1855, 1526, 1162, 2837, 2237, 7182, 2584, 1350, 1283, 2652, 1223, 2132, 4492, 1592, 3487, 2450, 1804, 1001, 524, 2047, 3745, 3135, 1225, 2367, 1295, 1272, 2343, 1989, 2163, 1380, 2588, 4040, 2095, 2292, 815, 2592, 1884, 2331, 1969, 1576, 2661, 1731, 2540, 2017, 5829, 1935, 2111, 4018, 2245, 2064, 2559, 2756, 5368, 2616, 1759, 2920, 2731, 3907, 2464, 3621, 2731, 1863, 3562, 1798, 2142, 1940, 864, 4689, 3226, 5815, 1756, 3123, 2526, 1756, 2118, 1213, 3137, 2571, 1878, 2312, 2891, 804, 2822, 975, 894, 2446, 1656, 2157, 1592, 1280, 3476, 3192, 2111, 1891, 2062, 2569, 1254, 994, 11107, 2353, 2987, 2091, 1617, 1136, 3038, 3027, 2611, 4433, 1445, 3498, 3037, 2349, 4978, 1490, 1739, 2272, 1245, 3081, 3681, 2151, 469, 2431, 2596, 2231, 1386, 1587, 911, 3245, 2670, 1302, 3284, 2258, 4316, 3227, 1644, 3223, 1999, 6557, 1968, 2830, 2503, 1624, 5274, 3069, 1879, 5570, 2235, 1811, 1582, 2090, 1616, 1336, 2585, 2555, 1625, 5335, 2443, 3210, 2967, 2099, 3180)
(95, 422): Mean: 2414.112, median: 2187.0, std: 1292.425, percent: 2335.4, B: 132, W: 117, 
	(2887, 1361, 2025, 12236, 3200, 2325, 1228, 2387, 1269, 2854, 1672, 1830, 1299, 2189, 3541, 1536, 3740, 3517, 2352, 3868, 1529, 1038, 2457, 1422, 2169, 2046, 1446, 2627, 2036, 2396, 3879, 2555, 4065, 1448, 1253, 2311, 1510, 2007, 2406, 2389, 1184, 3104, 1709, 2250, 1856, 3873, 1650, 1296, 5428, 2648, 1179, 2300, 1356, 561, 1768, 4972, 839, 1043, 3620, 3365, 2482, 4023, 3153, 2324, 2407, 5182, 2296, 1309, 621, 2620, 1469, 3902, 2657, 2425, 1875, 2123, 1410, 1141, 1940, 1448, 1660, 1272, 2846, 1318, 1647, 1531, 1332, 733, 1610, 1774, 1666, 1184, 2516, 2411, 6060, 3335, 1239, 1206, 2332, 1046, 2640, 4179, 1540, 3635, 3020, 1777, 966, 537, 2105, 3308, 3141, 1249, 2573, 1206, 1132, 2397, 2052, 1882, 1357, 2459, 3932, 2063, 2103, 884, 3039, 1900, 2545, 1901, 1362, 2429, 1832, 2402, 1951, 6332, 1952, 1778, 4179, 2252, 2340, 2287, 2562, 5355, 2871, 1784, 2889, 2254, 3907, 2096, 3273, 3309, 1943, 3209, 2194, 2163, 1907, 838, 4270, 2726, 5739, 1974, 3802, 2620, 2029, 1933, 1033, 2798, 2839, 2166, 1919, 2730, 698, 3006, 954, 971, 2303, 1689, 2241, 1628, 1284, 3640, 3741, 2086, 1880, 2038, 2399, 1145, 1078, 7473, 1954, 3198, 2186, 1552, 1088, 3463, 2524, 2302, 3953, 1633, 3482, 3211, 2477, 4445, 1695, 1499, 2159, 1310, 2860, 3460, 2417, 490, 2490, 2730, 2065, 1401, 1823, 637, 2998, 2504, 1607, 3317, 2184, 4475, 3352, 1582, 2940, 2126, 5806, 1778, 3478, 2637, 1806, 5213, 3172, 2188, 5549, 2011, 1697, 1515, 2039, 1501, 1194, 2289, 2549, 1268, 5083, 2549, 2983, 3023, 1901, 2875)
(96, 425): Mean: 2434.644, median: 2155.0, std: 1334.812, percent: 2342.42, B: 128, W: 122, 
	(2710, 1442, 1944, 12125, 3079, 2300, 1319, 1979, 1205, 2412, 1673, 2181, 1347, 2739, 3551, 1412, 3823, 4432, 2760, 3344, 1838, 1078, 2331, 1401, 2130, 1927, 1723, 2727, 1856, 2010, 3723, 3027, 3683, 1368, 1081, 2392, 1582, 2318, 2348, 2608, 1228, 2566, 1522, 2094, 1576, 3876, 1690, 1254, 6157, 2362, 1054, 2275, 1506, 523, 1689, 5080, 775, 974, 3653, 3005, 2663, 4329, 2934, 2101, 2564, 6000, 2191, 1328, 767, 2541, 1499, 3331, 2508, 2583, 2230, 2298, 1330, 1140, 2197, 1421, 1573, 1081, 3174, 1252, 1501, 1519, 1323, 802, 1531, 1895, 1469, 1031, 2847, 2212, 6751, 3288, 1187, 1318, 2235, 989, 2372, 4512, 1546, 3201, 2617, 1939, 988, 652, 2174, 3748, 2843, 1164, 2570, 1279, 1408, 2011, 2156, 1959, 1234, 2616, 4345, 2007, 2097, 831, 2656, 1796, 2269, 2084, 1769, 2530, 1611, 2602, 2284, 5717, 1915, 1851, 4127, 2095, 2154, 2420, 2911, 6540, 3043, 1785, 3183, 2439, 4172, 2086, 3123, 3398, 1852, 3189, 1741, 2142, 1960, 882, 4869, 3220, 5093, 1877, 3976, 2705, 2041, 1969, 1048, 2703, 2617, 1996, 2277, 2782, 767, 3403, 916, 874, 2276, 1762, 2036, 1634, 1278, 3832, 3714, 1949, 2028, 1837, 2665, 1173, 1051, 7731, 2107, 3214, 2017, 1632, 1063, 3904, 2591, 2118, 3608, 1459, 3967, 3347, 2332, 4785, 1708, 2027, 2034, 1174, 2798, 3209, 2166, 474, 2325, 3041, 2144, 1463, 1808, 849, 3314, 2456, 1631, 3906, 1925, 4422, 3546, 1398, 2990, 1848, 6077, 1873, 2756, 2480, 1712, 4993, 3189, 2180, 5293, 2060, 1578, 1482, 2087, 1809, 1051, 2400, 2809, 1469, 4842, 2400, 2912, 3507, 2252, 3236)
(97, 430): Mean: 2442.488, median: 2168.0, std: 1380.922, percent: 2316.54, B: 129, W: 119, 
	(3721, 1421, 2002, 13287, 3113, 2465, 1280, 1960, 1158, 2425, 1914, 1750, 1393, 2452, 3445, 1403, 4273, 4524, 2418, 3063, 1673, 1105, 2216, 1402, 2142, 1842, 1291, 2807, 1978, 2232, 3257, 2588, 3519, 1341, 1322, 2206, 1486, 1962, 2449, 2435, 1239, 2840, 1552, 2214, 1479, 3783, 1461, 1123, 5524, 2683, 1118, 2241, 1350, 476, 1686, 5906, 790, 922, 4432, 3169, 2548, 3990, 3058, 2358, 2766, 6097, 2110, 1234, 787, 2413, 1497, 4258, 2686, 2237, 1972, 2108, 1406, 1258, 2035, 1389, 1496, 1173, 3156, 1369, 1623, 1486, 1499, 753, 1591, 1918, 1496, 946, 2355, 2258, 5905, 2928, 1099, 1239, 2492, 877, 2466, 4330, 1554, 3192, 2961, 2024, 897, 608, 2074, 3495, 2899, 1428, 2543, 1224, 1315, 2105, 2204, 2130, 1253, 2514, 5251, 1985, 2327, 756, 2769, 1933, 2508, 2015, 1495, 2707, 1639, 2865, 2044, 5704, 1852, 1857, 4783, 2296, 2226, 2113, 2676, 5634, 3043, 1932, 2894, 2541, 4001, 2292, 3603, 2984, 1790, 3141, 1920, 2201, 1942, 874, 4185, 3221, 5072, 1859, 3976, 2313, 1996, 2020, 1110, 2655, 2574, 1945, 2045, 2854, 741, 3086, 890, 899, 2560, 1702, 2183, 1581, 1304, 3428, 3788, 2090, 1927, 2053, 2628, 1264, 1097, 7597, 1939, 3191, 2567, 1521, 1260, 3152, 2532, 2406, 3916, 1627, 3706, 3146, 2157, 4383, 1537, 1633, 2061, 1220, 2519, 3310, 2194, 412, 2733, 2986, 2074, 1334, 1756, 736, 3214, 2595, 1361, 3341, 2125, 4989, 3348, 1633, 3022, 2154, 6690, 1728, 3640, 2347, 1811, 5824, 3258, 1954, 5792, 2179, 1892, 1520, 2091, 1673, 1101, 2754, 2837, 1399, 5229, 2540, 3290, 3140, 2244, 2873)
(98, 431): Mean: 2421.164, median: 2172.5, std: 1326.097, percent: 2291.52, B: 131, W: 118, 
	(3170, 1558, 1745, 12310, 3071, 2500, 1224, 2134, 1167, 2392, 1805, 1746, 1507, 2239, 4079, 1426, 3472, 3979, 2289, 3467, 1555, 1131, 2366, 1362, 2181, 2003, 1263, 2713, 2078, 2277, 3366, 3135, 4953, 1296, 1381, 2289, 1472, 2189, 2174, 2140, 1196, 2815, 1521, 2255, 1681, 3370, 1435, 1136, 5204, 2430, 1176, 2016, 1360, 513, 1714, 4960, 800, 943, 4389, 3181, 2254, 3680, 3187, 2142, 2838, 5365, 2415, 1336, 770, 2860, 1420, 3972, 2397, 2777, 1974, 2239, 1605, 1263, 1805, 1321, 1628, 1075, 2682, 1297, 1877, 1540, 1338, 766, 1564, 1685, 1557, 969, 2573, 2189, 5829, 2839, 1234, 1279, 2087, 1258, 2380, 4177, 1743, 2950, 2705, 1812, 1100, 692, 1795, 3840, 3259, 1228, 2658, 1329, 1192, 2061, 2070, 2075, 1295, 2401, 4220, 2205, 2165, 651, 2705, 1746, 2559, 1998, 1604, 2586, 1601, 2578, 1878, 5540, 2011, 1869, 4882, 2269, 2500, 2445, 2934, 6919, 2498, 1645, 3017, 2384, 4321, 2213, 3454, 3132, 1857, 3372, 1757, 2026, 1941, 860, 4368, 2967, 6218, 1859, 3882, 2622, 1814, 2037, 1054, 3224, 2771, 1938, 2026, 2585, 798, 2803, 870, 982, 2157, 1913, 2312, 1676, 1308, 3702, 3281, 1929, 1995, 2003, 2426, 1211, 1058, 6972, 2219, 3212, 2101, 1659, 986, 3136, 2786, 2540, 3716, 1592, 3439, 3216, 2180, 4344, 1611, 1621, 2291, 1209, 2872, 3607, 2510, 460, 2267, 2712, 2273, 1318, 1707, 662, 3215, 2466, 1796, 2999, 2045, 4036, 3650, 1523, 3030, 2323, 5931, 2051, 3028, 2756, 1820, 6329, 3018, 1836, 6203, 2186, 1946, 1386, 2163, 1465, 1072, 2165, 3192, 1547, 4365, 2819, 3031, 2992, 2171, 3040)

Test:
No precond: Mean: 2497.244, median: 2230.5, std: 1214.669, percent: 2491.02, flag: 0 
	(950, 1877, 1941, 3744, 1247, 5987, 1591, 2381, 2752, 2719, 2593, 1137, 1253, 4091, 1708, 6313, 1086, 1351, 2778, 2363, 2458, 3768, 1766, 673, 2961, 2180, 1841, 2736, 5944, 3685, 3480, 2306, 2914, 2443, 1792, 2633, 2141, 4723, 964, 5409, 1415, 1365, 2197, 2119, 4040, 2732, 2921, 4361, 3014, 957, 2406, 2700, 1016, 2727, 1027, 2206, 4471, 5667, 1023, 2254, 1165, 1674, 3359, 1425, 1789, 2027, 2275, 3964, 2649, 2021, 4787, 1110, 2587, 2272, 1938, 2301, 5418, 2672, 1851, 975, 2245, 1659, 1756, 2166, 2142, 1639, 2126, 577, 1965, 3532, 3207, 1680, 1477, 2114, 2249, 1844, 6588, 3956, 3429, 1896, 2283, 2294, 1954, 1963, 5632, 2312, 1484, 5220, 3578, 1482, 1083, 1703, 2010, 1982, 2121, 1963, 1474, 3246, 3444, 1895, 1519, 1214, 1727, 3619, 2218, 2905, 1983, 1012, 3293, 1160, 4712, 3107, 2411, 2979, 3354, 1456, 2438, 1712, 1625, 2868, 1529, 2304, 1987, 1497, 3180, 721, 1195, 1917, 1328, 924, 3485, 814, 4130, 3147, 3932, 2682, 3182, 1594, 2130, 2582, 1685, 1483, 3374, 4695, 2891, 3307, 3968, 3869, 2384, 1420, 3376, 2724, 4297, 1429, 1424, 3804, 2088, 3379, 1458, 3026, 1638, 3871, 1794, 779, 5650, 893, 4333, 1585, 2784, 1212, 2860, 2502, 1756, 1301, 1700, 1520, 1457, 2108, 2847, 1731, 5055, 3275, 801, 1719, 2677, 3232, 2390, 1571, 1775, 1773, 5055, 2885, 1386, 2727, 1195, 3078, 5249, 2163, 1890, 1574, 3070, 1313, 3534, 2465, 1861, 6735, 3555, 3290, 1992, 2142, 4196, 414, 3297, 4340, 1567, 4321, 2878, 2612, 1249, 1405, 2994, 2379, 2402, 2623, 2127, 1920, 1607, 2076, 2243, 1334)

Last: Mean: 2386.908, median: 2173.0, std: 1178.139, percent: 2356.72, B: 177, W: 73, flag: 2 
	(842, 1621, 1897, 4312, 1102, 6005, 1789, 2171, 3107, 2713, 2705, 1254, 1203, 3610, 2251, 6494, 1200, 1302, 2755, 2597, 2345, 3460, 1674, 661, 3202, 1850, 1847, 2654, 5114, 2927, 3430, 2228, 2397, 2051, 1576, 3029, 2330, 4358, 921, 5247, 1400, 1203, 1697, 1895, 3256, 2374, 3004, 4146, 2720, 931, 2088, 2712, 939, 2989, 1094, 2032, 4027, 5452, 1014, 2444, 1239, 1410, 4078, 1242, 1926, 2361, 2143, 3873, 2035, 1867, 4727, 1025, 2633, 2255, 1758, 2115, 5736, 2765, 1734, 832, 2189, 1550, 1571, 2238, 1862, 1444, 2067, 480, 1960, 4173, 2993, 1601, 1530, 1763, 2220, 1547, 6010, 4263, 3455, 1741, 2068, 2262, 1945, 1648, 6363, 2386, 1238, 5379, 3746, 1319, 1176, 1769, 2239, 1656, 2089, 1853, 1309, 3026, 3311, 1772, 1558, 1011, 1630, 3162, 2461, 2929, 1840, 930, 3235, 999, 4721, 2762, 2472, 2802, 3153, 1368, 2253, 1445, 1630, 2485, 1575, 2224, 1784, 1361, 3088, 691, 962, 1831, 1312, 877, 3389, 671, 4091, 2608, 5023, 2251, 3294, 1559, 2175, 2280, 1596, 1343, 3262, 4278, 3205, 2962, 3434, 3554, 2734, 1363, 3304, 2270, 3507, 1510, 1354, 4166, 2057, 2571, 1491, 2385, 1535, 3110, 1706, 787, 5513, 923, 4027, 1366, 2820, 1007, 2690, 2490, 1781, 1199, 1781, 1437, 1832, 1741, 2869, 1878, 3809, 2961, 737, 1809, 3286, 3043, 2410, 1522, 1746, 2056, 4334, 2575, 1257, 2513, 1170, 2672, 5225, 1900, 1750, 1527, 3293, 1224, 3490, 1899, 1693, 5424, 2808, 2995, 2021, 2290, 3722, 494, 2759, 2861, 1490, 4237, 2604, 2296, 979, 1052, 2766, 2123, 2310, 2466, 2574, 1717, 1358, 2108, 2643, 1386)

[0.03328299 0.10052217 0.05922057 0.14228471 0.09242915 0.03661936
 0.05041255 0.1401549  0.05945431 0.06499225]


15/02/2026, 10:23:02
Config file: ./config/config_sign_1.ini
Data:
	1d_laplace_size: 45
	amount: 250
	params: 1 0.3
	seed: 1
	dim: 2025
Solver:
	tol: 1e-10
	max_iteration: None
Learn:
	iteration_count: 100
	step_range: 0.1
	method: sign
	seed: 1
	scale: 1 0.5 0.25
Precondition:
	num_coef: 10

Train:
(0, 2): Mean: 2507.74, median: 2326.5, std: 1098.46, percent: 2528.72, B: 250, W: 0, 
	(2085, 1592, 1590, 3177, 3638, 2388, 2195, 3927, 1800, 3634, 2188, 3402, 2632, 2293, 1513, 2436, 3647, 3135, 3714, 2012, 1662, 2150, 1327, 2189, 1749, 1213, 3050, 1318, 1101, 2449, 3387, 2811, 2160, 952, 1458, 3443, 2415, 2112, 2381, 1970, 2085, 1465, 493, 2295, 2874, 2049, 2475, 2455, 2437, 2422, 2827, 3847, 2107, 2424, 3592, 2992, 1632, 3072, 4726, 3624, 2276, 2564, 4310, 1622, 2752, 2441, 2955, 955, 7493, 2275, 2240, 1120, 5085, 2330, 3943, 4202, 2634, 2207, 2772, 1919, 2672, 2796, 2489, 4230, 2062, 2708, 2892, 998, 2389, 3836, 2777, 2324, 3212, 1493, 2329, 3456, 1209, 3595, 2227, 2421, 606, 1568, 857, 2371, 2019, 2457, 1301, 1788, 3125, 1973, 2497, 3384, 2040, 5491, 2310, 3571, 2631, 1566, 2231, 4984, 2199, 1827, 1908, 2492, 3980, 3039, 6973, 3206, 4703, 2632, 1985, 895, 1821, 1524, 1916, 1468, 2728, 1236, 2468, 2100, 2301, 3875, 2113, 2959, 4927, 3873, 3254, 2923, 2278, 983, 1625, 2273, 1471, 2678, 2685, 1653, 2120, 1879, 2409, 1795, 3251, 1382, 1551, 2956, 1548, 1949, 3905, 2283, 3884, 1925, 4820, 2171, 3374, 1995, 4045, 2249, 2270, 2482, 3337, 2293, 1425, 2928, 1989, 2389, 5309, 3416, 1369, 3060, 2461, 3154, 1473, 2906, 1058, 1491, 2156, 1767, 1446, 2403, 2410, 2395, 4195, 1002, 760, 1198, 2190, 2186, 3070, 2535, 3033, 2424, 1702, 2699, 1768, 2852, 801, 2203, 1955, 1058, 5398, 1385, 3569, 1609, 1468, 1447, 1770, 473, 1811, 4729, 4149, 2734, 858, 4188, 4122, 1639, 5012, 1121, 2809, 2553, 1195, 5417, 1392, 1880, 1842, 1633, 3342, 1251, 4271, 3459, 2042, 1719)
(1, 3): Mean: 2475.892, median: 2299.5, std: 1064.139, percent: 2443.98, B: 134, W: 116, 
	(2237, 1373, 1663, 3103, 3336, 2363, 2122, 3871, 1877, 3089, 2441, 3114, 2759, 2133, 1484, 2381, 4349, 3167, 4213, 1819, 1735, 2450, 1303, 2544, 1500, 1185, 3008, 1469, 1185, 2875, 3142, 2733, 2534, 839, 1513, 3012, 2510, 2146, 2368, 2291, 2036, 1540, 612, 2347, 2612, 2040, 2731, 2109, 2326, 2225, 2514, 4151, 1969, 2626, 3903, 2955, 1615, 2797, 4612, 3309, 1955, 2680, 4069, 1708, 2571, 2646, 2934, 1018, 6005, 1859, 2352, 953, 4387, 2107, 3489, 4133, 2453, 2652, 3040, 1831, 2338, 2115, 3123, 4308, 2241, 2716, 2743, 1013, 2541, 3815, 2647, 2431, 3679, 1367, 1859, 2560, 1304, 3782, 2262, 2455, 703, 1496, 839, 2287, 2144, 2849, 1217, 1837, 3688, 2061, 2641, 3675, 2178, 5146, 2162, 3378, 2812, 1122, 2087, 3887, 2503, 2154, 1911, 2813, 4124, 2825, 7218, 3040, 4657, 2477, 2029, 864, 1732, 1893, 1777, 1516, 2218, 1414, 2563, 2145, 2115, 3885, 2132, 3259, 4355, 4492, 2817, 2529, 2046, 1089, 1103, 2016, 1462, 2996, 2995, 1873, 2018, 1825, 2234, 1802, 3048, 1491, 1418, 2491, 1617, 2072, 3604, 2337, 3303, 1920, 5061, 2001, 2766, 1921, 4037, 2371, 2123, 2395, 2995, 2130, 1359, 3002, 1882, 2560, 5193, 3959, 1573, 3076, 2288, 3310, 1456, 2860, 982, 1496, 2114, 2088, 1194, 2221, 2306, 2139, 4643, 937, 853, 1201, 1877, 2171, 2882, 2654, 3097, 2212, 1457, 3301, 1720, 3157, 863, 2427, 1697, 1160, 5518, 1258, 3763, 1643, 1442, 1597, 1797, 566, 1801, 4152, 3391, 2627, 718, 3771, 4260, 1846, 5905, 1076, 3223, 2696, 1507, 4636, 1374, 1970, 1382, 1548, 3487, 1253, 3946, 2824, 2293, 1704)
(3, 15): Mean: 2490.336, median: 2326.5, std: 1085.093, percent: 2427.06, B: 125, W: 124, 
	(2108, 1374, 1932, 3622, 4152, 2182, 2281, 3397, 1867, 3231, 2517, 3344, 3275, 2173, 1478, 2330, 4426, 3285, 4475, 2097, 1539, 2239, 1118, 2480, 1598, 1237, 3212, 1352, 1041, 2388, 3045, 2684, 2497, 857, 1371, 3623, 2335, 1856, 2942, 2094, 1983, 1435, 564, 2343, 2779, 1696, 3274, 2616, 2036, 2075, 2501, 3740, 1945, 2715, 3201, 3035, 1558, 3111, 4281, 3301, 2297, 2676, 4113, 1576, 2825, 2389, 2929, 1007, 6714, 2201, 2302, 1009, 4522, 2573, 3917, 4087, 2323, 2357, 3271, 1808, 2418, 2311, 2735, 4035, 2221, 2206, 2579, 906, 2739, 3679, 2881, 2357, 3395, 1536, 2052, 3040, 1204, 3727, 1977, 2426, 643, 1518, 969, 2342, 2233, 2607, 1222, 1592, 3821, 1951, 2585, 3518, 2073, 5380, 1930, 3352, 3114, 1373, 2189, 4881, 2054, 2204, 1893, 2721, 4420, 3049, 6572, 3044, 4913, 2715, 1981, 887, 1807, 1549, 1782, 1456, 2735, 1278, 2522, 2404, 2201, 3385, 2109, 3155, 4421, 4502, 3062, 2718, 2333, 993, 1109, 1713, 1695, 2680, 2704, 1706, 2169, 1769, 2569, 1709, 3761, 1526, 1408, 2868, 1744, 1822, 3652, 2405, 3859, 2184, 5639, 1903, 2949, 1900, 3854, 2125, 2082, 2422, 3098, 2153, 1435, 2838, 1965, 2608, 5112, 3350, 1654, 3062, 2564, 3725, 1474, 3078, 1125, 1577, 2016, 1937, 1155, 2522, 2451, 2310, 3610, 1100, 769, 1225, 1993, 2116, 4240, 2706, 3121, 2081, 1399, 3425, 1723, 2711, 884, 2144, 1965, 1033, 5542, 1338, 3326, 1546, 1420, 1300, 1730, 505, 1827, 4574, 2916, 2722, 748, 4235, 3768, 1708, 5134, 1096, 3177, 2948, 1409, 5122, 1326, 1936, 1747, 1631, 3177, 1297, 3076, 2563, 1935, 1704)
(4, 19): Mean: 2502.312, median: 2279.5, std: 1099.615, percent: 2520.32, B: 131, W: 119, 
	(2285, 1445, 1692, 3093, 4019, 2235, 2283, 4390, 2079, 3400, 2132, 3004, 3753, 2126, 1425, 2605, 5124, 3852, 4322, 1935, 1545, 2258, 1235, 2283, 1573, 1239, 3233, 1350, 1071, 2420, 2979, 3065, 2483, 786, 1548, 3305, 2387, 2124, 2461, 2034, 2110, 1587, 512, 2241, 3512, 1904, 2716, 2514, 2101, 2182, 2276, 3614, 1910, 2650, 3465, 3455, 1621, 2936, 4432, 4166, 2288, 2832, 3860, 1736, 2633, 2619, 2828, 980, 5664, 2465, 2121, 1096, 4268, 2116, 3767, 4235, 2655, 2582, 2686, 1967, 2238, 2533, 2531, 5357, 2143, 2893, 2787, 1081, 2672, 3977, 2587, 2214, 3887, 1525, 2022, 3333, 1201, 3723, 2466, 2691, 627, 1549, 1161, 2420, 2487, 2550, 1169, 1677, 4189, 1904, 2517, 3502, 2188, 5830, 1909, 3736, 2541, 1520, 2129, 5238, 2140, 2169, 1986, 2536, 3690, 2842, 7360, 3014, 4426, 2583, 2098, 943, 1699, 1495, 1826, 1430, 2486, 1184, 1968, 2284, 2216, 3479, 2209, 3282, 4135, 4192, 3277, 2310, 2232, 1121, 1672, 1961, 1633, 2820, 3318, 1676, 2032, 1941, 2314, 1606, 3633, 1448, 1506, 2548, 1637, 2207, 3534, 2205, 4022, 2135, 4750, 1872, 2805, 2115, 3549, 2273, 1934, 2707, 3071, 2129, 1587, 2943, 1842, 2695, 5358, 3403, 1427, 3192, 2446, 3421, 1375, 3102, 1046, 1337, 1961, 1879, 1350, 2002, 2337, 2238, 4393, 978, 880, 1231, 2009, 2091, 2763, 2550, 3205, 2187, 1613, 3344, 1482, 3320, 906, 2042, 1780, 1046, 6374, 1352, 3219, 1513, 1363, 1602, 1890, 568, 1701, 4053, 3042, 2307, 854, 3786, 4000, 1853, 5203, 954, 2776, 2771, 1223, 4256, 1386, 1852, 1659, 1579, 3374, 1217, 4111, 2718, 2311, 1701)
(5, 21): Mean: 2489.244, median: 2333.0, std: 1070.51, percent: 2508.7, B: 130, W: 120, 
	(2355, 1624, 1569, 2741, 3785, 2469, 2403, 3420, 1894, 3634, 1859, 3009, 2913, 2096, 1475, 2342, 4555, 3445, 4511, 2070, 1729, 2458, 1392, 2196, 1587, 1186, 3130, 1246, 1072, 2801, 3235, 2498, 2236, 1002, 1388, 3280, 2352, 1976, 2278, 2152, 2433, 1413, 525, 2219, 2944, 1909, 2990, 2764, 2402, 2347, 2652, 3438, 2356, 2854, 3039, 3114, 1668, 2933, 4785, 3372, 2351, 3134, 4361, 1675, 2498, 2376, 3240, 900, 5243, 2364, 2524, 963, 4382, 2338, 3685, 3612, 2353, 2802, 3018, 1746, 2501, 2317, 2841, 4645, 1915, 2622, 3148, 872, 2803, 3998, 2584, 2147, 3852, 1860, 2010, 2954, 1295, 3489, 2114, 2549, 568, 1606, 936, 2328, 2173, 2494, 1271, 1685, 3610, 1914, 2631, 3560, 2122, 5178, 2086, 4026, 2413, 1379, 2084, 4553, 2163, 1932, 2038, 2601, 3641, 3324, 7075, 3121, 4364, 2803, 1802, 1031, 1650, 1769, 2001, 1467, 2392, 1373, 2565, 1998, 1958, 4337, 2253, 3140, 4800, 3914, 3548, 2560, 2129, 860, 1482, 1940, 1581, 2864, 2920, 1823, 1929, 2014, 2138, 1781, 3065, 1508, 1514, 2302, 1756, 2183, 4009, 2189, 4363, 2207, 5626, 1852, 3116, 1811, 3424, 2407, 2194, 2531, 2977, 2313, 1578, 2595, 2368, 2622, 4967, 3620, 1712, 2827, 2250, 2732, 1339, 2872, 1062, 1529, 2319, 1848, 1222, 1920, 2312, 2142, 4063, 1037, 929, 1188, 2042, 2066, 2493, 2858, 3389, 2177, 1347, 3526, 1489, 2977, 877, 2179, 2142, 1113, 6804, 1291, 3365, 1580, 1562, 1366, 1834, 586, 1695, 3548, 3349, 2738, 769, 4227, 3675, 1644, 5078, 1167, 3618, 2737, 1339, 4666, 1414, 1882, 1524, 1455, 3734, 1280, 3579, 2743, 1954, 1734)
(6, 24): Mean: 2473.196, median: 2356.5, std: 1086.855, percent: 2479.98, B: 130, W: 120, 
	(2095, 1370, 1511, 3042, 3475, 2720, 2485, 3569, 1793, 3456, 2464, 3542, 2768, 2299, 1407, 2638, 4715, 2991, 4013, 2104, 1540, 2075, 1094, 2447, 1651, 1105, 2961, 1482, 1034, 2809, 3018, 2590, 2647, 881, 1405, 3403, 2488, 2072, 2389, 2055, 2219, 1631, 464, 2342, 3049, 1783, 2808, 2387, 2010, 2094, 2619, 3891, 1981, 2507, 3075, 3031, 1648, 3155, 4533, 3171, 2272, 2357, 3998, 1560, 2785, 2725, 3025, 920, 5699, 2104, 2677, 1094, 4515, 2498, 3721, 4182, 2549, 2444, 2836, 1826, 2656, 2359, 2760, 3757, 2062, 2600, 3093, 906, 2356, 4050, 2582, 2212, 3976, 1608, 2295, 3438, 1077, 3129, 2349, 2829, 664, 1504, 829, 2487, 2390, 2498, 1206, 1795, 3608, 1852, 2439, 3988, 2018, 5709, 2144, 3055, 2776, 1326, 2407, 4910, 2274, 1888, 2087, 2756, 4292, 2933, 7678, 2931, 3582, 2422, 1826, 857, 1670, 1844, 1744, 1297, 2622, 1349, 2547, 1966, 2368, 3761, 2168, 2920, 4741, 4170, 3432, 2520, 2045, 950, 1373, 1716, 1545, 2705, 2447, 1590, 1868, 1984, 2180, 1739, 3068, 1392, 1365, 2405, 1682, 2071, 3840, 2069, 3566, 1995, 5535, 2154, 2662, 2034, 3789, 2301, 2123, 2729, 3339, 2119, 1419, 2867, 1741, 2837, 4964, 3558, 1500, 2973, 2611, 3154, 1239, 3119, 1102, 1492, 2347, 1972, 1175, 2119, 2321, 2018, 4152, 1091, 736, 1230, 1778, 2237, 2949, 3057, 2761, 2214, 1382, 3151, 1560, 3582, 720, 2418, 1953, 1097, 5932, 1379, 3627, 1380, 1542, 1417, 1617, 592, 1786, 4172, 3293, 2814, 761, 3627, 3940, 1607, 5435, 960, 3272, 2497, 1195, 4955, 1364, 1925, 1603, 1579, 3782, 1231, 3698, 2223, 2220, 1766)
(9, 40): Mean: 2489.196, median: 2319.5, std: 1093.204, percent: 2522.42, B: 129, W: 121, 
	(2050, 1683, 1578, 3521, 3948, 2126, 2288, 3467, 1877, 3275, 2392, 3519, 2770, 2164, 1631, 2407, 4005, 3292, 3823, 1921, 1599, 2408, 1228, 2224, 1591, 1197, 2852, 1181, 1187, 2667, 3250, 2855, 2441, 878, 1330, 3246, 2291, 1986, 3152, 2320, 2165, 1657, 603, 2396, 2944, 1664, 3175, 2475, 2444, 2210, 2640, 4008, 1943, 2691, 3655, 3326, 1736, 2907, 4465, 3635, 2068, 2526, 4042, 1496, 2621, 2474, 3190, 964, 6602, 2053, 2296, 1166, 4208, 2206, 3379, 4487, 2280, 2481, 2959, 1638, 2477, 2343, 2376, 3569, 2149, 2341, 3085, 969, 3102, 4315, 2781, 2170, 3838, 1419, 1858, 2652, 1227, 2960, 2577, 2460, 779, 1557, 828, 2479, 2292, 2534, 1243, 1765, 3814, 1915, 2611, 3820, 1790, 5255, 2251, 3745, 2690, 1313, 2416, 4881, 2139, 2019, 1855, 2776, 3792, 3195, 7001, 2654, 4359, 2505, 2038, 1243, 1755, 1587, 1831, 1466, 2943, 1180, 2130, 2284, 2380, 4003, 1915, 3354, 4367, 3894, 3195, 2596, 2044, 683, 1630, 2053, 1582, 2599, 2797, 1688, 2137, 2043, 2572, 1708, 3241, 1561, 1302, 2319, 1546, 1893, 3673, 2298, 3878, 1899, 5604, 1983, 2948, 1751, 3769, 2420, 2287, 2365, 3777, 2022, 1418, 3112, 2004, 2473, 5903, 2849, 1435, 3086, 2524, 3432, 1520, 3274, 997, 1528, 2182, 2060, 1149, 1961, 2318, 2535, 4994, 978, 826, 1238, 2140, 1920, 2696, 3011, 3057, 2021, 1655, 3044, 1579, 3372, 804, 2339, 1856, 1141, 6084, 1278, 3599, 1549, 1355, 1384, 2012, 521, 1664, 4387, 4347, 2710, 752, 3693, 3801, 1723, 4875, 1105, 2848, 2794, 1120, 4731, 1620, 1828, 1677, 1464, 3148, 1039, 3374, 3184, 1911, 1622)
(10, 42): Mean: 2496.528, median: 2285.5, std: 1108.135, percent: 2495.46, B: 126, W: 123, 
	(2100, 1503, 1777, 2842, 3682, 2460, 2152, 5035, 1810, 3195, 2253, 3561, 2933, 2160, 1421, 2288, 3957, 3167, 4158, 2057, 1704, 2188, 1419, 2190, 1528, 1460, 2855, 1431, 1222, 2460, 3065, 2398, 2378, 776, 1372, 3246, 2427, 1773, 2679, 1985, 1907, 1499, 599, 2489, 3021, 1815, 2742, 2556, 2360, 2373, 2586, 4058, 1810, 3190, 3244, 3036, 1546, 2840, 4425, 3731, 2245, 2389, 3947, 1603, 3118, 2283, 3431, 1085, 6424, 1999, 2298, 1086, 4116, 2244, 3411, 3830, 2751, 2151, 3511, 2025, 2269, 2280, 2658, 5560, 1860, 2557, 2882, 932, 2695, 3744, 2673, 2386, 4311, 1763, 2279, 2520, 1178, 3347, 2434, 2659, 764, 1532, 976, 2491, 2120, 2671, 1502, 1645, 3621, 1960, 2862, 3490, 1834, 5776, 2264, 4038, 2648, 1175, 2368, 4485, 2383, 2155, 1881, 2680, 4424, 2890, 7543, 2850, 3874, 2484, 1866, 1002, 1655, 1817, 2010, 1562, 2676, 1353, 2280, 1910, 2180, 3889, 1967, 3018, 4044, 4315, 3180, 2767, 1955, 881, 1407, 1865, 1651, 2744, 2653, 1648, 2359, 1928, 2544, 1610, 2892, 1614, 1417, 2555, 1702, 2029, 3552, 2212, 3685, 1876, 5534, 1993, 3210, 2128, 3975, 2129, 2173, 2433, 3322, 2215, 1446, 2893, 1744, 2539, 4987, 3266, 1606, 2940, 2678, 3375, 1470, 3085, 1129, 1418, 2408, 2030, 1125, 2156, 2327, 2254, 5030, 1035, 911, 1306, 1993, 2091, 3257, 2768, 2754, 2058, 1239, 3685, 1535, 3138, 811, 2184, 1891, 935, 6423, 1304, 4202, 1608, 1454, 1446, 1863, 653, 1759, 3786, 2889, 2682, 787, 4247, 4907, 1903, 4644, 1098, 2918, 2486, 1145, 5212, 1490, 1975, 1619, 1612, 3167, 1256, 2939, 2671, 2027, 1867)
(11, 43): Mean: 2500.084, median: 2335.0, std: 1106.382, percent: 2486.22, B: 127, W: 123, 
	(2212, 1449, 1671, 2695, 3622, 2289, 2345, 3772, 2046, 3164, 2204, 3356, 2779, 2136, 1372, 2505, 3585, 3585, 4138, 1944, 1644, 2449, 1250, 2285, 1433, 1095, 3281, 1347, 1209, 2588, 3219, 2440, 2474, 690, 1476, 3105, 2328, 1891, 2649, 2391, 2130, 1568, 483, 2605, 3186, 1927, 2649, 2922, 2408, 2157, 2405, 3624, 2289, 2821, 3070, 3163, 1701, 2772, 3843, 3114, 2206, 2570, 3766, 1678, 2486, 2553, 3387, 960, 6619, 2006, 2792, 1097, 5278, 2297, 3948, 4280, 2382, 2334, 2599, 1808, 2332, 2336, 3131, 6170, 2199, 2457, 2895, 896, 2620, 3987, 2524, 2158, 3832, 1461, 1943, 3037, 1109, 3374, 2344, 2613, 563, 1560, 774, 2483, 2276, 2444, 1282, 1946, 3948, 2157, 2817, 3281, 1912, 4859, 2121, 3748, 2894, 1311, 2358, 5120, 2028, 2001, 1895, 2746, 4060, 3495, 7060, 3147, 4932, 2817, 1986, 965, 1713, 1589, 1840, 1533, 2436, 1402, 2343, 1873, 2212, 4421, 2011, 2664, 4873, 4148, 3294, 2506, 2197, 784, 1796, 1688, 1510, 2911, 2775, 1708, 2192, 2125, 2394, 1716, 3495, 1472, 1444, 2790, 1724, 2311, 3632, 2263, 3731, 1988, 5067, 1748, 2819, 2484, 4165, 2417, 1974, 2178, 3421, 2351, 1585, 2917, 2018, 2463, 4843, 3141, 1767, 2833, 2537, 3345, 1397, 2707, 1070, 1440, 2327, 1986, 1173, 2578, 2171, 2226, 3974, 1043, 858, 1216, 1936, 2050, 2721, 2670, 2931, 2275, 1508, 3101, 1577, 2751, 833, 2256, 1968, 1172, 5993, 1306, 3266, 1464, 1335, 1743, 1665, 505, 1787, 4359, 3281, 2709, 749, 3731, 4988, 1768, 5277, 1027, 3672, 2260, 1351, 5214, 1441, 1740, 1683, 1691, 3537, 1144, 3592, 3118, 1993, 1740)
(12, 44): Mean: 2492.036, median: 2287.5, std: 1102.641, percent: 2470.52, B: 129, W: 121, 
	(2162, 1467, 1617, 3025, 3702, 2346, 2232, 3298, 2221, 3181, 2141, 3433, 2951, 2123, 1296, 3001, 3401, 3490, 4628, 1947, 1533, 2186, 1405, 2391, 1499, 1324, 3091, 1344, 1123, 2809, 3522, 2697, 2278, 896, 1472, 3145, 2415, 1711, 2524, 2049, 1935, 1553, 520, 2290, 3059, 1818, 2787, 2637, 2522, 2356, 2351, 3621, 1985, 2856, 3031, 3700, 1696, 2749, 4578, 3269, 2122, 2704, 4650, 1655, 2803, 2249, 3442, 947, 6420, 2008, 2340, 1136, 3989, 2039, 4562, 4027, 2335, 2422, 2996, 1838, 2767, 2313, 2557, 4865, 2083, 2544, 2855, 953, 3100, 3712, 2740, 2357, 3689, 2464, 2076, 2675, 1158, 3056, 2273, 2838, 808, 1532, 827, 2459, 2194, 2677, 1188, 1752, 3144, 1788, 2878, 3127, 1958, 5751, 2330, 3466, 2471, 1348, 2470, 4920, 2312, 2028, 1946, 2629, 3993, 3022, 6957, 3045, 4537, 2490, 1964, 950, 1893, 1755, 1828, 1447, 2553, 1212, 2247, 2027, 1927, 3619, 1954, 2874, 5102, 4389, 3048, 2741, 2056, 841, 1370, 1859, 1728, 2645, 2891, 1685, 1866, 1908, 2198, 1603, 2969, 1797, 1459, 2864, 1783, 2077, 3534, 2424, 4216, 2025, 5540, 2003, 3532, 2036, 4072, 2192, 1988, 2209, 3076, 2293, 1401, 3049, 2213, 2366, 4562, 4303, 1577, 3192, 2758, 3055, 1488, 3159, 1023, 1629, 1806, 2012, 1154, 2280, 2187, 2156, 4488, 995, 870, 1236, 1747, 2137, 3089, 2580, 2939, 2285, 1309, 2890, 1496, 3612, 820, 2053, 2108, 877, 6680, 1311, 3715, 1611, 1445, 1222, 1724, 466, 1948, 4489, 2937, 2219, 798, 4332, 3990, 1760, 4826, 1057, 2933, 2900, 1293, 4851, 1348, 1776, 1493, 1677, 3712, 1300, 3146, 2880, 2032, 1773)
(13, 47): Mean: 2483.228, median: 2328.5, std: 1098.335, percent: 2513.04, B: 125, W: 124, 
	(2021, 1416, 1560, 2935, 3607, 2399, 2280, 3391, 1952, 3568, 2525, 3741, 2815, 2052, 1529, 2315, 3964, 3093, 4556, 1944, 1557, 2573, 1179, 2379, 1499, 1286, 2869, 1373, 1131, 2756, 3125, 3063, 2420, 834, 1298, 3430, 2150, 1915, 2612, 1954, 2222, 1404, 564, 2086, 3053, 1901, 2711, 2367, 2576, 2251, 2737, 4146, 1797, 2485, 3636, 3370, 1830, 3138, 4673, 3722, 2158, 3063, 3955, 1598, 2520, 2665, 2895, 1060, 6086, 2050, 2565, 1025, 4299, 2349, 3939, 4304, 2597, 2291, 2912, 1955, 2563, 2517, 2709, 4062, 2110, 2331, 3027, 957, 2596, 3713, 3114, 2321, 3953, 1623, 1923, 2880, 1266, 3309, 2720, 2534, 624, 1424, 958, 2670, 2326, 2581, 1252, 1771, 3463, 1835, 3012, 3946, 1698, 6079, 1972, 4474, 2924, 1306, 2100, 4418, 2042, 1750, 1806, 2569, 4010, 3035, 7647, 2751, 4519, 2746, 1880, 862, 1706, 1646, 1661, 1691, 2511, 1328, 2140, 2123, 2554, 3675, 2056, 2691, 4273, 3965, 3124, 2571, 2090, 631, 1567, 1919, 1613, 2864, 2374, 1698, 2049, 1986, 2289, 1783, 3064, 1722, 1486, 2367, 1675, 2184, 3566, 2263, 3834, 1937, 4954, 1953, 2903, 2097, 3837, 2482, 2116, 2952, 3137, 2364, 1413, 3209, 1803, 2411, 5164, 3786, 1316, 2763, 2418, 3077, 1509, 3066, 1117, 1603, 2221, 1668, 1216, 2056, 2416, 2301, 4141, 987, 844, 1219, 1934, 2054, 3165, 2541, 3027, 2316, 1313, 3198, 1464, 3210, 817, 2142, 1795, 985, 6398, 1258, 3645, 1428, 1430, 1177, 1765, 510, 1749, 4043, 3066, 2964, 631, 3893, 3788, 1831, 5224, 976, 3197, 2704, 1225, 4709, 1456, 1756, 1562, 1636, 3430, 1337, 3814, 2506, 2128, 1716)
(14, 53): Mean: 2467.9, median: 2293.5, std: 1062.716, percent: 2456.2, B: 133, W: 116, 
	(2061, 1524, 1642, 2971, 3419, 2341, 2301, 3626, 2042, 2791, 2259, 3300, 3448, 2270, 1431, 2411, 3642, 3220, 4521, 2029, 1475, 2314, 1254, 2220, 1668, 1281, 2891, 1313, 1041, 2710, 2978, 2656, 2286, 834, 1402, 3276, 2493, 1818, 2595, 1872, 2060, 1589, 517, 2332, 2673, 2024, 3203, 2471, 2268, 2369, 2521, 3695, 1960, 2675, 3215, 3280, 1659, 2659, 4419, 3292, 2128, 2732, 4045, 1781, 2443, 2429, 3344, 877, 5516, 2234, 2175, 1105, 3922, 2621, 4177, 4420, 2404, 2243, 3647, 1957, 2456, 2171, 2565, 5134, 2047, 2502, 2611, 889, 2378, 4515, 3055, 2572, 3985, 1672, 2158, 3310, 1127, 3381, 2250, 2548, 644, 1394, 889, 2604, 2246, 2516, 1264, 1737, 3239, 1809, 2953, 3060, 1893, 4057, 2126, 3292, 2588, 1349, 2094, 4762, 2045, 1819, 1917, 3188, 3940, 3083, 6528, 3209, 3947, 2728, 1798, 793, 1564, 1797, 1851, 1615, 2903, 1277, 2235, 1945, 2153, 3495, 2053, 3034, 4529, 4335, 3000, 2559, 2072, 806, 1462, 1981, 1456, 2751, 2583, 1809, 2079, 1966, 2510, 1557, 3164, 1657, 1451, 2814, 1803, 2006, 4113, 2167, 3706, 1897, 5183, 1885, 2792, 1824, 3469, 2366, 2198, 2359, 3085, 2164, 1604, 2860, 2010, 2648, 5984, 4381, 1657, 2679, 2525, 2936, 1544, 2575, 1085, 1372, 2148, 1795, 1080, 2128, 2128, 2576, 4013, 1068, 751, 1267, 1897, 2124, 2929, 2498, 2957, 2340, 1421, 3184, 1610, 3748, 808, 2361, 2086, 1070, 6484, 1304, 3756, 1560, 1363, 1222, 1709, 489, 1737, 3998, 3615, 2804, 790, 4130, 4075, 1943, 5317, 1099, 2879, 2484, 1347, 4114, 1409, 1913, 1607, 1620, 3555, 1229, 3913, 2913, 1927, 1799)
(16, 62): Mean: 2461.136, median: 2279.0, std: 1089.882, percent: 2481.04, B: 131, W: 119, 
	(1913, 1455, 1603, 3265, 4302, 2264, 2274, 3702, 1919, 3919, 2235, 3481, 2772, 2562, 1591, 2296, 4182, 2986, 4022, 1890, 1802, 2261, 1361, 2329, 1642, 1049, 3025, 1475, 1092, 2553, 2976, 2662, 2421, 821, 1320, 3539, 2280, 1854, 2197, 2037, 2018, 1533, 516, 2487, 2595, 1686, 2933, 2492, 2332, 2267, 2603, 3913, 1947, 2449, 3452, 3185, 1702, 3129, 4345, 3156, 2303, 2491, 4043, 1735, 2621, 2546, 2956, 1001, 5992, 2011, 2381, 1007, 4197, 2245, 4192, 4229, 2223, 2193, 3027, 1871, 2986, 2098, 2660, 5662, 2137, 2775, 2882, 900, 2642, 3643, 3200, 1923, 3670, 1542, 1757, 2409, 1160, 3118, 2011, 2436, 609, 1521, 1065, 2510, 1860, 2646, 1135, 1694, 3005, 2021, 2707, 3918, 1975, 5840, 2144, 3581, 2585, 1292, 2358, 4847, 2142, 1882, 1817, 2842, 3331, 2540, 7097, 2747, 4136, 3149, 1806, 975, 1846, 1766, 1933, 1551, 2839, 1125, 2171, 1841, 1964, 3473, 2379, 3231, 4877, 3995, 3027, 2866, 1960, 807, 1157, 1937, 1662, 2641, 2724, 1768, 2293, 1715, 2340, 1635, 3146, 1517, 1484, 2642, 1698, 2077, 4251, 2291, 4085, 2008, 4554, 2043, 2729, 1924, 3724, 2084, 2290, 2278, 3608, 2396, 1423, 2686, 1891, 2609, 5153, 3845, 1448, 3038, 2645, 3427, 1241, 3008, 1240, 1248, 2205, 1820, 1264, 2184, 2397, 2100, 4203, 1070, 778, 1319, 1728, 2241, 2785, 2796, 3107, 2079, 1285, 2927, 1896, 2929, 817, 2155, 1774, 1102, 5847, 1146, 2996, 1506, 1374, 1243, 1520, 558, 1857, 3989, 3328, 2653, 772, 4297, 4604, 1578, 5039, 1039, 3036, 2640, 1230, 4619, 1353, 1894, 1475, 1510, 3686, 1311, 3858, 2827, 2026, 1537)
(17, 64): Mean: 2437.632, median: 2254.5, std: 1037.399, percent: 2398.62, B: 131, W: 119, 
	(2081, 1355, 1571, 2863, 3311, 2372, 2739, 3491, 1996, 3103, 2070, 3649, 2840, 2265, 1320, 2300, 4053, 3337, 4190, 1967, 1670, 2244, 1075, 2064, 1517, 965, 2971, 1358, 1203, 2431, 3358, 2506, 2909, 782, 1386, 3300, 2515, 1896, 2599, 2206, 1978, 1591, 472, 2479, 2747, 1937, 2645, 2320, 2004, 2266, 2651, 3803, 1951, 2446, 3657, 2922, 1536, 2532, 4726, 3046, 2229, 2810, 3467, 1571, 3081, 2593, 3209, 971, 5546, 2346, 2611, 1080, 4189, 1991, 4035, 4593, 2514, 2364, 3398, 2031, 2929, 2206, 3115, 4417, 2082, 2367, 2809, 1044, 2677, 3875, 2768, 2141, 3655, 1472, 2229, 2686, 1214, 3253, 2161, 2799, 600, 1489, 980, 2406, 2017, 2779, 1235, 1726, 3419, 2058, 2674, 3282, 1966, 5545, 1941, 3274, 2534, 1390, 2347, 5036, 2118, 1994, 1867, 2786, 3903, 2636, 5877, 3178, 4132, 2364, 1859, 862, 1577, 1904, 1787, 1453, 2798, 1380, 2178, 1987, 2288, 3649, 2086, 3349, 4700, 4019, 3563, 2486, 2072, 804, 1399, 1760, 1584, 2859, 2537, 1951, 2004, 1998, 2598, 1758, 3041, 1704, 1299, 2630, 1741, 1915, 3935, 2302, 3683, 1790, 4210, 2059, 2537, 1943, 3840, 2173, 2152, 2026, 3529, 2115, 1397, 2877, 1713, 2511, 4906, 3458, 1505, 2735, 2693, 2903, 1325, 3282, 1150, 1387, 2023, 2121, 1181, 2146, 2033, 2131, 4474, 1096, 827, 1258, 1787, 1920, 3059, 2811, 3053, 2204, 1270, 3297, 1710, 3043, 748, 1919, 1801, 1000, 5447, 1313, 3528, 1461, 1248, 1255, 1717, 512, 1814, 4633, 3310, 2556, 551, 4334, 3868, 1680, 5544, 954, 2722, 2742, 1205, 4158, 1355, 2011, 1573, 1481, 3185, 1326, 3216, 2853, 2003, 1608)
(18, 67): Mean: 2416.208, median: 2279.0, std: 1021.049, percent: 2413.3, B: 135, W: 114, 
	(2068, 1407, 1612, 2749, 4415, 2277, 2308, 3383, 1857, 3407, 2420, 3571, 2900, 2659, 1240, 2177, 3567, 3579, 3788, 2039, 1476, 2222, 1160, 2155, 1639, 990, 3117, 1377, 1203, 2766, 2945, 2985, 2546, 783, 1385, 3449, 2485, 1791, 2662, 1977, 2093, 1404, 506, 2444, 2576, 1878, 2885, 2539, 2285, 2308, 2975, 3633, 2218, 2349, 3454, 2974, 1519, 2765, 3926, 3291, 2281, 2454, 4091, 1471, 2695, 2471, 3643, 941, 4876, 2201, 2235, 1051, 4946, 2287, 3692, 3988, 2429, 2557, 2875, 1843, 2633, 2411, 2738, 4051, 2226, 2393, 3204, 813, 2572, 3380, 2682, 2423, 3768, 1414, 1945, 2436, 1248, 3053, 2731, 2606, 479, 1568, 823, 2347, 2043, 2613, 1238, 1623, 3683, 2071, 2610, 3156, 1894, 5464, 2250, 3336, 2515, 1061, 2085, 5032, 2216, 1866, 2041, 2466, 3537, 3130, 6757, 2673, 3941, 2473, 1870, 973, 1748, 1654, 2049, 1365, 2588, 1153, 2259, 2065, 1882, 3830, 2055, 2823, 4620, 3633, 2919, 2828, 1990, 975, 1513, 1786, 1580, 2795, 2488, 1703, 2085, 1817, 2466, 1738, 2971, 1580, 1407, 2376, 1759, 2031, 3493, 2153, 3979, 2084, 4030, 1868, 3003, 1948, 3897, 2085, 1999, 2187, 3032, 2120, 1432, 2670, 1888, 2725, 4635, 3590, 1570, 2983, 2513, 2997, 1330, 2945, 976, 1464, 2142, 1776, 1209, 2133, 2121, 2159, 4077, 1007, 874, 1206, 1947, 2010, 2986, 2605, 3030, 2124, 1790, 3185, 1795, 2910, 713, 2153, 1846, 1032, 6152, 1298, 3376, 1398, 1415, 1165, 1727, 514, 1795, 3645, 2939, 2820, 782, 4095, 3856, 1807, 4801, 978, 2979, 2622, 1144, 4505, 1405, 1853, 1594, 1586, 3124, 1070, 4322, 2850, 1819, 1513)
(27, 116): Mean: 2428.92, median: 2280.0, std: 1049.781, percent: 2430.9, B: 130, W: 120, 
	(2204, 1564, 1618, 3431, 3587, 2279, 2327, 4114, 1840, 3320, 2176, 3312, 2695, 2390, 1435, 2425, 4070, 2925, 4228, 1897, 1440, 2345, 1184, 2295, 1551, 1094, 3011, 1262, 1158, 2768, 3480, 2653, 2380, 825, 1305, 3241, 2308, 1823, 2654, 2115, 2030, 1667, 537, 2561, 2161, 1788, 2881, 2442, 2522, 2404, 2852, 3449, 1837, 2302, 3247, 3206, 1492, 3338, 4785, 3711, 2124, 2424, 4505, 1566, 3153, 2281, 3421, 954, 5612, 1919, 2770, 1070, 4303, 2252, 4308, 3967, 2235, 2598, 2750, 1793, 2316, 2166, 2252, 3662, 2061, 2441, 2938, 1009, 2607, 3862, 2895, 1978, 3372, 1553, 1842, 2887, 1224, 2976, 2106, 2537, 675, 1461, 858, 2550, 1961, 2373, 1158, 1746, 3337, 1779, 2624, 3182, 1748, 5123, 2071, 3795, 2478, 1222, 2031, 5312, 2269, 1848, 1940, 2845, 4214, 2986, 6847, 3357, 3712, 2876, 2067, 962, 1810, 1708, 1791, 1629, 2614, 1285, 2145, 1893, 2410, 3716, 2016, 2983, 4447, 3684, 3241, 2727, 2205, 804, 1486, 2033, 1343, 2722, 2824, 1582, 2011, 1850, 2214, 1722, 3619, 1543, 1372, 2548, 1778, 1949, 3711, 2323, 3502, 1781, 4759, 1941, 2743, 1834, 3858, 2510, 2536, 2508, 2881, 2349, 1376, 2564, 1915, 2443, 4442, 3174, 1394, 3113, 2508, 3416, 1349, 3202, 994, 1496, 1911, 1796, 1131, 2346, 2183, 2170, 3774, 978, 814, 1187, 1779, 1906, 2815, 2276, 3445, 2244, 1420, 3244, 1483, 2976, 845, 2022, 1766, 972, 6260, 1191, 3324, 1614, 1425, 1455, 1851, 515, 1751, 3642, 3233, 2470, 678, 4168, 3876, 1710, 4832, 1084, 2571, 2458, 1250, 5091, 1346, 1842, 1747, 1587, 2654, 1210, 3707, 3251, 1894, 1697)
(28, 118): Mean: 2441.9, median: 2286.5, std: 1062.59, percent: 2418.04, B: 126, W: 123, 
	(2338, 1463, 1567, 2978, 3922, 2328, 2281, 3833, 1865, 3598, 2137, 3303, 2753, 2291, 1545, 2336, 4586, 3642, 3737, 1739, 1504, 2233, 1319, 2220, 1441, 1200, 3105, 1341, 1112, 2572, 3043, 2748, 3010, 743, 1429, 3184, 2562, 1788, 2299, 1916, 2028, 1481, 723, 2319, 3360, 1570, 2692, 2705, 2261, 2293, 2729, 3456, 2025, 2667, 3401, 3212, 1620, 2884, 4563, 2954, 1996, 2711, 3869, 1672, 3183, 2474, 3599, 1024, 7340, 1981, 2432, 965, 4830, 2098, 3470, 4473, 2342, 2238, 3476, 1953, 2569, 2146, 2743, 4693, 2242, 2873, 2879, 945, 2611, 3713, 2864, 2282, 3519, 1544, 1995, 2808, 1161, 2907, 2062, 2638, 700, 1607, 826, 2690, 2444, 2543, 1125, 1552, 3355, 1916, 2732, 3530, 2002, 4452, 1911, 3382, 2387, 1379, 2338, 4693, 2142, 1970, 1939, 2593, 3992, 3081, 7047, 3094, 4934, 2895, 2102, 869, 1776, 1674, 2125, 1353, 2540, 1301, 2175, 1862, 2228, 3538, 2049, 2911, 4171, 4262, 3249, 2572, 2263, 849, 1682, 1822, 1518, 2680, 2740, 1855, 2078, 1879, 2414, 1801, 3056, 1491, 1368, 2315, 1638, 1928, 3543, 2262, 3492, 2057, 4780, 1833, 2821, 2079, 4036, 1930, 2075, 2318, 3335, 2386, 1705, 3055, 1984, 2631, 4541, 3351, 1427, 2988, 2548, 2801, 1313, 2858, 1073, 1264, 2000, 1928, 1091, 2189, 2363, 2245, 4171, 1131, 743, 1263, 1637, 1945, 2922, 2515, 2900, 2161, 1271, 2889, 1839, 2859, 858, 1956, 2184, 1218, 5496, 1191, 3217, 1386, 1298, 1157, 1560, 502, 1795, 3598, 3028, 2318, 753, 3800, 4383, 1726, 4781, 1045, 2797, 2370, 1044, 4891, 1392, 1950, 1744, 1680, 3293, 1205, 3441, 2693, 1907, 1611)
(29, 121): Mean: 2436.076, median: 2284.0, std: 1061.701, percent: 2386.72, B: 129, W: 120, 
	(2302, 1388, 1666, 2895, 3917, 2260, 2239, 3097, 1996, 3516, 2384, 3711, 3121, 2151, 1290, 2525, 4024, 3627, 4080, 2212, 1614, 1988, 1139, 2071, 1654, 1193, 3393, 1214, 1080, 2672, 3198, 2864, 2664, 854, 1309, 3248, 2531, 2205, 2284, 1921, 2227, 1475, 661, 2012, 2640, 1928, 3020, 2547, 2102, 2389, 2497, 3567, 1896, 2704, 3745, 2827, 1675, 2817, 4067, 3229, 2427, 2838, 4477, 1494, 3020, 2297, 2940, 951, 5873, 2176, 2284, 956, 4039, 2495, 3087, 4787, 2558, 2296, 3005, 1788, 2495, 2065, 2708, 4621, 1896, 2144, 3101, 951, 2451, 3976, 2674, 2364, 4031, 1435, 1843, 2871, 1270, 2773, 2282, 2429, 651, 1511, 932, 2630, 2085, 2590, 1146, 1741, 3377, 2052, 2670, 3536, 1689, 5762, 2179, 4114, 2538, 1249, 2108, 5352, 2338, 1888, 1799, 2697, 4157, 2596, 6320, 3078, 4319, 2588, 1903, 916, 1637, 1888, 1818, 1409, 2736, 1346, 2200, 2140, 1987, 3641, 2397, 2868, 5318, 3471, 3324, 2640, 2134, 915, 1354, 1924, 1497, 2748, 2416, 1906, 2005, 1906, 2285, 1680, 2869, 1452, 1328, 2777, 1606, 1869, 3674, 2246, 4602, 1770, 4880, 1863, 2957, 1927, 3898, 2332, 2340, 2037, 3088, 2217, 1481, 2723, 1952, 2713, 5719, 3323, 1514, 2927, 2512, 3173, 1395, 2672, 1179, 1373, 1962, 1863, 1208, 2094, 2105, 2364, 3883, 1052, 848, 1232, 1848, 1982, 2463, 2655, 3002, 2278, 1361, 3145, 1621, 2889, 815, 2182, 1666, 939, 4828, 1220, 3265, 1477, 1236, 1222, 1691, 490, 1834, 3748, 3153, 2411, 743, 4402, 4086, 1703, 4972, 1045, 3175, 2484, 1131, 4405, 1352, 1780, 1699, 1852, 3304, 1120, 3632, 2318, 2011, 1594)
(30, 122): Mean: 2433.132, median: 2258.0, std: 1071.525, percent: 2423.02, B: 132, W: 118, 
	(2587, 1607, 1688, 2810, 3735, 2309, 2394, 3633, 1897, 3109, 2039, 3509, 2708, 2221, 1666, 2201, 3346, 3557, 4744, 1815, 1660, 2089, 1167, 2423, 1552, 1051, 3033, 1376, 1044, 2878, 2783, 2780, 2482, 769, 1471, 2998, 2259, 1840, 2848, 2268, 2354, 1458, 573, 1951, 2652, 1812, 2694, 2117, 2262, 2482, 2519, 3722, 1944, 2410, 3812, 2980, 1630, 2708, 4800, 2812, 2210, 2714, 3774, 1606, 2715, 2272, 2859, 1007, 6453, 2048, 2249, 974, 4887, 2294, 3399, 4043, 2183, 2204, 3041, 1909, 2234, 2715, 2575, 3516, 1799, 2052, 2736, 880, 2654, 3727, 2479, 2215, 3799, 1400, 1942, 3230, 1303, 3179, 2456, 2634, 614, 1471, 839, 2293, 2302, 2517, 1246, 1652, 3107, 1968, 2731, 4166, 1941, 4888, 1934, 4069, 2526, 1325, 2104, 4607, 2179, 1899, 1760, 2534, 3969, 2978, 7183, 2963, 4308, 2895, 2131, 927, 1817, 1759, 1867, 1388, 2257, 1182, 2315, 1819, 1800, 3822, 2356, 2945, 4431, 3647, 3807, 3075, 2199, 876, 1402, 1847, 1626, 2600, 3308, 1666, 1941, 1809, 2161, 1765, 3389, 1562, 1360, 2778, 1492, 1895, 3557, 2190, 3820, 1938, 4812, 1870, 3153, 1982, 4070, 2296, 2038, 2192, 2610, 2043, 1384, 3287, 1823, 2331, 5091, 3710, 1466, 3021, 2319, 3295, 1408, 2967, 1063, 1416, 2255, 1771, 1387, 2288, 2427, 2149, 5186, 961, 830, 1242, 2014, 2276, 2714, 2652, 3026, 2113, 1380, 3000, 1594, 2867, 824, 2028, 1770, 1015, 6060, 1322, 3719, 1519, 1432, 1126, 1689, 481, 1659, 3598, 3186, 2715, 741, 3762, 3673, 1584, 5246, 1125, 2848, 2731, 1250, 4737, 1284, 1836, 1558, 1743, 3068, 1200, 3376, 2936, 2137, 1628)
(31, 123): Mean: 2405.188, median: 2274.5, std: 1005.414, percent: 2433.44, B: 132, W: 116, 
	(2466, 1561, 1654, 3416, 3830, 2331, 2373, 3449, 1991, 3553, 1946, 3224, 2934, 2303, 1336, 2395, 3685, 3244, 3593, 1896, 1495, 2427, 1417, 2080, 1543, 1161, 3008, 1369, 1055, 2850, 3195, 2783, 2468, 726, 1469, 3635, 2264, 2039, 2620, 2205, 1772, 1595, 586, 2269, 3021, 1867, 2798, 2339, 2136, 2365, 2708, 3688, 1994, 2683, 3336, 2988, 1517, 2771, 4858, 2941, 2436, 2748, 4074, 1585, 2573, 2345, 3035, 985, 5247, 2015, 1868, 983, 3702, 2235, 3976, 4298, 2236, 2379, 3241, 1900, 2659, 2612, 2437, 4118, 2094, 1990, 3262, 877, 2690, 3679, 2332, 2557, 3569, 1393, 2028, 2822, 1227, 3115, 2334, 2448, 493, 1475, 925, 2528, 1951, 2557, 1173, 1652, 3587, 2009, 2640, 2942, 1879, 4818, 1963, 3595, 2644, 1367, 2245, 4951, 2267, 2028, 1965, 2767, 3914, 2896, 6307, 2822, 4138, 2720, 1972, 861, 1808, 1545, 1675, 1606, 2328, 1116, 2517, 2252, 2170, 3579, 2189, 3014, 4513, 3431, 3297, 2912, 2008, 974, 1700, 1929, 1460, 2634, 3073, 1830, 2050, 1836, 2389, 1564, 2961, 1513, 1360, 2452, 1549, 1991, 3558, 2043, 3463, 1892, 4774, 1810, 3029, 1744, 3420, 2367, 2181, 2165, 3024, 2281, 1361, 2817, 1565, 2489, 4558, 3066, 1421, 2792, 2203, 3491, 1452, 2772, 1008, 1406, 1990, 1871, 1112, 2076, 2240, 2164, 4265, 1013, 752, 1286, 1886, 2114, 2813, 2772, 3266, 2195, 1441, 2936, 1722, 3144, 738, 2311, 1773, 1211, 5199, 1308, 3340, 1312, 1597, 1077, 1704, 522, 1717, 3426, 3558, 2280, 713, 3379, 4391, 1672, 5577, 1100, 2543, 2417, 1115, 4719, 1343, 1722, 1652, 1650, 3018, 1152, 4042, 2595, 2023, 1590)
(32, 124): Mean: 2418.436, median: 2254.5, std: 1076.983, percent: 2400.34, B: 130, W: 119, 
	(2524, 1300, 1568, 2841, 3880, 2363, 2014, 3175, 2012, 3312, 2372, 3518, 2849, 2243, 1603, 2275, 3359, 3665, 4738, 1741, 1563, 2248, 1153, 2035, 1643, 1239, 3556, 1396, 1137, 2583, 3050, 2464, 2211, 854, 1428, 3410, 2407, 1843, 2781, 2224, 1965, 1669, 485, 2232, 3050, 1787, 3076, 2891, 2220, 2359, 2517, 3368, 1935, 2518, 3398, 3113, 1540, 2804, 4190, 3264, 2215, 2759, 3879, 1734, 2505, 2403, 2977, 1009, 5923, 1894, 2333, 885, 4331, 2290, 3957, 3969, 2321, 2299, 2657, 1844, 2294, 2551, 2552, 3780, 2020, 2229, 2902, 835, 2468, 3317, 2705, 2150, 3039, 1517, 2251, 2776, 1197, 3335, 2074, 2943, 613, 1767, 911, 2178, 2327, 2582, 1312, 1723, 3618, 1839, 2452, 3371, 2057, 5394, 2194, 3470, 2322, 1324, 2430, 4663, 2311, 1965, 2088, 2985, 3770, 2917, 7942, 2869, 3990, 2575, 1797, 905, 1597, 1507, 1826, 1398, 2258, 1186, 2019, 2037, 1890, 3385, 1931, 3171, 3677, 3252, 2950, 2716, 1968, 926, 1470, 1624, 1433, 2555, 2633, 1785, 2137, 1763, 2153, 1564, 2996, 1476, 1381, 2560, 1632, 2177, 3995, 2107, 4254, 2111, 4900, 1652, 2589, 1970, 3704, 2080, 1954, 2359, 3117, 2241, 1411, 3066, 1742, 2300, 5632, 3440, 1560, 2723, 2569, 3079, 1561, 3000, 1178, 1379, 1945, 1866, 1026, 2235, 2274, 1996, 4357, 960, 770, 1245, 1766, 2012, 2724, 2583, 3134, 2329, 1448, 3065, 1717, 2949, 936, 2375, 1717, 1140, 5950, 1171, 3757, 1413, 1385, 1176, 1607, 502, 1973, 4466, 3390, 2449, 597, 4234, 4309, 1588, 5661, 941, 2753, 2597, 1105, 4836, 1221, 1756, 1498, 1609, 2849, 1242, 3996, 2914, 2048, 1603)
(33, 126): Mean: 2406.724, median: 2196.0, std: 1076.937, percent: 2415.28, B: 127, W: 123, 
	(1952, 1348, 1584, 3101, 3992, 2262, 2454, 3463, 1805, 3584, 2140, 3591, 2960, 2256, 1378, 2158, 4461, 3439, 3641, 2023, 1661, 2032, 1175, 2280, 1608, 1149, 2827, 1191, 1028, 2603, 2925, 2517, 2413, 805, 1456, 3802, 2162, 1972, 2866, 2233, 2134, 1384, 459, 2090, 2715, 1658, 2560, 2351, 2164, 2211, 2459, 3596, 1975, 2448, 3665, 3241, 1639, 2597, 4756, 3373, 2297, 2865, 3438, 1558, 2573, 2281, 3046, 959, 5139, 1887, 2038, 1070, 4565, 2081, 3821, 3611, 2350, 2573, 2862, 1768, 2172, 2657, 2687, 4390, 2343, 2496, 2908, 1064, 2539, 4630, 2663, 1852, 3297, 1533, 1963, 2734, 1284, 2887, 2345, 2473, 626, 1447, 863, 2401, 2021, 2403, 1105, 1647, 3400, 1718, 2617, 3250, 1836, 5480, 2068, 4057, 2416, 1142, 1945, 5866, 2118, 1951, 1959, 2413, 3618, 2643, 7457, 2902, 3825, 2465, 1828, 892, 1855, 1593, 1641, 1579, 2182, 1227, 2259, 2025, 1949, 3893, 1956, 3479, 4622, 3372, 3459, 2702, 2139, 946, 1199, 2112, 1464, 2695, 2445, 1762, 2011, 2053, 2210, 1589, 3453, 1606, 1316, 2730, 1608, 1953, 3581, 2284, 3437, 1826, 4956, 2020, 3004, 1980, 3776, 2000, 2286, 2169, 2684, 2145, 1364, 3049, 1960, 2824, 5272, 3163, 1498, 2913, 2359, 3225, 1370, 3115, 1046, 1394, 2027, 1924, 1206, 2071, 2430, 2122, 3545, 918, 612, 1247, 1831, 2122, 2414, 2372, 3318, 2117, 1410, 3110, 1672, 2818, 767, 2151, 1689, 1043, 5475, 1231, 3467, 1403, 1322, 1116, 1661, 714, 1767, 4100, 3173, 2582, 776, 3397, 4073, 1784, 5850, 1030, 2654, 2341, 1146, 4735, 1239, 1826, 1469, 1646, 3256, 1064, 4350, 2677, 2045, 1742)
(34, 131): Mean: 2388.8, median: 2242.0, std: 1038.845, percent: 2391.8, B: 133, W: 116, 
	(2065, 1245, 1697, 2826, 3153, 2086, 2371, 3492, 1945, 3382, 2230, 3353, 2770, 2126, 1551, 2342, 3595, 3323, 4326, 1865, 1557, 2262, 1194, 2134, 1467, 1106, 3240, 1255, 1023, 2669, 2941, 2594, 2337, 769, 1439, 3160, 2314, 2005, 2682, 2115, 2133, 1401, 456, 2466, 2668, 1698, 2806, 2201, 2216, 2166, 2395, 3297, 1839, 2443, 3622, 3256, 1581, 2633, 4786, 2990, 2057, 2264, 4098, 1636, 2804, 2665, 3152, 1032, 5683, 1900, 2248, 1018, 5410, 2215, 3854, 4802, 2326, 2419, 3166, 1896, 2500, 2041, 2334, 4137, 2181, 2424, 2784, 948, 2668, 4081, 2341, 2292, 3585, 1433, 2279, 3159, 1138, 3347, 2253, 2351, 663, 1622, 919, 2341, 2283, 2724, 1238, 1501, 3515, 1834, 2518, 2899, 1805, 4630, 1809, 4348, 2752, 1349, 2058, 4874, 2254, 1926, 1913, 2569, 3845, 2778, 6587, 2817, 3483, 2667, 1738, 1036, 1828, 1583, 1597, 1304, 2253, 1197, 2345, 2102, 2212, 3370, 1951, 3303, 4622, 3871, 3387, 2878, 2187, 1080, 1371, 1714, 1526, 2305, 2267, 1712, 2060, 1815, 2043, 1513, 3393, 1505, 1376, 2809, 1691, 1880, 3481, 2040, 3455, 1797, 4850, 1879, 2459, 1833, 3623, 2317, 2279, 2269, 2967, 2132, 1382, 3277, 1787, 2664, 4913, 3277, 1532, 2720, 2169, 2885, 1483, 3461, 1121, 1448, 1985, 1782, 1183, 2070, 2191, 1985, 4342, 1044, 787, 1259, 1876, 2080, 3015, 2982, 2980, 2105, 1215, 2956, 1593, 3017, 802, 2262, 1778, 1111, 6096, 1246, 3025, 1575, 1343, 1347, 1642, 566, 1657, 3800, 2861, 2729, 572, 3828, 4152, 1617, 4593, 1021, 2914, 2236, 1211, 4229, 1253, 1727, 1477, 1504, 3035, 1181, 3710, 2383, 1902, 1543)
(35, 132): Mean: 2387.188, median: 2251.0, std: 1031.685, percent: 2383.54, B: 128, W: 120, 
	(1936, 1332, 1551, 2949, 3154, 2297, 2536, 3616, 1894, 2982, 2082, 2989, 2860, 2113, 1317, 2294, 3727, 3264, 3943, 2051, 1573, 2116, 1108, 2450, 1582, 1162, 2852, 1295, 1019, 2361, 2843, 2964, 2314, 792, 1369, 3028, 2415, 1929, 2900, 2221, 1997, 1391, 467, 2391, 3204, 1624, 2816, 2483, 2147, 2429, 2421, 3030, 2177, 2540, 3694, 3245, 1605, 2773, 3859, 3559, 2313, 2533, 3518, 1758, 2525, 2326, 2744, 945, 6105, 1763, 2300, 938, 4680, 2100, 3741, 4114, 2398, 2447, 2650, 1859, 2406, 2741, 2488, 4576, 1986, 2482, 2624, 969, 2875, 4381, 2671, 1928, 3464, 1590, 2158, 2729, 1300, 3370, 2184, 2408, 489, 1676, 900, 2548, 2017, 2294, 1167, 1520, 3193, 1705, 2961, 3864, 1962, 4656, 2224, 3426, 2478, 1178, 2234, 4014, 2004, 1951, 1795, 2333, 3765, 2691, 6435, 2771, 3964, 2534, 1855, 867, 1725, 1699, 1806, 1488, 2410, 1489, 2151, 2018, 2173, 3274, 2031, 2863, 4483, 4288, 3443, 2572, 2076, 843, 1392, 1747, 1464, 2557, 2535, 1723, 2083, 1815, 2455, 1822, 3246, 1610, 1488, 2606, 1704, 1794, 3380, 1964, 4545, 1818, 4987, 1797, 2740, 1786, 3504, 2134, 2170, 2268, 2793, 2114, 1317, 2712, 1911, 2858, 4466, 3175, 1608, 2411, 2301, 3369, 1423, 3229, 1061, 1458, 1980, 1601, 1157, 2085, 2132, 2217, 4596, 1056, 703, 1165, 1873, 1873, 2990, 2356, 3085, 2164, 1274, 3303, 1521, 2990, 752, 2320, 1720, 956, 6016, 1178, 3050, 1511, 1418, 1430, 1608, 480, 1659, 3926, 3929, 2759, 752, 3946, 3841, 1737, 5194, 1021, 2706, 2496, 1080, 4857, 1392, 1873, 1577, 1496, 2885, 1243, 3977, 2631, 1790, 1708)
(36, 138): Mean: 2396.14, median: 2226.5, std: 1058.893, percent: 2418.92, B: 129, W: 121, 
	(2141, 1325, 1655, 3317, 3354, 2419, 2364, 3195, 1944, 3314, 2083, 3432, 2875, 2033, 1339, 2418, 3593, 3443, 4452, 1758, 1744, 2059, 1162, 2038, 1444, 1040, 2917, 1409, 1108, 2629, 3048, 2422, 2239, 928, 1381, 3658, 2257, 2023, 2746, 2076, 2068, 1568, 516, 2511, 2687, 1653, 2676, 2471, 2396, 2325, 2297, 3728, 1920, 2827, 3597, 3500, 1452, 2751, 4287, 3451, 2091, 2767, 4034, 1548, 2654, 2384, 3339, 1034, 6583, 1971, 2201, 940, 4339, 2116, 3603, 4106, 2535, 2430, 2643, 1694, 2199, 2165, 2628, 4653, 2354, 2758, 2578, 863, 3037, 3884, 2443, 2091, 3668, 1425, 1752, 2684, 1241, 3425, 2159, 2490, 659, 1533, 775, 2354, 2155, 2467, 1249, 1555, 3581, 1945, 2608, 3825, 1840, 4753, 2058, 3182, 2488, 1425, 2158, 4552, 2265, 1917, 1931, 2506, 4228, 2592, 5999, 2767, 4071, 2546, 1831, 930, 1616, 1527, 1842, 1444, 2372, 1310, 2228, 1982, 2096, 3530, 2185, 2645, 4819, 3668, 2885, 2515, 2015, 1062, 1373, 1701, 1400, 2466, 2356, 1687, 2194, 1719, 2168, 1511, 3316, 1383, 1368, 2324, 1516, 1844, 3551, 2372, 3726, 1855, 4814, 1728, 2932, 1676, 3842, 2081, 2150, 2225, 2906, 2303, 1358, 2655, 1816, 2473, 5619, 3432, 1459, 2440, 2648, 2930, 1367, 3049, 986, 1386, 1969, 1815, 1215, 2275, 2174, 2264, 3565, 1007, 794, 1226, 1834, 2017, 2838, 2541, 3296, 2062, 1516, 3490, 1569, 2861, 791, 2142, 1770, 900, 7178, 1324, 3278, 1395, 1360, 1333, 1601, 613, 1827, 3824, 3563, 2756, 746, 3838, 3908, 1723, 4624, 937, 2923, 2400, 1170, 4539, 1293, 1771, 1557, 1635, 3356, 1085, 3335, 3010, 1952, 1687)
(37, 142): Mean: 2402.18, median: 2250.0, std: 1049.863, percent: 2412.58, B: 131, W: 119, 
	(2094, 1514, 1645, 2760, 3900, 2008, 2781, 3548, 1880, 3209, 2640, 3313, 2970, 2011, 1479, 2558, 4125, 3051, 3801, 1857, 1696, 2064, 1244, 1951, 1464, 1111, 3493, 1380, 1154, 2302, 3312, 2643, 2292, 876, 1252, 4003, 2280, 2063, 2298, 2142, 1897, 1549, 501, 2172, 2652, 1619, 2541, 2396, 2216, 2239, 2442, 3326, 1934, 2690, 3460, 3080, 1613, 2866, 4610, 3207, 2318, 2925, 3998, 1732, 2472, 2271, 3001, 1006, 5717, 2388, 2420, 999, 4463, 2253, 3575, 4504, 2505, 2834, 3053, 1855, 2404, 2572, 2291, 4529, 2181, 2498, 3400, 967, 2488, 4094, 2440, 1775, 2894, 1404, 2031, 3301, 1002, 2991, 2149, 2746, 618, 1866, 784, 2347, 2093, 2337, 1207, 1684, 3131, 1910, 2370, 3546, 1852, 4913, 1720, 3079, 2454, 1308, 2115, 4967, 2013, 1919, 1840, 2622, 3338, 2747, 7338, 2681, 3836, 2422, 1760, 915, 1795, 1537, 1718, 1474, 2496, 1583, 2349, 2022, 1805, 3540, 2064, 2882, 4786, 3906, 3256, 2564, 2395, 887, 1411, 1749, 1556, 2739, 2528, 1623, 1984, 2166, 2067, 1489, 2911, 1714, 1452, 2763, 1629, 1983, 3519, 2247, 3992, 1862, 4585, 1993, 2853, 2049, 3402, 1939, 2020, 2336, 3107, 2033, 1434, 3015, 1742, 2898, 4850, 3551, 1328, 2795, 2351, 3395, 1401, 3208, 1021, 1473, 2136, 1878, 1185, 2126, 2121, 2656, 4882, 928, 829, 1247, 1871, 1950, 2526, 2898, 3193, 2147, 1359, 2502, 1556, 2636, 770, 2006, 1750, 881, 6112, 1225, 3558, 1422, 1601, 1243, 1629, 528, 1474, 4049, 3167, 2558, 723, 3795, 3703, 1738, 4811, 906, 2399, 2853, 1062, 4266, 1244, 1729, 1479, 1681, 3357, 1381, 3739, 2915, 1934, 1657)
(38, 146): Mean: 2392.032, median: 2260.0, std: 1018.804, percent: 2402.0, B: 133, W: 117, 
	(1923, 1329, 1651, 3118, 3636, 2360, 2352, 3293, 1857, 3366, 2212, 2939, 2941, 2159, 1430, 2127, 3764, 2988, 3857, 1748, 1705, 2411, 1117, 2395, 1396, 1151, 3400, 1341, 1119, 2991, 3216, 2917, 2440, 856, 1382, 3293, 2272, 1866, 2528, 2047, 2297, 1398, 540, 2207, 2949, 1709, 2458, 2584, 2085, 2418, 2198, 3345, 1904, 2504, 4087, 3281, 1545, 3148, 4545, 3283, 2085, 2769, 3615, 1515, 2620, 2519, 2873, 944, 5474, 2038, 2298, 914, 4865, 2241, 3807, 3531, 2294, 2325, 3623, 1866, 2594, 2406, 2481, 4828, 2126, 2398, 2767, 1030, 2786, 3711, 2473, 2025, 3953, 1540, 1772, 2880, 1235, 3076, 2182, 2760, 565, 1472, 798, 2248, 2149, 2389, 1260, 1631, 3402, 1944, 2624, 3565, 1787, 5269, 2060, 3554, 2313, 1251, 2496, 4535, 2481, 2156, 2041, 2337, 3670, 2826, 5665, 3004, 3762, 2459, 1727, 1085, 1432, 1608, 1782, 1419, 2449, 1491, 2278, 2031, 2381, 3261, 2119, 2565, 4984, 3753, 3063, 2614, 2173, 866, 1294, 1460, 1375, 3055, 2497, 1573, 1947, 1996, 2239, 1429, 3226, 1512, 1259, 2604, 1604, 1845, 3438, 2152, 3495, 1762, 4232, 2002, 2819, 2013, 3916, 2075, 2284, 2158, 3005, 2088, 1359, 2911, 1871, 2770, 4979, 3670, 1533, 2718, 2509, 4098, 1292, 2609, 1007, 1599, 1873, 1863, 1183, 2044, 2310, 2022, 4875, 1069, 751, 1246, 1934, 2171, 3102, 2561, 2901, 2165, 1433, 2718, 1714, 2846, 727, 2331, 1944, 1052, 5622, 1160, 3691, 1276, 1449, 1201, 1681, 582, 1678, 3788, 3429, 2220, 701, 3438, 3768, 1868, 4793, 1021, 2578, 2593, 1317, 4597, 1254, 1682, 1492, 1602, 2821, 1016, 4049, 2425, 1960, 1731)
(39, 147): Mean: 2379.66, median: 2216.0, std: 1058.133, percent: 2382.26, B: 131, W: 119, 
	(2083, 1421, 1512, 3146, 3745, 2303, 2664, 3210, 1992, 3160, 1998, 3292, 2745, 2144, 1420, 2390, 4143, 3212, 3973, 1804, 1550, 2042, 1116, 2032, 1397, 1210, 3299, 1431, 1007, 2718, 2719, 2886, 2510, 822, 1412, 3349, 2450, 2108, 2539, 2229, 2046, 1590, 465, 2363, 2479, 1731, 2484, 2203, 2112, 2412, 2643, 3566, 2160, 2287, 3501, 2684, 1722, 2838, 4050, 2969, 2031, 2284, 3697, 1662, 2482, 2655, 3160, 903, 6376, 1987, 2447, 991, 4577, 2282, 4024, 3934, 2234, 2243, 3454, 1881, 2003, 2548, 2311, 4200, 2088, 2503, 2775, 965, 2419, 4020, 2478, 1919, 3361, 1532, 1693, 2996, 1147, 3345, 2089, 2420, 559, 1630, 943, 2576, 2071, 2441, 1286, 1581, 3252, 1739, 2468, 2777, 1986, 4521, 2064, 3278, 2647, 1150, 2360, 4446, 1950, 1832, 1720, 2824, 3374, 2583, 6612, 2783, 3903, 2631, 1706, 822, 1625, 1696, 2011, 1485, 2259, 1244, 2240, 1862, 2311, 3520, 1836, 2826, 3812, 4046, 3433, 2555, 2163, 684, 1461, 1802, 1398, 2682, 2597, 1609, 1953, 1810, 2286, 1466, 3164, 1690, 1292, 2619, 1613, 1924, 3858, 2166, 3478, 1992, 5574, 1826, 2581, 1911, 3709, 2125, 2154, 1955, 2946, 2193, 1331, 2789, 1825, 2554, 4660, 3990, 1381, 2682, 2434, 3262, 1348, 3042, 1206, 1472, 1934, 1928, 1147, 2014, 2303, 2102, 5029, 1013, 671, 1200, 1727, 2010, 2405, 2815, 2837, 1988, 1300, 2735, 1577, 2718, 762, 2004, 1765, 980, 6500, 1224, 2958, 1226, 1506, 1247, 1759, 568, 1546, 4106, 3307, 2436, 773, 3632, 4832, 1674, 4836, 983, 2598, 2461, 1130, 4967, 1413, 1861, 1472, 1653, 3960, 1200, 4418, 2683, 1906, 1579)
(50, 208): Mean: 2393.708, median: 2165.0, std: 1069.402, percent: 2414.0, B: 127, W: 123, 
	(2189, 1303, 1633, 3228, 3256, 2297, 2036, 3130, 1927, 2929, 2053, 3214, 3075, 2026, 1455, 2156, 4319, 2840, 4260, 1795, 1521, 2064, 1119, 2140, 1373, 1076, 3062, 1342, 1050, 2587, 3015, 2466, 2093, 767, 1291, 3494, 2310, 1789, 2237, 2551, 2140, 1464, 524, 2174, 2986, 1788, 2543, 2489, 1911, 2272, 2539, 3620, 1955, 2339, 3063, 3173, 1628, 2975, 3904, 2919, 2519, 2832, 4543, 1515, 2803, 2624, 3079, 828, 6818, 1766, 2148, 934, 4838, 2125, 3344, 4245, 2270, 2420, 4235, 1705, 2523, 2337, 2709, 4546, 2153, 2115, 2945, 940, 2357, 3782, 2730, 1911, 4066, 1516, 1749, 2693, 1151, 2673, 2076, 2603, 634, 1568, 751, 2848, 2090, 2590, 1389, 1529, 3704, 1715, 2746, 3935, 1965, 4610, 1865, 3668, 2493, 1222, 2235, 4408, 2006, 1889, 1642, 2433, 4382, 2361, 6966, 3035, 3780, 2284, 1840, 866, 1726, 1578, 1949, 1419, 2747, 1592, 1982, 1786, 2370, 3530, 1806, 3075, 5317, 3510, 2957, 2413, 2126, 1073, 1249, 1884, 1458, 2622, 2419, 1836, 1956, 1967, 2210, 1644, 3374, 1583, 1400, 2648, 1688, 1785, 4784, 2055, 4490, 1737, 4261, 1769, 3197, 1743, 3409, 1962, 2259, 2117, 3676, 2076, 1285, 2868, 1854, 2507, 5024, 3616, 1570, 2581, 2325, 3135, 1504, 3090, 1084, 1376, 2085, 2062, 1145, 2331, 1999, 2073, 4548, 1157, 831, 1218, 1571, 2299, 3030, 2623, 3050, 2023, 1463, 2680, 1689, 3085, 770, 2213, 1923, 917, 4966, 1189, 3650, 1334, 1207, 1160, 1608, 677, 1769, 3659, 3428, 2911, 634, 3571, 4379, 1818, 4516, 793, 2698, 2367, 1273, 4066, 1319, 1694, 1478, 1666, 2901, 1054, 3711, 2849, 1973, 1802)
(51, 212): Mean: 2381.212, median: 2239.5, std: 1021.042, percent: 2405.36, B: 128, W: 122, 
	(1890, 1330, 1545, 2952, 3643, 2503, 2328, 3530, 1767, 3178, 2660, 3219, 3518, 2444, 1474, 2521, 4278, 3380, 4353, 2039, 1639, 1983, 1177, 1961, 1572, 1163, 3390, 1365, 1048, 2565, 2790, 2650, 2394, 839, 1358, 3536, 2340, 2175, 2581, 2264, 1980, 1564, 544, 2080, 2840, 1854, 2876, 2145, 1928, 2651, 2476, 4097, 1831, 2398, 3253, 3242, 1594, 2885, 3827, 2991, 2223, 2368, 3846, 1763, 2679, 2461, 2990, 1097, 6461, 1928, 2215, 1003, 4365, 2010, 3353, 4058, 2235, 2276, 2918, 1797, 2365, 2407, 2608, 3823, 2095, 2377, 2890, 859, 2504, 3433, 2688, 2115, 3454, 1683, 1918, 2898, 1154, 2838, 2187, 2455, 495, 1475, 965, 2491, 2276, 2283, 1092, 1589, 3545, 1875, 2603, 3547, 1696, 4541, 1747, 3419, 2446, 1035, 2150, 4645, 2168, 1978, 2017, 2654, 3675, 3057, 6426, 2914, 3398, 2226, 2011, 809, 1604, 1752, 1676, 1277, 2498, 1467, 2307, 1839, 2496, 3603, 2153, 3042, 4936, 3201, 2881, 2813, 2137, 957, 1255, 1803, 1523, 2714, 2634, 1631, 2239, 1732, 2253, 1520, 3102, 1648, 1382, 2515, 1730, 2041, 4393, 2102, 3754, 1921, 4430, 1667, 2503, 1889, 3290, 2032, 2122, 2240, 3046, 2409, 1326, 2853, 1933, 2419, 4680, 3568, 1526, 2836, 2378, 3052, 1327, 2844, 1150, 1512, 1943, 2037, 1118, 2187, 2168, 2274, 4456, 989, 791, 1143, 1617, 1833, 2870, 2453, 2999, 2060, 1489, 3241, 1563, 2928, 747, 2187, 1751, 1159, 5935, 1309, 3123, 1552, 1239, 1133, 1587, 586, 1615, 3536, 3109, 2973, 653, 3764, 4147, 1598, 5175, 971, 2932, 2369, 1084, 4173, 1268, 1713, 1378, 1582, 2912, 1239, 4071, 2635, 2212, 1721)
(52, 214): Mean: 2403.388, median: 2242.0, std: 1059.735, percent: 2447.36, B: 126, W: 124, 
	(2242, 1464, 1682, 3366, 3421, 2229, 2448, 3234, 2017, 3063, 2368, 3104, 3155, 2217, 1444, 2177, 4106, 3261, 3694, 1756, 1481, 2242, 1077, 2185, 1564, 1121, 3466, 1359, 1111, 2488, 3233, 2755, 2171, 801, 1531, 3634, 2401, 2088, 2555, 2234, 2090, 1418, 452, 2327, 2531, 1927, 2685, 2344, 1911, 2421, 3130, 3609, 1852, 2879, 3613, 3211, 1581, 2834, 3828, 3505, 2182, 2890, 3821, 1670, 3038, 2694, 2811, 882, 5530, 1912, 2373, 987, 3994, 2234, 3377, 3815, 2384, 2418, 2861, 1766, 2314, 2308, 2595, 4804, 2113, 2334, 2586, 787, 2563, 3825, 2670, 2055, 3421, 1570, 1864, 2574, 1196, 3166, 2349, 2405, 496, 1514, 1011, 2713, 2083, 2365, 1251, 1728, 3642, 1783, 2783, 3697, 1891, 5417, 1840, 3554, 2439, 1219, 2094, 4607, 2292, 1848, 1865, 2626, 4025, 2772, 7569, 3103, 4484, 2886, 1743, 1029, 1564, 1590, 1763, 1528, 2451, 1481, 2144, 1781, 2346, 3745, 1870, 2779, 4053, 3555, 4027, 2424, 2096, 1040, 1312, 1914, 1553, 2578, 2857, 1782, 2043, 1777, 2318, 1655, 3417, 1374, 1567, 2324, 1535, 1940, 3883, 2127, 3806, 1996, 4861, 1935, 2719, 1837, 3524, 2170, 2383, 2157, 3076, 2010, 1422, 3198, 1832, 2595, 4412, 3179, 1515, 2870, 2253, 3043, 1441, 2861, 1123, 1359, 1799, 1863, 1202, 2052, 2207, 2129, 4765, 954, 847, 1183, 1701, 2045, 2600, 2759, 3285, 2276, 1173, 2701, 1388, 2677, 808, 2040, 1739, 826, 6377, 1203, 3557, 1385, 1182, 1175, 1633, 497, 1724, 3609, 3485, 2891, 597, 3455, 3933, 1708, 4098, 1001, 2830, 2532, 1201, 5880, 1346, 1828, 1594, 1569, 2940, 1244, 3511, 2802, 2020, 1651)
(53, 215): Mean: 2414.808, median: 2238.0, std: 1074.98, percent: 2421.84, B: 130, W: 120, 
	(2038, 1161, 1534, 3275, 3609, 2550, 2020, 3277, 1917, 3471, 2020, 2993, 3230, 1853, 1339, 2185, 3614, 3244, 4811, 1868, 1559, 1929, 1162, 2043, 1711, 993, 3049, 1411, 1066, 2532, 3182, 2790, 2191, 748, 1440, 3829, 2297, 1941, 2412, 2332, 2177, 1622, 542, 2226, 2729, 1847, 2577, 2250, 2302, 2344, 2605, 3435, 2059, 2469, 3433, 3876, 1568, 3193, 4506, 3386, 2520, 2757, 4462, 1817, 2558, 2495, 2870, 1001, 5925, 1789, 2361, 895, 4321, 2286, 3859, 4259, 2459, 2617, 2657, 1834, 2233, 2350, 2497, 4655, 2087, 2243, 2445, 937, 2577, 4521, 2751, 1826, 3473, 1679, 2065, 2539, 1268, 2838, 2563, 2701, 549, 1542, 845, 2461, 2279, 2598, 1074, 1726, 3651, 1992, 3001, 3158, 1979, 4897, 1818, 4109, 2633, 1299, 2268, 4669, 2321, 1795, 1848, 2441, 4342, 2699, 5864, 3187, 3787, 2672, 1637, 792, 1686, 1509, 1625, 1381, 2197, 1389, 2330, 1915, 2185, 3574, 2062, 3207, 4629, 4082, 3184, 2377, 2042, 918, 1484, 1845, 1503, 2589, 3515, 1677, 1864, 1961, 2208, 1625, 3376, 1389, 1315, 2412, 1678, 1893, 4414, 2053, 3891, 1810, 4374, 1962, 2668, 2265, 3588, 2212, 2131, 2016, 3031, 2115, 1407, 3015, 1949, 2583, 4722, 3308, 1373, 2612, 2474, 2923, 1430, 2886, 1058, 1477, 1872, 1983, 1074, 2011, 2032, 2113, 4453, 1022, 710, 1172, 1604, 2246, 2602, 2514, 3200, 2154, 1393, 2917, 1634, 2525, 793, 2045, 1647, 1143, 6051, 1328, 3797, 1555, 1214, 1102, 1587, 557, 1835, 4247, 3143, 2599, 709, 3277, 4418, 1572, 5192, 851, 2691, 2602, 1358, 5076, 1503, 1939, 1321, 1915, 2779, 1104, 5395, 2460, 1913, 1685)
(54, 216): Mean: 2370.264, median: 2253.0, std: 1010.019, percent: 2338.52, B: 128, W: 122, 
	(2173, 1253, 1516, 3027, 3689, 2426, 2312, 3226, 2033, 3516, 2515, 3038, 2753, 2045, 1345, 1992, 3725, 3334, 3315, 1981, 1557, 2162, 1256, 2051, 1446, 1146, 3056, 1335, 1000, 2710, 3051, 2623, 2087, 772, 1438, 3275, 2439, 2378, 2472, 2201, 2039, 1320, 577, 2321, 2619, 1950, 3010, 2610, 2213, 2399, 2259, 3081, 1852, 2470, 3461, 3009, 1625, 2706, 4450, 3038, 2041, 2308, 3782, 1482, 2692, 2440, 3270, 925, 5539, 2143, 2141, 1007, 4322, 2064, 3351, 3527, 2295, 2540, 2718, 1656, 2372, 2378, 2466, 4295, 1940, 2441, 3059, 989, 2612, 3811, 2379, 2088, 3575, 1537, 1793, 3024, 1282, 3089, 2247, 2538, 585, 1470, 870, 2450, 2383, 2505, 1112, 1716, 2909, 1892, 2409, 3242, 1724, 5052, 2029, 3306, 2429, 1233, 2516, 4255, 1955, 1949, 1694, 2410, 4397, 2775, 5776, 2904, 3662, 2618, 1696, 864, 1720, 1574, 2025, 1333, 2302, 1461, 2322, 1819, 2288, 3531, 2129, 2563, 5253, 3351, 3211, 2779, 1884, 974, 1216, 1731, 1399, 2780, 2988, 1592, 2281, 1893, 2167, 1610, 3740, 1511, 1387, 2264, 1534, 2001, 4182, 2170, 3515, 1950, 5400, 1863, 2971, 2060, 3319, 2226, 2442, 2483, 3063, 2079, 1304, 2768, 1885, 2693, 4682, 3778, 1512, 2828, 2071, 2855, 1436, 2894, 1205, 1426, 1996, 1964, 1067, 1949, 2202, 2134, 4556, 1020, 749, 1252, 1730, 1981, 2259, 2503, 3144, 2236, 1183, 3165, 1601, 2889, 790, 2203, 1706, 986, 5442, 1194, 4006, 1462, 1190, 1364, 1602, 439, 1600, 3704, 2689, 2687, 729, 3339, 4618, 1590, 4457, 1174, 2757, 2468, 1234, 4848, 1284, 1974, 1404, 1452, 3019, 1234, 4600, 2788, 1978, 1679)
(56, 223): Mean: 2388.42, median: 2171.5, std: 1063.871, percent: 2407.78, B: 129, W: 121, 
	(2024, 1468, 1552, 3253, 3500, 2934, 2057, 3660, 1764, 3324, 2369, 3256, 2994, 2026, 1556, 2516, 4203, 3117, 3868, 1922, 1607, 2035, 1133, 1880, 1330, 1206, 2951, 1286, 1050, 2610, 3151, 2305, 2492, 768, 1490, 3039, 2461, 2140, 2127, 2109, 1962, 1375, 581, 2333, 2864, 1742, 2930, 2042, 2357, 2053, 2570, 3621, 2036, 2342, 3854, 3350, 1595, 2963, 3969, 3382, 2219, 2329, 4094, 1468, 3026, 2452, 2721, 906, 6156, 1816, 2113, 932, 3982, 2160, 3750, 4048, 2837, 2581, 2594, 1578, 2349, 2601, 2581, 5219, 2268, 2323, 2634, 916, 2374, 4375, 2323, 2031, 3676, 1494, 1944, 2397, 1234, 3121, 2031, 2295, 731, 1405, 967, 2513, 2130, 2260, 1153, 1685, 3268, 1863, 2485, 3293, 1802, 4825, 1951, 3400, 2414, 1329, 2307, 4661, 2012, 1852, 1964, 2753, 4464, 2874, 5347, 2641, 3858, 2580, 1828, 902, 1538, 1766, 1766, 1311, 2754, 1494, 2460, 2074, 2280, 3497, 2020, 2562, 4282, 3885, 3493, 2466, 1954, 867, 1406, 1922, 1448, 2628, 2760, 1671, 2025, 1863, 2065, 1759, 3399, 1370, 1477, 2461, 1476, 1850, 3466, 2173, 4047, 1830, 4870, 1903, 2641, 1969, 3792, 2120, 2182, 2154, 3118, 2200, 1405, 2912, 1723, 2425, 4651, 3162, 1291, 2821, 2454, 2929, 1232, 2932, 984, 1430, 1875, 1715, 1061, 2146, 2170, 2052, 4120, 1062, 840, 1219, 1672, 1802, 2420, 2744, 3542, 2063, 1556, 2705, 1471, 3080, 777, 2153, 1719, 1073, 6691, 1127, 3749, 1372, 1380, 1211, 1699, 543, 1666, 4010, 3526, 2620, 713, 3507, 3956, 1562, 5065, 1097, 2788, 2480, 1096, 4780, 1304, 1802, 1498, 1580, 3050, 1104, 6058, 2763, 1846, 1641)
(57, 229): Mean: 2379.52, median: 2195.0, std: 1062.101, percent: 2388.06, B: 135, W: 115, 
	(2197, 1288, 1476, 2794, 3917, 2536, 2151, 3415, 1761, 3106, 2144, 3394, 2820, 2098, 1284, 2412, 3763, 3001, 4676, 1956, 1505, 2219, 1156, 2041, 1480, 1118, 3033, 1423, 934, 2486, 3028, 2674, 2350, 705, 1336, 3862, 2284, 1643, 2436, 2070, 2122, 1397, 564, 2420, 3136, 1994, 2738, 2318, 2139, 2361, 2404, 3190, 1856, 2582, 3702, 3105, 1467, 2921, 4257, 3800, 2106, 2557, 3653, 1509, 2586, 2416, 3219, 936, 6325, 1882, 2055, 941, 4533, 2492, 3663, 3878, 2630, 2378, 3260, 1784, 2205, 2455, 2340, 4602, 1992, 2196, 3152, 998, 2295, 3362, 2802, 2235, 3801, 1684, 1835, 3030, 1061, 2992, 2042, 2496, 657, 1439, 748, 2698, 2079, 2279, 1169, 1653, 3745, 1732, 2603, 3583, 1801, 4866, 2023, 2927, 2615, 1180, 2020, 5469, 2319, 1782, 1694, 2627, 3851, 2823, 6883, 3110, 4128, 2759, 1730, 950, 1729, 1767, 1821, 1403, 2160, 1388, 2396, 2063, 2225, 3395, 1988, 2666, 4979, 3792, 3089, 2605, 1973, 735, 1204, 1964, 1351, 2749, 2310, 1739, 2074, 1813, 2037, 1597, 2827, 1519, 1351, 2696, 1723, 1977, 3385, 2194, 3803, 1772, 4783, 1832, 3259, 1943, 3041, 1946, 1944, 2121, 3430, 2331, 1447, 2911, 1672, 2434, 4803, 3590, 1390, 2732, 2088, 2989, 1316, 2828, 1039, 1384, 2332, 2121, 1163, 2013, 2165, 2454, 4057, 988, 714, 1181, 1657, 2039, 2463, 2636, 2928, 2024, 1555, 3059, 1505, 2792, 824, 1805, 1663, 984, 5566, 1138, 3826, 1451, 1335, 1278, 1633, 538, 1571, 4066, 2941, 2539, 756, 3523, 4205, 1818, 4940, 1037, 2465, 2194, 1242, 4876, 1252, 1847, 1476, 1560, 3240, 1282, 4014, 2403, 1897, 1572)
(59, 236): Mean: 2375.608, median: 2237.5, std: 1039.352, percent: 2347.16, B: 125, W: 123, 
	(2266, 1411, 1662, 3282, 3435, 2532, 2477, 3507, 1854, 3035, 2342, 3203, 2699, 2174, 1173, 2620, 4191, 3056, 3571, 2042, 1696, 1921, 1037, 2026, 1685, 1016, 2950, 1229, 978, 2347, 3285, 2735, 2156, 746, 1380, 3755, 2320, 2021, 2867, 2281, 1993, 1461, 617, 2360, 2644, 1722, 3006, 2179, 2219, 2114, 2572, 3372, 2017, 2594, 3386, 2709, 1630, 2882, 4274, 3484, 2141, 2483, 3218, 1541, 2487, 2929, 3219, 925, 6453, 2069, 2197, 897, 4342, 2113, 3066, 4308, 2462, 2742, 2545, 1663, 2125, 2380, 2786, 3248, 1796, 2393, 2817, 974, 2261, 4177, 2454, 2050, 3054, 1445, 1871, 2736, 1162, 3020, 2252, 2603, 483, 1522, 784, 2573, 2218, 2522, 1146, 1711, 3198, 1824, 2633, 2985, 1819, 4817, 1817, 3568, 2414, 1248, 2237, 5655, 2136, 2094, 1861, 2533, 4551, 2683, 6366, 2885, 3964, 2787, 1834, 852, 1696, 1503, 1619, 1256, 2473, 1468, 2241, 2069, 2238, 3493, 2239, 3244, 4790, 3711, 3529, 2416, 2083, 912, 1514, 1736, 1484, 2739, 2410, 1600, 2183, 1979, 2183, 1494, 3441, 1420, 1338, 2324, 1611, 2134, 3379, 2382, 3438, 2062, 5150, 1981, 2672, 1879, 3682, 2122, 2287, 2162, 3036, 2003, 1412, 2794, 2015, 2352, 5136, 2518, 1278, 2664, 2363, 2716, 1362, 2972, 1004, 1478, 1672, 1899, 1127, 1841, 2148, 2195, 4049, 962, 888, 1231, 1830, 1863, 2573, 2907, 2847, 2002, 1235, 3202, 1501, 2860, 815, 2402, 1762, 887, 5173, 1334, 3637, 1425, 1365, 1386, 1798, 530, 1607, 3762, 3317, 2472, 608, 3412, 4608, 1874, 5601, 989, 2952, 2515, 1096, 4409, 1252, 1841, 1626, 1861, 3060, 1077, 3915, 2882, 2135, 1494)
(61, 244): Mean: 2382.028, median: 2220.0, std: 1060.584, percent: 2390.16, B: 130, W: 119, 
	(2153, 1381, 1634, 3293, 3660, 2224, 2274, 3408, 2072, 3151, 2194, 3573, 3157, 2216, 1367, 2474, 3755, 3382, 3775, 1994, 1490, 2036, 1170, 2205, 1466, 1092, 2692, 1277, 1029, 2436, 3168, 2551, 2211, 790, 1510, 3895, 2456, 1886, 2468, 2245, 1974, 1276, 608, 2454, 2500, 1778, 2968, 2568, 2198, 2237, 2499, 3608, 2084, 2928, 3297, 3501, 1574, 2751, 3900, 3008, 2091, 2387, 3586, 1478, 2411, 2567, 2923, 930, 6751, 1847, 2325, 903, 4909, 2088, 3359, 4582, 2331, 2507, 2817, 1866, 2468, 2292, 2398, 3300, 1974, 2511, 2531, 937, 2802, 3880, 2401, 2193, 3462, 1460, 2354, 2732, 1250, 3122, 2227, 2308, 543, 1408, 846, 2198, 2256, 2375, 1188, 1894, 4040, 1802, 3017, 3813, 1752, 5125, 2008, 3549, 2587, 1330, 2108, 4943, 1920, 1892, 1710, 2463, 4054, 2919, 6200, 2955, 3990, 2501, 1678, 805, 1579, 1527, 1887, 1169, 2464, 1372, 2149, 2117, 2282, 3598, 1818, 2902, 5029, 3685, 3505, 2523, 1975, 871, 1322, 2087, 1523, 2731, 2474, 1734, 2165, 2006, 1990, 1632, 3627, 1423, 1296, 2537, 1745, 1971, 3503, 2043, 3504, 1739, 4081, 1752, 2832, 2156, 3598, 2162, 1900, 2104, 2829, 2032, 1388, 2738, 1836, 2526, 5699, 3108, 1558, 2717, 2249, 3079, 1309, 2959, 1040, 1295, 2271, 1796, 1187, 1825, 2198, 2247, 4710, 1070, 683, 1242, 1693, 1863, 2526, 2845, 2633, 1976, 1266, 2893, 1765, 2930, 757, 2193, 1677, 1085, 6087, 1236, 3415, 1413, 1310, 1097, 1653, 631, 1611, 4144, 2814, 2581, 762, 3244, 4322, 1853, 5128, 1091, 2775, 2285, 1124, 4855, 1172, 1756, 1595, 1629, 2907, 1205, 3949, 2537, 1919, 1575)
(63, 253): Mean: 2378.88, median: 2242.5, std: 1034.569, percent: 2401.84, B: 125, W: 124, 
	(2014, 1442, 1554, 3376, 4397, 2249, 2366, 3495, 1906, 2969, 2099, 3525, 3236, 2247, 1304, 2435, 4034, 3146, 4003, 1843, 1556, 1969, 1141, 2268, 1565, 1248, 3278, 1340, 991, 2338, 3189, 2427, 2278, 741, 1394, 3172, 2268, 1892, 2221, 2008, 2097, 1420, 489, 2328, 2499, 1661, 2470, 2551, 1980, 2472, 2180, 3764, 1878, 2398, 3352, 2958, 1469, 2600, 4616, 3011, 2450, 2841, 3994, 1599, 2574, 2433, 3546, 1001, 5567, 1964, 2317, 967, 5102, 2173, 3674, 3707, 2997, 2189, 2573, 1584, 2468, 2463, 2634, 3946, 1970, 2560, 2507, 936, 2334, 3638, 2526, 1969, 3461, 1521, 1781, 2569, 1145, 2614, 2493, 2621, 503, 1540, 852, 2247, 2382, 2360, 1117, 1669, 3688, 1878, 2400, 3259, 1861, 5069, 1806, 3589, 2232, 1265, 1982, 4705, 2332, 2152, 2067, 2332, 4472, 2828, 6598, 2718, 4055, 2696, 1944, 907, 1641, 1514, 1718, 1482, 2641, 1246, 2294, 2209, 2551, 3376, 2309, 3167, 5351, 3807, 3227, 2559, 2122, 880, 1805, 1722, 1600, 2655, 2619, 1558, 2139, 2001, 2238, 1583, 3669, 1642, 1434, 2509, 1666, 2084, 3951, 2114, 3556, 1783, 4110, 1670, 2672, 1907, 3488, 2113, 2110, 2092, 3305, 2111, 1419, 2753, 1899, 2554, 4741, 3425, 1261, 2621, 2257, 2852, 1265, 3206, 972, 1375, 2066, 1829, 1138, 2508, 2222, 1932, 3990, 956, 655, 1208, 1764, 1988, 2857, 2654, 3033, 2140, 1306, 2945, 1682, 2701, 728, 2053, 1950, 933, 5193, 1226, 3597, 1420, 1359, 1413, 1614, 449, 1665, 4409, 3279, 2421, 758, 3357, 4340, 1676, 4657, 928, 2529, 2156, 1061, 4596, 1369, 1733, 1865, 1507, 3074, 1150, 3822, 2791, 1895, 1543)
(65, 260): Mean: 2369.872, median: 2223.5, std: 1027.544, percent: 2357.12, B: 129, W: 121, 
	(2200, 1334, 1513, 3086, 3590, 2107, 2260, 3399, 1929, 3045, 2209, 3199, 2866, 1999, 1182, 2299, 3266, 3172, 4314, 1931, 1483, 2227, 1036, 1926, 1434, 1063, 2745, 1360, 999, 2425, 3183, 2583, 2238, 791, 1358, 3290, 2472, 1823, 2256, 2154, 2389, 1471, 536, 2149, 2796, 1708, 2529, 2270, 2260, 2377, 2311, 3539, 1766, 2399, 3460, 3465, 1589, 2892, 4070, 2979, 2087, 2852, 4184, 1471, 3150, 2632, 3295, 932, 5985, 1954, 2035, 968, 4512, 2229, 3551, 4125, 2494, 2375, 2785, 1871, 2740, 2718, 2312, 4404, 2209, 2373, 2780, 901, 2220, 3937, 2481, 2166, 3392, 1497, 1856, 2770, 1271, 2958, 1980, 2461, 668, 1474, 931, 2266, 2202, 2271, 1134, 1665, 3085, 1841, 2520, 3810, 1788, 5024, 1866, 3447, 2845, 1403, 2169, 5466, 2122, 2049, 1878, 2477, 4219, 2775, 5884, 3424, 4451, 2539, 1762, 926, 1854, 1822, 1759, 1448, 2621, 1353, 2201, 2054, 2009, 3713, 1955, 2950, 5116, 3557, 2971, 2316, 2231, 850, 1594, 2133, 1427, 3042, 2398, 1561, 2026, 1849, 2215, 1482, 3312, 1561, 1414, 2569, 1531, 1779, 3637, 2112, 3704, 1750, 4782, 1835, 2434, 1993, 3252, 2152, 2293, 2072, 3182, 2351, 1399, 2672, 1839, 2393, 4291, 2945, 1486, 2925, 2405, 2967, 1373, 3131, 1125, 1432, 2039, 1800, 1089, 1989, 2261, 2272, 4392, 1071, 691, 1238, 1800, 2036, 3015, 2428, 2982, 2183, 1537, 2597, 1547, 2944, 756, 1934, 1727, 965, 6237, 1187, 3572, 1417, 1261, 1289, 1697, 629, 1637, 4083, 2896, 2461, 653, 2986, 3771, 1891, 4689, 988, 2889, 2382, 1070, 4608, 1271, 1916, 1352, 1725, 3547, 1133, 3334, 2311, 2008, 1685)
(67, 268): Mean: 2382.288, median: 2222.0, std: 1034.57, percent: 2377.96, B: 125, W: 123, 
	(2147, 1158, 1655, 3276, 2844, 2157, 2229, 3732, 2003, 3386, 2362, 3146, 2844, 2292, 1508, 2171, 3679, 3042, 3537, 2176, 1647, 1884, 1161, 2029, 1595, 1064, 2812, 1507, 998, 2790, 3105, 2575, 2241, 695, 1398, 3276, 2163, 2098, 2611, 2094, 2138, 1299, 520, 2216, 2579, 1613, 2901, 2732, 2151, 2104, 2311, 3402, 1954, 2798, 3937, 3454, 1515, 3077, 3931, 3294, 1935, 2281, 4180, 1903, 2556, 2555, 3115, 965, 6115, 1938, 2231, 1035, 5015, 2246, 3538, 3601, 2523, 2249, 2843, 2012, 2331, 1955, 2402, 5606, 2308, 2580, 2760, 872, 2313, 3820, 2790, 2297, 3739, 1552, 1978, 3188, 1156, 3043, 2337, 2254, 593, 1483, 714, 2363, 1892, 2499, 1207, 1621, 3388, 1715, 2794, 3809, 1866, 5454, 1708, 3288, 2442, 1529, 1973, 4960, 2085, 2059, 1841, 2365, 4217, 2685, 6645, 2906, 3572, 2455, 1811, 857, 1945, 1566, 1864, 1462, 2261, 1331, 2048, 1834, 2397, 3841, 2228, 2673, 4672, 3614, 3515, 2796, 2116, 924, 1237, 1562, 1546, 2949, 3137, 1662, 1941, 1940, 1927, 1691, 3048, 1406, 1330, 2702, 1467, 1957, 3611, 2132, 3125, 1990, 3956, 1797, 3065, 1749, 3750, 2155, 2158, 2049, 3342, 2186, 1335, 2461, 1843, 2517, 4646, 3329, 1407, 2553, 2318, 2796, 1319, 2951, 1169, 1354, 1927, 2333, 1145, 1867, 2197, 2357, 3924, 1070, 772, 1174, 1875, 2072, 2958, 2620, 3146, 2311, 1278, 3380, 1494, 2977, 780, 2158, 1930, 935, 5277, 1186, 3865, 1409, 1500, 1254, 1648, 531, 1624, 4322, 2799, 2789, 653, 3221, 4362, 1589, 4334, 967, 2973, 2522, 1171, 4481, 1408, 1623, 1647, 1788, 3226, 1098, 3475, 2814, 2179, 1579)
(68, 269): Mean: 2362.776, median: 2224.0, std: 1029.096, percent: 2345.96, B: 134, W: 115, 
	(2414, 1376, 1559, 3038, 3878, 2006, 1997, 3425, 1850, 3421, 2396, 2828, 2710, 2144, 1282, 2197, 3680, 2704, 4324, 1970, 1552, 2659, 1149, 1983, 1524, 1227, 2795, 1225, 1028, 2503, 3029, 2489, 2549, 728, 1340, 3189, 2174, 2107, 2401, 2233, 2228, 1505, 469, 2104, 2328, 1615, 2736, 2220, 2173, 2051, 2541, 3114, 1686, 2491, 3741, 3306, 1540, 3133, 3923, 3285, 2035, 2420, 4005, 1471, 2614, 2498, 3021, 899, 6537, 1794, 2231, 938, 4107, 2166, 3563, 3495, 2698, 2274, 3027, 1803, 2455, 2468, 2862, 4409, 2099, 2358, 3271, 897, 2731, 3412, 2484, 2314, 3700, 1640, 2159, 3206, 1173, 3249, 2192, 2563, 640, 1564, 852, 2682, 1913, 2417, 1170, 1726, 3326, 1706, 2972, 3133, 1742, 5567, 1926, 3874, 2556, 1442, 2009, 4604, 2216, 1713, 2007, 2569, 3963, 2792, 6530, 2991, 4273, 2623, 1692, 841, 1674, 1473, 1875, 1437, 2240, 1249, 2273, 1988, 2367, 3452, 1871, 2950, 4277, 3583, 2645, 2247, 2108, 873, 1415, 1803, 1354, 2684, 3026, 1520, 1988, 1699, 2081, 1726, 3032, 1228, 1395, 2641, 1680, 1964, 3913, 2001, 3857, 1899, 4725, 1844, 2566, 2290, 3350, 2158, 2060, 2531, 3198, 1919, 1384, 2806, 1769, 2548, 5202, 2910, 1433, 2568, 2267, 3155, 1330, 3446, 1111, 1408, 2046, 1964, 1204, 1975, 2491, 2387, 4188, 980, 740, 1176, 1881, 2028, 2831, 2678, 3378, 2076, 1386, 2925, 1576, 2891, 773, 2130, 1713, 980, 5746, 1146, 3434, 1351, 1268, 1230, 1593, 598, 1447, 3186, 3047, 2515, 592, 3459, 4380, 1695, 4363, 939, 2753, 2334, 1263, 4210, 1339, 1691, 1373, 1639, 3058, 1182, 3412, 2541, 2097, 1409)
(72, 289): Mean: 2369.464, median: 2224.0, std: 1056.154, percent: 2358.94, B: 129, W: 121, 
	(2416, 1451, 1602, 2723, 3899, 2247, 2276, 3437, 2001, 3559, 2222, 3247, 3085, 2301, 1292, 2157, 4053, 3049, 4032, 1819, 1724, 2036, 1094, 2018, 1519, 1226, 2763, 1299, 970, 2753, 2935, 2792, 2405, 714, 1427, 3878, 1992, 1968, 2910, 1987, 1980, 1409, 529, 2497, 2430, 1709, 2639, 2226, 2266, 2244, 2280, 3841, 1783, 2393, 3573, 2806, 1608, 2818, 4147, 3160, 2150, 2848, 3782, 1640, 2637, 2462, 2902, 1009, 6255, 1935, 2265, 1076, 4096, 2101, 3747, 4008, 2181, 2243, 2922, 1736, 2413, 2645, 2408, 5532, 2043, 2416, 2770, 946, 2253, 3622, 2536, 2120, 2947, 1481, 1754, 3077, 1127, 3105, 2101, 2562, 467, 1552, 810, 2288, 2146, 2264, 1199, 1733, 3301, 1836, 2693, 3091, 1621, 5109, 1824, 4067, 2745, 1410, 2039, 4584, 2373, 1967, 1818, 2634, 3540, 2783, 7622, 2722, 3793, 2482, 1837, 922, 1773, 1647, 1650, 1198, 2612, 1165, 2349, 2037, 1833, 3375, 1797, 3252, 4380, 3861, 3345, 2321, 2125, 749, 1392, 1891, 1515, 2497, 2821, 1512, 1912, 1879, 2098, 1698, 2833, 1592, 1318, 2666, 1679, 1895, 3908, 2196, 3258, 1910, 4799, 1836, 2858, 2000, 3458, 2115, 1933, 2355, 3779, 2091, 1308, 2655, 1909, 2621, 5066, 2904, 1466, 2975, 2085, 3366, 1445, 3206, 1115, 1406, 1991, 2012, 1122, 1797, 2232, 2217, 4430, 955, 776, 1144, 1983, 1955, 2555, 2741, 2565, 2229, 1421, 2756, 1493, 2778, 707, 2320, 1877, 1100, 5590, 1155, 3727, 1287, 1582, 1164, 1562, 604, 1591, 4039, 3198, 2462, 735, 3377, 3662, 1542, 5213, 1011, 2755, 2554, 1106, 4299, 1361, 1742, 1349, 1540, 2939, 1165, 2992, 2887, 1936, 1653)
(74, 296): Mean: 2371.336, median: 2170.0, std: 1060.812, percent: 2346.14, B: 127, W: 123, 
	(2377, 1309, 1425, 3145, 3613, 2275, 2254, 3190, 1955, 3439, 2408, 2913, 3014, 2385, 1314, 2352, 4354, 2766, 3598, 2026, 1565, 2100, 1050, 2162, 1682, 1200, 2984, 1483, 1031, 2476, 2871, 2493, 2118, 778, 1395, 2924, 2329, 1872, 2176, 2123, 2175, 1390, 478, 1995, 2509, 1857, 2601, 2265, 2102, 2611, 2510, 3486, 2205, 2546, 3580, 3169, 1426, 2858, 4161, 3030, 1937, 2859, 4353, 1657, 2852, 2379, 2706, 941, 6021, 1977, 2153, 1029, 4205, 2060, 3713, 3920, 2382, 2321, 2864, 1921, 2125, 2487, 2135, 4740, 1933, 2467, 2590, 895, 2309, 3747, 2336, 2134, 3516, 1624, 1777, 2685, 1218, 3309, 2333, 2165, 583, 1568, 950, 2463, 1996, 2306, 1129, 1536, 3447, 1738, 2724, 3428, 1816, 4199, 2231, 3296, 2752, 1330, 2128, 5127, 2092, 1915, 2164, 2747, 4059, 2796, 7173, 3197, 4041, 2270, 1980, 885, 1538, 1603, 1773, 1300, 2178, 1220, 2418, 1767, 2107, 3283, 1833, 2777, 4862, 3790, 2579, 2585, 2035, 930, 1813, 1683, 1695, 2783, 3079, 1533, 1759, 1978, 1948, 1634, 2698, 1551, 1372, 2607, 1610, 1858, 4428, 2123, 3756, 1857, 4630, 1716, 2455, 1974, 3397, 2113, 1980, 2472, 3354, 2068, 1370, 2751, 1977, 2375, 5125, 3275, 1448, 2713, 2214, 3287, 1307, 3039, 979, 1608, 1898, 1802, 1198, 1970, 2458, 2146, 4681, 965, 716, 1142, 1922, 1908, 2671, 2449, 2985, 2100, 1331, 2939, 1431, 2666, 828, 2363, 1646, 1108, 6923, 1275, 3502, 1455, 1236, 1173, 1987, 421, 1535, 3472, 3137, 2384, 639, 3675, 4305, 1627, 4738, 900, 3206, 2536, 1146, 4744, 1251, 1943, 1481, 1647, 2805, 1077, 3877, 2914, 2162, 1649)
(75, 299): Mean: 2375.764, median: 2229.0, std: 1036.746, percent: 2372.34, B: 127, W: 122, 
	(2237, 1414, 1568, 2707, 3511, 2139, 2229, 3766, 1782, 3161, 1993, 3425, 2944, 2268, 1662, 2331, 3485, 3402, 4419, 1809, 1535, 2247, 1170, 2229, 1518, 1073, 2766, 1275, 1054, 2539, 3048, 3029, 2239, 732, 1364, 3336, 2158, 1936, 2509, 1935, 2161, 1420, 468, 2390, 2437, 2022, 2383, 2041, 2062, 2311, 2596, 3249, 2014, 2413, 3341, 2879, 1594, 3174, 3776, 3309, 2358, 2685, 3480, 1857, 2700, 2511, 3049, 921, 6232, 1970, 2185, 979, 4337, 2117, 3925, 4147, 2464, 2120, 2754, 2100, 2434, 2980, 2723, 4667, 1915, 2229, 2805, 1058, 2480, 3917, 2447, 2084, 3445, 1629, 1851, 2330, 1205, 3077, 2295, 2400, 541, 1568, 859, 2353, 2089, 2405, 1066, 1531, 3295, 1945, 2423, 3325, 1868, 4495, 1860, 3193, 2576, 1131, 2183, 4970, 1981, 1903, 2025, 2555, 4502, 2712, 6011, 2646, 4870, 2582, 1931, 840, 1635, 1477, 1827, 1250, 2440, 1415, 2128, 1536, 2241, 3339, 1922, 2472, 5509, 3622, 3184, 2843, 2077, 1045, 1924, 1595, 1497, 3056, 3303, 1508, 1921, 1889, 2229, 1501, 3395, 1365, 1420, 2661, 1556, 1799, 4069, 2176, 3544, 1754, 4571, 1880, 2784, 1768, 3460, 2080, 1925, 2369, 2938, 2176, 1383, 2953, 1768, 2593, 4997, 3328, 1513, 2885, 2325, 3000, 1357, 2777, 1162, 1474, 1921, 1848, 1085, 2080, 2523, 2648, 4243, 1064, 754, 1078, 2071, 1970, 2378, 2768, 3161, 2007, 1344, 2882, 1793, 2780, 842, 2023, 1623, 1095, 5140, 1256, 4099, 1539, 1299, 1109, 1735, 465, 1607, 3798, 2796, 3135, 774, 3152, 3771, 1702, 5496, 1021, 2617, 2595, 1089, 4902, 1311, 1717, 1476, 1551, 2709, 1118, 4203, 2352, 2140, 1616)
(76, 302): Mean: 2382.688, median: 2234.0, std: 1064.0, percent: 2388.72, B: 126, W: 124, 
	(2255, 1169, 1610, 3231, 3754, 2218, 2313, 3676, 2026, 3620, 2258, 3429, 2655, 2097, 1347, 2323, 3695, 3026, 3868, 1900, 1576, 2133, 1194, 2181, 1433, 1113, 2833, 1481, 1007, 2713, 2933, 2505, 2221, 599, 1423, 3116, 2044, 1859, 2405, 2312, 1941, 1670, 476, 2461, 2753, 1741, 2533, 2293, 2104, 2688, 2579, 3574, 1961, 2400, 3739, 3670, 1579, 2542, 3914, 3082, 1952, 2502, 3998, 1646, 2633, 2559, 3102, 970, 6148, 1930, 2322, 984, 4350, 2294, 3320, 4626, 2516, 2243, 3189, 1962, 2201, 2012, 2374, 3941, 2250, 2302, 3230, 941, 2559, 3487, 2284, 2060, 4497, 1551, 1850, 2782, 1202, 3156, 2339, 2243, 656, 1444, 999, 2297, 2175, 2407, 1304, 1732, 3597, 1791, 2651, 3427, 1831, 5373, 2213, 3405, 2436, 1119, 2347, 4676, 2391, 1901, 1987, 2780, 4020, 2588, 6932, 3180, 3699, 2798, 1871, 818, 1710, 1583, 1749, 1571, 2280, 1537, 2340, 1890, 2155, 4185, 1995, 2786, 5103, 3769, 3207, 2500, 1977, 848, 1465, 1798, 1478, 2563, 2225, 1563, 2047, 1941, 2175, 1569, 3033, 1561, 1266, 2650, 1551, 2143, 3733, 2051, 3540, 1827, 4983, 1905, 2894, 1985, 3137, 2282, 2168, 2173, 3070, 2283, 1322, 3167, 2124, 2397, 5023, 2897, 1443, 2491, 2154, 2800, 1282, 2750, 1076, 1392, 2151, 1842, 1091, 1925, 2371, 2011, 4545, 1060, 804, 1256, 1855, 2060, 2514, 2516, 2597, 1948, 1346, 2982, 1699, 2721, 811, 1975, 1764, 1057, 6777, 1225, 3853, 1415, 1497, 1094, 1600, 460, 1647, 3855, 2846, 2797, 659, 3020, 4513, 1609, 5048, 852, 2461, 2380, 1043, 4480, 1479, 1849, 1530, 1523, 2764, 1176, 3799, 2537, 2198, 1620)
(77, 305): Mean: 2386.616, median: 2195.5, std: 1052.692, percent: 2375.98, B: 127, W: 123, 
	(2142, 1475, 1616, 2870, 3650, 2149, 2350, 2716, 1852, 3394, 2452, 3197, 2783, 2415, 1426, 2313, 4153, 2821, 3934, 1887, 1668, 2157, 1185, 2040, 1566, 1177, 2844, 1228, 964, 2598, 2689, 2514, 2159, 765, 1356, 2771, 2407, 1701, 2328, 2200, 2170, 1547, 589, 2103, 2863, 1702, 2678, 2167, 2273, 2219, 2452, 3727, 1952, 2600, 3866, 3265, 1566, 3060, 4345, 3354, 2191, 2499, 4246, 1583, 2365, 2350, 2766, 1003, 6062, 1761, 2416, 997, 4087, 2153, 4077, 4212, 2726, 2115, 2643, 1736, 2253, 2704, 2598, 4833, 1855, 2375, 2746, 909, 2340, 3622, 2810, 2161, 3562, 1562, 2079, 2820, 1269, 3224, 2340, 2517, 603, 1514, 772, 2130, 2044, 2328, 1275, 1603, 3558, 1750, 2508, 3322, 1846, 4326, 2009, 3956, 3222, 1244, 2370, 4420, 2105, 1981, 1952, 2692, 3640, 2750, 6177, 2897, 4081, 2452, 1769, 1044, 1589, 1498, 1768, 1263, 2517, 1393, 2367, 1958, 2095, 3909, 2026, 2496, 4725, 3723, 3285, 2937, 2037, 970, 1309, 1802, 1606, 2893, 2869, 1612, 2019, 1881, 2380, 1488, 3134, 1775, 1384, 2638, 1595, 1878, 4305, 2081, 4062, 1803, 5506, 1749, 2649, 1908, 3560, 2401, 1956, 2274, 3154, 2162, 1335, 3050, 1921, 2487, 5121, 2865, 1681, 2794, 1998, 3059, 1378, 2782, 1080, 1260, 1779, 1857, 1178, 2124, 2032, 2510, 4272, 999, 727, 1168, 1887, 2002, 2508, 2819, 3083, 2037, 1448, 2581, 1454, 2680, 816, 2069, 1916, 1041, 5896, 1239, 3959, 1372, 1247, 1176, 1596, 549, 1712, 3787, 3623, 2599, 830, 3561, 4038, 1599, 6162, 1024, 2853, 2375, 1110, 4423, 1359, 1637, 1482, 1633, 3150, 1123, 3783, 2422, 2231, 1600)
(78, 306): Mean: 2382.828, median: 2217.5, std: 1059.367, percent: 2319.86, B: 128, W: 121, 
	(2439, 1312, 1382, 3221, 3658, 2310, 2340, 3061, 1952, 3082, 2171, 2983, 3317, 2140, 1418, 2178, 3049, 3191, 4472, 2011, 1524, 2397, 1243, 2068, 1492, 1098, 3331, 1274, 1015, 2451, 3203, 2690, 1994, 826, 1404, 3140, 2344, 1975, 2422, 2109, 2005, 1452, 536, 2279, 2660, 1773, 2612, 2219, 2287, 2178, 2811, 3485, 1931, 2618, 3577, 2878, 1639, 2989, 4710, 2956, 1812, 2382, 3713, 1644, 2768, 2371, 2751, 985, 6354, 1925, 2300, 1013, 4459, 1988, 3523, 4510, 2259, 2495, 2609, 1627, 2411, 2399, 2467, 4690, 2102, 2385, 2897, 879, 2489, 3894, 2216, 2189, 3470, 1478, 1972, 2819, 1199, 3193, 2261, 2708, 471, 1640, 802, 2087, 1851, 2410, 1206, 1818, 3318, 1692, 2736, 3095, 1912, 4691, 1975, 3087, 2656, 1225, 2388, 4657, 2129, 1940, 2070, 2625, 3915, 2819, 7396, 2718, 3697, 2450, 1852, 900, 1660, 1612, 1928, 1400, 2194, 1138, 2293, 1988, 1957, 4023, 1977, 2496, 4733, 3871, 3750, 2599, 2046, 922, 1279, 2140, 1460, 2633, 2764, 1614, 2273, 1999, 2127, 1793, 3128, 1435, 1311, 2454, 1741, 1669, 3543, 1996, 4054, 1816, 4810, 2060, 2884, 1773, 3521, 2074, 2047, 2629, 3187, 2238, 1343, 3372, 1764, 2558, 5218, 3051, 1441, 2826, 2285, 2990, 1489, 3191, 980, 1338, 2056, 1923, 1106, 2062, 2396, 2286, 4145, 995, 777, 1266, 1789, 2048, 2791, 2974, 2729, 2172, 1500, 2838, 1604, 2492, 825, 2200, 1661, 896, 5763, 1331, 3906, 1369, 1370, 1449, 1544, 471, 1605, 3990, 3203, 3122, 801, 3417, 4220, 1549, 5351, 983, 2912, 2306, 1061, 4467, 1388, 1878, 1428, 1482, 3100, 1090, 3385, 2754, 1975, 1505)
(79, 307): Mean: 2378.224, median: 2195.0, std: 1080.366, percent: 2337.92, B: 130, W: 120, 
	(2440, 1255, 1501, 3108, 3631, 2235, 2254, 3269, 1847, 3137, 2199, 3411, 3086, 2191, 1227, 2028, 3940, 2951, 4110, 1784, 1590, 1911, 1125, 2066, 1334, 1027, 3184, 1270, 993, 2507, 3103, 2664, 2446, 654, 1292, 3233, 2296, 1748, 2309, 2127, 2137, 1296, 534, 2185, 2906, 1959, 3029, 2298, 2011, 2140, 2460, 3824, 2020, 2696, 3598, 2962, 1518, 2887, 4480, 2933, 2167, 2642, 3290, 1600, 2407, 2468, 3451, 902, 6734, 2173, 2114, 990, 4527, 2202, 3327, 4216, 2854, 2254, 2547, 1639, 2729, 2491, 2272, 4125, 2114, 1974, 2931, 822, 2620, 4273, 2591, 1813, 4042, 1498, 2006, 2831, 1184, 2794, 2010, 2500, 515, 1525, 814, 2509, 2392, 2454, 1299, 1643, 3314, 1787, 2486, 3263, 1731, 5528, 2111, 3365, 2423, 1180, 2306, 4447, 2013, 2084, 1835, 3159, 3729, 2751, 6641, 2964, 3881, 2524, 1728, 917, 1662, 1594, 1690, 1177, 2629, 1596, 2350, 1816, 2132, 3814, 2048, 2811, 5278, 3909, 3147, 2714, 2107, 968, 1344, 1757, 1401, 2587, 2517, 1517, 1866, 1807, 2258, 1523, 2931, 1574, 1744, 2309, 1591, 1754, 3943, 2217, 3934, 1938, 4966, 1757, 3089, 1994, 3851, 2034, 2216, 2431, 3046, 2060, 1435, 2826, 1913, 2434, 5297, 3102, 1509, 2417, 2150, 3334, 1540, 2738, 982, 1385, 1625, 1977, 1135, 2214, 2085, 1995, 4590, 1008, 633, 1212, 1706, 1971, 2855, 2493, 2946, 1945, 1431, 2671, 1667, 2731, 823, 2135, 1813, 1007, 6623, 1213, 3303, 1388, 1323, 1221, 1684, 596, 1775, 3857, 3651, 2645, 659, 3231, 4219, 1729, 4559, 960, 2724, 2817, 1315, 4920, 1205, 1605, 1538, 1491, 3013, 1117, 3288, 2374, 1965, 1622)
(83, 326): Mean: 2358.652, median: 2199.5, std: 1044.093, percent: 2281.04, B: 130, W: 120, 
	(1963, 1357, 1561, 2704, 3237, 2419, 2227, 3533, 1868, 3481, 2092, 2953, 3172, 2448, 1331, 2257, 3702, 3255, 4160, 1793, 1674, 2560, 1130, 2165, 1534, 1055, 2917, 1272, 982, 2287, 2906, 2507, 2475, 779, 1246, 3191, 2345, 2236, 2348, 1975, 2016, 1378, 507, 1959, 2543, 1638, 2772, 2048, 2107, 2215, 2484, 3239, 1842, 2423, 3863, 3073, 1667, 2674, 4176, 3217, 2007, 2640, 4085, 1647, 2652, 2735, 3026, 900, 6692, 1933, 2373, 1010, 3822, 2169, 3750, 3845, 2402, 2419, 3014, 1800, 2371, 2523, 2602, 3941, 1910, 2329, 2623, 1079, 2464, 4173, 2813, 2066, 3627, 1531, 1989, 2636, 1230, 2734, 2024, 2449, 486, 1468, 970, 2484, 2216, 2416, 1066, 1812, 3204, 1814, 2555, 3163, 1807, 3991, 2057, 4045, 2360, 1370, 2376, 4619, 2086, 1946, 1984, 2876, 3451, 2853, 7032, 3005, 3987, 2604, 1777, 913, 1459, 1684, 1881, 1277, 2492, 1192, 2102, 1847, 2535, 4246, 2134, 2998, 5446, 3667, 2889, 2582, 1997, 906, 1332, 1601, 1634, 2583, 2853, 1647, 2016, 1861, 2134, 1623, 3415, 1460, 1323, 2489, 1575, 2112, 3509, 2015, 4383, 1846, 4672, 1835, 2424, 1832, 3909, 2076, 2102, 2138, 3220, 2051, 1360, 2787, 1809, 2466, 4093, 2815, 1288, 3005, 2331, 3365, 1278, 3178, 1018, 1336, 2024, 1952, 1157, 2184, 2072, 2228, 4375, 1067, 676, 1200, 1905, 2015, 2571, 2896, 2778, 2138, 1178, 2603, 1543, 2753, 756, 2021, 1650, 871, 6284, 1340, 3106, 1319, 1390, 1293, 1763, 547, 1531, 3681, 2873, 2542, 715, 3706, 3556, 1590, 5193, 951, 2683, 2596, 1165, 4737, 1325, 1810, 1464, 1568, 2910, 1070, 3212, 2709, 1884, 1638)
(84, 327): Mean: 2387.92, median: 2214.0, std: 1072.327, percent: 2445.9, B: 126, W: 123, 
	(2306, 1462, 1480, 3568, 3542, 2374, 2567, 4596, 2006, 3393, 2372, 3167, 2991, 2199, 1276, 2019, 3739, 3013, 4523, 1808, 1577, 2045, 1093, 2380, 1463, 1004, 3171, 1439, 1114, 2639, 3669, 2632, 2129, 824, 1363, 3389, 2229, 1774, 2689, 2004, 2046, 1503, 533, 2172, 2872, 1533, 2633, 2325, 1938, 2230, 2357, 3400, 1874, 2439, 3595, 2901, 1462, 2906, 4185, 3110, 2552, 2698, 4049, 1729, 2615, 2503, 3093, 913, 6211, 2236, 2186, 939, 3930, 2198, 4572, 4440, 2344, 2300, 2679, 1867, 2671, 2350, 2301, 3839, 1915, 2379, 3153, 925, 2441, 4097, 2683, 2023, 3326, 1517, 2092, 2750, 1219, 2865, 2451, 2240, 533, 1468, 1002, 2432, 2166, 2186, 1211, 1647, 3667, 1662, 2583, 4022, 1845, 5136, 2027, 3355, 2793, 1126, 2130, 5642, 2069, 1808, 1827, 2327, 4032, 2932, 5976, 2812, 4194, 2468, 1842, 889, 1517, 1526, 1622, 1395, 2336, 1124, 2170, 1825, 2140, 3709, 2068, 2522, 4462, 3813, 3174, 2438, 2331, 764, 1309, 1852, 1728, 2291, 2583, 1722, 1803, 1819, 2069, 1544, 2929, 1366, 1420, 2358, 1564, 2133, 4131, 1950, 3654, 1650, 4745, 1985, 2898, 2100, 3912, 2141, 2168, 2398, 3489, 1846, 1457, 3297, 1870, 2277, 5449, 3501, 1344, 2645, 2285, 2710, 1303, 3024, 1081, 1398, 2065, 1863, 1027, 2169, 2265, 2134, 4371, 1029, 639, 1083, 1649, 1901, 3531, 2473, 2871, 2358, 1415, 3226, 1620, 2650, 704, 2076, 1830, 852, 5953, 1300, 3406, 1379, 1303, 1100, 1767, 572, 1761, 4424, 3765, 2307, 688, 3493, 4249, 1721, 4064, 1106, 2417, 2409, 1129, 4513, 1290, 1789, 1542, 1580, 3243, 1067, 3527, 2605, 1816, 1618)
(86, 335): Mean: 2374.016, median: 2206.5, std: 1069.168, percent: 2360.68, B: 128, W: 122, 
	(1804, 1380, 1556, 2961, 3904, 2165, 2322, 3995, 1866, 2959, 2368, 3916, 2936, 2222, 1352, 2069, 3975, 2933, 3700, 1891, 1464, 1958, 1298, 2255, 1516, 1311, 3357, 1195, 1106, 2458, 3242, 2621, 2302, 745, 1378, 2951, 2418, 1862, 2682, 2204, 2026, 1482, 537, 2233, 2787, 1717, 2622, 2610, 2030, 2347, 2436, 3265, 2083, 2572, 3415, 2971, 1523, 2902, 4447, 3416, 2137, 2488, 3830, 1626, 2929, 2322, 3027, 832, 6262, 1844, 2273, 941, 3969, 2156, 4084, 3916, 2251, 2166, 3120, 1680, 2552, 2229, 2360, 5125, 2132, 2278, 2541, 974, 2237, 4118, 2524, 2121, 3178, 1382, 2088, 2864, 1128, 3050, 2211, 2485, 587, 1516, 859, 2367, 2110, 2530, 1250, 1560, 2866, 1961, 2808, 3547, 1785, 4516, 2334, 3178, 2721, 1066, 2359, 4769, 2101, 1886, 1915, 2683, 4540, 2885, 6045, 2768, 3878, 2588, 1908, 795, 1614, 1536, 1962, 1345, 2209, 1168, 2196, 1907, 2106, 4112, 1960, 2845, 4040, 3399, 2781, 2738, 2004, 885, 1117, 1840, 1463, 2534, 3382, 1619, 1927, 1754, 2216, 1542, 3074, 1358, 1471, 2686, 1626, 1888, 4091, 2021, 3627, 1783, 4962, 1931, 3001, 1730, 4386, 2113, 2322, 2362, 3148, 2138, 1511, 2672, 1914, 2327, 4703, 3344, 1282, 2744, 2062, 3112, 1269, 2774, 1108, 1518, 1938, 1830, 1254, 1695, 1907, 2001, 4396, 975, 768, 1142, 1838, 2004, 2748, 2664, 3122, 2082, 1387, 2721, 1390, 3267, 812, 2133, 1897, 821, 6887, 1150, 3340, 1356, 1361, 1172, 1670, 511, 1780, 3747, 3429, 2403, 759, 3876, 3925, 1474, 5335, 813, 2583, 2361, 1234, 4713, 1325, 1902, 1415, 1532, 2793, 1084, 4385, 2615, 1975, 1419)
(88, 342): Mean: 2367.452, median: 2198.5, std: 1029.217, percent: 2424.62, B: 126, W: 124, 
	(1821, 1256, 1454, 2777, 3588, 2419, 2130, 3599, 1800, 3593, 2119, 3198, 3807, 2250, 1468, 2267, 3630, 2749, 3658, 1861, 1596, 2485, 1164, 2159, 1350, 1203, 3215, 1187, 1058, 2435, 2952, 2370, 2376, 764, 1361, 3965, 2249, 1978, 2747, 2152, 2052, 1421, 568, 2230, 2786, 1788, 2463, 2482, 2193, 2279, 2780, 3692, 2111, 2569, 3180, 3243, 1370, 2951, 4208, 3230, 2119, 2873, 3753, 1699, 2740, 2555, 2705, 949, 5530, 1976, 2285, 976, 3982, 2128, 3639, 3555, 2320, 2204, 2638, 1792, 2507, 2413, 2633, 4750, 1843, 2627, 2817, 926, 2595, 3877, 2695, 1849, 3573, 1455, 1912, 2664, 1193, 3482, 2170, 2594, 572, 1320, 965, 2365, 1969, 2698, 1131, 1695, 3176, 1820, 2513, 3606, 1734, 5183, 2029, 3555, 2215, 1199, 2029, 4403, 2160, 2043, 1760, 2644, 3786, 2835, 5732, 3034, 3867, 2727, 1901, 893, 1679, 1576, 1612, 1290, 2440, 1294, 2448, 2010, 2148, 4086, 1942, 2588, 3793, 3433, 3018, 2307, 2073, 783, 1219, 1777, 1512, 2801, 2254, 1582, 1973, 1840, 2454, 1519, 2975, 1452, 1394, 2520, 1664, 2022, 4761, 2053, 3297, 1715, 4895, 1963, 2775, 1941, 4661, 2146, 2058, 2232, 2759, 2173, 1366, 2834, 1795, 2222, 5119, 3924, 1581, 2506, 2244, 3550, 1343, 2838, 1030, 1479, 1930, 1981, 1190, 1912, 2169, 2350, 4481, 1054, 733, 1205, 1955, 2086, 2842, 2545, 3338, 1970, 1292, 3120, 1607, 2858, 728, 1872, 1811, 1009, 5930, 1221, 2745, 1404, 1331, 1298, 1645, 514, 1747, 3532, 2785, 2448, 651, 4006, 3987, 1761, 4546, 967, 2789, 2351, 1140, 4992, 1240, 1836, 1492, 1742, 3008, 1116, 4280, 2728, 1989, 1508)
(89, 344): Mean: 2360.412, median: 2183.0, std: 1033.41, percent: 2353.86, B: 132, W: 118, 
	(2329, 1298, 1631, 2977, 3863, 2128, 2327, 4048, 1968, 3651, 2225, 3111, 3185, 2130, 1344, 2361, 3794, 2875, 3737, 1802, 1689, 2083, 1094, 2487, 1534, 1263, 2876, 1404, 1096, 2570, 3227, 2532, 2232, 730, 1354, 3035, 2221, 1870, 3085, 2130, 1845, 1359, 563, 2337, 2706, 1639, 2662, 2292, 2018, 2092, 2506, 3193, 1896, 2457, 3253, 2918, 1471, 3310, 4217, 3717, 2042, 2463, 3954, 1598, 2623, 2404, 3098, 985, 6576, 1917, 2158, 889, 3551, 2221, 3350, 3818, 2361, 2245, 2806, 1956, 2330, 2545, 2730, 4349, 2132, 2070, 2893, 887, 2339, 3487, 2351, 1960, 3397, 1384, 1914, 2812, 1235, 3016, 2287, 2464, 565, 1555, 950, 2357, 2078, 2295, 1120, 1594, 3359, 1880, 2758, 2946, 1901, 5110, 1965, 3455, 2348, 1007, 2001, 5100, 2185, 1841, 1740, 2232, 3538, 2821, 5048, 2832, 4145, 2525, 1743, 752, 1399, 1461, 1680, 1512, 2181, 1423, 2174, 1980, 2144, 3472, 1935, 2752, 4529, 3666, 3129, 2235, 2151, 902, 1462, 1671, 1317, 2555, 2714, 1713, 1882, 2127, 2256, 1662, 3182, 1469, 1373, 2335, 1549, 1963, 4451, 2045, 3379, 1829, 4702, 1927, 2961, 1665, 4878, 2099, 2185, 2069, 3170, 2210, 1340, 2885, 2011, 2857, 5661, 3319, 1419, 2906, 2176, 2855, 1282, 3006, 1093, 1564, 1936, 1979, 1264, 1807, 2265, 2018, 3983, 1036, 741, 1250, 1649, 1726, 2591, 3093, 2909, 2075, 1335, 3296, 1520, 2777, 795, 2190, 1803, 1130, 5430, 1264, 3944, 1486, 1306, 1240, 1501, 526, 1605, 3894, 3216, 2736, 624, 3317, 4670, 1574, 4708, 910, 2526, 2574, 1238, 4659, 1542, 1851, 1523, 1596, 3197, 1015, 4163, 2668, 1976, 1467)
(90, 349): Mean: 2360.744, median: 2207.0, std: 1014.137, percent: 2338.42, B: 131, W: 119, 
	(1988, 1392, 1525, 3468, 3688, 2220, 2126, 3872, 1896, 3398, 2129, 2960, 2930, 2146, 1317, 2459, 3818, 3399, 3885, 1784, 1555, 2014, 1121, 2337, 1635, 1148, 2860, 1366, 945, 2759, 2792, 2407, 2601, 676, 1223, 3004, 2342, 1672, 2673, 2045, 2156, 1369, 585, 2648, 2484, 1587, 2589, 1995, 1959, 2081, 2440, 3776, 2145, 2259, 3376, 3124, 1531, 2549, 4384, 3385, 2034, 2386, 3699, 1617, 2521, 2314, 2835, 874, 5947, 1825, 2522, 1026, 4154, 2035, 3100, 4293, 2527, 2385, 2767, 1814, 2605, 2359, 2337, 4157, 2089, 2478, 2772, 989, 2860, 3650, 2796, 1980, 3273, 1490, 2155, 2771, 1201, 3190, 2119, 2417, 567, 1594, 908, 2265, 2205, 2191, 1219, 1808, 3595, 1811, 2357, 3091, 1871, 5039, 1979, 3350, 2569, 1157, 2121, 4523, 1961, 2244, 2053, 2167, 4084, 2943, 6076, 2709, 4125, 2603, 1948, 908, 1715, 1540, 1730, 1303, 2570, 1471, 2091, 1955, 2117, 3631, 1801, 2920, 3943, 3022, 3209, 2502, 2196, 777, 1374, 1744, 1389, 2466, 2883, 1588, 2144, 1855, 2638, 1643, 3179, 1431, 1380, 2931, 1649, 2077, 4554, 2167, 3755, 1751, 4823, 1831, 2896, 1907, 4184, 2264, 2028, 2418, 3069, 2411, 1553, 2628, 1790, 2571, 4752, 3042, 1684, 2822, 2264, 2769, 1366, 2396, 952, 1495, 2229, 1816, 1173, 2425, 2209, 2356, 4022, 1054, 635, 1166, 1644, 2001, 3032, 2674, 2755, 2103, 1440, 2820, 1589, 2791, 748, 2124, 1804, 1003, 5878, 1135, 3546, 1461, 1301, 1154, 1705, 534, 1694, 4129, 2782, 2551, 721, 3477, 4005, 1509, 4449, 863, 2707, 2254, 1223, 5082, 1375, 1852, 1549, 1776, 2832, 1061, 4250, 2683, 2060, 1568)
(91, 351): Mean: 2361.576, median: 2185.0, std: 1035.671, percent: 2366.36, B: 129, W: 121, 
	(1996, 1486, 1538, 3488, 3634, 2129, 2161, 3038, 1870, 3191, 2188, 3666, 2685, 2636, 1220, 2180, 3472, 2832, 3529, 1900, 1545, 2005, 1189, 2361, 1358, 1125, 2416, 1444, 915, 2439, 2866, 2410, 2202, 641, 1438, 3159, 2365, 1662, 2654, 2118, 2237, 1362, 550, 2296, 3012, 1674, 2272, 2434, 1965, 2373, 2285, 4160, 2015, 2784, 3851, 2885, 1476, 2918, 4051, 3300, 2232, 2426, 4316, 1924, 2493, 2521, 3263, 986, 5376, 1710, 2275, 898, 4910, 2133, 3224, 3934, 2209, 2152, 2812, 1707, 2182, 2172, 2140, 5357, 2182, 2410, 2970, 976, 2257, 4361, 2846, 2063, 3057, 1527, 1973, 2698, 1271, 2737, 2036, 2346, 655, 1434, 748, 2659, 2132, 2541, 1081, 1631, 4008, 1760, 2284, 3286, 1820, 5202, 2112, 3274, 2706, 1332, 2070, 4013, 1910, 2260, 1774, 2691, 3827, 2498, 6351, 3103, 3586, 2296, 1878, 868, 1718, 1549, 1698, 1299, 2551, 1250, 2243, 1804, 2089, 3576, 1792, 2913, 4267, 3795, 2828, 2592, 1970, 1007, 1387, 1806, 1457, 2828, 2967, 1517, 2354, 1893, 2201, 1614, 3628, 1485, 1332, 2913, 1590, 1875, 3514, 2077, 3357, 1839, 4478, 1674, 2917, 1944, 3691, 2000, 2207, 2131, 3134, 2686, 1448, 3130, 1901, 2687, 4908, 3290, 1490, 2485, 2326, 3197, 1407, 2870, 1057, 1525, 1999, 1911, 1206, 1858, 2337, 2067, 3999, 1028, 758, 1194, 1780, 1802, 2615, 2510, 3087, 2058, 1419, 3604, 1442, 2709, 635, 2020, 1737, 975, 5922, 1221, 3631, 1574, 1325, 1460, 1719, 522, 1713, 3957, 3307, 2832, 641, 3566, 3989, 1549, 5625, 802, 2318, 2640, 1302, 5071, 1248, 1857, 1419, 1809, 3318, 1141, 2962, 2450, 2040, 1653)
(92, 355): Mean: 2357.244, median: 2190.0, std: 1037.081, percent: 2368.22, B: 127, W: 123, 
	(2163, 1359, 1512, 3067, 4245, 2521, 2099, 3486, 2024, 3640, 2320, 3445, 3022, 2255, 1299, 2067, 3429, 3648, 4598, 1976, 1693, 1950, 1109, 2346, 1508, 1018, 2878, 1220, 1060, 2465, 2920, 2696, 2106, 799, 1379, 3364, 2315, 1748, 2409, 2132, 1948, 1352, 465, 2055, 2588, 1685, 2555, 2164, 1898, 2199, 2490, 3728, 1892, 2443, 3664, 3041, 1488, 2972, 5103, 2925, 2360, 2735, 3680, 1693, 2436, 2422, 2805, 917, 6175, 2032, 2286, 919, 3607, 1955, 3360, 3629, 2831, 2407, 3161, 1865, 2719, 2115, 2353, 4023, 2027, 2225, 2400, 1009, 2574, 3800, 2534, 1820, 3299, 1741, 1863, 2831, 1151, 3301, 2446, 2475, 559, 1569, 895, 2195, 2302, 2341, 1321, 1526, 3270, 1934, 2586, 3118, 1977, 4522, 1647, 3414, 2705, 1025, 2081, 4736, 2146, 1906, 2153, 2862, 3292, 2809, 6256, 2864, 4080, 2382, 1866, 978, 1752, 1560, 1686, 1347, 2160, 1352, 1965, 1921, 2370, 3601, 2385, 2966, 4039, 3520, 2916, 2326, 2185, 819, 1699, 1873, 1420, 2613, 2870, 1482, 2131, 2025, 2076, 1710, 3161, 1658, 1379, 2404, 1541, 1898, 4130, 2033, 3534, 1762, 4113, 1799, 2622, 1672, 3623, 2121, 2068, 2553, 3510, 2146, 1569, 2993, 1922, 2197, 5108, 3172, 1507, 2626, 2227, 3062, 1388, 2937, 1167, 1314, 1763, 1728, 1170, 1958, 2303, 2027, 4142, 951, 766, 1170, 2031, 1889, 2934, 2430, 2744, 2272, 1252, 2893, 1345, 2817, 752, 2236, 1841, 948, 6387, 1120, 3135, 1470, 1257, 1182, 1599, 733, 1720, 3508, 3379, 2736, 681, 3794, 3801, 1699, 4932, 898, 2665, 2320, 1084, 5876, 1112, 1903, 1461, 1498, 2913, 1044, 4161, 2313, 2020, 1620)
(95, 373): Mean: 2371.756, median: 2237.5, std: 1033.182, percent: 2363.12, B: 126, W: 123, 
	(1996, 1244, 1438, 3038, 3773, 2419, 2401, 4034, 1899, 3408, 2293, 3234, 3125, 2013, 1296, 2033, 3287, 3115, 3969, 1869, 1552, 2099, 1145, 1939, 1425, 1183, 2958, 1236, 1016, 2408, 3202, 2801, 2240, 826, 1385, 3968, 2360, 1786, 2415, 1927, 1938, 1399, 538, 2167, 2477, 1658, 2486, 2235, 2035, 2417, 2606, 3332, 2003, 2551, 3467, 2831, 1426, 2635, 3986, 4041, 2066, 2719, 3782, 1678, 2963, 2679, 2795, 963, 5873, 1937, 2417, 902, 4514, 1940, 3515, 3874, 2585, 2355, 2951, 1907, 2440, 2441, 2495, 4044, 2000, 2331, 2739, 929, 2963, 4094, 2421, 2184, 3244, 1388, 2142, 2672, 1191, 3194, 2246, 2587, 633, 1391, 831, 2471, 2119, 2308, 1181, 1694, 3413, 2008, 2408, 3928, 1836, 4123, 1773, 3502, 2725, 1265, 2099, 4523, 2308, 1739, 1663, 2821, 3986, 3085, 5775, 3103, 4333, 2427, 1805, 870, 1621, 1564, 1852, 1320, 2570, 1180, 2016, 2071, 2263, 3630, 1977, 3074, 4391, 4481, 3172, 2817, 1905, 966, 1424, 1877, 1531, 2732, 2797, 1490, 2005, 1832, 2273, 1620, 3093, 1451, 1262, 2460, 1443, 1850, 3374, 1817, 3520, 1870, 5206, 2108, 2756, 1899, 3715, 2165, 2226, 2173, 3202, 2318, 1408, 2784, 1827, 2604, 5051, 3153, 1408, 2572, 2355, 3317, 1356, 2976, 1115, 1509, 2002, 2152, 1180, 2108, 2258, 2263, 3942, 995, 660, 1144, 1646, 2043, 2661, 2738, 3165, 2110, 1229, 2661, 1695, 2913, 789, 2143, 1775, 1040, 5826, 1314, 3597, 1438, 1288, 1345, 1691, 515, 1713, 3418, 3085, 2758, 632, 3820, 4252, 1506, 4707, 866, 2712, 2295, 1050, 5197, 1369, 1630, 1563, 1493, 2809, 1080, 4524, 2458, 2020, 1573)
(96, 377): Mean: 2375.2, median: 2199.5, std: 1028.1, percent: 2388.42, B: 129, W: 119, 
	(2276, 1319, 1548, 3361, 4015, 2162, 2382, 3671, 1885, 3389, 2328, 3530, 3450, 2513, 1292, 2238, 4005, 2797, 4382, 2042, 1526, 2180, 1168, 2306, 1519, 1168, 2762, 1309, 1067, 2574, 2774, 2779, 2063, 769, 1512, 3618, 2126, 2050, 2251, 2450, 1955, 1504, 441, 2060, 2573, 1822, 2610, 2431, 1836, 2187, 2631, 3562, 2003, 2572, 3294, 3037, 1527, 2902, 4603, 3315, 2400, 2490, 3857, 1583, 2511, 2436, 3028, 994, 6476, 1832, 2400, 922, 4769, 2239, 3947, 3824, 3219, 2463, 2783, 1697, 2348, 2315, 2284, 4355, 1914, 2269, 2602, 935, 2741, 3758, 2426, 1961, 3765, 1443, 2289, 2219, 1240, 2805, 1855, 2505, 489, 1589, 846, 2720, 2073, 2212, 1191, 1654, 3394, 1933, 2590, 3353, 2114, 4169, 1961, 3447, 2681, 1327, 2163, 4981, 2044, 1836, 1925, 2593, 3737, 3031, 5749, 2695, 3789, 2705, 1903, 936, 1566, 1490, 1663, 1296, 2640, 1281, 2335, 1775, 2178, 3709, 2157, 2667, 4248, 4150, 3019, 2664, 1907, 802, 1588, 1569, 1388, 2614, 3248, 1998, 2066, 1938, 2217, 1594, 3381, 1505, 1461, 2170, 1518, 1870, 3659, 2133, 3292, 1851, 5032, 1819, 2760, 1801, 3653, 2276, 2135, 2379, 3017, 2130, 1398, 2784, 2013, 2408, 4756, 3301, 1363, 2677, 2137, 3025, 1301, 3306, 1035, 1546, 2065, 1842, 1198, 1775, 2148, 1942, 4169, 1040, 630, 1240, 1807, 2018, 2972, 2708, 3123, 1945, 1339, 2986, 1434, 2822, 753, 2095, 1724, 1053, 4961, 1281, 3333, 1382, 1242, 1131, 1680, 482, 1647, 3937, 3012, 2482, 734, 3949, 4189, 1602, 4439, 1060, 2806, 2781, 1114, 4997, 1288, 1770, 1431, 1570, 3493, 1046, 3932, 2904, 1844, 1644)
(97, 383): Mean: 2380.264, median: 2201.0, std: 1069.169, percent: 2375.76, B: 128, W: 121, 
	(2250, 1399, 1513, 3311, 3933, 2204, 2084, 3364, 1884, 3939, 1965, 4540, 2646, 2145, 1110, 2294, 3451, 2889, 3986, 2046, 1559, 1891, 1049, 1868, 1412, 1040, 2607, 1217, 1109, 2312, 3089, 2429, 2401, 785, 1396, 3135, 2124, 1900, 2835, 1930, 1781, 1517, 529, 2211, 2505, 1530, 2634, 2198, 2157, 2331, 2485, 3994, 1932, 2488, 3529, 3244, 1514, 2768, 4363, 3225, 2215, 3016, 3827, 1635, 2669, 2482, 3054, 954, 6408, 1890, 2191, 1016, 4463, 2457, 3360, 3872, 2237, 2410, 2764, 1968, 2208, 2272, 2655, 5027, 2002, 2438, 3004, 1012, 2860, 3552, 2503, 1893, 3822, 1751, 1837, 2694, 1132, 2957, 2390, 2531, 639, 1752, 955, 2487, 2193, 2336, 1133, 1675, 3130, 1762, 2448, 3328, 1883, 4471, 1961, 3263, 2192, 1096, 2150, 4571, 1987, 1847, 1821, 2570, 3945, 2947, 6712, 2626, 4395, 2484, 1709, 838, 1580, 1482, 1815, 1431, 2457, 1248, 2025, 1902, 2133, 3853, 2271, 2619, 4166, 3501, 3154, 2597, 2045, 800, 1542, 1792, 1532, 2794, 2442, 1632, 2080, 1947, 2047, 1484, 3514, 1692, 1262, 2404, 1571, 2135, 4535, 2174, 3603, 1814, 5022, 1737, 2671, 1894, 4482, 2042, 2023, 2111, 3057, 2367, 1452, 2845, 2124, 2387, 4866, 3822, 1380, 2380, 2378, 3034, 1392, 3214, 1058, 1324, 2075, 1856, 1152, 1822, 2032, 2264, 4418, 986, 687, 1174, 1829, 2237, 2487, 2640, 3536, 1972, 1271, 2948, 1637, 3001, 730, 2211, 2188, 1119, 6202, 1152, 3091, 1376, 1262, 1385, 1901, 508, 1805, 3725, 3025, 2924, 700, 3645, 4328, 1727, 5243, 917, 2727, 2333, 1300, 4415, 1189, 1649, 1311, 1482, 3175, 1262, 3832, 2505, 2362, 1489)
(98, 385): Mean: 2350.8, median: 2178.0, std: 1032.567, percent: 2345.18, B: 129, W: 121, 
	(1969, 1309, 1521, 3092, 3783, 2377, 2177, 2994, 2016, 3684, 2095, 3651, 3299, 2228, 1500, 2359, 4086, 3540, 3884, 1748, 1543, 2051, 1243, 2068, 1461, 1117, 2801, 1256, 997, 2801, 2854, 2366, 2171, 723, 1237, 3377, 2431, 1963, 2264, 1941, 1843, 1490, 578, 2184, 2676, 1712, 2895, 2663, 1863, 2178, 2420, 3288, 2015, 2526, 2696, 3083, 1576, 2772, 4586, 3368, 2135, 2337, 3881, 1528, 2471, 2407, 2851, 864, 5935, 2061, 2215, 980, 4270, 2119, 3504, 3670, 2268, 2521, 2749, 1825, 2221, 2604, 2281, 4886, 2126, 2120, 3037, 961, 2439, 3836, 2447, 2268, 3428, 1405, 1898, 2668, 1172, 3232, 1994, 2749, 525, 1354, 766, 2182, 1944, 2326, 1130, 1610, 3742, 1711, 2451, 3031, 2063, 4903, 1800, 3629, 2384, 1355, 2260, 5068, 2244, 1688, 1589, 2377, 3566, 2959, 5530, 2996, 3914, 2915, 2017, 864, 1730, 1475, 1774, 1568, 2571, 1317, 2640, 1994, 1933, 3319, 1851, 3268, 4683, 3788, 3012, 2435, 2078, 860, 1184, 1737, 1416, 2600, 2285, 1552, 2118, 1781, 2570, 1672, 3230, 1389, 1360, 2333, 1552, 1783, 3760, 2153, 3715, 1871, 4709, 1871, 2960, 2036, 3779, 2035, 2278, 2223, 2810, 2094, 1527, 2850, 2213, 2513, 4872, 3554, 1492, 2503, 2142, 2923, 1504, 2484, 1053, 1361, 1744, 1689, 1138, 2177, 2178, 2113, 4335, 1039, 654, 1136, 1680, 1974, 2769, 2706, 2840, 1912, 1304, 3006, 1631, 3116, 785, 2045, 1641, 1075, 5499, 1084, 3007, 1265, 1244, 1236, 1560, 589, 1631, 3937, 3150, 2435, 786, 3662, 3937, 1572, 5003, 921, 2328, 2430, 1176, 5014, 1364, 1710, 1378, 1569, 3138, 1124, 4825, 2946, 2160, 1545)

Test:
No precond: Mean: 2672.772, median: 2441.0, std: 1328.452, percent: 2599.4, flag: 0 
	(2732, 1722, 2896, 6703, 1263, 687, 4519, 1196, 1214, 2257, 1636, 3135, 1148, 2438, 987, 2178, 2570, 2254, 2014, 2444, 1991, 2088, 2134, 2382, 2218, 868, 2182, 3218, 1219, 2008, 3407, 2246, 1203, 4618, 2022, 1618, 1504, 1778, 1968, 4965, 2198, 2292, 2342, 2682, 2127, 4125, 116, 2057, 902, 1557, 6323, 1922, 2322, 669, 481, 2490, 5504, 2080, 3458, 2573, 3341, 2994, 1888, 2050, 1387, 1391, 2387, 3298, 3614, 1684, 3098, 3118, 4464, 2592, 3866, 1797, 1981, 3499, 2273, 3253, 1323, 3153, 6059, 966, 3170, 5799, 5113, 5496, 3340, 2744, 2820, 3977, 3408, 5672, 2096, 1793, 4208, 3067, 1774, 4401, 1070, 2213, 3325, 2189, 1008, 2444, 4028, 1978, 1750, 3565, 2784, 3991, 2663, 2116, 3048, 4220, 2725, 2296, 2839, 2945, 2677, 2762, 3101, 1310, 1820, 1505, 3077, 1109, 1571, 4558, 336, 3214, 3399, 3984, 1498, 3185, 2949, 7460, 2913, 2708, 3603, 1702, 1714, 3044, 5088, 1978, 1501, 2803, 1265, 4648, 5189, 3450, 3232, 2691, 1878, 2840, 872, 1891, 3314, 1379, 2210, 3947, 929, 1336, 1542, 2928, 2412, 1326, 2491, 1833, 1338, 2562, 2919, 2052, 2082, 2489, 3746, 5866, 3049, 1273, 2993, 1275, 3425, 6333, 2217, 2252, 996, 1935, 2942, 3295, 2229, 2084, 8781, 3569, 3803, 2957, 1800, 2928, 1130, 3008, 1029, 2696, 3562, 1757, 4629, 1127, 2829, 1217, 4062, 4161, 2116, 1422, 4084, 1838, 2941, 577, 3148, 5144, 2884, 1132, 1309, 1212, 2450, 5948, 2031, 4191, 2686, 1828, 2057, 1766, 1347, 1945, 4401, 5568, 2142, 2128, 3510, 2437, 1763, 1883, 2842, 2343, 1301, 2928, 2177, 3078, 3557, 2609, 2563, 4937)

Last: Mean: 2494.472, median: 2368.0, std: 1278.01, percent: 2437.72, B: 187, W: 62, flag: 0 
	(2411, 1439, 2775, 6439, 1034, 675, 3425, 1264, 1191, 2429, 1357, 3076, 1520, 2369, 938, 1939, 1849, 1944, 1921, 2493, 1966, 1721, 1822, 2694, 2457, 834, 1923, 2464, 971, 1902, 2727, 1960, 1103, 5541, 2336, 1585, 1542, 1836, 1837, 4491, 1877, 2418, 2431, 2639, 1940, 4570, 115, 2031, 759, 1296, 5143, 1709, 2352, 563, 484, 2432, 5634, 1555, 3217, 2294, 3003, 2602, 1527, 1873, 1372, 1643, 2252, 2462, 2894, 1481, 3200, 2823, 4775, 2025, 3539, 1662, 1951, 3118, 2025, 3207, 1166, 2482, 6103, 999, 2869, 7056, 5911, 4802, 2801, 2546, 2430, 3838, 3179, 4136, 1623, 1747, 4151, 2923, 1569, 4118, 1094, 1686, 2749, 2001, 1019, 2394, 3500, 1906, 1473, 3125, 2586, 3969, 2554, 2135, 2556, 3615, 2502, 2192, 3037, 3186, 2114, 2758, 2929, 1527, 1575, 1365, 2945, 1158, 1576, 4557, 322, 2956, 3097, 4360, 1542, 2447, 2527, 6448, 2509, 2121, 2568, 1381, 1793, 3064, 4271, 1831, 1527, 2511, 1265, 3813, 5589, 2663, 2931, 2668, 1678, 2570, 790, 1831, 3770, 1363, 2254, 4282, 830, 1200, 1442, 2304, 2454, 1102, 2470, 2012, 1271, 2180, 3387, 1838, 1762, 2858, 3931, 5672, 3162, 1194, 2492, 1428, 3363, 6217, 2194, 2323, 749, 1766, 2925, 3471, 2139, 2345, 8853, 3551, 2833, 2379, 1546, 3142, 1182, 2430, 996, 3000, 2530, 1721, 4017, 1012, 2468, 1083, 4067, 3567, 2090, 1370, 3183, 1621, 2442, 567, 2750, 3967, 2949, 1108, 1100, 1140, 2388, 4987, 2283, 3551, 2412, 1786, 1863, 1594, 1309, 1991, 4153, 5312, 1850, 1871, 3066, 2498, 1544, 1837, 2704, 2508, 1231, 2950, 2245, 2911, 3068, 2367, 1944, 4183)

[0.11558299 0.12339024 0.05354736 0.16452012 0.07878605 0.07312269
 0.06747438 0.1386085  0.09136435 0.0853014 ]

15/02/2026, 11:33:27
Config file: ./config/config_sign_2.ini
Data:
	1d_laplace_size: 45
	amount: 250
	params: 1 0.3
	seed: 2
	dim: 2025
Solver:
	tol: 1e-10
	max_iteration: None
Learn:
	iteration_count: 100
	step_range: 0.1
	method: sign
	seed: 2
	scale: 1 0.5 0.25
Precondition:
	num_coef: 10

Train:
(0, 1): Mean: 2692.212, median: 2483.5, std: 1401.687, percent: 2606.34, B: 250, W: 0, 
	(2106, 2527, 3233, 2235, 4812, 2989, 3315, 4405, 2100, 2225, 1475, 4093, 1685, 2290, 5527, 2141, 2495, 1805, 2445, 2255, 2707, 1180, 1656, 1519, 2919, 733, 2726, 2280, 1469, 6818, 2587, 2733, 1518, 1311, 1783, 5213, 2157, 2129, 2958, 2953, 2607, 3138, 1547, 2527, 2753, 2485, 1319, 1879, 1625, 2749, 2630, 1956, 2703, 2605, 1447, 4152, 1951, 3291, 1903, 2949, 2482, 2032, 3791, 2036, 968, 1861, 2433, 2467, 3495, 2935, 1672, 725, 3122, 1387, 1532, 4903, 2892, 1851, 1250, 1965, 1659, 2522, 3088, 1697, 2509, 3199, 2940, 3367, 1903, 4067, 1960, 3087, 2482, 3018, 3616, 5066, 2221, 1788, 2785, 7564, 2764, 3402, 3711, 4130, 783, 9902, 4023, 3748, 2840, 2177, 2938, 1191, 850, 5661, 3564, 1441, 2246, 2638, 3741, 1028, 2595, 1010, 3440, 2654, 3744, 1732, 1178, 6652, 2178, 2476, 2521, 1144, 1329, 5287, 1563, 3684, 3168, 3797, 2188, 3062, 2822, 2916, 1007, 2952, 1177, 1368, 1367, 2041, 1861, 1890, 1603, 1961, 1098, 1894, 5663, 2150, 1261, 3762, 1370, 3924, 7298, 1311, 1330, 3907, 3249, 2715, 2643, 1874, 1269, 1556, 5643, 2971, 2623, 3617, 2947, 3016, 1774, 1291, 3357, 2101, 619, 3691, 3701, 1374, 1930, 3955, 2403, 2891, 1613, 1933, 1718, 1841, 3048, 2695, 2146, 2706, 4963, 1319, 5608, 4120, 3465, 2247, 1193, 2214, 4166, 4151, 2880, 2387, 3280, 232, 4516, 2086, 1484, 1923, 3283, 3021, 2007, 3617, 1899, 4513, 2820, 1432, 396, 5824, 182, 1177, 2611, 1638, 4171, 912, 2287, 3314, 6351, 2428, 4680, 1577, 6716, 1689, 1212, 2999, 4408, 4060, 2055, 3512, 7424, 1627, 2295, 2520, 1757, 1322)
(1, 4): Mean: 2697.852, median: 2491.0, std: 1426.108, percent: 2580.2, B: 128, W: 122, 
	(1850, 2774, 3594, 1906, 4849, 2805, 3275, 3712, 2198, 1963, 1362, 4467, 1987, 2582, 6623, 1875, 2243, 1912, 2344, 2172, 2576, 1135, 1754, 1342, 2744, 730, 3279, 2267, 1446, 7025, 2893, 2482, 1743, 1420, 1745, 6041, 2096, 2023, 2729, 2958, 2208, 3396, 1406, 2488, 3117, 2797, 1242, 2047, 1448, 3008, 2997, 1702, 2847, 2438, 1426, 3390, 2215, 3037, 1966, 2656, 2586, 2029, 4737, 1951, 938, 1979, 2459, 2750, 3580, 2681, 1853, 766, 3487, 1449, 1815, 4593, 2794, 1944, 1286, 1912, 1500, 3091, 2778, 1840, 2212, 2489, 2892, 3225, 1849, 3930, 2062, 2634, 2267, 2950, 3412, 5525, 2606, 2211, 2551, 6868, 2757, 3240, 4001, 3541, 723, 10745, 3736, 4012, 2823, 2243, 2496, 1332, 837, 5420, 3085, 1279, 2556, 2490, 3479, 1077, 2563, 1006, 3530, 2646, 4183, 1756, 1238, 6146, 2521, 2621, 2492, 1199, 1273, 4802, 1458, 3772, 2991, 4154, 2208, 2711, 2549, 3209, 1126, 3289, 1222, 1437, 1280, 2239, 1957, 1998, 1613, 1677, 1131, 1792, 6196, 2090, 1283, 3435, 1496, 3516, 7083, 1460, 1475, 5154, 3332, 2864, 2760, 2051, 1316, 1679, 6120, 3247, 2699, 3406, 3164, 3082, 1840, 1199, 3766, 1914, 664, 3625, 4002, 1610, 1689, 3383, 2477, 2756, 1481, 2006, 1714, 1703, 2870, 2585, 2334, 3108, 4552, 1203, 5592, 3983, 3238, 2433, 1349, 2547, 4649, 3398, 2682, 2648, 3555, 259, 4706, 1962, 1384, 2214, 3302, 2719, 1706, 3267, 2011, 4535, 3124, 1121, 367, 7516, 181, 1162, 2670, 1632, 3987, 727, 2096, 3426, 5368, 2247, 4290, 1614, 5886, 1665, 1241, 2873, 3904, 4793, 2204, 3499, 6887, 1710, 2317, 2339, 1796, 1399)
(2, 7): Mean: 2687.876, median: 2479.5, std: 1419.566, percent: 2639.04, B: 127, W: 122, 
	(1932, 2773, 2995, 1846, 4852, 2900, 3407, 3677, 2131, 2159, 1465, 4718, 2117, 2398, 8098, 2116, 2426, 1770, 2316, 1952, 2711, 1119, 1768, 1363, 2798, 740, 2636, 2340, 1391, 6537, 2490, 2880, 1640, 1276, 1636, 5653, 2071, 1951, 2605, 2731, 2253, 3153, 1646, 2638, 2969, 2767, 1307, 1984, 1510, 3082, 2475, 1975, 2909, 2964, 1458, 4056, 1865, 2676, 2004, 3038, 2724, 1943, 3935, 2009, 913, 1791, 2283, 2578, 3617, 2689, 1789, 663, 3489, 1310, 1740, 4379, 2748, 1982, 1265, 2180, 1898, 2732, 3066, 1616, 2272, 2648, 2582, 2987, 1876, 3982, 2289, 2809, 2608, 3130, 3953, 4774, 2046, 1821, 2276, 6603, 3132, 3094, 4450, 3866, 723, 9485, 4141, 3676, 3049, 2271, 3050, 1182, 940, 6254, 3096, 1515, 2548, 2715, 3748, 1036, 2497, 897, 3049, 2801, 5362, 1817, 1122, 6575, 2539, 2304, 2416, 1034, 1284, 4786, 1575, 3648, 3091, 3497, 2431, 2610, 2676, 3055, 1067, 3092, 1156, 1565, 1223, 1888, 2016, 1778, 1496, 1649, 1008, 1803, 5198, 2215, 1320, 3572, 1552, 3566, 7299, 1238, 1339, 4839, 3651, 2767, 2643, 2151, 1135, 1658, 6681, 3432, 2687, 3630, 3176, 2726, 1870, 1197, 3857, 2023, 687, 3798, 3977, 1559, 1739, 3845, 2399, 2929, 1474, 2140, 1753, 1763, 3005, 2794, 2287, 2907, 3798, 1271, 5213, 3876, 3099, 2484, 1164, 2226, 4330, 3279, 2439, 3216, 3138, 223, 4823, 1976, 1558, 1888, 3281, 2572, 2048, 4029, 1928, 4137, 3035, 1412, 365, 6039, 182, 1146, 2565, 1588, 4009, 737, 2167, 3647, 5377, 2211, 4405, 1707, 6742, 1546, 1166, 2663, 3709, 4029, 2149, 3363, 7903, 1809, 2398, 2559, 1628, 1353)
(4, 14): Mean: 2672.628, median: 2436.0, std: 1399.384, percent: 2577.12, B: 129, W: 120, 
	(2224, 2660, 2943, 2275, 4862, 2959, 3293, 3338, 2079, 2124, 1331, 4335, 1779, 2738, 6048, 2101, 2318, 1938, 2092, 2237, 2818, 1305, 1819, 1434, 2683, 702, 2379, 2116, 1419, 6247, 2636, 2429, 1717, 1481, 1685, 6539, 2252, 2220, 2663, 2685, 2200, 3279, 1401, 2656, 2659, 2753, 1125, 2240, 1376, 2840, 2620, 1978, 2816, 3200, 1179, 4135, 1893, 2955, 1938, 3188, 2433, 1830, 4384, 1952, 1103, 1638, 2239, 2112, 3658, 2716, 1655, 792, 3376, 1512, 1605, 4812, 2677, 1811, 1270, 2013, 1505, 2484, 3474, 1619, 2225, 2931, 2180, 3004, 1918, 3840, 1903, 2617, 2063, 3284, 3940, 5805, 2603, 1805, 2177, 7007, 2890, 3357, 3582, 3539, 812, 9964, 3643, 4307, 3082, 2439, 2605, 1165, 843, 5086, 3341, 1358, 2638, 2664, 4100, 957, 2733, 1057, 3150, 2788, 4510, 1817, 1226, 6005, 2549, 2316, 2820, 1074, 1348, 5569, 1721, 3310, 2425, 3022, 2192, 3000, 2603, 3011, 1112, 3025, 1305, 1529, 1192, 1928, 1855, 2047, 1599, 1729, 1218, 1697, 4897, 2113, 1222, 3634, 1515, 3966, 7137, 1434, 1324, 4280, 3427, 3078, 2795, 2079, 1214, 1575, 5994, 2970, 2605, 3378, 3215, 2685, 1789, 1181, 3941, 1816, 700, 3395, 3899, 1510, 1822, 3380, 2331, 2679, 1785, 2153, 1739, 1625, 2532, 2500, 2512, 2793, 4225, 1290, 5228, 4503, 3126, 2796, 1362, 2208, 3796, 3588, 3328, 2737, 3703, 263, 4805, 2162, 1640, 1727, 3044, 3188, 1821, 3247, 2085, 3823, 3016, 1216, 316, 5650, 193, 1150, 2266, 1826, 3774, 731, 2126, 3710, 4848, 2752, 4986, 1553, 7320, 1642, 1205, 2804, 3833, 4604, 2093, 3480, 8310, 1615, 2341, 3056, 1911, 1356)
(6, 24): Mean: 2661.836, median: 2503.5, std: 1361.323, percent: 2567.7, B: 125, W: 124, 
	(1915, 2613, 2947, 2291, 4423, 2975, 3948, 3308, 1938, 2099, 1441, 4359, 1955, 2232, 6429, 1894, 2518, 1830, 2436, 2531, 2886, 1132, 1453, 1405, 2931, 706, 2616, 2134, 1402, 6533, 2587, 2639, 1563, 1367, 1571, 6258, 2009, 2068, 3014, 2691, 2595, 3286, 1562, 2442, 3065, 2905, 1367, 2068, 1359, 3174, 2303, 1911, 2896, 2834, 1231, 3649, 2181, 2821, 1927, 2738, 2458, 2078, 3711, 1789, 908, 1870, 2419, 2141, 3684, 2708, 2145, 717, 3604, 1473, 1685, 4346, 3123, 1910, 1195, 1778, 1553, 2538, 2907, 1512, 2528, 2837, 2688, 3333, 2028, 3805, 2337, 2872, 2570, 2970, 3835, 5284, 2746, 2153, 2502, 7691, 2923, 2928, 3693, 3631, 677, 9615, 3919, 3498, 3251, 2185, 2582, 1363, 879, 5651, 3314, 1327, 2479, 2724, 4548, 914, 2705, 991, 3568, 2801, 3464, 1814, 1359, 5857, 2313, 2251, 2426, 1159, 1352, 4804, 1472, 3411, 2409, 3931, 2023, 2659, 3392, 2901, 1061, 3213, 1146, 1615, 1403, 1933, 2002, 2021, 1437, 1678, 1019, 1916, 5142, 2156, 1357, 3747, 1538, 3539, 7382, 1416, 1465, 5306, 3577, 2596, 2425, 2037, 1077, 1727, 5810, 3239, 2858, 3300, 2938, 2684, 2093, 1144, 3633, 1926, 654, 3686, 3536, 1523, 1685, 3764, 2505, 3095, 1519, 2275, 1862, 1852, 3341, 2522, 2257, 2735, 4453, 1249, 6072, 3676, 3444, 2635, 1294, 2304, 4114, 3779, 2716, 2727, 3035, 249, 4488, 2017, 1637, 1889, 3340, 2526, 1922, 3247, 2229, 3905, 2704, 1259, 352, 6521, 184, 1173, 2509, 1569, 4137, 835, 2043, 3442, 5652, 2394, 3805, 1551, 5859, 1515, 1198, 2921, 3192, 4046, 2019, 3279, 6069, 1630, 2234, 2758, 1775, 1565)
(7, 27): Mean: 2686.876, median: 2505.5, std: 1410.411, percent: 2579.22, B: 126, W: 124, 
	(1940, 2701, 3138, 2240, 5017, 2862, 3308, 4043, 2196, 2090, 1392, 3950, 1819, 2496, 6854, 1976, 2373, 1585, 2277, 2403, 2658, 1237, 1603, 1520, 2774, 622, 2487, 2513, 1643, 6434, 2634, 2738, 1512, 1274, 1606, 6691, 2071, 2141, 2844, 3019, 2144, 3250, 1389, 2521, 3092, 2733, 1231, 2040, 1695, 3170, 2613, 2065, 2361, 3053, 1380, 3397, 1945, 3020, 2010, 2713, 2320, 2050, 4262, 1905, 887, 1740, 2396, 2544, 4121, 2934, 1942, 614, 3327, 1408, 1859, 5528, 2710, 2016, 1171, 2115, 1837, 2782, 3283, 1710, 2402, 2919, 3022, 2951, 1858, 3785, 2472, 2995, 2496, 2984, 3365, 6291, 3081, 1760, 2600, 8126, 3085, 3059, 3886, 3169, 686, 9445, 3693, 4013, 2841, 2399, 2921, 1207, 929, 5055, 3838, 1298, 2238, 2697, 3702, 994, 2692, 888, 3412, 2725, 3545, 1859, 1171, 6422, 2498, 2450, 2631, 1157, 1336, 5000, 1470, 3201, 2663, 3626, 1985, 3157, 3041, 3067, 1137, 3272, 1269, 1518, 1178, 1910, 1933, 1834, 1570, 2015, 1149, 1819, 5741, 2672, 1269, 3175, 1446, 3392, 7968, 1518, 1452, 4336, 3179, 2667, 2625, 2169, 1124, 1589, 5691, 3409, 2649, 3693, 2597, 2588, 2008, 1096, 3446, 1918, 684, 3646, 3757, 1678, 1759, 3892, 3137, 2711, 1555, 2113, 1811, 1727, 3167, 2541, 2273, 2775, 3830, 1086, 5798, 3667, 3321, 2305, 1429, 2313, 3930, 3485, 2546, 2541, 3561, 188, 5081, 2292, 1672, 1789, 3112, 2742, 1851, 3759, 2176, 3533, 3128, 1389, 359, 6321, 197, 1190, 2278, 1614, 3922, 819, 2138, 3576, 5095, 2564, 3989, 1615, 5840, 1468, 1197, 2368, 4012, 4255, 2163, 3426, 7695, 1559, 2412, 2525, 1782, 1347)
(8, 28): Mean: 2643.736, median: 2438.5, std: 1373.976, percent: 2529.54, B: 140, W: 110, 
	(2056, 2723, 3086, 2163, 4879, 2827, 3511, 4351, 2191, 2359, 1424, 4417, 1878, 2305, 6040, 1929, 2677, 1737, 2317, 2044, 2606, 1196, 1864, 1372, 3177, 709, 2786, 2018, 1357, 6258, 2686, 2059, 1788, 1313, 1751, 6439, 2275, 2161, 2746, 2556, 2015, 3307, 1562, 2527, 2858, 2842, 1199, 2229, 1521, 2802, 2420, 2043, 2870, 2861, 1198, 4109, 2021, 2948, 1828, 2745, 2236, 2378, 4122, 2003, 855, 1738, 2169, 2152, 3290, 2972, 1645, 814, 3224, 1605, 1962, 4907, 2894, 1992, 1254, 2047, 1811, 2774, 2741, 1702, 2212, 2801, 2675, 3628, 1756, 3412, 2394, 2725, 2472, 3042, 3893, 7078, 2457, 1979, 2238, 8512, 2649, 3117, 3871, 3360, 707, 9163, 3450, 3456, 2702, 2319, 2859, 1262, 812, 5994, 3140, 1395, 2602, 2824, 3780, 991, 2784, 1015, 3079, 2759, 4165, 1770, 1244, 5633, 2255, 2374, 2521, 1174, 1303, 4713, 1402, 3787, 2769, 3601, 2229, 3014, 2742, 2895, 1178, 2848, 1238, 1484, 1308, 1983, 1908, 1857, 1678, 1687, 1041, 1687, 4770, 2129, 1329, 3964, 1467, 3922, 7422, 1407, 1372, 4752, 3349, 2485, 2477, 2189, 1104, 1579, 6211, 3213, 2735, 3633, 3065, 3088, 1727, 1082, 3213, 2003, 763, 3476, 3931, 1471, 1740, 2918, 2521, 2798, 1495, 2153, 1773, 1733, 2768, 2578, 1962, 2914, 3823, 1058, 4613, 4047, 3459, 2307, 1324, 1820, 4009, 3654, 2694, 2801, 3449, 269, 5145, 1940, 1557, 1930, 3080, 2978, 1728, 3320, 2299, 3827, 3497, 1250, 299, 6210, 205, 1102, 2261, 1511, 3168, 764, 2152, 2943, 4602, 2555, 3805, 1450, 6569, 1693, 1186, 2519, 3484, 3914, 2193, 3563, 6471, 1555, 2130, 2659, 1921, 1416)
(9, 33): Mean: 2648.856, median: 2500.0, std: 1330.66, percent: 2566.2, B: 125, W: 124, 
	(1985, 2734, 2835, 2091, 4354, 2685, 3621, 3916, 2386, 1946, 1418, 4715, 1494, 2168, 5845, 2071, 2359, 1711, 2326, 2362, 2568, 1255, 1859, 1435, 2816, 752, 2676, 2063, 1431, 7272, 2833, 2230, 1604, 1219, 1608, 7009, 2322, 2260, 2788, 2723, 2230, 3141, 1628, 2532, 2933, 2957, 1100, 2078, 1484, 2650, 2552, 1958, 3069, 2972, 1336, 3710, 2020, 2789, 1841, 2817, 2476, 2124, 3596, 2133, 955, 1586, 2665, 2603, 3683, 2824, 1901, 722, 2890, 1565, 1470, 4551, 2827, 1736, 1261, 2055, 1851, 2810, 3105, 1606, 2404, 2900, 2861, 3419, 1951, 3478, 2394, 2724, 2333, 2683, 3911, 5656, 2454, 1911, 2305, 6510, 2712, 2988, 3766, 3563, 805, 7552, 3503, 3577, 2521, 2652, 2822, 1263, 859, 5374, 3496, 1321, 2534, 2663, 3853, 978, 2701, 802, 3427, 2659, 4203, 1796, 1198, 5557, 2409, 2303, 2674, 1091, 1138, 5172, 1468, 3786, 2606, 3395, 2109, 2859, 3162, 2956, 1189, 2819, 1224, 1290, 1225, 1967, 1940, 1982, 1653, 1447, 1033, 1851, 5186, 2020, 1294, 3628, 1788, 3198, 8043, 1343, 1553, 4789, 4016, 2509, 2635, 2135, 1159, 1753, 5381, 3170, 2575, 3433, 3133, 3032, 1617, 1210, 3339, 2339, 597, 3822, 3777, 1614, 1748, 3223, 2464, 2718, 1494, 2084, 1772, 1907, 3178, 2491, 2220, 3146, 4738, 1075, 4600, 4038, 3947, 2579, 1319, 2223, 4238, 3419, 3024, 2675, 3628, 228, 4891, 2071, 1350, 1962, 3409, 2817, 1868, 3222, 2276, 4058, 2737, 1316, 364, 5956, 197, 1281, 2661, 1727, 4022, 761, 2185, 3473, 5665, 2124, 3615, 1541, 6159, 1618, 1139, 3128, 3781, 3833, 2289, 3620, 7083, 1527, 1999, 2521, 1717, 1663)
(10, 34): Mean: 2645.228, median: 2451.5, std: 1364.233, percent: 2560.08, B: 127, W: 121, 
	(1960, 2549, 3610, 2051, 4960, 2854, 3363, 3885, 2257, 2356, 1534, 4261, 1901, 2392, 6135, 2294, 2502, 1671, 1990, 1884, 2851, 1150, 1636, 1487, 2747, 877, 2341, 2327, 1501, 6117, 2352, 2492, 1654, 1332, 1721, 5095, 1910, 2150, 2940, 2737, 2142, 3101, 1649, 2726, 3091, 2763, 1339, 2390, 1355, 2808, 2548, 2025, 2886, 2676, 1171, 3551, 2020, 2832, 1818, 2676, 2554, 2180, 4082, 2065, 1136, 1592, 2332, 2262, 4098, 2919, 1926, 784, 3257, 1508, 1724, 4586, 3149, 1948, 1182, 1866, 1685, 3249, 2632, 1772, 2321, 2910, 2496, 3031, 1914, 3378, 1858, 2930, 2535, 3231, 3336, 4759, 2234, 2029, 2509, 8853, 2955, 3214, 3681, 3563, 744, 9734, 3481, 4359, 2991, 2279, 3151, 1190, 769, 4859, 2655, 1294, 2282, 2761, 3536, 1124, 2713, 762, 3019, 2599, 3472, 1905, 1134, 6277, 2410, 2242, 2464, 1164, 1253, 4037, 1454, 4254, 2826, 3735, 2241, 2450, 2453, 2859, 1082, 3382, 1228, 1419, 1267, 1938, 1937, 1945, 1401, 1622, 956, 1653, 5560, 2410, 1402, 3390, 1417, 3570, 7483, 1396, 1356, 4745, 3232, 2527, 2556, 2014, 1199, 1663, 6278, 2811, 2918, 3156, 3043, 3090, 1786, 1113, 2964, 1698, 684, 3670, 3914, 1601, 1682, 3626, 2520, 2658, 1486, 2246, 1611, 1860, 3207, 2547, 2191, 3355, 3951, 1231, 5314, 3773, 4113, 2435, 1303, 2187, 4705, 3697, 2440, 2701, 3685, 268, 5076, 1936, 1831, 1857, 3301, 2629, 1945, 3095, 2238, 4454, 2910, 1344, 331, 6368, 180, 1081, 2551, 1643, 3605, 924, 2141, 3466, 4642, 2604, 4144, 1562, 5022, 1480, 1212, 3039, 3670, 3877, 2073, 3884, 7158, 1656, 2748, 2597, 1754, 1461)
(11, 38): Mean: 2645.512, median: 2500.0, std: 1353.473, percent: 2570.14, B: 126, W: 123, 
	(1756, 2563, 3256, 1889, 4157, 2795, 3460, 4539, 2077, 2175, 1298, 5309, 1940, 2070, 5800, 2156, 2462, 1680, 2244, 2122, 2941, 1205, 1637, 1419, 2846, 625, 2649, 2111, 1465, 7028, 2622, 2596, 1583, 1354, 1671, 6338, 1911, 2215, 2775, 2963, 2323, 3242, 1556, 2495, 3212, 2726, 1113, 2199, 1492, 2752, 2585, 1728, 2846, 2919, 1263, 4037, 1955, 2844, 1883, 2541, 2664, 2067, 3716, 2081, 1185, 1812, 2124, 2377, 3556, 2775, 1821, 747, 3111, 1419, 1654, 4950, 2493, 2300, 1251, 2140, 1786, 2691, 2618, 1647, 2393, 2953, 2588, 3661, 2057, 3248, 2195, 2592, 2625, 2909, 3477, 5551, 2633, 1896, 2542, 7026, 3029, 3245, 3605, 3862, 687, 8831, 3621, 3680, 3035, 2213, 2451, 1190, 890, 5573, 3342, 1477, 2568, 2667, 3482, 1008, 2961, 970, 3313, 2660, 3933, 1890, 1112, 6187, 2611, 2503, 2497, 1126, 1220, 5136, 1516, 3441, 2534, 4017, 2093, 2869, 2816, 2759, 1056, 3072, 1278, 1573, 1252, 2108, 2100, 1992, 1544, 1439, 1133, 1917, 5568, 1958, 1331, 2955, 1408, 3687, 6926, 1463, 1251, 5022, 3477, 2860, 2479, 2211, 1260, 1622, 4928, 2790, 2614, 3606, 3010, 2703, 1671, 1225, 2739, 2201, 634, 4007, 4170, 1692, 1847, 3452, 2431, 2593, 1595, 2097, 1955, 1767, 2771, 2956, 2283, 3179, 4084, 1117, 5143, 3752, 3393, 2644, 1268, 2055, 3882, 3157, 2891, 2855, 4045, 218, 4850, 1865, 1412, 1931, 3295, 2700, 1806, 3460, 1930, 4341, 2636, 1289, 300, 6547, 194, 1078, 2561, 1492, 3158, 823, 1948, 3361, 5260, 2393, 4049, 1574, 5416, 1606, 1133, 2587, 3705, 4254, 2249, 3757, 7848, 1583, 2152, 2994, 1648, 1467)
(12, 42): Mean: 2626.456, median: 2461.5, std: 1306.77, percent: 2564.04, B: 127, W: 123, 
	(1967, 2960, 2856, 2015, 4937, 2963, 3671, 3451, 2251, 2081, 1489, 4247, 1764, 2592, 5242, 1846, 2496, 2077, 2150, 2340, 2358, 1438, 1727, 1648, 2631, 781, 2677, 1988, 1839, 7274, 3850, 2572, 1674, 1352, 1934, 5563, 1973, 2309, 2915, 2736, 2183, 3107, 1359, 2766, 2881, 2599, 1290, 1918, 1385, 2645, 2438, 1815, 2391, 2961, 1256, 3586, 1868, 3034, 1849, 3126, 2732, 2094, 3818, 2039, 970, 1674, 2214, 2486, 3636, 2951, 1814, 767, 2932, 1410, 1603, 5078, 3261, 1817, 1197, 1809, 1750, 2934, 3218, 1890, 2388, 3195, 2666, 2929, 1844, 3340, 1985, 2863, 2449, 3125, 3680, 4833, 2594, 1798, 2541, 5931, 3307, 2980, 4543, 3260, 729, 9018, 3991, 3982, 2777, 2299, 2593, 1202, 958, 5334, 3149, 1267, 2650, 2394, 4220, 1130, 2766, 1045, 3521, 2840, 3782, 1782, 1147, 5942, 2364, 2586, 2753, 1197, 1227, 4229, 1436, 3312, 2834, 3566, 2217, 2572, 3251, 3122, 1141, 2976, 1254, 1480, 1382, 1746, 1793, 1942, 1525, 1483, 1062, 1549, 4793, 2118, 1213, 3339, 1460, 3651, 6486, 1417, 1459, 4575, 3649, 2787, 2616, 1962, 1173, 1686, 5266, 2864, 2703, 4129, 2757, 2380, 1983, 1151, 3613, 1776, 522, 3704, 3614, 1535, 1829, 3387, 2347, 2621, 1567, 1969, 1515, 1740, 3255, 2590, 2217, 2659, 4090, 1133, 5239, 4333, 3567, 2265, 1317, 2216, 4167, 3924, 2485, 2487, 3334, 226, 5270, 1949, 1467, 2062, 2927, 2726, 1792, 3378, 2162, 4232, 2588, 1255, 284, 5957, 199, 1115, 2544, 1664, 3940, 810, 2145, 3471, 5551, 2767, 4231, 1642, 6436, 1493, 1083, 2474, 3140, 3959, 1927, 3299, 6633, 1634, 2222, 2314, 1724, 1335)
(19, 83): Mean: 2661.864, median: 2461.5, std: 1441.574, percent: 2578.54, B: 128, W: 122, 
	(1856, 2464, 3179, 2046, 4685, 2781, 3690, 3567, 1983, 2139, 1395, 5111, 1800, 2323, 6102, 1979, 2612, 1706, 2387, 1982, 2955, 1145, 1628, 1528, 2482, 728, 2670, 2167, 1465, 6770, 2797, 2430, 1568, 1513, 1634, 7931, 1946, 2010, 2474, 3069, 2223, 2816, 1458, 2677, 3331, 2892, 1381, 2016, 1256, 3052, 2391, 1816, 3224, 2906, 1278, 4028, 1827, 3519, 2131, 2796, 2541, 2078, 3814, 2142, 916, 1941, 2334, 2026, 3855, 2606, 1864, 753, 3095, 1480, 1453, 4025, 3152, 1913, 1188, 1981, 1690, 2629, 2886, 1615, 2286, 3494, 2304, 3152, 2032, 3341, 2132, 2678, 2733, 3051, 4184, 6366, 2667, 2045, 2545, 7793, 3128, 3103, 4270, 3849, 745, 10394, 3532, 3638, 2682, 2229, 2468, 1226, 874, 5907, 3429, 1249, 2387, 2382, 4123, 889, 2693, 882, 3367, 3000, 4019, 1749, 1249, 6221, 2375, 2047, 2577, 1365, 1211, 3907, 1542, 3721, 2818, 3049, 2230, 2963, 3063, 2875, 1194, 2902, 1229, 1383, 1283, 1807, 2185, 1814, 1554, 1477, 1274, 1651, 4663, 2076, 1241, 3253, 1495, 3636, 8681, 1513, 1457, 4520, 3493, 2601, 2637, 2213, 1143, 1608, 5424, 2859, 2569, 3494, 3320, 2816, 1873, 1171, 2844, 1877, 477, 3809, 3874, 1633, 1781, 3517, 2994, 3077, 1602, 2107, 1747, 1770, 2773, 2563, 2020, 2825, 3830, 1187, 4756, 3710, 3481, 2524, 1365, 2394, 3870, 3855, 2685, 2729, 3303, 269, 5228, 1861, 1540, 1796, 3096, 2579, 1911, 4044, 2045, 3886, 2495, 1410, 324, 5706, 203, 1182, 2470, 1587, 3546, 745, 2012, 3499, 4891, 2551, 4020, 1540, 7551, 1710, 1267, 2662, 3603, 3666, 2095, 3474, 7263, 1568, 2230, 2459, 1714, 1358)
(20, 84): Mean: 2662.088, median: 2458.0, std: 1393.099, percent: 2572.62, B: 126, W: 124, 
	(1948, 2448, 3480, 2096, 4306, 2827, 3128, 3606, 1962, 1946, 1524, 4967, 1864, 2655, 5933, 2047, 2499, 1715, 2206, 2120, 2444, 1099, 1645, 1351, 2633, 777, 2572, 2136, 1392, 6542, 2691, 2440, 1537, 1336, 1714, 7311, 1802, 2065, 2911, 3051, 2385, 3181, 1351, 2571, 3100, 2923, 1196, 1979, 1654, 2960, 2518, 1848, 2935, 2940, 1348, 3956, 1902, 2729, 1782, 2805, 2857, 2148, 3876, 2196, 796, 1785, 2460, 2311, 3902, 2848, 1606, 643, 3222, 1646, 1751, 4607, 2782, 1836, 1356, 2213, 1578, 3050, 2884, 1647, 2164, 2918, 2614, 3238, 1646, 3190, 2124, 2600, 2654, 3177, 3913, 5657, 2438, 1929, 2426, 6543, 2810, 3442, 3772, 3505, 801, 8343, 3539, 3700, 2832, 2456, 2489, 1190, 833, 6352, 3137, 1191, 2532, 2676, 3776, 1036, 2679, 962, 3187, 2926, 3256, 1846, 1219, 4927, 2257, 2389, 2686, 1331, 1336, 4951, 1451, 3528, 2704, 3700, 2191, 2953, 3003, 2918, 1119, 2762, 1415, 1583, 1222, 2209, 1902, 2048, 1705, 1455, 1118, 1775, 5487, 2446, 1408, 3501, 1478, 3180, 8658, 1373, 1292, 4829, 3628, 2725, 2686, 1836, 1144, 1647, 6506, 2923, 2324, 3191, 2906, 3152, 2025, 1160, 3194, 1892, 803, 3772, 4078, 1572, 1756, 3490, 2486, 2997, 1551, 1860, 1831, 1663, 2844, 2413, 2302, 2593, 4144, 1186, 5305, 4460, 3701, 2325, 1305, 2021, 6001, 3350, 3029, 2785, 3249, 231, 5559, 2102, 1479, 1810, 3083, 2566, 1821, 4093, 2275, 4286, 2786, 1382, 311, 6122, 196, 1076, 2545, 1717, 4085, 861, 2026, 2960, 5344, 2560, 3812, 1622, 5978, 1679, 1167, 2612, 4182, 3634, 2052, 3672, 7699, 1653, 2245, 2472, 1749, 1410)
(22, 94): Mean: 2659.428, median: 2482.5, std: 1405.225, percent: 2621.78, B: 130, W: 120, 
	(2114, 2657, 3668, 2015, 4882, 2873, 3798, 4044, 2105, 2207, 1382, 4269, 1801, 2375, 6597, 1950, 2697, 1618, 2414, 2456, 2497, 1150, 1611, 1589, 2554, 732, 2796, 2328, 1408, 6530, 2314, 2699, 1715, 1372, 1627, 6422, 2115, 2244, 2709, 2522, 2044, 3325, 1651, 2565, 2920, 2949, 1173, 2072, 1505, 2706, 2693, 1712, 2800, 2843, 1311, 3759, 1974, 3100, 1928, 2332, 2661, 2061, 4057, 2028, 835, 1700, 2459, 2097, 3613, 2707, 1960, 731, 3182, 1493, 1531, 4502, 2667, 2035, 1254, 1844, 1552, 2738, 2834, 1658, 2317, 3157, 2798, 2812, 1874, 3278, 2205, 2955, 2621, 2910, 3341, 5650, 2295, 1875, 2604, 7451, 3084, 3206, 4037, 3682, 683, 9011, 3864, 3951, 2767, 2340, 2964, 1237, 865, 4741, 3127, 1397, 2246, 2315, 4115, 972, 2601, 773, 2985, 2692, 4312, 1689, 1124, 5338, 2264, 2660, 2591, 1157, 1229, 4391, 1547, 3897, 2661, 3281, 1830, 2691, 3270, 3140, 1094, 3233, 1259, 1391, 1313, 1998, 2008, 1802, 1480, 1650, 1030, 1736, 5670, 2154, 1563, 3105, 1399, 3902, 7888, 1486, 1600, 4719, 3522, 2774, 2569, 1822, 1287, 1715, 5882, 2971, 2519, 2891, 2734, 3401, 1965, 1199, 3276, 1937, 855, 3782, 4209, 1505, 1695, 3508, 2844, 2883, 1404, 2087, 1603, 1761, 2756, 2602, 2442, 2960, 4407, 1171, 5638, 4107, 3200, 2468, 1222, 2555, 4661, 3459, 2940, 2346, 2753, 218, 4794, 2026, 1320, 1922, 3115, 2316, 1766, 3309, 2099, 4328, 2915, 1361, 318, 8156, 171, 1166, 2798, 1631, 3769, 921, 2072, 3152, 4805, 2665, 4387, 1653, 6549, 1623, 1166, 2688, 3529, 3815, 2017, 3443, 7947, 1645, 2203, 2753, 1839, 1433)
(23, 97): Mean: 2658.956, median: 2419.5, std: 1397.075, percent: 2571.68, B: 126, W: 124, 
	(2436, 2485, 3000, 1816, 4086, 2796, 3411, 3674, 2294, 2086, 1422, 4990, 1691, 2147, 5591, 2068, 2337, 1581, 2127, 2070, 2656, 1240, 1648, 1316, 3059, 771, 2521, 2148, 1645, 6416, 2815, 2652, 1660, 1446, 1871, 6176, 2089, 2010, 2687, 2849, 2302, 3230, 1425, 2203, 3523, 3050, 1217, 2004, 1389, 3017, 2256, 1693, 2642, 2988, 1401, 3753, 2076, 2680, 1923, 2493, 2834, 2173, 4616, 2048, 1053, 1737, 2123, 2298, 3762, 2414, 2024, 703, 2936, 1459, 1548, 4909, 2816, 1802, 1424, 2096, 1663, 2593, 3481, 1732, 2177, 2959, 3091, 3275, 1852, 3968, 2477, 2850, 2478, 3243, 3419, 5215, 2454, 1861, 2425, 7239, 3045, 3168, 3736, 3565, 805, 10043, 3446, 4249, 2753, 2279, 2278, 1253, 869, 6029, 3230, 1446, 2524, 2629, 4551, 987, 2657, 960, 3199, 2862, 4291, 1715, 1174, 6144, 2646, 2378, 2260, 1106, 1398, 3925, 1551, 3591, 2552, 3823, 1997, 3109, 2955, 2708, 1141, 3100, 1446, 1230, 1250, 1925, 2139, 2131, 1542, 1594, 1027, 1717, 5152, 2170, 1438, 3608, 1364, 3552, 8498, 1656, 1370, 5376, 3467, 2430, 2289, 2207, 1179, 1641, 6249, 2909, 2628, 3560, 2928, 2989, 1906, 1095, 3129, 2043, 516, 3399, 3702, 1413, 1714, 3232, 2534, 2801, 1732, 2177, 1824, 1689, 3129, 2692, 1909, 3006, 4319, 1239, 5131, 4541, 3034, 2563, 1261, 2135, 4540, 3128, 2526, 2750, 3045, 233, 4728, 1820, 1322, 1842, 3016, 2391, 1909, 4090, 2279, 4031, 2831, 1423, 357, 5805, 200, 1169, 2470, 1645, 3848, 849, 1945, 3620, 5192, 2339, 3880, 1612, 7026, 1573, 1122, 2789, 4117, 4181, 2190, 3345, 6661, 1752, 2375, 2768, 1735, 1342)
(24, 98): Mean: 2642.484, median: 2500.5, std: 1366.142, percent: 2528.84, B: 136, W: 112, 
	(2031, 2301, 3046, 2048, 4336, 3175, 3370, 3518, 2186, 1998, 1592, 4434, 1942, 2574, 6041, 2146, 2307, 1631, 2578, 2196, 2511, 1254, 1725, 1383, 2780, 771, 2769, 2291, 1343, 5853, 2911, 2473, 1745, 1355, 1532, 5724, 1823, 2087, 2809, 2621, 2247, 2940, 1594, 2590, 2732, 2962, 1231, 2329, 1449, 2823, 2448, 1642, 2852, 2860, 1204, 3791, 1914, 3202, 1849, 2477, 2568, 2088, 3789, 2003, 733, 1809, 2386, 2149, 3945, 2822, 1930, 859, 3058, 1437, 2027, 4207, 2997, 2130, 1178, 1955, 1864, 2507, 2539, 1782, 2620, 2763, 2646, 3217, 2115, 3119, 2173, 2666, 2779, 3004, 3890, 5481, 2372, 2073, 2817, 6068, 2841, 2898, 3546, 3726, 791, 10611, 3889, 3938, 2767, 2271, 2829, 1257, 903, 6502, 3148, 1274, 2464, 2655, 3607, 1092, 2570, 799, 3198, 2828, 3570, 1972, 1111, 5730, 2224, 2638, 2905, 1117, 1237, 4718, 1472, 3415, 2529, 3921, 2232, 3095, 3004, 2960, 1084, 3423, 1149, 1399, 1205, 2211, 1790, 2075, 1693, 1484, 1013, 1725, 5091, 2077, 1341, 3343, 1584, 4058, 7413, 1328, 1398, 4585, 3213, 2961, 2518, 1906, 1263, 1473, 5856, 2787, 2609, 3366, 2841, 2780, 1784, 1095, 3437, 2141, 710, 3491, 4040, 1435, 1699, 3392, 2303, 2524, 1517, 2056, 1722, 1644, 2817, 2972, 2288, 2859, 4137, 1373, 4940, 4235, 3388, 2531, 1414, 2014, 4345, 3606, 2919, 2491, 3479, 237, 5238, 2091, 1472, 1771, 2730, 2659, 1857, 3449, 2245, 4249, 2939, 1243, 402, 5506, 197, 1020, 2622, 1668, 3776, 806, 2146, 3229, 6508, 2797, 3881, 1481, 6725, 1554, 1170, 2608, 3750, 4142, 2067, 3518, 7326, 1574, 2310, 2494, 1767, 1392)
(25, 100): Mean: 2671.412, median: 2468.0, std: 1440.814, percent: 2575.5, B: 126, W: 124, 
	(2339, 2584, 3053, 2147, 4476, 3064, 3366, 4150, 2371, 2036, 1517, 4290, 1854, 2499, 5521, 1846, 2436, 1604, 2602, 2028, 2528, 1307, 1723, 1446, 2516, 766, 2563, 2174, 1560, 7307, 2464, 2573, 1806, 1441, 1835, 7835, 2201, 2276, 3039, 2608, 2065, 3293, 1455, 2671, 3050, 2771, 1131, 1948, 1406, 2874, 2461, 1837, 2656, 2841, 1256, 3343, 2001, 2991, 2005, 2261, 2786, 1970, 3224, 2169, 818, 1744, 2331, 2092, 3753, 2598, 2113, 668, 3354, 1590, 1531, 4590, 2825, 1827, 1135, 1824, 1751, 2539, 2707, 1707, 2472, 2653, 2731, 3091, 1849, 4057, 2246, 2705, 2672, 3729, 3889, 5166, 2552, 1819, 2380, 6576, 3050, 3197, 3730, 3658, 730, 10323, 3611, 3256, 3389, 2318, 2505, 1206, 867, 5739, 3389, 1127, 2716, 2687, 3776, 972, 2505, 894, 3136, 2846, 4052, 1893, 1112, 7564, 2261, 2523, 2821, 1187, 1352, 4862, 1579, 3773, 2802, 4062, 2224, 3101, 2793, 2715, 1166, 2846, 1299, 1507, 1280, 2036, 1917, 2070, 1613, 1453, 1076, 1855, 6421, 2200, 1473, 3527, 1393, 3281, 7882, 1519, 1478, 4335, 3280, 2801, 2649, 1988, 1198, 1519, 5691, 2825, 2425, 3679, 3115, 3036, 1824, 1089, 2769, 1824, 715, 3496, 3838, 1474, 1820, 3234, 2346, 2809, 1437, 1993, 1839, 1868, 3253, 2887, 2079, 2705, 4099, 1213, 4897, 3472, 3340, 2380, 1363, 2372, 4977, 3475, 2578, 2539, 3618, 326, 4867, 1965, 1468, 1791, 3540, 2211, 1891, 4288, 2023, 4625, 3268, 1322, 330, 6320, 171, 1037, 2653, 1662, 4265, 701, 2145, 3164, 6798, 2774, 3717, 1601, 6555, 1569, 1135, 2560, 3588, 4366, 1999, 3171, 6732, 1650, 2247, 2258, 1681, 1361)
(26, 102): Mean: 2661.784, median: 2445.5, std: 1412.334, percent: 2646.14, B: 133, W: 116, 
	(1971, 2527, 3591, 1942, 4047, 3019, 3627, 3546, 1944, 2159, 1486, 4056, 1639, 2347, 5672, 2118, 2518, 1718, 2111, 2234, 2994, 1115, 1807, 1395, 2728, 805, 2545, 2108, 1632, 7948, 2539, 2430, 1477, 1258, 1713, 7620, 2090, 2082, 2971, 2616, 2448, 3356, 1504, 2490, 2938, 2717, 1270, 2339, 1393, 2882, 2328, 1944, 2639, 2636, 1234, 3877, 1907, 2571, 1807, 3040, 2648, 2065, 3333, 1891, 641, 2018, 2150, 2440, 4214, 2517, 1962, 806, 3500, 1485, 1587, 4762, 3197, 1880, 1162, 2146, 1716, 2487, 3169, 1654, 2570, 2803, 2645, 2822, 1737, 3114, 2400, 2954, 2550, 3155, 4140, 6900, 2507, 1930, 2293, 6397, 2877, 2778, 3776, 3645, 883, 8130, 4260, 4182, 2937, 2295, 2666, 1304, 878, 5482, 3027, 1421, 2374, 2795, 4178, 1025, 2468, 785, 3535, 2698, 4010, 1725, 1495, 5939, 2309, 2435, 3073, 1053, 1274, 4270, 1401, 3527, 2925, 4485, 2102, 2842, 2361, 3527, 1130, 3513, 1208, 1494, 1249, 1926, 1760, 1816, 1575, 1541, 994, 1883, 4663, 2076, 1285, 3331, 1645, 3819, 9501, 1325, 1397, 4445, 3106, 2801, 2303, 1958, 1215, 1507, 5457, 3037, 2291, 3008, 2649, 2964, 1967, 1227, 3531, 2028, 587, 3661, 3814, 1566, 1857, 3352, 2680, 2803, 1609, 1987, 1891, 1680, 3014, 2443, 2470, 2709, 4731, 1077, 4618, 4423, 3298, 2198, 1369, 2138, 4062, 4161, 2462, 2682, 3280, 260, 4492, 1998, 1613, 1809, 3047, 2530, 1659, 4206, 1812, 4611, 3219, 1218, 393, 6621, 177, 1121, 2571, 1846, 3531, 783, 2275, 3448, 5305, 2313, 4163, 1628, 6247, 1608, 1209, 2593, 3805, 3943, 2157, 3521, 7535, 1628, 2454, 2575, 1806, 1505)
(31, 127): Mean: 2640.588, median: 2450.5, std: 1387.02, percent: 2562.2, B: 130, W: 120, 
	(1753, 2652, 3089, 2198, 4681, 2857, 3662, 3538, 2212, 2041, 1489, 4484, 1734, 2519, 7050, 2113, 2539, 1690, 2566, 2021, 2795, 1219, 1653, 1400, 2770, 614, 2546, 2205, 1396, 6281, 2394, 2290, 1754, 1318, 1753, 6310, 1992, 2098, 2912, 2969, 2475, 3134, 1511, 2652, 2834, 2831, 1318, 2065, 1591, 2850, 2288, 1728, 2818, 2665, 1280, 4237, 1870, 3044, 1847, 3265, 2390, 2272, 4185, 1817, 945, 1757, 2257, 2242, 3498, 2833, 1705, 673, 3080, 1505, 1937, 4770, 2715, 1752, 1261, 1844, 1634, 2852, 3203, 1616, 2403, 2967, 2980, 2821, 1869, 3340, 2480, 2808, 2280, 3434, 3860, 6365, 2493, 2144, 2324, 6861, 2434, 3043, 3880, 3527, 779, 7347, 3677, 3899, 2856, 2644, 2780, 1240, 863, 5633, 3015, 1334, 2280, 2601, 3626, 960, 2666, 797, 2963, 2700, 4215, 1674, 1137, 6680, 2401, 2439, 2605, 1185, 1362, 5119, 1409, 3247, 2646, 3819, 2189, 2801, 2794, 2736, 1102, 2661, 1342, 1582, 1242, 2053, 1784, 1859, 1544, 1534, 1132, 1812, 5087, 2333, 1232, 3772, 1498, 3591, 8539, 1355, 1389, 4417, 3030, 2968, 2816, 2080, 1299, 1721, 5617, 2946, 2405, 3514, 2487, 2992, 1955, 1226, 3130, 1698, 522, 3425, 4509, 1550, 1619, 3821, 2814, 2462, 1439, 1798, 1740, 1711, 2802, 2701, 2168, 3091, 3968, 1155, 4500, 3319, 3266, 2496, 1287, 2219, 4431, 3724, 2545, 2407, 2875, 224, 5006, 1976, 1564, 2016, 2764, 2584, 1810, 3741, 2159, 4195, 2879, 1102, 294, 6746, 205, 1064, 2482, 1495, 3579, 944, 2022, 3201, 6160, 2675, 4190, 1567, 7704, 1464, 1173, 2602, 3197, 4294, 2173, 3519, 6857, 1590, 2137, 2421, 1711, 1519)
(32, 131): Mean: 2654.664, median: 2398.5, std: 1416.149, percent: 2605.7, B: 125, W: 124, 
	(1948, 2415, 3828, 1829, 4353, 2557, 3488, 3810, 2262, 2041, 1502, 4672, 1820, 2248, 6534, 2110, 2739, 1697, 2105, 2157, 2376, 1207, 1637, 1426, 2760, 883, 2641, 1971, 1413, 6571, 2704, 2529, 1612, 1317, 1722, 6304, 2140, 2053, 2538, 3181, 2171, 2842, 1342, 2524, 2696, 2765, 1182, 2038, 1757, 2714, 2496, 1867, 2697, 2558, 1249, 3924, 1869, 2961, 1999, 2701, 2568, 2294, 3669, 2017, 786, 1842, 2428, 2354, 3321, 2667, 1899, 748, 3245, 1446, 1968, 5426, 2847, 1766, 1393, 1879, 1595, 2395, 3127, 1569, 2361, 2728, 2598, 3611, 1876, 3613, 2399, 2665, 2626, 3125, 3686, 5787, 2208, 1754, 2316, 6914, 2680, 3181, 4358, 3805, 669, 10962, 4198, 3987, 2731, 2401, 3026, 1155, 852, 6533, 3249, 1392, 2674, 2668, 3712, 1090, 2331, 936, 3479, 2890, 4134, 1785, 1240, 5463, 2388, 2236, 2352, 1448, 1346, 4339, 1489, 3580, 2589, 3252, 2040, 3087, 3154, 2798, 1097, 3456, 1457, 1539, 1271, 2021, 1876, 1678, 1673, 1493, 1015, 1606, 5380, 2469, 1300, 3137, 1555, 3771, 7149, 1466, 1283, 4071, 3767, 2853, 2775, 1822, 1207, 1648, 6564, 2952, 2548, 3378, 2607, 3118, 1735, 1148, 3054, 1808, 648, 3912, 3767, 1395, 1814, 3682, 2293, 2529, 1490, 2268, 1684, 1735, 3484, 2775, 2388, 3113, 3976, 1209, 5036, 3784, 3422, 2411, 1182, 2398, 4040, 3719, 2474, 2316, 3384, 235, 5068, 1832, 1427, 1827, 3394, 2198, 1959, 3578, 2018, 4848, 2636, 1368, 293, 5865, 195, 1128, 2225, 1716, 3992, 859, 2293, 3477, 4691, 2294, 4046, 1432, 6533, 1594, 1156, 2544, 3852, 4813, 2195, 3621, 7207, 1586, 2427, 2422, 1706, 1394)
(33, 132): Mean: 2635.296, median: 2443.0, std: 1370.709, percent: 2543.88, B: 126, W: 124, 
	(1842, 2443, 2943, 2008, 4187, 2806, 3474, 3748, 2155, 2238, 1383, 4230, 1728, 2424, 6071, 2161, 2550, 1672, 2067, 1986, 2445, 985, 1843, 1486, 2820, 835, 2540, 2166, 1532, 6605, 2496, 2539, 1658, 1446, 1635, 6955, 1916, 2121, 2890, 3147, 2028, 3265, 1445, 2686, 2777, 2543, 1310, 1612, 1703, 2835, 2506, 1822, 2536, 2844, 1161, 3628, 1764, 3260, 2189, 2621, 2497, 2234, 3751, 2080, 1036, 1710, 2198, 2123, 3460, 2614, 1825, 758, 2840, 1436, 1743, 4705, 3020, 1997, 1207, 1909, 1503, 2805, 2826, 1656, 2147, 2905, 2644, 3237, 1735, 3470, 2487, 2971, 2421, 2937, 3349, 5888, 2269, 2024, 2420, 6213, 2545, 3102, 3968, 3463, 734, 10089, 3702, 3735, 2527, 2112, 2873, 1134, 864, 5076, 3887, 1197, 2377, 2595, 3924, 964, 2859, 787, 3628, 2833, 3822, 1829, 1319, 6807, 2365, 2363, 2628, 1147, 1343, 4599, 1564, 3334, 2840, 3443, 1952, 2758, 2736, 2891, 963, 3075, 1285, 1331, 1296, 1972, 1738, 1801, 1476, 1649, 1105, 1785, 5067, 1880, 1442, 3618, 1570, 3403, 7307, 1344, 1444, 4192, 3336, 2846, 2585, 1846, 1300, 1890, 5512, 3171, 2419, 3117, 2676, 2880, 1703, 1203, 3109, 2066, 534, 3534, 4359, 1462, 1471, 3265, 2375, 2444, 1518, 2384, 1734, 1784, 3271, 2819, 2428, 2931, 4287, 1590, 5226, 4200, 3693, 2850, 1256, 2523, 4227, 3490, 2922, 2443, 3181, 282, 4733, 2044, 1448, 1833, 3355, 2801, 1841, 3451, 2083, 4863, 3485, 1309, 291, 6324, 182, 1115, 2845, 1574, 3586, 820, 2040, 3186, 5335, 2437, 4134, 1828, 6822, 1695, 1185, 2459, 3427, 4344, 1997, 3697, 6849, 1604, 2547, 2381, 1844, 1669)
(34, 133): Mean: 2613.224, median: 2422.0, std: 1330.779, percent: 2569.34, B: 127, W: 123, 
	(1922, 2593, 3246, 1914, 4116, 3051, 3428, 4018, 2093, 2200, 1529, 4384, 1840, 2379, 5748, 1736, 2482, 1825, 2086, 2222, 2591, 1280, 1586, 1386, 2650, 663, 2465, 2099, 1456, 7736, 2427, 2762, 1560, 1401, 1577, 5252, 2154, 2040, 2495, 2856, 2137, 3185, 1467, 3017, 2985, 2668, 1203, 2076, 1537, 2765, 2216, 1848, 3099, 2805, 1246, 3441, 1940, 2687, 1793, 2688, 2517, 2128, 3872, 1861, 907, 1646, 2313, 2397, 3507, 2579, 1667, 838, 3511, 1447, 1871, 5125, 2740, 2050, 1139, 1768, 1573, 2643, 3002, 1641, 2482, 2982, 2556, 3490, 1833, 3387, 2239, 3012, 2634, 2828, 3801, 5329, 2327, 2038, 2373, 6767, 2422, 2934, 3742, 3916, 720, 7364, 3514, 3720, 3124, 2285, 2714, 1280, 964, 5302, 3282, 1194, 2353, 2492, 4282, 965, 2408, 1023, 3309, 2831, 3991, 1649, 1059, 6301, 2493, 2453, 2664, 1081, 1232, 4180, 1487, 3422, 2560, 3529, 2431, 2855, 2484, 3034, 1033, 2664, 1331, 1643, 1326, 2146, 1817, 1881, 1854, 1499, 1026, 1891, 4593, 2077, 1445, 3065, 1682, 3560, 7329, 1559, 1345, 4374, 3737, 2486, 2647, 1972, 1164, 1610, 5474, 3087, 2477, 2936, 2695, 2665, 1760, 1296, 3503, 1858, 551, 3718, 3923, 1651, 1605, 3048, 2422, 2562, 1535, 2226, 1752, 1749, 2827, 2569, 2122, 2906, 4538, 1302, 7166, 3496, 3244, 2087, 1276, 2177, 3670, 3737, 2691, 2935, 3548, 241, 4904, 1888, 1503, 1810, 3477, 2404, 2049, 2996, 2042, 4641, 3135, 1284, 272, 6673, 194, 1112, 2688, 1560, 4135, 885, 2067, 3244, 5931, 2404, 3976, 1669, 6121, 1500, 1279, 2377, 3540, 3718, 2005, 3652, 6894, 1625, 2264, 2527, 1735, 1429)
(35, 135): Mean: 2639.752, median: 2439.5, std: 1361.897, percent: 2542.1, B: 128, W: 122, 
	(1895, 2553, 2956, 2245, 4568, 2748, 3589, 3589, 2341, 2152, 1374, 4069, 1827, 2363, 5792, 2079, 2266, 1805, 2002, 2126, 2814, 1331, 1526, 1393, 2632, 747, 2576, 2269, 1397, 6702, 2383, 2426, 1627, 1534, 1833, 5225, 2016, 2181, 2774, 2720, 2300, 3023, 1420, 2614, 2714, 3157, 1143, 1994, 1398, 2903, 2295, 1962, 2706, 2497, 1268, 3685, 1902, 2880, 1932, 2999, 2494, 2179, 3252, 2055, 939, 1622, 2274, 2384, 3844, 2760, 1633, 883, 3083, 1344, 1507, 4776, 2948, 1801, 1227, 1925, 1792, 2656, 2989, 1699, 2230, 3198, 2697, 3160, 1925, 3286, 1996, 2970, 2957, 3109, 3566, 5406, 2545, 1883, 2542, 7602, 2940, 3089, 4655, 3667, 702, 9563, 3330, 3646, 2821, 2180, 3224, 1274, 935, 6034, 3104, 1272, 2541, 2666, 4203, 1020, 2706, 1037, 3230, 2794, 4291, 1727, 1258, 6384, 2802, 2841, 2557, 1030, 1429, 4437, 1593, 3490, 2655, 3049, 2160, 2867, 3137, 3296, 1114, 2993, 1233, 1569, 1241, 1978, 1857, 1894, 1697, 1476, 972, 1702, 5101, 2065, 1306, 3545, 1635, 3319, 7506, 1540, 1312, 4129, 3665, 3052, 2392, 2237, 1167, 1583, 6195, 2716, 2394, 3176, 2865, 2564, 1750, 1126, 3217, 1957, 684, 3291, 3745, 1582, 1780, 4564, 2506, 2522, 1393, 2152, 1687, 1818, 2870, 2720, 2316, 2822, 4464, 1312, 4661, 4075, 3744, 2386, 1270, 2130, 4449, 3507, 2540, 2611, 3080, 232, 5050, 1905, 1413, 1822, 3582, 2453, 1725, 3447, 2312, 4313, 2701, 1516, 322, 6632, 188, 1200, 2544, 1599, 4076, 702, 2107, 2933, 5155, 2461, 4696, 1516, 5781, 1620, 1149, 2414, 3845, 4357, 2375, 3799, 6655, 1617, 2066, 2728, 1643, 1355)
(36, 136): Mean: 2638.088, median: 2394.0, std: 1380.68, percent: 2511.26, B: 131, W: 117, 
	(1718, 2792, 3142, 2269, 5286, 2781, 3484, 3995, 2040, 2055, 1470, 4197, 1714, 2223, 6555, 1997, 2834, 1644, 2106, 2293, 2885, 1234, 1469, 1327, 2906, 817, 2398, 2310, 1328, 6702, 2633, 2654, 1843, 1443, 1600, 5292, 1873, 2114, 2931, 2712, 2354, 3552, 1312, 2399, 2661, 2725, 1130, 2044, 1567, 3290, 2670, 1939, 2758, 2772, 1168, 3757, 1792, 2842, 1845, 2823, 2583, 2068, 3565, 2106, 819, 1651, 2337, 2311, 3439, 2550, 1804, 751, 2829, 1439, 1534, 4836, 2383, 1884, 1242, 1892, 1874, 2928, 2899, 1652, 2007, 2961, 2500, 3477, 1856, 3164, 2142, 2649, 2317, 2786, 3545, 5365, 2419, 1808, 2297, 6916, 2688, 3120, 4721, 3575, 753, 9050, 4362, 3208, 2724, 2099, 2625, 1164, 817, 4895, 2951, 1151, 2387, 2953, 4076, 1082, 2867, 844, 3162, 3140, 4297, 1920, 1183, 5838, 2409, 2985, 2414, 1144, 1360, 4966, 1444, 4080, 2378, 3439, 1999, 2559, 2481, 3318, 1035, 2848, 1364, 1480, 1251, 1979, 1816, 1848, 1474, 1546, 937, 1530, 5136, 1947, 1402, 3545, 1453, 3473, 7836, 1360, 1401, 5126, 3803, 3078, 2899, 2050, 1151, 1582, 5414, 3281, 2247, 3148, 2573, 2866, 1935, 1150, 2909, 1973, 725, 3927, 4033, 1385, 1675, 3465, 2491, 2437, 1635, 1936, 1796, 1726, 2758, 2365, 2203, 2707, 4324, 1142, 5302, 4291, 3455, 2665, 1214, 2203, 4993, 4358, 2961, 2641, 3192, 256, 4433, 2132, 1346, 1975, 3338, 2360, 1773, 4053, 1982, 4862, 2718, 1410, 292, 5831, 194, 1082, 2703, 1683, 3777, 833, 2345, 3393, 6144, 2577, 3383, 1722, 6412, 1533, 1158, 2767, 3578, 4018, 2390, 3484, 7452, 1709, 2060, 2608, 1809, 1417)
(37, 142): Mean: 2620.916, median: 2458.5, std: 1388.567, percent: 2499.02, B: 126, W: 124, 
	(2065, 2688, 3249, 1945, 4891, 3029, 3403, 3649, 1902, 2102, 1416, 4623, 1672, 2302, 6350, 1889, 2507, 1614, 2122, 2137, 2805, 1157, 1450, 1447, 2620, 830, 2889, 2419, 1294, 6540, 2689, 2290, 1522, 1426, 1459, 5324, 1825, 2150, 2478, 2872, 2127, 3358, 1493, 2414, 2870, 2585, 1170, 2032, 1604, 2986, 2430, 1797, 2507, 2592, 1328, 3786, 1996, 2956, 1900, 2439, 2880, 2181, 4553, 2021, 930, 1765, 2112, 2481, 3563, 2525, 1708, 768, 2772, 1301, 1580, 4768, 2700, 1878, 1211, 1768, 1640, 2757, 3011, 1963, 2132, 3165, 2622, 3117, 2050, 3297, 2155, 2752, 2292, 2838, 3148, 5586, 2310, 2029, 2210, 8171, 2705, 3072, 3518, 3564, 745, 9191, 3520, 3810, 2844, 2525, 2594, 1123, 920, 5589, 3405, 1326, 2596, 2704, 4128, 1061, 2489, 959, 3166, 3049, 3966, 1661, 1231, 5255, 2735, 2676, 2782, 1199, 1218, 5054, 1407, 3447, 2396, 3456, 2164, 2732, 2683, 3341, 1061, 2806, 1257, 1356, 1273, 2108, 1763, 1843, 1661, 1405, 1003, 1659, 5494, 2058, 1419, 3287, 1486, 3454, 8204, 1411, 1467, 3766, 3426, 2656, 2359, 2059, 1178, 1478, 6196, 3001, 2516, 2893, 2764, 2807, 1755, 1228, 3147, 1750, 614, 3366, 4309, 1412, 1835, 3211, 2689, 3083, 1489, 2162, 1675, 1791, 3037, 2301, 2135, 2742, 3474, 943, 5761, 3874, 3195, 2289, 1341, 1817, 4076, 3966, 2485, 2514, 3226, 255, 4372, 1846, 1551, 1903, 3637, 2596, 1790, 3992, 2190, 4551, 2525, 1423, 301, 5814, 187, 1093, 2607, 1614, 4075, 869, 2229, 3271, 5336, 2550, 3938, 1670, 5429, 1582, 1226, 2685, 4072, 4062, 2199, 3649, 8473, 1666, 2517, 2826, 1747, 1518)
(38, 144): Mean: 2643.42, median: 2426.5, std: 1419.276, percent: 2569.86, B: 126, W: 123, 
	(2092, 2499, 3351, 1882, 4243, 2825, 3366, 3798, 2389, 2196, 1526, 4074, 2042, 2199, 5586, 1952, 2322, 1590, 2113, 2221, 3026, 1102, 1587, 1539, 3182, 754, 2588, 1986, 1377, 7548, 3171, 2678, 1478, 1354, 1745, 5262, 1908, 2354, 2879, 3096, 2452, 2905, 1430, 2971, 2728, 2774, 1190, 2119, 1573, 2738, 2490, 1896, 2579, 2346, 1204, 3805, 1864, 3346, 1856, 2371, 2469, 2201, 4186, 1888, 985, 1659, 2152, 2155, 3668, 3003, 2127, 909, 2907, 1374, 1529, 4168, 3173, 1907, 1204, 1846, 1810, 2807, 2745, 1828, 2450, 2869, 2424, 3027, 1897, 3267, 2514, 2898, 2579, 3209, 3399, 5398, 2201, 2057, 2401, 8254, 2740, 2912, 3730, 3273, 890, 9958, 3559, 3485, 2545, 2367, 2779, 1115, 813, 6333, 3250, 1448, 2239, 2566, 3777, 1016, 2837, 902, 3181, 2766, 4306, 1821, 1121, 7290, 2664, 2455, 2764, 1224, 1162, 4757, 1536, 4034, 2884, 3199, 2057, 2429, 2682, 3563, 1057, 2939, 1138, 1584, 1333, 1961, 1729, 1764, 1462, 1732, 1010, 1750, 5215, 2036, 1474, 4037, 1503, 3667, 8837, 1512, 1299, 4027, 3370, 2656, 2429, 2037, 1065, 1565, 6086, 3071, 2568, 3341, 2678, 2989, 2003, 1121, 3243, 1970, 665, 3556, 4025, 1465, 1924, 3423, 2252, 2729, 1547, 2054, 1698, 1895, 2623, 2763, 2008, 2723, 4064, 1125, 5157, 3972, 2941, 2381, 1240, 2293, 4506, 3735, 2979, 2432, 3059, 221, 4538, 2256, 1573, 1863, 3632, 2371, 1706, 3437, 2029, 4088, 2911, 1152, 300, 7010, 183, 1193, 2576, 1565, 4039, 738, 2141, 3590, 4887, 2332, 3461, 1828, 6288, 1683, 1171, 2511, 3344, 4294, 2084, 4068, 6516, 1541, 2117, 2764, 1560, 1312)
(39, 145): Mean: 2654.072, median: 2443.5, std: 1408.393, percent: 2551.6, B: 128, W: 122, 
	(2328, 3058, 3024, 2293, 4492, 2893, 3339, 4021, 2067, 1958, 1451, 4553, 1801, 2607, 6650, 2155, 2273, 1902, 2109, 2089, 2524, 1266, 1575, 1431, 2786, 656, 2718, 2251, 1336, 7209, 2552, 2516, 1548, 1378, 1635, 6155, 2025, 2055, 3060, 3043, 2103, 3181, 1350, 2681, 2657, 2863, 1099, 2021, 1396, 2805, 2416, 1758, 2604, 3118, 1224, 3681, 1940, 2960, 2097, 2917, 2744, 2106, 3784, 1866, 768, 1791, 2410, 2239, 3340, 2995, 1931, 744, 3161, 1474, 1675, 4064, 2853, 1936, 1320, 1949, 1587, 2756, 2472, 2050, 2425, 2622, 2630, 3274, 1899, 3160, 2255, 2969, 2679, 3002, 3656, 7112, 2548, 2157, 2245, 7520, 3057, 2977, 3765, 4063, 720, 8738, 3272, 3347, 2710, 2467, 2289, 1240, 897, 5094, 3345, 1435, 2446, 2451, 3977, 979, 2513, 821, 2987, 2709, 4583, 1703, 1291, 6094, 2676, 2415, 2756, 1109, 1175, 5152, 1433, 3644, 2441, 3585, 2093, 2581, 2942, 2751, 1127, 2959, 1182, 1302, 1270, 2253, 1907, 2011, 1457, 1659, 983, 1710, 5468, 1947, 1417, 3333, 1412, 3924, 8150, 1297, 1323, 4768, 3313, 2378, 2539, 1890, 1108, 1745, 6526, 2901, 2585, 3268, 2749, 2698, 1767, 1192, 2705, 1998, 779, 4102, 3981, 1403, 1727, 3203, 2240, 2669, 1492, 1941, 1836, 1715, 3457, 2543, 2461, 2764, 4201, 1208, 4862, 3609, 3397, 2327, 1312, 2157, 3925, 3616, 2784, 2712, 3728, 191, 4869, 1997, 1716, 1802, 3447, 2103, 1902, 4139, 2368, 3997, 3392, 1419, 367, 7232, 182, 1205, 2602, 1512, 3703, 858, 2066, 3215, 5769, 2213, 4321, 1662, 5516, 1684, 1113, 2710, 3581, 3948, 2177, 4146, 7388, 1725, 2271, 2720, 1850, 1524)
(40, 146): Mean: 2640.936, median: 2387.5, std: 1417.448, percent: 2516.7, B: 137, W: 112, 
	(1876, 2655, 3118, 2057, 4453, 2935, 3658, 4087, 1951, 2380, 1451, 3949, 1940, 2369, 5557, 1732, 2689, 1879, 2342, 2184, 2530, 1159, 1649, 1568, 3168, 650, 2595, 2156, 1463, 6661, 2482, 3081, 1452, 1236, 1731, 6817, 1893, 2217, 2805, 2935, 2154, 3172, 1385, 2483, 2535, 3096, 1096, 1810, 1421, 2661, 2367, 1808, 2855, 2613, 1183, 3322, 2070, 2843, 1971, 2772, 2454, 2065, 3947, 2099, 725, 1692, 2166, 2392, 3516, 2491, 1794, 743, 3022, 1419, 1643, 4868, 2555, 1750, 1202, 1877, 1597, 3002, 3375, 1717, 2306, 2895, 2611, 2842, 1844, 2997, 2140, 2740, 2315, 2912, 3561, 5580, 2521, 2075, 2315, 6780, 2668, 3535, 4306, 3481, 635, 10419, 3741, 3544, 2978, 2410, 2884, 1248, 883, 6508, 3148, 1229, 2690, 2641, 4072, 1085, 2792, 922, 2971, 2845, 4683, 1857, 1262, 7577, 2806, 2283, 2842, 1074, 1329, 4034, 1371, 3590, 3134, 3419, 2055, 2362, 2596, 2807, 1057, 2972, 1261, 1461, 1192, 2232, 1938, 1801, 1308, 1680, 993, 1601, 5607, 2050, 1449, 3120, 1478, 3738, 7552, 1365, 1308, 5103, 3842, 2677, 2287, 2135, 1130, 1713, 6245, 2963, 2296, 3314, 2944, 3278, 1748, 1268, 2855, 2034, 598, 3612, 4446, 1347, 1595, 3386, 2387, 2848, 1402, 2340, 1631, 1806, 3113, 2746, 2125, 3314, 4621, 1169, 4483, 4035, 3418, 2302, 1360, 2082, 4558, 3154, 3010, 2564, 3042, 259, 4733, 1871, 1446, 1958, 3108, 2381, 1706, 3549, 2029, 4539, 2993, 1258, 291, 5769, 209, 1214, 2565, 1458, 4054, 788, 2173, 3498, 4673, 2423, 4542, 1510, 7107, 1866, 1148, 2411, 3644, 3931, 2124, 3198, 6361, 1651, 2388, 2366, 1645, 1520)
(41, 152): Mean: 2648.596, median: 2437.5, std: 1449.637, percent: 2526.1, B: 133, W: 115, 
	(1876, 2717, 3257, 1988, 4295, 2760, 2845, 4015, 2084, 2301, 1516, 4929, 1849, 2194, 5627, 2060, 2444, 1761, 2250, 2100, 2477, 1170, 1529, 1415, 2952, 638, 2675, 2115, 1466, 7433, 2383, 2464, 1680, 1311, 1543, 7192, 1951, 2356, 2579, 2566, 2197, 3267, 1419, 2795, 2480, 2671, 1072, 1865, 1422, 3336, 2295, 1699, 3052, 3010, 1154, 3478, 1890, 3062, 1939, 2460, 2574, 1927, 4132, 1938, 978, 1860, 2129, 2309, 3405, 2490, 1950, 739, 3001, 1368, 1691, 4078, 3087, 2106, 1216, 1953, 1586, 2703, 3089, 1765, 2297, 3310, 2487, 3037, 1812, 3522, 2238, 2604, 2407, 3417, 3512, 4839, 2445, 1995, 2374, 6718, 2784, 2787, 4202, 3627, 730, 11379, 3448, 3717, 2707, 2059, 2811, 1205, 918, 6615, 3439, 1088, 2730, 2412, 4072, 1012, 2702, 710, 3185, 2701, 4132, 1775, 1075, 7056, 2513, 2653, 2546, 1094, 1276, 5505, 1601, 3493, 2625, 4451, 2081, 2498, 3077, 2860, 1080, 2628, 1214, 1758, 1292, 2007, 1860, 1726, 1608, 1779, 1038, 1858, 5569, 2047, 1386, 3568, 1402, 3431, 6729, 1479, 1296, 5790, 3835, 2915, 2536, 1929, 1182, 1523, 6017, 2989, 2438, 3509, 2645, 2999, 1731, 1274, 2816, 1801, 599, 3624, 4063, 1415, 1792, 3606, 2424, 2485, 1621, 2396, 1621, 1887, 2828, 2665, 2172, 2822, 4323, 1063, 5532, 3534, 3174, 2370, 1237, 2437, 4318, 3834, 2662, 2725, 2818, 272, 5195, 1864, 1641, 1786, 2885, 2657, 1691, 3657, 2158, 4244, 2850, 1341, 398, 5688, 207, 1188, 2544, 1502, 3575, 784, 2072, 3278, 5430, 2365, 3843, 1473, 6859, 1472, 1278, 2713, 3856, 4012, 2343, 3650, 6952, 1509, 2228, 2830, 1876, 1487)
(42, 155): Mean: 2629.4, median: 2437.0, std: 1412.996, percent: 2534.18, B: 136, W: 113, 
	(1855, 2591, 3076, 1704, 4676, 2585, 3663, 3923, 2049, 2011, 1474, 4717, 2324, 2352, 5058, 1928, 2440, 1829, 2038, 1988, 2518, 1330, 1693, 1438, 3043, 611, 2711, 2169, 1399, 6853, 2826, 2750, 1565, 1258, 1635, 5797, 2234, 2220, 2942, 2828, 2234, 3186, 1366, 2242, 2733, 2848, 1274, 1794, 1407, 2921, 2738, 1894, 2842, 2721, 1316, 3293, 1986, 2882, 1780, 2892, 2616, 2438, 3818, 2038, 861, 1594, 2211, 2396, 3690, 2662, 2105, 812, 3466, 1482, 1642, 4459, 2925, 1889, 1287, 2097, 1654, 2716, 2780, 1663, 2144, 3263, 2871, 3059, 1775, 3416, 2165, 2751, 2575, 3273, 3428, 4434, 2147, 1852, 2410, 7823, 2697, 3063, 4150, 3248, 701, 9847, 4066, 3566, 2881, 2059, 2545, 1102, 1002, 6605, 3040, 1266, 2304, 2636, 4539, 1000, 2653, 840, 2880, 2857, 3860, 1803, 1142, 6836, 2649, 2715, 2669, 1114, 1357, 4690, 1428, 3384, 2436, 3722, 1951, 2636, 3328, 3157, 1124, 3040, 1290, 1440, 1229, 1855, 1804, 1862, 1406, 1713, 1047, 1802, 4712, 1889, 1275, 3666, 1528, 3218, 8386, 1398, 1327, 5127, 3796, 2365, 2281, 1930, 1114, 1592, 6293, 3357, 2623, 2877, 2831, 2896, 1891, 1231, 2927, 1866, 602, 3882, 4025, 1350, 1658, 3147, 2434, 2771, 1639, 2207, 1617, 1912, 2644, 2827, 2209, 2921, 3830, 1154, 4555, 4046, 3112, 2486, 1346, 2242, 4196, 3545, 2757, 2760, 3642, 242, 4973, 2021, 1309, 1770, 2833, 2238, 1612, 3276, 2008, 4576, 2787, 1180, 347, 7705, 200, 1152, 2528, 1495, 3929, 798, 2408, 2922, 5161, 2616, 3463, 1666, 6342, 1506, 1238, 2462, 3257, 4230, 2052, 3596, 6874, 1505, 2073, 2738, 1667, 1510)
(43, 156): Mean: 2611.68, median: 2416.0, std: 1367.925, percent: 2519.82, B: 133, W: 117, 
	(1692, 2500, 3156, 2018, 4511, 2768, 3337, 4139, 1930, 1859, 1472, 3952, 1766, 2436, 5653, 1898, 2244, 1612, 2024, 1977, 2541, 1096, 1651, 1462, 2655, 767, 2812, 2186, 1330, 7248, 2390, 2782, 1564, 1368, 1643, 6153, 2207, 2328, 2788, 2620, 2150, 3499, 1469, 2552, 2780, 2412, 1294, 1807, 1339, 2890, 2352, 1847, 2482, 2958, 1213, 3584, 1838, 3128, 1913, 2813, 2654, 2215, 3774, 1872, 900, 1701, 2303, 2152, 3949, 2604, 1886, 738, 3060, 1384, 1694, 4381, 2920, 1850, 1306, 1926, 1748, 2451, 2713, 1749, 2117, 2721, 2700, 3157, 1905, 3120, 2106, 2679, 2412, 3638, 3084, 5423, 2224, 1911, 2178, 6712, 2680, 3174, 4875, 3944, 695, 9654, 3449, 3558, 2820, 2363, 2670, 1093, 823, 6230, 3567, 1419, 2535, 2619, 3937, 957, 2713, 691, 3535, 2841, 3821, 1761, 1104, 6183, 2688, 2490, 2942, 1037, 1273, 4380, 1507, 3345, 2661, 3330, 2145, 2471, 3319, 2876, 1076, 3402, 1424, 1373, 1201, 2017, 1765, 1691, 1361, 1352, 1055, 1825, 5134, 2043, 1414, 3187, 1524, 3769, 6242, 1308, 1497, 4595, 3028, 2505, 2485, 1942, 1265, 1673, 5988, 2923, 2727, 3134, 2479, 2414, 1848, 1286, 2989, 1970, 791, 3449, 3992, 1313, 1765, 3707, 2585, 2608, 1508, 2237, 1719, 1702, 2813, 2488, 2067, 2677, 4310, 1157, 5369, 3736, 3262, 2344, 1248, 1938, 5221, 3563, 2762, 2538, 3443, 244, 4801, 1927, 1488, 1871, 3509, 2420, 1839, 3515, 2329, 4634, 2907, 1300, 266, 6576, 180, 1230, 2418, 1597, 3716, 787, 1949, 3282, 5184, 2702, 3629, 1653, 6272, 1827, 1155, 2738, 3536, 4416, 2243, 4198, 6898, 1567, 2338, 2663, 1552, 1294)
(45, 163): Mean: 2604.364, median: 2395.0, std: 1370.064, percent: 2474.44, B: 130, W: 119, 
	(1953, 2760, 2793, 1846, 5296, 2831, 3618, 3529, 2049, 2127, 1595, 4141, 1715, 2433, 5489, 1828, 2234, 1735, 1952, 1907, 2592, 1123, 1519, 1598, 2754, 644, 2793, 2256, 1515, 6036, 2530, 2482, 1550, 1312, 1700, 4841, 2063, 2076, 2789, 3028, 2308, 2827, 1312, 2547, 3117, 2540, 1244, 1985, 1524, 2682, 2325, 1758, 2825, 2781, 1204, 3351, 1958, 2863, 1956, 2727, 2783, 2058, 4068, 2087, 728, 1738, 2371, 2355, 3487, 3006, 1897, 837, 3004, 1325, 1591, 4883, 2899, 1693, 1299, 1963, 1503, 2737, 2924, 1838, 2007, 3256, 2646, 3369, 1913, 3306, 2106, 2698, 2525, 3470, 3339, 5354, 2395, 2027, 2251, 6801, 3084, 2952, 4080, 3481, 808, 11080, 3736, 3546, 2988, 2296, 2596, 1222, 883, 6615, 2860, 1253, 2382, 2612, 3765, 962, 2623, 746, 2677, 3067, 4011, 1652, 1275, 5566, 2371, 3065, 2688, 1016, 1363, 4740, 1576, 3612, 2439, 3273, 2316, 2230, 2636, 2786, 1136, 2646, 1452, 1310, 1216, 1858, 1848, 1794, 1281, 1737, 989, 1656, 5312, 2018, 1388, 3048, 1435, 3595, 7024, 1294, 1337, 4636, 3434, 2759, 2397, 1862, 1068, 1603, 5846, 3113, 2279, 3120, 2864, 2925, 1907, 1227, 3099, 1748, 594, 3523, 4024, 1537, 1954, 3168, 2755, 2567, 1354, 2159, 1668, 1724, 3209, 2580, 2034, 3111, 3794, 941, 6372, 3505, 3182, 2270, 1369, 2230, 3846, 4061, 2508, 2673, 3110, 243, 4608, 2111, 1320, 1784, 3341, 2395, 1913, 3952, 2037, 4335, 2890, 1235, 301, 5431, 178, 1113, 2844, 1600, 4078, 629, 2161, 3546, 5546, 2369, 4954, 1468, 5849, 1607, 1099, 2522, 3558, 4094, 2434, 3786, 6221, 1597, 1941, 3370, 1707, 1509)
(51, 196): Mean: 2606.98, median: 2395.0, std: 1390.237, percent: 2530.14, B: 127, W: 122, 
	(1838, 2582, 3155, 2173, 4909, 2681, 3379, 3588, 2007, 2192, 1415, 4620, 2063, 2161, 6636, 2059, 2611, 1703, 2112, 1960, 2449, 1055, 1614, 1477, 2543, 768, 2684, 2148, 1345, 6190, 2500, 2487, 1644, 1316, 1860, 5569, 1963, 2076, 2530, 2909, 2210, 3329, 1270, 2591, 2695, 2672, 1126, 2325, 1263, 2547, 2333, 1770, 2937, 2707, 1135, 3776, 1856, 2894, 1851, 2476, 2620, 2151, 3734, 1928, 788, 1544, 2256, 2250, 3724, 2555, 2026, 843, 2916, 1318, 1659, 4128, 2563, 1885, 1270, 1775, 1772, 2390, 2724, 2084, 2365, 2435, 2521, 3234, 1854, 2966, 2383, 2793, 2524, 2823, 3657, 5290, 2220, 1924, 2400, 6080, 2892, 3054, 3720, 3431, 711, 9041, 3752, 3394, 2815, 2318, 2380, 1208, 749, 7223, 3499, 1273, 2385, 2841, 3998, 1102, 2638, 784, 3315, 2635, 3720, 1868, 1205, 7530, 2446, 2566, 2732, 1099, 1165, 4413, 1484, 3350, 2550, 3851, 2288, 2419, 3114, 2677, 1034, 3196, 1254, 1523, 1238, 1957, 1833, 1628, 1313, 1590, 1067, 1812, 5044, 2275, 1285, 3564, 1399, 3721, 7439, 1398, 1359, 4640, 3221, 2402, 2736, 1942, 1189, 1555, 6179, 3138, 3013, 3437, 2558, 3098, 1857, 1172, 2714, 1715, 626, 3230, 4269, 1347, 1608, 3403, 2885, 2819, 1638, 1970, 1782, 1840, 2665, 2566, 2140, 2889, 4047, 1074, 5975, 4163, 2868, 2312, 1368, 2164, 3882, 4405, 2701, 2298, 3069, 280, 4615, 2166, 1508, 1665, 3333, 2528, 1684, 3473, 2080, 4563, 2807, 1451, 276, 6154, 196, 1211, 2726, 1620, 4101, 757, 2160, 3071, 5756, 2274, 4097, 1550, 7338, 1560, 1133, 2491, 3244, 3747, 2179, 3542, 6944, 1415, 2082, 2649, 1614, 1466)
(53, 206): Mean: 2623.108, median: 2423.0, std: 1404.796, percent: 2545.84, B: 126, W: 124, 
	(1999, 2433, 3066, 2143, 4390, 2457, 3425, 5280, 2351, 2087, 1492, 4250, 1927, 2007, 6666, 1972, 2452, 1683, 2215, 2141, 2518, 1253, 1605, 1304, 2506, 809, 2536, 2503, 1479, 6999, 2362, 2706, 1694, 1332, 1782, 5691, 2065, 2140, 3292, 2710, 2009, 3074, 1538, 2352, 3040, 2661, 1156, 2110, 1567, 2675, 2539, 1753, 3028, 2678, 1098, 3478, 2146, 2748, 1844, 2623, 2553, 2224, 3864, 2008, 903, 1798, 2245, 2112, 3796, 2502, 1955, 732, 3417, 1442, 1546, 4605, 2690, 1708, 1379, 1871, 1740, 2934, 2840, 1556, 2344, 2683, 2381, 3207, 1892, 3455, 2047, 2666, 2435, 3209, 3783, 4774, 2726, 2043, 2250, 7026, 2529, 3044, 3857, 3293, 672, 9330, 3667, 3121, 2744, 2456, 2753, 1274, 795, 7295, 2843, 1218, 2600, 2791, 3865, 918, 2459, 826, 3214, 2896, 3465, 1939, 1245, 6623, 2326, 2620, 2604, 1071, 1270, 4451, 1384, 3472, 2599, 3814, 2044, 2538, 3181, 2778, 1136, 2983, 1287, 1399, 1228, 1915, 1730, 1623, 1513, 1833, 1029, 1809, 5882, 2216, 1476, 4120, 1283, 4110, 7549, 1352, 1467, 5714, 3424, 3047, 2429, 1851, 1087, 1288, 5488, 3230, 2503, 3240, 2959, 2685, 1944, 1179, 3055, 2020, 660, 3344, 3949, 1512, 1692, 3331, 2924, 2774, 1437, 1979, 1592, 1671, 2900, 2425, 1849, 2813, 4430, 1033, 6073, 3978, 2876, 2562, 1391, 2167, 3607, 3665, 2702, 2408, 3082, 265, 4807, 2227, 1471, 1813, 3529, 2460, 1725, 3526, 2282, 4079, 2461, 1314, 315, 6525, 181, 1119, 2394, 1601, 3873, 803, 2073, 3827, 5072, 2287, 3863, 1540, 7401, 1516, 1113, 2324, 3387, 3655, 2097, 3539, 6003, 1633, 2242, 2421, 1616, 1425)
(54, 208): Mean: 2563.004, median: 2341.0, std: 1365.63, percent: 2431.88, B: 144, W: 105, 
	(1982, 2425, 3504, 1778, 4247, 2709, 3224, 3865, 2347, 1891, 1495, 4922, 1788, 2206, 6047, 1764, 2729, 1632, 2117, 2001, 2571, 1055, 1582, 1484, 2314, 715, 2684, 2322, 1409, 5452, 2291, 2455, 1419, 1228, 1620, 4855, 1890, 1980, 2688, 3117, 2063, 3221, 1334, 2388, 3151, 2624, 1101, 2255, 1450, 2825, 2196, 1739, 2858, 2546, 1418, 3621, 2040, 3040, 1867, 2688, 2271, 2182, 3140, 2066, 766, 1568, 2440, 2127, 4025, 2762, 2083, 768, 2864, 1301, 1449, 4479, 2664, 1890, 1252, 1903, 1666, 2623, 2988, 1857, 2301, 2712, 2857, 2854, 1882, 3170, 1966, 2845, 2221, 2995, 3550, 4458, 2535, 1850, 2149, 8027, 2740, 3138, 3718, 3265, 784, 9387, 3394, 3071, 2843, 2253, 2596, 1120, 860, 6302, 3331, 1268, 2335, 2917, 3925, 931, 2776, 883, 2875, 2846, 3883, 2030, 1172, 5652, 2507, 2223, 2658, 1107, 1270, 5867, 1319, 3473, 2487, 3659, 2061, 2468, 3303, 2838, 967, 2730, 1196, 1275, 1164, 1975, 1915, 1844, 1295, 1624, 1055, 1615, 4188, 2166, 1308, 3163, 1300, 3445, 8035, 1389, 1348, 5149, 3893, 2995, 2464, 1818, 1113, 1534, 6612, 2851, 2357, 2975, 2645, 2642, 1709, 1187, 2647, 1738, 599, 3477, 3467, 1441, 1633, 3420, 2544, 2513, 1396, 2091, 1685, 1650, 2677, 2503, 2134, 2917, 3723, 1138, 6212, 4298, 3327, 2193, 1303, 2179, 4567, 3614, 2463, 2600, 3239, 248, 4855, 1820, 1417, 1777, 2931, 2487, 1678, 3118, 1998, 4102, 2696, 1208, 213, 6290, 170, 1051, 2480, 1589, 3517, 799, 2167, 3288, 4678, 2260, 3949, 1643, 6167, 1652, 1192, 2588, 3439, 3835, 2285, 3215, 6737, 1547, 1989, 2840, 1617, 1620)
(55, 212): Mean: 2543.636, median: 2352.0, std: 1310.45, percent: 2434.66, B: 134, W: 115, 
	(1724, 2672, 3488, 2056, 4404, 2643, 3462, 3410, 2073, 2202, 1378, 4371, 1950, 2127, 5095, 1718, 2264, 1676, 2294, 1785, 2722, 1237, 1651, 1407, 2790, 731, 2475, 2080, 1383, 5239, 2710, 2366, 1392, 1213, 1811, 5539, 1803, 1928, 2543, 2603, 2043, 2807, 1321, 2528, 2851, 2492, 1097, 2372, 1550, 2646, 2651, 1744, 2836, 2513, 1348, 3803, 1889, 2850, 1942, 3079, 2263, 2063, 3344, 2235, 668, 1473, 1991, 2183, 3528, 2655, 2013, 797, 3110, 1330, 1560, 4091, 2814, 1982, 1313, 1877, 1533, 2812, 2708, 1708, 2328, 2791, 2889, 3192, 1625, 3128, 1913, 2834, 2205, 2978, 4103, 4722, 2222, 1877, 2522, 7474, 2446, 3090, 4272, 3793, 816, 8414, 3273, 3360, 3074, 2599, 2834, 1307, 755, 5717, 3025, 1239, 2498, 2430, 3480, 957, 2561, 863, 3050, 2678, 3858, 1738, 941, 5650, 2316, 2441, 2313, 1057, 1234, 4726, 1485, 3301, 2311, 3364, 2059, 2728, 2739, 2737, 1074, 2556, 1114, 1434, 1183, 1992, 1915, 1749, 1389, 1300, 1069, 1622, 5846, 2078, 1359, 3688, 1456, 3130, 6926, 1340, 1413, 5202, 3429, 2338, 2826, 2378, 1051, 1446, 6379, 3050, 2116, 2838, 2486, 3067, 1842, 1268, 3116, 1728, 591, 3285, 3758, 1488, 1794, 3160, 2556, 2485, 1512, 1954, 1619, 1750, 2863, 2642, 2032, 3089, 4227, 1300, 6337, 3829, 3207, 2330, 1341, 2276, 3744, 3465, 2561, 2519, 2913, 255, 4399, 2042, 1433, 1791, 3084, 2453, 1803, 3954, 1893, 4214, 2743, 1426, 295, 5811, 171, 1047, 2458, 1741, 4685, 742, 2149, 2885, 5075, 2432, 3961, 1507, 5265, 1418, 1026, 2645, 3809, 3984, 2108, 2979, 7442, 1505, 2140, 2299, 1497, 1363)
(56, 213): Mean: 2563.464, median: 2330.5, std: 1360.73, percent: 2462.28, B: 126, W: 124, 
	(1704, 2605, 3052, 2013, 4291, 2598, 3457, 4292, 2250, 1902, 1552, 4088, 1813, 2145, 5552, 1849, 2680, 1583, 1979, 1900, 2873, 1106, 1528, 1366, 2625, 722, 2828, 2193, 1582, 7439, 2770, 2824, 1478, 1368, 1568, 5871, 1995, 2242, 2539, 2578, 2062, 2673, 1245, 2651, 2792, 2426, 1233, 1832, 1470, 2783, 2483, 1833, 2588, 3093, 1175, 3421, 1870, 3053, 1807, 2675, 2303, 2206, 3840, 1913, 863, 1827, 2356, 2057, 3698, 2870, 2047, 804, 3180, 1367, 1443, 5217, 2834, 1668, 1274, 1791, 1670, 2388, 3084, 1567, 2308, 3143, 2655, 3333, 1690, 3496, 2119, 2452, 2584, 3504, 3299, 5521, 2319, 1768, 2090, 7827, 2679, 2969, 3277, 3004, 700, 8781, 3659, 3245, 2918, 2133, 2731, 1228, 782, 4686, 2783, 1335, 2673, 2596, 3550, 879, 2511, 834, 3135, 2731, 4612, 1892, 1022, 5587, 2258, 2331, 2268, 1017, 1224, 4139, 1395, 3546, 2242, 3331, 1886, 2676, 3011, 2757, 1203, 3286, 1163, 1258, 1141, 1834, 1891, 1906, 1357, 1454, 999, 1714, 5650, 1997, 1325, 3422, 1414, 3592, 7553, 1454, 1344, 4622, 3347, 2501, 2368, 1909, 1098, 1628, 5597, 2725, 2102, 3062, 2824, 2818, 1834, 1010, 2803, 1955, 620, 3699, 3873, 1519, 1448, 3263, 2397, 2741, 1508, 2092, 1761, 1810, 2758, 2483, 2204, 2970, 4488, 1180, 5533, 4562, 2853, 2476, 1336, 2000, 4223, 3664, 2592, 2901, 3071, 231, 4414, 2077, 1452, 1920, 3015, 2497, 2020, 3173, 1883, 4033, 2758, 1229, 353, 6611, 173, 1077, 2595, 1434, 3842, 603, 1906, 3037, 5698, 2325, 3736, 1609, 5798, 1515, 1262, 2330, 3730, 3948, 1920, 3611, 7011, 1512, 1933, 2963, 1759, 1335)
(57, 216): Mean: 2527.36, median: 2322.0, std: 1284.737, percent: 2419.3, B: 127, W: 123, 
	(1807, 2209, 2912, 1956, 4322, 2815, 3368, 4515, 2354, 1890, 1398, 4245, 1658, 2197, 5481, 2094, 2607, 1716, 2005, 2130, 2534, 1068, 1437, 1351, 3022, 718, 2761, 2257, 1453, 5905, 2408, 2581, 1268, 1351, 1661, 5148, 1904, 2049, 2732, 2697, 2204, 2764, 1417, 2852, 2834, 2702, 1206, 1895, 1547, 2767, 2379, 1852, 2765, 2394, 1261, 3390, 1891, 2837, 1834, 2607, 2250, 1997, 3449, 1833, 762, 1684, 2291, 2117, 4133, 2493, 1831, 761, 3452, 1348, 1569, 4172, 2856, 1944, 1335, 1997, 1547, 2629, 2682, 1755, 2343, 2580, 2531, 2890, 1803, 3478, 1898, 2710, 2204, 3034, 3569, 5576, 2203, 1778, 2279, 6204, 2802, 3101, 4260, 3554, 746, 8959, 3567, 3448, 3149, 2489, 2525, 1149, 863, 5799, 3164, 1470, 2150, 2672, 3847, 942, 2387, 1012, 3185, 2687, 4759, 1921, 1200, 5316, 2391, 2187, 2175, 1078, 1196, 4993, 1443, 3541, 2382, 3666, 1837, 2346, 2754, 2664, 1034, 2844, 1252, 1290, 1173, 1840, 1903, 1623, 1272, 1889, 943, 1634, 4425, 2080, 1260, 3151, 1334, 4275, 6930, 1278, 1228, 4702, 3304, 3216, 2221, 1952, 1257, 1574, 5619, 2956, 2385, 2978, 2344, 2654, 1759, 1214, 2843, 1668, 674, 3379, 3912, 1382, 1573, 2843, 2402, 2548, 1450, 1851, 1634, 1826, 2792, 2450, 1915, 2982, 4221, 1185, 4329, 3403, 3463, 2211, 1432, 1975, 4211, 3403, 2779, 2301, 2833, 218, 4771, 2180, 1400, 1681, 3332, 2422, 1701, 3844, 1809, 4167, 2909, 1309, 311, 6650, 181, 1062, 2904, 1581, 3460, 800, 1997, 3391, 5300, 2441, 4189, 1308, 5577, 1609, 1161, 2710, 3390, 3705, 1977, 3258, 5957, 1570, 1966, 2776, 1770, 1308)
(59, 223): Mean: 2540.384, median: 2346.0, std: 1334.159, percent: 2477.84, B: 129, W: 120, 
	(2146, 2456, 2810, 1856, 4217, 2601, 2998, 4176, 2217, 2219, 1290, 4566, 1833, 2486, 5223, 2157, 2575, 1811, 1940, 1933, 2471, 1107, 1514, 1439, 2366, 684, 2223, 2194, 1343, 6560, 2239, 2368, 1551, 1220, 1739, 5092, 1925, 2019, 2756, 2706, 2271, 3213, 1374, 2612, 2917, 2806, 1079, 1847, 1547, 2719, 2155, 1700, 2823, 2513, 1169, 3399, 1716, 3200, 2021, 2592, 2417, 2040, 3653, 1863, 663, 1678, 2323, 2140, 3443, 2770, 2216, 759, 3002, 1426, 1595, 4670, 2920, 1697, 1274, 1991, 1510, 2390, 2661, 1636, 2273, 2813, 2264, 3438, 1757, 3504, 2153, 2469, 2554, 3054, 3431, 4183, 2431, 1800, 2429, 7132, 2547, 3037, 3881, 3228, 765, 9815, 3516, 3579, 2603, 2254, 2229, 1338, 837, 5277, 3002, 1213, 2435, 2441, 4058, 926, 2729, 972, 2790, 2531, 3842, 1670, 1127, 5922, 2270, 2410, 2821, 1110, 1173, 3819, 1369, 3693, 2889, 3399, 1903, 2554, 2795, 2825, 1058, 2713, 1277, 1319, 1090, 2042, 1716, 1563, 1416, 1550, 996, 1856, 5438, 1987, 1419, 3408, 1536, 4000, 6675, 1208, 1214, 5269, 4262, 2896, 2396, 1711, 1208, 1432, 6001, 2692, 2413, 2995, 2412, 2754, 1730, 1121, 3221, 1713, 584, 3716, 4296, 1556, 1684, 3026, 2371, 2363, 1401, 2005, 1933, 1748, 2745, 2345, 1867, 2490, 3857, 1134, 6205, 3746, 3418, 2180, 1330, 2215, 4887, 3836, 2932, 2478, 3090, 213, 4721, 1987, 1313, 1857, 3237, 2211, 1741, 3391, 2158, 4184, 3011, 1188, 287, 5591, 174, 1114, 2663, 1563, 3313, 713, 2068, 3329, 5320, 2047, 4198, 1484, 6318, 1666, 1122, 2531, 3557, 3767, 2347, 3709, 6212, 1623, 1992, 2494, 1599, 1223)
(60, 229): Mean: 2524.908, median: 2310.0, std: 1283.987, percent: 2398.04, B: 125, W: 124, 
	(1938, 2457, 2736, 2068, 5474, 2593, 3706, 4102, 1984, 1986, 1306, 3846, 1729, 2088, 5062, 2016, 2600, 1560, 1961, 2179, 2453, 1111, 1605, 1456, 2469, 715, 2751, 2061, 1260, 5948, 2692, 2438, 1371, 1220, 1654, 6009, 2132, 1882, 2663, 2717, 2311, 2593, 1442, 2505, 3000, 2940, 1087, 1942, 1316, 2789, 2242, 1694, 2714, 2705, 1303, 3116, 1826, 2760, 2040, 2757, 2421, 2276, 4146, 1798, 657, 1490, 2105, 2205, 3129, 2458, 2110, 715, 3040, 1345, 1541, 4314, 2867, 1769, 1176, 1723, 1657, 2588, 2482, 1661, 2235, 2701, 2686, 3945, 1915, 3612, 1984, 2479, 2469, 2968, 3355, 5647, 2091, 1655, 2298, 6864, 2714, 3134, 4058, 3225, 710, 8769, 3492, 3402, 2750, 2212, 3175, 1203, 903, 5530, 3163, 1322, 2236, 2610, 3772, 990, 2764, 938, 3353, 2814, 4078, 1585, 1347, 5729, 2457, 2512, 2657, 1143, 1168, 4411, 1344, 3263, 2450, 2922, 1994, 2417, 2809, 2550, 1014, 2933, 1142, 1539, 1142, 2126, 1732, 1962, 1335, 1592, 987, 1586, 4214, 1857, 1410, 3291, 1399, 3415, 7053, 1233, 1369, 4718, 3273, 2299, 2263, 1916, 1189, 1704, 5420, 2910, 2202, 3139, 2735, 3131, 1782, 1113, 3242, 1962, 643, 3407, 4600, 1414, 1564, 2945, 2297, 2689, 1481, 1928, 1658, 1913, 2773, 2694, 2163, 2638, 3705, 1194, 5480, 4103, 3018, 2394, 1191, 2011, 4087, 3447, 2697, 2309, 3462, 231, 4993, 2025, 1329, 1632, 3472, 2547, 1697, 3225, 2256, 3820, 2735, 1377, 317, 5663, 175, 1000, 3152, 1652, 2982, 893, 1836, 3105, 4662, 2568, 3832, 1541, 4770, 1639, 1142, 3123, 3424, 4150, 2270, 3389, 6709, 1667, 1823, 2595, 1586, 1257)
(63, 242): Mean: 2519.132, median: 2342.5, std: 1297.992, percent: 2372.76, B: 128, W: 121, 
	(1962, 2379, 2960, 1927, 4390, 2489, 3483, 3346, 1994, 1983, 1275, 3640, 1780, 2191, 5975, 1928, 2406, 1490, 2196, 2199, 2612, 1131, 1694, 1355, 2748, 645, 2630, 2228, 1381, 6130, 2346, 2229, 1717, 1217, 1718, 6403, 2051, 2082, 2650, 2908, 2122, 3146, 1519, 2593, 2503, 2769, 1016, 1914, 1375, 2953, 2339, 1727, 3120, 2501, 1213, 3224, 1886, 2829, 1673, 2669, 2448, 2020, 3287, 1902, 777, 1659, 2083, 2306, 3365, 3068, 1882, 732, 3074, 1296, 1436, 4033, 2805, 1894, 1334, 1949, 1657, 2504, 2424, 1484, 2497, 2867, 2711, 3215, 1798, 3109, 2099, 2581, 2260, 3353, 3101, 5985, 2582, 2026, 2194, 7655, 2547, 2651, 3559, 3565, 789, 8176, 3557, 3482, 2844, 2625, 2706, 1177, 751, 5513, 3055, 1147, 2614, 2434, 3660, 1036, 2578, 831, 3389, 2821, 3944, 1671, 1018, 6470, 2145, 2500, 2266, 1111, 1411, 4816, 1406, 3294, 2457, 3045, 1950, 2403, 3246, 2625, 1168, 2793, 1250, 1364, 1086, 1937, 1844, 1791, 1460, 1506, 955, 1711, 5426, 2043, 1387, 3361, 1446, 3119, 7598, 1495, 1393, 5108, 3263, 2878, 2507, 1797, 1093, 1503, 5004, 2608, 2233, 3064, 2460, 2536, 1658, 1121, 3115, 1924, 598, 3815, 4016, 1367, 1755, 3666, 2892, 2505, 1522, 1977, 1657, 1719, 2996, 2250, 2172, 2804, 3908, 1265, 5501, 3263, 3350, 2577, 1331, 1982, 4417, 3067, 2439, 2414, 2861, 189, 4664, 2008, 1376, 1762, 3185, 2325, 1553, 3495, 1850, 3737, 2775, 1341, 276, 5052, 171, 1169, 2480, 1635, 3238, 792, 2103, 2961, 5280, 2253, 3936, 1516, 5397, 1455, 1086, 2686, 3367, 4056, 2337, 3113, 6076, 1499, 2065, 2551, 1918, 1268)
(65, 251): Mean: 2543.164, median: 2362.0, std: 1342.03, percent: 2434.4, B: 128, W: 122, 
	(1996, 2579, 3240, 2019, 4253, 2434, 3145, 3491, 1951, 1953, 1282, 5302, 2068, 2014, 5904, 1941, 2463, 1807, 1944, 1963, 2453, 1081, 1633, 1578, 2549, 721, 2614, 2243, 1451, 6083, 2564, 2399, 1379, 1206, 1574, 5655, 1957, 2099, 2640, 2781, 2252, 3047, 1258, 2663, 2593, 2558, 1164, 2234, 1573, 2703, 2252, 1634, 2815, 2487, 1202, 3131, 1838, 2817, 1724, 2593, 2412, 1908, 3748, 1679, 793, 1626, 2117, 2165, 3317, 2732, 2133, 714, 3190, 1404, 1537, 4888, 2627, 1690, 1163, 1867, 1849, 2565, 2760, 1841, 2349, 2814, 2786, 3125, 1884, 3111, 2019, 2574, 2613, 2788, 3866, 5151, 2532, 2087, 2179, 7264, 2626, 2700, 3537, 2967, 688, 7943, 3895, 3922, 2876, 2216, 2647, 1189, 797, 4784, 2823, 1190, 2229, 2553, 3387, 904, 2690, 735, 3353, 2735, 3895, 1722, 1075, 5195, 2255, 2325, 2520, 1043, 1186, 4421, 1531, 3940, 2273, 3269, 1873, 2451, 2890, 2951, 1040, 3323, 1301, 1471, 1150, 1929, 1748, 1583, 1379, 1508, 964, 1644, 4398, 2042, 1274, 3376, 1368, 3665, 8434, 1327, 1249, 5309, 3180, 2698, 2693, 2039, 1098, 1439, 6604, 3252, 1934, 2918, 2603, 2765, 1913, 1054, 3084, 1945, 766, 3936, 3936, 1578, 1622, 3754, 2387, 2663, 1364, 2041, 1552, 1722, 2621, 2376, 2205, 2887, 4299, 1139, 6081, 3406, 2869, 2288, 1288, 2380, 4281, 3500, 2434, 2375, 3145, 178, 4801, 2127, 1360, 1766, 3299, 2177, 1970, 3462, 2147, 3907, 2728, 1178, 282, 7762, 185, 1100, 2488, 1745, 3534, 846, 1895, 3100, 5451, 2438, 4669, 1538, 4934, 1317, 1138, 2776, 4180, 4043, 2077, 3110, 5935, 1422, 2154, 2802, 1779, 1380)
(66, 255): Mean: 2551.364, median: 2406.5, std: 1348.268, percent: 2426.38, B: 131, W: 118, 
	(1825, 2388, 3034, 2113, 4459, 2752, 3728, 3984, 2506, 1931, 1434, 4489, 1762, 2137, 5844, 1873, 2642, 1683, 1992, 2013, 2788, 1177, 1558, 1409, 2582, 672, 2587, 2136, 1319, 6355, 2456, 2317, 1580, 1304, 1561, 5629, 1899, 2055, 2514, 2990, 2160, 3363, 1550, 2578, 2856, 2726, 1194, 1898, 1376, 2725, 2522, 1822, 2806, 2507, 1212, 3275, 1625, 2811, 1633, 3027, 2584, 1908, 3508, 1898, 941, 1499, 2110, 2176, 3433, 2949, 1746, 867, 3272, 1363, 1572, 4337, 2479, 1895, 1134, 2082, 1704, 2419, 2733, 1763, 2412, 2502, 2486, 3098, 1773, 3119, 2022, 2688, 2520, 3066, 3775, 5088, 2401, 2006, 2475, 6909, 2493, 2915, 3502, 3480, 696, 9301, 3529, 3191, 3232, 2200, 2621, 1231, 845, 5273, 3711, 1281, 2354, 2356, 3982, 932, 2733, 771, 3340, 2664, 4213, 1629, 1013, 7494, 2173, 2320, 2889, 1071, 1191, 4586, 1392, 3567, 2766, 3270, 1882, 2458, 2423, 2891, 1119, 2871, 1238, 1309, 1073, 1842, 1815, 1756, 1484, 1584, 873, 1765, 4892, 2276, 1340, 3431, 1360, 3625, 8093, 1271, 1306, 4166, 3389, 2489, 2735, 2207, 1095, 1459, 6254, 2801, 2127, 3247, 2824, 2602, 1783, 1253, 2991, 1788, 558, 3446, 3911, 1432, 1577, 3343, 2555, 2454, 1490, 1847, 1615, 1749, 3273, 2357, 2202, 2860, 3812, 1102, 5209, 3488, 3053, 2336, 1285, 2127, 4278, 3588, 2735, 2933, 3073, 292, 4603, 1911, 1489, 1667, 3390, 2762, 1768, 3335, 2063, 4167, 2498, 1266, 280, 6124, 179, 1071, 2595, 1476, 3486, 597, 1865, 3435, 4576, 2384, 4191, 1547, 5411, 1526, 1088, 2634, 3445, 4058, 1990, 3124, 6836, 1425, 2611, 2751, 1690, 1298)
(67, 256): Mean: 2530.456, median: 2332.5, std: 1314.339, percent: 2469.26, B: 131, W: 119, 
	(2201, 2357, 3175, 1807, 4925, 2441, 3135, 3957, 1964, 2113, 1264, 4119, 1770, 2009, 5511, 2077, 2556, 1669, 2006, 1866, 2359, 1132, 1642, 1310, 2415, 662, 2444, 1955, 1429, 6019, 2216, 2360, 1486, 1329, 1558, 6133, 2019, 2138, 2855, 2887, 2174, 3008, 1328, 2784, 2624, 2762, 1039, 2082, 1406, 2839, 2585, 1612, 2690, 2742, 1334, 3129, 1621, 2615, 1701, 2241, 2737, 2354, 3661, 1855, 635, 1559, 2023, 2571, 3631, 2657, 1739, 809, 2624, 1430, 1700, 4389, 2842, 1696, 1094, 1740, 1608, 2369, 2607, 1711, 2287, 2650, 2350, 3522, 1715, 2658, 2241, 2769, 2303, 3702, 4242, 4653, 2249, 1951, 2247, 6669, 2876, 2985, 3972, 3661, 634, 7549, 3490, 3553, 3224, 2361, 2572, 1127, 827, 5643, 3492, 1469, 2218, 2589, 3971, 912, 2543, 795, 3075, 2977, 3285, 1797, 1145, 7049, 2513, 2248, 2665, 1024, 1264, 4593, 1381, 3128, 2444, 3026, 1826, 2391, 2527, 2781, 1014, 2846, 1153, 1317, 1090, 2021, 2027, 1632, 1378, 1511, 870, 1688, 4622, 2194, 1386, 3141, 1462, 4408, 8537, 1574, 1321, 4894, 3511, 2533, 2554, 2093, 1138, 1466, 5619, 2914, 2240, 2882, 2415, 2545, 2049, 1148, 3136, 1884, 633, 3722, 4180, 1521, 1769, 2888, 2302, 2645, 1594, 2155, 1632, 1788, 3108, 2462, 2263, 2497, 3836, 1057, 6209, 3739, 3391, 2206, 1243, 2182, 3664, 3489, 2526, 2484, 2691, 239, 4697, 2204, 1376, 1788, 3305, 2431, 1672, 3390, 1925, 3988, 3113, 1274, 299, 5731, 181, 1108, 2590, 1611, 3555, 846, 2173, 3680, 4979, 2315, 3161, 1638, 5502, 1703, 1084, 2464, 3503, 3974, 2136, 2862, 6855, 1561, 2051, 2579, 1998, 1547)
(71, 280): Mean: 2549.236, median: 2381.5, std: 1294.688, percent: 2532.68, B: 128, W: 121, 
	(2056, 2387, 3154, 2050, 4311, 2538, 3888, 4161, 2071, 2012, 1345, 5554, 1781, 2170, 5947, 1934, 2641, 1574, 2170, 1907, 2480, 1163, 1592, 1462, 2923, 756, 2376, 2501, 1531, 5293, 2561, 2199, 1457, 1322, 1647, 5397, 1908, 2027, 2821, 2545, 2159, 2989, 1353, 2703, 2869, 2681, 1210, 2119, 1468, 2600, 2590, 1642, 2810, 2459, 1289, 3260, 1877, 2592, 1758, 2870, 2572, 2088, 3046, 2022, 605, 1866, 1986, 2353, 3425, 2976, 1602, 714, 3154, 1377, 1590, 4641, 2522, 2039, 1243, 1808, 1473, 2354, 2737, 1632, 2260, 2615, 2574, 3097, 1906, 2907, 2105, 2531, 2446, 3370, 3952, 4848, 2435, 2099, 2719, 6277, 2634, 3196, 3935, 3448, 630, 8575, 3791, 3589, 2840, 2028, 2412, 1122, 800, 5236, 3306, 1284, 2291, 2579, 3930, 1077, 2425, 1065, 2766, 2992, 3503, 1705, 1315, 4835, 2455, 2252, 2519, 1011, 1433, 4035, 1428, 3768, 2900, 2919, 1822, 2643, 2839, 2650, 987, 3294, 1310, 1555, 1381, 1872, 1761, 1479, 1260, 1635, 958, 1741, 5250, 2346, 1408, 3684, 1531, 4195, 7326, 1340, 1321, 4654, 3634, 2495, 2210, 2015, 1132, 1476, 6018, 3038, 2421, 2850, 2625, 2576, 1687, 1217, 3286, 1794, 664, 3457, 4162, 1429, 1607, 3380, 2342, 2943, 1537, 1893, 1590, 1682, 3221, 2455, 2014, 3084, 3675, 946, 6247, 4128, 3886, 2547, 1342, 2037, 3968, 3301, 2567, 2339, 3575, 233, 4980, 2120, 1364, 1725, 3707, 2635, 1884, 3211, 1918, 4210, 2911, 1234, 239, 5566, 186, 1075, 2479, 1437, 3591, 747, 1889, 3147, 5121, 2217, 3500, 1527, 5938, 1550, 1117, 2484, 4196, 5025, 2161, 3256, 5866, 1482, 2005, 2604, 1649, 1484)
(73, 287): Mean: 2549.264, median: 2411.5, std: 1331.391, percent: 2498.66, B: 130, W: 120, 
	(2313, 2504, 3441, 2030, 4766, 2497, 3543, 3821, 2354, 2155, 1487, 3959, 1628, 2124, 5703, 1829, 2441, 1858, 1927, 1969, 2434, 1015, 1598, 1373, 2392, 680, 2687, 2030, 1436, 6506, 2498, 2457, 1579, 1339, 1474, 5791, 1909, 2009, 2449, 2745, 2063, 3279, 1406, 2543, 2789, 2512, 1286, 1825, 1353, 2654, 2695, 1556, 2879, 3169, 1219, 3753, 1825, 3310, 1823, 2700, 2750, 2142, 3685, 1916, 757, 1597, 2428, 2490, 3885, 2599, 1713, 711, 3118, 1333, 1591, 4427, 2753, 1802, 1185, 1977, 1686, 2433, 3094, 1658, 2298, 2349, 2470, 3067, 1630, 3207, 2178, 2764, 2649, 2832, 3569, 4977, 2161, 1888, 2313, 7342, 2925, 2822, 3926, 3801, 716, 9445, 3455, 3505, 2847, 2410, 2668, 1154, 802, 6202, 3097, 1278, 2443, 2531, 3680, 892, 2720, 959, 3156, 2853, 3584, 1808, 1138, 4821, 2334, 2477, 2524, 1003, 1153, 4631, 1411, 3863, 2434, 3107, 2092, 2432, 2545, 2790, 1117, 2894, 1180, 1531, 1197, 2156, 1745, 1760, 1530, 1543, 951, 1586, 4572, 2241, 1350, 3291, 1403, 3110, 7294, 1203, 1236, 4075, 3347, 2817, 2343, 1751, 1075, 1548, 5361, 2572, 2278, 3309, 2676, 2792, 1807, 1230, 2730, 1651, 626, 3682, 3638, 1405, 1589, 3373, 2209, 2799, 1593, 2015, 1580, 1688, 2914, 2413, 2058, 3193, 3711, 1175, 5377, 3947, 3296, 2671, 1431, 2165, 4224, 3953, 2325, 2383, 3075, 246, 4565, 1819, 1282, 1728, 3153, 2442, 1685, 3442, 2240, 4311, 2873, 1431, 346, 5850, 177, 1110, 2447, 1545, 3473, 726, 2023, 3317, 5645, 2524, 3968, 1568, 6391, 1495, 1101, 2666, 4315, 3965, 2172, 3236, 6872, 1480, 1975, 2494, 1810, 1401)
(74, 288): Mean: 2538.552, median: 2337.0, std: 1313.782, percent: 2480.88, B: 131, W: 119, 
	(1766, 2554, 3046, 2017, 4178, 2571, 3810, 3164, 2122, 2133, 1367, 4074, 1751, 2311, 5627, 1947, 2217, 1682, 2078, 2238, 2522, 1117, 1623, 1411, 2240, 838, 2501, 2147, 1401, 5925, 2497, 2635, 1545, 1410, 1706, 5420, 1832, 1892, 2503, 3236, 2012, 2954, 1508, 2557, 2854, 2668, 1201, 1961, 1680, 2579, 2272, 1645, 2903, 2448, 1102, 3441, 1854, 3062, 1780, 3046, 2442, 2310, 3318, 1844, 679, 1637, 2169, 2189, 3752, 2402, 1841, 742, 3066, 1264, 1448, 4792, 2686, 1955, 1141, 1767, 1605, 2584, 2766, 1744, 2202, 2651, 2528, 2800, 1956, 3032, 2164, 2302, 2368, 2919, 3552, 5522, 2641, 1835, 2194, 6739, 2724, 2886, 4452, 3290, 711, 8260, 3215, 3722, 2844, 2309, 2817, 1300, 926, 5252, 3217, 1293, 2588, 2506, 3570, 977, 2578, 1074, 3476, 2983, 4697, 1613, 1272, 7013, 2252, 2629, 2505, 1094, 1220, 4877, 1482, 3157, 2791, 3375, 1924, 2710, 2793, 2701, 1023, 2746, 1134, 1241, 1093, 1788, 1957, 1801, 1429, 1533, 1063, 1900, 5024, 2273, 1401, 3582, 1397, 3961, 8022, 1289, 1415, 3971, 3969, 2711, 2369, 2233, 1111, 1518, 4596, 2835, 2358, 3013, 2833, 3198, 1943, 1042, 3131, 1757, 523, 4117, 3835, 1428, 1723, 2716, 2406, 2680, 1517, 1757, 1785, 1636, 2519, 2585, 2011, 2736, 3993, 1203, 4426, 4275, 3382, 2349, 1370, 2262, 3540, 3609, 2462, 2454, 3300, 225, 4398, 2020, 1408, 1713, 3106, 2335, 1785, 3092, 1754, 4246, 2657, 1291, 334, 5607, 166, 1136, 2600, 1493, 3397, 701, 2045, 3267, 6002, 2300, 3863, 1622, 6233, 1450, 1085, 2339, 3745, 4270, 1958, 3043, 7335, 1389, 2178, 2378, 1730, 1479)
(75, 292): Mean: 2535.18, median: 2300.0, std: 1373.58, percent: 2442.12, B: 135, W: 114, 
	(1903, 2531, 2823, 1819, 4619, 2768, 3686, 3727, 2066, 2031, 1361, 3823, 1728, 2266, 5635, 1988, 2306, 1926, 2197, 2034, 2624, 1120, 1622, 1395, 2688, 647, 2361, 2202, 1300, 6134, 2348, 2250, 1710, 1287, 1620, 5320, 2074, 1978, 2451, 3392, 2073, 3486, 1322, 2694, 2594, 2578, 1153, 1687, 1337, 2649, 2162, 1742, 3140, 2901, 1102, 3214, 1865, 2532, 1864, 2667, 2615, 2329, 3935, 1996, 739, 1450, 2145, 2169, 3298, 2682, 2012, 683, 3150, 1232, 1605, 3928, 2836, 1821, 1236, 1851, 1670, 2407, 2634, 1634, 2231, 2668, 2431, 3147, 1919, 3039, 2019, 2800, 2411, 3187, 3475, 5067, 2091, 1712, 2366, 7987, 2893, 2836, 3585, 2832, 671, 10990, 3653, 3527, 3089, 2086, 2441, 1167, 905, 5276, 3964, 1246, 2268, 2655, 3813, 907, 2477, 776, 3156, 2549, 3926, 1948, 1221, 6198, 2151, 2499, 2602, 1038, 1413, 4159, 1448, 3513, 2294, 3346, 2053, 2585, 2804, 2791, 1110, 3164, 1241, 1302, 1227, 2109, 1783, 1785, 1394, 1447, 1071, 1687, 5633, 2210, 1392, 3302, 1387, 4122, 7561, 1195, 1266, 4641, 3122, 2882, 2361, 1816, 1075, 1331, 5573, 3114, 2278, 3257, 2701, 2662, 1953, 1079, 2679, 1700, 720, 3580, 3597, 1354, 1906, 3262, 2679, 2618, 1393, 1848, 1782, 1625, 2684, 2506, 2117, 2957, 3604, 1038, 4754, 3693, 3347, 2266, 1271, 2091, 4111, 3270, 2560, 2230, 2859, 263, 4644, 1937, 1351, 1631, 3255, 2422, 1684, 3215, 2104, 4114, 2844, 1176, 277, 5909, 193, 1081, 2422, 1421, 2929, 770, 1898, 3415, 5452, 2441, 3900, 1442, 5866, 1674, 1235, 2702, 3806, 4355, 1971, 3196, 7317, 1580, 1992, 2688, 1523, 1486)
(81, 327): Mean: 2503.032, median: 2305.5, std: 1259.236, percent: 2416.16, B: 132, W: 118, 
	(1906, 2332, 2919, 1711, 3826, 3020, 3234, 3443, 1883, 2093, 1447, 3472, 1739, 1853, 6045, 1898, 2388, 1694, 1924, 1912, 2585, 1176, 1551, 1431, 2637, 572, 2669, 1990, 1465, 6439, 2731, 2200, 1559, 1232, 1483, 5635, 1781, 1913, 2573, 2888, 2003, 2897, 1244, 2525, 2465, 2440, 1033, 1977, 1418, 2466, 2160, 1666, 3008, 2899, 1336, 2807, 1735, 2835, 1825, 2734, 2852, 2023, 3184, 1893, 925, 1588, 2121, 2522, 3199, 2730, 1853, 789, 2802, 1356, 1552, 3868, 2883, 1974, 1173, 1887, 1701, 2728, 2846, 1702, 2113, 2579, 2407, 3476, 1793, 2980, 1952, 2861, 2004, 2743, 3572, 5456, 2050, 1878, 2081, 5728, 2679, 2822, 4127, 3414, 804, 7935, 3113, 3267, 2754, 2093, 2467, 1309, 883, 5332, 3013, 1217, 2225, 2535, 3688, 908, 2523, 946, 3075, 2827, 4708, 1568, 1385, 6228, 2482, 2228, 3060, 1070, 1236, 4676, 1359, 3224, 2387, 3060, 2018, 2387, 3444, 2469, 1002, 3144, 1162, 1444, 1268, 1723, 1806, 2003, 1368, 1513, 1024, 1804, 4707, 2105, 1327, 3822, 1458, 3862, 6175, 1383, 1350, 5226, 3751, 2396, 2991, 1750, 1130, 1384, 5486, 2922, 2207, 3005, 2687, 2837, 2030, 1382, 2810, 1738, 674, 3738, 3400, 1359, 1797, 3124, 2717, 2613, 1534, 1683, 1612, 1578, 3019, 2324, 2346, 2584, 4135, 973, 5191, 3589, 3090, 2532, 1232, 2287, 4051, 3899, 2382, 2948, 3162, 260, 4817, 2038, 1458, 1723, 3282, 2564, 1790, 3284, 1958, 4035, 2694, 1307, 295, 5541, 194, 1141, 2503, 1559, 4004, 809, 2146, 2927, 5280, 2254, 3647, 1569, 5590, 1498, 1138, 2152, 4192, 4110, 2019, 3352, 6903, 1548, 2094, 2771, 1560, 1506)
(96, 413): Mean: 2445.94, median: 2289.5, std: 1251.078, percent: 2374.44, B: 149, W: 100, 
	(1976, 2657, 2862, 1961, 4280, 2557, 3291, 3207, 1848, 1863, 1465, 3614, 1808, 2106, 5913, 1970, 2589, 1597, 1843, 1731, 2293, 1140, 1465, 1340, 2468, 704, 2072, 2041, 1429, 6879, 2502, 2372, 1707, 1294, 1527, 5669, 1989, 1974, 2609, 2789, 1939, 2827, 1217, 2740, 2841, 2696, 1104, 1932, 1481, 2257, 2483, 1641, 2478, 2495, 1265, 3397, 1924, 2641, 1662, 2339, 2408, 2034, 3495, 1780, 815, 1791, 1826, 2390, 3292, 2597, 1947, 729, 3358, 1433, 1448, 4252, 2580, 1814, 1201, 1920, 1549, 2304, 2612, 1673, 2180, 2570, 2407, 2758, 1582, 3133, 2050, 2682, 2704, 2574, 3882, 4435, 2383, 2027, 2099, 6762, 2540, 2719, 3320, 3355, 694, 8372, 3919, 3501, 2414, 2039, 2570, 1129, 839, 4381, 3524, 1234, 2357, 2472, 3398, 834, 2439, 878, 2994, 2677, 3959, 1598, 1194, 5539, 2425, 2330, 2284, 1053, 1250, 4670, 1424, 3291, 2401, 2781, 1918, 2378, 2936, 2563, 1053, 2504, 1078, 1392, 1262, 1800, 1772, 1626, 1500, 1522, 898, 1730, 5320, 1962, 1247, 3331, 1364, 3218, 6846, 1181, 1163, 5005, 3116, 2560, 2545, 1949, 1095, 1506, 5020, 3001, 2107, 2922, 2719, 2779, 1786, 1087, 3114, 1674, 602, 3269, 3995, 1431, 1670, 3117, 2169, 2581, 1443, 1900, 1542, 1798, 2657, 2502, 2132, 2794, 3705, 1190, 4528, 3618, 2621, 2414, 1195, 2042, 4745, 3073, 2491, 2275, 3147, 268, 4264, 1994, 1413, 1775, 2943, 2186, 1724, 3394, 2041, 4090, 2618, 1326, 284, 5479, 182, 1095, 2562, 1417, 3379, 694, 2083, 3547, 4676, 2286, 3205, 1450, 5970, 1707, 1119, 2535, 3445, 4046, 2170, 2810, 6796, 1467, 2016, 2921, 1597, 1282)
(97, 414): Mean: 2454.82, median: 2272.5, std: 1262.157, percent: 2362.1, B: 126, W: 123, 
	(1777, 2319, 2846, 1816, 3861, 2408, 3685, 3728, 1832, 1955, 1272, 4549, 1832, 2243, 4752, 1743, 2560, 1507, 1953, 1809, 2462, 1297, 1519, 1303, 2398, 567, 2744, 1998, 1309, 6304, 2721, 2538, 1444, 1354, 1588, 6160, 1773, 1851, 2751, 2593, 1921, 2903, 1350, 2603, 2682, 2436, 1053, 2061, 1228, 2641, 2279, 1568, 2591, 2267, 1202, 3450, 1902, 2446, 1910, 2261, 2571, 1810, 3112, 2005, 744, 1698, 1922, 2587, 2979, 2772, 1870, 818, 3158, 1362, 1461, 3933, 2581, 1822, 1092, 1823, 1535, 2565, 2592, 1743, 2149, 2398, 2388, 2828, 1741, 2900, 1749, 2717, 2192, 3376, 3411, 4788, 2363, 1717, 2245, 6524, 2510, 2949, 4028, 3440, 667, 7371, 3564, 4244, 2468, 2116, 2257, 1146, 908, 5125, 3158, 1118, 2327, 2538, 3346, 796, 2239, 1026, 3121, 3076, 4032, 1651, 1041, 6255, 2184, 2349, 2319, 1038, 1154, 4364, 1361, 3162, 2890, 2751, 1953, 2090, 2630, 2716, 1098, 3232, 1134, 1234, 1146, 1784, 1953, 1708, 1334, 1644, 962, 1741, 4453, 2217, 1327, 3398, 1436, 3449, 7328, 1175, 1359, 5045, 2977, 2734, 2668, 2203, 1151, 1382, 5544, 2968, 2278, 3011, 2800, 3023, 1926, 1192, 2722, 1752, 576, 3394, 3469, 1463, 1676, 3060, 2515, 2653, 1413, 1827, 1530, 1611, 2717, 2433, 2139, 2749, 3614, 951, 5264, 4621, 2992, 2366, 1228, 1987, 4454, 3316, 2548, 2382, 3007, 251, 4316, 2056, 1222, 1709, 2966, 2342, 1787, 3160, 1855, 4005, 2996, 1268, 242, 5631, 182, 1139, 2317, 1383, 3356, 715, 1966, 2971, 4711, 2235, 3491, 1465, 5705, 1639, 1086, 2381, 3633, 4689, 1931, 3125, 6849, 1563, 1754, 2777, 1748, 1251)
(98, 416): Mean: 2450.952, median: 2238.0, std: 1240.323, percent: 2377.66, B: 127, W: 123, 
	(1934, 2554, 2835, 1871, 4081, 2793, 3851, 3960, 1909, 1926, 1301, 3953, 1811, 2289, 6107, 1626, 2672, 1781, 1936, 1771, 2392, 1184, 1477, 1477, 2387, 685, 2238, 2208, 1363, 6595, 2593, 2229, 1639, 1298, 1504, 5874, 2066, 1924, 2910, 2999, 2093, 2780, 1363, 2729, 2659, 2513, 1028, 1812, 1272, 2935, 2196, 1809, 2832, 2286, 1172, 3572, 1870, 3085, 1787, 2471, 2796, 1999, 3772, 1995, 790, 1579, 2127, 1968, 2912, 2709, 1749, 752, 2715, 1335, 1635, 5368, 2698, 1887, 1061, 1832, 1828, 2599, 3116, 1545, 2211, 2547, 2227, 2803, 1758, 3212, 1963, 2534, 2246, 3122, 3916, 4981, 2227, 1839, 2355, 6367, 2618, 2754, 3990, 3283, 640, 8244, 3596, 3611, 2819, 2124, 2711, 1053, 872, 4504, 2819, 1210, 2185, 2489, 3413, 879, 2545, 845, 3098, 2734, 4298, 1597, 1002, 4871, 2071, 2244, 2551, 1031, 1292, 4423, 1345, 3145, 2276, 2958, 1846, 2490, 3048, 2807, 1091, 2511, 1122, 1444, 1139, 2024, 1697, 1792, 1406, 1570, 897, 1775, 4754, 1981, 1190, 3443, 1373, 3151, 6496, 1378, 1254, 4410, 3161, 2494, 2360, 1845, 1115, 1245, 5507, 2676, 2280, 2906, 2549, 2978, 1996, 1114, 2965, 2010, 559, 3028, 3878, 1407, 1689, 2762, 2441, 2744, 1476, 2176, 1661, 1606, 2682, 2352, 1800, 2825, 4271, 945, 4803, 3348, 3203, 2238, 1300, 2090, 3547, 3098, 2445, 2502, 2914, 269, 4282, 1917, 1338, 1542, 3212, 2603, 1766, 3085, 2010, 3617, 2575, 1331, 339, 6063, 186, 1152, 2424, 1422, 3523, 683, 1853, 3149, 4738, 2162, 3933, 1409, 5265, 1643, 1136, 2233, 3678, 3913, 2047, 2938, 6027, 1415, 1758, 2672, 1596, 1272)

Test:
No precond: Mean: 2674.4, median: 2314.0, std: 1455.574, percent: 2601.02, flag: 0 
	(1901, 3242, 1970, 2606, 2480, 1510, 1504, 2925, 664, 2319, 856, 2220, 1363, 2319, 1325, 4827, 1313, 2096, 1194, 1774, 2190, 2501, 1375, 1792, 1349, 1398, 7071, 2478, 2014, 1657, 3825, 1849, 2918, 2994, 2696, 1641, 4176, 3921, 2067, 1633, 1859, 2163, 1576, 2795, 1368, 4006, 2575, 5949, 3558, 2260, 3505, 1931, 2125, 1802, 1314, 2499, 2342, 2010, 1292, 2769, 1077, 2388, 1857, 1336, 1918, 1719, 1875, 8409, 3822, 1417, 4913, 5185, 2121, 3704, 1111, 2289, 1722, 1619, 3505, 1889, 1874, 1287, 4732, 2901, 3298, 1277, 2007, 2789, 3169, 6286, 1411, 3915, 3148, 1288, 1650, 1295, 3210, 4860, 1849, 1443, 4030, 2698, 2834, 5245, 3253, 2309, 2224, 3390, 8573, 2377, 3236, 1841, 1978, 2624, 2162, 1987, 2943, 1167, 2541, 1232, 5631, 874, 2907, 5726, 2298, 1303, 1913, 4272, 1071, 1069, 2986, 3122, 2957, 2538, 2146, 2613, 2090, 2819, 2732, 2879, 2632, 973, 2948, 4606, 2225, 3181, 1384, 3844, 3129, 1682, 2275, 4859, 1412, 617, 927, 4918, 4417, 2912, 2782, 987, 2932, 879, 1589, 2441, 1461, 2524, 2598, 3604, 3241, 3337, 3314, 3609, 2600, 1859, 1034, 939, 5251, 6602, 5194, 1968, 1288, 1885, 1703, 1711, 2798, 3334, 8692, 1348, 1204, 1573, 1784, 3596, 2448, 2041, 2242, 2833, 4420, 3819, 5621, 1965, 3047, 1288, 3785, 3683, 2721, 2180, 2216, 1526, 6115, 2032, 3099, 3378, 5003, 2367, 2281, 4647, 3217, 3277, 2048, 1838, 2117, 2189, 1257, 9233, 1822, 4768, 2465, 1522, 956, 1906, 3059, 1013, 6424, 1769, 2714, 2593, 3989, 1273, 2700, 1967, 3061, 4424, 3642, 1276, 1907, 1480, 2681, 3400, 1626, 1822)

Last: Mean: 2571.112, median: 2202.0, std: 1401.421, percent: 2555.4, B: 151, W: 98, flag: 0 
	(1777, 3046, 1688, 2114, 2137, 1448, 1579, 2731, 537, 2209, 920, 1983, 1116, 2530, 1470, 5657, 1194, 2140, 1096, 1733, 2267, 2195, 1235, 1889, 1342, 1572, 7215, 2637, 1572, 1509, 3779, 1771, 2778, 2493, 2488, 1745, 3929, 4097, 2034, 1727, 2190, 2032, 1468, 3147, 1263, 3385, 2823, 4850, 3103, 2501, 2935, 2009, 2162, 1615, 1210, 2159, 2463, 1946, 1142, 2534, 1056, 2163, 1559, 1542, 1829, 1906, 2246, 8152, 3446, 1006, 5069, 4697, 2308, 3688, 1138, 2195, 2045, 1455, 3059, 1951, 1904, 1094, 4439, 2350, 3524, 1340, 2150, 2859, 3588, 5863, 1269, 4152, 3388, 1308, 1679, 1338, 3276, 4540, 1975, 1159, 3291, 2518, 2531, 5371, 3040, 2403, 1921, 3588, 9230, 2242, 3051, 1979, 1913, 2613, 2062, 1877, 2461, 1136, 2395, 1292, 4728, 1026, 2946, 4713, 2253, 1284, 1827, 4913, 1063, 975, 2322, 2562, 2637, 1947, 2072, 2740, 1833, 2794, 2664, 2710, 2472, 1012, 2975, 4838, 2191, 2976, 1775, 3049, 3169, 1581, 2079, 5134, 1410, 457, 961, 3265, 4190, 2712, 2369, 961, 2503, 866, 1428, 1923, 1514, 2704, 2665, 3906, 2927, 3742, 3456, 3897, 2530, 2048, 1063, 1026, 5712, 7150, 5434, 1695, 1374, 1671, 1731, 1504, 2403, 2905, 9508, 1373, 1053, 1594, 1711, 3080, 2218, 1816, 1946, 2550, 3736, 2939, 5621, 2010, 2857, 1334, 4848, 3969, 2642, 1986, 2165, 1415, 5305, 2350, 3853, 3508, 4781, 2728, 2509, 4094, 2813, 3034, 1676, 1893, 1936, 1960, 1380, 5376, 1907, 4233, 2184, 1241, 832, 1675, 3456, 1006, 5010, 1550, 2266, 2708, 3726, 1248, 2612, 1982, 3157, 4031, 4223, 1310, 1967, 1547, 2369, 3343, 1479, 1852)

[ 0.07149228  0.02840509  0.11820378 -0.07077466  0.10164913  0.07564053
  0.11258192 -0.02808316  0.00203611  0.05891564]

15/02/2026, 12:55:28
Config file: ./config/config_sign_3.ini
Data:
	1d_laplace_size: 45
	amount: 250
	params: 1 0.3
	seed: 3
	dim: 2025
Solver:
	tol: 1e-10
	max_iteration: None
Learn:
	iteration_count: 100
	step_range: 0.1
	method: sign
	seed: 3
	scale: 1 0.5 0.25
Precondition:
	num_coef: 10

Train:
(0, 1): Mean: 2775.388, median: 2547.5, std: 1317.195, percent: 2691.8, B: 250, W: 0, 
	(3701, 3368, 1392, 1916, 2552, 1453, 1240, 1541, 2097, 3542, 3363, 1767, 1949, 3598, 1518, 2108, 2472, 3378, 3893, 1803, 1939, 2777, 2998, 2768, 835, 4544, 3480, 1282, 4175, 4117, 2758, 1576, 2788, 5620, 3292, 1680, 1474, 2046, 3183, 2428, 768, 2243, 2160, 1645, 2648, 5082, 1205, 3164, 2128, 1801, 2549, 1668, 3775, 1224, 1186, 1548, 4256, 3141, 1217, 2725, 2219, 2411, 2376, 8180, 3074, 4910, 3386, 2485, 3926, 2169, 2511, 1602, 2134, 1953, 2849, 2871, 3554, 3393, 3128, 2963, 9237, 4071, 1521, 2533, 4791, 1875, 3561, 2675, 1783, 2954, 4154, 1577, 2016, 3202, 2499, 907, 2937, 1700, 3395, 1816, 723, 2418, 1154, 1836, 3146, 2546, 2022, 2324, 2459, 1716, 1591, 5365, 2301, 3087, 502, 1646, 1189, 2913, 1401, 1366, 4450, 3352, 3224, 1674, 4975, 1875, 1621, 2229, 1727, 3520, 2236, 2656, 1208, 3443, 5490, 2320, 1855, 2581, 2065, 1674, 4134, 3355, 4001, 4014, 2718, 1107, 3077, 2889, 3438, 1836, 3471, 3507, 4421, 2518, 2171, 1301, 3594, 2805, 2436, 3522, 1982, 1643, 2423, 2739, 3742, 3705, 1275, 2579, 3726, 2240, 4164, 2793, 1887, 3211, 4027, 2429, 2500, 2725, 2522, 3241, 3886, 2005, 3132, 2931, 2967, 4406, 2411, 4264, 2215, 2904, 2552, 2410, 3026, 2715, 2542, 3427, 5077, 4207, 2862, 1326, 1032, 945, 2760, 2732, 7086, 1193, 1425, 967, 5453, 3184, 1590, 3361, 3195, 5139, 3261, 2458, 1490, 8816, 954, 1851, 859, 5200, 3772, 2453, 1454, 2668, 2451, 5384, 2241, 3428, 1883, 1917, 4603, 1789, 1039, 4333, 3059, 2472, 1818, 2374, 2043, 3313, 2160, 3288, 2033, 3455, 2310, 7382, 4438, 4481)
(1, 3): Mean: 2779.536, median: 2558.5, std: 1314.266, percent: 2723.3, B: 128, W: 122, 
	(3342, 3559, 1406, 1822, 2506, 1342, 1213, 1637, 2098, 3343, 3409, 2055, 1894, 3856, 1265, 1854, 2276, 4122, 3959, 1975, 2055, 2593, 2654, 2240, 828, 4451, 3375, 1186, 4311, 3787, 3090, 1489, 2766, 7019, 3083, 1671, 1572, 2156, 3384, 2206, 821, 2000, 1880, 1727, 3014, 4345, 1445, 4104, 2376, 1933, 2142, 1782, 3645, 1214, 1208, 1480, 3793, 2939, 1335, 2879, 2126, 2169, 2677, 3423, 2849, 5048, 3348, 2919, 3768, 2147, 2236, 1597, 1915, 2302, 3187, 2893, 4221, 3879, 3180, 2588, 8410, 4445, 1683, 2915, 4259, 1707, 3807, 2144, 2047, 3478, 3902, 1495, 2076, 3444, 2626, 979, 3551, 1838, 3596, 1580, 608, 2043, 1135, 1628, 3188, 3353, 2023, 2074, 2523, 1525, 1563, 5561, 2762, 2645, 470, 1613, 1055, 3220, 1604, 1591, 4269, 4051, 2569, 1660, 5786, 2012, 1448, 2502, 1896, 3780, 2381, 2835, 940, 3234, 4654, 2304, 2113, 2386, 2122, 1762, 5537, 3865, 3834, 4064, 2582, 1215, 2890, 2856, 3784, 1663, 3255, 3658, 5199, 2405, 2467, 1284, 3819, 2743, 2281, 3389, 2262, 1574, 2100, 2769, 3608, 4339, 1208, 2272, 4221, 2176, 4225, 2842, 2053, 4009, 4253, 2354, 2548, 2573, 2144, 2900, 4062, 2074, 3064, 3583, 2999, 4611, 2610, 3552, 2297, 2363, 2895, 2403, 3109, 3014, 2240, 3348, 4644, 3350, 2878, 1305, 986, 1078, 2796, 2450, 8816, 1155, 1705, 1228, 5789, 3079, 1470, 3086, 6298, 5367, 3252, 2624, 1626, 8044, 808, 1886, 945, 4489, 3706, 2361, 1423, 2966, 2177, 4546, 2118, 3645, 1576, 1749, 3636, 1544, 945, 3756, 3771, 2094, 1899, 1997, 1806, 3071, 2271, 3345, 2181, 3574, 2484, 6499, 4592, 4301)
(2, 4): Mean: 2732.412, median: 2520.5, std: 1262.009, percent: 2629.52, B: 137, W: 113, 
	(2951, 3546, 1444, 2120, 2319, 1307, 1198, 1552, 1967, 3899, 3307, 1859, 1909, 3560, 1175, 2110, 2505, 3888, 3723, 1618, 2120, 2620, 2497, 2248, 744, 3614, 2916, 1241, 4010, 3645, 2616, 1576, 2873, 5641, 3242, 1700, 1565, 2018, 3403, 2063, 764, 2119, 1724, 1551, 2521, 4973, 1436, 3081, 2258, 1819, 2289, 1611, 3436, 1258, 1167, 1554, 4572, 2900, 1638, 2821, 2331, 2231, 2520, 3516, 2762, 5274, 3322, 2173, 3392, 2291, 2483, 1569, 2116, 2129, 3267, 2852, 3758, 3365, 3576, 2777, 8811, 3702, 1488, 2878, 4201, 1770, 3677, 2669, 2076, 3183, 4627, 1622, 2100, 3229, 2588, 995, 3293, 1943, 3616, 1710, 811, 2212, 1263, 1807, 3699, 3022, 1871, 2098, 2327, 1572, 1443, 5453, 3018, 2649, 585, 1459, 1137, 3478, 1437, 1348, 4433, 3465, 2820, 1469, 5713, 1902, 1499, 2361, 1603, 3340, 2133, 2549, 1032, 3970, 4988, 2568, 2335, 2291, 2253, 1486, 4881, 3421, 4794, 3891, 2359, 1383, 2854, 2740, 3578, 1842, 2908, 3552, 5462, 2283, 2395, 1267, 3685, 3176, 2394, 3206, 2006, 1731, 2258, 2622, 3793, 3514, 1340, 2604, 3568, 2373, 3847, 2529, 1714, 3324, 3761, 2812, 2448, 2979, 1812, 3475, 4036, 2136, 3289, 2837, 2975, 4890, 2478, 4173, 2033, 2509, 2562, 2155, 2879, 3098, 2187, 3184, 4446, 3762, 2792, 1340, 1038, 983, 2512, 2668, 7629, 1203, 1591, 1103, 5426, 3054, 1417, 3194, 3231, 5206, 3208, 2651, 1652, 7059, 846, 2058, 953, 5145, 4183, 2354, 1440, 3178, 2250, 4725, 2008, 3571, 1705, 1630, 3198, 1736, 988, 4407, 3339, 1902, 1921, 2110, 1537, 3578, 2157, 3313, 2042, 3430, 2638, 7598, 4950, 4464)
(3, 5): Mean: 2701.608, median: 2479.5, std: 1261.753, percent: 2700.82, B: 141, W: 109, 
	(3415, 4087, 1417, 1921, 2599, 1377, 1247, 1713, 2151, 3676, 3217, 1934, 1741, 4362, 1073, 1770, 2477, 3808, 3632, 1692, 1993, 2682, 2719, 2352, 770, 4413, 3642, 1129, 3328, 4198, 2644, 1442, 2355, 5383, 3153, 1667, 1446, 2161, 3482, 2091, 796, 2091, 1968, 1535, 2498, 4545, 1226, 3174, 2368, 1911, 2305, 1629, 3398, 1136, 1184, 1373, 3966, 2763, 1253, 2697, 1946, 2098, 2324, 3258, 3147, 4857, 2928, 2479, 3300, 2046, 2270, 1588, 1836, 1888, 3073, 2681, 3916, 3028, 3207, 2511, 9104, 3869, 1682, 3107, 4646, 1730, 3683, 2316, 1829, 3085, 4490, 1598, 1862, 3163, 2578, 808, 4077, 1723, 3840, 1582, 834, 2145, 985, 1658, 3442, 2798, 1787, 1921, 2388, 1503, 1588, 4865, 2552, 2817, 447, 1565, 1113, 3450, 1355, 1291, 4393, 3680, 2988, 1568, 5126, 1872, 1488, 2614, 1792, 3315, 2363, 2480, 1000, 3355, 4585, 2364, 2034, 2502, 2172, 1670, 4840, 3916, 3866, 4142, 2545, 1068, 2974, 3288, 3833, 1750, 3512, 3770, 5009, 2224, 2598, 1262, 3724, 2338, 2213, 3689, 2224, 1659, 2064, 2370, 3759, 3701, 1089, 2268, 3335, 2228, 4044, 2559, 1919, 3558, 3969, 2435, 2329, 2894, 1967, 3384, 4329, 2010, 3149, 2897, 2826, 3878, 2736, 3424, 2250, 2312, 2398, 2208, 2789, 2546, 2424, 3788, 3679, 3717, 2989, 1366, 1123, 902, 2676, 2973, 7788, 1145, 1614, 1160, 5794, 3219, 1517, 2807, 2931, 4044, 3925, 2526, 1551, 7509, 871, 1588, 976, 5421, 4318, 2178, 1480, 3049, 2301, 4020, 2234, 3363, 1736, 1654, 3690, 1576, 918, 4399, 3157, 2631, 1744, 2023, 1679, 3370, 2313, 3776, 1949, 3517, 2475, 7322, 4576, 4670)
(5, 14): Mean: 2720.168, median: 2506.5, std: 1275.83, percent: 2669.36, B: 126, W: 124, 
	(3459, 3337, 1252, 1931, 2487, 1309, 1262, 1453, 2089, 3633, 3381, 1880, 1853, 3701, 1177, 1939, 2191, 3809, 3830, 1642, 1970, 2501, 2793, 2572, 755, 3945, 3604, 1196, 3587, 3867, 2766, 1577, 2609, 5613, 3527, 1687, 1399, 2192, 3172, 2515, 936, 2003, 2048, 1737, 2661, 4494, 1437, 3162, 2335, 1836, 2084, 1719, 3727, 1149, 1194, 1554, 4716, 3072, 1422, 3041, 1905, 2214, 2322, 3411, 2644, 5834, 3799, 2327, 3498, 2177, 2538, 1774, 2165, 1926, 2834, 2911, 3672, 3552, 3164, 2777, 10521, 4090, 1627, 2712, 4186, 1737, 3772, 2428, 2219, 3623, 3948, 1504, 2120, 3121, 2382, 919, 3617, 1583, 3462, 1620, 871, 2125, 1358, 1633, 3495, 3057, 1715, 2568, 2502, 1500, 1501, 4731, 2717, 3053, 544, 1413, 1131, 2899, 1311, 1285, 5155, 4159, 3196, 1593, 5463, 2013, 1524, 2437, 1881, 3536, 2176, 2836, 1144, 3550, 3820, 2241, 2353, 2461, 2202, 1564, 3823, 3895, 4615, 4607, 2460, 1230, 2534, 3110, 3139, 1822, 3339, 3409, 5255, 2176, 2342, 1164, 3589, 2497, 2243, 3479, 2171, 1644, 2251, 2559, 4025, 3770, 1578, 3022, 4482, 2007, 3691, 2628, 1864, 3449, 3933, 2433, 2385, 2508, 1957, 3178, 4723, 2229, 3065, 3309, 2663, 4527, 2599, 3597, 2107, 2622, 2291, 2073, 2535, 2505, 2321, 3993, 4256, 3412, 2853, 1408, 1101, 920, 2642, 2602, 7727, 1141, 1681, 1048, 6010, 3203, 1488, 2940, 2715, 4605, 3766, 2513, 1477, 6196, 923, 1682, 1007, 5308, 3659, 2053, 1378, 2771, 2552, 4293, 1959, 3263, 1867, 1633, 3563, 1697, 1083, 4317, 3035, 1955, 1912, 1888, 1787, 2866, 2230, 3227, 2143, 3656, 2234, 7194, 4210, 4434)
(6, 16): Mean: 2698.612, median: 2438.0, std: 1264.953, percent: 2718.86, B: 136, W: 114, 
	(3136, 3934, 1339, 2073, 2715, 1385, 1208, 1496, 1981, 3613, 3425, 2137, 1669, 3927, 1248, 2101, 2310, 4187, 3370, 1555, 1822, 2782, 2539, 2347, 732, 4305, 3634, 1087, 3645, 3145, 2293, 1617, 2539, 4958, 2754, 1549, 1389, 2044, 3078, 2226, 840, 1999, 2036, 1648, 2578, 5006, 1305, 3361, 2308, 1906, 2480, 1657, 3411, 1118, 1215, 1316, 3749, 2553, 1353, 3245, 2095, 2268, 2535, 2848, 2929, 4681, 3066, 2792, 3363, 2133, 2302, 1626, 1801, 2041, 2862, 3227, 3593, 3541, 3608, 2352, 8674, 3685, 1523, 2713, 4469, 1672, 3358, 2590, 1998, 3135, 4083, 1835, 2026, 3289, 2290, 963, 3014, 1835, 3699, 1597, 794, 2079, 1282, 1640, 3389, 3065, 1875, 2068, 2035, 1495, 1614, 4346, 3013, 2648, 545, 1525, 1110, 3134, 1496, 1399, 4415, 3698, 2570, 1656, 6503, 1858, 1616, 2501, 1566, 3377, 2272, 2528, 972, 3260, 4650, 2437, 2399, 2439, 1981, 1510, 4691, 4238, 4476, 4353, 2292, 1074, 3010, 3209, 3562, 1643, 3571, 3969, 4375, 2187, 2083, 976, 3546, 2302, 2257, 3291, 2505, 1583, 2319, 2279, 4004, 4542, 1343, 2165, 4140, 2271, 4075, 2742, 1810, 3843, 3988, 2535, 2218, 2439, 1887, 3372, 4733, 1966, 2992, 2527, 3188, 4338, 2652, 3727, 2209, 2379, 2320, 2257, 3166, 2625, 2259, 4100, 4158, 3847, 2788, 1269, 1090, 937, 2234, 2552, 7929, 1074, 1581, 931, 5824, 3156, 1372, 3148, 3276, 5212, 3585, 2716, 1388, 8345, 884, 1860, 1040, 5147, 3748, 2204, 1668, 2546, 2433, 4435, 2199, 3975, 1698, 1620, 3939, 1807, 1018, 4092, 3654, 2318, 1864, 2175, 1400, 3372, 2231, 3108, 2021, 2812, 2313, 6169, 3886, 4753)
(7, 17): Mean: 2692.86, median: 2459.0, std: 1248.383, percent: 2696.24, B: 129, W: 121, 
	(3299, 3356, 1440, 2104, 2593, 1376, 1214, 1668, 2250, 3502, 3361, 1618, 1858, 3826, 1277, 2231, 2200, 3303, 4119, 1510, 1890, 3112, 2892, 2160, 613, 3981, 2778, 1211, 3287, 4163, 2776, 1664, 2303, 5285, 3183, 1720, 1359, 1912, 3134, 2146, 859, 2029, 1989, 1620, 2906, 5155, 1577, 3166, 2042, 1656, 2592, 1696, 3433, 1265, 1133, 1545, 4415, 3246, 1408, 2786, 2253, 2261, 2206, 3414, 3243, 5180, 2774, 2297, 4049, 2218, 2764, 1583, 1802, 1989, 2861, 2652, 3806, 3510, 3318, 2277, 7071, 4381, 1731, 2635, 4182, 1657, 2959, 2242, 1920, 3201, 4824, 1411, 1952, 2991, 2090, 781, 3334, 1920, 3383, 1557, 673, 1989, 1139, 1829, 3075, 3366, 1735, 1872, 2428, 1580, 1510, 5285, 2914, 2444, 454, 1412, 1090, 3340, 1366, 1518, 4148, 4405, 2897, 1697, 4818, 1710, 1316, 2885, 1704, 3553, 2256, 2523, 997, 3471, 4716, 2249, 1895, 2754, 2186, 1443, 4524, 3838, 4160, 4104, 2438, 1163, 2791, 2641, 3119, 1924, 3143, 3232, 5645, 2254, 2076, 1164, 3536, 2545, 2098, 3599, 1740, 1671, 2206, 2446, 4406, 3638, 1400, 2244, 3784, 2527, 4181, 2671, 1641, 3387, 4035, 2317, 2181, 2763, 1895, 3297, 5035, 1950, 3169, 2558, 2927, 4708, 3344, 4044, 2340, 2944, 2511, 2491, 2549, 2741, 2068, 3296, 4313, 3597, 3174, 1315, 1011, 836, 2665, 2789, 7212, 1051, 1668, 976, 6289, 3375, 1334, 3079, 2655, 5145, 2983, 2357, 1566, 7843, 883, 1753, 1066, 5403, 4088, 2148, 1474, 2434, 2426, 5204, 1995, 4128, 1710, 1663, 3293, 1728, 976, 3527, 3331, 2313, 1673, 1975, 1660, 3126, 2241, 3309, 2198, 3206, 2472, 6801, 4867, 4299)
(8, 18): Mean: 2673.724, median: 2511.5, std: 1250.324, percent: 2635.42, B: 128, W: 121, 
	(3387, 3309, 1256, 1846, 2416, 1519, 1084, 1581, 2203, 3490, 3037, 2051, 1750, 4166, 1181, 1774, 2471, 3544, 3792, 1458, 2050, 2665, 2707, 2663, 780, 4514, 3161, 1089, 3719, 3427, 2647, 1757, 2557, 5295, 3441, 1508, 1378, 2000, 3337, 2077, 904, 2120, 1972, 1533, 2491, 4451, 1427, 3239, 2321, 1950, 2276, 1467, 3172, 1244, 1148, 1475, 3992, 2706, 1683, 2920, 1856, 2122, 2359, 2896, 2622, 4700, 2967, 2181, 3301, 2020, 2433, 1631, 1852, 2017, 2934, 2774, 3340, 3334, 3340, 2503, 8563, 4334, 1583, 2995, 4752, 1555, 3711, 2520, 1940, 2644, 4405, 1484, 2165, 3197, 2607, 629, 3344, 1806, 4239, 1868, 736, 2096, 1217, 1670, 3015, 3170, 1843, 2031, 2648, 1710, 1431, 4507, 2663, 2929, 460, 1396, 1192, 2957, 1392, 1543, 4244, 4071, 2702, 1500, 5116, 1931, 1650, 2584, 1928, 3421, 2236, 2775, 948, 3379, 4345, 2206, 2026, 2440, 2006, 1613, 4707, 3863, 3888, 3752, 2641, 1196, 2688, 2804, 3756, 1654, 3059, 3150, 5488, 2191, 2381, 1202, 3857, 2973, 2238, 3401, 2129, 1598, 2209, 2452, 3861, 3700, 1231, 2067, 3657, 2195, 3985, 3245, 1705, 3314, 4448, 2218, 2591, 2356, 2203, 3312, 4011, 1905, 2705, 3074, 2817, 4113, 2852, 4308, 2047, 2850, 2562, 2201, 2874, 2323, 1838, 4057, 3666, 3239, 2905, 1288, 937, 945, 2748, 2891, 8018, 1051, 1599, 1043, 5625, 3488, 1392, 3234, 2791, 5072, 3063, 2564, 1411, 8208, 806, 1794, 983, 4874, 4052, 2142, 1315, 2835, 2193, 3981, 2195, 3750, 1587, 1693, 3286, 1967, 952, 3560, 2894, 1860, 1728, 2308, 1514, 3049, 2060, 3322, 2330, 3378, 2474, 7377, 4971, 4293)
(9, 20): Mean: 2664.024, median: 2443.5, std: 1243.433, percent: 2645.34, B: 136, W: 114, 
	(2973, 3747, 1411, 1841, 2412, 1433, 1136, 1411, 2289, 3523, 3331, 2025, 1870, 3813, 1170, 1894, 2252, 3433, 3476, 1682, 1929, 2585, 2415, 2798, 906, 3787, 3317, 1065, 3100, 3293, 2867, 1600, 2669, 6191, 2926, 1634, 1421, 1826, 3038, 2593, 936, 2045, 1892, 1636, 2629, 5414, 1474, 2955, 2311, 1663, 2496, 1620, 3846, 1219, 1124, 1375, 3761, 2942, 1463, 2893, 1931, 2108, 2166, 3484, 2613, 4540, 3255, 2441, 3067, 2218, 2339, 1507, 1975, 2172, 2880, 2743, 4190, 3198, 3198, 2554, 9340, 3722, 1699, 2886, 4427, 1681, 3551, 2616, 1843, 2884, 4525, 1534, 1967, 3361, 2427, 817, 3414, 1701, 3932, 1636, 651, 2179, 1408, 1620, 3371, 3510, 1840, 2057, 2237, 1555, 1394, 4691, 2710, 2875, 431, 1725, 1054, 3044, 1296, 1387, 4303, 3934, 2671, 1754, 5619, 1864, 1354, 2320, 1369, 4051, 2192, 2564, 872, 3710, 4400, 2198, 2120, 2432, 1929, 1527, 5047, 3453, 3919, 4241, 2367, 1297, 2330, 2537, 3584, 1552, 2976, 3763, 4990, 2103, 2430, 1235, 3229, 3042, 2049, 3576, 2101, 1636, 2127, 2624, 3689, 3305, 1171, 2178, 3782, 2005, 3903, 2700, 1821, 3491, 4001, 2600, 2240, 2597, 1770, 3497, 3729, 1838, 2857, 2996, 3066, 4946, 2423, 3811, 1988, 2988, 2365, 2144, 2675, 2446, 2300, 3220, 4226, 3548, 2912, 1345, 939, 813, 2546, 2554, 6597, 1118, 1572, 1155, 5357, 2993, 1564, 3088, 2901, 4771, 3819, 2511, 1465, 7320, 857, 1652, 1052, 5130, 3808, 2161, 1327, 2987, 2514, 5065, 1994, 3796, 1994, 1499, 3764, 1792, 1005, 4018, 3302, 2120, 1709, 1806, 1632, 2861, 2151, 3235, 1901, 3365, 2396, 6905, 4516, 4292)
(10, 26): Mean: 2661.744, median: 2436.0, std: 1247.439, percent: 2591.68, B: 127, W: 122, 
	(3392, 3630, 1440, 1922, 2601, 1339, 1106, 1472, 2138, 4117, 3160, 2117, 1688, 4330, 1198, 1894, 2415, 3706, 3634, 1465, 2074, 2713, 2699, 2176, 744, 3916, 3084, 1078, 3689, 3240, 2439, 1461, 2441, 6306, 2640, 1757, 1297, 2316, 3114, 2253, 841, 2097, 2151, 1505, 2497, 5455, 1269, 3726, 2116, 1646, 2314, 1577, 3864, 1096, 1287, 1592, 3976, 2840, 1235, 2933, 1963, 1988, 2602, 3747, 2870, 4370, 3080, 2593, 3261, 2231, 2544, 1488, 1750, 2030, 2586, 2684, 3636, 3217, 3197, 2257, 8626, 3511, 1682, 2508, 3800, 1594, 3582, 2933, 2045, 2728, 4467, 1391, 1920, 3305, 2702, 894, 3258, 1811, 3054, 1837, 735, 2101, 1140, 1486, 3402, 3080, 1715, 2004, 2249, 1549, 1409, 4513, 2564, 3028, 466, 1400, 1092, 3013, 1426, 1206, 4573, 4113, 2819, 1532, 4637, 2092, 1573, 2372, 1562, 3346, 2375, 2392, 1144, 3598, 4168, 2200, 2203, 2420, 1986, 1571, 4247, 3582, 4377, 4116, 2433, 1414, 2676, 3088, 3367, 1831, 3370, 3193, 5211, 2354, 2338, 1141, 3740, 2690, 2134, 3192, 2148, 1462, 2666, 2702, 3939, 3708, 1213, 2072, 3600, 2034, 4773, 2848, 1655, 3191, 3611, 2345, 2111, 2654, 1736, 3867, 4713, 1807, 3049, 2817, 3201, 4020, 2772, 3657, 2341, 2369, 2347, 2530, 2902, 2304, 2349, 3182, 4234, 3456, 2805, 1354, 1011, 954, 2403, 2498, 7329, 1237, 1496, 1110, 5353, 3384, 1307, 2591, 3642, 4758, 3443, 2426, 1459, 7743, 960, 1654, 1005, 4401, 3601, 2050, 1478, 2815, 2564, 4304, 2084, 3624, 2001, 1624, 3476, 1582, 973, 4389, 3145, 2062, 2020, 2163, 1578, 2804, 2167, 3021, 2068, 3123, 2331, 8240, 4336, 4397)
(11, 27): Mean: 2662.36, median: 2456.5, std: 1208.307, percent: 2631.52, B: 126, W: 124, 
	(3309, 3447, 1304, 1773, 2472, 1298, 1359, 1490, 2109, 3916, 3107, 1868, 1858, 3636, 1205, 1977, 2419, 3293, 3753, 1524, 1952, 2752, 2507, 2649, 771, 3835, 3424, 1039, 3205, 3694, 2640, 1420, 2396, 5558, 3256, 1691, 1259, 1851, 3464, 2225, 803, 2119, 2076, 1616, 2895, 4933, 1330, 3287, 2244, 1871, 2416, 1547, 3686, 1286, 1245, 1360, 3852, 2834, 1298, 2809, 1892, 2261, 2239, 3502, 2970, 5065, 3383, 2561, 3401, 2416, 2375, 1422, 1986, 2258, 3420, 2702, 3774, 3758, 2898, 2271, 7496, 4203, 1589, 2885, 4023, 1617, 3775, 2485, 1890, 2921, 4251, 1613, 1808, 3130, 2361, 646, 3162, 1574, 3664, 1629, 840, 2004, 1238, 1879, 3305, 3294, 1657, 2137, 2256, 1668, 1460, 5242, 3005, 2782, 439, 1594, 1120, 3035, 1436, 1350, 4132, 3834, 2919, 1729, 5681, 2035, 1469, 2441, 1599, 3829, 2649, 2565, 1017, 3250, 4204, 2229, 2511, 2399, 1844, 1615, 4234, 3616, 3945, 4027, 2315, 1190, 2759, 3182, 3556, 1790, 3203, 3338, 5132, 2036, 2146, 1117, 3375, 2564, 2509, 3030, 1823, 1450, 2316, 2390, 3510, 3363, 1422, 2236, 4108, 2173, 3917, 2834, 1675, 3355, 4053, 2578, 2076, 2661, 1867, 3250, 3930, 1972, 2828, 2587, 3066, 4491, 2720, 3883, 2091, 2428, 2173, 2369, 2380, 2267, 2069, 3786, 4351, 3538, 2806, 1305, 1052, 829, 2817, 2739, 8099, 1200, 1742, 1054, 5709, 2803, 1468, 2826, 3101, 5095, 3465, 2514, 1587, 6941, 958, 1677, 1073, 4725, 3730, 2169, 1357, 2554, 2560, 4207, 2226, 3581, 1769, 1483, 4028, 1575, 1015, 4034, 2952, 1976, 1768, 2105, 2040, 3550, 2311, 3471, 1993, 3268, 2412, 6796, 4132, 4713)
(12, 28): Mean: 2638.192, median: 2424.5, std: 1183.797, percent: 2623.74, B: 143, W: 105, 
	(2998, 3426, 1440, 1745, 2425, 1238, 1200, 1488, 2031, 3210, 3079, 1819, 1838, 3987, 1292, 1931, 2640, 3908, 3730, 1371, 1855, 2676, 2488, 2406, 768, 4168, 3400, 1129, 3818, 3206, 2973, 1481, 2519, 6066, 3196, 1730, 1321, 2111, 3177, 2133, 923, 2080, 1921, 1648, 2318, 3952, 1344, 3567, 2424, 1768, 2083, 1493, 3018, 1150, 1056, 1412, 3940, 2646, 1536, 2975, 1963, 2004, 2586, 3307, 2647, 5148, 3053, 2318, 2881, 2125, 2709, 1561, 1948, 1859, 2988, 2973, 3801, 3583, 3493, 2322, 7926, 4086, 1664, 2995, 4746, 1541, 3401, 2212, 2112, 2735, 4624, 1324, 1808, 3522, 2185, 834, 3159, 1700, 3461, 1730, 717, 2043, 1201, 1586, 3106, 3139, 1867, 1941, 2375, 1579, 1524, 4979, 2811, 3381, 399, 1427, 1132, 2973, 1365, 1428, 4593, 4131, 2543, 1519, 5472, 1903, 1549, 2105, 1604, 3912, 2308, 2517, 1028, 3292, 4142, 2298, 2176, 2612, 1999, 1755, 4912, 3415, 3611, 3959, 2259, 1245, 2948, 3327, 3505, 1671, 3826, 3723, 4384, 2036, 2268, 1221, 3324, 2415, 2285, 3230, 2213, 1491, 2312, 2979, 3520, 4353, 1328, 2464, 3601, 2216, 3746, 3009, 1671, 3123, 4051, 2337, 2481, 2399, 1861, 3493, 4223, 2009, 2797, 2647, 2940, 3841, 2592, 4637, 2007, 2311, 2328, 2433, 2826, 2623, 2264, 3436, 3922, 3292, 2967, 1400, 939, 809, 2681, 2884, 7028, 1291, 1498, 1204, 5490, 3152, 1431, 2938, 2985, 4801, 3307, 2304, 1425, 6280, 979, 1711, 979, 4578, 3585, 2146, 1349, 2808, 2478, 4673, 1956, 3033, 1694, 1746, 3956, 1552, 1026, 4213, 3324, 1876, 1715, 2233, 1617, 3356, 2263, 2893, 1910, 2808, 2155, 6381, 3988, 4277)
(13, 34): Mean: 2650.364, median: 2366.0, std: 1265.369, percent: 2627.12, B: 127, W: 123, 
	(3776, 3233, 1298, 1949, 2504, 1416, 1317, 1688, 2114, 3581, 2982, 1820, 1927, 3623, 1232, 1902, 2279, 3503, 3744, 1574, 2023, 2820, 2359, 2128, 908, 4029, 2851, 1068, 3542, 3715, 2685, 1495, 2422, 6358, 3148, 1703, 1476, 1615, 3517, 2124, 875, 1956, 2010, 1676, 2451, 4189, 1415, 3113, 2259, 1971, 2274, 1595, 3539, 1310, 1208, 1676, 4358, 3389, 1553, 2852, 2268, 2163, 2269, 3416, 2635, 4680, 2835, 2291, 3350, 2191, 2524, 1550, 1778, 1933, 2928, 2838, 3608, 3804, 3363, 2260, 9017, 3537, 1659, 2855, 3979, 1708, 3366, 2717, 1790, 2655, 5064, 1623, 1852, 3232, 2339, 846, 3342, 1641, 3497, 1630, 825, 1992, 1077, 1619, 3138, 2925, 1795, 1903, 2163, 1567, 1366, 4986, 2722, 3026, 559, 1371, 1112, 3078, 1418, 1382, 4963, 3992, 2681, 1783, 5073, 1983, 1630, 2302, 1358, 3375, 2132, 2463, 1079, 3859, 4876, 2420, 2297, 2533, 1703, 1703, 4718, 3670, 3852, 4161, 2402, 1183, 2507, 2750, 3343, 1757, 2776, 3089, 4490, 2286, 2313, 1079, 3446, 2258, 2157, 3484, 1924, 1531, 2140, 2416, 3552, 4940, 1240, 1988, 3431, 2291, 3713, 2603, 1896, 3791, 4441, 2245, 2035, 2292, 1689, 3689, 3652, 2205, 3041, 2631, 2655, 3692, 2886, 4016, 2135, 2143, 2381, 2467, 2797, 2370, 2194, 4366, 4340, 3685, 2467, 1361, 970, 985, 2807, 2962, 8677, 1030, 1579, 984, 5761, 3080, 1494, 3011, 2675, 4474, 3215, 2674, 1496, 6979, 895, 1583, 950, 4474, 3563, 1939, 1402, 2416, 2239, 4736, 2013, 3467, 1884, 1582, 3938, 1793, 936, 3230, 3116, 1806, 1689, 2070, 1576, 2976, 2360, 3320, 1945, 3008, 2362, 7372, 5035, 4632)
(15, 46): Mean: 2656.268, median: 2459.5, std: 1233.091, percent: 2663.26, B: 127, W: 122, 
	(2935, 3477, 1396, 1874, 2447, 1345, 1226, 1539, 2055, 3768, 2974, 1973, 1857, 3334, 1188, 2112, 2337, 4275, 3189, 1539, 1960, 2796, 2784, 2351, 785, 4294, 2978, 1069, 3845, 3635, 2568, 1452, 2401, 5265, 3446, 1665, 1205, 1984, 3276, 2376, 976, 2212, 1876, 1515, 2519, 4661, 1391, 3224, 2094, 1850, 2599, 1563, 3570, 1113, 1165, 1412, 4050, 2952, 1275, 2652, 1999, 2076, 2387, 3533, 2452, 4404, 3213, 2555, 3360, 2127, 2351, 1598, 1672, 1884, 2651, 2606, 3411, 3554, 3025, 2453, 8389, 3595, 1576, 2719, 4162, 1569, 3835, 2659, 1871, 2735, 4670, 1541, 1879, 3534, 2509, 1173, 3582, 1759, 3629, 1774, 756, 2114, 1168, 1764, 3302, 3119, 1798, 1946, 2328, 1494, 1412, 5055, 2833, 2695, 542, 1390, 1222, 3183, 1319, 1300, 4279, 3909, 2600, 1458, 4932, 1801, 1588, 2357, 1623, 3812, 2072, 2506, 1074, 3211, 4758, 2390, 2352, 2521, 2084, 1685, 4621, 3637, 3425, 4305, 2557, 1083, 3168, 3146, 4058, 1796, 3460, 4070, 4236, 2112, 2522, 1068, 3692, 2590, 2132, 2984, 1718, 1616, 2190, 2616, 3642, 3755, 1263, 2532, 3938, 2015, 3733, 2706, 1718, 3344, 3835, 2178, 2320, 2284, 1797, 3830, 4398, 2012, 2859, 2592, 2668, 4441, 2730, 4057, 2127, 2572, 2273, 2299, 2466, 2202, 2148, 3486, 4605, 3123, 2911, 1483, 906, 820, 2512, 2451, 8528, 1467, 1584, 1202, 6007, 3117, 1467, 2850, 3068, 4474, 3139, 2835, 1568, 6797, 865, 1632, 943, 5347, 3865, 2207, 1296, 2802, 2285, 4224, 1857, 3578, 1966, 1598, 4096, 1581, 944, 4106, 3171, 2061, 1721, 2344, 1488, 3194, 2164, 3502, 2348, 2776, 2543, 7190, 4481, 4089)
(16, 50): Mean: 2640.412, median: 2408.0, std: 1201.823, percent: 2633.54, B: 131, W: 116, 
	(2766, 3879, 1396, 1826, 2299, 1428, 1170, 1529, 2107, 3465, 3055, 1791, 1732, 3651, 1131, 1879, 2684, 3761, 3468, 1647, 1946, 2799, 2625, 2417, 800, 3859, 3264, 1066, 3770, 4027, 2812, 1517, 2583, 5002, 3551, 1806, 1257, 2056, 3129, 2279, 906, 2128, 2196, 1714, 2889, 4859, 1252, 3638, 2069, 1930, 2212, 1649, 3510, 1151, 1140, 1435, 4213, 2610, 1514, 2755, 2230, 2121, 2543, 2949, 2733, 5293, 2938, 2349, 3454, 1896, 2696, 1651, 1800, 2348, 2845, 2700, 3863, 3360, 2972, 2371, 6614, 3532, 1592, 2715, 3902, 1633, 3736, 2437, 2307, 3244, 4393, 1691, 2370, 3334, 2523, 750, 3085, 1660, 3573, 1614, 806, 2067, 1265, 1701, 3182, 3059, 1794, 2097, 2401, 1493, 1453, 4937, 2890, 2619, 442, 1660, 1096, 3262, 1313, 1453, 4650, 4463, 3019, 1608, 4652, 1952, 1448, 2334, 1462, 3450, 2029, 2500, 931, 3139, 4808, 2197, 2088, 2482, 2126, 1620, 4908, 3529, 3492, 4017, 2506, 1173, 2922, 3184, 3600, 1731, 3071, 3474, 4903, 2226, 2209, 1068, 3581, 2362, 2292, 2993, 1985, 1344, 2227, 2421, 3896, 4122, 1347, 2124, 3995, 2170, 3840, 2800, 1619, 3308, 3816, 2415, 2398, 2302, 2003, 3543, 4237, 1885, 2447, 2529, 2504, 4529, 2860, 4028, 2265, 2221, 2228, 2284, 2486, 2202, 2106, 3536, 3604, 3277, 2789, 1319, 943, 932, 2740, 2370, 8571, 1302, 1534, 947, 6036, 3073, 1384, 2677, 2787, 5121, 2951, 2593, 1533, 7310, 846, 1734, 1036, 4989, 4311, 2009, 1195, 2739, 2368, 4194, 1888, 3691, 1894, 1625, 3854, 1677, 1002, 3406, 3120, 2080, 1703, 2133, 1540, 3080, 2168, 3299, 2027, 3664, 2352, 6444, 4024, 4191)
(17, 52): Mean: 2681.168, median: 2401.5, std: 1281.054, percent: 2679.56, B: 125, W: 124, 
	(3248, 3623, 1310, 1893, 2519, 1559, 1117, 1519, 2228, 3630, 2913, 1713, 1731, 4395, 1286, 1925, 2410, 3081, 3091, 1623, 1982, 2716, 2615, 2309, 679, 4176, 2920, 1016, 3969, 3776, 2777, 1510, 2556, 4950, 3477, 1675, 1235, 2069, 3791, 2325, 854, 2280, 1831, 1871, 2474, 4990, 1493, 3218, 2110, 1782, 1942, 1615, 3537, 1223, 1215, 1415, 4054, 2690, 1600, 2879, 2152, 1960, 2363, 2920, 2754, 5355, 3220, 2428, 3455, 2125, 2757, 1602, 1797, 2031, 2820, 2666, 4149, 3531, 3638, 2444, 8327, 4251, 1616, 3562, 4171, 1662, 3454, 2401, 2143, 3045, 3831, 1458, 1917, 4019, 2714, 790, 3452, 1681, 3741, 1727, 692, 2234, 1049, 1619, 3463, 3046, 1815, 2022, 2390, 1441, 1410, 5512, 3058, 2660, 446, 1413, 1015, 3173, 1465, 1367, 4415, 3304, 2844, 1517, 5448, 1848, 1467, 2192, 1690, 3460, 2024, 2318, 1004, 3406, 4843, 2257, 1919, 2398, 1937, 1585, 4867, 3287, 4514, 4512, 2366, 1203, 3051, 3088, 3867, 1761, 3817, 3772, 4214, 2398, 2359, 1138, 3652, 2431, 2137, 3914, 1972, 1523, 2226, 2375, 3751, 3977, 1253, 2259, 3342, 1879, 4137, 2360, 1771, 3694, 3890, 2495, 2328, 2754, 1787, 3436, 4193, 1793, 2658, 2481, 2711, 4285, 2512, 4028, 2122, 2164, 2147, 2272, 2756, 2402, 2118, 3015, 3930, 3382, 2764, 1167, 1076, 874, 2865, 2694, 8276, 1165, 1523, 980, 5750, 3001, 1298, 2924, 3181, 5470, 3078, 2427, 1530, 7668, 986, 1831, 936, 4948, 3805, 2148, 1369, 2868, 2805, 5267, 2268, 3174, 1736, 1550, 4293, 1786, 920, 4286, 3186, 2195, 1791, 2235, 1565, 3098, 2124, 3295, 2050, 3257, 2145, 7274, 5053, 4106)
(18, 54): Mean: 2679.984, median: 2477.0, std: 1253.779, percent: 2606.06, B: 131, W: 117, 
	(3297, 3605, 1232, 2151, 2475, 1357, 1152, 1503, 2063, 3232, 3342, 1739, 1914, 3645, 1142, 2024, 2239, 3192, 4098, 1514, 2004, 2724, 2479, 2601, 785, 3942, 3267, 969, 2915, 3608, 2918, 1450, 2390, 6145, 3464, 1595, 1356, 1876, 3356, 2058, 853, 1904, 1907, 1674, 2613, 4517, 1493, 3521, 2174, 1791, 2528, 1517, 3846, 1224, 1082, 1546, 4451, 2694, 1411, 3094, 2000, 2071, 2454, 2798, 2668, 5485, 3259, 2386, 3287, 2045, 2611, 1450, 1844, 1956, 3260, 2669, 3322, 3636, 3389, 2612, 7684, 4716, 1489, 3294, 4829, 1476, 3262, 2792, 2162, 2732, 4734, 1682, 2060, 3035, 2308, 897, 3330, 1875, 3433, 1708, 715, 2021, 1087, 1671, 3581, 2886, 1670, 2165, 2470, 1824, 1460, 5134, 2821, 3223, 396, 1334, 1142, 3022, 1349, 1365, 4387, 3107, 3124, 1572, 5520, 1817, 1382, 2372, 1426, 3519, 2434, 2402, 1099, 3346, 4481, 2470, 2146, 2328, 1863, 1473, 4410, 3078, 3918, 4360, 2641, 1084, 2693, 2958, 3554, 1734, 3705, 3324, 4513, 2155, 2042, 1135, 3573, 2713, 2666, 3421, 1839, 1576, 2069, 2535, 3735, 4055, 1407, 2197, 3662, 2189, 4070, 3002, 1834, 3537, 5002, 2334, 2282, 2690, 1859, 3885, 4310, 1780, 2813, 2638, 2869, 4548, 2754, 3878, 2028, 2295, 2281, 2277, 2748, 2402, 2207, 3970, 3868, 3380, 2749, 1470, 958, 913, 2696, 2568, 8293, 1174, 1728, 958, 5703, 3518, 1443, 3023, 3026, 6121, 3670, 2609, 1461, 6952, 905, 1973, 915, 5339, 3745, 2143, 1229, 2980, 2623, 4363, 1956, 3708, 1808, 1570, 4090, 1903, 1045, 4096, 2876, 1846, 1666, 1991, 1559, 3240, 2307, 2834, 2043, 3476, 2391, 6167, 4416, 4316)
(19, 56): Mean: 2645.376, median: 2379.5, std: 1233.415, percent: 2616.28, B: 131, W: 119, 
	(3180, 3633, 1410, 1985, 2648, 1384, 1206, 1434, 2041, 3396, 3306, 1944, 1810, 3821, 1157, 2168, 2336, 3280, 3129, 1461, 2015, 2708, 2264, 2572, 747, 4223, 3086, 1134, 3719, 3408, 2906, 1536, 2567, 5050, 3283, 1458, 1271, 2003, 3438, 2191, 862, 2081, 1914, 1630, 2276, 4061, 1368, 3212, 2202, 1677, 2214, 1614, 3262, 1287, 1157, 1270, 3784, 2824, 1458, 2605, 2252, 2084, 2303, 3286, 2857, 4436, 2853, 2382, 3090, 2114, 2581, 1464, 1878, 1857, 2910, 2720, 3660, 3703, 3232, 2530, 7833, 3905, 1498, 3318, 4717, 1690, 3574, 2459, 1751, 3147, 5541, 1592, 2112, 3124, 2338, 803, 3888, 1587, 3360, 1736, 745, 2165, 1127, 1547, 3676, 3185, 1829, 2006, 2169, 1948, 1475, 5795, 3340, 3145, 478, 1489, 1102, 3048, 1474, 1300, 4381, 4166, 2941, 1545, 5446, 1869, 1484, 2161, 1631, 3447, 2070, 2718, 921, 3462, 4099, 2197, 1862, 2707, 2024, 1567, 4897, 3270, 3826, 3834, 2549, 1252, 2772, 2916, 3590, 1585, 2953, 3569, 4530, 2029, 2090, 1126, 4073, 2344, 2129, 3351, 1766, 1548, 2396, 2708, 3445, 3963, 1159, 2072, 3748, 1954, 4086, 2804, 1712, 3707, 4042, 2257, 2283, 2545, 1926, 3394, 3754, 2184, 2556, 2835, 2792, 4279, 2588, 3799, 2122, 2184, 2005, 2180, 3122, 2323, 2083, 3115, 4009, 3190, 2705, 1511, 885, 838, 2518, 2463, 8463, 1309, 1531, 1035, 5458, 3247, 1537, 3477, 2666, 4929, 2930, 2588, 1618, 7224, 836, 1696, 872, 4965, 3790, 2377, 1359, 2588, 2371, 4983, 1958, 3701, 1740, 1639, 3622, 1719, 1089, 4482, 3444, 2141, 1700, 1818, 1530, 3146, 2173, 3218, 2202, 3362, 2022, 6545, 5105, 3927)
(20, 57): Mean: 2634.54, median: 2430.0, std: 1272.083, percent: 2583.9, B: 129, W: 121, 
	(3069, 3350, 1314, 1840, 2576, 1244, 1092, 1414, 2309, 3641, 2902, 1812, 1522, 3449, 1123, 1768, 2229, 3092, 3238, 1548, 1894, 2840, 2272, 2486, 813, 3829, 3061, 1077, 3202, 3349, 3217, 1503, 2561, 5238, 3098, 1622, 1290, 1907, 3265, 2031, 894, 1972, 1854, 1570, 2486, 4783, 1294, 3179, 2371, 1757, 2209, 1729, 3921, 1075, 1228, 1473, 3892, 2749, 1226, 2718, 1928, 2200, 2626, 3018, 2797, 4711, 2954, 2478, 3295, 2074, 2730, 1565, 1787, 1873, 3141, 2557, 3891, 3227, 2979, 2094, 7837, 3559, 1636, 2743, 3895, 1848, 3242, 2373, 1723, 2776, 5214, 1320, 1873, 3430, 2220, 851, 3639, 1786, 3083, 1747, 704, 2058, 1110, 1719, 3504, 2776, 1836, 2048, 2423, 1569, 1621, 5277, 2889, 2948, 419, 1542, 1084, 2728, 1366, 1456, 4199, 3608, 2437, 1571, 5051, 1888, 1518, 2397, 1632, 3478, 2412, 2552, 1007, 3559, 4119, 2198, 1878, 2567, 1785, 1755, 4319, 3288, 4108, 4130, 2382, 1337, 2522, 2918, 3529, 1807, 3496, 3255, 5214, 2214, 2022, 1152, 3395, 2470, 2109, 3232, 2004, 1515, 2399, 2458, 3713, 3619, 1178, 2563, 4916, 2170, 3791, 2872, 1739, 3133, 4384, 2382, 2151, 2221, 1895, 3729, 3699, 2116, 2519, 2516, 2578, 3912, 2934, 4001, 2075, 2524, 2337, 2319, 3031, 2528, 2191, 3512, 4077, 3284, 2986, 1278, 1023, 1038, 2344, 2657, 7604, 1183, 1690, 1031, 6111, 3429, 1316, 2984, 2963, 4848, 2972, 2869, 1608, 9341, 901, 1584, 896, 5392, 3708, 2129, 1398, 2912, 2341, 4835, 1992, 3966, 1688, 1459, 3796, 1407, 917, 4012, 2822, 2010, 1749, 1942, 1604, 3418, 2148, 2981, 2296, 3485, 2162, 8129, 4168, 4354)
(21, 60): Mean: 2638.176, median: 2421.0, std: 1210.148, percent: 2663.9, B: 126, W: 123, 
	(3417, 3219, 1324, 1884, 2558, 1326, 1124, 1514, 1983, 3622, 3530, 1884, 2026, 3826, 1075, 1673, 2446, 3247, 3380, 1470, 1876, 2615, 2571, 2093, 767, 3888, 2881, 1062, 4054, 4048, 2792, 1488, 2303, 5641, 3377, 1741, 1272, 2034, 3363, 2031, 848, 2014, 1824, 1463, 2359, 4265, 1351, 2965, 2253, 1724, 2372, 1616, 3314, 1102, 1142, 1370, 3474, 2718, 1340, 2661, 2004, 2210, 2358, 3150, 2920, 4875, 3199, 2291, 3248, 2411, 2355, 1465, 1876, 2007, 2609, 2412, 4040, 3723, 3346, 2529, 6567, 4200, 1666, 3072, 4476, 1662, 3853, 2489, 2293, 2836, 5211, 1441, 1733, 3253, 2544, 908, 4115, 1768, 3361, 1712, 695, 1960, 1165, 1503, 3541, 3072, 1708, 1977, 2430, 1720, 1518, 4808, 3193, 2544, 432, 1368, 1129, 3203, 1301, 1514, 4521, 4412, 2831, 1578, 4617, 1710, 1312, 2837, 1495, 3890, 2341, 2840, 1009, 3393, 3957, 2331, 2079, 2316, 1776, 1768, 4621, 3414, 4161, 3801, 2274, 1222, 2639, 3073, 3121, 1756, 3205, 3154, 5670, 2144, 2032, 1131, 3506, 2447, 2293, 3464, 1792, 1453, 2300, 2512, 4205, 4978, 1236, 2319, 3680, 1993, 3928, 2586, 1492, 3103, 3937, 2526, 2104, 2500, 1643, 3682, 4018, 2101, 3031, 2783, 2716, 4470, 2357, 3894, 2172, 2452, 2144, 2704, 3179, 2477, 2016, 3253, 4510, 3653, 3036, 1396, 939, 796, 2238, 2804, 6805, 1066, 1684, 986, 5588, 3137, 1384, 2816, 2940, 4798, 3354, 2524, 1407, 6920, 892, 1606, 945, 4280, 4029, 2031, 1437, 2800, 2325, 5167, 2082, 3630, 1774, 1620, 3730, 1592, 936, 3928, 3054, 2154, 1756, 1660, 1641, 3282, 2216, 2771, 2303, 3240, 2094, 7154, 4959, 4229)
(22, 61): Mean: 2647.42, median: 2418.5, std: 1284.508, percent: 2635.58, B: 128, W: 122, 
	(2922, 3366, 1240, 1937, 2673, 1227, 1281, 1331, 2106, 3851, 3180, 1809, 1823, 3540, 1198, 1804, 2262, 3584, 3723, 1641, 1828, 2671, 2625, 2133, 888, 4268, 3442, 917, 3303, 3999, 2798, 1464, 2175, 5840, 3042, 1561, 1406, 1883, 3502, 1922, 811, 2025, 1915, 1605, 2441, 4072, 1300, 2905, 1975, 1660, 2282, 1550, 3507, 1178, 1145, 1365, 4113, 3007, 1354, 2543, 2079, 2273, 2534, 3402, 2982, 4293, 3139, 2383, 3425, 2368, 2454, 1507, 1968, 2368, 2939, 2335, 4382, 3707, 3228, 2461, 9156, 4064, 1560, 2836, 4268, 1749, 3542, 2204, 1798, 3152, 3769, 1494, 2167, 3329, 2209, 701, 3771, 1792, 3634, 1826, 828, 1858, 1322, 1587, 3946, 2951, 1756, 2154, 2336, 1509, 1462, 4603, 2755, 2578, 462, 1333, 1097, 3102, 1340, 1282, 4090, 3616, 2549, 1503, 5500, 2024, 1852, 2431, 1642, 3277, 2152, 2505, 966, 3266, 4012, 2140, 2151, 2445, 1992, 1550, 5290, 3437, 3791, 4027, 2293, 1240, 2601, 3551, 3683, 1651, 3693, 3642, 4672, 2322, 2340, 1133, 3459, 2496, 2113, 3153, 2031, 1638, 2118, 2406, 3860, 3795, 1149, 2031, 3235, 2267, 3980, 2652, 1606, 3729, 4315, 2332, 2108, 2438, 1761, 3764, 3968, 1816, 2967, 2645, 2638, 4520, 2734, 3948, 2103, 2573, 2110, 2581, 2975, 2777, 2235, 3615, 4045, 3525, 2981, 1335, 978, 834, 2495, 2714, 9075, 1212, 1512, 990, 5716, 3385, 1349, 3194, 2936, 4647, 2770, 2445, 1561, 8367, 808, 1680, 894, 4837, 3875, 2049, 1359, 2578, 2184, 4004, 1957, 3284, 1629, 1541, 3700, 1717, 921, 3720, 3574, 2117, 1688, 1851, 1635, 3446, 2140, 3205, 2077, 3172, 2299, 6797, 4317, 4637)
(23, 62): Mean: 2624.456, median: 2408.0, std: 1204.561, percent: 2560.94, B: 130, W: 119, 
	(3260, 3624, 1332, 1788, 2402, 1227, 1239, 1439, 2170, 3843, 3659, 1865, 1767, 3837, 1302, 1901, 2398, 3599, 3555, 1572, 1836, 2957, 2477, 2305, 863, 3806, 3545, 1133, 3587, 3212, 2905, 1663, 2443, 5165, 2935, 1551, 1262, 2119, 3424, 2247, 883, 1939, 1883, 1391, 2823, 4699, 1344, 4067, 2288, 1670, 2179, 1580, 2996, 1217, 1148, 1302, 3535, 2850, 1396, 2670, 2068, 1969, 2387, 2936, 2845, 4839, 3053, 2344, 2884, 2349, 2144, 1447, 1808, 1993, 2923, 2626, 3844, 3541, 3449, 2408, 7975, 3618, 1669, 2637, 4465, 1722, 3718, 2886, 2223, 2999, 3964, 1442, 1928, 3381, 2288, 796, 3418, 1695, 3761, 1870, 772, 2084, 1153, 1678, 3350, 2773, 1746, 2002, 2242, 1543, 1427, 4630, 2951, 2624, 501, 1597, 1122, 3148, 1373, 1298, 4335, 3880, 2493, 1643, 4985, 1710, 1338, 2485, 1534, 3268, 2409, 2672, 921, 3360, 4750, 2489, 2149, 2236, 1977, 1541, 5140, 3455, 3554, 3698, 2194, 1288, 3031, 3201, 3485, 1852, 3163, 3202, 4823, 1940, 2200, 1155, 3458, 2619, 2065, 3381, 2091, 1478, 2408, 2468, 3794, 3985, 1330, 2204, 3706, 2121, 4100, 2900, 1720, 3062, 3469, 2579, 2043, 2284, 2162, 3591, 4007, 1709, 3141, 2716, 2865, 4415, 2714, 4048, 2138, 2509, 2219, 2467, 2826, 2489, 1948, 3472, 3409, 3473, 2948, 1325, 1011, 979, 2403, 2610, 8210, 1065, 1628, 1029, 5407, 3066, 1320, 2947, 2657, 5243, 3026, 2394, 1495, 7395, 904, 1633, 896, 4831, 3520, 2055, 1511, 2731, 2384, 4703, 1980, 3396, 1589, 1624, 4223, 1689, 917, 3827, 3367, 1954, 1680, 1899, 1645, 3376, 2183, 3076, 2015, 3227, 2145, 6382, 3960, 4095)
(25, 70): Mean: 2624.916, median: 2412.0, std: 1199.462, percent: 2585.08, B: 128, W: 122, 
	(3099, 3577, 1337, 1904, 2409, 1263, 1277, 1403, 2032, 3248, 3500, 1927, 1834, 3786, 1307, 1919, 2205, 3426, 3472, 1830, 1868, 2794, 2578, 2245, 809, 4202, 3205, 1011, 3648, 3805, 3229, 1391, 2333, 5839, 3325, 1706, 1374, 1881, 2904, 2051, 872, 2012, 2066, 1670, 2606, 4751, 1458, 2919, 2097, 1943, 2552, 1589, 3864, 1180, 1226, 1416, 3555, 2746, 1350, 3087, 1921, 2051, 2563, 3743, 2860, 4662, 2970, 2463, 3415, 2416, 2373, 1522, 1886, 2216, 2792, 2408, 3669, 3338, 2950, 2334, 8015, 3919, 1818, 2574, 4180, 1661, 3057, 2338, 1823, 2593, 4138, 1479, 1949, 3328, 2669, 816, 3518, 1661, 3643, 1747, 748, 2155, 1110, 1634, 3633, 2954, 1678, 1947, 2194, 1541, 1365, 4909, 2857, 2852, 442, 1548, 1211, 3018, 1422, 1572, 3778, 3982, 2951, 1637, 4984, 1893, 1505, 2368, 1461, 3888, 2478, 2884, 892, 3265, 4326, 2328, 2056, 2496, 2078, 1415, 4330, 3266, 3593, 4396, 2348, 1143, 2767, 2929, 3539, 1841, 3381, 3872, 4662, 2410, 2307, 1256, 3394, 2543, 2264, 3692, 1665, 1456, 2078, 2323, 3710, 3832, 1214, 2110, 3990, 2447, 4349, 2922, 1890, 3211, 3553, 2421, 2187, 2310, 1657, 3418, 3699, 1878, 2736, 2637, 2767, 3632, 2407, 3323, 2160, 2536, 2647, 2336, 2844, 2364, 1975, 3452, 3852, 3630, 3408, 1432, 971, 913, 2631, 2414, 8490, 1217, 1734, 995, 5310, 2957, 1403, 2703, 2843, 4277, 2789, 2562, 1477, 7276, 944, 1485, 931, 4788, 3399, 2169, 1591, 2534, 2353, 5176, 1993, 3842, 1769, 1563, 4326, 1629, 988, 3685, 3030, 1956, 1633, 1797, 1739, 3159, 2044, 3414, 1943, 3291, 2115, 6280, 4606, 3859)
(27, 78): Mean: 2627.336, median: 2410.0, std: 1203.527, percent: 2611.52, B: 132, W: 117, 
	(3123, 3745, 1318, 1925, 3128, 1266, 1114, 1400, 2157, 3220, 3089, 1808, 1672, 3550, 1113, 1943, 2286, 3752, 3305, 1673, 1990, 2913, 2877, 3031, 843, 4561, 2794, 1198, 3022, 3458, 2810, 1489, 2227, 5615, 3416, 1795, 1395, 1712, 3269, 2059, 800, 1906, 2009, 1508, 2536, 4423, 1252, 3284, 2191, 1563, 2476, 1555, 3502, 1283, 1218, 1402, 3752, 2875, 1329, 2857, 2211, 2196, 2246, 3423, 2834, 4547, 3201, 2016, 3459, 1924, 2272, 1691, 1928, 2071, 2761, 2478, 4520, 3219, 3433, 2641, 7425, 4035, 1621, 2769, 4592, 1630, 3528, 2300, 1719, 2958, 4111, 1578, 1820, 3946, 2190, 759, 3479, 1573, 2996, 1801, 644, 1912, 1192, 1709, 3164, 3306, 1843, 1896, 2341, 1783, 1417, 4876, 2910, 3236, 466, 1392, 1084, 3104, 1352, 1302, 4107, 3899, 2518, 1559, 5195, 1989, 1563, 2373, 1669, 3857, 2078, 2595, 933, 2907, 5088, 2451, 2050, 2379, 1804, 1655, 4722, 3179, 4161, 3649, 2329, 1104, 2619, 2983, 3520, 1704, 3249, 3348, 4474, 2235, 1953, 1300, 3687, 2540, 2101, 3356, 1836, 1530, 2036, 2974, 4090, 3299, 1148, 2184, 4022, 1944, 3961, 3206, 1559, 2990, 3742, 2657, 2088, 2663, 1917, 3439, 3545, 2174, 3463, 3110, 2476, 4023, 2407, 4486, 2119, 2065, 2138, 2271, 2755, 2460, 2413, 3690, 3564, 3027, 2942, 1357, 932, 909, 2762, 2817, 8446, 1029, 1549, 961, 5141, 3453, 1441, 3268, 2978, 5695, 3577, 2335, 1456, 6450, 795, 1609, 936, 4817, 4138, 1955, 1354, 2753, 2617, 4251, 2117, 3459, 1614, 1730, 3731, 1567, 959, 3791, 3173, 1867, 1831, 1868, 1743, 3060, 2192, 3077, 2038, 3378, 2246, 6244, 4283, 4178)
(28, 81): Mean: 2624.156, median: 2404.5, std: 1216.375, percent: 2673.12, B: 125, W: 124, 
	(3227, 2915, 1401, 2036, 2729, 1457, 1253, 1334, 2108, 3496, 3057, 1821, 1669, 3421, 1039, 1808, 2224, 3894, 3323, 1484, 1978, 2705, 2575, 2402, 781, 3960, 3050, 1020, 3698, 3224, 2565, 1522, 2563, 5496, 3125, 1575, 1181, 1838, 3483, 2224, 727, 2138, 1910, 1576, 2407, 4198, 1168, 3555, 2155, 1800, 2124, 1584, 3184, 1168, 1218, 1234, 3952, 2544, 1347, 2828, 1971, 1939, 2622, 3132, 2556, 4464, 3398, 2254, 3895, 2038, 2225, 1577, 1841, 1973, 2889, 2694, 4112, 3336, 3372, 2413, 8080, 3804, 1650, 2690, 4298, 1673, 3979, 2418, 1678, 3192, 4543, 1477, 1779, 3591, 2423, 876, 3224, 1682, 3423, 1727, 724, 2078, 1075, 1660, 2921, 2736, 1961, 1965, 2286, 1606, 1560, 4761, 2790, 2528, 427, 1551, 1015, 3028, 1570, 1436, 4258, 3915, 2515, 1649, 4695, 1948, 1254, 2300, 1557, 4032, 2306, 2531, 995, 3187, 5318, 2057, 2079, 2487, 2145, 1753, 4885, 3499, 4299, 3928, 2346, 1278, 2753, 2871, 3608, 1842, 3191, 3016, 4839, 2244, 2130, 1187, 3295, 2469, 2256, 3455, 1877, 1523, 2240, 2273, 3959, 3524, 1300, 2172, 3878, 2222, 3999, 2489, 1791, 2912, 4094, 2274, 1967, 2574, 2017, 3247, 4034, 2001, 2881, 2659, 2973, 4825, 2801, 3574, 2101, 2886, 2160, 2340, 2548, 2765, 2346, 3641, 3971, 2990, 3105, 1255, 949, 853, 2463, 2974, 7536, 1170, 1664, 1004, 5822, 3254, 1416, 3394, 2796, 4961, 3266, 2401, 1480, 7823, 971, 1633, 959, 4640, 3989, 2191, 1388, 2497, 2286, 4670, 2109, 3940, 1993, 1606, 3813, 1495, 1009, 4125, 3274, 2031, 1834, 2039, 1604, 2897, 2106, 3096, 2048, 3168, 2207, 6473, 3567, 4531)
(29, 82): Mean: 2622.936, median: 2431.5, std: 1245.062, percent: 2590.28, B: 130, W: 120, 
	(3164, 3259, 1193, 1882, 2733, 1368, 1219, 1484, 1960, 3663, 3103, 1887, 1622, 4149, 1213, 1825, 2282, 3666, 3400, 1608, 1912, 2376, 2453, 1928, 782, 3714, 2556, 1109, 3304, 3587, 2682, 1460, 2510, 5116, 3423, 1804, 1304, 2232, 3190, 1878, 961, 1888, 1878, 1570, 2390, 4239, 1410, 3008, 2229, 1843, 2577, 1480, 3896, 1250, 1085, 1370, 3967, 2864, 1300, 2395, 1966, 1998, 2482, 3075, 2582, 4323, 2892, 2053, 3793, 2146, 2494, 1464, 1747, 1898, 3015, 2499, 4157, 3419, 3291, 2400, 8629, 4301, 1562, 2481, 4169, 1574, 3487, 2705, 1988, 2831, 4222, 1386, 1992, 3371, 2911, 897, 2929, 1661, 3885, 1737, 780, 1987, 1073, 1628, 3197, 3114, 1779, 2268, 2135, 1648, 1468, 4884, 2837, 2878, 590, 1507, 1048, 3162, 1423, 1368, 4380, 4080, 2870, 1465, 5134, 1837, 1373, 2363, 1613, 3351, 2072, 2867, 988, 3211, 3635, 2329, 2392, 2455, 1919, 1629, 5287, 3328, 3694, 3360, 2653, 1075, 2622, 3120, 3935, 1753, 3284, 3278, 4957, 2220, 2219, 1107, 3565, 2346, 2032, 2974, 2009, 1602, 2120, 2591, 3805, 2977, 1506, 2509, 3906, 2167, 6600, 2724, 1625, 3374, 4797, 2633, 2199, 2347, 1920, 2984, 4295, 1969, 2713, 2600, 2822, 5065, 2368, 3808, 2171, 2171, 1828, 2557, 2410, 2479, 1925, 3924, 3640, 3288, 2670, 1299, 1031, 882, 2529, 2620, 7983, 1271, 1584, 998, 5505, 2745, 1383, 2922, 2723, 5571, 3546, 2464, 1614, 6706, 917, 1679, 913, 4510, 3673, 2061, 1369, 2551, 2458, 4388, 2021, 2950, 1566, 1743, 3984, 1698, 882, 3956, 3200, 2017, 1788, 1907, 1781, 2866, 2043, 3143, 2215, 3313, 2294, 7313, 4025, 4478)
(30, 83): Mean: 2577.352, median: 2377.0, std: 1197.65, percent: 2564.92, B: 142, W: 107, 
	(2954, 3090, 1269, 2052, 2436, 1357, 1110, 1423, 1914, 3379, 3495, 1887, 1670, 3789, 1161, 1994, 2436, 3571, 3903, 1419, 1786, 2772, 2348, 2331, 756, 3778, 2835, 1148, 3582, 3873, 2403, 1444, 2295, 5723, 3208, 1512, 1280, 1945, 3041, 2123, 771, 1985, 1622, 1522, 2120, 4697, 1316, 3142, 1961, 1638, 2112, 1593, 3503, 1092, 1094, 1382, 3622, 2707, 1394, 2489, 1993, 2000, 2319, 2755, 2839, 4757, 2890, 2457, 3135, 2012, 2473, 1460, 1828, 1808, 2862, 2585, 3443, 3678, 3446, 2373, 7489, 4257, 1523, 2494, 4316, 1648, 3450, 2427, 2164, 3191, 4504, 1365, 1909, 3103, 2396, 807, 2866, 1657, 3513, 1601, 887, 1926, 1111, 1766, 3476, 2770, 1587, 2092, 2156, 1697, 1440, 4497, 2873, 3137, 431, 1541, 1148, 3165, 1390, 1331, 4420, 4013, 3263, 1528, 5308, 2034, 1410, 2347, 1527, 3340, 2381, 2527, 999, 3468, 4396, 2028, 2193, 2482, 1903, 1442, 4835, 3379, 4179, 3370, 2501, 1096, 2729, 2858, 3335, 1642, 2902, 2731, 4013, 2137, 1913, 1036, 3751, 2419, 2242, 3241, 1904, 1495, 2158, 2282, 3729, 3808, 1288, 2526, 4237, 2005, 3626, 2223, 1568, 3248, 3921, 2163, 2241, 2507, 2000, 2929, 3913, 1965, 3127, 2660, 2601, 3539, 2681, 4111, 2115, 2560, 2107, 2438, 2471, 2272, 2026, 3611, 5009, 4003, 2794, 1352, 952, 840, 2293, 2355, 7755, 1088, 1611, 847, 5962, 2916, 1328, 3048, 2776, 4289, 3033, 2625, 1470, 6684, 941, 1795, 867, 5180, 3486, 1797, 1303, 2719, 2430, 4192, 1820, 3876, 1596, 1680, 3782, 1543, 864, 4248, 2944, 2329, 1618, 1898, 1468, 3059, 2271, 3198, 1946, 2992, 2284, 6250, 4724, 4367)
(32, 91): Mean: 2536.48, median: 2310.0, std: 1156.938, percent: 2506.4, B: 136, W: 113, 
	(3036, 3439, 1408, 2046, 2324, 1375, 1116, 1449, 1866, 3074, 2853, 1773, 1769, 3387, 1145, 1868, 2537, 3730, 4166, 1551, 2013, 2351, 2511, 2258, 797, 3980, 2739, 1169, 2800, 3391, 2360, 1523, 2358, 5948, 3021, 1631, 1408, 1827, 3171, 2098, 703, 1974, 1932, 1513, 2323, 3593, 1164, 3501, 2139, 1969, 2079, 1580, 3657, 1141, 1258, 1351, 3622, 2863, 1341, 2743, 1679, 1998, 2524, 3301, 2867, 4175, 2957, 1976, 3149, 2058, 2351, 1428, 1868, 1815, 3158, 2519, 3507, 3579, 3119, 2191, 7183, 3567, 1771, 2736, 4397, 1573, 3715, 2223, 2053, 2707, 4456, 1387, 1844, 3112, 2331, 626, 3354, 1634, 3381, 1445, 781, 1842, 1015, 1528, 3291, 2607, 1559, 1915, 2180, 1470, 1396, 4254, 2681, 2356, 460, 1438, 1067, 3245, 1425, 1341, 4132, 3538, 3213, 1457, 4815, 1861, 1285, 2200, 1483, 3519, 2055, 2513, 860, 3368, 4124, 2008, 2201, 2304, 2105, 1518, 4395, 3135, 3912, 4218, 2198, 1125, 3142, 3300, 3488, 1628, 3316, 2795, 4664, 2188, 2068, 1104, 3167, 2358, 2121, 3500, 1882, 1522, 2316, 2542, 3371, 4124, 1354, 2068, 3622, 2217, 3724, 2257, 1691, 2991, 4392, 2145, 1999, 2453, 1848, 3794, 3713, 1968, 3059, 2644, 2587, 4135, 2404, 4571, 2083, 2120, 1911, 2169, 2372, 2215, 2216, 3574, 3785, 3187, 2807, 1329, 1011, 788, 2593, 2562, 6335, 1199, 1495, 878, 6416, 3097, 1406, 2829, 2591, 4678, 3164, 2487, 1438, 6742, 843, 1555, 995, 4936, 3731, 1962, 1306, 2639, 2403, 3263, 1906, 3351, 1625, 1826, 3505, 1420, 883, 3825, 3066, 1976, 1790, 2052, 1708, 3160, 2135, 3118, 1875, 3120, 2058, 6380, 5530, 3650)
(33, 93): Mean: 2545.78, median: 2305.5, std: 1236.595, percent: 2521.3, B: 128, W: 121, 
	(2922, 3374, 1315, 2002, 2566, 1353, 1280, 1185, 1948, 3224, 3005, 1657, 1583, 3969, 1215, 1861, 2552, 3601, 3603, 1430, 1808, 2590, 2573, 2411, 726, 3677, 2796, 1014, 3833, 3814, 2731, 1589, 2365, 4800, 2827, 1698, 1153, 1765, 2821, 2250, 731, 2154, 1629, 1506, 2299, 4166, 1192, 3193, 2171, 1723, 2055, 1612, 4565, 1259, 1161, 1278, 3873, 2828, 1324, 2662, 1993, 2105, 2358, 2689, 2837, 4506, 2822, 2076, 3334, 1876, 2084, 1566, 1614, 1962, 2704, 2907, 3222, 2778, 3615, 2153, 7897, 3703, 1502, 2990, 4145, 1686, 4030, 2713, 1638, 2648, 4806, 1325, 1987, 3523, 2480, 750, 2810, 1509, 3710, 1574, 759, 2193, 1083, 1545, 2900, 3034, 1677, 1917, 2150, 1415, 1409, 4646, 2994, 2650, 429, 1369, 982, 2806, 1405, 1117, 3538, 3254, 2980, 1551, 5374, 2041, 1389, 2156, 1530, 3566, 1985, 2747, 960, 3210, 3875, 2178, 2128, 2319, 1979, 1466, 5026, 3558, 4352, 3850, 2250, 1047, 2703, 2952, 3398, 1681, 2889, 3008, 4385, 1974, 2054, 1130, 3528, 2204, 2141, 2953, 1791, 1462, 2024, 2390, 3404, 3706, 1183, 2254, 3699, 2106, 3598, 2504, 1636, 3050, 4011, 2168, 2073, 2405, 2176, 3017, 3866, 1808, 2917, 2729, 2518, 3910, 2396, 3615, 1987, 2260, 2246, 2072, 2590, 2312, 1911, 3877, 3557, 3604, 2746, 1301, 926, 846, 2593, 2874, 9267, 1159, 1481, 892, 5873, 3069, 1265, 3195, 2826, 5006, 3078, 2451, 1528, 7257, 796, 1663, 933, 4905, 3580, 1992, 1321, 2800, 2096, 3634, 1698, 3187, 1555, 1524, 4384, 1442, 975, 4003, 3150, 1994, 1652, 1881, 1499, 3263, 2188, 2931, 1920, 2770, 2185, 7260, 3870, 4246)
(34, 99): Mean: 2524.244, median: 2269.5, std: 1180.504, percent: 2523.84, B: 128, W: 122, 
	(2801, 3462, 1294, 1963, 2311, 1236, 1152, 1387, 1942, 3201, 3300, 1564, 1682, 3721, 919, 1807, 2285, 3533, 3398, 1416, 1864, 2774, 2436, 2295, 755, 3670, 2727, 1006, 3069, 3649, 2350, 1404, 2218, 6105, 2836, 1529, 1215, 1904, 3577, 2159, 785, 2123, 1782, 1616, 2314, 3937, 1189, 2953, 1969, 2048, 2420, 1679, 3696, 1156, 1108, 1383, 3660, 2889, 1290, 2633, 1760, 2153, 2488, 3119, 2721, 4106, 3187, 2184, 3533, 1934, 2108, 1621, 1638, 1694, 2718, 2515, 3656, 3218, 3102, 2202, 6458, 3118, 1433, 3223, 5056, 1490, 3258, 2364, 2156, 2901, 4131, 1390, 1866, 3120, 2185, 733, 3435, 1918, 3371, 1554, 664, 1965, 1048, 1616, 3129, 3035, 1574, 1970, 2139, 1423, 1371, 4599, 2607, 2694, 425, 1355, 1013, 3267, 1346, 1369, 3715, 4102, 2657, 1513, 5258, 2156, 1459, 2145, 1542, 3515, 2052, 2554, 875, 3448, 4364, 2138, 1794, 2108, 1821, 1478, 3964, 3495, 3980, 3823, 2041, 1220, 2693, 2857, 3215, 1688, 3199, 3060, 4588, 2194, 2098, 1252, 3244, 2522, 2128, 3288, 1828, 1475, 2167, 2468, 3482, 3754, 1289, 2259, 4059, 1989, 4138, 2166, 1598, 3111, 3630, 2286, 2082, 2268, 1691, 3307, 4137, 1936, 2977, 2952, 2662, 4013, 2574, 3770, 2204, 2271, 2021, 2407, 2680, 2417, 2119, 3397, 3963, 3629, 2562, 1270, 1092, 939, 2184, 2448, 8884, 1196, 1389, 851, 5285, 3013, 1419, 2737, 2626, 4702, 3119, 2316, 1505, 6761, 934, 1571, 947, 4789, 3514, 1803, 1450, 3075, 2109, 4537, 1789, 3107, 1595, 1529, 4038, 1449, 889, 3769, 3030, 2009, 1771, 1749, 1368, 2706, 2256, 2704, 1896, 2933, 2256, 6319, 3949, 4532)
(36, 106): Mean: 2530.5, median: 2328.0, std: 1148.051, percent: 2513.88, B: 127, W: 123, 
	(3044, 3395, 1299, 1796, 2325, 1274, 1297, 1354, 2096, 3328, 3065, 1934, 1573, 4024, 1242, 1889, 2372, 3134, 3776, 1660, 1707, 2407, 2580, 2196, 735, 3599, 2976, 1053, 3495, 3350, 2655, 1352, 2033, 4936, 2819, 1506, 1118, 2123, 3643, 2082, 719, 2010, 1716, 1534, 2390, 3918, 1275, 3263, 2022, 1818, 2136, 1550, 3315, 1260, 1235, 1345, 4027, 2812, 1475, 2733, 1787, 1888, 2391, 3536, 2522, 4403, 3267, 2251, 2997, 2121, 2407, 1578, 1724, 1880, 2761, 2506, 3522, 3010, 2947, 2180, 7990, 3637, 1489, 2977, 4033, 1565, 2955, 2432, 1738, 2857, 3765, 1471, 2112, 3236, 2209, 702, 3522, 1914, 3397, 1627, 777, 1873, 1052, 1597, 3160, 3238, 1729, 1940, 1996, 1564, 1411, 4499, 3478, 2819, 457, 1671, 1053, 2844, 1352, 1294, 3495, 3745, 2671, 1511, 4806, 1828, 1421, 2578, 1504, 3041, 2303, 2729, 987, 3563, 4146, 2165, 2297, 2530, 1889, 1635, 4898, 3426, 3915, 4743, 2271, 1286, 2643, 3340, 3758, 1571, 2780, 2992, 4355, 2272, 2251, 1220, 3470, 2630, 2099, 3456, 1779, 1466, 1987, 2331, 3314, 3325, 1184, 2235, 3781, 2251, 3551, 2206, 1608, 2770, 3760, 2175, 2454, 2694, 1998, 3267, 3654, 1902, 3086, 3087, 2720, 4263, 2677, 3516, 2166, 2096, 1961, 2165, 2556, 2349, 1979, 3719, 3954, 3159, 2732, 1286, 960, 858, 2637, 2709, 7938, 1194, 1494, 901, 5227, 3157, 1474, 2396, 2665, 3723, 3064, 2739, 1451, 7311, 811, 1795, 919, 4364, 3480, 2142, 1375, 2385, 2051, 4158, 1920, 4029, 1621, 1512, 3625, 1607, 1001, 3649, 2855, 1834, 1723, 1796, 1532, 2854, 1993, 3152, 1874, 2918, 2236, 5846, 4282, 4100)
(37, 109): Mean: 2552.36, median: 2373.5, std: 1222.154, percent: 2511.78, B: 128, W: 120, 
	(3242, 2922, 1217, 1892, 2397, 1241, 1121, 1359, 1996, 3195, 3423, 1777, 1666, 3975, 969, 1778, 2637, 3175, 3633, 1462, 1792, 2448, 2235, 2196, 701, 3975, 2955, 947, 3507, 3174, 2597, 1517, 2451, 4861, 2552, 1534, 1242, 1851, 3151, 2327, 808, 2035, 1757, 1694, 2279, 3819, 1245, 3061, 2418, 1644, 2346, 1426, 3450, 1224, 1204, 1335, 3719, 2679, 1267, 2582, 2096, 2103, 2111, 2973, 2980, 4220, 3108, 2429, 3065, 1987, 2181, 1708, 1856, 2012, 2655, 2407, 3268, 3843, 3381, 2310, 8246, 3538, 1504, 2685, 4603, 1434, 3681, 2635, 2276, 3073, 4296, 1541, 1915, 3106, 2439, 826, 3078, 1688, 3283, 1527, 601, 1999, 1044, 1630, 3271, 3082, 1805, 2262, 2103, 1739, 1439, 5340, 2757, 2490, 449, 1473, 1065, 3296, 1276, 1312, 3871, 2940, 2336, 1617, 4790, 2101, 1422, 2331, 1535, 3339, 2247, 2700, 977, 3261, 4273, 2057, 2058, 2350, 1919, 1495, 4200, 3172, 3807, 3907, 2435, 1311, 2635, 2963, 3257, 1769, 2865, 3045, 4267, 1956, 2273, 1040, 3000, 2540, 2031, 3005, 1674, 1399, 2019, 2400, 3274, 4166, 1079, 2238, 4229, 2106, 3724, 2525, 1477, 3319, 4230, 2250, 2159, 2465, 1565, 3049, 4110, 1722, 2703, 3312, 2746, 3729, 2587, 3215, 2114, 1930, 2209, 2575, 2591, 2120, 2453, 3440, 4709, 3551, 2999, 1555, 1022, 819, 2637, 2621, 9527, 1137, 1556, 965, 6093, 3156, 1446, 2854, 2820, 4478, 3671, 2825, 1445, 5921, 909, 1614, 891, 4406, 4086, 2023, 1299, 2516, 1965, 4682, 1679, 3767, 1536, 1603, 3457, 1472, 1025, 4378, 3061, 1771, 1698, 1870, 1546, 3065, 2091, 3026, 1969, 3404, 2059, 7365, 4048, 4420)
(38, 111): Mean: 2546.076, median: 2382.0, std: 1171.132, percent: 2514.42, B: 128, W: 121, 
	(2962, 3946, 1294, 1697, 2348, 1364, 1092, 1359, 2029, 3881, 3393, 1611, 1592, 3667, 1265, 1904, 2449, 3499, 3175, 1565, 1989, 2474, 2507, 2129, 748, 4426, 3276, 1114, 3153, 3728, 2585, 1596, 2384, 5056, 2697, 1766, 1124, 2105, 2859, 2056, 774, 2031, 1727, 1472, 2299, 4169, 1224, 2770, 2052, 2051, 2296, 1596, 3483, 1107, 1183, 1394, 3629, 3107, 1334, 2716, 1983, 2001, 2339, 3422, 2798, 4147, 3205, 2420, 3348, 1875, 2446, 1626, 1768, 2003, 2643, 2913, 3527, 3505, 3163, 2630, 8958, 3393, 1500, 2682, 4480, 1571, 3376, 2261, 1731, 2584, 4649, 1645, 1894, 3157, 2418, 754, 2862, 1553, 3407, 1672, 813, 2255, 1150, 1595, 3183, 2980, 1785, 2204, 2275, 1693, 1626, 4599, 2893, 2870, 451, 1326, 1047, 2743, 1307, 1259, 3888, 4018, 2700, 1498, 4925, 2042, 1535, 2458, 1630, 2978, 1997, 3202, 992, 3066, 4582, 1878, 1886, 2264, 1764, 1397, 4846, 3328, 3812, 3389, 2816, 1246, 2929, 2664, 3479, 1734, 3078, 3130, 4060, 2220, 2094, 1066, 3142, 2622, 2109, 3511, 1785, 1446, 2069, 2574, 3622, 4067, 1182, 2492, 3863, 2053, 3856, 2459, 1448, 3006, 4141, 2258, 2225, 2356, 1956, 3209, 4156, 1947, 2868, 3048, 2634, 3607, 2111, 3636, 2009, 2266, 1909, 2380, 2540, 2606, 2380, 3179, 4007, 3751, 2792, 1315, 877, 863, 2694, 2508, 7405, 1032, 1567, 912, 5484, 3234, 1373, 3167, 3122, 4616, 2812, 2485, 1374, 6467, 864, 1621, 825, 4930, 3579, 1833, 1233, 2421, 2280, 3881, 1900, 3199, 1649, 1446, 3542, 1514, 864, 3603, 3155, 1966, 1705, 1833, 1367, 3224, 2123, 3078, 1719, 3133, 2066, 5805, 3919, 4426)
(39, 112): Mean: 2514.636, median: 2304.5, std: 1180.225, percent: 2449.68, B: 131, W: 118, 
	(3041, 3061, 1228, 1872, 2311, 1317, 1295, 1333, 2091, 2981, 3229, 1508, 1658, 3475, 1011, 1755, 2435, 3332, 2823, 1501, 1938, 2834, 2299, 2197, 688, 3470, 2968, 1031, 3425, 3377, 2310, 1430, 2454, 4866, 2908, 1617, 1215, 1812, 3306, 2117, 825, 2077, 1968, 1501, 2408, 4222, 1229, 2725, 2029, 1612, 2337, 1536, 3229, 1124, 1183, 1278, 4313, 2621, 1333, 2507, 1724, 1925, 2331, 2744, 2912, 4504, 2877, 2279, 3118, 1977, 2275, 1447, 1774, 1951, 3018, 2585, 3688, 3233, 2944, 2655, 6663, 3418, 1356, 3067, 4616, 1447, 3569, 2284, 1773, 3824, 3999, 1368, 1915, 3295, 2194, 835, 3183, 1486, 3350, 1504, 670, 1968, 1177, 1605, 3217, 3138, 1713, 2063, 1939, 1348, 1404, 4122, 3053, 2687, 410, 1434, 1077, 2767, 1369, 1335, 4080, 3834, 2574, 1657, 5061, 2050, 1697, 2111, 1388, 3215, 1947, 2372, 925, 3196, 3944, 2292, 2093, 2436, 1792, 1457, 4751, 2749, 3642, 3298, 2408, 1096, 2949, 3049, 3375, 1624, 3100, 3050, 5132, 2165, 1995, 1110, 2751, 2581, 1762, 3014, 1763, 1457, 2238, 2357, 3024, 3949, 1174, 2318, 4722, 2090, 3689, 2483, 1611, 3389, 3632, 2290, 2261, 2243, 1802, 2750, 3667, 2014, 2605, 2927, 2579, 4263, 2308, 3516, 2301, 2130, 1921, 2206, 2481, 3046, 2000, 3224, 4220, 3279, 2819, 1390, 909, 826, 2631, 2500, 7701, 1198, 1592, 1029, 6250, 2894, 1515, 2779, 2568, 5767, 2648, 2186, 1394, 7216, 835, 1769, 950, 5026, 3670, 2100, 1421, 2500, 1964, 4551, 1903, 3892, 1682, 1599, 3934, 1461, 1033, 3586, 2940, 2153, 1619, 1740, 1492, 2956, 2154, 2639, 1901, 3126, 2270, 7274, 4009, 3868)
(41, 121): Mean: 2508.344, median: 2301.0, std: 1165.956, percent: 2504.78, B: 126, W: 124, 
	(3037, 3011, 1323, 1847, 2277, 1215, 1141, 1428, 2181, 3138, 3579, 1805, 1707, 3329, 1139, 1728, 2294, 3623, 3378, 1481, 1842, 2567, 2634, 2056, 718, 3922, 2631, 1021, 3135, 3150, 2524, 1617, 2301, 5269, 2559, 1412, 1242, 1970, 3022, 2029, 763, 2212, 1760, 1546, 2155, 4379, 1278, 2679, 2107, 1802, 2223, 1577, 3488, 1229, 1089, 1309, 3236, 2714, 1462, 2581, 1906, 2187, 2301, 2784, 2456, 3954, 2887, 2248, 2956, 1846, 2379, 1605, 1824, 1794, 2610, 2328, 3143, 3230, 3337, 2475, 7788, 3925, 1515, 2862, 3749, 1488, 3141, 2447, 2119, 2667, 4272, 1395, 1776, 2498, 2627, 644, 2939, 1660, 3230, 1361, 628, 1900, 1248, 1486, 3164, 2681, 1712, 1898, 2183, 1394, 1423, 4863, 2780, 2473, 487, 1453, 1042, 2961, 1333, 1440, 3517, 4059, 2975, 1517, 4987, 1995, 1383, 2172, 1565, 4157, 2162, 2631, 907, 3570, 4092, 2356, 1966, 2292, 1880, 1303, 3883, 3369, 4054, 4589, 2359, 1264, 3040, 2618, 3357, 1635, 2753, 2846, 4648, 2328, 1882, 1111, 3004, 2724, 1743, 3264, 1708, 1454, 2084, 2967, 2976, 3553, 954, 2315, 3903, 2144, 4047, 2271, 1782, 3005, 3832, 2234, 2247, 2577, 1849, 2966, 3813, 1822, 2565, 3098, 2475, 4197, 2226, 3448, 2197, 2447, 1830, 2069, 2517, 2286, 2193, 3227, 4032, 3771, 2864, 1499, 944, 950, 2618, 2371, 8131, 996, 1618, 906, 5553, 3599, 1477, 3078, 2587, 4650, 3632, 2311, 1503, 7364, 986, 1618, 865, 4364, 3494, 2149, 1259, 2252, 2177, 4532, 1904, 3773, 1589, 1609, 3223, 1659, 960, 3882, 3031, 2190, 1658, 1954, 1532, 2876, 2140, 3360, 2101, 2926, 2417, 6461, 3720, 3963)
(42, 127): Mean: 2508.86, median: 2375.0, std: 1145.974, percent: 2478.76, B: 127, W: 121, 
	(2981, 3308, 1278, 1933, 2517, 1352, 1089, 1263, 1960, 3504, 3408, 1542, 1759, 3801, 1136, 1796, 2138, 3061, 3175, 1388, 1975, 2698, 2553, 2243, 657, 4046, 2810, 996, 2798, 3562, 2704, 1361, 2387, 5190, 2526, 1601, 1338, 1953, 3092, 1933, 765, 2063, 1754, 1546, 2330, 3674, 1164, 3382, 1972, 1899, 2414, 1456, 3117, 1167, 1063, 1329, 3622, 2779, 1247, 2572, 2001, 2058, 2276, 3086, 2685, 4197, 3119, 2142, 3294, 2286, 2372, 1454, 1697, 1854, 2804, 2768, 3351, 2988, 2998, 2400, 7640, 4009, 1756, 2939, 3427, 1602, 3137, 2336, 1833, 2984, 4522, 1614, 2126, 3183, 2378, 774, 3151, 1752, 3229, 1468, 719, 1818, 1222, 1718, 3315, 2650, 1988, 1779, 1898, 1424, 1518, 5164, 2721, 2637, 406, 1323, 1013, 2692, 1182, 1310, 4156, 4150, 2732, 1646, 5016, 1911, 1585, 2602, 1515, 2920, 2080, 2432, 898, 3170, 4230, 2173, 2143, 2184, 1872, 1469, 4021, 3231, 3679, 4717, 2327, 1057, 2402, 2842, 3610, 1747, 2796, 2775, 4531, 2136, 2122, 1101, 3042, 2713, 1994, 3508, 1864, 1493, 2054, 2651, 3380, 3843, 1238, 2129, 3037, 1772, 3779, 2185, 1570, 3062, 3598, 2394, 2265, 2603, 1766, 2902, 4095, 2052, 2843, 2898, 3011, 3538, 2856, 3701, 2499, 2493, 2083, 2301, 2594, 2506, 2273, 3629, 3921, 3482, 2764, 1342, 1019, 867, 2583, 2444, 6562, 1175, 1601, 1008, 6648, 3024, 1428, 2655, 2577, 5452, 2937, 2256, 1447, 6981, 829, 1620, 968, 4212, 3752, 1868, 1327, 2512, 1926, 3918, 1889, 2974, 1481, 1483, 3013, 1504, 1082, 4018, 3068, 2007, 1699, 2027, 1532, 2887, 2120, 2685, 1929, 3104, 2083, 6376, 4249, 4394)
(43, 129): Mean: 2519.676, median: 2315.5, std: 1162.371, percent: 2469.9, B: 127, W: 123, 
	(2898, 3474, 1205, 1821, 2493, 1252, 1079, 1359, 2065, 3114, 3291, 1950, 1607, 3722, 1143, 1780, 2485, 3069, 3703, 1488, 1751, 2627, 2339, 2229, 583, 4461, 2878, 1045, 3233, 3541, 2611, 1398, 2230, 5238, 2796, 1547, 1189, 2033, 2979, 2063, 720, 2056, 1963, 1352, 2243, 4221, 1107, 2913, 2208, 1746, 2214, 1615, 3301, 1186, 1284, 1460, 3487, 2788, 1333, 2756, 1874, 2079, 2392, 3177, 2814, 4259, 2990, 2070, 3720, 2166, 2289, 1373, 1927, 1891, 2669, 2621, 3462, 3386, 3301, 2623, 6434, 4255, 1365, 2805, 4124, 1575, 3094, 2625, 1910, 2862, 3847, 1610, 1845, 3414, 2944, 768, 3118, 1688, 3618, 1583, 648, 1953, 1219, 1612, 2946, 2999, 1701, 2055, 2103, 1771, 1455, 4387, 2993, 2465, 378, 1312, 978, 3116, 1424, 1363, 3831, 3367, 2847, 1738, 5352, 1928, 1564, 2459, 1496, 3428, 2258, 2878, 886, 3846, 4328, 2147, 1975, 2372, 1818, 1398, 4269, 2684, 3865, 4059, 2398, 1145, 2438, 2693, 3290, 1546, 2928, 2972, 4454, 2153, 2096, 1082, 3248, 2697, 1865, 3177, 1891, 1503, 2016, 2360, 3570, 3420, 1027, 2136, 3363, 1968, 4034, 2343, 1645, 3291, 3980, 2359, 1915, 2665, 1761, 3104, 4694, 1853, 2931, 2784, 2853, 3580, 2292, 3529, 2056, 2255, 2201, 2158, 2179, 2651, 2117, 3383, 4040, 4184, 2663, 1311, 858, 924, 2483, 2274, 7923, 1042, 1374, 1007, 5495, 2848, 1365, 2747, 2716, 4943, 3091, 2367, 1367, 6299, 878, 1706, 972, 4450, 3713, 1939, 1220, 2613, 2086, 3825, 1664, 3592, 1657, 1507, 3088, 1507, 1079, 3676, 3263, 2012, 1697, 1741, 1337, 3131, 2079, 2856, 1955, 3329, 1927, 7781, 4337, 3972)
(44, 131): Mean: 2533.308, median: 2318.0, std: 1187.006, percent: 2483.74, B: 129, W: 120, 
	(3362, 3268, 1149, 1888, 2271, 1287, 1108, 1293, 1882, 2828, 3155, 1702, 1671, 4095, 937, 1887, 2374, 3288, 3673, 1406, 1781, 3042, 2734, 2084, 746, 4458, 2691, 1190, 3991, 3999, 2533, 1588, 2226, 5218, 2741, 1662, 1336, 1822, 3198, 2039, 743, 2189, 1765, 1378, 2775, 4323, 1228, 3380, 2161, 1645, 2400, 1531, 3465, 1130, 1185, 1416, 4066, 2739, 1333, 2689, 1757, 1971, 2332, 3001, 2401, 4204, 2770, 2130, 3624, 2111, 2165, 1512, 1575, 1713, 3286, 2734, 3582, 3422, 3277, 2508, 6625, 3554, 1524, 2899, 3734, 1511, 3205, 2198, 1798, 2742, 4012, 1377, 2015, 2771, 2370, 626, 2950, 1831, 3439, 1475, 588, 1901, 1117, 1548, 2881, 3202, 1748, 2093, 2102, 1625, 1437, 4674, 2982, 2317, 432, 1441, 1028, 3184, 1294, 1275, 4041, 3278, 2741, 1489, 5544, 1753, 1327, 2648, 1470, 3220, 2147, 2488, 979, 3502, 4653, 1834, 2166, 2389, 1747, 1454, 5064, 2970, 3655, 3670, 2114, 1128, 2527, 2924, 3061, 1798, 3184, 2894, 4314, 2128, 2090, 1207, 3242, 2496, 1951, 2851, 1946, 1441, 2363, 2123, 3379, 3879, 1263, 2349, 3377, 1965, 3849, 2409, 1679, 3099, 3741, 2208, 2187, 3009, 1940, 3153, 4568, 1825, 2795, 2745, 2391, 3530, 2281, 3614, 1955, 2450, 1805, 2267, 2487, 2319, 2011, 3442, 4128, 3747, 3045, 1390, 1103, 837, 2536, 2276, 8781, 1265, 1386, 1006, 5275, 2898, 1331, 2845, 2571, 5514, 2789, 2281, 1511, 6647, 896, 1606, 985, 5230, 3512, 2252, 1366, 2569, 1862, 4407, 2010, 3458, 1726, 1884, 3377, 1449, 949, 3708, 3318, 2050, 1688, 1881, 1568, 3300, 2319, 3285, 2066, 3528, 2093, 6361, 4449, 4287)
(45, 134): Mean: 2519.14, median: 2323.0, std: 1188.441, percent: 2491.38, B: 130, W: 120, 
	(2681, 3578, 1163, 2071, 2436, 1318, 1116, 1281, 1989, 3464, 3463, 1570, 1688, 3503, 1077, 1766, 2391, 3246, 3539, 1447, 1998, 2407, 2757, 2049, 758, 3666, 2620, 1000, 3810, 3760, 2824, 1488, 1966, 5054, 2557, 1594, 1273, 1948, 3109, 2137, 768, 2252, 1908, 1407, 2409, 4084, 1120, 3395, 2406, 1867, 2465, 1500, 3858, 1174, 1155, 1385, 3856, 3079, 1325, 2547, 1767, 2056, 2418, 3425, 2459, 4853, 2542, 2482, 2912, 2073, 2320, 1577, 1713, 1834, 3113, 2552, 3327, 3080, 3249, 2212, 6465, 4083, 1752, 3058, 4243, 1489, 3199, 2348, 2099, 2592, 4241, 1614, 1803, 3117, 2369, 749, 3135, 1793, 3167, 1328, 720, 1925, 1110, 1613, 3074, 2982, 1927, 1841, 1805, 1414, 1439, 4644, 2658, 2326, 413, 1412, 1079, 2908, 1305, 1256, 3615, 3981, 2452, 1523, 4858, 1756, 1344, 2284, 1544, 2995, 2153, 2341, 912, 3357, 4269, 2205, 2053, 2187, 1781, 1461, 5188, 3002, 3895, 3458, 2108, 1123, 2419, 2925, 3537, 1714, 3070, 3450, 4245, 2165, 2022, 1060, 3547, 2235, 2189, 3425, 1965, 1450, 2102, 2292, 3350, 4408, 1241, 2149, 3657, 2105, 3964, 2196, 1434, 3304, 3991, 2036, 1966, 2995, 1695, 3150, 3780, 1892, 2788, 2829, 2934, 3732, 2526, 3298, 2203, 1991, 1915, 2392, 2389, 2142, 1842, 3612, 3706, 3703, 2584, 1413, 859, 968, 2649, 2488, 8723, 1161, 1649, 1008, 6354, 3003, 1459, 2797, 2686, 4723, 3269, 2329, 1381, 6744, 767, 1443, 918, 4857, 3502, 1927, 1352, 2754, 2352, 4434, 1808, 3446, 1632, 1513, 3263, 1597, 912, 3844, 2988, 2127, 1686, 1921, 1743, 2762, 2077, 2624, 1914, 3182, 1985, 7280, 3850, 4125)
(46, 137): Mean: 2515.216, median: 2304.5, std: 1180.374, percent: 2535.98, B: 126, W: 124, 
	(3370, 3282, 1200, 1991, 2241, 1331, 1144, 1481, 1913, 3349, 3408, 1617, 1545, 3908, 1081, 1684, 2565, 3169, 3486, 1438, 1924, 2714, 2509, 2202, 785, 4410, 2527, 1004, 3327, 4244, 2377, 1552, 2247, 5580, 2925, 1988, 1330, 1887, 3384, 1938, 695, 2107, 1812, 1437, 2320, 3387, 1240, 2809, 1951, 1697, 2140, 1525, 3735, 1239, 1209, 1529, 4051, 2792, 1225, 2420, 1915, 1970, 2355, 2618, 2387, 4361, 2681, 2254, 4297, 1758, 1985, 1547, 1676, 1843, 2746, 2404, 3732, 3038, 3015, 2291, 6998, 3772, 1407, 2933, 4228, 1510, 3661, 2419, 2085, 2846, 4363, 1725, 2080, 2903, 2201, 789, 2996, 1805, 3318, 1467, 644, 1936, 1144, 1608, 3124, 2598, 1652, 1806, 2038, 1514, 1554, 4304, 2776, 2508, 445, 1301, 1035, 2994, 1293, 1316, 4213, 3347, 2663, 1415, 5490, 2221, 1352, 2452, 1535, 3179, 2020, 2539, 830, 3490, 4288, 2158, 2107, 2423, 1950, 1558, 4612, 2913, 4244, 3236, 2191, 1036, 2590, 2881, 3633, 1720, 3455, 3200, 4037, 2248, 2036, 1076, 3343, 2389, 2052, 2808, 1948, 1407, 2166, 2229, 3530, 3998, 1183, 2060, 3888, 2183, 3708, 2227, 1812, 2861, 3283, 2406, 2190, 2408, 1748, 3640, 4216, 1988, 2631, 3113, 2752, 4346, 2416, 3563, 1959, 2396, 2079, 2499, 2370, 2338, 1939, 3386, 3695, 3475, 2566, 1236, 1049, 925, 2399, 2431, 7389, 908, 1534, 849, 4868, 3268, 1359, 3080, 2669, 4389, 2723, 2318, 1424, 6891, 894, 1593, 971, 4257, 3870, 1986, 1330, 2641, 2216, 4560, 1866, 3746, 1717, 1646, 3220, 1588, 928, 3695, 2803, 1968, 1598, 1766, 1538, 2551, 2202, 3269, 1768, 2755, 2142, 8152, 4741, 4240)
(47, 139): Mean: 2506.608, median: 2324.5, std: 1158.477, percent: 2465.48, B: 130, W: 119, 
	(2705, 3447, 1237, 1832, 2130, 1289, 1049, 1324, 2272, 2679, 3258, 1617, 1744, 3709, 1080, 1908, 2406, 2810, 4032, 1484, 1994, 2388, 2475, 2416, 641, 4433, 2616, 939, 3020, 3541, 2330, 1440, 2239, 5346, 2926, 1487, 1156, 1855, 2912, 2095, 690, 2080, 1902, 1442, 2501, 4018, 1270, 3102, 1991, 1549, 1985, 1588, 3141, 1168, 1138, 1320, 3659, 2818, 1207, 2876, 1886, 1930, 2176, 3265, 2534, 4270, 2957, 2442, 3894, 2083, 2448, 1476, 1987, 1833, 2499, 2691, 3630, 2818, 2849, 2078, 6977, 3792, 1475, 2551, 3467, 1622, 3294, 2669, 1614, 3284, 4059, 1533, 2091, 3291, 2629, 780, 2934, 1639, 3771, 1372, 772, 2069, 1136, 1693, 3487, 3030, 1698, 1929, 2119, 1308, 1401, 4571, 2662, 2534, 430, 1262, 1183, 3230, 1249, 1280, 3973, 3675, 2568, 1515, 5520, 1915, 1360, 2454, 1513, 3136, 2097, 2750, 1018, 3347, 4757, 1987, 2144, 2271, 1781, 1504, 4689, 3143, 3625, 4089, 2319, 1224, 2421, 2834, 3637, 1794, 2933, 2993, 4847, 2251, 2229, 1081, 3298, 2024, 1981, 3245, 1840, 1705, 1892, 2561, 3402, 4299, 1122, 2246, 3736, 1914, 3379, 2450, 1747, 3310, 3714, 2186, 2173, 2757, 1811, 3128, 4606, 1783, 2855, 2673, 2666, 3148, 2112, 4048, 2165, 2181, 2210, 2129, 2332, 2353, 1957, 3106, 4283, 3262, 2730, 1332, 863, 881, 2961, 2566, 6894, 1039, 1446, 903, 5434, 2798, 1245, 3122, 2981, 4493, 2792, 2337, 1374, 6618, 865, 1626, 847, 4772, 3411, 2173, 1320, 2429, 2364, 3938, 1742, 3527, 1692, 1673, 3710, 1645, 948, 3771, 2895, 1952, 1614, 1655, 1377, 3320, 2109, 2788, 2126, 3017, 2145, 7194, 4397, 4279)
(48, 144): Mean: 2499.056, median: 2289.5, std: 1172.708, percent: 2436.34, B: 126, W: 122, 
	(3152, 3207, 1085, 1712, 2300, 1214, 1477, 1233, 1906, 3263, 3123, 1610, 1678, 3437, 1037, 2008, 2065, 2928, 3516, 1277, 2010, 2540, 2478, 2162, 739, 5091, 3336, 1054, 3179, 3357, 2661, 1440, 2421, 5346, 2658, 1583, 1239, 1813, 3109, 2004, 789, 2019, 1794, 1570, 2637, 4319, 1321, 3036, 2468, 1736, 2280, 1486, 3221, 1256, 1080, 1295, 3857, 2798, 1277, 2614, 1911, 2076, 2329, 2883, 2525, 4758, 3038, 2494, 3451, 2060, 2080, 1574, 1844, 1991, 3125, 2340, 3996, 2967, 3164, 2046, 7871, 3475, 1418, 2815, 3400, 1530, 3353, 2145, 1984, 3028, 4143, 1374, 1989, 2839, 2533, 646, 3687, 1778, 3306, 1467, 656, 1825, 1150, 1684, 3365, 3242, 1711, 1752, 2132, 1509, 1405, 4553, 2860, 2553, 409, 1408, 1026, 2942, 1276, 1299, 3864, 3096, 3054, 1518, 4673, 1946, 1220, 2431, 1579, 3019, 2165, 2200, 1032, 3927, 4166, 2088, 1884, 1970, 1879, 1463, 3973, 3174, 4077, 3844, 2124, 1138, 2461, 2715, 3450, 1596, 3008, 3373, 4343, 2187, 2105, 1092, 2901, 2543, 1882, 2769, 1814, 1552, 2058, 2702, 3135, 4119, 1093, 2172, 3606, 2020, 3766, 2388, 1650, 3019, 3679, 2166, 2037, 2294, 1644, 2899, 3157, 2086, 3156, 2857, 2347, 3488, 2285, 3532, 2154, 2281, 2152, 2489, 2529, 2060, 1918, 3018, 5004, 3578, 2888, 1423, 913, 1004, 2475, 2331, 7749, 1207, 1508, 1009, 5732, 3223, 1315, 2556, 2728, 4692, 3190, 2469, 1456, 7263, 863, 1660, 958, 4263, 3500, 1791, 1243, 2418, 2180, 4387, 1839, 3804, 1417, 1646, 3957, 1508, 859, 3178, 3333, 2319, 1625, 1772, 1416, 2640, 1859, 3188, 1843, 3029, 2078, 6349, 4287, 4100)
(49, 145): Mean: 2477.74, median: 2282.5, std: 1135.536, percent: 2451.66, B: 130, W: 119, 
	(2754, 3874, 1258, 1694, 2141, 1249, 1081, 1199, 2026, 3027, 3185, 1803, 1724, 3644, 957, 1856, 2177, 3463, 3739, 1302, 1801, 2531, 2511, 2193, 668, 3951, 3030, 967, 3092, 3968, 2452, 1339, 2256, 5935, 2883, 1714, 1179, 1725, 2652, 2403, 782, 1829, 1707, 1376, 2127, 4104, 1225, 3447, 2137, 1932, 2041, 1408, 3238, 1247, 1237, 1285, 3396, 2517, 1254, 2889, 1883, 1926, 2402, 2888, 2640, 4395, 2598, 2079, 3266, 1829, 2321, 1629, 1585, 1762, 2790, 2675, 3292, 3022, 2952, 2293, 6909, 3705, 1572, 2518, 4176, 1381, 2878, 2189, 1762, 2795, 4227, 1405, 1764, 2717, 2257, 814, 2655, 1544, 3532, 1654, 733, 1995, 1222, 1685, 3123, 2681, 1738, 1979, 2080, 1483, 1405, 5309, 3211, 2339, 457, 1267, 1093, 3167, 1394, 1319, 3863, 3505, 2812, 1566, 4525, 1813, 1265, 2223, 1576, 3210, 2057, 2435, 948, 3161, 4462, 1959, 2011, 2164, 1984, 1411, 4641, 3024, 4138, 4049, 2530, 1127, 2793, 2818, 3439, 1679, 3083, 3360, 4864, 2083, 2110, 1079, 3244, 2292, 2073, 3181, 1599, 1624, 2274, 2396, 3294, 4204, 1137, 2309, 3892, 1869, 4355, 2391, 1651, 3200, 4232, 2300, 2135, 2350, 1588, 2757, 4207, 1957, 2752, 2826, 2767, 4109, 2448, 3399, 2036, 2094, 2050, 2328, 2467, 2156, 1924, 3363, 3868, 3305, 2834, 1266, 867, 770, 2564, 2333, 6731, 1107, 1407, 1021, 5676, 3081, 1416, 2623, 2911, 5124, 3275, 2291, 1394, 6037, 814, 1567, 825, 4109, 3841, 2057, 1126, 2426, 1817, 4081, 1868, 3565, 1543, 1560, 3458, 1396, 895, 3630, 3212, 1969, 1573, 2102, 1498, 3265, 2121, 2909, 1990, 3056, 2025, 5646, 4059, 3592)
(50, 148): Mean: 2456.06, median: 2184.0, std: 1139.803, percent: 2405.12, B: 138, W: 111, 
	(2759, 3444, 1296, 1840, 2449, 1337, 1053, 1239, 1742, 3027, 3100, 1838, 1538, 3668, 1120, 1831, 2426, 3022, 3245, 1547, 1996, 2426, 2291, 2028, 716, 3772, 3058, 998, 3684, 3956, 2322, 1460, 2115, 5231, 2728, 1846, 1182, 1887, 3155, 1930, 717, 2040, 1749, 1399, 2286, 3684, 1407, 3061, 2051, 1933, 2152, 1478, 2936, 1105, 1133, 1451, 4173, 2604, 1212, 2710, 1819, 1892, 2125, 3541, 2445, 3863, 2935, 2359, 3199, 1967, 2158, 1378, 1698, 1820, 2758, 2559, 3627, 3324, 2934, 2451, 6812, 3642, 1489, 2871, 3381, 1488, 3072, 2158, 1740, 2713, 3736, 1494, 2101, 2728, 2332, 811, 3162, 1697, 3376, 1599, 661, 2040, 1115, 1658, 3285, 2973, 1501, 1928, 1866, 1468, 1349, 4361, 2745, 2972, 441, 1350, 1061, 2866, 1368, 1259, 3977, 3056, 2586, 1515, 4968, 2022, 1447, 2206, 1461, 3138, 2012, 2410, 913, 3238, 4776, 2034, 2143, 2186, 1760, 1390, 4659, 2995, 4341, 3964, 2604, 1097, 2521, 2900, 3284, 1601, 3355, 3003, 4778, 2059, 2002, 1085, 2986, 2109, 2080, 3007, 1819, 1391, 2135, 2154, 3180, 3190, 1206, 2140, 3397, 2054, 3513, 2394, 1556, 3727, 4006, 2111, 2042, 2239, 1576, 3016, 3366, 1841, 2893, 2812, 2679, 3290, 2300, 3644, 2083, 2130, 1987, 2182, 2403, 2317, 1888, 4144, 4031, 3833, 2662, 1193, 990, 804, 2698, 2100, 8794, 1039, 1427, 895, 4944, 2732, 1382, 2513, 2694, 4689, 3048, 2463, 1306, 6122, 745, 1596, 944, 4409, 3540, 1873, 1202, 2454, 1838, 3822, 1761, 3356, 1619, 1574, 3327, 1707, 906, 3735, 3328, 1994, 1642, 1962, 1466, 2608, 2178, 2859, 1834, 3200, 2197, 6605, 3867, 3931)
(53, 165): Mean: 2457.156, median: 2229.5, std: 1117.105, percent: 2463.06, B: 129, W: 120, 
	(3056, 3346, 1114, 1797, 2231, 1262, 1112, 1274, 2056, 3222, 3006, 1638, 1536, 3754, 1162, 1748, 2232, 2808, 4041, 1394, 1960, 2607, 2632, 2485, 764, 3890, 2696, 922, 3178, 3344, 2159, 1530, 1930, 4971, 2932, 1522, 1164, 1833, 2934, 2010, 769, 1963, 1818, 1564, 2369, 4240, 1168, 2632, 2163, 1553, 2115, 1552, 3001, 1071, 1159, 1361, 3497, 2730, 1304, 2617, 1902, 1822, 2090, 2720, 2530, 4158, 2860, 2164, 3095, 2436, 2396, 1498, 1672, 1806, 2786, 2628, 3279, 3715, 3153, 2438, 6229, 3706, 1525, 2687, 3566, 1578, 2876, 2179, 1933, 2732, 4009, 1501, 2089, 3251, 2621, 659, 2681, 1798, 3777, 1407, 644, 2068, 1109, 1658, 3112, 2636, 1889, 1852, 2141, 1529, 1398, 4265, 3150, 2789, 433, 1319, 990, 3095, 1316, 1237, 4165, 3454, 3188, 1500, 5000, 1916, 1541, 2137, 1643, 3069, 2076, 2388, 964, 3260, 4179, 2045, 1882, 2113, 1871, 1490, 4667, 2898, 3820, 4016, 2134, 1071, 2424, 3302, 3400, 1420, 3186, 2781, 4666, 2225, 1980, 1159, 3512, 2807, 2045, 2987, 1671, 1457, 2031, 2540, 3525, 3233, 1157, 2228, 3499, 2091, 3503, 2253, 1504, 3558, 4058, 2259, 2032, 2279, 1635, 2696, 3988, 2201, 2843, 3040, 2447, 3437, 2347, 3602, 2078, 1991, 1940, 2323, 2708, 2069, 1983, 3464, 4237, 3816, 2801, 1291, 896, 777, 2281, 2253, 7793, 1102, 1465, 927, 5716, 3009, 1500, 2591, 3115, 4532, 2865, 2254, 1246, 6099, 863, 1658, 855, 4365, 3670, 1989, 1256, 2180, 2034, 4060, 1556, 3477, 1555, 1546, 3655, 1443, 899, 4121, 3228, 1867, 1513, 1778, 1422, 2879, 1960, 2600, 1792, 2753, 2141, 6117, 4237, 3723)
(59, 197): Mean: 2442.956, median: 2216.0, std: 1119.944, percent: 2438.0, B: 131, W: 119, 
	(2642, 3834, 1256, 1711, 2249, 1266, 1115, 1335, 1988, 2909, 2806, 1492, 1617, 3651, 1139, 1904, 2151, 3196, 3989, 1381, 1782, 2680, 2529, 2279, 780, 4492, 3136, 978, 3248, 4834, 2951, 1519, 2110, 5046, 3039, 1490, 1157, 1699, 2912, 1993, 678, 2083, 1868, 1499, 2234, 3807, 1171, 2700, 2287, 1760, 2077, 1390, 3128, 1106, 1083, 1371, 3959, 2981, 1392, 2359, 1720, 1901, 2151, 3049, 2619, 4041, 2743, 2328, 3283, 1823, 2296, 1782, 1675, 1835, 3132, 2730, 3780, 3210, 3178, 2537, 6543, 3528, 1362, 2683, 3957, 1478, 2939, 2046, 1656, 2542, 3598, 1516, 2046, 2968, 2155, 655, 2738, 1819, 3222, 1397, 628, 1972, 1102, 1557, 3131, 2924, 1910, 1830, 2002, 1558, 1339, 4521, 3274, 2462, 383, 1342, 1021, 3351, 1175, 1331, 3313, 3903, 2852, 1538, 5570, 1876, 1395, 1954, 1546, 3184, 1948, 2604, 931, 3009, 3949, 2012, 1827, 2245, 1959, 1300, 4309, 3128, 4073, 3856, 2195, 1089, 2598, 2651, 3065, 1397, 2853, 3004, 4486, 1957, 1944, 899, 2953, 2125, 1840, 3137, 1812, 1529, 2201, 2398, 3679, 3433, 1226, 2027, 3906, 1966, 3911, 2210, 1581, 3473, 3962, 2119, 2337, 2308, 1540, 2738, 3195, 1772, 2786, 2819, 2635, 3468, 2322, 3808, 2408, 2050, 1752, 2197, 2279, 2001, 2146, 3363, 3592, 3465, 2735, 1218, 865, 800, 2246, 2265, 7477, 1295, 1502, 955, 4669, 2835, 1502, 2563, 2632, 5109, 2762, 2246, 1306, 5871, 871, 1588, 906, 4510, 3918, 1780, 1381, 2222, 1872, 4569, 1797, 3476, 1567, 1545, 3567, 1607, 884, 3593, 3301, 1981, 1688, 1770, 1395, 2695, 1959, 3151, 1695, 2874, 2167, 6060, 3726, 4191)
(60, 201): Mean: 2442.932, median: 2230.0, std: 1160.547, percent: 2363.38, B: 129, W: 121, 
	(2923, 3322, 1145, 1799, 2346, 1271, 1196, 1386, 1967, 2792, 2932, 1592, 1494, 3652, 1097, 1715, 2443, 3153, 3696, 1360, 1641, 2791, 2259, 1981, 642, 3960, 2550, 1046, 3289, 3354, 2314, 1475, 2285, 5064, 2704, 1531, 1039, 2009, 3001, 2147, 727, 2021, 1835, 1337, 2207, 4652, 1241, 3302, 2163, 1754, 2063, 1496, 3383, 1160, 1120, 1365, 4335, 2749, 1396, 2516, 1762, 1975, 2286, 3044, 2562, 3953, 2879, 2500, 3171, 2078, 2133, 1517, 1546, 1748, 2851, 2843, 3246, 3143, 2833, 2215, 7887, 3503, 1311, 2478, 3876, 1393, 3039, 2087, 1911, 2659, 4167, 1378, 1885, 2991, 1956, 804, 2770, 1799, 3202, 1333, 536, 1948, 1099, 1621, 3190, 2718, 1485, 2049, 2195, 1572, 1294, 4643, 2519, 2413, 481, 1326, 1133, 2801, 1291, 1214, 3684, 3290, 2986, 1504, 4887, 1796, 1371, 2276, 1510, 3117, 1997, 2862, 821, 3266, 3867, 2154, 1663, 2147, 1660, 1502, 4371, 2473, 3970, 3755, 2171, 1209, 2468, 2798, 3524, 1520, 3154, 2694, 4950, 2175, 2300, 974, 2846, 2148, 1921, 3174, 1697, 1476, 2070, 2356, 3246, 4346, 1173, 2052, 4182, 1843, 3566, 2452, 1497, 3320, 3873, 2205, 2128, 2300, 1601, 2991, 4037, 1804, 2773, 2729, 2595, 3959, 2443, 3283, 2066, 2313, 2052, 2245, 2754, 2043, 1878, 3371, 4297, 3818, 2540, 1165, 859, 875, 2424, 2411, 7498, 885, 1441, 966, 5321, 2869, 1204, 2742, 2995, 5311, 2761, 2395, 1430, 6124, 800, 1675, 869, 4080, 2857, 1925, 1220, 2404, 2045, 4222, 1773, 3189, 1451, 1645, 3309, 1413, 900, 3484, 3112, 1968, 1593, 2105, 1247, 2793, 1895, 3069, 1914, 2887, 2038, 6901, 3871, 4647)
(67, 242): Mean: 2431.704, median: 2245.0, std: 1123.298, percent: 2433.2, B: 125, W: 124, 
	(2942, 3639, 1191, 1945, 2549, 1230, 1110, 1428, 1914, 2898, 3257, 1503, 1597, 3509, 1158, 1680, 2502, 3117, 3446, 1410, 1893, 2553, 2829, 2131, 720, 3607, 2877, 968, 3532, 3091, 2390, 1454, 2251, 5227, 2457, 1520, 1128, 1897, 2755, 2226, 734, 1957, 1737, 1491, 2347, 3727, 1233, 3388, 1973, 1814, 2232, 1424, 3579, 1001, 1121, 1278, 3448, 2484, 1404, 2650, 1740, 2005, 2047, 3222, 2563, 4406, 2831, 2291, 3426, 1953, 2403, 1652, 1697, 1700, 2923, 2117, 3116, 2759, 3111, 2239, 6533, 3085, 1402, 2528, 4268, 1453, 2834, 2054, 1558, 2501, 3834, 1499, 1946, 2974, 2396, 697, 2892, 1788, 3036, 1287, 656, 1936, 1126, 1594, 3088, 2640, 1747, 1827, 2047, 1549, 1380, 4038, 2855, 2713, 523, 1319, 1074, 3260, 1160, 1363, 3853, 3179, 3211, 1551, 5536, 1815, 1451, 2269, 1549, 3450, 2055, 2663, 824, 3454, 4383, 2072, 1738, 2295, 1772, 1272, 4784, 2692, 4140, 3197, 2410, 1062, 2491, 2560, 3516, 1471, 3031, 3289, 4801, 1989, 2435, 1038, 2901, 2369, 1908, 2979, 1619, 1422, 2045, 2732, 3259, 4384, 958, 2269, 3921, 1925, 3331, 2091, 1438, 3107, 4123, 2137, 1926, 2100, 1894, 2961, 3279, 1743, 2492, 2860, 2554, 3384, 2439, 3516, 1947, 2107, 1966, 2047, 2253, 2116, 1800, 3789, 3568, 3514, 2398, 1247, 1030, 794, 2437, 2559, 6762, 1071, 1477, 870, 5386, 2640, 1343, 2458, 2968, 5306, 2896, 2148, 1436, 7004, 840, 1675, 988, 4185, 3328, 1944, 1314, 2331, 2021, 4202, 1760, 3542, 1449, 1671, 3254, 1613, 813, 3738, 3163, 2033, 1562, 2054, 1463, 2802, 1794, 2921, 1816, 3225, 2121, 6579, 4003, 3807)
(68, 248): Mean: 2440.932, median: 2253.5, std: 1130.923, percent: 2472.82, B: 127, W: 122, 
	(2877, 3626, 1111, 1679, 2434, 1298, 1110, 1307, 2108, 3360, 3413, 1620, 1503, 3725, 920, 1720, 2364, 3237, 3512, 1304, 1731, 2826, 2431, 1895, 649, 3813, 2700, 1030, 3164, 3905, 2652, 1555, 2039, 5881, 2405, 1500, 1085, 1799, 3308, 2124, 750, 1944, 1898, 1461, 2411, 3868, 1381, 2739, 2049, 1650, 2045, 1700, 3079, 1191, 1056, 1261, 3653, 2583, 1249, 2661, 1829, 1969, 2092, 3244, 2513, 3793, 2749, 2629, 2938, 1942, 2113, 1616, 1880, 1726, 2731, 2174, 3119, 2846, 3091, 2700, 7309, 3789, 1495, 2349, 3501, 1488, 2982, 2550, 1861, 2757, 4247, 1607, 1857, 3043, 2403, 570, 3043, 1599, 3529, 1402, 667, 1775, 1118, 1564, 3297, 2951, 1724, 1763, 2042, 1500, 1526, 4477, 2951, 2578, 329, 1448, 963, 2794, 1353, 1325, 4148, 3739, 2590, 1472, 5766, 1892, 1330, 2015, 1563, 3026, 2034, 2433, 899, 3312, 4788, 1993, 1872, 2288, 1713, 1463, 4142, 3001, 3864, 4008, 2305, 987, 2362, 2416, 3207, 1635, 3101, 3000, 4134, 1838, 1871, 1234, 3424, 2181, 2163, 2756, 1634, 1428, 1921, 2492, 3868, 3809, 1112, 2116, 3375, 2082, 3826, 2579, 1492, 3200, 3959, 2455, 1931, 2519, 1677, 2911, 3820, 1815, 2625, 2547, 2530, 3080, 2240, 3946, 2140, 2396, 1820, 2492, 2304, 2016, 2089, 3188, 3803, 3229, 2671, 1200, 946, 764, 2461, 2258, 6739, 889, 1528, 851, 5760, 2923, 1325, 2356, 2574, 4254, 2875, 2210, 1453, 6659, 825, 1664, 857, 4470, 3492, 2249, 1313, 2690, 2142, 4327, 1689, 3306, 1728, 1511, 3060, 1477, 928, 4017, 3010, 1980, 1793, 1757, 1592, 3080, 1990, 2928, 1829, 3063, 2026, 5895, 3732, 4117)
(69, 252): Mean: 2424.608, median: 2216.5, std: 1139.008, percent: 2383.02, B: 127, W: 123, 
	(3035, 2914, 1123, 1780, 2327, 1200, 1119, 1369, 2231, 3285, 2720, 1443, 1702, 3300, 1039, 1956, 2365, 3240, 3547, 1431, 1726, 2080, 2389, 2088, 702, 3534, 2813, 974, 3244, 3896, 2733, 1416, 2308, 4950, 2480, 1657, 1237, 1879, 2934, 2204, 706, 2013, 1765, 1493, 2569, 3445, 1235, 2811, 1997, 1625, 2173, 1531, 3462, 1138, 1021, 1328, 3986, 2530, 1231, 2377, 1825, 2020, 2189, 2752, 2515, 4199, 2935, 2086, 3072, 1939, 2214, 1533, 1701, 1887, 3004, 2452, 3168, 2928, 2606, 2551, 7820, 3481, 1433, 2597, 3841, 1525, 2686, 2155, 1675, 2851, 4481, 1377, 2003, 2816, 2175, 555, 3079, 1748, 3597, 1512, 659, 1791, 1173, 1431, 3022, 2978, 1659, 1907, 1990, 1339, 1405, 3902, 2942, 2695, 489, 1360, 967, 3091, 1293, 1314, 4272, 3241, 2478, 1573, 5385, 1919, 1468, 1984, 1550, 3273, 1986, 2248, 903, 3237, 4031, 1996, 1780, 2410, 1982, 1473, 3763, 3165, 4223, 4164, 2239, 1044, 3131, 3075, 2981, 1688, 2992, 2913, 4237, 2044, 1848, 1028, 3326, 2219, 2103, 2969, 1577, 1405, 1891, 2571, 3302, 3582, 1073, 1908, 4442, 1929, 4074, 2384, 1461, 3339, 3719, 2255, 2214, 2181, 1520, 3131, 3722, 1881, 2412, 2483, 2352, 3319, 2591, 3286, 2287, 2257, 2033, 2137, 2490, 2184, 2046, 3517, 3358, 3507, 2449, 1129, 983, 801, 2571, 2462, 7014, 952, 1513, 859, 5009, 3016, 1406, 2396, 2815, 4214, 2775, 2090, 1335, 6054, 806, 1559, 876, 5118, 3197, 1993, 1152, 2535, 2195, 4288, 1691, 3681, 1595, 1552, 3143, 1476, 863, 3529, 2711, 1727, 1511, 1886, 1253, 2818, 2136, 3068, 1796, 3377, 1858, 7629, 4163, 3770)
(70, 255): Mean: 2443.332, median: 2258.5, std: 1145.015, percent: 2400.5, B: 127, W: 123, 
	(2841, 2981, 1375, 1782, 2452, 1290, 1453, 1309, 2090, 3212, 2984, 1470, 1632, 3610, 996, 1858, 2224, 3193, 3447, 1460, 1694, 2837, 2413, 1960, 823, 4279, 2670, 1065, 3193, 4110, 2558, 1467, 2142, 4798, 2918, 1534, 1240, 1900, 2955, 2039, 700, 2096, 1964, 1475, 2326, 4187, 1180, 3275, 2117, 1699, 2301, 1427, 3027, 1050, 1207, 1274, 3558, 2722, 1143, 2416, 1781, 2211, 2579, 2844, 2406, 4077, 2522, 2260, 3237, 1950, 2126, 1487, 1845, 1772, 2904, 2106, 3174, 3014, 2838, 2333, 8712, 3511, 1351, 2519, 3649, 1547, 3510, 2085, 1845, 2866, 3845, 1531, 2104, 3075, 2292, 553, 3293, 1687, 2975, 1488, 605, 1787, 1081, 1575, 3349, 3030, 1525, 2072, 1986, 1500, 1368, 4108, 3084, 2417, 336, 1202, 1014, 3516, 1300, 1287, 4628, 3607, 2872, 1504, 4809, 1699, 1443, 2337, 1570, 3021, 2062, 2895, 915, 3055, 4324, 2005, 1965, 2069, 1905, 1331, 3967, 2947, 3826, 4126, 2364, 1113, 2602, 2960, 2913, 1513, 2620, 2791, 4627, 1954, 2127, 987, 3004, 2337, 2075, 3214, 1769, 1325, 2008, 2248, 3224, 3224, 1286, 2246, 3083, 1913, 4013, 2135, 1472, 3262, 3892, 2216, 2460, 2326, 2027, 2925, 3416, 1719, 2610, 2701, 2364, 3665, 2471, 3826, 2036, 2352, 2173, 2257, 2413, 2217, 2030, 3600, 4297, 3018, 2736, 1226, 974, 891, 2716, 2442, 6539, 1139, 1490, 847, 5784, 2829, 1396, 2580, 2631, 4314, 3005, 2100, 1311, 6578, 799, 1537, 951, 4301, 3507, 2393, 1218, 2383, 2059, 4225, 1662, 3641, 1381, 1356, 3280, 1464, 890, 3358, 2954, 1853, 1573, 1723, 1503, 2798, 1856, 2728, 1753, 3081, 2230, 7008, 4040, 4054)
(71, 260): Mean: 2451.772, median: 2271.0, std: 1118.214, percent: 2448.62, B: 125, W: 124, 
	(2730, 3329, 1217, 1743, 2265, 1261, 1203, 1216, 1928, 3053, 3357, 1757, 1667, 3579, 1055, 1665, 2575, 3086, 3444, 1394, 1757, 2230, 2564, 2430, 690, 4259, 2911, 1058, 3073, 3496, 2509, 1468, 2356, 4660, 2617, 1729, 1118, 2041, 3003, 2152, 728, 1977, 1623, 1429, 2493, 3954, 1209, 2628, 2238, 1782, 2168, 1367, 2841, 1096, 1079, 1508, 4293, 2808, 1158, 2657, 2177, 2269, 2264, 2813, 2813, 4054, 2940, 2106, 3195, 1881, 2161, 1543, 2051, 1854, 2964, 2590, 3886, 2869, 3055, 2008, 7076, 3511, 1436, 3125, 3636, 1537, 3103, 2273, 1788, 2419, 4557, 1442, 1889, 2941, 2370, 621, 2645, 1695, 3045, 1544, 731, 1703, 1157, 1650, 3140, 2780, 1492, 1924, 2374, 1480, 1280, 4293, 3301, 2420, 447, 1288, 981, 3227, 1274, 1240, 3838, 4121, 2486, 1466, 5412, 1835, 1229, 2483, 1599, 2950, 2250, 2876, 825, 3723, 4313, 1921, 2115, 2219, 1789, 1438, 4688, 2895, 3651, 3717, 2253, 1015, 2389, 2509, 3626, 1601, 3342, 2811, 4547, 1997, 1927, 1209, 3267, 2381, 2015, 3256, 1582, 1398, 1975, 2289, 3052, 3927, 1144, 2065, 3212, 1892, 3445, 2205, 1429, 3448, 3602, 2387, 2007, 2497, 1646, 3521, 3920, 2082, 3066, 2750, 2515, 3662, 2469, 3844, 2040, 2002, 1987, 2164, 2483, 2318, 2076, 3578, 3385, 3717, 2633, 1132, 929, 848, 2721, 2407, 7207, 935, 1399, 923, 5470, 2951, 1499, 2682, 2660, 4522, 2906, 2287, 1373, 5935, 847, 1650, 973, 4722, 3256, 2171, 1354, 2325, 1908, 4177, 1649, 3328, 1446, 1611, 3152, 1447, 915, 3712, 3208, 1897, 1596, 1902, 1651, 2622, 1827, 3041, 1969, 3093, 2170, 6429, 3905, 3797)
(72, 264): Mean: 2475.6, median: 2252.5, std: 1184.33, percent: 2444.28, B: 127, W: 122, 
	(2946, 3565, 1194, 1730, 2308, 1303, 1088, 1345, 1892, 3046, 3612, 1542, 1633, 3673, 1182, 1775, 2385, 3191, 2947, 1422, 1953, 2671, 2458, 2218, 659, 4665, 2890, 1059, 3019, 3692, 2259, 1300, 2218, 5503, 2558, 1498, 1404, 1901, 2822, 2182, 754, 1932, 1803, 1485, 2260, 3796, 1224, 2827, 2030, 1658, 2487, 1319, 2943, 1166, 1024, 1303, 4031, 2923, 1404, 2754, 1718, 1844, 2235, 2936, 2731, 4080, 2725, 2292, 3145, 1932, 2215, 1527, 2003, 2087, 2639, 2799, 3787, 3302, 2850, 2473, 8763, 3237, 1577, 2346, 3762, 1585, 3747, 2264, 1916, 3151, 3920, 1519, 1808, 3295, 2374, 579, 2744, 1746, 3418, 1657, 647, 1851, 1137, 1679, 2920, 2769, 1602, 1736, 2196, 1543, 1544, 5307, 2785, 2842, 414, 1295, 968, 3442, 1251, 1251, 3429, 4008, 2856, 1400, 4922, 1928, 1253, 2364, 1550, 3356, 2061, 2617, 956, 3470, 4312, 2170, 1906, 2064, 1911, 1398, 4573, 2978, 4334, 3593, 2319, 1102, 2738, 2550, 3139, 1561, 3125, 2852, 4679, 2285, 2158, 1005, 3303, 2325, 1940, 3338, 1759, 1534, 2206, 2195, 3437, 4118, 1174, 2415, 3840, 2106, 4119, 2124, 1507, 3168, 3609, 2236, 1782, 2305, 1682, 2973, 3849, 1983, 3051, 2592, 2490, 3108, 2465, 3723, 2014, 2147, 2142, 2133, 2237, 2007, 1791, 3398, 3788, 3628, 2609, 1262, 899, 771, 2479, 2363, 7853, 1288, 1539, 880, 4940, 3002, 1382, 2495, 2595, 3897, 2590, 2246, 1316, 7030, 873, 1631, 956, 5379, 3301, 2192, 1238, 2758, 2209, 4140, 1819, 3024, 1446, 1478, 3470, 1476, 927, 3836, 3062, 1756, 1615, 1789, 1531, 2885, 1882, 2702, 1968, 3314, 2203, 6151, 3999, 4053)
(73, 265): Mean: 2462.368, median: 2239.0, std: 1142.082, percent: 2472.34, B: 131, W: 119, 
	(2865, 2880, 1163, 1841, 2373, 1228, 1063, 1215, 1800, 3030, 3196, 1697, 1491, 3583, 995, 1691, 2209, 3123, 4055, 1289, 1789, 2592, 2495, 2032, 600, 4242, 2929, 1043, 3334, 3642, 2638, 1598, 2382, 4744, 2897, 1529, 1287, 1839, 3049, 2253, 640, 1854, 1850, 1452, 2608, 4322, 1258, 3021, 2394, 1653, 2238, 1503, 3560, 1178, 1060, 1132, 3794, 2731, 1082, 2331, 1758, 2076, 2119, 2860, 2217, 4332, 3046, 2111, 3069, 1892, 2047, 1623, 1608, 1811, 3258, 2503, 3435, 3059, 3234, 2342, 7167, 3336, 1517, 2553, 3769, 1553, 3118, 2569, 1663, 2540, 4193, 1506, 1942, 2673, 2240, 701, 2672, 1755, 2984, 1374, 580, 1927, 1035, 1843, 3305, 2759, 1611, 1859, 2127, 1839, 1455, 4530, 3111, 2549, 487, 1301, 1050, 3025, 1242, 1297, 3536, 3710, 2754, 1479, 4533, 1822, 1392, 1807, 1742, 3100, 1985, 2927, 1013, 3353, 3896, 2033, 1956, 2312, 1823, 1404, 4827, 2920, 3753, 3939, 2299, 1094, 2506, 3262, 3283, 1545, 3030, 2986, 5823, 1871, 2033, 1209, 3330, 2143, 1968, 2880, 1795, 1452, 1946, 2395, 3241, 4017, 1179, 2040, 3213, 1901, 3985, 2453, 1487, 2853, 3948, 2160, 2227, 2361, 1405, 2977, 3886, 1902, 2859, 3162, 2447, 4601, 2523, 2835, 2089, 1974, 2037, 2145, 2299, 2217, 1904, 3718, 3672, 3308, 2780, 1330, 939, 854, 2480, 2577, 6201, 972, 1409, 1040, 5287, 2992, 1363, 2467, 2911, 5150, 2930, 2536, 1408, 8085, 850, 1683, 893, 4484, 3871, 2157, 1325, 2506, 2224, 3842, 1823, 3668, 1582, 1555, 3767, 1499, 922, 3608, 3398, 1890, 1611, 1916, 1689, 2753, 2102, 2880, 2108, 3128, 2211, 5384, 4210, 3932)
(74, 269): Mean: 2458.852, median: 2218.5, std: 1159.078, percent: 2444.22, B: 137, W: 113, 
	(2476, 3244, 1291, 1633, 2245, 1289, 1259, 1453, 1771, 3124, 2967, 1656, 1548, 3263, 1171, 1779, 2382, 3007, 3908, 1373, 1706, 2563, 2929, 1980, 770, 4130, 2758, 1032, 3265, 4337, 2386, 1528, 2094, 5881, 3155, 1491, 1170, 1785, 3074, 2158, 758, 1880, 1755, 1627, 2121, 4140, 1212, 3127, 2057, 1550, 2154, 1501, 3431, 1130, 1137, 1288, 3662, 3166, 1266, 2523, 1808, 2102, 2196, 3470, 2400, 3819, 2338, 2155, 2976, 2284, 2015, 1545, 1878, 1826, 3206, 2406, 3687, 2794, 3058, 2612, 6846, 3575, 1406, 2713, 3870, 1528, 3137, 2310, 1953, 2910, 4143, 1576, 1805, 2813, 2112, 703, 3233, 1734, 3512, 1323, 743, 1749, 990, 1666, 2815, 2472, 1543, 1886, 1920, 1391, 1300, 4396, 2556, 2515, 450, 1236, 1026, 2948, 1229, 1248, 3609, 3575, 3195, 1619, 4852, 1913, 1483, 2408, 1456, 3122, 2082, 2670, 856, 3294, 3853, 2114, 1820, 2045, 1771, 1347, 5229, 3038, 3374, 3964, 2252, 1133, 2647, 2824, 3505, 1570, 3359, 3062, 4633, 1994, 2137, 1050, 3374, 2430, 2175, 3574, 1616, 1404, 2163, 2311, 3056, 3860, 1296, 2153, 3831, 1989, 3583, 2276, 1411, 3048, 3425, 2098, 2241, 2181, 1592, 2958, 3773, 1954, 2624, 3136, 2514, 4074, 2326, 3662, 2137, 2145, 1817, 2191, 2566, 1964, 2074, 3629, 3853, 3210, 2649, 1419, 929, 786, 2326, 2403, 7666, 1237, 1456, 880, 5570, 2833, 1303, 2440, 2660, 4716, 3074, 2063, 1373, 7813, 834, 1576, 840, 4813, 3446, 1781, 1345, 2473, 1887, 4616, 1855, 3483, 1610, 1498, 3293, 1525, 933, 3396, 3323, 1907, 1603, 2188, 1419, 2801, 2260, 2736, 1782, 3141, 2409, 5769, 3642, 4012)
(75, 274): Mean: 2444.932, median: 2245.0, std: 1139.183, percent: 2425.1, B: 129, W: 120, 
	(2319, 2986, 1150, 1870, 2325, 1220, 1020, 1372, 1901, 2985, 3009, 1630, 1623, 3512, 1149, 1658, 2480, 3133, 3201, 1469, 1796, 2672, 2506, 1935, 690, 3963, 2770, 988, 3141, 3514, 2304, 1563, 2080, 5526, 2752, 1406, 1077, 1888, 2848, 2009, 814, 2064, 2085, 1370, 2685, 3747, 1270, 2902, 2063, 1625, 2201, 1520, 3036, 1065, 1135, 1287, 3323, 2751, 1351, 2621, 1782, 2012, 2113, 3135, 2588, 4714, 2516, 2581, 2959, 1941, 2018, 1615, 1752, 1853, 2567, 2319, 3408, 3046, 3361, 2042, 6945, 3124, 1303, 3031, 4196, 1666, 3036, 2275, 1585, 2669, 4072, 1476, 2081, 2958, 2205, 598, 2566, 1827, 3027, 1319, 733, 1873, 1081, 1655, 2793, 3091, 1657, 1796, 2096, 1497, 1389, 4475, 2728, 2412, 406, 1336, 917, 3298, 1257, 1227, 3975, 3474, 2548, 1392, 5191, 1704, 1338, 2322, 1439, 2978, 2326, 2539, 979, 3134, 4264, 2116, 1856, 2299, 1778, 1314, 4448, 3156, 3577, 4203, 2378, 1145, 2903, 3536, 3462, 1581, 2602, 3200, 4495, 2028, 1876, 1221, 3283, 2438, 2044, 2843, 1752, 1497, 2163, 2016, 3212, 3609, 1170, 2243, 3704, 1741, 4130, 2254, 1652, 3323, 4733, 2090, 2222, 2178, 1852, 3806, 3888, 1995, 3007, 2712, 2664, 4009, 2247, 3754, 2011, 2228, 2331, 2061, 2294, 2142, 1980, 3065, 3879, 3321, 2711, 1280, 837, 826, 2384, 2413, 6960, 1018, 1475, 869, 5511, 2927, 1452, 2609, 3091, 4467, 3626, 2107, 1313, 7376, 869, 1667, 904, 4580, 3486, 2211, 1428, 2424, 1986, 3659, 1746, 3100, 1598, 1465, 3082, 1541, 869, 3802, 3041, 1735, 1537, 1854, 1400, 3176, 2013, 2766, 1812, 3306, 2370, 6502, 3623, 3756)
(76, 278): Mean: 2467.692, median: 2212.0, std: 1212.367, percent: 2406.4, B: 134, W: 116, 
	(2981, 2889, 1263, 1789, 2198, 1292, 1171, 1313, 1949, 3636, 3601, 1611, 1558, 3665, 1109, 1857, 2303, 3087, 3359, 1403, 1699, 3111, 2826, 2194, 768, 3837, 3205, 1099, 3439, 3206, 2487, 1309, 2258, 6706, 2709, 1549, 1130, 1655, 2700, 2095, 793, 1916, 1895, 1537, 2311, 3888, 1254, 3269, 2205, 1473, 2212, 1346, 4109, 1117, 1235, 1318, 4308, 2775, 1312, 2383, 1856, 1948, 2023, 2910, 3126, 3715, 3234, 2315, 3197, 1872, 2142, 1441, 1749, 1905, 2393, 2293, 4040, 2762, 2960, 2219, 7769, 3115, 1455, 2641, 4091, 1511, 3025, 2197, 2077, 2634, 4301, 1441, 1885, 3170, 2212, 679, 2778, 1574, 3386, 1260, 649, 1809, 1176, 1528, 2967, 2584, 1693, 1829, 1995, 1446, 1336, 4767, 2651, 2688, 422, 1434, 986, 3027, 1219, 1262, 3690, 3221, 2536, 1369, 4844, 1893, 1316, 2030, 1493, 2595, 2191, 2872, 940, 3195, 4244, 2148, 1731, 2005, 2046, 1304, 5889, 3118, 3496, 3574, 2296, 1035, 3319, 2824, 3173, 1521, 3420, 3074, 4271, 2073, 1924, 1145, 2923, 2334, 2163, 3158, 1592, 1492, 1956, 2725, 3314, 3620, 1080, 2183, 3582, 1961, 3573, 2556, 1506, 2982, 4405, 2352, 1922, 2291, 1977, 3028, 3265, 1746, 2891, 2629, 2438, 3691, 2385, 3492, 1998, 2102, 1985, 2005, 2197, 2085, 2037, 3428, 4019, 3608, 2939, 1238, 861, 803, 2361, 2466, 7799, 1113, 1468, 884, 5518, 2943, 1396, 2525, 2878, 4776, 2779, 2339, 1399, 8395, 762, 1678, 807, 4076, 3712, 1850, 1236, 2566, 2073, 4310, 1700, 3185, 1542, 1454, 3390, 1521, 909, 3858, 2627, 1802, 1600, 2121, 1406, 3069, 1830, 3051, 1943, 3070, 2362, 6111, 4208, 4282)
(77, 279): Mean: 2429.5, median: 2216.0, std: 1107.677, percent: 2412.9, B: 137, W: 112, 
	(2712, 2650, 1243, 1709, 2519, 1251, 1075, 1218, 1860, 2975, 2795, 1767, 1487, 3476, 1083, 1897, 2421, 3000, 3604, 1414, 1627, 2906, 2776, 2447, 642, 3599, 2736, 992, 3543, 3325, 2403, 1422, 2211, 4799, 2984, 1459, 1197, 1848, 2799, 2193, 727, 1948, 1875, 1478, 2398, 3922, 1206, 3218, 2054, 1848, 2193, 1349, 3184, 1038, 1303, 1532, 3938, 3100, 1119, 2699, 1752, 1951, 2360, 2725, 2531, 4582, 2601, 2277, 3418, 1954, 2100, 1435, 1784, 1775, 2712, 2620, 3429, 2883, 3359, 2475, 6447, 3114, 1386, 2969, 3829, 1534, 3473, 2125, 1581, 2623, 4008, 1378, 2023, 2936, 2327, 726, 2772, 1852, 3506, 1375, 758, 1957, 1059, 1401, 3435, 2557, 1610, 1904, 2040, 1445, 1349, 4300, 2697, 2624, 384, 1231, 1035, 2852, 1325, 1185, 4061, 3502, 2905, 1438, 4898, 1917, 1316, 2271, 1509, 2755, 1928, 2835, 851, 3201, 4742, 1951, 1975, 2405, 1697, 1278, 5528, 2832, 4066, 3573, 2251, 1145, 2710, 2774, 3110, 1537, 2851, 2891, 4643, 2147, 1991, 1021, 3601, 2102, 1892, 3056, 1696, 1464, 2021, 2096, 3134, 3517, 1275, 2150, 3514, 1868, 3219, 2007, 1495, 3732, 3558, 2220, 2159, 2133, 1507, 2875, 4230, 1802, 2756, 3033, 2597, 3289, 2126, 3841, 2029, 2497, 1901, 2212, 2234, 2038, 1919, 3351, 3614, 3264, 2832, 1389, 873, 870, 2787, 2296, 6667, 996, 1408, 987, 6178, 2790, 1322, 2550, 2810, 4645, 2888, 2129, 1268, 5908, 806, 1514, 842, 4654, 3358, 2097, 1545, 2595, 1968, 3781, 1610, 3261, 1626, 1565, 3426, 1612, 845, 3740, 3142, 1921, 1519, 1727, 1583, 2955, 1917, 2894, 1732, 3150, 2323, 5965, 4324, 4208)
(79, 286): Mean: 2495.856, median: 2232.0, std: 1273.928, percent: 2490.82, B: 127, W: 122, 
	(3047, 3016, 1200, 1844, 2232, 1304, 1156, 1455, 1987, 3022, 2992, 1466, 1910, 3620, 1164, 1570, 2208, 3332, 3171, 1311, 1734, 3057, 2597, 2017, 702, 3920, 3274, 1054, 4155, 3568, 2320, 1437, 2330, 5184, 2937, 1418, 1163, 1822, 10274, 2030, 687, 2006, 1859, 1469, 2232, 5311, 1137, 3123, 1950, 1710, 2173, 1618, 3029, 962, 1137, 1460, 3715, 2800, 1291, 2377, 1782, 1788, 2578, 2829, 2495, 3985, 2886, 2164, 3232, 2052, 2456, 1484, 1805, 1756, 2769, 2386, 3706, 3349, 3239, 2557, 7746, 3585, 1441, 2981, 4347, 1569, 3037, 2170, 1953, 3201, 4639, 1427, 1862, 2829, 2399, 702, 2709, 1532, 3461, 1471, 642, 1857, 1183, 1510, 3129, 2921, 1733, 2050, 1974, 1439, 1359, 4299, 2703, 2263, 378, 1381, 1054, 3179, 1264, 1249, 3999, 3499, 2817, 1452, 5817, 1738, 1620, 2036, 1420, 3159, 2119, 2548, 919, 3183, 4101, 1915, 1957, 2117, 1828, 1450, 4662, 2668, 3563, 4202, 2428, 1100, 2675, 2768, 3154, 1547, 2755, 2812, 4268, 1999, 1864, 1047, 3257, 2119, 1847, 3069, 1674, 1415, 1924, 2548, 3177, 3600, 1010, 2032, 3115, 2135, 3701, 2612, 1384, 3135, 3799, 2164, 2060, 2263, 1630, 2805, 3995, 2133, 2522, 2731, 2429, 4183, 2340, 3632, 1993, 2336, 1794, 2590, 2425, 2143, 1958, 3150, 4248, 3759, 2697, 1417, 978, 807, 2305, 2519, 7264, 996, 1475, 956, 5598, 2848, 1307, 2764, 2500, 4766, 3030, 2303, 1258, 7028, 770, 1509, 840, 5076, 3739, 1773, 1299, 2465, 2118, 3869, 1885, 3559, 1483, 1507, 4556, 1547, 876, 3414, 3443, 1904, 1497, 1959, 1394, 2729, 1969, 3452, 1890, 2874, 2201, 5595, 4082, 3860)
(80, 288): Mean: 2460.508, median: 2285.0, std: 1126.351, percent: 2419.94, B: 132, W: 118, 
	(3106, 3102, 1149, 1988, 2329, 1273, 1006, 1288, 1988, 2875, 3253, 1655, 1796, 3372, 901, 1854, 2427, 3482, 3380, 1363, 1796, 2757, 2496, 2006, 700, 4103, 2816, 1033, 3482, 3550, 2394, 1570, 2368, 4728, 2842, 1731, 1120, 1901, 3383, 1928, 729, 2036, 1774, 1373, 2190, 4356, 1267, 2843, 2029, 1782, 2111, 1531, 3023, 1157, 1031, 1404, 4118, 2711, 1241, 2743, 1760, 1989, 2266, 2891, 2776, 4063, 2735, 2341, 3448, 2053, 2268, 1528, 1724, 2000, 2696, 2555, 3685, 3427, 2903, 2247, 7484, 3944, 1408, 2573, 4051, 1657, 3758, 2747, 2039, 2673, 3961, 1378, 2092, 3023, 2217, 670, 3039, 1725, 3297, 1348, 582, 1953, 1035, 1657, 2803, 2635, 1713, 2029, 1822, 1294, 1345, 4294, 2698, 2853, 483, 1304, 997, 2783, 1233, 1166, 3845, 3459, 2902, 1446, 5608, 1739, 1378, 2405, 1495, 3032, 2244, 2586, 991, 3254, 4320, 2490, 1972, 2093, 1832, 1389, 5237, 2889, 3764, 3330, 2119, 1198, 3112, 2537, 3389, 1531, 3147, 2666, 4663, 1991, 2099, 1206, 2831, 2488, 2052, 3205, 1593, 1395, 1970, 2330, 3116, 4145, 1109, 2261, 3537, 2125, 3527, 2255, 1528, 2911, 4392, 2226, 2061, 2621, 1641, 3347, 3751, 1841, 2355, 2427, 2340, 3182, 2339, 3148, 2149, 2223, 2265, 2372, 2407, 2042, 1895, 3563, 4146, 3456, 2849, 1280, 955, 727, 2787, 2363, 6853, 1262, 1384, 873, 4667, 2599, 1395, 2702, 2660, 4967, 2995, 2268, 1360, 6344, 910, 1557, 827, 4266, 3978, 1955, 1188, 2576, 2302, 4071, 1742, 3212, 1501, 1432, 4143, 1479, 935, 3632, 2698, 2092, 1542, 2013, 1519, 2956, 1966, 2987, 1910, 3217, 2307, 6000, 3936, 4205)
(81, 290): Mean: 2465.74, median: 2228.0, std: 1194.267, percent: 2417.5, B: 132, W: 118, 
	(2686, 3019, 1243, 1759, 2263, 1149, 1181, 1237, 2082, 2724, 2968, 1766, 1575, 3379, 1097, 1737, 2222, 2944, 3564, 1271, 1712, 2677, 2664, 2380, 775, 3553, 2778, 986, 3388, 3183, 2293, 1562, 2042, 5667, 2559, 1415, 1252, 1625, 3165, 2090, 747, 1870, 1771, 1463, 2258, 3945, 1168, 3066, 1991, 1566, 2210, 1457, 3471, 1035, 1224, 1231, 4019, 2492, 1133, 2764, 1966, 2093, 2134, 2962, 2657, 4888, 3376, 2234, 2883, 2295, 2248, 1747, 1683, 1895, 3072, 2400, 3576, 2942, 3123, 2370, 7621, 3760, 1452, 2453, 4498, 1421, 2973, 2585, 1640, 3069, 4530, 1559, 1816, 2737, 2542, 764, 2893, 1663, 3223, 1404, 732, 1848, 976, 1635, 3184, 3052, 1761, 1975, 1834, 1506, 1365, 4479, 2828, 2514, 442, 1272, 1018, 2882, 1307, 1212, 3798, 3862, 2789, 1666, 4680, 1890, 1243, 2329, 1587, 3239, 2094, 2441, 994, 3474, 4499, 2159, 1860, 2414, 1891, 1428, 4660, 3029, 4121, 3832, 2039, 1130, 2531, 2916, 3468, 1601, 3190, 2892, 4615, 1745, 2166, 985, 3097, 2154, 1994, 3024, 1824, 1339, 1964, 2153, 3320, 3847, 1176, 2061, 3712, 1836, 4599, 2109, 1585, 3475, 3719, 2143, 2088, 2142, 1717, 2817, 3794, 1735, 2916, 2829, 2649, 3845, 2721, 3820, 1798, 2112, 2102, 2435, 2658, 2601, 1963, 3052, 3508, 3172, 2316, 1198, 968, 917, 2387, 2343, 7038, 1010, 1442, 880, 5431, 3077, 1321, 2619, 2746, 5545, 2890, 2126, 1225, 8493, 892, 1621, 913, 4250, 3587, 2146, 1331, 2483, 2090, 3740, 1734, 3079, 1424, 1555, 2911, 1586, 950, 4021, 3051, 1925, 1485, 2080, 1463, 2754, 1859, 3239, 1749, 2754, 2196, 6486, 4143, 4622)
(82, 291): Mean: 2448.012, median: 2256.5, std: 1151.012, percent: 2367.14, B: 133, W: 117, 
	(2815, 2871, 1324, 1660, 2595, 1169, 1059, 1369, 1920, 3006, 3023, 1681, 1730, 3381, 883, 1757, 2529, 3372, 3057, 1411, 1733, 2535, 2548, 2215, 825, 3862, 2569, 1036, 2735, 3223, 2530, 1430, 2617, 6087, 2736, 1705, 1221, 1722, 3019, 2492, 704, 2084, 1974, 1485, 2348, 3809, 1306, 3172, 2215, 1613, 2177, 1396, 3486, 1114, 1074, 1288, 3649, 2708, 1414, 2739, 1583, 2076, 2066, 2730, 2587, 4410, 3338, 2218, 3256, 1982, 2278, 1469, 1702, 1991, 3154, 2321, 3327, 3024, 3295, 2065, 6624, 3376, 1577, 2449, 3678, 1388, 3112, 2543, 1714, 3012, 4715, 1429, 1776, 3123, 2373, 656, 2756, 1623, 3306, 1304, 641, 1769, 1137, 1650, 2939, 2469, 1732, 1789, 1987, 1639, 1370, 3917, 2832, 2486, 405, 1265, 1015, 2860, 1178, 1260, 3816, 3077, 2486, 1586, 5221, 1846, 1373, 2104, 1378, 3247, 2073, 2463, 1036, 3334, 4234, 2150, 1744, 2097, 1831, 1302, 4808, 2982, 3955, 3903, 2223, 1108, 2543, 2915, 3327, 1593, 3214, 3202, 5162, 1830, 1969, 1009, 3067, 2676, 2036, 3463, 1974, 1311, 1892, 2136, 3166, 4001, 1097, 1857, 3166, 1822, 4127, 2564, 1504, 3026, 3339, 2343, 2102, 2420, 1762, 3164, 3661, 1796, 2844, 2615, 2563, 3651, 2558, 3638, 1821, 2233, 1920, 2235, 2322, 2053, 1849, 3205, 3370, 3327, 2541, 1247, 967, 874, 2740, 2325, 7411, 1166, 1467, 1088, 6028, 2893, 1274, 2437, 2783, 4202, 2669, 2040, 1371, 7219, 863, 1504, 835, 5062, 2972, 2098, 1259, 2725, 2065, 3649, 1776, 3524, 1425, 1599, 3731, 1516, 838, 4116, 3517, 1923, 1678, 1899, 1528, 2899, 1999, 3360, 1860, 3033, 2291, 6140, 4202, 4605)
(83, 293): Mean: 2423.224, median: 2202.5, std: 1137.814, percent: 2371.02, B: 135, W: 115, 
	(2582, 2756, 1298, 1796, 2601, 1212, 1056, 1313, 1900, 3378, 3259, 1365, 1664, 3324, 998, 1825, 2224, 3121, 4225, 1417, 1769, 2206, 2574, 2100, 701, 4421, 2585, 1004, 3423, 3178, 2381, 1602, 2373, 4854, 2759, 1397, 1335, 1991, 3186, 2013, 779, 1798, 1601, 1416, 2072, 3997, 1268, 3029, 1996, 1689, 1964, 1440, 3557, 1060, 1216, 1226, 3545, 2651, 1177, 2660, 1733, 1855, 2333, 2852, 2349, 3702, 2857, 2165, 2959, 1885, 2315, 1452, 1670, 1985, 3134, 2473, 3378, 2755, 2828, 2265, 7170, 3214, 1546, 2611, 3905, 1440, 3664, 2267, 1592, 2891, 3835, 1493, 1842, 2713, 2493, 697, 2751, 1593, 3073, 1261, 628, 1798, 1106, 1503, 3208, 2829, 1438, 1616, 1938, 1519, 1349, 4787, 2487, 2839, 409, 1257, 1038, 2979, 1167, 1319, 3780, 3948, 2512, 1453, 4831, 1741, 1359, 2015, 1524, 3261, 2075, 2560, 949, 2783, 5097, 2219, 2051, 2114, 1856, 1260, 4863, 2989, 3722, 3532, 2144, 1141, 2550, 2489, 3256, 1823, 3020, 2840, 5226, 1967, 2119, 978, 3034, 2261, 2075, 2737, 1597, 1425, 2037, 2199, 3301, 3281, 1123, 2069, 3461, 1914, 3628, 2764, 1580, 2567, 3605, 2171, 2118, 2489, 1680, 2848, 3469, 1743, 2399, 2867, 2497, 4417, 2229, 3143, 2016, 2490, 2135, 2228, 2049, 2115, 1910, 2897, 3302, 2906, 2935, 1310, 895, 844, 2622, 2599, 7123, 1315, 1426, 922, 5861, 2757, 1371, 2553, 2777, 4641, 2746, 2112, 1232, 6710, 932, 1605, 796, 4627, 3796, 2000, 1353, 2761, 2165, 4015, 1584, 3558, 1612, 1560, 3630, 1651, 901, 3792, 3012, 2068, 1594, 1834, 1410, 3311, 1900, 3327, 1930, 3352, 2107, 6355, 3789, 4388)
(99, 388): Mean: 2451.964, median: 2259.0, std: 1174.881, percent: 2405.56, B: 125, W: 124, 
	(2743, 3125, 1306, 1714, 2150, 1344, 1057, 1315, 2266, 3085, 3229, 1648, 1549, 3632, 1005, 1749, 2413, 3257, 3235, 1286, 1694, 2352, 2636, 1906, 736, 4310, 3097, 1045, 3275, 3155, 2318, 1541, 2252, 5183, 2457, 1463, 1233, 1862, 2845, 2181, 690, 1961, 1610, 1643, 2149, 3835, 1141, 2896, 1951, 1679, 2247, 1535, 3239, 1138, 1046, 1387, 3392, 2848, 1232, 2650, 1601, 1846, 2284, 3333, 2649, 4116, 2865, 2276, 2723, 1890, 2074, 1548, 1621, 1797, 3008, 2770, 3276, 2988, 2965, 2209, 7101, 3469, 1544, 2344, 4006, 1578, 3070, 2478, 2117, 2714, 4713, 1336, 1866, 2788, 2033, 706, 2560, 1765, 3459, 1237, 654, 1871, 1082, 1605, 2927, 2995, 1697, 2026, 1966, 1519, 1434, 4477, 3046, 2325, 453, 1317, 972, 3032, 1310, 1249, 3733, 3403, 3012, 1551, 4720, 1898, 1340, 2303, 1462, 3024, 2065, 2523, 917, 3164, 4550, 2435, 1791, 2087, 1748, 1351, 4096, 3290, 4003, 3427, 2411, 1200, 2702, 2341, 3944, 1602, 2983, 3252, 4932, 1878, 1920, 1061, 3773, 2284, 2280, 3168, 1811, 1431, 1899, 2365, 3457, 3953, 1019, 1980, 3673, 1808, 3867, 2547, 1712, 3320, 4321, 2377, 2176, 2432, 1562, 3032, 4550, 1731, 2792, 2914, 2212, 3673, 2287, 3538, 1912, 1987, 1762, 2571, 2424, 1970, 1880, 3552, 3710, 3231, 2892, 1290, 822, 813, 2640, 2348, 6462, 1063, 1385, 878, 5043, 2769, 1348, 2148, 2459, 4424, 3572, 2202, 1339, 7496, 817, 1492, 871, 4397, 3820, 1792, 1147, 2650, 2141, 4107, 1939, 3400, 1521, 1492, 3550, 1625, 921, 4233, 3122, 1873, 1606, 1817, 1461, 3066, 1889, 2825, 1819, 2952, 2126, 8288, 4045, 4134)

Test:
No precond: Mean: 2497.424, median: 2306.5, std: 1181.093, percent: 2469.5, flag: 0 
	(3795, 5289, 1445, 797, 1056, 1346, 2571, 8275, 2182, 1039, 2955, 2189, 1158, 3839, 3026, 1683, 594, 2924, 2657, 3223, 3003, 2194, 2092, 4489, 1086, 1038, 2593, 3530, 2226, 3031, 3604, 1711, 2215, 2151, 1199, 668, 5177, 5466, 3940, 1241, 2087, 3303, 1724, 2990, 2796, 2804, 4521, 1763, 2926, 3464, 2894, 2216, 2769, 812, 1059, 5890, 2654, 5275, 2990, 1452, 3016, 3165, 1785, 1826, 1441, 2132, 2996, 2113, 2871, 1919, 2468, 1452, 2831, 2094, 1466, 3065, 1893, 3403, 2281, 1836, 2451, 2364, 3530, 2440, 3637, 1856, 3503, 4305, 798, 5276, 2296, 1731, 869, 2049, 3111, 4340, 2166, 2341, 3080, 2607, 2798, 3011, 4531, 2443, 1629, 2607, 55, 960, 2516, 1973, 2554, 3012, 3304, 1919, 4999, 2190, 2385, 3673, 1593, 1619, 2975, 3000, 2696, 2286, 2604, 1616, 2655, 1105, 1765, 171, 2306, 2704, 2306, 1037, 2527, 866, 1863, 1122, 2571, 2063, 3391, 1132, 2334, 3754, 1967, 2165, 1622, 2229, 2200, 2167, 2450, 2944, 1432, 2019, 2202, 2081, 2307, 955, 1851, 3870, 2927, 2387, 2235, 3570, 3237, 3022, 3206, 4534, 1079, 1157, 2649, 1924, 2311, 4100, 4785, 4409, 2445, 2681, 1861, 4774, 986, 1077, 1652, 1571, 3029, 1227, 4943, 1955, 2873, 1485, 1115, 2293, 3144, 1430, 1117, 2089, 2223, 2307, 2910, 3764, 4301, 1564, 1692, 2917, 3234, 5660, 2097, 3654, 2485, 3376, 2337, 1809, 1608, 2387, 883, 3621, 1986, 2151, 3161, 1167, 1551, 1654, 1889, 5520, 2011, 2833, 5352, 2367, 1865, 4774, 2094, 1845, 1077, 1404, 4290, 1558, 1152, 2904, 1682, 1543, 1312, 2323, 2793, 1126, 1552, 2426, 5686, 1867, 1233, 3130)

Last: Mean: 2317.888, median: 2160.5, std: 1077.8, percent: 2257.42, B: 186, W: 62, flag: 0 
	(4289, 4936, 1237, 678, 1202, 1363, 2688, 5882, 1862, 1003, 2864, 1883, 1114, 3035, 3247, 1488, 548, 2912, 2416, 3311, 3059, 2594, 1784, 4082, 1079, 948, 2890, 3585, 2252, 3071, 2899, 2005, 1941, 1824, 1281, 615, 4023, 4579, 3460, 1145, 1884, 3124, 1632, 2311, 2824, 2206, 3918, 1577, 2951, 3128, 2423, 2055, 2477, 767, 848, 5070, 2148, 4991, 3162, 1344, 2492, 3256, 1577, 2375, 1206, 1939, 3070, 1977, 2684, 1792, 2352, 1300, 2783, 1914, 1330, 3050, 1813, 3863, 2152, 1922, 2656, 2510, 2946, 2200, 3161, 1923, 3506, 3790, 858, 4660, 2026, 1664, 952, 2077, 2884, 2986, 1917, 2017, 2363, 2365, 2524, 3079, 3298, 2200, 1470, 2226, 54, 995, 2378, 1619, 3058, 3206, 2968, 1557, 4324, 2023, 2479, 3374, 1457, 1644, 2877, 2827, 2389, 2410, 2161, 1426, 1991, 975, 1713, 171, 2351, 2452, 2429, 1011, 2277, 899, 1632, 1207, 2099, 1861, 3824, 907, 2052, 3571, 1378, 2433, 1805, 1803, 2104, 2355, 2871, 2761, 1168, 2019, 2139, 1800, 1751, 800, 1886, 3143, 2326, 2089, 2201, 3267, 3063, 2869, 2687, 3700, 1002, 1138, 2285, 1993, 2027, 3688, 4283, 4238, 2160, 2598, 1622, 3485, 1021, 963, 1705, 1224, 3096, 1150, 4361, 1692, 2317, 1293, 1077, 2337, 3035, 1405, 1008, 1941, 1841, 2342, 2482, 3350, 3894, 1433, 1396, 2772, 2629, 6256, 1630, 3618, 2334, 3787, 2272, 1764, 1446, 2180, 912, 3464, 2066, 2055, 3224, 1019, 1548, 1418, 1803, 6321, 1728, 2349, 4916, 2351, 1629, 4083, 1796, 1890, 1026, 1276, 4681, 1327, 1059, 2638, 1557, 1212, 1272, 2242, 2607, 1013, 1583, 2069, 5587, 1698, 1200, 3198)

[0.11577508 0.08599655 0.06215621 0.10444373 0.06446362 0.13168558
 0.07755186 0.06828077 0.08481687 0.08455199]

19/02/2026, 12:47:06
Config file: ./config/config_sign_4.ini
Data:
	1d_laplace_size: 45
	amount: 250
	params: 1 0.3
	seed: 4
	dim: 2025
Solver:
	tol: 1e-10
	max_iteration: None
Learn:
	iteration_count: 100
	step_range: 0.1
	method: sign
	seed: 4
	scale: 1 0.5 0.25
Precondition:
	num_coef: 10

Train:
(0, 1): Mean: 2695.564, median: 2446.0, std: 1295.124, percent: 2683.7, B: 250, W: 0, 
	(1583, 1417, 2185, 4522, 2584, 3384, 3268, 1321, 1211, 1852, 1264, 1177, 3704, 5774, 2044, 1417, 2109, 2512, 3110, 2896, 3090, 2510, 5987, 1256, 2209, 4651, 1910, 5289, 2546, 2297, 2718, 2336, 2329, 3209, 1849, 1626, 2185, 2444, 3456, 2108, 442, 3023, 4823, 2535, 3349, 2464, 2620, 2175, 2954, 1432, 4117, 1573, 2462, 879, 2181, 2571, 2654, 1465, 1840, 2046, 7429, 2202, 2929, 942, 2673, 2387, 957, 3453, 2507, 3725, 1291, 2012, 6148, 2990, 5653, 1722, 2772, 4401, 1905, 2448, 1567, 3102, 2336, 3071, 4099, 2672, 2490, 5274, 2229, 1969, 3731, 3005, 4445, 6673, 1714, 2192, 1096, 894, 2006, 6014, 817, 2218, 1502, 2064, 1786, 4121, 4557, 1975, 3316, 3025, 1494, 6744, 2432, 1346, 2548, 2092, 1801, 1583, 4074, 2317, 1944, 2165, 2577, 2897, 2517, 3039, 2371, 3506, 3345, 2679, 1900, 2402, 1669, 2015, 2758, 4366, 2656, 1811, 3830, 1153, 1958, 2261, 3600, 2265, 1813, 2460, 2889, 1709, 1798, 1414, 3321, 2697, 2040, 3835, 2527, 2835, 2039, 4311, 3052, 5063, 1970, 4438, 6816, 2704, 1880, 3323, 5227, 1985, 4908, 2455, 2830, 1592, 2494, 2760, 3966, 2033, 2160, 1483, 2155, 3273, 1548, 2897, 3495, 1530, 1975, 1503, 3045, 2632, 2507, 4634, 1877, 2636, 2436, 1803, 7779, 2250, 2671, 465, 1289, 1992, 2663, 4226, 2288, 1940, 2296, 2523, 4613, 1863, 1216, 2233, 2038, 1670, 2360, 3519, 2630, 2658, 3840, 1769, 4098, 2895, 2865, 3653, 2404, 540, 972, 7274, 1693, 1101, 3100, 1495, 3019, 2706, 6940, 2232, 1642, 1108, 4227, 1197, 3961, 1896, 2892, 1987, 2317, 2506, 2206, 1864, 2672, 1954, 2332, 3014)
(2, 8): Mean: 2692.32, median: 2469.5, std: 1296.838, percent: 2614.78, B: 127, W: 123, 
	(1481, 1366, 2089, 4544, 2666, 3601, 3232, 1296, 1306, 1961, 1421, 1387, 3117, 6573, 2329, 1156, 2121, 2661, 3339, 3233, 2836, 2778, 8013, 1165, 2157, 5187, 1945, 4496, 2329, 2317, 2920, 2032, 2567, 3516, 1583, 1661, 2471, 2689, 3526, 2179, 688, 3711, 4614, 2544, 2973, 2882, 3362, 1893, 2831, 1262, 4889, 1712, 2546, 842, 2263, 2637, 2622, 1626, 2150, 2141, 6515, 1763, 2561, 1025, 2842, 2477, 1103, 3231, 2577, 4085, 1252, 2008, 6125, 2733, 5579, 1589, 2747, 4328, 1935, 2822, 1866, 3885, 2087, 3258, 4435, 2786, 2641, 4958, 2270, 2454, 3470, 3097, 4401, 6664, 1854, 1934, 1254, 1021, 1989, 6520, 847, 2468, 1438, 2055, 1618, 6037, 4487, 2001, 3535, 2820, 1485, 5329, 2176, 1229, 2405, 2063, 1600, 1730, 4468, 2455, 1943, 2468, 2437, 3233, 2592, 3299, 2811, 3362, 2575, 2709, 2236, 2369, 1845, 1925, 2679, 5606, 2542, 2034, 3462, 1270, 1595, 2037, 3293, 2128, 1909, 2243, 2823, 1746, 1824, 1602, 3261, 2483, 1872, 3589, 2539, 2997, 1812, 3885, 2964, 4100, 2007, 4174, 5515, 2753, 2192, 3094, 4041, 1929, 4644, 2320, 3013, 1714, 2528, 2519, 3740, 2055, 1914, 1301, 2135, 2870, 1456, 2778, 3788, 1662, 2037, 1788, 2866, 2641, 2112, 4006, 1522, 2658, 2916, 1795, 7380, 2218, 2346, 397, 1199, 2200, 2505, 3519, 2644, 1735, 2182, 2558, 4648, 1640, 1244, 2355, 1805, 1822, 2807, 3593, 2726, 2868, 4393, 1715, 3448, 2495, 2840, 3475, 2360, 561, 926, 8409, 1648, 1104, 3312, 1558, 2820, 2167, 5963, 2126, 1816, 1110, 3625, 1047, 3949, 1542, 2764, 2159, 2187, 2722, 1981, 1815, 2678, 1893, 2368, 3310)
(3, 10): Mean: 2700.588, median: 2382.5, std: 1313.866, percent: 2632.94, B: 135, W: 115, 
	(1452, 1312, 2407, 4033, 2561, 3838, 3011, 1236, 1320, 1854, 1257, 1295, 3423, 7215, 2297, 1595, 1920, 2378, 3024, 3001, 3266, 2708, 6461, 1164, 1976, 4820, 2304, 5391, 2313, 2528, 2738, 2278, 2122, 4063, 1570, 1979, 2414, 2468, 3282, 1940, 625, 3340, 4654, 2250, 3045, 3021, 2490, 2097, 2824, 1362, 4754, 1622, 2337, 957, 2231, 2890, 2477, 1563, 1864, 2346, 6211, 2054, 2898, 932, 2396, 2333, 961, 3165, 2293, 3675, 1240, 2231, 5689, 2687, 6812, 1917, 2776, 4181, 1542, 2456, 1401, 3075, 2261, 3360, 4554, 2675, 2623, 5488, 2200, 2227, 3283, 3190, 4475, 5708, 1586, 1998, 1161, 874, 1946, 6101, 788, 2411, 1457, 2087, 1867, 4783, 5104, 2093, 3476, 2992, 1565, 5316, 2136, 1281, 2525, 2042, 1712, 1700, 4218, 2317, 1789, 2328, 2555, 3469, 2579, 2873, 2367, 3525, 2988, 2681, 1950, 2480, 1842, 1892, 2685, 5494, 2491, 1953, 3793, 981, 1859, 2216, 4050, 2200, 1810, 2406, 2497, 1657, 1587, 1417, 3277, 2704, 1836, 3763, 2424, 3049, 2202, 4469, 3446, 5047, 2050, 3822, 6800, 2856, 2058, 3283, 4874, 2387, 4470, 2327, 2677, 1588, 2377, 2530, 3705, 2090, 2214, 1350, 2323, 3416, 1648, 2934, 3895, 1744, 2075, 1594, 2758, 2630, 2179, 3652, 1673, 2835, 2372, 1760, 9062, 2270, 2311, 378, 1222, 1898, 2433, 3594, 2910, 1667, 2367, 2874, 4889, 1517, 1141, 2249, 2060, 1642, 2658, 3126, 2786, 3354, 3694, 2238, 3589, 2904, 3347, 3505, 2699, 611, 1034, 7304, 1519, 1023, 3036, 1478, 3212, 2218, 6139, 2338, 1711, 1058, 4585, 1164, 3672, 2032, 2918, 2144, 2305, 2709, 2168, 1581, 2562, 1982, 2219, 2996)
(4, 11): Mean: 2684.052, median: 2420.0, std: 1259.181, percent: 2695.52, B: 126, W: 124, 
	(1563, 1369, 2243, 4444, 2651, 3564, 3131, 1218, 1257, 1859, 1582, 1255, 3377, 6178, 1927, 1371, 2121, 2422, 3465, 2831, 2885, 2517, 5661, 1455, 2193, 5562, 2156, 5290, 2107, 2381, 2725, 2113, 2399, 3269, 1723, 1749, 2376, 2353, 3606, 2223, 766, 3430, 5390, 2276, 2951, 2555, 2828, 2010, 2788, 1520, 4504, 1709, 2386, 831, 2258, 2326, 2693, 1466, 1995, 2059, 6630, 2153, 2696, 879, 2528, 2536, 911, 3482, 2222, 3686, 1313, 2326, 5890, 2821, 5337, 1738, 2594, 5262, 1766, 2481, 1397, 2560, 2534, 3005, 4408, 2409, 2158, 5818, 2651, 2358, 3434, 2943, 4292, 5773, 1690, 1904, 1186, 857, 1806, 5814, 737, 2060, 1339, 2064, 1807, 4482, 4608, 2151, 3371, 3186, 1474, 5007, 2476, 1359, 2252, 2076, 1668, 1688, 4101, 2333, 1775, 1936, 2531, 3249, 2516, 3263, 2714, 3681, 2989, 2740, 1903, 2713, 1794, 1688, 3199, 4515, 2299, 1743, 3800, 1366, 1952, 2500, 3712, 2124, 1812, 2552, 2838, 1726, 1736, 1421, 3838, 3045, 2197, 3565, 2523, 3396, 2350, 4518, 3486, 3865, 2151, 3842, 6942, 2662, 1922, 2735, 5090, 2661, 4546, 2286, 3047, 1768, 2561, 2738, 4741, 2251, 2076, 1395, 2581, 3590, 1719, 3098, 3647, 1583, 2112, 1546, 2473, 2532, 2320, 4235, 1721, 2777, 2714, 1754, 7589, 2355, 2170, 422, 1186, 1882, 2442, 4037, 2642, 1637, 2301, 2628, 4806, 1607, 1324, 2524, 1851, 1699, 2677, 3411, 2445, 2763, 3861, 1937, 4238, 2687, 3254, 3279, 2068, 382, 1021, 7322, 1676, 1102, 2637, 1663, 2828, 2108, 5904, 2793, 1618, 980, 3786, 1171, 4025, 1614, 2726, 2125, 2285, 2418, 1948, 1747, 2852, 1848, 2188, 3339)
(5, 13): Mean: 2641.02, median: 2345.0, std: 1284.855, percent: 2602.2, B: 144, W: 105, 
	(1461, 1347, 2206, 4307, 2576, 3915, 2878, 1277, 1181, 1957, 1389, 1119, 3485, 5778, 2201, 1414, 2106, 2706, 3062, 2929, 3038, 2474, 5612, 1223, 1967, 4728, 2123, 5174, 2448, 2028, 2552, 2113, 2280, 3180, 1627, 1518, 1969, 2378, 3153, 2256, 668, 3740, 4932, 2253, 2887, 2595, 2960, 1991, 2758, 1191, 4587, 1615, 2488, 976, 2018, 2576, 2308, 1504, 2020, 2049, 6811, 1888, 2318, 841, 2490, 2529, 960, 3266, 2438, 4027, 1164, 2110, 5920, 3038, 6937, 1507, 2491, 4937, 1624, 2391, 1440, 2784, 2533, 3177, 3595, 2991, 2746, 5428, 2320, 2106, 3432, 2744, 4042, 6288, 1570, 1995, 1069, 920, 1799, 5615, 918, 2336, 1438, 2089, 1778, 5215, 4507, 2022, 3320, 2971, 1501, 5211, 2311, 1264, 2354, 2156, 1647, 1596, 3943, 2396, 1777, 2180, 2364, 3210, 2072, 2879, 2239, 3447, 3155, 2557, 2414, 2047, 1698, 1839, 2727, 4796, 2095, 2100, 4415, 1242, 1912, 2260, 3406, 2257, 1748, 2279, 2719, 1480, 1567, 1577, 3325, 2631, 1903, 3201, 2362, 2816, 2141, 3724, 3162, 4133, 2029, 3458, 5509, 2710, 2082, 3062, 5415, 2068, 4262, 2237, 2659, 1602, 2607, 2974, 4305, 2158, 1847, 1513, 2306, 3955, 1591, 2761, 3744, 1619, 2000, 1628, 2554, 2643, 2051, 5195, 1666, 2297, 2924, 1919, 8942, 2265, 2385, 434, 1312, 2088, 2675, 3541, 2557, 1660, 2458, 2976, 4987, 1639, 1406, 2472, 2054, 1971, 2362, 3766, 2448, 2939, 4345, 1860, 3086, 3262, 2729, 3389, 2224, 520, 986, 7855, 1540, 1077, 2983, 1515, 2958, 2140, 5547, 2175, 1681, 912, 3776, 1037, 3525, 1686, 2816, 1929, 2311, 2643, 1930, 1627, 2426, 1945, 1903, 2869)
(7, 22): Mean: 2655.016, median: 2366.5, std: 1272.568, percent: 2690.46, B: 125, W: 124, 
	(1568, 1311, 2192, 3878, 2811, 3789, 3603, 1242, 1123, 2159, 1344, 1231, 3695, 7210, 2257, 1466, 2079, 2501, 3214, 2454, 3103, 2361, 4676, 1231, 2111, 5314, 2133, 5013, 2445, 1944, 2604, 2100, 1888, 2957, 1550, 2103, 1981, 2377, 3703, 2365, 663, 3627, 4820, 2428, 2761, 2732, 2757, 1931, 2829, 1524, 4688, 1828, 2586, 984, 2084, 2485, 2168, 1385, 2228, 2014, 6477, 2093, 2288, 892, 2458, 2435, 1003, 3440, 2398, 3348, 1330, 2235, 5123, 2974, 5749, 1739, 2754, 5207, 1712, 2796, 1746, 2872, 2068, 3129, 5220, 2687, 2549, 5413, 2451, 2111, 3185, 3199, 4110, 7829, 1644, 2033, 1065, 923, 1941, 5877, 763, 2321, 1481, 2027, 2011, 5531, 4352, 1793, 2860, 2765, 1455, 5648, 2115, 1345, 2357, 2121, 1483, 1642, 4240, 2779, 1827, 2592, 2721, 3735, 2679, 2614, 2198, 3514, 2868, 2583, 2185, 2035, 1679, 1960, 2783, 4542, 2169, 2026, 4356, 1055, 1828, 2274, 3508, 2246, 1844, 2388, 2819, 1630, 1505, 1482, 3266, 2530, 1824, 3877, 2545, 2911, 1929, 4034, 3275, 4357, 1956, 4254, 6557, 2619, 2170, 2678, 4636, 2165, 4476, 2136, 2767, 1602, 2635, 2836, 4034, 1944, 1814, 1347, 2496, 3771, 1542, 2821, 4124, 1544, 2003, 1748, 2884, 2514, 2362, 4452, 1570, 2447, 2780, 1624, 7707, 2197, 2368, 515, 1221, 2272, 2285, 3437, 2242, 1623, 2324, 2653, 4483, 1638, 1094, 2259, 2021, 1772, 2471, 3486, 2847, 2917, 4093, 1839, 3734, 2920, 2956, 2879, 2147, 524, 980, 6914, 1815, 1046, 3071, 1542, 2992, 2049, 5040, 2177, 1781, 1031, 4032, 1153, 3799, 1608, 2883, 1964, 2394, 2960, 1854, 1637, 2713, 1893, 1976, 2825)
(8, 28): Mean: 2653.86, median: 2399.5, std: 1286.561, percent: 2644.74, B: 130, W: 120, 
	(1442, 1296, 2195, 4576, 2720, 3471, 3154, 1245, 1149, 2064, 1447, 1213, 3416, 6771, 2321, 1265, 2067, 2377, 3475, 2761, 2781, 2409, 4881, 1079, 1961, 4254, 2211, 6283, 2568, 2286, 2541, 2049, 2337, 2988, 1562, 1930, 2187, 2368, 2964, 2039, 546, 3334, 5319, 2349, 3157, 2469, 2968, 2061, 3037, 1505, 4309, 1489, 2609, 892, 2335, 2598, 2433, 1621, 1961, 2143, 6751, 1825, 2527, 937, 2773, 2364, 946, 3287, 2334, 4080, 1352, 2044, 5526, 2879, 5638, 1478, 2954, 5004, 1683, 2856, 1641, 3118, 2305, 2878, 4009, 2831, 2425, 5429, 2204, 2213, 3209, 2753, 3800, 7154, 1763, 1987, 1181, 765, 1959, 6682, 816, 1978, 1461, 2058, 1620, 4946, 4969, 1907, 2897, 2991, 1446, 5861, 2600, 1293, 2579, 2034, 1479, 1599, 3976, 2440, 1699, 1965, 2536, 3287, 2638, 3040, 2489, 3542, 3315, 2799, 2030, 2148, 1964, 1942, 2936, 4885, 2390, 2153, 3857, 1073, 1901, 2264, 3739, 2143, 1831, 2440, 2804, 1569, 1499, 1480, 3727, 2695, 1871, 3599, 2413, 3095, 1995, 3889, 3464, 3902, 2155, 4094, 5650, 2846, 1973, 3141, 4260, 2019, 4147, 2505, 2932, 1553, 2502, 3359, 4307, 2176, 1983, 1456, 2427, 3773, 1568, 2612, 4341, 1757, 1979, 1648, 2523, 2478, 2195, 4267, 1583, 2845, 2467, 1553, 9106, 2329, 2321, 472, 1185, 2175, 2745, 2966, 2363, 1621, 2489, 2718, 5054, 1428, 1139, 2342, 2163, 1766, 2303, 3464, 2682, 2980, 3823, 1840, 3981, 2454, 3130, 3140, 2044, 451, 943, 6946, 1683, 1155, 2843, 1517, 3158, 2313, 5183, 2289, 1673, 1186, 3513, 1068, 3056, 1513, 2573, 1868, 2340, 2613, 2489, 1674, 2617, 1869, 1977, 2918)
(9, 29): Mean: 2639.312, median: 2325.5, std: 1225.254, percent: 2657.2, B: 137, W: 113, 
	(1817, 1279, 2108, 4017, 2868, 3415, 3261, 1133, 1236, 1856, 1332, 1368, 3135, 5630, 2263, 1550, 2025, 2961, 3444, 2782, 3459, 2728, 5537, 1090, 1983, 4106, 1864, 5624, 2334, 2066, 2900, 2033, 2383, 3363, 1734, 1693, 2008, 2180, 3696, 1997, 646, 3222, 4490, 2572, 2474, 2905, 2551, 1942, 2908, 1424, 4120, 1539, 2461, 835, 1938, 2502, 2696, 1398, 1865, 2068, 6955, 2169, 2985, 949, 3082, 2272, 888, 3416, 2276, 5056, 1364, 2015, 5474, 3039, 5126, 1747, 2805, 4611, 1510, 2540, 1868, 3043, 2313, 3025, 4205, 2515, 2522, 5751, 2309, 2033, 2884, 2977, 3759, 5527, 1667, 2163, 1221, 840, 1866, 5678, 853, 2105, 1361, 2317, 1667, 4595, 4365, 1736, 3024, 2760, 1426, 5889, 2273, 1320, 2271, 2189, 1544, 1762, 4137, 2439, 1830, 2001, 2376, 3260, 2631, 2858, 2187, 3445, 3030, 2961, 2037, 2106, 1880, 1937, 2678, 4824, 2443, 2010, 3483, 1090, 1584, 2177, 3301, 2080, 2016, 2159, 2768, 1572, 1714, 1590, 4147, 2664, 1751, 4475, 2304, 2917, 2006, 4340, 3504, 4938, 2036, 3713, 6739, 2806, 2095, 2945, 4364, 2328, 4944, 2318, 2939, 1540, 2289, 2708, 3912, 2227, 1916, 1450, 2272, 3602, 1483, 2726, 4239, 1656, 2129, 1595, 2915, 2707, 2439, 4365, 1649, 2731, 2545, 1721, 7247, 2323, 2372, 437, 1266, 1945, 2927, 3024, 2459, 1864, 2416, 2656, 4410, 1473, 1222, 2221, 2020, 1640, 2635, 4017, 2723, 2971, 3758, 1735, 4074, 3203, 3099, 3061, 2135, 484, 979, 6430, 1672, 1107, 2737, 1530, 2830, 2239, 6002, 2215, 1675, 1053, 4235, 1255, 3670, 1602, 2777, 1771, 2312, 2333, 1952, 1619, 2527, 2046, 2121, 2913)
(10, 31): Mean: 2649.704, median: 2391.5, std: 1298.173, percent: 2587.9, B: 125, W: 124, 
	(1498, 1294, 2135, 4517, 2659, 3452, 3068, 1313, 1267, 1979, 1275, 1385, 3471, 6112, 2330, 1475, 1870, 2607, 3131, 2655, 2883, 2323, 5503, 1247, 2125, 4597, 1883, 6352, 2358, 2392, 2915, 2113, 2332, 3484, 1641, 1763, 2153, 2306, 2741, 2018, 551, 3161, 4192, 2472, 3173, 2534, 3214, 1921, 2989, 1263, 4854, 1494, 2431, 832, 2070, 2497, 2194, 1538, 1703, 1887, 6281, 1948, 2420, 911, 2884, 2446, 961, 3409, 2670, 4004, 1276, 2136, 5778, 2778, 6509, 1608, 2651, 4374, 1636, 2995, 1238, 2873, 2163, 3260, 4807, 2072, 2542, 5209, 2085, 2093, 3435, 2746, 3949, 7511, 1645, 2219, 1328, 960, 1839, 5380, 770, 2219, 1886, 1970, 1578, 5042, 3863, 2134, 2850, 3294, 1529, 4840, 2275, 1188, 2107, 1853, 1666, 1665, 5004, 2280, 1603, 2005, 2672, 3032, 2337, 2715, 2386, 3220, 3107, 2845, 1892, 2277, 1734, 1930, 2547, 4676, 2062, 1988, 3882, 1011, 1838, 2117, 3582, 2114, 1720, 2441, 2642, 1562, 1763, 1598, 3274, 2756, 2001, 3572, 2418, 2993, 2131, 4409, 3108, 4426, 1914, 3740, 5947, 2917, 1939, 3335, 5232, 2361, 4161, 2555, 2900, 1729, 2597, 3129, 4432, 1872, 1924, 1422, 2060, 3211, 1466, 2865, 4175, 1591, 1899, 1847, 2872, 2585, 2253, 4714, 1653, 2570, 2586, 1732, 9617, 2465, 2485, 428, 1230, 2335, 2601, 3221, 2430, 1710, 2525, 2881, 4811, 1566, 1248, 2391, 2020, 1619, 2421, 3244, 2714, 2820, 3764, 1935, 3758, 3115, 2733, 3229, 2176, 434, 970, 7285, 1550, 1059, 3015, 1471, 2909, 2124, 5429, 2396, 1808, 1138, 4251, 1176, 3409, 1729, 2646, 2035, 2429, 2653, 1993, 1829, 2737, 2109, 1978, 3167)
(11, 32): Mean: 2624.188, median: 2325.0, std: 1284.835, percent: 2660.64, B: 138, W: 111, 
	(1438, 1264, 2135, 4116, 3003, 3520, 3453, 1332, 1201, 1832, 1368, 1174, 3256, 6390, 2143, 1416, 1902, 2332, 3453, 3349, 2828, 2612, 5358, 1040, 2010, 4625, 2010, 4889, 2286, 2084, 2822, 1953, 2027, 3205, 1614, 1970, 1956, 2234, 3396, 2123, 670, 3603, 4653, 2104, 2916, 2821, 2806, 1953, 2932, 1233, 4414, 1837, 2415, 853, 2030, 2605, 2191, 1405, 1927, 1800, 6233, 2106, 2526, 875, 2527, 2467, 906, 3326, 2162, 3416, 1355, 2284, 5754, 2797, 7664, 2050, 2915, 4210, 1726, 2686, 1975, 2707, 2073, 3039, 3837, 2548, 2385, 5041, 2235, 2344, 2845, 2640, 3840, 7731, 1754, 2090, 1136, 975, 1946, 4641, 760, 1893, 1419, 2081, 1877, 5820, 4679, 1912, 3487, 2821, 1440, 5733, 2209, 1447, 2033, 1943, 1461, 1686, 4111, 2366, 1839, 2045, 2315, 3044, 2845, 2781, 2309, 3315, 3105, 2574, 2004, 2324, 1776, 1719, 2487, 4705, 2137, 2222, 4289, 1174, 1818, 2126, 3298, 2387, 1760, 2733, 2611, 1656, 1551, 1407, 3436, 2493, 1722, 3690, 2447, 2960, 1825, 4027, 3824, 4014, 1934, 4001, 5644, 2650, 2046, 2919, 5742, 2379, 4343, 2101, 2628, 1591, 2420, 3287, 4185, 2067, 2088, 1295, 2270, 2749, 1679, 2518, 4245, 1451, 1913, 1666, 2389, 2400, 2472, 4332, 1622, 2851, 3496, 1421, 8550, 2195, 2349, 398, 1309, 2064, 2402, 3413, 2457, 1740, 2326, 2337, 5342, 1828, 1191, 2236, 2191, 1558, 2465, 3950, 2424, 2728, 4120, 1906, 3568, 2729, 2856, 3835, 1991, 495, 988, 6571, 1446, 1048, 2525, 1640, 3235, 1978, 5649, 2122, 1598, 1087, 3814, 1163, 3387, 1736, 2878, 1886, 2113, 2461, 1858, 1650, 2723, 1888, 1989, 2841)
(12, 34): Mean: 2577.844, median: 2322.5, std: 1202.92, percent: 2534.04, B: 138, W: 111, 
	(1365, 1301, 2327, 4158, 2650, 2905, 2907, 1332, 1180, 1973, 1233, 1214, 3319, 6083, 1990, 1353, 1976, 2555, 3034, 2550, 2906, 2576, 5683, 1190, 2040, 4493, 1997, 5588, 2260, 2117, 2994, 1909, 2484, 3429, 1578, 1835, 2063, 2208, 2644, 2192, 539, 3361, 3955, 2399, 3001, 2822, 2779, 1736, 2493, 1353, 4155, 1673, 2409, 890, 2315, 2535, 2257, 1406, 2011, 2029, 6266, 1843, 2065, 872, 2375, 2346, 1015, 3357, 1997, 3411, 1148, 2090, 6079, 2822, 6241, 1677, 2750, 3754, 1851, 2321, 1640, 2835, 2253, 2933, 4758, 2271, 2536, 4780, 2314, 2100, 2976, 2471, 4652, 5644, 1641, 2083, 1123, 960, 1941, 6085, 806, 2503, 1516, 1994, 1605, 5606, 4242, 1761, 3440, 2968, 1489, 5237, 2149, 1368, 2651, 2254, 2025, 1495, 3739, 2168, 1714, 2287, 2620, 3272, 2401, 2851, 2324, 3266, 2964, 2479, 1987, 2032, 1732, 1721, 2556, 4609, 2174, 1929, 3381, 1085, 1729, 1964, 3138, 2147, 1708, 2463, 2679, 1561, 1516, 1496, 3813, 2947, 1737, 3204, 2608, 2852, 1897, 4285, 3152, 3955, 1793, 4466, 5259, 2670, 2140, 2845, 4289, 1934, 4552, 2036, 2499, 1584, 2315, 2443, 4240, 1844, 1933, 1381, 2331, 3377, 1523, 2592, 3978, 1437, 1830, 1685, 2887, 2364, 2240, 4232, 1525, 2518, 2804, 1654, 7272, 2311, 2416, 420, 1207, 2094, 2568, 3070, 2340, 1746, 2544, 2502, 4244, 1461, 1169, 2156, 1957, 1652, 2319, 3505, 2734, 3551, 4517, 1779, 3531, 3178, 2949, 3143, 2727, 479, 962, 6622, 1548, 1045, 3143, 1417, 2746, 2434, 5240, 2063, 1697, 1156, 4516, 1020, 4083, 1811, 3059, 2039, 2284, 2600, 1907, 1730, 2952, 1730, 2097, 2583)
(14, 41): Mean: 2567.716, median: 2258.0, std: 1236.157, percent: 2641.36, B: 129, W: 121, 
	(1651, 1252, 2077, 3835, 2558, 3763, 3078, 1207, 1059, 2035, 1303, 1223, 4081, 6987, 2242, 1261, 1928, 2699, 2799, 2685, 2934, 2603, 5351, 1165, 2075, 4499, 1912, 5226, 2488, 2064, 2584, 2160, 2060, 3046, 1591, 1707, 1983, 2231, 3122, 2280, 645, 2720, 3939, 2157, 2925, 2841, 3032, 1854, 2784, 1371, 4096, 1504, 2645, 837, 2102, 2760, 2298, 1426, 2060, 1857, 6217, 1943, 2525, 849, 2181, 2021, 890, 3055, 2140, 4095, 1265, 2010, 4892, 2638, 6504, 1500, 2611, 4126, 1564, 2706, 1548, 3001, 1942, 3015, 4426, 2031, 2220, 5347, 2362, 2449, 3140, 2925, 4249, 6722, 1604, 1853, 1127, 880, 1815, 6398, 815, 2219, 1401, 1948, 1538, 4565, 3532, 1692, 3107, 2758, 1525, 4886, 2064, 1193, 2178, 1980, 1405, 1620, 4479, 2647, 1570, 2091, 3041, 2924, 2274, 2925, 2191, 3305, 3026, 2519, 2012, 2110, 1939, 1791, 2524, 3738, 1924, 2115, 3983, 1307, 1693, 1796, 3529, 2325, 1616, 2058, 2690, 1530, 1684, 1450, 3288, 2542, 2033, 3764, 2639, 2661, 2020, 4136, 3464, 3747, 1842, 4474, 6610, 2509, 2079, 3272, 3957, 2312, 4335, 2080, 2682, 1531, 2581, 2436, 4026, 1866, 1975, 1354, 1969, 3379, 1404, 3034, 3294, 1462, 2006, 1843, 2598, 2724, 2023, 3980, 1579, 2500, 2793, 1692, 7703, 2010, 2562, 438, 1090, 2003, 2352, 3349, 2024, 1766, 2313, 2203, 4353, 1660, 1147, 2397, 1947, 1637, 2467, 3715, 2365, 2777, 3736, 1763, 3863, 2874, 2732, 3306, 2176, 388, 970, 7261, 1602, 1142, 2706, 1454, 3187, 2174, 5498, 2416, 1754, 1017, 4074, 1120, 4063, 1573, 2896, 2028, 2527, 2513, 2216, 1605, 2848, 1898, 2237, 2864)
(15, 42): Mean: 2590.808, median: 2326.0, std: 1248.654, percent: 2557.68, B: 128, W: 122, 
	(1521, 1134, 2183, 3853, 2365, 3525, 3285, 1361, 1083, 1861, 1371, 1229, 3954, 6717, 2155, 1265, 1827, 2356, 3064, 2675, 2730, 2506, 4731, 1079, 2056, 5040, 1878, 6524, 2259, 1987, 2725, 2243, 1928, 3205, 1551, 1693, 1873, 2654, 3411, 2097, 602, 3333, 4011, 2097, 2971, 2884, 2598, 1893, 3041, 1236, 4750, 1712, 2262, 822, 2278, 2521, 2297, 1448, 1831, 1935, 6992, 1648, 2309, 866, 2233, 2507, 897, 3230, 2181, 3711, 1186, 1908, 5497, 2840, 5323, 1633, 3029, 5013, 1780, 2516, 1500, 2912, 1990, 3006, 3489, 2470, 2668, 4435, 2425, 2368, 3449, 2863, 4246, 6612, 1562, 1961, 1234, 859, 1773, 5768, 771, 2347, 1419, 1966, 1758, 5054, 4388, 1943, 3557, 3005, 1432, 5249, 2182, 1268, 2018, 1926, 1517, 1559, 4994, 2374, 1730, 1808, 2566, 3379, 2716, 3283, 2175, 3110, 3127, 2805, 2033, 2620, 1850, 1896, 2663, 4814, 2162, 1841, 3838, 922, 1851, 1952, 3394, 2100, 1645, 2503, 2577, 1442, 1669, 1414, 3536, 2629, 1648, 4377, 2836, 2642, 2029, 4175, 3694, 4551, 1865, 3441, 6208, 2598, 2090, 3156, 4191, 1816, 4333, 1994, 2676, 1577, 2369, 2984, 3633, 1811, 1990, 1333, 2164, 4081, 1612, 2897, 3471, 1432, 2008, 1750, 2394, 2369, 2057, 3906, 1702, 2330, 2686, 1431, 7232, 2322, 2375, 462, 1281, 1972, 2322, 3083, 2637, 1635, 2597, 2799, 4144, 1440, 1132, 2447, 1910, 1682, 2460, 3168, 2629, 3118, 4288, 1733, 3878, 2634, 3036, 3096, 2476, 529, 854, 6717, 1478, 964, 2520, 1573, 3051, 1991, 5908, 2175, 1864, 1002, 4018, 1167, 3448, 1899, 3118, 2011, 2192, 2665, 2067, 1506, 2765, 1933, 2091, 2759)
(16, 43): Mean: 2548.252, median: 2258.0, std: 1242.902, percent: 2536.62, B: 135, W: 115, 
	(1441, 1205, 2165, 3945, 2783, 3549, 3302, 1336, 1161, 1941, 1275, 1193, 3366, 6085, 2180, 1379, 1849, 2621, 3187, 2631, 2634, 2631, 5204, 1120, 1789, 4647, 1797, 4791, 2279, 2012, 2903, 2021, 2171, 2910, 1599, 1546, 1929, 2535, 3665, 1830, 633, 3035, 4997, 2201, 2604, 2458, 2684, 1864, 2679, 1637, 4015, 1587, 2264, 815, 2062, 2559, 2018, 1353, 2165, 2176, 7178, 1913, 2327, 856, 2269, 2307, 959, 3108, 1947, 3129, 1225, 1959, 6242, 2685, 5242, 1618, 2700, 4227, 1707, 2657, 1607, 2746, 1988, 2997, 4379, 2256, 2147, 4822, 2172, 2030, 2965, 2621, 4697, 5410, 1493, 2299, 1211, 900, 1903, 6374, 877, 2527, 1555, 2074, 1666, 5170, 4807, 1928, 2871, 2489, 1403, 6454, 2163, 1266, 2355, 1850, 1667, 1506, 3916, 2566, 1638, 2023, 2756, 3044, 2169, 2981, 2151, 3694, 3140, 2545, 1935, 2260, 1728, 1809, 2525, 4515, 2286, 1918, 3562, 1134, 1681, 2012, 4414, 2035, 1838, 2252, 2715, 1708, 1355, 1432, 2855, 2548, 1877, 3148, 2486, 2694, 1855, 4328, 3135, 3559, 1848, 3539, 6965, 2557, 1920, 2993, 4080, 1886, 4696, 2177, 2740, 1489, 2204, 2339, 3692, 1883, 1993, 1339, 1954, 3362, 1591, 3060, 3086, 1367, 1940, 1556, 2698, 2610, 2170, 3966, 1541, 2532, 2589, 1661, 7549, 2377, 2105, 352, 1300, 2011, 2709, 3547, 2295, 1514, 2089, 2306, 5332, 1388, 1211, 2182, 1901, 1642, 2233, 3196, 2613, 2977, 4211, 1800, 3421, 2662, 3134, 3183, 2415, 452, 983, 6870, 1563, 995, 2802, 1527, 2720, 1938, 5494, 2461, 1636, 1059, 3445, 1048, 3516, 1576, 3109, 1982, 2318, 2334, 2057, 1880, 2472, 1790, 2042, 2781)
(17, 45): Mean: 2531.88, median: 2249.0, std: 1195.502, percent: 2581.0, B: 125, W: 123, 
	(1464, 1324, 2097, 3889, 2854, 3683, 2952, 1326, 1172, 1900, 1313, 1197, 3377, 7227, 2208, 1322, 1879, 2737, 2640, 2825, 3248, 2522, 5322, 1111, 2115, 3952, 1757, 5060, 2252, 1930, 2661, 2006, 2121, 3040, 1634, 1732, 1924, 2180, 3310, 1920, 628, 3626, 4342, 2251, 2580, 2516, 2866, 1854, 2811, 1249, 4184, 1546, 1973, 939, 1883, 2510, 2549, 1450, 1924, 1721, 6855, 2090, 2229, 860, 2501, 2159, 910, 3333, 2298, 4217, 1196, 2143, 5372, 2584, 5756, 1759, 2730, 4166, 1504, 2512, 1369, 2988, 2062, 3066, 4151, 2366, 2352, 4312, 2525, 2388, 3246, 2707, 4010, 5924, 1567, 2053, 1155, 887, 1797, 5101, 697, 2289, 1489, 1884, 1454, 4035, 3842, 2106, 3007, 2829, 1526, 4819, 2247, 1299, 2169, 1860, 1651, 1532, 3800, 2383, 1638, 2179, 3099, 3463, 2276, 2733, 2073, 3747, 2588, 2302, 1852, 2208, 1664, 1839, 2761, 3510, 2688, 1830, 3653, 1111, 1758, 1809, 3418, 1846, 1903, 2635, 2895, 1609, 1549, 1363, 3368, 2538, 1991, 3701, 2455, 2863, 2195, 3725, 3731, 3683, 1858, 3779, 5493, 2613, 1940, 2904, 5690, 2325, 3837, 2149, 2575, 1450, 2340, 2373, 3972, 2190, 2177, 1361, 1870, 3261, 1565, 2703, 3913, 1455, 1815, 1601, 2743, 2967, 2232, 4132, 1616, 2200, 2643, 1711, 6530, 2305, 2099, 387, 1217, 2230, 2574, 3132, 2101, 1639, 2151, 2501, 5304, 1581, 1125, 2190, 1950, 1456, 2166, 2918, 2310, 3151, 3706, 1809, 3269, 2792, 2930, 3039, 2350, 411, 851, 8202, 1560, 1012, 3235, 1345, 3039, 2039, 5167, 2030, 1550, 1086, 3472, 978, 3516, 1530, 2705, 1911, 2104, 2453, 1952, 1659, 3126, 2002, 2020, 2698)
(20, 58): Mean: 2528.104, median: 2223.0, std: 1210.17, percent: 2518.1, B: 125, W: 124, 
	(1552, 1310, 2074, 4932, 2551, 3273, 3137, 1261, 1186, 1941, 1252, 1076, 3201, 6689, 2107, 1333, 1852, 2463, 2840, 2706, 2996, 2252, 5769, 1184, 1775, 4242, 1994, 4316, 2083, 2025, 2578, 1911, 1806, 3220, 1520, 1630, 1826, 2352, 2952, 2129, 504, 3079, 4183, 2131, 3281, 2435, 2773, 1946, 2878, 1179, 4336, 1722, 2534, 795, 2206, 2559, 2265, 1356, 1956, 1812, 6632, 2024, 2417, 877, 2257, 2395, 951, 2880, 2140, 3053, 1262, 2028, 6411, 3023, 5210, 1478, 2899, 4772, 1637, 2658, 1453, 2816, 1895, 2938, 3871, 2256, 2292, 5358, 2021, 2096, 3171, 2505, 4414, 6127, 1567, 1947, 1197, 839, 1807, 5965, 692, 2221, 1380, 2085, 1484, 4735, 3911, 1836, 3412, 2791, 1529, 5579, 2205, 1525, 2214, 1931, 1486, 1586, 3604, 2071, 1767, 2159, 3088, 3403, 2639, 2820, 2159, 3204, 2498, 2514, 1842, 2327, 1712, 1825, 2523, 4285, 2097, 1859, 3393, 1118, 1653, 2000, 3589, 2223, 1696, 2444, 2603, 1491, 1503, 1425, 3392, 2475, 2006, 3619, 2329, 2775, 1935, 4517, 2760, 3500, 1997, 4006, 6052, 2323, 2026, 2963, 4498, 2040, 4179, 1897, 2991, 1445, 2355, 2821, 3736, 2038, 1883, 1319, 1988, 3303, 1435, 2846, 3758, 1531, 1831, 1582, 2586, 2562, 1995, 3837, 1675, 2314, 2993, 1795, 6597, 2175, 2441, 412, 1122, 1837, 2151, 3140, 2223, 1704, 2231, 2951, 4590, 1558, 1308, 2245, 1844, 1664, 2379, 3549, 2336, 2934, 3928, 1821, 3804, 2793, 2960, 2930, 2154, 500, 913, 6926, 1572, 1010, 3005, 1410, 2989, 2083, 5539, 2311, 1560, 1049, 4188, 984, 3707, 1558, 2927, 1920, 2080, 2301, 1871, 1656, 2499, 1795, 2185, 2898)
(21, 60): Mean: 2521.816, median: 2237.5, std: 1218.525, percent: 2561.14, B: 138, W: 112, 
	(1540, 1228, 2275, 4053, 2678, 3182, 2880, 1170, 1102, 1869, 1379, 1174, 3326, 5993, 1909, 1271, 1904, 2401, 3468, 2942, 2798, 2666, 5470, 1217, 1977, 4911, 1883, 4172, 2204, 1954, 2779, 2237, 1877, 3085, 1573, 1677, 2013, 2221, 3175, 1992, 579, 3174, 3936, 1977, 2515, 2391, 2472, 2091, 2860, 1337, 4615, 1817, 2306, 864, 2154, 2280, 2342, 1530, 2028, 1966, 5472, 1893, 2406, 846, 2769, 2483, 933, 3622, 2382, 3435, 1272, 1900, 5343, 2570, 5497, 1723, 3194, 4192, 1670, 3021, 1424, 3037, 2082, 3041, 4006, 2051, 2204, 4724, 2263, 2041, 2920, 2670, 4241, 6302, 1544, 1944, 1185, 778, 1672, 6192, 685, 2108, 1510, 1993, 1597, 4373, 4144, 1814, 3133, 2496, 1416, 5607, 2297, 1464, 2170, 2254, 1497, 1507, 3960, 1999, 1670, 2062, 2568, 3152, 1946, 2573, 1988, 3139, 2902, 2414, 1829, 2186, 1604, 1672, 2713, 4618, 2219, 1805, 4291, 1119, 1704, 2113, 3026, 2214, 1611, 2173, 2544, 1444, 1495, 1491, 3203, 2887, 1685, 3364, 2432, 2971, 1873, 4222, 3837, 3862, 1797, 4109, 5926, 2596, 1923, 2832, 4001, 1942, 4464, 2031, 2693, 1469, 2442, 2842, 3746, 1977, 1802, 1255, 2152, 3516, 1386, 2621, 3662, 1495, 2058, 1476, 2429, 2188, 2138, 3673, 1682, 2658, 2430, 1524, 8246, 2424, 2477, 382, 1090, 1915, 2351, 3653, 2554, 1637, 2346, 2597, 4503, 1360, 1224, 2282, 1835, 1499, 2289, 3311, 2409, 2819, 4379, 1862, 3505, 2760, 2609, 2925, 2217, 389, 1010, 7277, 1577, 1072, 2785, 1442, 2782, 2018, 6380, 1854, 1515, 995, 4034, 1078, 3632, 1424, 2616, 1967, 2238, 2369, 1843, 1655, 2702, 1927, 1894, 3136)
(22, 64): Mean: 2507.856, median: 2262.5, std: 1212.356, percent: 2476.6, B: 125, W: 124, 
	(1348, 1201, 1850, 4608, 2666, 2695, 2445, 1172, 1106, 1964, 1373, 1178, 3202, 6631, 1898, 1352, 2044, 2265, 3208, 2517, 2445, 2285, 5580, 1043, 1954, 4824, 1763, 4984, 2004, 2034, 3133, 2092, 2285, 3466, 1616, 1554, 1906, 2283, 2536, 2240, 543, 2882, 4543, 2071, 2836, 2608, 2850, 1834, 2590, 1444, 4853, 1548, 2459, 876, 2041, 2395, 1906, 1516, 1667, 1615, 7598, 2077, 2417, 995, 2211, 2536, 858, 3528, 1935, 3419, 1108, 2106, 5764, 2476, 6854, 1578, 2659, 3990, 1513, 2557, 1339, 2650, 1910, 3184, 3771, 2601, 2247, 4211, 2274, 1972, 3077, 2476, 4608, 6483, 1517, 2127, 1054, 957, 1979, 5228, 741, 2184, 1514, 2019, 1697, 5054, 3335, 1950, 3431, 2414, 1490, 5229, 2094, 1300, 2136, 2055, 1465, 1590, 3711, 2196, 1634, 2005, 2519, 2775, 2412, 2857, 2076, 3592, 2592, 3004, 1736, 2053, 1463, 1680, 2550, 4914, 1926, 1589, 3829, 1079, 1833, 2325, 3350, 2030, 1705, 2333, 2635, 1577, 1495, 1374, 3563, 2830, 1975, 3232, 2440, 3369, 1941, 4000, 3268, 3433, 1781, 3766, 5013, 2844, 2079, 2792, 4644, 2167, 3932, 2292, 2902, 1787, 2437, 2372, 3668, 1725, 1781, 1265, 1979, 3321, 1666, 2625, 3491, 1594, 2029, 1355, 2606, 2675, 2297, 3963, 1560, 2366, 2476, 1683, 7434, 2117, 2260, 325, 1173, 1832, 2065, 3054, 2404, 1673, 2186, 2251, 4694, 1512, 1150, 2300, 1864, 1529, 2707, 3454, 2725, 2708, 3900, 1645, 3046, 3127, 2876, 3111, 2198, 446, 1030, 6325, 1620, 1013, 2679, 1382, 2999, 1957, 4393, 2291, 1572, 1027, 3357, 968, 3745, 1537, 3021, 1986, 2532, 2546, 2033, 1672, 2780, 1979, 2400, 3152)
(23, 66): Mean: 2486.808, median: 2252.0, std: 1165.284, percent: 2524.06, B: 135, W: 115, 
	(1501, 1140, 1951, 3770, 2425, 3034, 2990, 1184, 1126, 2003, 1299, 1261, 3377, 5636, 2154, 1272, 1898, 2320, 2921, 2702, 2509, 2599, 5178, 1106, 1916, 4071, 1950, 4142, 2322, 1864, 2803, 1882, 2070, 3138, 1534, 1503, 2031, 2169, 2634, 2115, 568, 2876, 4622, 2325, 2500, 2312, 2880, 2010, 2651, 1343, 4604, 1473, 2169, 858, 2219, 2616, 2326, 1373, 1603, 1741, 6706, 1883, 2673, 923, 2148, 2436, 1023, 3164, 1961, 3499, 1128, 1905, 5326, 2835, 5627, 1552, 2547, 3869, 1707, 2578, 1591, 2788, 2264, 3362, 4366, 2563, 2466, 5334, 2259, 1923, 2942, 2539, 4079, 5012, 1607, 2017, 987, 916, 1862, 6309, 801, 2323, 1335, 2011, 1645, 4463, 3772, 1858, 2844, 2715, 1448, 4929, 2051, 1312, 2024, 1989, 1389, 1600, 3686, 2245, 1772, 1939, 2625, 3240, 2015, 2850, 2356, 3437, 3121, 2453, 1895, 1921, 1722, 1708, 2732, 3866, 2098, 1623, 3522, 840, 1762, 1799, 3339, 2179, 1696, 2066, 2237, 1452, 1811, 1524, 3678, 2444, 1917, 3569, 2366, 2526, 1967, 4138, 3063, 4137, 1779, 3643, 5955, 2561, 1900, 2933, 4646, 2198, 3909, 2065, 2396, 1472, 2361, 2625, 4106, 1964, 1852, 1260, 2036, 3068, 1506, 2693, 3536, 1422, 1741, 1606, 2751, 2522, 2058, 4250, 1519, 2710, 2641, 1790, 7206, 2115, 2438, 447, 1174, 2043, 2637, 4112, 2279, 1560, 2356, 2877, 3732, 1507, 1084, 2329, 1926, 1572, 2142, 2854, 2336, 2754, 3954, 1729, 3873, 2980, 2854, 3201, 2141, 420, 965, 7738, 1601, 1092, 2973, 1453, 3067, 1910, 4133, 2288, 1608, 1019, 3575, 1063, 3597, 1383, 3017, 1848, 2271, 2470, 1939, 1884, 2667, 1946, 2174, 2825)
(24, 67): Mean: 2507.3, median: 2232.0, std: 1187.607, percent: 2431.0, B: 127, W: 123, 
	(1426, 1225, 2065, 4029, 2663, 3392, 3100, 1166, 1085, 1863, 1292, 1285, 3337, 6537, 1944, 1165, 1950, 2267, 2826, 2688, 2759, 2412, 5004, 1126, 2141, 3832, 1757, 5402, 2127, 2205, 2630, 2032, 2187, 3126, 1529, 1705, 1829, 2360, 3113, 2047, 538, 2997, 4862, 2437, 2845, 2863, 2846, 1909, 2590, 1303, 4362, 1517, 2307, 922, 2118, 2483, 2173, 1574, 1824, 1808, 6599, 2296, 2091, 927, 2270, 2377, 993, 2935, 2039, 3506, 1387, 1991, 5828, 2426, 4912, 1700, 2451, 4902, 1624, 2674, 1250, 2672, 2068, 3196, 4079, 2535, 2086, 4271, 2298, 2161, 3506, 2639, 4124, 5993, 1513, 2012, 1080, 954, 1805, 4861, 803, 2250, 1369, 2018, 1602, 4511, 3345, 1692, 2717, 2592, 1400, 5614, 2104, 1093, 2262, 1931, 1484, 1517, 3759, 2199, 1668, 2160, 2992, 2850, 2139, 3004, 2224, 3285, 3196, 2403, 1852, 2057, 1380, 1601, 2755, 4798, 2215, 1848, 4025, 1078, 1863, 1977, 3240, 1840, 1610, 2166, 2297, 1302, 1514, 1742, 3559, 2555, 1828, 3362, 2618, 2614, 1822, 3885, 3290, 6472, 2112, 3136, 5658, 2612, 2064, 2706, 3795, 2122, 4354, 2309, 2815, 1341, 2314, 2517, 3932, 1949, 2153, 1277, 2031, 3181, 1533, 2754, 4117, 1468, 1661, 1505, 2600, 2536, 2161, 3553, 1784, 2552, 2623, 1603, 6757, 2142, 2212, 404, 1239, 1928, 2442, 3353, 2276, 1890, 2402, 3228, 4072, 1401, 1143, 2040, 1963, 1470, 2615, 3011, 2496, 2822, 4470, 1711, 3602, 2744, 2620, 3378, 2556, 498, 871, 6912, 1360, 1171, 2805, 1431, 3123, 2207, 5264, 2187, 1674, 1112, 3888, 1045, 3290, 1489, 3121, 2066, 2240, 2293, 2080, 1457, 2520, 1858, 1954, 2409)
(25, 72): Mean: 2524.808, median: 2273.5, std: 1211.619, percent: 2515.24, B: 126, W: 124, 
	(1412, 1192, 2340, 4168, 2534, 3506, 2892, 1229, 1130, 1858, 1365, 1152, 3234, 5971, 1841, 1335, 2109, 2419, 2918, 2838, 2913, 2275, 5387, 1123, 1882, 4710, 1762, 5188, 2307, 2094, 2833, 2109, 2094, 3258, 1546, 1544, 1876, 2476, 2825, 2036, 593, 3530, 4589, 2370, 2695, 2805, 2842, 2093, 2813, 1379, 4450, 1626, 2295, 917, 2186, 2501, 2487, 1463, 1664, 1838, 6198, 1767, 2213, 800, 2938, 2398, 865, 2902, 2449, 3494, 1143, 2060, 5989, 2423, 6023, 1681, 2482, 4072, 1890, 2494, 1187, 2876, 2083, 3219, 3859, 2310, 2276, 4985, 2037, 2147, 3239, 2511, 3981, 6563, 1506, 1948, 989, 938, 1840, 5505, 757, 2270, 1354, 2105, 1483, 4181, 4134, 2035, 2670, 2455, 1414, 4880, 2191, 1335, 2203, 1842, 1468, 1571, 3540, 2480, 1587, 1965, 2668, 3574, 2313, 3191, 2396, 3350, 3093, 2597, 1796, 1922, 1672, 1788, 2575, 4513, 1843, 1816, 4160, 1035, 1633, 1832, 3072, 2044, 1681, 1934, 2567, 1484, 1505, 1338, 3303, 2621, 1715, 4160, 2474, 3372, 1691, 3920, 2988, 3729, 2062, 4066, 6535, 2900, 2110, 3140, 4009, 2272, 3943, 2123, 2369, 1674, 2561, 2379, 3793, 2077, 1932, 1365, 2224, 3118, 1448, 2760, 3342, 1744, 1884, 1658, 3104, 2243, 2383, 4454, 1500, 2139, 2578, 1673, 6883, 2130, 2295, 315, 1146, 1974, 2214, 3097, 2175, 1647, 2078, 2378, 4664, 1313, 1185, 2550, 1843, 1601, 2186, 2889, 2764, 3088, 3956, 1712, 3865, 2924, 2936, 3197, 2368, 433, 1053, 7812, 1493, 938, 2489, 1450, 3762, 2118, 5024, 1995, 1563, 1137, 3961, 1031, 2791, 1500, 3308, 1964, 2443, 2419, 1967, 1743, 2361, 1991, 2080, 3059)
(26, 73): Mean: 2510.38, median: 2255.0, std: 1227.287, percent: 2484.2, B: 140, W: 110, 
	(1408, 1107, 2011, 3976, 2690, 3220, 2884, 1049, 1155, 2112, 1229, 1126, 3782, 6176, 2277, 1275, 1998, 2492, 3220, 3191, 2236, 2335, 5373, 1118, 1973, 4397, 1725, 5141, 2314, 2269, 2439, 2288, 2010, 3273, 1353, 1503, 2026, 2262, 3211, 1981, 605, 2891, 3448, 2260, 2909, 2497, 2742, 1870, 2808, 1348, 4292, 1632, 2675, 889, 2043, 2623, 2152, 1535, 1996, 1721, 6617, 1837, 2091, 889, 2320, 2337, 916, 3261, 2177, 3188, 1127, 1808, 6644, 2612, 5975, 1564, 2545, 4081, 1650, 2426, 1623, 2794, 2251, 2914, 3492, 2245, 2161, 4600, 1910, 1944, 2839, 2535, 4410, 5944, 1533, 1993, 1074, 789, 1673, 5608, 745, 2165, 1341, 2069, 1541, 5465, 4752, 1945, 2613, 2441, 1489, 5039, 2197, 1227, 2161, 1747, 1452, 1552, 4090, 2409, 1634, 1968, 3024, 3688, 2127, 2807, 2166, 3494, 3429, 2312, 1781, 2162, 1530, 1770, 2676, 4969, 2166, 1805, 3647, 766, 1782, 1943, 2841, 2433, 1731, 2328, 2450, 1502, 1437, 1458, 3226, 2504, 1536, 3622, 2427, 2915, 2333, 4496, 3075, 3677, 2031, 3542, 6532, 2626, 2084, 3274, 5054, 1941, 4410, 2186, 2763, 1483, 2568, 2388, 4049, 2088, 1930, 1483, 2343, 3294, 1534, 2527, 3285, 1608, 1924, 1406, 2516, 2405, 2224, 4051, 1493, 2182, 2552, 1484, 7595, 2105, 2515, 444, 1162, 1902, 2438, 3473, 2363, 1663, 2147, 2577, 4291, 1317, 1189, 2238, 1652, 1668, 2259, 2844, 2497, 3030, 3927, 1691, 3019, 2599, 3036, 2989, 2292, 375, 896, 6968, 1612, 979, 2618, 1293, 3092, 1928, 4826, 2170, 1695, 971, 3901, 1210, 3558, 1470, 2836, 1732, 2240, 2521, 1782, 1688, 3056, 2115, 2089, 2777)
(27, 75): Mean: 2483.884, median: 2191.0, std: 1189.672, percent: 2472.22, B: 130, W: 119, 
	(1380, 1242, 1943, 3998, 2655, 2980, 2675, 1290, 1046, 2119, 1324, 1223, 3473, 5979, 1832, 1121, 1729, 2256, 2588, 2573, 2849, 2335, 5182, 1150, 1852, 4301, 1988, 4415, 2096, 2016, 2598, 2025, 1854, 3416, 1631, 1566, 2001, 2188, 2914, 2202, 577, 3125, 3596, 2321, 2574, 2268, 2812, 1816, 2889, 1341, 4846, 1772, 2444, 870, 1920, 2255, 2143, 1374, 1888, 1955, 5992, 1935, 1993, 951, 2362, 2094, 854, 2935, 2194, 3644, 1181, 1973, 6262, 2603, 6305, 1657, 2918, 4143, 1645, 2666, 1477, 2924, 2122, 2797, 3769, 1969, 2355, 4466, 2344, 2185, 3231, 2565, 4136, 6969, 1528, 2068, 1061, 927, 1829, 5708, 703, 2327, 1316, 2026, 1499, 4602, 3946, 1743, 2975, 2597, 1335, 5607, 2205, 1190, 2462, 1822, 1477, 1706, 4362, 2181, 1713, 1901, 2601, 3299, 1887, 2948, 2353, 3049, 2809, 2834, 1879, 1956, 1546, 1652, 2966, 5276, 1954, 1845, 3763, 890, 1698, 1860, 3186, 1920, 1720, 2444, 2429, 1500, 1530, 1357, 3074, 2613, 1775, 3033, 2861, 3032, 2039, 3898, 3519, 4240, 1777, 3519, 6267, 2530, 1891, 2928, 4072, 2044, 3769, 2003, 2628, 1523, 2695, 2648, 4034, 1987, 2098, 1385, 2337, 2803, 1432, 2423, 3711, 1617, 1823, 1595, 2428, 2453, 1959, 3775, 1479, 2438, 2627, 1596, 6854, 2145, 2079, 392, 1068, 1924, 2123, 2864, 2551, 1670, 1947, 2377, 4373, 1290, 1285, 2188, 1841, 1560, 2783, 2869, 2635, 2849, 4077, 1874, 3351, 2804, 3103, 3088, 2508, 371, 941, 6988, 1550, 970, 2815, 1392, 3211, 1785, 4522, 2271, 1603, 963, 3678, 1255, 2972, 1610, 3062, 2126, 2083, 2561, 1802, 1610, 2577, 1862, 2132, 3035)
(28, 76): Mean: 2495.892, median: 2244.5, std: 1233.017, percent: 2439.24, B: 129, W: 119, 
	(1426, 1209, 1809, 3802, 2957, 3705, 2954, 1097, 1040, 1932, 1178, 1274, 3232, 5788, 1971, 1295, 2006, 2533, 2793, 2699, 2731, 2308, 4960, 1005, 1820, 4544, 2122, 4485, 2144, 1804, 2334, 2151, 1861, 3368, 1479, 1638, 2062, 2290, 2906, 2195, 475, 2805, 4873, 2278, 2736, 3289, 2961, 1907, 2823, 1648, 4288, 1741, 2243, 883, 2106, 2314, 2246, 1578, 1829, 1752, 7003, 1825, 2451, 833, 2446, 2368, 980, 3089, 2109, 3493, 1196, 1792, 7246, 2455, 5791, 1893, 2656, 3579, 1564, 2422, 1238, 2639, 2013, 3318, 3861, 2291, 2308, 4123, 2148, 2042, 2758, 2698, 4422, 6118, 1492, 1907, 977, 906, 1727, 6879, 703, 2437, 1340, 2004, 1511, 5318, 3809, 2055, 2857, 2643, 1353, 5153, 2280, 1138, 1999, 2036, 1411, 1440, 3577, 2137, 1646, 2381, 2493, 2973, 2275, 2656, 2110, 2912, 2686, 2423, 1926, 1928, 1642, 1798, 2480, 4658, 2272, 2070, 3629, 914, 1810, 1820, 3552, 1719, 1755, 2347, 2644, 1524, 1457, 1430, 3082, 2473, 1696, 3473, 2701, 2661, 2105, 3872, 3078, 4068, 1906, 3357, 5293, 2642, 1988, 2904, 4195, 1795, 5015, 2002, 2391, 1564, 2405, 2635, 3746, 2053, 2118, 1365, 2107, 2965, 1465, 2681, 4222, 1494, 1885, 1587, 2767, 2447, 2045, 4519, 1488, 2399, 2845, 1599, 8448, 2153, 2581, 392, 1127, 2031, 2282, 3154, 2123, 1796, 2232, 2425, 4956, 1393, 1140, 2251, 1885, 1530, 2168, 2983, 2305, 3172, 3731, 1695, 3325, 2654, 2803, 3185, 2142, 393, 896, 6095, 1687, 952, 2655, 1530, 2829, 1887, 5469, 2087, 1643, 1011, 3945, 1047, 3334, 1484, 2681, 2000, 1952, 2318, 1793, 1715, 2812, 1835, 2127, 2767)
(29, 78): Mean: 2500.304, median: 2195.0, std: 1254.854, percent: 2463.82, B: 126, W: 124, 
	(1462, 1310, 2028, 4379, 2623, 3471, 2581, 1157, 1036, 1903, 1300, 1199, 3431, 6510, 2069, 1210, 1939, 2145, 2701, 2622, 2935, 2250, 4392, 1130, 1880, 4108, 1983, 5293, 2356, 1979, 2419, 2135, 2046, 3732, 1445, 1632, 1899, 1925, 2680, 1909, 685, 3253, 4188, 2490, 2814, 2674, 2837, 1897, 2475, 1421, 3966, 1608, 2382, 838, 2066, 2397, 2000, 1477, 1475, 1956, 7871, 1740, 2515, 837, 2294, 2044, 925, 3117, 2007, 3790, 1179, 1760, 5954, 2319, 5972, 1556, 2648, 4188, 1733, 2663, 1315, 3012, 2073, 2892, 4205, 2186, 2141, 4628, 1967, 2041, 3279, 2545, 4033, 5652, 1457, 1988, 1061, 908, 1701, 6454, 709, 2211, 1415, 1847, 1510, 4023, 4189, 2033, 2682, 2571, 1493, 5888, 1967, 1215, 2004, 2019, 1460, 1488, 3677, 2554, 1770, 2199, 2780, 2991, 1907, 3237, 2151, 3301, 2941, 2726, 1699, 2169, 1389, 1683, 2538, 4721, 2093, 1567, 3341, 1044, 1666, 1972, 3195, 2072, 1761, 2191, 2519, 1458, 1549, 1569, 3350, 2285, 1767, 3253, 2450, 2833, 1665, 4599, 3118, 5628, 1736, 3754, 6104, 2699, 2131, 2740, 4551, 1748, 4247, 2272, 2574, 1475, 2244, 2877, 3910, 2033, 1962, 1405, 1906, 3217, 1447, 2848, 3549, 1498, 1666, 1298, 2378, 2357, 2286, 3616, 1547, 2106, 2942, 1658, 8153, 2436, 2290, 403, 1203, 2125, 2480, 2964, 2374, 1720, 2211, 2833, 4725, 1364, 1181, 2203, 1740, 1447, 2643, 2709, 2744, 2995, 4216, 1767, 3618, 2401, 2919, 3299, 2839, 424, 857, 6709, 1632, 976, 2693, 1369, 2752, 1777, 5346, 2028, 1696, 1025, 3486, 1041, 3465, 1438, 2697, 2005, 2274, 2630, 1848, 1651, 2754, 1795, 2154, 2916)
(30, 79): Mean: 2473.008, median: 2198.5, std: 1163.79, percent: 2456.88, B: 135, W: 115, 
	(1312, 1171, 1953, 4122, 2480, 3441, 3349, 1199, 1095, 1834, 1242, 1222, 3291, 5892, 2002, 1255, 1868, 2047, 2743, 2798, 2638, 2445, 4206, 1112, 1772, 4233, 1890, 5023, 2258, 2189, 2430, 1884, 2025, 3553, 1757, 1542, 2258, 1967, 2929, 2047, 604, 2954, 4825, 2320, 2755, 2747, 2349, 1793, 2529, 1586, 4606, 1728, 2262, 895, 2235, 2364, 2025, 1447, 1825, 1807, 6127, 1857, 2379, 916, 2021, 2193, 895, 3079, 2310, 3779, 1141, 1891, 5054, 2430, 5426, 1639, 3066, 4263, 1779, 2350, 1389, 2624, 2185, 2765, 3618, 2125, 2212, 5218, 2016, 2093, 3321, 2342, 3967, 5545, 1491, 1998, 1027, 918, 1920, 6058, 645, 2617, 1525, 2006, 1649, 4807, 4801, 1863, 2775, 2633, 1260, 4870, 2134, 1255, 2039, 1967, 1418, 1683, 3627, 2213, 1569, 1978, 2733, 2785, 2100, 2967, 2131, 3224, 2640, 2699, 1730, 2052, 1557, 1667, 2472, 4801, 2243, 1624, 3734, 1061, 1763, 2091, 3097, 2107, 1503, 2618, 2355, 1620, 1468, 1333, 3267, 2433, 1664, 3368, 2305, 2977, 1770, 3923, 2930, 4054, 1772, 3635, 6649, 2931, 2073, 2896, 4210, 1745, 4071, 2139, 2145, 1502, 2389, 2792, 3844, 1813, 1902, 1308, 2365, 3104, 1607, 2901, 3374, 1460, 1950, 1748, 2326, 2200, 2283, 3658, 1623, 2197, 2793, 1727, 6645, 2070, 2717, 466, 1179, 1966, 2226, 3112, 2656, 1692, 1958, 2234, 5052, 1462, 1067, 2254, 1720, 1798, 2364, 3060, 2294, 2827, 4070, 2044, 3704, 2440, 2948, 3329, 2492, 374, 855, 6642, 1500, 972, 3067, 1348, 2645, 1817, 5235, 2083, 1568, 990, 3549, 1019, 3383, 1629, 2934, 2039, 2141, 2501, 1940, 1576, 2818, 1792, 1940, 3160)
(31, 80): Mean: 2457.212, median: 2188.0, std: 1175.355, percent: 2488.48, B: 131, W: 119, 
	(1480, 1164, 1975, 4137, 2594, 3414, 2837, 1196, 1104, 1929, 1227, 1249, 3550, 5306, 1942, 1350, 1855, 2394, 3104, 2827, 2674, 2429, 5191, 1176, 1981, 4632, 2057, 4226, 2244, 2105, 2575, 2179, 1994, 2875, 1528, 1604, 1810, 2173, 2745, 2131, 494, 3579, 3951, 2096, 2596, 2521, 2830, 1899, 2839, 1344, 3842, 1634, 2225, 910, 2023, 2425, 2195, 1363, 1887, 1748, 6129, 1754, 2255, 829, 2302, 2556, 891, 3095, 2092, 3615, 1080, 1706, 5823, 2278, 6598, 1623, 2488, 4657, 1707, 2367, 1518, 2421, 2060, 2947, 4223, 2472, 2209, 5306, 1980, 2095, 3149, 2152, 4096, 6283, 1646, 1924, 1014, 968, 1705, 4634, 701, 2362, 1351, 1921, 1486, 4136, 4045, 1870, 3406, 2731, 1269, 5508, 2181, 1239, 2452, 1872, 1470, 1509, 3870, 2073, 1627, 1964, 2430, 3658, 1920, 2960, 1957, 3675, 3007, 2548, 1819, 2280, 1551, 1870, 2453, 3925, 2171, 1618, 3771, 1103, 1811, 1798, 3008, 2103, 1562, 1903, 2628, 1355, 1577, 1335, 3164, 2641, 1828, 3041, 2470, 2744, 1822, 3660, 3037, 3729, 1675, 3733, 4656, 2448, 2143, 2823, 4368, 2076, 3609, 1996, 2552, 1572, 2449, 2621, 4018, 1908, 1860, 1305, 2263, 3257, 1521, 2830, 3442, 1495, 1685, 1516, 2693, 2335, 2166, 3674, 1500, 2252, 2658, 1927, 8362, 2293, 2180, 409, 1161, 1857, 1993, 2818, 2181, 1612, 2377, 2443, 5014, 1543, 1122, 2199, 2286, 1576, 2169, 3019, 2296, 2970, 3899, 1638, 3205, 2529, 2738, 3176, 2221, 379, 911, 6680, 1573, 949, 3011, 1429, 3002, 2214, 5505, 2036, 1582, 1010, 3317, 1044, 3099, 1575, 2794, 1792, 2149, 2340, 1840, 1562, 2739, 1828, 2044, 2601)
(32, 85): Mean: 2462.808, median: 2171.5, std: 1197.016, percent: 2535.08, B: 131, W: 119, 
	(1341, 1170, 1961, 4135, 2559, 3202, 2980, 1025, 1118, 1874, 1343, 1223, 3567, 5948, 2037, 1129, 2052, 2117, 2821, 2773, 2597, 2345, 4460, 1169, 1978, 4608, 1989, 4232, 2226, 2237, 2678, 1964, 1835, 2978, 1516, 1526, 1808, 2204, 2772, 1881, 653, 3469, 4009, 2005, 2428, 2392, 2985, 1929, 2485, 1304, 3931, 1570, 2193, 925, 2223, 2282, 2116, 1503, 1939, 1850, 7398, 1832, 2203, 736, 2145, 2313, 890, 3526, 2117, 3988, 1180, 2168, 5616, 2182, 4674, 1485, 2603, 4417, 1623, 2876, 1523, 2838, 2247, 3127, 3920, 1960, 2467, 4538, 1973, 2058, 2846, 2968, 4296, 7231, 1545, 1911, 1032, 838, 1569, 5732, 758, 2124, 1315, 1901, 1515, 4829, 4111, 1973, 2597, 2373, 1354, 5272, 1957, 1388, 2373, 1865, 1529, 1548, 3570, 2113, 1689, 1795, 2916, 2823, 2011, 2888, 1981, 3285, 2731, 2472, 1856, 1744, 1694, 1796, 2362, 4162, 1986, 1634, 3762, 926, 1896, 1854, 3996, 2086, 1557, 1973, 2650, 1460, 1557, 1316, 3132, 2581, 1866, 3987, 2280, 2408, 2102, 3773, 3630, 4068, 1644, 3734, 5303, 2526, 2013, 3140, 4170, 1857, 4219, 1900, 2440, 1741, 2400, 2412, 3882, 2049, 1802, 1359, 2020, 3061, 1512, 2642, 3618, 1456, 1781, 1438, 2641, 2274, 2318, 3473, 1477, 2183, 2579, 1707, 7870, 2512, 2490, 474, 1217, 1844, 2147, 2823, 2532, 1683, 2027, 2869, 4822, 1371, 1155, 2031, 1948, 1476, 2583, 3190, 2367, 3005, 3908, 1762, 3871, 2591, 3078, 3378, 2315, 419, 827, 7230, 1478, 922, 2790, 1593, 2644, 1900, 4021, 2175, 1597, 1092, 3507, 1000, 3039, 1501, 3175, 1838, 2448, 2516, 1764, 1749, 2559, 1888, 2051, 2559)
(33, 87): Mean: 2456.348, median: 2245.0, std: 1162.575, percent: 2417.54, B: 134, W: 116, 
	(1382, 1136, 1928, 4035, 2394, 3178, 2564, 1099, 1053, 1999, 1183, 1199, 3164, 5393, 1818, 1235, 1765, 2306, 2924, 2726, 2911, 2503, 4786, 1057, 1829, 3695, 2088, 4977, 2116, 2178, 2409, 2154, 2236, 3499, 1391, 1980, 1802, 2242, 3100, 1769, 545, 3039, 4955, 2394, 2277, 2554, 2974, 1956, 2774, 1203, 3806, 1686, 2351, 981, 1842, 2255, 2091, 1438, 1741, 1917, 6773, 1712, 2514, 836, 2214, 2373, 884, 3293, 1945, 3794, 1102, 2106, 5694, 2430, 7004, 1475, 2750, 4322, 1572, 2632, 1261, 2809, 1952, 2967, 3924, 2449, 2453, 4435, 1994, 2165, 3029, 2859, 4156, 6558, 1462, 2175, 1191, 858, 1790, 5961, 684, 2150, 1602, 2063, 1777, 4022, 4407, 1724, 2685, 2531, 1427, 5417, 2076, 1098, 2126, 1946, 1522, 1501, 4601, 2248, 1710, 2022, 2451, 3059, 2299, 2705, 2180, 3274, 2787, 2692, 1707, 2458, 1657, 1675, 2209, 4129, 2264, 1663, 3463, 1085, 1741, 1963, 4056, 1853, 1575, 2039, 2520, 1426, 1470, 1492, 3100, 2494, 1840, 3269, 2376, 2800, 2110, 3909, 3019, 4126, 1680, 3609, 5406, 2338, 1998, 2554, 3830, 1682, 4647, 2181, 2628, 1480, 2253, 2421, 3669, 1877, 1852, 1327, 2338, 2884, 1545, 2712, 3624, 1436, 1955, 1495, 2711, 2285, 2203, 4114, 1451, 2285, 2709, 1681, 6334, 2423, 2539, 412, 1128, 2019, 2372, 3359, 2413, 1470, 2129, 2323, 4214, 1319, 1116, 2293, 1758, 1459, 2068, 3198, 2485, 2995, 3598, 1743, 3291, 2540, 2605, 3325, 2261, 398, 894, 5783, 1444, 976, 2696, 1301, 2582, 2126, 5086, 2281, 1621, 1066, 3450, 1057, 3208, 1399, 2917, 2013, 2157, 2457, 1917, 1683, 2689, 1873, 1962, 2873)
(34, 90): Mean: 2464.204, median: 2239.0, std: 1169.392, percent: 2430.24, B: 129, W: 120, 
	(1362, 1113, 1903, 4242, 3078, 2989, 3336, 1158, 1091, 1858, 1208, 1146, 3183, 5834, 2076, 1332, 1632, 2235, 3009, 2336, 2809, 2679, 5071, 1049, 2236, 4387, 2011, 4241, 2242, 2012, 2254, 1969, 2106, 2986, 1551, 1645, 1920, 2411, 3064, 2234, 426, 3428, 4822, 2170, 2544, 2449, 2734, 1894, 2570, 1226, 3689, 1679, 2484, 948, 1768, 2161, 2259, 1369, 1877, 2000, 5970, 1930, 2275, 857, 2338, 2310, 884, 3126, 1959, 4212, 1286, 1970, 5715, 2355, 6113, 1552, 2659, 3913, 1703, 2214, 1446, 2643, 1914, 3020, 3543, 2389, 2231, 5343, 1981, 2184, 2942, 2753, 3450, 5650, 1551, 1864, 1026, 1030, 1624, 5339, 705, 2207, 1405, 1770, 1749, 5348, 3991, 2144, 3000, 2476, 1514, 5304, 2322, 1189, 2094, 1925, 1558, 1458, 3973, 2244, 1656, 2089, 2949, 3012, 1863, 2681, 2353, 3227, 2971, 2251, 1775, 1968, 1378, 1873, 2377, 4432, 2337, 1915, 3496, 843, 1725, 1853, 3188, 2142, 1565, 2082, 2493, 1540, 1395, 1287, 2999, 2382, 1666, 3334, 2343, 2595, 2005, 4110, 3120, 4098, 1889, 3763, 4795, 2568, 1933, 2736, 3986, 2172, 4029, 2227, 2679, 1504, 2429, 2469, 3370, 1811, 1836, 1360, 2259, 3165, 1488, 2532, 3250, 1681, 1921, 1533, 2503, 2485, 2256, 4288, 1520, 2248, 2831, 1616, 7612, 2258, 2387, 370, 1169, 2011, 2303, 3229, 2512, 1582, 2119, 2556, 4804, 1528, 1309, 2234, 2039, 1634, 2424, 3043, 2500, 2606, 3384, 1786, 3926, 2791, 2550, 3060, 2465, 425, 960, 7271, 1554, 966, 2518, 1379, 2778, 1820, 5223, 1994, 1769, 961, 4356, 1038, 3745, 1475, 2671, 1810, 2201, 2386, 1926, 1754, 2450, 2005, 1969, 2821)
(41, 129): Mean: 2492.248, median: 2198.0, std: 1210.84, percent: 2471.62, B: 127, W: 123, 
	(1452, 1117, 2129, 3967, 2661, 3378, 3545, 1125, 1019, 1868, 1270, 1277, 3222, 5665, 1817, 1169, 1741, 2306, 3041, 3033, 2410, 2399, 4311, 1186, 1778, 4443, 2009, 4222, 2102, 1785, 2505, 2226, 1784, 3367, 1526, 1972, 1848, 2263, 3108, 1920, 583, 3425, 4916, 2576, 2527, 2920, 2881, 1911, 2737, 1280, 4550, 1558, 2355, 840, 2114, 2317, 1921, 1463, 1778, 1837, 7019, 1874, 2347, 895, 2200, 2137, 951, 3360, 1872, 3467, 1216, 1930, 5941, 2436, 4666, 1648, 2431, 3979, 1557, 2357, 1600, 2964, 2422, 2941, 4354, 2784, 2271, 5191, 2596, 2109, 3318, 2845, 4068, 7056, 1439, 1965, 1169, 860, 1913, 6057, 682, 2423, 1269, 1927, 1624, 5679, 4586, 1865, 2925, 2695, 1387, 6080, 2040, 1171, 2196, 2055, 1584, 1383, 3571, 2101, 1642, 1841, 2602, 3395, 1999, 2639, 2224, 3133, 3189, 3077, 1870, 2210, 1689, 1729, 2376, 3991, 2109, 1654, 4103, 970, 1716, 2025, 3513, 1904, 1779, 2421, 2428, 1444, 1363, 1566, 3416, 2307, 1920, 3679, 2460, 2756, 1708, 3577, 3335, 3576, 2105, 3419, 5300, 2473, 2096, 3119, 4922, 2008, 3817, 2166, 2427, 1462, 2659, 2678, 4017, 1906, 2091, 1316, 2363, 2800, 1423, 2783, 3566, 1482, 1967, 1484, 2366, 2170, 2047, 3840, 1519, 2111, 2585, 1505, 7489, 2025, 2572, 435, 1147, 1832, 2239, 3221, 2196, 1766, 2140, 2254, 4392, 1391, 1090, 2093, 1766, 1520, 2720, 2812, 2327, 2892, 3749, 1899, 3662, 2858, 2694, 3092, 2499, 400, 866, 6476, 1420, 1004, 2738, 1456, 2584, 1952, 5543, 1925, 1555, 1119, 4161, 1211, 3100, 1470, 2997, 1847, 2183, 2280, 1876, 1681, 2361, 1863, 2073, 2919)
(43, 136): Mean: 2473.696, median: 2168.5, std: 1185.204, percent: 2510.54, B: 126, W: 124, 
	(1450, 1217, 1990, 3790, 2662, 3154, 3188, 1157, 1097, 1978, 1266, 1204, 3335, 7084, 1952, 1347, 1869, 2365, 3268, 2911, 2434, 2442, 4891, 1013, 2170, 4578, 1968, 4573, 2090, 1772, 2513, 2017, 1949, 2910, 1623, 1525, 2003, 2059, 2909, 1919, 614, 4144, 4131, 2114, 2387, 2692, 2624, 1916, 2879, 1347, 4443, 1621, 2427, 930, 1948, 2441, 2346, 1310, 1937, 2063, 7847, 1998, 2242, 921, 2212, 2334, 1012, 3194, 2066, 3172, 1147, 1967, 5509, 2611, 4858, 1614, 2534, 3922, 1566, 2487, 1403, 2658, 2088, 2984, 3456, 2369, 2524, 4809, 2363, 2030, 3079, 2675, 4040, 5762, 1489, 2121, 1073, 920, 1915, 5778, 786, 2298, 1254, 2044, 1562, 4698, 4856, 1850, 3243, 2372, 1315, 4798, 2069, 1361, 2092, 1876, 1530, 1632, 3823, 2097, 1535, 2115, 3060, 3496, 1941, 2883, 2104, 3012, 2867, 2880, 1897, 2297, 1569, 1776, 2662, 4405, 2107, 1600, 3562, 944, 1674, 2037, 2908, 1722, 1589, 1928, 2530, 1497, 1421, 1496, 3871, 2500, 1548, 3574, 2558, 2850, 1776, 3728, 3783, 4346, 1738, 3519, 5048, 2762, 1964, 2581, 3813, 2022, 3862, 2167, 2766, 1466, 2270, 2715, 3996, 1708, 2000, 1278, 2259, 2996, 1464, 2500, 3561, 1623, 1839, 1532, 2282, 2340, 2149, 4040, 1558, 2232, 2659, 1430, 7174, 2389, 2148, 386, 1152, 1943, 2087, 3162, 2562, 1631, 1929, 2545, 4122, 1553, 1201, 2213, 1721, 1492, 2233, 3296, 2680, 2724, 3650, 1618, 3462, 2628, 3095, 3066, 2189, 365, 993, 6794, 1349, 992, 3096, 1452, 2801, 1939, 4916, 1989, 1667, 986, 4103, 1002, 3820, 1498, 2677, 1926, 2126, 2493, 1913, 1599, 2718, 2063, 1828, 2820)
(44, 138): Mean: 2497.324, median: 2239.0, std: 1227.665, percent: 2448.72, B: 125, W: 123, 
	(1305, 1169, 1838, 4314, 2408, 3211, 2708, 1276, 1033, 2032, 1333, 1145, 3265, 5615, 1900, 1245, 1784, 2264, 2785, 2904, 2664, 2329, 5058, 1330, 1944, 3899, 1975, 4626, 2471, 2064, 2295, 1945, 1880, 3411, 1554, 1907, 2036, 2091, 2626, 1970, 664, 2899, 4973, 2114, 2743, 2736, 2587, 2170, 2811, 1318, 4233, 1814, 2428, 844, 1981, 2374, 2209, 1364, 1826, 1715, 9589, 1928, 2364, 770, 2491, 2223, 983, 2970, 1787, 4049, 1210, 2059, 5958, 2881, 5548, 1784, 2493, 3452, 1656, 2459, 1811, 2806, 2445, 3339, 3862, 2022, 2413, 4976, 2152, 2198, 2919, 2492, 4322, 5515, 1603, 1897, 1057, 863, 1625, 5414, 727, 2253, 1365, 1960, 1713, 4453, 4605, 1685, 3077, 2569, 1299, 4372, 2399, 1372, 2257, 1865, 1470, 1534, 3544, 2185, 1684, 2122, 2947, 3097, 2132, 2928, 2162, 3366, 2925, 2694, 1936, 2163, 1457, 1712, 2643, 4163, 2277, 1759, 3455, 1145, 1822, 1940, 3081, 2176, 1596, 1723, 2533, 1573, 1344, 1251, 3124, 2363, 1920, 3384, 2941, 2899, 1936, 3457, 3262, 4356, 2165, 4086, 6060, 2676, 2167, 3077, 4473, 1772, 4033, 2338, 2423, 1586, 2486, 2462, 3804, 1976, 1914, 1281, 2387, 3315, 1345, 2445, 3552, 1377, 1826, 1424, 2225, 2353, 2135, 4295, 1730, 2340, 2737, 1638, 7884, 2002, 2541, 434, 1146, 2037, 2106, 2989, 2417, 1564, 2093, 2841, 4556, 1481, 1196, 2109, 1936, 1548, 2460, 3187, 2344, 3101, 3460, 1527, 3913, 2599, 2781, 3216, 2491, 474, 911, 6297, 1528, 926, 2886, 1326, 2604, 1922, 6050, 2208, 1474, 1039, 3633, 1104, 3529, 1507, 2844, 1796, 2277, 2670, 2003, 1548, 2718, 1897, 2303, 3046)
(45, 142): Mean: 2493.856, median: 2198.0, std: 1189.753, percent: 2469.22, B: 136, W: 114, 
	(1429, 1250, 1861, 4160, 2944, 3246, 2958, 1093, 1054, 1927, 1206, 1195, 3549, 5685, 2046, 1265, 1819, 2399, 2947, 2733, 2751, 2237, 5093, 1166, 1914, 4142, 2012, 4542, 2183, 1877, 2520, 2328, 2198, 3728, 1418, 1900, 1936, 2179, 3029, 2057, 557, 3001, 5296, 2478, 2684, 2593, 2880, 1823, 2869, 1278, 4915, 1414, 2245, 803, 2267, 2569, 2032, 1343, 1628, 1964, 7208, 2008, 2424, 934, 2672, 2198, 851, 3196, 2133, 3317, 1153, 2008, 6059, 2487, 5535, 1567, 2384, 4103, 1562, 2569, 1467, 2598, 2063, 2989, 4879, 2121, 2391, 4400, 1952, 1970, 3073, 2952, 5066, 7546, 1537, 1930, 995, 818, 1724, 5289, 818, 2043, 1351, 1925, 1666, 4451, 4268, 1949, 3100, 2600, 1460, 5055, 2040, 1283, 2239, 1993, 1592, 1518, 3649, 2162, 1655, 1939, 2858, 2989, 2341, 2775, 2165, 3436, 2701, 2585, 1690, 1872, 1800, 1837, 2307, 4047, 2214, 1616, 3378, 1236, 1752, 1929, 2997, 2170, 1752, 1985, 2422, 1484, 1491, 1447, 3665, 2682, 1868, 3655, 2399, 2721, 1815, 3352, 3458, 3684, 1873, 3643, 4943, 2512, 2135, 2934, 4018, 2143, 4060, 2122, 2382, 1669, 2455, 2655, 3755, 2142, 2173, 1306, 2597, 3013, 1484, 2786, 3337, 1343, 1898, 1406, 2373, 2383, 2127, 3895, 1612, 2860, 2513, 1573, 6620, 2068, 2686, 384, 1136, 2203, 2069, 3291, 2081, 1455, 2140, 2688, 5105, 1382, 1194, 2080, 1870, 1722, 2527, 3033, 2336, 2929, 3925, 1737, 3938, 2717, 2988, 2765, 2421, 522, 954, 6336, 1407, 951, 3082, 1540, 2797, 1801, 5093, 2193, 1684, 948, 3599, 988, 4023, 1429, 3066, 1648, 2226, 2774, 1899, 1835, 2402, 1868, 2000, 2715)
(47, 149): Mean: 2482.428, median: 2249.5, std: 1202.324, percent: 2464.16, B: 129, W: 121, 
	(1552, 1249, 2254, 3988, 2478, 3293, 2866, 1305, 1087, 2119, 1137, 1212, 3436, 6464, 1895, 1430, 2041, 2322, 2810, 2886, 2589, 2196, 4928, 1099, 1939, 4457, 1997, 5291, 2332, 2013, 2704, 2094, 1956, 3208, 1520, 1528, 2046, 1995, 3345, 2034, 576, 3109, 4431, 2283, 2386, 2494, 3101, 1798, 2850, 1402, 4196, 1540, 2356, 773, 2132, 2513, 2196, 1442, 1965, 1909, 7260, 1947, 2440, 869, 2661, 2456, 890, 3210, 2110, 3479, 1098, 1935, 6211, 2582, 5513, 1630, 2849, 3600, 1895, 2248, 1310, 2584, 2168, 2810, 3469, 2388, 2305, 5846, 2276, 1870, 2637, 2809, 4218, 6228, 1532, 1950, 1078, 876, 1786, 4970, 692, 2275, 1271, 1889, 1604, 4637, 3928, 1813, 2808, 2550, 1247, 5099, 2064, 1360, 2452, 2122, 1412, 1538, 3727, 2383, 1565, 2117, 2513, 2731, 2092, 2662, 2248, 3100, 3026, 2758, 1931, 2368, 1469, 1703, 2361, 4224, 2192, 1705, 3968, 828, 1853, 1885, 3375, 1790, 1870, 2251, 2432, 1532, 1498, 1471, 3209, 2604, 1553, 3665, 2383, 2798, 2058, 3523, 3273, 3584, 1790, 3644, 6266, 2472, 1902, 2783, 4231, 1877, 3935, 2129, 2553, 1533, 2387, 2550, 3461, 1958, 2069, 1349, 1974, 3305, 1645, 2663, 3999, 1393, 1943, 1420, 2690, 2329, 2416, 4430, 1548, 2190, 2916, 1542, 6742, 2080, 2275, 344, 1129, 2306, 2177, 3457, 2195, 1506, 2167, 2669, 4917, 1435, 1258, 2247, 1650, 1572, 2500, 3255, 2178, 3222, 4849, 1641, 3089, 2599, 2892, 2886, 2315, 362, 872, 7317, 1363, 1012, 2460, 1449, 2555, 1824, 4480, 2157, 1453, 1087, 3593, 1065, 3189, 1468, 3515, 1855, 2327, 2446, 1779, 1643, 2593, 1829, 1876, 2615)
(48, 153): Mean: 2487.352, median: 2200.5, std: 1200.063, percent: 2440.32, B: 126, W: 124, 
	(1491, 1215, 2231, 4065, 2359, 3319, 3149, 1114, 1191, 2069, 1443, 1251, 3793, 5694, 1976, 1294, 1880, 2261, 2871, 2875, 2647, 2197, 5677, 1042, 1871, 5061, 1793, 5584, 2258, 2081, 2445, 2005, 2008, 3457, 1501, 1805, 1908, 2047, 3317, 1843, 623, 3050, 4860, 2183, 2964, 2647, 2879, 1832, 2768, 1480, 3995, 1595, 2432, 896, 1979, 2412, 2193, 1409, 1876, 2050, 6287, 1665, 2309, 843, 2476, 2263, 921, 3163, 2163, 3333, 1237, 1947, 5152, 2495, 6916, 1437, 2561, 4529, 1759, 2399, 1559, 3226, 2084, 2778, 4193, 2218, 2225, 4705, 2355, 1887, 3193, 2878, 3519, 6075, 1580, 1885, 1047, 855, 1806, 4614, 732, 2179, 1274, 1976, 1609, 4454, 4733, 1922, 2957, 2431, 1507, 4939, 2381, 1141, 2188, 2112, 1530, 1417, 3491, 2077, 1600, 1884, 2508, 3653, 2039, 2920, 2134, 3477, 2569, 2321, 1791, 2153, 1665, 1680, 2294, 4375, 2118, 1880, 4298, 851, 1622, 1949, 2850, 2246, 1757, 2190, 2459, 1536, 1445, 1460, 3377, 2202, 1672, 3318, 2311, 2790, 1986, 3647, 3327, 3566, 1820, 3762, 5550, 2471, 1917, 2850, 4690, 1716, 4228, 2048, 2252, 1587, 2671, 2703, 3344, 2001, 2391, 1361, 2275, 3028, 1603, 2669, 3331, 1457, 1879, 1498, 2616, 2309, 1976, 4689, 1570, 2487, 2419, 1638, 7173, 2204, 2353, 379, 1144, 2079, 2199, 3162, 2631, 1655, 2224, 2420, 4339, 1504, 1103, 2199, 1737, 1503, 2527, 3175, 2656, 3209, 3801, 1667, 3353, 2551, 2854, 3064, 2149, 420, 855, 7388, 1480, 883, 2864, 1354, 2933, 2115, 5547, 1985, 1615, 999, 3849, 980, 3383, 1463, 2477, 2016, 2177, 2553, 2006, 1603, 2465, 1897, 2147, 2846)
(50, 162): Mean: 2496.668, median: 2195.0, std: 1231.4, percent: 2509.48, B: 127, W: 123, 
	(1480, 1152, 1896, 3946, 2607, 3021, 2920, 1307, 1023, 2019, 1276, 1182, 3610, 6386, 1903, 1284, 1896, 2676, 3292, 2614, 2630, 2491, 5500, 1080, 2012, 4360, 1871, 5146, 2654, 2138, 2614, 2146, 1852, 3256, 1560, 1807, 1811, 2050, 2460, 2128, 610, 3371, 4095, 2141, 2717, 2576, 2836, 1992, 2460, 1330, 4716, 1579, 2212, 883, 2076, 2149, 2044, 1354, 1761, 1875, 7521, 1805, 2248, 867, 2444, 2509, 1061, 3250, 2061, 3581, 1222, 1802, 5304, 2362, 6841, 1651, 2877, 3524, 1698, 2884, 1652, 2806, 2032, 2984, 3669, 2220, 2738, 5149, 2061, 2085, 3211, 2971, 4367, 6543, 1467, 1984, 1001, 940, 1615, 6161, 781, 2108, 1552, 1978, 1475, 4806, 4739, 1839, 2954, 2411, 1472, 5694, 2107, 1307, 2300, 1907, 1396, 1573, 3048, 2154, 1785, 2109, 3083, 2637, 2136, 2735, 2225, 3519, 2870, 2987, 1814, 2274, 1684, 1868, 2399, 4532, 2295, 1592, 3678, 1011, 1732, 1956, 3137, 2222, 1612, 2036, 2503, 1405, 1609, 1389, 3357, 2345, 1738, 3599, 2073, 2534, 1819, 3564, 3324, 3540, 2190, 3563, 6518, 2531, 2090, 2604, 4312, 1930, 4758, 2294, 2653, 1612, 2353, 2531, 3715, 1778, 2113, 1505, 2152, 2947, 1547, 2666, 3922, 1397, 1751, 1223, 2355, 2119, 1973, 4385, 1599, 2480, 2790, 1433, 6755, 2109, 2392, 371, 1136, 2165, 2200, 3471, 2264, 1791, 2326, 2315, 5022, 1558, 1250, 2189, 2113, 1614, 2644, 2749, 2282, 2700, 3567, 1693, 3635, 2606, 2936, 3061, 2313, 421, 878, 6893, 1673, 947, 2698, 1416, 3173, 2103, 4771, 2061, 1595, 970, 3322, 908, 3174, 1497, 2580, 1792, 2211, 2245, 1880, 1630, 2597, 1887, 1926, 2574)
(51, 163): Mean: 2506.012, median: 2223.5, std: 1248.003, percent: 2510.08, B: 126, W: 122, 
	(1454, 1161, 2306, 4229, 2553, 3126, 2677, 1062, 1123, 1915, 1295, 1224, 3436, 6121, 2092, 1314, 1946, 2450, 3062, 2875, 2755, 2375, 4508, 1056, 1916, 4263, 1823, 4667, 2425, 2174, 2679, 2118, 1948, 2893, 1510, 1713, 1908, 2378, 3073, 1941, 545, 3183, 4937, 2643, 3034, 2216, 2704, 1871, 3030, 1224, 4125, 1524, 2381, 827, 2292, 2798, 2054, 1405, 1884, 1779, 7695, 1679, 2280, 962, 2609, 2286, 889, 3598, 2061, 3953, 1183, 1933, 7297, 2706, 6299, 1595, 2559, 4296, 1766, 2335, 1749, 2531, 1970, 2958, 3809, 2304, 2271, 4893, 2309, 2059, 3245, 2558, 4379, 6835, 1653, 2043, 1019, 925, 1785, 5038, 608, 2213, 1282, 1846, 1530, 4792, 4407, 1846, 2962, 2684, 1201, 5322, 2113, 1298, 2252, 1845, 1607, 1567, 3820, 2245, 1462, 1800, 2691, 3728, 2425, 2900, 2034, 3273, 2417, 2451, 1769, 1967, 1984, 2051, 2655, 4024, 2226, 1952, 3511, 1002, 1713, 1836, 3288, 1724, 1618, 2048, 2593, 1390, 1517, 1381, 3326, 2368, 1961, 3679, 2559, 2510, 2046, 3918, 3007, 3641, 1854, 3960, 5668, 2405, 2067, 3114, 4394, 2090, 3992, 2119, 2651, 1599, 2341, 2314, 3300, 1866, 2161, 1251, 2050, 2761, 1407, 2758, 3807, 1654, 1759, 1648, 2472, 2190, 2016, 4579, 1635, 2237, 2409, 1660, 7701, 2073, 2561, 499, 1299, 1922, 2086, 3417, 1992, 1662, 2221, 2576, 4128, 1498, 1183, 2190, 1939, 1614, 2696, 3020, 2673, 3125, 4572, 1647, 4269, 2660, 2737, 3288, 2514, 425, 916, 7292, 1556, 1087, 2382, 1331, 3034, 1771, 5387, 2074, 1601, 1162, 3227, 1046, 3503, 1412, 2382, 1883, 2181, 2350, 1715, 1499, 2565, 1829, 2057, 2687)
(52, 164): Mean: 2463.276, median: 2225.0, std: 1142.764, percent: 2404.06, B: 127, W: 122, 
	(1438, 1189, 1925, 4180, 2566, 3316, 2529, 1206, 1066, 1932, 1191, 1262, 3187, 5864, 1816, 1255, 1836, 2306, 3058, 2857, 3117, 2534, 5615, 1072, 1945, 4566, 1662, 4425, 2009, 1984, 2421, 2322, 2140, 3077, 1477, 1608, 1970, 2201, 2500, 1900, 476, 3112, 4583, 2383, 2414, 2498, 2743, 1920, 2558, 1308, 3634, 1637, 2047, 904, 1986, 2194, 1979, 1376, 1912, 1698, 6442, 1859, 2461, 904, 2590, 2223, 844, 3076, 1751, 3330, 1277, 1976, 5627, 2541, 5559, 1549, 2569, 4116, 1538, 2533, 1666, 3471, 2302, 3176, 4180, 2584, 2145, 4638, 2110, 2132, 2996, 2428, 3712, 6841, 1524, 1776, 1166, 965, 1652, 4451, 761, 2249, 1350, 2041, 1679, 4190, 3778, 1969, 2600, 2442, 1310, 4390, 2166, 1219, 2401, 2142, 1454, 1491, 3972, 2359, 1694, 2096, 2560, 2948, 2032, 2933, 2421, 3204, 2952, 2798, 2004, 2227, 1697, 1759, 2477, 4596, 2331, 1854, 3293, 894, 1562, 2152, 2954, 1853, 1674, 2705, 2594, 1424, 1630, 1400, 3456, 2856, 1643, 4066, 2581, 2814, 1777, 3911, 3063, 4798, 1711, 3115, 5017, 2647, 1984, 3180, 3984, 1752, 4650, 2138, 2320, 1630, 2201, 2406, 4017, 1911, 2001, 1288, 2214, 3286, 1534, 2597, 3273, 1365, 1727, 1484, 2730, 2330, 2308, 3815, 1677, 2163, 2647, 1834, 6978, 2469, 2178, 455, 1165, 1945, 2093, 3474, 2569, 1645, 2306, 2460, 5045, 1631, 1287, 2128, 1978, 1619, 2330, 3144, 2439, 2974, 3616, 1729, 3583, 2628, 2597, 3047, 2332, 425, 905, 6588, 1478, 1089, 2625, 1437, 2988, 1971, 4930, 2220, 1571, 999, 3489, 1209, 3236, 1436, 2674, 1965, 2465, 2438, 1989, 1597, 2683, 1717, 2121, 2582)
(57, 194): Mean: 2488.872, median: 2243.0, std: 1192.449, percent: 2458.6, B: 126, W: 124, 
	(1524, 1169, 2003, 4357, 3023, 3408, 3203, 1190, 1121, 2099, 1296, 1302, 3839, 6029, 1887, 1305, 1843, 2722, 2685, 2520, 2645, 2160, 5487, 1139, 2038, 4937, 1804, 4111, 2311, 1938, 2661, 2031, 2060, 3491, 1443, 1642, 2079, 2117, 2923, 1986, 474, 3047, 3966, 2265, 2394, 2276, 2568, 1895, 2970, 1474, 4255, 1706, 2112, 958, 2034, 2629, 2192, 1465, 1858, 1832, 6625, 2171, 2265, 883, 2247, 2158, 918, 3292, 2118, 4710, 1163, 1786, 6088, 2540, 4960, 1663, 2780, 4417, 1535, 2812, 1169, 2617, 2058, 3030, 3808, 2192, 2544, 4710, 2134, 1870, 2939, 2690, 4014, 6324, 1478, 2178, 1054, 859, 1785, 5103, 734, 2377, 1434, 1979, 1553, 4101, 3726, 1798, 2816, 2437, 1335, 5207, 2111, 1251, 2552, 2028, 1561, 1573, 3890, 2236, 1550, 2193, 2583, 2724, 2261, 2530, 2171, 2836, 3137, 2811, 1764, 2126, 1422, 1876, 2374, 4948, 1898, 1894, 3610, 996, 1664, 2087, 3371, 2082, 1611, 2188, 2361, 1325, 1593, 1553, 3135, 2700, 1891, 3894, 2388, 2830, 1814, 3916, 3449, 3223, 1738, 4081, 6281, 2973, 2261, 2833, 4419, 2040, 4460, 1988, 2793, 1535, 2133, 2696, 3784, 1873, 2076, 1238, 2244, 3186, 1440, 2651, 4239, 1359, 2003, 1425, 2582, 2325, 2468, 3894, 1580, 2613, 2508, 1672, 7187, 2353, 2610, 411, 1188, 1990, 2577, 2810, 2310, 1578, 2276, 2370, 5388, 1380, 1219, 2383, 1815, 1429, 2643, 2763, 2484, 2847, 3366, 1631, 3325, 2673, 3014, 3338, 2316, 396, 958, 7177, 1418, 983, 2709, 1516, 2455, 1956, 4529, 1964, 1418, 1027, 3710, 1134, 3597, 1364, 2615, 1955, 2242, 2427, 1946, 1638, 2313, 1720, 2030, 2893)
(58, 197): Mean: 2496.536, median: 2217.5, std: 1200.928, percent: 2489.48, B: 130, W: 119, 
	(1517, 1345, 2151, 3857, 2625, 3863, 3255, 1003, 1087, 1930, 1230, 1173, 3569, 6440, 1904, 1214, 1827, 2321, 2935, 2796, 2536, 2575, 4481, 1227, 1874, 4578, 1801, 4813, 2212, 1903, 2740, 2097, 2060, 3313, 1512, 1764, 1994, 2180, 2690, 1990, 576, 3457, 4757, 2219, 2270, 2432, 2590, 1819, 2713, 1202, 4607, 1873, 2169, 954, 2093, 2357, 2210, 1546, 2207, 1743, 6256, 1886, 2274, 833, 2383, 2172, 839, 3044, 2262, 3628, 1120, 1868, 5863, 2850, 5329, 1470, 2713, 3747, 1780, 2488, 1626, 2746, 1980, 2942, 3675, 2365, 2203, 5002, 2513, 2116, 3095, 2779, 4229, 6133, 1551, 1841, 1090, 1024, 1760, 6149, 698, 2263, 1327, 1926, 1624, 4871, 3884, 1835, 3136, 2896, 1351, 4906, 1950, 1271, 2339, 1827, 1428, 1795, 4102, 2224, 1672, 1797, 2537, 3392, 2216, 3005, 2328, 3054, 2890, 2340, 1952, 2079, 1744, 1687, 2244, 5474, 2182, 1769, 3374, 923, 1631, 1835, 3338, 1875, 1767, 2026, 2744, 1336, 1673, 1444, 3008, 2404, 1720, 3341, 2316, 2926, 1856, 3492, 3055, 4323, 1850, 4042, 6482, 2721, 2024, 3011, 4568, 1985, 4672, 2163, 2481, 1661, 2358, 2378, 3622, 2067, 1907, 1262, 2211, 2992, 1566, 3064, 3704, 1390, 1966, 1529, 2597, 2501, 2157, 4366, 1657, 2312, 2490, 1634, 6743, 2428, 2347, 409, 1136, 1924, 2179, 4044, 2407, 1778, 1975, 2763, 4627, 1354, 1282, 2258, 1977, 1563, 2222, 2738, 2278, 3157, 4232, 1680, 3278, 2717, 2883, 3145, 2274, 423, 1144, 7077, 1452, 904, 2642, 1314, 2708, 1918, 5076, 2109, 1513, 997, 3423, 995, 3496, 1500, 2637, 1953, 2296, 2384, 1961, 1588, 2702, 1828, 2029, 2655)
(63, 222): Mean: 2490.852, median: 2208.5, std: 1205.797, percent: 2487.56, B: 133, W: 117, 
	(1448, 1219, 1959, 4525, 2476, 3394, 3006, 1251, 1039, 1906, 1285, 1277, 3354, 5507, 1973, 1381, 1731, 2194, 3317, 2573, 2692, 2410, 6385, 1158, 2052, 3378, 1824, 4752, 1947, 1866, 2476, 2053, 1845, 3021, 1537, 1521, 2023, 2208, 2666, 2263, 535, 3614, 4563, 2368, 2662, 2808, 2557, 1840, 2930, 1449, 4497, 1486, 2379, 1042, 2086, 2290, 2128, 1467, 1742, 1894, 6619, 1768, 2211, 825, 2351, 2176, 914, 3465, 2394, 3629, 1239, 2002, 5945, 2560, 5280, 1672, 2844, 4543, 1762, 2585, 1420, 2745, 2015, 2792, 3965, 2321, 2206, 5164, 2314, 2032, 3204, 2818, 4365, 7036, 1429, 1965, 1036, 931, 1833, 5637, 753, 2562, 1244, 1905, 1582, 4338, 3593, 1892, 3026, 2521, 1323, 5565, 2053, 1072, 2245, 1706, 1403, 1673, 3629, 2264, 1620, 1994, 2487, 3123, 2178, 2861, 2209, 3156, 2930, 2804, 1931, 2118, 1523, 1787, 2304, 4651, 2201, 1749, 3628, 1008, 1789, 1849, 3095, 1819, 1676, 2069, 2558, 1629, 1478, 1412, 3231, 2609, 1597, 3957, 2446, 2632, 1865, 3641, 3112, 3944, 1833, 3972, 5140, 2342, 2183, 3057, 4536, 1852, 4135, 2148, 2833, 1577, 2287, 2539, 3996, 1928, 1974, 1325, 2112, 2819, 1371, 2781, 4039, 1649, 1935, 1476, 2547, 2489, 2178, 3965, 1646, 2155, 3026, 1724, 7366, 2032, 2635, 426, 1181, 2175, 2834, 3070, 2494, 1683, 2196, 2461, 4650, 1272, 1168, 2114, 1889, 1522, 2277, 2977, 2230, 3156, 3660, 1967, 3571, 2569, 2751, 2832, 2242, 404, 938, 6887, 1474, 1070, 2590, 1389, 3034, 1712, 5535, 2234, 1432, 1005, 3490, 971, 3549, 1512, 2655, 1985, 2364, 2359, 2032, 1622, 2741, 1777, 1950, 2773)
(64, 227): Mean: 2477.44, median: 2241.0, std: 1164.69, percent: 2491.44, B: 130, W: 120, 
	(1388, 1217, 2143, 3702, 2513, 3310, 3114, 1131, 1068, 1863, 1293, 1180, 3843, 6052, 1874, 1185, 2017, 2334, 3119, 2472, 2926, 2360, 5815, 966, 2009, 4357, 2128, 4569, 2091, 2166, 2430, 2372, 2313, 2972, 1443, 1592, 2269, 1978, 2817, 1907, 438, 3003, 4441, 2211, 2839, 2467, 2396, 1824, 2342, 1421, 3800, 1565, 2417, 854, 2099, 2704, 2108, 1425, 1657, 1680, 7069, 1915, 2206, 873, 2584, 2122, 926, 3418, 2287, 3741, 1135, 2000, 6214, 2919, 5731, 1440, 2713, 3942, 1553, 2744, 1700, 2818, 2016, 3381, 4402, 2531, 2428, 5192, 2048, 2022, 2976, 2874, 3649, 5886, 1532, 1980, 1063, 982, 1801, 4913, 790, 2357, 1372, 1989, 1556, 4578, 3304, 1911, 2721, 2776, 1545, 4851, 1997, 1184, 2253, 1874, 1344, 1597, 3583, 2281, 1879, 2088, 2460, 3236, 2204, 2852, 2364, 3019, 3043, 2518, 1869, 2238, 1458, 1752, 2390, 3919, 2180, 1700, 3333, 955, 1776, 2079, 2980, 1877, 1748, 2074, 2551, 1473, 1426, 1426, 3134, 2522, 1750, 3511, 2377, 2571, 2177, 4291, 3437, 3516, 1663, 3863, 5393, 2935, 2042, 2766, 3892, 1909, 4112, 2155, 2678, 1492, 2615, 2199, 3842, 1979, 2181, 1309, 2468, 2758, 1481, 2850, 3990, 1461, 1918, 1556, 2709, 2598, 2136, 3811, 1671, 2231, 2635, 1737, 6437, 1939, 2057, 497, 1258, 1977, 2244, 3561, 2591, 1609, 2259, 2532, 4600, 1394, 1121, 2065, 1826, 1608, 2271, 3256, 2446, 2628, 4125, 1604, 4305, 2948, 2640, 3065, 2290, 456, 907, 7111, 1367, 957, 2529, 1327, 2913, 2064, 5091, 1862, 1543, 957, 3531, 1005, 3629, 1631, 2995, 1915, 2403, 2439, 1836, 1693, 2656, 1879, 2060, 2685)
(71, 268): Mean: 2490.68, median: 2236.5, std: 1194.006, percent: 2497.42, B: 126, W: 123, 
	(1509, 1199, 2244, 3944, 2623, 3296, 2891, 1119, 1041, 1907, 1276, 1305, 3594, 6071, 2188, 1439, 1861, 2375, 2697, 2691, 2998, 2514, 4557, 1209, 1979, 4111, 1678, 5658, 2119, 2304, 2595, 2259, 2110, 3196, 1404, 1874, 2040, 2150, 3122, 1952, 556, 3683, 4135, 2229, 2925, 2766, 2972, 1917, 2920, 1381, 3884, 1634, 2388, 1044, 2149, 2350, 1993, 1410, 1768, 1924, 5822, 1744, 2675, 847, 2443, 2304, 906, 3626, 2386, 3329, 1255, 1921, 5244, 2395, 8182, 1550, 2815, 3933, 1627, 2374, 1343, 2948, 1794, 3409, 4558, 2685, 2020, 4525, 2272, 2069, 2965, 2691, 3946, 5968, 1473, 1955, 992, 847, 1626, 5501, 758, 2498, 1426, 1893, 1632, 4904, 4391, 1763, 2845, 2489, 1251, 5137, 1949, 1209, 2397, 1941, 1572, 1581, 4015, 1978, 1850, 2362, 2558, 2835, 2115, 2839, 2287, 3417, 2633, 2524, 1801, 1980, 1554, 1835, 2307, 4226, 1977, 1743, 3559, 899, 1650, 1891, 3688, 2098, 1792, 2221, 2174, 1213, 1502, 1392, 3444, 2446, 1798, 3106, 2391, 2590, 1912, 4274, 3010, 3489, 1919, 3760, 5413, 2988, 2026, 2727, 4191, 1674, 4720, 1977, 2475, 1700, 2299, 2474, 4586, 1916, 1906, 1285, 2103, 3115, 1345, 2488, 3534, 1639, 1946, 1394, 2457, 2206, 2420, 5081, 1671, 2108, 2606, 1625, 7654, 2061, 2544, 559, 1247, 1916, 2195, 3047, 2433, 1671, 2188, 2750, 4544, 1387, 1193, 2202, 2172, 1516, 2473, 3359, 2336, 2960, 3721, 1873, 3690, 2436, 2601, 3149, 2257, 438, 979, 5245, 1481, 943, 2688, 1371, 3074, 2009, 5437, 2082, 1707, 1161, 3484, 1035, 3333, 1567, 2584, 1886, 2322, 2531, 1722, 1692, 2498, 1747, 2000, 2643)
(72, 272): Mean: 2489.36, median: 2220.0, std: 1235.224, percent: 2529.16, B: 132, W: 118, 
	(1459, 1228, 2025, 4523, 2395, 3401, 2299, 1059, 1030, 1960, 1321, 1091, 3273, 5669, 2021, 1156, 1975, 2282, 2739, 2942, 2885, 2248, 5294, 1110, 1991, 4002, 1767, 5869, 2001, 1819, 2446, 2171, 2033, 3257, 1449, 1736, 2051, 2053, 2897, 2184, 546, 3201, 3908, 2016, 2462, 2491, 2671, 2046, 2678, 1441, 5014, 1575, 2431, 800, 2071, 2480, 2149, 1415, 1695, 1884, 6707, 1610, 2195, 884, 2619, 2152, 993, 3324, 2327, 3774, 1219, 1748, 7012, 2550, 6436, 1543, 2625, 4207, 1556, 2782, 1498, 3114, 2029, 2553, 3942, 1962, 2360, 4916, 2069, 2035, 3095, 2523, 3851, 7204, 1542, 1912, 1046, 1060, 1789, 5607, 751, 2085, 1388, 1854, 1536, 4182, 4382, 1950, 2770, 2502, 1284, 5081, 1909, 1185, 2358, 1814, 1511, 1655, 4128, 2175, 1603, 2075, 2550, 2882, 2081, 2733, 2230, 3045, 3095, 2761, 1835, 2130, 1679, 1690, 2494, 4637, 2614, 1732, 3640, 1226, 1594, 1984, 3556, 1965, 1647, 1973, 2752, 1430, 1639, 1445, 3293, 2350, 1839, 3869, 2452, 2664, 1768, 3901, 2876, 4426, 1726, 3745, 5585, 2464, 2006, 3029, 3804, 1954, 4309, 2113, 2887, 1417, 2434, 2538, 3750, 1731, 1870, 1253, 2215, 3387, 1463, 2672, 4186, 1606, 2052, 1512, 2788, 2308, 2345, 4061, 1694, 2297, 2715, 1761, 7031, 2108, 2335, 347, 1077, 2211, 2393, 3085, 2410, 1584, 2284, 2512, 4479, 1407, 1112, 2259, 2004, 1369, 2292, 2791, 2436, 3147, 3942, 1787, 3820, 2333, 2813, 2695, 2440, 495, 948, 7196, 1520, 907, 2609, 1526, 2751, 1955, 5401, 1860, 1469, 1045, 3583, 1042, 3362, 1498, 2672, 1912, 2339, 2382, 1747, 1536, 2645, 1832, 2225, 2593)
(76, 293): Mean: 2488.5, median: 2217.5, std: 1206.378, percent: 2518.38, B: 132, W: 117, 
	(1402, 1142, 2195, 4249, 2926, 3266, 2772, 1182, 1091, 1994, 1297, 1203, 2912, 5999, 1894, 1325, 1789, 2576, 2784, 2869, 2568, 2207, 4814, 1244, 2072, 3735, 1765, 5180, 2418, 2043, 2587, 2204, 1901, 3254, 1479, 1661, 1924, 1873, 3075, 2175, 626, 3584, 4089, 2247, 2967, 2315, 2729, 1905, 3283, 1271, 3807, 1524, 2279, 843, 2068, 2356, 2248, 1332, 1709, 1902, 6668, 1764, 2229, 807, 2321, 2267, 892, 2991, 2206, 3616, 1149, 1868, 5888, 2474, 6022, 1495, 2535, 4397, 1592, 2591, 1493, 2603, 1818, 3172, 3833, 2228, 2427, 4398, 2201, 1878, 2946, 2502, 4103, 6341, 1530, 1854, 1053, 959, 1833, 5651, 655, 2054, 1520, 1706, 1913, 4698, 4037, 1800, 3306, 2756, 1549, 5064, 2018, 1370, 2239, 1944, 1510, 1586, 4024, 2299, 1771, 1863, 2923, 3024, 2250, 2804, 2075, 3013, 3160, 2353, 1903, 1961, 1610, 1657, 2441, 4388, 2097, 1630, 3782, 1149, 1919, 1697, 3324, 1921, 1579, 2228, 2644, 1416, 1488, 1606, 3637, 2344, 1701, 3289, 2455, 2757, 1969, 4222, 3001, 4024, 1895, 3578, 6484, 2604, 2027, 2737, 4164, 1643, 4862, 2143, 2692, 1973, 2439, 2538, 3167, 1916, 1934, 1394, 2157, 3194, 1522, 2546, 4245, 1665, 1823, 1338, 2716, 2605, 2246, 4793, 1655, 2241, 2618, 1663, 7476, 2284, 2427, 352, 1122, 2185, 2099, 3312, 2676, 1544, 1977, 2280, 4767, 1388, 1149, 2343, 1942, 1493, 2436, 2754, 2147, 2730, 3578, 1767, 3358, 2685, 3167, 3108, 2167, 410, 999, 7184, 1578, 1067, 2603, 1390, 4176, 1739, 4617, 1859, 1610, 1100, 3977, 927, 3507, 1505, 2905, 2102, 2137, 2442, 1639, 1675, 2501, 1741, 2080, 2877)
(79, 306): Mean: 2466.136, median: 2213.5, std: 1147.869, percent: 2409.78, B: 130, W: 120, 
	(1457, 1332, 2013, 4409, 2637, 3165, 3061, 1183, 1070, 1749, 1264, 1252, 3107, 6289, 1879, 1096, 1808, 2474, 2803, 3036, 2766, 2175, 5465, 1084, 2004, 4457, 1980, 4709, 2126, 2252, 2278, 2013, 2073, 2925, 1518, 1671, 2049, 2178, 2960, 2020, 800, 3250, 4731, 2070, 2586, 2538, 2441, 1964, 2429, 1373, 5176, 1383, 2521, 848, 2017, 2221, 2099, 1379, 1698, 1890, 6002, 1677, 2358, 898, 2222, 2206, 1001, 3048, 2097, 3515, 1230, 2114, 5495, 2473, 6194, 1803, 2978, 3935, 1596, 2494, 1563, 3071, 2408, 3199, 3979, 2291, 2206, 4033, 2338, 1859, 3217, 3028, 4219, 6468, 1471, 2082, 1134, 973, 1662, 5418, 722, 2261, 1384, 1911, 1513, 3997, 3787, 1698, 2852, 2706, 1373, 4633, 2006, 1201, 2441, 1870, 1674, 1597, 3611, 2081, 1581, 1864, 2861, 2931, 2098, 2819, 2225, 2930, 3125, 2384, 2108, 2001, 1632, 1677, 2318, 4208, 1969, 1834, 3260, 940, 1609, 1853, 3320, 1860, 1643, 2129, 2617, 1449, 1561, 1391, 3568, 2299, 1697, 3255, 2602, 2629, 1872, 3871, 2914, 3793, 1595, 3676, 5516, 3075, 2017, 3097, 4007, 2086, 5252, 2342, 2613, 1468, 2205, 2295, 3804, 1981, 2034, 1284, 2475, 3167, 1656, 2773, 3303, 1539, 2005, 1544, 2810, 2306, 2083, 3947, 1461, 2461, 2485, 1851, 7237, 2288, 2358, 375, 1190, 2171, 2259, 3349, 2614, 1685, 2048, 2335, 4583, 1456, 1198, 2077, 1881, 1482, 2541, 2675, 2278, 3109, 3448, 1607, 3614, 2493, 3063, 3029, 2387, 366, 1054, 5417, 1522, 959, 2717, 1514, 2615, 2105, 5298, 2076, 1572, 1013, 3719, 1064, 3076, 1641, 2808, 2167, 2285, 2489, 1967, 1698, 2647, 1679, 2019, 2833)
(81, 313): Mean: 2478.652, median: 2218.5, std: 1201.821, percent: 2521.56, B: 129, W: 121, 
	(1478, 1176, 1989, 4576, 2569, 3697, 3200, 1211, 1059, 1864, 1242, 1209, 3004, 6215, 2098, 1233, 1837, 2302, 2828, 2933, 2519, 2465, 5110, 942, 1965, 3757, 2178, 5395, 2389, 1995, 2301, 2069, 1862, 3592, 1470, 1579, 1787, 2143, 2831, 1961, 549, 3189, 3798, 2107, 2347, 2525, 2515, 1884, 2799, 1212, 3778, 1661, 2289, 846, 2195, 2308, 1997, 1340, 1702, 1696, 6539, 1902, 2354, 793, 2297, 2196, 838, 3356, 2396, 3781, 1111, 1900, 6067, 2358, 6214, 1475, 2581, 3761, 1663, 2808, 1478, 3230, 1962, 2849, 3892, 2437, 2066, 4635, 2177, 2229, 3392, 2776, 3801, 6553, 1489, 2147, 1042, 920, 1885, 5079, 785, 2361, 1308, 1872, 1639, 4449, 4054, 1927, 2925, 2925, 1319, 4823, 2096, 1248, 2182, 1908, 1535, 1587, 3847, 2235, 1682, 2049, 2784, 4037, 2208, 2917, 2388, 3271, 2921, 2489, 1889, 2076, 1572, 2052, 2478, 4373, 2387, 1604, 3516, 1019, 1779, 1852, 3654, 2318, 1677, 2446, 2543, 1524, 1382, 1425, 3658, 2699, 1767, 2992, 2476, 2622, 1859, 3980, 2918, 3922, 1866, 3800, 6978, 2520, 1957, 3093, 4108, 1911, 4359, 2172, 2556, 1554, 2251, 2352, 3549, 1725, 1904, 1336, 1978, 3457, 1587, 2737, 3518, 1288, 1891, 1491, 2562, 2612, 2060, 3800, 1629, 2085, 3021, 1504, 6289, 2283, 2252, 389, 1070, 1789, 2447, 3140, 2379, 1637, 1967, 2572, 4735, 1447, 1079, 2260, 1765, 1563, 2173, 2895, 2385, 2824, 3211, 1678, 4172, 2910, 2578, 3083, 2148, 371, 868, 7876, 1465, 906, 2660, 1444, 3227, 2191, 4337, 1942, 1542, 1053, 3658, 1048, 3215, 1643, 3333, 1969, 2116, 2541, 1748, 1754, 2458, 1803, 1984, 2754)
(82, 314): Mean: 2471.144, median: 2271.0, std: 1214.76, percent: 2448.82, B: 129, W: 121, 
	(1421, 1236, 1907, 4409, 2398, 3196, 2818, 1233, 1145, 2007, 1209, 1032, 3026, 6199, 2270, 1223, 1970, 2587, 2700, 3009, 2666, 2651, 5124, 1053, 2002, 4569, 2026, 5385, 2464, 1957, 2518, 2144, 2140, 2985, 1549, 1763, 1853, 2156, 2969, 1879, 536, 3501, 4048, 2361, 2491, 2458, 2554, 2014, 2867, 1192, 4023, 1419, 2509, 881, 2024, 2352, 2098, 1342, 1814, 1745, 6531, 1859, 2151, 918, 2452, 2143, 903, 2911, 2330, 3347, 1137, 1781, 6585, 2624, 5213, 1499, 2516, 4111, 1723, 2343, 1238, 2703, 2036, 3027, 3661, 2366, 2357, 4665, 2194, 1917, 2840, 2806, 4320, 6340, 1453, 2112, 1035, 886, 1690, 5928, 782, 2272, 1467, 2205, 1788, 4839, 3703, 1925, 2909, 2472, 1493, 4902, 2078, 1288, 2356, 1888, 1540, 1577, 3783, 2130, 1569, 1852, 2965, 3541, 2064, 2922, 2322, 3140, 2684, 2550, 1855, 1899, 1474, 1747, 2421, 4143, 2031, 1518, 3104, 1123, 1778, 1857, 3614, 1916, 1607, 2373, 2462, 1374, 1653, 1411, 2976, 2374, 1788, 3494, 2391, 2719, 1986, 4149, 2622, 5268, 1750, 3657, 6688, 2390, 2007, 2616, 3885, 1846, 4236, 1999, 2514, 1568, 2525, 2567, 3852, 1912, 2059, 1320, 1954, 3007, 1485, 2732, 3146, 1413, 1712, 1659, 2661, 2453, 2283, 4229, 1436, 2315, 2773, 1546, 8465, 2199, 2289, 445, 1181, 1779, 2183, 3377, 2304, 1596, 2124, 2552, 4863, 1278, 1120, 2180, 1817, 1542, 2289, 3089, 2326, 2594, 3858, 1759, 3411, 2460, 2684, 3300, 2473, 402, 964, 5585, 1470, 1023, 2594, 1583, 2877, 1877, 5245, 2320, 1507, 1005, 3714, 1017, 3392, 1439, 3633, 1855, 2168, 2300, 1776, 1476, 2669, 1871, 1958, 2473)
(84, 325): Mean: 2484.316, median: 2232.0, std: 1199.784, percent: 2475.64, B: 127, W: 123, 
	(1431, 1195, 1903, 4252, 2881, 3610, 3322, 1341, 1098, 1822, 1295, 1109, 3513, 6010, 2037, 1296, 1819, 2205, 2693, 2568, 2791, 2431, 5115, 1014, 1821, 4203, 1946, 4580, 2045, 2000, 2570, 2214, 2233, 3130, 1469, 1627, 1835, 2231, 2634, 1901, 526, 3119, 4100, 2270, 2500, 2736, 2830, 1979, 2882, 1325, 4311, 1570, 2154, 886, 2268, 2382, 2147, 1502, 1732, 1709, 8041, 1766, 2402, 901, 2128, 2416, 866, 3127, 2187, 3261, 1263, 1899, 5828, 2346, 5605, 1358, 2444, 3713, 1649, 2751, 1254, 2987, 2071, 2702, 3844, 2029, 2182, 4567, 2133, 2007, 3043, 2503, 4053, 5586, 1555, 2017, 1055, 915, 1665, 5718, 704, 2294, 1412, 1835, 1590, 5123, 4322, 1636, 3310, 3060, 1487, 4881, 2291, 1212, 2190, 1754, 1335, 1485, 4194, 2101, 1619, 1835, 2638, 3546, 2167, 2805, 2512, 3260, 2961, 2444, 1831, 2118, 1638, 1883, 2384, 3959, 2497, 1687, 3290, 919, 1885, 1898, 3218, 1909, 1711, 2048, 2681, 1287, 1496, 1393, 3114, 2825, 1873, 3738, 2567, 3018, 1892, 3812, 3551, 4810, 1824, 4068, 6427, 2762, 1993, 3448, 4498, 1882, 4637, 2485, 2356, 1508, 2148, 2344, 4121, 1674, 2004, 1248, 2315, 2980, 1569, 2618, 3233, 1525, 1684, 1397, 2606, 2350, 2140, 3806, 1554, 2476, 2769, 1502, 6654, 2327, 2425, 398, 1073, 1741, 2185, 3461, 2225, 1590, 2399, 2967, 4666, 1431, 1270, 2247, 1901, 1601, 2485, 3388, 2478, 2788, 3848, 1725, 3418, 2851, 2387, 3337, 2460, 474, 893, 6160, 1396, 1017, 3039, 1552, 2808, 1849, 5270, 2235, 1355, 1056, 3297, 955, 3510, 1578, 2688, 1873, 2430, 2290, 1826, 1428, 2702, 1767, 1961, 3103)
(85, 328): Mean: 2489.924, median: 2235.0, std: 1241.395, percent: 2425.06, B: 126, W: 123, 
	(1428, 1233, 1732, 3488, 2649, 3539, 2947, 1163, 1105, 1957, 1270, 1207, 3086, 7390, 2195, 1104, 1841, 2317, 2912, 2728, 2805, 2591, 5322, 1222, 2404, 3941, 1981, 4459, 2117, 1786, 2692, 2214, 2008, 2843, 1522, 1576, 2113, 2210, 2775, 2169, 561, 3219, 4052, 2138, 2591, 3001, 2425, 1779, 2871, 1347, 4708, 1566, 2519, 820, 2104, 2640, 2274, 1402, 1662, 1859, 6899, 1791, 2315, 786, 2028, 2089, 941, 3100, 2045, 3183, 1199, 1841, 6658, 2843, 6446, 1388, 2667, 3692, 1765, 2510, 1343, 2757, 2028, 2797, 3576, 2277, 2298, 4127, 2025, 2127, 2938, 2571, 4292, 6084, 1546, 2317, 1061, 880, 1824, 5833, 757, 2305, 1382, 1923, 1494, 4835, 3950, 1712, 3039, 2653, 1295, 6213, 2061, 1291, 2121, 1933, 1314, 1403, 4174, 2235, 1649, 1892, 2616, 3024, 2235, 2975, 2210, 3372, 2491, 2491, 1683, 2106, 1589, 1704, 2707, 4874, 2097, 1598, 3515, 1227, 1782, 1864, 3358, 1879, 1744, 2611, 2565, 1324, 1563, 1447, 3571, 2342, 1589, 3188, 2835, 2956, 1859, 3771, 2949, 4515, 2075, 3308, 6134, 3236, 2083, 2794, 3712, 2383, 4499, 2349, 2411, 1435, 2471, 2192, 4015, 2018, 1860, 1357, 2115, 2942, 1521, 2619, 3451, 1401, 1795, 1600, 2492, 2382, 2323, 3889, 1600, 2330, 2912, 1801, 6541, 2317, 2277, 342, 1109, 1755, 2191, 3739, 2201, 1663, 2159, 2695, 4386, 1530, 1170, 2025, 1886, 1643, 2541, 3235, 2480, 2853, 3558, 1724, 3811, 2320, 2703, 3243, 2301, 426, 1014, 8421, 1492, 980, 2548, 1400, 2999, 1865, 4728, 2126, 1469, 1026, 3128, 1091, 3903, 1501, 2953, 2025, 2478, 2472, 1763, 1638, 2409, 1867, 1982, 2551)
(86, 330): Mean: 2487.676, median: 2194.5, std: 1207.958, percent: 2446.12, B: 125, W: 122, 
	(1466, 1196, 1962, 3575, 2918, 2810, 2891, 1247, 1093, 2144, 1178, 1253, 3378, 5666, 2023, 1250, 1825, 2693, 2803, 2766, 2582, 2514, 4828, 1134, 2038, 4779, 1834, 5546, 2193, 1990, 2583, 2196, 1868, 3150, 1565, 1655, 1903, 2383, 2589, 1917, 522, 3695, 4750, 2259, 2340, 2392, 2936, 1878, 2915, 1362, 4510, 1666, 2504, 824, 2151, 2807, 2145, 1419, 1780, 1831, 6769, 1754, 2142, 905, 2631, 2381, 941, 2957, 2011, 2976, 1171, 1871, 6262, 2601, 6003, 1457, 2619, 4465, 1637, 2351, 1444, 2821, 2062, 3169, 3825, 2440, 2268, 4911, 2574, 2083, 3006, 2594, 3852, 5748, 1534, 2052, 1027, 914, 1858, 5633, 761, 2046, 1333, 1969, 1469, 4599, 3610, 1798, 3404, 2704, 1452, 4535, 1968, 1253, 2260, 1953, 1357, 1490, 3404, 2188, 1501, 1980, 2719, 3179, 2153, 2700, 2063, 3026, 3057, 2976, 2121, 1983, 1787, 1909, 2742, 4273, 2213, 1626, 3217, 921, 1752, 1840, 3642, 1926, 1646, 2052, 2360, 1289, 1639, 1631, 3169, 2286, 1880, 4057, 2376, 2648, 1701, 3849, 3930, 4327, 1854, 3299, 5986, 2824, 2012, 2794, 5748, 1943, 4499, 2034, 2501, 1761, 2260, 2414, 3767, 2113, 1779, 1306, 1929, 2984, 1530, 2424, 3812, 1462, 1891, 1615, 2977, 2661, 2034, 3811, 1512, 2289, 2300, 1804, 7686, 2016, 2393, 446, 1139, 2118, 2211, 2854, 2477, 1526, 2008, 3098, 4770, 1479, 1209, 2240, 1900, 1440, 2554, 3016, 2413, 2550, 3645, 1686, 3656, 2683, 2612, 2835, 2105, 411, 1016, 7080, 1536, 1015, 2929, 1362, 2952, 1970, 5193, 2138, 1611, 966, 3395, 1026, 3428, 1507, 3252, 2001, 2429, 2381, 1704, 1625, 2330, 1882, 1995, 2603)
(87, 336): Mean: 2493.304, median: 2207.5, std: 1204.966, percent: 2511.72, B: 129, W: 121, 
	(1476, 1171, 2090, 3886, 3059, 3291, 3157, 1089, 1052, 1959, 1098, 1201, 3773, 6699, 2069, 1362, 1738, 2384, 2593, 2892, 2509, 2400, 4769, 1260, 1928, 3921, 1961, 4764, 2409, 2055, 2355, 1980, 2274, 3399, 1446, 1674, 1877, 2162, 2584, 2019, 664, 3474, 5362, 2173, 2792, 2256, 2933, 1955, 2850, 1250, 3577, 1729, 2186, 960, 2034, 2827, 2326, 1382, 1849, 1807, 6513, 1842, 2243, 908, 2465, 2279, 933, 3245, 2100, 3546, 1185, 1979, 5587, 2299, 5787, 1445, 2527, 3888, 1588, 2867, 1389, 2793, 1826, 3041, 3271, 2045, 2361, 4893, 1957, 2077, 3268, 2578, 3542, 6975, 1544, 1942, 1024, 793, 1712, 5351, 787, 2193, 1449, 2124, 1454, 4302, 4322, 1705, 2986, 2501, 1335, 5005, 2429, 1268, 2048, 1868, 1415, 1484, 3663, 2245, 1592, 1909, 3351, 3154, 2163, 2679, 2287, 3338, 3603, 2604, 1926, 2193, 1561, 1818, 2834, 4827, 2194, 1771, 3879, 970, 1947, 2131, 3045, 2017, 1916, 2153, 2509, 1378, 1622, 1496, 3244, 2823, 1529, 3906, 2838, 2777, 1777, 3904, 3117, 3939, 1688, 3624, 6248, 2704, 2186, 2498, 4661, 1797, 4654, 2187, 2905, 1446, 2410, 2746, 3951, 1933, 1846, 1193, 2074, 3357, 1537, 2453, 3632, 1419, 1988, 1530, 2641, 2363, 2143, 4399, 1523, 2221, 2730, 1545, 6867, 2345, 2302, 367, 1209, 2034, 2351, 3708, 2504, 1552, 2394, 2710, 5161, 1501, 1192, 1991, 1769, 1814, 2419, 2884, 2466, 2930, 4396, 1498, 3649, 2599, 2849, 3153, 2157, 418, 859, 6464, 1407, 992, 2691, 1275, 2782, 1991, 5091, 1823, 1477, 993, 3579, 960, 3224, 1577, 2658, 1960, 2303, 2403, 1827, 1571, 2576, 1824, 1720, 2795)
(90, 351): Mean: 2468.84, median: 2219.0, std: 1158.883, percent: 2478.02, B: 126, W: 123, 
	(1534, 1122, 2103, 4015, 2541, 3569, 2662, 1295, 1112, 2138, 1226, 1206, 3105, 5049, 2080, 1325, 1920, 2271, 2968, 3017, 3182, 2563, 4655, 1198, 2134, 4315, 2291, 4035, 2162, 2155, 2545, 2172, 2109, 3442, 1500, 1834, 1879, 2579, 2930, 1890, 558, 3254, 3717, 2179, 2519, 2323, 2883, 1846, 2923, 1551, 4181, 1689, 2176, 808, 2057, 2524, 2331, 1397, 1750, 1929, 7677, 1667, 2269, 888, 2380, 2083, 942, 3243, 1831, 3565, 1140, 1904, 5614, 2452, 5272, 1501, 2550, 3979, 1580, 2882, 1473, 2662, 2139, 2850, 3870, 2403, 2361, 4528, 2013, 1914, 2929, 2644, 4188, 4831, 1642, 1891, 999, 870, 1860, 5947, 725, 2305, 1368, 2008, 1626, 4637, 3818, 1661, 3030, 2427, 1436, 5578, 2031, 1252, 1989, 1858, 1744, 1600, 3475, 2204, 1551, 1868, 2715, 3348, 2028, 2674, 2234, 3088, 3356, 2729, 1673, 2191, 1690, 1737, 2595, 4254, 2202, 1765, 3996, 1065, 1725, 1748, 3354, 1562, 1750, 2457, 2768, 1335, 1540, 1549, 3169, 2421, 1748, 3025, 2396, 2397, 1927, 4138, 3058, 3885, 1777, 4003, 5654, 2647, 1815, 2942, 4094, 1871, 4251, 2247, 2808, 1509, 2671, 2305, 4048, 1889, 1930, 1325, 2117, 2806, 1345, 2828, 3429, 1414, 1864, 1528, 2377, 2470, 2459, 4380, 1599, 2556, 2578, 1557, 6670, 2001, 2077, 455, 1096, 1984, 2260, 3361, 2304, 1534, 2039, 2695, 4407, 1400, 1142, 2307, 2017, 1553, 2333, 3664, 2281, 2359, 3850, 1699, 4043, 2695, 3117, 3143, 2109, 420, 945, 8113, 1381, 973, 2977, 1312, 3027, 2133, 4121, 2000, 1626, 999, 2964, 1092, 2827, 1377, 2998, 2089, 2235, 2565, 2011, 1684, 2957, 2142, 2186, 3029)
(91, 354): Mean: 2480.548, median: 2196.5, std: 1197.868, percent: 2450.18, B: 130, W: 120, 
	(1543, 1156, 1952, 3779, 2727, 2990, 3012, 1364, 1061, 1876, 1396, 1189, 3038, 6753, 1978, 1309, 1805, 2681, 2681, 3270, 2836, 2416, 5677, 989, 2069, 3548, 1718, 5618, 2176, 2045, 2476, 2246, 2173, 3225, 1514, 1721, 2203, 2141, 2645, 2165, 441, 3338, 4808, 2158, 2512, 2062, 2791, 1940, 2989, 1217, 4280, 1774, 2343, 780, 1938, 2720, 2371, 1308, 1669, 1693, 5830, 1763, 2101, 841, 2255, 2369, 1003, 3443, 2014, 4096, 1353, 2124, 5880, 2407, 6306, 1365, 2990, 4519, 1681, 2515, 1450, 2605, 1876, 2983, 4006, 2496, 2542, 4149, 2114, 1892, 2794, 2181, 3818, 5667, 1553, 2018, 975, 851, 1704, 5371, 802, 2000, 1405, 1923, 1586, 4251, 3660, 1867, 2812, 2628, 1280, 5289, 1924, 1409, 2204, 2085, 1360, 1497, 4044, 2069, 1746, 2069, 2954, 3122, 2426, 2534, 2365, 3185, 3532, 2652, 2002, 2244, 1641, 1784, 2649, 5023, 2229, 1717, 3707, 1067, 1899, 1904, 3486, 1994, 1637, 2153, 2633, 1358, 1633, 1491, 3344, 2337, 1572, 3406, 2527, 2913, 1842, 3840, 3334, 4369, 1971, 4159, 5692, 2674, 2056, 2687, 5269, 1916, 3770, 1922, 2556, 1387, 2384, 2482, 3338, 1750, 1940, 1353, 2165, 3320, 1464, 2484, 3623, 1412, 1803, 1530, 2750, 2392, 2042, 3966, 1549, 2190, 2834, 1758, 7054, 2354, 2297, 425, 1145, 1941, 2277, 3337, 2253, 1514, 2175, 2251, 5503, 1565, 1141, 2446, 1941, 1532, 2325, 3142, 2543, 2596, 3189, 1700, 3295, 2606, 2641, 2791, 2102, 406, 939, 7133, 1539, 927, 2844, 1448, 3037, 1864, 4719, 1980, 1723, 1046, 3471, 1057, 3444, 1404, 2841, 1902, 2334, 2315, 1867, 1475, 2393, 2025, 2035, 2692)
(92, 355): Mean: 2507.4, median: 2216.0, std: 1228.168, percent: 2486.66, B: 126, W: 123, 
	(1468, 1191, 1842, 3992, 2521, 2896, 3703, 1175, 1130, 2157, 1217, 1125, 3578, 5834, 1945, 1387, 1892, 2646, 3063, 2614, 2819, 2612, 5187, 1186, 1884, 3795, 1864, 6089, 2323, 2098, 2418, 2120, 1939, 2868, 1456, 1899, 2130, 2255, 3057, 2065, 458, 3146, 4139, 2077, 2340, 2571, 2642, 2250, 2806, 1300, 4282, 1914, 2152, 947, 2114, 2466, 2027, 1297, 1779, 1758, 7931, 1799, 2346, 852, 2028, 2121, 895, 3388, 1955, 3724, 1163, 2069, 6290, 2193, 5062, 1406, 2600, 4004, 1562, 2401, 1491, 2635, 2003, 3059, 4433, 1938, 2515, 4056, 2533, 2086, 3448, 2792, 4510, 5765, 1384, 2125, 1066, 849, 1844, 5579, 704, 2439, 1384, 1849, 1470, 3646, 4003, 1780, 2978, 2632, 1406, 5384, 2413, 1371, 2129, 2032, 1375, 1491, 3731, 2235, 1682, 1995, 2893, 3338, 2236, 3019, 2197, 3046, 3034, 3105, 2018, 2154, 1509, 1780, 2409, 3750, 2383, 1880, 4240, 931, 1858, 1759, 3369, 1892, 1583, 2132, 2531, 1389, 1500, 1389, 3007, 2521, 1686, 3782, 2438, 3310, 1975, 5150, 3221, 4499, 1865, 3068, 6684, 2647, 2239, 3018, 5071, 2135, 4401, 2051, 2446, 1604, 2384, 2410, 3703, 2148, 2107, 1297, 2085, 3038, 1452, 2535, 3612, 1493, 1895, 1532, 2537, 2452, 2070, 3840, 1602, 2638, 2745, 1589, 6933, 2078, 2386, 448, 1118, 1877, 2310, 3494, 2384, 1657, 2451, 2731, 5106, 1307, 1160, 2323, 1878, 1561, 2546, 3235, 2394, 2885, 4238, 1687, 3755, 2604, 2758, 3455, 2267, 405, 994, 6915, 1460, 958, 2565, 1313, 3093, 1902, 5202, 1911, 1535, 1085, 3364, 988, 3161, 1467, 2874, 1985, 2195, 2125, 1912, 1682, 2868, 1837, 1976, 2812)
(93, 358): Mean: 2471.664, median: 2227.5, std: 1172.999, percent: 2450.26, B: 134, W: 115, 
	(1541, 1094, 1735, 3927, 2569, 3389, 2868, 1394, 1067, 1969, 1207, 1202, 3515, 7301, 2097, 1341, 1927, 2282, 2659, 2859, 2459, 2144, 5179, 1028, 1858, 4152, 1866, 5674, 2352, 2042, 2549, 2264, 2130, 3246, 1664, 1754, 2079, 2271, 2552, 1774, 727, 3536, 4968, 2168, 2547, 2258, 2776, 1744, 3012, 1312, 3918, 1502, 2248, 887, 2356, 2372, 2132, 1439, 1733, 1857, 5976, 1727, 2465, 873, 2577, 2170, 824, 3066, 2471, 3204, 1169, 1965, 5722, 2431, 5400, 1521, 2562, 4638, 1577, 2521, 1219, 2955, 2128, 2777, 3861, 2392, 2450, 4999, 2429, 2119, 3080, 2466, 4184, 6401, 1492, 1849, 1053, 911, 1643, 5386, 937, 1897, 1390, 2079, 1500, 4778, 3652, 2185, 2986, 2629, 1285, 4284, 2244, 1314, 2131, 2108, 1530, 1551, 3606, 2067, 1507, 1775, 2524, 2960, 2164, 2685, 2113, 3671, 3178, 2910, 1809, 2073, 1514, 1745, 2454, 4577, 2210, 1790, 3284, 1007, 1950, 1813, 2767, 1723, 1773, 2033, 2699, 1566, 1653, 1344, 3480, 2451, 1737, 3135, 2473, 2461, 1703, 4168, 3212, 4237, 1710, 3348, 6247, 2344, 2101, 3101, 4619, 1895, 3899, 2124, 2477, 1561, 2313, 2211, 3854, 2049, 1834, 1273, 2268, 3050, 1574, 2562, 3837, 1412, 2249, 1404, 2604, 2666, 2172, 4122, 1582, 2482, 2850, 1792, 6475, 2185, 2131, 441, 1123, 1857, 2376, 3841, 2437, 1496, 2916, 2641, 4766, 1448, 1233, 2102, 1737, 1528, 2209, 3074, 2210, 2811, 3465, 1631, 3318, 2564, 2665, 3056, 2572, 385, 948, 6090, 1383, 1066, 2393, 1431, 2978, 1995, 4955, 1959, 1549, 1036, 3803, 964, 3133, 1467, 2966, 1869, 2552, 2300, 1888, 1728, 2633, 1764, 2357, 2824)
(96, 372): Mean: 2482.956, median: 2271.5, std: 1158.763, percent: 2467.48, B: 127, W: 122, 
	(1527, 1211, 2136, 4156, 2690, 3089, 2886, 1320, 990, 1976, 1188, 1240, 3705, 6646, 2036, 1195, 1815, 2551, 2755, 2619, 2644, 2529, 5418, 1235, 2021, 3634, 1810, 5474, 2201, 2009, 2592, 2215, 2149, 2928, 1466, 1592, 1931, 2103, 2932, 2101, 550, 3499, 4494, 2083, 2264, 2434, 2513, 1729, 2887, 1369, 4839, 1519, 2196, 863, 2294, 2806, 2360, 1549, 1663, 2004, 5411, 1735, 2399, 880, 2250, 2124, 967, 3348, 2156, 3792, 1165, 1979, 5644, 2286, 4903, 1397, 2869, 3944, 1603, 2222, 1217, 2675, 1837, 2576, 4329, 2505, 2443, 4288, 2269, 2268, 3711, 2358, 4681, 6379, 1625, 2162, 1078, 848, 1792, 4909, 795, 2249, 1290, 1969, 1619, 4354, 3378, 1784, 3433, 3045, 1371, 5184, 2379, 1185, 2274, 2071, 1776, 1483, 4144, 2427, 1690, 1886, 2619, 2800, 1921, 2774, 2112, 3914, 3109, 2665, 1898, 2107, 1683, 1687, 2948, 4099, 2557, 1580, 3482, 883, 1647, 1978, 2834, 2088, 1574, 1962, 2758, 1414, 1709, 1480, 3225, 2663, 1749, 2970, 2763, 2712, 2146, 3690, 3159, 4856, 1885, 3400, 6261, 2694, 2089, 3073, 4336, 1833, 3869, 2304, 2230, 1471, 2386, 2627, 4536, 1741, 1749, 1228, 2275, 3050, 1578, 2397, 3976, 1472, 1698, 1698, 2543, 2586, 2058, 4135, 1505, 2625, 2605, 1507, 6460, 2901, 2447, 419, 1119, 1918, 2338, 3176, 2387, 1539, 2367, 2369, 5016, 1421, 1182, 2368, 1775, 1484, 2432, 3233, 2856, 2751, 3638, 1779, 3435, 2559, 2764, 2941, 2119, 430, 888, 6614, 1573, 927, 2686, 1410, 2710, 1896, 4341, 2324, 1628, 1005, 3055, 1086, 3207, 1564, 2883, 1870, 2554, 2443, 1886, 1578, 2977, 1931, 2096, 2909)
(97, 374): Mean: 2498.884, median: 2238.0, std: 1205.835, percent: 2481.5, B: 124, W: 123, 
	(1422, 1194, 2148, 3755, 2721, 3465, 2510, 1071, 1006, 1976, 1178, 1221, 3063, 6086, 2222, 1138, 1873, 2566, 3315, 2606, 2837, 2360, 5288, 1025, 2070, 3771, 2054, 5227, 2453, 1973, 2811, 2247, 2333, 3442, 1361, 1705, 2102, 1904, 2519, 1981, 462, 3253, 4144, 2337, 2380, 2607, 3031, 1845, 2797, 1362, 3785, 1751, 2245, 1043, 2087, 2727, 2316, 1406, 1754, 1701, 7122, 1939, 2416, 761, 2649, 2158, 917, 3260, 2156, 3334, 1169, 1901, 6313, 2389, 5711, 1526, 2449, 3836, 1567, 2792, 1695, 2977, 1972, 3056, 4162, 2267, 2134, 4795, 2215, 2211, 3475, 2228, 3909, 6793, 1563, 2242, 1067, 881, 1706, 5936, 760, 2232, 1309, 1959, 1593, 4141, 3496, 1963, 3325, 2580, 1442, 5066, 1981, 1281, 2144, 1890, 1291, 1470, 3806, 2064, 1722, 1856, 2834, 3151, 1994, 2853, 2127, 4197, 2565, 2522, 1907, 2039, 1749, 2142, 2753, 4441, 2388, 1673, 3118, 939, 1813, 2070, 3641, 2204, 1650, 2478, 3114, 1421, 1419, 1335, 2981, 2560, 1663, 3319, 2774, 2715, 1780, 4171, 3373, 3715, 1860, 3573, 5995, 2446, 1923, 3032, 4026, 2021, 4527, 2108, 2562, 1581, 2592, 3041, 4185, 1855, 2155, 1264, 2039, 2980, 1524, 2544, 3665, 1555, 2025, 1441, 2494, 2547, 2117, 4136, 1704, 2356, 2903, 1655, 7795, 2234, 2331, 419, 1107, 1793, 2287, 3450, 2543, 1593, 2228, 2306, 4214, 1544, 1141, 2167, 1909, 1594, 2344, 3402, 2957, 3089, 3678, 1656, 3628, 2318, 2620, 3349, 2561, 358, 976, 6162, 1517, 1032, 2708, 1440, 2729, 1842, 5778, 1915, 1477, 1032, 3341, 1095, 3380, 1519, 2736, 1912, 2351, 2322, 1712, 1671, 2854, 1761, 1974, 2799)
(98, 376): Mean: 2467.64, median: 2216.0, std: 1182.414, percent: 2444.48, B: 138, W: 109, 
	(1408, 1233, 1784, 4115, 2688, 3413, 3290, 1193, 1054, 2056, 1313, 1225, 3293, 6324, 1867, 1270, 1943, 2439, 2744, 2694, 2658, 2565, 5256, 1098, 1811, 4442, 1862, 5200, 2387, 1923, 2682, 2173, 2373, 3115, 1454, 1666, 1807, 2213, 3265, 1915, 489, 3118, 4160, 2415, 2401, 2442, 2970, 1760, 3139, 1307, 3785, 1678, 2351, 871, 1998, 2226, 2254, 1438, 1634, 1767, 5794, 1714, 2322, 971, 2093, 2124, 874, 2978, 2061, 3446, 1085, 2034, 5368, 2506, 5002, 1431, 2891, 4372, 1660, 2586, 1422, 2826, 2144, 3179, 4025, 2335, 2284, 4714, 2148, 1805, 3065, 2410, 3659, 6662, 1469, 2091, 1106, 770, 1753, 6150, 680, 2011, 1442, 2034, 1600, 4811, 3590, 1871, 2752, 2458, 1481, 4510, 2370, 1100, 2190, 1908, 1613, 1635, 4066, 2225, 1568, 1853, 3038, 2519, 2055, 2945, 2259, 3880, 2504, 2958, 1868, 2271, 1726, 1764, 2474, 3631, 2104, 1772, 3059, 1007, 1701, 2081, 3351, 1929, 1607, 2020, 2606, 1471, 1459, 1462, 3089, 2418, 1541, 3995, 2515, 2545, 1904, 3678, 3566, 4005, 1752, 3922, 7072, 2414, 1901, 3025, 4560, 1920, 4109, 2129, 2814, 1546, 2656, 2762, 3600, 1978, 1868, 1441, 1984, 3039, 1448, 2644, 3665, 1542, 2002, 1408, 2592, 2457, 2125, 4110, 1473, 2213, 3204, 1858, 5797, 2123, 2242, 345, 1119, 2126, 2322, 3372, 2605, 1703, 1936, 2322, 5232, 1330, 1043, 2219, 1681, 1560, 2428, 3135, 2696, 2922, 3358, 1578, 3546, 2386, 2639, 3015, 2170, 400, 905, 7231, 1646, 996, 2583, 1357, 2584, 1866, 5556, 2018, 1477, 968, 3833, 1120, 2980, 1665, 2556, 1768, 2340, 2457, 2035, 1651, 2561, 1727, 1972, 3187)

Test:
No precond: Mean: 2668.612, median: 2398.0, std: 1385.032, percent: 2671.28, flag: 0 
	(1983, 2578, 676, 2933, 1464, 2621, 1307, 3528, 1858, 2683, 2129, 1892, 2826, 1187, 430, 5596, 2773, 2235, 2579, 1475, 2178, 1571, 1590, 2288, 4603, 3477, 4219, 1624, 7298, 4946, 1496, 2912, 5565, 6150, 2119, 1462, 2624, 1445, 3557, 1537, 6277, 2273, 1330, 2049, 2042, 1309, 1462, 1699, 1717, 1235, 2012, 3871, 2942, 2636, 1541, 6301, 1090, 2251, 2929, 1641, 2466, 4652, 2965, 2352, 1863, 3224, 2232, 3358, 779, 3011, 1883, 1560, 3625, 1964, 1601, 2259, 1213, 2139, 2679, 1660, 884, 1250, 2319, 2499, 2746, 4111, 1995, 1774, 2823, 2890, 2614, 2152, 3022, 1804, 2787, 5429, 7075, 3869, 2068, 2460, 3032, 3388, 4121, 2388, 3062, 1205, 5242, 4494, 2420, 1480, 2363, 3169, 1385, 4259, 1652, 2166, 2397, 1217, 2960, 3247, 1889, 4133, 2241, 1610, 2607, 4885, 3219, 2255, 4598, 2399, 3601, 2936, 2139, 1184, 3048, 6464, 2080, 2002, 2454, 2629, 1333, 868, 3420, 1616, 3639, 2115, 740, 995, 3560, 1019, 3453, 803, 3419, 2593, 7562, 4105, 2499, 4826, 2503, 2049, 9706, 2180, 4792, 1983, 1753, 2177, 2732, 3380, 3172, 2503, 2548, 1753, 1569, 2725, 2503, 1340, 4223, 2408, 2983, 2136, 1841, 1742, 1220, 2558, 3482, 1725, 3344, 1312, 1905, 1475, 3434, 2434, 1711, 2885, 2882, 3183, 4524, 1159, 1266, 2507, 4210, 2146, 4494, 2129, 2547, 2930, 2233, 5717, 1283, 2707, 445, 1504, 1586, 1258, 2943, 5122, 1511, 2199, 2804, 2194, 1346, 2172, 3982, 1289, 2787, 2778, 3583, 4555, 4919, 1813, 1397, 971, 2406, 4208, 1265, 2130, 2025, 721, 1647, 2042, 6437, 5564, 4469, 1604, 2141, 1910, 3486, 3212, 3147, 2816)

Last: Mean: 2479.808, median: 2236.5, std: 1216.321, percent: 2429.66, B: 173, W: 77, flag: 0 
	(1976, 2223, 400, 2867, 1348, 2472, 1698, 3685, 1768, 2347, 2247, 1624, 2629, 1271, 432, 5464, 3141, 2146, 2175, 1236, 2244, 1494, 1917, 1929, 4322, 3391, 4240, 1582, 7471, 4745, 1242, 3004, 5758, 5413, 1937, 1023, 2508, 1105, 4039, 1482, 5866, 2104, 1276, 1978, 1929, 1345, 1296, 1715, 1815, 1133, 1792, 4125, 2975, 2322, 1572, 4410, 1159, 1974, 2668, 1450, 2323, 4816, 3032, 1973, 2023, 3282, 2034, 3156, 863, 3168, 2013, 1685, 3709, 1868, 1642, 1581, 1081, 1824, 2659, 1675, 793, 970, 2195, 2194, 2505, 4133, 1946, 1543, 2315, 3107, 2785, 1928, 2636, 1822, 2927, 4380, 5396, 3962, 1800, 2183, 3029, 2898, 3309, 1989, 2746, 1054, 5140, 3433, 2232, 1437, 1744, 3181, 1312, 3445, 1582, 2070, 2516, 1213, 2446, 2943, 1767, 3238, 2438, 1594, 2323, 3940, 3240, 2280, 4922, 2634, 3697, 2486, 2194, 1266, 2684, 5702, 2368, 1615, 2410, 2395, 1435, 941, 2791, 1373, 4091, 2152, 672, 887, 2941, 909, 2561, 746, 2907, 2393, 6271, 2968, 2226, 4122, 2233, 1849, 4724, 1972, 3225, 2206, 1563, 2135, 2204, 3071, 2973, 2297, 2038, 1656, 1410, 3208, 2581, 1334, 4803, 2113, 3022, 2268, 1885, 1778, 1047, 2270, 2981, 1606, 3499, 1258, 1862, 1299, 2990, 2038, 1602, 2835, 2423, 2742, 4268, 994, 1144, 2468, 3525, 1768, 4654, 1932, 2327, 2540, 2240, 4483, 1131, 2853, 456, 1155, 1705, 1285, 2579, 4311, 1300, 2514, 3237, 2280, 1082, 2146, 3963, 1210, 2701, 3146, 2907, 6299, 4874, 1560, 1181, 849, 2735, 4100, 1180, 1832, 1795, 700, 1405, 1749, 5486, 4161, 4292, 1648, 2341, 1813, 3549, 3089, 2891, 2995)

[0.07698495 0.0746227  0.12819817 0.11058672 0.16215307 0.13787518
 0.11945247 0.07353731 0.12237815 0.09059965]

19/02/2026, 13:51:09
Config file: ./config/config_sign_5.ini
Data:
	1d_laplace_size: 45
	amount: 250
	params: 1 0.3
	seed: 5
	dim: 2025
Solver:
	tol: 1e-10
	max_iteration: None
Learn:
	iteration_count: 100
	step_range: 0.1
	method: sign
	seed: 5
	scale: 1 0.5 0.25
Precondition:
	num_coef: 10

Train:
(0, 1): Mean: 2601.536, median: 2315.5, std: 1349.361, percent: 2521.38, B: 250, W: 0, 
	(2584, 3107, 1928, 1396, 4727, 4031, 2919, 2741, 1652, 1809, 2783, 1165, 3931, 403, 3976, 3261, 2602, 2864, 2788, 2326, 2463, 1339, 913, 3690, 1609, 1998, 1984, 1749, 2077, 1997, 1763, 3802, 1627, 3748, 2945, 2773, 2814, 1841, 2664, 2264, 2312, 2526, 1261, 3714, 3551, 1890, 1437, 2881, 1626, 1023, 1401, 4947, 4475, 3641, 1690, 2847, 3791, 3059, 6121, 1589, 2307, 2721, 3165, 897, 3758, 3053, 1672, 1742, 2011, 1851, 1774, 3323, 3583, 1693, 2678, 2647, 2833, 4684, 1368, 3630, 2086, 2086, 2108, 5922, 3167, 2238, 3199, 2497, 2764, 2719, 2076, 1911, 1579, 2360, 3013, 889, 2750, 3432, 3797, 1665, 1354, 613, 1830, 2926, 2991, 1983, 2843, 803, 2108, 2144, 3903, 2415, 2847, 2319, 1437, 3220, 3175, 5766, 3005, 2220, 4971, 2824, 5181, 863, 1941, 3318, 1914, 3372, 1996, 3410, 1819, 1507, 2009, 1913, 2286, 4236, 1113, 2493, 2134, 1223, 5607, 3116, 1098, 1806, 1164, 1206, 1152, 1107, 1393, 1780, 1285, 4958, 2128, 1304, 2730, 2377, 1706, 2438, 1231, 1889, 2090, 3022, 992, 1782, 1876, 1423, 2822, 2254, 1709, 2063, 1293, 3773, 2846, 3581, 3427, 2780, 2097, 1162, 3496, 3229, 1451, 1763, 1082, 3309, 3839, 2052, 5437, 2842, 3159, 4364, 2382, 6480, 4691, 3132, 1088, 2047, 2245, 3271, 1186, 2804, 2083, 2410, 1075, 2683, 1582, 2218, 4005, 1377, 1946, 11625, 2826, 3038, 2815, 3622, 798, 1547, 9183, 1654, 4170, 2243, 2249, 2711, 1266, 2643, 2258, 2820, 5816, 3512, 1373, 3241, 3524, 1354, 1644, 1394, 1859, 1833, 1602, 6927, 3707, 3515, 931, 2062, 3698, 2013, 1749, 2487, 5311, 2281, 1785, 3195)
(1, 2): Mean: 2591.988, median: 2340.5, std: 1372.666, percent: 2487.26, B: 134, W: 115, 
	(2308, 3145, 1816, 1411, 4695, 3244, 2720, 2742, 1636, 1718, 2835, 1183, 4819, 450, 3786, 2730, 2306, 3246, 2472, 2656, 2253, 1406, 778, 4141, 1531, 1750, 2023, 1866, 2038, 2103, 1918, 4413, 1576, 4205, 2895, 2659, 2607, 1618, 2518, 2281, 2230, 2365, 1272, 3810, 3473, 2138, 1543, 2336, 1739, 1102, 1537, 5996, 5022, 3726, 1913, 2783, 3674, 3673, 5665, 1712, 2609, 2754, 3278, 867, 3376, 2655, 1709, 1677, 1939, 2261, 1497, 3267, 3477, 1777, 2797, 2572, 2682, 4625, 1303, 3292, 1965, 1752, 2151, 7620, 3055, 2370, 2655, 2405, 2645, 2560, 2059, 2064, 1514, 2507, 3852, 833, 3095, 3280, 4679, 1770, 1496, 615, 1770, 2702, 3437, 1998, 2753, 780, 2420, 1922, 4136, 2813, 2868, 2256, 1439, 2935, 2709, 6366, 2500, 2193, 5157, 2814, 4886, 834, 1894, 3401, 1949, 3359, 2502, 3228, 1837, 1481, 1864, 1492, 2381, 4300, 962, 2369, 2252, 1243, 5069, 2723, 1063, 1802, 1222, 1311, 1302, 1425, 1540, 1636, 1401, 4624, 2260, 1330, 2233, 2345, 1889, 2411, 1168, 2066, 2090, 2878, 1077, 1653, 1651, 1319, 3320, 2230, 1489, 2238, 888, 3484, 2224, 3955, 3207, 2556, 1901, 936, 3067, 3201, 1481, 1856, 1168, 2994, 4498, 1948, 6373, 2985, 2944, 4306, 2050, 4851, 4496, 3175, 1177, 1819, 2165, 2808, 976, 3090, 2441, 2712, 1158, 2395, 1657, 2235, 3237, 1331, 1881, 12118, 2700, 3036, 2581, 4086, 803, 1557, 7345, 1569, 4838, 2248, 2436, 2779, 1633, 2117, 2370, 3246, 4727, 3486, 1525, 3142, 4120, 1051, 1576, 1458, 1769, 1735, 1453, 7838, 4106, 3049, 1069, 2224, 3481, 2193, 1643, 2464, 4368, 2638, 1774, 3491)
(3, 14): Mean: 2581.356, median: 2363.0, std: 1252.235, percent: 2534.2, B: 130, W: 120, 
	(2528, 3395, 1875, 1532, 3215, 3934, 3410, 2920, 1860, 1936, 3036, 1217, 4304, 391, 3699, 2616, 2647, 2750, 2371, 2154, 2357, 1256, 1038, 3954, 1565, 1952, 1800, 1671, 2366, 1975, 1629, 3534, 1394, 3604, 2959, 2703, 2952, 1639, 2457, 2444, 2415, 2324, 1194, 3398, 3283, 1983, 1352, 2878, 1879, 979, 1443, 6492, 4856, 3695, 1946, 2702, 4245, 3781, 5234, 1640, 2568, 2678, 3650, 886, 3063, 3046, 1850, 1586, 2002, 1938, 1501, 3181, 3370, 1585, 2674, 2601, 2643, 5187, 1392, 3198, 2236, 2081, 2142, 6501, 3097, 2761, 3160, 2317, 2535, 2260, 1955, 1943, 1932, 2210, 3670, 916, 2726, 3345, 4226, 1701, 1481, 555, 1773, 2713, 2829, 2152, 3038, 779, 2239, 1995, 4329, 2662, 2754, 2220, 1467, 3146, 3150, 6067, 2873, 2248, 4784, 2783, 4469, 735, 1751, 3095, 1992, 3118, 2550, 3226, 1832, 1435, 2371, 1818, 2634, 3735, 1124, 2395, 2535, 1297, 5109, 3143, 1117, 1978, 1279, 1105, 1224, 1077, 1518, 1698, 1477, 5500, 2224, 1237, 2360, 2814, 1868, 2359, 1099, 2039, 2261, 3160, 915, 1869, 1933, 1296, 3036, 2160, 1618, 1996, 875, 3452, 2267, 3799, 3654, 2609, 1815, 723, 3161, 3234, 1672, 2109, 1167, 3083, 4278, 1850, 5469, 3284, 3603, 4370, 2495, 6254, 3869, 2982, 1084, 1999, 2893, 3042, 1076, 2875, 2034, 2536, 1099, 2946, 1585, 2095, 3037, 1367, 1768, 8936, 2898, 3293, 2811, 4516, 865, 1517, 7424, 1787, 4512, 2343, 2427, 2650, 1526, 2132, 2306, 2969, 4883, 3076, 1456, 3415, 3878, 1271, 1536, 1414, 1820, 1777, 1451, 6317, 4659, 3010, 1048, 2142, 3643, 2222, 1690, 2819, 4604, 2116, 1659, 3322)
(4, 16): Mean: 2591.08, median: 2376.5, std: 1322.717, percent: 2504.66, B: 129, W: 121, 
	(2508, 4114, 1898, 1412, 3904, 3261, 3011, 2765, 1622, 1865, 2705, 1335, 4032, 368, 4209, 2753, 2332, 2975, 2262, 2477, 2560, 1360, 832, 3098, 1467, 1833, 2120, 1777, 2079, 1691, 1939, 4387, 1572, 3726, 3344, 2675, 2555, 1683, 2590, 2043, 2149, 2297, 1205, 3483, 3883, 1820, 1467, 2722, 1714, 1013, 1461, 6381, 4852, 3399, 1916, 2658, 4003, 4032, 7020, 1774, 2717, 3112, 3721, 706, 3628, 2924, 1706, 1534, 1961, 2364, 1722, 2826, 3496, 1665, 3153, 2660, 2661, 4769, 1316, 2898, 1949, 1730, 2227, 6620, 2924, 2420, 2881, 2434, 2864, 2740, 2126, 2023, 1679, 2237, 3737, 809, 2694, 3198, 4107, 1738, 1386, 641, 1820, 3165, 3202, 2073, 2847, 765, 2064, 1882, 4928, 2709, 2709, 2465, 1494, 3300, 3308, 6468, 2565, 2037, 4554, 3169, 5357, 781, 2006, 3488, 1923, 3368, 1994, 3251, 1917, 1301, 1729, 1539, 2181, 4043, 973, 2381, 2504, 1129, 4857, 2972, 1032, 1958, 1151, 1413, 1252, 1157, 1483, 1809, 1333, 4806, 2364, 1198, 2372, 2613, 1891, 2393, 1300, 2053, 2194, 2811, 996, 1896, 1789, 1588, 2913, 2370, 2005, 2260, 1077, 4183, 2713, 3757, 3465, 2540, 1707, 857, 3489, 3360, 1670, 2046, 1026, 3417, 3265, 2236, 4564, 3011, 2862, 4510, 2144, 5789, 4508, 2641, 1022, 2087, 2233, 2670, 1179, 2815, 1826, 2512, 1021, 2528, 1666, 2585, 3526, 1561, 1746, 9615, 2761, 2836, 2451, 4265, 923, 1537, 8674, 1651, 4446, 2245, 2201, 2444, 1348, 2408, 2305, 3127, 4866, 3183, 1410, 3060, 3650, 1171, 1585, 1440, 1802, 1838, 1486, 7744, 3967, 3112, 1022, 2228, 3284, 2517, 1696, 2426, 4652, 2459, 1936, 3476)
(5, 17): Mean: 2590.316, median: 2333.0, std: 1350.359, percent: 2573.24, B: 127, W: 123, 
	(2419, 3428, 1932, 1512, 4470, 3322, 2731, 2643, 1768, 1682, 3236, 1312, 3814, 391, 3732, 2969, 2669, 2713, 2232, 2542, 2404, 1265, 790, 3712, 1437, 1831, 1946, 1829, 2065, 1919, 2012, 3665, 1477, 3771, 3259, 2693, 2371, 1748, 2828, 2316, 2145, 2370, 1297, 3827, 3232, 2034, 1557, 2683, 1512, 965, 1357, 5330, 3831, 3738, 1853, 2776, 4468, 3779, 6677, 1564, 2617, 2899, 3031, 867, 2942, 2905, 1829, 1668, 1898, 2218, 1818, 3028, 3064, 1598, 2964, 2322, 2761, 4666, 1434, 3096, 2111, 1744, 2185, 7013, 2787, 2160, 3001, 2424, 2904, 2163, 2140, 1938, 1618, 2149, 3454, 938, 2558, 3040, 4162, 1774, 1481, 538, 1980, 2661, 3274, 2018, 3034, 792, 2141, 2082, 3981, 2588, 2567, 2181, 1436, 3201, 2876, 7285, 2484, 2120, 5737, 2788, 5339, 944, 2020, 3519, 1898, 3220, 2553, 3474, 2045, 1485, 2054, 1612, 2300, 4172, 980, 2190, 2190, 1306, 5012, 3054, 1109, 1788, 1175, 1078, 1159, 1005, 1361, 1839, 1201, 4987, 2648, 1458, 2257, 2685, 1766, 2339, 1202, 1919, 2140, 2940, 920, 2041, 1550, 1286, 2960, 2557, 1733, 2112, 865, 4205, 2527, 4073, 3306, 2564, 1753, 936, 3336, 3646, 1574, 1937, 1171, 3918, 3503, 1852, 6125, 2891, 2750, 4656, 2331, 5559, 3747, 3402, 1131, 1984, 2536, 2858, 1184, 3325, 2188, 2269, 1251, 2798, 1540, 2335, 3935, 1419, 1892, 11796, 3270, 2851, 3014, 3792, 826, 1651, 7169, 1687, 4608, 2469, 2493, 2686, 1300, 2316, 2369, 2767, 4736, 3141, 1593, 3229, 4501, 1166, 1554, 1388, 1665, 1795, 1537, 6933, 3817, 2976, 1168, 2298, 3956, 2262, 1708, 2588, 4546, 2335, 1717, 3069)
(6, 20): Mean: 2580.856, median: 2289.0, std: 1329.199, percent: 2617.42, B: 130, W: 120, 
	(2574, 3749, 1810, 1485, 3855, 3646, 2689, 2585, 1884, 1684, 2924, 1162, 4290, 398, 3853, 2643, 2423, 2946, 2606, 2319, 2490, 1553, 955, 3386, 1511, 1930, 2035, 1793, 1971, 2070, 1521, 4090, 1674, 4052, 2922, 2745, 2357, 1661, 2402, 2429, 2194, 2351, 1374, 3840, 3377, 2069, 1429, 2564, 1798, 1009, 1517, 5675, 4188, 3443, 2045, 2593, 4146, 3428, 7636, 1808, 2543, 2925, 3812, 755, 3440, 3821, 1599, 1595, 1915, 2046, 1609, 3024, 3231, 1626, 2941, 2604, 2480, 4876, 1403, 3231, 2061, 1985, 2202, 7097, 3182, 2057, 2988, 2319, 2730, 2234, 1902, 1932, 1607, 2586, 3741, 886, 2441, 3188, 4550, 1863, 1472, 639, 1940, 2925, 2646, 2134, 2826, 812, 2259, 2219, 4255, 2915, 2885, 2058, 1542, 3569, 3097, 5784, 2653, 2225, 5102, 2946, 5230, 794, 1943, 3569, 1861, 3125, 2298, 3531, 1988, 1466, 1808, 1849, 2269, 3901, 971, 2514, 2290, 1347, 4407, 2677, 1187, 1662, 1302, 1305, 1070, 1141, 1337, 1669, 1461, 4614, 2288, 1528, 2272, 2686, 1734, 2232, 1177, 2274, 2096, 2679, 1064, 1944, 1524, 1287, 3030, 2426, 1507, 2175, 953, 4040, 2851, 3868, 3328, 2540, 1783, 1090, 3112, 3757, 1438, 2034, 1110, 2876, 3122, 1788, 5464, 3374, 2768, 4389, 2125, 5753, 4781, 3167, 1059, 2245, 2285, 2650, 1338, 3166, 2056, 2420, 1159, 2660, 1636, 1977, 3226, 1467, 1840, 11059, 2817, 3017, 2572, 3886, 872, 1673, 7438, 1641, 4461, 2103, 2247, 2472, 1314, 2124, 2381, 2419, 4473, 3732, 1533, 2917, 3851, 1108, 1506, 1458, 1794, 1630, 1637, 6715, 5113, 2895, 1023, 2124, 3843, 2081, 1494, 2725, 5505, 1989, 1666, 3216)
(7, 23): Mean: 2589.32, median: 2317.5, std: 1321.949, percent: 2521.64, B: 125, W: 124, 
	(2499, 3584, 1912, 1466, 4024, 3778, 2903, 2686, 1977, 1843, 3417, 1330, 4164, 406, 3501, 2821, 2970, 2744, 2633, 2486, 2320, 1460, 1041, 3345, 1402, 1897, 1869, 1816, 2164, 1958, 1695, 3913, 1543, 3628, 2858, 2993, 2315, 1744, 2588, 2351, 2256, 2485, 1300, 3746, 3409, 2235, 1423, 2634, 1667, 978, 1388, 5497, 4286, 3808, 1717, 2892, 3960, 3335, 6316, 1567, 2479, 3054, 3129, 768, 3328, 3331, 1680, 1652, 1986, 2019, 1589, 2896, 3782, 1658, 2593, 2467, 2810, 4920, 1324, 3552, 1958, 1894, 2176, 6364, 2808, 2223, 3088, 2423, 3023, 2637, 1793, 1932, 1535, 2279, 3014, 777, 2601, 3221, 5018, 1638, 1454, 596, 1843, 2659, 2799, 1692, 3121, 860, 2066, 1903, 4034, 2931, 2642, 2132, 1398, 3330, 2871, 6561, 2876, 2210, 4960, 2788, 4716, 971, 1848, 3572, 1991, 3066, 2287, 3295, 1926, 1510, 2116, 1631, 2213, 3486, 1016, 2690, 2073, 1020, 4527, 2661, 1072, 1823, 1426, 1221, 1245, 1048, 1447, 1966, 1244, 4273, 2455, 1350, 2345, 2469, 1809, 2242, 1273, 1931, 2196, 3268, 872, 2005, 1732, 1366, 2941, 2337, 1715, 2036, 1075, 4311, 2213, 3624, 3633, 2927, 1962, 1016, 3800, 3403, 1600, 2147, 1185, 3757, 4177, 2059, 5168, 3062, 2707, 4376, 2463, 6315, 4561, 2962, 1092, 1919, 2147, 2940, 1245, 3035, 1974, 2703, 1106, 2554, 1639, 2070, 3328, 1425, 1853, 10177, 2724, 2685, 2924, 4560, 754, 1598, 6820, 1794, 5499, 2325, 2143, 2494, 1315, 2264, 2250, 2577, 4949, 2995, 1627, 3102, 4108, 1389, 1762, 1430, 1972, 1965, 1487, 9058, 4465, 2794, 1172, 2247, 3555, 2337, 1574, 2362, 5458, 2107, 1682, 3487)
(9, 34): Mean: 2591.144, median: 2377.5, std: 1350.081, percent: 2508.04, B: 125, W: 122, 
	(2754, 3264, 1840, 1523, 4411, 3305, 2853, 2496, 1994, 1871, 3040, 1267, 3956, 381, 3452, 2699, 2539, 2693, 2281, 2493, 2273, 1446, 974, 3850, 1405, 1796, 2114, 1764, 2039, 1749, 1620, 4150, 1466, 3320, 3554, 2796, 2420, 1654, 2592, 2293, 2033, 2512, 1356, 3474, 3232, 1939, 1446, 2377, 1757, 1022, 1390, 5940, 4960, 4090, 1917, 2709, 4109, 3634, 5842, 1698, 2464, 2799, 3874, 886, 2951, 3028, 1718, 1561, 2005, 1932, 1657, 3462, 3406, 1678, 2970, 2380, 2777, 4510, 1324, 3394, 2161, 2056, 2147, 6319, 3081, 2314, 2951, 2494, 2730, 2309, 1939, 1968, 1549, 2290, 3504, 897, 2674, 3269, 3788, 1575, 1388, 650, 1964, 3100, 2983, 1842, 3210, 749, 2458, 1849, 4849, 2598, 2565, 2590, 1446, 2828, 3157, 5636, 2781, 2489, 5038, 2865, 5405, 772, 2083, 3560, 1880, 3406, 2169, 3978, 1764, 1468, 1806, 1659, 2163, 3791, 1110, 2658, 1930, 1270, 4565, 2934, 1020, 1768, 1414, 1295, 1208, 1109, 1551, 1833, 1280, 4459, 2138, 1464, 2500, 2745, 1602, 2253, 1385, 1990, 2172, 2890, 987, 2153, 1821, 1375, 2960, 2309, 1675, 2309, 966, 3943, 2603, 3580, 3263, 2836, 1848, 970, 3577, 3507, 1617, 1896, 1183, 3047, 4057, 2121, 4975, 3229, 2891, 4015, 2307, 5398, 4350, 2937, 1083, 1896, 2665, 2831, 1128, 3227, 2020, 2387, 1056, 2697, 1616, 2475, 3419, 1507, 1805, 11097, 2827, 3290, 2971, 3914, 754, 1826, 7394, 1746, 4726, 1971, 2518, 2378, 1244, 2400, 2330, 2608, 5316, 3200, 1627, 3517, 3330, 1190, 1489, 1373, 1714, 1819, 1402, 10111, 4065, 2967, 1024, 2266, 3724, 1879, 1598, 2520, 5431, 2417, 1929, 3270)
(10, 36): Mean: 2535.988, median: 2287.5, std: 1304.941, percent: 2500.44, B: 152, W: 98, 
	(2324, 3588, 1804, 1414, 4212, 3325, 3019, 2715, 1827, 1633, 2875, 1337, 4295, 466, 3883, 3075, 2477, 2704, 2545, 2456, 2367, 1245, 906, 3596, 1334, 1910, 1846, 1816, 1957, 1832, 1576, 3819, 1387, 3514, 2816, 2740, 2445, 1785, 2747, 2129, 2320, 2889, 1159, 3272, 3756, 1712, 1429, 2471, 1672, 923, 1516, 5930, 3757, 3359, 1685, 2565, 4179, 3379, 5969, 1842, 2592, 2982, 3808, 753, 3251, 3270, 1565, 1554, 1984, 2039, 1520, 3329, 3148, 1528, 3224, 2644, 2528, 4257, 1346, 3023, 2073, 2028, 1994, 6463, 3007, 2041, 2796, 2286, 2720, 2265, 2025, 1803, 1428, 2271, 3281, 862, 2555, 2818, 4102, 1735, 1507, 533, 1792, 3087, 2719, 1789, 3183, 710, 2238, 2107, 4375, 2377, 2617, 2219, 1476, 3075, 2872, 5113, 2399, 2061, 4148, 2976, 5401, 766, 1985, 3064, 1895, 3170, 2076, 3274, 1803, 1375, 1960, 1579, 2453, 4289, 1007, 2459, 2152, 1276, 4496, 2954, 1094, 1619, 1231, 1225, 1147, 1076, 1553, 1999, 1291, 4617, 2314, 1381, 2621, 2860, 1960, 2131, 1104, 1960, 2251, 2959, 1030, 1877, 1621, 1324, 2756, 2164, 1501, 1999, 885, 3728, 2856, 3723, 3510, 2623, 1829, 950, 3181, 3926, 1379, 2072, 1163, 3319, 4029, 1801, 5020, 3255, 3208, 3831, 2289, 5310, 3726, 2949, 1070, 1933, 2314, 2704, 1199, 2928, 2472, 2708, 919, 2851, 1766, 2096, 3634, 1531, 1679, 9814, 2595, 2752, 2693, 4168, 799, 1614, 8601, 1718, 4146, 2231, 2280, 2337, 1343, 2243, 2250, 3219, 5437, 3011, 1462, 2922, 3888, 1310, 1526, 1591, 1891, 1849, 1444, 9502, 3905, 2747, 1021, 2123, 3569, 2222, 1499, 2459, 4636, 2250, 1837, 2832)
(11, 39): Mean: 2548.084, median: 2291.0, std: 1369.998, percent: 2464.9, B: 130, W: 120, 
	(2155, 3045, 2064, 1450, 3445, 2966, 3267, 2468, 1793, 1535, 2753, 1282, 4600, 397, 3657, 2857, 2710, 2718, 2363, 2453, 2190, 1233, 845, 3605, 1357, 1859, 1897, 1951, 1893, 1719, 1541, 3778, 1408, 3565, 2992, 2695, 2537, 1604, 2375, 2435, 2399, 2279, 1201, 3206, 3749, 1604, 1359, 2593, 1746, 992, 1292, 5174, 4619, 3668, 1901, 2460, 3493, 4415, 6789, 1837, 2649, 2670, 3299, 826, 2951, 2753, 1645, 1539, 2058, 1988, 1574, 3178, 3141, 1494, 2799, 2262, 3051, 5017, 1434, 3287, 2153, 1642, 2099, 7834, 3143, 2032, 3065, 2498, 2607, 2429, 2129, 1915, 1652, 2246, 3316, 801, 2683, 2869, 4266, 1635, 1285, 600, 1742, 2820, 2703, 1736, 2898, 783, 2285, 2071, 4264, 3153, 2920, 2115, 1432, 3306, 2823, 6803, 2677, 2093, 4451, 2951, 4099, 758, 2062, 3183, 2025, 3022, 2188, 3113, 1764, 1451, 2018, 1542, 2198, 4299, 1018, 2810, 2261, 1239, 5259, 2647, 1152, 1735, 1255, 953, 1133, 1130, 1571, 1813, 1338, 4297, 2119, 1330, 2357, 2486, 1826, 2265, 1159, 1800, 2119, 2903, 910, 2121, 1564, 1226, 2970, 2063, 1479, 2071, 870, 4037, 3115, 3751, 3532, 2805, 1867, 888, 3332, 3117, 1481, 1933, 1157, 3388, 3970, 1858, 5033, 3211, 3043, 3918, 2361, 5635, 3629, 2532, 1080, 2013, 2964, 2887, 1070, 2753, 2297, 2559, 1219, 2717, 1690, 2458, 3545, 1347, 1742, 10914, 3241, 2975, 2644, 4026, 822, 1494, 7768, 1642, 3761, 2467, 2564, 2336, 1301, 2276, 2109, 3069, 4643, 3670, 1450, 2671, 3781, 1092, 1423, 1442, 1840, 1832, 1510, 9952, 3906, 3248, 1114, 2023, 3191, 2151, 1593, 2581, 5158, 2279, 1913, 3471)
(14, 57): Mean: 2551.452, median: 2301.0, std: 1401.795, percent: 2416.96, B: 126, W: 124, 
	(2578, 3513, 1738, 1366, 3211, 3332, 2850, 2466, 1637, 1568, 3007, 1408, 4420, 454, 4355, 2482, 2622, 2526, 2204, 2243, 2177, 1329, 869, 3309, 1313, 1683, 1825, 1614, 1956, 1794, 1694, 4482, 1599, 3806, 2904, 2746, 2718, 1699, 2462, 2512, 2130, 2368, 1176, 3283, 3448, 1745, 1469, 2529, 1827, 912, 1507, 6113, 5185, 3613, 1805, 2521, 3896, 3400, 8371, 1713, 2402, 2898, 3120, 818, 3065, 3408, 1797, 1475, 1991, 2028, 1562, 3432, 3699, 1562, 2980, 2281, 2855, 3788, 1334, 3081, 1985, 1903, 2224, 6667, 3294, 2285, 2502, 2325, 2466, 2375, 2006, 2081, 1492, 2292, 3102, 872, 2573, 2874, 4155, 1734, 1206, 590, 1999, 2809, 3061, 1931, 2725, 688, 2436, 2029, 4095, 2535, 2605, 2706, 1535, 3108, 2912, 5391, 2941, 2184, 5945, 2582, 6003, 788, 2047, 3248, 2029, 3095, 2072, 2799, 1853, 1483, 1896, 1563, 2210, 3498, 1052, 2475, 2247, 1286, 4671, 2873, 1096, 1773, 1208, 1039, 1241, 969, 1321, 1817, 1317, 4977, 2244, 1405, 2225, 2400, 1611, 2308, 1234, 1904, 2065, 2988, 1001, 1868, 1688, 1199, 2585, 2224, 1445, 2021, 882, 3526, 2688, 3616, 3866, 2621, 1692, 858, 3261, 3363, 1423, 1821, 993, 3300, 3409, 1972, 4941, 2974, 2975, 4363, 2018, 5636, 3957, 2799, 1085, 1934, 2395, 2982, 1019, 2887, 1733, 2470, 1358, 2448, 2011, 1887, 3248, 1397, 1898, 12308, 2520, 3408, 2619, 4140, 794, 1851, 7998, 1801, 3766, 2186, 2338, 2294, 1267, 2640, 2329, 3366, 4702, 3388, 1412, 3047, 3845, 1101, 1508, 1460, 1770, 1817, 1494, 7925, 4638, 3105, 1004, 2408, 3116, 2112, 1531, 2954, 5661, 2522, 1667, 3706)
(22, 100): Mean: 2525.844, median: 2283.0, std: 1282.483, percent: 2417.3, B: 136, W: 114, 
	(2415, 2912, 1895, 1328, 4342, 4180, 2947, 2670, 1769, 1814, 2993, 1201, 4459, 384, 3765, 3133, 2454, 2778, 2373, 2552, 2413, 1386, 933, 3621, 1461, 2078, 2123, 1852, 2031, 1772, 1435, 3616, 1528, 4177, 3050, 2676, 2973, 1674, 2396, 2216, 2460, 2205, 1440, 3402, 3979, 1717, 1346, 2595, 1719, 902, 1417, 6236, 4883, 3339, 1982, 2575, 3559, 3209, 7676, 1510, 2915, 2755, 3744, 793, 3338, 3282, 1964, 1636, 1956, 2250, 1693, 3282, 3403, 1731, 2669, 2748, 2362, 4893, 1389, 3382, 2257, 1817, 1992, 7609, 2845, 2470, 2883, 2458, 2714, 2266, 2022, 1947, 1684, 2216, 3169, 894, 2890, 3136, 3842, 1579, 1375, 652, 1930, 2978, 2564, 1797, 2675, 741, 2235, 1944, 4686, 2446, 2460, 2237, 1480, 2895, 3098, 5122, 2579, 2229, 4201, 2815, 5501, 906, 1972, 3321, 2041, 3336, 2181, 3424, 1706, 1479, 1972, 1562, 2193, 3327, 967, 2270, 2241, 1188, 4382, 2604, 1023, 1751, 1241, 1217, 1038, 1042, 1419, 1779, 1363, 4554, 2036, 1256, 2544, 2390, 1867, 2187, 1114, 1765, 2179, 2769, 893, 1799, 1468, 1321, 2575, 2376, 1698, 2163, 988, 3463, 2489, 3942, 3197, 2493, 1818, 918, 3321, 3967, 1448, 1996, 1135, 3065, 3304, 1721, 5563, 3073, 2890, 3803, 2392, 5843, 4478, 2542, 973, 1959, 2696, 2846, 1010, 2695, 1600, 2516, 1136, 2462, 1685, 2181, 3345, 1408, 1780, 8848, 2584, 2936, 2660, 4023, 850, 1550, 7698, 1633, 3692, 2150, 2267, 2713, 1250, 2381, 2216, 2296, 5175, 2906, 1398, 3217, 3920, 1010, 1477, 1546, 1714, 1745, 1474, 6495, 4185, 2815, 970, 2448, 2751, 2089, 1521, 2465, 5471, 2199, 1877, 3365)
(23, 103): Mean: 2524.644, median: 2263.0, std: 1324.278, percent: 2462.9, B: 129, W: 121, 
	(2253, 3436, 1697, 1427, 3714, 3852, 2903, 2459, 1634, 1734, 2790, 1142, 4375, 348, 3302, 2703, 2535, 2713, 2564, 2134, 2357, 1275, 867, 3594, 1362, 1755, 1728, 1915, 1938, 1766, 1556, 3879, 1536, 3396, 3225, 2630, 2406, 1714, 2463, 2209, 2093, 2046, 1193, 3020, 3300, 1688, 1549, 2382, 1967, 932, 1456, 7374, 2963, 3441, 1944, 2782, 4213, 3464, 6230, 1687, 2684, 3039, 3726, 838, 3184, 3143, 1563, 1520, 2136, 1948, 1678, 3502, 3712, 1508, 2657, 2423, 2587, 4528, 1375, 3511, 1875, 1779, 2023, 6130, 3164, 2072, 3007, 2448, 2660, 2323, 2166, 1722, 1455, 2304, 3154, 883, 2542, 3616, 4030, 1659, 1525, 608, 1898, 2705, 2515, 1934, 2800, 776, 2263, 1908, 4178, 2480, 2580, 2441, 1419, 3159, 2795, 5294, 2449, 2140, 5025, 2849, 5317, 861, 1959, 3235, 2099, 3221, 1920, 3474, 1714, 1367, 2019, 1468, 2216, 3689, 955, 2490, 2176, 1293, 5246, 3273, 1092, 1667, 1205, 1114, 1084, 1076, 1397, 1901, 1398, 4499, 1954, 1338, 2890, 2504, 1751, 2022, 1157, 2110, 2263, 2934, 937, 2144, 1491, 1252, 2596, 2469, 1447, 1754, 756, 3653, 2532, 3378, 4045, 2693, 1867, 808, 3593, 4029, 1552, 1969, 1100, 3043, 3419, 1988, 5248, 2823, 2818, 4233, 2094, 5945, 4358, 3175, 1005, 2012, 2277, 2601, 1131, 2730, 1802, 2631, 1169, 2781, 1618, 2234, 3159, 1347, 1815, 9971, 2663, 2600, 2636, 4068, 829, 1774, 8394, 1868, 5281, 2107, 2296, 2615, 1349, 2262, 2264, 2428, 5533, 2894, 1438, 3048, 3868, 1195, 1423, 1314, 1645, 1953, 1503, 7868, 3963, 2879, 1011, 2185, 3688, 2033, 1774, 2627, 4998, 2083, 1681, 3258)
(24, 105): Mean: 2511.172, median: 2252.0, std: 1322.111, percent: 2447.94, B: 137, W: 113, 
	(2110, 3276, 1871, 1509, 3730, 3914, 2998, 2360, 1613, 1699, 2990, 1164, 4836, 424, 3487, 2883, 2469, 2873, 2457, 2369, 2240, 1361, 821, 3925, 1472, 1799, 1885, 1704, 1886, 1764, 1732, 4444, 1562, 3457, 2866, 2896, 2264, 1686, 2624, 2328, 2437, 2169, 1264, 3705, 3378, 1921, 1481, 2873, 1914, 982, 1274, 5960, 4522, 3159, 1743, 2870, 4150, 3258, 6089, 1586, 2426, 2911, 3286, 732, 3728, 2874, 1520, 1591, 2083, 1984, 1606, 3262, 2878, 1377, 2792, 2303, 2986, 3975, 1286, 2886, 1857, 1658, 1963, 6444, 3098, 2117, 2606, 2269, 2544, 2318, 1938, 1965, 1610, 2176, 3436, 940, 2610, 3502, 4452, 1612, 1403, 595, 1666, 2684, 2615, 1983, 2985, 791, 2699, 1927, 4095, 2460, 2620, 2271, 1325, 2842, 2662, 6004, 2710, 2008, 4588, 2661, 5167, 862, 2077, 3065, 1857, 3367, 2207, 3230, 1684, 1334, 1845, 1421, 2271, 4034, 926, 2423, 2158, 1118, 5052, 2604, 965, 1700, 1172, 1216, 1426, 1081, 1524, 1689, 1215, 4872, 2164, 1330, 2319, 2155, 1772, 2222, 1127, 1906, 2064, 2786, 978, 1802, 1518, 1359, 2625, 2332, 1330, 1819, 861, 3585, 2389, 3523, 3467, 3004, 1891, 895, 2954, 3035, 1463, 1821, 1105, 3605, 4400, 1989, 4770, 3649, 2833, 3989, 2221, 5946, 3759, 3275, 1078, 1931, 2580, 2389, 1125, 2863, 2064, 2338, 1395, 2096, 1434, 2278, 3257, 1268, 1932, 9004, 2905, 2770, 2653, 3669, 746, 1618, 6382, 1743, 4715, 1932, 2057, 2558, 1328, 2116, 2076, 6804, 4335, 3258, 1547, 3618, 3235, 1019, 1667, 1355, 1668, 1790, 1286, 10295, 3513, 2765, 974, 2164, 3157, 2265, 1621, 2566, 4430, 2171, 1724, 2989)
(40, 198): Mean: 2517.18, median: 2270.0, std: 1355.038, percent: 2445.46, B: 130, W: 119, 
	(2226, 3197, 1827, 1485, 3493, 3473, 2886, 3062, 1792, 1673, 2631, 1295, 5046, 338, 3733, 2509, 2456, 2679, 2331, 2658, 2264, 1235, 1018, 3900, 1521, 1625, 1937, 1759, 2181, 1723, 1671, 4260, 1614, 3472, 2950, 2690, 2220, 1666, 2597, 2101, 2145, 2440, 1295, 3498, 3340, 1717, 1310, 2756, 1698, 1017, 1481, 5480, 3411, 3974, 2076, 2668, 3880, 3841, 6110, 1613, 2306, 2866, 3473, 815, 2952, 3073, 1531, 1493, 2117, 1961, 1631, 3564, 3828, 1576, 2692, 2466, 2635, 4732, 1269, 2883, 1953, 1840, 2142, 5779, 3163, 2086, 3131, 2242, 2711, 2323, 1821, 1903, 1562, 2442, 3352, 824, 2384, 3073, 3979, 1703, 1345, 587, 1887, 2469, 3044, 1951, 2814, 807, 2272, 2112, 4736, 2570, 2653, 2431, 1367, 2840, 2904, 5628, 2508, 2029, 4444, 2611, 4585, 749, 1849, 3618, 1761, 3288, 2263, 3104, 1811, 1449, 1778, 1378, 2157, 3707, 1053, 2224, 2014, 1181, 5414, 2534, 965, 1629, 1376, 1021, 1208, 917, 1532, 1917, 1459, 4624, 1971, 1366, 2298, 2328, 1711, 2086, 1266, 2143, 2245, 2696, 862, 1668, 1551, 1302, 2963, 2369, 1588, 1719, 922, 3180, 2785, 3705, 3257, 2425, 1657, 989, 3046, 3716, 1464, 1916, 1011, 3087, 3501, 1967, 4887, 3468, 3370, 4649, 2385, 5941, 3481, 2703, 1025, 2075, 2349, 3102, 1068, 2829, 2155, 2389, 1357, 2968, 1552, 1995, 3668, 1271, 1733, 11639, 2628, 2894, 2965, 3860, 709, 1657, 8888, 1730, 3948, 2232, 2225, 2798, 1191, 2325, 2280, 2290, 5585, 2906, 1305, 3470, 3306, 962, 1472, 1424, 1649, 2268, 1373, 8861, 4002, 2891, 957, 2256, 3327, 2246, 1600, 2453, 4734, 2325, 1750, 2940)
(41, 200): Mean: 2499.972, median: 2266.0, std: 1296.881, percent: 2405.76, B: 139, W: 110, 
	(2460, 3200, 1727, 1441, 3750, 3326, 3144, 2411, 1791, 1726, 3005, 1200, 4770, 379, 3592, 2791, 2272, 2854, 2208, 2317, 2278, 1334, 755, 4184, 1362, 1698, 1963, 1656, 2129, 1662, 1465, 4031, 1439, 4067, 3103, 2664, 2375, 1620, 2474, 2188, 2091, 2375, 1160, 3223, 3462, 1703, 1391, 2141, 1685, 922, 1408, 5182, 3396, 3343, 1691, 2731, 3706, 3878, 6066, 1662, 2694, 3447, 3270, 728, 3046, 2984, 1463, 1810, 1883, 2179, 1549, 3062, 3257, 1568, 3169, 2650, 2813, 4715, 1296, 3652, 1879, 1878, 2081, 6549, 2706, 1956, 2772, 2049, 2411, 2349, 1817, 1784, 1580, 2640, 3061, 791, 2393, 3124, 4397, 1533, 1256, 640, 1838, 2866, 2835, 2212, 2619, 788, 2233, 2080, 4367, 2568, 2402, 2519, 1316, 2948, 2885, 6068, 2573, 2077, 4721, 3165, 6107, 861, 1870, 3128, 1683, 3598, 2050, 3036, 1865, 1600, 1794, 1537, 2010, 3649, 1053, 2407, 2143, 1140, 4670, 2800, 1133, 1452, 1107, 1218, 1241, 991, 1453, 1851, 1251, 5247, 2126, 1329, 2248, 2326, 1856, 2141, 1178, 1900, 2280, 2723, 904, 1941, 1501, 1129, 2577, 2176, 1384, 2005, 1082, 3110, 2839, 3766, 3428, 2387, 1644, 882, 3252, 3409, 1415, 1804, 1149, 3264, 3808, 1779, 4655, 3274, 3012, 4648, 2147, 4748, 4075, 3174, 963, 1997, 2267, 2875, 1008, 3151, 1927, 2416, 1329, 2468, 1448, 2391, 3255, 1346, 1764, 10346, 2715, 3004, 2870, 4214, 760, 1455, 7040, 1665, 4552, 2408, 2281, 2629, 1351, 2170, 2265, 2608, 4926, 2752, 1626, 4196, 3840, 1144, 1612, 1325, 1832, 1879, 1348, 8288, 4033, 2785, 978, 2146, 3166, 2026, 1524, 2500, 4322, 2316, 1957, 3126)
(43, 209): Mean: 2471.252, median: 2220.0, std: 1307.2, percent: 2396.56, B: 139, W: 110, 
	(2234, 3115, 1789, 1296, 3831, 4024, 3156, 2324, 1599, 1753, 2842, 1043, 3905, 390, 3397, 2679, 2272, 2574, 2209, 2336, 2181, 1189, 822, 3321, 1421, 1701, 1829, 2095, 2180, 1936, 1393, 3989, 1538, 3599, 3229, 2561, 2378, 1495, 2430, 2213, 2206, 2182, 1313, 3089, 3411, 1904, 1256, 2249, 1473, 910, 1443, 5966, 4383, 3423, 1846, 3160, 3967, 3981, 5128, 1570, 2516, 2818, 2829, 784, 2943, 3144, 1728, 1570, 1969, 2012, 1564, 2985, 3265, 1432, 2653, 2557, 2662, 4328, 1309, 3370, 2053, 1592, 1989, 6863, 3234, 2097, 2600, 2383, 2626, 2214, 1866, 1886, 1605, 2351, 3846, 735, 2842, 2732, 3849, 1737, 1445, 565, 1852, 2662, 2750, 1967, 2922, 717, 2207, 1831, 4318, 2481, 2424, 2487, 1327, 3432, 2860, 5873, 2604, 1890, 3892, 2746, 4411, 830, 1770, 3430, 1919, 3148, 2244, 3073, 1721, 1297, 1870, 1632, 2166, 4028, 1046, 2177, 1925, 1237, 4686, 2671, 1027, 1796, 1195, 1240, 1130, 969, 1219, 1580, 1250, 4895, 2207, 1244, 2379, 2357, 1714, 2114, 1140, 2073, 1952, 2632, 896, 2046, 1517, 1296, 2543, 2491, 1684, 2003, 1007, 3347, 2842, 3689, 3121, 2499, 1664, 796, 3246, 3230, 1430, 1865, 1115, 3316, 3712, 1733, 4637, 3231, 2763, 4607, 2096, 4193, 3752, 3004, 1120, 1870, 2289, 2559, 1023, 3128, 2259, 2126, 1169, 2434, 1771, 2125, 3026, 1399, 1866, 11844, 2527, 2746, 2883, 4057, 890, 1582, 6995, 1819, 4591, 2298, 2168, 2238, 1306, 2414, 2195, 2477, 5076, 3153, 1434, 3803, 3545, 1184, 1377, 1323, 1808, 1964, 1416, 8483, 3741, 2871, 972, 2150, 3805, 2283, 1461, 2234, 5026, 2226, 1657, 2944)
(46, 222): Mean: 2479.94, median: 2238.0, std: 1305.908, percent: 2445.82, B: 128, W: 121, 
	(2209, 3064, 1641, 1399, 3999, 3760, 3061, 2569, 1529, 1694, 2919, 1162, 4520, 390, 3385, 2919, 2274, 2751, 2182, 2692, 2206, 1311, 875, 3504, 1433, 1684, 1732, 1816, 1947, 1833, 1403, 4420, 1374, 4269, 2678, 2504, 2326, 1668, 2792, 2406, 2383, 2160, 1321, 3062, 3825, 1875, 1322, 2611, 1652, 932, 1359, 6973, 5387, 3057, 1768, 2814, 3820, 4383, 4749, 1525, 2525, 3094, 3176, 732, 3346, 3197, 1662, 1714, 2093, 1960, 1436, 3073, 3317, 1559, 2569, 2592, 2541, 4433, 1348, 3563, 2263, 1477, 1963, 7264, 2646, 2065, 2911, 2317, 2672, 2098, 1766, 1816, 1588, 2114, 3119, 785, 2632, 2904, 3780, 1625, 1564, 566, 1807, 2527, 2738, 2077, 3250, 705, 2343, 1742, 3738, 2400, 2453, 2230, 1330, 2794, 2907, 6240, 2600, 2075, 4739, 2811, 4747, 904, 2065, 3508, 1853, 3284, 2071, 3592, 1850, 1305, 1868, 1418, 2005, 3848, 932, 2439, 2150, 1138, 5443, 2434, 1038, 1776, 1123, 1070, 1033, 1036, 1451, 1528, 1301, 4639, 1975, 1272, 2326, 2267, 1844, 2294, 1120, 1975, 2244, 2585, 904, 1871, 1373, 1383, 2561, 2135, 1416, 1703, 866, 4534, 2462, 3469, 3719, 2680, 1571, 861, 2898, 3404, 1497, 1646, 1221, 3200, 3645, 1786, 4050, 3302, 2980, 3956, 2132, 5109, 3940, 2973, 1080, 2008, 2562, 2626, 1197, 2678, 1935, 2468, 1101, 2908, 1437, 2256, 3270, 1230, 1775, 10014, 2209, 2761, 2341, 3539, 754, 1555, 7002, 1419, 4626, 2232, 2450, 2379, 1142, 2275, 2121, 2518, 4784, 2857, 1414, 3521, 4033, 1183, 1637, 1476, 1575, 1697, 1459, 8153, 4518, 2849, 1141, 2074, 3385, 2088, 1420, 2446, 4371, 2107, 1827, 3455)
(47, 228): Mean: 2469.636, median: 2250.5, std: 1270.075, percent: 2406.56, B: 128, W: 120, 
	(2551, 3408, 1983, 1384, 3651, 3508, 3130, 2521, 1512, 1779, 2761, 1097, 4113, 394, 3980, 2971, 2258, 2633, 2382, 2773, 2307, 1177, 885, 3117, 1486, 1629, 1771, 1936, 2079, 1794, 1745, 4010, 1456, 3797, 2869, 2551, 2181, 1611, 2538, 2136, 2062, 2084, 1134, 3373, 3347, 1581, 1341, 2530, 1680, 973, 1242, 5186, 3504, 3242, 1914, 2665, 4266, 3722, 5584, 1481, 2736, 2956, 3325, 636, 2866, 3329, 1544, 1431, 1879, 1876, 1554, 3221, 3337, 1586, 2970, 2431, 2947, 3891, 1334, 3401, 2050, 1788, 2042, 8016, 3187, 2354, 2781, 2444, 2941, 2413, 1869, 1913, 1359, 2282, 3460, 691, 2243, 3135, 3358, 1858, 1335, 582, 1947, 2450, 3096, 1925, 2638, 748, 2295, 1882, 4481, 2860, 2433, 1962, 1390, 2927, 2694, 6585, 2600, 1937, 4276, 2836, 4416, 806, 1962, 3481, 1738, 3051, 2101, 3047, 1665, 1329, 1849, 1437, 2143, 3790, 1051, 2349, 2150, 1222, 4773, 2885, 927, 1539, 1197, 1118, 1104, 978, 1334, 1646, 1245, 4218, 2396, 1295, 2579, 2655, 1725, 2128, 1083, 1792, 1878, 2637, 945, 1803, 1278, 1238, 2929, 2336, 1400, 1968, 888, 3448, 2607, 3703, 3794, 2556, 1950, 855, 2848, 3929, 1530, 2010, 1185, 3045, 3578, 1656, 4869, 2820, 2601, 3513, 2053, 5394, 4001, 3331, 1023, 1830, 2554, 2718, 1154, 3234, 1838, 2289, 1364, 2659, 1770, 2031, 3297, 1323, 1905, 10148, 3143, 2574, 2684, 4053, 885, 1537, 7036, 1642, 4562, 1934, 2415, 2361, 1368, 2242, 2217, 2884, 5155, 3098, 1387, 3187, 3674, 1006, 1591, 1452, 1592, 1886, 1372, 6870, 4562, 2787, 940, 1983, 3576, 1987, 1505, 2417, 4864, 2123, 1709, 3144)
(48, 232): Mean: 2467.808, median: 2277.5, std: 1266.836, percent: 2382.32, B: 130, W: 120, 
	(2283, 3732, 1853, 1466, 3219, 3047, 3548, 2395, 1574, 1539, 2856, 1182, 4237, 413, 3418, 2650, 2432, 2609, 2296, 2634, 2341, 1183, 821, 4054, 1302, 1757, 1833, 1833, 2035, 1765, 1517, 3398, 1422, 3490, 2839, 3173, 2614, 1662, 2908, 2090, 2170, 2179, 1293, 3239, 3215, 1710, 1381, 2400, 1586, 885, 1292, 7679, 5333, 3296, 2026, 2679, 3807, 3614, 5109, 1477, 2600, 2323, 3126, 749, 3844, 3029, 1603, 1451, 1889, 1841, 1531, 3383, 3312, 1538, 2329, 2307, 2956, 4745, 1262, 3327, 1822, 1744, 2031, 6149, 2757, 2271, 3041, 2326, 2680, 2388, 1899, 2052, 1608, 2272, 2983, 848, 2518, 3241, 3542, 1721, 1394, 537, 1786, 3027, 2579, 1847, 3162, 709, 2324, 2003, 4161, 2726, 2308, 2179, 1350, 3454, 3043, 6068, 2854, 2084, 4173, 3082, 4931, 843, 2010, 2907, 1791, 3767, 2041, 3341, 1706, 1379, 1814, 1504, 1923, 3736, 968, 2293, 2143, 1218, 4878, 2507, 981, 1762, 1180, 971, 1085, 977, 1344, 2074, 1366, 5302, 2154, 1331, 2321, 2400, 1761, 2210, 1101, 1909, 2524, 2854, 1035, 1926, 1493, 1327, 2809, 2681, 1497, 1927, 941, 4322, 2342, 3536, 3249, 2627, 1785, 910, 2806, 3290, 1655, 1816, 1078, 2807, 3314, 2013, 4174, 3103, 3042, 3881, 2323, 5774, 3871, 2343, 1022, 2031, 2432, 2498, 1177, 2985, 1866, 2357, 1006, 2998, 1476, 2204, 3447, 1314, 1605, 7757, 2585, 2696, 2424, 4143, 781, 1604, 6853, 1485, 3914, 2086, 2229, 2484, 1309, 2461, 2225, 2518, 5801, 2660, 1438, 3389, 3670, 1015, 1424, 1315, 1775, 1789, 1286, 9109, 4556, 2651, 844, 2042, 2953, 2029, 1420, 2256, 3866, 2178, 1739, 3093)
(49, 234): Mean: 2475.648, median: 2224.0, std: 1264.36, percent: 2432.64, B: 131, W: 119, 
	(2330, 3126, 1818, 1429, 4167, 3494, 3066, 2370, 1594, 1710, 3004, 1222, 4577, 407, 3388, 2392, 2458, 2634, 2099, 2457, 2234, 1302, 990, 3608, 1571, 1525, 1748, 1696, 2054, 2013, 1448, 3884, 1544, 3685, 3388, 2386, 2234, 1660, 2771, 2430, 2020, 2342, 1269, 2987, 3513, 1829, 1359, 2405, 1448, 1050, 1325, 6162, 4107, 3155, 1640, 2830, 3762, 3773, 6119, 1542, 2756, 3084, 3534, 810, 2992, 3329, 1532, 1397, 2108, 1911, 1573, 3775, 3488, 1419, 2446, 2213, 2726, 4611, 1200, 3326, 2111, 1786, 2193, 6591, 3236, 2178, 3435, 2134, 2831, 2304, 2061, 1784, 1582, 2340, 3969, 771, 2438, 3077, 4157, 1746, 1405, 511, 1706, 2747, 3208, 1879, 2981, 744, 2417, 1837, 4226, 2600, 2458, 2843, 1309, 2634, 2762, 5358, 2467, 1966, 4420, 2868, 4484, 850, 1919, 3510, 1814, 3323, 1905, 3193, 1761, 1333, 1982, 1432, 1990, 3633, 1018, 2415, 2085, 1187, 4616, 2892, 1070, 1696, 1219, 1055, 1171, 1047, 1413, 1842, 1358, 4989, 2135, 1249, 2224, 2304, 1880, 2178, 1098, 2025, 1879, 2759, 884, 2040, 1388, 1338, 2605, 2553, 1238, 1817, 1004, 3694, 2555, 3496, 3269, 2523, 1698, 884, 3368, 3164, 1459, 1852, 1244, 2895, 3775, 1800, 5239, 3055, 2678, 4156, 2140, 5671, 4378, 3048, 1227, 1918, 2290, 2458, 1019, 2948, 1927, 2263, 1064, 2797, 1566, 2186, 3485, 1277, 1845, 8362, 2609, 2823, 2219, 3528, 874, 1577, 7806, 1756, 4466, 2255, 2112, 2289, 1214, 2204, 2306, 2350, 4574, 2792, 1375, 3282, 3548, 1195, 1405, 1297, 1771, 1725, 1288, 8348, 4168, 2896, 961, 1971, 3708, 2043, 1447, 2261, 5182, 2224, 1705, 3035)
(50, 236): Mean: 2468.108, median: 2238.5, std: 1237.65, percent: 2494.02, B: 132, W: 118, 
	(2101, 3166, 1779, 1455, 4214, 3446, 3097, 2636, 1769, 1821, 2791, 1231, 3960, 378, 3861, 2366, 2505, 2823, 2285, 2738, 2226, 1264, 882, 3968, 1349, 1835, 1916, 2032, 1929, 1774, 1517, 3860, 1423, 3351, 2710, 2703, 2340, 1716, 2747, 2289, 1897, 2024, 1177, 3608, 4100, 1621, 1382, 2279, 1631, 921, 1464, 5934, 3169, 3461, 1730, 2560, 3981, 4018, 4728, 1496, 2486, 3446, 3229, 749, 3154, 3146, 1409, 1502, 1972, 1946, 1630, 3742, 4117, 1675, 2922, 2455, 2599, 3889, 1313, 3312, 2136, 1800, 2070, 6402, 2689, 2281, 2745, 2262, 2682, 2114, 2030, 1953, 1485, 2057, 3022, 726, 2544, 2760, 3671, 1671, 1491, 555, 1807, 2578, 3120, 1838, 2878, 719, 2068, 1760, 4195, 2567, 2223, 2372, 1260, 3066, 2691, 6477, 2640, 2190, 4755, 2950, 5019, 889, 1747, 3086, 2255, 3254, 2172, 3455, 1724, 1410, 1736, 1624, 1852, 3597, 1015, 2339, 2251, 1127, 4570, 2504, 895, 1626, 1271, 1061, 1143, 1018, 1557, 1798, 1278, 4309, 2362, 1208, 2162, 2198, 1682, 2144, 998, 1803, 2125, 2764, 929, 1802, 1381, 1312, 2592, 2168, 1510, 1982, 990, 3644, 2622, 3595, 3246, 2599, 1672, 857, 3237, 3624, 1543, 1953, 1031, 3152, 3946, 1889, 5492, 2983, 3372, 4183, 2439, 6023, 3843, 2912, 1096, 1778, 2426, 2586, 1027, 2686, 2052, 2314, 1041, 2753, 1564, 2468, 3674, 1150, 1733, 8606, 2944, 2606, 2775, 4654, 846, 1591, 7150, 1625, 4363, 2088, 2142, 2472, 1298, 2286, 2026, 2440, 4740, 3221, 1503, 3190, 3575, 1067, 1423, 1429, 1753, 1779, 1521, 6746, 3778, 2452, 1054, 2107, 3356, 1909, 1530, 2369, 5923, 2281, 1672, 3411)
(51, 240): Mean: 2473.228, median: 2291.0, std: 1301.394, percent: 2384.02, B: 128, W: 122, 
	(2293, 3157, 1718, 1391, 3356, 3022, 3042, 2505, 1647, 1650, 3115, 1158, 3805, 434, 3685, 2969, 2418, 2442, 2435, 2251, 2219, 1270, 887, 3805, 1336, 1746, 2044, 1720, 2021, 1701, 1428, 4218, 1545, 3574, 2775, 2814, 2289, 1588, 2524, 2071, 2030, 2355, 1218, 3396, 3542, 1790, 1332, 2286, 1706, 894, 1560, 5411, 3218, 3357, 1816, 2614, 3411, 3483, 5579, 1495, 2490, 2971, 3137, 794, 2855, 3171, 1350, 1468, 2001, 1969, 1463, 3644, 3711, 1450, 3005, 2305, 2644, 3789, 1280, 3153, 2022, 1738, 2177, 7399, 2833, 2011, 2622, 2397, 2810, 2250, 1957, 1770, 1652, 2283, 3359, 796, 2760, 2796, 3668, 1608, 1546, 563, 1871, 2331, 2849, 1796, 2825, 710, 2110, 1816, 4335, 2455, 2341, 2310, 1217, 2946, 2931, 6861, 2336, 2061, 4743, 2781, 5372, 833, 1820, 3352, 1849, 3008, 1930, 3220, 1743, 1359, 2005, 1459, 2085, 4221, 1008, 2634, 2559, 1205, 5064, 2735, 1273, 1844, 1127, 1103, 1134, 1027, 1344, 1567, 1399, 4252, 2274, 1128, 2368, 2515, 1754, 2338, 1040, 1939, 2194, 2955, 941, 1728, 1610, 1142, 2647, 2315, 1325, 2297, 925, 3475, 2182, 3518, 3290, 2731, 1668, 903, 3334, 3461, 1396, 1857, 1132, 3285, 4065, 1814, 5242, 2937, 2795, 4329, 2340, 5748, 4142, 2865, 1156, 1792, 2473, 2570, 1172, 2723, 1964, 2640, 1073, 2283, 1777, 2425, 3876, 1299, 1706, 9657, 2701, 2564, 2350, 3688, 861, 1613, 7712, 1613, 5060, 2020, 2063, 2528, 1468, 2378, 2354, 2891, 5341, 3631, 1364, 3170, 3623, 1025, 1338, 1370, 1611, 1749, 1327, 8518, 4009, 2846, 1078, 2409, 3102, 2022, 1502, 2364, 4416, 2074, 1723, 2917)
(52, 244): Mean: 2479.176, median: 2197.5, std: 1289.724, percent: 2421.98, B: 133, W: 117, 
	(2351, 3325, 1781, 1500, 4033, 3662, 2914, 2718, 1607, 1562, 2943, 1066, 4054, 339, 4027, 3053, 2163, 2696, 2526, 2669, 2280, 1218, 1036, 3979, 1549, 1661, 1897, 1921, 1929, 1949, 1528, 4708, 1440, 3395, 3252, 2618, 2335, 1737, 2853, 2184, 2152, 2014, 1230, 3221, 2984, 1608, 1437, 2373, 1854, 961, 1365, 7156, 4564, 3126, 1780, 2911, 4120, 3274, 5933, 1407, 2205, 2843, 3905, 757, 2995, 2831, 1715, 1588, 2140, 1970, 1591, 3297, 3664, 1448, 2513, 2319, 2636, 3827, 1230, 2890, 2050, 1702, 2072, 6826, 2634, 2058, 2922, 2260, 3204, 2163, 1946, 1930, 1427, 2494, 3478, 729, 2245, 3460, 4074, 1580, 1332, 493, 2078, 2703, 2729, 1919, 3062, 706, 2402, 2004, 4013, 2469, 2385, 2153, 1258, 2782, 3180, 6709, 2549, 2048, 5000, 3014, 4899, 750, 1861, 3462, 1797, 3004, 2185, 3161, 1702, 1308, 1814, 1566, 2177, 3955, 1111, 2401, 2031, 1251, 4714, 2461, 1055, 1577, 1210, 1020, 1070, 963, 1392, 1629, 1274, 4107, 2243, 1311, 2280, 2378, 1841, 2425, 1247, 1583, 2173, 2610, 917, 1815, 1437, 1293, 2692, 2177, 1224, 2190, 910, 3762, 2445, 3510, 3123, 2634, 1743, 885, 3451, 3297, 1400, 1750, 1092, 2982, 4016, 1930, 4223, 3340, 2607, 5281, 2176, 5027, 4068, 2662, 1145, 2224, 2115, 2655, 1175, 2513, 2088, 2453, 1084, 2735, 1766, 2104, 3699, 1382, 1872, 9241, 2888, 2703, 2455, 3855, 763, 1624, 7484, 1598, 4090, 1956, 2110, 2330, 1328, 2239, 2179, 2541, 4659, 3023, 1480, 2977, 3612, 1226, 1317, 1339, 1813, 1693, 1403, 7923, 4612, 2669, 898, 2278, 3773, 2034, 1468, 2286, 4334, 2178, 1819, 2995)
(53, 247): Mean: 2455.98, median: 2194.0, std: 1234.667, percent: 2390.14, B: 129, W: 121, 
	(2195, 3368, 1673, 1368, 3387, 3339, 3355, 2632, 1566, 1696, 2848, 1284, 4791, 435, 3338, 2535, 2208, 3070, 2550, 2583, 2278, 1192, 875, 3350, 1567, 1933, 1763, 1657, 1769, 1972, 1662, 4459, 1412, 4283, 3007, 2270, 2477, 1599, 2218, 1989, 2146, 2188, 1176, 3346, 3095, 1692, 1456, 2368, 1561, 884, 1299, 4826, 3518, 3536, 1920, 2758, 3685, 3086, 5804, 1531, 2436, 2854, 3391, 776, 3639, 3143, 1656, 1601, 1954, 2172, 1485, 3454, 3547, 1544, 2891, 2454, 2519, 4301, 1278, 3060, 1944, 1500, 2144, 6065, 2928, 1996, 2826, 2743, 2563, 2146, 1999, 1975, 1536, 2166, 3121, 754, 2486, 3178, 3649, 1671, 1428, 565, 1814, 2685, 2948, 1792, 3109, 731, 2363, 1804, 4453, 2502, 2492, 2140, 1282, 3254, 3271, 5334, 2421, 2107, 4919, 3022, 4750, 816, 1776, 3804, 1959, 2783, 2209, 2997, 1652, 1388, 1752, 1504, 1861, 3875, 1002, 2167, 2253, 1361, 4821, 2511, 1038, 1775, 1172, 1171, 1115, 921, 1261, 1744, 1424, 3654, 2087, 1178, 2124, 2210, 1756, 2079, 1050, 1839, 2039, 3166, 1019, 1913, 1375, 1523, 2963, 2185, 1394, 1997, 1049, 3932, 2671, 4083, 3075, 2936, 1563, 853, 3411, 3152, 1463, 2010, 1120, 3051, 3371, 1804, 5230, 2975, 3153, 4551, 2193, 5078, 3804, 2960, 1041, 2004, 2527, 2485, 1070, 2573, 1783, 1942, 1136, 2581, 1455, 1994, 3448, 1282, 1755, 9150, 2705, 2746, 2634, 4149, 812, 1539, 7945, 1571, 4658, 2209, 2248, 2305, 1337, 2281, 2037, 2814, 4776, 3343, 1371, 3919, 3531, 1110, 1415, 1588, 1705, 1928, 1376, 7272, 4632, 2720, 978, 2007, 3265, 2268, 1512, 2278, 4298, 2257, 1681, 2839)
(55, 259): Mean: 2451.544, median: 2216.0, std: 1295.319, percent: 2373.72, B: 127, W: 123, 
	(2307, 3120, 1838, 1433, 4051, 3555, 2800, 2597, 1676, 1629, 2929, 1124, 4222, 420, 3357, 2817, 2488, 2768, 2476, 2454, 2252, 1255, 828, 3201, 1523, 1820, 1990, 1668, 1966, 1784, 1389, 4232, 1381, 3518, 2895, 2565, 2588, 1647, 2196, 2234, 2313, 2025, 1249, 2958, 3210, 1665, 1274, 2789, 1518, 932, 1496, 5958, 4250, 3417, 1736, 2552, 3572, 3751, 5033, 1441, 2510, 2917, 2870, 869, 2983, 3198, 1618, 1628, 1881, 1997, 1486, 3725, 3117, 1491, 2526, 2266, 2832, 3749, 1241, 3428, 2069, 1773, 1911, 6098, 2918, 2214, 2715, 2204, 2557, 2388, 1857, 2046, 1465, 2244, 3166, 798, 2414, 2820, 3814, 1562, 1383, 590, 1909, 2408, 2706, 1791, 2960, 802, 2432, 1811, 4202, 2742, 2218, 2023, 1391, 2968, 2944, 6698, 2403, 2034, 4250, 2777, 4744, 902, 2037, 3231, 1898, 3157, 2107, 3265, 1674, 1380, 1814, 1538, 1826, 3952, 1013, 2457, 2088, 1235, 5158, 2665, 1045, 1605, 1146, 1097, 1083, 1075, 1377, 1757, 1244, 3868, 2140, 1206, 2603, 2405, 1759, 2529, 1179, 1912, 2079, 2803, 954, 1855, 1358, 1290, 2797, 2189, 1400, 1949, 859, 4195, 2341, 3879, 2843, 2954, 1855, 821, 3182, 3860, 1535, 1793, 1061, 3231, 3484, 1912, 4472, 2910, 2970, 4140, 2252, 5335, 3908, 3225, 1090, 1863, 2679, 2837, 1207, 2626, 1626, 2188, 1204, 3079, 1643, 2129, 3308, 1329, 1778, 11676, 2701, 2789, 2348, 3932, 831, 1668, 7365, 1548, 4093, 1969, 2174, 2414, 1327, 2430, 2108, 2810, 5083, 2857, 1448, 2684, 3304, 1115, 1633, 1393, 1634, 1890, 1328, 8285, 3840, 2532, 885, 2154, 3476, 1961, 1520, 2218, 4185, 2129, 1787, 2975)
(56, 261): Mean: 2465.788, median: 2213.5, std: 1305.058, percent: 2425.74, B: 126, W: 124, 
	(2318, 3261, 1856, 1416, 3516, 3200, 3011, 2394, 1651, 1481, 3114, 1184, 4319, 395, 3422, 2795, 2471, 2859, 2391, 2565, 2110, 1069, 950, 3974, 1471, 1563, 1825, 1995, 2096, 1724, 1191, 3740, 1399, 3547, 2713, 2366, 2466, 1700, 2501, 1983, 2069, 2260, 1306, 3276, 3019, 1745, 1377, 2522, 1547, 1028, 1240, 5710, 3320, 3260, 1911, 2518, 3681, 3564, 5119, 1582, 2774, 2746, 3592, 791, 3686, 2965, 1743, 1448, 2000, 1945, 1714, 2974, 3788, 1618, 2619, 2467, 2824, 5089, 1210, 2946, 1892, 1830, 2167, 8277, 2740, 2027, 2993, 2478, 2877, 2245, 1792, 1698, 1637, 2124, 3469, 949, 2551, 2890, 3693, 1646, 1355, 665, 1850, 2610, 2376, 1971, 3050, 793, 2270, 1871, 4247, 2746, 2435, 2533, 1280, 3319, 2786, 6286, 2210, 2071, 4157, 2953, 5273, 785, 2036, 3221, 1905, 3268, 2198, 3706, 1785, 1560, 1783, 1442, 2141, 3716, 1119, 2166, 2094, 1197, 5083, 2629, 1061, 1520, 1278, 980, 1085, 1022, 1335, 1611, 1206, 4234, 2159, 1258, 2393, 2145, 1637, 2217, 1028, 1844, 1960, 2926, 917, 2907, 1318, 1266, 2683, 2291, 1396, 2257, 883, 3536, 2308, 3648, 3733, 2701, 1819, 809, 2950, 3078, 1519, 1893, 1076, 3041, 3220, 1850, 4812, 2959, 2997, 4038, 2210, 5188, 3278, 3547, 1162, 1913, 2404, 2595, 1072, 2722, 1750, 2392, 1176, 2273, 1622, 2057, 3554, 1205, 1745, 10496, 2796, 2822, 2581, 3906, 857, 1693, 7795, 1635, 4705, 2034, 2182, 2191, 1285, 2242, 2203, 2715, 4119, 3052, 1316, 3177, 4012, 1124, 1495, 1469, 1642, 1831, 1478, 8381, 3793, 2799, 866, 2704, 3549, 2109, 1551, 2260, 4364, 2109, 1748, 2781)
(57, 264): Mean: 2470.024, median: 2217.5, std: 1270.742, percent: 2421.4, B: 126, W: 124, 
	(2281, 2993, 1734, 1474, 3379, 3454, 3036, 2365, 1641, 1601, 2585, 1183, 4128, 363, 3096, 2556, 2435, 2571, 2132, 2245, 2196, 1181, 920, 3467, 1578, 1648, 1884, 2140, 1994, 1729, 1862, 3965, 1514, 3480, 2693, 2428, 2518, 1715, 2201, 2290, 2228, 2198, 1128, 3170, 4208, 1971, 1384, 2457, 1806, 893, 1366, 6652, 3496, 3703, 1790, 2638, 3987, 3410, 4998, 1725, 2401, 3254, 3397, 798, 3631, 3137, 1565, 1541, 2008, 1922, 1562, 3441, 3595, 1498, 2589, 2632, 2812, 4244, 1229, 3169, 2051, 1853, 1881, 6167, 2737, 2305, 2738, 2190, 2379, 2220, 1884, 1817, 1588, 2199, 3505, 712, 2441, 3180, 3620, 1670, 1318, 525, 1726, 2711, 2790, 2012, 2934, 827, 2173, 1854, 4481, 2412, 2757, 2296, 1299, 3445, 2919, 5713, 2569, 2084, 4198, 2857, 4697, 871, 2215, 3229, 1846, 2999, 2203, 3619, 1706, 1284, 1668, 1594, 2157, 3544, 1035, 2411, 2380, 1268, 4964, 2648, 1023, 1768, 1339, 1013, 1069, 1084, 1442, 1542, 1295, 5108, 1987, 1282, 2103, 2191, 1661, 2150, 1076, 1773, 2250, 2940, 1022, 1994, 1648, 1230, 2505, 2497, 1697, 2316, 847, 3484, 2789, 3501, 3463, 2922, 1779, 857, 3022, 3281, 1713, 1685, 980, 2988, 3438, 1915, 4739, 2895, 3181, 4325, 2412, 4846, 3847, 2776, 1142, 1984, 2328, 2557, 1041, 2606, 2158, 2179, 1014, 3205, 1388, 2020, 3530, 1256, 1903, 10187, 2877, 3027, 2385, 3917, 815, 1534, 8270, 1472, 5131, 1926, 2051, 2619, 1596, 2497, 1991, 2649, 5510, 3119, 1402, 3103, 3171, 1082, 1481, 1395, 1681, 1779, 1314, 7472, 4321, 2862, 911, 2479, 3246, 2070, 1529, 2497, 4514, 2146, 1728, 3086)
(58, 266): Mean: 2484.144, median: 2293.5, std: 1348.578, percent: 2405.1, B: 127, W: 122, 
	(2525, 3172, 1859, 1369, 4031, 3417, 2539, 2636, 1624, 1751, 2530, 1101, 4620, 323, 3316, 3027, 2416, 2740, 2306, 2410, 2334, 1326, 872, 3238, 1537, 1730, 2013, 1724, 1795, 1802, 1376, 4010, 1506, 3506, 2749, 2741, 2601, 1713, 2736, 2315, 2228, 1897, 1117, 3129, 3347, 1744, 1392, 2656, 1612, 978, 1498, 5632, 4042, 3633, 1764, 2493, 3908, 3267, 5480, 1408, 2606, 2962, 3647, 800, 3666, 3464, 1641, 1502, 2160, 2084, 1482, 2967, 3000, 1484, 2481, 2385, 2784, 4592, 1275, 3442, 2160, 1813, 1977, 6668, 3135, 2536, 2847, 2212, 2431, 2500, 1756, 1980, 1591, 2167, 3335, 722, 2448, 3126, 3474, 1753, 1535, 654, 1667, 2828, 2602, 1925, 2877, 782, 2155, 1717, 3446, 2693, 2673, 2108, 1302, 2894, 2665, 5694, 2267, 1972, 4173, 2718, 5282, 787, 1933, 3121, 1972, 3345, 1951, 3085, 1627, 1372, 1998, 1586, 2006, 3517, 1117, 2715, 2219, 1225, 3988, 2413, 1025, 1531, 1395, 1122, 1059, 1042, 1385, 1503, 1365, 4060, 2314, 1547, 2333, 2334, 1637, 2133, 1141, 1833, 1953, 2773, 963, 1877, 1522, 1288, 2636, 2397, 1390, 2014, 1098, 3739, 2877, 3954, 3290, 2612, 1778, 791, 2816, 3209, 1654, 1901, 1014, 3208, 3838, 1654, 4921, 2902, 3035, 4112, 2281, 6488, 3589, 2609, 1097, 1996, 2260, 2643, 1129, 3159, 2166, 2449, 993, 3063, 1455, 1995, 3716, 1305, 1589, 10579, 2577, 3039, 2901, 4085, 727, 1576, 8374, 1479, 4904, 2326, 2246, 2418, 1187, 2243, 2096, 2816, 4808, 3094, 1438, 2922, 3170, 1200, 1467, 1199, 1730, 1966, 1327, 10584, 4301, 2790, 861, 2268, 3754, 2306, 1509, 2490, 4673, 2406, 1877, 3144)
(59, 268): Mean: 2418.52, median: 2241.5, std: 1179.543, percent: 2390.22, B: 147, W: 103, 
	(2421, 2939, 1815, 1342, 3442, 3265, 2711, 2692, 1532, 1867, 2840, 1385, 3796, 409, 3665, 2607, 2366, 2507, 2452, 2539, 2238, 1162, 844, 3398, 1648, 1731, 1831, 1715, 1924, 1765, 1448, 4129, 1413, 3384, 2986, 2716, 2378, 1666, 2512, 2184, 2190, 2145, 1291, 2774, 3575, 1698, 1304, 2634, 1614, 872, 1390, 5579, 3613, 3501, 1801, 2378, 3735, 3874, 5769, 1414, 2472, 3081, 3138, 747, 3217, 3074, 1448, 1473, 2127, 1914, 1607, 3468, 3043, 1542, 2612, 2429, 3105, 3962, 1314, 3015, 1939, 1628, 2011, 6141, 2642, 2217, 2610, 2215, 2418, 2463, 2045, 1881, 1444, 2197, 3143, 747, 2657, 2993, 4450, 1615, 1361, 530, 1848, 2527, 2584, 1920, 2490, 744, 2219, 1552, 3942, 2315, 2530, 2416, 1228, 2885, 2992, 5608, 2356, 1948, 4344, 2525, 4899, 814, 1769, 4080, 1855, 2743, 2148, 2923, 1755, 1309, 1846, 1513, 1925, 3608, 892, 2394, 2390, 1280, 4772, 2681, 1037, 1540, 1194, 1139, 1048, 1067, 1463, 1708, 1214, 4103, 2193, 1134, 2526, 2166, 1767, 2284, 1249, 1952, 1891, 2310, 958, 1940, 1520, 1318, 2574, 2245, 1378, 1699, 967, 3311, 2776, 3744, 3510, 2609, 1831, 922, 3180, 3012, 1454, 1751, 1017, 3016, 4232, 2028, 4722, 2939, 2803, 4136, 2154, 4938, 4338, 3401, 1144, 1981, 2562, 2596, 1048, 2540, 1776, 2590, 1204, 2387, 1452, 1991, 3210, 1237, 1672, 8005, 2743, 2849, 2748, 3908, 799, 1701, 7720, 1469, 4534, 2187, 2252, 2463, 1296, 2278, 2037, 2810, 4595, 2864, 1460, 3241, 3938, 1134, 1504, 1209, 1885, 1611, 1466, 6779, 4155, 2669, 881, 2295, 3427, 2141, 1446, 2299, 4363, 2223, 1893, 3036)
(60, 269): Mean: 2446.024, median: 2229.0, std: 1269.925, percent: 2349.9, B: 129, W: 121, 
	(2294, 3337, 1749, 1288, 3384, 3191, 2955, 2776, 1514, 1734, 3190, 1106, 4569, 390, 3035, 2367, 2287, 2588, 2424, 2471, 2182, 1168, 900, 2960, 1438, 1579, 1930, 1602, 1917, 1558, 1529, 3496, 1369, 3351, 2835, 2722, 2475, 1465, 2720, 2294, 2110, 2179, 1211, 3074, 4389, 1548, 1371, 2311, 1837, 952, 1353, 6293, 3314, 3114, 1794, 2102, 4351, 3450, 5911, 1502, 2983, 3102, 3745, 730, 3573, 3064, 1447, 1492, 1881, 1794, 1543, 3311, 3601, 1577, 2784, 2378, 2731, 4304, 1232, 3074, 1882, 1622, 2055, 6647, 2792, 2192, 2547, 2743, 2611, 2604, 1876, 1823, 1679, 2307, 3942, 719, 2439, 2531, 4108, 1728, 1371, 549, 1766, 3064, 2664, 1830, 2675, 734, 2377, 1867, 3855, 2440, 2372, 2160, 1328, 2969, 2799, 5328, 2631, 2021, 4699, 2524, 4992, 772, 1764, 2977, 1883, 2826, 2422, 3295, 1816, 1451, 1968, 1687, 2041, 3536, 1133, 1961, 2189, 1180, 5236, 2773, 1035, 1658, 1349, 1149, 1227, 1035, 1338, 1685, 1141, 4833, 2121, 1200, 2275, 2558, 1715, 2297, 1129, 1978, 2122, 2994, 888, 1869, 1400, 1415, 2730, 2038, 1362, 1892, 997, 3776, 2501, 3355, 3384, 2773, 1658, 763, 2632, 3445, 1604, 1707, 1144, 2983, 3332, 1898, 5415, 3121, 3008, 3940, 2242, 5414, 3913, 2882, 1213, 2016, 2112, 2401, 1015, 2548, 2241, 2184, 1162, 2211, 1518, 2100, 3070, 1236, 1787, 8802, 2959, 2884, 2607, 4431, 836, 1589, 8190, 1509, 4599, 2025, 2361, 2383, 1319, 2262, 2257, 2562, 4456, 2785, 1274, 3141, 3722, 1126, 1372, 1339, 1840, 1815, 1463, 8393, 4197, 2609, 910, 2067, 3204, 1984, 1379, 2217, 4597, 2488, 1848, 3148)
(63, 285): Mean: 2429.672, median: 2204.5, std: 1284.197, percent: 2390.68, B: 133, W: 117, 
	(2161, 2891, 1804, 1334, 3473, 3018, 3358, 2574, 1738, 1749, 2836, 1233, 4302, 352, 3498, 2592, 2646, 2353, 2145, 2567, 2229, 1126, 776, 3690, 1366, 1729, 1867, 1940, 2122, 1735, 1798, 3983, 1423, 3335, 2985, 2471, 2342, 1561, 2650, 2439, 2087, 2359, 1167, 3190, 3978, 1627, 1401, 2379, 1663, 969, 1456, 5604, 3624, 3194, 2060, 2382, 3762, 3237, 5958, 1553, 2434, 2764, 3208, 735, 3377, 2887, 1470, 1518, 1946, 2042, 1614, 3566, 3031, 1449, 2698, 2190, 2494, 3801, 1195, 3061, 1975, 1767, 1956, 6335, 2696, 2010, 2470, 2550, 2161, 2287, 1810, 1837, 1504, 2251, 2870, 794, 2770, 2786, 3568, 1649, 1373, 528, 1685, 2648, 2915, 1994, 2701, 822, 2249, 1717, 3881, 2444, 2483, 2009, 1248, 2973, 3331, 5707, 2662, 2013, 5318, 2947, 4502, 721, 1926, 3464, 1826, 3089, 2320, 3159, 1664, 1358, 1949, 1721, 1895, 3444, 1134, 2320, 2470, 1151, 4890, 2547, 1123, 1709, 1194, 1270, 1018, 1047, 1330, 1467, 1052, 4333, 2259, 1118, 2353, 2314, 1856, 1854, 987, 1968, 2022, 2829, 982, 1881, 1383, 1255, 2461, 2130, 1480, 2152, 892, 3302, 2664, 3462, 3185, 3056, 1680, 803, 2930, 3712, 1541, 1803, 1033, 3648, 3811, 1968, 4714, 3579, 2901, 3901, 2148, 6019, 3832, 3039, 1143, 1936, 2128, 2245, 995, 2678, 1852, 2215, 1256, 2185, 1473, 1914, 3464, 1176, 1974, 10896, 2770, 2677, 2425, 3525, 808, 1583, 6867, 1603, 4347, 2245, 2137, 2376, 1245, 2191, 2194, 2472, 4179, 2786, 1351, 3431, 3260, 1062, 1329, 1101, 1786, 1714, 1373, 8748, 4615, 2471, 1004, 2311, 3065, 2043, 1464, 2288, 5202, 2241, 1854, 2730)
(65, 292): Mean: 2434.628, median: 2242.5, std: 1269.076, percent: 2340.9, B: 126, W: 124, 
	(2451, 3005, 1905, 1354, 3311, 2964, 2918, 2864, 1544, 1617, 2772, 1422, 4783, 354, 3349, 2569, 2289, 2808, 2675, 2447, 2054, 1222, 917, 3132, 1472, 1592, 1794, 1705, 1927, 1660, 1436, 4038, 1428, 3310, 2820, 2570, 2569, 1479, 2698, 1999, 2233, 2110, 1211, 3177, 3253, 1519, 1252, 2434, 1756, 965, 1339, 6760, 3835, 2942, 1847, 2431, 4185, 3345, 5452, 1534, 2462, 2726, 3405, 766, 3107, 3185, 1588, 1631, 1718, 2015, 1550, 3143, 3258, 1636, 2239, 2367, 2583, 4447, 1097, 3035, 2062, 1649, 1899, 8876, 3033, 2437, 2929, 2422, 2539, 2305, 1896, 2193, 1297, 2435, 3069, 800, 2510, 3103, 4405, 1600, 1362, 597, 1645, 2677, 2594, 1958, 2625, 709, 2084, 1729, 4084, 2645, 2427, 2053, 1366, 3427, 2924, 5481, 2503, 1912, 4747, 2525, 5012, 850, 1950, 3588, 1901, 2873, 2244, 3078, 1663, 1388, 1966, 1556, 2156, 3582, 997, 2279, 2200, 1116, 4644, 2686, 1018, 1767, 1108, 1025, 1019, 966, 1424, 1493, 1213, 4401, 2455, 1400, 2140, 2225, 2007, 2062, 1119, 1932, 2174, 2813, 880, 1933, 1359, 1241, 2446, 2317, 1483, 1985, 947, 3527, 2170, 3884, 3140, 2647, 1649, 753, 2980, 3715, 1510, 2002, 1056, 3489, 3583, 1869, 4543, 3260, 3134, 4687, 1912, 4212, 4189, 2549, 1099, 1863, 2241, 2717, 1217, 2499, 2370, 2456, 1270, 2085, 1376, 2160, 3194, 1420, 1690, 9275, 2518, 2543, 2456, 3951, 722, 1555, 8155, 1563, 4175, 2397, 2298, 2441, 1227, 2298, 1995, 2251, 4453, 3229, 1491, 3103, 3362, 1024, 1536, 1204, 1670, 2085, 1327, 6777, 4286, 2504, 1126, 2452, 3652, 2313, 1574, 2324, 4221, 2177, 1801, 2654)
(66, 294): Mean: 2430.368, median: 2216.0, std: 1267.465, percent: 2371.66, B: 130, W: 119, 
	(2278, 3111, 1849, 1350, 3770, 3618, 2634, 2551, 1559, 1579, 2758, 1181, 4139, 405, 3266, 2539, 2568, 2745, 2474, 2575, 2366, 1265, 793, 3269, 1480, 1549, 2160, 1628, 1877, 1767, 1351, 4207, 1338, 3535, 2743, 2819, 2158, 1478, 2665, 2204, 2029, 1939, 1354, 3036, 3380, 1791, 1421, 2455, 1556, 915, 1534, 5964, 3758, 3458, 1714, 2278, 3875, 3787, 4956, 1690, 2612, 2826, 3728, 851, 3483, 2786, 1633, 1430, 1965, 1923, 1524, 3088, 3175, 1496, 2826, 2556, 2405, 4680, 1223, 2943, 1827, 1775, 1910, 6265, 2673, 2005, 2642, 2274, 2335, 2053, 1831, 1776, 1598, 2175, 3151, 668, 2327, 3188, 4174, 1514, 1443, 557, 1691, 2495, 2608, 2042, 2941, 705, 2331, 1705, 4398, 2372, 2457, 2203, 1275, 3246, 3025, 5878, 2952, 2006, 3693, 2864, 4623, 850, 1791, 2935, 1886, 3164, 2339, 3242, 1591, 1308, 1801, 1645, 2136, 4028, 1001, 2296, 2214, 1206, 4534, 2610, 971, 1714, 1211, 1098, 1068, 940, 1408, 1627, 1247, 4369, 2301, 1329, 2525, 2391, 1610, 2031, 1121, 1872, 2098, 2580, 904, 1949, 1560, 1274, 2640, 2141, 1240, 2132, 907, 3510, 2338, 3187, 3518, 2672, 1761, 841, 2893, 3514, 1614, 2059, 1096, 3119, 3178, 1843, 5975, 3033, 2934, 4128, 2592, 5082, 3975, 2659, 1106, 1751, 2045, 2574, 1131, 2786, 1730, 2464, 1116, 2106, 1539, 2307, 4037, 1321, 1699, 9960, 2783, 2499, 2899, 3783, 817, 1577, 7485, 1467, 4172, 2356, 2098, 2394, 1402, 2218, 2422, 2590, 4707, 2764, 1321, 3206, 3663, 990, 1431, 1283, 1515, 1815, 1359, 8742, 4430, 2676, 928, 2078, 3196, 1955, 1612, 2211, 4346, 2331, 1764, 2964)
(67, 298): Mean: 2442.584, median: 2245.0, std: 1314.013, percent: 2363.84, B: 128, W: 121, 
	(2278, 3181, 1875, 1419, 3460, 3582, 3067, 3010, 1659, 1787, 2994, 1090, 4159, 416, 3499, 2397, 2411, 2555, 2313, 2392, 2197, 1223, 805, 3728, 1658, 1694, 1853, 1579, 1946, 1768, 1486, 4063, 1427, 3055, 2676, 2505, 2366, 1587, 2781, 2164, 1866, 2246, 1262, 3020, 3249, 1567, 1334, 2253, 1737, 1028, 1433, 6232, 3578, 3327, 1684, 2444, 3696, 3701, 5782, 1519, 2964, 2460, 4026, 795, 3292, 3039, 1564, 1508, 1919, 2042, 1681, 3464, 2973, 1359, 3257, 2324, 2754, 4765, 1163, 2936, 1955, 1666, 1992, 7480, 3008, 2376, 2592, 2558, 2525, 2241, 1736, 1918, 1532, 2356, 3281, 725, 2351, 2979, 3747, 1543, 1427, 492, 1779, 2491, 2577, 2103, 2584, 747, 2290, 1822, 4241, 2363, 2419, 2194, 1238, 3302, 3141, 5476, 2761, 2123, 4925, 3146, 4966, 772, 1847, 3439, 1714, 3201, 2019, 3185, 1800, 1498, 1924, 1518, 2155, 3375, 910, 2262, 2352, 1080, 4702, 2804, 1006, 1737, 1157, 1070, 1156, 885, 1290, 1505, 1154, 5338, 2179, 1274, 2548, 2264, 1962, 2418, 910, 2014, 1932, 2847, 854, 1809, 1456, 1318, 2756, 2257, 1450, 1814, 943, 3489, 2442, 3548, 3098, 2590, 1591, 925, 3224, 3227, 1363, 1979, 1047, 2720, 3769, 1749, 5559, 3048, 2606, 4229, 2117, 4855, 4399, 2359, 1166, 1677, 2312, 2467, 1023, 2831, 1834, 2244, 957, 2436, 1480, 2122, 3331, 1331, 1804, 10161, 2627, 2599, 2497, 3627, 762, 1714, 7848, 1515, 4213, 2156, 1923, 2213, 1367, 2475, 1941, 2805, 5249, 2729, 1318, 3007, 4259, 1099, 1345, 1323, 1657, 1795, 1303, 8744, 3489, 2433, 968, 1906, 3434, 1986, 1481, 2220, 3918, 2395, 1878, 2943)
(68, 303): Mean: 2456.64, median: 2221.0, std: 1333.283, percent: 2370.94, B: 129, W: 118, 
	(2117, 2913, 1823, 1284, 3345, 3276, 2911, 2472, 1529, 1946, 2908, 1274, 4151, 384, 3735, 2412, 2401, 2505, 2251, 2570, 2304, 1162, 892, 3421, 1352, 1671, 1820, 1697, 1893, 1798, 1343, 3951, 1457, 3624, 2543, 2851, 2242, 1524, 2510, 2025, 2174, 2061, 1125, 2896, 3194, 1557, 1304, 2423, 1549, 916, 1341, 5651, 4347, 3472, 1858, 2403, 4068, 3641, 5458, 1604, 2641, 2888, 3616, 881, 3804, 2875, 1507, 1503, 1909, 1840, 1528, 3203, 2901, 1595, 2588, 2595, 2699, 4886, 1226, 3125, 1835, 1903, 2024, 7927, 2822, 2048, 2592, 2322, 3008, 2000, 2117, 1859, 1424, 2284, 3384, 779, 2459, 3051, 3945, 1540, 1370, 621, 1761, 2222, 2498, 2079, 3236, 797, 2431, 1849, 3800, 2834, 2529, 2097, 1296, 2730, 3539, 5331, 2591, 1968, 3959, 2805, 4427, 867, 1773, 3169, 1765, 3307, 2338, 3284, 1816, 1378, 1889, 1458, 1984, 3086, 960, 2819, 2025, 1198, 4645, 2644, 1006, 1744, 1088, 1052, 1340, 1005, 1334, 1674, 1161, 4956, 2091, 1272, 2385, 2220, 1933, 2226, 1061, 1794, 2023, 2996, 1000, 1737, 1566, 1316, 2847, 2026, 1465, 2195, 969, 4155, 2617, 3216, 3147, 2725, 1892, 732, 3066, 3227, 1485, 1718, 1061, 3396, 3322, 1918, 5322, 3613, 2714, 5015, 2055, 5812, 3465, 2680, 1142, 1814, 2371, 2697, 1000, 2412, 1452, 2560, 1151, 2359, 1525, 2516, 3198, 1319, 1720, 11631, 2716, 2768, 2639, 4402, 858, 1694, 7065, 1344, 3722, 2172, 2159, 2560, 1507, 2522, 2037, 2703, 5007, 3779, 1373, 2766, 3729, 1015, 1360, 1365, 1713, 1824, 1332, 8340, 4647, 2654, 953, 2069, 3416, 2030, 1438, 2291, 4711, 2266, 1893, 2982)
(69, 304): Mean: 2448.688, median: 2233.0, std: 1270.405, percent: 2425.06, B: 129, W: 121, 
	(1967, 3259, 1686, 1407, 4546, 3487, 2812, 2453, 1710, 1934, 3200, 1259, 3976, 339, 3346, 2478, 2316, 2514, 2238, 2506, 2134, 1169, 853, 2886, 1408, 1762, 1887, 1739, 1840, 1779, 1698, 3587, 1461, 3633, 2635, 2769, 2283, 1643, 2471, 2283, 2076, 2159, 1305, 2888, 3351, 1728, 1369, 2691, 1513, 1027, 1463, 6367, 3480, 3586, 1777, 2671, 4124, 3293, 6043, 1643, 2591, 2815, 3576, 783, 3503, 2778, 1560, 1659, 2022, 2035, 1465, 3178, 3758, 1552, 2468, 2356, 2452, 4200, 1238, 3222, 1891, 1970, 2132, 7423, 2740, 2228, 2595, 2418, 2431, 2227, 1978, 1679, 1426, 2240, 3603, 689, 2448, 2882, 3487, 1526, 1366, 569, 1767, 2444, 2703, 1797, 2945, 690, 2125, 1810, 3657, 2445, 2707, 2281, 1248, 3282, 3238, 5744, 2616, 1871, 6058, 3145, 3947, 823, 1956, 3831, 1750, 3304, 2080, 3004, 1576, 1393, 1900, 1410, 2060, 3551, 1029, 2037, 2257, 1303, 4886, 2804, 1002, 1711, 1166, 1045, 1178, 995, 1236, 1570, 1245, 4892, 2122, 1459, 2424, 2593, 1904, 1817, 1103, 1992, 1901, 2870, 890, 1823, 1378, 1177, 2701, 2023, 1407, 2013, 956, 3913, 2358, 3516, 3217, 2742, 1643, 791, 3083, 3321, 1631, 1863, 1106, 3250, 3695, 2054, 4887, 3210, 2948, 4833, 2167, 4893, 3531, 3147, 1094, 1950, 2412, 2478, 1143, 2710, 1666, 2200, 1138, 2370, 1590, 2428, 3102, 1327, 1700, 8763, 2442, 2903, 2338, 3895, 832, 1484, 8305, 1836, 4954, 2301, 2092, 2293, 1354, 2328, 2078, 2653, 4191, 3121, 1356, 2779, 4294, 1223, 1567, 1369, 1598, 1765, 1337, 7551, 3593, 2465, 930, 2138, 3294, 2449, 1529, 2465, 4894, 2254, 1831, 3088)
(70, 306): Mean: 2444.144, median: 2195.0, std: 1297.034, percent: 2371.14, B: 127, W: 123, 
	(2408, 3393, 1804, 1434, 3410, 3066, 2957, 2601, 1607, 1553, 3185, 1418, 4771, 419, 3373, 2313, 2115, 2552, 2202, 2835, 2454, 1127, 916, 3166, 1297, 1658, 2002, 1876, 1955, 1742, 1370, 3671, 1327, 4416, 2704, 2378, 2423, 1596, 2615, 2168, 2114, 2145, 1263, 3027, 3056, 1897, 1518, 2422, 1753, 940, 1519, 5515, 3296, 3207, 1776, 2188, 3982, 3715, 5427, 1575, 2730, 3244, 3315, 876, 3320, 2577, 1514, 1464, 1913, 2302, 1481, 3121, 3116, 1438, 2361, 2422, 2403, 4370, 1169, 2935, 2080, 1690, 1913, 7011, 2765, 1975, 2488, 2324, 2423, 2488, 1882, 1800, 1425, 2406, 3577, 779, 3054, 2810, 3764, 1724, 1206, 553, 1784, 2459, 3048, 1772, 3209, 724, 2020, 1690, 4017, 2527, 2453, 2093, 1307, 2725, 2653, 6210, 2271, 1916, 5118, 2865, 4746, 874, 1779, 3425, 1908, 2943, 2171, 3501, 1838, 1348, 1778, 1676, 2129, 3971, 1103, 2129, 2258, 1500, 4589, 2761, 1062, 1752, 1209, 1103, 962, 1127, 1364, 1438, 1258, 4335, 2087, 1193, 2225, 2480, 1917, 1953, 1110, 1814, 1980, 2894, 880, 1645, 1307, 1290, 2392, 2018, 1339, 1964, 1010, 3480, 2942, 3784, 2756, 2525, 1703, 720, 3333, 3574, 1576, 1956, 1056, 3325, 4133, 1898, 4749, 2948, 2713, 4433, 2171, 5167, 3751, 2777, 1228, 1913, 2567, 2508, 1002, 2688, 1912, 2293, 1269, 2492, 1724, 2221, 3074, 1311, 1564, 10444, 2766, 2467, 2426, 4030, 908, 1589, 7755, 1600, 3930, 2256, 2171, 2420, 1268, 2202, 2005, 2732, 4318, 3239, 1290, 4076, 3472, 1225, 1530, 1359, 1801, 1746, 1380, 9075, 4254, 2557, 964, 2037, 3539, 2304, 1509, 2438, 4395, 2168, 1708, 3231)
(72, 317): Mean: 2447.888, median: 2260.0, std: 1309.904, percent: 2384.7, B: 125, W: 124, 
	(2521, 2889, 1821, 1349, 3247, 3274, 2946, 2522, 1576, 1715, 3210, 1159, 4587, 387, 3800, 2230, 2243, 2403, 2477, 2385, 2515, 1335, 823, 3231, 1354, 1686, 1731, 1828, 2028, 1781, 1724, 4182, 1329, 3408, 3241, 2368, 2309, 1583, 2362, 2024, 2337, 2033, 1352, 3127, 3599, 1615, 1394, 2526, 1703, 940, 1470, 5324, 3853, 2986, 1864, 2626, 3719, 3849, 5694, 1472, 2846, 3216, 2965, 806, 3544, 3248, 1586, 1510, 1977, 1945, 1454, 3444, 2974, 1499, 2503, 2293, 2673, 4098, 1263, 2884, 1949, 1555, 1890, 6341, 2679, 2088, 2540, 2156, 2617, 2287, 1870, 1881, 1395, 2160, 3282, 670, 2842, 2989, 3819, 1787, 1170, 551, 1795, 2494, 2310, 1932, 2885, 683, 2294, 1928, 3790, 2543, 2377, 2207, 1232, 2601, 2925, 5543, 2372, 1955, 4973, 2632, 4377, 946, 1849, 3300, 1836, 2843, 2251, 3052, 1600, 1402, 1898, 1585, 2295, 3456, 1073, 2537, 2422, 1251, 4662, 2695, 1003, 1518, 1251, 1179, 1010, 1028, 1344, 1450, 1154, 4894, 2178, 1450, 2080, 2319, 1531, 2130, 1096, 1763, 1978, 3109, 922, 1737, 1416, 1431, 2621, 2375, 1326, 2269, 995, 3178, 2415, 3619, 2838, 2714, 1996, 746, 3272, 3506, 1538, 1855, 1167, 3359, 3109, 1977, 6134, 3119, 3428, 3877, 2051, 4986, 4329, 2568, 1029, 1964, 2372, 2520, 1090, 2802, 2198, 2223, 1135, 2090, 1479, 2310, 3434, 1342, 1768, 11913, 3107, 2717, 2868, 4144, 725, 1478, 7723, 1518, 3724, 2223, 2442, 2339, 1315, 2284, 1951, 2872, 5068, 3182, 1359, 3564, 3824, 1039, 1421, 1397, 1708, 1704, 1386, 7251, 4907, 2678, 951, 2297, 3555, 2146, 1513, 2395, 5272, 2210, 1741, 2854)
(75, 331): Mean: 2451.336, median: 2255.0, std: 1284.695, percent: 2361.74, B: 128, W: 122, 
	(2563, 3059, 1876, 1286, 3865, 3327, 2518, 2346, 1648, 1580, 2617, 1388, 4689, 414, 3594, 2608, 2473, 2337, 2436, 2265, 2453, 1341, 824, 2967, 1510, 1499, 1888, 1789, 1821, 1702, 1463, 3654, 1303, 3918, 2819, 2381, 2645, 1759, 2838, 2101, 2237, 2115, 1331, 2953, 3197, 1548, 1444, 2755, 1701, 858, 1416, 6072, 3807, 3288, 1815, 2748, 3626, 3614, 6080, 1423, 2596, 2893, 3745, 744, 3302, 2841, 1612, 1659, 1917, 1866, 1452, 3127, 3239, 1617, 2439, 2216, 2665, 3761, 1251, 3010, 1846, 1842, 1924, 6956, 2925, 2046, 2818, 2464, 2717, 2444, 1767, 1660, 1744, 2307, 2970, 796, 2926, 3102, 3575, 1554, 1249, 649, 1721, 2346, 2777, 1985, 3024, 884, 2127, 1852, 3177, 2784, 2696, 2299, 1344, 2721, 3162, 5057, 2697, 2022, 4468, 2682, 4961, 883, 1820, 2845, 1954, 3159, 2438, 2842, 1564, 1403, 1990, 1583, 1834, 4022, 1061, 2255, 2185, 1093, 4558, 2845, 1050, 1641, 1198, 1062, 994, 926, 1551, 1626, 1267, 4879, 2397, 1268, 2139, 2398, 1772, 2300, 1054, 1760, 1695, 2731, 839, 1754, 1565, 1311, 2648, 2150, 1562, 1972, 921, 3943, 2429, 3517, 3198, 2777, 1856, 828, 3132, 3394, 1475, 2004, 1172, 2786, 3754, 1768, 4184, 3359, 3059, 3853, 2111, 5069, 4196, 3601, 1124, 1885, 2460, 2428, 1165, 2959, 1900, 2167, 1105, 2320, 1418, 2255, 3575, 1269, 1753, 10167, 2868, 2526, 2457, 3926, 853, 1488, 8855, 1783, 4581, 1967, 2491, 2463, 1305, 2218, 2452, 3266, 5109, 3174, 1478, 3205, 3289, 996, 1522, 1357, 1779, 1933, 1392, 7700, 4016, 2481, 1080, 1981, 3542, 2074, 1435, 2243, 5427, 2406, 1638, 3288)
(76, 336): Mean: 2469.748, median: 2217.5, std: 1324.576, percent: 2407.24, B: 125, W: 124, 
	(2517, 3088, 1973, 1292, 4047, 3289, 2613, 2611, 1576, 1623, 2669, 1241, 5035, 403, 3641, 2328, 2742, 2534, 2416, 2509, 2294, 1180, 791, 3829, 1484, 1465, 1892, 1853, 1983, 1677, 1495, 4097, 1395, 4086, 2596, 2578, 2831, 1549, 2477, 2266, 2086, 1835, 1379, 2875, 3118, 1681, 1369, 2614, 1699, 1025, 1417, 6227, 4042, 3271, 1634, 2520, 3714, 3843, 6056, 1413, 2636, 2578, 3343, 722, 3196, 2952, 1604, 1542, 2078, 2108, 1468, 3445, 3807, 1501, 2542, 2622, 3226, 4171, 1242, 3080, 1909, 1624, 1948, 7679, 3072, 2618, 2383, 2253, 2674, 2155, 1926, 1845, 1552, 2217, 3049, 676, 2663, 3051, 4384, 1554, 1247, 532, 1759, 2548, 2661, 1958, 2990, 842, 2381, 1931, 3891, 2595, 2540, 2109, 1329, 3159, 2654, 5724, 2685, 1836, 5076, 2821, 3710, 765, 2064, 3238, 1722, 3398, 2032, 3685, 1670, 1206, 1962, 1809, 1655, 3551, 1071, 2154, 2310, 1149, 5059, 2790, 1023, 1992, 1220, 1231, 1180, 1094, 1414, 1474, 1241, 4289, 2504, 1213, 2475, 2360, 1868, 1973, 1134, 1900, 1925, 2771, 880, 1911, 1271, 1397, 2664, 2065, 1377, 2061, 998, 3372, 2401, 3419, 3242, 2416, 1710, 804, 2972, 3222, 1469, 1992, 1071, 3386, 3272, 2026, 4709, 3438, 2578, 4903, 2012, 4084, 3714, 2953, 1107, 1808, 2196, 2622, 1088, 2391, 2101, 2181, 1494, 2222, 1326, 2219, 3590, 1247, 1695, 10290, 2583, 2819, 2749, 4285, 876, 1537, 8789, 1459, 4283, 2085, 2218, 2365, 1539, 2138, 1955, 2657, 4682, 3114, 1491, 4102, 3547, 1048, 1582, 1448, 1729, 1784, 1519, 7844, 4748, 2780, 1060, 1965, 2800, 2455, 1615, 2379, 5604, 2105, 1708, 3198)
(79, 352): Mean: 2464.46, median: 2224.5, std: 1330.122, percent: 2352.98, B: 136, W: 114, 
	(2313, 2991, 1818, 1371, 3482, 3196, 2891, 2554, 1518, 1775, 2949, 1235, 4563, 416, 3144, 2282, 2599, 2776, 2289, 2280, 2267, 1176, 843, 3516, 1469, 1717, 1864, 1697, 1913, 1822, 1475, 3768, 1491, 3258, 2496, 2737, 2695, 1544, 2645, 2297, 2071, 2083, 1383, 3020, 3405, 1633, 1365, 2390, 1594, 976, 1345, 5318, 3469, 3479, 1710, 2422, 4027, 3602, 5524, 1405, 2637, 2863, 3312, 787, 3089, 2810, 1587, 1621, 2014, 1947, 1540, 3213, 3340, 1582, 2618, 2475, 2745, 5412, 1235, 2949, 2294, 1886, 2027, 6871, 2731, 2144, 2561, 2105, 2659, 2107, 2027, 2168, 1464, 2166, 3536, 780, 2789, 3031, 4224, 1624, 1369, 548, 1810, 2426, 2712, 1937, 3246, 807, 2445, 1739, 4033, 2612, 2374, 2227, 1300, 2917, 3014, 5613, 2481, 1961, 4849, 3060, 4601, 1009, 1785, 3045, 1902, 2965, 2410, 3371, 1672, 1370, 1710, 1690, 1947, 4068, 945, 2480, 2064, 1260, 4133, 2631, 908, 1693, 1258, 973, 1081, 971, 1208, 1680, 1161, 4155, 2204, 1284, 2340, 2222, 1639, 2118, 1083, 1632, 2121, 2759, 885, 2079, 1284, 1142, 2639, 2085, 1456, 2032, 945, 3504, 2293, 3322, 2836, 2630, 1711, 854, 3536, 3313, 1639, 1710, 1231, 3366, 3506, 1883, 4742, 3136, 2792, 4125, 2564, 8462, 3925, 2632, 1061, 1830, 2456, 2597, 1115, 2486, 2388, 2196, 1120, 2194, 1459, 2213, 3293, 1274, 1778, 10377, 2521, 2933, 2614, 4205, 840, 1665, 8025, 1697, 5403, 2200, 2146, 2615, 1261, 2660, 2019, 2840, 4841, 3058, 1536, 3146, 3514, 1209, 1386, 1266, 1745, 1706, 1327, 8394, 4290, 2870, 992, 2421, 3225, 2147, 1400, 2212, 5001, 2295, 1805, 3238)
(80, 354): Mean: 2440.696, median: 2205.5, std: 1224.383, percent: 2433.82, B: 124, W: 122, 
	(2259, 3715, 1718, 1328, 4376, 3199, 2995, 2574, 1530, 1691, 2771, 1320, 4310, 353, 3175, 2784, 2287, 2745, 2178, 2802, 2136, 1255, 838, 3650, 1294, 1651, 2002, 1767, 1734, 1775, 1286, 3895, 1330, 4033, 3151, 2906, 2448, 1573, 3063, 2259, 2038, 2207, 1375, 2901, 3204, 1655, 1330, 2275, 1423, 898, 1316, 5632, 3798, 2996, 1845, 2746, 3587, 3936, 5054, 1448, 2617, 2450, 3101, 862, 3647, 2596, 1558, 1504, 1953, 1948, 1505, 3499, 3476, 1509, 2393, 2271, 2683, 4070, 1153, 3147, 1733, 1665, 1786, 6468, 2984, 2180, 2743, 2629, 2331, 2269, 2105, 2018, 1592, 2181, 3293, 758, 2354, 2876, 3768, 1534, 1325, 663, 1751, 2421, 2864, 2062, 2771, 836, 2360, 1811, 3882, 2527, 2417, 1941, 1416, 2713, 3178, 5079, 2601, 1962, 5086, 2557, 5203, 838, 1813, 3217, 1798, 3099, 2193, 3064, 1930, 1470, 1978, 1491, 2032, 4655, 926, 2245, 2045, 1352, 5012, 2561, 999, 1649, 1154, 1108, 1081, 1029, 1362, 1604, 1390, 4343, 2204, 1294, 2187, 2617, 1710, 2118, 1144, 1735, 2264, 2809, 953, 2151, 1456, 1284, 2558, 2065, 1396, 2154, 953, 3109, 2407, 3988, 3056, 2778, 1581, 739, 3066, 3904, 1589, 1858, 1056, 3390, 3597, 1894, 5034, 3213, 3242, 3892, 2017, 5664, 3803, 3420, 1103, 1670, 2374, 2612, 1038, 2569, 1848, 2342, 1258, 2223, 1332, 2180, 3560, 1418, 1758, 9297, 2827, 2498, 2525, 3984, 696, 1576, 6427, 1586, 4533, 2280, 2146, 2603, 1196, 2370, 2380, 2317, 5018, 3141, 1478, 3681, 5347, 925, 1406, 1409, 1787, 1797, 1332, 6513, 3858, 2931, 969, 1828, 3126, 2191, 1432, 2696, 4201, 1943, 1886, 3511)
(81, 356): Mean: 2443.272, median: 2242.5, std: 1255.744, percent: 2385.84, B: 126, W: 123, 
	(2043, 3562, 1745, 1369, 3787, 2851, 2800, 2486, 1518, 1537, 3266, 1208, 4967, 364, 4106, 2761, 2320, 2891, 2391, 2985, 2424, 1313, 837, 3600, 1419, 1725, 1851, 1861, 2063, 1672, 1579, 3453, 1434, 4906, 2703, 2249, 2250, 1524, 2760, 2382, 2091, 2429, 1331, 3138, 3262, 1670, 1319, 2308, 1857, 941, 1301, 6941, 3932, 3114, 1845, 2322, 3756, 3232, 6423, 1411, 2587, 2591, 3400, 776, 3608, 3182, 1696, 1440, 1872, 1916, 1513, 3406, 3407, 1588, 2650, 2299, 2766, 4211, 1148, 2901, 1748, 1675, 1983, 5964, 2824, 2531, 2762, 1863, 2398, 2410, 1791, 1834, 1466, 2235, 3077, 748, 2991, 2954, 3542, 1629, 1272, 569, 1727, 2529, 2644, 2224, 3001, 764, 2106, 1686, 3647, 2724, 2304, 2589, 1287, 3256, 2883, 5266, 2292, 2106, 4515, 2832, 4913, 863, 1947, 3507, 1753, 2863, 2181, 3029, 1852, 1455, 1875, 1660, 2008, 3983, 1066, 2500, 2050, 1096, 4544, 2617, 1059, 1845, 1268, 1299, 1159, 1165, 1265, 1573, 1188, 4454, 2194, 1297, 2331, 2338, 1801, 2024, 1057, 1818, 1762, 2922, 907, 1747, 1470, 1262, 2632, 2014, 1193, 2030, 1035, 3254, 2547, 4290, 3366, 2717, 1626, 842, 2851, 3615, 1371, 1805, 997, 3299, 3508, 1800, 4858, 3559, 3014, 4092, 2102, 5577, 3355, 2609, 1046, 1700, 2478, 2554, 1139, 2586, 2136, 2127, 1058, 2308, 1548, 2307, 3457, 1426, 1600, 10208, 2668, 2477, 2466, 4066, 772, 1714, 6474, 1467, 4967, 1947, 2477, 2443, 1302, 2242, 2207, 2220, 4553, 3202, 1410, 4062, 3916, 1272, 1392, 1252, 1668, 1939, 1296, 6403, 3961, 2385, 788, 2243, 3240, 2406, 1492, 2344, 4806, 2212, 1741, 3133)
(82, 358): Mean: 2434.492, median: 2186.0, std: 1341.665, percent: 2365.18, B: 133, W: 117, 
	(2222, 2969, 1771, 1412, 3631, 2936, 3027, 2393, 1386, 1629, 2733, 1206, 4267, 345, 3249, 2280, 2485, 3267, 2458, 2436, 2101, 1302, 794, 3617, 1383, 1675, 1892, 1746, 1856, 1861, 1496, 4133, 1466, 3568, 2479, 2727, 2019, 1548, 2952, 2301, 2259, 2150, 1300, 2864, 3388, 1716, 1355, 2503, 1575, 957, 1506, 6908, 3956, 3213, 2020, 2170, 3992, 3871, 5964, 1339, 2776, 2685, 2925, 799, 3603, 2897, 1610, 1543, 1967, 1857, 1491, 3148, 3266, 1526, 2451, 2590, 2439, 5471, 1098, 3344, 1897, 1584, 1853, 8049, 2809, 2128, 2736, 2218, 2221, 2296, 1765, 1716, 1528, 2093, 3116, 723, 2400, 3074, 3659, 1565, 1281, 597, 1610, 2457, 2588, 1835, 2445, 868, 2550, 1680, 3918, 2512, 2597, 1913, 1276, 2932, 3238, 5379, 2506, 2002, 4535, 2829, 5565, 915, 1996, 3164, 1705, 2898, 2186, 3096, 1601, 1321, 1831, 1550, 1974, 3757, 883, 2312, 2072, 1069, 5314, 2580, 1042, 1478, 1181, 963, 1116, 926, 1359, 1589, 1256, 4840, 2036, 1266, 2160, 2122, 1590, 2217, 1113, 1884, 2044, 2863, 990, 1816, 1552, 1157, 2895, 2000, 1276, 1815, 1016, 3197, 2388, 3434, 3696, 2567, 1879, 843, 3399, 3625, 1465, 1948, 1025, 2889, 3376, 1690, 4964, 3012, 2735, 4451, 2186, 5005, 3438, 2728, 1093, 1960, 2538, 2246, 1328, 2881, 2272, 2155, 1144, 2391, 1459, 2248, 3613, 1388, 1623, 11269, 2638, 2679, 2738, 4185, 783, 1649, 6886, 1428, 4750, 1938, 2111, 2297, 1377, 2449, 2491, 2243, 4449, 2862, 1257, 3152, 3598, 1036, 1597, 1319, 1624, 1967, 1383, 8091, 4598, 2308, 934, 1977, 3272, 2365, 1364, 2198, 4482, 2042, 1648, 3071)
(83, 360): Mean: 2414.72, median: 2162.0, std: 1269.392, percent: 2391.78, B: 130, W: 119, 
	(2135, 2899, 1744, 1388, 3538, 2952, 2982, 2616, 1589, 1589, 2836, 1070, 4611, 359, 3440, 2449, 2285, 2504, 2193, 2227, 2101, 1182, 789, 2891, 1363, 1659, 1780, 1816, 1843, 1726, 1692, 3710, 1349, 2974, 2684, 2554, 2617, 1655, 2580, 2227, 2046, 2294, 1260, 2950, 2946, 1546, 1377, 2444, 1601, 860, 1380, 5491, 3561, 3238, 2147, 2372, 4255, 3528, 6061, 1545, 2754, 3230, 2974, 764, 3655, 3224, 1705, 1534, 1918, 1872, 1586, 3638, 3406, 1661, 2653, 2646, 2349, 4376, 1118, 3880, 2023, 2032, 2008, 7843, 2981, 2089, 2545, 2506, 2558, 2097, 1792, 1943, 1485, 2298, 3438, 849, 2622, 2910, 3425, 1563, 1250, 586, 1680, 2501, 2973, 1828, 2859, 709, 2292, 1989, 3678, 2455, 2278, 2413, 1321, 2980, 3141, 5570, 2559, 1923, 4336, 2736, 4331, 682, 1950, 2776, 1767, 3001, 2463, 3069, 1570, 1417, 1805, 1594, 1834, 3503, 1160, 2131, 2017, 1233, 5123, 2380, 1019, 1633, 1010, 1119, 1082, 969, 1308, 1392, 1220, 4826, 2087, 1241, 2028, 2177, 1690, 1995, 1211, 1784, 1918, 2781, 924, 1883, 1452, 1169, 2357, 2139, 1417, 2243, 894, 4853, 2487, 3211, 3160, 2749, 1637, 785, 3013, 3600, 1467, 2050, 1032, 3125, 3763, 1687, 6158, 3427, 2940, 3638, 2276, 5432, 3815, 2973, 1117, 1803, 2407, 2544, 1167, 2889, 1778, 2242, 1047, 2135, 1393, 2189, 3531, 1193, 1680, 8368, 2652, 2671, 2737, 3619, 789, 1641, 7872, 1469, 4304, 2031, 2474, 2368, 1292, 2130, 2122, 2511, 3867, 2914, 1247, 2445, 3775, 1116, 1384, 1360, 1621, 1899, 1502, 8545, 4609, 2541, 961, 2119, 3343, 2062, 1377, 2392, 4334, 1930, 1641, 2972)
(85, 372): Mean: 2411.232, median: 2221.0, std: 1236.538, percent: 2351.02, B: 127, W: 123, 
	(2250, 3588, 1845, 1311, 3803, 3088, 2711, 2589, 1562, 1556, 2933, 1108, 4352, 392, 3432, 2454, 2188, 2571, 2226, 2312, 2075, 1107, 858, 3748, 1261, 1504, 1970, 1518, 2036, 1662, 1276, 4063, 1391, 3431, 2811, 2415, 2846, 1517, 2356, 2119, 2049, 2039, 1269, 3252, 3192, 1782, 1402, 2391, 1498, 945, 1420, 6439, 3931, 3326, 2029, 2243, 3712, 3078, 5237, 1468, 2745, 2730, 2899, 780, 3373, 2784, 1637, 1438, 2107, 1867, 1452, 3162, 3199, 1545, 2541, 2361, 2362, 4674, 1163, 3305, 1781, 1664, 1909, 6925, 2747, 1927, 2615, 2455, 2270, 2276, 1913, 1673, 1447, 2178, 3336, 796, 2422, 3081, 3488, 1628, 1464, 501, 1676, 2473, 2596, 2002, 2804, 788, 2274, 2061, 4146, 2665, 2340, 2525, 1355, 2719, 3149, 4759, 2650, 1920, 3910, 3189, 4456, 711, 2058, 3617, 1772, 2918, 2569, 2992, 1703, 1346, 1895, 1534, 1909, 3412, 1013, 1974, 2006, 1153, 4452, 2439, 948, 1776, 1230, 1254, 1124, 1022, 1199, 1684, 1256, 4600, 2216, 1375, 2807, 2413, 1713, 1798, 1149, 1874, 1928, 2687, 1084, 1775, 1461, 1214, 2587, 1945, 1324, 2240, 784, 3579, 2347, 4109, 3357, 2688, 1778, 739, 3336, 3539, 1496, 1835, 1103, 3050, 3667, 1736, 4915, 3189, 2918, 5343, 1940, 5653, 4031, 2806, 1159, 1962, 2373, 2402, 986, 2935, 1993, 2471, 1170, 2247, 1351, 2152, 3485, 1405, 1708, 8213, 2562, 2643, 2353, 3589, 859, 1617, 8017, 1752, 4524, 2149, 2131, 2458, 1110, 2155, 2283, 2331, 4926, 3227, 1319, 2872, 3305, 1037, 1528, 1498, 1726, 1932, 1322, 8040, 3660, 2527, 950, 1973, 3263, 2282, 1542, 2293, 4848, 2279, 2041, 2765)
(86, 373): Mean: 2411.86, median: 2165.0, std: 1240.511, percent: 2446.28, B: 133, W: 116, 
	(2362, 3403, 1696, 1360, 3521, 3718, 2972, 2446, 1579, 1675, 2578, 1186, 4795, 356, 3610, 2310, 2304, 2525, 2006, 2475, 2170, 1174, 892, 3627, 1453, 1433, 1900, 1630, 1952, 1788, 1421, 3921, 1456, 3641, 2838, 2629, 2607, 1589, 3070, 2092, 1941, 2082, 1252, 3149, 3856, 1623, 1342, 2811, 1754, 879, 1412, 5418, 3615, 2903, 1932, 2262, 3794, 3335, 6083, 1460, 2615, 2720, 2958, 789, 3312, 2765, 1458, 1513, 1721, 1973, 1557, 3707, 3785, 1370, 2600, 2554, 2792, 4082, 1204, 3315, 2022, 1592, 1765, 7232, 2829, 1997, 2420, 2843, 2911, 2196, 1844, 1895, 1427, 2114, 3270, 781, 2223, 3200, 3817, 1610, 1319, 561, 1608, 2467, 2808, 1963, 2924, 688, 2188, 1680, 3941, 2932, 2582, 2140, 1272, 3154, 2888, 5180, 2478, 2089, 4750, 2707, 4526, 727, 1945, 3218, 1911, 3852, 2317, 3230, 1706, 1426, 1877, 1565, 2185, 3440, 1004, 2565, 1890, 1186, 4690, 2477, 997, 1638, 1109, 1123, 1063, 987, 1256, 1498, 1491, 4547, 2635, 1210, 2156, 2170, 1735, 2049, 1029, 1804, 1996, 2767, 979, 2000, 1296, 1188, 2769, 2215, 1295, 1845, 1071, 3119, 2160, 3425, 3217, 2657, 1726, 839, 3575, 3570, 1472, 1989, 992, 3324, 3746, 1845, 4234, 3543, 2538, 3890, 2081, 4817, 3850, 2654, 1126, 1591, 2888, 2372, 1002, 2693, 1691, 2141, 1015, 2065, 1443, 2055, 3540, 1384, 1708, 10435, 2730, 2617, 2418, 4231, 802, 1504, 7084, 1410, 4099, 2045, 2070, 2633, 1300, 2338, 2268, 2788, 4382, 2899, 1356, 3423, 3810, 1223, 1354, 1457, 1705, 1795, 1319, 6380, 3773, 2263, 820, 2445, 3453, 2226, 1400, 2264, 4074, 2108, 1814, 2658)
(89, 387): Mean: 2425.088, median: 2222.0, std: 1289.209, percent: 2331.12, B: 128, W: 122, 
	(2223, 3028, 1713, 1309, 3952, 3235, 2806, 2510, 1489, 1489, 3084, 1254, 4528, 337, 3408, 2579, 2291, 2786, 2458, 2685, 2376, 1292, 813, 3303, 1449, 1676, 1902, 1839, 1814, 1812, 1619, 4203, 1327, 3952, 2816, 2595, 2557, 1546, 2651, 2068, 1938, 2085, 1150, 3174, 3351, 1682, 1294, 2083, 1696, 834, 1484, 5846, 3892, 3378, 1880, 2234, 3330, 3596, 5525, 1416, 2863, 2786, 3334, 759, 4004, 2677, 1369, 1403, 1892, 2265, 1476, 3583, 3344, 1570, 2351, 2221, 2572, 4566, 1288, 3560, 1833, 1571, 1850, 7661, 2763, 2310, 2566, 2379, 2625, 2396, 1862, 1580, 1489, 2245, 3028, 867, 2691, 3028, 3409, 1505, 1526, 655, 1692, 2541, 2762, 1980, 2953, 793, 2525, 1928, 3730, 2884, 2342, 2191, 1190, 3067, 3011, 4985, 2538, 2059, 5039, 2822, 4658, 752, 2023, 3189, 1790, 3248, 2294, 3390, 1699, 1271, 1778, 1490, 2048, 3196, 1090, 2075, 1884, 1205, 5237, 3266, 948, 1671, 1192, 1120, 1066, 1004, 1295, 1410, 1241, 4577, 2304, 1085, 2217, 2381, 1520, 2144, 1060, 1818, 2341, 2740, 962, 1865, 1383, 1198, 2702, 2081, 1296, 2252, 1119, 3990, 2185, 3129, 3041, 2606, 1812, 894, 2785, 3492, 1545, 1704, 1013, 3237, 3776, 1773, 4647, 3071, 2498, 3770, 2411, 5424, 4259, 2918, 1081, 1945, 2357, 2520, 961, 2575, 1541, 2174, 1108, 1953, 1372, 1864, 3949, 1333, 1639, 10507, 2686, 2616, 2784, 3671, 918, 1486, 7346, 1561, 4055, 1956, 2171, 2274, 1272, 2277, 2311, 2519, 4453, 2815, 1171, 3793, 2956, 1038, 1458, 1415, 1749, 1661, 1507, 8027, 4531, 2650, 993, 2192, 3322, 2000, 1441, 2163, 4285, 2350, 1806, 2763)
(90, 389): Mean: 2423.152, median: 2252.0, std: 1263.704, percent: 2339.84, B: 132, W: 117, 
	(1986, 3093, 1833, 1489, 3942, 2969, 3070, 2559, 1671, 1721, 2784, 1283, 5028, 422, 3522, 2773, 2648, 2702, 2283, 2589, 2239, 1155, 840, 3114, 1456, 1653, 1835, 1509, 1998, 1791, 1406, 3972, 1286, 3593, 2804, 2644, 2416, 1523, 2468, 2340, 2334, 2044, 1238, 3151, 2940, 1764, 1438, 2566, 1516, 872, 1484, 5419, 3157, 3456, 2306, 2283, 3970, 3333, 5724, 1409, 2536, 3305, 3182, 691, 3580, 2691, 1579, 1515, 1827, 1897, 1495, 3316, 3689, 1440, 2680, 2378, 2481, 4537, 1055, 3167, 1863, 1758, 2248, 6358, 2617, 2200, 2742, 2286, 2541, 2351, 1967, 1746, 1400, 2378, 2983, 745, 2788, 2787, 3520, 1602, 1295, 568, 1678, 2153, 2521, 1769, 2633, 727, 2428, 1579, 3873, 2683, 2472, 2141, 1386, 2861, 2746, 5910, 2822, 1934, 5276, 2567, 4559, 700, 1890, 3034, 1831, 3247, 1956, 2930, 1663, 1345, 1834, 1635, 2000, 3165, 901, 2437, 2109, 1053, 5537, 2494, 940, 1583, 1096, 1147, 1060, 1103, 1364, 1509, 1197, 4359, 2416, 1181, 2256, 2261, 1613, 1922, 1085, 1835, 1953, 2963, 906, 1794, 1615, 1276, 2533, 2094, 1445, 2097, 993, 3788, 2335, 3919, 2974, 2455, 1694, 886, 3131, 3995, 1428, 1978, 1008, 3592, 3459, 1951, 5328, 3024, 3004, 4760, 2405, 4768, 3234, 2955, 1017, 1794, 2582, 2428, 1260, 2660, 1423, 2031, 1255, 2130, 1513, 1934, 3640, 1233, 1805, 10214, 2918, 2372, 2561, 4150, 742, 1659, 6826, 1600, 3985, 2103, 2124, 2676, 1282, 2137, 2157, 2338, 4419, 3199, 1312, 3373, 3987, 1086, 1546, 1529, 1756, 1691, 1289, 7927, 4069, 2499, 1047, 2279, 3185, 1961, 1532, 2663, 4803, 2360, 1908, 3076)
(91, 392): Mean: 2403.552, median: 2197.5, std: 1275.365, percent: 2378.76, B: 136, W: 113, 
	(2582, 3176, 1686, 1403, 3189, 3708, 2979, 2407, 1527, 1566, 2648, 1219, 4253, 360, 3410, 2595, 2744, 2596, 2265, 2381, 2061, 1218, 845, 3411, 1429, 1575, 1824, 1672, 1892, 1847, 1377, 3821, 1358, 3450, 2796, 2850, 2609, 1678, 2742, 2477, 2274, 2005, 1191, 2853, 3401, 1764, 1234, 2478, 1738, 919, 1436, 5239, 3530, 3342, 1740, 2276, 3438, 3419, 5949, 1638, 3141, 3332, 3574, 742, 3294, 2752, 1581, 1398, 1988, 1888, 1588, 2792, 3849, 1449, 2755, 2242, 2421, 4597, 1136, 3229, 1980, 1646, 1931, 6574, 3060, 2074, 2615, 2541, 2626, 2466, 1793, 1902, 1419, 2091, 2935, 822, 2461, 3144, 3621, 1678, 1167, 547, 1604, 2631, 2576, 2110, 3120, 654, 2261, 1864, 3455, 2374, 2429, 2181, 1316, 2547, 2745, 4730, 2634, 2129, 4641, 2502, 4636, 769, 1728, 3199, 1765, 3418, 2395, 3074, 1862, 1280, 1699, 1591, 1883, 3455, 1000, 2284, 1893, 1154, 4694, 2544, 1037, 1741, 1145, 989, 1084, 864, 1312, 1536, 1213, 4493, 2318, 1442, 2257, 2214, 1809, 2035, 1154, 1682, 1875, 2626, 898, 1841, 1379, 1355, 2405, 1945, 1314, 1957, 887, 3891, 2420, 3674, 2804, 2859, 1664, 885, 3089, 3450, 1556, 1780, 984, 3188, 3788, 1987, 4724, 2944, 2488, 3475, 1993, 6208, 4079, 2652, 1160, 1998, 2646, 2393, 1098, 2885, 1570, 2063, 1035, 2280, 1561, 2097, 3502, 1246, 1762, 11355, 2568, 2722, 2330, 3947, 720, 1563, 7090, 1460, 4114, 2111, 2015, 2145, 1296, 2273, 2046, 2579, 4271, 2737, 1313, 3092, 3886, 1157, 1538, 1357, 1724, 1879, 1420, 8171, 3961, 2595, 984, 2174, 3071, 2118, 1351, 2541, 4393, 2248, 1826, 2905)
(94, 409): Mean: 2405.98, median: 2210.0, std: 1256.661, percent: 2386.58, B: 129, W: 120, 
	(2218, 3611, 1787, 1421, 3518, 3085, 2860, 2509, 1560, 1773, 2809, 1221, 4529, 360, 3540, 2399, 2348, 2548, 2597, 2595, 2165, 1168, 881, 3073, 1539, 1541, 1979, 1574, 1869, 1711, 1781, 3710, 1296, 3754, 2488, 2782, 2356, 1563, 2682, 2219, 2166, 2148, 1319, 3622, 3390, 1827, 1269, 2506, 1564, 962, 1466, 5516, 3533, 3440, 1902, 2601, 3189, 3177, 5489, 1514, 2524, 2696, 3539, 694, 3190, 2707, 1427, 1614, 1948, 1899, 1552, 3635, 3209, 1452, 2532, 2414, 2559, 4643, 1174, 3174, 1876, 1672, 2091, 6254, 2824, 2070, 2624, 2273, 2429, 2121, 2007, 1901, 1492, 2178, 3185, 768, 2442, 2726, 3725, 1631, 1399, 557, 1665, 2520, 2491, 1955, 2881, 728, 2182, 1672, 3901, 2576, 2439, 1986, 1277, 2969, 2599, 4597, 2498, 2006, 4162, 2480, 4829, 793, 1927, 2898, 1809, 3314, 2153, 3313, 1659, 1305, 1600, 1606, 1913, 3838, 944, 2431, 2118, 1165, 5296, 2428, 866, 1812, 1110, 962, 1052, 890, 1332, 1450, 1215, 4645, 2284, 1340, 2105, 2308, 1763, 1986, 1042, 1778, 2240, 2555, 885, 1834, 1321, 1143, 2320, 2294, 1284, 2118, 888, 3588, 2341, 3854, 3001, 2776, 1752, 822, 2995, 3310, 1552, 1961, 1033, 3162, 3832, 1797, 4870, 3174, 2689, 3736, 2202, 5502, 4068, 2532, 1130, 2020, 2401, 2565, 1133, 2694, 2125, 2517, 1002, 2608, 1422, 1938, 3552, 1298, 1608, 10730, 2638, 2680, 2432, 3599, 789, 1630, 7752, 1451, 4157, 2325, 2133, 2448, 1178, 2429, 2160, 2672, 4236, 3312, 1264, 3294, 4098, 924, 1416, 1434, 1759, 1779, 1353, 7298, 4439, 2428, 878, 1968, 3571, 2044, 1336, 2266, 4791, 2662, 1800, 2789)
(95, 415): Mean: 2438.404, median: 2201.0, std: 1328.245, percent: 2383.7, B: 125, W: 123, 
	(2137, 3450, 1701, 1330, 3322, 3121, 2964, 2321, 1591, 1589, 3070, 1188, 3539, 366, 3219, 2501, 2994, 2819, 2523, 2423, 2255, 1144, 830, 2995, 1481, 1652, 1851, 1812, 1781, 1584, 1425, 3563, 1355, 3636, 2800, 2557, 2634, 1456, 2902, 2727, 1982, 1927, 1194, 2682, 3650, 1778, 1351, 2517, 1510, 913, 1619, 5364, 3784, 2950, 1866, 2176, 3935, 3291, 5427, 1546, 2690, 2918, 3736, 743, 3613, 2972, 1540, 1434, 1947, 1812, 1632, 3408, 2868, 1528, 2516, 2515, 2502, 4256, 1168, 3052, 2088, 1668, 2109, 7241, 2761, 1971, 2520, 2350, 2453, 2431, 1797, 1794, 1363, 2412, 3179, 747, 2208, 2838, 4023, 1464, 1433, 510, 1665, 2143, 2572, 1947, 2692, 630, 2582, 1707, 4403, 2536, 2414, 2530, 1325, 2937, 2861, 5358, 2598, 1998, 4359, 2604, 4793, 964, 1994, 3717, 1684, 3056, 2509, 3367, 1594, 1411, 1974, 1427, 1831, 3769, 976, 2124, 2115, 1289, 3970, 2744, 889, 1774, 1164, 999, 1014, 995, 1320, 1450, 1141, 4563, 2448, 1331, 2598, 2447, 1815, 1994, 1033, 1932, 2120, 2613, 935, 1922, 1462, 1206, 2790, 1959, 1361, 2378, 1026, 3385, 2297, 3738, 2909, 2761, 1695, 870, 2870, 3577, 1410, 1945, 961, 3294, 3496, 1731, 4135, 3370, 3024, 4422, 1924, 7504, 4523, 2354, 1083, 1858, 2703, 2513, 1053, 2483, 1915, 2246, 1190, 2161, 1499, 2009, 3587, 1356, 1627, 9719, 2536, 2943, 2843, 4287, 758, 1428, 7151, 1486, 4717, 2160, 2205, 2370, 1392, 2246, 2159, 2197, 5044, 2948, 1283, 3882, 4171, 1319, 1313, 1457, 1882, 1849, 1227, 10217, 3846, 2642, 1037, 1989, 3259, 2048, 1353, 2530, 5348, 2235, 1666, 2853)
(96, 420): Mean: 2408.428, median: 2181.0, std: 1273.938, percent: 2388.62, B: 130, W: 120, 
	(2361, 3358, 1665, 1403, 3526, 3159, 2627, 2221, 1656, 1831, 2693, 1172, 3551, 412, 3623, 2492, 2171, 2386, 2382, 2606, 2128, 1070, 803, 2998, 1530, 1700, 1686, 1765, 1791, 1748, 1334, 4085, 1580, 3726, 2455, 2768, 2362, 1566, 2518, 2270, 2125, 2067, 1374, 2807, 2719, 1667, 1332, 2647, 1592, 960, 1386, 6414, 3162, 3669, 1760, 2477, 3645, 2847, 5298, 1438, 2646, 2700, 3398, 775, 3804, 3192, 1684, 1533, 2101, 1662, 1718, 3490, 3499, 1423, 2614, 2243, 2717, 4128, 1173, 2984, 1955, 1915, 1870, 8656, 2776, 1879, 2636, 2249, 2465, 2364, 1918, 2203, 1501, 2165, 2987, 788, 2758, 3411, 3882, 1486, 1401, 507, 1649, 2342, 2799, 2107, 2907, 721, 2091, 1750, 3439, 2475, 2406, 2114, 1278, 2572, 2791, 4748, 2667, 1934, 4805, 2714, 4303, 632, 1906, 3515, 1944, 2843, 2032, 3488, 1624, 1354, 1850, 1515, 1883, 3944, 947, 2283, 1984, 1252, 4730, 2926, 1008, 1622, 1120, 1010, 1131, 1017, 1386, 1438, 1291, 5023, 2153, 1350, 2856, 2497, 1549, 1906, 1066, 1780, 2203, 2556, 1022, 1904, 1221, 1244, 2548, 2191, 1351, 1882, 943, 3557, 2358, 3278, 3334, 2515, 1625, 918, 2821, 3380, 1405, 1879, 1078, 4424, 3394, 1681, 4726, 3527, 2741, 3842, 1912, 4176, 3073, 2762, 1032, 2210, 2306, 2463, 1074, 2664, 1873, 2404, 1094, 2746, 1534, 2073, 3734, 1189, 1781, 9532, 2400, 2647, 2558, 3878, 741, 1771, 7272, 1411, 4616, 2134, 1938, 2490, 1194, 2022, 2250, 2760, 4509, 2864, 1388, 3465, 3424, 1130, 1374, 1219, 1805, 1927, 1255, 8654, 3824, 2991, 1004, 2106, 3378, 2008, 1426, 2448, 5031, 2150, 2000, 3178)
(97, 424): Mean: 2397.024, median: 2118.0, std: 1233.665, percent: 2351.84, B: 129, W: 120, 
	(2102, 3225, 1645, 1397, 3440, 2686, 2734, 2437, 1532, 1609, 2986, 1125, 4742, 344, 3239, 2531, 2557, 2675, 2410, 2546, 2206, 1090, 973, 3372, 1403, 1622, 1837, 1729, 2006, 1644, 1894, 3787, 1405, 4220, 2874, 2421, 2506, 1553, 2644, 2218, 1952, 1967, 1258, 2980, 2992, 1809, 1507, 2726, 1833, 1018, 1432, 5353, 3818, 3365, 1753, 2337, 3904, 3252, 6523, 1514, 2893, 2663, 3424, 710, 3883, 3116, 1599, 1429, 1989, 1745, 1556, 3060, 3560, 1614, 2564, 2376, 2822, 4614, 1142, 3366, 1869, 1760, 1850, 6543, 2574, 2221, 2636, 2097, 2630, 2034, 1748, 1877, 1405, 2370, 3064, 783, 2683, 2728, 3364, 1526, 1357, 570, 1750, 2284, 2804, 1762, 2595, 744, 2073, 1803, 4320, 2608, 2369, 2107, 1277, 2883, 3450, 5095, 2508, 1988, 4789, 2537, 4898, 735, 1941, 2844, 1787, 3539, 2191, 2827, 1678, 1385, 1832, 1406, 1935, 3115, 1057, 2189, 1891, 1111, 4481, 2674, 1024, 1729, 1125, 1156, 1037, 976, 1238, 1236, 1261, 4632, 2213, 1216, 2234, 2327, 1728, 1959, 1067, 1779, 2117, 2800, 957, 1899, 1339, 1293, 2766, 2092, 1509, 2115, 959, 3296, 2622, 3507, 3100, 2725, 1630, 765, 2795, 3157, 1496, 2034, 952, 2986, 3702, 1780, 4798, 3209, 2729, 4050, 1971, 4956, 4384, 2934, 1088, 1847, 2368, 2462, 1094, 2667, 1798, 2201, 1114, 2182, 1481, 1877, 3533, 1342, 1715, 9421, 2594, 2599, 2390, 3664, 710, 1609, 7091, 1523, 4857, 2027, 2339, 2093, 1234, 2119, 1956, 2485, 4376, 2996, 1332, 3640, 3853, 1241, 1516, 1295, 1529, 1616, 1336, 7371, 4349, 2347, 1066, 2117, 3149, 1836, 1355, 2494, 4683, 2174, 1834, 3175)
(98, 427): Mean: 2412.84, median: 2171.5, std: 1284.757, percent: 2301.66, B: 126, W: 123, 
	(2410, 3283, 1859, 1416, 3214, 3084, 2802, 2389, 1471, 1594, 2923, 1054, 4001, 386, 3033, 2931, 2616, 2696, 2314, 2460, 2086, 1064, 781, 3485, 1463, 1496, 1732, 1709, 1946, 1762, 1855, 4689, 1343, 3629, 2634, 2576, 2246, 1649, 2427, 2181, 1900, 2090, 1085, 2962, 3173, 1672, 1427, 2300, 1542, 941, 1385, 5287, 3942, 3299, 1745, 2310, 4625, 3513, 5875, 1566, 2901, 2499, 3388, 844, 3144, 3024, 1609, 1452, 1793, 1904, 1619, 3050, 3158, 1245, 2753, 2538, 2649, 4139, 1263, 3262, 1966, 1692, 1909, 6884, 2558, 2087, 2681, 2369, 2582, 2042, 1999, 1864, 1464, 2375, 3025, 879, 2381, 2984, 3655, 1487, 1288, 571, 1597, 2643, 2899, 2021, 2900, 759, 2162, 1694, 3644, 2420, 2182, 1998, 1286, 2762, 3054, 4478, 2592, 1963, 4831, 2489, 5218, 844, 2044, 3027, 1740, 2746, 2237, 3303, 1839, 1296, 1958, 1701, 1952, 3409, 1033, 2254, 2226, 1194, 5062, 2538, 926, 1635, 1067, 1291, 985, 970, 1449, 1625, 1255, 5107, 2196, 1169, 2453, 2269, 1699, 2063, 1256, 1777, 1861, 2722, 920, 1870, 1182, 1356, 2383, 2103, 1245, 2043, 952, 3668, 2378, 3838, 3335, 2583, 1529, 866, 3070, 3577, 1405, 1878, 963, 3066, 3384, 1964, 5156, 2786, 3104, 4189, 2130, 4971, 3971, 2635, 1088, 1811, 2495, 2405, 1050, 2736, 2145, 2357, 1152, 2024, 1467, 2001, 3403, 1205, 1786, 10610, 2365, 2467, 2426, 4007, 742, 1767, 7941, 1650, 5234, 1812, 2047, 2350, 1272, 2042, 2136, 2566, 5250, 2832, 1411, 3666, 3799, 1043, 1562, 1264, 1637, 1852, 1312, 7355, 4337, 2828, 919, 2313, 2834, 2162, 1405, 2422, 4687, 2223, 1889, 3075)
(99, 428): Mean: 2432.416, median: 2210.0, std: 1289.45, percent: 2359.3, B: 126, W: 123, 
	(2313, 3182, 1833, 1467, 3829, 2980, 2637, 2519, 1672, 1786, 2684, 1061, 4472, 468, 2965, 2287, 2238, 2488, 2778, 2619, 2147, 1185, 872, 2932, 1349, 1476, 2000, 1596, 1775, 1761, 1476, 3728, 1338, 4084, 2638, 2460, 2436, 1620, 2866, 2217, 1954, 1976, 1246, 3311, 3252, 1634, 1463, 2455, 1534, 933, 1455, 5759, 3573, 3390, 2020, 2521, 3782, 3218, 5416, 1565, 2793, 2621, 3356, 840, 3378, 2792, 1548, 1308, 1942, 1923, 1456, 3292, 3522, 1715, 2303, 2148, 2565, 4111, 1237, 3587, 1849, 1657, 1999, 7550, 2833, 1962, 2592, 2252, 2592, 2612, 1849, 1936, 1418, 2244, 3154, 727, 2452, 2924, 3171, 1607, 1406, 568, 1713, 2583, 2475, 2166, 2921, 748, 2132, 1634, 3254, 2775, 2635, 1943, 1251, 3304, 2831, 6415, 2801, 1886, 5023, 2709, 4537, 812, 1963, 3594, 1781, 3588, 2220, 3491, 1696, 1377, 1918, 1705, 1868, 3665, 1043, 2289, 2237, 1204, 4811, 2888, 1031, 1513, 1132, 1181, 1318, 988, 1297, 1528, 1227, 4055, 2344, 1122, 2460, 2347, 1791, 1922, 1117, 1872, 1880, 2827, 962, 1834, 1541, 1236, 2528, 2701, 1455, 1851, 989, 3273, 2407, 3597, 3195, 2748, 1836, 735, 2861, 3339, 1616, 1865, 995, 3966, 3257, 1904, 5156, 3129, 3019, 3861, 2021, 4494, 4063, 2799, 1193, 1791, 2327, 2752, 1147, 2428, 1814, 2503, 1186, 2374, 1433, 2085, 3496, 1323, 2011, 9370, 2955, 2347, 2443, 3764, 749, 1580, 9586, 1623, 5171, 2052, 2203, 2234, 1409, 2085, 2046, 2325, 4670, 3156, 1361, 2957, 3710, 1065, 1394, 1223, 2005, 1731, 1527, 7252, 3849, 2574, 1072, 1892, 3709, 2079, 1391, 2574, 5565, 2008, 1981, 3001)

Test:
No precond: Mean: 2558.008, median: 2432.5, std: 1232.611, percent: 2461.7, flag: 2 
	(2438, 2488, 4739, 1274, 2630, 3243, 2641, 1143, 2118, 3172, 1510, 1512, 3269, 2696, 1198, 5979, 1456, 3501, 2548, 1288, 1916, 3517, 6278, 5194, 3572, 3020, 1470, 949, 2661, 1246, 2249, 2560, 1968, 3132, 2505, 2149, 5226, 2635, 1794, 3095, 5954, 2647, 8547, 3583, 2997, 1141, 2016, 921, 1663, 7926, 1533, 1482, 3144, 1687, 2757, 1085, 1400, 4945, 3282, 3024, 1487, 2762, 2978, 2477, 1863, 1717, 1798, 2589, 2162, 2726, 5084, 1068, 2263, 1725, 2436, 3599, 2852, 3811, 2875, 2052, 3456, 1531, 2642, 3407, 1410, 2753, 2893, 1710, 1190, 2845, 2805, 2515, 2217, 5501, 1868, 3273, 2493, 1902, 2869, 1712, 2822, 1856, 1007, 3393, 5438, 2101, 2949, 2796, 1750, 1931, 1669, 4327, 2084, 3203, 999, 1985, 2516, 1105, 3882, 3974, 4420, 1272, 1320, 3020, 1904, 1531, 3576, 3069, 3672, 1874, 4711, 1699, 1639, 4274, 1223, 2938, 1777, 2293, 3042, 3101, 1164, 2699, 2203, 2559, 2946, 3373, 2066, 1461, 1166, 3064, 2660, 1110, 2700, 2171, 1570, 1300, 1356, 914, 2893, 5415, 1913, 758, 3648, 2531, 2434, 2406, 2586, 1682, 4031, 2163, 2718, 2296, 1847, 1766, 1414, 769, 2105, 4828, 1411, 522, 2645, 1238, 2124, 2147, 2231, 2528, 4103, 2600, 753, 2336, 1604, 2541, 3336, 3926, 3101, 3455, 1752, 3010, 2259, 2561, 1561, 2399, 2229, 1332, 3209, 2222, 1473, 2941, 1213, 2459, 5534, 1518, 1621, 1813, 2904, 1554, 2763, 1919, 3133, 2162, 2333, 1638, 2885, 2380, 1552, 2743, 1870, 3000, 2044, 1800, 4046, 3783, 3446, 2635, 2189, 4720, 2431, 4083, 3339, 1333, 1575, 5907, 1378, 1825, 1264, 4197, 819, 1261, 1473, 5555)

Last: Mean: 2458.876, median: 2252.0, std: 1228.916, percent: 2401.98, B: 176, W: 74, flag: 0 
	(2497, 2375, 5666, 1303, 2579, 2803, 2005, 1030, 1800, 2995, 1460, 1491, 2834, 2107, 991, 6108, 1381, 3257, 2676, 1291, 1787, 3260, 7413, 5308, 2918, 2540, 1420, 1004, 2344, 1201, 2349, 2350, 2041, 2633, 2715, 1789, 5187, 2156, 1623, 3327, 5366, 2492, 7686, 3062, 3426, 1218, 1960, 596, 1655, 8089, 1453, 1245, 3841, 1478, 2880, 1073, 1382, 4172, 2828, 3550, 1448, 3202, 2685, 2529, 1816, 1662, 1630, 2032, 2043, 2172, 4997, 902, 2162, 1672, 2655, 3014, 2745, 3423, 2798, 1707, 3643, 1381, 3318, 3914, 1047, 2481, 2832, 1705, 1808, 3350, 2258, 2434, 2679, 5304, 2004, 3377, 2275, 1820, 2565, 1724, 2512, 1867, 893, 2887, 4873, 2183, 2425, 2442, 1541, 1792, 1427, 5172, 1870, 3351, 908, 1908, 1966, 1026, 3228, 3668, 3798, 1269, 1282, 2726, 1895, 1146, 3491, 3282, 3547, 1871, 3994, 1610, 1397, 4694, 1066, 2919, 1835, 2492, 2797, 3234, 1243, 2631, 2331, 2417, 3426, 2884, 1753, 1303, 1027, 3031, 2011, 994, 2989, 2411, 1568, 1152, 1280, 839, 2827, 5111, 1595, 695, 3331, 2645, 2459, 2247, 2613, 1669, 3330, 2319, 2427, 2378, 2022, 1955, 1362, 741, 1967, 3862, 1582, 449, 2476, 1167, 1809, 1976, 2154, 2505, 3054, 2252, 589, 2132, 1541, 1893, 3284, 3441, 3458, 3516, 1805, 3688, 2363, 2206, 1691, 2582, 2067, 1274, 3080, 2155, 1259, 3173, 1029, 1987, 5250, 1271, 1580, 1809, 3064, 1548, 3990, 1872, 2525, 2252, 2014, 1417, 2928, 2113, 1590, 2669, 1632, 3470, 1660, 1614, 4025, 3468, 3284, 2640, 2173, 4740, 2417, 2947, 3605, 1199, 1405, 5825, 1620, 2123, 1414, 3683, 895, 1229, 1241, 5073)

[0.05475638 0.1506525  0.0632293  0.17373874 0.08995387 0.21353973
 0.05841473 0.13667264 0.11761439 0.11954265]

19/02/2026, 15:07:16
Config file: ./config/config_sign_6.ini
Data:
	1d_laplace_size: 45
	amount: 250
	params: 1 0.3
	seed: 6
	dim: 2025
Solver:
	tol: 1e-10
	max_iteration: None
Learn:
	iteration_count: 100
	step_range: 0.1
	method: sign
	seed: 6
	scale: 1 0.5 0.25
Precondition:
	num_coef: 10

Train:
(0, 1): Mean: 2518.46, median: 2349.0, std: 1304.993, percent: 2421.48, B: 250, W: 0, 
	(2178, 3063, 2741, 2709, 2353, 3154, 3751, 3608, 2255, 2782, 2044, 1480, 1972, 3703, 350, 1319, 1435, 2039, 1816, 1090, 2492, 2019, 2091, 96, 1775, 5134, 2903, 7801, 2791, 2742, 1851, 1511, 1736, 3210, 1415, 2567, 3026, 1691, 2360, 1223, 2735, 2691, 1860, 2615, 2235, 1477, 1369, 2403, 2431, 2536, 1913, 3790, 1870, 3290, 2948, 2726, 4951, 1640, 3586, 1773, 1768, 1327, 3449, 1756, 1841, 804, 2347, 4477, 4455, 1418, 1862, 2337, 1992, 729, 3256, 2102, 4007, 2223, 1204, 3774, 2367, 1698, 2342, 2073, 2601, 2354, 3806, 2025, 1517, 8240, 3264, 1504, 2351, 5046, 2802, 1949, 2703, 462, 1262, 1917, 3145, 5579, 9975, 802, 5471, 1211, 3900, 1702, 4442, 2318, 2738, 4336, 2536, 1803, 4052, 1681, 2395, 1210, 2411, 4145, 1465, 1471, 1346, 2434, 1904, 2470, 2958, 3311, 2708, 1814, 1741, 1586, 834, 2629, 1784, 3320, 1010, 2078, 2493, 3450, 1116, 1102, 1327, 5403, 4294, 2283, 1159, 2325, 2601, 2020, 4918, 1858, 1896, 3500, 2447, 3056, 2884, 4112, 5450, 3063, 1678, 2573, 3835, 3224, 2597, 2883, 1388, 2088, 3059, 988, 2266, 2852, 2700, 2037, 323, 2914, 2702, 2411, 4161, 1062, 3086, 1328, 2513, 1581, 4567, 1923, 2739, 3142, 3189, 1844, 4937, 1124, 4439, 1024, 1589, 1236, 2835, 1315, 4258, 2444, 1218, 2247, 2103, 3273, 673, 1843, 1929, 5893, 945, 570, 2725, 4046, 1665, 1438, 6851, 2211, 2302, 4122, 940, 1193, 3035, 2616, 3118, 1029, 1340, 2396, 3331, 4519, 1472, 2379, 2052, 2582, 2028, 3020, 3121, 1548, 2326, 837, 2364, 2641, 2243, 2905, 2376, 1847, 2194, 1729, 2908, 1234, 3171, 2215)
(1, 2): Mean: 2493.472, median: 2263.5, std: 1240.457, percent: 2459.3, B: 131, W: 118, 
	(2060, 2877, 2893, 2823, 2321, 2862, 4392, 4214, 2445, 2664, 2078, 1638, 2078, 3132, 336, 1331, 1473, 2226, 1749, 938, 2165, 2211, 2176, 94, 1923, 6018, 3051, 6446, 2640, 2834, 1554, 1431, 1681, 3497, 1295, 2433, 3362, 1594, 2244, 1486, 2592, 2323, 1756, 2563, 2148, 1731, 1270, 2844, 2428, 2635, 1922, 4463, 1766, 2938, 3231, 2683, 5741, 1783, 3443, 1760, 2004, 1336, 3416, 1781, 1740, 873, 2237, 5039, 4997, 1374, 1683, 2494, 1919, 537, 2854, 2227, 3675, 2418, 1224, 4437, 2109, 1541, 2527, 2207, 2626, 2273, 4210, 2060, 1896, 7566, 3626, 1599, 2403, 4666, 2874, 1862, 2618, 486, 1201, 1701, 2981, 6137, 6492, 756, 5358, 1368, 4590, 1573, 4078, 2645, 2500, 3698, 2200, 1605, 4434, 1791, 2292, 1179, 2425, 4079, 1506, 1491, 1280, 2264, 1714, 2588, 2469, 3387, 2824, 1838, 1462, 1632, 775, 2263, 1792, 3581, 1258, 1880, 2588, 3065, 1226, 1016, 1139, 4770, 3774, 2228, 1380, 2017, 2979, 1695, 5039, 1784, 2137, 2831, 2148, 3504, 2822, 3525, 4230, 3042, 1794, 2880, 3372, 2953, 2717, 2853, 1314, 2090, 3724, 1038, 2241, 3559, 2729, 2085, 331, 2865, 2437, 2230, 4000, 1131, 3478, 1353, 2378, 1530, 5298, 1890, 2340, 3091, 3543, 1933, 4108, 992, 4194, 1008, 1647, 1318, 2835, 1024, 5009, 2394, 1215, 2397, 1934, 2967, 608, 1891, 1939, 6443, 973, 580, 2483, 4055, 1617, 1427, 6316, 2328, 2131, 3582, 941, 1240, 2894, 2805, 3081, 971, 1260, 2095, 3595, 4727, 1331, 2398, 2137, 2883, 2087, 2667, 3200, 1540, 2545, 905, 2619, 2765, 1998, 2631, 2112, 2048, 2323, 1502, 2871, 1383, 2912, 2185)
(2, 7): Mean: 2490.848, median: 2294.0, std: 1238.876, percent: 2423.14, B: 129, W: 121, 
	(2344, 2773, 2796, 2541, 2164, 2605, 3645, 4511, 2280, 3256, 1883, 1651, 2173, 3317, 424, 1445, 1710, 2217, 1804, 1081, 2833, 2217, 2074, 93, 2151, 5090, 3223, 6634, 2345, 2591, 1638, 1481, 1543, 3779, 1358, 2452, 3161, 1678, 2379, 1369, 2644, 2536, 1676, 2541, 1984, 1602, 1363, 2460, 2335, 2603, 1940, 4834, 1907, 2854, 2882, 3028, 6322, 1761, 3484, 1757, 1913, 1280, 3207, 1888, 1819, 789, 2259, 4614, 5327, 1395, 1729, 2381, 1860, 509, 3692, 2153, 3601, 2941, 1083, 3237, 2210, 1728, 2308, 2169, 2216, 2295, 4884, 1881, 1768, 7713, 3303, 1481, 2177, 4526, 2843, 1792, 2659, 487, 1023, 1645, 3536, 4835, 6941, 738, 4787, 1277, 4062, 1710, 3288, 2516, 2236, 4391, 2240, 1751, 3508, 1740, 2608, 1314, 2806, 5006, 1436, 1329, 1290, 2305, 1878, 2536, 2764, 3599, 2673, 2194, 1468, 1570, 759, 2496, 1828, 3298, 1195, 2085, 2405, 3609, 1217, 1097, 1363, 4624, 4304, 2290, 1170, 2423, 2771, 1716, 5249, 1974, 2145, 2921, 2452, 4006, 3057, 2990, 4626, 2778, 1774, 2675, 3270, 3468, 2668, 2602, 1377, 2168, 3199, 938, 2311, 3334, 2484, 2087, 337, 2773, 2359, 2195, 4123, 1117, 3369, 1223, 2399, 1593, 4723, 1932, 2554, 3389, 3796, 1909, 4647, 1038, 3890, 946, 1568, 1405, 2745, 1184, 4858, 2294, 1268, 2121, 1977, 2612, 633, 1810, 1877, 6600, 923, 538, 2743, 3956, 1564, 1512, 6795, 2253, 2251, 3418, 824, 1292, 2640, 2309, 3150, 907, 1292, 2205, 3276, 4804, 1271, 2530, 2294, 2822, 2069, 2546, 3030, 1842, 2499, 835, 2639, 2859, 1989, 2589, 2286, 1989, 2366, 1717, 2572, 1573, 2890, 2047)
(4, 17): Mean: 2477.748, median: 2321.0, std: 1195.764, percent: 2486.06, B: 128, W: 122, 
	(2202, 3073, 2794, 3119, 2132, 2924, 4478, 4417, 2418, 2864, 2363, 1374, 1948, 3439, 403, 1521, 1557, 2072, 1689, 965, 2207, 2145, 2212, 94, 2000, 5019, 3180, 7236, 2478, 2600, 1633, 1409, 1890, 3882, 1309, 2949, 3019, 1664, 2168, 1523, 2573, 2703, 1921, 2820, 2292, 1521, 1267, 2711, 2129, 2423, 1759, 4451, 2173, 2974, 3096, 2820, 6390, 1828, 3573, 1799, 1847, 1333, 3220, 1811, 1837, 985, 2232, 5042, 4915, 1389, 1748, 2306, 1876, 666, 3376, 2411, 3165, 2816, 1116, 3465, 2273, 1603, 2346, 2030, 2113, 2114, 4480, 1914, 1586, 6431, 3680, 1487, 2260, 3998, 2816, 1832, 2328, 404, 1060, 1706, 3053, 4499, 6039, 756, 5319, 1207, 4178, 1812, 3960, 2333, 2703, 3886, 2482, 1931, 3595, 1560, 2546, 1363, 2265, 3983, 1507, 1427, 1490, 2350, 1887, 2348, 2705, 3088, 2517, 1704, 1295, 1627, 880, 2412, 1776, 4096, 1055, 2025, 2559, 3289, 1295, 1019, 1101, 5023, 4055, 2535, 942, 2085, 2640, 1669, 5115, 1744, 2186, 3172, 2333, 4036, 2687, 3722, 3948, 2647, 1622, 2827, 4038, 3106, 2663, 2792, 1376, 1992, 3728, 964, 2473, 3169, 2808, 2055, 310, 2601, 2404, 2468, 4011, 1252, 3183, 1317, 2592, 1538, 4431, 1768, 2259, 3641, 3276, 1968, 4369, 1073, 4628, 1026, 1702, 1383, 2410, 1284, 4874, 2581, 1363, 2477, 1966, 2958, 607, 1647, 1820, 5602, 963, 557, 2863, 3976, 1588, 1472, 6754, 2298, 2410, 3071, 978, 1297, 2932, 2619, 2780, 1037, 1294, 2332, 3604, 4675, 1359, 2590, 2148, 2546, 1958, 2765, 2964, 1671, 2314, 965, 2460, 2289, 2159, 2559, 2094, 1960, 2601, 1672, 2848, 1309, 2825, 2409)
(8, 36): Mean: 2512.992, median: 2311.5, std: 1245.921, percent: 2510.18, B: 126, W: 123, 
	(2228, 3074, 2711, 2884, 2001, 2740, 3828, 3888, 2300, 2970, 2103, 1486, 1886, 3515, 410, 1406, 1471, 2157, 1762, 915, 2657, 2249, 2125, 94, 1854, 5254, 3623, 6265, 2855, 2503, 1680, 1380, 1811, 3127, 1285, 2353, 3721, 1588, 2491, 1203, 2955, 2511, 1852, 2833, 2195, 1504, 1337, 2654, 2357, 2613, 1804, 5077, 1753, 2683, 4008, 3007, 5304, 1696, 3236, 1958, 1862, 1254, 2931, 1771, 1722, 859, 2134, 5395, 5551, 1274, 1824, 2293, 1828, 658, 3277, 2468, 3924, 2828, 1147, 2927, 2359, 1599, 2281, 2116, 2208, 2242, 4014, 2025, 1728, 6426, 3658, 1606, 2135, 3965, 2994, 1878, 2754, 444, 961, 1988, 2726, 5552, 7712, 757, 5269, 1278, 3961, 1719, 3268, 2721, 2616, 4382, 2225, 1693, 3717, 1634, 2507, 1305, 2463, 4484, 1394, 1355, 1498, 2080, 1734, 2354, 2888, 3816, 2482, 1880, 1581, 1552, 822, 2594, 1975, 3472, 1147, 1897, 2603, 2933, 1141, 996, 1223, 4744, 4521, 2318, 1183, 2217, 3106, 1841, 5504, 1926, 2462, 3156, 2348, 3580, 2333, 4234, 4833, 2737, 1623, 2779, 3560, 3194, 2858, 2933, 1595, 1961, 3746, 1126, 2311, 3299, 2654, 1780, 308, 2682, 2762, 2061, 3992, 1292, 3121, 1402, 2502, 1434, 5364, 2084, 2312, 3521, 4059, 1947, 4455, 1284, 4226, 1155, 1886, 1458, 2151, 1231, 5204, 2420, 1344, 2425, 1801, 2828, 567, 2086, 1898, 6004, 945, 480, 2629, 4308, 1399, 1462, 6351, 2723, 2423, 3986, 946, 1200, 2833, 3008, 3427, 995, 1233, 2417, 3471, 5474, 1432, 2469, 2165, 2431, 2282, 3008, 2828, 1613, 2124, 867, 2318, 2566, 2281, 2772, 2225, 2035, 2332, 1474, 3290, 1353, 2730, 2311)
(9, 40): Mean: 2495.572, median: 2311.0, std: 1216.301, percent: 2481.7, B: 127, W: 122, 
	(1983, 2829, 2766, 2777, 2389, 2675, 4769, 4263, 2338, 2752, 2245, 1273, 1859, 3837, 436, 1508, 1564, 2001, 1953, 1021, 2441, 1925, 2163, 93, 1878, 5503, 2971, 7729, 2849, 2760, 1599, 1381, 1620, 3602, 1338, 2360, 3465, 1638, 2441, 1142, 2605, 2655, 1873, 2833, 2013, 1689, 1520, 2703, 2398, 2578, 1764, 5717, 1958, 2891, 3183, 2914, 4954, 1717, 3240, 1951, 1973, 1317, 3635, 1850, 1905, 874, 2296, 4723, 5219, 1416, 1782, 2220, 1857, 596, 2933, 2246, 4298, 3017, 1123, 3975, 2217, 1668, 2549, 2062, 2165, 2382, 3601, 1959, 1607, 7217, 3481, 1475, 2103, 4261, 2963, 1915, 2855, 500, 1058, 1890, 3272, 5117, 6387, 767, 5219, 1275, 4586, 1592, 3636, 2427, 2854, 3394, 2460, 1872, 3973, 1740, 2568, 1283, 2615, 4117, 1304, 1272, 1581, 2367, 1858, 2552, 2599, 3430, 2606, 1773, 1632, 1753, 929, 2495, 1778, 3533, 1173, 2126, 2637, 3201, 1288, 1141, 1202, 4578, 4089, 1937, 1240, 1942, 2850, 1656, 5321, 2010, 2495, 2873, 2494, 3758, 3211, 3254, 4922, 2967, 1691, 2574, 3492, 3275, 2497, 3259, 1488, 2001, 3614, 1118, 2235, 2837, 2547, 2089, 335, 2920, 2488, 2502, 3826, 1127, 3582, 1307, 2542, 1396, 4325, 1984, 2470, 4007, 3072, 1952, 4076, 924, 3761, 1056, 1593, 1327, 2503, 1253, 4631, 2279, 1455, 2278, 2096, 3171, 668, 2006, 1789, 5793, 876, 495, 2743, 4125, 1589, 1447, 6297, 2498, 2264, 3622, 905, 1353, 2715, 2739, 2888, 1111, 1313, 2305, 3957, 4152, 1364, 2317, 1993, 2496, 1944, 2866, 3215, 1748, 2534, 791, 2303, 2669, 2277, 2318, 2258, 1777, 2219, 1662, 2894, 1312, 2958, 1917)
(10, 41): Mean: 2490.952, median: 2281.0, std: 1231.307, percent: 2477.56, B: 127, W: 121, 
	(2110, 2980, 2678, 2578, 1936, 2751, 4019, 4407, 2375, 3098, 2281, 1385, 1979, 3616, 376, 1546, 1460, 2172, 1882, 1082, 2279, 2252, 1958, 92, 1843, 5190, 2753, 7568, 2641, 3303, 1627, 1521, 1598, 3351, 1442, 2958, 3530, 1685, 2329, 1474, 2661, 2523, 1769, 2466, 2054, 1570, 1324, 2281, 2198, 2634, 1917, 4058, 2080, 2948, 3296, 2698, 5207, 1713, 3531, 1951, 1709, 1165, 3776, 2059, 2032, 952, 2240, 4895, 4926, 1372, 2047, 2223, 2021, 682, 3350, 2311, 3250, 3319, 1312, 3614, 2186, 1624, 2261, 1947, 2081, 2166, 4288, 1959, 1845, 7550, 3140, 1522, 2288, 4742, 3008, 1955, 2821, 485, 1105, 1663, 2801, 5368, 6915, 877, 4472, 1303, 4716, 1533, 3723, 2732, 2547, 4398, 2172, 1676, 3814, 1687, 2471, 1256, 2231, 3843, 1429, 1353, 1465, 2334, 2062, 2681, 2495, 3291, 2718, 1753, 1510, 1835, 946, 2385, 1754, 3587, 973, 1954, 2342, 2707, 1165, 1005, 1149, 4423, 4476, 2124, 1383, 2003, 2617, 1942, 4895, 1888, 2488, 2890, 2485, 3289, 2679, 3199, 5156, 2903, 1728, 2543, 3898, 3095, 2918, 2694, 1395, 2013, 3994, 967, 2397, 3942, 2410, 1878, 438, 2885, 2525, 2299, 4179, 1076, 2599, 1208, 2315, 1663, 4329, 1963, 2623, 3686, 3369, 1821, 4937, 1247, 3701, 974, 1509, 1445, 2315, 1419, 4887, 2372, 1240, 2288, 1965, 2910, 573, 1915, 1803, 6068, 934, 542, 2806, 4786, 1549, 1423, 6790, 2174, 2670, 3520, 928, 1267, 2678, 2640, 3264, 975, 1251, 2323, 3284, 4741, 1309, 2461, 2210, 2953, 1867, 2968, 2782, 1460, 2415, 807, 2347, 2784, 2014, 2714, 2134, 1903, 2171, 1837, 2672, 1330, 3215, 2279)
(16, 77): Mean: 2484.392, median: 2311.0, std: 1227.349, percent: 2453.24, B: 129, W: 121, 
	(2405, 2890, 2541, 2737, 1944, 2626, 3715, 4186, 2518, 3003, 2478, 1795, 2150, 3444, 409, 1397, 1601, 2136, 1733, 1132, 2426, 2009, 2214, 89, 1779, 4926, 3015, 8239, 2477, 2842, 1603, 1544, 1682, 3328, 1364, 2349, 3643, 1729, 2478, 1460, 2854, 2474, 1930, 2591, 2132, 1740, 1466, 2990, 2197, 2531, 1935, 4526, 1730, 2548, 3492, 3052, 4980, 2029, 3242, 1717, 2009, 1452, 3275, 1745, 1669, 982, 2281, 3923, 5876, 1368, 1845, 2154, 1798, 537, 3717, 2418, 3652, 2775, 1172, 3333, 2369, 1666, 2408, 2497, 2258, 2486, 4350, 1813, 1830, 7216, 3187, 1564, 2284, 3595, 2975, 1639, 2617, 442, 1068, 1660, 3182, 5524, 5757, 694, 6098, 1183, 4336, 1678, 3540, 2497, 2848, 3886, 2215, 1765, 3351, 1611, 2730, 1330, 2465, 5072, 1479, 1328, 1438, 2125, 1913, 2268, 2610, 3675, 2763, 1830, 1647, 1558, 821, 2361, 1924, 3324, 947, 1992, 2307, 3352, 1155, 1247, 1240, 5231, 4316, 2068, 1106, 1983, 2682, 1765, 5253, 1805, 2417, 2831, 2139, 3737, 2738, 3693, 4522, 3287, 1631, 2758, 3556, 3272, 2451, 2903, 1491, 2125, 3315, 1023, 2315, 3422, 2560, 2071, 375, 2869, 2334, 2233, 4199, 998, 3060, 1145, 2527, 1477, 4927, 1754, 2243, 3450, 3087, 2042, 4895, 1078, 3548, 1022, 1634, 1283, 2869, 1413, 4821, 2416, 1279, 2377, 1974, 2454, 678, 1798, 1985, 6520, 940, 439, 2839, 4286, 1652, 1412, 6106, 2241, 2463, 3577, 943, 1149, 2742, 2621, 3061, 1097, 1456, 1991, 3354, 4412, 1470, 2117, 2100, 2418, 1994, 2910, 3025, 1526, 2355, 821, 2753, 2370, 2304, 2648, 2232, 1841, 2424, 1727, 2804, 1380, 2492, 2213)
(19, 90): Mean: 2509.404, median: 2277.5, std: 1254.927, percent: 2497.16, B: 127, W: 123, 
	(2211, 2981, 3013, 2650, 2029, 2915, 3647, 3959, 2177, 2969, 2105, 1694, 2052, 3442, 405, 1292, 1558, 2161, 1548, 996, 2605, 2112, 2298, 96, 1983, 4836, 3684, 8690, 2424, 2568, 1579, 1456, 1718, 3422, 1349, 2953, 3651, 1509, 2513, 1391, 2646, 2427, 1959, 2831, 2177, 1618, 1309, 2674, 2175, 2578, 1731, 4689, 1913, 2716, 3367, 2598, 6518, 1513, 3614, 1858, 1897, 1311, 3598, 1611, 1897, 947, 2282, 4744, 4925, 1334, 1778, 2123, 2168, 639, 3947, 2184, 3853, 2870, 1258, 3719, 2093, 1719, 2329, 2272, 2214, 3015, 4563, 1881, 1811, 7149, 3611, 1505, 2021, 3852, 2750, 1945, 3203, 554, 1051, 1959, 3508, 5315, 6781, 807, 5136, 1253, 5036, 1664, 3646, 2554, 2283, 3738, 2079, 1678, 3726, 1674, 2384, 1296, 2583, 4319, 1418, 1382, 1317, 1984, 1862, 2112, 2443, 3537, 3013, 1448, 1383, 1786, 762, 2552, 1653, 3247, 1320, 2350, 2473, 2869, 1119, 1071, 1073, 4446, 4294, 2343, 1266, 2116, 2858, 1788, 5057, 1923, 2105, 2844, 2616, 3500, 2491, 3761, 4138, 3029, 1691, 3015, 3316, 3145, 2692, 3011, 1424, 2108, 4173, 1142, 2096, 3308, 2790, 2101, 253, 2826, 2275, 2237, 3870, 1180, 3094, 1253, 2255, 1570, 4601, 1984, 2461, 3258, 3166, 1992, 3896, 1091, 4580, 966, 1507, 1589, 2436, 1331, 4705, 2347, 1277, 2272, 2436, 3047, 723, 2013, 2049, 6169, 981, 579, 2589, 4882, 1602, 1320, 6406, 2080, 2361, 3356, 954, 1415, 2589, 2634, 2826, 1041, 1249, 2334, 3335, 5464, 1438, 2288, 2214, 2476, 2103, 2912, 3061, 1699, 2383, 939, 2795, 3324, 2146, 2731, 2654, 1823, 2234, 1684, 2754, 1411, 2941, 2280)
(20, 91): Mean: 2497.792, median: 2332.5, std: 1207.438, percent: 2521.94, B: 125, W: 124, 
	(2230, 3130, 2755, 2897, 2176, 3736, 3924, 3758, 2614, 2882, 2056, 1345, 1750, 3357, 363, 1439, 1420, 2339, 1868, 1064, 2697, 1881, 2170, 98, 1844, 4830, 2965, 7575, 2621, 2610, 1573, 1473, 1715, 2953, 1286, 2731, 3458, 1642, 2315, 1220, 2949, 2416, 1720, 2401, 2119, 1638, 1402, 2802, 2154, 2409, 2090, 4363, 1793, 2886, 3464, 2962, 4985, 1712, 3307, 1722, 2159, 1152, 3201, 1724, 1771, 918, 2057, 4623, 4779, 1362, 1658, 2332, 1850, 620, 2804, 2297, 3803, 2792, 1228, 3674, 2111, 1665, 2458, 2076, 2378, 2498, 4308, 2083, 1592, 6102, 3325, 1409, 2260, 4174, 2925, 1855, 2644, 535, 952, 1670, 3028, 5413, 7035, 785, 5532, 1205, 3981, 1781, 3794, 2758, 2406, 3568, 2139, 1910, 3800, 1753, 2386, 1222, 2704, 4350, 1418, 1364, 1616, 2502, 1875, 2511, 2705, 3654, 2581, 1884, 1599, 1632, 800, 2217, 1942, 3338, 1167, 2018, 2486, 3773, 1245, 1114, 1384, 4689, 4051, 2297, 1410, 2199, 3075, 1952, 4670, 1822, 2336, 3202, 2232, 3469, 2812, 3278, 5666, 3061, 1664, 2941, 3788, 3263, 2826, 2719, 1376, 2078, 3643, 1006, 2181, 3840, 2610, 1961, 341, 3310, 2511, 1885, 3612, 1157, 3661, 1233, 2625, 1438, 4538, 2065, 2650, 3739, 3289, 2017, 4595, 1100, 3741, 1168, 1629, 1459, 2743, 1090, 5194, 2281, 1271, 2389, 1926, 3188, 725, 1778, 2030, 6393, 938, 466, 2661, 4704, 1664, 1472, 6171, 2502, 2353, 3661, 1062, 1205, 2854, 2639, 3547, 939, 1248, 2096, 3420, 4599, 1463, 2464, 2116, 2333, 1861, 2948, 3082, 1744, 2502, 836, 2642, 2617, 2201, 2491, 2458, 1852, 2399, 1597, 2985, 1341, 3008, 2166)
(21, 93): Mean: 2499.54, median: 2280.0, std: 1250.507, percent: 2505.3, B: 131, W: 118, 
	(2026, 3330, 2642, 2768, 2398, 2993, 4023, 4198, 2083, 2936, 2112, 1573, 1877, 3598, 355, 1435, 1380, 1958, 1866, 1049, 2681, 1860, 2253, 94, 2126, 5467, 2944, 7773, 2223, 3074, 1761, 1328, 1849, 3239, 1338, 2497, 3190, 1647, 2353, 1404, 2550, 2482, 1712, 2679, 2074, 1546, 1292, 2528, 2065, 2849, 1602, 4558, 1923, 2560, 3645, 2661, 4821, 1630, 3865, 2021, 1997, 1168, 3247, 1648, 1821, 960, 2317, 4303, 5290, 1412, 1856, 2445, 1977, 693, 3155, 2287, 3437, 2735, 1301, 4276, 2162, 1568, 2116, 2113, 2235, 2729, 4087, 1924, 1990, 6994, 3109, 1463, 2237, 4344, 2695, 1847, 2671, 543, 1175, 1594, 3605, 5794, 7563, 806, 4959, 1156, 4304, 1680, 4231, 2550, 2788, 4117, 2330, 1763, 3626, 1730, 2374, 1302, 2505, 4531, 1416, 1393, 1339, 2476, 1849, 2433, 2561, 4027, 2615, 1891, 1368, 1516, 760, 2458, 1830, 3693, 1164, 1945, 2518, 3162, 1121, 1179, 1187, 4480, 4603, 2072, 1443, 1954, 2619, 2217, 4069, 1808, 1859, 3036, 2250, 4098, 2380, 3491, 4392, 3151, 1646, 2481, 3046, 3075, 2783, 2937, 1436, 1953, 4039, 966, 2021, 3293, 2669, 1831, 230, 2767, 2450, 2439, 4320, 1068, 3549, 1196, 2522, 1486, 4327, 1934, 2374, 3293, 3092, 2048, 5570, 1232, 4085, 827, 1708, 1458, 2629, 1128, 6291, 2597, 1235, 2336, 1883, 2915, 654, 1876, 2014, 6103, 911, 516, 2635, 4808, 1812, 1418, 5634, 2722, 2201, 3923, 1002, 1228, 2911, 2658, 3193, 1006, 1326, 1983, 3326, 4417, 1486, 2630, 2273, 2270, 1933, 3082, 2526, 1588, 2495, 903, 2495, 2777, 1995, 2559, 2221, 1985, 2542, 1715, 3226, 1405, 3008, 2107)
(22, 96): Mean: 2490.408, median: 2257.0, std: 1228.87, percent: 2490.52, B: 125, W: 124, 
	(2130, 3186, 2761, 2624, 2037, 3016, 4461, 4522, 2592, 2583, 2061, 1485, 1846, 3244, 421, 1277, 1502, 2166, 1880, 974, 2568, 2087, 2204, 91, 1803, 5558, 3003, 7382, 2606, 2689, 1715, 1469, 1775, 3758, 1338, 2491, 3332, 1631, 2342, 1264, 2595, 2527, 1812, 2632, 1903, 1550, 1422, 2742, 2210, 3029, 1740, 4052, 1836, 2853, 2944, 2694, 4763, 1974, 4279, 1930, 2274, 1282, 2996, 1621, 1782, 870, 2224, 4372, 4401, 1384, 1795, 2291, 1919, 740, 3481, 2275, 3205, 2779, 1165, 4130, 2398, 1587, 2311, 2040, 1967, 2330, 4608, 2172, 1685, 7558, 2815, 1480, 2203, 3941, 2745, 1841, 3017, 572, 1130, 1757, 3259, 5875, 6788, 831, 5459, 1057, 4327, 1849, 4155, 2516, 2856, 4334, 2189, 1751, 3330, 1613, 2118, 1286, 2190, 4131, 1501, 1301, 1363, 2419, 1928, 2407, 2976, 3634, 2801, 1809, 1621, 1618, 780, 2505, 1914, 3098, 1134, 1777, 2272, 3204, 1192, 1047, 1275, 4555, 4823, 2135, 1170, 2313, 2823, 2008, 4857, 1520, 1993, 3140, 2615, 3735, 2483, 3594, 5025, 3470, 1707, 3010, 3123, 2909, 2765, 2873, 1576, 2073, 3676, 1114, 2081, 3439, 2588, 2107, 382, 3127, 2455, 2098, 4335, 1083, 3649, 1314, 2058, 1743, 4731, 1956, 2367, 3534, 3954, 1888, 4132, 1135, 3715, 1142, 1642, 1509, 2563, 1042, 5504, 2498, 1174, 2182, 1791, 2809, 701, 2008, 1943, 6025, 913, 439, 2577, 4555, 1596, 1589, 5975, 2454, 2242, 3818, 1031, 1325, 2863, 2694, 3070, 989, 1297, 2212, 3102, 4563, 1231, 2185, 2176, 2548, 1979, 2564, 2853, 1597, 2716, 867, 2300, 2776, 2319, 2528, 2288, 1777, 2178, 1906, 2729, 1432, 2658, 2208)
(25, 112): Mean: 2509.68, median: 2330.5, std: 1278.364, percent: 2442.46, B: 135, W: 114, 
	(1977, 3397, 2770, 2787, 2013, 2747, 3907, 3928, 2322, 2722, 2029, 1445, 1838, 3182, 423, 1418, 1549, 2218, 1778, 1021, 2928, 1930, 2234, 90, 1772, 6006, 2766, 7924, 2734, 2786, 1817, 1429, 1681, 3275, 1479, 2745, 3176, 1486, 2263, 1360, 2843, 2499, 1858, 2888, 2454, 1521, 1283, 2831, 2341, 2779, 1578, 4315, 1823, 2801, 3107, 2853, 6680, 1963, 3497, 1844, 2040, 1194, 2974, 1693, 1786, 983, 2362, 4091, 4363, 1462, 1810, 2233, 2015, 573, 3311, 2220, 3736, 2643, 1092, 3750, 2699, 1514, 2144, 2092, 2624, 2452, 5802, 1922, 1624, 8458, 3767, 1608, 2179, 4304, 2794, 1886, 2985, 450, 947, 1817, 2921, 5484, 7230, 874, 5398, 1222, 4677, 1710, 3329, 2602, 2866, 4246, 2066, 1722, 3694, 1723, 2339, 1249, 2604, 4524, 1442, 1488, 1294, 2498, 1875, 2759, 2536, 3740, 2832, 1597, 1683, 1632, 968, 2162, 1744, 3312, 949, 1884, 2190, 3150, 1152, 971, 1279, 4575, 4200, 2076, 1419, 2159, 2616, 2094, 4772, 1475, 1934, 2720, 2532, 3277, 2400, 3872, 4311, 2700, 1855, 2824, 3613, 3376, 3049, 2802, 1676, 1998, 3387, 1010, 1946, 2984, 2432, 1991, 259, 3066, 2403, 2161, 3724, 1103, 3298, 1211, 2798, 1698, 4564, 1893, 2661, 3546, 3834, 2052, 4763, 1150, 4359, 1126, 1681, 1471, 3009, 1308, 5495, 2820, 1341, 2400, 1992, 3283, 701, 1964, 1765, 5773, 905, 538, 2373, 4273, 1580, 1512, 6287, 2209, 2238, 3450, 1033, 1201, 2833, 3013, 2916, 845, 1229, 2118, 2912, 4815, 1412, 2370, 2167, 2482, 1946, 2644, 2906, 1575, 2522, 761, 2725, 2685, 2059, 2513, 2593, 1892, 2414, 1917, 3289, 1316, 2681, 2398)
(27, 119): Mean: 2485.788, median: 2297.0, std: 1229.182, percent: 2468.26, B: 129, W: 121, 
	(2224, 2816, 2355, 2786, 1924, 3008, 4212, 4068, 2315, 3040, 2110, 1494, 2073, 3846, 370, 1264, 1573, 2254, 1795, 1008, 2779, 2136, 2098, 103, 1688, 5281, 2888, 7113, 2721, 2668, 1656, 1362, 2292, 3420, 1313, 2438, 3112, 1648, 2596, 1170, 2682, 2357, 1748, 2441, 1966, 1542, 1303, 2641, 2056, 2114, 1739, 4475, 1763, 2651, 3230, 2902, 5240, 1813, 3797, 1923, 2109, 1152, 3193, 1634, 1722, 845, 2243, 4450, 4476, 1518, 1690, 2371, 1932, 560, 3286, 2408, 3783, 2502, 1087, 3516, 2310, 1523, 2173, 2194, 2130, 2424, 4971, 1966, 1793, 7960, 3848, 1532, 2311, 4483, 2944, 1962, 2851, 409, 950, 1778, 2834, 5160, 7003, 761, 5896, 1150, 3839, 1714, 3827, 2403, 3033, 3852, 2233, 1775, 3299, 1766, 2175, 1188, 2394, 5012, 1540, 1432, 1348, 2464, 1813, 2628, 2852, 3371, 2444, 1749, 1707, 1828, 795, 2308, 1846, 3049, 1231, 1876, 2302, 3074, 1245, 1215, 1079, 3997, 3741, 2119, 1400, 2098, 2725, 1586, 5094, 1694, 2069, 3342, 2198, 3725, 2676, 3242, 4499, 3081, 1800, 2480, 3565, 3360, 2445, 2790, 1330, 2152, 3723, 965, 2023, 3672, 2563, 2130, 276, 2992, 2542, 1997, 4005, 1120, 3754, 1341, 2710, 1564, 4778, 2074, 2382, 3339, 3249, 2346, 4756, 922, 3786, 1133, 1526, 1368, 2821, 1021, 5238, 2534, 1196, 2223, 1919, 2924, 639, 2006, 2124, 6030, 923, 479, 2962, 4673, 1626, 1406, 5172, 2446, 2648, 3291, 790, 1238, 2633, 2934, 3243, 864, 1226, 3593, 3091, 5100, 1508, 2344, 2243, 2891, 1972, 2684, 2987, 1654, 2732, 801, 2403, 2834, 2154, 2848, 2048, 2046, 2202, 1618, 2998, 1456, 2652, 2216)
(28, 125): Mean: 2479.068, median: 2240.0, std: 1218.197, percent: 2452.1, B: 125, W: 124, 
	(2170, 3086, 2679, 2771, 1995, 3136, 4064, 3707, 2307, 3067, 1970, 1563, 2209, 3517, 368, 1365, 1490, 2002, 1678, 990, 2442, 2229, 2311, 94, 1859, 5201, 2849, 6735, 2822, 2956, 1706, 1495, 1629, 3440, 1410, 3043, 3847, 1558, 2233, 1256, 2562, 2439, 1893, 2970, 1898, 1662, 1395, 2488, 2103, 2479, 1890, 4599, 1857, 2555, 3037, 2583, 6828, 1907, 3212, 1973, 1921, 1204, 2650, 1875, 1743, 860, 2053, 4060, 5570, 1428, 1829, 2119, 1886, 634, 3158, 2405, 4365, 2625, 1201, 3152, 2315, 1564, 2262, 2106, 2375, 2319, 4757, 1993, 1855, 6928, 4077, 1507, 2169, 4329, 3003, 2007, 2476, 477, 938, 1869, 2942, 4976, 6567, 773, 5026, 1321, 4237, 1841, 3366, 2349, 2630, 4432, 2109, 1869, 3391, 1686, 2305, 1250, 2207, 4530, 1384, 1314, 1348, 2432, 1725, 2551, 2384, 3706, 2422, 1622, 1705, 1476, 780, 2354, 1770, 2996, 978, 2244, 2330, 3647, 1120, 1071, 1161, 4888, 4506, 2127, 1285, 2085, 3063, 2224, 5639, 1872, 2092, 2996, 2207, 3545, 2893, 3550, 5021, 2966, 1674, 2859, 3242, 4033, 2855, 3349, 1360, 1865, 3245, 1084, 1984, 3859, 2372, 2184, 262, 3048, 2412, 1857, 4324, 1127, 3197, 1372, 2497, 1590, 3911, 1804, 2451, 3321, 3453, 1861, 4343, 1138, 4235, 1084, 1742, 1376, 2279, 1122, 4266, 2496, 1175, 2236, 1818, 2950, 708, 1990, 1895, 5564, 871, 528, 2782, 4302, 1621, 1409, 6175, 2148, 2358, 3570, 896, 1241, 2409, 2710, 3168, 994, 1272, 2248, 3349, 4539, 1488, 2222, 2380, 2923, 2113, 3253, 2790, 1620, 2425, 780, 2461, 2855, 2085, 3024, 2223, 2022, 2065, 1829, 2909, 1511, 2515, 1886)
(30, 133): Mean: 2473.8, median: 2238.5, std: 1223.073, percent: 2529.06, B: 131, W: 119, 
	(2089, 3271, 2540, 3065, 2156, 2793, 4623, 4181, 2192, 2879, 2238, 1549, 1871, 3694, 365, 1457, 1460, 2101, 1864, 1087, 2301, 2172, 2068, 101, 2019, 5408, 2756, 5622, 2652, 2862, 1586, 1433, 1894, 3635, 1371, 2416, 3318, 1583, 2200, 1093, 2830, 2585, 1612, 2430, 2122, 1625, 1247, 2432, 2053, 2525, 1780, 4696, 1822, 2643, 2966, 2657, 5085, 1697, 3232, 1955, 1855, 1214, 2840, 1864, 1786, 822, 2341, 4275, 6196, 1422, 1748, 2640, 1778, 608, 3223, 2282, 3984, 2726, 1135, 4295, 2284, 1720, 2057, 2302, 2124, 2238, 4700, 1901, 1663, 7588, 3653, 1434, 2173, 4258, 2736, 1880, 2414, 544, 985, 1769, 3054, 5587, 7206, 715, 5674, 1126, 4125, 1779, 3623, 2710, 2370, 3908, 2225, 1681, 3103, 1750, 2219, 1269, 2477, 4409, 1525, 1447, 1139, 2204, 1888, 2522, 2685, 3400, 2916, 1676, 1527, 1327, 769, 2342, 1841, 3236, 1188, 1736, 2282, 2998, 1160, 911, 1191, 4413, 3810, 2142, 1294, 2196, 2645, 1687, 5548, 1713, 1874, 2947, 2183, 3411, 2416, 3818, 5045, 3189, 1582, 2867, 3447, 3701, 2629, 2950, 1531, 2032, 3724, 995, 2105, 3336, 2497, 2006, 384, 3201, 2653, 2177, 4021, 1323, 3916, 1565, 2270, 1543, 4993, 2101, 2634, 4070, 3657, 1849, 4086, 1070, 4327, 958, 1411, 1437, 3316, 1204, 4901, 2562, 1310, 2308, 1944, 3045, 645, 1833, 1920, 5297, 910, 483, 2812, 4727, 1669, 1504, 5209, 2400, 2557, 3539, 912, 1149, 2436, 2728, 2853, 947, 1253, 2444, 3351, 4446, 1392, 2253, 2239, 2505, 1844, 2525, 2945, 1590, 2748, 929, 2261, 2775, 2121, 2503, 2027, 1886, 2354, 1775, 2792, 1548, 3018, 2091)
(32, 144): Mean: 2463.336, median: 2203.5, std: 1215.123, percent: 2479.4, B: 130, W: 120, 
	(2148, 3455, 2474, 2993, 1933, 3120, 3579, 4457, 2164, 2797, 2007, 1444, 2015, 3854, 479, 1322, 1421, 2048, 1691, 1069, 2179, 2063, 1859, 92, 1955, 4994, 3116, 7379, 2421, 2613, 1491, 1379, 1816, 3607, 1401, 2312, 3375, 1534, 2328, 1318, 2427, 2639, 1743, 2665, 2112, 1598, 1233, 2525, 2445, 2358, 1646, 4131, 1923, 2779, 3218, 2508, 5668, 1771, 3184, 1826, 2479, 1301, 3138, 1779, 1622, 849, 2058, 4404, 5024, 1466, 1856, 2153, 1897, 718, 2996, 2084, 3362, 2688, 1126, 3953, 2434, 1648, 2382, 2147, 2268, 2130, 4138, 1882, 1530, 5602, 3845, 1615, 2279, 3355, 2722, 1855, 2418, 444, 1027, 1757, 3040, 5957, 7899, 855, 4724, 1256, 4134, 1747, 3867, 2561, 2860, 4711, 2055, 1644, 3568, 1545, 2407, 1356, 2257, 4034, 1449, 1332, 1331, 2645, 1933, 2583, 2507, 3173, 2346, 1819, 1628, 1729, 801, 2192, 1739, 3683, 1068, 1993, 2480, 3700, 1298, 990, 1344, 4210, 4343, 2160, 1315, 2215, 2758, 2056, 4475, 1930, 2010, 3397, 2216, 3807, 2696, 3500, 4459, 2728, 1573, 2634, 3346, 3775, 2863, 2990, 1438, 2178, 4548, 1070, 2124, 3663, 2369, 1892, 361, 2866, 2287, 2048, 4093, 1278, 3350, 1352, 2391, 1582, 4337, 1761, 2619, 3561, 3390, 1940, 4386, 1122, 4181, 1177, 1681, 1461, 2612, 1152, 4938, 2283, 1285, 2287, 1959, 2860, 622, 1729, 1854, 6688, 918, 513, 2367, 4391, 1537, 1386, 6252, 2154, 2175, 3755, 971, 1268, 2804, 2776, 3351, 906, 1299, 2190, 3081, 4508, 1438, 2174, 2030, 2698, 2068, 3094, 2864, 1599, 2525, 855, 2397, 2484, 2144, 2659, 2242, 1917, 2324, 1687, 3133, 1245, 2568, 2084)
(33, 147): Mean: 2473.912, median: 2231.0, std: 1240.716, percent: 2492.36, B: 126, W: 124, 
	(2330, 3207, 2935, 2593, 2304, 2612, 3769, 4265, 2272, 2925, 2002, 1429, 1997, 3427, 381, 1444, 1547, 1876, 1657, 1045, 2463, 2215, 2236, 91, 1738, 6127, 3016, 6326, 2501, 2814, 1753, 1512, 1499, 3118, 1338, 2462, 3149, 1644, 2002, 1282, 2765, 2588, 1623, 2686, 1941, 1838, 1420, 2555, 2250, 2475, 1648, 4626, 1775, 2796, 3198, 2672, 6176, 1790, 3991, 2004, 2125, 1286, 3563, 1728, 1710, 834, 2407, 4105, 4696, 1479, 1704, 2224, 1767, 545, 3276, 2212, 3609, 2508, 1177, 4185, 2156, 1522, 2072, 2188, 2109, 2396, 4016, 1920, 1474, 6876, 3735, 1485, 2100, 4015, 3068, 1877, 2575, 426, 1266, 1810, 3336, 4901, 7809, 805, 4595, 1166, 4640, 1697, 3807, 2464, 2520, 4243, 2353, 1804, 3918, 1671, 2258, 1122, 2404, 4436, 1350, 1279, 1357, 2439, 1979, 2547, 2453, 3683, 2389, 1783, 1623, 1420, 815, 2097, 1783, 3621, 1104, 2008, 2187, 3325, 1240, 1108, 1208, 4921, 4549, 2061, 1136, 1961, 2826, 1731, 5316, 1821, 2072, 3531, 2098, 3475, 2539, 3546, 4785, 3056, 1606, 3017, 3550, 3820, 2637, 3292, 1484, 2226, 3699, 1126, 2036, 3086, 2497, 1883, 240, 2819, 2244, 2197, 3759, 1192, 3481, 1274, 2438, 1341, 4587, 1826, 2140, 3320, 2987, 1988, 5071, 1316, 5348, 1053, 1498, 1377, 2542, 1022, 5811, 2468, 1254, 2659, 1800, 2898, 666, 1957, 1804, 5480, 839, 525, 2699, 4638, 1587, 1398, 5536, 2288, 2444, 3703, 893, 1357, 2559, 2545, 2926, 897, 1236, 2106, 3516, 4126, 1410, 2223, 2141, 2488, 1890, 2649, 3230, 1603, 2596, 909, 2713, 2550, 1981, 2504, 2257, 1922, 2297, 1849, 2761, 1409, 2951, 1994)
(34, 150): Mean: 2475.68, median: 2242.5, std: 1252.733, percent: 2485.48, B: 132, W: 118, 
	(2245, 2844, 2436, 2972, 2239, 2614, 4614, 4181, 2254, 2558, 1910, 1493, 1969, 3708, 444, 1360, 1493, 2328, 1611, 1031, 2418, 2019, 2157, 100, 1844, 6827, 3457, 7441, 2864, 2859, 1797, 1373, 1775, 3432, 1442, 2540, 3544, 1613, 2258, 1159, 2663, 2545, 1708, 2525, 1795, 1590, 1291, 2746, 1974, 2116, 1963, 4307, 2060, 2889, 3242, 2387, 6312, 1936, 3518, 1846, 2240, 1231, 3488, 1825, 1764, 843, 2396, 4225, 4594, 1392, 1769, 2429, 1895, 559, 3603, 2233, 3589, 2924, 1158, 3564, 2272, 1508, 2271, 1921, 2063, 2488, 4391, 1796, 1664, 6082, 4150, 1514, 2192, 3315, 2832, 1826, 2563, 569, 1096, 1650, 3281, 5563, 7262, 779, 5255, 1215, 4710, 1586, 3526, 2645, 3029, 3766, 2283, 1624, 3651, 1557, 2028, 1171, 2587, 3473, 1641, 1304, 1322, 2347, 1710, 2605, 2183, 4147, 2629, 1681, 1557, 1478, 749, 2227, 1715, 2940, 1080, 1978, 2214, 2852, 1151, 1015, 1119, 5100, 3879, 2126, 1219, 2086, 2628, 1709, 4440, 1702, 2005, 3254, 2297, 3452, 2573, 3760, 4467, 2957, 1679, 2946, 3753, 3767, 2551, 2926, 1410, 2153, 4426, 927, 2246, 3025, 2794, 1784, 457, 2640, 2496, 2082, 4339, 1170, 3542, 1230, 2521, 1521, 5803, 1817, 2430, 3487, 3810, 1858, 3734, 1197, 4334, 1017, 1514, 1381, 2536, 1110, 5149, 2683, 1116, 2041, 1930, 2992, 542, 1802, 1833, 5589, 897, 515, 2645, 4321, 1525, 1442, 5769, 2355, 2212, 3672, 967, 1083, 2792, 2614, 3262, 981, 1224, 2036, 3776, 5114, 1386, 2368, 2063, 3043, 2051, 2738, 2643, 1695, 2484, 738, 2334, 2596, 1965, 2794, 2119, 1990, 2171, 1834, 3208, 1487, 2841, 2271)
(35, 155): Mean: 2481.004, median: 2282.5, std: 1246.813, percent: 2481.46, B: 128, W: 121, 
	(2137, 2839, 2585, 2836, 2159, 3176, 5221, 3786, 2329, 2716, 2097, 1293, 2079, 3542, 407, 1469, 1548, 2096, 1759, 1024, 2353, 1874, 2230, 100, 1827, 5308, 3578, 7755, 2692, 2958, 1609, 1542, 2006, 3387, 1355, 2670, 3265, 1698, 2124, 1387, 2541, 2154, 1799, 2494, 2095, 1438, 1228, 2475, 2543, 2396, 1938, 4170, 1785, 3072, 2985, 2292, 5628, 1571, 3676, 2015, 2270, 1262, 3423, 1711, 1603, 795, 2324, 3714, 4574, 1421, 1707, 2504, 1830, 566, 3497, 2336, 3662, 2391, 1140, 3581, 2333, 1501, 2268, 2298, 2668, 2198, 4287, 1860, 1598, 7270, 3876, 1453, 2367, 4564, 2663, 1761, 2472, 456, 1015, 1909, 2695, 6752, 6434, 844, 4965, 1106, 3803, 1697, 3305, 2676, 2647, 3768, 2069, 1679, 3438, 1642, 2518, 1195, 2120, 4952, 1439, 1292, 1257, 2330, 1858, 2591, 2355, 3549, 2495, 1678, 1684, 1507, 923, 2317, 1808, 3363, 1084, 2121, 2093, 2776, 1132, 1062, 1120, 4523, 4048, 2299, 1181, 2021, 2933, 2273, 4275, 1733, 1922, 3101, 2317, 3886, 2833, 3491, 4615, 3182, 1599, 2686, 3803, 3793, 2699, 2909, 1564, 2058, 4175, 1146, 2163, 3354, 2218, 1967, 263, 2878, 2307, 2175, 4365, 1134, 3390, 1173, 2652, 1546, 4610, 1869, 2539, 3537, 3331, 2010, 4201, 1117, 3636, 1214, 1586, 1371, 2924, 1108, 5816, 2449, 1413, 1996, 1776, 2736, 637, 1875, 1934, 5569, 890, 532, 2903, 4591, 1578, 1438, 6814, 2594, 2123, 3738, 901, 1230, 2555, 2622, 3425, 897, 1398, 1977, 3745, 4543, 1343, 2487, 2045, 2831, 2112, 3271, 2791, 1702, 2535, 747, 2872, 2901, 1963, 2484, 2553, 1837, 2220, 1600, 2887, 1355, 2763, 2176)
(36, 158): Mean: 2493.436, median: 2250.5, std: 1276.544, percent: 2458.36, B: 125, W: 124, 
	(2223, 3203, 2798, 2810, 2275, 2729, 3705, 3843, 2154, 2702, 1995, 1465, 2214, 3649, 446, 1443, 1504, 2241, 1724, 944, 2314, 2160, 2179, 92, 2086, 6422, 3517, 7722, 2612, 2851, 1643, 1440, 1670, 3557, 1232, 2632, 3225, 1778, 2028, 1273, 2765, 2681, 1823, 2969, 2263, 1543, 1238, 2903, 2114, 2679, 1877, 3921, 1961, 3188, 3901, 3109, 4760, 1799, 3315, 1902, 2034, 1086, 3361, 1935, 1754, 864, 2082, 4242, 4647, 1408, 1715, 2385, 1911, 590, 3195, 2160, 4064, 2327, 1068, 3117, 2370, 1507, 2324, 2021, 2004, 2280, 3530, 1924, 1621, 6325, 3952, 1485, 2156, 4354, 2803, 1908, 2492, 392, 1056, 1838, 2883, 5637, 8569, 808, 4313, 1073, 4356, 1796, 3623, 2611, 2507, 4569, 1999, 1725, 3733, 1681, 2076, 1259, 2500, 4952, 1438, 1256, 1293, 2361, 1945, 2260, 2590, 3481, 2569, 1728, 1592, 1447, 690, 2205, 1793, 2965, 995, 2002, 2363, 2950, 1256, 1174, 1159, 5194, 4402, 2412, 1139, 2072, 2468, 2218, 5495, 1772, 1662, 3322, 2165, 3622, 2403, 4308, 5081, 3239, 1555, 2464, 3908, 3426, 2953, 2817, 1357, 2072, 4222, 1071, 2057, 3496, 2687, 1948, 404, 2916, 2360, 1961, 3729, 1114, 3510, 1262, 2377, 1593, 4501, 1888, 2417, 4113, 3261, 1946, 4281, 1078, 3947, 1119, 1680, 1377, 2832, 1264, 5343, 2479, 1309, 2589, 1997, 3123, 609, 1892, 1835, 6234, 937, 573, 2688, 4410, 1527, 1433, 6301, 2348, 2475, 3476, 873, 1178, 2756, 3027, 3395, 941, 1223, 2155, 3117, 5479, 1366, 2321, 2189, 2553, 1986, 2721, 2710, 1590, 2492, 836, 2713, 2603, 1933, 2655, 2158, 2137, 2638, 1801, 2731, 1178, 2811, 1898)
(37, 159): Mean: 2412.628, median: 2202.5, std: 1166.615, percent: 2407.54, B: 148, W: 101, 
	(2108, 3097, 2758, 2889, 1968, 3352, 4202, 4307, 2122, 2734, 2073, 1228, 1929, 3653, 373, 1447, 1424, 2376, 2158, 917, 2146, 1978, 2183, 91, 1799, 5134, 2774, 6310, 2603, 2464, 1851, 1358, 1865, 3320, 1367, 2304, 3138, 1503, 2159, 1164, 2737, 2532, 1592, 2439, 2074, 1563, 1207, 2472, 2254, 2202, 1892, 4180, 2217, 2979, 2982, 2699, 5466, 1460, 3344, 1792, 1815, 1226, 3226, 1670, 1742, 866, 2074, 4222, 4155, 1392, 1621, 2355, 1921, 550, 3383, 2297, 3428, 2559, 1329, 3157, 2054, 1666, 2183, 1966, 2129, 2434, 3596, 2118, 1631, 6791, 3455, 1489, 2056, 4196, 2385, 1768, 2556, 424, 1025, 1863, 3028, 5392, 5881, 736, 4847, 1160, 4140, 1524, 4409, 2415, 2504, 3944, 1971, 1861, 3779, 1606, 2317, 1281, 2555, 4616, 1474, 1237, 1298, 2299, 2098, 2830, 2555, 3594, 2203, 1542, 1548, 1538, 775, 2187, 1764, 2901, 956, 2108, 2163, 2944, 1187, 864, 1072, 4032, 4474, 2202, 1205, 2012, 2591, 2004, 4925, 1647, 1871, 2866, 2377, 3961, 2474, 3429, 4767, 2927, 1684, 2938, 3425, 3908, 2547, 2877, 1413, 2243, 3497, 914, 2115, 3236, 2545, 2060, 320, 2741, 2462, 1967, 4464, 1042, 2982, 1174, 2353, 2438, 4257, 1834, 2354, 3510, 2933, 1927, 4241, 1140, 4011, 1090, 1435, 1441, 2598, 1019, 5087, 2444, 1239, 2178, 1762, 2791, 650, 2156, 1794, 5116, 935, 499, 2843, 5178, 1614, 1246, 6275, 2255, 2028, 3449, 1002, 1327, 2688, 2736, 3507, 941, 1308, 2075, 3720, 4509, 1406, 2383, 2341, 2696, 1732, 2446, 2243, 1671, 2242, 854, 2324, 2551, 1960, 2883, 1804, 1915, 2282, 1589, 2767, 1446, 2576, 2210)
(38, 160): Mean: 2393.6, median: 2192.0, std: 1159.929, percent: 2398.52, B: 132, W: 117, 
	(2025, 2716, 2509, 2667, 1923, 3043, 4039, 4055, 2244, 2875, 1881, 1311, 2011, 3484, 334, 1296, 1402, 2127, 1863, 891, 2663, 1987, 2144, 97, 1849, 5556, 2651, 8145, 2841, 2371, 1502, 1379, 1869, 3126, 1332, 2680, 3344, 1529, 2100, 1271, 2845, 2612, 1662, 2241, 2073, 1599, 1330, 2526, 2389, 2144, 1650, 4076, 2068, 2504, 3071, 2705, 4683, 1650, 3164, 1782, 1859, 1216, 3464, 1809, 1683, 882, 2043, 4314, 4609, 1585, 1704, 2466, 1726, 621, 3111, 2233, 3399, 2578, 1181, 3420, 2198, 1731, 2487, 2156, 1938, 2027, 3890, 1758, 1750, 6168, 3222, 1504, 1971, 3649, 2518, 1978, 2749, 474, 1030, 1588, 2873, 5584, 5542, 800, 4371, 1135, 3981, 1761, 4097, 2425, 2592, 4039, 2264, 1629, 3449, 1567, 2169, 1220, 2473, 4913, 1386, 1142, 1329, 2478, 1922, 2367, 2498, 3577, 2284, 1630, 1495, 1408, 756, 2137, 1994, 3280, 1242, 1783, 2140, 3363, 1194, 841, 1101, 4140, 4142, 2186, 1082, 2236, 2472, 1792, 4062, 1945, 1843, 3103, 2452, 3745, 2494, 3670, 4383, 2778, 1440, 2679, 3871, 3572, 2645, 2507, 1401, 1997, 3655, 968, 2184, 3108, 2362, 1875, 278, 2699, 2157, 2158, 3815, 1099, 3142, 1162, 2302, 1612, 4679, 1991, 2206, 3595, 2991, 2035, 4265, 1004, 3816, 1064, 1455, 1309, 2335, 1024, 4724, 2610, 1131, 2511, 1972, 3082, 638, 1934, 1763, 5768, 918, 435, 2677, 4677, 1632, 1494, 5297, 2248, 2310, 3875, 905, 1309, 2703, 2623, 2925, 972, 1244, 2143, 3159, 5120, 1511, 2366, 2101, 2378, 1958, 2762, 2551, 1600, 2765, 854, 2491, 2893, 2108, 2289, 2369, 1876, 2229, 1644, 2841, 1393, 2868, 1946)
(39, 165): Mean: 2420.392, median: 2164.0, std: 1205.726, percent: 2424.1, B: 134, W: 116, 
	(2083, 3115, 2724, 2911, 2007, 2585, 4324, 3957, 2234, 2801, 2091, 1171, 1955, 3540, 404, 1328, 1420, 2206, 1725, 933, 2505, 2263, 2036, 93, 1808, 5046, 3008, 7699, 2676, 2786, 1568, 1413, 1761, 3310, 1596, 2895, 3151, 1478, 2156, 1266, 2933, 2753, 1807, 2207, 1808, 1585, 1215, 2261, 2145, 2549, 1898, 3838, 2011, 2538, 3191, 2576, 5326, 1759, 4023, 1890, 2195, 1205, 3228, 1880, 1639, 854, 2294, 4850, 4793, 1484, 1681, 2178, 1688, 521, 3624, 2324, 3136, 2649, 1146, 3297, 2130, 1526, 2089, 1988, 2151, 2306, 3466, 1774, 1988, 6616, 3093, 1446, 1946, 3520, 2737, 1878, 2595, 404, 1095, 1654, 3174, 5363, 6769, 766, 5519, 1114, 3891, 1624, 3754, 2518, 2852, 3385, 2116, 1773, 3482, 1638, 2059, 1117, 2271, 4085, 1426, 1260, 1263, 2510, 1800, 2647, 2226, 3380, 2451, 2023, 1458, 1461, 922, 2169, 1714, 3059, 1108, 1788, 2191, 3685, 1328, 950, 1119, 5417, 4141, 2159, 1136, 1840, 2414, 1935, 4463, 1802, 2018, 3477, 2355, 3683, 2873, 3649, 4610, 2886, 1636, 2714, 3018, 3795, 2406, 3110, 1345, 2111, 3632, 947, 1930, 3149, 2794, 2100, 515, 2444, 2536, 2124, 3744, 1102, 3617, 1363, 2189, 1576, 4895, 1982, 2104, 3409, 3191, 1885, 3942, 1143, 3630, 930, 1711, 1436, 2685, 1091, 4689, 2206, 1156, 2091, 1897, 2928, 679, 2147, 1602, 5751, 1008, 519, 2591, 4644, 1494, 1471, 6890, 2066, 2084, 3712, 865, 1184, 2683, 2496, 3177, 900, 1172, 2003, 3938, 4226, 1369, 2218, 2093, 2366, 1886, 2848, 2739, 1546, 2647, 862, 2371, 3039, 2040, 2621, 2325, 1793, 2208, 1606, 2843, 1415, 2725, 1863)
(40, 168): Mean: 2398.924, median: 2181.5, std: 1201.545, percent: 2361.84, B: 139, W: 110, 
	(2053, 2948, 2668, 2658, 1863, 2413, 3962, 4288, 2043, 2592, 1985, 1305, 1894, 3432, 393, 1303, 1445, 2050, 1776, 919, 2184, 2334, 2178, 92, 1686, 5036, 3289, 8004, 2859, 2462, 1573, 1319, 1648, 2990, 1477, 2599, 3177, 1645, 2155, 1162, 2745, 2697, 1515, 2468, 2231, 1542, 1419, 2739, 2025, 2486, 1729, 3720, 1582, 2988, 3401, 2813, 5553, 1635, 3425, 2104, 1775, 1306, 3022, 1729, 1663, 823, 2479, 4384, 4880, 1348, 1666, 2324, 1969, 609, 3355, 1989, 2928, 2374, 1258, 2967, 2001, 1521, 2246, 2016, 2173, 2334, 4053, 1748, 1503, 6842, 3597, 1448, 2002, 4128, 2746, 2060, 2476, 504, 1079, 1599, 3149, 5363, 6306, 757, 4855, 1167, 4198, 1463, 3484, 2685, 2776, 3353, 2030, 1613, 3818, 1526, 2064, 1223, 2619, 4072, 1339, 1318, 1175, 2388, 1852, 2456, 2420, 3498, 2487, 1474, 1651, 1569, 766, 2215, 1663, 3029, 1160, 1862, 2097, 2602, 1200, 977, 1194, 5398, 4263, 2026, 1280, 1819, 2386, 1702, 5742, 1691, 1817, 3110, 2269, 3126, 2592, 3435, 4094, 3192, 1492, 2632, 3723, 3640, 2454, 2526, 1342, 2280, 3914, 979, 2030, 2749, 2897, 1912, 332, 2945, 2086, 1957, 3867, 1097, 3313, 1306, 2238, 1420, 4079, 1941, 2185, 3060, 3304, 1774, 4204, 1173, 4584, 1010, 1621, 1288, 2911, 1024, 5097, 2545, 1307, 2243, 1995, 2760, 617, 2003, 1726, 5090, 930, 560, 2590, 4582, 1703, 1405, 6486, 2498, 2179, 3453, 785, 1130, 2854, 2550, 2880, 890, 1282, 2402, 3142, 4480, 1469, 2336, 2133, 2562, 1934, 2489, 2696, 1583, 2605, 875, 2464, 2964, 1988, 2525, 1948, 2049, 2230, 1789, 3085, 1369, 2566, 2164)
(41, 173): Mean: 2390.292, median: 2197.0, std: 1202.577, percent: 2355.38, B: 130, W: 117, 
	(2212, 3248, 2632, 2542, 1924, 3216, 3684, 3652, 2081, 2746, 1992, 1252, 2011, 3105, 320, 1279, 1374, 2475, 1671, 953, 2500, 2193, 2038, 91, 1742, 4919, 3164, 7870, 2540, 2557, 1573, 1319, 1696, 2870, 1334, 2322, 3224, 1549, 2081, 1093, 2719, 2815, 1626, 2453, 2051, 1475, 1197, 2464, 2213, 2105, 1791, 3617, 1844, 2471, 2940, 2444, 6087, 1513, 3972, 1848, 1865, 1042, 3087, 1938, 1751, 889, 1966, 4480, 4270, 1379, 1775, 1972, 1647, 552, 3148, 2132, 3405, 2584, 1149, 4200, 2127, 1604, 2277, 2010, 2370, 2481, 3802, 1886, 1573, 5644, 3379, 1594, 1887, 3804, 2490, 1794, 2490, 399, 978, 1916, 2670, 5985, 6557, 693, 4110, 1279, 4051, 1837, 3089, 2745, 2597, 3985, 2265, 1694, 3632, 1407, 2554, 1158, 2542, 4203, 1466, 1162, 1480, 2498, 1823, 2562, 2337, 4107, 2731, 1392, 1603, 1554, 806, 2297, 1657, 3186, 1172, 1906, 2208, 2758, 1099, 1054, 1143, 4341, 4608, 2495, 1142, 1793, 2377, 1570, 4794, 1648, 1689, 3129, 2325, 3708, 2789, 3317, 3845, 2653, 1641, 2563, 3428, 3154, 2720, 2352, 1393, 2017, 3949, 868, 2170, 3091, 2810, 1820, 298, 3141, 2155, 2217, 3872, 1070, 2815, 1230, 2357, 1410, 4593, 1892, 2201, 3774, 2931, 1986, 4476, 1039, 4382, 1106, 1762, 1348, 2766, 1124, 4495, 2373, 1247, 2018, 1781, 2993, 672, 1717, 1789, 7148, 935, 483, 2816, 4286, 1485, 1446, 6354, 2123, 2168, 3380, 926, 1146, 2713, 2362, 3337, 890, 1131, 2456, 2957, 4718, 1386, 2186, 2220, 2166, 2038, 2649, 2924, 1438, 2364, 843, 2507, 3013, 2039, 2464, 2083, 1957, 2204, 1510, 3252, 1515, 2925, 1922)
(42, 175): Mean: 2371.02, median: 2100.5, std: 1185.291, percent: 2375.36, B: 136, W: 113, 
	(1987, 2886, 2578, 2393, 1865, 2642, 4325, 3574, 2124, 2433, 1990, 1540, 2015, 3716, 289, 1413, 1740, 2051, 1685, 905, 2440, 2146, 2046, 92, 1920, 4657, 3092, 7392, 2584, 2572, 1440, 1391, 2263, 2991, 1347, 2598, 3095, 1592, 2076, 1112, 2390, 2877, 1645, 2548, 1873, 1541, 1198, 2471, 2268, 2059, 1814, 4276, 1788, 2753, 2905, 2325, 5432, 1800, 3223, 1863, 2112, 1105, 3288, 1699, 1509, 812, 2027, 4258, 4103, 1315, 1798, 2384, 1962, 646, 2876, 2111, 3823, 2671, 1139, 3377, 2127, 1447, 2232, 2096, 1949, 1992, 4486, 2114, 1597, 6065, 4441, 1533, 2176, 3797, 2386, 1772, 2570, 500, 954, 1719, 2640, 5635, 7028, 751, 4967, 1233, 3720, 1575, 3800, 2569, 2092, 3556, 2035, 1590, 3030, 1625, 2057, 1067, 2269, 4200, 1408, 1328, 1314, 2085, 1660, 2373, 2553, 3178, 2610, 1602, 1576, 1582, 807, 2335, 1760, 3147, 1147, 1793, 2020, 2751, 1113, 999, 1084, 5209, 3725, 2105, 1053, 2031, 2939, 1631, 4229, 1701, 1670, 2677, 2139, 3247, 2400, 3854, 4150, 3021, 1565, 2578, 3278, 3931, 2867, 2507, 1470, 1994, 3865, 933, 2071, 2994, 2432, 1751, 396, 2773, 2374, 1791, 4086, 1142, 3341, 1293, 2173, 1664, 4992, 1903, 2304, 3616, 3333, 1801, 4023, 1111, 4125, 996, 1626, 1359, 2230, 1121, 5044, 2415, 1111, 2063, 1752, 2983, 694, 2024, 1662, 5609, 963, 599, 2486, 5251, 1553, 1473, 6131, 2088, 2080, 3965, 829, 1363, 2540, 2783, 3268, 855, 1202, 2406, 3448, 4129, 1371, 2204, 1964, 2406, 1779, 2386, 2807, 1530, 2545, 773, 2284, 2739, 1866, 2540, 1811, 1823, 1977, 1704, 3019, 1609, 2814, 1767)
(46, 199): Mean: 2385.508, median: 2153.5, std: 1173.398, percent: 2417.5, B: 126, W: 123, 
	(2152, 3353, 2915, 2415, 2155, 2190, 4036, 3866, 2335, 2906, 1988, 1501, 1868, 3340, 366, 1207, 1373, 2138, 1795, 878, 2417, 2194, 2159, 85, 2108, 5208, 3004, 7379, 2496, 2768, 1752, 1367, 1865, 3301, 1320, 2654, 3044, 1736, 2053, 1109, 2601, 2875, 1693, 2108, 2328, 1425, 1460, 2760, 2140, 2400, 1811, 3960, 2006, 3046, 3585, 2549, 5692, 1593, 3542, 1826, 1796, 1061, 3041, 1850, 1728, 817, 1988, 4046, 4261, 1334, 1622, 2487, 1852, 593, 3348, 2301, 3301, 2915, 1291, 3060, 2045, 1662, 2156, 1991, 1844, 2032, 3942, 1682, 1702, 6116, 3635, 1579, 2115, 3564, 2515, 1886, 2300, 463, 1259, 1858, 2758, 5157, 7069, 813, 5295, 1134, 4775, 1615, 3706, 2431, 2368, 3493, 1990, 1678, 3677, 1665, 2051, 1242, 2384, 3959, 1586, 1264, 1403, 2332, 1658, 2317, 2364, 3660, 2508, 1872, 1430, 1482, 790, 2292, 1813, 3530, 1097, 1790, 2239, 3036, 1208, 1168, 1196, 4430, 3614, 2076, 1258, 1908, 2466, 1914, 4230, 1780, 1578, 3113, 2396, 3020, 2479, 3399, 4261, 3176, 1400, 2226, 3278, 3611, 2654, 2728, 1342, 2134, 3468, 928, 2052, 2773, 2383, 1970, 311, 2534, 2394, 2042, 3311, 1008, 3519, 1199, 2253, 1602, 3863, 1773, 2652, 3422, 2868, 1871, 4584, 988, 4368, 1074, 1628, 1508, 2569, 1056, 4744, 2274, 1420, 1888, 1679, 2798, 625, 1768, 1752, 5978, 946, 539, 2454, 4127, 1517, 1418, 6539, 2076, 2005, 3430, 798, 1172, 2646, 2394, 3803, 906, 1265, 2083, 3486, 4924, 1433, 2284, 2246, 2686, 1740, 3445, 2708, 1471, 2606, 887, 2426, 2577, 2145, 2701, 1926, 1889, 2293, 1700, 2640, 1349, 2652, 2148)
(47, 203): Mean: 2360.18, median: 2180.0, std: 1161.596, percent: 2359.26, B: 139, W: 111, 
	(2171, 3344, 2495, 2331, 2003, 2517, 4144, 3547, 2474, 2633, 1863, 1491, 2019, 3306, 416, 1337, 1364, 1980, 1763, 971, 2367, 2288, 1914, 92, 1647, 5557, 2864, 6457, 2616, 2355, 1605, 1211, 1598, 3692, 1384, 2277, 3382, 1564, 2005, 1187, 2350, 2427, 1697, 2366, 1964, 1423, 1150, 2671, 1961, 2332, 1661, 4044, 2024, 3199, 3055, 2614, 5946, 1438, 3549, 1832, 1813, 1001, 2754, 1848, 1603, 782, 2209, 4497, 4820, 1411, 1567, 2172, 1771, 561, 3286, 2397, 3297, 2465, 1198, 3472, 2218, 1467, 1975, 2049, 2028, 2251, 3950, 1913, 1599, 5779, 3359, 1502, 1990, 3959, 2544, 1805, 2442, 384, 1114, 2068, 2707, 4835, 6512, 729, 5065, 1113, 3954, 1409, 3208, 2645, 2473, 3397, 1975, 1797, 3217, 1497, 2271, 1319, 2218, 5363, 1274, 1154, 1499, 2265, 1577, 2371, 2300, 3248, 2461, 1707, 1604, 1510, 931, 2017, 1573, 3541, 1083, 2120, 2257, 3192, 1113, 1002, 1142, 4766, 4436, 2213, 1067, 2049, 2340, 1614, 5011, 1818, 1666, 3181, 2183, 3627, 2528, 3540, 4248, 3385, 1483, 2629, 3669, 3356, 2424, 2724, 1334, 2222, 3868, 887, 2002, 2572, 2304, 1915, 400, 3010, 2329, 2442, 4013, 958, 2923, 1288, 2125, 1817, 4413, 1950, 2177, 3368, 3407, 2002, 3851, 971, 3804, 903, 1652, 1356, 2639, 1022, 4882, 2314, 1305, 1897, 1809, 3060, 643, 2046, 1742, 5604, 927, 446, 2464, 4015, 1488, 1280, 5784, 2320, 2131, 3399, 851, 1298, 2235, 2738, 2885, 933, 1250, 2342, 2907, 4585, 1337, 2350, 1806, 2353, 2084, 2766, 2761, 1497, 2418, 815, 2145, 2444, 1920, 2384, 2090, 2001, 2634, 1434, 2694, 1385, 3305, 2062)
(48, 206): Mean: 2360.212, median: 2189.0, std: 1175.91, percent: 2334.22, B: 127, W: 123, 
	(2269, 3299, 2470, 2630, 1995, 3184, 3757, 3563, 1902, 2311, 1845, 1314, 1958, 3356, 432, 1417, 1681, 2196, 1700, 996, 2750, 2259, 2208, 87, 2012, 5915, 2911, 8050, 2419, 2366, 1629, 1364, 1606, 3150, 1408, 2677, 2899, 1426, 2253, 1134, 2525, 2746, 1812, 2293, 1957, 1390, 1331, 2715, 2029, 2193, 1731, 3507, 1928, 2555, 3222, 2526, 5863, 1645, 3657, 1820, 1816, 1124, 2927, 1828, 1668, 803, 2171, 4101, 4403, 1409, 1754, 2646, 1740, 523, 2981, 1945, 3298, 2710, 1148, 3365, 2001, 1408, 2129, 1977, 2359, 2157, 3593, 1792, 1708, 5646, 3760, 1445, 2243, 3726, 2474, 1672, 2510, 412, 1170, 1594, 3242, 5476, 6442, 763, 4712, 1107, 3864, 1515, 3051, 2689, 2333, 3087, 2048, 1520, 3504, 1606, 2150, 1505, 2323, 5493, 1325, 1274, 1528, 2258, 1675, 2288, 2449, 3007, 2666, 1623, 1237, 1448, 812, 1982, 1668, 3274, 1185, 1815, 2106, 2837, 1222, 861, 1160, 5663, 3700, 2331, 985, 1988, 2365, 1832, 4881, 1716, 1763, 2897, 2072, 2918, 2307, 3235, 4198, 2642, 1490, 2668, 3641, 3117, 2665, 2707, 1373, 2126, 3312, 954, 2063, 2975, 2388, 1741, 478, 2662, 2269, 2230, 4361, 897, 2832, 1165, 2185, 1485, 4489, 1939, 2351, 3346, 3352, 1818, 4627, 943, 4497, 1038, 1554, 1368, 2350, 846, 4297, 2273, 1233, 1930, 1750, 2896, 578, 2037, 1886, 5185, 944, 700, 2628, 4082, 1512, 1444, 5900, 2070, 2234, 3622, 945, 1334, 2429, 2585, 3230, 920, 1117, 2434, 3174, 4788, 1537, 2370, 2035, 2448, 1817, 2712, 2863, 1671, 2396, 730, 2658, 2339, 2092, 2467, 2031, 1844, 2281, 1777, 2647, 1472, 3391, 2014)
(49, 209): Mean: 2369.676, median: 2170.0, std: 1186.032, percent: 2341.94, B: 126, W: 124, 
	(2082, 3317, 2453, 2524, 1998, 2523, 4015, 3969, 2344, 2844, 2126, 1319, 1991, 3700, 322, 1452, 1361, 2042, 2004, 906, 2244, 2057, 1999, 93, 1946, 5265, 3440, 6377, 2629, 2294, 1546, 1319, 1874, 3715, 1420, 2603, 2946, 1519, 2154, 1155, 2711, 2836, 1588, 2232, 1826, 1461, 1212, 2935, 2060, 2185, 1798, 4089, 1882, 2529, 3358, 2601, 6440, 1670, 3564, 1826, 1769, 1150, 2871, 1823, 1569, 895, 1987, 4384, 4614, 1401, 1716, 2206, 2247, 491, 2821, 2241, 3398, 2643, 1185, 3110, 2066, 1597, 2358, 1989, 2026, 2228, 4035, 1673, 1595, 6844, 3290, 1502, 2126, 3211, 2554, 1787, 2434, 437, 891, 1763, 2875, 5370, 6691, 741, 4879, 1151, 4231, 1550, 3324, 2355, 2666, 2977, 1900, 1542, 3163, 1566, 2098, 1137, 2350, 3921, 1437, 1159, 1378, 2033, 1982, 2674, 2132, 3586, 2260, 1767, 1543, 1424, 950, 2186, 1759, 3762, 1147, 2042, 2270, 3272, 1183, 789, 1070, 4800, 3558, 2005, 1421, 2155, 2364, 1723, 4433, 1739, 1661, 2968, 2390, 3161, 2441, 3395, 4542, 2844, 1482, 2508, 3287, 4267, 2669, 2669, 1320, 1961, 3798, 1007, 2330, 3182, 2430, 1807, 411, 2879, 2325, 2194, 4185, 1015, 2661, 1174, 2416, 1660, 3634, 1753, 2316, 3026, 3009, 1767, 3837, 1224, 6484, 969, 1643, 1274, 2415, 1081, 4678, 2277, 1215, 2237, 1703, 2813, 609, 2084, 1728, 5576, 840, 553, 2617, 4560, 1739, 1606, 5775, 2292, 2044, 3896, 792, 1130, 2383, 2501, 2979, 919, 1144, 2212, 2972, 4718, 1417, 2455, 2055, 2393, 1808, 2620, 2945, 1500, 2330, 817, 2082, 2654, 1978, 2628, 1856, 1877, 2149, 1504, 2505, 1362, 3024, 2290)
(50, 211): Mean: 2383.868, median: 2137.0, std: 1187.56, percent: 2393.1, B: 126, W: 122, 
	(2291, 3425, 2674, 2999, 2218, 2881, 3718, 4260, 2254, 2864, 1839, 1355, 1644, 3576, 427, 1243, 1389, 1999, 1714, 860, 2214, 2197, 1967, 87, 1841, 4900, 3011, 6522, 2755, 2420, 1576, 1381, 1727, 3598, 1189, 2621, 3259, 1455, 2084, 1150, 2594, 2437, 1577, 2226, 1859, 1529, 1257, 2596, 2227, 2312, 1842, 3303, 2075, 2815, 3152, 2547, 6449, 1637, 3256, 1801, 1808, 1110, 3147, 1732, 1734, 778, 2222, 3837, 4445, 1385, 1664, 2266, 2067, 525, 3572, 2206, 3610, 2730, 1101, 3495, 2066, 1493, 2203, 1912, 2068, 1953, 4139, 1703, 1675, 6671, 3010, 1474, 2055, 3788, 2761, 1759, 2344, 495, 1185, 1525, 2787, 5397, 5866, 806, 4638, 1273, 4555, 1487, 3188, 2469, 2303, 4185, 2127, 1637, 3630, 1520, 1996, 1397, 2467, 4829, 1353, 1159, 1186, 2503, 1702, 2037, 2531, 3547, 2216, 1513, 1448, 1573, 880, 2267, 1899, 3202, 1223, 1955, 1986, 3114, 1197, 913, 1149, 4910, 4563, 2280, 1179, 2216, 2362, 1621, 4769, 1724, 1801, 3185, 2161, 3570, 2563, 3551, 4337, 2874, 1572, 2683, 2950, 3666, 2812, 3041, 1409, 1925, 3472, 961, 1878, 3169, 2428, 1911, 420, 2824, 2173, 2132, 4101, 1004, 3405, 1240, 2152, 1508, 4171, 1894, 2418, 3469, 3272, 1730, 4959, 1152, 4290, 1056, 1613, 1297, 2107, 1122, 4178, 2019, 1177, 1954, 1773, 3233, 785, 1993, 1902, 5843, 881, 515, 2813, 4543, 1572, 1452, 6189, 1932, 2612, 4439, 773, 1305, 2893, 2625, 3109, 988, 1311, 2203, 3054, 4661, 1370, 2010, 1951, 2648, 1639, 2918, 2435, 1544, 2247, 772, 3051, 2548, 1976, 2478, 2053, 1964, 2142, 1621, 2664, 1308, 3295, 1656)
(51, 212): Mean: 2376.24, median: 2194.0, std: 1194.775, percent: 2422.98, B: 127, W: 123, 
	(2038, 2953, 2544, 2510, 2121, 2754, 3883, 4056, 2235, 2337, 1976, 1340, 1882, 3459, 395, 1351, 1354, 2033, 2056, 884, 2621, 2245, 2107, 93, 1820, 4775, 3105, 6014, 2636, 2551, 1463, 1286, 1609, 3281, 1304, 2317, 3015, 1576, 2045, 1187, 2605, 2823, 1571, 2293, 2015, 1587, 1241, 2341, 1865, 2612, 1690, 3742, 1807, 2757, 3229, 2602, 5375, 1632, 3849, 2005, 1883, 1207, 2979, 1746, 1725, 820, 2327, 4123, 3873, 1365, 1746, 2286, 1808, 716, 3442, 2246, 3747, 2453, 1042, 3172, 2233, 1482, 2041, 2110, 2199, 2135, 4037, 1759, 1819, 6126, 3252, 1485, 2056, 3702, 2553, 1922, 2578, 361, 1076, 1826, 3200, 5913, 8269, 702, 4699, 1126, 3936, 1520, 2999, 2286, 2402, 4057, 2008, 1584, 3532, 1637, 2364, 1198, 2351, 4470, 1386, 1335, 1395, 2459, 1674, 2423, 2891, 3586, 2374, 1576, 1364, 1339, 715, 2245, 1670, 3906, 1002, 2012, 2068, 2742, 1209, 1022, 1030, 4061, 4442, 2109, 815, 1849, 2427, 1671, 5043, 1750, 1880, 3328, 2229, 3355, 2511, 3639, 4351, 2660, 1512, 2529, 3541, 3826, 2443, 2404, 1402, 1989, 3870, 872, 2050, 3218, 2468, 1785, 391, 2751, 2620, 2034, 3929, 1005, 2892, 1344, 2154, 1555, 4146, 1741, 2189, 3497, 3299, 1947, 3975, 1025, 4519, 970, 1587, 1398, 2256, 1045, 4998, 2211, 1172, 2248, 1769, 2938, 689, 1776, 1709, 6129, 849, 460, 2729, 5412, 1498, 1395, 5624, 2211, 2060, 3484, 821, 1173, 2559, 2486, 2851, 960, 1290, 2384, 3632, 5081, 1422, 2355, 1944, 2318, 1862, 2810, 2670, 1586, 2578, 899, 2176, 2642, 2081, 2542, 2300, 1889, 2250, 1814, 2587, 1418, 3199, 1836)
(52, 216): Mean: 2369.252, median: 2165.5, std: 1178.565, percent: 2335.38, B: 126, W: 123, 
	(2262, 3312, 2491, 2504, 1948, 2619, 3337, 3851, 2329, 2680, 1879, 1324, 1650, 3268, 371, 1454, 1416, 1959, 1902, 947, 2591, 2228, 1782, 88, 1818, 5186, 3202, 6159, 2754, 2156, 1707, 1324, 1544, 3074, 1331, 2687, 3482, 1576, 2069, 1475, 2776, 2304, 1822, 2623, 2085, 1571, 1222, 2924, 2365, 2319, 1755, 3592, 2135, 2700, 3299, 2405, 5369, 1622, 3525, 1768, 1815, 1133, 3398, 1688, 1750, 819, 2187, 3953, 4439, 1376, 1869, 2308, 1922, 493, 3295, 2063, 3729, 2597, 1214, 3440, 2096, 1548, 2289, 2044, 1872, 2058, 4016, 1832, 1736, 6963, 3549, 1560, 2132, 3263, 2669, 1799, 2370, 400, 1055, 1765, 2801, 5851, 6807, 732, 4469, 1110, 4114, 1683, 2776, 2317, 2256, 4210, 2118, 1720, 3080, 1588, 2195, 1138, 1937, 4792, 1297, 1114, 1199, 2240, 1881, 2102, 2350, 3264, 2407, 1778, 1259, 1425, 772, 2065, 1675, 2857, 1132, 2042, 2244, 2951, 1143, 919, 1296, 5054, 4309, 1961, 1040, 2056, 2496, 1517, 5513, 1610, 1668, 2648, 2390, 3821, 2367, 3582, 4117, 3018, 1571, 2522, 3261, 3581, 2830, 2541, 1380, 1894, 3712, 881, 2201, 3260, 2458, 2038, 318, 2934, 2092, 2300, 4230, 1059, 2728, 1297, 2011, 1602, 4454, 1848, 2256, 3538, 2914, 2175, 4308, 1147, 3758, 1076, 1485, 1370, 2494, 1233, 4953, 2218, 1253, 2266, 1747, 3146, 713, 2025, 1730, 4934, 919, 583, 2628, 4168, 1390, 1353, 6987, 2413, 2217, 4298, 926, 1254, 2886, 2926, 2918, 923, 1216, 2251, 3218, 4631, 1374, 2544, 2238, 2247, 1782, 2898, 2647, 1604, 2105, 884, 2399, 2404, 2102, 2548, 1837, 2056, 2036, 1522, 2419, 1498, 2752, 1876)
(53, 222): Mean: 2357.784, median: 2162.0, std: 1150.655, percent: 2363.66, B: 126, W: 124, 
	(2151, 3320, 2387, 2342, 1877, 2855, 3746, 3404, 2219, 2807, 1960, 1402, 1928, 3249, 418, 1256, 1228, 2340, 1783, 976, 2532, 1929, 1995, 86, 1559, 5035, 3039, 7177, 2624, 2689, 1495, 1325, 1521, 3253, 1403, 2552, 3291, 1769, 2135, 1155, 2682, 2487, 1717, 2385, 2359, 1381, 1336, 2784, 2168, 1924, 1776, 3716, 1856, 2376, 2935, 2536, 5710, 1600, 3456, 1850, 1682, 1052, 3685, 1739, 1704, 868, 2393, 4440, 4987, 1367, 1747, 2432, 1888, 510, 3306, 2429, 3631, 2487, 1156, 3742, 2294, 1580, 2268, 2045, 1944, 2299, 3674, 1644, 1728, 6800, 3476, 1431, 1921, 3391, 2411, 1834, 2518, 430, 1077, 1514, 2844, 5789, 5675, 719, 4624, 1288, 3802, 1623, 3940, 2603, 2101, 3661, 2060, 1729, 3422, 1634, 2247, 1249, 2264, 4232, 1425, 1221, 1291, 2476, 1756, 2529, 2355, 3601, 2423, 1531, 1510, 1455, 860, 2111, 1677, 2981, 1198, 1948, 2286, 3063, 1155, 990, 1114, 3898, 3932, 2154, 1091, 1754, 2907, 1811, 4705, 1808, 1658, 2964, 2166, 3316, 2920, 3689, 4595, 2683, 1545, 2653, 3779, 3264, 2639, 3003, 1491, 2008, 3551, 1064, 1907, 3114, 2254, 1827, 356, 2662, 2174, 1991, 4014, 1030, 3107, 1279, 2185, 1721, 3758, 1906, 2112, 3232, 2740, 1863, 4658, 1168, 4815, 1030, 1504, 1359, 2454, 1320, 4865, 2400, 1268, 2106, 1700, 2965, 623, 1656, 1939, 5689, 930, 578, 2646, 3904, 1430, 1392, 5893, 2367, 2083, 3382, 751, 1150, 2454, 2774, 2944, 986, 1171, 2119, 3121, 3756, 1444, 2158, 2221, 2482, 2013, 2785, 2938, 1537, 2362, 733, 2300, 2470, 2044, 2523, 1870, 1853, 2192, 1746, 2891, 1371, 2705, 1946)
(54, 223): Mean: 2357.456, median: 2153.0, std: 1163.912, percent: 2422.2, B: 125, W: 123, 
	(2031, 3062, 2401, 2389, 2122, 2505, 3580, 3996, 2195, 2653, 2085, 1364, 1966, 3348, 336, 1284, 1334, 2204, 1552, 876, 2273, 2222, 2068, 86, 1642, 4949, 2831, 6794, 2587, 2884, 1649, 1286, 1630, 3442, 1469, 2312, 2798, 1515, 1985, 1202, 2780, 2745, 1648, 2494, 2109, 1466, 1095, 2498, 2030, 2402, 1664, 3674, 1663, 2369, 3122, 2542, 4816, 1604, 3789, 1719, 2156, 1228, 3757, 1791, 1725, 748, 2099, 4187, 4628, 1478, 1820, 2161, 1937, 487, 3530, 1886, 3598, 2463, 1044, 3832, 2193, 1585, 2081, 2127, 2093, 2164, 3669, 1823, 1756, 7169, 3393, 1504, 2061, 4070, 2407, 1801, 2333, 373, 1285, 1598, 3103, 5087, 6490, 801, 4176, 1178, 4005, 1350, 3656, 2600, 2598, 3516, 2318, 1610, 3459, 1705, 2077, 1286, 2336, 4426, 1347, 1341, 1691, 2515, 1679, 2268, 2287, 3457, 2582, 1675, 1622, 1413, 845, 1981, 1632, 2782, 1187, 1899, 1991, 3128, 1179, 897, 1114, 3850, 3927, 2357, 1124, 2271, 2533, 1404, 4134, 1880, 1799, 2718, 2175, 3149, 2406, 3512, 5215, 2703, 1476, 2612, 3977, 4160, 2647, 2470, 1383, 1969, 3510, 853, 2055, 3161, 2383, 1869, 234, 2587, 2098, 2182, 4820, 1006, 3279, 1213, 2078, 1364, 4208, 1888, 2010, 3383, 3004, 1992, 4267, 1032, 4103, 954, 1847, 1379, 2288, 1078, 4724, 2557, 1299, 2155, 1840, 2890, 617, 1723, 1901, 5262, 900, 502, 2709, 3793, 1610, 1307, 6397, 1964, 2440, 3911, 770, 1189, 2869, 2436, 2989, 829, 1199, 1980, 3529, 5002, 1320, 2277, 2229, 2599, 1722, 2597, 2476, 1593, 2493, 782, 2416, 2585, 2135, 2589, 2151, 1934, 2078, 1780, 2483, 1458, 3044, 1889)
(55, 226): Mean: 2368.32, median: 2177.5, std: 1183.686, percent: 2346.36, B: 128, W: 122, 
	(2104, 2864, 2479, 2346, 2161, 2857, 3961, 3951, 2329, 2527, 2093, 1248, 2034, 3488, 370, 1282, 1350, 2042, 1514, 893, 2639, 2149, 1841, 88, 1637, 5841, 3178, 6191, 2483, 2317, 1676, 1380, 1603, 3384, 1381, 2653, 3175, 1456, 2140, 1209, 2607, 2555, 1777, 2319, 2003, 1355, 1232, 2730, 2183, 2146, 1827, 4102, 1580, 2434, 3114, 2732, 5308, 1636, 3131, 1704, 1902, 1126, 3453, 1735, 1529, 771, 2181, 3899, 4274, 1348, 1776, 2068, 2143, 457, 3339, 2297, 3661, 2806, 1199, 3378, 2195, 1575, 2089, 2011, 1943, 2062, 3701, 1730, 1670, 7842, 3172, 1336, 2443, 3797, 2749, 1835, 2522, 490, 1097, 1870, 2544, 5318, 6285, 682, 5103, 1091, 3359, 1611, 3371, 2427, 2418, 3483, 2278, 1564, 3036, 1596, 2188, 1213, 2146, 4722, 1426, 1414, 1412, 2274, 1807, 2569, 2776, 3161, 2557, 1634, 1432, 1458, 843, 2046, 1683, 3438, 1177, 1887, 2177, 3087, 942, 974, 1239, 4258, 3669, 2218, 1000, 1921, 2653, 1699, 4517, 1736, 1647, 2656, 2275, 3913, 2515, 3497, 4989, 3163, 1528, 2454, 3704, 3111, 2648, 3181, 1235, 1970, 3767, 934, 1842, 3303, 2418, 1870, 396, 2456, 2396, 2297, 4240, 1185, 2946, 1288, 2302, 1384, 4785, 1834, 2178, 3806, 3087, 1911, 4331, 1264, 3883, 1007, 1717, 1321, 2219, 1003, 4942, 2339, 1292, 2176, 1923, 3041, 654, 1905, 1753, 5527, 881, 549, 2610, 4557, 1357, 1302, 6168, 2303, 2290, 3683, 805, 1298, 3046, 2464, 3430, 864, 1161, 2183, 3346, 4553, 1250, 2139, 2285, 2419, 1724, 2542, 2701, 1406, 2459, 803, 2299, 2518, 1892, 2427, 2150, 1765, 2176, 1626, 3144, 1515, 2827, 1976)
(56, 227): Mean: 2352.268, median: 2125.5, std: 1187.703, percent: 2304.72, B: 134, W: 115, 
	(2157, 2982, 2590, 2273, 2096, 2257, 4063, 3881, 2366, 2667, 2001, 1296, 1758, 3119, 349, 1373, 1443, 2238, 1664, 1005, 2395, 2091, 2116, 87, 1744, 5793, 2982, 7513, 2986, 2501, 1821, 1288, 1603, 3211, 1446, 2363, 3055, 1597, 2232, 1207, 2437, 2517, 1783, 2173, 1997, 1436, 1148, 2272, 2093, 2220, 1833, 4824, 1593, 2599, 2982, 2723, 5189, 1561, 3395, 1941, 1941, 1057, 3046, 1853, 1699, 814, 2322, 3903, 5162, 1393, 1737, 2125, 1709, 532, 3090, 2332, 3413, 2803, 1300, 3550, 2065, 1521, 2081, 2288, 2227, 2094, 4074, 1635, 1770, 5856, 3571, 1581, 2157, 3689, 2642, 1810, 2427, 393, 1008, 1568, 2722, 4942, 6603, 632, 5278, 1271, 4217, 1597, 3221, 2596, 2225, 4391, 1973, 1672, 3965, 1406, 2373, 1179, 2101, 4583, 1223, 1299, 1502, 2124, 1616, 2498, 2560, 3413, 2186, 1495, 1382, 1536, 693, 2116, 1708, 3593, 1085, 1927, 1973, 3101, 1143, 857, 1083, 4680, 3923, 2212, 1032, 1826, 2576, 1523, 4844, 1622, 1729, 2824, 2268, 3258, 2431, 3387, 4637, 2673, 1618, 2579, 3258, 3175, 2608, 2482, 1347, 1874, 3306, 910, 1847, 2988, 2280, 1865, 282, 2782, 2434, 2213, 4355, 1096, 2956, 1245, 2122, 1527, 4155, 1862, 2274, 3317, 3214, 1766, 3524, 1075, 4191, 1016, 1558, 1486, 2353, 933, 5307, 2341, 1145, 2126, 1791, 3243, 603, 1887, 1653, 5475, 980, 393, 2577, 4388, 1429, 1261, 6061, 2248, 2107, 3716, 875, 1333, 2797, 2981, 2483, 926, 1059, 1996, 3183, 4513, 1302, 2467, 2059, 2335, 1754, 2764, 3116, 1467, 2487, 808, 2210, 2640, 1909, 2803, 2048, 1884, 1990, 1902, 2278, 1409, 2747, 1870)
(59, 240): Mean: 2369.084, median: 2104.0, std: 1188.71, percent: 2379.54, B: 126, W: 123, 
	(2072, 3482, 2256, 2585, 2064, 2821, 3774, 3753, 2550, 2973, 1897, 1235, 1957, 3677, 374, 1285, 1314, 2276, 2054, 918, 2508, 2077, 1881, 87, 1778, 6114, 3634, 7450, 2276, 2752, 1575, 1345, 1682, 3252, 1314, 2560, 3222, 1615, 2073, 1424, 2427, 2288, 1486, 2171, 2184, 1413, 1200, 2351, 2028, 2266, 1802, 4498, 2162, 2519, 3154, 2528, 5199, 1790, 3258, 1822, 1936, 1153, 3220, 1716, 1694, 795, 2408, 4608, 4436, 1389, 1830, 1977, 1710, 615, 3466, 2044, 3364, 2451, 1224, 3105, 2105, 1557, 1957, 2133, 2005, 2081, 4410, 1772, 1769, 6636, 3464, 1479, 2090, 3687, 2825, 1888, 2487, 459, 1263, 1513, 2826, 5916, 6525, 700, 4462, 1240, 4183, 1727, 4067, 2701, 2466, 3793, 2329, 1750, 3435, 1617, 2806, 1327, 2076, 4290, 1257, 1227, 1371, 2230, 1715, 2436, 2717, 3802, 2281, 1637, 1280, 1427, 807, 2156, 1671, 3064, 1060, 2061, 1931, 2733, 1053, 875, 1158, 4447, 4196, 2103, 1212, 2007, 2499, 1671, 4718, 1569, 1638, 2909, 2399, 3230, 2464, 3533, 4975, 3161, 1605, 2380, 3532, 3434, 2588, 2849, 1312, 1961, 3449, 904, 1994, 3000, 2492, 1760, 480, 2775, 1986, 2045, 3951, 1087, 3191, 1160, 2255, 1450, 4147, 1708, 2583, 3234, 3001, 1872, 3793, 940, 4279, 1000, 1547, 1228, 1856, 1011, 4814, 2305, 1168, 1978, 2003, 2865, 789, 1772, 1829, 5646, 905, 417, 3023, 4251, 1444, 1347, 5651, 2223, 2164, 3662, 805, 1207, 2881, 2522, 3139, 1048, 1202, 2391, 3347, 4491, 1438, 2154, 1949, 2276, 1986, 2813, 2454, 1765, 2275, 902, 2324, 2310, 1855, 2439, 1842, 1870, 2191, 1760, 2418, 1396, 2762, 1845)
(60, 241): Mean: 2350.716, median: 2125.5, std: 1142.32, percent: 2332.16, B: 131, W: 117, 
	(2097, 3039, 2625, 2568, 2075, 2774, 3790, 3791, 2186, 2740, 2125, 1319, 1922, 3848, 365, 1352, 1318, 2094, 1599, 846, 2563, 2018, 2272, 87, 2069, 5084, 2895, 5870, 2220, 2408, 1610, 1286, 1906, 3064, 1398, 2327, 3067, 1558, 2080, 1136, 2303, 2549, 1605, 2445, 1790, 1500, 1222, 2807, 2045, 2354, 1949, 4807, 2014, 2385, 3117, 2741, 6341, 1449, 3620, 1875, 2040, 1069, 3322, 1668, 1621, 718, 2060, 3863, 4632, 1375, 1701, 2334, 1746, 517, 3290, 1942, 3229, 2716, 1094, 3411, 2059, 1532, 2304, 2017, 2002, 2355, 3819, 1870, 1830, 6076, 3020, 1390, 1930, 4090, 2506, 1743, 2206, 509, 987, 1625, 2761, 4701, 6312, 653, 4448, 1275, 3928, 1638, 3010, 2761, 2628, 3522, 2241, 1721, 3416, 1613, 2476, 1388, 2510, 4825, 1364, 1219, 1518, 2050, 1630, 2240, 2453, 3422, 2245, 1558, 1569, 1368, 709, 2045, 1781, 3243, 1123, 2078, 2298, 3010, 1104, 1078, 1051, 4295, 3895, 2017, 1036, 2115, 2588, 1556, 4397, 1861, 1729, 2728, 2077, 3369, 2558, 3313, 4221, 2671, 1549, 2773, 3720, 4012, 2871, 2776, 1311, 1884, 4043, 924, 2137, 2767, 2319, 1757, 314, 2427, 2086, 2418, 3817, 1255, 3334, 1157, 2334, 1444, 4060, 1903, 2466, 3341, 2817, 1897, 4542, 1219, 3556, 1194, 1729, 1354, 2376, 957, 4468, 2411, 1174, 2075, 2026, 2879, 695, 1772, 1783, 6018, 956, 502, 2669, 4581, 1558, 1450, 6589, 2175, 2124, 3246, 1012, 1242, 2536, 2477, 2946, 847, 1140, 2249, 3447, 4695, 1429, 2447, 2105, 2336, 1715, 2631, 2635, 1495, 2320, 797, 2696, 2442, 2126, 2256, 2321, 1809, 2011, 1810, 2728, 1266, 2720, 2066)
(61, 245): Mean: 2347.56, median: 2157.5, std: 1173.607, percent: 2320.52, B: 132, W: 116, 
	(2155, 3065, 2315, 2208, 2043, 2579, 4314, 4050, 2088, 2676, 1959, 1371, 1987, 3323, 287, 1392, 1354, 2375, 1787, 894, 2484, 2089, 1856, 85, 1883, 4869, 3127, 7115, 2614, 2322, 1415, 1336, 1648, 3365, 1274, 2310, 3035, 1411, 2050, 1114, 2532, 2341, 1673, 2081, 2274, 1483, 1140, 2570, 2043, 2209, 1741, 5084, 2125, 2668, 2881, 2420, 5345, 1696, 3484, 1857, 1943, 1032, 2859, 1635, 1816, 858, 2103, 3884, 4174, 1369, 1833, 2239, 2122, 421, 3074, 2217, 3423, 2668, 1104, 3066, 1981, 1455, 2059, 1828, 2160, 2215, 4242, 1898, 1561, 7200, 3283, 1423, 2049, 4302, 2336, 1834, 2400, 391, 991, 1715, 2463, 4993, 5895, 765, 5110, 1177, 3854, 1594, 3202, 2563, 2669, 4003, 1969, 1687, 3259, 1640, 2237, 1225, 2125, 3813, 1524, 1355, 1381, 2345, 1754, 2592, 2692, 3361, 2380, 1635, 1551, 1340, 771, 2173, 1763, 2908, 1194, 2005, 2390, 2953, 1214, 913, 1276, 3918, 4124, 2268, 1016, 2073, 2588, 1455, 5187, 1633, 1849, 3205, 2396, 3176, 2427, 3200, 4255, 2970, 1496, 2444, 3187, 3798, 2374, 2625, 1543, 1909, 4465, 1088, 2308, 3129, 2255, 1834, 427, 2706, 2190, 2222, 3961, 963, 3187, 1186, 2325, 1575, 3989, 1813, 2432, 3303, 3017, 1947, 3629, 922, 4256, 945, 1558, 1280, 2486, 1098, 4620, 2126, 1361, 1944, 1751, 2662, 644, 1727, 1842, 6149, 953, 517, 2535, 4104, 1514, 1373, 6698, 2000, 2038, 3563, 770, 1208, 2572, 2613, 2720, 861, 1271, 2202, 3685, 4811, 1391, 2517, 2105, 2309, 1757, 2451, 3003, 1431, 2589, 851, 2397, 2743, 1998, 2539, 1837, 1717, 2202, 1850, 2766, 1412, 2382, 2050)
(62, 246): Mean: 2369.76, median: 2140.5, std: 1208.511, percent: 2389.54, B: 130, W: 119, 
	(2060, 3267, 2276, 2475, 1917, 2722, 3941, 3698, 2220, 2691, 1883, 1261, 1959, 3245, 317, 1326, 1317, 2196, 1749, 897, 2305, 2398, 2101, 90, 1607, 5236, 2626, 7135, 2531, 2281, 1481, 1369, 1810, 3722, 1374, 2783, 2592, 1627, 2044, 1202, 2532, 2992, 1822, 2089, 2234, 1487, 1256, 2590, 2163, 2042, 1683, 4491, 1758, 2428, 3108, 2614, 5032, 1560, 4005, 1873, 1896, 1178, 3089, 1824, 1583, 898, 2126, 4681, 4512, 1430, 1738, 2167, 2126, 556, 2969, 1916, 3310, 2844, 1041, 3306, 2023, 1728, 2277, 2281, 2019, 2723, 4123, 1725, 1664, 5883, 3509, 1439, 2101, 3885, 2568, 1782, 2493, 371, 988, 1633, 3170, 8138, 6227, 794, 5127, 1168, 4344, 1573, 3221, 2411, 2456, 3451, 2006, 1671, 3307, 1680, 2213, 1371, 2508, 5365, 1456, 1284, 1490, 2313, 1725, 2121, 2298, 3516, 2203, 1474, 1467, 1365, 739, 1921, 1710, 3722, 1182, 1900, 2069, 2673, 1178, 878, 1065, 3757, 3866, 2555, 1127, 2048, 2395, 1445, 4200, 1838, 1824, 2763, 2117, 3473, 2432, 3527, 4957, 2948, 1451, 3103, 3053, 3785, 2725, 2534, 1613, 1853, 3827, 889, 2052, 3024, 2330, 1899, 361, 2971, 2089, 2396, 4689, 989, 2935, 1209, 2170, 1489, 3713, 1761, 2342, 3728, 2623, 1600, 4379, 861, 4079, 1084, 1650, 1416, 2534, 1031, 4737, 2374, 1174, 2155, 1847, 2936, 628, 2019, 1605, 6021, 923, 420, 2559, 3951, 1543, 1307, 5873, 1969, 2195, 3440, 831, 1277, 2740, 2587, 3472, 845, 1106, 2163, 3186, 4327, 1318, 2207, 2091, 2707, 2031, 2663, 3052, 1554, 2641, 900, 2346, 2728, 1839, 2331, 1637, 1912, 2368, 1579, 2879, 1463, 2656, 1974)
(63, 247): Mean: 2332.264, median: 2142.0, std: 1110.656, percent: 2304.02, B: 128, W: 122, 
	(1964, 3109, 2322, 2424, 1974, 2564, 4224, 4341, 2261, 2838, 2136, 1291, 2081, 3924, 329, 1309, 1163, 2084, 1855, 901, 2574, 2059, 1854, 89, 1605, 5360, 3068, 7046, 2773, 2434, 1644, 1351, 1724, 3137, 1330, 2372, 3103, 1647, 2091, 1293, 2500, 2783, 1623, 2427, 1927, 1558, 1220, 2823, 2232, 2109, 2034, 4377, 1739, 2439, 2772, 2424, 5494, 1523, 3227, 1772, 2120, 1029, 3350, 1838, 1847, 881, 2128, 4200, 4147, 1364, 1593, 2247, 1931, 549, 3063, 2088, 2928, 2400, 1248, 3190, 2320, 1700, 2173, 2148, 2106, 2234, 4356, 1752, 1490, 5702, 3453, 1471, 1993, 3608, 2484, 1826, 2599, 344, 1299, 1513, 2844, 4736, 6191, 787, 4466, 1371, 3942, 1473, 3467, 2531, 2261, 3093, 1963, 1746, 3370, 1578, 2284, 1152, 2514, 4036, 1326, 1189, 1446, 2092, 1817, 2595, 2360, 3688, 2760, 1573, 1657, 1500, 795, 1986, 1753, 3162, 1041, 1878, 2240, 2560, 1145, 919, 1171, 3768, 4084, 1895, 1014, 1774, 2583, 1671, 4431, 1736, 1846, 2896, 2211, 3921, 2798, 3025, 3732, 2684, 1589, 2593, 3229, 3388, 2655, 2581, 1486, 1872, 3715, 1095, 2414, 2923, 2972, 1837, 265, 2760, 2364, 2189, 4207, 983, 3271, 1064, 2223, 1497, 3733, 1933, 2391, 3726, 3107, 1683, 3585, 1023, 3686, 1156, 1581, 1315, 2080, 1014, 4901, 1903, 1211, 2188, 1828, 2896, 645, 1910, 1739, 5082, 861, 430, 2828, 4520, 1465, 1422, 5789, 2051, 2198, 3557, 843, 1316, 2606, 2666, 3012, 842, 1182, 2452, 3088, 4363, 1376, 2184, 2459, 2575, 1799, 2541, 2823, 1594, 2430, 696, 2327, 2653, 2216, 2002, 2076, 1853, 2049, 1749, 2768, 1614, 2637, 1776)
(64, 250): Mean: 2359.82, median: 2163.5, std: 1211.172, percent: 2358.54, B: 126, W: 123, 
	(2137, 2852, 2505, 2836, 2089, 2586, 3409, 3757, 2005, 3076, 1917, 1362, 1654, 3841, 318, 1338, 1346, 2097, 1844, 990, 2325, 2221, 2281, 88, 1766, 6602, 3174, 8068, 2508, 2303, 1522, 1275, 1473, 2984, 1449, 2369, 3313, 1392, 2131, 1116, 2260, 2614, 1588, 2128, 2021, 1581, 1235, 2569, 2219, 2520, 1581, 4509, 1693, 2633, 3367, 2574, 5255, 1527, 3906, 2018, 2130, 1123, 3333, 1670, 1852, 846, 2287, 4106, 4019, 1516, 1632, 2217, 1864, 590, 3375, 2073, 3300, 2921, 1019, 2805, 1958, 1648, 2248, 1958, 1923, 2108, 3741, 1675, 1489, 6634, 2988, 1455, 2007, 3588, 2577, 1775, 2384, 491, 1070, 1551, 3032, 4871, 7091, 703, 4361, 1160, 4169, 1600, 3365, 2630, 2223, 3684, 2232, 1486, 3907, 1745, 2286, 1230, 2166, 5309, 1588, 1229, 1338, 2298, 1629, 2285, 2536, 3005, 2433, 1655, 1288, 1408, 763, 1916, 1704, 3672, 1131, 2161, 2056, 2755, 1138, 911, 1140, 4212, 3921, 2085, 1111, 1982, 2609, 2012, 4700, 1863, 1693, 2579, 2055, 3618, 2288, 3757, 4472, 2543, 1603, 2768, 3533, 3524, 2559, 2418, 1381, 1993, 3099, 947, 2043, 3021, 2486, 1842, 371, 2819, 2194, 2265, 3521, 1130, 3208, 1145, 2120, 1410, 4017, 1706, 2310, 3091, 2898, 1659, 3941, 1129, 3815, 1023, 1645, 1397, 2550, 1340, 4953, 2381, 1139, 2398, 1653, 3062, 645, 2230, 1695, 6809, 872, 549, 2667, 4268, 1529, 1381, 6123, 2279, 2158, 3390, 850, 1231, 2465, 2450, 3528, 855, 1143, 2337, 2938, 4899, 1354, 2693, 2135, 2744, 1768, 2905, 2545, 1514, 2280, 770, 2218, 2504, 1871, 2472, 1902, 1912, 2223, 1543, 2744, 1495, 2650, 2063)
(65, 251): Mean: 2350.5, median: 2105.0, std: 1180.81, percent: 2331.22, B: 127, W: 122, 
	(2155, 3339, 2611, 2481, 1884, 2618, 3505, 3430, 2031, 2873, 1943, 1489, 1999, 3217, 391, 1326, 1358, 1933, 1722, 951, 2590, 1983, 2075, 86, 1813, 6147, 3076, 5865, 2491, 2742, 1777, 1246, 1577, 3641, 1331, 2523, 2827, 1667, 2126, 1214, 3119, 2543, 1624, 2064, 1872, 1412, 1385, 2391, 2054, 2256, 1684, 4253, 1771, 2337, 2615, 2564, 6916, 1558, 3197, 1735, 1815, 1110, 3137, 1765, 1572, 753, 2065, 3808, 4602, 1291, 1610, 2297, 2008, 713, 3092, 2391, 3665, 2771, 1041, 3041, 1971, 1473, 2046, 2040, 1876, 2080, 4261, 1802, 1763, 6660, 3344, 1508, 1903, 3669, 2838, 1811, 2409, 490, 1154, 1819, 3074, 4842, 7586, 763, 4134, 1248, 3807, 1559, 2913, 2257, 2799, 3313, 1957, 1681, 3544, 1493, 2126, 1146, 2365, 4411, 1422, 1201, 1272, 2208, 1669, 1990, 2568, 3449, 2270, 1664, 1145, 1551, 799, 2120, 1782, 2987, 1126, 2158, 2180, 3062, 1054, 1016, 1154, 3981, 4605, 2003, 1286, 1882, 2822, 1531, 5279, 1845, 1801, 2757, 2200, 3554, 2457, 2878, 3968, 2862, 1503, 2740, 3242, 3524, 2590, 2594, 1434, 2090, 3705, 938, 2343, 3408, 2586, 1828, 400, 2728, 2405, 2131, 3426, 1136, 3186, 1080, 2071, 1369, 3886, 1856, 2349, 3487, 2777, 1724, 4593, 1031, 4995, 1117, 1579, 1420, 2523, 1173, 4706, 2264, 1124, 2029, 1875, 2751, 766, 1997, 1859, 6643, 835, 426, 2634, 3990, 1366, 1305, 5436, 2018, 2307, 3445, 820, 1470, 2580, 2361, 3163, 883, 1101, 2216, 3188, 4287, 1335, 2474, 2353, 2624, 1805, 2375, 2874, 1596, 2394, 798, 2461, 2547, 1962, 2565, 2065, 1749, 2031, 1656, 2976, 1556, 2990, 2184)
(66, 255): Mean: 2341.036, median: 2169.5, std: 1183.292, percent: 2285.24, B: 130, W: 119, 
	(2098, 3126, 2706, 2466, 1992, 2656, 3997, 3670, 2157, 2702, 1916, 1496, 1692, 3269, 361, 1260, 1352, 1961, 1697, 962, 2529, 2254, 1976, 85, 1702, 5302, 3018, 7352, 2664, 2127, 1460, 1302, 1676, 3355, 1347, 2749, 3135, 1477, 2248, 1135, 2317, 2171, 1448, 2085, 1792, 1392, 1212, 2452, 2222, 2350, 1752, 5173, 1930, 2688, 3124, 3042, 5459, 1652, 3398, 1561, 2033, 1086, 3861, 1816, 1735, 752, 2182, 4069, 4254, 1358, 1552, 2158, 1731, 510, 3233, 2323, 3488, 2556, 1048, 3008, 1971, 1551, 2293, 2116, 1995, 2262, 4115, 1693, 1768, 5727, 2741, 1587, 2231, 3678, 2581, 1882, 2384, 451, 939, 1611, 2821, 4728, 7353, 723, 4879, 1111, 4251, 1594, 2935, 2308, 2230, 3579, 2154, 1654, 3043, 1429, 2251, 1250, 2280, 4612, 1565, 1165, 1020, 2424, 1877, 2399, 2374, 3591, 2340, 1548, 1408, 1673, 785, 2329, 1837, 3058, 1028, 2186, 2168, 3148, 1147, 934, 1044, 4838, 3993, 2085, 1092, 1879, 2729, 1398, 4379, 1677, 1566, 2937, 2356, 3461, 2410, 3513, 6022, 3011, 1504, 2527, 3505, 3164, 2609, 2488, 1297, 2148, 3429, 867, 1868, 2782, 2414, 1799, 382, 3006, 2312, 1884, 3717, 1038, 3147, 1021, 2299, 1431, 4099, 1941, 2219, 3374, 3032, 1787, 4368, 958, 4346, 977, 1759, 1232, 2189, 932, 4783, 2505, 1147, 1937, 1738, 3070, 656, 1706, 1696, 5662, 964, 463, 3217, 4285, 1460, 1246, 5001, 2256, 2293, 3231, 898, 1293, 2668, 2515, 2920, 884, 1202, 2427, 3060, 4797, 1432, 2406, 2002, 2435, 1821, 2555, 2640, 1529, 2133, 729, 2168, 2856, 1844, 2664, 2042, 1838, 2278, 1748, 2857, 1330, 2765, 1799)
(68, 263): Mean: 2332.576, median: 2154.0, std: 1168.341, percent: 2328.26, B: 128, W: 120, 
	(1972, 3328, 2334, 2803, 1748, 2614, 3996, 3629, 1860, 2859, 1779, 1427, 1811, 3355, 359, 1352, 1421, 2008, 1883, 996, 2115, 2292, 2016, 85, 1812, 5664, 2727, 6217, 2435, 2451, 1350, 1398, 1561, 3715, 1432, 2271, 3105, 1654, 2090, 1100, 2364, 2412, 1622, 1990, 1814, 1426, 1470, 2425, 1994, 2163, 1745, 4960, 1789, 2228, 3034, 2393, 5531, 1539, 4089, 1649, 1868, 1019, 3030, 1899, 1671, 982, 2219, 4043, 4321, 1347, 1746, 2273, 1906, 621, 3348, 2186, 2983, 2604, 1134, 3737, 2158, 1662, 2061, 1896, 2139, 2285, 4601, 1865, 1650, 6537, 3147, 1457, 2152, 4490, 2366, 1829, 2293, 431, 1051, 1601, 3220, 5640, 5518, 723, 5434, 1102, 4046, 1627, 2977, 2092, 2202, 3687, 1860, 1647, 3925, 1662, 2157, 1152, 2217, 4589, 1373, 1172, 1323, 2101, 1765, 2217, 2669, 3399, 2338, 1524, 1397, 1537, 811, 2438, 1672, 3257, 1074, 2076, 2203, 3074, 1134, 868, 1127, 3579, 3659, 2220, 1135, 2218, 2877, 1516, 4295, 1794, 1584, 2909, 2247, 3019, 2689, 3117, 4100, 2495, 1614, 2548, 3206, 3986, 2481, 2563, 1364, 2075, 3595, 888, 2241, 3272, 2441, 2060, 368, 2863, 2418, 2109, 3993, 1033, 2938, 1186, 2220, 1535, 4291, 1685, 2324, 3103, 2875, 1640, 3795, 883, 3836, 976, 1581, 1290, 2245, 928, 5035, 2165, 1268, 2203, 1830, 2774, 701, 1880, 1652, 5903, 895, 432, 2540, 4341, 1422, 1354, 6784, 1974, 2488, 3227, 839, 1191, 2553, 2698, 2878, 890, 1294, 2006, 3303, 4815, 1344, 2222, 2118, 2183, 1860, 2514, 2476, 1594, 2436, 689, 2640, 2609, 1849, 2496, 1984, 1804, 2156, 1723, 2659, 1492, 2936, 1828)
(69, 264): Mean: 2339.16, median: 2119.0, std: 1160.612, percent: 2328.6, B: 128, W: 122, 
	(2079, 3164, 2418, 2503, 2170, 2761, 3574, 3419, 2096, 2629, 1909, 1511, 1755, 3297, 345, 1324, 1328, 2118, 1637, 1046, 2389, 2061, 1857, 84, 1804, 5557, 3034, 6959, 2286, 2523, 1408, 1471, 1526, 3445, 1321, 2745, 3056, 1491, 2177, 1244, 2607, 2353, 1760, 2176, 1965, 1524, 1224, 2603, 1891, 2120, 1841, 4016, 1838, 2865, 2722, 2362, 5895, 1669, 3540, 1790, 1811, 937, 3122, 1876, 1625, 862, 2240, 3991, 3877, 1413, 1597, 2309, 1955, 461, 3153, 2306, 3616, 2552, 1193, 3392, 1956, 1560, 2286, 1923, 2056, 1948, 4460, 1787, 1724, 6412, 3128, 1489, 2103, 3621, 2615, 1773, 2572, 416, 1176, 1511, 2953, 5054, 6549, 701, 5307, 1136, 3600, 1852, 3703, 2109, 2227, 3916, 2020, 1686, 3162, 1646, 2522, 1190, 2464, 3818, 1227, 1245, 1319, 2436, 1667, 2227, 2663, 3318, 2536, 1876, 1535, 1514, 767, 1981, 1808, 3121, 1285, 1793, 2318, 2987, 1341, 815, 1061, 5107, 4034, 2019, 1056, 2162, 2498, 1449, 4526, 1731, 1604, 2912, 2226, 3587, 2425, 3427, 4825, 2787, 1597, 2832, 3080, 3569, 2684, 2479, 1294, 2130, 4591, 1050, 1978, 3105, 2392, 1710, 415, 2728, 2254, 1884, 4038, 1088, 2852, 1232, 2038, 1601, 4434, 1942, 2396, 3496, 2761, 1712, 4614, 804, 3526, 948, 1642, 1386, 2276, 1118, 4155, 2216, 1251, 2025, 1697, 3304, 595, 1866, 1787, 5979, 922, 576, 2409, 3645, 1435, 1470, 6141, 2008, 2500, 3201, 870, 1384, 2642, 2745, 2895, 879, 1167, 2279, 3163, 4280, 1342, 2131, 2075, 2648, 1981, 2647, 2417, 1528, 2285, 835, 2039, 2526, 1852, 2335, 2317, 1830, 2197, 1697, 2913, 1360, 2909, 1848)
(70, 265): Mean: 2338.48, median: 2137.0, std: 1183.526, percent: 2280.54, B: 132, W: 118, 
	(2163, 3074, 2375, 2887, 2037, 2881, 4069, 3346, 2022, 2397, 2105, 1233, 1985, 3102, 359, 1267, 1277, 2110, 1785, 924, 2133, 2235, 2034, 90, 1955, 5082, 3304, 6972, 2578, 2188, 1459, 1358, 1562, 3066, 1311, 2525, 2848, 1648, 2049, 1104, 2664, 2377, 1463, 2663, 1983, 1547, 1335, 2379, 2268, 2222, 1657, 4179, 1871, 2766, 3292, 2584, 6489, 1773, 3629, 1680, 2034, 1122, 2959, 1869, 1643, 789, 2056, 4446, 4058, 1329, 1659, 2345, 1723, 524, 3380, 2178, 3142, 2497, 991, 3128, 1886, 1626, 2080, 2016, 2022, 2161, 4158, 1816, 1664, 7206, 3919, 1512, 1840, 3913, 2535, 1719, 2339, 481, 1083, 1566, 3001, 5249, 7104, 729, 5078, 1138, 4629, 1565, 3274, 2406, 2287, 3636, 2068, 1728, 2969, 1515, 2177, 1150, 2364, 4081, 1374, 1176, 1294, 2434, 1695, 2538, 2924, 3269, 3195, 1587, 1506, 1331, 783, 2499, 1840, 3008, 969, 2050, 2107, 2893, 1128, 846, 1172, 4097, 4091, 2256, 1049, 2130, 2326, 1425, 4217, 1862, 1636, 2636, 2178, 3006, 2296, 2777, 4558, 2885, 1502, 2638, 3165, 3758, 2522, 2727, 1353, 1839, 4008, 998, 1920, 3008, 2028, 1839, 404, 2449, 2639, 1773, 4264, 1085, 2967, 1181, 2170, 1417, 3581, 1854, 2739, 3463, 3561, 1704, 4347, 1161, 4357, 981, 1576, 1316, 2530, 945, 4527, 2345, 1211, 2141, 1677, 3068, 649, 1899, 1732, 5764, 931, 515, 2532, 4004, 1516, 1485, 6073, 2092, 2190, 2884, 852, 1161, 2630, 2491, 2926, 978, 1207, 2375, 3073, 4145, 1254, 2419, 2144, 2206, 1831, 2678, 2956, 1500, 2158, 776, 2070, 2778, 1861, 2315, 2188, 1822, 1997, 1587, 2615, 1494, 2772, 2032)
(76, 299): Mean: 2310.256, median: 2147.0, std: 1129.721, percent: 2297.56, B: 130, W: 118, 
	(2275, 3029, 2376, 2528, 2099, 2725, 4076, 3465, 2145, 2681, 2046, 1341, 1748, 3136, 353, 1278, 1330, 2332, 1579, 943, 2660, 2052, 2083, 89, 1683, 4846, 3248, 7782, 2375, 2295, 1423, 1357, 1703, 3039, 1285, 2461, 3221, 1496, 2002, 1213, 2439, 2320, 1579, 2147, 1946, 1369, 1217, 2581, 2721, 2131, 1699, 4278, 1668, 2891, 2960, 2634, 4785, 1513, 3640, 1752, 2019, 1193, 3238, 1885, 1829, 834, 2085, 3959, 4375, 1415, 1798, 2201, 1811, 564, 2761, 2341, 3238, 2400, 1258, 3363, 2020, 1545, 2262, 1853, 2018, 2232, 4098, 1660, 1565, 6984, 3150, 1489, 2102, 3502, 2154, 1853, 2443, 468, 1027, 1529, 2888, 5702, 6394, 729, 4277, 1176, 3745, 1456, 2981, 2405, 2750, 3253, 2174, 1591, 3553, 1588, 2162, 1110, 2540, 4301, 1505, 1238, 1327, 2050, 1606, 2435, 2303, 3271, 2622, 1618, 1417, 1381, 657, 2033, 1836, 2962, 1059, 1976, 2181, 3102, 1104, 964, 1104, 4622, 3354, 2245, 953, 2066, 2698, 1495, 4754, 1841, 1662, 3327, 2235, 3544, 2366, 2918, 3940, 2799, 1574, 2865, 3414, 3307, 2793, 2472, 1361, 1839, 3637, 863, 1913, 2657, 2269, 1803, 361, 2770, 2294, 2178, 3618, 1094, 3092, 1414, 2054, 1383, 4089, 2061, 2478, 3405, 3104, 1812, 3682, 1061, 4028, 950, 1645, 1350, 2207, 1147, 4974, 2339, 1196, 1936, 1926, 2760, 621, 1784, 1770, 5181, 1027, 437, 2912, 4314, 1399, 1379, 5246, 2181, 2337, 3448, 969, 1234, 2649, 2568, 2818, 958, 1174, 2473, 3056, 4411, 1627, 2318, 2057, 2312, 1784, 2683, 2537, 1474, 2015, 785, 2072, 2429, 1748, 2347, 2147, 1796, 2158, 1656, 2504, 1393, 2480, 1787)
(80, 319): Mean: 2349.628, median: 2087.5, std: 1189.553, percent: 2364.68, B: 131, W: 118, 
	(2012, 3150, 2387, 2617, 2026, 2772, 4236, 3571, 1996, 2486, 1874, 1241, 1953, 3906, 369, 1370, 1251, 2077, 1658, 928, 2483, 1978, 2101, 92, 1630, 4917, 2891, 7115, 2582, 2431, 1630, 1314, 1485, 3459, 1404, 2526, 3012, 1445, 2235, 1285, 2274, 2320, 1583, 2052, 1879, 1411, 1202, 2437, 2304, 2031, 1730, 3926, 1788, 2725, 3069, 2535, 6475, 1558, 3211, 1731, 2365, 1156, 3071, 1720, 1671, 786, 2083, 4664, 4361, 1349, 1625, 2157, 1800, 533, 3774, 2398, 3632, 2835, 1092, 3529, 2037, 1422, 2195, 1934, 1958, 1990, 3928, 1697, 1704, 6876, 3338, 1437, 1948, 4689, 2788, 1915, 2583, 381, 1038, 1614, 2854, 5377, 5895, 654, 5304, 994, 4177, 1772, 3354, 2594, 2312, 3205, 2154, 1548, 3140, 1604, 1961, 1282, 2402, 4913, 1342, 1070, 1506, 2034, 1676, 2357, 2574, 3241, 2469, 1577, 1451, 1574, 800, 2092, 1596, 3562, 1151, 1768, 2139, 2950, 1038, 953, 1133, 4039, 4263, 2220, 890, 1889, 2700, 1763, 4393, 1630, 1570, 2869, 1897, 3657, 2268, 3412, 5121, 2663, 1625, 2774, 3631, 3253, 2647, 3021, 1309, 1859, 3419, 838, 2002, 3192, 2289, 1826, 387, 2873, 2074, 2436, 3761, 1065, 2977, 1330, 2248, 1589, 4577, 1806, 2398, 3907, 3080, 1765, 4037, 1185, 3400, 947, 1579, 1460, 2281, 1070, 4622, 2192, 1170, 1914, 1702, 2474, 597, 1957, 2022, 5898, 934, 477, 2579, 3962, 1720, 1492, 5799, 2228, 2180, 3033, 852, 1094, 2587, 2439, 3354, 868, 1185, 2174, 3536, 4472, 1424, 2462, 2291, 2374, 1902, 2592, 3120, 1446, 2535, 706, 2190, 2633, 2051, 2736, 1998, 1768, 2072, 1755, 2936, 1443, 2634, 1907)
(84, 339): Mean: 2324.972, median: 2141.5, std: 1163.944, percent: 2311.28, B: 141, W: 109, 
	(2371, 2729, 2510, 2345, 2054, 2754, 4847, 3360, 1877, 2745, 1908, 1526, 1815, 3761, 458, 1383, 1235, 2133, 1712, 875, 2219, 2136, 2062, 88, 1709, 4874, 3173, 7384, 2376, 2147, 1534, 1306, 1882, 3062, 1405, 2583, 3035, 1786, 2179, 1207, 2413, 2252, 1514, 2384, 2106, 1342, 1217, 2240, 1999, 2228, 1644, 3849, 1675, 2235, 2883, 2300, 5105, 1435, 3612, 1726, 2017, 1195, 3123, 1812, 1695, 698, 2111, 4505, 4239, 1352, 1652, 2295, 1674, 527, 3564, 1862, 3459, 2556, 1278, 3094, 1985, 1530, 2111, 2105, 1989, 2265, 4896, 1807, 1672, 6423, 3336, 1420, 2027, 3888, 2551, 1715, 2546, 406, 1153, 1540, 2837, 5026, 5933, 728, 4824, 1037, 3467, 1815, 2933, 2351, 2574, 4276, 1993, 1629, 3253, 1649, 2394, 1247, 2250, 4507, 1313, 1211, 1376, 2241, 1605, 2413, 2425, 3197, 2422, 1693, 1310, 1507, 793, 1894, 1672, 3314, 1037, 1862, 2290, 2738, 1101, 976, 1061, 4655, 4110, 2160, 978, 1948, 2370, 1487, 4282, 1752, 1666, 2840, 2414, 3090, 2367, 3161, 5770, 2976, 1656, 2943, 3368, 3204, 2608, 2559, 1315, 2092, 3515, 782, 1925, 3006, 2311, 1794, 236, 2942, 2176, 2222, 4110, 1016, 3333, 1159, 2197, 1303, 4046, 1839, 2148, 3039, 3301, 1828, 3602, 1135, 5066, 913, 1563, 1359, 2267, 996, 4254, 2393, 1096, 2022, 1830, 3358, 649, 1879, 1911, 6072, 868, 542, 2771, 3666, 1348, 1385, 5576, 2203, 1882, 2787, 764, 1058, 2474, 2784, 3280, 963, 1269, 2395, 3517, 4455, 1430, 2386, 2058, 2279, 1937, 2670, 2417, 1550, 2359, 916, 2532, 2407, 1863, 2282, 2108, 1778, 2514, 1760, 2504, 1265, 3093, 1833)
(86, 349): Mean: 2335.808, median: 2142.5, std: 1179.761, percent: 2290.18, B: 134, W: 116, 
	(2176, 3609, 2302, 2225, 2209, 2766, 4868, 3670, 2128, 2606, 1920, 1210, 1728, 4057, 411, 1446, 1191, 2001, 1831, 911, 2304, 2238, 1795, 85, 1829, 5151, 2936, 7175, 2370, 2231, 1519, 1299, 1724, 3189, 1323, 2788, 3302, 1623, 2059, 1089, 2256, 2722, 1753, 2166, 1829, 1479, 1319, 2288, 2116, 1998, 1819, 4309, 1829, 2449, 3283, 2216, 6468, 1451, 3373, 1679, 1957, 1066, 2965, 1747, 1777, 752, 2039, 4455, 5617, 1609, 1603, 2220, 1833, 542, 3077, 2202, 3045, 2892, 1131, 3042, 2127, 1449, 2290, 2023, 2088, 2045, 4512, 1761, 1623, 6082, 3297, 1495, 1844, 4168, 2429, 1828, 2477, 436, 905, 1699, 2981, 5218, 6071, 750, 4317, 1267, 4443, 1477, 2721, 2542, 2419, 4544, 1992, 1518, 3135, 1713, 2221, 1225, 2312, 4195, 1522, 1182, 1388, 2139, 1828, 2192, 2340, 3151, 2464, 1458, 1384, 1533, 829, 1998, 1657, 2846, 1157, 2102, 2221, 3051, 1081, 804, 1171, 4016, 3988, 2099, 995, 1926, 2541, 1484, 4073, 1797, 1503, 2640, 2304, 3385, 2581, 3689, 4605, 2692, 1496, 2689, 3117, 2830, 2599, 2821, 1444, 2018, 3207, 945, 2134, 2744, 2268, 1862, 330, 2435, 2435, 1998, 3650, 1128, 3112, 1118, 2146, 1445, 4476, 2012, 2446, 3435, 2755, 1715, 4143, 1063, 4619, 994, 1545, 1274, 2445, 1120, 5379, 2316, 1359, 2131, 1792, 3057, 645, 1797, 2036, 5552, 827, 446, 2511, 4232, 1359, 1422, 5667, 2338, 2355, 3157, 731, 1231, 2698, 2372, 3295, 914, 1255, 2302, 3258, 4847, 1315, 2435, 2056, 2256, 1967, 2815, 2793, 1446, 2150, 844, 2307, 2549, 1860, 2625, 2016, 1731, 2184, 1707, 2415, 1367, 2551, 2147)
(89, 362): Mean: 2316.812, median: 2103.0, std: 1140.459, percent: 2382.6, B: 135, W: 115, 
	(2057, 2849, 2824, 2601, 1917, 2730, 3964, 3594, 2460, 2848, 2026, 1288, 2244, 3469, 351, 1302, 1331, 2308, 1692, 1007, 2627, 2073, 1970, 92, 1542, 5169, 2772, 7048, 2504, 2250, 1469, 1363, 1712, 3462, 1325, 2303, 3169, 1653, 2084, 1067, 2352, 2545, 1639, 2183, 1842, 1419, 1258, 2597, 1912, 2156, 1654, 3949, 1918, 2548, 3107, 2345, 4774, 1598, 3447, 1669, 1860, 1119, 2955, 1937, 1642, 787, 2104, 3980, 4872, 1341, 1604, 2039, 1561, 469, 3612, 2195, 3493, 2740, 1176, 3287, 1914, 1472, 2254, 2010, 2339, 1922, 3730, 1628, 1597, 6218, 2956, 1479, 2102, 3649, 2710, 1962, 2689, 423, 1234, 1531, 2692, 4942, 5643, 687, 5239, 1250, 3554, 1404, 2841, 2438, 2420, 3769, 2255, 1629, 3459, 1563, 2449, 1180, 2416, 4289, 1423, 1221, 1364, 2062, 1607, 2175, 2473, 3690, 2584, 1740, 1349, 1465, 784, 1901, 1624, 3068, 993, 1838, 1859, 2920, 1057, 822, 1127, 4051, 3700, 2162, 1065, 1898, 2586, 1476, 4641, 1761, 1585, 2932, 1955, 3285, 2609, 3507, 4262, 2479, 1564, 2370, 3459, 3189, 2572, 2740, 1319, 1895, 3405, 927, 2033, 3648, 2368, 1808, 326, 2675, 2341, 1863, 4203, 1023, 3177, 1222, 2019, 1417, 3754, 1860, 2470, 3556, 2916, 1840, 4154, 1118, 4092, 983, 1514, 1353, 2382, 1038, 4351, 2205, 1159, 1885, 2086, 2808, 676, 1883, 2090, 5804, 832, 479, 2400, 4733, 1607, 1364, 6726, 2273, 2202, 3189, 851, 1147, 2767, 2699, 3053, 891, 1182, 2265, 3001, 4781, 1423, 2403, 2250, 2796, 1789, 2860, 3049, 1497, 2316, 946, 2246, 2631, 1847, 2451, 1744, 1951, 2005, 1772, 2395, 1290, 2567, 1754)
(90, 368): Mean: 2332.6, median: 2098.5, std: 1132.367, percent: 2357.54, B: 125, W: 124, 
	(2158, 2925, 2631, 2511, 1916, 3056, 4369, 4051, 2250, 3123, 1863, 1370, 2151, 3239, 310, 1354, 1265, 2057, 1840, 1022, 2233, 2476, 1951, 89, 1838, 5318, 2755, 6122, 2440, 2373, 1547, 1313, 1676, 3268, 1456, 2648, 3452, 1637, 2058, 1140, 2686, 2306, 1634, 2135, 2167, 1316, 1272, 2395, 2069, 2134, 1703, 4038, 1891, 2613, 3367, 2563, 4854, 1593, 3684, 1877, 2006, 1203, 3404, 1791, 1546, 736, 2480, 4284, 4288, 1298, 1662, 2025, 1715, 529, 3351, 2092, 3755, 2644, 1128, 3712, 2007, 1547, 2436, 1956, 1967, 2388, 3658, 1790, 1745, 6960, 3094, 1411, 2280, 3712, 2713, 1955, 2567, 383, 967, 1561, 3036, 5307, 5917, 777, 4093, 1158, 3407, 1477, 3526, 2621, 2641, 3395, 2066, 1563, 3565, 1589, 2028, 1105, 1955, 4569, 1319, 1232, 1465, 2303, 1891, 2098, 2473, 3239, 2329, 1566, 1149, 1474, 790, 2384, 1543, 3023, 1029, 1856, 2108, 2727, 1164, 850, 1140, 3911, 3921, 2230, 1025, 1968, 2532, 1363, 4821, 1635, 1877, 2823, 2415, 3186, 2428, 3419, 4238, 2735, 1546, 2729, 3276, 3170, 2559, 2674, 1349, 1949, 3422, 1108, 1722, 3438, 2092, 1684, 331, 2655, 2291, 2547, 3621, 1166, 3252, 1501, 2389, 1563, 3842, 1768, 2192, 3421, 2851, 1798, 4860, 1025, 4312, 1089, 1657, 1327, 2080, 898, 4470, 2242, 1215, 2097, 1877, 3296, 628, 1830, 2051, 5546, 924, 455, 2960, 4122, 1456, 1457, 5665, 2143, 2012, 3322, 837, 1155, 2565, 2379, 3052, 897, 1132, 2068, 3491, 5328, 1432, 2291, 2099, 2296, 1825, 2453, 2718, 1591, 2219, 944, 2481, 2937, 1883, 2301, 1881, 1929, 1992, 1757, 2588, 1270, 2641, 2028)
(91, 371): Mean: 2335.996, median: 2182.5, std: 1134.722, percent: 2288.6, B: 129, W: 120, 
	(2035, 2852, 2507, 2693, 2046, 2706, 3761, 3757, 2112, 2739, 1846, 1569, 1938, 3241, 367, 1264, 1300, 2011, 1591, 994, 2603, 2110, 1956, 89, 1537, 4846, 2723, 6260, 2593, 2309, 1407, 1244, 1650, 3168, 1365, 2496, 2931, 1568, 2288, 1197, 2926, 2808, 1610, 2046, 2107, 1416, 1257, 2761, 2230, 2170, 1766, 4189, 1885, 2660, 2960, 2382, 4961, 1506, 3847, 1807, 1856, 1062, 3539, 1813, 1832, 778, 2208, 4105, 5433, 1233, 1678, 2073, 1917, 576, 3066, 1953, 3341, 2293, 1076, 3576, 2102, 1523, 2209, 2328, 2075, 2280, 4352, 1847, 1396, 7357, 2986, 1533, 2076, 3510, 2778, 1948, 2478, 423, 905, 1557, 2924, 5204, 5537, 747, 5037, 1167, 3556, 1635, 3466, 2290, 2325, 3879, 2119, 1659, 3800, 1482, 2193, 1015, 2593, 4553, 1427, 1299, 1259, 2446, 1727, 2474, 2525, 3395, 2718, 1603, 1410, 1432, 705, 2249, 1667, 3029, 1261, 1834, 2420, 2692, 1090, 955, 1110, 5059, 3963, 2186, 1033, 2273, 2653, 1763, 4029, 1941, 1698, 2904, 2143, 3126, 2573, 3049, 4363, 2771, 1571, 3040, 3764, 2887, 2738, 2748, 1314, 2214, 3611, 940, 2109, 3142, 2298, 1845, 313, 2608, 2081, 2258, 3855, 1062, 3183, 1511, 2277, 1573, 4032, 1837, 2179, 3679, 2947, 1739, 3929, 952, 3196, 1139, 1660, 1384, 2526, 964, 4819, 2223, 1130, 1875, 1777, 2696, 721, 1983, 1834, 5539, 939, 427, 2957, 3929, 1274, 1519, 5589, 2228, 2265, 3412, 965, 1132, 2444, 2773, 2901, 1052, 1240, 2274, 3271, 4942, 1307, 2206, 1860, 2348, 1878, 3269, 2528, 1567, 2411, 838, 2282, 2409, 1936, 2406, 1864, 1859, 2083, 1724, 2544, 1365, 2679, 1932)
(92, 374): Mean: 2345.844, median: 2124.5, std: 1203.054, percent: 2344.42, B: 131, W: 118, 
	(2035, 2825, 2303, 2276, 2402, 2989, 4203, 3633, 2322, 2722, 2014, 1213, 2130, 3977, 345, 1238, 1326, 1994, 1699, 969, 2330, 2217, 1925, 84, 1775, 5109, 3168, 7693, 2564, 2290, 1530, 1427, 1593, 3292, 1223, 2708, 3006, 1569, 2244, 1253, 2682, 2384, 1440, 2771, 1658, 1358, 1393, 2507, 1943, 2425, 1769, 4023, 1689, 2569, 3389, 2690, 5584, 1504, 3405, 2023, 1958, 1191, 3158, 1848, 1722, 922, 2351, 4035, 4986, 1299, 1677, 2150, 1727, 528, 3457, 1988, 3151, 3210, 1080, 3215, 1921, 1593, 2210, 1959, 2062, 2088, 4649, 1704, 1772, 7247, 2725, 1460, 2094, 3427, 2699, 1828, 2304, 387, 1067, 1561, 2592, 5120, 6349, 751, 5016, 1188, 3823, 1570, 3004, 2341, 2114, 3423, 2071, 1722, 3838, 1567, 2316, 1293, 2303, 4080, 1333, 1219, 1418, 2311, 1599, 2489, 2883, 3387, 2658, 1641, 1417, 1487, 800, 2129, 1680, 3265, 1154, 1803, 2262, 2812, 1071, 894, 1113, 5626, 3751, 2127, 1149, 2087, 2536, 1392, 4795, 1832, 1568, 2877, 2298, 3727, 2572, 3048, 4356, 3200, 1565, 2232, 3489, 3336, 2524, 2588, 1328, 1918, 3653, 972, 2224, 3028, 2276, 1903, 342, 2824, 2291, 2011, 3754, 1052, 2992, 1307, 2221, 1447, 4139, 1756, 2122, 2940, 2992, 1669, 3972, 1115, 3659, 1051, 1546, 1302, 2104, 1113, 4916, 2027, 1164, 2109, 1819, 3098, 649, 1815, 1941, 6022, 867, 545, 2816, 3629, 1368, 1323, 7032, 2193, 2158, 3601, 764, 1200, 3227, 2294, 3482, 882, 1232, 2281, 3321, 4140, 1291, 2390, 2111, 2077, 1914, 2536, 2160, 1446, 2438, 850, 2183, 2111, 1859, 2383, 1873, 1865, 2175, 1838, 2668, 1406, 2773, 1964)
(94, 382): Mean: 2335.96, median: 2152.5, std: 1151.738, percent: 2330.92, B: 127, W: 122, 
	(2191, 2858, 2559, 2407, 2140, 2694, 3891, 3987, 1940, 2597, 1853, 1329, 1755, 3607, 376, 1350, 1380, 1902, 1663, 939, 2597, 2290, 1933, 92, 1729, 5617, 3056, 6955, 2277, 2344, 1415, 1230, 1413, 3293, 1389, 2310, 3047, 1656, 2062, 1174, 2425, 2629, 1469, 1998, 1888, 1400, 1334, 2609, 1980, 2212, 1786, 3271, 1888, 2403, 3047, 2504, 5511, 1645, 3613, 1800, 1946, 1058, 3868, 1805, 1812, 766, 2208, 4215, 3996, 1302, 1657, 2261, 1736, 511, 3576, 2101, 3494, 2405, 1081, 3398, 1877, 1594, 2329, 2083, 1985, 2257, 4393, 1760, 1711, 7051, 2950, 1470, 2397, 3702, 2525, 1747, 2670, 478, 1118, 1561, 2786, 4841, 5552, 823, 4719, 1331, 3787, 1541, 3252, 2641, 2332, 3996, 2050, 1602, 3326, 1532, 2227, 1049, 2247, 5000, 1332, 1256, 1544, 2383, 1673, 2380, 2491, 4228, 2610, 1669, 1233, 1485, 786, 2193, 1604, 3223, 1123, 2110, 2214, 3130, 1148, 845, 1194, 3924, 3752, 2054, 1062, 2023, 2480, 1638, 4417, 1607, 1842, 2777, 2475, 3566, 2321, 3726, 5026, 2900, 1519, 2808, 3205, 3207, 2809, 2439, 1349, 1866, 4224, 992, 2067, 3251, 2385, 1734, 406, 2688, 2419, 2166, 4151, 979, 3010, 1278, 2044, 1407, 3697, 2053, 2307, 3242, 2623, 1696, 3998, 1056, 3802, 1024, 1438, 1253, 2531, 1167, 4881, 2261, 1162, 2126, 1750, 2791, 594, 1956, 1757, 5907, 908, 459, 2745, 3421, 1527, 1401, 5694, 2134, 2336, 3351, 871, 1379, 2944, 2580, 3148, 918, 1122, 2067, 3276, 4667, 1372, 2715, 2150, 2492, 1808, 2597, 2656, 1439, 2407, 869, 2241, 2571, 1920, 2346, 2080, 2068, 1908, 1667, 2490, 1342, 2633, 2155)
(95, 388): Mean: 2337.876, median: 2107.0, std: 1177.84, percent: 2352.52, B: 127, W: 122, 
	(1846, 2940, 2593, 2308, 2035, 2787, 3639, 3733, 1973, 2900, 2076, 1289, 1930, 3520, 375, 1347, 1363, 1941, 1923, 881, 2557, 2090, 2088, 86, 1776, 5877, 2881, 7621, 2564, 2332, 1428, 1325, 1778, 3782, 1319, 2681, 3187, 1562, 2051, 1372, 2751, 2196, 1636, 2134, 2072, 1569, 1328, 2528, 2088, 2292, 2052, 3703, 1614, 2648, 2855, 2730, 5759, 1448, 3786, 1904, 2075, 1147, 3241, 1943, 1677, 887, 2140, 4336, 4859, 1336, 1755, 2188, 1736, 564, 3862, 2082, 3387, 2517, 1255, 2855, 1878, 1555, 2199, 1926, 2339, 2095, 3736, 1769, 1671, 6191, 3321, 1570, 1987, 3512, 2646, 1811, 2498, 463, 846, 1551, 2650, 5229, 5160, 750, 5206, 1245, 4214, 1582, 3357, 2291, 2434, 4233, 2026, 1669, 3764, 1587, 2120, 1112, 2082, 4850, 1305, 1159, 1419, 2261, 1782, 2236, 2261, 3569, 2580, 1757, 1469, 1637, 822, 2179, 1586, 3395, 1006, 1992, 1966, 3455, 1159, 883, 1232, 4944, 3583, 2161, 1004, 1994, 2440, 1297, 4304, 1655, 1544, 2737, 2361, 2995, 2427, 3355, 3987, 2653, 1825, 2712, 3126, 3673, 2563, 2701, 1367, 2016, 3323, 980, 2119, 3004, 2187, 1859, 394, 2638, 2236, 1887, 4200, 976, 3126, 1289, 2300, 1467, 4391, 1831, 2394, 3483, 3108, 1669, 4727, 903, 3716, 1139, 1556, 1258, 2314, 1017, 5182, 2191, 1199, 2017, 1592, 3129, 744, 1867, 1583, 6282, 884, 643, 2692, 3685, 1453, 1426, 6373, 2373, 2236, 3247, 962, 1097, 2502, 2702, 3265, 1008, 1171, 2176, 3099, 4252, 1412, 2147, 2177, 2221, 1942, 2328, 2333, 1478, 2382, 758, 2225, 2393, 1848, 2190, 1887, 1954, 1910, 1753, 2748, 1285, 2362, 1863)
(96, 394): Mean: 2340.032, median: 2120.5, std: 1151.299, percent: 2261.74, B: 128, W: 122, 
	(1966, 3422, 2750, 2670, 1957, 2659, 4196, 3485, 2151, 2881, 2071, 1296, 1974, 3539, 399, 1297, 1214, 1926, 1801, 964, 2763, 2043, 1871, 88, 1593, 5579, 2860, 6976, 2339, 2457, 1463, 1262, 1519, 3261, 1437, 2334, 3444, 1689, 2045, 1136, 2523, 2363, 1647, 2307, 2295, 1383, 1187, 3114, 2076, 2278, 1559, 4621, 1889, 2597, 3249, 2798, 4755, 1639, 3060, 1678, 1974, 1107, 3196, 1937, 1691, 752, 2255, 4233, 4538, 1232, 1809, 2592, 1797, 537, 3198, 2276, 3539, 2659, 1047, 3159, 2000, 1633, 2031, 1973, 2449, 2135, 4686, 1897, 1541, 5534, 3185, 1513, 2054, 4098, 2625, 1842, 2507, 445, 878, 1611, 2828, 5186, 6467, 677, 4569, 1199, 4533, 1630, 2901, 2198, 2455, 4230, 2127, 1694, 3807, 1623, 2074, 1244, 1991, 4699, 1323, 1262, 1243, 2240, 1468, 2120, 2492, 3264, 2606, 1692, 1297, 1566, 758, 2032, 1805, 3127, 1206, 1668, 2222, 3095, 1141, 841, 1085, 5167, 3991, 2327, 1188, 2121, 2529, 1562, 4496, 1692, 1793, 2695, 2238, 3104, 2848, 3343, 4052, 2670, 1575, 2369, 3299, 3112, 2515, 2539, 1316, 1980, 3273, 990, 2010, 2973, 2426, 1787, 345, 2935, 2844, 2248, 4299, 1045, 3086, 1226, 2185, 1487, 4052, 1953, 2411, 3026, 2940, 1803, 3667, 973, 4064, 1170, 1577, 1247, 2221, 1211, 4313, 2111, 1188, 2040, 1979, 3180, 706, 1851, 1606, 6159, 882, 542, 2560, 4631, 1509, 1397, 5757, 2330, 2595, 3802, 830, 1352, 2464, 2628, 2678, 911, 1202, 2018, 3017, 4083, 1411, 2293, 2063, 2368, 2026, 2594, 2587, 1507, 2178, 795, 2328, 2338, 1801, 2538, 2077, 1920, 1997, 1696, 2496, 1392, 2680, 1962)
(97, 395): Mean: 2337.92, median: 2122.0, std: 1187.962, percent: 2285.58, B: 136, W: 113, 
	(1934, 2605, 2675, 2160, 1998, 2774, 4527, 3595, 2099, 2678, 1937, 1305, 1842, 3687, 389, 1290, 1371, 2111, 1846, 896, 2412, 1974, 1888, 83, 1729, 6446, 2785, 7888, 2681, 2129, 1445, 1316, 1973, 3407, 1278, 2205, 3115, 1441, 1951, 1087, 2662, 2433, 1623, 2597, 2251, 1387, 1186, 2978, 2116, 2246, 1700, 4426, 1628, 2551, 2957, 2281, 4908, 1721, 3232, 1855, 1767, 1070, 3398, 2005, 1602, 680, 2120, 3744, 3788, 1443, 1566, 2227, 1980, 525, 3193, 2060, 3919, 3192, 1237, 3102, 1921, 1555, 2000, 2196, 2362, 2241, 4182, 1655, 1766, 6807, 3119, 1446, 2196, 3878, 2383, 2060, 2393, 432, 1066, 1572, 3132, 5683, 6033, 708, 5452, 1070, 4162, 1519, 3340, 2378, 2388, 4589, 2208, 1769, 4021, 1453, 1946, 1128, 2122, 4604, 1331, 1242, 1515, 2077, 1806, 2034, 2600, 3263, 2774, 1297, 1488, 1413, 853, 2270, 1562, 2506, 1117, 1999, 2017, 2969, 1074, 840, 1162, 4440, 3875, 2210, 1119, 1821, 2817, 1486, 4244, 1650, 1844, 2836, 2263, 3415, 2565, 3296, 3659, 2591, 1585, 2442, 3151, 2763, 2662, 2520, 1424, 2238, 3115, 1069, 1910, 2898, 2426, 1931, 390, 2921, 2302, 2358, 4024, 1081, 3621, 1184, 2202, 1414, 4078, 1814, 2333, 3175, 3261, 1835, 4436, 1107, 3788, 1050, 1642, 1304, 2313, 895, 4933, 2282, 1374, 1969, 1841, 2680, 583, 1807, 1547, 5847, 944, 491, 3068, 4316, 1511, 1330, 5344, 2145, 2122, 3096, 834, 1147, 2643, 2803, 2995, 874, 1125, 2210, 3312, 4632, 1344, 2387, 1843, 2438, 1943, 2707, 2524, 1533, 2285, 827, 2008, 3199, 1726, 2347, 2006, 1785, 2248, 1722, 2559, 1266, 2764, 1969)
(99, 404): Mean: 2355.156, median: 2174.0, std: 1189.541, percent: 2357.42, B: 126, W: 123, 
	(2227, 3135, 3080, 2392, 1995, 2482, 4215, 3496, 2383, 2974, 1795, 1306, 2339, 3578, 431, 1329, 1494, 2057, 1626, 1030, 2384, 1947, 2054, 84, 1708, 4738, 3004, 6515, 2265, 2486, 1365, 1356, 1625, 2988, 1356, 2497, 3113, 1475, 2287, 1202, 2483, 2444, 1531, 2120, 2251, 1423, 1247, 2528, 2068, 2117, 1680, 3866, 1944, 2525, 3171, 2334, 5921, 1597, 3791, 1851, 2009, 1120, 3770, 1725, 1582, 761, 2070, 4193, 4321, 1333, 1721, 2266, 1887, 531, 3385, 1881, 3546, 2785, 1059, 3295, 2012, 1660, 2421, 1976, 2218, 2147, 4470, 1762, 1764, 7831, 3307, 1404, 2255, 4169, 2679, 1727, 2888, 396, 1061, 1506, 3063, 5642, 6727, 795, 5322, 1251, 3837, 1514, 3082, 2377, 2130, 3308, 2067, 1744, 3405, 1522, 2302, 1172, 2256, 4297, 1290, 1313, 1396, 2378, 1568, 3056, 2681, 3314, 2567, 1554, 1469, 1584, 752, 2049, 1615, 3289, 1352, 1834, 2090, 2785, 1180, 920, 1048, 4111, 4216, 2171, 1182, 1803, 2705, 1620, 4678, 1524, 1580, 2971, 2372, 3471, 2550, 3901, 3951, 2402, 1591, 2434, 3201, 3382, 2428, 2495, 1429, 2264, 3485, 959, 2282, 2866, 2255, 1956, 367, 2758, 2521, 2045, 4479, 1050, 3810, 1269, 2219, 1426, 3954, 2032, 2288, 2871, 3077, 1746, 3977, 1070, 3624, 1061, 1461, 1328, 2237, 1015, 4819, 2145, 1153, 1955, 1731, 2791, 579, 1966, 1636, 5732, 913, 480, 3044, 3717, 1468, 1481, 6735, 2363, 2121, 3382, 919, 1203, 2504, 2522, 2890, 925, 1228, 2178, 3525, 4686, 1335, 2252, 2066, 2526, 1882, 2603, 2661, 1604, 2407, 899, 2578, 2455, 1744, 2334, 2026, 1969, 2177, 1659, 2472, 1418, 2581, 1935)

Test:
No precond: Mean: 2592.604, median: 2352.0, std: 1519.819, percent: 2529.58, flag: 0 
	(2715, 3282, 1557, 1481, 1423, 2980, 3195, 2731, 1380, 2780, 1495, 1795, 3861, 2497, 1855, 5326, 1754, 2960, 1031, 2180, 1684, 2459, 3415, 2315, 1903, 3423, 3107, 3160, 3374, 3941, 4662, 3559, 1161, 1245, 3558, 2969, 3725, 1639, 1477, 3869, 3320, 6252, 1375, 1875, 5584, 1445, 2099, 2905, 2729, 2771, 1480, 2672, 7109, 1779, 2954, 1828, 727, 5473, 994, 1297, 787, 3694, 4521, 964, 1115, 2510, 2567, 2456, 4175, 1527, 3330, 3103, 1477, 1830, 2180, 4166, 2169, 1831, 1153, 2741, 1895, 1605, 2252, 2600, 3160, 2033, 1833, 2774, 2543, 1617, 4484, 1367, 1275, 2072, 1826, 2838, 2664, 1801, 1197, 2737, 1040, 2636, 2346, 1430, 1508, 2029, 1736, 4343, 1414, 3173, 1124, 1584, 3280, 1240, 2642, 4265, 797, 2604, 917, 4074, 1436, 1928, 1950, 2652, 1800, 3900, 1279, 2694, 3649, 2458, 4169, 2547, 3402, 1714, 1691, 1446, 2681, 913, 1558, 1055, 2080, 3700, 1279, 2857, 4512, 1538, 3853, 3347, 2776, 1559, 2349, 3624, 2630, 4464, 2012, 3256, 2319, 1953, 1974, 3550, 4354, 3636, 1414, 1315, 2670, 3524, 1695, 2636, 4325, 3461, 1281, 1103, 1788, 2137, 2967, 3297, 1898, 2708, 1847, 1905, 1559, 4220, 3213, 2158, 1575, 3177, 4262, 4759, 3788, 17905, 2791, 3112, 1466, 2755, 2109, 1207, 2338, 6169, 3747, 2537, 1779, 4299, 2083, 2753, 1789, 2201, 3160, 1479, 3154, 3006, 3411, 2750, 1106, 1831, 1183, 1215, 2191, 2386, 1303, 1641, 2211, 2355, 3382, 2195, 1351, 1144, 6040, 2498, 1572, 926, 1814, 1437, 4131, 2224, 1971, 2960, 3458, 3446, 1192, 1606, 7213, 2780, 949, 2455, 4755, 3646, 2313, 1324, 2841, 3238)

Last: Mean: 2403.616, median: 2241.0, std: 1166.451, percent: 2366.84, B: 191, W: 59, flag: 2 
	(2797, 3113, 1298, 1381, 1439, 2971, 3220, 2671, 1061, 3061, 1414, 1613, 2955, 2244, 1800, 4586, 1710, 2778, 1202, 1758, 1468, 2397, 2835, 2243, 1666, 3152, 3016, 2960, 3029, 4064, 4061, 2911, 1380, 1412, 2995, 2566, 3711, 1507, 1138, 3551, 3036, 5368, 1350, 1647, 5244, 1348, 1804, 2596, 2680, 2974, 1388, 2556, 6362, 1847, 3170, 1659, 724, 5802, 985, 1129, 700, 2838, 3270, 824, 1231, 2396, 2015, 2318, 3981, 1435, 3122, 3526, 1484, 1651, 1968, 3945, 2125, 1838, 1052, 2677, 1746, 1396, 1834, 2569, 2827, 1561, 1953, 2482, 2655, 1602, 4908, 1144, 1115, 1878, 1655, 3314, 2829, 2280, 1018, 2585, 988, 2482, 2239, 1608, 1430, 2065, 1473, 3540, 1307, 2770, 965, 1511, 3067, 1135, 2445, 3404, 665, 2486, 808, 4483, 1401, 1735, 1961, 2568, 1632, 3546, 1305, 3164, 3784, 2703, 4262, 2490, 3444, 1672, 1478, 1475, 2585, 860, 1207, 849, 1887, 3467, 1074, 2839, 5049, 1543, 4411, 3530, 2405, 1411, 2847, 3228, 2149, 5231, 1584, 2851, 2077, 1699, 1964, 2815, 3561, 3602, 1368, 1363, 2419, 2958, 1619, 2753, 3328, 2974, 1095, 1045, 1745, 2694, 2669, 2999, 1774, 3135, 1986, 1672, 968, 3390, 4145, 2025, 1412, 2994, 3409, 4577, 3646, 7638, 2657, 2939, 1293, 2265, 1989, 960, 1962, 4778, 3059, 2139, 1781, 4390, 2018, 3023, 1777, 2015, 2630, 1425, 2927, 2939, 3166, 2342, 1276, 2022, 1121, 985, 2226, 2663, 1194, 1450, 1845, 2153, 3543, 2086, 1052, 851, 5014, 2258, 1402, 931, 1633, 1619, 3946, 2035, 1905, 3707, 3225, 3320, 1168, 1446, 7801, 2768, 1054, 2786, 3562, 3085, 2118, 1128, 2416, 3070)

[0.12282599 0.05557691 0.09207194 0.13035608 0.1425518  0.07735456
 0.09452279 0.16715756 0.1131013  0.13169917]
