
13/02/2026, 14:57:07
Config file: ./config/config_mean_0.ini
Train:
(0, 4): Mean: 4239.552, median: 3703.0, std: 2381.837, percent: 4160.06, B: 250, W: 0, 
	(4714, 2767, 2826, 9519, 3199, 6461, 2456, 2493, 2854, 3760, 3998, 3130, 3014, 5590, 5663, 2795, 6030, 5674, 5258, 3290, 2193, 2707, 5151, 5206, 6546, 2404, 2226, 3309, 2401, 2871, 5867, 3411, 5158, 1960, 2604, 10309, 3912, 2782, 5399, 2263, 1778, 4239, 4699, 4689, 5290, 8450, 5273, 1407, 5593, 3676, 1128, 3920, 4239, 615, 4773, 10513, 4269, 1959, 5449, 5058, 7544, 6491, 5991, 2926, 3653, 17343, 3467, 2221, 1484, 5237, 2038, 4936, 3291, 3421, 4375, 2985, 1590, 2248, 3955, 1709, 2442, 2649, 4650, 2634, 3108, 2913, 2483, 2759, 3214, 3291, 2904, 1699, 10698, 4600, 3799, 4015, 2138, 3736, 3826, 1036, 6833, 4889, 4924, 4188, 3466, 6496, 2302, 1059, 2003, 7557, 4903, 2166, 5934, 2120, 5911, 2415, 5504, 3319, 3161, 2449, 6093, 6424, 3718, 1446, 3053, 11155, 5002, 1491, 4493, 2092, 2618, 3466, 3773, 8589, 4147, 1838, 10563, 2497, 3278, 4072, 7806, 5866, 5618, 2866, 9517, 4523, 4255, 3563, 6008, 3677, 3625, 9352, 2556, 2353, 4897, 1446, 4241, 5553, 12346, 2381, 4728, 4097, 3221, 3227, 2454, 7107, 8446, 2366, 2980, 9317, 1532, 4992, 1861, 1360, 7810, 5467, 2420, 4511, 2863, 8033, 3118, 2446, 3189, 4707, 2738, 2509, 745, 4812, 2116, 7786, 5163, 8953, 1940, 3688, 5065, 4920, 4523, 1952, 5921, 6703, 2678, 4889, 2966, 5828, 7745, 2492, 6831, 7692, 1700, 789, 2272, 3227, 2138, 1381, 5070, 1225, 6213, 6105, 1863, 3948, 4396, 6280, 2408, 1714, 4821, 3197, 7421, 2738, 3746, 4940, 1881, 4480, 3149, 3742, 8128, 2561, 2843, 2201, 6566, 2954, 3031, 3525, 7383, 2505, 13174, 4060, 3050, 3800, 4052, 5762)
(1, 5): Mean: 4144.492, median: 3595.5, std: 2350.077, percent: 4146.82, B: 141, W: 109, 
	(4290, 2440, 3078, 10349, 3622, 6146, 3149, 2705, 2810, 3724, 4072, 3524, 3027, 5704, 4550, 2399, 6099, 6069, 4719, 2821, 2305, 2526, 5133, 4634, 5386, 2124, 2617, 3079, 2219, 2442, 6270, 3232, 5483, 2174, 2702, 12118, 3579, 2675, 5417, 2164, 1720, 3872, 4916, 4405, 4762, 9528, 6288, 1566, 4957, 3552, 1116, 3461, 3775, 635, 4273, 8535, 3576, 2231, 3825, 5071, 7439, 5832, 7248, 2683, 4038, 17353, 3102, 1950, 1744, 4017, 1982, 5420, 3299, 3371, 4018, 2979, 1938, 2137, 3615, 1747, 2440, 2688, 4287, 2851, 3153, 2985, 2260, 2888, 3316, 3491, 3213, 1561, 10427, 3856, 3611, 5083, 2579, 3726, 3768, 952, 6638, 4952, 5080, 4137, 3654, 6115, 2373, 1372, 2034, 6889, 4674, 2429, 6904, 2111, 4203, 2191, 4682, 3091, 3076, 2437, 5802, 5207, 3845, 1357, 3058, 8896, 5064, 1395, 4496, 2254, 2877, 3335, 3482, 8151, 3906, 1998, 11739, 2438, 3018, 3869, 7734, 5072, 4850, 2879, 7225, 3987, 4917, 3567, 6116, 3213, 2834, 9423, 2756, 2527, 4686, 1397, 3690, 6055, 10593, 2792, 4844, 3605, 2955, 3126, 2164, 6055, 8418, 2339, 3152, 10288, 1498, 5429, 1595, 1403, 7057, 5472, 2577, 5469, 2698, 7403, 3526, 2184, 2936, 4900, 2646, 2563, 768, 4263, 2284, 7491, 4798, 6651, 1851, 3581, 5074, 3979, 4677, 1811, 5182, 7748, 2526, 4213, 2703, 6400, 7559, 2536, 7173, 7156, 1657, 927, 2359, 2991, 2127, 1399, 4713, 1396, 5724, 6066, 1872, 5085, 3900, 5520, 2663, 1674, 4026, 3982, 7535, 2500, 3905, 5776, 1559, 4657, 3635, 3709, 8928, 2502, 2799, 2220, 7109, 2354, 2558, 3692, 5756, 2551, 14388, 4021, 3349, 3586, 3172, 6826)
(2, 8): Mean: 4113.276, median: 3605.5, std: 2269.394, percent: 4132.32, B: 125, W: 123, 
	(3765, 2329, 3420, 11041, 3134, 6029, 2737, 2627, 2738, 3539, 4013, 3090, 3325, 5502, 4482, 2617, 6157, 6140, 4042, 2709, 2118, 2531, 4459, 4269, 5924, 2469, 2310, 3173, 2217, 2924, 6738, 3008, 6347, 2000, 2723, 13713, 4070, 2876, 5902, 1931, 1851, 4119, 3958, 4370, 4833, 8707, 5111, 1565, 5358, 3811, 1104, 4005, 3989, 771, 4797, 10324, 3458, 1960, 4596, 5273, 6952, 7341, 7181, 2703, 4657, 13339, 3186, 1927, 1497, 4594, 2212, 4809, 3894, 3449, 4086, 3106, 1946, 2306, 4330, 1618, 2431, 2382, 4741, 2771, 3153, 3062, 2596, 2933, 3561, 3574, 2947, 1411, 11239, 4060, 3514, 3798, 2097, 3789, 4186, 962, 6842, 4089, 4403, 4767, 3745, 6762, 2257, 963, 2034, 6382, 5276, 2014, 6206, 1870, 4819, 2375, 5496, 3015, 2725, 2438, 6031, 5137, 3284, 1536, 2969, 10277, 4704, 1573, 5191, 2347, 2280, 3532, 4062, 8678, 4148, 1833, 11093, 2352, 3260, 3928, 6172, 5040, 4240, 2813, 8695, 4514, 5225, 3637, 5959, 2835, 2940, 6921, 2859, 2368, 4550, 1435, 3460, 5621, 10761, 2426, 5441, 3313, 2976, 2972, 2228, 7181, 8865, 2080, 3227, 10120, 1455, 4653, 1657, 1300, 7308, 5433, 2362, 4170, 2992, 7675, 3517, 2269, 2855, 4597, 2428, 2370, 745, 4552, 2227, 6290, 5777, 6330, 2021, 3365, 4411, 3862, 5354, 2005, 5707, 7360, 2992, 4239, 2522, 5438, 8015, 2397, 7302, 7199, 1950, 815, 2346, 3053, 2051, 1351, 4332, 1212, 5980, 5641, 1976, 3910, 4076, 6298, 2285, 1776, 3732, 3222, 6379, 2554, 3903, 5364, 1555, 5270, 4047, 4029, 7378, 2716, 2896, 2147, 5781, 2419, 3045, 3653, 5894, 2595, 11497, 3908, 3261, 4391, 3039, 6436)
(36, 211): Mean: 4096.704, median: 3572.0, std: 2228.047, percent: 4145.44, B: 119, W: 131, 
	(3759, 2588, 2543, 11948, 2877, 6781, 2713, 2770, 2854, 3767, 4663, 3182, 3008, 5074, 4516, 2704, 5289, 5338, 4049, 2701, 2052, 2768, 5227, 4430, 7569, 2253, 2192, 3148, 2204, 2889, 6056, 3725, 5568, 2073, 2665, 12971, 3620, 2561, 4688, 2068, 1595, 3767, 3971, 5028, 4410, 9319, 5469, 1712, 4457, 3296, 1115, 3987, 3949, 595, 3973, 8738, 3784, 2081, 4083, 4955, 6909, 6251, 6945, 2748, 4689, 12022, 3337, 2078, 1520, 4545, 2160, 5018, 3903, 3431, 4608, 3072, 1907, 2227, 3527, 1627, 2643, 2699, 4179, 2697, 3129, 3096, 2372, 2747, 3469, 3123, 3314, 1552, 8606, 4495, 3701, 4133, 2491, 3706, 4014, 1031, 7068, 5348, 4081, 4730, 3235, 5587, 2202, 1375, 1964, 6599, 4799, 2440, 5529, 2279, 4936, 2274, 4912, 3139, 2856, 2301, 5824, 5189, 3518, 1316, 2920, 11043, 5208, 1470, 4394, 2322, 2607, 3344, 4112, 7451, 3789, 1748, 10132, 2426, 3375, 4230, 7230, 5957, 4269, 2736, 7694, 3799, 4625, 3583, 5948, 3173, 3525, 9128, 2651, 2469, 4413, 1443, 3498, 6571, 11364, 2609, 5001, 2906, 3006, 2697, 2040, 6688, 9369, 2213, 3030, 9314, 1544, 5841, 1820, 1356, 7550, 5379, 2371, 4589, 2730, 8180, 3722, 2327, 2816, 4059, 2520, 2770, 726, 4066, 2318, 7128, 4283, 6451, 2055, 3635, 4831, 4094, 5088, 2126, 6289, 7908, 3271, 4233, 2824, 6526, 9059, 2402, 7441, 6800, 1510, 846, 2187, 3507, 1835, 1445, 4596, 1345, 6320, 5406, 2038, 3997, 4084, 5549, 2118, 1909, 3336, 2979, 6591, 2663, 3920, 5345, 1705, 5215, 3281, 5084, 7338, 2854, 2760, 2393, 6017, 2424, 2450, 3688, 6485, 2510, 11587, 4741, 3026, 3561, 3040, 6486)
(53, 310): Mean: 4092.248, median: 3637.5, std: 2205.337, percent: 4024.38, B: 117, W: 133, 
	(3807, 2570, 2920, 8805, 3076, 6968, 2956, 2669, 3428, 3804, 4005, 2830, 3481, 5264, 4123, 2628, 5527, 5307, 4424, 2879, 2223, 2334, 5051, 4261, 5409, 2224, 2235, 3218, 2214, 2886, 5755, 3083, 5586, 2126, 2917, 9890, 4143, 2731, 5566, 2300, 1788, 3898, 4528, 4792, 4801, 11712, 5345, 1533, 4543, 3332, 1187, 3683, 3928, 666, 4167, 8864, 3486, 2005, 4261, 5836, 7607, 7057, 7863, 2403, 4308, 13907, 3494, 2050, 1598, 4446, 2127, 5244, 3912, 3091, 4290, 3263, 1848, 2095, 3994, 1749, 2540, 2919, 4380, 2993, 3351, 3072, 2345, 2902, 3113, 3620, 3048, 1372, 10213, 4020, 4168, 4434, 2296, 3481, 4074, 948, 6908, 4278, 4261, 4221, 3062, 5621, 2358, 1310, 2107, 6960, 4322, 2298, 5561, 1997, 5074, 2290, 6167, 2690, 3871, 2333, 6580, 5862, 3127, 1353, 3199, 10759, 4403, 1473, 4881, 2031, 2493, 3065, 3903, 7596, 3944, 1732, 10997, 2711, 2995, 3973, 5766, 5529, 4130, 2755, 9111, 4270, 5311, 4089, 4408, 3262, 2845, 8556, 2925, 2180, 4799, 1370, 3208, 5385, 10784, 2436, 4686, 3107, 2897, 2922, 2128, 6811, 9573, 2196, 3307, 11362, 1405, 5206, 1608, 1274, 6617, 4584, 2211, 4622, 3439, 7413, 3695, 2300, 2790, 4680, 2643, 2679, 694, 4726, 2447, 7486, 5102, 6671, 1964, 3381, 4396, 4364, 4342, 1834, 6109, 7401, 2660, 4155, 2579, 6487, 7880, 2602, 6844, 6895, 1778, 834, 2623, 3029, 2148, 1382, 4248, 1127, 5353, 6105, 2044, 4679, 4379, 5672, 2304, 1759, 3393, 3008, 7034, 2869, 3632, 5364, 1775, 5424, 3532, 3644, 8229, 3035, 2800, 2146, 4978, 2810, 2786, 3831, 7736, 2598, 8392, 4589, 3643, 4009, 3770, 5899)
(54, 314): Mean: 4072.524, median: 3560.0, std: 2211.263, percent: 4043.36, B: 129, W: 121, 
	(3495, 2661, 2906, 8614, 2807, 5454, 2702, 2468, 2919, 4034, 4394, 3084, 2835, 5683, 5126, 2361, 5221, 6134, 4356, 2870, 2035, 2397, 5248, 4105, 6177, 2175, 2409, 2967, 2281, 2905, 5304, 3518, 4584, 2217, 3479, 9426, 3813, 2519, 4995, 2240, 1577, 3771, 4932, 4941, 4703, 8765, 5816, 1641, 5013, 3622, 1065, 3955, 4016, 724, 4514, 8086, 3500, 1778, 4340, 5370, 7965, 6979, 6719, 2927, 3642, 14751, 3108, 2387, 1400, 4312, 2188, 5168, 4083, 3362, 4241, 3802, 1768, 2082, 3850, 1592, 2287, 2665, 4066, 2475, 2992, 3298, 2414, 2425, 3318, 3649, 3465, 1479, 10417, 4146, 4826, 4244, 2362, 3547, 3840, 932, 6806, 4400, 4973, 4575, 3419, 6260, 2487, 1596, 2131, 5490, 4313, 2383, 5970, 2025, 5210, 2148, 5578, 2878, 3016, 2180, 5789, 6580, 3506, 1402, 3061, 11666, 4926, 1333, 4430, 2091, 2609, 2949, 4048, 8137, 4129, 1872, 9598, 2459, 2960, 3500, 7211, 6257, 4803, 2830, 9428, 4640, 4535, 3077, 5650, 3135, 3104, 7302, 2777, 2403, 4030, 1270, 3282, 5896, 12790, 2518, 4365, 3322, 3087, 2739, 2103, 6951, 9669, 2259, 3069, 8637, 1311, 5129, 1728, 1286, 7421, 4205, 2375, 4910, 2947, 7102, 3222, 2095, 2769, 4737, 2624, 2632, 718, 4670, 2599, 8033, 4576, 7922, 1850, 3033, 4911, 3952, 4200, 1778, 6096, 6931, 2610, 3920, 2666, 5636, 7853, 2972, 6991, 7583, 1762, 798, 2194, 3149, 2048, 1381, 4526, 1361, 5119, 5985, 1948, 4617, 3623, 5543, 2556, 1770, 3719, 3393, 5921, 3005, 3817, 5418, 1828, 4853, 3809, 4098, 8546, 2852, 2642, 2092, 5855, 2433, 2554, 3612, 6624, 2464, 11116, 4307, 3573, 4172, 3202, 5611)
(55, 319): Mean: 4063.152, median: 3555.5, std: 2154.71, percent: 4110.38, B: 128, W: 122, 
	(3761, 2814, 2858, 8684, 3248, 6205, 2993, 2661, 2720, 3595, 4345, 3462, 3255, 5678, 4587, 2421, 4976, 5435, 3991, 2755, 2019, 2777, 4826, 4267, 6122, 2565, 2212, 3338, 2348, 2758, 6071, 3506, 6089, 2193, 2655, 10918, 3841, 2596, 4881, 2033, 1757, 4037, 3362, 4489, 4541, 6769, 5922, 1534, 4588, 3547, 1068, 4347, 4596, 691, 3911, 9138, 4037, 2071, 4141, 5441, 7241, 6025, 8572, 2759, 3701, 13204, 2792, 1930, 1455, 4994, 2212, 4721, 3566, 3149, 4237, 3273, 1647, 2119, 4044, 1675, 2118, 2757, 3974, 2744, 3023, 3204, 2569, 2709, 3449, 3422, 3018, 1622, 10088, 4868, 3727, 4829, 2130, 3230, 4074, 1031, 7571, 4674, 5348, 4619, 3194, 6285, 2180, 1370, 2190, 6913, 4204, 2114, 6976, 1844, 4729, 2653, 5157, 2844, 2745, 2279, 6344, 6223, 3361, 1401, 2799, 11706, 5001, 1327, 5086, 2198, 2460, 3249, 3554, 6641, 4181, 1861, 10220, 2412, 3008, 3843, 5812, 6218, 5122, 2919, 7242, 4402, 5086, 3794, 5549, 3650, 2966, 6705, 2875, 2288, 4647, 1393, 3774, 6096, 12367, 2574, 5153, 3435, 2867, 2971, 2144, 7603, 9925, 2215, 3151, 8727, 1581, 5081, 1722, 1433, 7337, 5289, 2297, 4347, 2988, 6655, 3353, 2473, 3027, 4493, 2298, 2460, 802, 4965, 2501, 6901, 4555, 7377, 1995, 3681, 5260, 4454, 5012, 1953, 5820, 7650, 2820, 3911, 2929, 5946, 7356, 2503, 7095, 6927, 1913, 885, 2353, 3118, 1969, 1336, 4317, 1109, 5216, 5701, 1972, 4837, 3557, 5268, 2463, 1659, 3967, 3333, 5889, 2619, 3345, 4234, 1729, 5086, 3761, 3927, 7732, 3042, 2732, 2023, 5638, 2483, 2443, 3842, 6006, 2462, 10665, 4284, 3351, 4150, 3271, 6072)
(105, 616): Mean: 4062.344, median: 3586.0, std: 2158.134, percent: 4068.42, B: 122, W: 128, 
	(3920, 2596, 2632, 7553, 3312, 6292, 2443, 2689, 2938, 3631, 3940, 3423, 3579, 5715, 5016, 2835, 4856, 5426, 4240, 2917, 2239, 2371, 5139, 4504, 5362, 2122, 2193, 2856, 2313, 2772, 5595, 3591, 5703, 2313, 3348, 9484, 4641, 2319, 5415, 2040, 1825, 3897, 4540, 5197, 4473, 9181, 7206, 1644, 5621, 3592, 1096, 3789, 3254, 746, 4041, 10150, 3695, 1898, 4482, 5511, 6444, 5811, 6058, 2743, 3737, 15034, 3129, 2263, 1363, 4813, 2282, 4592, 3891, 3637, 4138, 3207, 1637, 2116, 4166, 1612, 2515, 2641, 4431, 2861, 3106, 3058, 2476, 2446, 3601, 3494, 3300, 1511, 9953, 3868, 3705, 3620, 2132, 3883, 4100, 1036, 7726, 4949, 4965, 4127, 3081, 5525, 2294, 1066, 2018, 5810, 4844, 2117, 6684, 2067, 5020, 2501, 4901, 3236, 3275, 2256, 6095, 5870, 3528, 1335, 2914, 8931, 4996, 1290, 4634, 2304, 2503, 3230, 4349, 7106, 4339, 1887, 9726, 2266, 3269, 3790, 6119, 6070, 3987, 2810, 8804, 3874, 4984, 3495, 5516, 3237, 3263, 7290, 2908, 2289, 5051, 1346, 3619, 4924, 11543, 2497, 4934, 3458, 3082, 2654, 2541, 6380, 10193, 2296, 3177, 7636, 1649, 4755, 1678, 1232, 6830, 4551, 2336, 4640, 2871, 9199, 3719, 2216, 3161, 4052, 2431, 2611, 727, 4408, 2370, 6910, 5507, 6508, 1976, 3412, 5600, 4112, 4800, 1849, 6203, 6181, 2867, 4594, 2674, 7271, 9256, 2695, 6420, 6429, 1671, 905, 2163, 3445, 2225, 1256, 5029, 1188, 5169, 6673, 1963, 3973, 3339, 5745, 2285, 1937, 4125, 3443, 6626, 3145, 3571, 5527, 1597, 5259, 3785, 3581, 7106, 3070, 2857, 2122, 5263, 2701, 2602, 3094, 6240, 2408, 11734, 4522, 3134, 3463, 3024, 6599)

Test:
No precond: Mean: 4021.504, median: 3399.0, std: 2185.551, percent: 4021.18, flag: 2 
	(1658, 4942, 2055, 2715, 1618, 13110, 2311, 3297, 4258, 3214, 5670, 2264, 2619, 3132, 2683, 9263, 2876, 4349, 5872, 3447, 5319, 6818, 3080, 2230, 6240, 2369, 2825, 3451, 4857, 6612, 3387, 2942, 4850, 3044, 4979, 9585, 4109, 10943, 2654, 4217, 1941, 2666, 2661, 3408, 3639, 7538, 2982, 5030, 9065, 2434, 2526, 3561, 2133, 5663, 2361, 2155, 6871, 7273, 1709, 3050, 1766, 2287, 6200, 3106, 3066, 3812, 2167, 5072, 2276, 4610, 3697, 3093, 3192, 3947, 9052, 2673, 12278, 2547, 3425, 1443, 3078, 4834, 3868, 5314, 1760, 2553, 2559, 1186, 4372, 4522, 2464, 3668, 3957, 3054, 3144, 2689, 2871, 5572, 6644, 2320, 3368, 2622, 2133, 2350, 8771, 5403, 1558, 5244, 6158, 2011, 2226, 4244, 3437, 3117, 4731, 7142, 2907, 4571, 3786, 4250, 3628, 2884, 6402, 2998, 3936, 3609, 3522, 1733, 4118, 9358, 4105, 5469, 4666, 2360, 9970, 2831, 3477, 12259, 2401, 2873, 3150, 6484, 2917, 2089, 5225, 3387, 1823, 3809, 3972, 1209, 2174, 1103, 6572, 7784, 5445, 5410, 8609, 1881, 2628, 5514, 3186, 1525, 4880, 3253, 2449, 2811, 4000, 3166, 3828, 1675, 2976, 4522, 5671, 4582, 3333, 3136, 8332, 3480, 1783, 2782, 2097, 2065, 3966, 913, 3919, 1473, 4695, 2627, 7942, 1163, 3686, 6052, 2925, 1799, 4690, 3053, 3368, 2887, 12053, 5089, 7254, 6055, 1238, 2161, 6073, 3177, 3690, 2122, 4810, 2511, 5869, 1941, 3108, 4370, 1540, 4931, 3960, 3556, 5552, 2009, 3159, 2914, 7547, 3729, 3095, 3952, 2963, 9173, 4436, 6775, 3378, 1532, 3020, 3087, 3897, 8442, 2417, 3390, 1491, 1709, 3954, 2704, 5287, 3455, 5915, 3820, 3781, 5465, 7068, 1581)

Last: Mean: 4021.256, median: 3437.0, std: 2273.651, percent: 4003.62, B: 126, W: 123, flag: 0 
	(1563, 4605, 1800, 2344, 1683, 13248, 2106, 2840, 3732, 2905, 4688, 2421, 2843, 3639, 3042, 11643, 2857, 4321, 6093, 3106, 5096, 8850, 3137, 2158, 6095, 2778, 3118, 3174, 5355, 6048, 3740, 2803, 4541, 3220, 4740, 9660, 4573, 11468, 2343, 3615, 1838, 2434, 2816, 4051, 3663, 6965, 3322, 4438, 8518, 2578, 2523, 3962, 2529, 5678, 2061, 2319, 6550, 6189, 1654, 2776, 1803, 2021, 5517, 3419, 2978, 4153, 2200, 4450, 2534, 5381, 3515, 3312, 3728, 3808, 8326, 2741, 16570, 3240, 3626, 1547, 3665, 5532, 3871, 4690, 1670, 2342, 2345, 1331, 4102, 4035, 2603, 3799, 3713, 3006, 3545, 3051, 2615, 4308, 6576, 2315, 3504, 2704, 1908, 2301, 7709, 5853, 1941, 4702, 6363, 1887, 2028, 4943, 3662, 3106, 5171, 9267, 2803, 4600, 4279, 4484, 3281, 2488, 6829, 2382, 3707, 3453, 3941, 1876, 5000, 7266, 4916, 5316, 5330, 2972, 13590, 3146, 3421, 11005, 2505, 2955, 3176, 7074, 3143, 2174, 5267, 2712, 1869, 3488, 3922, 1100, 2522, 1228, 7145, 6872, 6006, 5914, 9312, 1709, 2341, 5805, 3028, 1499, 3794, 3011, 2411, 2834, 4210, 3103, 4662, 1792, 3063, 5845, 5391, 4122, 3160, 2866, 7328, 3264, 1840, 3373, 1951, 1890, 4378, 1027, 4188, 1557, 4133, 2431, 8724, 1331, 3431, 4850, 2893, 1752, 3973, 3204, 3054, 2541, 10282, 4209, 6541, 5804, 1652, 2900, 6343, 3096, 4582, 2284, 4245, 2795, 5890, 1941, 3800, 3259, 1555, 5695, 3038, 3115, 4786, 1958, 3010, 3257, 5414, 3342, 3062, 3551, 3569, 9126, 3544, 5759, 3443, 1698, 3105, 2985, 4000, 7137, 2321, 3488, 1580, 1550, 3724, 3226, 3701, 3665, 6990, 4072, 3761, 4279, 7459, 1611)

[ 0.00628651  0.03613715  0.119878    0.00524501 -0.02678347  0.0410453
  0.11372937  0.04735405  0.04489384 -0.04508907]

14/02/2026, 01:02:03
Config file: ./config/config_mean_1.ini
Train:
(1, 7): Mean: 4253.192, median: 3670.0, std: 2364.885, percent: 4102.52, B: 250, W: 0, 
	(5370, 2458, 2381, 2890, 3794, 4873, 9744, 3535, 4130, 11915, 3108, 4346, 3746, 3049, 1794, 4148, 9017, 11037, 9334, 2850, 2616, 5412, 2794, 3805, 1741, 1572, 4495, 1612, 4318, 4044, 4781, 6206, 4459, 1378, 6653, 2550, 4009, 2872, 2970, 1872, 2018, 2202, 965, 6002, 2858, 4715, 4267, 2947, 2564, 5392, 4172, 6525, 3581, 3612, 4807, 3424, 2378, 5873, 10174, 4909, 1823, 3634, 5533, 2822, 5301, 3707, 4110, 1998, 9669, 2603, 4374, 1344, 4147, 4121, 3034, 3168, 6542, 3032, 2415, 4662, 2809, 4993, 8563, 5133, 2889, 5542, 3510, 1284, 2659, 10941, 4627, 5440, 2237, 1951, 2474, 4092, 10211, 14162, 2644, 6475, 857, 3269, 2973, 3607, 2200, 5769, 2034, 4333, 4884, 3718, 4882, 9099, 4888, 5263, 2492, 2674, 5692, 1607, 3468, 4431, 5095, 4906, 1800, 3318, 6074, 3873, 4491, 2627, 2927, 4187, 9856, 3777, 1641, 3707, 11733, 2205, 9070, 1292, 3275, 3587, 3072, 7646, 3449, 5125, 4337, 4627, 8829, 2966, 10673, 1657, 1485, 2329, 3652, 6101, 3449, 8732, 5397, 3059, 3468, 3120, 4468, 1257, 2889, 6791, 4052, 5309, 9437, 4374, 4574, 7396, 8893, 3688, 3279, 2479, 8635, 3803, 6057, 4388, 4600, 4767, 2906, 3928, 3239, 4547, 9558, 5189, 3636, 7655, 4121, 3509, 2164, 5114, 1654, 3541, 2081, 3037, 3228, 4122, 5184, 2871, 2410, 4008, 1250, 2036, 2602, 5030, 5964, 10150, 3420, 6662, 1866, 3384, 1935, 5566, 3153, 3631, 2735, 2144, 5727, 1962, 4831, 4962, 1524, 1511, 1984, 759, 3502, 5400, 4104, 2579, 827, 3636, 7020, 1889, 8643, 1721, 4011, 2898, 2838, 6834, 1507, 3541, 3041, 2546, 8195, 3505, 5859, 2668, 2583, 1833)
(7, 40): Mean: 4181.436, median: 3666.5, std: 2323.166, percent: 4083.98, B: 142, W: 108, 
	(5250, 2283, 2419, 2684, 3726, 5474, 8629, 3554, 4104, 11242, 3190, 4765, 3978, 2829, 1708, 3491, 8383, 8865, 8371, 2836, 2499, 5049, 2782, 3667, 1522, 1576, 4207, 1653, 3861, 3777, 4353, 6074, 4248, 1216, 6696, 3146, 3721, 2713, 2722, 2011, 1973, 2130, 1028, 5713, 2953, 4513, 4484, 2915, 2801, 5499, 3719, 6691, 3496, 3676, 4797, 3466, 2231, 5154, 7670, 4843, 1818, 3998, 6125, 3213, 5003, 3589, 5046, 1766, 10160, 2358, 5154, 1361, 4406, 3368, 2697, 3999, 7643, 3078, 2307, 4706, 2585, 4716, 10537, 5019, 2911, 6004, 3199, 1560, 2527, 12524, 4142, 5277, 2097, 1899, 2454, 3775, 7267, 15017, 2557, 5357, 740, 3059, 2449, 3446, 1991, 4939, 1811, 4460, 3550, 3444, 4010, 9513, 4924, 5656, 2899, 2831, 5511, 1495, 4331, 5378, 6621, 4865, 1893, 3406, 6020, 3918, 4259, 2841, 3156, 4245, 7665, 3126, 1876, 3609, 9512, 2128, 9035, 1264, 2980, 3129, 3218, 7177, 2883, 5110, 3666, 4675, 8373, 3132, 10762, 1716, 1187, 2196, 3790, 7491, 3828, 8381, 5434, 3866, 3543, 2823, 4825, 1275, 2885, 7328, 4133, 4570, 9636, 4180, 5034, 5825, 10391, 5116, 3445, 2782, 6803, 3588, 6589, 3707, 4045, 4618, 2909, 3752, 3381, 2815, 9637, 6243, 3094, 7739, 4452, 3150, 2102, 3748, 1587, 3394, 2369, 3025, 3067, 4553, 5542, 2777, 2834, 4536, 1148, 1814, 2226, 4344, 5340, 10415, 3997, 5427, 2221, 3507, 2145, 5316, 3356, 3807, 2534, 1959, 5130, 1846, 5404, 4595, 1530, 1695, 1810, 834, 3115, 6043, 3776, 3146, 1026, 3956, 6885, 1939, 9963, 1705, 3955, 2603, 2634, 7254, 1436, 3224, 2894, 2644, 7488, 3650, 6050, 2842, 1959, 1810)
(66, 392): Mean: 4153.776, median: 3673.0, std: 2164.703, percent: 4155.14, B: 123, W: 127, 
	(3946, 2534, 2579, 2575, 3510, 5444, 8347, 3278, 4469, 11005, 3673, 4316, 3396, 3171, 1866, 3864, 8645, 9812, 8694, 2667, 2481, 4366, 2956, 3447, 1529, 1678, 3792, 1612, 4198, 3986, 6055, 7997, 3894, 1103, 6929, 2970, 3184, 3088, 2758, 1892, 2324, 2145, 869, 5740, 3169, 4960, 4598, 3574, 2568, 5550, 4395, 6958, 3304, 3076, 4596, 3898, 2327, 5478, 8898, 4569, 1633, 3607, 6128, 3002, 5908, 4348, 4765, 1750, 8338, 2494, 5360, 1314, 4258, 3394, 2780, 3500, 6326, 2938, 2270, 4645, 3383, 4544, 9080, 4784, 2512, 7080, 3674, 1648, 2565, 9195, 4889, 5970, 2436, 1966, 2436, 4282, 8134, 10784, 2347, 6148, 861, 3337, 3393, 3699, 2166, 5323, 1760, 4220, 3832, 3345, 4083, 9563, 4248, 4926, 2843, 2948, 4835, 1349, 3580, 4655, 5568, 4870, 2053, 3479, 5699, 3622, 4227, 3304, 3134, 3999, 7668, 3538, 1742, 3705, 11790, 1995, 7097, 1282, 3253, 4048, 3130, 8240, 3164, 5941, 4402, 4518, 7757, 3717, 11064, 1736, 1371, 2506, 3563, 6635, 3763, 7752, 5235, 3508, 3021, 2815, 5111, 1236, 2841, 7072, 4543, 4891, 8903, 3673, 4465, 6625, 8798, 4328, 3165, 2343, 9114, 3698, 6593, 4413, 4284, 4246, 2893, 4040, 3893, 3030, 9014, 4471, 3781, 8111, 4244, 3424, 2345, 4825, 1713, 3588, 2467, 3101, 2898, 4503, 4953, 2950, 2620, 3691, 1242, 1678, 2517, 4141, 5475, 8244, 3568, 5766, 2079, 3502, 2152, 5291, 2939, 3046, 2434, 2056, 6067, 2054, 5704, 4080, 1609, 1516, 1758, 894, 3296, 5630, 5117, 3018, 966, 3714, 6316, 1798, 8193, 1743, 4907, 2911, 2783, 5978, 1576, 3431, 2984, 2380, 7694, 3114, 5205, 2661, 2404, 1722)

Test:
No precond: Mean: 32830.548, median: 3877.0, std: 447076.006, percent: 4455.44, flag: 6 
	(2779, 2777, 5500, 8090, 1490, 1413, 5954, 1592, 1477, 3484, 2824, 4399, 2314, 3420, 1386, 3442, 3345, 10404, 4211, 5108, 7833, 2679, 7435, 3362, 3024, 2317, 5011, 1627, 2137, 2746, 6013, 3964, 2143, 4626, 3272, 2853, 3052, 1830, 4328, 6493, 6864, 4771, 2531, 4661, 2972, 5958, 377, 4257, 1411, 1799, 8509, 2893, 3969, 1843, 797, 4595, 11984, 2779, 4736, 5624, 5379, 6089, 3368, 4568, 2429, 1712, 7711, 4566, 4013, 2481, 5060, 5155, 3951, 2245, 3325, 7077, 3569, 5290, 7301, 2602, 13055, 2224, 6745, 2395, 3490, 6168, 4617, 6249, 3461, 2818, 3217, 3210, 8691, 7346, 2605, 2176, 11410, 5110, 2520, 6737, 1904, 3895, 3095, 4471, 1618, 4668, 10537, 2359, 6164, 4928, 4347, 8158, 6936, 3942, 7736, 3744, 4627, 2624, 3968, 2468, 4234, 3991, 10308, 2045, 1331, 2349, 5749, 2581, 1707, 4292, 618, 5075, 7769, 30535, 1131, 3053, 8283, 2766, 8418, 4339, 4981, 2291, 1539, 2484, 2513, 2357, 2127, 5056, 6188, 6037, 10030, 3918, 10762, 2811, 8885, 5233, 1717, 5104, 2353, 2147, 3819, 8224, 2881, 2156, 2087, 3507, 2319, 2321, 6888, 3099, 1209, 4303, 4822, 3855, 4724, 4972, 2165, 4107, 1955, 1925, 4391, 1960, 5092, 10765, 4227, 5384, 1664, 3393, 7227, 7087402, 3859, 4684, 6424, 6143, 7218, 2340, 1081, 6001, 3737, 5819, 2042, 3679, 3726, 3658, 2806, 1005, 5588, 1726, 5823, 3829, 8076, 1815, 13789, 3833, 5575, 726, 10876, 6427, 14807, 1486, 2408, 1774, 11705, 4108, 2791, 13647, 4947, 2403, 2450, 4601, 2324, 2558, 4696, 3976, 4483, 2356, 4523, 3441, 2717, 5653, 4906, 2146, 3419, 6519, 9197, 2652, 3644, 2848, 4675, 9714)

Last: Mean: 50674.488, median: 3836.5, std: 727283.878, percent: 4485.8, B: 110, W: 138, flag: 2 
	(3441, 2418, 4688, 8249, 1477, 1620, 5681, 1742, 1471, 3457, 2425, 4378, 2458, 3689, 1335, 2992, 3840, 10486, 3559, 5448, 7828, 3002, 6947, 3082, 3588, 2320, 4361, 1709, 2596, 2757, 5329, 3465, 2004, 4500, 3176, 2899, 3388, 1877, 4997, 5858, 6228, 4942, 2365, 4291, 3094, 5346, 364, 3959, 1439, 1701, 8173, 2902, 4408, 1758, 833, 5333, 12163, 3154, 4581, 5697, 6067, 6022, 3821, 4934, 2352, 1686, 7557, 5189, 3834, 2364, 5920, 5734, 3991, 2460, 3388, 7734, 3779, 4874, 6717, 2948, 14218, 2418, 7820, 2147, 3696, 6006, 4479, 5336, 3828, 2674, 3153, 3229, 9663, 8101, 2730, 2058, 12377, 4801, 2373, 6553, 1767, 3956, 2917, 4948, 1663, 5232, 10695, 2443, 6362, 5664, 4217, 7739, 6419, 3949, 6904, 3839, 3705, 2587, 4044, 2597, 4462, 3599, 13466, 1832, 1281, 2532, 4760, 2816, 1868, 3823, 640, 5023, 8692, 31827, 1263, 3106, 6485, 3182, 9466, 4352, 5215, 1973, 1716, 2545, 18490, 2302, 2127, 5579, 6830, 5941, 9390, 3683, 9141, 3050, 7200, 5034, 1628, 5055, 2458, 2178, 4066, 9841, 3555, 2543, 2233, 3313, 2376, 2332, 8160, 3580, 1209, 5245, 4524, 3250, 5238, 4516, 2538, 5056, 2040, 1776, 3887, 2003, 5714, 10629, 4651, 4774, 1673, 3003, 6560, 11526908, 4470, 6910, 7298, 5979, 6874, 2692, 1140, 6613, 3572, 6762, 1941, 3771, 3132, 5665, 2897, 1190, 5827, 1739, 6158, 4010, 6829, 1823, 8672, 3779, 5580, 698, 10022, 6992, 13036, 1325, 2136, 1898, 13832, 3327, 3202, 11709, 3898, 2731, 2635, 4623, 2592, 2524, 5382, 3911, 4114, 2510, 4633, 3010, 2803, 5876, 5433, 1904, 3255, 7011, 7478, 2454, 4020, 2918, 4529, 7729)

[ 0.04159246  0.04108091 -0.00543727 -0.06515786  0.04526779  0.02231873
 -0.02684766 -0.00499775  0.01822862  0.01470662]


14/02/2026, 14:22:05
Config file: ./config/config_mean_0.ini
Data:
	1d_laplace_size: 45
	amount: 250
	params: 1 0.3
	seed: 0
	dim: 2025
Solver:
	tol: 1e-10
	max_iteration: None
Learn:
	iteration_count: 100
	step_range: 0.1
	method: mean
	seed: 0
	scale: 1 0.5 0.25
Precondition:
	num_coef: 10

Train:
(0, 1): Mean: 2591.2, median: 2329.0, std: 1410.292, percent: 2501.12, B: 250, W: 0, 
	(3216, 1561, 2097, 12965, 3539, 2525, 1376, 2481, 1256, 2814, 1743, 1904, 1529, 2306, 3465, 1645, 3252, 4612, 2724, 3527, 2000, 1269, 2610, 1485, 2047, 1859, 1246, 3125, 2054, 2283, 3541, 2887, 3894, 1347, 1279, 2256, 1556, 2242, 2381, 2355, 1289, 2931, 1647, 2251, 1914, 3900, 1989, 1331, 6312, 2741, 1178, 2409, 1593, 496, 1779, 5438, 896, 923, 5241, 3295, 2739, 4575, 3009, 2157, 3080, 4833, 2226, 1484, 750, 2799, 1856, 4900, 3134, 2405, 2318, 2446, 1628, 1161, 1863, 1614, 1475, 1365, 3205, 1496, 1695, 1783, 1465, 927, 1716, 1731, 1604, 1005, 2613, 2724, 6266, 3319, 1291, 1332, 2339, 1288, 2499, 4330, 2060, 3324, 2723, 1936, 1171, 584, 2037, 3697, 3572, 1390, 3001, 1284, 1346, 2444, 2291, 2041, 1452, 2637, 4581, 2114, 2361, 1042, 3247, 1797, 2399, 1892, 1597, 2548, 1640, 3245, 2066, 5901, 2004, 2198, 5193, 2390, 2484, 2412, 3279, 7284, 3183, 1674, 3125, 2709, 4828, 2663, 4052, 3435, 1976, 3817, 2040, 1934, 2390, 939, 5645, 3175, 6368, 2107, 3657, 2599, 1928, 1987, 1075, 3664, 2447, 2116, 2440, 3087, 756, 2892, 948, 1046, 2210, 1720, 2609, 1841, 1494, 4337, 3482, 2233, 2442, 2460, 2673, 1186, 1045, 6866, 2337, 3719, 2460, 1761, 1228, 3891, 3006, 2395, 3900, 1606, 3523, 3846, 2321, 4806, 1760, 1976, 2503, 1276, 3264, 3372, 2189, 535, 2532, 3437, 2027, 1357, 1862, 622, 3058, 2793, 1541, 3658, 1945, 4435, 4119, 1642, 3336, 2532, 6331, 1822, 3205, 2911, 1852, 6228, 2946, 1909, 5979, 1972, 2101, 1650, 2479, 1584, 1315, 2232, 2939, 1603, 5381, 2648, 3405, 3430, 1993, 3100)
(1, 2): Mean: 2536.032, median: 2277.0, std: 1316.949, percent: 2453.58, B: 134, W: 115, 
	(3019, 1593, 1889, 11576, 2736, 2575, 1309, 2589, 1187, 3006, 1868, 2074, 1501, 2618, 4375, 1596, 3500, 4430, 2762, 4306, 1639, 1131, 2380, 1394, 2137, 1996, 1329, 2667, 2373, 2436, 3820, 2768, 3990, 1350, 1440, 2432, 1711, 2472, 2700, 2379, 1250, 3496, 1815, 2137, 1559, 3430, 1620, 1381, 5593, 2596, 1259, 2311, 1403, 345, 1896, 5939, 849, 910, 4650, 2935, 2611, 3632, 3498, 2157, 2907, 5191, 2179, 1378, 700, 2578, 1636, 3806, 2544, 2428, 2005, 2276, 1709, 1156, 1906, 1513, 1764, 1258, 2938, 1409, 1699, 1902, 1387, 1038, 1731, 1672, 1490, 893, 2527, 2509, 5834, 3076, 1261, 1355, 2626, 1149, 2497, 4693, 1669, 2827, 2699, 1935, 1206, 655, 2211, 3766, 3628, 1316, 2691, 1415, 1217, 2187, 1991, 2055, 1450, 2788, 4720, 2263, 2386, 901, 2581, 1946, 2801, 2222, 1551, 2276, 1620, 2719, 2399, 5970, 2077, 2061, 3846, 2344, 2706, 2470, 3000, 7247, 2817, 1899, 3230, 2716, 4464, 2588, 3804, 3270, 1921, 3741, 1831, 2154, 2148, 896, 4626, 2902, 5868, 2047, 3387, 2714, 2158, 1990, 1111, 3434, 2651, 2274, 2334, 3302, 832, 3104, 967, 1023, 2337, 1768, 2402, 1826, 1604, 3604, 3548, 1925, 2278, 1942, 2762, 1312, 1236, 6897, 2193, 3278, 2138, 1764, 1136, 3375, 2880, 2337, 4439, 1733, 4060, 3051, 2032, 4865, 1668, 1982, 2123, 1408, 3555, 4063, 2206, 531, 2257, 3438, 2343, 1634, 1749, 705, 3341, 2529, 1825, 3342, 2422, 4253, 3749, 1693, 3219, 2894, 5697, 1832, 3408, 3043, 1896, 5493, 3254, 2158, 6011, 2030, 2000, 1642, 2095, 1524, 1253, 2412, 2810, 1438, 5316, 2858, 3000, 3274, 2080, 2873)
(16, 88): Mean: 2528.58, median: 2259.0, std: 1307.596, percent: 2437.4, B: 126, W: 123, 
	(3416, 1501, 1853, 11539, 3197, 2292, 1482, 2344, 1315, 2799, 1945, 1968, 1559, 2497, 3835, 1546, 3820, 4348, 2369, 4197, 1673, 1167, 2535, 1426, 2169, 1796, 1288, 2990, 2031, 2089, 3735, 2631, 4420, 1282, 1295, 2352, 1625, 2700, 2364, 2456, 1210, 2838, 1818, 2207, 1667, 3732, 1760, 1282, 5920, 2723, 1158, 2315, 1534, 377, 1978, 5547, 749, 1099, 4209, 3431, 2904, 3852, 3020, 2509, 2928, 4599, 2403, 1489, 728, 2779, 1594, 4474, 3011, 2534, 1980, 2137, 1697, 1225, 2214, 1452, 1675, 1233, 2891, 1336, 1780, 1569, 1289, 858, 1625, 1940, 1632, 1144, 3076, 2399, 5763, 3066, 1272, 1395, 2554, 1150, 2442, 4581, 1651, 3097, 3052, 1942, 1199, 658, 2155, 3014, 3440, 1410, 2449, 1356, 1336, 2062, 2081, 2277, 1359, 2454, 5275, 2147, 2164, 877, 2878, 2172, 2802, 2033, 1640, 2695, 1524, 2697, 1950, 4730, 2111, 2022, 4197, 2233, 2506, 2452, 3003, 6708, 2830, 1749, 3271, 2560, 4349, 2354, 3849, 3926, 1937, 3615, 1983, 2137, 2140, 921, 4205, 3400, 5314, 1936, 3851, 2428, 1921, 2156, 1152, 3333, 2601, 2241, 2288, 3092, 742, 3135, 1192, 1023, 2138, 1811, 2422, 1768, 1428, 4054, 4005, 2001, 2172, 2339, 2820, 1320, 1060, 6898, 2172, 3372, 2325, 1674, 1110, 3394, 2779, 2406, 4089, 1534, 3751, 3350, 2126, 6169, 1788, 1885, 2141, 1412, 3094, 3323, 2340, 455, 2646, 3097, 1992, 1418, 1734, 753, 3398, 2597, 1602, 3551, 2087, 4537, 3275, 1856, 2890, 2634, 6654, 1878, 3031, 3304, 1847, 5800, 3858, 2297, 5480, 2224, 1799, 1499, 2159, 1526, 1368, 2190, 3162, 1599, 4025, 2395, 3107, 3311, 2293, 3309)
(44, 251): Mean: 2519.172, median: 2245.0, std: 1334.971, percent: 2439.24, B: 127, W: 123, 
	(2778, 1481, 1925, 11867, 3276, 2233, 1302, 2173, 1322, 2944, 1761, 1848, 1591, 2280, 3777, 1543, 3686, 4526, 2319, 3944, 1720, 1188, 2603, 1635, 2119, 1953, 1221, 2332, 2247, 2379, 3985, 2699, 4260, 1321, 1078, 2247, 1554, 2007, 2415, 2280, 1224, 2999, 1613, 2095, 1930, 3739, 1726, 1241, 6571, 2494, 1069, 2199, 1619, 408, 1832, 5495, 951, 1087, 4905, 2854, 2564, 4188, 3099, 2315, 2935, 5386, 2787, 1514, 780, 2600, 1724, 4909, 2587, 2557, 1832, 2314, 1791, 1224, 2154, 1664, 1806, 1291, 3532, 1430, 1829, 1602, 1640, 904, 1693, 1830, 1665, 956, 2786, 2441, 7314, 3169, 1257, 1356, 2253, 1120, 2310, 4669, 1870, 3140, 2919, 1858, 1117, 683, 2019, 3354, 3225, 1459, 2646, 1562, 1286, 2141, 2026, 2160, 1338, 2503, 4838, 1952, 2511, 861, 3030, 2034, 2464, 2012, 1421, 2496, 1771, 2471, 2124, 5952, 2393, 2049, 4537, 2128, 2646, 3018, 2935, 6373, 3576, 1757, 3310, 2799, 3769, 2243, 3733, 2915, 2024, 3790, 1911, 2284, 1878, 987, 4331, 2999, 5559, 1768, 4258, 2920, 2133, 2008, 1057, 2918, 2893, 2194, 2298, 2994, 836, 2967, 972, 969, 2278, 1642, 2443, 1704, 1366, 3432, 3576, 1920, 2160, 2307, 2842, 1308, 1137, 5606, 2145, 3439, 2106, 1751, 1233, 3364, 2978, 2337, 3481, 1580, 3444, 3236, 2238, 5321, 1623, 1895, 2433, 1192, 2799, 4252, 2208, 504, 2753, 3020, 2148, 1276, 1719, 804, 3709, 2666, 1582, 3359, 2333, 3966, 3545, 1573, 2517, 2190, 6753, 1907, 3088, 2676, 1673, 5815, 3353, 1894, 5662, 2229, 1835, 1596, 2256, 1438, 1327, 2713, 2965, 1586, 4394, 2704, 3360, 2898, 2054, 3158)
(46, 258): Mean: 2515.428, median: 2261.5, std: 1393.303, percent: 2451.9, B: 137, W: 113, 
	(2888, 1508, 1892, 12732, 3712, 2337, 1433, 2230, 1115, 2650, 1901, 2098, 1552, 2454, 3556, 1391, 3899, 3802, 2678, 3688, 1804, 1031, 2503, 1425, 1981, 1725, 1374, 2437, 1851, 1960, 3673, 2916, 4159, 1174, 1312, 2460, 1718, 2510, 2549, 2349, 1178, 3254, 1561, 2043, 1478, 3672, 1636, 1199, 5466, 2889, 1105, 2365, 1531, 536, 1813, 5159, 766, 996, 4670, 3291, 2501, 4715, 3295, 2361, 2880, 5004, 2403, 1350, 753, 2884, 1913, 4183, 3027, 2495, 1756, 2414, 1505, 1261, 2114, 1541, 1658, 1216, 3180, 1413, 1724, 1841, 1359, 846, 1535, 1626, 1574, 925, 2242, 2151, 6208, 2759, 1239, 1276, 2332, 1223, 2349, 4462, 1784, 3164, 2714, 2048, 1304, 727, 2140, 3421, 3038, 1338, 2484, 1501, 1331, 2024, 2151, 2589, 1274, 2830, 5390, 1995, 2493, 850, 2883, 2024, 2539, 1791, 1611, 2533, 1709, 2532, 2299, 5628, 2002, 2009, 5153, 2123, 2590, 2293, 2742, 9048, 2727, 1789, 2786, 2350, 3944, 2523, 3534, 3906, 1768, 3921, 2093, 2126, 2101, 902, 4544, 2864, 5750, 1803, 3295, 2491, 2066, 1983, 1138, 2868, 2669, 2087, 2259, 2576, 901, 2651, 945, 981, 2256, 1817, 2504, 1884, 1540, 4215, 3360, 2036, 1993, 1938, 2862, 1275, 977, 7182, 2339, 3393, 2389, 1771, 962, 3362, 3424, 2434, 4396, 1575, 3694, 3145, 2116, 4786, 1695, 1826, 2300, 1368, 3041, 3549, 2334, 525, 2582, 2912, 2499, 1421, 1842, 797, 3512, 2340, 1659, 3901, 1889, 4419, 3615, 1605, 3481, 2180, 6115, 2023, 3125, 2909, 1677, 6792, 3464, 2158, 5273, 2360, 1975, 1349, 2174, 1540, 1323, 2264, 2777, 1457, 4302, 2582, 3047, 3003, 2149, 3134)
(47, 260): Mean: 2489.052, median: 2257.0, std: 1261.658, percent: 2437.16, B: 123, W: 127, 
	(2764, 1511, 1733, 10073, 3622, 2335, 1577, 2061, 1215, 3097, 1778, 1859, 1491, 2457, 3730, 1466, 3728, 4343, 2413, 4539, 1734, 1116, 2492, 1328, 2160, 1884, 1340, 2399, 1989, 2162, 3701, 3238, 4076, 1372, 1462, 2603, 1579, 2085, 2377, 2501, 1162, 3062, 1652, 2121, 1712, 3835, 1761, 1360, 5540, 2416, 1061, 2374, 1526, 556, 1712, 5216, 801, 1052, 4723, 2799, 2527, 3469, 3155, 2743, 2599, 4930, 2136, 1577, 769, 3152, 1643, 3607, 2721, 2408, 2131, 2050, 1598, 1083, 2016, 1483, 1673, 1268, 3078, 1401, 1699, 1657, 1290, 905, 1593, 1627, 1585, 1049, 2528, 2326, 5666, 3251, 1331, 1217, 2559, 1185, 2641, 4421, 1662, 3166, 2867, 1753, 1243, 615, 1950, 3383, 2979, 1273, 2500, 1328, 1268, 1977, 2253, 2192, 1466, 2282, 4657, 2233, 2291, 792, 2762, 2027, 2644, 2150, 1405, 2668, 1829, 2921, 2027, 5725, 1865, 2329, 4196, 2312, 2630, 2578, 3051, 6844, 2765, 1945, 3266, 2815, 4508, 2382, 3542, 2962, 1841, 3960, 2110, 2316, 1887, 996, 4299, 2726, 5927, 1909, 3627, 2456, 2211, 2098, 1192, 3505, 2863, 2236, 2164, 2789, 776, 2889, 1069, 883, 2261, 1666, 2473, 1588, 1307, 4034, 3287, 1936, 2452, 2118, 2662, 1280, 1208, 6924, 2240, 3751, 2477, 1717, 1034, 3096, 3047, 2129, 4034, 1471, 3459, 3687, 2131, 5712, 1769, 1690, 2326, 1256, 2886, 3374, 2552, 428, 2463, 2908, 2099, 1460, 1866, 603, 3281, 2739, 1497, 3264, 1989, 3807, 4041, 1557, 2649, 2634, 5793, 1939, 3279, 2319, 1885, 5785, 3306, 2048, 5572, 2128, 1845, 1531, 2180, 1392, 1472, 2450, 3256, 1302, 4685, 2560, 3258, 3656, 2468, 3250)
(50, 275): Mean: 2487.592, median: 2221.0, std: 1316.087, percent: 2411.5, B: 126, W: 124, 
	(3178, 1499, 1919, 10950, 2949, 2627, 1301, 2139, 1264, 2614, 2024, 2100, 1384, 2313, 3418, 1539, 4001, 4925, 2741, 3921, 1761, 1104, 2630, 1390, 2256, 2225, 1211, 2640, 1903, 2217, 3794, 2638, 4461, 1348, 1295, 2363, 1588, 2091, 2404, 2228, 1155, 2728, 1684, 2310, 1683, 3443, 1541, 1292, 5654, 2888, 1102, 2199, 1490, 484, 1872, 4850, 918, 930, 4332, 3342, 2675, 4088, 3432, 2444, 3280, 5239, 2034, 1348, 716, 2610, 1507, 3895, 2641, 2505, 1959, 2157, 1515, 1183, 2267, 1405, 1777, 1204, 3027, 1450, 1721, 1771, 1322, 980, 1651, 1773, 1516, 948, 2314, 2455, 6921, 3103, 1295, 1239, 2897, 989, 2465, 4820, 1914, 3557, 2486, 1768, 1133, 718, 2004, 3397, 3317, 1220, 2440, 1366, 1140, 2016, 2002, 1907, 1380, 2443, 4298, 1924, 2626, 846, 2725, 2103, 2886, 1871, 1495, 2702, 1625, 2429, 1987, 6331, 1998, 2005, 4980, 2055, 2577, 2625, 2609, 6463, 3093, 1732, 2784, 2561, 4317, 2494, 3620, 2951, 1937, 4295, 2129, 2144, 2041, 833, 4636, 2905, 5796, 1928, 3560, 2319, 1872, 2217, 1162, 3150, 2767, 2128, 2152, 3028, 731, 2932, 1000, 924, 2136, 1608, 2197, 1629, 1173, 3975, 3812, 1941, 2028, 1800, 2801, 1410, 1082, 7896, 2067, 3065, 2366, 1813, 1038, 3075, 2696, 2580, 4573, 1540, 3529, 2775, 2028, 4656, 1622, 1771, 2401, 1245, 3071, 3252, 2652, 510, 2887, 3457, 2158, 1410, 1668, 751, 3961, 2773, 1626, 3525, 2285, 4608, 3308, 1618, 3127, 2390, 5567, 1924, 3014, 2577, 1815, 5561, 2755, 2039, 4992, 2244, 1711, 1527, 2358, 1514, 1248, 2296, 3132, 1454, 4575, 2311, 3290, 3517, 1969, 2849)
(52, 284): Mean: 2476.604, median: 2233.5, std: 1301.405, percent: 2391.4, B: 126, W: 123, 
	(2725, 1418, 1903, 11897, 3501, 2461, 1345, 2421, 1139, 2449, 2001, 1875, 1641, 2232, 3778, 1554, 3950, 4045, 2467, 3728, 1940, 1058, 2431, 1370, 2096, 1734, 1271, 2243, 2010, 2081, 3592, 2937, 5171, 1235, 1306, 2306, 1686, 2165, 2655, 2522, 1268, 2886, 1783, 2240, 1432, 3100, 1741, 1162, 5564, 3009, 1125, 2174, 1602, 451, 1799, 5198, 855, 911, 3943, 2756, 2622, 4263, 3145, 2439, 2742, 4258, 2263, 1328, 720, 3058, 1573, 4265, 2442, 2316, 1937, 2113, 1570, 1293, 2650, 1418, 1601, 1196, 3400, 1433, 1556, 1688, 1374, 893, 1543, 1916, 1716, 884, 2483, 1961, 6689, 3227, 1229, 1238, 2416, 1032, 2383, 4261, 1707, 3655, 2636, 1899, 1079, 458, 2024, 3267, 3066, 1595, 2610, 1295, 1247, 1865, 1889, 2017, 1460, 2538, 4838, 2105, 2549, 892, 2725, 1840, 2685, 1891, 1622, 2877, 1921, 2842, 2239, 6210, 2076, 1974, 4145, 2235, 2656, 2544, 2835, 6278, 2538, 1923, 2909, 2359, 3635, 2366, 3971, 3364, 2229, 3600, 1902, 2080, 1992, 893, 4783, 3006, 5237, 2040, 3480, 2311, 2051, 2411, 1147, 2852, 2866, 2249, 2494, 3296, 785, 2813, 1078, 1018, 2133, 1864, 2130, 1771, 1363, 3707, 3818, 2110, 1777, 1802, 2673, 1312, 1063, 6410, 2160, 3552, 2317, 1807, 1114, 3173, 2754, 2398, 3645, 1562, 3752, 3232, 1995, 5541, 1724, 1883, 2224, 1357, 3295, 3295, 2300, 560, 2772, 2946, 2023, 1370, 1731, 807, 3217, 2605, 1480, 3170, 2223, 4521, 3637, 1588, 2794, 2566, 5941, 1896, 3179, 2305, 1566, 5711, 3389, 2190, 5839, 1935, 1763, 1618, 2164, 1687, 1356, 2404, 3059, 1680, 4531, 2504, 3240, 3153, 2293, 2889)
(60, 331): Mean: 2469.808, median: 2237.0, std: 1286.638, percent: 2370.08, B: 132, W: 118, 
	(2789, 1637, 1919, 10627, 3850, 2552, 1414, 2086, 1226, 2850, 1804, 2000, 1540, 2295, 3800, 1493, 4198, 4410, 2350, 4325, 1755, 1211, 2401, 1278, 2157, 1916, 1212, 2757, 1798, 2131, 3303, 3021, 3983, 1202, 1205, 2402, 1619, 2481, 2530, 2256, 1176, 3196, 1736, 2161, 1440, 3166, 1575, 1251, 5740, 2695, 1053, 2298, 1495, 441, 1789, 5085, 808, 925, 5320, 3057, 2330, 3518, 2849, 2295, 2644, 4348, 2291, 1428, 734, 2437, 1634, 3737, 3014, 2363, 1834, 2589, 1494, 1207, 1981, 1480, 1391, 1413, 3049, 1275, 1736, 1763, 1393, 902, 1693, 1927, 1673, 1168, 2431, 2281, 5347, 3172, 1241, 1186, 2367, 1236, 2395, 4490, 1778, 2861, 2703, 1876, 1175, 605, 2154, 3299, 3937, 1407, 2787, 1395, 1329, 1789, 2192, 2389, 1343, 2561, 3954, 2181, 2604, 835, 2657, 1923, 2285, 2067, 1505, 2833, 1644, 2694, 2339, 7067, 1835, 2124, 4526, 2148, 2252, 2663, 2580, 6914, 3225, 1821, 2848, 2733, 4146, 2279, 3814, 3165, 1822, 3529, 2179, 1935, 1839, 921, 4650, 2946, 5912, 1984, 3375, 2654, 1963, 1838, 1133, 3164, 2829, 1963, 2224, 3056, 789, 2798, 1072, 933, 2185, 1758, 2149, 1742, 1300, 3830, 3305, 1946, 2046, 1996, 2478, 1292, 1042, 7665, 1870, 3082, 2025, 1939, 1107, 3606, 2773, 2295, 4712, 1571, 3445, 2819, 2250, 5549, 1635, 1789, 2500, 1148, 3020, 3369, 2258, 553, 2616, 2866, 1899, 1650, 1622, 673, 3460, 3088, 1715, 3223, 1992, 4228, 3791, 1575, 3103, 2499, 5341, 1936, 3104, 2648, 1890, 5307, 2983, 1931, 5371, 2014, 1854, 1630, 2200, 1605, 1213, 2311, 3341, 1567, 4226, 2352, 3139, 3173, 2387, 3205)

Test:
No precond: Mean: 2497.244, median: 2230.5, std: 1214.669, percent: 2491.02, flag: 0 
	(950, 1877, 1941, 3744, 1247, 5987, 1591, 2381, 2752, 2719, 2593, 1137, 1253, 4091, 1708, 6313, 1086, 1351, 2778, 2363, 2458, 3768, 1766, 673, 2961, 2180, 1841, 2736, 5944, 3685, 3480, 2306, 2914, 2443, 1792, 2633, 2141, 4723, 964, 5409, 1415, 1365, 2197, 2119, 4040, 2732, 2921, 4361, 3014, 957, 2406, 2700, 1016, 2727, 1027, 2206, 4471, 5667, 1023, 2254, 1165, 1674, 3359, 1425, 1789, 2027, 2275, 3964, 2649, 2021, 4787, 1110, 2587, 2272, 1938, 2301, 5418, 2672, 1851, 975, 2245, 1659, 1756, 2166, 2142, 1639, 2126, 577, 1965, 3532, 3207, 1680, 1477, 2114, 2249, 1844, 6588, 3956, 3429, 1896, 2283, 2294, 1954, 1963, 5632, 2312, 1484, 5220, 3578, 1482, 1083, 1703, 2010, 1982, 2121, 1963, 1474, 3246, 3444, 1895, 1519, 1214, 1727, 3619, 2218, 2905, 1983, 1012, 3293, 1160, 4712, 3107, 2411, 2979, 3354, 1456, 2438, 1712, 1625, 2868, 1529, 2304, 1987, 1497, 3180, 721, 1195, 1917, 1328, 924, 3485, 814, 4130, 3147, 3932, 2682, 3182, 1594, 2130, 2582, 1685, 1483, 3374, 4695, 2891, 3307, 3968, 3869, 2384, 1420, 3376, 2724, 4297, 1429, 1424, 3804, 2088, 3379, 1458, 3026, 1638, 3871, 1794, 779, 5650, 893, 4333, 1585, 2784, 1212, 2860, 2502, 1756, 1301, 1700, 1520, 1457, 2108, 2847, 1731, 5055, 3275, 801, 1719, 2677, 3232, 2390, 1571, 1775, 1773, 5055, 2885, 1386, 2727, 1195, 3078, 5249, 2163, 1890, 1574, 3070, 1313, 3534, 2465, 1861, 6735, 3555, 3290, 1992, 2142, 4196, 414, 3297, 4340, 1567, 4321, 2878, 2612, 1249, 1405, 2994, 2379, 2402, 2623, 2127, 1920, 1607, 2076, 2243, 1334)

Last: Mean: 2469.636, median: 2244.0, std: 1231.848, percent: 2462.6, B: 140, W: 110, flag: 0 
	(1088, 1634, 1923, 4289, 1143, 6309, 1633, 2600, 2970, 2828, 2419, 1330, 1225, 4690, 1692, 6859, 1098, 1264, 2970, 2469, 2462, 2711, 1687, 747, 2822, 2103, 1936, 2905, 5496, 3203, 3512, 2063, 2696, 2400, 1661, 2871, 2265, 4693, 1053, 6515, 1256, 1416, 1906, 2022, 2769, 2863, 2822, 4293, 2867, 1032, 2242, 3441, 1006, 2849, 1087, 2208, 4781, 5907, 1031, 2133, 1276, 1410, 3653, 1433, 1630, 1967, 2277, 4188, 2418, 2013, 4226, 1109, 2492, 2204, 1746, 2280, 5778, 2374, 1852, 911, 2244, 1385, 1588, 2093, 2380, 1506, 2065, 454, 2119, 4309, 3195, 1544, 1575, 2420, 1962, 1791, 7623, 4632, 3838, 1665, 2221, 2341, 1810, 1734, 4555, 2361, 1276, 4777, 3459, 1369, 1066, 1851, 2350, 1731, 2203, 2473, 1461, 2907, 3594, 1639, 1507, 1131, 1858, 3443, 2536, 3015, 2049, 1033, 3088, 1084, 5186, 2936, 2559, 2943, 3242, 1491, 2486, 1621, 1715, 2615, 1346, 2402, 1894, 1501, 3467, 889, 1068, 1937, 1182, 947, 3784, 932, 4581, 2715, 3407, 2592, 2498, 1333, 2244, 2291, 1410, 1478, 3086, 5194, 3828, 3605, 3693, 3801, 2180, 1435, 3606, 2273, 3548, 1519, 1338, 3809, 2040, 3364, 1369, 2808, 1359, 3300, 1727, 975, 4809, 1005, 3724, 1733, 3562, 1046, 2958, 2285, 1738, 1287, 1713, 1515, 1590, 2060, 2791, 1721, 4027, 3265, 1002, 1820, 3034, 2962, 2440, 1586, 1672, 2200, 4193, 2709, 1435, 2462, 1103, 2980, 4893, 2239, 1743, 1648, 3273, 1217, 3422, 2147, 1852, 6076, 2963, 3036, 1972, 2253, 4717, 528, 3156, 3557, 1482, 5235, 2557, 2446, 1038, 1470, 2630, 2436, 2412, 2489, 2281, 1955, 1500, 2156, 2292, 1650)

[ 0.05783228  0.01629627 -0.05969823  0.00524501 -0.02626801  0.01807975
  0.0652      0.04735405  0.07424572  0.03574823]

14/02/2026, 16:06:36
Config file: ./config/config_mean_1.ini
Data:
	1d_laplace_size: 45
	amount: 250
	params: 1 0.3
	seed: 1
	dim: 2025
Solver:
	tol: 1e-10
	max_iteration: None
Learn:
	iteration_count: 100
	step_range: 0.1
	method: mean
	seed: 1
	scale: 1 0.5 0.25
Precondition:
	num_coef: 10

Train:
(0, 2): Mean: 2507.74, median: 2326.5, std: 1098.46, percent: 2528.72, B: 250, W: 0, 
	(2085, 1592, 1590, 3177, 3638, 2388, 2195, 3927, 1800, 3634, 2188, 3402, 2632, 2293, 1513, 2436, 3647, 3135, 3714, 2012, 1662, 2150, 1327, 2189, 1749, 1213, 3050, 1318, 1101, 2449, 3387, 2811, 2160, 952, 1458, 3443, 2415, 2112, 2381, 1970, 2085, 1465, 493, 2295, 2874, 2049, 2475, 2455, 2437, 2422, 2827, 3847, 2107, 2424, 3592, 2992, 1632, 3072, 4726, 3624, 2276, 2564, 4310, 1622, 2752, 2441, 2955, 955, 7493, 2275, 2240, 1120, 5085, 2330, 3943, 4202, 2634, 2207, 2772, 1919, 2672, 2796, 2489, 4230, 2062, 2708, 2892, 998, 2389, 3836, 2777, 2324, 3212, 1493, 2329, 3456, 1209, 3595, 2227, 2421, 606, 1568, 857, 2371, 2019, 2457, 1301, 1788, 3125, 1973, 2497, 3384, 2040, 5491, 2310, 3571, 2631, 1566, 2231, 4984, 2199, 1827, 1908, 2492, 3980, 3039, 6973, 3206, 4703, 2632, 1985, 895, 1821, 1524, 1916, 1468, 2728, 1236, 2468, 2100, 2301, 3875, 2113, 2959, 4927, 3873, 3254, 2923, 2278, 983, 1625, 2273, 1471, 2678, 2685, 1653, 2120, 1879, 2409, 1795, 3251, 1382, 1551, 2956, 1548, 1949, 3905, 2283, 3884, 1925, 4820, 2171, 3374, 1995, 4045, 2249, 2270, 2482, 3337, 2293, 1425, 2928, 1989, 2389, 5309, 3416, 1369, 3060, 2461, 3154, 1473, 2906, 1058, 1491, 2156, 1767, 1446, 2403, 2410, 2395, 4195, 1002, 760, 1198, 2190, 2186, 3070, 2535, 3033, 2424, 1702, 2699, 1768, 2852, 801, 2203, 1955, 1058, 5398, 1385, 3569, 1609, 1468, 1447, 1770, 473, 1811, 4729, 4149, 2734, 858, 4188, 4122, 1639, 5012, 1121, 2809, 2553, 1195, 5417, 1392, 1880, 1842, 1633, 3342, 1251, 4271, 3459, 2042, 1719)
(1, 3): Mean: 2475.892, median: 2299.5, std: 1064.139, percent: 2443.98, B: 134, W: 116, 
	(2237, 1373, 1663, 3103, 3336, 2363, 2122, 3871, 1877, 3089, 2441, 3114, 2759, 2133, 1484, 2381, 4349, 3167, 4213, 1819, 1735, 2450, 1303, 2544, 1500, 1185, 3008, 1469, 1185, 2875, 3142, 2733, 2534, 839, 1513, 3012, 2510, 2146, 2368, 2291, 2036, 1540, 612, 2347, 2612, 2040, 2731, 2109, 2326, 2225, 2514, 4151, 1969, 2626, 3903, 2955, 1615, 2797, 4612, 3309, 1955, 2680, 4069, 1708, 2571, 2646, 2934, 1018, 6005, 1859, 2352, 953, 4387, 2107, 3489, 4133, 2453, 2652, 3040, 1831, 2338, 2115, 3123, 4308, 2241, 2716, 2743, 1013, 2541, 3815, 2647, 2431, 3679, 1367, 1859, 2560, 1304, 3782, 2262, 2455, 703, 1496, 839, 2287, 2144, 2849, 1217, 1837, 3688, 2061, 2641, 3675, 2178, 5146, 2162, 3378, 2812, 1122, 2087, 3887, 2503, 2154, 1911, 2813, 4124, 2825, 7218, 3040, 4657, 2477, 2029, 864, 1732, 1893, 1777, 1516, 2218, 1414, 2563, 2145, 2115, 3885, 2132, 3259, 4355, 4492, 2817, 2529, 2046, 1089, 1103, 2016, 1462, 2996, 2995, 1873, 2018, 1825, 2234, 1802, 3048, 1491, 1418, 2491, 1617, 2072, 3604, 2337, 3303, 1920, 5061, 2001, 2766, 1921, 4037, 2371, 2123, 2395, 2995, 2130, 1359, 3002, 1882, 2560, 5193, 3959, 1573, 3076, 2288, 3310, 1456, 2860, 982, 1496, 2114, 2088, 1194, 2221, 2306, 2139, 4643, 937, 853, 1201, 1877, 2171, 2882, 2654, 3097, 2212, 1457, 3301, 1720, 3157, 863, 2427, 1697, 1160, 5518, 1258, 3763, 1643, 1442, 1597, 1797, 566, 1801, 4152, 3391, 2627, 718, 3771, 4260, 1846, 5905, 1076, 3223, 2696, 1507, 4636, 1374, 1970, 1382, 1548, 3487, 1253, 3946, 2824, 2293, 1704)
(9, 48): Mean: 2472.988, median: 2300.5, std: 1050.613, percent: 2472.88, B: 134, W: 115, 
	(2215, 1565, 1635, 3340, 4094, 2294, 2347, 4097, 1955, 3289, 2322, 3427, 2842, 2515, 1475, 2292, 4075, 3498, 3867, 2019, 1486, 2317, 1146, 2425, 1612, 1265, 3037, 1435, 1022, 2462, 3187, 2772, 2628, 810, 1505, 3058, 2324, 1881, 2615, 2183, 2061, 1527, 474, 2709, 2885, 2033, 3056, 2541, 2205, 2265, 2503, 3796, 1813, 2530, 3230, 3150, 1532, 3060, 4421, 3860, 2133, 2716, 3621, 1639, 2694, 2627, 3152, 1111, 6324, 2003, 2591, 1132, 3783, 2165, 4474, 4224, 2793, 2671, 3276, 2052, 2592, 2363, 2828, 5184, 2152, 2455, 2909, 951, 2533, 3478, 2518, 2237, 3824, 1475, 1902, 2492, 1282, 2897, 2077, 2418, 887, 1529, 1025, 2460, 2313, 3071, 1097, 1749, 3666, 2082, 2559, 3759, 2060, 5017, 2096, 3820, 2836, 1272, 1974, 4772, 2172, 1992, 1873, 2573, 4017, 3107, 6907, 2846, 4125, 2525, 1674, 1020, 1824, 1729, 2025, 1387, 2505, 1166, 2637, 1915, 2078, 3591, 2144, 3139, 4293, 3676, 3257, 2959, 2168, 923, 1457, 1819, 1462, 2591, 2992, 1670, 2010, 2238, 2116, 1564, 3480, 1662, 1444, 2787, 1688, 2011, 3944, 2137, 3754, 1829, 4358, 2135, 2758, 1885, 4025, 2279, 2205, 2238, 3009, 2307, 1409, 2718, 2192, 2383, 5023, 3252, 1580, 2769, 2489, 3482, 1401, 3036, 1179, 1457, 1956, 1796, 1404, 2049, 2135, 2672, 3780, 1133, 788, 1288, 1998, 2136, 2595, 2990, 2894, 2149, 1320, 3056, 1733, 2636, 823, 2212, 1865, 1062, 5484, 1390, 3629, 1398, 1476, 1455, 1768, 624, 1774, 3914, 2807, 2722, 814, 3821, 4535, 1722, 5693, 1111, 2913, 2589, 1373, 5297, 1328, 1784, 1745, 1706, 3276, 1212, 3598, 2760, 2076, 1736)
(12, 65): Mean: 2466.956, median: 2309.0, std: 1034.984, percent: 2463.36, B: 130, W: 119, 
	(1992, 1720, 1719, 3358, 3237, 2471, 2318, 3469, 1956, 2952, 2265, 3714, 3058, 2218, 1633, 2254, 4814, 3382, 4350, 1943, 1595, 2135, 1146, 2424, 1857, 1147, 2930, 1359, 1117, 2599, 3501, 2834, 2531, 894, 1522, 3975, 2342, 1766, 2382, 2022, 2299, 1665, 508, 2316, 2608, 1879, 2736, 2624, 2213, 2126, 2701, 3648, 1823, 2718, 3407, 2935, 1642, 2983, 4591, 3608, 2294, 2700, 3594, 1663, 2672, 2370, 3112, 1057, 5190, 2071, 2679, 987, 5005, 2176, 3929, 3870, 2302, 2536, 3007, 2021, 2408, 2344, 2689, 5708, 2072, 2750, 2791, 1037, 2870, 3631, 2577, 2320, 3715, 1674, 1971, 3205, 1170, 3149, 2345, 2645, 785, 1325, 927, 2443, 2334, 2846, 1296, 1685, 3592, 1833, 2226, 3320, 2174, 5516, 2029, 3568, 2641, 1214, 2153, 4427, 2129, 1916, 2197, 2755, 4121, 3103, 5804, 3071, 3703, 2941, 1911, 874, 1715, 1590, 1682, 1470, 2461, 1297, 2473, 1522, 2170, 3021, 1850, 2903, 4304, 4107, 2754, 2576, 2053, 1070, 1528, 1880, 1456, 2897, 2484, 1759, 2160, 2062, 2275, 1705, 3001, 1438, 1429, 2413, 1597, 2440, 3923, 2110, 3578, 1752, 4515, 2018, 3132, 2159, 4034, 2289, 2298, 2293, 3058, 2771, 1446, 3319, 1872, 2394, 4448, 3996, 1568, 2691, 2286, 3477, 1440, 3136, 1068, 1426, 1970, 1843, 1379, 1928, 2474, 2121, 4310, 1021, 802, 1274, 2025, 2203, 2801, 2945, 3662, 2377, 1415, 3186, 1706, 3169, 862, 2545, 1955, 1375, 5555, 1250, 3197, 1302, 1353, 1239, 1846, 522, 1688, 3907, 3300, 2825, 822, 3688, 3760, 1759, 5458, 842, 3289, 2566, 1265, 4970, 1323, 1713, 1620, 1727, 3478, 1155, 4035, 2939, 2070, 1793)
(13, 66): Mean: 2463.788, median: 2311.0, std: 1056.572, percent: 2467.62, B: 126, W: 124, 
	(2018, 1627, 1703, 2868, 4050, 2636, 2561, 3505, 1900, 3074, 2444, 3112, 2731, 2059, 1448, 2326, 4116, 3476, 4149, 1897, 1663, 2241, 1428, 2345, 1513, 1307, 3485, 1288, 1169, 2634, 3105, 2696, 2367, 745, 1422, 3876, 2570, 1986, 2826, 2133, 2304, 1442, 547, 2583, 2656, 1828, 2889, 2067, 2243, 2325, 2559, 3742, 1987, 2499, 3360, 3112, 1752, 2974, 4439, 3339, 2332, 2504, 3754, 1719, 2517, 2467, 2815, 1016, 6202, 2025, 2753, 1152, 4399, 2147, 4124, 3451, 2247, 2639, 2726, 2031, 2356, 2209, 2863, 4364, 2320, 2322, 2888, 1006, 2536, 3526, 2672, 2070, 3760, 1427, 1941, 2645, 1297, 3799, 2302, 2523, 621, 1483, 874, 2477, 2290, 2581, 1265, 1701, 4203, 2159, 2524, 3459, 1930, 5842, 2252, 3980, 2398, 1285, 2142, 4400, 2251, 1938, 1974, 2383, 3749, 2907, 6229, 3339, 4076, 2860, 1880, 814, 1794, 1615, 1784, 1464, 2761, 1288, 2436, 1773, 2122, 3893, 1936, 3362, 5254, 3916, 2678, 2702, 2192, 965, 1433, 2103, 1550, 2633, 2666, 1743, 1998, 2472, 2084, 1725, 3672, 1614, 1408, 2425, 1663, 1941, 3738, 2310, 3901, 2023, 4485, 1802, 2790, 2044, 3575, 2251, 2312, 2397, 3274, 2340, 1518, 2685, 2182, 2463, 5532, 3353, 1474, 2883, 2294, 3451, 1341, 2845, 1263, 1332, 2184, 1899, 1181, 2339, 2551, 2310, 4145, 1036, 780, 1288, 1821, 2052, 2748, 2308, 2914, 2213, 1502, 3123, 1656, 3313, 797, 2185, 1945, 982, 6453, 1326, 3549, 1402, 1648, 1370, 1757, 538, 1712, 4267, 2909, 2448, 765, 4022, 3946, 1658, 5124, 1066, 2906, 2307, 1298, 4916, 1357, 1805, 1685, 1548, 2931, 1306, 3654, 2907, 2236, 1678)
(17, 86): Mean: 2453.068, median: 2301.0, std: 1074.284, percent: 2502.16, B: 136, W: 113, 
	(2352, 1373, 1675, 3006, 3636, 2286, 2384, 3671, 1977, 3371, 2509, 3862, 3119, 2186, 1448, 2202, 4049, 3020, 3777, 2192, 1624, 2073, 1084, 2282, 1470, 1264, 3043, 1397, 1118, 2686, 2870, 2772, 2409, 764, 1526, 3734, 2269, 1998, 2662, 2309, 1984, 1696, 500, 2171, 2926, 1738, 2464, 2443, 2156, 2113, 2577, 3721, 2039, 2636, 3676, 3445, 1592, 2866, 4393, 3469, 2147, 2589, 4668, 1653, 2441, 2471, 3548, 994, 6137, 1986, 2566, 1094, 4898, 2302, 4104, 3750, 2689, 2636, 2837, 1897, 2433, 2923, 2427, 4264, 2104, 2407, 2755, 877, 2311, 3864, 2775, 2268, 3521, 1533, 1928, 2670, 1145, 3051, 2192, 2398, 727, 1539, 795, 2481, 2300, 2537, 1233, 1634, 3344, 1995, 2337, 3839, 1753, 5557, 2082, 3777, 2955, 1162, 2338, 4669, 2344, 1898, 1833, 2469, 4090, 2680, 6960, 2716, 4381, 2496, 1820, 1051, 1714, 1960, 1819, 1554, 2557, 1341, 2355, 2197, 2043, 3563, 2051, 2927, 5516, 3812, 2825, 2952, 1949, 840, 1533, 1875, 1430, 2761, 2439, 1758, 2156, 1934, 2223, 1540, 3254, 1527, 1613, 2495, 1554, 1784, 3820, 2286, 3558, 1904, 5027, 1858, 2952, 1871, 3966, 2015, 2131, 2125, 3249, 2296, 1456, 2561, 1905, 2389, 5201, 3267, 1417, 2844, 2309, 3529, 1472, 2852, 1019, 1286, 2257, 1966, 1186, 2319, 2329, 2162, 4608, 1057, 796, 1334, 1919, 2104, 2504, 2427, 3387, 2215, 1395, 2993, 1625, 3250, 741, 2421, 1759, 1212, 5439, 1359, 3523, 1438, 1245, 1371, 1573, 523, 1857, 4357, 4050, 2612, 822, 3742, 4137, 1841, 4968, 1070, 2796, 2537, 1105, 4330, 1447, 1795, 1464, 1742, 2982, 1251, 4208, 2586, 1958, 1658)
(18, 87): Mean: 2443.72, median: 2284.0, std: 1050.531, percent: 2439.12, B: 127, W: 123, 
	(2254, 1409, 1662, 2849, 3762, 2233, 2418, 3317, 1839, 3307, 2389, 3790, 3196, 2093, 1378, 2196, 4230, 3407, 4187, 2094, 1621, 2109, 1215, 2245, 1641, 1181, 3125, 1312, 1014, 2689, 3630, 2628, 2104, 921, 1545, 3102, 2413, 1819, 2625, 1990, 2218, 1720, 467, 2302, 2343, 2054, 3172, 2311, 2257, 2297, 2504, 3676, 1923, 2427, 3446, 3098, 1621, 2795, 4993, 3597, 2099, 2643, 4087, 1556, 2915, 2516, 3417, 1001, 6879, 2126, 2601, 973, 4242, 2457, 3846, 3651, 2392, 2590, 2994, 1937, 2407, 2194, 2726, 4554, 2108, 2328, 2558, 978, 2737, 4007, 2579, 2446, 3761, 1577, 1789, 2669, 1281, 2801, 2475, 2565, 730, 1393, 804, 2405, 2316, 2344, 1408, 1652, 3085, 2201, 2996, 3964, 1969, 5290, 2158, 3779, 2517, 1054, 2042, 4990, 2416, 2046, 1852, 2478, 3868, 2981, 5097, 3173, 4096, 2921, 1752, 995, 1579, 1897, 1811, 1488, 2519, 1284, 2023, 1953, 2271, 3600, 2133, 2929, 4030, 3400, 3334, 2373, 1871, 1097, 1492, 1936, 1417, 2975, 3010, 1688, 2353, 1999, 2132, 1597, 3154, 1610, 1434, 2861, 1739, 2184, 3323, 2004, 4069, 1798, 4576, 1989, 2673, 2122, 3320, 2267, 2036, 2485, 3026, 2106, 1459, 3014, 2179, 2401, 5450, 2748, 1650, 2966, 2411, 3255, 1320, 3180, 1112, 1564, 1914, 1712, 1254, 2016, 2146, 2105, 4221, 965, 914, 1171, 1851, 2034, 2659, 2299, 3063, 2011, 1523, 3060, 1575, 3148, 831, 2368, 1821, 1078, 6723, 1256, 3575, 1347, 1444, 1242, 1665, 476, 1741, 3950, 3464, 2859, 764, 4234, 3552, 1591, 5018, 1152, 2901, 2655, 1318, 4895, 1236, 1886, 1582, 1673, 3617, 1244, 3637, 2737, 1954, 1733)
(19, 93): Mean: 2427.188, median: 2290.5, std: 1045.235, percent: 2427.1, B: 137, W: 111, 
	(2353, 1409, 1758, 2910, 3431, 2279, 2378, 3297, 1977, 3393, 2275, 3700, 2938, 2398, 1562, 2600, 4620, 3084, 4249, 1972, 1634, 2153, 1223, 1992, 1471, 1219, 3072, 1479, 1186, 2932, 2735, 2690, 2427, 695, 1448, 3259, 2369, 1912, 2663, 2153, 2362, 1445, 618, 2720, 2721, 2051, 2956, 2475, 2197, 2280, 2660, 3986, 1694, 2854, 3051, 3130, 1622, 2780, 4706, 3252, 2099, 2798, 4179, 1772, 2566, 2574, 3034, 985, 6334, 1894, 2303, 1061, 5457, 2237, 3515, 3752, 2547, 2416, 2676, 1725, 2404, 2363, 2361, 4453, 1869, 2252, 3136, 964, 2375, 3926, 2600, 2483, 4014, 1533, 2021, 2598, 1116, 3238, 2383, 2397, 576, 1663, 809, 2338, 2079, 2571, 1205, 1600, 3125, 1999, 2799, 2884, 1871, 5116, 2012, 3856, 2630, 1419, 2040, 4592, 2445, 1989, 1920, 2439, 3623, 2751, 5386, 2845, 4026, 3024, 1682, 1024, 1650, 1734, 1791, 1386, 2679, 1159, 2324, 2067, 2133, 3543, 2138, 3458, 4492, 3758, 3196, 2922, 1958, 737, 1211, 1872, 1533, 2902, 2677, 1735, 2057, 1973, 2281, 1582, 3087, 1436, 1280, 2661, 1590, 1960, 4097, 2193, 3903, 1751, 5246, 1739, 2944, 1916, 3621, 2147, 2214, 2300, 2898, 2222, 1475, 2583, 1689, 2338, 4428, 3067, 1391, 3059, 2069, 3357, 1195, 3556, 962, 1394, 1988, 1845, 1181, 2102, 2211, 2329, 4165, 952, 763, 1232, 1995, 2082, 2363, 2620, 2993, 2262, 1466, 3432, 1883, 2889, 840, 2112, 1820, 1011, 5886, 1283, 4387, 1380, 1343, 1236, 1626, 669, 1775, 4179, 3446, 2881, 638, 3735, 4150, 1685, 4998, 951, 2889, 2914, 1170, 4323, 1137, 1808, 1499, 1620, 2974, 1226, 3419, 2956, 2084, 1675)
(20, 96): Mean: 2424.88, median: 2216.0, std: 1057.869, percent: 2451.36, B: 124, W: 126, 
	(1931, 1596, 1643, 3104, 3705, 2373, 2256, 2996, 1795, 3708, 2017, 3917, 3188, 2271, 1398, 2098, 3472, 3546, 4174, 1858, 1637, 2000, 1283, 2080, 1868, 1334, 3200, 1419, 1063, 2795, 3249, 2518, 2365, 762, 1672, 3396, 2367, 1996, 2421, 1942, 2181, 1663, 499, 2308, 2714, 1751, 2569, 2060, 2222, 2418, 2509, 4121, 1891, 2422, 3912, 3060, 1632, 2824, 4855, 3108, 2581, 2505, 3892, 1544, 2788, 2375, 2862, 1021, 6156, 2109, 2443, 992, 3814, 2136, 3521, 4104, 2331, 2370, 3102, 1730, 2248, 2309, 2784, 4563, 2127, 2298, 2617, 897, 2469, 3403, 2628, 2162, 4100, 1474, 2159, 2719, 1173, 2705, 2080, 2471, 637, 1592, 889, 2092, 2246, 2551, 1318, 1559, 3718, 2102, 2430, 3768, 1944, 5364, 1970, 3422, 2957, 1338, 2027, 4279, 2336, 1785, 2041, 2456, 4311, 2636, 6230, 3277, 4433, 2610, 1835, 908, 1864, 1717, 1788, 1363, 2584, 1339, 2443, 1956, 2261, 3579, 1935, 2911, 4209, 3529, 2875, 2532, 2032, 1021, 1394, 1896, 1668, 2734, 2496, 1580, 1994, 2204, 2193, 1795, 3062, 1376, 1281, 2271, 1627, 2155, 4271, 2160, 3534, 1802, 5040, 1770, 2857, 1915, 4541, 2053, 2362, 2979, 2905, 2161, 1612, 2588, 2146, 2478, 5392, 4000, 1420, 2763, 2079, 3198, 1514, 2933, 981, 1466, 1947, 1618, 1188, 2120, 2210, 2138, 4220, 1046, 743, 1267, 1921, 1742, 2519, 2430, 3328, 2114, 1503, 2715, 1797, 2884, 764, 2136, 1847, 1077, 5961, 1263, 3117, 1567, 1301, 1247, 1768, 569, 1990, 3976, 3056, 2704, 697, 4360, 4721, 1659, 4782, 929, 2809, 2505, 1171, 5270, 1218, 2010, 1610, 1584, 3014, 1214, 3674, 2963, 1959, 1739)
(62, 345): Mean: 2419.984, median: 2265.5, std: 1021.397, percent: 2406.58, B: 122, W: 128, 
	(2488, 1363, 1575, 3257, 3557, 2490, 2294, 3290, 1908, 3059, 2503, 3349, 2854, 2386, 1506, 2477, 4161, 3361, 3902, 2527, 1579, 2240, 1304, 2281, 1452, 1139, 2908, 1365, 1153, 2482, 3502, 2702, 2238, 774, 1429, 3193, 2192, 1738, 2451, 1992, 2068, 1544, 601, 2539, 2697, 2017, 2814, 2204, 2118, 2233, 2480, 4056, 2076, 2384, 3516, 3235, 1542, 2747, 4020, 3186, 2075, 2654, 3646, 1502, 2621, 2581, 2972, 979, 6477, 2022, 2310, 919, 4087, 2045, 3597, 3544, 2489, 2687, 2725, 1845, 2394, 2469, 2406, 3816, 2104, 2253, 2722, 906, 2244, 4223, 2714, 2215, 3505, 1506, 2046, 2431, 1229, 3192, 2063, 2407, 723, 1507, 1056, 2250, 2316, 2637, 1324, 2007, 3458, 1903, 2741, 3416, 1949, 5312, 2031, 3167, 2396, 1321, 2237, 4839, 2369, 2094, 2079, 2470, 3565, 2848, 5652, 3155, 4276, 2724, 1848, 931, 1705, 1628, 1989, 1330, 2790, 1248, 2258, 1853, 2095, 3949, 2237, 2885, 4025, 3561, 3084, 2873, 2159, 1062, 1692, 1926, 1778, 2819, 2730, 1761, 2009, 1894, 2360, 1678, 3093, 1352, 1490, 2701, 1589, 2112, 4122, 2273, 4091, 1884, 4042, 2095, 2865, 1957, 3376, 2241, 2231, 2180, 2782, 2090, 1459, 2673, 2025, 2678, 5149, 3664, 1453, 2709, 2442, 2998, 1438, 2909, 1038, 1472, 2028, 1821, 1162, 1998, 2338, 2443, 4227, 1041, 948, 1179, 1768, 2139, 2658, 2723, 2810, 2401, 1391, 3532, 1719, 3152, 843, 2118, 1702, 939, 6901, 1133, 3161, 1412, 1339, 1196, 1658, 621, 1801, 3795, 3649, 2519, 694, 3308, 3858, 1695, 5199, 1046, 3261, 2313, 1120, 5241, 1406, 1954, 1615, 1737, 3230, 1182, 3778, 2744, 1876, 1702)
(68, 380): Mean: 2418.564, median: 2270.5, std: 1047.532, percent: 2407.18, B: 131, W: 118, 
	(2367, 1423, 1516, 3468, 3935, 2293, 2308, 3077, 1975, 3440, 2182, 3805, 2886, 2366, 1352, 2528, 3952, 3124, 3879, 2043, 1562, 2003, 1168, 2031, 1566, 1326, 2801, 1361, 1072, 2733, 3096, 2715, 2019, 774, 1487, 3209, 2272, 2409, 2750, 2057, 1829, 1630, 486, 2322, 2754, 1948, 2493, 2778, 2264, 2209, 2752, 3551, 2180, 2441, 3325, 2992, 1757, 2831, 4939, 2902, 2097, 2675, 4426, 1570, 3183, 2537, 2968, 1033, 5812, 2167, 2566, 929, 4698, 2537, 4246, 3556, 2337, 2291, 2925, 2055, 2221, 2794, 2344, 4086, 2004, 2430, 2810, 986, 2459, 3703, 2767, 2378, 3591, 1398, 1860, 2848, 1342, 3228, 2489, 2674, 678, 1638, 976, 2333, 2006, 2517, 1237, 1615, 4132, 2071, 2418, 3164, 1860, 4244, 2007, 3598, 2708, 1159, 1886, 4759, 2188, 1901, 1864, 2444, 3999, 2611, 6314, 3100, 4546, 2880, 1737, 943, 1900, 1601, 1794, 1357, 2285, 1135, 2318, 1996, 2189, 3541, 2052, 3056, 4105, 3591, 3224, 2410, 2205, 773, 1160, 1972, 1689, 3074, 3198, 1556, 2116, 1851, 2128, 1665, 2998, 1509, 1493, 2172, 1611, 1925, 3911, 2269, 3342, 1876, 4466, 1972, 2610, 1883, 4175, 2225, 2038, 2171, 2740, 2173, 1392, 2637, 1581, 2454, 4940, 3530, 1369, 3018, 2323, 2772, 1362, 2863, 1083, 1425, 1814, 1920, 1300, 2071, 2241, 2117, 3755, 983, 682, 1231, 1700, 2345, 2569, 2879, 3190, 2145, 1367, 2836, 1412, 3022, 819, 2398, 1890, 1227, 7208, 1223, 3786, 1522, 1281, 1214, 1635, 492, 1867, 3839, 3100, 2418, 683, 4186, 4018, 1654, 4858, 1073, 3171, 2626, 1119, 4510, 1354, 1804, 1721, 1556, 3413, 1143, 4135, 2784, 2006, 1814)
(77, 431): Mean: 2401.808, median: 2242.5, std: 1042.177, percent: 2417.12, B: 132, W: 117, 
	(2310, 1399, 1647, 3045, 3623, 2518, 2349, 3384, 1908, 3327, 2183, 3475, 3024, 2153, 1608, 2252, 3949, 3382, 3941, 1872, 1502, 2191, 1158, 2294, 1656, 1088, 2976, 1399, 1027, 2337, 3176, 2987, 2234, 718, 1456, 3146, 2330, 1824, 2363, 2290, 1914, 1538, 473, 2184, 2543, 1712, 2509, 2333, 2488, 2107, 2462, 3275, 1950, 2626, 2815, 3476, 1534, 2952, 4551, 2928, 2099, 2479, 3625, 1481, 2587, 2399, 2942, 1091, 5729, 2044, 2165, 1100, 4977, 1983, 3523, 3783, 2519, 2251, 2761, 1906, 2375, 2520, 2597, 4066, 1873, 2753, 2878, 874, 2762, 3967, 2445, 2135, 3426, 1491, 1987, 2658, 1290, 2968, 2204, 2485, 731, 1503, 921, 2655, 2261, 2641, 1039, 1709, 3515, 2073, 2437, 3368, 2156, 5718, 2029, 2937, 2592, 1078, 2255, 4687, 2221, 2112, 1749, 2555, 4099, 2908, 7009, 2732, 4036, 2553, 1673, 817, 2007, 1504, 1858, 1328, 2277, 1301, 2346, 1851, 2260, 3913, 2140, 2881, 4604, 3530, 3133, 2899, 2264, 1081, 1621, 1833, 1548, 2728, 2255, 1621, 1944, 1957, 2145, 1785, 3340, 1287, 1466, 2528, 1518, 1970, 3456, 2133, 3540, 2073, 4600, 1870, 2895, 1981, 3413, 2157, 2026, 2454, 3247, 2211, 1474, 2833, 2163, 2281, 5081, 3355, 1596, 3509, 2215, 3461, 1108, 3063, 1131, 1335, 2161, 1711, 1147, 2122, 2072, 2166, 4226, 1103, 714, 1288, 1727, 2154, 2960, 2520, 3010, 2027, 1367, 3405, 1360, 2756, 827, 2077, 1825, 1003, 6447, 1218, 3644, 1531, 1282, 1350, 1700, 450, 1711, 3492, 3050, 2676, 644, 3838, 3712, 1641, 4498, 1064, 3040, 2827, 1030, 4998, 1355, 1778, 1558, 1861, 3085, 1344, 4177, 2944, 1806, 1751)
(79, 439): Mean: 2399.984, median: 2279.5, std: 1057.426, percent: 2429.18, B: 132, W: 118, 
	(2127, 1336, 1451, 2672, 3519, 2382, 2477, 3345, 1973, 3031, 2288, 3082, 2684, 2058, 1362, 2359, 4082, 3255, 5062, 1877, 1459, 2143, 1189, 2454, 1634, 1402, 3470, 1406, 1074, 2716, 2930, 2388, 2444, 786, 1318, 3257, 2269, 1795, 2531, 1995, 1814, 1644, 632, 2439, 3002, 1896, 2833, 2417, 2338, 2277, 2358, 3589, 2374, 2385, 3342, 2962, 1558, 2689, 4146, 3142, 2282, 2647, 3980, 1524, 2598, 2471, 2993, 969, 6222, 1898, 2369, 973, 3793, 2340, 3713, 4000, 2312, 2332, 3249, 2081, 2297, 2205, 2476, 4303, 1973, 2433, 2656, 868, 2469, 3266, 2662, 2395, 3474, 1497, 2117, 3102, 1226, 2637, 1888, 2564, 630, 1442, 960, 2182, 2038, 2540, 1388, 1643, 3531, 1906, 2405, 3905, 1857, 4927, 2008, 3453, 2553, 1444, 2047, 5481, 2326, 2107, 1787, 2251, 3756, 2761, 7184, 3038, 3782, 2638, 1851, 868, 1689, 1450, 1780, 1333, 2455, 1294, 1984, 2060, 2319, 3468, 1968, 3114, 4836, 3670, 3037, 2860, 2127, 908, 1555, 1884, 1678, 2678, 2961, 1723, 1808, 1832, 2156, 1624, 2958, 1481, 1532, 2289, 1552, 2096, 4176, 2112, 3782, 1954, 4243, 2248, 2529, 1782, 3657, 1916, 2116, 2393, 3125, 2129, 1272, 2920, 1929, 2461, 4902, 3283, 1472, 3622, 2321, 3412, 1443, 3022, 979, 1366, 2108, 1909, 1192, 2164, 2149, 2069, 3707, 999, 781, 1117, 1688, 2053, 2746, 2632, 2974, 2207, 1160, 3056, 1474, 3133, 821, 1957, 1656, 931, 6068, 1314, 3641, 1446, 1362, 1118, 1534, 696, 1748, 3849, 3239, 2434, 795, 3788, 4577, 1508, 5580, 1044, 2858, 2442, 1040, 4309, 1280, 1722, 1595, 1722, 3434, 1132, 4092, 2800, 1969, 1590)
(86, 480): Mean: 2395.88, median: 2223.5, std: 1034.536, percent: 2409.76, B: 128, W: 122, 
	(1923, 1415, 1637, 3460, 3205, 2368, 2506, 3878, 2006, 3067, 2160, 3300, 2550, 2234, 1265, 2259, 4022, 3489, 4625, 1909, 1591, 2183, 1192, 1978, 1627, 1171, 3028, 1367, 1104, 2283, 3300, 2331, 2246, 848, 1438, 3647, 2289, 1988, 2737, 2045, 2286, 1536, 513, 2181, 2613, 1675, 2984, 2317, 2447, 2345, 2633, 3764, 1887, 2830, 3423, 3064, 1594, 3019, 3717, 3041, 2152, 2699, 4189, 1552, 2720, 2729, 3196, 1011, 6200, 1897, 2170, 952, 4523, 2152, 3691, 3726, 2691, 2363, 2845, 1646, 2226, 2453, 3114, 4654, 2070, 2362, 2484, 971, 2311, 4125, 2480, 2146, 3794, 1408, 1938, 3052, 1207, 2515, 2441, 2555, 694, 1447, 871, 2206, 2073, 2427, 1178, 1631, 3883, 2039, 2512, 3249, 1933, 4495, 1994, 3485, 2148, 1321, 2189, 4475, 2105, 1985, 2112, 2485, 3927, 2958, 6441, 3055, 3741, 2691, 1750, 904, 1661, 1899, 1840, 1451, 2321, 1199, 2048, 1841, 2095, 3347, 1976, 2910, 3914, 3685, 3647, 2596, 2231, 608, 1440, 1776, 1501, 2712, 2741, 1647, 2081, 2006, 2108, 1637, 3198, 1472, 1327, 2434, 1639, 1951, 4315, 2091, 3670, 1769, 4698, 2088, 2975, 1850, 3650, 2223, 2013, 2163, 3301, 2336, 1627, 2904, 1965, 2417, 4498, 3375, 1373, 2759, 2197, 3416, 1355, 3168, 1062, 1352, 2241, 1899, 1161, 2142, 2107, 2503, 4844, 963, 755, 1254, 1798, 2152, 2640, 2320, 2851, 2268, 1272, 3306, 1539, 2709, 765, 2224, 1723, 1021, 5858, 1141, 3409, 1341, 1359, 1141, 1912, 518, 1718, 4119, 3283, 2284, 689, 3607, 4521, 1636, 4839, 1032, 2743, 2356, 1261, 4386, 1340, 1836, 1512, 1498, 2901, 1174, 3808, 2705, 1987, 1696)

Test:
No precond: Mean: 2672.772, median: 2441.0, std: 1328.452, percent: 2599.4, flag: 0 
	(2732, 1722, 2896, 6703, 1263, 687, 4519, 1196, 1214, 2257, 1636, 3135, 1148, 2438, 987, 2178, 2570, 2254, 2014, 2444, 1991, 2088, 2134, 2382, 2218, 868, 2182, 3218, 1219, 2008, 3407, 2246, 1203, 4618, 2022, 1618, 1504, 1778, 1968, 4965, 2198, 2292, 2342, 2682, 2127, 4125, 116, 2057, 902, 1557, 6323, 1922, 2322, 669, 481, 2490, 5504, 2080, 3458, 2573, 3341, 2994, 1888, 2050, 1387, 1391, 2387, 3298, 3614, 1684, 3098, 3118, 4464, 2592, 3866, 1797, 1981, 3499, 2273, 3253, 1323, 3153, 6059, 966, 3170, 5799, 5113, 5496, 3340, 2744, 2820, 3977, 3408, 5672, 2096, 1793, 4208, 3067, 1774, 4401, 1070, 2213, 3325, 2189, 1008, 2444, 4028, 1978, 1750, 3565, 2784, 3991, 2663, 2116, 3048, 4220, 2725, 2296, 2839, 2945, 2677, 2762, 3101, 1310, 1820, 1505, 3077, 1109, 1571, 4558, 336, 3214, 3399, 3984, 1498, 3185, 2949, 7460, 2913, 2708, 3603, 1702, 1714, 3044, 5088, 1978, 1501, 2803, 1265, 4648, 5189, 3450, 3232, 2691, 1878, 2840, 872, 1891, 3314, 1379, 2210, 3947, 929, 1336, 1542, 2928, 2412, 1326, 2491, 1833, 1338, 2562, 2919, 2052, 2082, 2489, 3746, 5866, 3049, 1273, 2993, 1275, 3425, 6333, 2217, 2252, 996, 1935, 2942, 3295, 2229, 2084, 8781, 3569, 3803, 2957, 1800, 2928, 1130, 3008, 1029, 2696, 3562, 1757, 4629, 1127, 2829, 1217, 4062, 4161, 2116, 1422, 4084, 1838, 2941, 577, 3148, 5144, 2884, 1132, 1309, 1212, 2450, 5948, 2031, 4191, 2686, 1828, 2057, 1766, 1347, 1945, 4401, 5568, 2142, 2128, 3510, 2437, 1763, 1883, 2842, 2343, 1301, 2928, 2177, 3078, 3557, 2609, 2563, 4937)

Last: Mean: 2610.872, median: 2412.0, std: 1365.295, percent: 2526.44, B: 145, W: 101, flag: 0 
	(2609, 1549, 2561, 6706, 1102, 584, 3607, 1247, 1236, 2756, 1530, 3328, 1257, 2442, 785, 2152, 2391, 2160, 1840, 2448, 1914, 1960, 1994, 2239, 2377, 861, 2065, 2510, 1266, 1739, 2865, 1949, 1053, 5726, 2173, 1487, 1584, 1871, 2000, 4454, 1907, 2654, 2353, 2283, 2098, 4109, 116, 1861, 802, 1476, 5134, 1810, 2421, 595, 529, 2499, 6363, 1801, 3796, 2620, 3559, 2905, 1750, 1789, 1433, 1559, 2581, 2482, 3184, 1374, 3432, 2786, 4706, 2174, 3663, 1691, 1895, 3487, 2080, 2677, 1273, 3054, 6094, 1128, 2762, 5928, 7106, 4199, 2652, 2386, 2826, 3752, 3461, 6772, 2154, 1776, 3663, 3476, 1781, 3990, 1068, 2012, 2809, 1942, 1114, 2427, 4173, 1812, 1852, 3840, 3017, 3818, 2517, 2059, 2929, 3496, 2414, 2296, 2554, 3236, 2539, 2840, 3511, 1379, 1551, 1575, 3084, 1175, 1375, 4576, 352, 2882, 2719, 4427, 1791, 2631, 2720, 7017, 2975, 2432, 3033, 1519, 1816, 3602, 5594, 1947, 1501, 2410, 1217, 4778, 4951, 2749, 3147, 2835, 1770, 2739, 872, 1949, 3434, 1357, 2590, 3449, 867, 1301, 1793, 2036, 2599, 1320, 2366, 1995, 1352, 2497, 3357, 1818, 2028, 2784, 3969, 7017, 2992, 1301, 2344, 1326, 3203, 4910, 2232, 2311, 957, 1749, 3142, 3606, 2228, 2042, 10078, 3268, 3256, 2749, 1646, 3005, 1149, 2755, 1057, 2744, 3926, 1682, 4484, 1098, 2872, 1149, 3883, 3735, 1986, 1434, 3744, 1948, 2612, 641, 3011, 4093, 2821, 1188, 1236, 1364, 2810, 4517, 2316, 3853, 2490, 1827, 2150, 1728, 1195, 2090, 3945, 6994, 2114, 2205, 3775, 2342, 1750, 1726, 2550, 2530, 1542, 2697, 2461, 3260, 3212, 2491, 2311, 4542)

[ 0.01727921  0.04429462  0.05369507 -0.05527624  0.08767026  0.04420125
  0.06523376  0.0103657   0.02375638  0.01470662]

14/02/2026, 17:47:20
Config file: ./config/config_mean_2.ini
Data:
	1d_laplace_size: 45
	amount: 250
	params: 1 0.3
	seed: 2
	dim: 2025
Solver:
	tol: 1e-10
	max_iteration: None
Learn:
	iteration_count: 100
	step_range: 0.1
	method: mean
	seed: 2
	scale: 1 0.5 0.25
Precondition:
	num_coef: 10

Train:
(0, 1): Mean: 2692.212, median: 2483.5, std: 1401.687, percent: 2606.34, B: 250, W: 0, 
	(2106, 2527, 3233, 2235, 4812, 2989, 3315, 4405, 2100, 2225, 1475, 4093, 1685, 2290, 5527, 2141, 2495, 1805, 2445, 2255, 2707, 1180, 1656, 1519, 2919, 733, 2726, 2280, 1469, 6818, 2587, 2733, 1518, 1311, 1783, 5213, 2157, 2129, 2958, 2953, 2607, 3138, 1547, 2527, 2753, 2485, 1319, 1879, 1625, 2749, 2630, 1956, 2703, 2605, 1447, 4152, 1951, 3291, 1903, 2949, 2482, 2032, 3791, 2036, 968, 1861, 2433, 2467, 3495, 2935, 1672, 725, 3122, 1387, 1532, 4903, 2892, 1851, 1250, 1965, 1659, 2522, 3088, 1697, 2509, 3199, 2940, 3367, 1903, 4067, 1960, 3087, 2482, 3018, 3616, 5066, 2221, 1788, 2785, 7564, 2764, 3402, 3711, 4130, 783, 9902, 4023, 3748, 2840, 2177, 2938, 1191, 850, 5661, 3564, 1441, 2246, 2638, 3741, 1028, 2595, 1010, 3440, 2654, 3744, 1732, 1178, 6652, 2178, 2476, 2521, 1144, 1329, 5287, 1563, 3684, 3168, 3797, 2188, 3062, 2822, 2916, 1007, 2952, 1177, 1368, 1367, 2041, 1861, 1890, 1603, 1961, 1098, 1894, 5663, 2150, 1261, 3762, 1370, 3924, 7298, 1311, 1330, 3907, 3249, 2715, 2643, 1874, 1269, 1556, 5643, 2971, 2623, 3617, 2947, 3016, 1774, 1291, 3357, 2101, 619, 3691, 3701, 1374, 1930, 3955, 2403, 2891, 1613, 1933, 1718, 1841, 3048, 2695, 2146, 2706, 4963, 1319, 5608, 4120, 3465, 2247, 1193, 2214, 4166, 4151, 2880, 2387, 3280, 232, 4516, 2086, 1484, 1923, 3283, 3021, 2007, 3617, 1899, 4513, 2820, 1432, 396, 5824, 182, 1177, 2611, 1638, 4171, 912, 2287, 3314, 6351, 2428, 4680, 1577, 6716, 1689, 1212, 2999, 4408, 4060, 2055, 3512, 7424, 1627, 2295, 2520, 1757, 1322)
(1, 3): Mean: 2689.14, median: 2470.0, std: 1384.611, percent: 2591.46, B: 120, W: 130, 
	(2078, 2557, 3694, 2402, 4427, 2783, 3378, 3681, 2400, 2424, 1531, 3606, 1698, 2078, 5248, 2090, 2714, 1754, 2103, 2319, 2978, 1211, 1729, 1478, 2377, 765, 2399, 2152, 1553, 7308, 2711, 2657, 1678, 1352, 1538, 6313, 2099, 2106, 2852, 3006, 2316, 3196, 1577, 2456, 3099, 3231, 1193, 2001, 1564, 3186, 2418, 1921, 2954, 2870, 1358, 4460, 1979, 3489, 1896, 2625, 2427, 2247, 4577, 1950, 821, 1864, 2225, 2702, 3839, 2968, 2226, 722, 3176, 1590, 1547, 5052, 2833, 2144, 1296, 1986, 1618, 2952, 2618, 1637, 2195, 2946, 3055, 3174, 2017, 3176, 2134, 2726, 2539, 3115, 4155, 5945, 2493, 1845, 2593, 6445, 2971, 3584, 3537, 3376, 751, 9855, 4154, 3703, 2945, 2357, 2353, 1288, 882, 4817, 3328, 1287, 2314, 2575, 4096, 957, 2774, 892, 3446, 2630, 4333, 1752, 1217, 5869, 2535, 2532, 2763, 1145, 1374, 4949, 1694, 3815, 2794, 4096, 2292, 2994, 2946, 3037, 1010, 3128, 1273, 1450, 1235, 2013, 1890, 1916, 1379, 1465, 1057, 1801, 6027, 2255, 1269, 3421, 1347, 5016, 6429, 1365, 1554, 4596, 3233, 2834, 2628, 2069, 1200, 1595, 5973, 2929, 2760, 3133, 2670, 3424, 1979, 1154, 2908, 1936, 788, 3395, 3631, 1544, 1710, 3348, 2328, 2828, 1504, 2215, 1741, 1811, 3238, 2731, 2474, 2682, 5318, 1068, 4850, 3556, 3363, 2403, 1383, 2116, 4347, 3926, 2633, 2591, 3272, 198, 4839, 1985, 1832, 2016, 3014, 2571, 1851, 3765, 2246, 4458, 3113, 1422, 352, 6095, 179, 1301, 2587, 1624, 3598, 789, 2091, 3458, 6283, 2253, 4024, 1675, 6354, 1758, 1164, 2552, 3526, 3952, 2191, 3477, 7918, 1740, 2466, 2580, 1731, 1547)
(2, 5): Mean: 2678.064, median: 2508.5, std: 1377.279, percent: 2566.38, B: 127, W: 123, 
	(1976, 2693, 2996, 2401, 4574, 2758, 3073, 3840, 2198, 2269, 1613, 4230, 1985, 2308, 6228, 1911, 2611, 1556, 2489, 2033, 3089, 1236, 1676, 1393, 3001, 695, 2600, 2186, 1402, 7342, 2368, 2431, 1630, 1319, 1756, 5986, 2076, 2204, 2631, 2898, 2026, 3463, 1576, 2608, 2733, 2910, 1280, 1995, 1551, 2936, 2453, 1915, 2824, 2786, 1311, 4262, 2113, 3516, 1797, 2813, 2533, 2189, 3350, 2003, 908, 1818, 2632, 2303, 3588, 2448, 2104, 649, 2936, 1542, 1713, 4960, 2737, 1959, 1186, 1848, 1947, 2670, 2872, 1840, 2254, 2733, 2750, 3178, 1827, 3539, 2340, 2510, 2389, 3384, 3986, 5344, 2633, 1875, 2659, 6294, 3305, 3347, 4417, 3305, 862, 9320, 4021, 3862, 3091, 2172, 2576, 1238, 802, 6041, 3188, 1195, 2424, 2686, 3899, 1000, 2717, 909, 3205, 2570, 3679, 1835, 1181, 6408, 2477, 2539, 2877, 1244, 1225, 4642, 1539, 3307, 2767, 3321, 2101, 3114, 3341, 2559, 943, 2768, 1310, 1536, 1273, 2187, 1985, 1994, 1446, 1548, 1066, 1945, 6396, 2033, 1533, 3655, 1625, 3402, 6732, 1325, 1487, 4820, 3429, 2774, 2775, 1989, 1269, 1578, 5500, 3175, 2715, 3313, 2830, 2811, 1810, 1209, 3536, 2051, 662, 3446, 3778, 1566, 1784, 3579, 2579, 2759, 1564, 2011, 1622, 1801, 2881, 2620, 2067, 3299, 4776, 1385, 4640, 3530, 2855, 2463, 1421, 2404, 3557, 3944, 2675, 2668, 3590, 224, 4919, 1910, 1442, 1880, 3284, 2657, 1856, 3220, 2250, 4562, 3091, 1438, 295, 6625, 180, 1153, 2744, 1686, 3884, 785, 1972, 3218, 5813, 2507, 4258, 1598, 7033, 1766, 1201, 2702, 4615, 4376, 2113, 3764, 7230, 1536, 2397, 3037, 1800, 1529)
(3, 6): Mean: 2671.948, median: 2461.0, std: 1413.082, percent: 2598.14, B: 128, W: 118, 
	(1920, 2590, 3530, 2291, 4725, 2849, 3545, 4246, 2198, 2279, 1636, 4381, 1963, 2413, 5959, 2230, 2633, 1498, 2515, 2212, 2524, 1138, 1739, 1437, 2659, 798, 2396, 2314, 1552, 6907, 2438, 2303, 1524, 1305, 1771, 5842, 2016, 2064, 2818, 3090, 2238, 3031, 1488, 2610, 3210, 3113, 1227, 1934, 1373, 2720, 2518, 1834, 2633, 2797, 1304, 4134, 2091, 2962, 1797, 3078, 2219, 2223, 3742, 2094, 828, 1772, 2250, 2429, 4249, 2654, 1665, 784, 3127, 1610, 1659, 5045, 3043, 1989, 1316, 1883, 1718, 2783, 3048, 1718, 2336, 2843, 2496, 2881, 1755, 4101, 2142, 3004, 2452, 3254, 4000, 6337, 2300, 1828, 2469, 7121, 2848, 3100, 3982, 3583, 814, 9990, 3824, 3675, 2948, 2535, 2577, 1223, 890, 4604, 3363, 1219, 2453, 2635, 3645, 915, 2645, 865, 3304, 2596, 3841, 1843, 1245, 7568, 2437, 2511, 3276, 1063, 1289, 5351, 1492, 3620, 2554, 3465, 2135, 2757, 3052, 2905, 1139, 3258, 1182, 1475, 1374, 2081, 1985, 2013, 1747, 1537, 997, 1590, 5454, 2004, 1399, 3370, 1372, 3732, 7999, 1456, 1358, 4199, 3449, 2492, 2789, 1897, 1185, 1584, 5684, 3101, 2335, 3787, 2875, 2600, 1800, 1150, 2934, 2004, 763, 3297, 4436, 1350, 1930, 3562, 2379, 2726, 1449, 2223, 1749, 1741, 3047, 2675, 2286, 3359, 5026, 1119, 4587, 3662, 2942, 2548, 1360, 2104, 4322, 3292, 2735, 2770, 3211, 222, 4486, 2197, 1375, 1833, 2939, 2624, 1749, 3688, 2023, 4006, 2820, 1210, 359, 6067, 203, 1144, 2598, 1568, 3840, 842, 1935, 3821, 8004, 2678, 4210, 1793, 5589, 1850, 1201, 2761, 3846, 3816, 2288, 3571, 5921, 1651, 2175, 2594, 1725, 1584)
(4, 7): Mean: 2641.248, median: 2494.0, std: 1333.795, percent: 2534.08, B: 132, W: 117, 
	(2085, 2651, 3080, 2203, 4564, 2923, 3464, 3241, 2198, 2031, 1538, 4403, 1860, 2506, 6104, 1984, 2538, 1597, 2215, 2204, 2809, 1166, 1568, 1585, 2816, 706, 2506, 2334, 1519, 5982, 2907, 2624, 1663, 1365, 1542, 5763, 2077, 2164, 2611, 2799, 2183, 3202, 1633, 2732, 3039, 2951, 1175, 2262, 1377, 2691, 2620, 1910, 2698, 2519, 1390, 3154, 1905, 3391, 1812, 2571, 2549, 2177, 3058, 2054, 921, 1683, 2331, 2079, 3626, 2904, 1587, 711, 3112, 1443, 1517, 4501, 2832, 1938, 1267, 1773, 1801, 2285, 2950, 1784, 2561, 2955, 2462, 3485, 1838, 3852, 2304, 2803, 2834, 3305, 3706, 4815, 2865, 1779, 2348, 7129, 3013, 3461, 3943, 3402, 714, 9066, 3483, 4392, 3031, 2322, 2425, 1273, 797, 4937, 2931, 1300, 2656, 2410, 4135, 1074, 2613, 742, 3731, 2576, 3755, 1767, 1373, 6200, 2361, 2553, 2953, 1078, 1405, 4558, 1438, 3597, 2694, 3431, 2016, 2655, 3062, 3006, 1093, 2859, 1281, 1571, 1263, 2002, 1729, 2099, 1782, 1664, 977, 1862, 5432, 2125, 1396, 3620, 1557, 4328, 8099, 1355, 1395, 4363, 3265, 2546, 2556, 2045, 1205, 1566, 4918, 2822, 2597, 3321, 2653, 3011, 2059, 1264, 3070, 2075, 597, 3509, 3820, 1484, 1719, 3506, 2953, 2798, 1448, 2210, 1876, 1945, 2953, 3001, 2160, 2856, 4475, 1420, 5613, 3540, 3175, 2369, 1197, 2055, 3985, 3569, 2825, 2442, 3459, 229, 3971, 2123, 1558, 2031, 3101, 2482, 1689, 3835, 2313, 4576, 2991, 1320, 334, 6809, 183, 1039, 2566, 1850, 3510, 866, 2431, 3857, 5730, 2330, 4358, 1638, 5531, 1658, 1113, 3036, 3774, 4139, 2181, 3188, 7327, 1565, 2266, 2592, 1662, 1413)
(5, 13): Mean: 2632.184, median: 2423.0, std: 1372.801, percent: 2570.28, B: 128, W: 121, 
	(1737, 2678, 3418, 2142, 4715, 3029, 3065, 3460, 2070, 2134, 1502, 4934, 2021, 2035, 7295, 1894, 2465, 1603, 2267, 2228, 2711, 1340, 1482, 1537, 2824, 673, 2882, 2089, 1604, 6588, 2480, 2566, 1566, 1282, 1764, 5871, 2057, 2077, 2787, 2729, 2299, 3530, 1413, 2446, 2907, 2738, 1252, 2062, 1475, 2976, 2317, 1957, 2993, 2812, 1312, 3335, 2007, 3701, 1878, 2808, 2350, 2291, 4057, 2177, 720, 1674, 2341, 2210, 3371, 2831, 1687, 661, 3016, 1450, 1789, 4901, 2679, 1687, 1304, 2018, 1575, 2957, 3017, 1819, 2311, 2660, 2539, 3349, 1747, 3745, 2309, 2879, 2239, 2868, 3738, 4983, 2727, 1823, 2248, 6452, 2812, 3113, 3683, 3287, 658, 8924, 3679, 3577, 2858, 2387, 2500, 1233, 834, 6563, 3337, 1404, 2566, 2587, 3936, 1014, 2654, 802, 3338, 2769, 4165, 1789, 1083, 6396, 2541, 2586, 2488, 1040, 1356, 4963, 1463, 3572, 2616, 4036, 2235, 2103, 2954, 3128, 921, 2772, 1332, 1252, 1196, 2030, 1773, 2056, 1314, 1532, 986, 1590, 4455, 2090, 1350, 3410, 1549, 3606, 6624, 1520, 1278, 4694, 3214, 2530, 2696, 1973, 1227, 1699, 5718, 3200, 2587, 3369, 2618, 2615, 2091, 1293, 2948, 2006, 617, 3270, 3950, 1671, 1708, 3462, 2356, 2850, 1624, 2076, 1676, 1769, 3005, 2667, 2190, 2963, 4561, 1210, 5610, 3738, 3721, 2527, 1306, 2188, 4388, 3359, 2351, 2510, 3271, 261, 4688, 1925, 1421, 1609, 3242, 2440, 1774, 3435, 2368, 3938, 2737, 1491, 305, 6008, 188, 1114, 2525, 1566, 3534, 900, 1878, 3469, 6739, 2224, 4268, 1492, 6565, 1651, 1113, 2659, 3887, 3916, 1888, 3927, 7216, 1919, 2406, 2627, 1652, 1326)
(10, 38): Mean: 2623.508, median: 2428.0, std: 1335.103, percent: 2532.94, B: 120, W: 130, 
	(1822, 2590, 3321, 2312, 4895, 2789, 3299, 4231, 2331, 2186, 1492, 4219, 1944, 2496, 5970, 1969, 2532, 1829, 2115, 2130, 2728, 1167, 1714, 1385, 2773, 695, 2781, 2262, 1386, 6556, 2261, 2641, 1622, 1399, 1574, 5191, 2002, 2216, 2636, 3087, 2132, 3280, 1360, 2785, 2973, 2557, 1138, 2262, 1403, 2941, 2406, 1659, 2877, 2845, 1366, 3489, 1883, 2950, 2206, 2427, 2453, 2382, 3626, 1955, 890, 1737, 2345, 2309, 3635, 2639, 1785, 842, 3159, 1494, 1981, 4813, 3021, 2123, 1168, 1984, 1753, 2362, 2970, 1696, 2363, 2823, 2526, 3073, 2084, 3373, 2469, 2990, 2600, 2936, 4002, 5031, 2695, 2027, 2295, 8591, 2616, 3131, 4053, 3897, 781, 8706, 3800, 3838, 2786, 2098, 3252, 1140, 890, 5057, 3008, 1298, 2194, 2647, 3978, 979, 2638, 968, 3366, 2774, 4083, 1886, 1160, 6037, 2540, 2493, 2429, 1038, 1342, 4456, 1436, 3703, 2351, 3527, 2178, 2457, 3086, 2824, 1067, 2797, 1273, 1454, 1248, 1770, 1982, 1726, 1659, 1588, 1199, 1758, 4114, 2124, 1325, 3426, 1384, 3827, 8404, 1338, 1395, 4748, 3104, 3032, 2353, 1879, 1221, 1701, 4426, 3016, 2230, 3195, 2769, 2457, 1870, 1203, 3656, 1883, 701, 3396, 3631, 1529, 1702, 3211, 2405, 3099, 1430, 1924, 1924, 1745, 3329, 2521, 2059, 2885, 4566, 1188, 4104, 3816, 3852, 2456, 1248, 2128, 4086, 3498, 2705, 2498, 3335, 260, 4772, 1872, 1679, 1940, 3084, 2568, 1940, 3541, 2415, 4293, 2835, 1195, 415, 6139, 192, 1328, 2503, 1593, 3457, 882, 1986, 3345, 4583, 2496, 3835, 1474, 6544, 1674, 1187, 2808, 3098, 4114, 2358, 4228, 7249, 1580, 2388, 2825, 1799, 1423)
(28, 141): Mean: 2622.256, median: 2435.0, std: 1325.384, percent: 2570.1, B: 121, W: 129, 
	(1965, 2506, 3327, 2078, 4549, 2588, 3140, 4366, 2008, 2073, 1563, 3931, 2068, 2321, 5811, 2030, 2621, 1682, 2379, 2139, 2809, 1169, 1558, 1593, 2807, 805, 2590, 2238, 1618, 6789, 2787, 2506, 1612, 1306, 1686, 5704, 2007, 2064, 2880, 3157, 2158, 3316, 1307, 2591, 2843, 2675, 1178, 2027, 1488, 3173, 2299, 1697, 2973, 2694, 1186, 3926, 2119, 3163, 1762, 2916, 2660, 1990, 4690, 1981, 769, 1697, 2480, 2329, 3874, 2753, 1980, 721, 3360, 1537, 1896, 4728, 3048, 1819, 1290, 2040, 1491, 2546, 2991, 1632, 2418, 2432, 2578, 3012, 1749, 3344, 1872, 2779, 2520, 3210, 3587, 5316, 2689, 1777, 2314, 7395, 3011, 2944, 3690, 3519, 743, 8668, 4023, 3705, 2736, 2264, 2687, 1192, 792, 5268, 3092, 1162, 2225, 2370, 3662, 1095, 2354, 894, 3728, 2855, 4368, 1804, 1172, 4541, 2312, 2846, 2343, 1205, 1259, 5073, 1519, 3494, 2483, 3291, 2163, 2834, 2807, 2660, 1135, 2954, 1436, 1456, 1264, 1912, 1965, 1921, 1613, 1504, 1010, 1957, 4457, 2014, 1488, 3303, 1297, 3888, 8246, 1388, 1342, 4828, 3083, 2601, 2678, 1924, 1203, 1745, 5669, 3103, 2771, 3666, 2782, 2797, 1819, 1169, 3397, 2068, 526, 3353, 3774, 1608, 1689, 3666, 2546, 2857, 1374, 1978, 1754, 1894, 2746, 2721, 2398, 2682, 4210, 1294, 4849, 4675, 3321, 2483, 1224, 2153, 4173, 3617, 2816, 3114, 3270, 317, 5042, 1783, 1475, 1898, 3279, 2618, 1755, 3511, 2184, 3680, 3165, 1253, 325, 5828, 183, 1153, 2314, 1691, 3640, 846, 2207, 3769, 4957, 2438, 4093, 1479, 5489, 1706, 1149, 2467, 3404, 4080, 2105, 3052, 7207, 1633, 2405, 2779, 1786, 1333)
(29, 143): Mean: 2613.944, median: 2457.5, std: 1367.843, percent: 2507.12, B: 125, W: 124, 
	(2369, 2350, 3013, 2368, 4455, 2691, 3333, 3598, 2068, 2239, 1428, 4054, 1773, 2314, 5576, 2057, 2457, 1697, 2364, 1932, 2504, 1320, 1523, 1498, 2466, 759, 2798, 1982, 1494, 6586, 2613, 2485, 1568, 1357, 1734, 7465, 2044, 2235, 2487, 2698, 2463, 2789, 1326, 2651, 2691, 2689, 1347, 2338, 1570, 2966, 2389, 1721, 2788, 2991, 1240, 3075, 1875, 3277, 1940, 2671, 2415, 2031, 4171, 2358, 626, 1543, 2326, 2154, 3676, 2903, 1843, 726, 2934, 1531, 1847, 4547, 2839, 2000, 1200, 1947, 1723, 2602, 2922, 1849, 2348, 2958, 2897, 2948, 1790, 3034, 1981, 2814, 2534, 3340, 3844, 5935, 2512, 1987, 2533, 6902, 2775, 3137, 3746, 3390, 746, 9623, 3861, 3740, 3195, 2303, 2415, 1143, 814, 5574, 2736, 1290, 2198, 2429, 3675, 998, 2638, 915, 3061, 3128, 4396, 1873, 1169, 6248, 2459, 2577, 2483, 1050, 1290, 4810, 1515, 3222, 2483, 3147, 2252, 2516, 3081, 3106, 1255, 2766, 1189, 1499, 1295, 2058, 1740, 2020, 1438, 1478, 997, 1758, 5021, 2165, 1246, 3439, 1422, 4055, 8090, 1477, 1406, 4342, 3497, 2867, 2686, 2074, 1253, 1540, 6614, 2771, 2213, 3243, 2892, 2962, 1843, 1135, 3447, 1982, 542, 3861, 3424, 1409, 1734, 3444, 2458, 2675, 1556, 2014, 1643, 1762, 3021, 2494, 2238, 2782, 4136, 1182, 5169, 3965, 3272, 2272, 1297, 2296, 4036, 3701, 2745, 2873, 2831, 297, 4731, 1855, 1482, 1755, 3574, 2475, 1721, 3422, 1963, 4066, 3170, 1414, 286, 6219, 194, 1110, 2362, 1596, 3383, 716, 2006, 3179, 4839, 2586, 4159, 1565, 6769, 1619, 1224, 2627, 3549, 3697, 2027, 3205, 6037, 1625, 2681, 2507, 1577, 1384)
(35, 177): Mean: 2612.58, median: 2415.0, std: 1329.233, percent: 2562.68, B: 119, W: 131, 
	(1813, 2367, 3159, 2015, 4718, 2799, 3398, 3467, 2138, 2031, 1523, 4191, 1835, 2307, 6441, 2038, 2643, 1844, 2051, 2070, 2313, 1170, 1827, 1604, 2750, 742, 2680, 2147, 1405, 6741, 2567, 2424, 1762, 1510, 1696, 5031, 2074, 2017, 2612, 2990, 1996, 2920, 1324, 2346, 2850, 2508, 1175, 1742, 1324, 2795, 2225, 1619, 3102, 2895, 1332, 3881, 1922, 2646, 1829, 2916, 2418, 1897, 3708, 1922, 894, 1622, 2306, 2294, 3883, 2788, 2029, 756, 2914, 1391, 1554, 5161, 2644, 1995, 1344, 2137, 1492, 2615, 2857, 1752, 2035, 3186, 2633, 2880, 1880, 3536, 2083, 3079, 2627, 3377, 3713, 5011, 2448, 2072, 2240, 7093, 2849, 3014, 3951, 3892, 829, 7268, 3447, 3999, 2498, 2217, 2871, 1237, 773, 6536, 2995, 1363, 2412, 2573, 3549, 1004, 2610, 748, 3580, 2704, 3833, 1728, 1210, 5874, 2595, 2696, 2765, 1118, 1425, 4473, 1541, 3361, 2707, 3647, 2201, 2761, 3246, 3102, 1113, 2889, 1152, 1378, 1313, 1959, 1896, 1832, 1664, 1740, 1054, 1815, 5321, 1897, 1353, 3720, 1429, 3941, 7969, 1375, 1484, 4195, 3108, 2745, 2636, 2102, 1187, 1629, 5263, 3139, 2576, 3033, 2813, 3013, 2077, 1067, 3792, 1876, 665, 4145, 4432, 1346, 1715, 3176, 2494, 2793, 1414, 2185, 1714, 1721, 3029, 2692, 2380, 3309, 4530, 1138, 4768, 3701, 3315, 2559, 1306, 2006, 4012, 3341, 2751, 2816, 3100, 252, 4154, 1972, 1448, 1675, 3082, 2271, 1900, 3083, 2178, 3933, 3413, 1234, 359, 6323, 185, 1135, 2399, 1542, 3608, 872, 2029, 3059, 6679, 2639, 4126, 1473, 6040, 1574, 1142, 2577, 3370, 4681, 2179, 3190, 6910, 1621, 2317, 2637, 1605, 1456)
(38, 191): Mean: 2607.868, median: 2432.5, std: 1307.535, percent: 2551.16, B: 117, W: 132, 
	(1959, 2517, 3339, 2244, 5042, 2701, 3481, 4053, 2134, 2118, 1457, 3958, 1928, 2311, 5966, 2189, 2426, 1903, 2132, 1845, 3128, 1149, 1777, 1532, 2782, 638, 2459, 2529, 1409, 5431, 2452, 2213, 1520, 1338, 1804, 6352, 1917, 2113, 2625, 3134, 2059, 3259, 1272, 2936, 3064, 2818, 1201, 1949, 1533, 2555, 2357, 1727, 3425, 2868, 1319, 3764, 1960, 2825, 1931, 2532, 2709, 2271, 4160, 2069, 781, 1688, 2441, 2360, 3689, 3038, 1852, 743, 2829, 1409, 1525, 4653, 3072, 2209, 1192, 1793, 1633, 2493, 2656, 1648, 2127, 2809, 2732, 3221, 1938, 3244, 2131, 2617, 2748, 2986, 3289, 5406, 2415, 1678, 2411, 6530, 2778, 2905, 4442, 3309, 764, 7823, 4048, 3724, 2711, 2186, 2384, 1251, 798, 5094, 2842, 1139, 2329, 2597, 3693, 1031, 2550, 793, 3117, 2752, 3861, 1644, 1104, 5217, 2452, 2439, 2966, 1096, 1267, 4686, 1479, 3254, 2292, 3661, 2279, 2396, 2896, 2782, 1105, 3027, 1249, 1411, 1215, 2104, 1741, 1844, 1551, 1649, 942, 1931, 6067, 2352, 1583, 3590, 1516, 3594, 8221, 1413, 1290, 4618, 3708, 2731, 2541, 1933, 1340, 1520, 6120, 2978, 2825, 3050, 2499, 2576, 1931, 1217, 3404, 1918, 573, 3561, 3568, 1376, 1832, 3561, 2988, 3018, 1373, 2386, 1662, 1810, 3164, 2608, 1906, 2849, 4103, 1239, 5463, 4890, 3778, 2559, 1355, 2081, 4499, 3874, 2851, 2448, 2881, 296, 4831, 2061, 1593, 1781, 3273, 2341, 2028, 3221, 2185, 3975, 2694, 1161, 377, 6127, 184, 1222, 2543, 1433, 3741, 710, 2040, 3025, 4425, 2417, 4089, 1710, 5786, 1473, 1101, 2697, 3648, 4044, 2111, 3282, 6314, 1611, 2513, 2561, 1846, 1552)
(41, 209): Mean: 2607.052, median: 2469.5, std: 1298.246, percent: 2521.24, B: 123, W: 127, 
	(2015, 2474, 3003, 2184, 4967, 3045, 3172, 3637, 2332, 2371, 1556, 4168, 1836, 2656, 5295, 1948, 2589, 1747, 2059, 2163, 2598, 1178, 1807, 1520, 2660, 802, 2745, 2246, 1436, 6896, 2635, 2486, 1748, 1384, 1696, 5968, 2054, 2064, 2584, 2908, 2115, 2796, 1296, 2622, 2566, 2483, 1200, 1929, 1420, 2392, 2258, 1708, 2791, 2789, 1353, 3119, 1790, 3129, 2031, 2904, 2545, 1977, 4018, 1935, 833, 1594, 2240, 2343, 4246, 2610, 1938, 749, 2916, 1603, 1520, 4118, 2669, 1705, 1327, 1980, 1670, 2726, 3049, 1676, 2301, 2770, 2637, 2996, 1960, 3341, 1980, 2753, 2667, 2787, 3361, 5371, 2512, 1837, 2401, 6451, 3010, 3029, 4273, 3041, 759, 7817, 3357, 3654, 2782, 2176, 2722, 1410, 799, 5597, 3120, 1154, 2335, 2603, 4137, 987, 2555, 847, 3227, 2800, 3952, 1860, 1250, 5153, 2733, 2777, 2899, 1133, 1382, 5050, 1541, 4218, 2768, 2903, 2129, 2510, 2547, 3122, 1239, 2911, 1218, 1369, 1257, 1890, 1974, 2060, 1826, 1570, 1086, 1852, 5465, 2362, 1538, 3823, 1484, 3914, 7185, 1337, 1396, 5050, 3693, 2567, 2699, 2166, 1362, 1591, 4860, 3021, 2236, 3205, 2738, 2611, 1911, 1158, 3625, 1837, 604, 3510, 4158, 1357, 1893, 3492, 2465, 2662, 1533, 2252, 1726, 1748, 2697, 2745, 2278, 3142, 3743, 1208, 4737, 3507, 3033, 2692, 1350, 2230, 3545, 3605, 2521, 2968, 3556, 239, 5251, 1909, 1537, 1786, 3247, 2409, 1716, 3628, 2139, 4312, 3234, 1129, 306, 5845, 220, 1187, 2603, 1583, 3242, 684, 2071, 3466, 6736, 2263, 3606, 1703, 6348, 1581, 1127, 2460, 3568, 4249, 2285, 3777, 6992, 1647, 2439, 2811, 1506, 1326)
(42, 215): Mean: 2595.648, median: 2389.0, std: 1285.317, percent: 2565.14, B: 136, W: 114, 
	(2070, 2828, 3369, 1839, 4859, 2934, 3316, 3931, 2212, 2144, 1530, 3769, 2236, 2144, 6505, 2132, 2366, 1773, 2100, 1926, 2518, 1283, 1599, 1480, 2728, 757, 2553, 2035, 1327, 5762, 2662, 2570, 1599, 1259, 1882, 5058, 2020, 1986, 2755, 3045, 2039, 2920, 1387, 2587, 2769, 2881, 1164, 1902, 1486, 2753, 2221, 2013, 2590, 2824, 1112, 3591, 1861, 2973, 1779, 3300, 2335, 2027, 4356, 1922, 768, 1739, 2341, 2557, 3817, 2781, 1773, 769, 3033, 1525, 1759, 4402, 2804, 1767, 1259, 1868, 1678, 2834, 2745, 1664, 1977, 2789, 2626, 2714, 1890, 3133, 2218, 3032, 2291, 3396, 3772, 5138, 2143, 1788, 2709, 6759, 2904, 3277, 3768, 3359, 890, 7451, 3688, 3502, 3051, 2396, 2695, 1183, 944, 4926, 3160, 1311, 2578, 2344, 3700, 978, 2739, 832, 3197, 2665, 3833, 1815, 1299, 6138, 2521, 2679, 2654, 1138, 1231, 4564, 1438, 3657, 2693, 3278, 2117, 2943, 3151, 3226, 1088, 2788, 1246, 1378, 1243, 1922, 1857, 1865, 1769, 1896, 991, 1615, 4911, 2064, 1336, 3544, 1396, 4110, 7677, 1459, 1634, 4711, 3456, 2833, 2440, 2247, 1134, 1484, 5986, 2703, 2732, 2771, 2894, 3161, 1721, 1252, 3731, 1682, 565, 3777, 3685, 1646, 1668, 3607, 2435, 2941, 1560, 2156, 1591, 1762, 2795, 2543, 2379, 3282, 3899, 1216, 5741, 3653, 3235, 2380, 1121, 2382, 4393, 3193, 2577, 2354, 3312, 176, 4824, 2124, 1488, 1688, 3435, 2687, 1887, 3447, 2084, 4217, 2559, 1203, 308, 5443, 196, 1096, 2400, 1507, 4058, 837, 1985, 3636, 5850, 2199, 3407, 1603, 6322, 1584, 1180, 2276, 3638, 3732, 2185, 3591, 6180, 1563, 2260, 2464, 1684, 1510)
(54, 283): Mean: 2555.864, median: 2345.5, std: 1339.053, percent: 2460.02, B: 140, W: 110, 
	(1901, 2396, 3533, 1969, 4464, 2702, 3111, 4243, 2015, 2010, 1281, 4111, 1766, 2333, 5770, 2048, 2372, 1655, 2179, 2132, 2627, 1090, 1592, 1379, 2608, 724, 2390, 1911, 1292, 5826, 2347, 2336, 1480, 1237, 1715, 6091, 1978, 2094, 2443, 2805, 2086, 3192, 1209, 2722, 2639, 2554, 1135, 2157, 1456, 3009, 2213, 1747, 2655, 2866, 1240, 3867, 1802, 2752, 1900, 2547, 2596, 2217, 3808, 1882, 781, 1652, 2534, 2236, 4028, 2333, 1903, 739, 2921, 1359, 1514, 4532, 3080, 1938, 1211, 1794, 1848, 2907, 3103, 1839, 2211, 3046, 2724, 2826, 1672, 3249, 2101, 2724, 2328, 3010, 3694, 5409, 2483, 1873, 2380, 8283, 2602, 2973, 3865, 3361, 682, 9116, 3800, 3746, 2763, 2219, 2525, 1200, 978, 5361, 2802, 1323, 2369, 2482, 3439, 928, 2475, 978, 3412, 2484, 3523, 1962, 1264, 5730, 2638, 2307, 2337, 1061, 1257, 4435, 1510, 3391, 2324, 3459, 2173, 2878, 2399, 2972, 1076, 2480, 1166, 1487, 1197, 2003, 1851, 1696, 1566, 1708, 1116, 1756, 4914, 2331, 1391, 3207, 1397, 3988, 8422, 1350, 1430, 4286, 3506, 2485, 2365, 1878, 1180, 1629, 5840, 2826, 2344, 3272, 2699, 2896, 1878, 1127, 3018, 1853, 706, 3661, 3908, 1364, 1584, 3513, 2635, 2543, 1459, 2152, 1615, 1840, 2611, 2865, 1983, 2775, 3784, 1175, 4897, 3656, 2887, 1907, 1239, 2111, 3770, 3262, 2787, 2647, 3400, 255, 4941, 1792, 1304, 1600, 2936, 2518, 1640, 3208, 2069, 3889, 2777, 1363, 367, 5631, 178, 1268, 2725, 1692, 4046, 734, 2101, 3172, 4796, 2290, 3553, 1580, 7007, 1595, 1244, 2610, 3573, 4285, 2137, 3336, 6099, 1511, 2347, 2660, 1483, 1329)
(55, 288): Mean: 2549.836, median: 2386.0, std: 1325.415, percent: 2450.56, B: 129, W: 120, 
	(1928, 2476, 3108, 1958, 4288, 2552, 3058, 3272, 1992, 1995, 1382, 3656, 1811, 2300, 6128, 1938, 2384, 1752, 2205, 1948, 2586, 1205, 1521, 1499, 2709, 630, 2216, 2084, 1444, 5795, 2834, 2133, 1718, 1203, 1564, 5499, 1952, 1926, 2746, 3016, 2099, 2785, 1375, 2650, 2704, 2471, 1106, 2151, 1666, 2730, 2388, 1600, 2985, 2535, 1256, 3622, 2045, 2714, 1777, 2526, 2491, 2073, 3546, 1924, 702, 1724, 2079, 2161, 3907, 2647, 1863, 735, 2924, 1464, 1684, 4130, 2595, 1864, 1214, 1684, 1795, 2709, 2982, 1748, 2165, 2930, 3044, 3338, 1839, 3635, 2104, 2752, 2575, 3042, 3093, 5644, 2565, 1607, 2139, 7146, 2752, 2892, 4540, 3169, 805, 9360, 3567, 3184, 2888, 2308, 2456, 1198, 926, 5378, 2801, 1262, 2469, 2702, 3621, 955, 2727, 879, 3328, 2659, 3775, 1666, 997, 5441, 2231, 2447, 2983, 981, 1194, 4833, 1624, 3383, 2705, 3494, 2123, 2575, 2616, 2762, 1132, 2581, 1286, 1261, 1289, 1782, 1781, 1875, 1450, 1594, 1021, 1882, 5232, 2222, 1267, 3285, 1406, 3546, 7773, 1266, 1306, 4324, 3364, 2363, 2549, 1907, 1125, 1649, 5847, 2928, 2507, 3122, 2605, 2947, 1769, 1177, 3525, 1896, 723, 3452, 3783, 1357, 1606, 3074, 2547, 2572, 1405, 1859, 1721, 1719, 3090, 2736, 1962, 2985, 3948, 983, 5508, 3666, 2802, 2310, 1270, 2059, 4665, 3376, 2512, 2460, 3262, 259, 4341, 2009, 1452, 1646, 3349, 3090, 1860, 3495, 2038, 4528, 2866, 1187, 273, 6423, 171, 1130, 2969, 1510, 3372, 825, 2195, 3172, 5156, 2331, 3795, 1599, 5815, 1570, 1176, 2775, 3687, 3764, 2074, 3196, 7096, 1517, 2328, 2479, 1620, 1553)
(57, 299): Mean: 2549.052, median: 2347.5, std: 1360.374, percent: 2445.7, B: 126, W: 124, 
	(1961, 2399, 3106, 1849, 4106, 2687, 2896, 3698, 1962, 2210, 1424, 4067, 1771, 2613, 5996, 1865, 2508, 1651, 1883, 1881, 2290, 1145, 1500, 1457, 2610, 690, 2456, 2151, 1434, 8072, 2539, 2369, 1551, 1244, 1846, 6027, 1792, 1880, 2706, 2611, 1894, 3050, 1429, 2309, 2654, 2608, 1161, 2038, 1306, 2510, 2362, 1729, 2595, 2607, 1356, 3611, 1873, 2660, 1693, 2545, 2683, 1982, 3354, 1861, 877, 1752, 2142, 2240, 3305, 2755, 2039, 720, 3180, 1500, 1582, 4679, 3222, 1790, 1237, 1752, 1657, 2326, 2830, 1542, 2314, 3178, 2803, 3043, 1765, 3152, 2055, 2816, 2372, 3119, 3302, 5292, 2503, 1681, 2302, 6411, 2585, 3062, 3742, 3119, 720, 8990, 3371, 3242, 2617, 2369, 2285, 1136, 859, 4806, 3394, 1327, 2313, 2576, 3529, 998, 2472, 905, 3236, 2963, 3967, 1764, 1251, 6205, 2469, 2526, 2262, 1243, 1389, 4893, 1389, 3561, 2570, 3254, 2219, 2548, 2555, 2842, 1066, 2595, 1265, 1422, 1252, 1843, 1662, 1818, 1573, 1436, 1027, 1836, 5374, 1933, 1320, 3681, 1417, 3476, 8138, 1223, 1387, 4414, 3205, 2543, 2559, 1801, 1212, 1669, 6015, 3213, 2525, 3572, 2624, 2435, 1906, 1238, 3266, 1728, 641, 2946, 4052, 1406, 1589, 3224, 2582, 2668, 1528, 2086, 1800, 1649, 2994, 2590, 1938, 3504, 4128, 1145, 5267, 3822, 3050, 2252, 1247, 2090, 4239, 3211, 2570, 2633, 3039, 260, 4638, 2010, 1438, 1822, 3156, 2333, 1866, 3300, 2151, 4339, 2816, 1141, 230, 6674, 195, 1035, 2492, 1545, 3628, 840, 1918, 3276, 4865, 2213, 3477, 1458, 5842, 1784, 1269, 2431, 4187, 4415, 2052, 3087, 7624, 1619, 2171, 2546, 1699, 1331)
(58, 301): Mean: 2548.488, median: 2332.5, std: 1334.837, percent: 2506.12, B: 124, W: 126, 
	(1943, 2781, 3356, 2068, 4634, 2805, 3592, 4347, 2196, 2300, 1293, 4298, 1653, 2584, 5692, 1959, 2457, 1680, 2040, 1931, 2452, 1157, 1536, 1506, 2774, 823, 2412, 2261, 1294, 7639, 2329, 2438, 1581, 1215, 1550, 4935, 2061, 2025, 2580, 2802, 2131, 3447, 1438, 2353, 2570, 2456, 1086, 1896, 1449, 2593, 2117, 1952, 2833, 2427, 1114, 3461, 1733, 2700, 1652, 2536, 2578, 2193, 3505, 1935, 755, 1691, 2110, 2179, 3282, 2595, 1825, 674, 2653, 1422, 1729, 4099, 2537, 1831, 1145, 1849, 1684, 2768, 2643, 1593, 2182, 2387, 2784, 3146, 1775, 3308, 1967, 2894, 2359, 3143, 3918, 4887, 2602, 1796, 2172, 5895, 2445, 3070, 3622, 3824, 694, 9073, 3529, 3775, 2767, 2236, 2246, 1241, 966, 6062, 3051, 1241, 2249, 2426, 3798, 1018, 2653, 818, 3036, 2489, 4579, 1618, 1106, 5713, 2269, 2400, 2266, 1292, 1169, 3922, 1273, 3344, 2581, 3890, 2149, 2288, 3037, 2929, 1126, 2560, 1229, 1442, 1227, 1935, 1872, 1917, 1554, 1391, 986, 1868, 4680, 2420, 1286, 3297, 1316, 3503, 8295, 1457, 1449, 4418, 3397, 2377, 2454, 1871, 1049, 1543, 5664, 2741, 2462, 3220, 2510, 2812, 1890, 1384, 3383, 1836, 586, 3324, 4687, 1408, 1512, 3048, 2315, 2704, 1481, 2244, 1735, 1745, 2720, 2932, 2063, 3327, 3970, 1091, 5862, 3908, 2913, 2454, 1320, 2198, 3785, 3781, 2639, 2479, 3020, 188, 4665, 2116, 1492, 1857, 2810, 2409, 1880, 3215, 2080, 4376, 2777, 1240, 300, 6331, 168, 1049, 2375, 1610, 4094, 786, 2213, 3277, 5146, 2259, 4718, 1681, 5574, 1508, 1180, 2432, 4018, 3595, 2109, 3436, 6498, 1487, 2034, 2336, 1650, 1514)
(59, 303): Mean: 2537.216, median: 2341.0, std: 1330.23, percent: 2483.34, B: 133, W: 117, 
	(1973, 2469, 2922, 1978, 4013, 3132, 2980, 3719, 2157, 2203, 1278, 4452, 1981, 2470, 5890, 2131, 2416, 1773, 2288, 1892, 2243, 1106, 1723, 1509, 2586, 619, 2516, 1969, 1393, 5607, 2548, 2188, 1517, 1251, 1674, 5835, 1800, 1943, 2487, 2830, 1997, 3095, 1581, 2512, 2615, 2633, 1114, 1826, 1414, 2958, 2212, 1694, 2465, 2618, 1323, 3425, 1834, 2821, 1739, 2552, 2684, 1991, 3705, 1845, 808, 1575, 2004, 2654, 3625, 2602, 1560, 603, 2601, 1256, 1738, 5042, 2782, 1770, 1177, 1915, 1626, 2588, 2762, 1702, 2051, 2703, 2809, 3032, 1819, 3187, 2079, 2761, 2643, 3141, 3773, 5035, 2288, 1864, 2231, 8025, 2660, 3138, 3583, 4398, 652, 9173, 3406, 3580, 2690, 2082, 2312, 1147, 790, 5931, 3486, 1202, 2252, 2523, 3759, 920, 2528, 843, 2847, 2732, 4104, 1847, 988, 5298, 2332, 2404, 2576, 1098, 1186, 4598, 1470, 3201, 2474, 2936, 2155, 3046, 2707, 3009, 1071, 3059, 1026, 1413, 1180, 1802, 1816, 1750, 1406, 1433, 988, 1690, 5212, 2102, 1475, 2997, 1327, 3944, 6607, 1411, 1404, 5837, 3519, 2674, 2374, 2062, 1193, 1430, 5358, 3206, 2292, 3163, 2545, 2778, 1889, 1228, 2756, 1694, 556, 3131, 3832, 1469, 1686, 3347, 2350, 2619, 1473, 2051, 1579, 1720, 3145, 2549, 1987, 2868, 3769, 1021, 5047, 3841, 3087, 2171, 1182, 2378, 4043, 3416, 2480, 2237, 3595, 249, 4517, 1932, 1330, 1812, 3085, 2609, 1824, 3196, 2238, 3797, 2993, 1421, 304, 6122, 176, 1238, 2608, 1651, 3637, 851, 1776, 3304, 5532, 2998, 3222, 1665, 6342, 1576, 1007, 2411, 3552, 3962, 2070, 3260, 6869, 1456, 2202, 2590, 1774, 1398)
(60, 305): Mean: 2497.92, median: 2344.0, std: 1251.539, percent: 2438.34, B: 133, W: 116, 
	(1611, 2543, 2898, 2028, 4166, 2817, 3612, 3712, 2191, 1802, 1495, 3903, 1728, 2054, 6022, 1758, 2466, 1516, 2147, 1951, 2414, 1136, 1517, 1468, 2506, 747, 2707, 2337, 1343, 5730, 2690, 2406, 1534, 1216, 1543, 5288, 1880, 1894, 2466, 2760, 2087, 3381, 1277, 2682, 2704, 2428, 1050, 1907, 1360, 2548, 2288, 1673, 2769, 2556, 1243, 3465, 1737, 2842, 1684, 2854, 2736, 2030, 3588, 1849, 778, 1701, 2085, 2536, 3741, 2739, 1826, 702, 2915, 1498, 1699, 3488, 2518, 1739, 1183, 1713, 1592, 2631, 2613, 1596, 2164, 2563, 2419, 3049, 2007, 3176, 1973, 2988, 2360, 2561, 3576, 6451, 2518, 1774, 2253, 6765, 2750, 2681, 3398, 3598, 739, 8464, 3211, 3289, 2394, 2266, 2505, 1230, 861, 5354, 3112, 1129, 2298, 2594, 3811, 998, 2399, 892, 3341, 3052, 3345, 1739, 1024, 5826, 2333, 2381, 2333, 1112, 1248, 3906, 1580, 3414, 2109, 3557, 2236, 2885, 3131, 2778, 1049, 2784, 1142, 1381, 1217, 1775, 1909, 1827, 1358, 1484, 987, 1503, 5174, 2110, 1265, 3952, 1472, 3464, 6690, 1213, 1391, 4465, 3456, 2564, 2498, 1961, 1161, 1586, 5358, 2715, 2210, 3074, 2771, 2382, 1704, 1127, 3031, 2110, 541, 3564, 3856, 1359, 1653, 3204, 2246, 2682, 1516, 1969, 1627, 1608, 3453, 2349, 2305, 2824, 3699, 1073, 5067, 3668, 3677, 2647, 1248, 2065, 3800, 2958, 2541, 2433, 3397, 237, 4502, 2117, 1584, 2068, 3405, 2545, 1743, 3203, 1775, 3998, 2740, 1251, 256, 4811, 155, 1004, 2339, 1851, 3488, 719, 2235, 3141, 5522, 2506, 3741, 1530, 6114, 1670, 1162, 2382, 3451, 3846, 2216, 3836, 5520, 1543, 2213, 2576, 1758, 1445)
(96, 517): Mean: 2436.832, median: 2279.5, std: 1266.078, percent: 2404.64, B: 155, W: 93, 
	(1685, 2522, 2831, 1979, 3784, 2496, 3406, 4332, 2053, 2273, 1459, 3987, 1715, 2219, 5782, 1633, 2168, 1663, 1898, 2180, 2606, 1144, 1466, 1323, 2412, 707, 2339, 2145, 1310, 6362, 2499, 2328, 1501, 1346, 1511, 4671, 1759, 1955, 2809, 2716, 2001, 2773, 1317, 2382, 2695, 2665, 1144, 2055, 1189, 2356, 2574, 1773, 3036, 2322, 1232, 4261, 1773, 2973, 1865, 2112, 2400, 1997, 3086, 1836, 773, 1513, 2306, 2092, 3346, 2671, 1578, 599, 2759, 1290, 1348, 3999, 2637, 1771, 1123, 1822, 1448, 2286, 2414, 1526, 2212, 2541, 2343, 2514, 1588, 3445, 1807, 2600, 2458, 2641, 3786, 5721, 2490, 1828, 2325, 6570, 2480, 2835, 3736, 3795, 772, 9149, 3528, 3529, 2849, 2156, 2176, 1193, 848, 5460, 2744, 1413, 2407, 2423, 3517, 859, 2401, 803, 3339, 2642, 3502, 1581, 1085, 5513, 2189, 2433, 2745, 1091, 1232, 5015, 1485, 3460, 2824, 4079, 1871, 2372, 3113, 2387, 1049, 2627, 1123, 1258, 1115, 2135, 1860, 1591, 1454, 1546, 989, 1607, 4208, 2009, 1389, 3261, 1516, 3437, 7373, 1337, 1341, 4407, 3470, 2474, 2202, 1862, 1156, 1415, 4762, 2630, 2210, 2966, 2485, 2691, 1812, 1033, 2737, 1812, 594, 2996, 4105, 1349, 1543, 2676, 2163, 2452, 1572, 1768, 1557, 1740, 2767, 2345, 1958, 2708, 4149, 1059, 4539, 3287, 2803, 2190, 1216, 2003, 3824, 2852, 2561, 2308, 2681, 304, 4717, 1770, 1528, 1558, 3122, 2204, 1756, 2816, 1933, 4124, 2495, 1272, 331, 5035, 180, 1021, 2494, 1454, 3459, 865, 1841, 3083, 5453, 2497, 3888, 1488, 4539, 1610, 1133, 2311, 3613, 4543, 2008, 2878, 6764, 1551, 1852, 2575, 1568, 1469)
(97, 523): Mean: 2433.664, median: 2228.0, std: 1258.28, percent: 2345.26, B: 134, W: 116, 
	(1812, 2557, 2769, 1860, 4631, 2574, 4042, 3666, 2133, 1926, 1383, 4187, 1720, 2136, 5454, 1705, 2133, 1734, 1941, 1873, 2425, 1079, 1543, 1442, 2646, 639, 2622, 2026, 1387, 6310, 2729, 2461, 1436, 1288, 1641, 5697, 1848, 2113, 2587, 2398, 1922, 2973, 1283, 2262, 2312, 2682, 1102, 1809, 1459, 2708, 2521, 1664, 2491, 2388, 1148, 4005, 1713, 2855, 1784, 2249, 2334, 1909, 3427, 1788, 821, 1502, 2119, 2095, 3049, 2779, 1776, 769, 2610, 1366, 1393, 4006, 2428, 1851, 1265, 1787, 1718, 2425, 2514, 1740, 2185, 2791, 2301, 3031, 1840, 2923, 2136, 2906, 2075, 3280, 3609, 5306, 2449, 1955, 2078, 6404, 2440, 2722, 3392, 3581, 754, 8550, 3263, 3550, 2518, 2262, 2395, 1133, 758, 4546, 2831, 1325, 2211, 2441, 3706, 901, 2754, 781, 2887, 2507, 4254, 1525, 1099, 6169, 2112, 2208, 2793, 1111, 1176, 4762, 1399, 3164, 2906, 3072, 1799, 2497, 2478, 2324, 1104, 3055, 1101, 1472, 1181, 2007, 1880, 1783, 1300, 1580, 877, 1702, 4144, 1918, 1290, 3122, 1381, 3199, 6699, 1226, 1376, 5093, 3244, 2195, 2447, 1967, 1081, 1595, 6152, 3013, 2176, 2775, 2577, 2641, 1811, 1104, 3222, 1731, 482, 3130, 3714, 1468, 1478, 2867, 2512, 2436, 1586, 1862, 1530, 1889, 2938, 2750, 2057, 2418, 3594, 1034, 4943, 3495, 3118, 2106, 1165, 1749, 3662, 3136, 2677, 2270, 2968, 233, 4231, 1887, 1338, 1620, 3149, 2245, 1582, 3439, 1881, 4105, 2376, 1181, 295, 4626, 167, 990, 2304, 1633, 3921, 754, 1887, 3125, 4698, 2403, 3221, 1600, 6123, 1352, 1016, 2372, 3331, 3915, 2013, 3066, 6701, 1311, 1873, 2611, 1641, 1266)
(99, 530): Mean: 2429.504, median: 2210.5, std: 1252.079, percent: 2359.44, B: 130, W: 120, 
	(1718, 2396, 2948, 1979, 4329, 2717, 3441, 3292, 1739, 2016, 1351, 4548, 1627, 2215, 5716, 1672, 2446, 1571, 1820, 2030, 2593, 1005, 1400, 1470, 2214, 694, 2309, 2047, 1443, 6151, 2535, 2296, 1756, 1209, 1724, 5753, 1930, 1868, 2586, 2515, 2064, 3278, 1411, 2297, 2885, 2552, 1101, 2097, 1356, 2709, 2379, 1465, 2572, 2296, 1319, 3501, 1851, 2663, 1828, 2592, 2059, 1825, 3258, 1737, 711, 1645, 2180, 2049, 3340, 2919, 1576, 752, 2616, 1272, 1341, 3910, 2515, 1731, 1231, 1744, 1650, 2504, 2613, 1948, 2160, 2847, 2612, 3057, 1633, 3234, 1937, 2481, 2501, 3104, 3862, 4962, 2466, 1852, 2130, 6455, 2584, 2726, 3387, 2917, 632, 7474, 3406, 3564, 2720, 2145, 2203, 1085, 933, 5126, 2806, 1222, 2207, 2714, 3383, 850, 2487, 765, 3015, 2706, 3990, 1699, 1066, 6600, 2143, 2126, 2346, 1120, 1148, 4666, 1310, 3089, 2606, 3442, 1855, 2295, 2982, 2257, 975, 2511, 1198, 1318, 1258, 1839, 1868, 1692, 1592, 1718, 960, 1607, 4894, 1951, 1328, 3361, 1466, 3029, 6356, 1213, 1289, 4106, 3107, 2129, 2681, 1775, 1131, 1428, 5330, 2597, 1965, 3009, 2492, 2432, 1599, 1163, 2747, 1831, 648, 3826, 3578, 1351, 1491, 3124, 2321, 2309, 1376, 2075, 1580, 1583, 2690, 2392, 1891, 2867, 3780, 984, 5360, 3315, 2559, 2198, 1300, 1858, 3904, 3297, 2595, 2523, 3056, 211, 4391, 1797, 1293, 1587, 3406, 2393, 1601, 2955, 1839, 4288, 2808, 1323, 341, 6221, 176, 1117, 2540, 1625, 3508, 772, 1848, 2888, 4816, 2262, 3862, 1400, 6035, 1742, 1063, 2373, 3663, 4536, 1930, 3507, 6469, 1472, 1845, 2313, 1554, 1329)

Test:
No precond: Mean: 2674.4, median: 2314.0, std: 1455.574, percent: 2601.02, flag: 0 
	(1901, 3242, 1970, 2606, 2480, 1510, 1504, 2925, 664, 2319, 856, 2220, 1363, 2319, 1325, 4827, 1313, 2096, 1194, 1774, 2190, 2501, 1375, 1792, 1349, 1398, 7071, 2478, 2014, 1657, 3825, 1849, 2918, 2994, 2696, 1641, 4176, 3921, 2067, 1633, 1859, 2163, 1576, 2795, 1368, 4006, 2575, 5949, 3558, 2260, 3505, 1931, 2125, 1802, 1314, 2499, 2342, 2010, 1292, 2769, 1077, 2388, 1857, 1336, 1918, 1719, 1875, 8409, 3822, 1417, 4913, 5185, 2121, 3704, 1111, 2289, 1722, 1619, 3505, 1889, 1874, 1287, 4732, 2901, 3298, 1277, 2007, 2789, 3169, 6286, 1411, 3915, 3148, 1288, 1650, 1295, 3210, 4860, 1849, 1443, 4030, 2698, 2834, 5245, 3253, 2309, 2224, 3390, 8573, 2377, 3236, 1841, 1978, 2624, 2162, 1987, 2943, 1167, 2541, 1232, 5631, 874, 2907, 5726, 2298, 1303, 1913, 4272, 1071, 1069, 2986, 3122, 2957, 2538, 2146, 2613, 2090, 2819, 2732, 2879, 2632, 973, 2948, 4606, 2225, 3181, 1384, 3844, 3129, 1682, 2275, 4859, 1412, 617, 927, 4918, 4417, 2912, 2782, 987, 2932, 879, 1589, 2441, 1461, 2524, 2598, 3604, 3241, 3337, 3314, 3609, 2600, 1859, 1034, 939, 5251, 6602, 5194, 1968, 1288, 1885, 1703, 1711, 2798, 3334, 8692, 1348, 1204, 1573, 1784, 3596, 2448, 2041, 2242, 2833, 4420, 3819, 5621, 1965, 3047, 1288, 3785, 3683, 2721, 2180, 2216, 1526, 6115, 2032, 3099, 3378, 5003, 2367, 2281, 4647, 3217, 3277, 2048, 1838, 2117, 2189, 1257, 9233, 1822, 4768, 2465, 1522, 956, 1906, 3059, 1013, 6424, 1769, 2714, 2593, 3989, 1273, 2700, 1967, 3061, 4424, 3642, 1276, 1907, 1480, 2681, 3400, 1626, 1822)

Last: Mean: 2563.14, median: 2248.0, std: 1370.341, percent: 2553.96, B: 156, W: 94, flag: 0 
	(1745, 3145, 1698, 2307, 2335, 1518, 1562, 2592, 604, 2217, 837, 1993, 1239, 2371, 1273, 5283, 1149, 1915, 1095, 1605, 2217, 2360, 1332, 1808, 1580, 1553, 5966, 2988, 1606, 1509, 3776, 1760, 2788, 2466, 2736, 1648, 4735, 3750, 1956, 1765, 2031, 2089, 1476, 2964, 1544, 3768, 2511, 5509, 3623, 2403, 3455, 1882, 2353, 1712, 1223, 1969, 2431, 1846, 1250, 2453, 975, 2044, 1711, 1366, 1587, 1620, 1942, 9062, 3104, 1231, 4436, 4449, 2162, 3661, 1076, 2355, 1754, 1687, 3006, 1923, 1716, 1168, 3783, 2459, 3515, 1267, 1638, 2491, 3152, 6927, 1210, 3632, 3384, 1331, 1334, 1338, 3397, 4531, 1708, 1342, 4088, 2811, 2573, 4770, 3068, 2330, 2112, 3405, 8273, 2319, 3120, 1729, 1798, 2650, 2164, 1860, 2608, 1205, 2353, 1294, 4699, 868, 3653, 4180, 2594, 1259, 1765, 4143, 1154, 1147, 2313, 3093, 2590, 1912, 2382, 2633, 1995, 2553, 2550, 2804, 2659, 959, 2368, 5135, 2051, 3392, 1292, 3864, 3381, 1368, 2532, 4885, 1542, 532, 842, 3755, 4190, 3353, 2243, 1004, 2705, 887, 1499, 2064, 1523, 2698, 2636, 3678, 3453, 3348, 3748, 3342, 2839, 2066, 1232, 882, 4703, 6983, 4809, 1921, 1396, 1612, 1575, 1529, 2393, 2563, 6345, 1360, 1061, 1265, 1663, 3105, 2114, 2193, 1877, 2863, 3788, 2713, 6005, 2079, 2811, 1684, 4069, 3090, 2921, 1882, 2474, 1423, 6613, 2152, 2744, 3244, 5080, 2503, 2177, 4634, 3607, 2878, 1832, 1794, 2221, 2156, 1182, 7411, 1783, 4122, 2253, 1256, 749, 1873, 3839, 1080, 5723, 1599, 2287, 2757, 3953, 1434, 2735, 1931, 3089, 4131, 4041, 1269, 1756, 1672, 2208, 2974, 1552, 1710)

[ 0.06161176  0.01259929  0.04868375 -0.0719487   0.06743604  0.0967214
  0.09771793  0.07822966  0.03704151  0.00852256]

14/02/2026, 19:23:23
Config file: ./config/config_mean_3.ini
Data:
	1d_laplace_size: 45
	amount: 250
	params: 1 0.3
	seed: 3
	dim: 2025
Solver:
	tol: 1e-10
	max_iteration: None
Learn:
	iteration_count: 100
	step_range: 0.1
	method: mean
	seed: 3
	scale: 1 0.5 0.25
Precondition:
	num_coef: 10

Train:
(0, 1): Mean: 2775.388, median: 2547.5, std: 1317.195, percent: 2691.8, B: 250, W: 0, 
	(3701, 3368, 1392, 1916, 2552, 1453, 1240, 1541, 2097, 3542, 3363, 1767, 1949, 3598, 1518, 2108, 2472, 3378, 3893, 1803, 1939, 2777, 2998, 2768, 835, 4544, 3480, 1282, 4175, 4117, 2758, 1576, 2788, 5620, 3292, 1680, 1474, 2046, 3183, 2428, 768, 2243, 2160, 1645, 2648, 5082, 1205, 3164, 2128, 1801, 2549, 1668, 3775, 1224, 1186, 1548, 4256, 3141, 1217, 2725, 2219, 2411, 2376, 8180, 3074, 4910, 3386, 2485, 3926, 2169, 2511, 1602, 2134, 1953, 2849, 2871, 3554, 3393, 3128, 2963, 9237, 4071, 1521, 2533, 4791, 1875, 3561, 2675, 1783, 2954, 4154, 1577, 2016, 3202, 2499, 907, 2937, 1700, 3395, 1816, 723, 2418, 1154, 1836, 3146, 2546, 2022, 2324, 2459, 1716, 1591, 5365, 2301, 3087, 502, 1646, 1189, 2913, 1401, 1366, 4450, 3352, 3224, 1674, 4975, 1875, 1621, 2229, 1727, 3520, 2236, 2656, 1208, 3443, 5490, 2320, 1855, 2581, 2065, 1674, 4134, 3355, 4001, 4014, 2718, 1107, 3077, 2889, 3438, 1836, 3471, 3507, 4421, 2518, 2171, 1301, 3594, 2805, 2436, 3522, 1982, 1643, 2423, 2739, 3742, 3705, 1275, 2579, 3726, 2240, 4164, 2793, 1887, 3211, 4027, 2429, 2500, 2725, 2522, 3241, 3886, 2005, 3132, 2931, 2967, 4406, 2411, 4264, 2215, 2904, 2552, 2410, 3026, 2715, 2542, 3427, 5077, 4207, 2862, 1326, 1032, 945, 2760, 2732, 7086, 1193, 1425, 967, 5453, 3184, 1590, 3361, 3195, 5139, 3261, 2458, 1490, 8816, 954, 1851, 859, 5200, 3772, 2453, 1454, 2668, 2451, 5384, 2241, 3428, 1883, 1917, 4603, 1789, 1039, 4333, 3059, 2472, 1818, 2374, 2043, 3313, 2160, 3288, 2033, 3455, 2310, 7382, 4438, 4481)
(1, 4): Mean: 2768.556, median: 2567.0, std: 1262.911, percent: 2719.78, B: 111, W: 139, 
	(2982, 3841, 1319, 1883, 2619, 1347, 1149, 1585, 2243, 4175, 3413, 1836, 1775, 3668, 1383, 1930, 2251, 3674, 3167, 1558, 1921, 2799, 2877, 2320, 758, 3991, 3444, 1169, 3766, 3860, 2931, 1539, 2590, 5724, 3039, 1790, 1411, 2141, 3446, 2377, 779, 1999, 1856, 2026, 2877, 5172, 1216, 3171, 2277, 1855, 2408, 1694, 4006, 1223, 1283, 1692, 3947, 2792, 1504, 2771, 2155, 2446, 2274, 3251, 3102, 4975, 3113, 2225, 3334, 2046, 2285, 1658, 2066, 2179, 3355, 2966, 3815, 3890, 3527, 2651, 8052, 3960, 1758, 2633, 4065, 2014, 3844, 2820, 2229, 3502, 5091, 1559, 2026, 3161, 3493, 813, 3708, 1789, 3742, 1865, 801, 2171, 1221, 1729, 3691, 3173, 1865, 2230, 2497, 1915, 1425, 5515, 2787, 3088, 499, 1701, 1117, 3497, 1531, 1580, 4260, 4195, 2750, 1775, 5409, 1925, 1550, 2432, 1612, 3766, 2238, 2780, 979, 3784, 4659, 2425, 2423, 2665, 1985, 1501, 4593, 3819, 4129, 3483, 2216, 1242, 2913, 3174, 3768, 1908, 2994, 3773, 4509, 2255, 2424, 1316, 3764, 2470, 2293, 4004, 2307, 1618, 2329, 2907, 4075, 4052, 1362, 2224, 3691, 2595, 4170, 3138, 1722, 3153, 3559, 2544, 2273, 2808, 1900, 2851, 3991, 2149, 3030, 3050, 2820, 4844, 2521, 3752, 2228, 2509, 2162, 2534, 2408, 3039, 2606, 3248, 4029, 3244, 2732, 1444, 1095, 840, 2943, 2671, 8481, 1549, 1664, 1190, 5952, 3256, 1466, 3159, 2963, 5067, 3219, 2608, 1652, 7573, 927, 1744, 1018, 5234, 3793, 2148, 1619, 3089, 2445, 5191, 2154, 3462, 1953, 1782, 4066, 1746, 1074, 3583, 3120, 2200, 1923, 1974, 1815, 3284, 2502, 3504, 2359, 3732, 2622, 7903, 4612, 4726)
(2, 5): Mean: 2730.168, median: 2533.0, std: 1226.982, percent: 2735.98, B: 138, W: 111, 
	(2964, 3501, 1348, 1959, 2637, 1359, 1150, 1628, 2397, 3655, 3449, 1742, 1798, 3361, 1320, 1920, 2666, 3458, 3909, 1568, 1934, 2545, 2551, 2547, 729, 4424, 3667, 1319, 3422, 3936, 2456, 1596, 2527, 5810, 3205, 1522, 1612, 1926, 3187, 2538, 935, 1994, 1728, 1681, 2800, 4688, 1364, 3638, 2214, 1827, 2457, 1554, 3406, 1405, 1221, 1452, 3717, 3045, 1459, 2878, 2073, 2305, 2364, 3523, 2690, 5043, 3184, 2297, 3188, 2095, 2320, 1664, 1860, 2222, 2810, 2650, 3831, 3506, 3139, 2348, 6910, 4770, 1595, 2934, 4049, 1697, 3975, 2529, 2007, 2814, 4675, 1656, 1877, 2705, 2952, 1032, 3588, 1975, 3341, 1604, 763, 2205, 1487, 1853, 3943, 2862, 1784, 2015, 2256, 1569, 1534, 4867, 2620, 3009, 497, 1457, 1167, 2970, 1318, 1609, 4067, 3872, 3466, 1572, 5503, 2031, 1673, 2751, 1941, 3840, 2469, 2984, 902, 3506, 4571, 2537, 2550, 2685, 2189, 1692, 4259, 3758, 4105, 4487, 2490, 1224, 2688, 2756, 3623, 1817, 3382, 3728, 4967, 2359, 2202, 1076, 3480, 2507, 2166, 4132, 2297, 1689, 2119, 2745, 3953, 4599, 1306, 2426, 3988, 2121, 4313, 2550, 1648, 3396, 4740, 2494, 2157, 2869, 1765, 3524, 4641, 2096, 3148, 2664, 3069, 5230, 2980, 3347, 2377, 2371, 2237, 2382, 2985, 2772, 2342, 3452, 3858, 3952, 2585, 1522, 1065, 970, 2593, 2636, 7092, 1298, 1723, 1006, 6932, 2922, 1647, 3104, 3182, 4733, 3549, 2255, 1589, 5555, 949, 1552, 959, 4809, 3579, 2263, 1370, 2620, 2351, 5076, 1973, 3462, 1778, 1726, 3714, 1854, 1003, 4225, 3952, 2025, 1896, 2112, 1723, 3303, 2160, 3562, 2118, 3626, 2340, 8121, 4749, 4738)
(3, 6): Mean: 2709.716, median: 2553.5, std: 1245.786, percent: 2694.76, B: 130, W: 120, 
	(2746, 3221, 1274, 1899, 2277, 1369, 1207, 1506, 2028, 3281, 3271, 1851, 1930, 4147, 1243, 2066, 2431, 3735, 3142, 1462, 1895, 2393, 2637, 1964, 770, 3898, 3194, 1023, 3991, 3446, 2888, 1757, 2659, 5183, 3562, 1718, 1439, 1888, 3293, 2296, 908, 2164, 1972, 1670, 2598, 4462, 1438, 2787, 2445, 1720, 2682, 1440, 3978, 1079, 1155, 1474, 4689, 2847, 1382, 2778, 2146, 2332, 2192, 2632, 2475, 4611, 3078, 2538, 3316, 2189, 3124, 1541, 2026, 1872, 3129, 2615, 4091, 3144, 3328, 2384, 9108, 3536, 1826, 2764, 4495, 1523, 4058, 2621, 2237, 3572, 5193, 1548, 2094, 3155, 2694, 1057, 3241, 1748, 3726, 1741, 803, 1958, 1131, 1789, 2936, 3050, 1942, 2319, 2079, 1670, 1529, 5283, 3002, 2774, 515, 1706, 1188, 2981, 1420, 1302, 4285, 4410, 2965, 1537, 4626, 2068, 1471, 2398, 1561, 3397, 2267, 2548, 1088, 3756, 4925, 2287, 2435, 2343, 2208, 1611, 4490, 3359, 3857, 4112, 2653, 1190, 2975, 2716, 3844, 1898, 3059, 3831, 4429, 2365, 2589, 1326, 3675, 2922, 2321, 3318, 2130, 1552, 2107, 2366, 3792, 4450, 1476, 2214, 4292, 2197, 3687, 2702, 1815, 3885, 3836, 2412, 2114, 2747, 1846, 3464, 3946, 2306, 3154, 3022, 2469, 5336, 2640, 4202, 2019, 2679, 2140, 2688, 2891, 2559, 2569, 3364, 4047, 3203, 3047, 1401, 1045, 872, 2714, 2466, 7352, 1276, 1490, 1159, 5506, 2944, 1450, 2845, 2940, 5984, 3406, 2648, 1667, 7797, 962, 1717, 961, 5450, 4156, 2319, 1397, 2891, 2666, 4217, 1924, 3910, 1944, 1701, 3820, 1718, 1089, 4131, 3616, 1820, 1697, 2216, 1710, 3732, 2126, 3335, 2070, 3571, 2559, 6305, 3892, 4640)
(6, 20): Mean: 2678.572, median: 2518.0, std: 1225.053, percent: 2663.16, B: 138, W: 111, 
	(2715, 3793, 1289, 2075, 2912, 1303, 1109, 1571, 2202, 3552, 3398, 2103, 1634, 4061, 1362, 1659, 2496, 3590, 3302, 1461, 1844, 2370, 2746, 2519, 781, 4629, 3200, 1145, 3904, 3434, 2986, 1816, 2517, 5321, 2819, 1731, 1300, 1953, 3258, 2156, 857, 2102, 2038, 1725, 2830, 5023, 1322, 2915, 2242, 1832, 2377, 1581, 3459, 1168, 1091, 1368, 3841, 2802, 1590, 2917, 2056, 2082, 2410, 3413, 2918, 4904, 3040, 3081, 3444, 2226, 2206, 1689, 1862, 1880, 2791, 2674, 3868, 3333, 3462, 2402, 8370, 3760, 1693, 2641, 4246, 1623, 3722, 2554, 2004, 2938, 4200, 1421, 1996, 3369, 2913, 839, 3581, 1553, 3816, 1607, 787, 2167, 1111, 1561, 3228, 2970, 2053, 1981, 2347, 1838, 1494, 4836, 2858, 2914, 492, 1533, 1086, 3030, 1371, 1513, 3981, 3712, 2841, 1498, 4602, 2215, 1478, 2485, 1919, 3803, 2343, 2819, 983, 3410, 4576, 2140, 2010, 2577, 2153, 1442, 4121, 3746, 4347, 4187, 2443, 1107, 2670, 3028, 3499, 1864, 3120, 3287, 4355, 2210, 2319, 1186, 3176, 2651, 2155, 3541, 2137, 1525, 2207, 2582, 4517, 4035, 1296, 2421, 3996, 2156, 4257, 2630, 1695, 3248, 4603, 2506, 2155, 2424, 2022, 3362, 3663, 2140, 3127, 2644, 2736, 4806, 2787, 4051, 2097, 2556, 2135, 2333, 3171, 2486, 2060, 3409, 3886, 3618, 2759, 1306, 1045, 859, 2600, 2784, 6843, 1125, 1681, 1181, 6366, 3002, 1733, 2959, 2862, 4125, 3233, 2602, 1421, 8472, 936, 1883, 1068, 4628, 4100, 1942, 1377, 2744, 2569, 5102, 1983, 3370, 1837, 1723, 3473, 1770, 1045, 4192, 3536, 1982, 1884, 1751, 1621, 3265, 2245, 3009, 2052, 3640, 2637, 7173, 3812, 4005)
(18, 91): Mean: 2676.648, median: 2485.5, std: 1242.848, percent: 2656.12, B: 134, W: 115, 
	(3781, 3433, 1285, 1791, 2681, 1272, 1068, 1497, 2096, 4378, 3018, 1851, 1688, 3539, 1177, 2054, 2339, 4132, 3499, 1610, 2020, 2572, 2597, 2836, 746, 4022, 3355, 1205, 3264, 4203, 2726, 1555, 2527, 5206, 3276, 1695, 1404, 1811, 3483, 2061, 826, 2069, 1754, 1595, 2540, 3994, 1531, 3327, 2474, 1781, 2224, 1621, 3540, 1168, 1175, 1366, 3993, 2747, 1526, 2860, 1968, 2195, 2218, 3082, 2803, 4807, 3047, 2377, 2947, 2169, 2255, 1774, 2144, 1834, 2739, 2757, 3495, 3622, 3257, 2301, 8169, 4746, 1557, 2831, 3603, 1754, 3580, 2751, 1940, 2694, 4611, 1651, 1968, 2981, 2597, 972, 3015, 1722, 4066, 1537, 763, 2292, 1001, 1622, 3476, 3493, 1931, 2055, 2343, 1833, 1460, 5191, 2681, 2455, 452, 1504, 1135, 2947, 1399, 1464, 4717, 4187, 3201, 1517, 5556, 2092, 1411, 2345, 1625, 3949, 2160, 2621, 1011, 3731, 4167, 2332, 2087, 2745, 2046, 1515, 4566, 3140, 3533, 4287, 2403, 1194, 2641, 2908, 3594, 1712, 3782, 3352, 4735, 2023, 2471, 1194, 3823, 2539, 2132, 3433, 1965, 1479, 2157, 2492, 3830, 3403, 1344, 2414, 3426, 2479, 3939, 2783, 1722, 3427, 3798, 2564, 2073, 2373, 1857, 2813, 4615, 2303, 3042, 2771, 2969, 5257, 2734, 3512, 2018, 2290, 2272, 2373, 2525, 2494, 2151, 3618, 4317, 3363, 2752, 1359, 935, 901, 2640, 2636, 9149, 1103, 1544, 1192, 6267, 3138, 1528, 2897, 3032, 4980, 3331, 2558, 1441, 6695, 917, 1946, 1086, 4739, 3981, 2371, 1545, 2495, 2401, 4016, 2141, 3715, 1797, 1731, 3979, 1463, 964, 3625, 4008, 2130, 1799, 2176, 1662, 3185, 2047, 3120, 2190, 3120, 2697, 6086, 4941, 4675)
(24, 123): Mean: 2668.996, median: 2472.5, std: 1247.074, percent: 2596.78, B: 122, W: 128, 
	(3564, 3365, 1148, 1839, 2452, 1397, 1194, 1285, 2179, 3437, 3299, 2101, 1736, 4131, 1254, 1772, 2323, 3360, 3100, 1556, 2008, 2334, 2809, 2340, 749, 4628, 3190, 1203, 3721, 3031, 2226, 1659, 2503, 5927, 3260, 1625, 1287, 1713, 3387, 2282, 819, 2110, 1810, 1511, 2333, 5048, 1344, 3124, 2486, 1761, 2283, 1552, 3398, 1207, 1164, 1527, 4042, 2914, 1325, 2808, 2007, 2208, 2664, 3093, 2516, 4558, 3470, 2305, 3953, 2485, 2403, 1691, 1845, 2044, 3301, 2736, 3109, 3263, 3521, 2739, 7422, 3636, 1508, 3000, 4319, 1731, 3181, 2344, 1966, 2614, 3980, 1802, 2176, 2875, 2305, 792, 2982, 1744, 3285, 1660, 822, 2007, 1258, 1749, 3297, 2522, 1630, 2310, 2160, 1475, 1478, 5364, 2939, 3123, 496, 1473, 1039, 3215, 1535, 1342, 3854, 3449, 2689, 1634, 4650, 2078, 1432, 2396, 1708, 4081, 2020, 2422, 1123, 4288, 4640, 2428, 2587, 2507, 1974, 1521, 4886, 3532, 4132, 3860, 2563, 1252, 2377, 3379, 3469, 1760, 3237, 3715, 4958, 2180, 2281, 1227, 3047, 2404, 2483, 3618, 1856, 1669, 2276, 2490, 3375, 3606, 1339, 2236, 3998, 2313, 4110, 2641, 1829, 3014, 4081, 2515, 2220, 2867, 2357, 3289, 3866, 1895, 2677, 2999, 3506, 4272, 2903, 3763, 2161, 2478, 2467, 2543, 2746, 2885, 2241, 3804, 4623, 3317, 2584, 1370, 956, 867, 2760, 2664, 8953, 1229, 1637, 1257, 6383, 3032, 1325, 2968, 3272, 5533, 3317, 2696, 1384, 7308, 985, 1694, 969, 5743, 3851, 2129, 1374, 2675, 2457, 4792, 2327, 3670, 1679, 1644, 3309, 1789, 947, 3696, 3090, 2014, 1914, 2025, 1613, 3320, 2010, 3218, 1972, 3041, 2106, 7287, 4371, 3568)
(25, 124): Mean: 2663.928, median: 2442.5, std: 1202.539, percent: 2654.22, B: 122, W: 127, 
	(3092, 3776, 1260, 1944, 2619, 1436, 1200, 1531, 2256, 3325, 2994, 2053, 1798, 3796, 1325, 1836, 2641, 3585, 3891, 1540, 2008, 2792, 2526, 2280, 687, 3616, 3362, 1069, 3273, 3446, 2770, 1584, 2640, 5663, 3026, 1622, 1239, 1822, 3050, 2221, 895, 2181, 2160, 1742, 2412, 4546, 1371, 3297, 2307, 1754, 2237, 1648, 4066, 1227, 1156, 1379, 4082, 2793, 1284, 2911, 2132, 2091, 2534, 3087, 3536, 4930, 3372, 2360, 3513, 2106, 2212, 1604, 2051, 1772, 2982, 2408, 3817, 3255, 3509, 2271, 7237, 4308, 1537, 2721, 3601, 1755, 3476, 2560, 1951, 3099, 4733, 1610, 1990, 3225, 2645, 920, 3361, 1786, 4154, 1610, 764, 2301, 1251, 1791, 3257, 3295, 1676, 2110, 2450, 1750, 1595, 4563, 3109, 2565, 513, 1484, 1125, 3169, 1406, 1319, 4448, 3745, 2816, 1602, 5480, 1943, 1763, 2537, 1459, 3251, 2119, 2917, 927, 3761, 4319, 2216, 2312, 2529, 1937, 1673, 3953, 3262, 4215, 4327, 2230, 1227, 3120, 3243, 3717, 1789, 3236, 3219, 4252, 2198, 2136, 1101, 3252, 2813, 2148, 3235, 2297, 1697, 2278, 2235, 3852, 3668, 1463, 2379, 4138, 1972, 3881, 2950, 1546, 3258, 4187, 2415, 2254, 2289, 1850, 2834, 4355, 2204, 2876, 3106, 3190, 4317, 3379, 3671, 2038, 2698, 2488, 2267, 2435, 2766, 2402, 3789, 4070, 3483, 2467, 1351, 1036, 934, 2856, 2960, 9151, 1041, 1641, 1068, 5189, 3014, 1384, 3216, 3059, 5321, 3275, 2517, 1512, 6599, 809, 1611, 928, 4448, 3782, 2107, 1439, 2962, 2422, 4882, 2193, 3858, 1712, 1556, 3331, 1678, 992, 3719, 3146, 2091, 1729, 1896, 1650, 2809, 2414, 2845, 2152, 2916, 2319, 6672, 4675, 3888)
(29, 143): Mean: 2657.28, median: 2451.5, std: 1240.834, percent: 2624.66, B: 131, W: 117, 
	(3017, 3639, 1323, 1811, 2361, 1333, 1084, 1471, 2242, 3743, 3087, 1646, 1782, 3637, 1182, 1838, 2265, 3467, 3778, 1480, 1923, 2698, 2698, 2374, 779, 3762, 2835, 1093, 3892, 3400, 2680, 1523, 2263, 5445, 3497, 1945, 1391, 2063, 3009, 1997, 796, 2096, 2004, 1567, 2536, 5393, 1309, 3003, 2269, 1888, 2108, 1671, 3937, 1290, 1239, 1517, 4497, 2874, 1330, 2647, 2144, 2180, 2460, 2929, 2519, 5203, 3407, 2483, 3274, 2136, 2678, 1611, 1859, 2192, 2845, 2456, 3832, 3115, 3078, 2452, 8262, 4084, 1576, 3235, 4185, 1602, 3882, 2576, 2123, 2675, 4517, 1479, 2206, 3585, 2482, 1030, 3584, 1744, 3779, 1629, 714, 2181, 1203, 1660, 3686, 2972, 1676, 1993, 2247, 1494, 1502, 5044, 2851, 2852, 450, 1332, 1109, 2733, 1431, 1440, 4442, 4132, 2667, 1563, 5472, 1917, 1411, 2252, 1704, 3676, 2260, 2466, 1009, 3490, 4827, 2256, 2010, 2404, 2127, 1575, 3900, 3632, 4586, 3831, 2451, 1099, 2880, 3028, 3732, 1634, 3092, 3603, 4520, 2458, 2188, 1045, 3472, 2832, 2413, 3281, 1957, 1508, 2121, 2139, 3627, 3555, 1277, 2407, 3587, 2078, 3981, 3544, 1546, 3291, 3868, 2433, 2251, 2581, 1534, 2946, 4424, 1885, 2939, 2735, 2738, 4408, 2679, 3650, 2188, 2239, 2200, 2440, 2892, 2502, 2275, 3349, 3666, 3491, 2893, 1398, 1115, 960, 2729, 2788, 8932, 996, 1751, 958, 5862, 3367, 1532, 2864, 2791, 4535, 2727, 2518, 1523, 6502, 894, 1776, 970, 5340, 4077, 2322, 1259, 2582, 2288, 4645, 1908, 3536, 1583, 1657, 3585, 1603, 1019, 3879, 3408, 2012, 1809, 2287, 1558, 3223, 2416, 3346, 1863, 3520, 2278, 6062, 5198, 4326)
(30, 144): Mean: 2647.74, median: 2439.5, std: 1253.788, percent: 2645.36, B: 133, W: 116, 
	(2984, 3860, 1342, 1812, 2335, 1238, 1316, 1394, 2183, 3358, 3405, 1646, 1707, 3788, 1135, 2015, 2467, 3507, 3509, 1460, 1644, 2707, 3046, 2186, 856, 4396, 2572, 1128, 3775, 3847, 2581, 1647, 2506, 5334, 3227, 1604, 1349, 2304, 2955, 2056, 773, 2218, 2012, 1508, 2777, 4594, 1279, 3620, 2416, 1975, 2434, 1500, 3505, 1256, 1156, 1549, 3857, 2805, 1268, 2615, 2015, 1892, 2434, 3064, 2588, 4495, 3205, 2176, 3687, 2171, 2277, 1631, 2054, 2073, 3265, 2677, 3867, 3325, 3121, 2449, 7488, 3883, 1606, 2963, 4207, 1477, 3880, 2945, 2035, 2589, 4849, 1610, 2154, 3332, 2324, 904, 3456, 1885, 3106, 1512, 851, 1935, 1105, 1745, 3109, 3428, 1786, 1908, 2097, 1450, 1435, 4974, 2896, 2570, 414, 1529, 1195, 3014, 1359, 1500, 3831, 3676, 2622, 1770, 5964, 1812, 1352, 2375, 1941, 3918, 2186, 2640, 1000, 3575, 4073, 2298, 2389, 2336, 1942, 1476, 4649, 3928, 3842, 3581, 2207, 1107, 3106, 2626, 3779, 1746, 3105, 3291, 4355, 2445, 2064, 1124, 3583, 2559, 2525, 3237, 2106, 1447, 2211, 2583, 3751, 3493, 1288, 2314, 3906, 2169, 3946, 3296, 1640, 3085, 4124, 2489, 2122, 2578, 1684, 3465, 4039, 2177, 2630, 2905, 2992, 4091, 2555, 3900, 2121, 2233, 2224, 2152, 2889, 2494, 2191, 3465, 3874, 3604, 2636, 1481, 1013, 875, 2345, 2451, 8753, 1276, 1637, 1000, 6082, 3131, 1364, 2919, 2878, 4843, 3135, 2472, 1547, 7515, 960, 1530, 924, 5145, 3824, 2036, 1340, 2449, 2307, 4516, 1961, 3759, 1565, 1684, 3877, 1563, 879, 3431, 3303, 1883, 1797, 2057, 1629, 3261, 2072, 2720, 1973, 3704, 2284, 8073, 4790, 4749)
(31, 146): Mean: 2613.024, median: 2431.5, std: 1210.833, percent: 2566.52, B: 137, W: 112, 
	(3408, 3260, 1268, 1981, 2596, 1372, 1197, 1589, 1913, 3829, 3302, 1852, 1741, 3538, 1146, 1938, 2529, 3079, 3249, 1550, 2100, 2765, 2616, 2231, 775, 3949, 3453, 1075, 3416, 3445, 2700, 1605, 2112, 5729, 3019, 1831, 1415, 1953, 3503, 2134, 722, 2220, 1860, 1446, 2411, 4059, 1422, 3060, 2466, 1713, 2261, 1494, 3858, 1167, 1258, 1450, 4228, 3113, 1463, 2685, 2239, 2064, 2461, 3235, 2438, 4878, 2935, 2177, 3659, 2101, 2590, 1492, 1889, 1937, 2988, 2678, 4016, 3665, 3034, 2336, 8315, 4409, 1550, 2741, 4049, 1556, 3215, 2648, 1891, 2889, 4160, 1422, 1798, 2747, 2525, 740, 3275, 1696, 3454, 1457, 765, 2076, 1346, 1679, 3240, 2895, 1928, 1917, 2316, 1761, 1475, 4325, 2889, 2652, 498, 1422, 1121, 3239, 1300, 1312, 3907, 3609, 3091, 1595, 5614, 2132, 1387, 2211, 1616, 3582, 2259, 2534, 955, 3484, 4213, 2418, 2456, 2773, 1774, 1462, 4848, 3048, 4508, 3756, 2113, 1134, 2422, 2809, 3653, 1681, 3211, 3316, 5312, 1924, 2187, 1165, 3350, 2415, 2425, 3088, 1857, 1441, 2240, 2160, 3810, 3220, 1275, 2134, 3445, 2135, 4105, 2727, 1655, 2788, 3549, 2455, 2121, 2463, 1684, 3141, 4197, 1827, 2974, 3141, 2677, 4198, 2651, 4085, 2141, 2541, 2140, 2310, 2618, 2140, 2267, 3363, 4055, 3849, 2585, 1461, 1084, 866, 2679, 2968, 7986, 1230, 1521, 1068, 5188, 3005, 1542, 3077, 2877, 6114, 2822, 2591, 1591, 7095, 946, 1654, 987, 4718, 3747, 2144, 1323, 2364, 2498, 4226, 1683, 3359, 1625, 1536, 3558, 1483, 900, 3876, 3863, 2283, 1721, 2051, 1574, 3083, 2056, 2942, 2177, 3389, 2263, 6439, 4282, 4116)
(32, 148): Mean: 2589.48, median: 2366.5, std: 1213.843, percent: 2588.22, B: 135, W: 114, 
	(2673, 3478, 1379, 1893, 2599, 1382, 1227, 1430, 2050, 3226, 3710, 1622, 1920, 3657, 1104, 1621, 2309, 3359, 3419, 1430, 1962, 2816, 2559, 2053, 697, 4425, 2874, 1116, 3470, 4409, 2478, 1499, 2479, 5760, 3123, 1820, 1250, 1908, 3192, 2081, 724, 2097, 1823, 1453, 2170, 4154, 1217, 2877, 2313, 1850, 2425, 1527, 3968, 1186, 1097, 1691, 4498, 3001, 1384, 2769, 1843, 2262, 2629, 2945, 2866, 4814, 3193, 2217, 3117, 2250, 2428, 1312, 2421, 1793, 2933, 2463, 4152, 3747, 2884, 2443, 8260, 4081, 1663, 2788, 4278, 1530, 3805, 2211, 2179, 3154, 3920, 1543, 1828, 3180, 2359, 672, 3104, 1977, 3644, 1493, 747, 2160, 1123, 1652, 2955, 3304, 1799, 1831, 2229, 1517, 1384, 5000, 2881, 2979, 470, 1381, 1151, 3071, 1391, 1246, 4647, 3744, 2980, 1627, 4995, 1849, 1419, 2400, 1469, 3521, 1872, 2614, 959, 3081, 4494, 2348, 2107, 2338, 1828, 1519, 4709, 2795, 4382, 4137, 2418, 978, 2517, 3088, 3507, 1626, 3294, 3229, 4462, 2075, 2371, 1065, 3426, 2374, 2351, 3237, 1701, 1591, 2176, 2510, 3375, 3971, 1131, 2390, 3753, 2152, 3521, 2837, 1630, 3710, 3788, 2102, 2097, 2263, 1680, 3112, 3950, 1757, 2974, 2667, 2966, 4126, 2323, 3940, 2143, 2690, 2188, 2362, 2482, 2583, 2208, 3111, 3869, 3585, 2609, 1195, 922, 877, 2283, 2308, 7393, 1194, 1540, 917, 4925, 3202, 1316, 3180, 2766, 4713, 3063, 2337, 1514, 7678, 910, 1727, 824, 4784, 3659, 2245, 1379, 2789, 2123, 4421, 1945, 3149, 1539, 1610, 3525, 1708, 973, 3494, 3329, 1817, 1919, 1865, 1515, 2775, 2063, 2878, 2052, 3100, 2036, 6515, 4429, 4740)
(33, 152): Mean: 2588.8, median: 2418.0, std: 1198.01, percent: 2568.36, B: 120, W: 130, 
	(3025, 3128, 1241, 2016, 2466, 1220, 1038, 1329, 1986, 3257, 2613, 1578, 1646, 3840, 1387, 2014, 2564, 3710, 3099, 1477, 2002, 2553, 2652, 1880, 775, 4152, 3296, 1153, 3260, 3454, 2599, 1494, 2338, 5448, 3243, 1670, 1210, 1837, 3366, 2062, 804, 2134, 1844, 1468, 2316, 4186, 1196, 3075, 2707, 1876, 2192, 1664, 3829, 1158, 1145, 1565, 4242, 2737, 1449, 2751, 1953, 2013, 2345, 3110, 2563, 4578, 2973, 2303, 3038, 2131, 2337, 1529, 1887, 1949, 3013, 2536, 4305, 3458, 3283, 2463, 8973, 3593, 1690, 2610, 3548, 1477, 3679, 2656, 2072, 2789, 4108, 1568, 2219, 2992, 2397, 779, 3134, 1735, 3543, 1417, 677, 1922, 1215, 1788, 2846, 3030, 1720, 1847, 2086, 1389, 1378, 4544, 2544, 2803, 418, 1404, 1158, 3187, 1416, 1736, 3662, 3759, 2974, 1648, 5129, 1740, 1510, 2471, 1627, 3517, 2242, 2360, 1022, 3293, 3942, 2200, 1997, 2287, 2034, 1626, 4233, 3254, 4317, 4147, 2555, 1203, 2777, 3049, 3315, 1617, 4019, 3085, 4742, 1944, 1961, 1093, 3522, 2824, 2486, 3205, 1712, 1464, 2281, 2251, 3387, 4101, 1406, 2211, 4295, 2255, 3449, 3186, 1542, 2908, 4317, 2320, 2331, 2366, 1864, 3049, 3723, 1845, 3199, 2887, 2522, 3661, 2593, 3674, 2560, 2564, 2042, 2392, 2525, 2437, 1842, 3426, 4178, 3450, 2968, 1430, 901, 1000, 2530, 2571, 8043, 1333, 1412, 896, 6100, 2849, 1397, 2777, 3143, 4700, 3346, 2399, 1549, 6664, 863, 1760, 942, 4390, 3920, 2067, 1409, 2506, 2257, 3611, 1856, 3877, 1615, 1652, 4394, 1713, 954, 3432, 3681, 2075, 1853, 2274, 1633, 3009, 2025, 3078, 1950, 2852, 2441, 6475, 4176, 4579)
(34, 156): Mean: 2586.044, median: 2303.0, std: 1198.322, percent: 2627.22, B: 134, W: 116, 
	(2593, 3480, 1140, 1782, 2557, 1357, 1030, 1585, 2016, 3088, 3232, 1634, 1861, 3763, 1174, 1902, 2280, 3725, 3842, 1418, 1886, 2685, 2510, 2138, 774, 4344, 2814, 1069, 3794, 3935, 2884, 1645, 2169, 5763, 2852, 1686, 1317, 2233, 3307, 2293, 857, 1972, 1638, 1583, 2347, 4480, 1276, 2999, 2437, 2000, 2271, 1571, 3381, 1223, 1087, 1513, 4578, 2885, 1370, 2475, 1859, 2176, 2568, 2757, 2838, 5081, 3006, 2179, 3486, 2090, 2530, 1425, 1780, 2052, 2647, 2394, 4018, 3660, 3019, 2383, 8063, 4072, 1613, 3018, 4474, 1772, 3518, 2303, 1962, 2710, 4037, 1715, 2154, 3089, 2715, 762, 3247, 1746, 3067, 1477, 664, 1797, 1124, 1652, 3711, 3784, 1950, 2006, 2034, 1447, 1407, 4834, 2764, 2914, 450, 1395, 1037, 2901, 1308, 1409, 4541, 3836, 2639, 1725, 5960, 1763, 1247, 2241, 1403, 3041, 2222, 2294, 879, 3371, 4029, 2269, 2065, 2299, 1840, 1459, 4117, 3129, 4204, 3781, 2511, 1156, 2555, 2663, 3191, 1762, 3401, 3636, 4712, 2128, 2210, 1069, 3616, 2332, 2108, 3430, 1754, 1643, 2214, 2407, 3243, 3585, 1090, 2109, 3991, 2186, 4026, 2918, 1592, 3100, 3815, 2258, 2129, 2409, 1737, 3348, 3982, 1816, 2653, 2655, 2638, 4799, 2179, 3343, 2154, 2301, 2083, 2303, 2383, 2519, 2066, 3927, 3860, 4115, 2862, 1436, 977, 976, 2616, 2485, 6927, 1325, 1632, 946, 5461, 2942, 1466, 2878, 3166, 4463, 3514, 2359, 1329, 6876, 794, 1705, 893, 5161, 4055, 2144, 1386, 2642, 2034, 4607, 1770, 3883, 1605, 1673, 3681, 1657, 926, 3905, 3092, 1931, 1867, 1976, 1550, 2866, 2167, 3011, 1898, 3061, 2077, 5491, 4737, 3916)
(36, 165): Mean: 2560.08, median: 2376.0, std: 1178.744, percent: 2564.28, B: 138, W: 111, 
	(3149, 2793, 1124, 1899, 2399, 1273, 1087, 1436, 2160, 3539, 3213, 1556, 1713, 3331, 1173, 1743, 2469, 3564, 3723, 1525, 1814, 2462, 2577, 1969, 686, 3942, 3246, 1171, 3495, 3786, 2558, 1548, 2141, 5742, 3073, 1708, 1191, 1969, 3564, 1860, 789, 2056, 1740, 1527, 2398, 4112, 1116, 2946, 2302, 1724, 1945, 1652, 3277, 1093, 1061, 1536, 3647, 2728, 1453, 2609, 1834, 2129, 2270, 3052, 3112, 4605, 2913, 2221, 3189, 2148, 2299, 1486, 1825, 1890, 2923, 2873, 3583, 3221, 3125, 2401, 7716, 3700, 1517, 2678, 4755, 1763, 3307, 2558, 1854, 3101, 4067, 1530, 1986, 2611, 2228, 957, 3170, 1690, 3624, 1441, 624, 1930, 1083, 1584, 2845, 2863, 1752, 2175, 2054, 1457, 1553, 4444, 3071, 2785, 435, 1495, 1104, 3282, 1490, 1429, 4747, 4386, 2907, 1574, 5134, 2094, 1590, 2359, 1634, 3841, 2170, 2590, 870, 3910, 3778, 2001, 2244, 2386, 1947, 1502, 4508, 2997, 4042, 3917, 2249, 1160, 2970, 2745, 3710, 1588, 3003, 3163, 4345, 2131, 2370, 1126, 3511, 2704, 1894, 3237, 2093, 1549, 2180, 2531, 3574, 3278, 1238, 2338, 3721, 1936, 3526, 2748, 1750, 2652, 4314, 2256, 2129, 2653, 2009, 3566, 3415, 1838, 2499, 2685, 2563, 3714, 2421, 4162, 1954, 2382, 2212, 2423, 2880, 2357, 2305, 3615, 3976, 3595, 2621, 1437, 906, 950, 2461, 2742, 7346, 1132, 1541, 893, 5256, 2629, 1356, 2847, 2715, 4394, 2839, 2370, 1479, 7863, 869, 1708, 983, 4974, 3486, 2070, 1360, 2528, 2012, 4008, 1965, 3414, 1619, 1648, 3845, 1796, 929, 3702, 3686, 2005, 1742, 1923, 1424, 2860, 2157, 2842, 1932, 2994, 2494, 6332, 4231, 4745)
(37, 167): Mean: 2544.348, median: 2417.5, std: 1129.945, percent: 2569.56, B: 123, W: 127, 
	(2999, 3223, 1206, 1991, 2670, 1240, 1082, 1311, 1952, 3612, 3285, 1740, 1744, 3704, 1224, 1826, 2700, 3216, 3704, 1557, 1854, 2580, 2360, 2432, 684, 4346, 2870, 1074, 3688, 3273, 2589, 1588, 2319, 5088, 3068, 1475, 1331, 2087, 2955, 2060, 846, 1927, 1900, 1570, 2764, 4023, 1196, 3129, 2066, 1975, 2114, 1489, 3993, 1204, 1088, 1315, 4858, 2833, 1386, 3020, 2080, 1895, 2448, 3426, 2791, 5069, 3021, 2352, 3026, 1978, 2504, 1747, 1821, 2212, 2920, 2474, 3642, 3715, 2826, 2309, 6779, 3675, 1615, 2749, 3876, 1581, 3398, 2656, 1945, 3198, 4453, 1540, 2060, 2736, 2548, 668, 3258, 1947, 3540, 1381, 700, 2256, 1138, 1621, 3016, 3225, 1857, 1854, 2121, 1522, 1458, 4031, 3189, 2754, 489, 1339, 1025, 2783, 1300, 1404, 4098, 3913, 2753, 1557, 4877, 1759, 1341, 2546, 1540, 3303, 2220, 2778, 949, 3465, 3988, 2114, 2092, 2399, 1916, 1613, 4444, 3687, 3914, 3798, 2376, 1257, 2866, 2810, 3458, 1609, 3289, 2806, 4937, 2319, 2070, 1015, 3198, 2447, 1947, 3117, 1922, 1459, 2128, 2353, 3410, 3839, 1360, 2293, 3756, 1925, 3826, 2435, 1617, 2943, 3533, 2442, 1752, 2934, 1944, 3014, 4104, 1882, 2752, 2640, 2535, 3988, 2472, 3754, 1913, 2205, 2419, 2279, 2417, 2427, 2229, 3429, 3679, 3370, 2679, 1513, 969, 818, 2482, 2530, 7297, 1023, 1349, 984, 5463, 2975, 1416, 2922, 2776, 5121, 2781, 2397, 1357, 6543, 818, 1565, 851, 4759, 3267, 1917, 1529, 2418, 2009, 4224, 2068, 3694, 1614, 1583, 3500, 1586, 944, 4138, 2826, 1888, 1677, 2003, 1452, 3306, 2026, 2869, 1924, 3178, 2359, 5747, 3830, 3815)
(38, 172): Mean: 2527.524, median: 2325.5, std: 1161.219, percent: 2498.72, B: 133, W: 117, 
	(2817, 3068, 1258, 1940, 2322, 1217, 1147, 1313, 1991, 3330, 2695, 1670, 1714, 3374, 1048, 1775, 2492, 3342, 3332, 1534, 2092, 2918, 2237, 2000, 760, 4313, 2907, 1142, 3263, 3763, 2894, 1582, 2651, 4883, 2696, 1666, 1301, 2139, 2765, 2314, 789, 1960, 1975, 1628, 2281, 4098, 1301, 3007, 2026, 1706, 2223, 1461, 2992, 1168, 1142, 1413, 3701, 2777, 1329, 2762, 1892, 1997, 2169, 3692, 2543, 4504, 2914, 2268, 3271, 2255, 2286, 1614, 1998, 1914, 2836, 2703, 3340, 3558, 2947, 2252, 7657, 3457, 1627, 2649, 4965, 1623, 3761, 2790, 1898, 2598, 3705, 1517, 1974, 3216, 2415, 824, 3274, 1731, 3263, 1621, 673, 1919, 1168, 1645, 3479, 2980, 1645, 1852, 1971, 1314, 1431, 4453, 3136, 2440, 452, 1293, 1046, 2887, 1274, 1540, 4073, 3663, 2707, 1589, 4971, 1909, 1357, 2109, 1527, 2992, 2318, 2430, 857, 3279, 4002, 2227, 2071, 2361, 1653, 1495, 4221, 3235, 3544, 3710, 2270, 1226, 2777, 3004, 3463, 1615, 3218, 3015, 4260, 1923, 1897, 1163, 2805, 2395, 2272, 3186, 1924, 1514, 2133, 2408, 3374, 4006, 1169, 2503, 4182, 1976, 3702, 2479, 1798, 3224, 4251, 2665, 1920, 2648, 1880, 2893, 3877, 1822, 2649, 2698, 2518, 3787, 2088, 3307, 2076, 2644, 2269, 2196, 2169, 2329, 1915, 4077, 4017, 3494, 2671, 1535, 1108, 925, 2641, 2641, 8612, 1031, 1426, 968, 5877, 3053, 1379, 3039, 2829, 4828, 2807, 2384, 1454, 5901, 947, 1770, 1005, 4782, 3704, 1854, 1361, 2480, 2204, 4197, 1864, 2863, 1783, 1550, 3501, 1569, 959, 3844, 2908, 2220, 1716, 1746, 1646, 2720, 2385, 3052, 2148, 2990, 2396, 7110, 4631, 3977)
(59, 294): Mean: 2511.768, median: 2344.0, std: 1130.785, percent: 2512.02, B: 140, W: 110, 
	(2752, 3582, 1330, 1758, 2433, 1137, 1125, 1493, 2175, 2968, 3487, 1624, 1667, 3862, 1301, 1763, 2965, 3589, 3541, 1480, 1994, 2556, 2702, 2196, 829, 4081, 2822, 944, 3710, 3345, 2709, 1394, 2376, 4848, 2435, 1735, 1253, 1909, 2924, 2202, 777, 1816, 1723, 1351, 2476, 4121, 1584, 2716, 2052, 1791, 2347, 1420, 3173, 1261, 1139, 1471, 3644, 2670, 1358, 2685, 2133, 2238, 2584, 3263, 2833, 4986, 2667, 2384, 3050, 2125, 2107, 1534, 1949, 1997, 2630, 2499, 3884, 3074, 3010, 2368, 7148, 3887, 1518, 2594, 4249, 1616, 3363, 2362, 1852, 3056, 3988, 1557, 1792, 3021, 2470, 716, 3322, 1663, 3261, 1435, 723, 1760, 1157, 1597, 4068, 2769, 1570, 1815, 2224, 1514, 1443, 4322, 3052, 2651, 441, 1446, 986, 2962, 1350, 1275, 3870, 4031, 2955, 1449, 4789, 1841, 1306, 2640, 1583, 2766, 2321, 2776, 913, 3595, 4550, 2186, 2114, 2311, 1837, 1317, 4415, 2721, 4041, 4198, 2441, 1116, 2524, 2441, 3429, 1832, 3416, 3201, 3666, 2089, 2315, 1073, 3496, 2536, 1967, 3228, 1764, 1479, 2253, 2346, 3584, 3972, 1174, 2025, 3395, 2011, 3566, 2213, 1540, 2965, 4149, 2177, 2238, 2610, 1940, 3187, 4579, 1788, 2404, 3231, 2324, 3707, 2316, 3554, 1972, 2196, 1998, 2169, 2478, 2342, 2155, 3516, 3755, 3575, 2755, 1303, 1011, 877, 2388, 2173, 7132, 1053, 1397, 820, 5854, 2951, 1321, 2593, 2783, 4960, 2951, 2302, 1432, 6296, 859, 1597, 914, 4812, 3596, 2022, 1334, 2639, 1972, 4326, 1873, 2796, 1594, 1552, 4058, 1574, 891, 3549, 3295, 2156, 1763, 1944, 1706, 2979, 2003, 3081, 1967, 3067, 2366, 6127, 3381, 3974)
(61, 301): Mean: 2504.016, median: 2273.0, std: 1146.618, percent: 2468.76, B: 130, W: 120, 
	(2789, 3467, 1379, 1996, 2199, 1230, 1302, 1321, 2016, 2854, 3249, 1884, 1684, 3673, 922, 1728, 2365, 3140, 4292, 1567, 1918, 2505, 2742, 2245, 752, 3884, 2665, 1209, 2940, 3426, 2411, 1365, 2216, 5037, 2909, 1565, 1203, 2112, 2821, 2157, 719, 1866, 1920, 1535, 2098, 3498, 1285, 3060, 2226, 1736, 2266, 1479, 3150, 1177, 1029, 1442, 3615, 2527, 1375, 2277, 1795, 2184, 2396, 4062, 2579, 4469, 2609, 2646, 3171, 1945, 2019, 1426, 2002, 2025, 2745, 2360, 3508, 3218, 3340, 2221, 6915, 3809, 1558, 2633, 3817, 1703, 3287, 2245, 1985, 3036, 3975, 1314, 2030, 3450, 2484, 744, 2885, 1802, 3305, 1638, 726, 1941, 1264, 1592, 3276, 2842, 1571, 1842, 2124, 1377, 1712, 4104, 3249, 2630, 451, 1326, 1192, 3283, 1195, 1254, 3781, 3864, 2817, 1457, 5277, 1804, 1283, 2259, 1707, 3242, 2025, 2470, 896, 3290, 5172, 2226, 1874, 2379, 2003, 1545, 4941, 3486, 3708, 3949, 2178, 1018, 2711, 2913, 3370, 1698, 2992, 2797, 4820, 2347, 2145, 1031, 3294, 2292, 2269, 2787, 1604, 1627, 1961, 2366, 3358, 4105, 1213, 1961, 3854, 2147, 3947, 2634, 1457, 3024, 3532, 2121, 2175, 2643, 1727, 3457, 3840, 1825, 2634, 2645, 2352, 3710, 2555, 3642, 2087, 2339, 2135, 2085, 2548, 2438, 2146, 3293, 3846, 3163, 2492, 1165, 950, 817, 2608, 2308, 7620, 1104, 1387, 970, 5239, 2755, 1424, 2668, 2714, 4464, 2958, 2102, 1347, 6503, 893, 1814, 916, 4482, 3417, 1998, 1443, 2641, 2082, 4331, 1892, 3666, 1558, 1690, 3807, 1612, 907, 3787, 3199, 1907, 1469, 1898, 1501, 3261, 2078, 3160, 2213, 2791, 2293, 7181, 4578, 3926)
(63, 312): Mean: 2503.216, median: 2304.5, std: 1135.247, percent: 2443.84, B: 123, W: 125, 
	(2744, 3294, 1213, 1758, 2268, 1192, 1109, 1394, 2004, 3218, 2738, 1961, 1784, 3928, 1109, 1857, 2540, 2963, 3708, 1376, 1892, 2364, 2707, 2428, 741, 3584, 2796, 956, 3307, 4167, 2649, 1509, 2273, 5500, 2632, 1640, 1121, 1909, 2887, 2313, 795, 1700, 1783, 1497, 2196, 3825, 1161, 2976, 2149, 2113, 2310, 1430, 3218, 1248, 1087, 1432, 4018, 2527, 1204, 2499, 1882, 2069, 2225, 3965, 2820, 4621, 3042, 2418, 3170, 2007, 2126, 1498, 1864, 2278, 2825, 2746, 3397, 3029, 3394, 2445, 6800, 3391, 1403, 2322, 3848, 1586, 3187, 2822, 1792, 2832, 3704, 1732, 1914, 3425, 2279, 816, 3237, 1841, 3441, 1347, 733, 1860, 977, 1677, 3372, 3422, 1719, 2085, 2267, 1627, 1361, 4562, 2964, 2812, 426, 1461, 1044, 2907, 1314, 1292, 4282, 3896, 3162, 1448, 4747, 2088, 1317, 2379, 1464, 2920, 2175, 2712, 920, 3223, 4079, 1969, 1987, 2175, 1782, 1409, 4086, 2997, 3708, 3748, 2297, 1118, 2585, 2982, 3069, 1672, 3072, 3114, 4342, 2172, 2151, 1131, 3148, 2049, 2217, 3453, 1760, 1549, 1983, 2602, 3458, 3180, 1148, 2462, 3589, 1820, 3692, 2339, 1639, 3281, 4751, 2459, 2263, 2689, 1624, 3188, 3476, 1777, 2541, 2995, 2565, 3976, 2299, 3478, 2418, 2273, 2222, 2229, 2574, 2535, 2084, 3610, 3355, 3025, 2704, 1410, 1058, 871, 2683, 2253, 7877, 1336, 1509, 939, 5610, 3168, 1539, 2558, 2615, 4946, 2900, 2256, 1319, 6309, 803, 1694, 898, 4669, 3535, 2119, 1219, 2409, 2296, 4424, 1751, 3001, 1593, 1475, 3566, 1560, 914, 3568, 3040, 2063, 1527, 1747, 1611, 3052, 1946, 2843, 2058, 2870, 2036, 6763, 4359, 4259)
(64, 318): Mean: 2501.376, median: 2302.0, std: 1097.012, percent: 2484.0, B: 124, W: 126, 
	(2675, 3327, 1313, 2151, 2518, 1383, 1212, 1344, 2069, 3181, 2910, 2104, 1618, 3407, 1091, 1887, 2276, 3431, 3345, 1445, 1796, 2747, 2602, 2196, 686, 3645, 2997, 970, 3197, 3384, 2478, 1448, 2364, 5488, 2551, 1605, 1254, 1800, 3407, 2103, 760, 1810, 1848, 1473, 2325, 3860, 1336, 2887, 2061, 1777, 2273, 1494, 2935, 1170, 1038, 1410, 3446, 2983, 1246, 2340, 2106, 2317, 2485, 3220, 2936, 4292, 2992, 2442, 3549, 2129, 2283, 1623, 1927, 2085, 2464, 2810, 4287, 3080, 2967, 2395, 6955, 3709, 1427, 2446, 3968, 1517, 3594, 2813, 1847, 2855, 4176, 1595, 2092, 2953, 2383, 746, 3039, 1744, 3505, 1289, 718, 1894, 1091, 1675, 3198, 3004, 1844, 1936, 2083, 1793, 1387, 5233, 3171, 2774, 416, 1394, 1163, 3124, 1182, 1388, 3589, 3825, 2623, 1587, 4755, 2069, 1366, 2304, 1459, 2797, 2132, 2903, 1034, 3556, 4184, 1878, 1899, 2382, 2071, 1542, 4389, 2638, 3447, 4025, 2428, 1173, 2494, 3081, 3500, 1531, 3171, 2857, 4612, 2068, 2262, 1070, 3260, 2300, 2043, 3070, 1577, 1492, 2010, 2486, 3603, 3984, 1164, 2240, 3541, 2210, 3607, 2691, 1534, 3430, 3712, 2185, 2083, 2203, 1838, 3220, 3651, 1738, 2846, 2402, 2474, 3311, 2300, 3277, 2031, 2173, 2163, 2161, 2483, 2186, 1915, 3491, 4154, 3566, 2511, 1205, 869, 854, 2286, 2471, 5741, 961, 1582, 941, 4874, 3111, 1419, 2525, 2991, 4943, 2945, 2482, 1337, 6846, 874, 1705, 969, 4804, 3622, 2061, 1465, 2533, 2146, 4134, 1806, 3795, 1611, 1403, 3462, 1676, 913, 3615, 3910, 1996, 1523, 2071, 1576, 3541, 2162, 3201, 2176, 3368, 2264, 5503, 4799, 3873)
(65, 320): Mean: 2495.712, median: 2309.5, std: 1167.484, percent: 2471.78, B: 140, W: 109, 
	(2658, 3141, 1300, 1739, 2419, 1210, 1208, 1426, 2087, 2895, 3113, 1661, 1587, 3525, 980, 1859, 2678, 3507, 3396, 1316, 1984, 2298, 2311, 1941, 730, 3815, 2467, 1123, 3426, 3685, 2734, 1432, 2390, 6011, 2584, 1564, 1246, 2097, 3246, 2308, 805, 2153, 1677, 1441, 2549, 4025, 1392, 3022, 2091, 1853, 2175, 1453, 3068, 1126, 1167, 1349, 3859, 2638, 1245, 2709, 1803, 2081, 2381, 3327, 2515, 4655, 3309, 2246, 2880, 2139, 2255, 1644, 1924, 1998, 2933, 2839, 3929, 3013, 3106, 2440, 6697, 4033, 1549, 2722, 4394, 1500, 3112, 2326, 1710, 2844, 3948, 1550, 1811, 2859, 2437, 781, 3355, 1713, 3159, 1447, 650, 1839, 1054, 1581, 3243, 2762, 1646, 1878, 2219, 1514, 1507, 4516, 3140, 2677, 466, 1333, 961, 3096, 1450, 1256, 4039, 3648, 2456, 1426, 4771, 1933, 1314, 2382, 1459, 3118, 2077, 3162, 789, 3417, 4185, 2461, 1961, 2127, 1820, 1307, 4253, 3147, 3482, 3790, 2070, 1057, 2456, 2844, 3854, 1551, 2892, 2722, 4000, 2326, 2164, 1083, 3447, 2363, 2010, 3154, 1674, 1638, 2210, 2455, 3684, 3990, 1097, 2177, 3353, 1881, 3570, 2391, 1626, 3215, 4082, 2156, 2027, 2388, 1641, 3154, 3896, 1962, 3015, 2540, 2622, 3624, 2221, 3709, 2178, 2087, 2211, 2144, 2215, 2047, 2141, 3351, 3808, 3227, 2323, 1342, 899, 831, 2460, 2351, 7761, 1169, 1463, 854, 5594, 2758, 1405, 2541, 2790, 4528, 2813, 2438, 1434, 7417, 915, 1731, 843, 4897, 3582, 1934, 1388, 2575, 2050, 4942, 1722, 2980, 1546, 1485, 3085, 1496, 960, 3427, 3847, 1995, 1548, 2226, 1594, 3402, 2068, 2979, 2055, 2843, 2045, 7072, 4631, 3924)
(69, 344): Mean: 2493.26, median: 2252.5, std: 1133.794, percent: 2505.44, B: 124, W: 126, 
	(2567, 3334, 1251, 1822, 2671, 1419, 1039, 1431, 2143, 2856, 3255, 1452, 1583, 3819, 1127, 1803, 2410, 3463, 3403, 1458, 1948, 2210, 2500, 2230, 816, 3840, 2759, 937, 3151, 3962, 2737, 1553, 2330, 5350, 2728, 1456, 1272, 1793, 3003, 2166, 779, 1989, 1895, 1564, 2215, 4006, 1311, 2576, 2114, 1859, 1963, 1442, 3476, 1201, 1130, 1438, 3769, 2837, 1276, 2608, 1778, 1746, 2210, 3337, 2668, 4505, 2704, 2138, 3107, 2419, 2531, 1499, 1736, 2138, 2688, 2872, 3316, 3761, 2810, 2492, 7845, 4053, 1425, 2997, 3751, 1749, 3672, 3061, 1920, 2646, 3871, 1598, 1943, 3086, 2195, 725, 2601, 1664, 3305, 1404, 727, 1912, 1105, 1752, 3302, 3161, 1606, 2003, 2176, 1451, 1464, 4572, 3164, 2622, 409, 1542, 988, 2806, 1339, 1296, 3606, 3821, 2723, 1573, 5042, 1986, 1449, 2178, 1418, 3090, 1990, 2941, 880, 3443, 4669, 2234, 1811, 2235, 1770, 1471, 4615, 3101, 3254, 3800, 2336, 1292, 2771, 2704, 3556, 1495, 3263, 3026, 4510, 2116, 1882, 1176, 3213, 2248, 1982, 2967, 1849, 1445, 1979, 2257, 3411, 3804, 1247, 2133, 3747, 2063, 3999, 2410, 1522, 2832, 3878, 2232, 2121, 2303, 1588, 3239, 3878, 1911, 3065, 2848, 2666, 3241, 2432, 3588, 2209, 2418, 1898, 2105, 2500, 2123, 2120, 3566, 3925, 3130, 2743, 1366, 889, 821, 2492, 2270, 6090, 1246, 1460, 921, 5341, 2806, 1331, 2472, 2766, 4705, 3094, 2475, 1377, 7488, 805, 1674, 963, 4548, 3774, 1906, 1144, 2675, 2042, 3935, 2009, 3383, 1543, 1519, 3302, 1427, 937, 4022, 3849, 2080, 1682, 2065, 1491, 2727, 2407, 2985, 2040, 3207, 2167, 6291, 3683, 3703)
(74, 373): Mean: 2478.488, median: 2346.5, std: 1103.725, percent: 2445.6, B: 132, W: 116, 
	(2932, 2895, 1276, 1753, 2425, 1297, 1111, 1414, 2019, 3623, 3079, 1925, 1499, 3831, 1034, 1806, 2353, 3853, 3356, 1458, 1712, 2485, 2852, 2038, 703, 4008, 2881, 1127, 3089, 3820, 2537, 1523, 2159, 5296, 2763, 1479, 1226, 1897, 3148, 2212, 772, 2008, 1888, 1606, 2222, 3596, 1189, 3053, 2184, 1905, 1972, 1567, 3267, 1071, 1093, 1440, 2940, 2722, 1170, 2601, 2035, 1947, 2344, 3351, 3053, 4206, 2739, 2383, 3375, 1794, 2084, 1460, 1642, 1873, 2564, 2696, 3731, 3274, 3008, 2500, 6677, 3302, 1579, 2742, 3734, 1663, 3410, 2248, 1732, 3108, 3250, 1577, 1853, 3403, 2435, 723, 3310, 1564, 3099, 1392, 760, 1998, 1166, 1574, 3227, 2858, 1785, 1921, 2081, 1745, 1529, 4633, 3245, 2470, 395, 1297, 1064, 2885, 1317, 1325, 4115, 3585, 2698, 1424, 4994, 1903, 1499, 2216, 1539, 2980, 2025, 3028, 890, 3413, 3901, 2004, 1830, 2349, 1729, 1357, 4547, 3167, 3604, 3721, 2456, 1284, 2393, 2813, 3433, 1580, 3016, 3005, 4295, 1934, 2014, 1049, 3288, 2615, 1884, 3411, 1884, 1486, 2016, 2217, 3532, 3468, 1357, 2577, 3344, 2109, 4275, 2598, 1455, 2876, 4266, 2096, 2380, 2269, 1553, 2946, 3414, 2047, 2428, 2502, 2577, 3671, 2691, 4056, 2465, 2330, 2036, 2464, 2565, 2373, 2148, 3922, 3112, 3325, 2431, 1366, 1059, 777, 2762, 2140, 7506, 1177, 1486, 957, 5648, 2753, 1435, 2412, 2916, 4732, 2654, 2070, 1321, 5659, 808, 1709, 883, 4459, 3535, 2203, 1628, 2899, 2015, 3744, 1755, 3060, 1481, 1470, 3904, 1582, 841, 4298, 3584, 1792, 1597, 1896, 1434, 3247, 2126, 2935, 2091, 2918, 2044, 6174, 4468, 3668)
(97, 510): Mean: 2473.184, median: 2284.5, std: 1138.049, percent: 2463.88, B: 124, W: 126, 
	(2618, 3385, 1232, 1988, 2591, 1455, 1012, 1297, 1950, 3115, 3214, 1744, 1546, 3696, 1124, 1866, 2146, 2943, 3250, 1523, 1772, 2585, 2549, 2255, 734, 4125, 2980, 904, 3345, 3630, 2713, 1639, 2192, 5322, 2891, 1760, 1277, 2175, 2731, 1920, 781, 2075, 1936, 1546, 2188, 3821, 1154, 3326, 2117, 1722, 2052, 1470, 3012, 1173, 1106, 1263, 3790, 2814, 1352, 2464, 2058, 1907, 2342, 2997, 2880, 4136, 3142, 2178, 3655, 1985, 2213, 1482, 1890, 1728, 2775, 2847, 3537, 3193, 3050, 2443, 9191, 3547, 1585, 2598, 4065, 1534, 3442, 2728, 1981, 2801, 3923, 1449, 1893, 3275, 2313, 724, 3335, 1738, 3217, 1449, 731, 1899, 1135, 1655, 3152, 2893, 1582, 1943, 2173, 1624, 1487, 4064, 3061, 2516, 381, 1229, 1083, 3781, 1231, 1407, 3530, 3485, 2497, 1387, 4718, 1881, 1363, 2080, 1428, 2866, 2203, 2461, 882, 3140, 4475, 2217, 1988, 2316, 1881, 1369, 4288, 2818, 3723, 3868, 2269, 1076, 2646, 2560, 3005, 1729, 3289, 3214, 4649, 2323, 2173, 1132, 3202, 2421, 2068, 3200, 1777, 1445, 1881, 2435, 3351, 3676, 1284, 2378, 3019, 2008, 3261, 2293, 1512, 3174, 3701, 2389, 1846, 2315, 1746, 3059, 3561, 1740, 2788, 2579, 2683, 4158, 2582, 3392, 1983, 2276, 2173, 2225, 2304, 2104, 1963, 3445, 3540, 3350, 2380, 1460, 938, 897, 2390, 2078, 6751, 987, 1449, 995, 5849, 2750, 1390, 2566, 2924, 4683, 3122, 2315, 1388, 6582, 841, 1616, 907, 4225, 3740, 2010, 1245, 2646, 2251, 3759, 1781, 3499, 1631, 1512, 3488, 1514, 898, 3859, 3123, 1874, 1634, 1955, 1316, 3067, 2026, 2804, 2008, 3106, 2068, 5800, 4451, 3923)

Test:
No precond: Mean: 2497.424, median: 2306.5, std: 1181.093, percent: 2469.5, flag: 0 
	(3795, 5289, 1445, 797, 1056, 1346, 2571, 8275, 2182, 1039, 2955, 2189, 1158, 3839, 3026, 1683, 594, 2924, 2657, 3223, 3003, 2194, 2092, 4489, 1086, 1038, 2593, 3530, 2226, 3031, 3604, 1711, 2215, 2151, 1199, 668, 5177, 5466, 3940, 1241, 2087, 3303, 1724, 2990, 2796, 2804, 4521, 1763, 2926, 3464, 2894, 2216, 2769, 812, 1059, 5890, 2654, 5275, 2990, 1452, 3016, 3165, 1785, 1826, 1441, 2132, 2996, 2113, 2871, 1919, 2468, 1452, 2831, 2094, 1466, 3065, 1893, 3403, 2281, 1836, 2451, 2364, 3530, 2440, 3637, 1856, 3503, 4305, 798, 5276, 2296, 1731, 869, 2049, 3111, 4340, 2166, 2341, 3080, 2607, 2798, 3011, 4531, 2443, 1629, 2607, 55, 960, 2516, 1973, 2554, 3012, 3304, 1919, 4999, 2190, 2385, 3673, 1593, 1619, 2975, 3000, 2696, 2286, 2604, 1616, 2655, 1105, 1765, 171, 2306, 2704, 2306, 1037, 2527, 866, 1863, 1122, 2571, 2063, 3391, 1132, 2334, 3754, 1967, 2165, 1622, 2229, 2200, 2167, 2450, 2944, 1432, 2019, 2202, 2081, 2307, 955, 1851, 3870, 2927, 2387, 2235, 3570, 3237, 3022, 3206, 4534, 1079, 1157, 2649, 1924, 2311, 4100, 4785, 4409, 2445, 2681, 1861, 4774, 986, 1077, 1652, 1571, 3029, 1227, 4943, 1955, 2873, 1485, 1115, 2293, 3144, 1430, 1117, 2089, 2223, 2307, 2910, 3764, 4301, 1564, 1692, 2917, 3234, 5660, 2097, 3654, 2485, 3376, 2337, 1809, 1608, 2387, 883, 3621, 1986, 2151, 3161, 1167, 1551, 1654, 1889, 5520, 2011, 2833, 5352, 2367, 1865, 4774, 2094, 1845, 1077, 1404, 4290, 1558, 1152, 2904, 1682, 1543, 1312, 2323, 2793, 1126, 1552, 2426, 5686, 1867, 1233, 3130)

Last: Mean: 2350.712, median: 2233.5, std: 1113.028, percent: 2282.26, B: 177, W: 72, flag: 0 
	(3899, 5378, 1323, 853, 1435, 1354, 2679, 8187, 1844, 940, 2873, 1734, 1166, 3350, 2689, 1575, 648, 3137, 2498, 3302, 2804, 2361, 2012, 4015, 1030, 1196, 2787, 3534, 2069, 3738, 3106, 1782, 2026, 1762, 1118, 559, 4017, 4512, 3301, 1079, 1865, 3197, 1517, 2241, 2435, 2495, 3928, 1779, 2677, 3077, 3152, 2239, 2672, 832, 807, 5281, 2434, 4040, 2619, 1307, 2544, 2779, 1640, 2257, 1161, 1890, 3061, 1957, 2646, 1753, 2418, 1275, 2350, 1870, 1361, 3239, 1719, 3221, 2003, 1949, 2410, 2399, 2905, 2328, 2907, 1861, 3247, 3533, 706, 4669, 2502, 1590, 867, 2256, 3266, 3361, 2116, 1950, 2618, 2507, 2648, 3144, 3628, 2381, 1508, 2385, 54, 879, 2209, 1776, 2323, 3137, 2436, 1851, 4796, 2080, 2244, 3703, 1801, 1518, 2538, 2699, 2543, 2558, 2182, 1560, 2200, 880, 1779, 168, 2428, 2891, 2430, 1176, 2604, 890, 1575, 1112, 2328, 1901, 3429, 1033, 2255, 3321, 1637, 2359, 1489, 2140, 1975, 2057, 2284, 2731, 1196, 1982, 2046, 1737, 1634, 906, 1800, 2895, 2373, 2030, 2490, 3452, 3140, 2788, 2568, 4066, 963, 1279, 2936, 1990, 2488, 3816, 4679, 4655, 2211, 3147, 1870, 3679, 1217, 1085, 1570, 1302, 3544, 1220, 4986, 1772, 2444, 1275, 1118, 2433, 3144, 1451, 1074, 1961, 1850, 2319, 2398, 3316, 4805, 1454, 1416, 2931, 3071, 5929, 1975, 2774, 2464, 3287, 2285, 1764, 1426, 2039, 900, 4143, 1879, 2002, 3286, 1034, 1746, 1391, 1775, 5641, 1743, 2560, 4944, 2217, 1797, 4692, 1906, 1786, 972, 1234, 4885, 1527, 1066, 3194, 1697, 1315, 1146, 2228, 2539, 1178, 1645, 2150, 4700, 1652, 1116, 3067)

[ 0.08902393  0.00810607  0.06323425  0.04655956  0.04664478  0.10369148
  0.07775748 -0.01159662  0.126395    0.06654726]
