
23/04/2026, 12:33:08
Config file: ./config/config_sign_0_65.ini
Data:
	1d_laplace_size: 65
	amount: 250
	dist_type: uniform
	params: 1 0.45
	seed: 0
	dim: 4225
Solver:
	tol: 1e-10
	max_iteration: 100000
Learn:
	iteration_count: 50
	step_range: 0.1
	method: sign
	seed: 0
	change_scales: 1 0.5 0.25
	allow_disimprovement: True
	median_best_scale: 0.5
	mean_best_scale: 0.5
	flag_count_limit: 0
Precondition:
	dist_type: normal
	params: 0 0.05
	par_list: 1 1
	diag_list: 1 -1
	num_coef: 2
	type: diag_shift
	diag: jacobi
	sym: False

Train:
(0, 5): Mean: 4811.504, median: 4093.0, std: 2725.378, percent: 4723.18, B: 250, W: 0, 
	(2124, 9687, 7211, 4089, 8414, 4455, 5520, 4840, 2451, 4264, 7586, 4956, 9527, 2181, 6353, 3869, 3362, 19775, 5164, 2148, 6699, 2514, 4331, 3473, 11326, 5122, 9057, 4415, 5105, 3294, 2120, 2626, 2542, 2736, 3814, 1800, 2836, 7297, 5278, 11936, 11880, 3441, 2361, 2571, 2439, 1610, 2990, 3627, 6563, 2114, 2348, 2883, 3517, 3457, 4664, 2133, 4486, 4728, 4041, 2312, 7406, 6094, 8973, 11222, 4385, 6165, 4540, 3042, 1456, 2178, 2169, 3110, 5094, 3139, 2128, 3778, 4853, 7481, 4932, 12753, 1903, 2120, 5108, 3022, 3708, 3402, 2998, 3149, 9707, 9418, 4097, 3531, 3430, 5052, 3920, 1130, 3205, 5041, 5007, 5326, 2982, 2403, 4920, 4337, 3259, 7215, 5678, 4744, 8361, 4738, 6365, 3014, 5913, 5482, 5808, 8292, 2308, 14454, 3065, 2940, 4627, 7525, 14343, 3393, 3737, 3107, 8154, 3264, 3795, 4328, 9409, 6391, 2326, 5099, 2731, 1629, 6336, 5570, 3825, 4444, 2837, 4779, 4800, 7546, 2685, 3443, 3816, 3646, 7908, 4547, 4879, 6151, 3857, 1846, 3686, 2838, 6276, 9562, 6138, 4610, 3876, 5902, 4053, 3142, 3850, 3367, 4402, 5664, 2655, 9679, 3847, 2224, 4279, 2402, 3073, 5806, 5997, 3053, 5116, 3487, 1755, 2907, 2125, 3347, 7029, 5909, 2555, 6206, 14188, 6683, 3209, 2071, 2414, 6481, 13426, 3355, 4772, 9111, 3049, 5075, 3560, 4915, 4809, 3996, 8608, 4688, 3009, 8239, 10153, 7429, 4848, 1711, 3233, 7008, 7001, 1998, 5422, 7700, 3075, 6046, 5764, 6163, 1781, 1706, 4024, 3069, 2392, 6059, 3294, 2387, 6950, 4098, 5667, 3337, 5245, 5425, 2442, 2169, 2102, 3456, 10878, 3948, 1546, 1625, 2770, 2033, 2913, 3158, 5923, 5768)
(2, 12): Mean: 11008.436, median: 9110.5, std: 6972.805, percent: 10973.6, B: 0, W: 250, 
	(4739, 19431, 19166, 10695, 20752, 10659, 13094, 10239, 5589, 9157, 14316, 15907, 24700, 4397, 11927, 7150, 6520, 40780, 11905, 4223, 18968, 5597, 9977, 7233, 24632, 8865, 15970, 14961, 13456, 7811, 4605, 5561, 6009, 8252, 6590, 4340, 5355, 19156, 11529, 30949, 25651, 7860, 5271, 5516, 6255, 3347, 6844, 8437, 11678, 6534, 5539, 6873, 8783, 9727, 7910, 6632, 9614, 10669, 9331, 6442, 13341, 11247, 18587, 34035, 8529, 13162, 13100, 7834, 3077, 4335, 4995, 6763, 8217, 9477, 4295, 8435, 13197, 17730, 9121, 31767, 4585, 4962, 11331, 5822, 6652, 5982, 7834, 6013, 23361, 32341, 10107, 6548, 7534, 11277, 7505, 2487, 6950, 9100, 13564, 10563, 7272, 5989, 12252, 8266, 7505, 17544, 13113, 9033, 28154, 10530, 17622, 8101, 17056, 16347, 17845, 24137, 4000, 48973, 7069, 5282, 10916, 11804, 39948, 7409, 6968, 6457, 20402, 5193, 7683, 10079, 21441, 12328, 4074, 13608, 5570, 3277, 16355, 12825, 9144, 9476, 6587, 10303, 11032, 17182, 5749, 7020, 8634, 6657, 20622, 9148, 10575, 12434, 5741, 3250, 7779, 5691, 13254, 22312, 13819, 12280, 10417, 15761, 9958, 7015, 9475, 9846, 6475, 16478, 6181, 20491, 9533, 5448, 8503, 5312, 5754, 13213, 13319, 7400, 9452, 7109, 4389, 6696, 4372, 7658, 13452, 11681, 5331, 15901, 33321, 15340, 6460, 4063, 5961, 14018, 26952, 6679, 8570, 21620, 7104, 11390, 6141, 12557, 17056, 8485, 15114, 10955, 6306, 18046, 19970, 14699, 12760, 3811, 8422, 16139, 14335, 5028, 10550, 14076, 6141, 12593, 12152, 18965, 4193, 4826, 9592, 5731, 5573, 12414, 6133, 3552, 14039, 8841, 9580, 6758, 9017, 12647, 5635, 5119, 4844, 8752, 19076, 8113, 3407, 2887, 6657, 6109, 6695, 9343, 17582, 11642)
(3, 14): Mean: 4511.108, median: 3879.5, std: 2440.827, percent: 4472.0, B: 250, W: 0, 
	(1878, 7473, 6522, 4562, 9975, 4402, 5290, 4560, 2246, 4476, 6346, 5629, 9970, 2210, 5608, 3694, 3591, 11723, 5173, 2056, 8205, 2278, 4744, 3512, 9848, 3558, 5064, 4130, 5280, 3258, 1929, 2834, 2371, 2413, 3394, 1832, 2792, 6289, 4480, 9194, 10844, 3531, 2737, 2378, 2380, 1535, 2986, 3115, 6229, 1965, 2110, 3800, 2905, 3721, 3644, 2195, 4106, 4538, 3709, 2337, 6165, 5642, 8126, 9158, 3913, 5181, 4096, 3244, 1391, 2209, 2290, 2485, 4100, 3391, 2440, 3959, 4762, 7940, 3846, 12751, 2119, 2137, 5369, 3165, 3734, 2525, 2589, 3341, 13661, 11231, 4678, 3461, 3341, 4865, 3205, 1127, 3000, 5582, 4367, 4967, 2836, 2876, 4261, 3610, 2870, 7984, 4621, 4365, 7358, 4029, 8724, 2815, 6411, 5807, 5162, 6960, 2247, 12269, 3331, 2941, 4704, 6193, 12370, 3007, 3322, 2730, 6711, 2412, 4111, 3692, 9369, 6031, 1757, 5481, 2410, 1374, 6690, 5159, 3287, 3928, 2435, 3969, 4060, 9617, 2134, 2852, 4299, 3380, 8728, 4362, 4410, 7021, 3175, 1842, 3425, 2245, 6279, 6906, 4481, 4215, 3841, 5437, 3640, 3026, 3989, 2874, 3614, 6106, 2519, 7293, 4009, 2420, 3634, 2086, 3142, 5701, 6728, 3039, 5271, 3000, 1529, 3202, 1956, 3336, 5057, 5242, 2668, 6295, 12758, 6089, 3041, 1745, 2757, 6566, 11706, 2815, 4120, 7971, 2835, 5449, 2676, 5024, 4961, 4473, 6607, 5818, 2971, 6986, 8971, 6503, 4447, 1777, 3033, 6573, 6760, 1984, 5606, 6562, 2857, 5335, 5451, 6073, 1712, 1554, 4083, 2850, 2323, 4734, 2743, 1999, 6230, 3843, 4403, 3308, 4984, 7230, 2382, 2237, 1820, 3341, 10199, 3303, 1771, 1442, 2618, 1680, 2518, 3169, 6710, 5480)
(8, 40): Mean: 4549.552, median: 3894.0, std: 2699.841, percent: 4468.24, B: 129, W: 121, 
	(2199, 7041, 5863, 3572, 8063, 4608, 5336, 4612, 2109, 4657, 6100, 5083, 8457, 1739, 6432, 3381, 3627, 19535, 4488, 1900, 8231, 2607, 4861, 2884, 9017, 3788, 5439, 4244, 5201, 3467, 2024, 2536, 2453, 2764, 3388, 1616, 2954, 6602, 5112, 7938, 10510, 3530, 2297, 2314, 2113, 1499, 3126, 3168, 6713, 1861, 2065, 4620, 3085, 3740, 3915, 2367, 4789, 4527, 4045, 2436, 7374, 5490, 8273, 11865, 3622, 5059, 5155, 3999, 1286, 2179, 2343, 2691, 3893, 3250, 2136, 3823, 4551, 8023, 3981, 16092, 1975, 1975, 4999, 2895, 3425, 2998, 2888, 2779, 10439, 19181, 4383, 3614, 3102, 4034, 3418, 1118, 3167, 5026, 4556, 4448, 3345, 2536, 4611, 3335, 3044, 5719, 5448, 4505, 7702, 4462, 5926, 3015, 5599, 5818, 5517, 8711, 2126, 14682, 3541, 2772, 5189, 5397, 13037, 3159, 3192, 3081, 6144, 2843, 4526, 3594, 11194, 5278, 2409, 5918, 2355, 1369, 7569, 4463, 3523, 3770, 2440, 4354, 5099, 6879, 2120, 3462, 4583, 3068, 9552, 3665, 4276, 6025, 3548, 1667, 3309, 2019, 6762, 8135, 4486, 5269, 4217, 5525, 3914, 2691, 3533, 3269, 3422, 5932, 2507, 7645, 3922, 2032, 3135, 2186, 2847, 5442, 5640, 3035, 4661, 3032, 1601, 2893, 1926, 3551, 5648, 5807, 2486, 6138, 10916, 6618, 3012, 1847, 2768, 6648, 8879, 2760, 3739, 7340, 2543, 4816, 2312, 6173, 4489, 4256, 6559, 5279, 2884, 7174, 7384, 6764, 4931, 1565, 2919, 6512, 7851, 2048, 4929, 5976, 2691, 5359, 5078, 6767, 2031, 1468, 3895, 2705, 2210, 5394, 2787, 2196, 6693, 3998, 5057, 3412, 4768, 6747, 2142, 2076, 2048, 3326, 9528, 3680, 1821, 1378, 2402, 1766, 2996, 2811, 6651, 5684)
(10, 49): Mean: 4506.312, median: 3747.0, std: 2549.996, percent: 4535.74, B: 136, W: 114, 
	(2023, 9362, 6240, 3986, 9404, 4308, 4854, 4469, 2090, 4033, 6874, 6078, 7430, 2032, 5932, 3393, 3564, 14532, 5736, 1822, 6765, 2429, 4714, 2809, 13460, 3631, 6790, 4600, 5475, 3188, 1858, 2459, 2126, 2623, 3167, 1740, 2858, 7726, 5065, 9117, 10928, 3175, 2680, 2369, 2371, 1596, 2913, 3157, 6379, 2062, 2103, 2707, 2986, 3094, 3977, 2283, 4707, 3658, 3983, 2770, 6235, 4523, 7173, 9853, 3644, 5257, 5742, 3142, 1563, 2173, 2276, 2666, 3896, 3845, 2024, 3569, 5719, 6889, 4108, 14366, 1934, 2029, 5196, 3232, 3354, 2647, 2646, 2650, 10043, 10774, 4540, 2879, 3310, 4500, 4284, 1072, 3355, 5249, 5387, 4942, 2883, 2631, 4156, 3363, 3052, 6752, 4546, 5287, 6692, 4781, 6954, 3063, 6289, 5776, 6959, 8767, 1858, 16216, 3713, 3516, 4619, 5875, 14500, 3089, 3099, 2933, 5970, 2488, 3864, 3932, 10638, 5290, 2156, 4305, 2389, 1499, 8996, 4403, 3143, 3468, 2806, 4044, 4375, 6666, 1949, 3559, 4579, 3048, 7558, 3985, 4465, 5981, 3356, 1649, 3491, 2574, 6926, 8418, 5311, 4214, 3320, 5667, 3781, 3207, 3504, 3442, 3452, 6541, 2662, 9725, 4140, 1934, 3572, 2101, 3022, 5414, 6651, 2873, 4524, 2894, 1524, 3287, 1706, 3343, 5406, 4960, 2416, 5791, 10615, 6771, 2858, 1968, 2480, 6786, 9482, 2854, 3657, 7526, 2658, 4148, 2889, 4525, 5580, 4521, 6515, 4785, 2729, 8427, 8896, 6591, 4207, 1648, 2795, 5779, 6890, 1775, 5196, 6454, 3022, 5622, 4538, 7233, 1671, 1573, 3622, 2732, 2081, 5403, 2753, 2185, 6570, 3600, 4528, 3284, 4770, 5934, 2590, 1959, 1800, 2983, 6858, 3478, 1721, 1371, 2836, 1869, 2639, 2857, 6747, 6675)
(11, 51): Mean: 4392.856, median: 3795.5, std: 2541.079, percent: 4287.08, B: 152, W: 97, 
	(1956, 6291, 5937, 3390, 8100, 4717, 5488, 4354, 2077, 4535, 7149, 5774, 8663, 2006, 5091, 3184, 3803, 20831, 4876, 1648, 5982, 2063, 4344, 3152, 10226, 4182, 5400, 4778, 5430, 3696, 1853, 2174, 2348, 2536, 3860, 1692, 2824, 6056, 4833, 8616, 10363, 2933, 2340, 2353, 2245, 1455, 2989, 2998, 6841, 2279, 2146, 2676, 2899, 3607, 3323, 2603, 4749, 4014, 3515, 2499, 5930, 4798, 8491, 9050, 3588, 5177, 4811, 2982, 1422, 2027, 2273, 2435, 3515, 3255, 1924, 3670, 4289, 7220, 4058, 13628, 2061, 2160, 4736, 2693, 2890, 2773, 2981, 2762, 9510, 10490, 4143, 2992, 3340, 4051, 3198, 969, 2975, 3924, 5043, 5096, 3109, 2278, 4686, 3740, 2613, 7729, 4761, 3897, 7545, 4101, 7846, 3048, 5607, 6067, 5318, 8461, 1971, 15929, 3463, 3009, 4311, 5134, 9646, 2769, 3025, 3166, 8250, 2298, 3911, 3667, 9678, 5418, 2097, 5811, 2142, 1199, 7017, 4086, 3483, 3989, 2383, 4072, 4983, 7637, 2118, 3050, 4133, 3048, 7404, 3697, 4863, 5680, 3064, 1707, 3562, 2189, 5673, 8848, 5666, 4840, 4011, 5027, 4063, 2776, 3285, 3151, 3077, 5878, 2771, 7561, 3788, 2052, 3086, 1852, 2531, 5392, 6617, 3048, 4016, 3067, 1598, 3084, 2295, 3038, 5782, 5124, 2406, 5264, 12639, 6792, 2681, 1728, 2545, 6860, 10412, 2836, 4746, 8758, 2729, 3954, 2712, 4414, 4562, 4127, 6318, 4876, 2983, 6929, 8410, 4971, 4576, 1685, 2608, 6511, 6209, 1912, 4585, 6204, 2761, 5586, 5409, 7293, 1590, 1565, 3644, 2714, 2219, 5163, 2863, 1989, 5841, 3948, 4521, 2828, 4825, 6626, 2340, 1945, 2292, 3257, 8454, 4066, 1664, 1365, 2808, 1680, 3064, 3252, 5888, 4878)
(13, 62): Mean: 4133.084, median: 3590.5, std: 2242.245, percent: 4226.04, B: 174, W: 76, 
	(1694, 5917, 5648, 3654, 8869, 4249, 5205, 4021, 1890, 3705, 7769, 6439, 8448, 1966, 5523, 3500, 3271, 11875, 5513, 1924, 5835, 2162, 4835, 2796, 8680, 4032, 4749, 4994, 4728, 3299, 1700, 2160, 2291, 2336, 3045, 1840, 2618, 6452, 4419, 9727, 8088, 3431, 2181, 2337, 2322, 1190, 2421, 2917, 4382, 1800, 1960, 2360, 2630, 2954, 2794, 2041, 4582, 4565, 3141, 2383, 6125, 4617, 6107, 9245, 3407, 4177, 4271, 3221, 1398, 1825, 2202, 2574, 3231, 2934, 1956, 3404, 4052, 6856, 3685, 8806, 1763, 1788, 4128, 3037, 3299, 2469, 2452, 2726, 8524, 10676, 4155, 3112, 2995, 3878, 2909, 1004, 2929, 4471, 4443, 4085, 3330, 2092, 4288, 3169, 2832, 6323, 4210, 3886, 6909, 4263, 6266, 2775, 4476, 5054, 6344, 8244, 1752, 13926, 3042, 3159, 4628, 4327, 12856, 2759, 3364, 2944, 7388, 2381, 3497, 3436, 10255, 5519, 1908, 3667, 2072, 1319, 6804, 3748, 3038, 3843, 2189, 4548, 4518, 5346, 2085, 3587, 3678, 2842, 9891, 3340, 4932, 5135, 3125, 1768, 3594, 2127, 6340, 6583, 4198, 3606, 3679, 6759, 4161, 2398, 3320, 2851, 3317, 5547, 2323, 9327, 3644, 2088, 3048, 1741, 2463, 5149, 5695, 2729, 3984, 3371, 1531, 2655, 1627, 3483, 5398, 4860, 2123, 5649, 11743, 6559, 2814, 1561, 2261, 5136, 7719, 2492, 4388, 7025, 2541, 4616, 2658, 4603, 4580, 4010, 5901, 4681, 2840, 6467, 7757, 5573, 4556, 1484, 2393, 7099, 6946, 1758, 4129, 6754, 2660, 5156, 4179, 6166, 1623, 1365, 3838, 2492, 1918, 4193, 2891, 1960, 6464, 4130, 4177, 3242, 4463, 7070, 2331, 1970, 2056, 3128, 7659, 2983, 1531, 1296, 2452, 1814, 2753, 3033, 4800, 6796)
(16, 80): Mean: 4143.004, median: 3598.0, std: 2204.164, percent: 4140.02, B: 127, W: 123, 
	(1831, 5689, 6234, 3469, 8364, 4309, 5143, 3994, 1825, 3687, 7234, 5814, 8188, 1823, 5222, 3232, 3153, 14286, 6250, 1780, 8087, 2067, 4055, 3121, 8910, 3774, 4966, 3973, 4742, 3052, 1593, 2112, 2403, 2389, 2727, 1832, 3080, 6255, 4449, 9046, 9760, 3100, 2499, 2459, 2088, 1322, 2502, 2870, 5528, 2051, 2192, 2389, 2313, 3471, 3405, 2116, 4710, 4353, 3307, 2228, 5340, 5013, 8046, 11896, 3695, 4092, 4182, 3043, 1276, 2140, 2174, 2550, 3645, 3030, 2161, 3450, 5232, 7088, 4050, 12312, 1690, 1819, 4758, 2693, 3062, 2599, 2577, 2602, 9622, 9209, 3273, 2927, 2923, 4783, 3519, 1090, 2905, 4454, 4209, 3746, 3125, 2334, 3528, 3343, 2799, 7166, 4362, 5004, 6041, 3914, 6544, 2941, 4998, 4735, 7986, 6815, 1661, 10744, 2929, 2919, 4402, 5109, 10364, 3040, 2998, 3244, 6263, 2803, 3300, 3871, 8876, 5177, 2065, 4352, 2022, 1342, 6847, 3600, 3267, 3653, 2020, 3837, 4066, 6343, 1879, 3456, 3970, 3278, 6978, 3938, 4155, 4779, 3015, 1669, 3189, 2242, 5423, 6590, 4413, 4117, 4473, 5511, 3596, 2794, 4072, 3281, 3949, 5687, 2727, 7409, 3472, 2073, 2733, 1778, 2658, 5358, 6308, 2509, 4445, 2541, 1424, 2874, 1790, 3190, 4979, 6410, 2397, 4498, 10716, 5712, 2752, 1615, 2444, 5485, 10562, 2793, 3847, 7325, 2755, 3941, 4130, 4679, 5213, 4281, 7052, 5027, 3145, 6100, 6447, 5474, 4155, 1423, 2608, 5412, 6236, 1769, 4757, 6401, 2872, 5827, 4231, 5879, 1509, 1523, 3276, 2397, 2146, 4504, 3054, 2086, 6032, 3796, 4193, 3174, 5581, 4937, 2212, 2003, 1964, 3063, 6453, 3410, 1491, 1349, 2537, 1745, 2442, 2831, 4719, 5785)
(19, 93): Mean: 4174.288, median: 3533.0, std: 2336.903, percent: 4217.02, B: 130, W: 119, 
	(2013, 6668, 5859, 3663, 9113, 4063, 4677, 3886, 1967, 3615, 6201, 6354, 7648, 1823, 5502, 3185, 3074, 15001, 5114, 1703, 8197, 2219, 3808, 2727, 8769, 3606, 4319, 4014, 4719, 3226, 1854, 2274, 2188, 2529, 3151, 1572, 2809, 6496, 4135, 8759, 9803, 3221, 2383, 2404, 2146, 1279, 2823, 3029, 5116, 1941, 2190, 2598, 2736, 3323, 3453, 2581, 4341, 3936, 3748, 2138, 5797, 4626, 7497, 8974, 3145, 4071, 4632, 2725, 1314, 1982, 2167, 2800, 3231, 3129, 2274, 3424, 4261, 7024, 3914, 12433, 1858, 1773, 5154, 2673, 3184, 2685, 2817, 2877, 9513, 12378, 3462, 3053, 3574, 4013, 2808, 977, 2999, 4825, 4678, 4525, 2672, 2174, 4162, 3152, 2770, 7494, 4257, 4475, 4452, 4283, 6473, 3164, 4812, 5228, 5497, 7451, 1785, 14211, 3940, 2892, 4213, 4690, 13489, 3126, 3356, 2775, 7021, 2370, 3232, 3532, 10029, 6323, 1929, 4710, 2419, 1223, 6629, 4140, 3565, 3473, 2483, 3893, 4563, 6666, 1861, 3214, 4080, 2826, 7899, 3953, 4370, 4712, 3116, 1645, 3042, 2197, 5715, 6978, 5892, 3910, 3534, 5678, 3524, 2616, 3018, 3069, 3325, 6125, 2599, 6486, 3763, 2104, 3054, 1824, 2689, 4686, 6222, 2988, 4101, 3070, 1542, 2678, 1945, 2895, 4927, 5431, 2436, 5362, 10312, 6388, 2843, 1741, 2621, 5224, 9507, 2709, 4384, 7208, 2502, 3754, 2792, 4265, 4709, 4121, 6952, 5541, 3358, 6735, 7925, 4755, 4028, 1638, 2667, 6413, 6567, 1759, 4813, 5986, 2521, 5514, 4898, 5327, 1730, 1375, 3545, 2502, 1994, 4360, 2810, 1879, 6715, 3350, 4064, 3043, 4107, 6009, 2226, 1700, 2109, 2920, 9298, 3337, 1389, 1273, 2577, 1861, 2509, 2708, 6152, 4324)
(33, 176): Mean: 4190.408, median: 3619.5, std: 2325.648, percent: 4054.74, B: 126, W: 124, 
	(1889, 6854, 6051, 3392, 8495, 4828, 5519, 4093, 2019, 3580, 5735, 6154, 9533, 1938, 5048, 3201, 3078, 12248, 5186, 1784, 6102, 2012, 3746, 2923, 9434, 3930, 5567, 4477, 4972, 3304, 1674, 2122, 2195, 2376, 3063, 1668, 2727, 5805, 5104, 8122, 9139, 2738, 2102, 2291, 2137, 1402, 2697, 2610, 5112, 1984, 2086, 2907, 2807, 3190, 3625, 2354, 3873, 3909, 3911, 2162, 5896, 3830, 7990, 10382, 3598, 4794, 3680, 3466, 1325, 1863, 2091, 2888, 3195, 3421, 1972, 3280, 5444, 7807, 4244, 11144, 1778, 1724, 4199, 2484, 3255, 2608, 2618, 2837, 10549, 12149, 3751, 2785, 2956, 3841, 3337, 1027, 3055, 4186, 4305, 3973, 3147, 2138, 4459, 3480, 2997, 6245, 4819, 3713, 6526, 4027, 7461, 2718, 4982, 4449, 6021, 6991, 1941, 14144, 3598, 3089, 4441, 4667, 13734, 3207, 3802, 2645, 6733, 2430, 3487, 3587, 11579, 6062, 2133, 4311, 2156, 1341, 7861, 3764, 3119, 3982, 2144, 3342, 4131, 6734, 1995, 3252, 4915, 3690, 6402, 3614, 4957, 5483, 2979, 1673, 3482, 2210, 6118, 5735, 4840, 4435, 3378, 5378, 3998, 2521, 3312, 3134, 3225, 5672, 2636, 8121, 3840, 2011, 2892, 2008, 2432, 4558, 5964, 2499, 4031, 2671, 1551, 2701, 1732, 3352, 5810, 5172, 2429, 5581, 10824, 5765, 2792, 1739, 2753, 5211, 10596, 2978, 4308, 8449, 2659, 4113, 2486, 4504, 4578, 3665, 5940, 5455, 2711, 6260, 7993, 4569, 4411, 1568, 2414, 6068, 6161, 1949, 5300, 5608, 2228, 5518, 3871, 7726, 1727, 1421, 4382, 2717, 2058, 4754, 2935, 1798, 5088, 3766, 4001, 3344, 5116, 5181, 2205, 2116, 1832, 3548, 7279, 3858, 1491, 1233, 2557, 1927, 2320, 3118, 5398, 5825)
(36, 189): Mean: 4183.136, median: 3697.0, std: 2294.909, percent: 4133.38, B: 127, W: 123, 
	(1731, 5424, 6552, 3630, 8727, 4345, 4001, 4626, 2053, 3800, 7591, 5797, 10463, 1903, 5175, 6108, 3318, 12941, 5460, 1927, 6192, 2010, 4436, 2921, 9708, 3580, 4371, 5016, 4780, 3371, 1828, 2305, 2167, 2530, 3406, 1539, 2764, 5418, 4755, 8311, 8195, 3095, 2154, 2390, 1981, 1276, 2773, 2790, 5174, 1910, 1930, 2570, 2534, 3474, 2919, 2347, 4219, 3987, 3770, 1925, 6815, 4715, 8427, 10452, 4092, 5670, 4336, 3072, 1188, 1921, 2258, 2621, 3489, 2977, 1987, 3900, 4014, 6177, 3989, 14527, 1697, 1804, 5056, 2367, 3072, 2920, 2628, 3045, 9665, 8767, 4440, 2677, 3000, 3764, 3255, 1014, 3215, 4107, 4597, 4237, 3041, 2208, 4195, 3145, 2568, 7077, 4756, 4900, 8007, 4294, 6293, 3000, 5538, 5168, 5056, 7238, 2076, 12140, 3704, 3034, 3879, 5154, 11304, 3312, 2976, 2273, 6226, 2208, 3262, 3855, 10019, 5294, 1935, 4649, 2169, 1283, 9239, 4075, 2973, 3622, 2247, 3915, 4841, 8531, 1963, 2934, 4165, 2800, 8545, 3698, 4457, 5464, 2998, 1611, 3686, 2078, 5421, 7114, 4847, 4127, 3677, 5514, 3738, 2518, 3403, 3175, 3300, 6690, 2236, 6959, 3279, 2103, 2820, 1781, 2362, 6166, 6547, 2686, 4312, 2735, 1715, 3201, 1750, 3095, 5604, 5262, 2056, 4751, 8298, 6267, 2735, 1535, 2393, 4853, 10427, 2602, 4177, 6926, 2568, 3740, 2773, 4542, 5317, 3855, 6434, 4963, 2622, 6429, 8028, 5488, 4119, 1524, 2340, 5558, 6032, 1742, 5047, 5676, 2526, 5121, 4348, 6125, 1657, 1334, 4136, 2339, 2007, 4082, 2879, 1719, 5783, 3450, 4247, 3000, 4433, 6157, 2255, 1898, 1980, 3015, 8382, 3696, 1384, 1321, 2656, 1644, 2569, 3062, 6327, 4873)
(42, 220): Mean: 4282.636, median: 3613.5, std: 2404.135, percent: 4260.12, B: 101, W: 149, 
	(1994, 7425, 5891, 3348, 8116, 4293, 5888, 4422, 2224, 4052, 6848, 4807, 8752, 1811, 5895, 3110, 3648, 14817, 5115, 1840, 6426, 2098, 4691, 2756, 10263, 3903, 6120, 5942, 4750, 3297, 2007, 2535, 1863, 2279, 3242, 1663, 2621, 5968, 4014, 8045, 10746, 3157, 2653, 2254, 2178, 1303, 2781, 2555, 5177, 1894, 1935, 2423, 2531, 3250, 2721, 2193, 4888, 4174, 3482, 2201, 6985, 4863, 7848, 9993, 4070, 4533, 5031, 3050, 1224, 1878, 2232, 2462, 3099, 3464, 2199, 3411, 4563, 6801, 4618, 13845, 1806, 2029, 5059, 2545, 3257, 3075, 2482, 3056, 11501, 10486, 3489, 2891, 2873, 4192, 3454, 1055, 2816, 4048, 4751, 4019, 2803, 2201, 4188, 3624, 2575, 7460, 4278, 4378, 7004, 4435, 6157, 2772, 4864, 5180, 7774, 7295, 1986, 12783, 3433, 3640, 4135, 5726, 11938, 3603, 2998, 2767, 6392, 2304, 3598, 3709, 12229, 6244, 2073, 4863, 2337, 1249, 6960, 4481, 3468, 4096, 2238, 3935, 3982, 6516, 2069, 3137, 3558, 3148, 8769, 3836, 4406, 5623, 3145, 1823, 3310, 2082, 6471, 7589, 4477, 4906, 3992, 5457, 3448, 2563, 3344, 3174, 3038, 6171, 2512, 7661, 3697, 2229, 3037, 1999, 2654, 5908, 6697, 2799, 5169, 3093, 1771, 2878, 1756, 3203, 4641, 4962, 2384, 5947, 12288, 5993, 2958, 1730, 2441, 4999, 8814, 2929, 3964, 7998, 2442, 4182, 2830, 4470, 5000, 4416, 5943, 4455, 2731, 6895, 7625, 4852, 3897, 1514, 2476, 5929, 6317, 1715, 6839, 5762, 2398, 5306, 4784, 7040, 1690, 1408, 3772, 2744, 2090, 4894, 2730, 2012, 5034, 3596, 4507, 3115, 5414, 6333, 2170, 2035, 1992, 3393, 7588, 3358, 1489, 1308, 2599, 1730, 2651, 3162, 5205, 5176)
(43, 226): Mean: 4177.004, median: 3619.0, std: 2299.848, percent: 4203.06, B: 146, W: 104, 
	(2051, 6371, 6478, 3218, 7052, 4856, 5163, 3793, 2027, 3723, 6748, 5434, 7301, 2053, 5475, 3254, 3181, 16862, 5389, 1806, 6053, 2041, 4612, 2531, 9152, 3252, 3948, 4199, 5039, 3794, 1955, 2299, 2046, 2418, 3130, 1742, 2562, 7207, 4490, 7689, 10153, 3243, 2160, 2396, 2167, 1244, 2761, 2627, 5150, 2266, 2111, 2693, 2944, 3893, 3063, 2449, 4910, 4117, 3253, 2263, 6253, 4773, 6180, 9471, 3955, 4832, 4694, 3442, 1226, 1914, 2218, 2661, 3481, 3718, 1985, 3481, 5416, 7916, 3832, 13529, 1593, 1890, 4604, 2677, 3108, 2617, 2883, 2905, 10568, 9648, 4202, 3001, 3050, 3922, 3644, 942, 3073, 4777, 4468, 3879, 2496, 1978, 3886, 3966, 2674, 7032, 4666, 4169, 6341, 3847, 5759, 3039, 5355, 5901, 6836, 6750, 2041, 11436, 3389, 3098, 3746, 5271, 11494, 3278, 3353, 2773, 7465, 2416, 3179, 3453, 8491, 5581, 1842, 4433, 2278, 1315, 8021, 3594, 2826, 3644, 2311, 4443, 3935, 7600, 2035, 3387, 4454, 2659, 6843, 3357, 4434, 4896, 2689, 1633, 3253, 2408, 5773, 6074, 4449, 4390, 3965, 5492, 3770, 2963, 3236, 2981, 3037, 5749, 2375, 8878, 3123, 2225, 2709, 1834, 2315, 5672, 6661, 2475, 4749, 3085, 1661, 2487, 1703, 2939, 6194, 3949, 2412, 5737, 10534, 6694, 2725, 1874, 2530, 5054, 9712, 2768, 4371, 8163, 2633, 4112, 2394, 4605, 4737, 3804, 6530, 4469, 2820, 7016, 9162, 6848, 4096, 1525, 2407, 6095, 6292, 1789, 4770, 5887, 2335, 5206, 4621, 6066, 1519, 1257, 3841, 2382, 2097, 5480, 2874, 2014, 5923, 3387, 3671, 3025, 4622, 5619, 2323, 1932, 1915, 3200, 6623, 3128, 1619, 1320, 2735, 1805, 2720, 3312, 4929, 5139)
(45, 238): Mean: 4145.656, median: 3612.5, std: 2243.682, percent: 4145.52, B: 124, W: 126, 
	(1711, 6552, 5810, 3138, 8599, 4251, 5077, 3821, 1892, 4063, 6012, 5716, 8398, 2236, 6268, 2965, 2797, 13477, 4947, 1656, 6191, 2166, 4077, 2735, 9557, 3673, 4677, 4630, 4562, 3040, 1772, 2224, 1986, 2432, 3162, 1784, 2963, 5531, 4749, 6527, 8399, 2974, 2336, 2195, 1836, 1313, 2652, 2939, 5644, 1788, 1777, 3061, 2763, 3069, 3953, 2194, 4780, 3949, 3425, 2112, 6008, 4147, 7288, 11742, 3941, 4694, 4677, 2724, 1165, 1926, 2379, 2583, 3132, 3609, 1986, 3201, 4492, 7485, 3587, 12634, 1960, 2133, 5153, 2813, 3165, 2981, 2711, 2995, 10486, 7828, 4635, 2948, 2990, 4119, 3539, 1043, 3020, 4695, 5058, 4366, 3380, 2196, 4235, 2895, 2708, 7676, 5119, 4407, 5471, 3885, 6721, 2620, 5368, 6268, 7251, 7709, 1827, 12595, 4081, 2756, 4215, 6113, 12515, 2849, 3028, 2744, 5787, 2744, 3616, 3657, 8750, 4464, 1854, 4463, 2310, 1436, 7075, 4091, 3672, 3804, 2051, 3484, 4500, 9039, 2065, 3078, 4219, 2449, 6588, 3373, 4508, 5015, 2643, 1705, 3185, 2285, 6463, 6461, 4422, 4279, 4000, 5206, 3751, 2417, 3553, 2623, 2970, 5779, 2699, 7629, 3457, 1974, 3267, 1763, 2803, 4637, 5184, 2756, 3829, 2811, 1502, 2520, 1782, 2819, 5330, 5189, 2265, 5788, 10953, 5885, 2612, 1631, 2505, 5698, 7629, 2765, 4505, 7357, 2319, 4177, 2866, 4854, 4493, 4271, 6359, 4859, 2467, 7866, 6616, 6131, 4285, 1644, 2417, 5909, 6093, 1706, 4066, 5914, 2601, 5399, 4878, 7191, 1663, 1385, 3853, 2281, 2112, 4326, 2928, 1779, 6861, 3492, 4397, 2820, 5274, 5787, 2416, 1716, 2250, 2830, 7939, 3257, 1500, 1208, 2280, 1710, 2607, 3213, 5142, 4976)
(49, 260): Mean: 4139.212, median: 3627.0, std: 2243.216, percent: 4070.06, B: 129, W: 120, 
	(1836, 5688, 5510, 3544, 9403, 4344, 5164, 4301, 2073, 3368, 5810, 6038, 8762, 1744, 5953, 3253, 3023, 12187, 5051, 1927, 6395, 1928, 4075, 2650, 10041, 3667, 5247, 5178, 4946, 2976, 1814, 2173, 2257, 2304, 2677, 1642, 2540, 5969, 4674, 7135, 8750, 3901, 1976, 2011, 2187, 1362, 2876, 2998, 4664, 1716, 1761, 2515, 2577, 3367, 3426, 2367, 4744, 3805, 3655, 2355, 6321, 4235, 6846, 8665, 3973, 4626, 4230, 2907, 1235, 1936, 2225, 2515, 3411, 3239, 2013, 3720, 4052, 7193, 3837, 12524, 1960, 2021, 5061, 2389, 3524, 2569, 2633, 3073, 10249, 9211, 3762, 3027, 2935, 3922, 3538, 1097, 3376, 4267, 4823, 4236, 3323, 2094, 4414, 3352, 2485, 7020, 4526, 4410, 7067, 4173, 6557, 3000, 5364, 6134, 6039, 7492, 2056, 13246, 3626, 2758, 4063, 5259, 13556, 2987, 3023, 2473, 7148, 2576, 3106, 4152, 8039, 4648, 1938, 4041, 2048, 1305, 7906, 4481, 3015, 3602, 2214, 3646, 3680, 7787, 1779, 2992, 4141, 2474, 7791, 3818, 4798, 5549, 3114, 1685, 3388, 2254, 6257, 8165, 4327, 4531, 3436, 5122, 3340, 2571, 3165, 3143, 3628, 5558, 2580, 7719, 3578, 2156, 2687, 1944, 2364, 4522, 5989, 2641, 4443, 2867, 1581, 2637, 2100, 3209, 5040, 5133, 1958, 6273, 9101, 6052, 2635, 1685, 2453, 5483, 10033, 2749, 4240, 7871, 2468, 3664, 2697, 3983, 3933, 4637, 6909, 4959, 2837, 7126, 7373, 5843, 3783, 1510, 2545, 5820, 7420, 1803, 4502, 6035, 2315, 5181, 5052, 6132, 1542, 1580, 3726, 2356, 2038, 4210, 2845, 1734, 4744, 3708, 4166, 2541, 5714, 5627, 2246, 1811, 1710, 3072, 7549, 3123, 1691, 1365, 2426, 1911, 2895, 3068, 4988, 5656)

Test:
No precond: Mean: 6003.8, median: 5384.0, std: 2882.442, percent: 5985.86, flag: 1 
	(7980, 5140, 6275, 4746, 9468, 5973, 6768, 4037, 5975, 8547, 9614, 2438, 6474, 4785, 3939, 4518, 4243, 3438, 3754, 3204, 3004, 5910, 6423, 8779, 8628, 3570, 5863, 2860, 9734, 15100, 7719, 5120, 3156, 5567, 4558, 7070, 4320, 3572, 6121, 8406, 10470, 5322, 4642, 5737, 5350, 4953, 3030, 8660, 6578, 6175, 6053, 8825, 2494, 10169, 5923, 4262, 13477, 8834, 12750, 6202, 5106, 6382, 2864, 7901, 5284, 5148, 5951, 8514, 7969, 3897, 3483, 8796, 6882, 13734, 4402, 14796, 8722, 7589, 4959, 6592, 5360, 4429, 12071, 7050, 14160, 7525, 7561, 2871, 8990, 5952, 3461, 4075, 6597, 7990, 11040, 4346, 8063, 4399, 5427, 6842, 6346, 4230, 3601, 2655, 5801, 5701, 6239, 4449, 5984, 12675, 8152, 7711, 3329, 6837, 3698, 8192, 3492, 3933, 6372, 2039, 5725, 4252, 2894, 7101, 5438, 18311, 6240, 2641, 5712, 14862, 3980, 2879, 3006, 2943, 3357, 4196, 9689, 9715, 4612, 7053, 8539, 5005, 5408, 2717, 8503, 6877, 5591, 4342, 4325, 3397, 3108, 6250, 2049, 4930, 7004, 3151, 5178, 5436, 5734, 6142, 9631, 5356, 4305, 1884, 4913, 3965, 1360, 9000, 5074, 6638, 4106, 6358, 7593, 5312, 4316, 4183, 14734, 3807, 6053, 2805, 3737, 3893, 8466, 4886, 5294, 5135, 3352, 10177, 4542, 3086, 2539, 3467, 1333, 4862, 3588, 5155, 2802, 7258, 3820, 5829, 4764, 7356, 7307, 3632, 6253, 3585, 5451, 5537, 15437, 3386, 5490, 11716, 5204, 5147, 8304, 10164, 1947, 8309, 3569, 12353, 7442, 5023, 5626, 4565, 2871, 5425, 3553, 2559, 5604, 9228, 6936, 4762, 3364, 4849, 3358, 5121, 2774, 10914, 11924, 6956, 3546, 5077, 9031, 3235, 3966, 5213, 3052, 4251, 11705, 5885)

Jacobi: Mean: 5107.156, median: 4637.0, std: 2697.753, percent: 4951.46, BvN: 225, WvN: 25, flag: 2 
	(7026, 4191, 4675, 5470, 9214, 4576, 5764, 2828, 4854, 5888, 7276, 1819, 5357, 4016, 3073, 3476, 4519, 3413, 3580, 2585, 2395, 5591, 6543, 8452, 6503, 2673, 6094, 2659, 7122, 15042, 7534, 4566, 2841, 6472, 3895, 5311, 3407, 2693, 3903, 8014, 8108, 4600, 4463, 4588, 5435, 3541, 16883, 8249, 5273, 5178, 5491, 8608, 1739, 6887, 4931, 2961, 10430, 8595, 6838, 5898, 4211, 5338, 2285, 7886, 5270, 4437, 6246, 8790, 4743, 4369, 2345, 7507, 4565, 9512, 3896, 8273, 7542, 7886, 4325, 6392, 4723, 3591, 8730, 4919, 10059, 6237, 5917, 2222, 6910, 5891, 2844, 3510, 4836, 7269, 14101, 4265, 4939, 3500, 4643, 5133, 5098, 3400, 2710, 1969, 4491, 4653, 4800, 3830, 5457, 11283, 6108, 5711, 2732, 4552, 2691, 7883, 2688, 2932, 4678, 1656, 4419, 3371, 2465, 6114, 4705, 11037, 5925, 2409, 4740, 12336, 3057, 1929, 2038, 2505, 2474, 3483, 8410, 6259, 3615, 4913, 6604, 3849, 5598, 2204, 5539, 4743, 4986, 3936, 3034, 2686, 2378, 5918, 1509, 4088, 5799, 2525, 3727, 3883, 5704, 6644, 8060, 5015, 3898, 1632, 4845, 3495, 1123, 6440, 4071, 6460, 2536, 4330, 4464, 4631, 3837, 3359, 14244, 3432, 4887, 2332, 3157, 3698, 6355, 3646, 4105, 4230, 2146, 8251, 3633, 2945, 2136, 2606, 799, 3825, 2345, 4740, 2630, 6834, 2949, 5826, 3569, 7388, 7174, 2960, 4686, 3131, 5009, 5463, 17933, 2643, 5411, 13373, 5718, 4038, 9045, 7552, 1493, 7205, 3100, 13681, 5956, 4380, 4930, 4549, 2289, 4101, 2875, 1923, 5618, 6175, 7067, 4484, 2609, 5762, 2848, 5247, 2146, 8767, 12110, 4160, 3029, 4431, 6493, 2546, 2909, 4747, 2394, 3412, 8498, 4872)

Last: Mean: 4063.092, median: 3733.0, std: 1841.652, percent: 4102.46, BvN: 249, WvN: 1, BvJ: 240, WvJ: 10, flag: 0 
	(4977, 3463, 3491, 3663, 8919, 3986, 5001, 2689, 4288, 5573, 6046, 1560, 4637, 3296, 2567, 3180, 3191, 2714, 2338, 2277, 2066, 4144, 4918, 6529, 5136, 2489, 4915, 2099, 8956, 7712, 5012, 3885, 2062, 4269, 2954, 5234, 2814, 2301, 3857, 6886, 6988, 3188, 3518, 3859, 3851, 3308, 7414, 6533, 3955, 3441, 4399, 7000, 1309, 6440, 4454, 2793, 7710, 6926, 6630, 5290, 4062, 4620, 2021, 5533, 3535, 4581, 5470, 7258, 4740, 3067, 2250, 6137, 4079, 8039, 4351, 7497, 4862, 5621, 3987, 5465, 4611, 2807, 6693, 3797, 8778, 5748, 5099, 1772, 6281, 4483, 2602, 3209, 3468, 6645, 7417, 3579, 3976, 2760, 3087, 4854, 5918, 2981, 2341, 1697, 4610, 4149, 3588, 3381, 4003, 8267, 5352, 3904, 2267, 5149, 2063, 4470, 2231, 2617, 3722, 1207, 3466, 2329, 1573, 4669, 3973, 9015, 4547, 1974, 3559, 8855, 2700, 1828, 1664, 2286, 2018, 2906, 6526, 6101, 3346, 3560, 4446, 3260, 4494, 1692, 5551, 4014, 3359, 3150, 2534, 2334, 1723, 3960, 1074, 3281, 4843, 2038, 3566, 3809, 4590, 4945, 6662, 3697, 3391, 1210, 3610, 2880, 878, 5711, 3446, 5761, 2492, 4799, 3868, 4029, 3127, 3259, 10260, 2929, 4197, 1838, 2820, 3127, 6087, 3072, 3255, 3857, 1851, 6122, 3055, 2141, 1740, 2233, 713, 2837, 2131, 3426, 1892, 4637, 2347, 4686, 3341, 5306, 4265, 2153, 3640, 2593, 4540, 3497, 9207, 2329, 4617, 7880, 3827, 3327, 7096, 6371, 1178, 5821, 2381, 5986, 4264, 3615, 3744, 3596, 1942, 3672, 2547, 1562, 4664, 4187, 4948, 3542, 2116, 3789, 2296, 3752, 1727, 5841, 10114, 4189, 2535, 3208, 6534, 2271, 2852, 3548, 2115, 2923, 6794, 4042)

Best: Mean: 4087.376, median: 3932.0, std: 1943.05, percent: 4003.1, BvN: 249, WvN: 1, BvJ: 238, WvJ: 12, flag: 0 
	(4265, 3884, 3659, 3354, 8729, 3349, 4946, 2666, 5116, 5257, 6446, 1502, 4585, 4277, 2539, 2880, 3619, 2594, 2751, 2074, 2215, 4923, 4821, 5864, 4818, 2637, 4779, 2347, 7473, 13024, 5452, 3957, 2087, 3882, 3098, 3952, 2621, 2290, 3706, 4869, 5936, 3977, 3575, 3815, 3441, 3242, 9326, 6667, 3460, 4124, 4126, 7075, 1306, 6298, 4423, 2743, 7531, 6693, 6255, 5069, 4466, 4362, 1813, 4436, 3247, 4218, 4661, 6764, 3724, 2705, 2268, 5219, 4512, 7714, 3999, 5243, 5624, 4691, 3186, 4812, 4352, 3639, 7441, 4241, 8808, 4251, 7003, 1685, 7266, 5743, 2417, 2802, 3958, 4708, 6886, 2909, 4894, 3311, 3410, 4692, 4878, 3063, 2177, 1835, 5156, 3538, 4307, 3087, 4072, 10051, 5377, 4726, 2082, 5965, 2024, 5100, 2244, 2340, 3213, 1246, 2729, 2705, 2160, 4110, 3705, 8356, 4294, 1882, 3928, 8545, 2376, 1954, 1647, 1812, 1721, 2685, 5963, 5218, 3107, 4328, 5042, 3335, 4607, 1789, 5120, 3987, 3545, 3305, 2234, 2052, 2112, 4183, 1072, 3415, 4998, 1976, 3140, 3653, 4831, 4934, 6253, 4027, 2889, 1384, 4227, 2842, 1019, 5404, 3544, 5166, 2200, 4046, 4293, 4110, 3025, 3009, 11493, 2958, 3981, 1920, 3003, 3075, 5892, 2840, 3184, 4061, 2047, 6407, 2868, 2377, 1631, 2243, 700, 3051, 2264, 3246, 1916, 5117, 2452, 4604, 2875, 5678, 6257, 2545, 3514, 2572, 3936, 4055, 7293, 2382, 4382, 9170, 3953, 3840, 7104, 6267, 1319, 6933, 2322, 7883, 4510, 3292, 4344, 4095, 1817, 3971, 2634, 1691, 3756, 4870, 5488, 3220, 2146, 4061, 2350, 3958, 1640, 6542, 11336, 4729, 2859, 3503, 6407, 2175, 2738, 4374, 2071, 2956, 7575, 4183)

Last Coef List
{1: array([-0.03986424]), -1: array([-0.04501325])}

Best Coef List
{1: array([-0.04020707]), -1: array([-0.03649502])}

Run time: 11718.761128024198


22/04/2026, 17:47:02
Config file: ./config/config_sign_1_65.ini
Data:
	1d_laplace_size: 65
	amount: 250
	dist_type: uniform
	params: 1 0.45
	seed: 1
	dim: 4225
Solver:
	tol: 1e-10
	max_iteration: 100000
Learn:
	iteration_count: 50
	step_range: 0.1
	method: sign
	seed: 1
	change_scales: 1 0.5 0.25
	allow_disimprovement: True
	median_best_scale: 0.5
	mean_best_scale: 0.5
	flag_count_limit: 0
Precondition:
	dist_type: normal
	params: 0 0.05
	par_list: 1 1
	diag_list: 1 -1
	num_coef: 2
	type: diag_shift
	diag: jacobi
	sym: False

Train:
(0, 4): Mean: 8773.172, median: 7504.0, std: 5189.707, percent: 8578.58, B: 250, W: 0, 
	(7927, 6144, 6335, 4475, 4389, 8640, 7892, 7704, 5882, 4516, 4754, 11654, 14315, 5239, 6223, 3992, 11270, 8045, 6898, 4886, 19135, 4918, 11968, 11695, 10439, 7879, 7238, 7888, 12422, 5689, 7037, 8976, 7367, 2838, 21728, 10488, 7240, 23540, 9704, 3488, 2833, 7859, 9954, 3778, 8869, 10416, 4389, 1451, 1928, 6400, 6785, 6261, 5366, 8621, 5161, 4426, 2910, 7843, 9475, 7501, 5561, 6211, 3619, 18221, 4983, 7882, 5895, 6625, 13105, 10395, 4130, 4629, 4858, 8669, 8220, 11999, 6950, 8050, 6479, 2700, 5543, 9748, 5066, 3344, 8558, 10163, 22883, 5797, 5304, 10307, 4570, 6466, 8194, 16093, 4385, 7748, 18085, 8253, 10427, 3957, 15173, 7482, 3230, 11562, 7374, 3951, 5313, 9803, 7507, 12318, 6302, 17111, 8482, 4860, 3249, 15818, 13085, 21520, 18717, 7094, 9576, 5884, 20737, 13025, 12613, 17670, 2570, 7267, 4357, 3846, 31041, 6067, 14111, 12470, 4421, 6364, 11907, 8438, 9480, 4306, 10674, 6078, 2602, 16273, 6112, 20400, 5717, 18099, 7415, 8387, 4075, 5761, 3181, 9297, 7473, 6851, 7640, 12540, 13422, 11326, 7815, 4652, 9076, 9271, 13982, 8054, 3539, 6372, 8609, 8954, 7532, 4735, 5001, 4953, 13370, 6577, 7295, 6503, 13399, 12233, 13191, 13433, 11489, 7926, 5602, 11525, 5603, 12530, 4894, 6178, 7212, 15851, 4440, 12802, 4503, 15001, 2886, 7719, 26736, 11784, 6185, 5409, 4519, 8911, 15005, 11119, 6082, 3640, 5216, 5270, 9441, 37365, 3713, 6058, 7668, 4832, 7246, 3005, 9560, 6098, 6957, 17695, 5114, 30146, 8904, 10313, 5088, 6955, 6465, 6809, 10691, 6365, 10027, 21085, 8749, 7080, 7905, 3257, 10650, 8779, 3546, 4971, 11153, 13047, 9902, 3155, 11653, 3865, 16660, 8159)
(1, 6): Mean: 7829.572, median: 6748.0, std: 4603.765, percent: 7547.14, B: 205, W: 45, 
	(6760, 5815, 5867, 4351, 4171, 10205, 6577, 7724, 5607, 4326, 5422, 9836, 10738, 5541, 6602, 4297, 9866, 6746, 7608, 3614, 16506, 4002, 8570, 7713, 6993, 6734, 7911, 7403, 12921, 4963, 5884, 6892, 6193, 2586, 19439, 7812, 5485, 18636, 10585, 2863, 2779, 7108, 7724, 3333, 7005, 9143, 3756, 1346, 1824, 7604, 6309, 5995, 5168, 7071, 5197, 4146, 2460, 7298, 7825, 6830, 5232, 5611, 3052, 18226, 5448, 6209, 6094, 6243, 12940, 8015, 4473, 4188, 4766, 7218, 7614, 10902, 7073, 6809, 5570, 2416, 5417, 10483, 4070, 3592, 6393, 10745, 12909, 6718, 5233, 8550, 3990, 5187, 6968, 25521, 3707, 6254, 16906, 7490, 8673, 3642, 9592, 6860, 3367, 9737, 6941, 3836, 6778, 8408, 6436, 12620, 5305, 15713, 8124, 3747, 2990, 14343, 12322, 21554, 12760, 6603, 7663, 5662, 21409, 12161, 11102, 13092, 2491, 6359, 4379, 3535, 23321, 5391, 10717, 10210, 4062, 4508, 9523, 7374, 7580, 3889, 8626, 5471, 2296, 18093, 5048, 16713, 5028, 18306, 5756, 7958, 4813, 4529, 3154, 7787, 6495, 6373, 7234, 14717, 13884, 10747, 6581, 4517, 7749, 10537, 11944, 7500, 3504, 6191, 9118, 8218, 5657, 3874, 4770, 4756, 16235, 6767, 6504, 6267, 11518, 8776, 7071, 12316, 9749, 6607, 4700, 8971, 4902, 9437, 4397, 5798, 5905, 12171, 3525, 12757, 4784, 13704, 2758, 8434, 22601, 10782, 6961, 4041, 4213, 8232, 13433, 9923, 4676, 3775, 4062, 5041, 8928, 28544, 3549, 5619, 6982, 5061, 6562, 2386, 7216, 3715, 6412, 17065, 5097, 30878, 7156, 11019, 3700, 6063, 6902, 5613, 10078, 5963, 9617, 14075, 7416, 5583, 6223, 3140, 8463, 6938, 3211, 4126, 9419, 11504, 8765, 2871, 10630, 3565, 16156, 6750)
(2, 8): Mean: 5815.788, median: 4954.0, std: 3469.845, percent: 5804.68, B: 243, W: 7, 
	(5373, 3658, 4672, 2706, 3003, 7320, 4599, 5722, 3998, 3205, 3379, 7647, 9515, 3662, 4993, 3388, 7559, 4702, 5654, 2990, 11536, 2784, 7876, 6812, 4581, 4791, 5718, 7086, 9348, 4504, 4490, 5532, 4454, 1995, 15028, 6481, 4751, 14876, 7510, 2101, 2319, 5818, 6736, 2056, 4727, 6338, 2848, 965, 1659, 5044, 4918, 4219, 3639, 5159, 4473, 4245, 2011, 5689, 5613, 5060, 4062, 3578, 2049, 12040, 3457, 4651, 5270, 4900, 9432, 6619, 3327, 3080, 3049, 5296, 5158, 7672, 4998, 7090, 4091, 1508, 4325, 7571, 3588, 2982, 5278, 6014, 10493, 4253, 4187, 6895, 3150, 4182, 5292, 11493, 2185, 4520, 11461, 5178, 6896, 2717, 10699, 4840, 2242, 5905, 3945, 3003, 4433, 6546, 3836, 9035, 2882, 11178, 4344, 2949, 2496, 11958, 10088, 11059, 12643, 4597, 6690, 3758, 12244, 9224, 7195, 9102, 1838, 4542, 3066, 2453, 12934, 4562, 11826, 8031, 3157, 3419, 7914, 5767, 6409, 2895, 8557, 3793, 1440, 12604, 3599, 13714, 3771, 13643, 4854, 5689, 3606, 3349, 2436, 4990, 4387, 3336, 4918, 10066, 8077, 7400, 5247, 3049, 5356, 6660, 7625, 6096, 2102, 4360, 5588, 7376, 4430, 3132, 2831, 4486, 9743, 5531, 6557, 4902, 8033, 7455, 7066, 10347, 9566, 4355, 3656, 8187, 3521, 8173, 3128, 4028, 5144, 8624, 2718, 10025, 2774, 9303, 2032, 5266, 14165, 8978, 4542, 3264, 3103, 5997, 11434, 7592, 3661, 2342, 3648, 3703, 6470, 32903, 2685, 5296, 4779, 3269, 5319, 2262, 6478, 3757, 4747, 9530, 3840, 21607, 6912, 7711, 2890, 4422, 6042, 3987, 7905, 4433, 6734, 8380, 5034, 5373, 4993, 2345, 7264, 5539, 2538, 3755, 5794, 8952, 6383, 2280, 7377, 2988, 8943, 3675)
(3, 9): Mean: 4708.316, median: 4083.0, std: 2588.199, percent: 4686.72, B: 237, W: 13, 
	(3629, 2882, 3728, 2098, 2424, 6205, 4613, 4643, 3383, 2671, 2566, 5758, 5784, 3106, 3969, 2579, 5288, 3742, 4226, 2557, 10414, 2454, 5998, 6081, 4082, 4896, 5645, 6237, 5988, 3255, 3834, 4353, 3959, 1737, 11457, 5275, 3530, 12439, 6220, 2016, 2044, 4335, 4846, 1935, 4664, 5686, 2500, 820, 1197, 3939, 3542, 3589, 2903, 4349, 3152, 2543, 1419, 4433, 4697, 3673, 3115, 2978, 1925, 8937, 2663, 3613, 4152, 3491, 8161, 6260, 2679, 2702, 2672, 4369, 3832, 6415, 3219, 4588, 3226, 1499, 3285, 6802, 2954, 2554, 3709, 4793, 10553, 3597, 3424, 4979, 2401, 3714, 4432, 11978, 1983, 3843, 8011, 3341, 4998, 2081, 8043, 4076, 1967, 5517, 3855, 2368, 3641, 5008, 3631, 6845, 2861, 8290, 4538, 2482, 1838, 9446, 7871, 10484, 10526, 3457, 4413, 3071, 10918, 7583, 7218, 7203, 1519, 3819, 2966, 2048, 8527, 4128, 8340, 6029, 2432, 3018, 5887, 3712, 6917, 2668, 5774, 3957, 1160, 12866, 2976, 11183, 3080, 12704, 3795, 4796, 2736, 2533, 1779, 4393, 3661, 3654, 4310, 7474, 7881, 5303, 5607, 2663, 4339, 5690, 7459, 5183, 1769, 4040, 5707, 6185, 4121, 2650, 2594, 3099, 8886, 4569, 4177, 3800, 5728, 5770, 5660, 7576, 6549, 4212, 2944, 6755, 3336, 6173, 2543, 3624, 4112, 6985, 2227, 6607, 2640, 7791, 1649, 4542, 12033, 6989, 3543, 2346, 2585, 5358, 8578, 6425, 3099, 2156, 2896, 3078, 4932, 17295, 2132, 3588, 4519, 2904, 4162, 1869, 4240, 2990, 4403, 8271, 3078, 16443, 5761, 6307, 2754, 4413, 4551, 3485, 5625, 3991, 5558, 7248, 5171, 4084, 3967, 1842, 5072, 4483, 2038, 2722, 5140, 5632, 4968, 1662, 6194, 2626, 7421, 3401)
(5, 21): Mean: 4697.888, median: 4060.5, std: 2538.534, percent: 4831.26, B: 126, W: 124, 
	(4057, 2957, 3413, 2455, 2538, 7121, 3974, 5012, 2957, 2661, 3157, 5747, 6026, 2847, 4065, 2562, 5747, 4025, 4523, 2472, 9939, 2911, 5922, 5468, 3966, 4192, 4458, 5711, 7644, 3748, 3754, 3745, 3353, 1745, 11524, 5208, 3323, 11168, 6341, 1887, 1962, 4679, 4885, 1761, 3820, 5698, 2337, 774, 1072, 4771, 4109, 3860, 2774, 4752, 3122, 2835, 1445, 4376, 4755, 3323, 2874, 3198, 1758, 8552, 2852, 3385, 4184, 3501, 7482, 4969, 2437, 2999, 2998, 4686, 4074, 6036, 4312, 4393, 2824, 1334, 3641, 5984, 2686, 2167, 3913, 5466, 10050, 3516, 3262, 5053, 2045, 3282, 4797, 10102, 2217, 3879, 8088, 3691, 5687, 2367, 9804, 3702, 1845, 5872, 4347, 2387, 3037, 5169, 3719, 5052, 3176, 9280, 4622, 2523, 1745, 8806, 8147, 8778, 8510, 3568, 5126, 3014, 8365, 8780, 7533, 7972, 1651, 3693, 2902, 2114, 10189, 3733, 7714, 5249, 2461, 2812, 5351, 4624, 6108, 2529, 6592, 3764, 1396, 10348, 2898, 11477, 3553, 10998, 3764, 8780, 3292, 3036, 1856, 5086, 3758, 3198, 4342, 8846, 6844, 5896, 3949, 2378, 4751, 5094, 7975, 5302, 1908, 4122, 4800, 5526, 4368, 2579, 2255, 3499, 8417, 4330, 3979, 3981, 5592, 6140, 5393, 7503, 7247, 4119, 2462, 5809, 3247, 6422, 2778, 3587, 4135, 7431, 2054, 7265, 2695, 7701, 1594, 5551, 12971, 6666, 3053, 2292, 3017, 5394, 8337, 5774, 3129, 1879, 3006, 3077, 5860, 19106, 2610, 3914, 3603, 2783, 3795, 1776, 5027, 3046, 4064, 7698, 3209, 15802, 5498, 7152, 2960, 4472, 4527, 4005, 5867, 3895, 5109, 6863, 5215, 3982, 4581, 1752, 5610, 5401, 1902, 2611, 5171, 6379, 4257, 1766, 5541, 2393, 7489, 3341)
(6, 24): Mean: 4513.128, median: 3862.0, std: 2390.879, percent: 4485.12, B: 156, W: 94, 
	(4169, 3349, 3746, 2097, 2624, 5385, 3430, 4325, 3052, 2716, 2845, 6531, 5460, 3711, 3902, 2850, 6519, 4231, 4807, 2221, 9001, 2770, 5461, 4858, 4566, 4573, 4778, 5914, 5392, 2901, 4489, 4482, 3342, 1607, 10719, 4586, 3778, 10371, 4963, 1780, 1928, 3712, 4642, 1733, 3859, 4936, 2300, 835, 1127, 3589, 3191, 3676, 2646, 4128, 2773, 2662, 1404, 4625, 4460, 3035, 2846, 3205, 1881, 8831, 2924, 3347, 3852, 3680, 6072, 4904, 2293, 2599, 2588, 4204, 3648, 6211, 3779, 4160, 3007, 1272, 3665, 5891, 2735, 2231, 4525, 5436, 10631, 3241, 3498, 5359, 2445, 3638, 3965, 10464, 1957, 3797, 8623, 3497, 5579, 2217, 8647, 3658, 1725, 5487, 3699, 2166, 3135, 5254, 4107, 7303, 2914, 9134, 5422, 2367, 2016, 7847, 6512, 10609, 10005, 3426, 5217, 2778, 10772, 6540, 6408, 8119, 1615, 3474, 2492, 2170, 8329, 3340, 6602, 6103, 2239, 2886, 4786, 4222, 5839, 2491, 5698, 3250, 1168, 8451, 3558, 9635, 2752, 10936, 3175, 5026, 2805, 2824, 1921, 4620, 3197, 3353, 3741, 6886, 6621, 6350, 3826, 2155, 4972, 4807, 6910, 4694, 1947, 3357, 4769, 4656, 3663, 2610, 2681, 3198, 7892, 4780, 3936, 3779, 7024, 6151, 5463, 7815, 6930, 3865, 3167, 5684, 2790, 6394, 2375, 3797, 4218, 6482, 2238, 5943, 2723, 8749, 1564, 4770, 12426, 6653, 4136, 2372, 2780, 6392, 7686, 7197, 3253, 2097, 2515, 2737, 4574, 15010, 2076, 3283, 4502, 2590, 3772, 1702, 3885, 2532, 3622, 7151, 3431, 16385, 4470, 6132, 2400, 3787, 4868, 3021, 5224, 4199, 4859, 7121, 4369, 4133, 4398, 1959, 5017, 5042, 1825, 2348, 5424, 7001, 5048, 1690, 6854, 2244, 7587, 3648)
(7, 30): Mean: 4246.12, median: 3704.0, std: 2288.457, percent: 4085.58, B: 176, W: 74, 
	(3797, 2841, 3684, 2255, 2098, 5149, 3729, 4200, 3220, 2701, 2371, 4864, 6424, 3150, 3543, 2765, 5117, 3584, 4138, 2224, 7712, 2371, 5607, 4898, 3685, 4415, 4289, 4594, 6269, 3023, 4089, 3516, 3551, 1488, 8775, 5219, 3078, 11848, 5468, 1803, 1890, 4034, 5163, 1439, 4340, 4738, 2204, 759, 1068, 4015, 3234, 3366, 2511, 3841, 3188, 2647, 1278, 3954, 3986, 2820, 3041, 2433, 1950, 9020, 2390, 3109, 3862, 3288, 6552, 5350, 2650, 2456, 2456, 4897, 3375, 5183, 3653, 4644, 2844, 1331, 3368, 6499, 2325, 2225, 4143, 5216, 8989, 3177, 3112, 4899, 2339, 3899, 3796, 8840, 1883, 3500, 8064, 3648, 4882, 2215, 7701, 3646, 1877, 4420, 3249, 2069, 3214, 5313, 2945, 6480, 2990, 7979, 4121, 2185, 1939, 7099, 6091, 11946, 8125, 3638, 4393, 3015, 9147, 5812, 6849, 7192, 1348, 3943, 2335, 1895, 9721, 3063, 8178, 5823, 2099, 3086, 5399, 4040, 5168, 2474, 5352, 3667, 1174, 7719, 3026, 9267, 2965, 9650, 3103, 3984, 2492, 2695, 1830, 4451, 2949, 2940, 4160, 7737, 6492, 5910, 4379, 2210, 4295, 4569, 5723, 4289, 1567, 3299, 4207, 4791, 3383, 2163, 2290, 3336, 6535, 4599, 3241, 3074, 5721, 5556, 4992, 6418, 6386, 4020, 2457, 4584, 2822, 5580, 2156, 3040, 3884, 6558, 1929, 5824, 2485, 7644, 1528, 4769, 10218, 5617, 3163, 2313, 2547, 4718, 8497, 5599, 3012, 1840, 2536, 2873, 4027, 16114, 1943, 3350, 3723, 2407, 3293, 1657, 4756, 2520, 3957, 7890, 3240, 16662, 4847, 5119, 2417, 3333, 4368, 2993, 4463, 3655, 4505, 5777, 3850, 3609, 3655, 1595, 5124, 4339, 1744, 2933, 5011, 5770, 4659, 1714, 4841, 2418, 7647, 3269)
(9, 40): Mean: 4152.312, median: 3559.0, std: 2355.121, percent: 4094.5, B: 147, W: 102, 
	(3520, 3071, 3402, 1908, 2143, 4678, 3820, 3456, 2786, 2312, 2618, 4927, 5642, 2795, 3145, 2382, 5718, 3560, 4180, 2066, 8082, 2120, 6360, 4716, 3646, 4342, 4588, 4437, 6129, 3114, 3108, 3604, 3544, 1573, 9317, 5445, 3027, 10178, 5635, 1648, 1693, 4272, 5233, 1456, 4250, 4845, 2046, 682, 1076, 3382, 3402, 3279, 2834, 3410, 3091, 2441, 1302, 3912, 4229, 2801, 2635, 2709, 1836, 8750, 2522, 3298, 3499, 2574, 6708, 4939, 2431, 2415, 2679, 4154, 3854, 5035, 3120, 4210, 2879, 1243, 3287, 6085, 2288, 1980, 4006, 4782, 9653, 2842, 2701, 3836, 2295, 3302, 3854, 8989, 1743, 3776, 7893, 3590, 5039, 2186, 6656, 3101, 1696, 4863, 2956, 2120, 3789, 4810, 3375, 5627, 2754, 8721, 4218, 2224, 1743, 7100, 6687, 7877, 7433, 3090, 4615, 3215, 9462, 6006, 5033, 6426, 1318, 3760, 2542, 1890, 8140, 3126, 8186, 5184, 2369, 2728, 5204, 4228, 5039, 2371, 4720, 3345, 1170, 8974, 2491, 10389, 2331, 10682, 3122, 5235, 2553, 2832, 1772, 4412, 2946, 3421, 3367, 6484, 7309, 5380, 3733, 2224, 3872, 5104, 5530, 4045, 1772, 3737, 3558, 4742, 3703, 2190, 2221, 3057, 8799, 3919, 3202, 3416, 5243, 4305, 4757, 8622, 5875, 3714, 2468, 4695, 2532, 6121, 2498, 3308, 3314, 5723, 1953, 6463, 2438, 6241, 1408, 4387, 9799, 5366, 3269, 2134, 2294, 4797, 7607, 6052, 3359, 1760, 2807, 2717, 3378, 21074, 1927, 3648, 3969, 2484, 3057, 1657, 4043, 2800, 3597, 8250, 3291, 14444, 4497, 5051, 2259, 3517, 4711, 2934, 4884, 2907, 4516, 7184, 3931, 3642, 3354, 1713, 4059, 4276, 1651, 2583, 4160, 4965, 4055, 1614, 5203, 2344, 7784, 3203)
(10, 41): Mean: 4086.952, median: 3533.0, std: 2110.984, percent: 4059.2, B: 127, W: 122, 
	(4169, 2580, 3182, 2034, 2446, 4858, 3440, 3951, 2886, 2687, 2722, 5524, 4825, 2702, 3116, 2754, 5478, 4063, 3499, 2231, 8645, 2238, 5374, 5462, 3798, 4324, 4538, 5161, 5331, 2651, 3495, 3619, 3030, 1533, 8325, 4793, 3005, 9751, 5507, 1802, 1693, 3814, 5061, 1535, 4226, 5318, 2271, 763, 1025, 3812, 3261, 3614, 2622, 3884, 2755, 2674, 1340, 3715, 4077, 2944, 2760, 2328, 1774, 9027, 2776, 3342, 3719, 3196, 6255, 4345, 2353, 2445, 2647, 4143, 3234, 5337, 3417, 4360, 2885, 1169, 3420, 5222, 2593, 2378, 4143, 4696, 11139, 3112, 3093, 4872, 2076, 3461, 4436, 8114, 1942, 3718, 7853, 3471, 4213, 2321, 8006, 3703, 1961, 4601, 3486, 2132, 3213, 4081, 3431, 6245, 2690, 8718, 4147, 2620, 1813, 8902, 6804, 8527, 8351, 3234, 4559, 2635, 7758, 5989, 5958, 6840, 1423, 3559, 2556, 1724, 7359, 3442, 7116, 5060, 2208, 2994, 4265, 3461, 4084, 2322, 4730, 3790, 1376, 6977, 2776, 8296, 2528, 8569, 3284, 4215, 2433, 2288, 1717, 4688, 3227, 2833, 3382, 6633, 6588, 5164, 3740, 1982, 3886, 5502, 5579, 3759, 1837, 3307, 4175, 4180, 3273, 2475, 2140, 3044, 6594, 3448, 3464, 3030, 5486, 4523, 4527, 8238, 5974, 3640, 2391, 4846, 2607, 5106, 2320, 3150, 3525, 7345, 1937, 5012, 2488, 5830, 1635, 4514, 9653, 6459, 3541, 1989, 2190, 4732, 7523, 5810, 3000, 1655, 2607, 3083, 4379, 15427, 1917, 2913, 3400, 2902, 3469, 1712, 4106, 2452, 2827, 6959, 2858, 13397, 4067, 5609, 2365, 3350, 4154, 3185, 5794, 3942, 4736, 7277, 3786, 4099, 3043, 1661, 4755, 4245, 1436, 2798, 3996, 5579, 3893, 1730, 5634, 1949, 7411, 2586)
(13, 59): Mean: 4102.656, median: 3585.5, std: 2153.562, percent: 4065.84, B: 129, W: 121, 
	(3700, 2792, 3508, 2038, 2213, 4421, 4140, 3830, 3077, 2676, 2512, 5257, 5398, 2691, 3412, 2287, 5876, 3825, 3904, 2108, 7350, 2573, 5705, 5287, 3532, 4075, 4693, 4555, 5817, 2783, 3540, 3451, 3722, 1452, 9863, 4970, 3057, 10159, 5012, 1793, 1727, 4586, 5507, 1530, 4161, 5386, 2213, 759, 948, 3777, 3449, 3252, 2660, 3871, 2678, 2451, 1359, 3765, 4025, 3031, 2652, 2550, 1793, 9735, 2786, 3042, 3356, 2625, 7012, 4144, 2110, 2384, 2595, 3843, 3457, 5528, 3293, 4508, 2939, 1258, 3133, 4200, 2426, 2157, 3419, 5055, 10577, 3119, 2659, 3951, 2470, 3138, 3892, 9020, 1728, 3469, 7464, 3341, 4766, 2135, 8213, 4003, 1797, 4532, 3137, 1988, 3294, 4598, 3457, 5802, 2527, 9066, 4104, 2130, 1663, 6870, 7253, 8200, 8822, 3393, 4888, 2917, 8635, 6567, 6022, 5805, 1203, 3660, 2311, 1929, 8608, 3188, 8335, 4953, 2254, 2954, 5302, 3579, 5055, 2174, 4960, 3279, 1110, 8308, 2855, 8301, 2661, 9001, 3469, 4937, 2998, 2279, 1815, 3948, 3026, 3648, 3282, 6122, 6002, 5171, 4422, 2340, 3626, 4688, 5624, 4650, 1599, 2965, 3947, 4175, 3660, 2437, 2282, 2635, 6405, 3947, 3626, 2832, 5338, 4532, 4523, 7325, 6020, 3528, 2383, 4933, 2977, 5853, 2204, 3170, 3841, 7234, 2056, 6132, 2476, 7070, 1476, 4711, 9384, 4720, 3839, 1971, 2365, 4711, 8098, 6274, 2786, 1698, 2433, 2996, 4938, 14255, 1884, 3150, 3405, 2192, 3545, 1388, 4496, 2741, 3569, 6339, 3078, 14337, 3973, 5570, 2316, 3365, 3774, 2989, 4468, 3592, 4192, 6683, 4006, 3395, 4492, 1599, 4713, 4198, 1647, 2440, 4004, 6062, 4684, 1562, 5853, 2018, 6857, 2700)
(16, 76): Mean: 4090.592, median: 3581.0, std: 2153.875, percent: 4102.56, B: 129, W: 121, 
	(3182, 2809, 3462, 1951, 2154, 5435, 4535, 4142, 2943, 2257, 2268, 5085, 5098, 3261, 3590, 2573, 5858, 3036, 4034, 2060, 8871, 2409, 6062, 5206, 3513, 4211, 4272, 5167, 5872, 2587, 4046, 4474, 3185, 1359, 8935, 4889, 2996, 9598, 5041, 1617, 1639, 3845, 5149, 1549, 3615, 5363, 2197, 713, 961, 3607, 3337, 3649, 2432, 3438, 2975, 2434, 1322, 3950, 4236, 2941, 2469, 2748, 1693, 7082, 2962, 3502, 3913, 2747, 6363, 4159, 2111, 2501, 2192, 3668, 3710, 5259, 3727, 3935, 2823, 1184, 2858, 5913, 2368, 1984, 4122, 4415, 8695, 3344, 2718, 4329, 2370, 3460, 4126, 8644, 1922, 3531, 8602, 4236, 4886, 2193, 7628, 3366, 1768, 4730, 2698, 2230, 3015, 4055, 3854, 5883, 2822, 8337, 4813, 2321, 1758, 7942, 6046, 8309, 8956, 3077, 5085, 3033, 8242, 5892, 5607, 7103, 1248, 4294, 2446, 1735, 9041, 2945, 6254, 6087, 2283, 2917, 4970, 3554, 4210, 2381, 5683, 3392, 1268, 7929, 2955, 8806, 2873, 10113, 3493, 4284, 2837, 2923, 1595, 4787, 3341, 3229, 3684, 6732, 6476, 5437, 4000, 2213, 3965, 4616, 5623, 4349, 1567, 3292, 3755, 4023, 3096, 2215, 2353, 2694, 7718, 3829, 3572, 3106, 4437, 4867, 3774, 7790, 5003, 4114, 2527, 4598, 2946, 5723, 2544, 3218, 3287, 7159, 2078, 6344, 2275, 6784, 1580, 3555, 7963, 6063, 2961, 2385, 2127, 4503, 6027, 5268, 3190, 1900, 2654, 2711, 4131, 15804, 2087, 3055, 3249, 2465, 2762, 1668, 3804, 2568, 3535, 6452, 2588, 15187, 4444, 6091, 2014, 3431, 5031, 3531, 5054, 2884, 4119, 7671, 4199, 3350, 3683, 1667, 4596, 4317, 1537, 2513, 4129, 6112, 4389, 1432, 5324, 2310, 6820, 2673)
(23, 117): Mean: 4077.988, median: 3567.0, std: 2196.113, percent: 3937.16, B: 131, W: 119, 
	(3097, 2621, 3160, 2071, 2105, 5423, 3733, 3715, 3160, 2400, 2307, 5563, 6133, 3289, 3182, 2618, 5950, 3481, 4363, 2166, 9026, 2475, 5841, 5115, 3629, 3358, 4350, 4941, 4820, 2925, 3107, 3832, 3940, 1512, 9379, 5345, 3085, 10188, 5960, 1739, 1859, 4514, 4615, 1664, 3669, 4966, 2035, 705, 1016, 3687, 3605, 3673, 2689, 3891, 2919, 2720, 1229, 4463, 3844, 2787, 2809, 2329, 1562, 8033, 2695, 3332, 3466, 2627, 5286, 4553, 2185, 2772, 2308, 4038, 3354, 5866, 3527, 3484, 2601, 1255, 3206, 5240, 2609, 1957, 3442, 4220, 8056, 2901, 3374, 4493, 2220, 3285, 4074, 9129, 1834, 3359, 7368, 3559, 4816, 2398, 8239, 3427, 1637, 4455, 3163, 1929, 2909, 4395, 3032, 5918, 2609, 8035, 4300, 2383, 1726, 6661, 5133, 8132, 7979, 3182, 4445, 2825, 8645, 6374, 5215, 7917, 1276, 3925, 2300, 1777, 7845, 3398, 6911, 5439, 2285, 3683, 5490, 3770, 4092, 2139, 5497, 3751, 1299, 9071, 2875, 9426, 2540, 10686, 3335, 4679, 2628, 2487, 1678, 4534, 3816, 3223, 3807, 7291, 4738, 5146, 4131, 2012, 3460, 4151, 5618, 4158, 1614, 3235, 4345, 5659, 3756, 2149, 2325, 3322, 7758, 3369, 3429, 2718, 4882, 4399, 4762, 6937, 4193, 3907, 2176, 4873, 2647, 5456, 2135, 3381, 4137, 6447, 1995, 5394, 2301, 6687, 1488, 3537, 10175, 5555, 3242, 1945, 2159, 4469, 7348, 5058, 3199, 1767, 2801, 2916, 4237, 16846, 2004, 3215, 3642, 2285, 2951, 1641, 4068, 2471, 3399, 6377, 2459, 15340, 4222, 5654, 2217, 3145, 4293, 3315, 4225, 3529, 4417, 7225, 3906, 4145, 3575, 1717, 4733, 4214, 1695, 2613, 3902, 5947, 4275, 1660, 5526, 2493, 6815, 2749)
(24, 122): Mean: 4085.22, median: 3492.5, std: 2189.665, percent: 4073.86, B: 129, W: 121, 
	(2924, 2625, 3359, 2111, 2509, 5433, 3799, 3482, 3275, 2696, 2445, 4152, 5312, 3154, 3359, 2286, 6168, 4304, 3885, 2308, 8617, 2378, 5235, 4369, 3344, 4569, 4094, 4750, 6737, 2937, 3165, 3303, 3569, 1452, 9167, 4921, 2951, 10957, 6205, 1726, 1742, 4614, 5900, 1533, 4247, 4636, 2296, 761, 970, 3837, 3107, 3014, 3062, 3396, 2810, 2374, 1404, 3495, 3350, 3394, 2668, 2408, 1724, 7465, 2267, 3643, 3490, 2850, 5918, 5019, 2274, 2382, 2495, 3875, 3243, 4973, 3103, 4064, 3064, 1347, 3230, 5253, 2405, 2184, 3385, 4881, 9944, 2799, 2644, 4523, 2196, 2982, 3751, 9176, 1813, 3581, 7578, 4054, 5032, 2014, 8609, 3306, 1595, 4164, 3386, 1920, 3147, 4627, 3496, 6127, 2936, 8394, 3949, 2245, 1699, 8168, 7378, 7505, 10892, 3205, 4338, 3030, 9522, 6653, 6155, 8465, 1313, 3977, 2278, 1952, 8410, 3043, 6920, 5285, 2199, 3198, 5260, 3906, 4320, 2322, 4311, 3304, 1147, 8309, 2823, 9175, 2879, 8403, 5099, 4396, 2923, 2371, 1830, 3757, 3171, 3075, 3296, 6299, 6876, 4686, 3426, 2211, 4170, 5244, 4955, 4053, 1793, 3419, 4005, 4379, 3646, 2205, 2237, 3070, 5763, 3728, 3778, 3356, 6348, 5479, 3996, 6012, 5352, 4281, 2702, 4208, 2600, 5717, 2033, 3081, 3372, 6333, 2015, 5686, 2297, 7310, 1393, 4518, 8493, 5605, 3656, 1909, 2169, 4840, 6062, 5785, 2728, 1724, 2808, 2667, 3326, 16144, 1849, 3486, 3561, 2244, 3349, 1491, 3808, 2642, 3304, 6060, 3237, 14006, 4418, 5366, 2106, 3453, 4793, 2972, 5158, 3715, 4141, 6866, 3514, 3622, 3866, 1827, 4369, 4284, 1524, 2792, 4175, 5389, 4131, 1561, 4388, 2077, 8147, 2432)
(28, 144): Mean: 4061.68, median: 3628.5, std: 2092.828, percent: 3995.38, B: 120, W: 130, 
	(3266, 3039, 3280, 1929, 2090, 4599, 3935, 3522, 3340, 2906, 2641, 5072, 4707, 3071, 3182, 2769, 5302, 3841, 3699, 2262, 8810, 2401, 6769, 4662, 3796, 4039, 4346, 4749, 4839, 2856, 2852, 3517, 3085, 1418, 9191, 5381, 3004, 11426, 5833, 1674, 1787, 3835, 4962, 1527, 3986, 4799, 2231, 714, 1079, 3784, 3619, 3647, 2601, 4158, 2554, 2487, 1191, 3493, 3906, 3297, 2711, 2353, 1610, 7269, 2437, 3191, 3591, 2811, 5756, 4692, 2571, 2485, 2541, 3891, 3957, 4640, 3678, 3831, 3334, 1325, 3090, 4593, 2407, 2042, 4675, 5018, 10903, 2613, 2947, 4409, 2230, 2956, 3960, 10090, 1891, 3298, 7936, 3854, 5214, 1964, 8064, 3469, 2036, 4720, 3549, 2052, 3116, 5183, 3352, 5703, 2913, 7687, 4647, 2219, 1697, 7737, 5355, 7982, 8012, 2889, 4785, 3227, 8312, 6249, 6499, 5841, 1337, 4160, 2113, 1988, 6819, 3481, 7602, 7140, 2446, 2800, 4636, 3392, 4821, 2462, 5120, 3185, 1223, 7264, 2759, 8822, 2858, 8803, 2945, 4479, 2537, 2296, 1556, 3972, 3052, 3036, 3469, 6920, 5736, 4748, 3641, 2258, 4444, 4738, 5372, 4321, 1684, 3690, 4186, 4118, 3404, 2087, 2566, 3074, 6715, 4382, 3638, 3214, 4944, 4801, 4677, 8287, 4896, 3680, 2251, 4997, 2710, 5190, 2112, 3058, 3170, 7083, 2152, 6101, 2253, 7311, 1437, 4338, 9643, 5722, 3566, 1771, 2597, 4328, 6921, 6025, 2999, 1857, 2533, 2598, 4089, 12743, 1848, 2780, 3790, 2324, 3531, 1592, 4191, 2764, 3125, 6519, 2790, 14447, 4442, 5749, 2116, 3593, 3932, 3348, 4394, 3668, 4277, 6548, 3980, 3831, 3200, 1622, 4973, 4107, 1647, 2502, 4093, 5437, 4671, 1642, 5612, 2190, 6420, 2560)
(29, 145): Mean: 4105.36, median: 3534.0, std: 2316.413, percent: 4068.08, B: 134, W: 116, 
	(3048, 2956, 3654, 1789, 2363, 4522, 3878, 3652, 3164, 2512, 2481, 4664, 5757, 2564, 3157, 2902, 5449, 3251, 4722, 2015, 9268, 2501, 6249, 4420, 4446, 4109, 4335, 4730, 6307, 2563, 3469, 3670, 3696, 1416, 8649, 5930, 3076, 11849, 5171, 1742, 1636, 3689, 4978, 1596, 3721, 5042, 2290, 701, 986, 3744, 3324, 3061, 2809, 3622, 3113, 2092, 1331, 3505, 4329, 2807, 2661, 2462, 1686, 8384, 2533, 3262, 3749, 3272, 6526, 4150, 2241, 2369, 2365, 3526, 3519, 5470, 3116, 4877, 2945, 1189, 3092, 6854, 2210, 2039, 3886, 5426, 10887, 2412, 2849, 4478, 2211, 3294, 3596, 7836, 1810, 3504, 7328, 3427, 5052, 2224, 7528, 3385, 1937, 5094, 2775, 2043, 2894, 3988, 3643, 6623, 2485, 7888, 3694, 2103, 1951, 7257, 5584, 7992, 9297, 3330, 4230, 3234, 9152, 5388, 6129, 7441, 1274, 3525, 2268, 2094, 9660, 3312, 6368, 5130, 2165, 2885, 4849, 4228, 4549, 2398, 5018, 3415, 1066, 8786, 2700, 10349, 2304, 8593, 3369, 4316, 2560, 2622, 1733, 4166, 2948, 3023, 3872, 5984, 5159, 5046, 3407, 2130, 4014, 4666, 5934, 3992, 1567, 3091, 4104, 3903, 4163, 2173, 2071, 3138, 7086, 3542, 3623, 3110, 4990, 4766, 3795, 7165, 6293, 3773, 2589, 4582, 2661, 4865, 2182, 3288, 3272, 6785, 1787, 5815, 2247, 7827, 1496, 4901, 11113, 6623, 2861, 1937, 2134, 4737, 7455, 5550, 3017, 1721, 2495, 3251, 3670, 16577, 1908, 3405, 4318, 2293, 3130, 1419, 4432, 2560, 3693, 7269, 2902, 17296, 4325, 4932, 2066, 3662, 4529, 2734, 4580, 3167, 4827, 6348, 3493, 3412, 3667, 1710, 4393, 4254, 1604, 2641, 4281, 5661, 4354, 1603, 5367, 2079, 7220, 2884)
(38, 194): Mean: 4035.156, median: 3550.0, std: 2111.737, percent: 4025.36, B: 125, W: 125, 
	(3177, 2623, 3350, 2088, 2228, 5126, 3718, 3536, 3250, 2294, 2591, 4436, 4915, 2993, 4112, 2339, 6685, 3795, 3702, 1957, 7879, 2244, 5708, 4771, 3729, 3736, 4622, 4152, 5937, 2454, 3275, 3659, 2775, 1513, 9157, 4551, 3182, 11223, 4822, 1783, 1805, 4269, 4596, 1602, 4277, 4556, 2338, 723, 998, 3241, 3009, 3146, 2400, 3620, 3002, 2172, 1336, 2957, 3761, 3295, 2559, 2413, 1678, 7961, 2810, 3177, 3752, 3292, 5951, 4551, 2023, 2306, 2180, 3955, 3499, 5501, 3720, 3596, 2658, 1279, 3162, 4696, 2317, 2048, 3946, 4889, 9110, 2853, 3028, 4598, 2272, 3308, 3415, 9338, 1673, 3552, 8104, 3253, 4809, 2233, 7607, 3478, 1945, 4484, 3548, 1999, 2656, 5462, 3637, 6119, 2546, 8679, 3552, 2241, 1682, 6668, 6762, 7797, 7725, 3045, 4510, 3042, 7637, 6064, 6901, 5627, 1326, 4284, 2486, 1835, 9110, 3127, 9604, 5499, 2213, 2800, 5662, 3025, 4115, 2160, 5156, 3164, 1159, 8614, 2969, 8391, 2636, 8736, 3445, 4472, 2866, 2344, 1701, 4435, 3364, 3566, 3988, 6854, 6400, 5124, 4049, 2132, 3654, 5702, 5116, 4247, 1774, 3410, 3853, 4790, 3147, 2154, 2352, 3015, 6907, 4152, 3191, 3302, 4361, 4411, 4792, 7480, 4911, 4175, 2578, 5790, 2402, 4817, 2521, 2893, 3605, 7254, 1892, 5550, 2295, 6018, 1469, 4153, 8984, 5225, 3894, 1827, 2509, 5322, 7253, 6252, 2853, 1757, 2418, 3227, 3711, 16441, 2089, 3254, 3524, 2238, 3078, 1478, 3912, 2383, 2885, 6277, 3090, 10323, 4363, 4228, 2393, 3152, 4153, 2838, 4748, 3269, 4366, 6298, 4068, 3265, 4025, 1565, 4491, 4626, 1679, 2579, 3936, 6880, 4705, 1494, 5387, 2089, 8079, 2897)
(39, 196): Mean: 4066.272, median: 3420.5, std: 2204.315, percent: 4114.52, B: 129, W: 119, 
	(3653, 2894, 3180, 1925, 2482, 5517, 3644, 3353, 2973, 2331, 2489, 4511, 4685, 2987, 3202, 2464, 5749, 3431, 3800, 2333, 9804, 2395, 6924, 4692, 3788, 4095, 5004, 5725, 6204, 2879, 3445, 4393, 3104, 1380, 10471, 4610, 2873, 11100, 5562, 1896, 1745, 4131, 5271, 1626, 3260, 5471, 2330, 717, 1066, 4304, 3343, 3333, 2358, 3204, 2927, 2489, 1398, 4262, 4456, 3337, 2660, 2278, 1761, 7691, 2952, 3371, 3177, 2793, 6125, 3889, 2090, 2487, 2490, 3501, 3337, 5344, 3089, 4609, 3007, 1135, 3034, 5339, 2383, 2356, 3883, 4475, 9466, 2983, 2975, 4611, 2168, 3070, 4067, 9007, 1767, 4062, 7092, 3380, 4850, 2055, 6531, 4140, 1838, 4450, 3081, 2169, 2769, 4749, 3464, 6126, 2645, 9186, 4387, 2267, 1775, 7333, 6660, 7236, 8928, 3250, 4000, 2769, 8127, 5920, 5623, 5723, 1189, 4252, 2226, 1820, 8058, 3341, 6967, 7403, 2112, 2942, 5474, 3025, 4383, 2124, 5656, 3589, 1090, 6815, 2613, 8764, 2909, 8563, 3193, 4151, 2652, 2421, 1577, 4863, 2873, 2920, 3706, 6815, 6179, 4430, 3675, 2198, 3349, 4825, 5840, 3778, 1478, 3331, 3744, 4528, 3394, 2198, 2435, 2680, 6302, 3766, 3410, 3191, 5904, 4973, 4161, 7412, 5624, 3234, 2368, 4207, 2386, 7770, 2433, 3266, 3161, 6410, 2135, 5846, 2378, 7451, 1407, 3599, 10468, 6771, 3611, 1927, 2229, 4975, 7238, 5030, 3030, 1829, 2663, 2712, 3699, 18177, 1937, 3061, 3881, 2164, 2963, 1592, 4105, 2327, 3134, 7067, 3201, 11140, 4274, 6724, 2070, 4162, 4094, 3127, 4245, 2916, 4968, 6298, 3258, 3627, 3588, 1446, 3993, 4274, 1438, 2375, 3808, 5579, 3756, 1524, 5492, 2349, 7523, 2457)
(49, 254): Mean: 4094.388, median: 3586.5, std: 2109.523, percent: 4078.3, B: 115, W: 134, 
	(3406, 2678, 3737, 1849, 2216, 5067, 4098, 3563, 3263, 3042, 2409, 4513, 5813, 2878, 3581, 2661, 5625, 3765, 3962, 2030, 8980, 2173, 6420, 4521, 3469, 4299, 4199, 5244, 4947, 2714, 3684, 3641, 3396, 1546, 8975, 4979, 3250, 9239, 5497, 1675, 1612, 4491, 4777, 1650, 3580, 6288, 2260, 762, 1085, 4395, 3230, 3432, 2396, 3914, 2541, 2523, 1193, 3928, 5135, 3078, 2844, 2615, 1749, 8530, 2834, 3335, 3264, 2657, 5949, 4848, 2072, 2519, 2291, 4185, 3059, 4767, 3113, 3517, 2744, 1358, 2819, 5579, 2467, 1865, 3633, 4909, 9823, 3140, 2764, 4473, 2187, 3344, 4155, 8563, 1736, 3791, 6390, 3257, 5056, 2053, 8479, 3548, 1962, 4540, 3441, 1951, 2809, 4113, 3413, 6212, 2911, 8081, 3895, 2169, 1768, 7568, 6247, 7794, 7326, 3167, 4217, 2760, 7389, 6232, 6512, 6125, 1189, 3682, 2218, 1749, 9541, 2933, 6520, 6120, 2204, 3092, 5275, 4130, 6405, 2156, 5725, 3588, 1199, 8027, 2702, 8768, 2683, 9167, 3486, 4505, 2392, 2448, 1881, 4548, 3340, 3268, 4014, 6498, 5955, 5371, 3741, 1893, 3913, 4465, 6612, 4209, 1558, 3275, 3773, 4581, 3239, 2270, 2108, 3533, 6691, 3589, 3666, 3585, 5288, 4924, 4037, 8380, 5505, 4397, 2592, 5615, 2285, 5493, 2365, 3304, 3034, 6903, 1969, 5161, 2060, 5866, 1584, 4010, 8947, 5829, 3339, 2038, 2275, 4529, 8141, 5991, 2970, 1695, 2585, 3124, 3719, 16266, 1923, 2970, 3983, 2382, 3015, 1520, 3706, 2513, 3832, 8008, 2809, 11535, 4754, 5428, 2285, 3564, 5240, 3521, 5030, 3503, 5359, 6989, 3933, 3725, 3516, 1705, 4664, 4499, 1613, 2608, 4491, 5957, 5034, 1655, 5855, 2129, 5955, 2532)

Test:
No precond: Mean: 6096.052, median: 5707.0, std: 2513.992, percent: 6153.18, flag: 0 
	(10115, 5452, 13820, 4629, 6933, 5186, 12539, 5325, 2833, 9610, 5771, 8489, 4985, 4761, 13389, 2607, 3965, 7370, 6412, 3942, 2019, 5695, 3072, 7257, 2515, 5400, 7679, 5610, 8267, 6883, 5296, 7476, 6150, 4719, 4013, 6406, 5845, 4693, 4827, 7080, 5890, 6503, 4499, 2149, 9720, 3777, 6442, 7535, 11933, 9475, 3909, 5329, 11176, 6670, 4845, 8523, 2102, 7384, 7837, 5063, 6954, 5661, 4952, 3370, 11898, 6702, 5538, 2013, 3255, 3960, 4997, 6442, 5821, 1814, 3545, 10952, 4981, 5561, 5653, 2171, 8452, 4259, 3998, 5675, 7582, 7348, 9727, 6874, 3807, 5630, 6723, 7080, 5609, 2876, 4571, 11199, 6298, 8015, 4994, 9568, 5266, 8655, 9527, 6056, 6460, 4837, 4898, 3157, 1993, 9511, 13485, 8376, 6873, 8526, 4847, 9229, 7286, 3748, 3634, 5978, 6402, 6422, 5133, 4375, 1867, 4605, 2062, 4335, 3908, 10216, 5530, 5719, 9575, 4909, 9440, 3693, 6196, 3882, 9182, 4683, 5246, 3795, 5838, 3534, 8968, 8209, 4140, 4139, 6404, 5106, 5965, 11516, 6741, 9761, 1938, 6203, 12061, 1769, 2510, 2970, 4037, 5783, 6281, 5149, 8131, 8100, 7064, 5519, 4794, 3380, 4057, 2242, 6047, 6986, 2211, 7651, 3504, 5135, 4692, 6320, 3417, 3530, 4495, 6365, 8077, 6994, 7786, 3506, 4503, 10628, 7116, 3499, 6267, 9096, 6498, 4546, 5634, 3882, 9929, 5649, 4318, 6759, 4001, 11259, 4893, 2791, 7811, 9164, 5983, 5774, 5254, 6342, 10934, 3160, 3989, 5459, 8576, 6019, 4426, 9317, 3555, 5563, 3847, 6680, 11417, 10085, 8399, 13403, 5309, 3322, 5933, 6167, 2623, 7855, 3983, 7493, 8675, 3254, 4933, 4793, 7034, 7219, 3801, 7835, 6341, 6342, 4668, 6480, 10098, 4567)

Jacobi: Mean: 4975.228, median: 4736.5, std: 2028.219, percent: 4942.6, BvN: 232, WvN: 18, flag: 1 
	(8303, 4969, 9969, 3684, 6072, 3820, 5621, 4865, 2847, 9639, 3862, 9252, 3786, 3789, 8304, 1842, 3497, 5487, 4437, 3031, 1877, 4737, 2954, 5301, 2478, 4481, 5527, 4976, 5699, 5449, 4546, 6944, 5438, 4736, 3670, 5961, 5330, 5482, 4455, 5407, 4485, 5541, 3558, 1056, 8486, 3378, 6199, 7141, 8391, 6502, 3693, 4179, 5642, 5688, 3431, 6193, 2057, 5010, 6454, 4174, 5931, 5101, 3591, 2806, 7290, 5800, 3866, 1610, 2870, 3258, 5284, 4657, 6098, 1286, 3045, 7498, 4893, 3787, 4852, 1862, 6835, 3129, 2852, 5177, 5626, 5946, 10062, 5284, 3435, 4647, 4939, 5923, 3959, 3038, 4258, 10395, 4877, 6252, 4126, 6372, 4882, 7646, 3954, 5070, 5334, 4473, 4141, 2084, 1709, 6586, 9515, 6628, 7381, 5980, 4130, 7823, 5627, 3088, 3434, 4106, 6317, 5395, 3368, 3804, 1316, 4328, 1853, 3674, 2666, 9563, 4734, 4352, 6566, 3923, 8710, 2703, 5551, 4009, 7200, 3353, 5168, 2581, 4781, 2932, 7175, 6669, 4083, 2814, 4743, 4039, 4597, 9933, 6720, 9876, 1779, 4688, 11185, 1642, 1856, 2818, 3564, 5059, 3975, 5715, 6897, 6198, 5640, 5463, 3700, 2675, 3621, 1673, 4041, 5564, 1786, 5184, 3164, 4064, 4222, 5599, 2837, 2990, 3858, 7639, 6894, 8576, 6231, 3029, 3008, 6847, 4977, 2158, 5252, 7583, 5211, 3102, 4679, 3050, 8509, 4914, 3274, 5539, 4423, 11284, 4154, 2185, 5142, 7373, 4668, 5608, 4508, 4784, 7758, 2838, 4356, 4683, 7640, 4714, 3676, 6937, 3294, 4062, 3699, 5249, 9118, 7949, 6632, 12024, 4331, 2820, 5026, 4650, 1860, 5709, 3672, 5516, 6928, 2811, 4755, 3710, 6187, 6465, 3003, 6419, 4668, 4244, 4271, 5489, 7823, 3377)

Last: Mean: 3996.38, median: 3850.0, std: 1605.022, percent: 4031.64, BvN: 250, WvN: 0, BvJ: 237, WvJ: 13, flag: 0 
	(5548, 4203, 7384, 3486, 5209, 2886, 6191, 3800, 1755, 6852, 3881, 6058, 3217, 3103, 6934, 1508, 2798, 5081, 4068, 2825, 1380, 3531, 2057, 5259, 1995, 3500, 4360, 3784, 4474, 4281, 2811, 5017, 4418, 2858, 2884, 4323, 4191, 3711, 3491, 3853, 3925, 3974, 3391, 962, 5866, 2610, 4996, 6136, 6068, 4804, 2831, 3267, 5925, 4189, 2606, 4628, 1499, 4117, 5529, 3479, 4982, 3739, 3093, 2184, 6821, 3765, 3170, 1393, 2133, 2873, 4247, 4072, 4810, 1017, 2546, 5873, 3604, 3334, 3567, 1367, 4874, 2280, 2320, 4585, 4383, 4937, 7399, 5020, 2701, 4752, 3986, 4279, 4002, 2089, 3264, 8987, 4250, 5270, 3335, 5583, 3908, 6005, 6606, 3781, 3993, 3531, 4132, 2018, 1215, 5159, 5770, 4621, 5791, 5768, 2945, 5122, 4845, 2487, 2881, 3857, 4743, 4155, 2758, 3526, 1245, 3293, 1592, 3156, 2171, 6696, 3730, 3770, 7478, 3224, 7137, 2721, 4562, 2596, 6173, 2479, 3346, 2204, 3931, 2361, 6705, 4761, 3172, 2273, 3368, 3194, 2904, 6891, 5419, 6219, 1261, 3138, 8941, 1237, 1663, 2051, 2740, 3060, 3950, 4482, 6079, 4412, 4236, 4233, 3311, 2410, 3097, 1347, 3703, 4115, 1554, 4499, 2240, 3629, 3558, 3814, 1967, 2348, 2710, 4665, 4475, 5790, 4794, 2696, 2418, 5309, 4590, 1954, 4482, 7231, 3847, 2568, 3659, 2740, 7416, 4209, 3207, 4624, 2962, 7622, 3137, 1593, 4393, 5316, 3780, 3513, 3619, 4789, 7068, 2933, 3610, 4250, 5870, 3448, 3024, 7533, 2300, 3483, 2816, 4229, 6647, 7023, 4937, 10291, 3358, 2005, 4695, 4731, 1386, 4967, 2541, 3970, 5814, 2343, 4063, 3863, 4923, 5652, 2636, 5422, 4610, 3103, 4005, 4295, 6186, 2841)

Best: Mean: 4081.316, median: 3762.0, std: 2661.193, percent: 3946.04, BvN: 248, WvN: 2, BvJ: 242, WvJ: 8, flag: 0 
	(7191, 4021, 9496, 3308, 4710, 3588, 5541, 3509, 1842, 6966, 3667, 5421, 2868, 3263, 7226, 1570, 2474, 4226, 4156, 2815, 1294, 3956, 1815, 3958, 1778, 3510, 4430, 3970, 4759, 4770, 3034, 4818, 4622, 2914, 2851, 4434, 4127, 4013, 3575, 4421, 3338, 4911, 2898, 850, 5938, 3061, 4418, 5005, 5715, 4958, 2754, 3210, 5499, 4527, 2903, 4337, 1418, 4627, 5696, 3751, 5348, 3490, 3460, 2162, 7460, 4478, 2909, 1366, 2049, 2482, 4494, 4199, 4217, 1067, 2412, 6012, 3355, 3244, 3022, 1300, 4929, 2761, 2279, 37129, 4844, 5602, 7777, 4992, 2786, 4159, 3804, 4359, 4384, 1905, 2961, 9293, 4155, 4795, 2842, 5723, 4357, 5809, 6373, 4004, 3607, 3509, 3690, 1708, 1376, 5396, 7350, 4814, 5248, 4847, 3158, 4327, 4069, 2648, 2967, 3462, 4571, 4339, 3176, 3143, 1244, 3131, 1358, 3129, 2231, 7483, 4298, 4252, 5920, 3030, 5800, 2384, 4444, 2650, 5867, 2494, 3433, 2067, 3785, 2367, 4960, 5538, 3179, 2116, 3403, 3448, 3189, 8190, 5178, 5977, 1248, 3442, 9791, 1227, 1472, 1947, 2610, 3352, 4024, 4419, 5303, 4887, 4281, 4078, 3489, 2712, 3003, 1259, 3672, 4017, 1533, 3773, 2560, 3372, 2852, 3946, 2200, 2443, 2541, 4796, 4224, 4810, 4659, 2424, 2954, 5621, 4697, 1758, 4734, 5343, 4109, 2724, 3415, 2704, 7728, 4040, 3225, 4773, 3059, 6817, 3170, 1690, 4873, 5489, 3735, 3723, 3334, 4362, 6251, 2568, 3040, 5327, 5074, 3362, 2934, 11292, 2005, 3634, 2514, 3496, 5561, 6238, 6150, 8406, 3482, 1983, 4379, 4015, 1202, 4555, 2929, 4208, 5978, 2542, 3422, 3289, 4455, 5168, 2695, 5462, 4114, 3535, 3413, 4228, 4757, 3004)

Last Coef List
{1: array([-0.05254122]), -1: array([-0.05879796])}

Best Coef List
{1: array([-0.0595948]), -1: array([-0.05879796])}

Run time: 10946.878121091053

22/04/2026, 20:52:25
Config file: ./config/config_sign_2_65.ini
Data:
	1d_laplace_size: 65
	amount: 250
	dist_type: uniform
	params: 1 0.45
	seed: 2
	dim: 4225
Solver:
	tol: 1e-10
	max_iteration: 100000
Learn:
	iteration_count: 50
	step_range: 0.1
	method: sign
	seed: 2
	change_scales: 1 0.5 0.25
	allow_disimprovement: True
	median_best_scale: 0.5
	mean_best_scale: 0.5
	flag_count_limit: 0
Precondition:
	dist_type: normal
	params: 0 0.05
	par_list: 1 1
	diag_list: 1 -1
	num_coef: 2
	type: diag_shift
	diag: jacobi
	sym: False

Train:
(0, 5): Mean: 4618.788, median: 4030.0, std: 2331.064, percent: 4749.42, B: 250, W: 0, 
	(3672, 4938, 7408, 7282, 6150, 7750, 3266, 6945, 1648, 3012, 3639, 6098, 1676, 9796, 5422, 2607, 6347, 6524, 3430, 4336, 2838, 2219, 1891, 2494, 2832, 1854, 11640, 2950, 2290, 3808, 1369, 8400, 10678, 4892, 5806, 4851, 3003, 8561, 3867, 2220, 3056, 2160, 3203, 4200, 6500, 3374, 5478, 8058, 3431, 2443, 5925, 983, 3856, 3261, 3480, 2768, 2450, 5773, 2290, 3113, 3447, 3860, 3056, 7268, 2818, 4974, 4245, 6192, 6676, 4984, 7544, 2943, 10002, 7486, 3558, 5019, 3727, 12023, 6322, 1404, 3276, 878, 7441, 2033, 10448, 4684, 8139, 3941, 7037, 1902, 3793, 3530, 2646, 1424, 1653, 4652, 2713, 2689, 5974, 3894, 7298, 4893, 1759, 7813, 3770, 4495, 7532, 5851, 2458, 2940, 2123, 6936, 4660, 9507, 5328, 5322, 3223, 1581, 3257, 2409, 2831, 5625, 3196, 10834, 3522, 2850, 3928, 2577, 1819, 5491, 3367, 6530, 4517, 3087, 3763, 1187, 5839, 3302, 6034, 2610, 7892, 1669, 8258, 1351, 3057, 3903, 5031, 4717, 6191, 6725, 3316, 6591, 3647, 1195, 1927, 4162, 1179, 7069, 2683, 7180, 4421, 2017, 3347, 4439, 5327, 2497, 5905, 14155, 3139, 3465, 3423, 2692, 5118, 3954, 11070, 5785, 7402, 5175, 6067, 2744, 4038, 4229, 4014, 4562, 4644, 9955, 4704, 8418, 2317, 4501, 3826, 1431, 4833, 1895, 1925, 3677, 4433, 5206, 3527, 7327, 3702, 2426, 3874, 2913, 4696, 5675, 5839, 4305, 3790, 4654, 5292, 6369, 4946, 2213, 2723, 1775, 6628, 3568, 5533, 8326, 3277, 2441, 3334, 1606, 9045, 7530, 5072, 4022, 3576, 8267, 6557, 4717, 4061, 4464, 6810, 6696, 4232, 7318, 5844, 2842, 7554, 3548, 7334, 2657, 5165, 3672, 5425, 4106, 2536, 9825)
(1, 10): Mean: 4614.292, median: 4035.0, std: 2367.12, percent: 4674.82, B: 135, W: 115, 
	(4071, 4935, 8727, 6822, 6883, 7611, 3556, 5658, 1717, 3059, 3194, 6204, 1594, 10572, 5982, 2954, 5998, 7777, 3986, 4321, 2936, 2722, 1834, 2821, 2797, 1723, 13487, 2928, 3242, 3705, 1357, 8500, 9262, 7277, 6030, 3993, 2855, 8040, 3406, 2137, 2841, 2299, 3135, 3917, 6192, 3359, 5297, 9429, 3988, 2372, 5398, 910, 3686, 3396, 3990, 2836, 2057, 4501, 2422, 3304, 3646, 7500, 2830, 6929, 2407, 4859, 4545, 6393, 6893, 5123, 5909, 3062, 8265, 5785, 3323, 4354, 3315, 12828, 7099, 1616, 3105, 872, 7343, 2104, 10585, 4376, 8207, 3928, 11741, 2072, 3815, 3383, 2412, 1525, 1507, 5517, 3132, 2335, 5988, 2924, 7749, 5418, 1758, 8437, 4163, 3824, 8901, 4717, 2464, 3191, 2037, 7660, 3654, 8491, 5591, 6156, 3237, 1681, 3287, 2622, 3302, 6423, 3868, 8816, 3043, 2600, 3799, 2542, 1896, 5237, 3646, 5271, 4265, 2549, 3477, 1166, 6197, 3293, 6829, 2731, 7622, 1371, 7236, 1341, 2762, 3942, 4619, 4919, 6104, 7096, 3865, 6222, 3636, 1451, 1831, 4378, 1116, 6433, 2918, 7800, 3754, 2572, 3561, 4522, 4872, 2293, 6157, 12472, 2779, 3014, 3091, 2362, 4624, 3533, 8644, 5639, 8451, 4932, 6188, 2533, 4137, 4678, 3385, 4478, 4116, 10193, 4680, 8798, 2274, 4933, 3622, 1329, 5214, 1945, 2045, 4287, 5438, 5818, 4091, 7675, 2985, 2381, 3317, 2678, 4243, 6250, 5847, 4120, 4142, 5302, 5028, 6166, 4561, 2319, 2540, 1921, 7917, 4042, 5391, 7873, 3615, 2185, 3157, 1651, 9834, 7013, 5255, 3277, 2948, 6988, 5218, 4611, 4028, 5298, 5067, 6240, 3989, 6280, 5827, 3019, 6703, 3787, 6297, 2631, 6316, 3495, 4878, 4274, 2285, 11051)
(3, 17): Mean: 4324.072, median: 3752.0, std: 2244.579, percent: 4361.74, B: 181, W: 69, 
	(3353, 4536, 6947, 5875, 6728, 5960, 3424, 6404, 1553, 2710, 2985, 5027, 1721, 8611, 6168, 2671, 5621, 6848, 3773, 3661, 3227, 2319, 1730, 2835, 2179, 1633, 18322, 2433, 2650, 3447, 1324, 8004, 10877, 5268, 5253, 3796, 3131, 8416, 3762, 2763, 2541, 2729, 3486, 3375, 4830, 3226, 3671, 7530, 3475, 2072, 5045, 874, 3628, 3429, 2899, 2732, 2029, 5480, 2281, 2855, 3200, 3395, 2892, 6813, 2611, 4912, 3857, 5316, 6585, 5277, 7523, 2671, 8566, 6632, 3334, 4736, 2817, 11381, 6118, 1402, 2982, 780, 6796, 2029, 9122, 3638, 7378, 3606, 7789, 1786, 3768, 3435, 2315, 1430, 1307, 4549, 2502, 2318, 5446, 3240, 6408, 4727, 1906, 7102, 4006, 4762, 6493, 5024, 2011, 2718, 1939, 6120, 3696, 8173, 5273, 5007, 3499, 1658, 3371, 2894, 3265, 5899, 3019, 8153, 3115, 2657, 4109, 2483, 1748, 4794, 3604, 5086, 4229, 2841, 3418, 1391, 6451, 3040, 7130, 2395, 6306, 1433, 6777, 1131, 2766, 4108, 3629, 4359, 5690, 6657, 3364, 5705, 3424, 1271, 1821, 3746, 1161, 7469, 2733, 8207, 4505, 2088, 3493, 4158, 5307, 2129, 5164, 10438, 3014, 2769, 2565, 2817, 4226, 3639, 10663, 5105, 7348, 4185, 5063, 2667, 3758, 4535, 3439, 4963, 3883, 9800, 4957, 8373, 2185, 3972, 4262, 1372, 4967, 1921, 2055, 3608, 4824, 5448, 3684, 7084, 3116, 2182, 3123, 2580, 3684, 4912, 5594, 4130, 3901, 4696, 5024, 5080, 4973, 2231, 2415, 1835, 6882, 3985, 4908, 7433, 3462, 2520, 3232, 1588, 8287, 5530, 5013, 2964, 3452, 6348, 5158, 4178, 3528, 4331, 5136, 6110, 3850, 6271, 5381, 2678, 6335, 3724, 5915, 2052, 4615, 3467, 5482, 4502, 2483, 10552)
(5, 26): Mean: 4306.228, median: 3810.5, std: 2170.129, percent: 4378.76, B: 128, W: 122, 
	(3637, 4255, 6962, 5350, 7398, 8651, 2757, 6134, 1537, 2574, 2963, 5387, 1717, 8027, 5107, 2623, 4954, 6170, 3540, 4456, 2967, 2345, 1755, 2689, 2264, 1744, 12405, 2546, 2362, 3745, 1371, 7861, 9281, 5991, 5143, 4475, 2484, 8986, 4148, 2240, 2576, 2663, 3458, 3596, 4498, 3188, 4586, 6484, 3872, 2231, 4997, 942, 3668, 3034, 2925, 2670, 2608, 4866, 2021, 3033, 3273, 3312, 2539, 6388, 2471, 4887, 3517, 6200, 6484, 5348, 6290, 2492, 8606, 6323, 3457, 5112, 2998, 12493, 5535, 1438, 3403, 779, 7465, 2302, 8571, 4018, 7240, 3514, 7289, 2091, 3420, 3360, 2587, 1456, 1418, 4744, 2801, 2733, 5707, 2987, 7274, 5014, 1717, 9330, 3867, 3685, 6264, 5196, 2193, 2860, 2002, 6240, 3892, 9068, 5288, 6214, 3430, 1429, 2855, 2406, 3308, 5863, 2875, 9319, 2643, 2521, 3323, 1949, 1768, 5120, 3507, 6021, 3832, 2549, 3112, 1177, 4894, 2954, 6970, 2181, 7739, 1461, 7366, 1147, 2454, 3288, 4437, 4860, 5901, 6186, 2794, 7026, 3450, 1331, 1834, 3789, 1142, 6666, 2466, 6777, 4117, 2135, 3847, 4345, 4042, 2443, 4878, 11317, 2921, 2904, 3049, 2382, 4564, 3632, 10473, 5426, 6735, 4591, 5585, 2987, 3588, 4993, 2974, 4489, 4155, 7797, 4862, 7277, 2169, 3994, 3770, 1289, 4753, 1640, 1943, 3614, 5068, 5427, 3840, 7617, 3056, 2339, 3186, 2409, 3852, 5832, 5785, 3857, 3170, 4971, 4970, 5932, 4304, 2238, 2560, 1624, 6486, 4420, 4923, 7370, 2519, 2047, 3857, 1563, 7964, 5849, 5574, 2663, 3132, 7836, 5503, 4254, 3527, 4738, 6041, 7472, 3447, 6452, 5984, 2890, 7905, 3681, 5808, 2517, 4640, 3162, 5205, 3895, 2458, 8869)
(7, 38): Mean: 4341.104, median: 3711.5, std: 2180.796, percent: 4426.38, B: 126, W: 124, 
	(3024, 4656, 6630, 6191, 6819, 6908, 3294, 6781, 1471, 2968, 3241, 4770, 1567, 9073, 5640, 2944, 5116, 8385, 3405, 4410, 2643, 2317, 1751, 2969, 2348, 1766, 9379, 2379, 2546, 3336, 1322, 9134, 8725, 5078, 6172, 4195, 2996, 8884, 3880, 2049, 2623, 2261, 3008, 3578, 5075, 2898, 4417, 6816, 3881, 2238, 4616, 903, 3202, 3082, 3063, 2676, 2048, 5464, 2227, 3181, 3770, 3183, 3022, 8211, 2618, 4832, 3497, 6228, 6315, 4700, 6960, 2469, 9689, 6123, 3549, 4634, 2768, 11134, 6457, 1439, 2658, 784, 6826, 2025, 10524, 4414, 5717, 3382, 6998, 1877, 3699, 3233, 2504, 1492, 1547, 5335, 2770, 2701, 5283, 3158, 10820, 5399, 1657, 6602, 3749, 3506, 5264, 4984, 2648, 2363, 1785, 8183, 3580, 7388, 6213, 5892, 3295, 1501, 3119, 2773, 2972, 5168, 2856, 7880, 3610, 2913, 3800, 2179, 1762, 5442, 3522, 5636, 4370, 2528, 3404, 1238, 6415, 2802, 6353, 2582, 6503, 1348, 6672, 1123, 2820, 3632, 4346, 4979, 4945, 6499, 3135, 5931, 3389, 1306, 1757, 3856, 1139, 8165, 2613, 6904, 3974, 2437, 2848, 4385, 5183, 2138, 4838, 10417, 2832, 2788, 3287, 2307, 3592, 3439, 9028, 4974, 8758, 5003, 6391, 2929, 3561, 4178, 3129, 4458, 4163, 10179, 4740, 7372, 2518, 4576, 4697, 1499, 5132, 1710, 1812, 3702, 4078, 4861, 3137, 6776, 3162, 2540, 3004, 2677, 4630, 5246, 6231, 3875, 3398, 3721, 5161, 4979, 4916, 2315, 2535, 1912, 7329, 3589, 5807, 8353, 2953, 2211, 3463, 1568, 10395, 6545, 4704, 2944, 3120, 7203, 6051, 3673, 8156, 4846, 4533, 6415, 3897, 5456, 6053, 2925, 7412, 3902, 5337, 2230, 5095, 3381, 5514, 5257, 2187, 8485)
(8, 41): Mean: 4289.296, median: 3715.0, std: 2203.256, percent: 4316.5, B: 128, W: 121, 
	(3413, 4413, 9191, 5126, 7242, 5341, 2937, 6224, 1595, 2939, 3361, 5030, 1674, 7549, 5699, 2352, 5451, 7448, 3112, 3718, 2713, 1992, 1614, 2469, 2436, 1760, 12088, 2303, 2487, 3461, 1288, 8190, 10159, 4920, 6010, 4588, 2966, 7702, 3712, 2186, 2623, 2299, 2844, 3627, 4923, 3155, 3785, 7606, 3691, 2389, 5008, 832, 3609, 3167, 3347, 2519, 2200, 4449, 2191, 2572, 3082, 3460, 2730, 7279, 2530, 4413, 3789, 6493, 6265, 4586, 5804, 2617, 9102, 6379, 2804, 4546, 2858, 13403, 5904, 1405, 3060, 785, 6267, 2338, 10584, 3979, 6782, 3329, 7558, 1862, 3707, 3661, 2536, 1565, 1356, 4901, 2727, 2414, 5970, 2847, 7141, 5131, 2166, 7993, 3822, 3839, 5326, 4243, 2059, 2580, 2110, 6106, 3608, 7365, 4963, 5595, 3480, 1428, 2991, 2856, 3339, 5655, 3002, 8255, 2984, 2877, 3243, 2246, 1859, 4773, 2946, 6190, 3327, 2515, 3145, 1227, 5910, 2611, 5353, 2567, 6670, 1361, 7837, 1159, 2932, 4151, 4682, 4591, 5804, 6014, 3242, 6428, 3534, 1305, 1962, 3901, 1092, 8177, 2950, 8325, 3987, 1967, 3452, 3721, 5428, 2350, 5146, 11066, 2748, 2716, 2754, 2573, 3913, 3277, 10186, 5147, 7902, 4725, 5408, 2634, 3703, 4585, 4056, 5077, 3561, 9087, 5285, 8969, 2093, 4454, 3698, 1370, 4958, 1735, 1993, 3294, 4967, 4713, 3892, 6264, 2604, 2358, 2753, 2355, 4223, 4886, 5994, 4025, 4063, 4826, 6427, 4987, 4069, 2449, 2491, 1944, 7195, 5056, 5649, 7238, 3243, 2119, 2978, 1632, 8949, 6740, 4610, 2948, 3114, 7423, 5174, 4665, 3563, 5005, 5757, 6658, 3770, 6152, 4257, 2900, 7885, 3491, 5884, 2241, 5434, 3133, 4470, 3747, 2313, 9308)
(9, 46): Mean: 4289.604, median: 3702.5, std: 2252.098, percent: 4193.4, B: 134, W: 116, 
	(3376, 4845, 5991, 5065, 7452, 6096, 2915, 6150, 1398, 2738, 3234, 5077, 1762, 8362, 5561, 2040, 4652, 6779, 3075, 3575, 2627, 2163, 1794, 2274, 2241, 1851, 11560, 2563, 2429, 3794, 1297, 11320, 10342, 4747, 5752, 5129, 2847, 8498, 3758, 2471, 2592, 2460, 3188, 3575, 4311, 3353, 5192, 8206, 3586, 2540, 4585, 959, 3084, 2780, 2953, 2668, 2167, 5293, 2028, 2803, 3235, 3233, 2836, 6325, 2254, 5364, 3849, 7366, 5631, 5192, 5436, 2472, 9314, 5357, 3497, 4643, 2844, 11204, 5552, 1395, 3195, 843, 6700, 2332, 10591, 4153, 6438, 3984, 7837, 1858, 3534, 3341, 2199, 1477, 1263, 4591, 3179, 2109, 5567, 3398, 8433, 4920, 1745, 7775, 3665, 3686, 6268, 5233, 2213, 2627, 2140, 6036, 3485, 8451, 4541, 5687, 3360, 1462, 3009, 2365, 3106, 5435, 3286, 7020, 2729, 2453, 3152, 2132, 1680, 4814, 3168, 4631, 4359, 2612, 3207, 1215, 6047, 2795, 5709, 2596, 6647, 1431, 8291, 1158, 2625, 3792, 3948, 5372, 6186, 7612, 3192, 5473, 3300, 1296, 1711, 3748, 1113, 7138, 2371, 8487, 4169, 2520, 3108, 4883, 4606, 2115, 5208, 13784, 3126, 2801, 3472, 2293, 4668, 3236, 9694, 5372, 7743, 4776, 5938, 2723, 3589, 3849, 3414, 4008, 3924, 8859, 4292, 9124, 1951, 4394, 3703, 1394, 4399, 2074, 2104, 3935, 4240, 5396, 3173, 5835, 2465, 2431, 3089, 2305, 3915, 5216, 6048, 3892, 4167, 5176, 5972, 5506, 4576, 2197, 2396, 2028, 6433, 3581, 5552, 6445, 3041, 2101, 2907, 1715, 9518, 5923, 5134, 2943, 2895, 7432, 5907, 3632, 3702, 4763, 6132, 6259, 3697, 6036, 5402, 2625, 7145, 3783, 5778, 2145, 4496, 3014, 5152, 4453, 2418, 11322)
(13, 68): Mean: 4229.284, median: 3703.0, std: 2146.447, percent: 4325.12, B: 130, W: 119, 
	(3615, 4271, 7526, 6165, 7267, 6291, 2585, 6622, 1510, 2431, 3306, 5672, 1819, 8753, 5243, 2645, 4716, 6331, 3260, 3707, 2708, 2005, 1745, 2535, 2403, 1809, 8671, 2391, 2511, 3699, 1307, 7405, 9840, 4865, 5885, 4598, 3004, 7866, 3323, 2188, 2498, 2652, 3113, 4006, 5102, 3091, 3673, 7342, 3447, 2455, 4817, 900, 3462, 2904, 3197, 2408, 2529, 4737, 2019, 2625, 2861, 3012, 2916, 6712, 2584, 4891, 3867, 6389, 6023, 4699, 7086, 2604, 7313, 6519, 3532, 4277, 2787, 16803, 5302, 1460, 3198, 829, 5747, 1956, 8851, 4569, 5974, 3336, 7541, 1923, 3523, 3446, 2605, 1506, 1275, 4789, 2588, 2100, 5709, 3768, 8009, 5884, 1873, 6517, 3590, 3669, 5949, 5327, 2289, 2723, 2116, 6310, 4467, 8060, 4664, 4944, 3464, 1443, 3327, 2452, 2960, 5786, 2946, 8344, 3096, 3013, 3606, 2171, 1756, 4065, 3126, 6114, 4364, 2487, 3316, 1115, 6505, 2862, 5712, 2185, 6051, 1381, 7537, 1239, 2689, 3736, 4284, 4915, 5582, 7121, 3277, 5243, 3531, 1352, 1908, 3847, 1089, 7236, 2800, 8450, 3619, 2239, 3694, 4302, 3966, 2128, 4910, 10736, 2732, 2696, 2872, 2415, 4316, 3275, 9920, 5138, 6970, 5558, 5406, 2722, 3187, 4470, 3084, 4224, 4181, 7009, 4714, 7592, 1942, 4292, 3848, 1193, 5113, 1876, 1737, 3952, 4207, 5005, 3918, 7408, 3372, 2346, 3057, 2424, 3518, 4769, 5251, 3725, 3336, 4335, 4902, 5878, 4049, 2029, 2806, 1818, 7491, 4146, 5499, 6905, 3138, 2058, 3522, 1594, 7838, 5777, 4830, 2925, 3049, 7434, 5489, 3973, 3916, 4538, 5860, 6753, 3482, 5674, 5649, 2633, 7145, 3649, 5507, 2167, 5193, 3278, 4518, 4278, 2374, 10644)
(15, 79): Mean: 4257.44, median: 3811.0, std: 2156.755, percent: 4266.02, B: 127, W: 123, 
	(3848, 4120, 6953, 5937, 6458, 7196, 3060, 5847, 1559, 2768, 3189, 7407, 1746, 8984, 5465, 2373, 6008, 6653, 3156, 3917, 2505, 2193, 1957, 2703, 2259, 1739, 10970, 2305, 2679, 3545, 1286, 7243, 9598, 5756, 5343, 3782, 3180, 6352, 3561, 2098, 2582, 2442, 3640, 3515, 4547, 3615, 4000, 7148, 3799, 2291, 5210, 832, 4057, 3005, 3455, 2263, 2215, 4941, 2034, 2749, 3999, 3297, 3072, 6042, 2352, 4483, 3824, 5842, 5695, 4658, 5740, 2611, 8670, 5439, 3280, 4485, 2825, 11925, 6685, 1482, 2926, 856, 5642, 2053, 10745, 4400, 7629, 3706, 8104, 1734, 3443, 3191, 2893, 1327, 1400, 5592, 2432, 2278, 5418, 2951, 9175, 4629, 1697, 7412, 3837, 3751, 5847, 4201, 2004, 2503, 2123, 7387, 3576, 8684, 4711, 6254, 3387, 1377, 3072, 2434, 2545, 5827, 2978, 7118, 2817, 2482, 3585, 2130, 1880, 4522, 3401, 5827, 3823, 2410, 3035, 1302, 5843, 2869, 5647, 2069, 7075, 1288, 7076, 1164, 2828, 4432, 4165, 4991, 5688, 7184, 3089, 6002, 3671, 1211, 1911, 4106, 1131, 7311, 2589, 6956, 4008, 2273, 3562, 4913, 4606, 2195, 4678, 9543, 2780, 2761, 2757, 2434, 3945, 3830, 11266, 5122, 8672, 5168, 5747, 2571, 3367, 4130, 3429, 3752, 4226, 8111, 5038, 8338, 1897, 4172, 4472, 1228, 4728, 1739, 2120, 3290, 4323, 5821, 3150, 6443, 3112, 2221, 2781, 2420, 4087, 5989, 5785, 4281, 3731, 3910, 5324, 5392, 4289, 1980, 2504, 1768, 9717, 4104, 4582, 6929, 2930, 2191, 2566, 1571, 8147, 5167, 5162, 2907, 3178, 8642, 5319, 4278, 3749, 4302, 5216, 6188, 3672, 7014, 5416, 2573, 7589, 3609, 5927, 2512, 4776, 3402, 4574, 3926, 2313, 8830)
(18, 95): Mean: 4248.624, median: 3696.0, std: 2148.464, percent: 4256.26, B: 127, W: 123, 
	(3651, 4772, 7238, 6448, 7757, 8280, 2612, 6561, 1487, 3006, 3432, 5392, 1509, 10710, 5294, 2592, 4953, 6880, 3271, 3575, 2815, 2000, 1656, 2323, 2044, 1599, 10374, 2024, 2445, 4080, 1407, 9018, 8671, 5631, 5681, 4064, 2675, 8792, 4380, 2142, 2652, 2416, 3761, 3583, 5486, 3125, 4024, 8582, 4030, 2497, 4711, 897, 3578, 2508, 2927, 2669, 2250, 4603, 2108, 2831, 3040, 3773, 2872, 6198, 2323, 4623, 3452, 5731, 5980, 4575, 5419, 2948, 9408, 5760, 3238, 5255, 2680, 10993, 6103, 1382, 2713, 870, 7028, 1958, 9916, 3798, 7532, 3401, 7729, 2012, 3860, 2943, 2530, 1300, 1303, 5135, 2370, 2396, 5541, 3439, 9060, 5294, 1847, 7517, 3655, 3388, 5850, 5255, 2164, 2417, 2067, 7319, 3862, 9358, 5647, 5444, 3227, 1516, 2955, 2404, 2916, 6175, 2794, 7964, 3086, 2449, 3264, 2020, 1814, 4565, 3487, 5338, 3593, 2575, 3163, 1289, 5138, 2715, 6149, 2445, 6487, 1479, 6955, 1240, 2559, 3867, 3822, 4389, 5295, 5883, 3551, 5709, 3571, 1346, 1800, 2985, 1100, 7728, 2664, 7595, 4312, 2259, 3416, 4890, 4589, 2069, 4957, 10797, 3302, 3048, 2705, 2750, 3946, 3448, 8655, 5023, 8096, 4471, 5283, 2639, 3780, 4848, 3500, 3933, 4286, 8341, 4610, 7424, 2293, 3453, 3516, 1303, 4291, 1899, 2060, 3596, 3834, 5989, 3486, 6675, 2847, 2311, 2827, 2255, 4329, 6148, 6066, 3737, 3148, 4617, 5245, 6276, 3864, 2176, 2461, 1771, 6250, 4013, 4924, 7191, 2842, 2212, 2797, 1660, 7996, 6173, 5470, 2651, 3134, 7429, 5286, 4418, 4551, 4892, 6881, 6742, 3568, 5848, 5514, 3086, 6006, 3184, 5222, 2070, 4859, 3048, 4084, 4112, 2417, 8560)
(19, 98): Mean: 4254.26, median: 3797.5, std: 2134.502, percent: 4366.44, B: 119, W: 131, 
	(3360, 4556, 7559, 5441, 8465, 6185, 2788, 4788, 1589, 2912, 3125, 4643, 1712, 8894, 5370, 2400, 5264, 6884, 3225, 4153, 2588, 2103, 1655, 2770, 2547, 1852, 11414, 2472, 2777, 3171, 1354, 7775, 11001, 4963, 6303, 3857, 2746, 8160, 3130, 2201, 2657, 2051, 2764, 4079, 4404, 3072, 4811, 7712, 3900, 2309, 5234, 958, 4025, 2881, 2999, 2316, 2433, 4656, 2110, 2708, 3303, 3569, 2488, 7002, 2780, 4867, 3685, 5944, 5357, 5187, 7514, 2572, 8510, 6084, 3607, 4750, 2833, 9788, 5778, 1455, 2985, 944, 5456, 1982, 7682, 4766, 7522, 3298, 6096, 1804, 3758, 3069, 2367, 1512, 1347, 5371, 2695, 2713, 5838, 2930, 7574, 5799, 2103, 6501, 4105, 3658, 6803, 4473, 2223, 2610, 1925, 6341, 3815, 9209, 5066, 5014, 3052, 1418, 3619, 2382, 2819, 5908, 2994, 9887, 2888, 2516, 3803, 2207, 1792, 5037, 3110, 6456, 4455, 2246, 3704, 1078, 5063, 3018, 6894, 2642, 6550, 1534, 6324, 1202, 2711, 4107, 4174, 4344, 6959, 7255, 2947, 5843, 3310, 1228, 1749, 3494, 1152, 7100, 3083, 8761, 3092, 2103, 3231, 4358, 4123, 2238, 5550, 11717, 3342, 2883, 3147, 2268, 4657, 3123, 8894, 4480, 7290, 4359, 5661, 2810, 3284, 4561, 3727, 4111, 3859, 7664, 4092, 8751, 2113, 4767, 3883, 1224, 4584, 1717, 1885, 3706, 4800, 4394, 3954, 7600, 3053, 2270, 3046, 2566, 4132, 5793, 5894, 3742, 4258, 4232, 5239, 6014, 4305, 2187, 2489, 1714, 7004, 4068, 4587, 6767, 3216, 2229, 3015, 1475, 8364, 5923, 5325, 2859, 3099, 7910, 5739, 3969, 3502, 3792, 5069, 6626, 3236, 7028, 6094, 2826, 7545, 3441, 6040, 2410, 5173, 2767, 4670, 3847, 2348, 9193)
(20, 103): Mean: 4233.192, median: 3719.5, std: 2249.401, percent: 4272.9, B: 141, W: 109, 
	(3571, 5078, 6162, 5062, 5750, 5848, 2758, 5151, 1340, 3412, 2977, 5789, 1748, 7140, 6134, 2611, 4552, 6849, 3429, 3408, 2377, 2055, 1666, 2625, 2106, 1665, 9471, 2568, 2369, 3349, 1258, 8603, 9582, 4944, 5337, 4401, 2588, 7923, 2988, 2204, 2920, 2410, 2909, 3844, 4297, 2843, 4411, 7720, 3552, 2475, 4986, 789, 3112, 3259, 3232, 2534, 2218, 4168, 2107, 2973, 4174, 3010, 2391, 7316, 2313, 4269, 3565, 4965, 6410, 5268, 6904, 2522, 8114, 6327, 2892, 5504, 2865, 11512, 6958, 1308, 2931, 906, 6465, 1869, 11086, 4007, 6107, 3333, 7028, 1746, 3922, 3254, 2602, 1517, 1216, 5484, 2407, 2347, 5781, 3391, 11606, 4473, 1741, 7997, 3476, 4162, 6278, 5639, 2013, 2666, 2090, 10403, 3344, 8436, 4755, 6776, 3504, 1499, 2811, 2244, 2759, 6285, 2870, 8721, 3437, 2375, 4065, 2195, 1746, 4627, 3386, 5580, 4612, 2580, 2912, 1246, 6212, 2875, 5839, 2314, 5409, 1353, 7194, 1110, 2735, 3875, 4329, 3964, 6356, 6348, 3154, 6327, 3216, 1256, 1819, 3692, 1206, 8301, 2792, 7683, 3747, 2126, 3209, 4158, 4742, 1924, 5113, 12760, 3397, 2715, 2827, 2178, 4434, 3001, 9868, 4613, 7215, 4346, 4724, 2938, 2941, 3860, 2821, 3665, 4413, 12902, 4573, 7412, 2212, 4052, 2997, 1279, 4527, 1685, 1847, 3448, 4267, 5122, 3619, 6338, 2881, 2351, 2949, 2409, 4144, 5639, 4998, 4204, 4350, 4483, 5265, 4648, 4733, 1935, 2637, 1711, 6368, 3903, 4344, 7249, 2883, 2049, 3110, 1768, 7521, 4817, 5635, 2942, 3148, 6550, 5975, 3768, 4098, 4384, 4595, 6382, 3164, 6225, 5582, 3025, 7425, 4004, 6286, 2220, 4347, 3049, 5236, 3853, 2164, 10616)
(21, 108): Mean: 4127.116, median: 3672.5, std: 2059.891, percent: 4150.02, B: 127, W: 123, 
	(3477, 4290, 6358, 4744, 7184, 6163, 2619, 5814, 1468, 2489, 3177, 5161, 1605, 7051, 5289, 2474, 5548, 6027, 3454, 3341, 2325, 2208, 1533, 2593, 2620, 1630, 8652, 2232, 2572, 3995, 1194, 6509, 7899, 4462, 5936, 5214, 2555, 8239, 3308, 1933, 2786, 2375, 2982, 3542, 4698, 2838, 4212, 7120, 4002, 2243, 4481, 867, 3404, 2905, 3219, 2632, 2093, 4506, 2101, 2942, 3348, 3781, 2564, 6692, 2365, 4580, 4100, 6302, 5980, 4543, 5738, 2570, 8841, 5948, 3161, 5059, 2648, 11273, 6073, 1278, 2854, 730, 6679, 1897, 10476, 4205, 6905, 3542, 8037, 1783, 3432, 3362, 2398, 1464, 1280, 4888, 2656, 2181, 5916, 2688, 7007, 5417, 1587, 7800, 3511, 3513, 5909, 4174, 2059, 2360, 2121, 7101, 3678, 8801, 4461, 5490, 3227, 1405, 3117, 2185, 3255, 4751, 2755, 7364, 2875, 2394, 3862, 1943, 1709, 4693, 3516, 5026, 3973, 2123, 3002, 1131, 5114, 2670, 5243, 2548, 5646, 1412, 7589, 1155, 2604, 3902, 3906, 4449, 5015, 6129, 3019, 5021, 3417, 1110, 1785, 3721, 1112, 6582, 2395, 8895, 3296, 2078, 3405, 4368, 5029, 2220, 4853, 11684, 3260, 2581, 2916, 2314, 4666, 3375, 10920, 4884, 6479, 4925, 5005, 3017, 3512, 3824, 3181, 3693, 3733, 9238, 4819, 8529, 2298, 4698, 3420, 1317, 4804, 1757, 1911, 3577, 4384, 4929, 3513, 7136, 3213, 2404, 2974, 2466, 3853, 4428, 5949, 4072, 3917, 4137, 5564, 5156, 4248, 2157, 2498, 1703, 7233, 3806, 4099, 7702, 3072, 2065, 3667, 1431, 8067, 5786, 5456, 2980, 3165, 6770, 6175, 4221, 3380, 4530, 4770, 6520, 3173, 5409, 4963, 3069, 7530, 3456, 5249, 2119, 5085, 3318, 5204, 3959, 2387, 8435)
(31, 166): Mean: 4115.64, median: 3660.5, std: 2069.876, percent: 4159.18, B: 136, W: 114, 
	(3469, 4255, 6312, 4993, 6258, 6239, 2939, 5416, 1388, 2725, 3254, 4817, 1518, 8092, 5271, 2468, 4895, 6078, 3593, 3517, 2320, 2146, 1678, 2673, 2473, 1745, 10207, 2237, 2334, 3070, 1271, 9036, 10325, 5094, 6160, 4413, 2831, 8007, 3594, 2340, 2351, 2270, 3199, 3244, 3805, 2859, 4351, 6218, 3869, 2552, 5853, 833, 3883, 2850, 2826, 2438, 1827, 4349, 2149, 2623, 3435, 3645, 2666, 6188, 2276, 5009, 3967, 6317, 5561, 5167, 5958, 2578, 7567, 5449, 3145, 4293, 2439, 13933, 5816, 1359, 2597, 776, 7040, 1891, 10501, 4189, 6633, 3329, 7287, 1763, 3875, 3088, 2426, 1508, 1267, 5228, 2661, 2048, 5911, 3388, 7704, 4817, 1779, 7389, 4243, 2954, 5038, 3973, 2185, 2462, 1919, 6507, 3697, 7795, 4783, 5682, 3312, 1368, 3090, 2340, 3052, 5333, 2861, 6796, 3140, 2368, 3461, 2277, 1619, 4503, 3084, 4554, 3619, 2347, 2925, 1202, 4682, 3061, 5545, 2403, 5327, 1364, 7591, 1080, 2526, 3647, 3820, 4734, 5546, 6068, 3273, 5040, 2961, 1366, 1941, 3674, 1017, 6450, 2878, 6225, 3569, 2001, 3351, 3791, 4295, 2035, 6016, 9118, 2725, 2906, 2941, 2210, 3771, 3307, 10188, 5582, 7952, 4699, 5224, 2787, 3604, 4657, 3429, 3981, 3778, 8320, 4416, 7070, 2221, 4376, 3912, 1322, 5137, 1759, 1891, 3449, 5028, 4596, 3842, 6694, 3262, 2231, 2802, 2333, 3759, 5956, 6510, 4254, 3453, 5152, 5007, 4890, 4650, 2399, 2576, 1715, 6828, 3722, 4306, 6000, 3471, 2209, 3367, 1515, 8248, 5743, 4961, 2718, 3110, 6745, 5893, 4175, 3639, 3783, 4845, 6059, 4241, 6100, 5465, 2631, 8074, 3291, 5701, 2251, 4669, 3043, 4777, 3826, 2215, 10019)
(32, 171): Mean: 4112.884, median: 3632.5, std: 2087.256, percent: 4241.26, B: 126, W: 123, 
	(3104, 4341, 6848, 4568, 6181, 6952, 2493, 5386, 1458, 2962, 2675, 4985, 1544, 8242, 4887, 2956, 4436, 6532, 3205, 3226, 2378, 1959, 1644, 2560, 2309, 1552, 10783, 2335, 2403, 3421, 1253, 9557, 7532, 4994, 5511, 3905, 2828, 7532, 3981, 2355, 2816, 2555, 3024, 3541, 4007, 3324, 4027, 7130, 3163, 2186, 5097, 841, 3533, 3208, 3030, 2208, 2077, 4287, 2180, 3019, 2915, 3287, 2839, 6433, 2314, 4535, 3905, 5840, 6254, 5282, 4715, 2267, 9408, 5549, 3052, 4748, 2804, 11679, 5540, 1255, 3583, 722, 6284, 2047, 11573, 3890, 7527, 3659, 7457, 1615, 4215, 3128, 2090, 1481, 1231, 5028, 2844, 2172, 5418, 3161, 7908, 4732, 1673, 5957, 4070, 3286, 5899, 5089, 2198, 2386, 2225, 6624, 3710, 7509, 4969, 5401, 3128, 1411, 3084, 2197, 3036, 5252, 2861, 6843, 2754, 2321, 3721, 2263, 1639, 4902, 3110, 4831, 3701, 2577, 3244, 1219, 4795, 2974, 6328, 2295, 6414, 1397, 7486, 1143, 2942, 3473, 4778, 4888, 5167, 6293, 2693, 6705, 3000, 1285, 2011, 3478, 1043, 7595, 2714, 7961, 3925, 2061, 3390, 3819, 4225, 1973, 4481, 11269, 3295, 2747, 3056, 2262, 4027, 3225, 11125, 4571, 7787, 5002, 4685, 2743, 3516, 4306, 3334, 4428, 3792, 7917, 6577, 7063, 2016, 4570, 3402, 1271, 4538, 1642, 1793, 3236, 4699, 5726, 3606, 5594, 2846, 2431, 3252, 2053, 3739, 4880, 5030, 4066, 3520, 4458, 5865, 5676, 4561, 2217, 2653, 1718, 7307, 4073, 4845, 6386, 2474, 2244, 3054, 1680, 7217, 5023, 4742, 3018, 2817, 7096, 4221, 3841, 3690, 4964, 4678, 5778, 3718, 6285, 5542, 3056, 7368, 3019, 5043, 2359, 4899, 2788, 4641, 3386, 2340, 9610)
(35, 185): Mean: 5722.568, median: 4933.5, std: 3031.305, percent: 5641.18, B: 0, W: 250, 
	(4078, 4971, 9797, 7746, 8804, 9007, 4270, 7007, 1987, 3764, 3691, 6624, 2716, 12831, 7192, 3793, 7514, 8562, 4916, 4600, 3002, 2674, 2002, 3493, 3326, 2353, 16910, 2857, 3209, 4584, 1642, 10190, 12476, 7938, 7390, 6459, 3202, 8872, 4026, 2859, 3514, 3135, 4308, 5731, 5600, 3971, 5958, 9979, 4694, 3144, 7172, 1151, 4407, 4380, 4111, 3964, 3124, 6111, 2945, 3740, 5387, 4359, 3956, 7215, 2934, 5967, 5393, 8273, 7473, 6680, 7716, 4038, 12220, 9768, 4135, 6320, 3223, 14354, 6765, 1840, 4367, 828, 8744, 2241, 13051, 4906, 8017, 3991, 8802, 2154, 6746, 4684, 2895, 1961, 1628, 7681, 3349, 2984, 7594, 3526, 10760, 7348, 2064, 11783, 4459, 4968, 8181, 6838, 2621, 3192, 3172, 9421, 6212, 11778, 6852, 7136, 4975, 1860, 3545, 3489, 3936, 9616, 4715, 12244, 4301, 3092, 4704, 3162, 2397, 6274, 4538, 7492, 5990, 3358, 3895, 1521, 7354, 3555, 8963, 2838, 9180, 1703, 11564, 1457, 4478, 5052, 4987, 7851, 7490, 11848, 4299, 7994, 4869, 1571, 2301, 4505, 1502, 9261, 3378, 10547, 4924, 2627, 4046, 5537, 7793, 2616, 7068, 14662, 3738, 3743, 3947, 2715, 5481, 5133, 15808, 6354, 12893, 7019, 8272, 3945, 4616, 5318, 4002, 6025, 5580, 12183, 7069, 10502, 3061, 6498, 4978, 1703, 5664, 2296, 2596, 4537, 6110, 7613, 4336, 8507, 4228, 3273, 4552, 3200, 5368, 6868, 7131, 6693, 4948, 5795, 7405, 6653, 4943, 3116, 3183, 2320, 9272, 5986, 8176, 7639, 3800, 3413, 4111, 2099, 11407, 7940, 6041, 3139, 4073, 8923, 8316, 4479, 4419, 5915, 7428, 8277, 4920, 6736, 7061, 3737, 11549, 4818, 7545, 2930, 5559, 4329, 6779, 5708, 2817, 17036)
(36, 186): Mean: 5071.044, median: 4445.5, std: 2637.638, percent: 5131.0, B: 203, W: 47, 
	(4325, 5655, 6857, 7087, 9905, 7665, 3428, 5799, 1699, 3210, 3292, 6409, 1752, 11182, 6439, 3087, 4994, 7487, 4519, 4115, 3140, 2271, 1946, 3147, 2634, 2005, 14373, 2935, 3101, 3686, 1532, 14249, 10339, 6654, 8083, 5767, 3407, 9093, 5811, 2692, 3030, 2839, 3326, 4302, 5769, 3537, 5075, 9778, 4737, 2346, 5561, 989, 4123, 4246, 3752, 3447, 2789, 5346, 2681, 2865, 3527, 4031, 3760, 8293, 3153, 5543, 4135, 8338, 8021, 5593, 6357, 2968, 10260, 12831, 3809, 4734, 3251, 13370, 5612, 1807, 2994, 1007, 8874, 2246, 9725, 4628, 7981, 3617, 7440, 2300, 4318, 4255, 2600, 1761, 1687, 6544, 3036, 2312, 7325, 3473, 7340, 5441, 2214, 9328, 5060, 4373, 9514, 4986, 2350, 3289, 2497, 8768, 5383, 9108, 6796, 6487, 4141, 1776, 3279, 2930, 3108, 6074, 3532, 10171, 3772, 3029, 4402, 2558, 2054, 7034, 3978, 5505, 4366, 3316, 3462, 1381, 6427, 3278, 8012, 3106, 6975, 1683, 8929, 1376, 3598, 4980, 4932, 5368, 6884, 9067, 3820, 7334, 4729, 1420, 2412, 4474, 1333, 7283, 3063, 8959, 4719, 2598, 4049, 4843, 5869, 2492, 5947, 13234, 3171, 3437, 3367, 2947, 5720, 3995, 12064, 6671, 8417, 5839, 5698, 3178, 4614, 4514, 3583, 4857, 4721, 9623, 5293, 8493, 2626, 4432, 4437, 1599, 5785, 2215, 2277, 4556, 5191, 6622, 3989, 7564, 3854, 2857, 4006, 2682, 4706, 6820, 7401, 5245, 4547, 5666, 5661, 6228, 5028, 3046, 2626, 1984, 9827, 4345, 6289, 8146, 3596, 2545, 4126, 1896, 8122, 7813, 5253, 3483, 3337, 9295, 6787, 5356, 4205, 5189, 6264, 9098, 4354, 6930, 5961, 3585, 8385, 4558, 7016, 2756, 4454, 3993, 5268, 4128, 3362, 14367)
(37, 189): Mean: 4589.78, median: 4000.0, std: 2356.319, percent: 4655.26, B: 190, W: 60, 
	(4200, 4436, 8544, 5945, 7572, 6853, 3539, 6366, 1594, 3209, 3076, 6215, 1732, 9280, 6814, 2737, 5375, 6325, 3364, 3624, 2998, 2068, 1756, 3058, 2528, 1782, 10472, 2562, 3007, 3625, 1480, 10354, 10532, 6020, 7469, 4295, 2857, 8549, 3713, 2734, 2649, 2429, 3265, 4097, 4657, 3355, 4639, 8078, 4468, 2393, 4841, 1007, 4266, 3304, 3025, 2515, 2762, 5805, 2256, 3352, 3892, 3908, 3077, 6467, 2379, 4347, 3888, 6555, 5199, 4493, 7395, 2943, 8999, 7188, 4200, 4623, 2930, 16027, 6871, 1513, 2897, 898, 7596, 2270, 11858, 4792, 7056, 3857, 7995, 2188, 4806, 3195, 2493, 1516, 1525, 5611, 2799, 2291, 6374, 4112, 8149, 5245, 1963, 8819, 4339, 3723, 5557, 5722, 2915, 2879, 2220, 6766, 3661, 8170, 5906, 6011, 3211, 1673, 3401, 2700, 3223, 6692, 3202, 9883, 3141, 2715, 3422, 2182, 1964, 4915, 3229, 5673, 4258, 2517, 3859, 1345, 6199, 2927, 6169, 2444, 6067, 1444, 8608, 1390, 2997, 3837, 5205, 4414, 6526, 7585, 3696, 5791, 3282, 1319, 2036, 4495, 1269, 6552, 2826, 8043, 3932, 2300, 3597, 5542, 4954, 2663, 4767, 12161, 3278, 3733, 2990, 2728, 4289, 3870, 10703, 5640, 8004, 4973, 6119, 3160, 3866, 4557, 3812, 4406, 4919, 8891, 4544, 9401, 2161, 5403, 4190, 1335, 5355, 1884, 1808, 3656, 4432, 5188, 3372, 7189, 3700, 2542, 3260, 2869, 3804, 5334, 6208, 3856, 4160, 5008, 5104, 6444, 4281, 2231, 2745, 1839, 8083, 4704, 5085, 8158, 3171, 2260, 2827, 1619, 9420, 6494, 6108, 3494, 3532, 7462, 4472, 4805, 3864, 5212, 4975, 8025, 4068, 6934, 5458, 2791, 8720, 3898, 6349, 2998, 5986, 3441, 5276, 3597, 2476, 9310)
(38, 193): Mean: 4395.284, median: 3775.5, std: 2252.477, percent: 4536.8, B: 164, W: 86, 
	(3467, 5332, 7465, 5588, 7181, 7155, 2996, 5937, 1457, 3073, 3065, 5801, 1675, 8104, 5311, 2539, 5549, 7147, 3378, 3600, 2501, 2248, 1746, 2695, 2601, 1781, 12382, 2482, 2166, 3487, 1261, 9517, 9663, 5509, 5436, 4697, 3171, 7676, 3125, 2201, 2848, 2421, 2933, 4157, 4305, 3733, 4489, 6458, 3960, 2361, 5236, 947, 3777, 3105, 3380, 2521, 2361, 4632, 2316, 3294, 3359, 3933, 3164, 6780, 2430, 3912, 3629, 5570, 5164, 5310, 6695, 2805, 8303, 6730, 3235, 3922, 2568, 12737, 5432, 1347, 2769, 740, 6966, 2026, 10731, 3920, 7201, 3079, 7881, 1799, 4956, 3502, 2865, 1495, 1437, 4813, 2552, 2690, 5787, 3368, 8117, 5225, 1835, 7565, 4109, 3618, 7237, 4546, 2109, 3060, 2423, 8212, 3972, 8199, 5538, 6143, 3860, 1512, 3297, 2373, 3077, 6813, 3264, 9293, 3413, 2524, 3304, 2251, 1865, 5113, 3434, 6640, 5270, 2420, 3396, 1423, 5671, 2497, 6374, 2661, 6822, 1576, 7647, 1208, 2890, 3787, 4240, 5245, 6114, 7657, 3144, 6446, 3387, 1317, 1872, 3731, 1178, 7759, 2836, 8762, 4445, 1970, 2967, 4493, 5745, 2102, 5102, 11439, 2845, 3043, 2854, 2630, 4416, 3774, 11988, 4779, 9133, 4563, 6580, 2860, 3172, 3726, 3119, 4380, 3698, 8508, 5033, 6970, 2134, 4090, 4687, 1325, 5881, 1809, 1767, 3725, 4015, 5956, 3272, 6829, 3385, 2765, 3349, 2521, 3758, 5774, 4939, 4592, 3298, 4689, 4747, 5976, 4588, 2373, 2899, 1824, 6605, 3757, 6039, 8916, 2897, 1998, 3145, 1624, 6817, 6350, 4901, 3127, 3525, 6790, 5735, 4783, 4382, 3915, 5975, 6482, 4258, 5320, 5337, 3068, 7262, 3519, 5906, 2416, 4964, 3056, 5323, 4203, 2182, 10671)
(40, 203): Mean: 4168.364, median: 3700.5, std: 2160.649, percent: 4126.94, B: 175, W: 75, 
	(3821, 4508, 6374, 4508, 6095, 6903, 2545, 6652, 1559, 3022, 2828, 5312, 1550, 7394, 5131, 2732, 5392, 6181, 3369, 3472, 2487, 2073, 1646, 2574, 2316, 1635, 10007, 2232, 2671, 3526, 1259, 7067, 9122, 4712, 7809, 4463, 2650, 9529, 3665, 2071, 2775, 2156, 3116, 3487, 4454, 2990, 4470, 8280, 3882, 2091, 4645, 877, 3920, 2761, 2768, 2127, 2210, 5941, 1968, 2990, 3346, 3509, 2467, 6068, 2762, 4127, 3874, 6065, 5223, 5113, 6142, 2892, 7794, 5914, 3417, 4751, 2413, 12780, 6231, 1267, 3022, 815, 5606, 1892, 10590, 4503, 7351, 3816, 5916, 1712, 3752, 3347, 2123, 1506, 1235, 4743, 2811, 2257, 4689, 3370, 7023, 4276, 1636, 7078, 3860, 3439, 5305, 5911, 2438, 2373, 2009, 6011, 3652, 7717, 3962, 6017, 3190, 1467, 2982, 2453, 2617, 6242, 3348, 8906, 3155, 2786, 3475, 1999, 1656, 4349, 3362, 4262, 3684, 2341, 3334, 1297, 5479, 2867, 6641, 2091, 5795, 1464, 6955, 1269, 2692, 3796, 4518, 4270, 5556, 6912, 2868, 5626, 2916, 1341, 1697, 4305, 1063, 7331, 2926, 7463, 4157, 2009, 3717, 3828, 4763, 1969, 5252, 11348, 3509, 2681, 3368, 2204, 3947, 3407, 12188, 4205, 6516, 4317, 5595, 2827, 3633, 4570, 3018, 3483, 4262, 13123, 4248, 7874, 2118, 4181, 3376, 1238, 4500, 1468, 1880, 3496, 4329, 5237, 3552, 7086, 3226, 2432, 2644, 2383, 3554, 5399, 5190, 3657, 3825, 4232, 4682, 5428, 4536, 2111, 2698, 1796, 7330, 3995, 4827, 6389, 3077, 2093, 3762, 1390, 8417, 5583, 4805, 3085, 3250, 7411, 5689, 4276, 3759, 4296, 4608, 6747, 3678, 5175, 4954, 3082, 7097, 3132, 5783, 2366, 4651, 2937, 4582, 3659, 2268, 8232)
(41, 207): Mean: 4110.412, median: 3647.5, std: 2028.558, percent: 4236.9, B: 126, W: 124, 
	(3167, 4282, 7716, 4922, 7185, 5971, 2965, 6420, 1578, 2910, 3029, 5407, 1662, 8679, 5353, 2857, 5582, 6276, 3491, 3261, 2322, 1851, 1618, 2683, 2730, 1681, 8719, 2291, 2331, 2933, 1243, 9300, 7984, 4174, 5917, 4078, 2475, 7194, 3104, 2287, 2551, 2290, 2965, 3660, 4001, 3289, 3319, 7068, 3509, 2186, 5622, 812, 3188, 2950, 3105, 2354, 2518, 4110, 2080, 2951, 3402, 3763, 2546, 6705, 2385, 4304, 3483, 5814, 5164, 3952, 6150, 2488, 7343, 5359, 3477, 4521, 2260, 11075, 5123, 1333, 2853, 772, 6921, 1904, 9997, 3909, 7183, 3665, 7685, 1784, 3143, 2640, 2959, 1563, 1222, 6104, 2643, 2244, 5568, 3418, 6901, 5071, 1615, 5485, 4108, 3745, 6064, 5588, 2016, 2642, 1960, 6395, 3467, 7741, 5014, 6403, 2976, 1383, 3091, 2403, 3342, 6497, 3279, 7733, 2916, 2261, 3772, 2275, 1568, 4710, 3486, 6021, 4216, 2287, 3417, 1212, 5720, 3105, 5960, 2265, 5404, 1418, 7815, 1265, 2947, 3635, 4455, 4645, 7229, 6671, 2516, 4796, 3121, 1224, 1768, 3437, 1281, 7877, 2646, 7418, 3316, 2014, 3231, 3980, 4604, 2178, 4724, 11215, 3166, 2769, 2913, 2018, 4219, 3683, 8945, 4447, 7982, 4951, 5193, 2596, 4045, 3515, 3252, 4119, 3852, 8054, 4720, 6457, 2147, 4382, 3678, 1241, 4662, 1611, 1673, 3419, 4431, 5732, 3210, 6205, 2473, 2043, 2839, 2544, 3235, 5206, 5296, 3833, 3897, 4425, 5414, 5367, 4551, 2223, 2510, 1567, 6940, 3605, 4514, 6925, 2996, 2323, 3245, 1582, 7811, 5792, 5289, 2890, 3340, 7020, 4724, 4107, 4055, 5129, 4656, 6831, 3714, 5811, 5720, 2945, 6598, 3807, 4851, 1982, 4748, 2817, 4346, 3943, 2125, 9792)
(45, 227): Mean: 4143.7, median: 3622.5, std: 2135.475, percent: 4205.16, B: 126, W: 123, 
	(3661, 4525, 6802, 4064, 6256, 6274, 2492, 5732, 1395, 2778, 3029, 4882, 1539, 7476, 5812, 2567, 4753, 7294, 3414, 3728, 2742, 1922, 1629, 2557, 2194, 1679, 10354, 2323, 2116, 3592, 1149, 7480, 9330, 4752, 6716, 4263, 2483, 7163, 3014, 2240, 2730, 2452, 3241, 3516, 3908, 2906, 3564, 7404, 3292, 2398, 5383, 906, 3329, 3249, 2658, 2437, 1874, 4353, 2142, 3100, 3172, 3424, 2843, 6168, 2294, 3991, 3574, 7040, 5800, 4656, 6916, 2500, 8768, 5972, 3131, 4907, 2535, 9633, 5167, 1371, 2572, 759, 6184, 1944, 9867, 3685, 7417, 3152, 7502, 1918, 3194, 2731, 2663, 1536, 1280, 5530, 2535, 1759, 5357, 3362, 7084, 4687, 1695, 6578, 3464, 3719, 6495, 5002, 2129, 2541, 2280, 6194, 4077, 7392, 4779, 4961, 3398, 1461, 3127, 2138, 3049, 5823, 2684, 7533, 2933, 2229, 3343, 2114, 1716, 5005, 3230, 5084, 4127, 2355, 2842, 1189, 4773, 2718, 6067, 2300, 5796, 1379, 9046, 1194, 2637, 3457, 4067, 4210, 6066, 6687, 3037, 6136, 2950, 1335, 2063, 4019, 1038, 7455, 2607, 7774, 3796, 2175, 3388, 4223, 5557, 1900, 5228, 11755, 3150, 2992, 2518, 2188, 4304, 3653, 12058, 4024, 7454, 4637, 5027, 2811, 3948, 4524, 3289, 3862, 4183, 11092, 4894, 9490, 2253, 4535, 3548, 1203, 5517, 1801, 1761, 3109, 4805, 5086, 3372, 6815, 2864, 2091, 3015, 2478, 4093, 6100, 5731, 4308, 3247, 4196, 4369, 5365, 5678, 2140, 2461, 1759, 6728, 4189, 4259, 6222, 2681, 2098, 3415, 1479, 7786, 5248, 5611, 2706, 3069, 6358, 5352, 3510, 3736, 4406, 4583, 7334, 3754, 6237, 4969, 2906, 6292, 3935, 5627, 2251, 4030, 2966, 5075, 3910, 2152, 10141)

Test:
No precond: Mean: 6289.148, median: 5452.5, std: 3273.201, percent: 6231.92, flag: 0 
	(2152, 5691, 4001, 4741, 6795, 3111, 3450, 2569, 4009, 4423, 4517, 2423, 7209, 6627, 15834, 9073, 15295, 4391, 4785, 3348, 6032, 11338, 4981, 3866, 2765, 3402, 5704, 4689, 8417, 7226, 14354, 15803, 4264, 6283, 4213, 10933, 10316, 2617, 9066, 4619, 10671, 8246, 8018, 6292, 2992, 2336, 3648, 4071, 5712, 3663, 5766, 6521, 3158, 8454, 6155, 5103, 3875, 7651, 2479, 3688, 2304, 3377, 5143, 2333, 9961, 4101, 11152, 4981, 3778, 5106, 13375, 5959, 8131, 4912, 7324, 3035, 4208, 8686, 2918, 27079, 13386, 8024, 6663, 6556, 7626, 3650, 9802, 5319, 4939, 5313, 6511, 6458, 15102, 8582, 5508, 7454, 6198, 2825, 13522, 10911, 4504, 3610, 6096, 3767, 3848, 2843, 4567, 5915, 9603, 6862, 6376, 4293, 8356, 8302, 9010, 8187, 7743, 6717, 4337, 13114, 8436, 6556, 3364, 7093, 2743, 5188, 5853, 2519, 4489, 11165, 5361, 3089, 4773, 3193, 4747, 9089, 8505, 3620, 3542, 3329, 5134, 7037, 2147, 4616, 4370, 5824, 5314, 5673, 9175, 3117, 6611, 5012, 8263, 7388, 4779, 7052, 8733, 6718, 20244, 5202, 5261, 4425, 4414, 8865, 4300, 8227, 6803, 2979, 5276, 3108, 5496, 4065, 3440, 3483, 4103, 6137, 1457, 4504, 1192, 9087, 9173, 5470, 4908, 4862, 6230, 12018, 9881, 6500, 3153, 4210, 11209, 6266, 8175, 9443, 4790, 5762, 1798, 5772, 11222, 8073, 3604, 8670, 4196, 5577, 5948, 4964, 7901, 5013, 5189, 4876, 5059, 4968, 7985, 10083, 8912, 7324, 6345, 10435, 7647, 9644, 13081, 9044, 10662, 3013, 4365, 3272, 6659, 5038, 3839, 5076, 3064, 9655, 8988, 5435, 3573, 2097, 11758, 3805, 6492, 4762, 7296, 7597, 8732, 4354, 3361, 2897, 5224, 4274, 7245, 4596)

Jacobi: Mean: 5387.316, median: 4489.0, std: 3741.455, percent: 5195.16, BvN: 225, WvN: 25, flag: 0 
	(1620, 5145, 4023, 4357, 5319, 2535, 2931, 2263, 2655, 4089, 4028, 2048, 6908, 5144, 13903, 7445, 7760, 3501, 4171, 2888, 4937, 11175, 4153, 3041, 2768, 2817, 4843, 3998, 6460, 5753, 12014, 12129, 3718, 5090, 2965, 7024, 10830, 1719, 8247, 3917, 8589, 6931, 8076, 5506, 2885, 1624, 3014, 2861, 5107, 2442, 4335, 4829, 2362, 7494, 5353, 4011, 3816, 6113, 1961, 2870, 1779, 2818, 4993, 1851, 8402, 3439, 9422, 4511, 3613, 5081, 8785, 5045, 6220, 4047, 5755, 2046, 3796, 6128, 2528, 46961, 12654, 6323, 6227, 6296, 6302, 3014, 6836, 4028, 4607, 3847, 6601, 5261, 14272, 7028, 5898, 7214, 4437, 2346, 12056, 9728, 3718, 2954, 5829, 2772, 3656, 2543, 3560, 4713, 6294, 6142, 6588, 3221, 6641, 5820, 7043, 6955, 8266, 5360, 3806, 9401, 6062, 7298, 2396, 5517, 2178, 3983, 3945, 1802, 3761, 13356, 6239, 2760, 4135, 3685, 3278, 8423, 6851, 3204, 3860, 3437, 4195, 5029, 1811, 4367, 4086, 5932, 4168, 4023, 9389, 2895, 5084, 4270, 7928, 6878, 3842, 5276, 5886, 5606, 16794, 3651, 4752, 3065, 3848, 6284, 3294, 7083, 6840, 1984, 4471, 2900, 5876, 3787, 3405, 2815, 3484, 5450, 1238, 3231, 684, 5978, 8278, 4227, 3589, 5702, 3880, 11263, 12494, 5832, 2313, 3631, 7832, 4012, 8088, 8664, 3831, 4071, 1299, 4507, 9877, 5963, 2992, 7475, 3400, 5139, 4952, 4632, 7776, 3754, 4244, 3747, 4467, 4347, 5879, 7549, 10014, 4929, 4831, 8220, 5860, 5855, 12759, 8848, 7486, 2520, 3419, 3127, 5353, 3654, 3262, 4189, 2674, 7162, 9223, 4352, 2608, 1916, 10238, 2796, 6915, 4380, 6192, 6076, 8776, 3650, 2561, 2888, 3564, 3073, 4816, 3201)

Last: Mean: 4134.6, median: 3663.5, std: 2141.055, percent: 4150.58, BvN: 250, WvN: 0, BvJ: 243, WvJ: 7, flag: 0 
	(1522, 4223, 2948, 3044, 4408, 2001, 2283, 1790, 2701, 3167, 3452, 1660, 4318, 4307, 7682, 5789, 6047, 3418, 3240, 2277, 4551, 8442, 2683, 2467, 2006, 2451, 3128, 3614, 5200, 4296, 9735, 8349, 2605, 3825, 2689, 6954, 5072, 1476, 6112, 3281, 6547, 7008, 6512, 3923, 2255, 1359, 2265, 2714, 3441, 2128, 4130, 3015, 2129, 6122, 5140, 3797, 2552, 6143, 1829, 2544, 1500, 2065, 3567, 1611, 5593, 3606, 6666, 3879, 3257, 3232, 7189, 3804, 4538, 3605, 4199, 1660, 2827, 7722, 1953, 17466, 9798, 5660, 5077, 4526, 4690, 2363, 5571, 3472, 3972, 3268, 5444, 3875, 11037, 4478, 4004, 5014, 3269, 1812, 7358, 6081, 2913, 2426, 4268, 2185, 2626, 1938, 2987, 3837, 5810, 5449, 4815, 2223, 5790, 4512, 5936, 5862, 7046, 4585, 2929, 9394, 4317, 5275, 1892, 4405, 1767, 3451, 2680, 1407, 2917, 7524, 4533, 2298, 2860, 2798, 2622, 6752, 5995, 2369, 2610, 2353, 3224, 5003, 1543, 3822, 3730, 3866, 3399, 2863, 5884, 2297, 4069, 4234, 5389, 5440, 3621, 4045, 4699, 4733, 14477, 2904, 3943, 2368, 3407, 5338, 2928, 4905, 4386, 1580, 3606, 2595, 3800, 3080, 2430, 2263, 2914, 3661, 942, 2947, 600, 4110, 5341, 3662, 2926, 4159, 3547, 7134, 7705, 4096, 1855, 2963, 8131, 3665, 7117, 7052, 2844, 3125, 947, 3639, 8065, 4459, 2376, 5314, 2647, 4406, 4346, 3755, 5305, 2865, 3203, 2832, 3823, 3061, 5726, 6312, 8213, 3820, 4367, 6396, 5910, 5535, 7386, 5555, 6158, 1779, 2683, 2499, 4796, 3322, 2497, 2918, 2059, 6285, 7701, 3206, 2198, 1456, 6871, 2585, 5621, 3126, 4187, 4233, 7388, 3014, 2002, 1856, 3051, 2838, 3846, 3015)

Best: Mean: 4178.344, median: 3778.5, std: 2103.897, percent: 4148.62, BvN: 249, WvN: 1, BvJ: 242, WvJ: 8, flag: 0 
	(1347, 3890, 2772, 3235, 4995, 1666, 2108, 1794, 2792, 3219, 3144, 1458, 4940, 4466, 8076, 5122, 6777, 3336, 3193, 2200, 4158, 7980, 2971, 2550, 2074, 2207, 3488, 3742, 5276, 4277, 10663, 9642, 2964, 4211, 2520, 7191, 6405, 1583, 5433, 2861, 6990, 6051, 6597, 4746, 2258, 1392, 2145, 2917, 4475, 2036, 3913, 3383, 1946, 5449, 5169, 4184, 2822, 4963, 1565, 2027, 1364, 2272, 3850, 1416, 5794, 3263, 7179, 3347, 2696, 4298, 7562, 3828, 4691, 3346, 4777, 1759, 2471, 5248, 1786, 16947, 9723, 5378, 4942, 5400, 5288, 2075, 6675, 3439, 4023, 2990, 4303, 4614, 9293, 5429, 5565, 4955, 3309, 1820, 8021, 7008, 3396, 2756, 5223, 2419, 2722, 1735, 3313, 3819, 6283, 5284, 4898, 2184, 5406, 5534, 4848, 6068, 5932, 5451, 2969, 7692, 4410, 4276, 1966, 4327, 2052, 3595, 3051, 1463, 3129, 8520, 3766, 2354, 3181, 2860, 3603, 6555, 6045, 2086, 3130, 2853, 3490, 3618, 1425, 3879, 3208, 4618, 3759, 3238, 6077, 2783, 4621, 3297, 5323, 5493, 3101, 4353, 4395, 4006, 11795, 3196, 4002, 2767, 3003, 4826, 2590, 6002, 4457, 1679, 3782, 2432, 4022, 3112, 2549, 2519, 3059, 3991, 883, 2776, 563, 5002, 5172, 3910, 3147, 4029, 3172, 9137, 8246, 4129, 1930, 2716, 7390, 3651, 6334, 6870, 2822, 3444, 999, 3723, 8754, 4099, 2216, 5450, 2787, 4353, 4396, 3952, 5124, 2886, 3431, 2850, 3658, 3307, 5091, 6757, 5754, 3975, 3775, 7545, 5439, 5523, 9431, 6751, 6185, 2124, 2575, 2458, 4718, 3123, 2930, 4342, 1935, 6438, 7991, 4173, 1932, 1550, 6661, 2632, 5288, 3367, 5232, 4248, 6232, 2669, 1990, 1717, 3082, 2802, 4121, 3203)

Last Coef List
{1: array([-0.0512847]), -1: array([-0.04821142])}

Best Coef List
{1: array([-0.04615222]), -1: array([-0.04112567])}

Run time: 9424.579155511223

23/04/2026, 09:56:36
Config file: ./config/config_sign_4_65.ini
Data:
	1d_laplace_size: 65
	amount: 250
	dist_type: uniform
	params: 1 0.45
	seed: 4
	dim: 4225
Solver:
	tol: 1e-10
	max_iteration: 100000
Learn:
	iteration_count: 50
	step_range: 0.1
	method: sign
	seed: 4
	change_scales: 1 0.5 0.25
	allow_disimprovement: True
	median_best_scale: 0.5
	mean_best_scale: 0.5
	flag_count_limit: 0
Precondition:
	dist_type: normal
	params: 0 0.05
	par_list: 1 1
	diag_list: 1 -1
	num_coef: 2
	type: diag_shift
	diag: jacobi
	sym: False

Train:
(0, 1): Mean: 6068.432, median: 5278.0, std: 3267.817, percent: 6132.68, B: 250, W: 0, 
	(5239, 3665, 6098, 6407, 5937, 11423, 11937, 4470, 6880, 6074, 4728, 5299, 4102, 6374, 4282, 8487, 7518, 5372, 1988, 9022, 3131, 3442, 10163, 1271, 8583, 5195, 15983, 5985, 1690, 3499, 4277, 2398, 7869, 7317, 11936, 5225, 6413, 4989, 4342, 7030, 12479, 6692, 8530, 4604, 7328, 8502, 5910, 4562, 4127, 6414, 3612, 2159, 7381, 12329, 2568, 5232, 2784, 3072, 4646, 3780, 9985, 7931, 9783, 5227, 8060, 6635, 3216, 3214, 4091, 6243, 7761, 8686, 4094, 3609, 4789, 9751, 5257, 3958, 7010, 8995, 10643, 24434, 5920, 7055, 3856, 6637, 10087, 6932, 5854, 3827, 6371, 6331, 3335, 5819, 8415, 3915, 12534, 3240, 6454, 5037, 2630, 10185, 4794, 4613, 8234, 19728, 4022, 12014, 4738, 3729, 9657, 4394, 4361, 6627, 9376, 10165, 4812, 6802, 11123, 3939, 6980, 5690, 5173, 5055, 4707, 6145, 10260, 5952, 5011, 3522, 2603, 6802, 5773, 5156, 5589, 11266, 4207, 9365, 4482, 2508, 4472, 2843, 4731, 5084, 9192, 6831, 2202, 5643, 4660, 4421, 8746, 3362, 15859, 4741, 3213, 5507, 6190, 6077, 11223, 4349, 14884, 5925, 2451, 5964, 3134, 4259, 11652, 3101, 15137, 6905, 2164, 4737, 4237, 7002, 7096, 12306, 5108, 6438, 5300, 9508, 3609, 4369, 7263, 4603, 8280, 5717, 4678, 5707, 5331, 3534, 7610, 5790, 11326, 11637, 1770, 2387, 4631, 1577, 3435, 8316, 3036, 2150, 3349, 10297, 2378, 3289, 5373, 13569, 3768, 5071, 2940, 1770, 5083, 6155, 11815, 6435, 647, 1796, 6736, 4563, 3491, 2759, 2565, 2468, 6871, 4614, 4213, 2419, 3105, 2858, 4672, 4989, 4713, 11062, 3472, 4512, 3833, 2707, 1559, 2064, 6301, 5321, 12319, 7379, 3790, 6395, 5553, 9067, 6674, 6988)
(1, 4): Mean: 5457.908, median: 4832.5, std: 2875.913, percent: 5352.58, B: 193, W: 56, 
	(5583, 3786, 5889, 4331, 5333, 10119, 8620, 3984, 6719, 6326, 3500, 4015, 3817, 4732, 4188, 7115, 7536, 4556, 1795, 8361, 2868, 3774, 8945, 1133, 9905, 4801, 15770, 5089, 1645, 3214, 3824, 2232, 8043, 7253, 9946, 4703, 6478, 4955, 4381, 7533, 8554, 5582, 6751, 4408, 6735, 7546, 4663, 4821, 3965, 6313, 3694, 1704, 7380, 10204, 3321, 4289, 2529, 3011, 4193, 3217, 7868, 5438, 8583, 4341, 7392, 6734, 3345, 2880, 3699, 5395, 6289, 7381, 3570, 3094, 4351, 10510, 4329, 4516, 7141, 6262, 8661, 20890, 4511, 5172, 3856, 6008, 10211, 6173, 5450, 3524, 5351, 5974, 2840, 5127, 5811, 3839, 10869, 3355, 6684, 3957, 2597, 9879, 5357, 5683, 6075, 13208, 3381, 12659, 4053, 3341, 7742, 2582, 3703, 4821, 8192, 7711, 3994, 5495, 10224, 3129, 5651, 5098, 4091, 4508, 3467, 6223, 7811, 4833, 3956, 3817, 2720, 5485, 5149, 4758, 4844, 11575, 3293, 9424, 3812, 2823, 4013, 2574, 4677, 5522, 7901, 4353, 2022, 5374, 5095, 3764, 8177, 3380, 12544, 5680, 2993, 5183, 5724, 5368, 10827, 4215, 18564, 6769, 1948, 5432, 2886, 5158, 9328, 2225, 13693, 5724, 2166, 4607, 3834, 6569, 7292, 13239, 4935, 6025, 4324, 8969, 3613, 5725, 7001, 4214, 7613, 7034, 3957, 5413, 4960, 2659, 10029, 4832, 9490, 7135, 1705, 1790, 4160, 1481, 3242, 7588, 2806, 2130, 3601, 5820, 2259, 3257, 3795, 10729, 2855, 4572, 2654, 1738, 5107, 5453, 10095, 6563, 688, 1599, 6616, 4305, 2642, 2055, 2633, 2311, 5532, 5381, 3997, 2664, 2555, 2577, 4764, 3967, 3922, 8162, 3123, 4655, 4331, 2159, 1644, 2004, 6757, 4662, 8817, 6813, 3480, 5912, 5088, 8834, 5648, 5810)
(2, 6): Mean: 5339.4, median: 4637.0, std: 2824.437, percent: 5159.74, B: 136, W: 114, 
	(3701, 4321, 3343, 5110, 4550, 7719, 12509, 4410, 7136, 5169, 3682, 6168, 3399, 4448, 3268, 6609, 5256, 4357, 3595, 5457, 2605, 3077, 6199, 1849, 9720, 5798, 9639, 4455, 2327, 5613, 4080, 2117, 6313, 5614, 6929, 4565, 6198, 5097, 4825, 6322, 8967, 5626, 5845, 3374, 8102, 8530, 4948, 3483, 4776, 7242, 4038, 2796, 6742, 6730, 3697, 4529, 6927, 2985, 10097, 3640, 8137, 4264, 6313, 4599, 6208, 6055, 2423, 2972, 3805, 4267, 6771, 6806, 4727, 2904, 4461, 6443, 3608, 3986, 7729, 11597, 7505, 29438, 3912, 4306, 3338, 4056, 8790, 6551, 5151, 3143, 5687, 5381, 2680, 4123, 9680, 3584, 9376, 2470, 6075, 6002, 3974, 7472, 3393, 7580, 6509, 12541, 3278, 9606, 3802, 4611, 6948, 3916, 4348, 4778, 8072, 6528, 3618, 5449, 7615, 2536, 6415, 8854, 4507, 5321, 4577, 4866, 5539, 4371, 4316, 4095, 2967, 6009, 4073, 6049, 3922, 8003, 3193, 17490, 4487, 2633, 4123, 3570, 9755, 4486, 7339, 6163, 2641, 4076, 6106, 3205, 5935, 3167, 10773, 4614, 4758, 5911, 4251, 5633, 6475, 5460, 15726, 6593, 2140, 4190, 5105, 5181, 6991, 2248, 9224, 5835, 3674, 3164, 3739, 5805, 5602, 10388, 4346, 5923, 3356, 6866, 3660, 3757, 4995, 5573, 8740, 4660, 4455, 5088, 5490, 2012, 5506, 4498, 7768, 5929, 1916, 2444, 3938, 2142, 5236, 6411, 2956, 1864, 3768, 3918, 3973, 3017, 6104, 9041, 3911, 4513, 2789, 2517, 4106, 5079, 12611, 5203, 2028, 3213, 4529, 5250, 3801, 2782, 3395, 2681, 5493, 4455, 2757, 2460, 2638, 2301, 3524, 3632, 4477, 9634, 2765, 3857, 5402, 2221, 1330, 2377, 10272, 4442, 6964, 7674, 3640, 6222, 5810, 8153, 6191, 6148)
(3, 12): Mean: 4186.476, median: 3810.5, std: 2107.842, percent: 4251.1, B: 215, W: 35, 
	(3048, 4029, 3748, 3699, 4695, 6685, 11384, 3685, 5869, 4003, 3332, 4042, 2609, 3863, 3520, 4883, 5314, 3373, 1385, 6544, 2261, 2318, 6903, 917, 6080, 4267, 11391, 3567, 1300, 2373, 3133, 1835, 4839, 5199, 7380, 3483, 6064, 3868, 3315, 5386, 6532, 4479, 5832, 3155, 5064, 7005, 4240, 2973, 3400, 4257, 2458, 1258, 5081, 7274, 2350, 3569, 1922, 2382, 3160, 2818, 6611, 3860, 6266, 3230, 6231, 3960, 2476, 2550, 3159, 3906, 5527, 6040, 3551, 2401, 2995, 6169, 3092, 2875, 5505, 4607, 6915, 14416, 3204, 3975, 3353, 4446, 9008, 3788, 4233, 2694, 4634, 6213, 2370, 4403, 4815, 2830, 9616, 2447, 4471, 3808, 2175, 6816, 2898, 4343, 4482, 11361, 2951, 8244, 4353, 2916, 7157, 2603, 2849, 4117, 6802, 6201, 2971, 4938, 7411, 2339, 5130, 4383, 3353, 3810, 2949, 5100, 5409, 3603, 2867, 3102, 2004, 4477, 4063, 4460, 3811, 8472, 2719, 6179, 3870, 1914, 2654, 1780, 3417, 3794, 6372, 4544, 1535, 4361, 3687, 2918, 6129, 2419, 8199, 4079, 2253, 6051, 4230, 4135, 7183, 3372, 12842, 4890, 1594, 3648, 2526, 3162, 6960, 1712, 9755, 5202, 1855, 2715, 2893, 5573, 5259, 7065, 3468, 4847, 3039, 6487, 3056, 4160, 4685, 2768, 5956, 5239, 3234, 4022, 3631, 2204, 4702, 3941, 8714, 4907, 1422, 1529, 2801, 1350, 3062, 5141, 2185, 1958, 2558, 3907, 1910, 2616, 3478, 8770, 2624, 3619, 2056, 1345, 4413, 4863, 6559, 3944, 551, 1407, 4186, 3451, 2170, 1698, 1820, 2136, 5826, 4100, 2379, 1855, 2139, 1916, 3595, 3370, 3356, 6710, 2408, 4843, 3185, 1921, 1147, 1565, 3870, 3320, 5230, 4788, 2656, 5061, 3908, 7933, 4924, 4212)
(4, 14): Mean: 4169.504, median: 3742.5, std: 2065.5, percent: 4099.5, B: 129, W: 120, 
	(3392, 2649, 3869, 4093, 4385, 6624, 9527, 3279, 4885, 4239, 3220, 4522, 3390, 3913, 3070, 4831, 5485, 3570, 1550, 6654, 2106, 2866, 5782, 1204, 5465, 4051, 8931, 3851, 1243, 2355, 2533, 1737, 5560, 5310, 6377, 3092, 5652, 4568, 3313, 4808, 6550, 3792, 5346, 2917, 5681, 5779, 3344, 3256, 3092, 4191, 2266, 1395, 5299, 8650, 2217, 3571, 1902, 2282, 3162, 2170, 6378, 4144, 6200, 3325, 6231, 4540, 2367, 2276, 2987, 4245, 6366, 6232, 2856, 2695, 2959, 5527, 3616, 2683, 4919, 5639, 8821, 13512, 4110, 4902, 2618, 4267, 7380, 4426, 4509, 2661, 4927, 5551, 2463, 4005, 4739, 2676, 9203, 2406, 4539, 3369, 2051, 6949, 3592, 4100, 4400, 10543, 2821, 7808, 3594, 2775, 6300, 2405, 3201, 4577, 6288, 7113, 3253, 5437, 8050, 2276, 4633, 5105, 3083, 3782, 3572, 5104, 4900, 3728, 2508, 2774, 2034, 4894, 4162, 4732, 3953, 6749, 2665, 7250, 3750, 2109, 3357, 1798, 3235, 3870, 6445, 4078, 1671, 5117, 3328, 3594, 6891, 2733, 9528, 4279, 2392, 5304, 3941, 4350, 7570, 3072, 12156, 4081, 1696, 3592, 2352, 3236, 10993, 1828, 10985, 5748, 1726, 3036, 2865, 4635, 5849, 7469, 3720, 4123, 3608, 6639, 3159, 3662, 5401, 3407, 5163, 5206, 3421, 4484, 3898, 1948, 5800, 3197, 7953, 5871, 1383, 1532, 2951, 1311, 2641, 6738, 2300, 1790, 2661, 3454, 1835, 3062, 2712, 8374, 2620, 3489, 2314, 1363, 4158, 4236, 6392, 4124, 530, 1310, 4224, 3131, 2013, 1819, 1619, 2249, 5295, 4307, 2730, 2032, 2155, 2122, 3618, 3285, 3183, 7226, 2399, 3257, 3674, 2153, 1218, 1561, 3859, 3233, 5729, 5477, 2301, 4335, 3735, 6064, 4257, 4274)
(7, 27): Mean: 4160.444, median: 3687.0, std: 2099.197, percent: 4180.88, B: 135, W: 115, 
	(3293, 3178, 3029, 4142, 3941, 6255, 6848, 4469, 5285, 4201, 2896, 3940, 3263, 3508, 3015, 5553, 5529, 3991, 1570, 6328, 2032, 2856, 6051, 963, 6989, 3841, 12051, 3724, 1218, 2294, 2673, 1616, 5096, 5436, 6836, 3446, 5395, 4353, 3163, 5763, 8173, 4324, 5860, 3423, 6334, 5571, 3477, 3700, 3485, 3890, 2666, 1502, 6177, 9563, 2182, 3563, 2081, 2323, 3697, 2327, 7469, 4146, 5552, 3381, 5659, 5153, 2164, 2071, 3102, 4524, 5568, 6931, 2953, 2702, 3607, 7315, 3376, 3362, 4706, 6546, 6353, 13084, 3674, 4066, 3269, 4968, 7392, 4218, 4197, 2491, 4663, 4885, 2404, 3708, 4360, 2943, 6430, 2262, 5268, 3232, 2215, 6270, 3629, 4662, 4893, 12244, 2733, 6995, 3087, 2789, 7504, 2413, 3230, 3818, 5991, 5468, 3343, 4983, 7149, 2360, 4599, 4087, 3266, 3688, 3050, 5591, 4381, 4369, 3632, 3164, 2036, 4774, 3884, 3627, 3364, 8727, 2571, 5952, 3631, 1852, 2624, 1845, 3190, 3997, 5826, 4380, 1710, 4696, 3791, 3242, 6696, 3043, 7864, 3509, 2383, 3664, 4037, 4044, 10861, 3014, 14686, 4430, 1628, 3080, 2603, 3177, 7194, 1735, 9757, 4942, 1644, 3328, 3041, 5808, 5567, 7192, 3352, 4372, 3320, 6167, 3051, 3595, 4525, 2911, 6233, 4939, 3052, 4432, 3622, 2304, 5835, 3755, 7363, 6225, 1441, 1590, 3088, 1192, 2816, 4715, 2117, 1950, 2546, 4198, 1964, 2711, 2599, 7438, 2785, 4129, 2170, 1204, 3258, 4828, 7279, 5339, 551, 1297, 4182, 3009, 1872, 1695, 1770, 2071, 5134, 3686, 2553, 1768, 2135, 2125, 3995, 3632, 3173, 7079, 2483, 2790, 3428, 1923, 1320, 1641, 4454, 3414, 6913, 5105, 2297, 4924, 3940, 6140, 4016, 4435)
(10, 40): Mean: 4137.468, median: 3638.5, std: 2062.162, percent: 4106.1, B: 128, W: 122, 
	(3256, 3090, 3749, 3784, 4335, 6726, 7495, 3533, 4512, 4393, 3132, 3125, 3380, 3715, 3171, 4628, 5016, 3319, 1639, 5831, 2080, 3220, 6068, 812, 6413, 3928, 11329, 3848, 1370, 2361, 2471, 1787, 6044, 4946, 9054, 3639, 5425, 3469, 3464, 5358, 6242, 4064, 5316, 3055, 5110, 5822, 3194, 3517, 3285, 4459, 2510, 1483, 5134, 9415, 2342, 3675, 1809, 2083, 2724, 2768, 6107, 4888, 5815, 3278, 5082, 4642, 2469, 2211, 3076, 4283, 4659, 6978, 2733, 2798, 3608, 7569, 3752, 2944, 5076, 5613, 7955, 12644, 3582, 4571, 3193, 4736, 8030, 4724, 4942, 2606, 4379, 5107, 2454, 3480, 5796, 2686, 7652, 2170, 5516, 3047, 2407, 6474, 3045, 4303, 4547, 11996, 2772, 7260, 3098, 2995, 7244, 2329, 2790, 3795, 6434, 6191, 3303, 5384, 7591, 2299, 4780, 4410, 2775, 4247, 2894, 4579, 5504, 3616, 2967, 2939, 2119, 4288, 4266, 3543, 3539, 8578, 2883, 6240, 3486, 1959, 4048, 1818, 3159, 3765, 5863, 4336, 1664, 4195, 3665, 2659, 6476, 2492, 10702, 3828, 2425, 3663, 4191, 4429, 6227, 3031, 12961, 4546, 1646, 3728, 2199, 4409, 6300, 1975, 9281, 4830, 1625, 3500, 2923, 5510, 5619, 7506, 3580, 4293, 3233, 8055, 3085, 3807, 5259, 3222, 5921, 5773, 3446, 3985, 3664, 1982, 5447, 3524, 6709, 5760, 1546, 1389, 3170, 1222, 2883, 5792, 2043, 1854, 2559, 3794, 1927, 2419, 3396, 7329, 2428, 3638, 2386, 1290, 3654, 3939, 8373, 4184, 516, 1512, 4367, 3262, 2347, 1640, 1709, 2144, 4653, 3310, 2789, 1953, 2306, 2272, 4178, 3195, 2995, 7368, 2461, 3247, 3592, 1886, 1133, 1551, 3617, 3059, 7238, 5578, 2153, 4696, 3407, 6582, 3617, 5238)
(11, 43): Mean: 4109.972, median: 3572.0, std: 2070.709, percent: 4213.66, B: 127, W: 123, 
	(3795, 2931, 3307, 4170, 3956, 6202, 7957, 2856, 5381, 4570, 3040, 3058, 3091, 3909, 3112, 5519, 5811, 3634, 1464, 5904, 2190, 2511, 6078, 833, 5939, 3341, 10250, 4039, 1266, 2823, 2670, 1994, 4569, 5014, 7314, 3714, 4417, 4102, 2917, 5589, 7496, 4156, 4900, 2947, 4985, 6094, 2961, 3255, 2905, 4406, 2596, 1617, 5004, 8635, 2053, 3522, 1893, 1989, 2633, 2352, 6679, 4818, 6268, 3276, 6976, 4712, 2290, 2400, 3298, 4317, 5937, 6569, 2665, 2629, 3361, 7421, 3753, 2824, 4436, 4684, 6485, 14903, 3635, 4411, 2648, 4571, 7963, 4209, 4434, 2514, 4743, 6851, 2554, 3731, 4219, 2965, 7390, 2203, 4414, 2972, 2268, 6766, 3322, 4024, 4788, 10226, 2942, 8190, 3284, 2602, 5957, 2268, 2803, 4019, 6922, 6781, 3070, 5045, 8478, 2266, 4823, 6035, 3080, 3488, 2905, 5314, 4694, 3284, 2701, 3203, 1854, 4163, 4090, 3800, 3331, 7930, 2789, 5407, 3438, 1903, 2527, 1947, 3319, 3563, 6477, 4621, 1781, 4328, 3711, 2897, 7650, 2521, 9465, 4038, 2372, 3570, 3895, 4060, 6795, 3213, 12417, 4200, 1731, 3742, 2417, 3743, 8090, 1639, 9527, 5125, 1645, 3345, 2964, 4635, 5497, 8414, 3255, 4187, 3276, 7080, 2921, 3574, 5792, 2890, 6404, 4460, 3526, 3777, 3563, 2155, 6211, 3690, 8074, 6454, 1427, 1763, 3352, 1350, 2974, 5827, 1989, 1924, 2436, 3806, 1919, 2621, 2592, 8228, 2566, 3500, 2369, 1287, 3519, 4085, 7185, 4311, 531, 1301, 4599, 2993, 2188, 1805, 1807, 1898, 4732, 2996, 2594, 1769, 2042, 2068, 3559, 3532, 3421, 6621, 2679, 3314, 3113, 2321, 1161, 1655, 4561, 3158, 6691, 4630, 2438, 4055, 4340, 5856, 4490, 5358)
(14, 59): Mean: 4065.252, median: 3691.0, std: 1939.694, percent: 4086.64, B: 126, W: 124, 
	(3433, 2529, 3701, 4173, 4228, 6265, 7241, 3821, 5253, 3609, 3008, 3440, 2865, 3899, 3009, 5029, 6208, 4090, 1358, 5131, 1990, 2561, 5576, 860, 6734, 3507, 10403, 3724, 1293, 2682, 2611, 1650, 6239, 5251, 7796, 3780, 4883, 3933, 3106, 5486, 8214, 4797, 5486, 3036, 4926, 5270, 3910, 3159, 3153, 4362, 2302, 1360, 6047, 8757, 2189, 3247, 2159, 2063, 3416, 2283, 5897, 3825, 5984, 3323, 6160, 5163, 2322, 2310, 3440, 4115, 5508, 5703, 2876, 2405, 3351, 6165, 3348, 3408, 4228, 5164, 7035, 11750, 3916, 4534, 3223, 4905, 6419, 4021, 3665, 3099, 5032, 4993, 2346, 3535, 4618, 2926, 8668, 2414, 5012, 3183, 2665, 6824, 3551, 4552, 4680, 11160, 3299, 7787, 3297, 2672, 6744, 2088, 2902, 4105, 6092, 6268, 3122, 5733, 7430, 2264, 4564, 4867, 3282, 3510, 2877, 4778, 5054, 3819, 2697, 2722, 1764, 4638, 3912, 4267, 3607, 8107, 2681, 6508, 3671, 1926, 3059, 1903, 3325, 3564, 5619, 4249, 1491, 4909, 3632, 2685, 5838, 2367, 8224, 3833, 2305, 3805, 3641, 4124, 6748, 2913, 12281, 4073, 1813, 3665, 2518, 3608, 5573, 1852, 10460, 5076, 1715, 3154, 2818, 5141, 4625, 7194, 3454, 5037, 3252, 6329, 3209, 3783, 5072, 2865, 6523, 4652, 3232, 4229, 3681, 2244, 4717, 3890, 8274, 5870, 1428, 1627, 2965, 1336, 2618, 6265, 1965, 2206, 2705, 4661, 1869, 2727, 3277, 7167, 2361, 3723, 2027, 1367, 4013, 4375, 6109, 4829, 539, 1415, 4315, 2833, 2030, 1776, 1768, 1872, 4740, 3595, 2540, 1777, 2063, 2195, 3791, 3198, 3147, 7118, 2959, 3721, 3052, 1912, 1116, 1549, 3961, 3706, 6050, 4643, 2325, 4391, 3681, 5211, 3731, 4894)
(20, 90): Mean: 4097.636, median: 3678.0, std: 2085.749, percent: 4191.44, B: 120, W: 130, 
	(2928, 2780, 3472, 3769, 4481, 7821, 6415, 3720, 4095, 4090, 2925, 3759, 3086, 4273, 3041, 5750, 6337, 3900, 1467, 6388, 1961, 2612, 5573, 936, 6016, 3540, 10437, 3685, 1160, 2674, 2853, 1642, 5083, 6206, 7720, 3471, 4685, 3661, 3391, 5375, 6087, 3276, 5427, 2971, 4967, 5371, 3556, 3561, 3248, 4192, 2325, 1518, 5287, 8171, 2033, 3212, 1971, 2511, 3428, 2426, 6310, 4460, 5224, 3340, 6051, 5039, 2479, 1998, 2911, 4094, 5294, 5790, 2685, 2747, 2903, 7611, 4125, 3005, 5128, 5545, 7058, 17521, 3761, 3875, 3027, 4622, 7879, 3440, 4358, 2656, 4530, 5594, 2261, 4125, 4078, 2470, 7720, 2866, 4303, 3747, 1937, 6760, 3707, 4639, 4916, 8690, 2797, 8071, 3021, 3139, 7012, 2361, 2603, 4326, 6376, 6628, 3163, 4260, 6653, 2391, 4467, 4844, 3080, 4051, 2702, 4800, 4382, 4460, 2568, 2998, 1878, 4508, 4092, 4006, 3678, 8337, 2745, 5635, 4013, 1952, 2414, 1771, 3478, 3746, 5321, 3849, 1666, 4944, 3675, 2723, 6218, 2532, 7845, 3507, 2447, 3841, 4763, 4250, 7797, 3269, 13030, 4519, 1642, 3196, 2310, 3307, 7359, 1602, 10827, 5169, 1721, 3130, 3005, 5010, 5260, 7147, 3274, 3928, 3678, 7474, 3570, 3803, 5024, 2925, 5703, 4926, 3302, 3838, 3394, 2180, 4920, 3165, 8077, 6007, 1413, 1586, 3421, 1164, 2789, 6194, 2161, 1780, 2377, 3799, 1898, 2484, 3230, 8768, 3008, 3330, 2475, 1262, 3459, 5052, 7482, 4780, 475, 1274, 5127, 3390, 1927, 1725, 1785, 1904, 5042, 3379, 2690, 2176, 2039, 2455, 3724, 3337, 3227, 6246, 2605, 3025, 3227, 1791, 1208, 1615, 4262, 3387, 7070, 4884, 2733, 4458, 3459, 6058, 3882, 5441)
(22, 102): Mean: 4103.096, median: 3718.5, std: 2035.503, percent: 4065.46, B: 128, W: 121, 
	(3235, 2754, 3041, 3785, 4092, 5979, 7221, 3340, 4583, 4206, 3072, 3687, 3031, 3558, 2918, 5914, 5841, 4255, 1467, 6973, 2179, 2580, 5371, 891, 5702, 3730, 11524, 4102, 1374, 2530, 2836, 1652, 5002, 4721, 7338, 3860, 5988, 4085, 2868, 5407, 5777, 3956, 6888, 2981, 5135, 6083, 3332, 3210, 3189, 3770, 2240, 1374, 4075, 8906, 2126, 3137, 1890, 2400, 2894, 2425, 7187, 4165, 6230, 3360, 4893, 4965, 2431, 2279, 2901, 4642, 5576, 6224, 2821, 2658, 3780, 7199, 3652, 3567, 4744, 5239, 5836, 13350, 4124, 4595, 3455, 4244, 7610, 4184, 3997, 2822, 4639, 4767, 2298, 4195, 4617, 2878, 7126, 2312, 5200, 3560, 2034, 6130, 3138, 4193, 4444, 9799, 2704, 7385, 3124, 2730, 7238, 2297, 2825, 4315, 6669, 6261, 3237, 4810, 7693, 2242, 5129, 4457, 2918, 3882, 2572, 5383, 4758, 4171, 2999, 2526, 2009, 5152, 4183, 3773, 3547, 7751, 3160, 5527, 3835, 1853, 2566, 1861, 3410, 4130, 5386, 4469, 1519, 4570, 3622, 3078, 5116, 2634, 8467, 4312, 2323, 4636, 4864, 4305, 6667, 3472, 13092, 4374, 1771, 3440, 2752, 3687, 7063, 1697, 13119, 5322, 1643, 3110, 2983, 6430, 5496, 5472, 3723, 4725, 3480, 7137, 2827, 4120, 5369, 2808, 6596, 5022, 3019, 4365, 3368, 2092, 5684, 3415, 7767, 5679, 1519, 1500, 3415, 1294, 2622, 6528, 2038, 2059, 2537, 3714, 1845, 2836, 2676, 8950, 2766, 3614, 2209, 1217, 3514, 4415, 6742, 5100, 531, 1339, 4326, 2952, 1954, 1766, 1920, 1755, 4054, 3495, 2844, 2169, 2405, 2077, 4276, 3221, 3105, 6177, 2187, 3258, 3185, 1896, 1136, 1519, 4228, 3265, 7452, 5117, 2407, 4614, 3456, 5303, 4502, 5064)
(23, 108): Mean: 4077.108, median: 3751.5, std: 1995.733, percent: 4111.12, B: 136, W: 114, 
	(3589, 2702, 4069, 4604, 4237, 6679, 6713, 3738, 4773, 3738, 3058, 3210, 3132, 3540, 3221, 5327, 5202, 3550, 1498, 5233, 2019, 2482, 5377, 986, 5752, 3822, 10978, 3610, 1186, 2452, 2500, 2169, 5711, 6177, 7005, 3319, 4912, 4015, 3761, 5959, 6746, 3732, 5440, 3119, 5281, 5943, 4039, 3440, 3345, 3584, 2893, 1421, 5367, 8785, 2139, 3857, 1897, 2133, 2694, 2354, 5973, 4403, 6929, 3226, 5641, 4780, 2403, 2239, 3277, 4560, 6079, 5760, 2855, 2630, 3398, 6079, 3416, 2990, 5038, 5585, 6712, 12941, 3984, 4224, 2827, 4971, 7076, 4117, 3919, 2297, 4329, 5046, 2430, 4247, 4364, 2923, 7580, 2413, 4902, 2975, 2004, 5498, 3996, 4560, 3813, 10762, 2940, 8688, 2924, 2628, 6634, 2318, 2966, 3940, 6787, 5946, 3297, 5122, 7820, 2034, 5116, 4383, 3155, 3849, 3045, 4909, 4715, 4200, 2687, 2643, 1870, 4808, 3917, 3724, 3710, 8508, 2643, 6912, 3937, 1714, 2552, 1771, 3233, 3502, 6117, 4801, 1571, 4335, 3861, 2684, 5955, 2619, 8567, 3474, 2270, 3770, 4384, 4783, 6630, 3299, 13207, 4029, 1763, 3908, 2442, 3495, 6421, 1757, 10260, 5369, 1612, 3135, 2740, 5617, 4374, 7432, 3515, 4153, 3197, 8241, 2877, 4552, 4735, 3029, 5610, 4055, 3030, 3767, 4033, 2059, 5439, 3823, 7076, 5927, 1447, 1529, 3739, 1255, 2385, 6372, 2144, 1801, 2467, 3961, 1955, 2450, 3039, 7887, 2421, 3413, 2254, 1207, 3268, 4579, 6589, 4924, 479, 1290, 5703, 3354, 2152, 1652, 1732, 1969, 4177, 3742, 2526, 1755, 2323, 2126, 4021, 3379, 3151, 6179, 2363, 3033, 2785, 1837, 1098, 1717, 4432, 3591, 6654, 4311, 2573, 4679, 4002, 5911, 3934, 5830)
(28, 138): Mean: 4239.868, median: 3781.0, std: 2165.805, percent: 4178.96, B: 97, W: 153, 
	(4188, 2707, 3863, 4112, 4429, 6322, 8746, 3488, 4645, 4241, 2794, 3379, 2986, 3944, 3495, 5557, 5727, 3606, 1405, 6654, 2263, 2682, 5550, 983, 6348, 3563, 11334, 3969, 1265, 2278, 2498, 2018, 5207, 5691, 7403, 3560, 4898, 4253, 3398, 5184, 6755, 3985, 5817, 3008, 6058, 8025, 3583, 3923, 3494, 4296, 2713, 1316, 5422, 8434, 2108, 3303, 1923, 2055, 3360, 2351, 7042, 3935, 6379, 3255, 5359, 4947, 2253, 2208, 3109, 4345, 4597, 7999, 3080, 2668, 3391, 8106, 3560, 2987, 5281, 5848, 6962, 15555, 3992, 3993, 3103, 4790, 7791, 4632, 3678, 2595, 4215, 5217, 2615, 3904, 4956, 3307, 7357, 2393, 5106, 3349, 2090, 6451, 3607, 4846, 4519, 11370, 3122, 7818, 3265, 3082, 6605, 2398, 2924, 4620, 6653, 5729, 3089, 5007, 6998, 2277, 4763, 5363, 3232, 4220, 2647, 4900, 5222, 4093, 3123, 2561, 1775, 4997, 3228, 3952, 3873, 9832, 3104, 6771, 3788, 2073, 2585, 2113, 3726, 3681, 5252, 5018, 1565, 3929, 3975, 2923, 5581, 2545, 9536, 3518, 2286, 3769, 4291, 4236, 6987, 3549, 13935, 4964, 1842, 3538, 2447, 3699, 9178, 1660, 8673, 5398, 1610, 3413, 3290, 6321, 5746, 7747, 3670, 4218, 3367, 7722, 3134, 3568, 5282, 3014, 5625, 4579, 2991, 4157, 3328, 2149, 5641, 3774, 9006, 6410, 1592, 1730, 3362, 1246, 2986, 5296, 2466, 2038, 2492, 4424, 1929, 2681, 2940, 9140, 2840, 3792, 2305, 1326, 3405, 5315, 8007, 4920, 578, 1489, 5470, 2727, 2156, 1918, 1764, 1973, 4096, 4262, 2381, 2055, 2100, 2199, 4097, 4153, 2716, 7540, 2897, 3579, 3056, 2014, 1133, 1667, 5324, 3505, 7043, 5281, 2488, 4874, 3810, 6153, 4196, 4472)
(29, 143): Mean: 4060.98, median: 3653.0, std: 2015.167, percent: 4068.36, B: 154, W: 96, 
	(3045, 2965, 2906, 4450, 4524, 5933, 7225, 3841, 4377, 3783, 3041, 3548, 2733, 3777, 3515, 5127, 5286, 3984, 1230, 5660, 2419, 2444, 5560, 870, 6380, 3231, 10019, 4257, 1354, 2421, 2760, 1768, 5848, 6154, 6516, 3163, 4540, 3842, 3693, 3622, 7555, 4739, 4908, 2874, 5762, 5988, 2995, 3236, 3279, 4059, 2537, 1310, 5752, 7895, 1901, 3717, 1933, 2197, 3501, 2405, 6611, 4004, 7364, 3424, 5985, 5285, 2187, 2136, 2706, 4496, 6075, 6356, 2793, 2783, 3253, 6825, 3451, 3178, 5042, 4838, 7111, 14474, 3783, 4002, 3310, 5050, 6960, 3684, 3822, 2784, 4784, 5123, 2219, 3502, 4262, 2957, 6763, 2159, 5271, 3389, 2172, 7678, 2939, 3958, 4188, 11732, 2578, 6391, 3372, 2737, 6395, 2249, 2736, 4225, 6984, 5658, 2931, 6003, 7248, 2559, 4564, 5288, 3072, 3934, 2604, 5703, 5304, 3527, 2647, 2881, 1879, 5332, 3401, 3926, 3828, 8099, 2493, 5902, 3882, 2046, 2821, 1911, 3165, 3230, 5659, 4225, 1630, 4506, 3272, 3029, 6296, 2818, 9392, 3424, 2428, 3808, 3884, 4429, 6503, 3414, 14167, 3774, 1576, 4375, 2139, 3480, 7567, 1754, 7334, 5330, 1588, 2801, 3220, 4954, 6067, 7006, 3184, 3902, 3250, 6406, 3566, 3945, 4944, 3086, 6493, 5218, 3358, 4336, 3314, 2022, 5329, 3975, 8193, 5295, 1388, 1530, 3516, 1181, 2649, 5194, 2179, 1957, 2673, 3881, 1815, 2706, 3353, 7743, 2362, 3572, 1973, 1223, 4058, 4466, 6492, 4494, 491, 1364, 4038, 3196, 1946, 1839, 1617, 2084, 4295, 3831, 2500, 1949, 2288, 2095, 4168, 3479, 3160, 6829, 2493, 3303, 3379, 1860, 1122, 1601, 4639, 2998, 5902, 5287, 2177, 5136, 3533, 5382, 4076, 4391)
(35, 174): Mean: 4060.604, median: 3594.5, std: 2047.866, percent: 4116.28, B: 132, W: 118, 
	(3104, 2889, 3072, 4532, 3630, 5007, 6730, 4027, 4859, 4311, 3233, 4112, 2933, 3501, 2667, 4902, 5448, 4338, 1566, 5905, 2219, 2956, 6142, 953, 5341, 3693, 9733, 3915, 1286, 2561, 2822, 1886, 4683, 5791, 6828, 3115, 5601, 3562, 2929, 5947, 5702, 3893, 5249, 2960, 5426, 5480, 3368, 2982, 3115, 3795, 2558, 1397, 5958, 7885, 2184, 3703, 2019, 2155, 3186, 2273, 5485, 4783, 5806, 3166, 7116, 4449, 2496, 2000, 3055, 3974, 4812, 6567, 2588, 2576, 3221, 6009, 3012, 3210, 4513, 6008, 6791, 17016, 3401, 3867, 2672, 4170, 7215, 3943, 3694, 2414, 5027, 5031, 2463, 3985, 4513, 2725, 8157, 2615, 4638, 2880, 2143, 6550, 3177, 4210, 4101, 10416, 2758, 9087, 3083, 2574, 5982, 2563, 2784, 4847, 7576, 6257, 2853, 5932, 7619, 2453, 5360, 4649, 3092, 3388, 2959, 5194, 4987, 3966, 2387, 3041, 1776, 4764, 4057, 3856, 3159, 8939, 2870, 7697, 3531, 1934, 2730, 1893, 3312, 3824, 5273, 3773, 1535, 4089, 3589, 3171, 7296, 2711, 7928, 3578, 2148, 3274, 4134, 4145, 7410, 3238, 11957, 4138, 1661, 3287, 2469, 3600, 7759, 1596, 8860, 6152, 1535, 3271, 2754, 5813, 5095, 8203, 3174, 3891, 3730, 6515, 3000, 3969, 6033, 3005, 6761, 4802, 3252, 4280, 3305, 1916, 5283, 3635, 8042, 6339, 1380, 1519, 3430, 1327, 2857, 4933, 2097, 1875, 2642, 4100, 1959, 2566, 3088, 7103, 2599, 3503, 2287, 1298, 3708, 4355, 6553, 5064, 611, 1377, 4970, 3037, 2081, 1928, 1635, 1825, 4229, 3607, 2822, 2034, 2214, 1913, 3896, 3491, 3173, 6038, 2381, 3574, 2850, 1871, 1109, 1631, 3822, 3329, 5952, 5370, 2552, 5097, 3251, 5680, 3696, 5078)
(37, 186): Mean: 4051.064, median: 3621.5, std: 2032.241, percent: 3966.64, B: 129, W: 121, 
	(3016, 2936, 3579, 4435, 4446, 6365, 9088, 3382, 4118, 4343, 3262, 3526, 2656, 2935, 3119, 5291, 5519, 3579, 1437, 5388, 2215, 2493, 6041, 990, 7086, 3592, 9291, 4073, 1111, 2166, 2915, 1723, 5514, 5493, 5733, 2986, 4808, 3868, 3152, 5421, 6532, 4171, 6041, 3011, 4659, 6223, 3046, 3023, 2980, 4496, 2381, 1521, 4427, 9149, 2467, 3602, 2036, 2022, 3164, 2422, 5872, 4104, 6020, 2820, 5700, 4794, 2350, 2240, 3192, 4455, 5124, 5919, 2774, 3035, 3594, 7556, 3651, 2917, 4963, 5632, 7802, 12988, 4149, 4797, 3108, 4340, 7208, 4052, 3665, 2676, 4572, 5403, 2561, 3809, 4230, 2703, 7352, 2194, 4461, 2722, 2160, 5390, 3876, 4658, 4240, 9725, 2711, 7883, 3117, 3102, 6276, 2251, 2554, 4282, 5519, 6292, 2753, 5368, 6643, 2474, 4186, 4647, 2766, 3481, 3097, 4198, 4655, 4149, 2836, 2551, 1814, 4776, 3707, 3428, 3562, 8348, 2857, 5908, 4130, 1799, 2395, 1702, 3436, 3641, 5125, 4391, 1555, 4498, 3460, 3066, 5884, 2539, 8851, 3682, 2038, 3249, 4579, 4786, 7127, 3083, 15963, 4390, 1608, 3303, 2255, 3587, 8229, 1695, 9943, 4667, 1819, 3033, 3454, 5591, 5179, 7888, 3554, 4513, 3600, 8345, 3767, 3448, 5377, 2740, 6712, 4658, 3746, 3957, 3281, 2150, 4897, 3084, 7174, 4638, 1387, 1474, 3082, 1225, 2858, 5537, 2126, 2083, 2485, 4274, 1874, 2282, 3577, 8314, 2554, 3669, 2192, 1293, 3320, 4483, 6399, 4184, 540, 1313, 3851, 3796, 2042, 1875, 1684, 2062, 4965, 3898, 2414, 2025, 2326, 2099, 3429, 4180, 2979, 5681, 2610, 3220, 3210, 1995, 1158, 1659, 4280, 3523, 6962, 5533, 2476, 4060, 3749, 6020, 4270, 4741)
(43, 217): Mean: 4038.604, median: 3586.5, std: 1944.935, percent: 4057.72, B: 130, W: 119, 
	(3675, 2927, 3887, 4233, 3863, 5576, 7555, 3794, 3946, 4033, 2898, 3580, 2842, 3933, 3007, 4525, 4848, 3242, 1566, 6076, 2162, 2782, 5275, 882, 6896, 3586, 9215, 3816, 1211, 2365, 3150, 1905, 5629, 5699, 6718, 3472, 5168, 3471, 2995, 5307, 6586, 3586, 5456, 3100, 4598, 6045, 3949, 3137, 3083, 4534, 2454, 1336, 5001, 7661, 2240, 3417, 1836, 2472, 3887, 2558, 6409, 4627, 6777, 3197, 5576, 5278, 2516, 2505, 2657, 4125, 4568, 7378, 2422, 3130, 3263, 6965, 3587, 3536, 4688, 5132, 6078, 12110, 3566, 4405, 3127, 4642, 7640, 3596, 3954, 2542, 4361, 5351, 2015, 3389, 5041, 3008, 8207, 2588, 4934, 3030, 2036, 6404, 3274, 4409, 4152, 10583, 2833, 7813, 3148, 2989, 7929, 2421, 3089, 4105, 5283, 5746, 3197, 5199, 7073, 2036, 5032, 4129, 2744, 3424, 2887, 4902, 5179, 3621, 2853, 2618, 1799, 4956, 3639, 3337, 3793, 8047, 2630, 6139, 3506, 1984, 3135, 1959, 3778, 3573, 5341, 4478, 1462, 4377, 3338, 2789, 6636, 2380, 9118, 3563, 2345, 3875, 4227, 4640, 8043, 3031, 11958, 4783, 1706, 3187, 2364, 4111, 7790, 1626, 10159, 4600, 1679, 3116, 3223, 5174, 5223, 7225, 3421, 3724, 3349, 6515, 2944, 3992, 5147, 2440, 6218, 4711, 3058, 3530, 3243, 1832, 6247, 3412, 7449, 5081, 1513, 1543, 3441, 1090, 2486, 6734, 2045, 1713, 2429, 3840, 1746, 2249, 3499, 6909, 2750, 4054, 2251, 1340, 3395, 4652, 8382, 4384, 501, 1566, 3910, 2923, 2208, 1630, 1764, 1857, 4752, 4175, 2474, 1798, 2377, 2199, 3863, 3579, 2979, 6966, 2683, 3240, 2769, 1977, 1105, 1579, 4492, 3612, 6700, 4581, 2485, 4630, 3913, 5799, 3670, 4621)

Test:
No precond: Mean: 6159.52, median: 5410.5, std: 3372.651, percent: 5820.9, flag: 1 
	(5380, 8323, 5051, 7086, 4610, 5222, 4601, 2765, 6234, 4023, 3123, 10425, 3292, 8206, 6841, 4721, 4834, 7535, 5098, 6830, 4656, 3255, 7895, 6338, 5423, 5322, 5974, 9198, 7544, 5051, 7764, 5640, 2119, 7326, 5954, 4353, 6951, 8020, 2970, 5087, 2895, 6114, 7717, 5743, 8171, 5513, 6642, 4245, 2549, 1756, 6613, 3201, 7428, 8409, 5815, 4144, 5515, 3065, 2257, 9776, 5514, 4942, 9953, 5092, 6679, 6461, 4768, 7116, 7839, 5902, 6097, 4091, 7647, 7465, 2647, 2114, 6405, 3912, 5138, 2648, 2327, 3060, 6943, 5117, 5185, 4015, 7112, 3435, 13748, 11108, 25385, 2910, 11485, 4810, 5318, 5398, 7777, 2331, 4929, 8868, 4269, 4910, 3740, 3083, 5269, 5591, 10602, 1655, 4205, 2781, 3855, 10929, 6552, 3792, 7755, 12578, 5266, 17835, 5499, 5911, 4018, 9056, 5839, 15043, 4681, 4730, 8606, 4890, 7938, 5227, 4731, 7784, 4605, 6522, 8681, 3372, 3939, 5692, 13333, 6550, 6155, 6500, 3581, 4874, 6315, 9811, 9494, 4090, 3932, 3133, 3654, 4227, 6198, 5796, 5449, 6375, 15607, 6424, 6610, 4865, 6310, 13465, 4311, 5630, 5088, 4728, 9144, 4254, 15120, 3281, 8011, 7067, 1731, 6983, 4880, 4378, 8660, 5231, 8221, 14783, 4287, 2850, 4774, 5645, 6899, 9951, 4668, 20966, 7684, 6036, 7702, 5391, 6397, 3203, 11232, 2541, 3234, 4994, 2887, 12741, 5593, 5941, 3051, 4637, 10597, 7025, 6347, 3470, 3692, 5845, 3216, 1977, 9265, 2579, 8389, 2799, 2319, 5459, 4592, 2286, 4622, 9597, 2316, 3438, 11241, 4648, 24912, 5281, 6410, 4895, 5138, 5276, 5252, 6526, 3424, 5199, 7840, 6232, 8253, 6736, 12881, 4234, 4016, 3852, 3620, 3424, 2578, 4246, 5449, 7204)

Jacobi: Mean: 5180.208, median: 4531.0, std: 3052.728, percent: 4951.32, BvN: 223, WvN: 27, flag: 0 
	(3816, 5233, 4193, 6198, 4210, 3840, 4020, 2276, 6513, 3590, 2522, 9684, 2907, 7032, 4410, 3826, 3723, 6278, 3535, 6730, 3619, 3266, 6056, 5632, 5926, 4371, 4142, 5449, 5956, 4505, 5877, 5109, 1759, 5822, 4168, 3576, 8145, 6162, 2285, 5768, 2711, 5451, 4651, 6843, 7811, 4515, 4962, 3243, 1955, 1377, 5622, 2619, 6518, 5846, 3967, 3273, 3600, 2229, 1584, 7756, 4102, 3197, 7883, 4506, 6140, 5824, 3958, 7138, 6799, 5417, 6911, 3953, 4469, 5606, 2258, 2235, 4947, 3250, 5104, 2432, 2267, 2810, 6128, 3594, 3747, 3965, 7307, 3079, 11619, 9604, 10306, 2331, 9860, 3127, 4798, 5607, 5858, 2093, 4137, 8429, 4075, 3872, 4249, 2388, 5393, 5280, 7150, 1411, 3762, 2399, 2986, 7035, 4614, 3934, 6808, 11689, 6330, 15039, 3202, 4512, 3411, 12078, 4725, 12387, 4041, 3798, 6859, 3787, 7329, 4229, 4360, 7278, 3530, 5219, 7292, 3420, 3534, 4808, 6340, 4781, 6342, 5206, 2744, 5007, 4547, 7879, 7268, 3584, 3171, 2454, 3555, 3613, 5308, 5183, 3854, 4908, 19089, 5521, 5945, 4956, 4987, 11892, 3236, 4257, 3882, 4582, 6991, 2886, 12924, 2259, 7569, 5943, 1238, 5257, 4655, 4088, 6878, 4430, 8183, 18575, 3822, 2461, 3446, 5053, 5632, 7382, 4693, 18313, 5594, 4826, 5960, 4774, 5014, 2306, 8735, 1925, 2577, 4491, 2281, 12499, 4830, 5315, 2248, 3503, 6713, 5106, 6499, 2591, 2781, 5567, 3003, 1429, 8415, 2576, 7538, 2873, 1869, 3574, 4140, 1548, 3581, 8731, 1936, 3180, 11040, 3889, 25910, 3314, 4591, 5747, 5073, 3748, 4019, 6005, 3335, 3632, 7429, 5283, 7275, 5068, 10456, 2859, 3076, 3275, 2687, 2575, 1624, 3259, 4599, 4317)

Last: Mean: 4002.652, median: 3504.5, std: 2087.806, percent: 3836.78, BvN: 249, WvN: 1, BvJ: 243, WvJ: 7, flag: 0 
	(3426, 4473, 3174, 4345, 3992, 3437, 3240, 1741, 4178, 2951, 1888, 9770, 2254, 5131, 3424, 2677, 3476, 4528, 3181, 4919, 2942, 2304, 4579, 4879, 4660, 3949, 3800, 3617, 4519, 3093, 4716, 3357, 1421, 5728, 3196, 2946, 6409, 4316, 1897, 3152, 1951, 3832, 4609, 3863, 5298, 3896, 3210, 3098, 1551, 1149, 4414, 2110, 4879, 5099, 2868, 2140, 2892, 2155, 1264, 5999, 3149, 2858, 7862, 3339, 5569, 4381, 3613, 6705, 5338, 3950, 4808, 2934, 3534, 4541, 1670, 1440, 4250, 2717, 3966, 1748, 1790, 2159, 4490, 2921, 2558, 2368, 5118, 2523, 9262, 7222, 8372, 1855, 11283, 3218, 3227, 3952, 5650, 1616, 3078, 7246, 2720, 3489, 2802, 2018, 3598, 3298, 6577, 1011, 2894, 1886, 2467, 5626, 4010, 2622, 6629, 8170, 3536, 10329, 3141, 3223, 3092, 5280, 3851, 10846, 2591, 2862, 4747, 2460, 4559, 3148, 3505, 5217, 3100, 4437, 5433, 2344, 2795, 4392, 4769, 4085, 4429, 3552, 2520, 5045, 3312, 7414, 5550, 2693, 3112, 1889, 2690, 2785, 3152, 4793, 2699, 4017, 11037, 3939, 4796, 3486, 3888, 9237, 3189, 3160, 3420, 3117, 5848, 2734, 12859, 1995, 6604, 5243, 904, 4040, 4152, 2506, 4937, 3640, 5939, 8730, 3369, 1952, 2463, 3524, 4024, 5175, 3647, 12335, 5444, 3389, 6092, 4430, 4428, 2049, 8264, 1506, 1957, 2544, 2022, 7960, 3569, 4051, 2007, 3120, 6845, 4672, 4585, 2593, 1902, 4893, 2113, 1104, 6683, 2067, 4977, 2123, 1483, 3554, 2967, 1309, 2838, 6964, 1531, 2266, 8463, 3812, 10748, 3055, 3567, 4289, 4554, 3291, 3445, 5011, 2366, 2787, 5021, 3587, 5815, 3504, 7928, 2360, 2275, 2502, 2438, 1898, 1457, 2888, 3866, 4093)

Best: Mean: 4002.652, median: 3504.5, std: 2087.806, percent: 3836.78, BvN: 249, WvN: 1, BvJ: 243, WvJ: 7, flag: 0 
	(3426, 4473, 3174, 4345, 3992, 3437, 3240, 1741, 4178, 2951, 1888, 9770, 2254, 5131, 3424, 2677, 3476, 4528, 3181, 4919, 2942, 2304, 4579, 4879, 4660, 3949, 3800, 3617, 4519, 3093, 4716, 3357, 1421, 5728, 3196, 2946, 6409, 4316, 1897, 3152, 1951, 3832, 4609, 3863, 5298, 3896, 3210, 3098, 1551, 1149, 4414, 2110, 4879, 5099, 2868, 2140, 2892, 2155, 1264, 5999, 3149, 2858, 7862, 3339, 5569, 4381, 3613, 6705, 5338, 3950, 4808, 2934, 3534, 4541, 1670, 1440, 4250, 2717, 3966, 1748, 1790, 2159, 4490, 2921, 2558, 2368, 5118, 2523, 9262, 7222, 8372, 1855, 11283, 3218, 3227, 3952, 5650, 1616, 3078, 7246, 2720, 3489, 2802, 2018, 3598, 3298, 6577, 1011, 2894, 1886, 2467, 5626, 4010, 2622, 6629, 8170, 3536, 10329, 3141, 3223, 3092, 5280, 3851, 10846, 2591, 2862, 4747, 2460, 4559, 3148, 3505, 5217, 3100, 4437, 5433, 2344, 2795, 4392, 4769, 4085, 4429, 3552, 2520, 5045, 3312, 7414, 5550, 2693, 3112, 1889, 2690, 2785, 3152, 4793, 2699, 4017, 11037, 3939, 4796, 3486, 3888, 9237, 3189, 3160, 3420, 3117, 5848, 2734, 12859, 1995, 6604, 5243, 904, 4040, 4152, 2506, 4937, 3640, 5939, 8730, 3369, 1952, 2463, 3524, 4024, 5175, 3647, 12335, 5444, 3389, 6092, 4430, 4428, 2049, 8264, 1506, 1957, 2544, 2022, 7960, 3569, 4051, 2007, 3120, 6845, 4672, 4585, 2593, 1902, 4893, 2113, 1104, 6683, 2067, 4977, 2123, 1483, 3554, 2967, 1309, 2838, 6964, 1531, 2266, 8463, 3812, 10748, 3055, 3567, 4289, 4554, 3291, 3445, 5011, 2366, 2787, 5021, 3587, 5815, 3504, 7928, 2360, 2275, 2502, 2438, 1898, 1457, 2888, 3866, 4093)

Last Coef List
{1: array([-0.06483001]), -1: array([-0.06358412])}

Best Coef List
{1: array([-0.06483001]), -1: array([-0.06358412])}

Run time: 8712.739435790107
